Home_Team,Home_Lineup,Away_Team,Away_Lineup,Games,Total_Seconds,Minutes,Possessions,Home_PTS,Home_FGM,Home_FGA,Home_FG%,Home_3PM,Home_3PA,Home_3P%,Home_FTM,Home_FTA,Home_FT%,Home_OREB,Home_DREB,Home_REB,Home_AST,Home_STL,Home_BLK,Home_TOV,Home_PF,Away_PTS,Away_FGM,Away_FGA,Away_FG%,Away_3PM,Away_3PA,Away_3P%,Away_FTM,Away_FTA,Away_FT%,Away_OREB,Away_DREB,Away_REB,Away_AST,Away_STL,Away_BLK,Away_TOV,Away_PF,Home_POSS,Away_POSS,Home_OFF_RTG,Home_DEF_RTG,Home_NET_RTG,Away_OFF_RTG,Away_DEF_RTG,Away_NET_RTG,Point_Diff,Home_RIM_ATT,Home_RIM_MADE,Home_RIM%,Home_OTD_2PT_ATT,Home_OTD_2PT_MADE,Home_OTD_2PT%,Home_OTD_3PT_ATT,Home_OTD_3PT_MADE,Home_OTD_3PT%,Away_RIM_ATT,Away_RIM_MADE,Away_RIM%,Away_OTD_2PT_ATT,Away_OTD_2PT_MADE,Away_OTD_2PT%,Away_OTD_3PT_ATT,Away_OTD_3PT_MADE,Away_OTD_3PT%,Home_PASS_TO,Home_DRIBBLE_TO,Home_DEFENSE_TO,Home_MISC_TO,Away_PASS_TO,Away_DRIBBLE_TO,Away_DEFENSE_TO,Away_MISC_TO,Home_2ND_CHANCE_PTS,Home_FAST_BREAK_PTS,Home_PTS_OFF_TOV,Away_2ND_CHANCE_PTS,Away_FAST_BREAK_PTS,Away_PTS_OFF_TOV
Derby College Trailblazers EABL,"C. Burr, E. Norman, E. Rice, R. Hobday, W. Tallon",BMET City of Birmingham Rockets EABL,"G. Angoy, J. Agbeze, J. Hyland, L. Duru, P. Basioudis",1,871,14.5,29.3,32,12,27,44.4,3,11,27.3,5,5,100,4,9,13,12,2,0,4,6,34,14,24,58.3,3,7,42.9,3,6,50,2,11,13,8,2,1,5,7,28.9,29.7,110.7,114.5,-3.8,114.5,110.7,3.8,-2,0,0,0,0,0,0,0,0,0,0,0,0,0,0,0,0,0,0,0,0,0,0,0,0,0,0,0,0,0,0,0,0
Charnwood College Riders EABL,"D. Hanousek, L. Stevenson, R. Buckingham, T. Curran, Z. Gleadell-Smith",Manchester Magic Academy EABL,"H. Blake, J. Odongo, N. Brown, O. Babalola, T. Kamal Kazmi",1,646,10.8,21.3,13,6,20,30,1,7,14.3,0,0,0,3,7,10,2,3,1,3,2,21,9,16,56.2,1,4,25,2,4,50,1,10,11,6,2,0,6,2,19.5,22.8,66.5,92,-25.5,92,66.5,25.5,-8,0,0,0,0,0,0,0,0,0,0,0,0,0,0,0,0,0,0,0,0,0,0,0,0,0,0,0,0,0,0,0,0
Oaklands Wolves EABL,"D. Gladstone, D. Kostadinov, E. Da Cruz Fatuda, G. Mitchell, L. Mcintosh",City of London Academy - Southwark EABL,"A. Nwokolo, D. Banjoko, D. Banjoko, J. Hannick, T. Gass",1,623,10.4,21.1,13,6,20,30,0,6,0,1,2,50,5,13,18,1,1,1,4,3,19,8,23,34.8,1,8,12.5,2,4,50,4,10,14,6,4,5,1,3,19.9,22.0,65.4,86.4,-21.1,86.4,65.4,21.1,-6,0,0,0,0,0,0,0,0,0,0,0,0,0,0,0,0,0,0,0,0,0,0,0,0,0,0,0,0,0,0,0,0
Oaklands Wolves EABL,"D. Gladstone, D. Kostadinov, E. Da Cruz Fatuda, G. Mitchell, L. Mcintosh",Copleston High School EABL,"A. Hickey, I. Little, M. Liddamore, N. Wilkinson, T. Rafiu",1,547,9.1,18.9,32,14,26,53.8,4,7,57.1,0,1,0,10,12,22,8,1,0,3,0,10,4,17,23.5,2,10,20,0,0,0,0,2,2,4,2,3,2,3,18.7,19.0,170.8,52.6,118.1,52.6,170.8,-118.1,22,0,0,0,0,0,0,0,0,0,0,0,0,0,0,0,0,0,0,0,0,0,0,0,0,0,0,0,0,0,0,0,0
BMET City of Birmingham Rockets EABL,"G. Angoy, J. Agbeze, J. Hyland, L. Duru, P. Basioudis",Copleston High School EABL,"C. Fobister, I. Little, M. Liddamore, N. Wilkinson, T. Rafiu",1,472,7.9,18.3,18,6,19,31.6,3,6,50,3,5,60,6,5,11,7,3,1,3,3,23,9,16,56.2,4,8,50,1,2,50,3,8,11,7,2,0,4,3,18.2,18.1,98.7,127.3,-28.6,127.3,98.7,28.6,-5,0,0,0,0,0,0,0,0,0,0,0,0,0,0,0,0,0,0,0,0,0,0,0,0,0,0,0,0,0,0,0,0
Myerscough College EABL,"A. Ibirinde, C. Sanchez Falette, H. Sheehan, O. Esingle, S. Latidan",Derby College Trailblazers EABL,"C. Burr, E. Norman, E. Rice, R. Hobday, W. Tallon",1,463,7.7,17.5,30,11,20,55,5,10,50,3,4,75,3,11,14,10,4,2,0,1,2,1,12,8.3,0,5,0,0,0,0,0,6,6,1,0,1,4,2,18.6,16.0,161.7,12.5,149.2,12.5,161.7,-149.2,28,0,0,0,0,0,0,0,0,0,0,0,0,0,0,0,0,0,0,0,0,0,0,0,0,0,0,0,0,0,0,0,0
SGS College EABL,"D. Lloyd, I. Toure, K. Ramirez Mora, L. Matthews, M. Perez Tosca",Copleston High School EABL,"C. Fobister, I. Little, M. Liddamore, N. Wilkinson, T. Rafiu",1,515,8.6,16.6,17,6,13,46.2,2,4,50,3,4,75,3,9,12,1,1,1,5,1,15,7,21,33.3,0,4,0,1,2,50,5,3,8,2,0,2,1,5,16.0,17.5,106.2,85.6,20.6,85.6,106.2,-20.6,2,0,0,0,0,0,0,0,0,0,0,0,0,0,0,0,0,0,0,0,0,0,0,0,0,0,0,0,0,0,0,0,0
Barking Abbey EABL,"A. Maitland, A. Nwabueze, J. Mendes, O. Visockas, R. Connolly",Oaklands Wolves EABL,"D. Gladstone, D. Kostadinov, E. Da Cruz Fatuda, H. Morrell, L. Mcintosh",1,494,8.2,16.5,19,7,16,43.8,3,7,42.9,2,2,100,3,8,11,5,3,0,3,2,12,4,18,22.2,1,6,16.7,3,4,75,5,4,9,3,1,3,3,1,15.8,17.0,120.6,70.6,50,70.6,120.6,-50,7,0,0,0,0,0,0,0,0,0,0,0,0,0,0,0,0,0,0,0,0,0,0,0,0,0,0,0,0,0,0,0,0
Charnwood College Riders EABL,"F. Saeed, L. Boothe, T. Curran, T. Pearson, Z. Gleadell-Smith",Oaklands Wolves EABL,"D. Gladstone, D. Kostadinov, E. Da Cruz Fatuda, G. Mitchell, L. Mcintosh",1,528,8.8,15.9,28,12,18,66.7,3,4,75,1,2,50,3,4,7,8,2,0,0,4,16,7,12,58.3,1,3,33.3,1,2,50,1,2,3,3,0,1,5,3,15.0,16.8,186.3,95.2,91.1,95.2,186.3,-91.1,12,0,0,0,0,0,0,0,0,0,0,0,0,0,0,0,0,0,0,0,0,0,0,0,0,0,0,0,0,0,0,0,0
Charnwood College Riders EABL,"A. Oyerinde, P. Kattah, R. Buckingham, S. Morris, T. Curran",Derby College Trailblazers EABL,"C. Burr, E. Norman, E. Rice, R. Hobday, W. Tallon",1,511,8.5,15.6,9,4,14,28.6,1,7,14.3,0,2,0,3,8,11,2,1,0,3,3,11,4,17,23.5,1,3,33.3,2,4,50,5,8,13,2,1,1,2,2,15.0,15.4,60.2,71.4,-11.2,71.4,60.2,11.2,-2,0,0,0,0,0,0,0,0,0,0,0,0,0,0,0,0,0,0,0,0,0,0,0,0,0,0,0,0,0,0,0,0
Manchester Magic Academy EABL,"A. Isiorho, J. Walton, L. Clayton, O. Babalola, T. Richardson",Myerscough College EABL,"C. Sanchez Falette, H. Sheehan, O. Esingle, S. Laditan, Z. Trezvant",1,309,5.2,15.5,9,4,13,30.8,0,3,0,1,1,100,2,1,3,3,4,2,5,2,14,6,8,75,0,0,0,2,4,50,0,5,5,4,4,1,5,3,15.7,14.8,57.4,94.9,-37.5,94.9,57.4,37.5,-5,0,0,0,0,0,0,0,0,0,0,0,0,0,0,0,0,0,0,0,0,0,0,0,0,0,0,0,0,0,0,0,0
BMET City of Birmingham Rockets EABL,"G. Angoy, I. Gisbourne, J. Hyland, L. Duru, P. Basioudis",SGS College EABL,"D. Lloyd, I. Toure, K. Ramirez Mora, M. Perez Tosca, S. Nelson",1,330,5.5,14.7,14,6,11,54.5,1,2,50,1,2,50,1,6,7,2,1,0,5,2,13,4,12,33.3,4,6,66.7,1,2,50,1,4,5,3,1,1,2,2,15.8,13.7,88.6,95.2,-6.6,95.2,88.6,6.6,1,0,0,0,0,0,0,0,0,0,0,0,0,0,0,0,0,0,0,0,0,0,0,0,0,0,0,0,0,0,0,0,0
Itchen College EABL,"B. Cope, D. Cimochowski, E. Lotriet, E. Round, J. Ofman",Charnwood College Riders EABL,"D. Hanousek, F. Saeed, P. Kattah, T. Curran, Z. Gleadell-Smith",1,422,7.0,14.7,12,5,14,35.7,1,7,14.3,1,2,50,1,6,7,5,2,0,1,4,10,3,9,33.3,1,3,33.3,3,5,60,1,7,8,3,0,2,5,4,14.7,15.3,81.8,65.4,16.3,65.4,81.8,-16.3,2,0,0,0,0,0,0,0,0,0,0,0,0,0,0,0,0,0,0,0,0,0,0,0,0,0,0,0,0,0,0,0,0
Oaklands Wolves EABL,"D. Kostadinov, E. Da Cruz Fatuda, G. Mitchell, H. Morrell, L. Mcintosh",Itchen College EABL,"B. Cope, D. Cimochowski, E. Lotriet, E. Round, J. Ofman",1,372,6.2,14.3,14,7,13,53.8,0,4,0,0,0,0,2,3,5,3,3,2,4,1,20,9,20,45,2,6,33.3,0,0,0,8,2,10,7,3,1,3,2,13.8,14.4,101.5,138.5,-37,138.5,101.5,37,-6,0,0,0,0,0,0,0,0,0,0,0,0,0,0,0,0,0,0,0,0,0,0,0,0,0,0,0,0,0,0,0,0
City of London Academy - Southwark EABL,"A. Nwokolo, D. Banjoko, D. Banjoko, J. Hannick, T. Gass",Myerscough College EABL,"C. Sanchez Falette, O. Esingle, S. Latidan, S. Latidan, Z. Trezvant",1,454,7.6,14.2,7,2,11,18.2,1,6,16.7,2,2,100,1,1,2,2,2,0,4,3,22,9,11,81.8,1,2,50,3,5,60,2,6,8,6,1,0,2,2,14.5,13.8,48.3,159.7,-111.5,159.7,48.3,111.5,-15,0,0,0,0,0,0,0,0,0,0,0,0,0,0,0,0,0,0,0,0,0,0,0,0,0,0,0,0,0,0,0,0
BMET City of Birmingham Rockets EABL,"D. Pittaway, I. Gisbourne, J. Hyland, L. Duru, P. Basioudis",Derby College Trailblazers EABL,"C. Burr, E. Norman, J. Lemanski, L. Ngomti, M. Smith-Fjordland",1,335,5.6,14.1,6,2,10,20,1,4,25,1,4,25,3,4,7,2,0,0,5,2,20,8,15,53.3,4,7,57.1,0,1,0,3,6,9,7,4,0,2,3,13.9,14.2,43.1,140.5,-97.4,140.5,43.1,97.4,-14,0,0,0,0,0,0,0,0,0,0,0,0,0,0,0,0,0,0,0,0,0,0,0,0,0,0,0,0,0,0,0,0
Itchen College EABL,"B. Cope, D. Cimochowski, E. Lotriet, E. Round, J. Osei-Owusu",City of London Academy - Southwark EABL,"A. Nwokolo, D. Banjoko, D. Banjoko, D. Patel, T. Gass",1,423,7.0,13.8,16,7,19,36.8,2,7,28.6,0,0,0,7,2,9,1,4,0,1,1,12,6,9,66.7,0,3,0,0,2,0,1,5,6,3,0,0,6,1,12.5,14.8,127.9,81,46.9,81,127.9,-46.9,4,0,0,0,0,0,0,0,0,0,0,0,0,0,0,0,0,0,0,0,0,0,0,0,0,0,0,0,0,0,0,0,0
Derby College Trailblazers EABL,"C. Burr, E. Norman, E. Rice, R. Hobday, W. Tallon",Manchester Magic Academy EABL,"A. Sagay Isiorho, J. Walton, L. Clayton, O. Babalola, S. Sidi-Boumedine",1,401,6.7,13.7,12,4,10,40,1,4,25,3,6,50,3,4,7,4,1,0,4,2,17,8,12,66.7,1,3,33.3,0,0,0,0,4,4,5,4,0,2,3,13.9,14.0,86.4,121.4,-35,121.4,86.4,35,-5,0,0,0,0,0,0,0,0,0,0,0,0,0,0,0,0,0,0,0,0,0,0,0,0,0,0,0,0,0,0,0,0
Myerscough College EABL,"A. Ibirinde, H. Sheehan, J. Bobkowski, O. Esingle, S. Latidan",BMET City of Birmingham Rockets EABL,"G. Angoy, J. Agbeze, J. Hyland, L. Duru, P. Basioudis",1,362,6.0,13.6,18,6,12,50,2,5,40,4,5,80,3,2,5,6,4,0,2,2,9,3,10,30,1,5,20,2,2,100,1,4,5,1,2,1,5,5,13.4,13.4,133.8,67.2,66.6,67.2,133.8,-66.6,9,0,0,0,0,0,0,0,0,0,0,0,0,0,0,0,0,0,0,0,0,0,0,0,0,0,0,0,0,0,0,0,0
HHS Reading Rockets EABL,"E. Harrington, J. Waterhouse, L. Bakary, M. Daines, M. Hassan-Taylor",Oaklands Wolves EABL,"D. Gladstone, D. Kostadinov, E. Da Cruz Fatuda, G. Mitchell, L. Mcintosh",1,530,8.8,13.5,14,4,10,40,0,5,0,6,7,85.7,1,5,6,3,1,1,2,6,12,5,14,35.7,1,3,33.3,1,2,50,3,3,6,1,1,0,2,5,13.5,13.3,103.9,90.4,13.5,90.4,103.9,-13.5,2,0,0,0,0,0,0,0,0,0,0,0,0,0,0,0,0,0,0,0,0,0,0,0,0,0,0,0,0,0,0,0,0
Manchester Magic Academy EABL,"H. Blake, J. Odongo, N. Brown, O. Babalola, T. Kamal Kazmi",Myerscough College EABL,"C. Sanchez Falette, H. Sheehan, O. Esingle, S. Latidan, Z. Trezvant",1,466,7.8,13.4,16,6,13,46.2,4,6,66.7,0,0,0,1,2,3,5,2,2,2,3,20,8,20,40,3,11,27.3,1,2,50,7,6,13,6,0,0,2,2,13.9,12.9,114.9,155.1,-40.3,155.1,114.9,40.3,-4,0,0,0,0,0,0,0,0,0,0,0,0,0,0,0,0,0,0,0,0,0,0,0,0,0,0,0,0,0,0,0,0
Charnwood College Riders EABL,"D. Hanousek, L. Boothe, R. Buckingham, T. Curran, Z. Gleadell-Smith",Manchester Magic Academy EABL,"H. Blake, J. Odongo, N. Brown, O. Babalola, T. Kamal Kazmi",1,461,7.7,13.2,13,5,15,33.3,0,5,0,3,4,75,6,8,14,0,0,1,3,0,10,4,12,33.3,2,7,28.6,0,0,0,0,4,4,2,1,2,1,3,13.3,13.0,97.5,76.9,20.5,76.9,97.5,-20.5,3,0,0,0,0,0,0,0,0,0,0,0,0,0,0,0,0,0,0,0,0,0,0,0,0,0,0,0,0,0,0,0,0
City of London Academy - Southwark EABL,"B. Olowoshile, D. Banjoko, D. Patel, J. Hannick, L. Thompson",Derby College Trailblazers EABL,"C. Burr, E. Norman, E. Rice, R. Hobday, W. Tallon",1,431,7.2,13.2,9,3,15,20,1,7,14.3,2,3,66.7,4,4,8,2,0,0,2,3,10,5,13,38.5,0,6,0,0,0,0,3,6,9,3,1,0,4,5,13.2,13.3,68.3,75,-6.7,75,68.3,6.7,-1,0,0,0,0,0,0,0,0,0,0,0,0,0,0,0,0,0,0,0,0,0,0,0,0,0,0,0,0,0,0,0,0
Copleston High School EABL,"A. Hickey, I. Carty-Peters, I. Little, M. Liddamore, N. Wilkinson",Oaklands Wolves EABL,"D. Gladstone, D. Kostadinov, E. Da Cruz Fatuda, G. Mitchell, L. Mcintosh",1,347,5.8,13.0,14,5,10,50,3,7,42.9,1,1,100,0,5,5,4,1,0,2,4,10,5,12,41.7,0,3,0,0,1,0,3,5,8,0,0,1,4,3,12.4,13.6,112.5,73.4,39.2,73.4,112.5,-39.2,4,0,0,0,0,0,0,0,0,0,0,0,0,0,0,0,0,0,0,0,0,0,0,0,0,0,0,0,0,0,0,0,0
Itchen College EABL,"B. Cope, D. Cimochowski, E. Lotriet, E. Round, J. Ofman",Oaklands Wolves EABL,"D. Gladstone, D. Kostadinov, E. Da Cruz Fatuda, G. Mitchell, L. Mcintosh",1,521,8.7,13.0,22,9,19,47.4,1,5,20,3,4,75,7,5,12,6,1,1,1,2,13,5,16,31.2,2,5,40,1,4,25,5,2,7,2,0,0,1,5,13.4,12.9,163.7,101,62.7,101,163.7,-62.7,9,0,0,0,0,0,0,0,0,0,0,0,0,0,0,0,0,0,0,0,0,0,0,0,0,0,0,0,0,0,0,0,0
Charnwood College Riders EABL,"P. Kattah, R. Buckingham, S. Morris, T. Curran, T. Pearson",SGS College EABL,"D. Lloyd, I. Toure, K. Ramirez Mora, M. Perez Tosca, S. Nelson",1,378,6.3,12.9,14,6,13,46.2,2,4,50,0,3,0,4,3,7,4,1,0,3,2,15,5,10,50,3,4,75,2,2,100,1,4,5,3,1,2,2,3,13.6,11.5,103.1,130,-26.8,130,103.1,26.8,-1,0,0,0,0,0,0,0,0,0,0,0,0,0,0,0,0,0,0,0,0,0,0,0,0,0,0,0,0,0,0,0,0
BMET City of Birmingham Rockets EABL,"G. Angoy, J. Agbeze, J. Hyland, L. Duru, P. Basioudis",Charnwood College Riders EABL,"D. Hanousek, L. Stevenson, R. Buckingham, T. Curran, Z. Gleadell-Smith",1,387,6.5,12.9,13,6,14,42.9,0,1,0,1,2,50,4,0,4,1,3,1,3,2,13,6,13,46.2,1,5,20,0,0,0,3,5,8,4,2,3,5,3,14.1,10.5,92.4,123.7,-31.3,123.7,92.4,31.3,0,0,0,0,0,0,0,0,0,0,0,0,0,0,0,0,0,0,0,0,0,0,0,0,0,0,0,0,0,0,0,0,0
Copleston High School EABL,"C. Fobister, I. Little, M. Liddamore, N. Wilkinson, T. Rafiu",Itchen College EABL,"B. Cope, E. Lotriet, E. Round, J. Ofman, M. Yeates",1,297,5.0,12.9,0,0,8,0,0,5,0,0,0,0,0,4,4,0,1,0,5,4,14,5,12,41.7,2,8,25,2,2,100,2,8,10,4,3,0,2,0,13.0,12.4,0,113.1,-113.1,113.1,0,113.1,-14,0,0,0,0,0,0,0,0,0,0,0,0,0,0,0,0,0,0,0,0,0,0,0,0,0,0,0,0,0,0,0,0
Barking Abbey EABL,"H. Parkin, J. Mendes, K. Mabaya, M. Filho, R. Connolly",City of London Academy - Southwark EABL,"A. Nwokolo, D. Banjoko, D. Banjoko, J. Hannick, T. Gass",1,386,6.4,12.8,10,3,7,42.9,1,2,50,3,4,75,2,1,3,2,4,1,5,5,15,4,9,44.4,1,3,33.3,6,8,75,2,2,4,2,4,2,5,2,11.6,14.0,86.1,107.5,-21.4,107.5,86.1,21.4,-5,0,0,0,0,0,0,0,0,0,0,0,0,0,0,0,0,0,0,0,0,0,0,0,0,0,0,0,0,0,0,0,0
Manchester Magic Academy EABL,"A. Sagay Isiorho, H. Blake, J. Walton, O. Babalola, T. Richardson",Myerscough College EABL,"C. Sanchez Falette, J. Bobkowski, O. Esingle, S. Latidan, Z. Trezvant",1,319,5.3,12.7,18,7,13,53.8,2,5,40,2,3,66.7,2,1,3,5,3,1,2,1,11,4,7,57.1,1,2,50,2,4,50,3,2,5,5,2,2,6,2,13.1,12.4,137.3,89.1,48.2,89.1,137.3,-48.2,7,0,0,0,0,0,0,0,0,0,0,0,0,0,0,0,0,0,0,0,0,0,0,0,0,0,0,0,0,0,0,0,0
Manchester Magic Academy EABL,"J. Walton, N. Brown, O. Babalola, T. Kamal Kazmi, T. Richardson",Derby College Trailblazers EABL,"C. Burr, E. Rice, J. Lemanski, R. Hobday, W. Tallon",1,382,6.4,12.6,15,7,16,43.8,1,2,50,0,0,0,4,4,8,2,2,1,1,2,15,7,12,58.3,1,2,50,0,2,0,2,4,6,5,0,1,2,0,12.2,13.1,123.1,114.5,8.6,114.5,123.1,-8.6,0,0,0,0,0,0,0,0,0,0,0,0,0,0,0,0,0,0,0,0,0,0,0,0,0,0,0,0,0,0,0,0,0
Derby College Trailblazers EABL,"C. Burr, E. Norman, E. Rice, R. Hobday, W. Tallon",SGS College EABL,"D. Lloyd, I. Toure, K. Ramirez Mora, M. Perez Tosca, S. Nelson",1,416,6.9,12.5,17,7,14,50,1,4,25,2,3,66.7,3,6,9,6,1,0,2,0,8,4,12,33.3,0,4,0,0,0,0,2,4,6,0,1,3,1,6,14.1,10.9,120.5,73.7,46.8,73.7,120.5,-46.8,9,0,0,0,0,0,0,0,0,0,0,0,0,0,0,0,0,0,0,0,0,0,0,0,0,0,0,0,0,0,0,0,0
Myerscough College EABL,"C. Sanchez Falette, H. Sheehan, O. Esingle, S. Latidan, Z. Trezvant",Barking Abbey EABL,"A. Maitland, J. Mendes, K. Mabaya, O. Visockas, R. Connolly",1,375,6.2,12.5,9,3,9,33.3,1,5,20,2,2,100,3,3,6,3,2,1,7,2,9,4,11,36.4,0,2,0,1,2,50,3,2,5,1,5,0,5,3,13.0,13.1,69.1,68.5,0.6,68.5,69.1,-0.6,0,0,0,0,0,0,0,0,0,0,0,0,0,0,0,0,0,0,0,0,0,0,0,0,0,0,0,0,0,0,0,0,0
Copleston High School EABL,"C. Fobister, I. Little, M. Liddamore, N. Wilkinson, T. Rafiu",City of London Academy - Southwark EABL,"A. Nwokolo, D. Banjoko, D. Banjoko, D. Patel, L. Thompson",1,361,6.0,12.4,12,4,9,44.4,3,5,60,1,1,100,1,1,2,3,1,0,5,2,17,8,16,50,0,3,0,1,2,50,7,3,10,3,3,0,2,1,13.1,11.4,91.6,149.3,-57.7,149.3,91.6,57.7,-5,0,0,0,0,0,0,0,0,0,0,0,0,0,0,0,0,0,0,0,0,0,0,0,0,0,0,0,0,0,0,0,0
Manchester Magic Academy EABL,"H. Blake, J. Odongo, O. Babalola, S. Sidi-Boumedine, T. Kamal Kazmi",BMET City of Birmingham Rockets EABL,"B. Rose, G. Angoy, J. Agbeze, J. Hyland, L. Duru",1,286,4.8,12.3,14,6,10,60,2,4,50,0,0,0,2,2,4,3,5,0,5,1,6,3,6,50,0,3,0,0,1,0,0,1,1,3,3,0,6,0,12.1,12.4,115.3,48.2,67,48.2,115.3,-67,8,0,0,0,0,0,0,0,0,0,0,0,0,0,0,0,0,0,0,0,0,0,0,0,0,0,0,0,0,0,0,0,0
City of London Academy - Southwark EABL,"A. Nwokolo, D. Banjoko, L. Thompson, R. Testfay, T. Gass",Barking Abbey EABL,"A. Maitland, J. Mendes, K. Mabaya, M. Filho, R. Connolly",1,330,5.5,12.2,10,4,5,80,0,1,0,2,2,100,0,5,5,1,3,0,6,0,7,3,11,27.3,1,5,20,0,0,0,2,1,3,2,5,0,4,4,11.9,12.6,84.2,55.8,28.4,55.8,84.2,-28.4,3,0,0,0,0,0,0,0,0,0,0,0,0,0,0,0,0,0,0,0,0,0,0,0,0,0,0,0,0,0,0,0,0
Charnwood College Riders EABL,"A. Oyerinde, P. Kattah, R. Buckingham, T. Curran, Z. Gleadell-Smith",BMET City of Birmingham Rockets EABL,"G. Angoy, J. Agbeze, J. Hyland, L. Duru, P. Basioudis",1,383,6.4,12.2,12,3,11,27.3,0,2,0,6,8,75,3,5,8,2,2,0,2,1,7,3,12,25,1,5,20,0,0,0,2,4,6,1,1,0,2,4,12.9,11.2,93.4,62.2,31.1,62.2,93.4,-31.1,5,0,0,0,0,0,0,0,0,0,0,0,0,0,0,0,0,0,0,0,0,0,0,0,0,0,0,0,0,0,0,0,0
HHS Reading Rockets EABL,"E. Harrington, J. Waterhouse, L. Bakary, M. Daines, M. Hassan-Taylor",SGS College EABL,"D. Lloyd, I. Toure, K. Ramirez Mora, L. Matthews, M. Perez Tosca",1,343,5.7,12.0,12,6,10,60,0,1,0,0,0,0,1,3,4,1,3,3,3,0,9,4,11,36.4,1,6,16.7,0,0,0,1,1,2,3,3,1,4,1,10.9,13.1,110.5,68.6,41.9,68.6,110.5,-41.9,3,0,0,0,0,0,0,0,0,0,0,0,0,0,0,0,0,0,0,0,0,0,0,0,0,0,0,0,0,0,0,0,0
Oaklands Wolves EABL,"D. Gladstone, D. Kostadinov, E. Da Cruz Fatuda, G. Mitchell, L. Mcintosh",HHS Reading Rockets EABL,"E. Harrington, J. Waterhouse, M. Daines, M. Hassan-Taylor, N. Dent",1,352,5.9,11.9,9,4,10,40,1,3,33.3,0,1,0,3,5,8,1,2,0,4,1,9,4,10,40,1,5,20,0,0,0,1,4,5,2,1,0,3,2,11.7,11.9,77,75.4,1.6,75.4,77,-1.6,0,0,0,0,0,0,0,0,0,0,0,0,0,0,0,0,0,0,0,0,0,0,0,0,0,0,0,0,0,0,0,0,0
BMET City of Birmingham Rockets EABL,"B. Rose, G. Angoy, J. Agbeze, L. Duru, P. Basioudis",Manchester Magic Academy EABL,"H. Blake, J. Walton, N. Brown, O. Babalola, T. Kamal Kazmi",1,325,5.4,11.5,4,2,7,28.6,0,1,0,0,0,0,0,4,4,0,2,0,4,0,12,6,10,60,0,2,0,0,0,0,0,4,4,3,3,0,2,1,11.0,12.0,36.4,100,-63.6,100,36.4,63.6,-8,0,0,0,0,0,0,0,0,0,0,0,0,0,0,0,0,0,0,0,0,0,0,0,0,0,0,0,0,0,0,0,0
Myerscough College EABL,"A. Cisse, A. Ibirinde, F. Morgan, J. Bobkowski, L. Farrell",Derby College Trailblazers EABL,"E. Norman, G. Pastor, K. Zidonis, R. Hobday, W. Tallon",1,238,4.0,11.4,10,4,11,36.4,1,6,16.7,1,1,100,3,4,7,2,0,0,3,5,18,5,9,55.6,2,3,66.7,6,7,85.7,0,3,3,4,1,0,0,1,10.7,12.1,93.5,149,-55.5,149,93.5,55.5,-8,0,0,0,0,0,0,0,0,0,0,0,0,0,0,0,0,0,0,0,0,0,0,0,0,0,0,0,0,0,0,0,0
Manchester Magic Academy EABL,"J. Walton, L. Clayton, O. Babalola, T. Kamal Kazmi, T. Richardson",Itchen College EABL,"B. Cope, D. Cimochowski, E. Lotriet, E. Round, J. Ofman",1,292,4.9,11.3,10,5,10,50,0,2,0,0,0,0,1,4,5,1,1,3,3,2,13,5,10,50,3,4,75,0,0,0,0,3,3,3,3,0,1,0,11.7,11.0,85.7,118.2,-32.4,118.2,85.7,32.4,-3,0,0,0,0,0,0,0,0,0,0,0,0,0,0,0,0,0,0,0,0,0,0,0,0,0,0,0,0,0,0,0,0
BMET City of Birmingham Rockets EABL,"G. Angoy, J. Agbeze, J. Hyland, L. Duru, P. Basioudis",Myerscough College EABL,"C. Sanchez Falette, H. Sheehan, O. Esingle, S. Latidan, Z. Trezvant",1,281,4.7,11.2,16,6,7,85.7,2,3,66.7,2,4,50,0,3,3,4,0,1,3,2,17,6,10,60,2,5,40,3,4,75,1,1,2,6,3,0,0,5,11.8,10.7,136.1,159,-23,159,136.1,23,-1,0,0,0,0,0,0,0,0,0,0,0,0,0,0,0,0,0,0,0,0,0,0,0,0,0,0,0,0,0,0,0,0
SGS College EABL,"I. Toure, K. Ramirez Mora, L. Matthews, M. Perez Tosca, S. Nelson",Derby College Trailblazers EABL,"C. Burr, E. Norman, E. Rice, L. Ngomti, R. Hobday",1,293,4.9,10.7,18,6,8,75,3,3,100,3,4,75,0,3,3,5,1,2,1,1,13,6,11,54.5,1,3,33.3,0,0,0,1,2,3,5,1,0,1,2,10.8,10.7,167.3,121.9,45.4,121.9,167.3,-45.4,5,0,0,0,0,0,0,0,0,0,0,0,0,0,0,0,0,0,0,0,0,0,0,0,0,0,0,0,0,0,0,0,0
Itchen College EABL,"B. Cope, D. Cimochowski, E. Lotriet, E. Round, J. Ofman",Barking Abbey EABL,"A. Maitland, J. Mendes, K. Mabaya, M. Filho, R. Connolly",1,333,5.5,10.7,6,2,9,22.2,0,3,0,2,2,100,2,5,7,2,1,1,3,0,11,4,9,44.4,3,3,100,0,0,0,0,4,4,4,2,0,2,1,10.4,11.0,57.8,100,-42.2,100,57.8,42.2,-5,0,0,0,0,0,0,0,0,0,0,0,0,0,0,0,0,0,0,0,0,0,0,0,0,0,0,0,0,0,0,0,0
Manchester Magic Academy EABL,"A. Isiorho, J. Odongo, J. Walton, O. Babalola, S. Sidi-Boumedine",Myerscough College EABL,"C. Sanchez Falette, H. Sheehan, O. Esingle, S. Laditan, Z. Trezvant",1,335,5.6,10.5,9,4,9,44.4,1,4,25,0,0,0,2,2,4,3,1,0,3,2,12,6,17,35.3,0,4,0,0,1,0,7,3,10,1,2,0,3,1,9.9,11.3,91.3,106.3,-15.1,106.3,91.3,15.1,-3,0,0,0,0,0,0,0,0,0,0,0,0,0,0,0,0,0,0,0,0,0,0,0,0,0,0,0,0,0,0,0,0
HHS Reading Rockets EABL,"J. Waterhouse, L. Bakary, M. Daines, M. Hassan-Taylor, N. Dent",City of London Academy - Southwark EABL,"A. Nwokolo, D. Banjoko, D. Banjoko, D. Patel, T. Gass",1,314,5.2,10.4,16,7,9,77.8,2,3,66.7,0,0,0,0,3,3,7,2,0,2,5,11,4,6,66.7,1,1,100,2,4,50,0,2,2,2,1,0,2,0,11.0,9.8,145.5,112.7,32.7,112.7,145.5,-32.7,5,0,0,0,0,0,0,0,0,0,0,0,0,0,0,0,0,0,0,0,0,0,0,0,0,0,0,0,0,0,0,0,0
SGS College EABL,"D. Lloyd, I. Toure, K. Ramirez Mora, M. Perez Tosca, S. Nelson",Myerscough College EABL,"C. Sanchez Falette, H. Sheehan, J. Bobkowski, S. Latidan, Z. Trezvant",1,325,5.4,10.3,16,6,11,54.5,4,5,80,0,0,0,1,2,3,5,2,0,0,1,6,3,6,50,0,2,0,0,0,0,1,2,3,3,0,2,6,2,9.2,10.9,173.6,54.9,118.7,54.9,173.6,-118.7,10,0,0,0,0,0,0,0,0,0,0,0,0,0,0,0,0,0,0,0,0,0,0,0,0,0,0,0,0,0,0,0,0
Manchester Magic Academy EABL,"J. Walton, L. Clayton, O. Babalola, T. Kamal Kazmi, T. Richardson",Myerscough College EABL,"C. Sanchez Falette, H. Sheehan, O. Esingle, S. Laditan, Z. Trezvant",1,250,4.2,10.3,8,4,8,50,0,3,0,0,0,0,0,6,6,2,0,1,2,3,9,3,11,27.3,1,4,25,2,2,100,1,4,5,4,2,0,0,0,10.0,10.7,80,84.5,-4.5,84.5,80,4.5,-1,0,0,0,0,0,0,0,0,0,0,0,0,0,0,0,0,0,0,0,0,0,0,0,0,0,0,0,0,0,0,0,0
BMET City of Birmingham Rockets EABL,"D. Pittaway, I. Gisbourne, J. Hyland, L. Duru, P. Basioudis",Derby College Trailblazers EABL,"C. Burr, E. Norman, G. Pastor, J. Lemanski, L. Ngomti",1,218,3.6,10.1,11,4,7,57.1,1,3,33.3,2,2,100,0,2,2,3,0,0,3,2,4,1,5,20,0,2,0,2,4,50,1,3,4,2,2,0,4,1,10.9,9.3,101.1,42.9,58.2,42.9,101.1,-58.2,7,0,0,0,0,0,0,0,0,0,0,0,0,0,0,0,0,0,0,0,0,0,0,0,0,0,0,0,0,0,0,0,0
City of London Academy - Southwark EABL,"B. Olowoshile, D. Banjoko, D. Banjoko, J. Hannick, T. Gass",Itchen College EABL,"B. Cope, D. Cimochowski, E. Lotriet, E. Round, J. Ofman",1,267,4.5,10.0,8,4,8,50,0,1,0,0,0,0,1,2,3,2,2,0,4,2,10,4,6,66.7,2,2,100,0,0,0,0,2,2,4,0,0,3,3,10.6,9.0,75.7,111.1,-35.4,111.1,75.7,35.4,-2,0,0,0,0,0,0,0,0,0,0,0,0,0,0,0,0,0,0,0,0,0,0,0,0,0,0,0,0,0,0,0,0
Copleston High School EABL,"I. Carty-Peters, I. Little, M. Liddamore, N. Wilkinson, T. Rafiu",HHS Reading Rockets EABL,"E. Harrington, J. Waterhouse, L. Bakary, M. Daines, M. Hassan-Taylor",1,236,3.9,10.0,5,2,7,28.6,0,1,0,1,1,100,0,4,4,2,3,1,2,1,2,1,8,12.5,0,3,0,0,0,0,1,5,6,1,1,0,4,1,9.4,10.5,53,19,33.9,19,53,-33.9,3,0,0,0,0,0,0,0,0,0,0,0,0,0,0,0,0,0,0,0,0,0,0,0,0,0,0,0,0,0,0,0,0
Itchen College EABL,"B. Cope, D. Cimochowski, E. Lotriet, E. Round, J. Ofman",HHS Reading Rockets EABL,"C. Okumus, J. Waterhouse, L. Bakary, M. Hassan-Taylor, N. Dent",1,225,3.8,10.0,11,5,8,62.5,1,2,50,0,0,0,0,3,3,3,4,0,2,0,3,1,4,25,1,2,50,0,0,0,0,2,2,0,2,1,6,2,10.0,10.0,110,30,80,30,110,-80,8,0,0,0,0,0,0,0,0,0,0,0,0,0,0,0,0,0,0,0,0,0,0,0,0,0,0,0,0,0,0,0,0
BMET City of Birmingham Rockets EABL,"G. Angoy, I. Gisbourne, J. Hyland, L. Duru, P. Walsh",Derby College Trailblazers EABL,"C. Burr, E. Norman, G. Pastor, J. Lemanski, W. Tallon",1,223,3.7,9.9,8,4,10,40,0,3,0,0,0,0,2,3,5,1,1,1,2,1,11,5,12,41.7,1,2,50,0,0,0,2,4,6,2,2,0,1,0,9.9,10.0,81.1,110,-28.8,110,81.1,28.8,-3,0,0,0,0,0,0,0,0,0,0,0,0,0,0,0,0,0,0,0,0,0,0,0,0,0,0,0,0,0,0,0,0
Derby College Trailblazers EABL,"C. Burr, E. Norman, E. Rice, G. Pastor, R. Hobday",Charnwood College Riders EABL,"P. Kattah, R. Buckingham, S. Morris, T. Curran, T. Pearson",1,291,4.8,9.9,12,5,6,83.3,2,3,66.7,0,0,0,0,6,6,5,0,0,4,1,8,3,11,27.3,0,3,0,2,2,100,2,1,3,1,2,0,0,0,10.0,9.7,120,82.1,37.9,82.1,120,-37.9,4,0,0,0,0,0,0,0,0,0,0,0,0,0,0,0,0,0,0,0,0,0,0,0,0,0,0,0,0,0,0,0,0
Myerscough College EABL,"C. Sanchez Falette, H. Sheehan, N. Byfield, S. Latidan, Z. Trezvant",SGS College EABL,"I. Toure, K. Ramirez Mora, L. Matthews, M. Perez Tosca, S. Nelson",1,277,4.6,9.9,16,7,10,70,2,4,50,0,0,0,1,2,3,4,4,0,2,4,3,0,6,0,0,3,0,3,4,75,3,2,5,2,0,0,5,1,10.9,8.9,146.4,33.7,112.7,33.7,146.4,-112.7,13,0,0,0,0,0,0,0,0,0,0,0,0,0,0,0,0,0,0,0,0,0,0,0,0,0,0,0,0,0,0,0,0
Derby College Trailblazers EABL,"C. Burr, E. Norman, G. Pastor, J. Howlett, W. Tallon",Charnwood College Riders EABL,"D. Hanousek, L. Stevenson, R. Buckingham, S. Morris, T. Curran",1,245,4.1,9.8,9,4,8,50,1,4,25,0,0,0,1,3,4,3,0,0,3,2,10,4,9,44.4,0,2,0,2,4,50,3,2,5,0,2,0,2,3,9.6,10.1,94,99.2,-5.1,99.2,94,5.1,-1,0,0,0,0,0,0,0,0,0,0,0,0,0,0,0,0,0,0,0,0,0,0,0,0,0,0,0,0,0,0,0,0
Oaklands Wolves EABL,"D. Gladstone, D. Kostadinov, E. Da Cruz Fatuda, G. Mitchell, L. Mcintosh",Barking Abbey EABL,"J. Mendes, K. Mabaya, M. Filho, O. Visockas, R. Connolly",1,300,5.0,9.8,15,6,8,75,3,4,75,0,2,0,1,3,4,4,0,0,2,1,12,4,9,44.4,2,5,40,2,2,100,1,1,2,4,1,0,1,1,9.8,9.5,152.9,125.8,27.2,125.8,152.9,-27.2,3,0,0,0,0,0,0,0,0,0,0,0,0,0,0,0,0,0,0,0,0,0,0,0,0,0,0,0,0,0,0,0,0
Copleston High School EABL,"I. Carty-Peters, M. Liddamore, N. Wilkinson, O. Drane, T. Rafiu",Itchen College EABL,"G. Andrews, J. Osei-Owusu, M. Edwards, R. Radu, T. Blower",1,252,4.2,9.7,4,1,5,20,0,2,0,2,4,50,0,3,3,0,0,3,2,0,15,7,13,53.8,1,2,50,0,0,0,2,5,7,5,2,0,0,2,8.8,10.4,45.7,143.8,-98.1,143.8,45.7,98.1,-11,0,0,0,0,0,0,0,0,0,0,0,0,0,0,0,0,0,0,0,0,0,0,0,0,0,0,0,0,0,0,0,0
SGS College EABL,"I. Toure, K. Ramirez Mora, L. Matthews, M. Alburo, M. Perez Tosca",Charnwood College Riders EABL,"A. Oyerinde, P. Kattah, T. Curran, T. Pearson, Z. Gleadell-Smith",1,315,5.2,9.6,4,2,12,16.7,0,3,0,0,0,0,5,5,10,1,1,0,2,3,6,2,9,22.2,0,2,0,2,3,66.7,2,5,7,2,1,2,2,5,8.6,10.2,46.2,58.9,-12.7,58.9,46.2,12.7,-2,0,0,0,0,0,0,0,0,0,0,0,0,0,0,0,0,0,0,0,0,0,0,0,0,0,0,0,0,0,0,0,0
Barking Abbey EABL,"A. Maitland, F. Oguntuase, J. Mendes, K. Mabaya, S. Dobson Smith",HHS Reading Rockets EABL,"E. Harrington, J. Waterhouse, L. Bakary, M. Daines, M. Hassan-Taylor",1,208,3.5,9.5,10,5,8,62.5,0,0,0,0,0,0,0,4,4,4,3,0,2,0,3,1,5,20,1,4,25,0,0,0,0,2,2,1,1,0,4,2,10.0,9.0,100,33.3,66.7,33.3,100,-66.7,7,0,0,0,0,0,0,0,0,0,0,0,0,0,0,0,0,0,0,0,0,0,0,0,0,0,0,0,0,0,0,0,0
Copleston High School EABL,"A. Hickey, I. Carty-Peters, I. Little, M. Liddamore, N. Wilkinson",Oaklands Wolves EABL,"D. Gladstone, D. Kostadinov, E. Da Cruz Fatuda, G. Augenti, L. Mcintosh",1,240,4.0,9.5,3,1,5,20,1,3,33.3,0,2,0,1,1,2,1,1,0,4,1,11,4,11,36.4,1,5,20,2,2,100,4,4,8,2,4,0,4,2,9.0,9.9,33.2,111.2,-78,111.2,33.2,78,-8,0,0,0,0,0,0,0,0,0,0,0,0,0,0,0,0,0,0,0,0,0,0,0,0,0,0,0,0,0,0,0,0
Copleston High School EABL,"C. Fobister, L. Read, M. Liddamore, M. Wells, N. Wilkinson",Oaklands Wolves EABL,"D. Gladstone, D. Kostadinov, E. Da Cruz Fatuda, G. Mitchell, L. Mcintosh",1,178,3.0,9.4,4,1,6,16.7,0,2,0,2,3,66.7,2,4,6,0,0,1,3,3,11,4,6,66.7,0,1,0,3,5,60,0,4,4,3,3,0,2,2,8.5,10.2,46.9,107.8,-61,107.8,46.9,61,-7,0,0,0,0,0,0,0,0,0,0,0,0,0,0,0,0,0,0,0,0,0,0,0,0,0,0,0,0,0,0,0,0
Myerscough College EABL,"C. Sanchez Falette, H. Sheehan, O. Esingle, S. Latidan, Z. Trezvant",Charnwood College Riders EABL,"A. Oyerinde, P. Kattah, R. Buckingham, T. Curran, Z. Gleadell-Smith",1,275,4.6,9.4,11,5,9,55.6,1,2,50,0,0,0,2,3,5,3,1,1,2,1,8,3,7,42.9,0,0,0,2,2,100,0,2,2,0,2,0,2,1,8.9,9.9,124.2,81,43.2,81,124.2,-43.2,3,0,0,0,0,0,0,0,0,0,0,0,0,0,0,0,0,0,0,0,0,0,0,0,0,0,0,0,0,0,0,0,0
City of London Academy - Southwark EABL,"A. Nwokolo, D. Banjoko, D. Banjoko, J. Hannick, T. Gass",HHS Reading Rockets EABL,"E. Harrington, J. Waterhouse, L. Bakary, M. Daines, M. Hassan-Taylor",1,273,4.5,9.2,16,6,10,60,0,1,0,4,4,100,3,7,10,2,1,1,1,2,2,0,8,0,0,2,0,2,2,100,1,1,2,0,0,0,1,4,9.6,8.8,167.5,22.7,144.8,22.7,167.5,-144.8,14,0,0,0,0,0,0,0,0,0,0,0,0,0,0,0,0,0,0,0,0,0,0,0,0,0,0,0,0,0,0,0,0
Charnwood College Riders EABL,"A. Oyerinde, J. Hardy, R. Buckingham, T. Curran, Z. Gleadell-Smith",BMET City of Birmingham Rockets EABL,"G. Angoy, J. Agbeze, J. Hyland, L. Duru, P. Basioudis",1,299,5.0,9.2,15,6,12,50,3,7,42.9,0,0,0,2,6,8,2,0,0,0,0,6,3,9,33.3,0,3,0,0,0,0,0,3,3,2,0,0,0,0,9.4,9.0,159,66.7,92.4,66.7,159,-92.4,9,0,0,0,0,0,0,0,0,0,0,0,0,0,0,0,0,0,0,0,0,0,0,0,0,0,0,0,0,0,0,0,0
Itchen College EABL,"B. Cope, D. Cimochowski, E. Lotriet, E. Round, J. Ofman",Copleston High School EABL,"C. Fobister, J. Mussington, M. Liddamore, N. Wilkinson, T. Rafiu",1,244,4.1,9.1,18,8,10,80,2,3,66.7,0,0,0,1,2,3,4,2,0,0,2,13,5,8,62.5,2,4,50,1,1,100,1,1,2,3,0,1,2,1,8.9,9.4,201.6,138.7,62.8,138.7,201.6,-62.8,5,0,0,0,0,0,0,0,0,0,0,0,0,0,0,0,0,0,0,0,0,0,0,0,0,0,0,0,0,0,0,0,0
City of London Academy - Southwark EABL,"A. Nwokolo, D. Banjoko, D. Banjoko, D. Patel, T. Gass",Oaklands Wolves EABL,"D. Gladstone, D. Kostadinov, E. Da Cruz Fatuda, G. Mitchell, H. Morrell",1,236,3.9,9.0,11,5,7,71.4,1,3,33.3,0,0,0,0,0,0,4,3,0,3,1,7,3,3,100,1,1,100,0,0,0,0,1,1,3,3,0,5,1,10.0,8.0,110,87.5,22.5,87.5,110,-22.5,4,0,0,0,0,0,0,0,0,0,0,0,0,0,0,0,0,0,0,0,0,0,0,0,0,0,0,0,0,0,0,0,0
SGS College EABL,"D. Lloyd, I. Toure, K. Ramirez Mora, M. Alburo, M. Perez Tosca",Manchester Magic Academy EABL,"H. Blake, J. Walton, O. Babalola, T. Kamal Kazmi, T. Richardson",1,285,4.8,8.9,8,4,9,44.4,0,2,0,0,0,0,1,4,5,3,1,0,1,0,10,4,9,44.4,2,4,50,0,0,0,1,4,5,2,0,0,1,2,8.9,8.9,89.6,112,-22.4,112,89.6,22.4,-2,0,0,0,0,0,0,0,0,0,0,0,0,0,0,0,0,0,0,0,0,0,0,0,0,0,0,0,0,0,0,0,0
Charnwood College Riders EABL,"A. Oyerinde, L. Boothe, P. Kattah, R. Buckingham, T. Curran",Derby College Trailblazers EABL,"C. Burr, E. Rice, J. Howlett, R. Hobday, W. Tallon",1,283,4.7,8.8,12,5,7,71.4,0,1,0,2,2,100,0,2,2,0,1,0,1,1,11,5,10,50,0,3,0,1,1,100,2,1,3,3,1,0,1,1,8.9,8.8,135.1,125.5,9.6,125.5,135.1,-9.6,1,0,0,0,0,0,0,0,0,0,0,0,0,0,0,0,0,0,0,0,0,0,0,0,0,0,0,0,0,0,0,0,0
Myerscough College EABL,"F. Morgan, J. Bobkowski, L. Farrell, S. Latidan, Z. Trezvant",Derby College Trailblazers EABL,"C. Burr, F. Tuck, G. Pastor, J. Lemanski, K. Otaye",1,230,3.8,8.7,10,4,7,57.1,2,3,66.7,0,0,0,1,5,6,3,1,0,3,0,3,1,7,14.3,1,4,25,0,0,0,0,1,1,1,3,0,2,0,8.4,9.0,119.1,33.3,85.8,33.3,119.1,-85.8,7,0,0,0,0,0,0,0,0,0,0,0,0,0,0,0,0,0,0,0,0,0,0,0,0,0,0,0,0,0,0,0,0
Charnwood College Riders EABL,"A. Oyerinde, F. Saeed, L. Boothe, R. Buckingham, Z. Gleadell-Smith",SGS College EABL,"A. Bennett, K. Richards, L. Matthews, M. Alburo, M. Perez Tosca",1,178,3.0,8.4,4,2,6,33.3,0,1,0,0,1,0,0,3,3,1,2,1,2,1,5,2,5,40,0,0,0,1,1,100,0,5,5,1,1,1,3,1,8.4,8.4,47.4,59.2,-11.8,59.2,47.4,11.8,-1,0,0,0,0,0,0,0,0,0,0,0,0,0,0,0,0,0,0,0,0,0,0,0,0,0,0,0,0,0,0,0,0
Copleston High School EABL,"I. Carty-Peters, I. Little, M. Liddamore, N. Wilkinson, T. Rafiu",HHS Reading Rockets EABL,"C. Okumus, E. Harrington, L. Bakary, M. Daines, N. Dent",1,259,4.3,8.4,7,3,8,37.5,1,3,33.3,0,0,0,1,3,4,3,1,0,2,1,6,3,8,37.5,0,2,0,0,0,0,2,4,6,2,2,0,2,1,8.9,7.9,78.4,76.3,2.1,76.3,78.4,-2.1,1,0,0,0,0,0,0,0,0,0,0,0,0,0,0,0,0,0,0,0,0,0,0,0,0,0,0,0,0,0,0,0,0
Derby College Trailblazers EABL,"C. Burr, E. Norman, E. Rice, R. Hobday, W. Tallon",Manchester Magic Academy EABL,"J. Walton, L. Clayton, O. Babalola, T. Kamal Kazmi, T. Richardson",1,277,4.6,8.4,8,4,7,57.1,0,2,0,0,0,0,1,4,5,4,1,0,3,1,7,3,8,37.5,1,4,25,0,0,0,1,2,3,3,2,0,1,0,8.9,7.9,89.6,88.3,1.3,88.3,89.6,-1.3,1,0,0,0,0,0,0,0,0,0,0,0,0,0,0,0,0,0,0,0,0,0,0,0,0,0,0,0,0,0,0,0,0
Derby College Trailblazers EABL,"C. Burr, E. Norman, E. Rice, M. Smith-Fjordland, R. Hobday",SGS College EABL,"D. Lloyd, I. Toure, K. Ramirez Mora, M. Alburo, M. Perez Tosca",1,271,4.5,8.4,11,3,6,50,1,2,50,4,5,80,2,4,6,1,2,0,2,1,3,1,7,14.3,0,3,0,1,2,50,2,1,3,1,0,0,3,3,8.1,8.7,136.5,34.3,102.2,34.3,136.5,-102.2,8,0,0,0,0,0,0,0,0,0,0,0,0,0,0,0,0,0,0,0,0,0,0,0,0,0,0,0,0,0,0,0,0
Myerscough College EABL,"A. Ibirinde, C. Sanchez Falette, H. Sheehan, O. Esingle, S. Latidan",Charnwood College Riders EABL,"A. Oyerinde, P. Kattah, R. Buckingham, T. Curran, Z. Gleadell-Smith",1,268,4.5,8.4,4,2,11,18.2,0,3,0,0,0,0,4,2,6,1,1,2,2,1,9,4,8,50,1,3,33.3,0,0,0,1,4,5,4,0,0,2,1,8.2,8.6,48.9,105,-56.1,105,48.9,56.1,-5,0,0,0,0,0,0,0,0,0,0,0,0,0,0,0,0,0,0,0,0,0,0,0,0,0,0,0,0,0,0,0,0
Charnwood College Riders EABL,"A. Oyerinde, P. Kattah, T. Curran, T. Pearson, Z. Gleadell-Smith",BMET City of Birmingham Rockets EABL,"G. Angoy, J. Agbeze, J. Hyland, L. Duru, P. Basioudis",1,249,4.2,8.4,14,6,9,66.7,0,1,0,2,2,100,2,4,6,1,1,1,1,1,6,3,7,42.9,0,1,0,0,2,0,1,1,2,1,1,0,1,0,8.7,8.0,160.2,74.8,85.4,74.8,160.2,-85.4,8,0,0,0,0,0,0,0,0,0,0,0,0,0,0,0,0,0,0,0,0,0,0,0,0,0,0,0,0,0,0,0,0
Manchester Magic Academy EABL,"J. Walton, L. Clayton, O. Babalola, T. Kamal Kazmi, T. Richardson",Oaklands Wolves EABL,"D. Gladstone, D. Kostadinov, E. Da Cruz Fatuda, G. Mitchell, L. Mcintosh",1,221,3.7,8.4,12,5,9,55.6,2,4,50,0,0,0,2,5,7,3,1,1,2,1,3,1,7,14.3,1,4,25,0,0,0,1,2,3,1,1,1,2,0,8.9,7.9,135.4,37.8,97.6,37.8,135.4,-97.6,9,0,0,0,0,0,0,0,0,0,0,0,0,0,0,0,0,0,0,0,0,0,0,0,0,0,0,0,0,0,0,0,0
Charnwood College Riders EABL,"P. Kattah, R. Buckingham, S. Morris, T. Curran, T. Pearson",Myerscough College EABL,"H. Sheehan, J. Sanchez, O. Esingle, S. Laditan, Z. Trezvant",1,264,4.4,8.2,4,1,6,16.7,0,3,0,2,4,50,3,2,5,0,1,0,3,4,12,5,9,55.6,1,2,50,1,1,100,2,3,5,3,3,0,1,2,8.1,8.3,49.5,144.6,-95.1,144.6,49.5,95.1,-8,0,0,0,0,0,0,0,0,0,0,0,0,0,0,0,0,0,0,0,0,0,0,0,0,0,0,0,0,0,0,0,0
SGS College EABL,"I. Toure, K. Ramirez Mora, L. Matthews, M. Perez Tosca, S. Nelson",BMET City of Birmingham Rockets EABL,"G. Angoy, J. Agbeze, J. Hyland, L. Duru, P. Basioudis",1,250,4.2,8.2,8,3,8,37.5,2,4,50,0,0,0,2,2,4,2,3,0,3,3,5,2,5,40,1,1,100,0,2,0,2,2,4,1,2,0,4,0,8.3,8.3,96.1,60.4,35.7,60.4,96.1,-35.7,3,0,0,0,0,0,0,0,0,0,0,0,0,0,0,0,0,0,0,0,0,0,0,0,0,0,0,0,0,0,0,0,0
Charnwood College Riders EABL,"L. Boothe, P. Kattah, T. Curran, T. Pearson, Z. Gleadell-Smith",Oaklands Wolves EABL,"D. Kostadinov, E. Da Cruz Fatuda, G. Mitchell, H. Morrell, L. Mcintosh",1,232,3.9,8.2,9,3,5,60,0,0,0,3,4,75,0,2,2,4,2,0,1,2,8,2,8,25,2,5,40,2,2,100,4,3,7,2,1,1,4,3,7.8,8.6,116,93,23,93,116,-23,1,0,0,0,0,0,0,0,0,0,0,0,0,0,0,0,0,0,0,0,0,0,0,0,0,0,0,0,0,0,0,0,0
BMET City of Birmingham Rockets EABL,"G. Angoy, I. Gisbourne, J. Hyland, J. Ogbeide, L. Duru",Derby College Trailblazers EABL,"C. Burr, E. Norman, K. Zidonis, L. Ngomti, M. Smith-Fjordland",1,149,2.5,8.1,7,2,4,50,1,2,50,2,3,66.7,0,2,2,3,1,1,3,1,4,1,4,25,0,1,0,2,2,100,0,2,2,1,3,0,3,2,8.3,7.9,84.1,50.8,33.4,50.8,84.1,-33.4,3,0,0,0,0,0,0,0,0,0,0,0,0,0,0,0,0,0,0,0,0,0,0,0,0,0,0,0,0,0,0,0,0
Oaklands Wolves EABL,"D. Kostadinov, E. Ryan, G. Mitchell, H. Morrell, T. Mcintosh",Copleston High School EABL,"C. Fobister, E. Tamakloe, M. Liddamore, N. Wilkinson, T. Rafiu",1,142,2.4,8.1,9,3,9,33.3,1,4,25,2,2,100,1,2,3,2,1,0,1,0,9,4,6,66.7,1,1,100,0,0,0,0,3,3,0,1,0,1,0,9.3,7.0,97,128.6,-31.5,128.6,97,31.5,0,0,0,0,0,0,0,0,0,0,0,0,0,0,0,0,0,0,0,0,0,0,0,0,0,0,0,0,0,0,0,0,0
Barking Abbey EABL,"A. Maitland, F. Oguntuase, J. Mendes, R. Connolly, S. Dobson Smith",HHS Reading Rockets EABL,"E. Harrington, J. Waterhouse, L. Bakary, M. Daines, M. Hassan-Taylor",1,202,3.4,7.9,8,4,7,57.1,0,1,0,0,1,0,1,1,2,1,2,0,1,3,5,1,3,33.3,1,2,50,2,3,66.7,1,3,4,1,1,0,5,2,7.6,8.2,104.7,60.6,44.1,60.6,104.7,-44.1,3,0,0,0,0,0,0,0,0,0,0,0,0,0,0,0,0,0,0,0,0,0,0,0,0,0,0,0,0,0,0,0,0
City of London Academy - Southwark EABL,"B. Manfo-Marc, D. Banjoko, N. Senessie, R. Cryer, T. Gass",Copleston High School EABL,"A. Hickey, I. Little, M. Liddamore, O. Drane, T. Rafiu",1,175,2.9,7.9,10,4,8,50,2,4,50,0,0,0,0,1,1,3,3,0,1,2,6,2,3,66.7,1,1,100,1,3,33.3,1,3,4,1,0,2,3,1,9.0,6.8,111.1,88.4,22.7,88.4,111.1,-22.7,4,0,0,0,0,0,0,0,0,0,0,0,0,0,0,0,0,0,0,0,0,0,0,0,0,0,0,0,0,0,0,0,0
BMET City of Birmingham Rockets EABL,"G. Angoy, J. Agbeze, J. Hyland, L. Duru, P. Walsh",Copleston High School EABL,"E. Tamakloe, I. Little, M. Liddamore, N. Wilkinson, T. Rafiu",1,236,3.9,7.8,19,6,7,85.7,4,4,100,3,3,100,0,2,2,5,0,0,0,1,8,3,8,37.5,2,7,28.6,0,0,0,2,1,3,2,0,0,2,1,8.3,7.3,228.4,109.2,119.2,109.2,228.4,-119.2,11,0,0,0,0,0,0,0,0,0,0,0,0,0,0,0,0,0,0,0,0,0,0,0,0,0,0,0,0,0,0,0,0
Manchester Magic Academy EABL,"J. Walton, L. Clayton, N. Brown, O. Babalola, T. Kamal Kazmi",Derby College Trailblazers EABL,"C. Burr, E. Rice, J. Lemanski, R. Hobday, W. Tallon",1,216,3.6,7.7,7,3,7,42.9,0,0,0,1,1,100,1,2,3,2,1,0,2,0,5,2,5,40,1,1,100,0,0,0,1,3,4,2,1,1,3,1,8.4,6.9,83.6,72.2,11.5,72.2,83.6,-11.5,2,0,0,0,0,0,0,0,0,0,0,0,0,0,0,0,0,0,0,0,0,0,0,0,0,0,0,0,0,0,0,0,0
Derby College Trailblazers EABL,"C. Burr, E. Norman, G. Pastor, J. Howlett, W. Tallon",Charnwood College Riders EABL,"L. Stevenson, R. Buckingham, T. Curran, T. Pearson, Z. Gleadell-Smith",1,231,3.9,7.7,11,4,7,57.1,1,2,50,2,3,66.7,0,2,2,2,1,0,0,1,7,3,6,50,1,2,50,0,0,0,0,3,3,1,0,1,1,3,8.3,7.0,132.2,100,32.2,100,132.2,-32.2,4,0,0,0,0,0,0,0,0,0,0,0,0,0,0,0,0,0,0,0,0,0,0,0,0,0,0,0,0,0,0,0,0
Derby College Trailblazers EABL,"C. Burr, E. Norman, E. Rice, R. Hobday, W. Tallon",SGS College EABL,"D. Lloyd, K. Ramirez Mora, K. Richards, M. Alburo, M. Perez Tosca",1,196,3.3,7.7,2,1,4,25,0,0,0,0,1,0,0,2,2,1,1,0,3,0,10,5,7,71.4,0,1,0,0,0,0,0,4,4,2,3,0,1,1,7.4,8.0,26.9,125,-98.1,125,26.9,98.1,-8,0,0,0,0,0,0,0,0,0,0,0,0,0,0,0,0,0,0,0,0,0,0,0,0,0,0,0,0,0,0,0,0
Charnwood College Riders EABL,"P. Kattah, R. Buckingham, S. Morris, T. Curran, T. Pearson",SGS College EABL,"A. Bennett, A. Odowa, K. Ramirez Mora, K. Richards, M. Alburo",1,188,3.1,7.5,12,5,8,62.5,2,3,66.7,0,0,0,0,1,1,4,3,0,0,0,4,2,4,50,0,0,0,0,0,0,0,3,3,1,0,0,3,0,8.0,7.0,150,57.1,92.9,57.1,150,-92.9,8,0,0,0,0,0,0,0,0,0,0,0,0,0,0,0,0,0,0,0,0,0,0,0,0,0,0,0,0,0,0,0,0
Manchester Magic Academy EABL,"J. Walton, L. Clayton, N. Brown, O. Babalola, S. Sidi-Boumedine",Derby College Trailblazers EABL,"C. Burr, J. Howlett, M. Smith-Fjordland, R. Hobday, W. Tallon",1,169,2.8,7.5,13,5,6,83.3,3,3,100,0,0,0,0,3,3,5,1,0,1,0,4,2,5,40,0,0,0,0,0,0,0,1,1,1,0,0,3,0,7.0,8.0,185.7,50,135.7,50,185.7,-135.7,9,0,0,0,0,0,0,0,0,0,0,0,0,0,0,0,0,0,0,0,0,0,0,0,0,0,0,0,0,0,0,0,0
SGS College EABL,"A. Odowa, K. Richards, L. Matthews, M. Alburo, S. Nelson",BMET City of Birmingham Rockets EABL,"B. Rose, D. Pittaway, I. Gisbourne, L. Duru, P. Walsh",1,161,2.7,7.5,4,2,5,40,0,0,0,0,0,0,0,1,1,1,2,0,3,0,4,2,4,50,0,1,0,0,0,0,0,2,2,0,3,0,3,2,8.0,7.0,50,57.1,-7.1,57.1,50,7.1,0,0,0,0,0,0,0,0,0,0,0,0,0,0,0,0,0,0,0,0,0,0,0,0,0,0,0,0,0,0,0,0,0
City of London Academy - Southwark EABL,"D. Banjoko, L. Thompson, N. Senessie, R. Testfay, T. Gass",Copleston High School EABL,"C. Fobister, G. Millar, I. Little, M. Liddamore, N. Wilkinson",1,191,3.2,7.5,7,2,7,28.6,1,3,33.3,2,2,100,1,1,2,2,1,0,1,1,5,2,4,50,1,3,33.3,0,0,0,0,2,2,1,1,0,4,3,7.1,8.0,98.6,62.5,36.1,62.5,98.6,-36.1,2,0,0,0,0,0,0,0,0,0,0,0,0,0,0,0,0,0,0,0,0,0,0,0,0,0,0,0,0,0,0,0,0
Barking Abbey EABL,"A. Nwabueze, H. Parkin, J. Mendes, O. Visockas, R. Connolly",City of London Academy - Southwark EABL,"A. Nwokolo, D. Banjoko, D. Patel, J. Hannick, T. Gass",1,214,3.6,7.5,6,2,3,66.7,2,2,100,0,0,0,0,4,4,2,0,2,4,0,8,4,15,26.7,0,3,0,0,0,0,6,1,7,2,4,1,0,0,7.0,7.9,85.7,100.8,-15.1,100.8,85.7,15.1,-2,0,0,0,0,0,0,0,0,0,0,0,0,0,0,0,0,0,0,0,0,0,0,0,0,0,0,0,0,0,0,0,0
Myerscough College EABL,"C. Sanchez Falette, D. Okhuoya, F. Morgan, O. Esingle, S. Latidan",Charnwood College Riders EABL,"A. Oyerinde, P. Kattah, R. Buckingham, T. Curran, Z. Gleadell-Smith",1,190,3.2,7.5,4,2,7,28.6,0,2,0,0,0,0,0,5,5,2,0,1,0,1,2,1,6,16.7,0,1,0,0,2,0,1,5,6,0,0,0,2,1,7.0,8.0,57.1,25,32.1,25,57.1,-32.1,2,0,0,0,0,0,0,0,0,0,0,0,0,0,0,0,0,0,0,0,0,0,0,0,0,0,0,0,0,0,0,0,0
Derby College Trailblazers EABL,"C. Burr, E. Norman, E. Rice, R. Hobday, W. Tallon",Myerscough College EABL,"C. Sanchez Falette, H. Sheehan, O. Esingle, S. Latidan, Z. Trezvant",1,199,3.3,7.4,7,2,6,33.3,1,3,33.3,2,2,100,1,4,5,2,3,1,1,0,2,1,5,20,0,1,0,0,0,0,0,3,3,0,0,0,3,1,6.8,8.0,102.8,25,77.8,25,102.8,-77.8,5,0,0,0,0,0,0,0,0,0,0,0,0,0,0,0,0,0,0,0,0,0,0,0,0,0,0,0,0,0,0,0,0
Oaklands Wolves EABL,"E. Ryan, G. Augenti, H. Morrell, K. Gasperas, Z. Gribble",Copleston High School EABL,"E. Tamakloe, I. Little, M. Liddamore, O. Drane, T. Rafiu",1,205,3.4,7.4,3,1,4,25,1,2,50,0,0,0,0,2,2,1,1,0,3,0,8,4,8,50,0,1,0,0,0,0,2,3,5,1,3,0,2,0,7.0,7.9,42.9,101.8,-58.9,101.8,42.9,58.9,-5,0,0,0,0,0,0,0,0,0,0,0,0,0,0,0,0,0,0,0,0,0,0,0,0,0,0,0,0,0,0,0,0
City of London Academy - Southwark EABL,"A. Morentin, A. Nwokolo, D. Banjoko, D. Patel, J. Hannick",Copleston High School EABL,"C. Fobister, I. Little, M. Liddamore, N. Wilkinson, T. Rafiu",1,259,4.3,7.4,10,3,7,42.9,2,5,40,2,4,50,2,2,4,2,3,0,1,3,5,1,5,20,1,4,25,2,3,66.7,1,1,2,1,0,0,3,2,6.9,7.9,144.8,63.3,81.4,63.3,144.8,-81.4,5,0,0,0,0,0,0,0,0,0,0,0,0,0,0,0,0,0,0,0,0,0,0,0,0,0,0,0,0,0,0,0,0
City of London Academy - Southwark EABL,"A. Nwokolo, D. Banjoko, D. Patel, J. Hannick, T. Gass",Myerscough College EABL,"C. Sanchez Falette, J. Bobkowski, O. Esingle, S. Latidan, Z. Trezvant",1,225,3.8,7.4,7,3,4,75,1,2,50,0,1,0,0,3,3,3,1,0,3,1,4,2,4,50,0,1,0,0,1,0,0,2,2,0,1,0,3,2,7.4,7.4,94.1,53.8,40.3,53.8,94.1,-40.3,3,0,0,0,0,0,0,0,0,0,0,0,0,0,0,0,0,0,0,0,0,0,0,0,0,0,0,0,0,0,0,0,0
Copleston High School EABL,"A. Hickey, C. Fobister, M. Liddamore, N. Wilkinson, T. Rafiu",HHS Reading Rockets EABL,"C. Okumus, J. Mackinnon, J. Waterhouse, L. Franicis, M. Daines",1,146,2.4,7.3,2,1,3,33.3,0,2,0,0,0,0,1,1,2,0,5,0,5,1,4,1,5,20,0,0,0,2,2,100,3,1,4,0,4,0,5,0,6.9,7.7,28.9,52.2,-23.3,52.2,28.9,23.3,-2,0,0,0,0,0,0,0,0,0,0,0,0,0,0,0,0,0,0,0,0,0,0,0,0,0,0,0,0,0,0,0,0
Itchen College EABL,"G. Andrews, J. Osei-Owusu, M. Yeates, R. Radu, T. Blower",Oaklands Wolves EABL,"E. Da Cruz Fatuda, G. Mitchell, H. Morrell, L. Mcintosh, T. Mcintosh",1,233,3.9,7.3,10,3,5,60,1,2,50,3,3,100,0,1,1,3,0,0,1,2,12,4,5,80,1,1,100,3,5,60,0,1,1,2,1,0,0,1,7.3,7.2,136.6,166.7,-30.1,166.7,136.6,30.1,-2,0,0,0,0,0,0,0,0,0,0,0,0,0,0,0,0,0,0,0,0,0,0,0,0,0,0,0,0,0,0,0,0
Manchester Magic Academy EABL,"A. Sagay Isiorho, J. Odongo, J. Walton, N. Brown, O. Babalola",Charnwood College Riders EABL,"L. Stevenson, R. Buckingham, S. Morris, T. Curran, T. Pearson",1,201,3.4,7.2,5,2,5,40,0,1,0,1,1,100,1,1,2,0,3,0,3,2,4,2,3,66.7,0,1,0,0,0,0,0,2,2,1,2,0,4,1,7.4,7.0,67.8,57.1,10.7,57.1,67.8,-10.7,1,0,0,0,0,0,0,0,0,0,0,0,0,0,0,0,0,0,0,0,0,0,0,0,0,0,0,0,0,0,0,0,0
Derby College Trailblazers EABL,"C. Burr, E. Norman, E. Rice, G. Pastor, R. Hobday",Charnwood College Riders EABL,"D. Hanousek, L. Stevenson, R. Buckingham, S. Morris, T. Curran",1,190,3.2,7.2,4,2,5,40,0,2,0,0,0,0,0,4,4,1,0,0,2,2,8,3,6,50,0,1,0,2,3,66.7,0,3,3,1,1,0,0,2,7.0,7.3,57.1,109.3,-52.1,109.3,57.1,52.1,-4,0,0,0,0,0,0,0,0,0,0,0,0,0,0,0,0,0,0,0,0,0,0,0,0,0,0,0,0,0,0,0,0
BMET City of Birmingham Rockets EABL,"G. Angoy, J. Hyland, L. Duru, P. Basioudis, S. Chikukwa",Myerscough College EABL,"A. Cisse, F. Morgan, L. Farrell, O. Esingle, Z. Trezvant",1,158,2.6,7.2,3,1,6,16.7,1,4,25,0,0,0,1,2,3,1,1,0,2,1,5,2,6,33.3,0,1,0,1,2,50,1,4,5,1,2,0,2,1,6.9,7.5,43.3,67.1,-23.8,67.1,43.3,23.8,-2,0,0,0,0,0,0,0,0,0,0,0,0,0,0,0,0,0,0,0,0,0,0,0,0,0,0,0,0,0,0,0,0
HHS Reading Rockets EABL,"E. Harrington, J. Mackinnon, J. Waterhouse, M. Daines, M. Hassan-Taylor",Copleston High School EABL,"C. Fobister, I. Little, M. Liddamore, N. Wilkinson, T. Rafiu",1,204,3.4,7.2,9,4,7,57.1,1,3,33.3,0,1,0,2,2,4,2,1,1,2,1,7,3,7,42.9,1,2,50,0,0,0,1,2,3,2,2,0,1,1,7.8,6.6,114.9,106.5,8.4,106.5,114.9,-8.4,2,0,0,0,0,0,0,0,0,0,0,0,0,0,0,0,0,0,0,0,0,0,0,0,0,0,0,0,0,0,0,0,0
Barking Abbey EABL,"A. Nwabueze, H. Parkin, J. Mendes, O. Visockas, R. Connolly",City of London Academy - Southwark EABL,"A. Nwokolo, D. Banjoko, D. Banjoko, J. Hannick, T. Gass",1,307,5.1,7.1,4,2,6,33.3,0,1,0,0,0,0,1,4,5,1,0,0,2,1,6,3,10,30,0,2,0,0,1,0,3,3,6,1,2,0,0,0,6.9,7.2,57.7,83,-25.3,83,57.7,25.3,-2,0,0,0,0,0,0,0,0,0,0,0,0,0,0,0,0,0,0,0,0,0,0,0,0,0,0,0,0,0,0,0,0
HHS Reading Rockets EABL,"E. Harrington, J. Mackinnon, L. Bakary, M. Daines, M. Hassan-Taylor",BMET City of Birmingham Rockets EABL,"A. Camara, G. Angoy, J. Agbeze, J. Hyland, L. Duru",1,196,3.3,7.1,7,3,5,60,0,0,0,1,1,100,0,3,3,2,1,2,1,3,8,3,8,37.5,1,2,50,1,2,50,2,2,4,3,1,0,1,0,6.4,7.7,108.7,103.4,5.3,103.4,108.7,-5.3,-1,0,0,0,0,0,0,0,0,0,0,0,0,0,0,0,0,0,0,0,0,0,0,0,0,0,0,0,0,0,0,0,0
City of London Academy - Southwark EABL,"A. Nwokolo, D. Banjoko, D. Banjoko, J. Hannick, T. Gass",Barking Abbey EABL,"A. Maitland, J. Mendes, K. Mabaya, M. Filho, R. Connolly",1,207,3.5,7.0,4,2,6,33.3,0,3,0,0,1,0,1,2,3,1,1,0,2,3,4,0,4,0,0,0,0,4,4,100,1,4,5,0,1,0,2,2,7.6,6.3,52.7,63.2,-10.4,63.2,52.7,10.4,0,0,0,0,0,0,0,0,0,0,0,0,0,0,0,0,0,0,0,0,0,0,0,0,0,0,0,0,0,0,0,0,0
Copleston High School EABL,"C. Fobister, E. Tamakloe, M. Liddamore, N. Wilkinson, T. Rafiu",Barking Abbey EABL,"J. Mendes, K. Mabaya, M. Filho, O. Visockas, R. Connolly",1,185,3.1,7.0,3,1,3,33.3,1,2,50,0,0,0,0,3,3,1,1,0,4,0,6,3,7,42.9,0,2,0,0,0,0,1,2,3,3,1,0,1,0,7.0,6.9,42.9,86.6,-43.7,86.6,42.9,43.7,-3,0,0,0,0,0,0,0,0,0,0,0,0,0,0,0,0,0,0,0,0,0,0,0,0,0,0,0,0,0,0,0,0
City of London Academy - Southwark EABL,"A. Morentin, A. Nwokolo, D. Banjoko, J. Hannick, T. Gass",Oaklands Wolves EABL,"D. Gladstone, D. Kostadinov, E. Da Cruz Fatuda, G. Mitchell, H. Morrell",1,202,3.4,7.0,4,2,5,40,0,3,0,0,0,0,0,3,3,0,2,2,2,0,4,2,5,40,0,0,0,0,0,0,0,3,3,1,1,0,2,1,7.0,7.0,57.1,57.1,0,57.1,57.1,0,0,0,0,0,0,0,0,0,0,0,0,0,0,0,0,0,0,0,0,0,0,0,0,0,0,0,0,0,0,0,0,0,0
Derby College Trailblazers EABL,"C. Burr, E. Norman, E. Rice, R. Hobday, W. Tallon",Manchester Magic Academy EABL,"J. Walton, L. Clayton, O. Babalola, S. Sidi-Boumedine, T. Kamal Kazmi",1,170,2.8,7.0,4,2,6,33.3,0,1,0,0,0,0,1,1,2,0,2,0,2,1,4,2,5,40,0,2,0,0,0,0,0,2,2,1,1,2,2,1,6.6,7.0,60.9,57.1,3.7,57.1,60.9,-3.7,0,0,0,0,0,0,0,0,0,0,0,0,0,0,0,0,0,0,0,0,0,0,0,0,0,0,0,0,0,0,0,0,0
Derby College Trailblazers EABL,"G. Pastor, J. Howlett, J. Lemanski, M. Smith-Fjordland, W. Tallon",SGS College EABL,"A. Odowa, K. Richards, M. Alburo, M. Perez Tosca, Z. Lawson",1,167,2.8,7.0,9,4,7,57.1,1,2,50,0,0,0,0,4,4,4,1,3,0,0,5,2,6,33.3,1,2,50,0,0,0,0,3,3,2,0,0,1,0,7.0,7.0,128.6,71.4,57.1,71.4,128.6,-57.1,4,0,0,0,0,0,0,0,0,0,0,0,0,0,0,0,0,0,0,0,0,0,0,0,0,0,0,0,0,0,0,0,0
Myerscough College EABL,"C. Sanchez Falette, H. Sheehan, O. Esingle, S. Latidan, Z. Trezvant",Barking Abbey EABL,"A. Nwabueze, J. Mendes, K. Mabaya, R. Connolly, S. Dobson Smith",1,189,3.1,7.0,8,3,5,60,2,4,50,0,0,0,0,4,4,2,1,0,2,1,3,1,5,20,0,2,0,1,2,50,1,2,3,1,1,0,2,0,7.0,7.0,114.3,42.7,71.6,42.7,114.3,-71.6,5,0,0,0,0,0,0,0,0,0,0,0,0,0,0,0,0,0,0,0,0,0,0,0,0,0,0,0,0,0,0,0,0
HHS Reading Rockets EABL,"E. Harrington, L. Bakary, L. Francis, M. Daines, M. Hassan-Taylor",Oaklands Wolves EABL,"D. Gladstone, D. Kostadinov, E. Da Cruz Fatuda, H. Morrell, L. Mcintosh",1,192,3.2,6.9,10,4,7,57.1,0,1,0,2,2,100,1,1,2,3,3,0,1,0,6,2,4,50,2,2,100,0,0,0,1,2,3,2,1,0,3,2,7.8,5.9,128,101.2,26.9,101.2,128,-26.9,4,0,0,0,0,0,0,0,0,0,0,0,0,0,0,0,0,0,0,0,0,0,0,0,0,0,0,0,0,0,0,0,0
Manchester Magic Academy EABL,"A. Sagay Isiorho, D. Allotey, J. Walton, T. Richardson, T. Weekes",BMET City of Birmingham Rockets EABL,"A. Camara, J. Hyland, L. Duru, P. Basioudis, P. Walsh",1,130,2.2,6.9,9,3,4,75,1,2,50,2,2,100,0,3,3,3,2,0,2,3,3,1,3,33.3,0,1,0,1,2,50,0,1,1,0,1,0,3,1,6.9,6.9,130.8,43.6,87.2,43.6,130.8,-87.2,6,0,0,0,0,0,0,0,0,0,0,0,0,0,0,0,0,0,0,0,0,0,0,0,0,0,0,0,0,0,0,0,0
Derby College Trailblazers EABL,"E. Norman, E. Rice, J. Howlett, K. Otaye, L. Ngomti, R. Hobday",Myerscough College EABL,"L. Farrell, L. Roberts, O. Esingle, S. Latidan, Z. Trezvant",1,258,4.3,6.8,10,4,7,57.1,2,3,66.7,0,0,0,1,2,3,3,0,0,1,1,10,4,6,66.7,1,3,33.3,1,2,50,1,1,2,4,0,0,1,0,6.4,7.2,156.4,139.5,16.8,139.5,156.4,-16.8,0,0,0,0,0,0,0,0,0,0,0,0,0,0,0,0,0,0,0,0,0,0,0,0,0,0,0,0,0,0,0,0,0
Oaklands Wolves EABL,"E. Ryan, G. Mitchell, H. Morrell, L. Mcintosh, T. Mcintosh",Copleston High School EABL,"C. Fobister, E. Tamakloe, I. Little, M. Liddamore, N. Wilkinson",1,175,2.9,6.8,7,3,6,50,1,1,100,0,0,0,1,4,5,3,0,2,2,2,5,2,8,25,0,1,0,1,2,50,2,2,4,0,1,0,0,0,6.9,6.7,101,74.2,26.8,74.2,101,-26.8,2,0,0,0,0,0,0,0,0,0,0,0,0,0,0,0,0,0,0,0,0,0,0,0,0,0,0,0,0,0,0,0,0
Myerscough College EABL,"C. Sanchez Falette, H. Sheehan, J. Bobkowski, S. Latidan, Z. Trezvant",Manchester Magic Academy EABL,"H. Blake, J. Odongo, J. Walton, O. Babalola, T. Weekes",1,184,3.1,6.7,4,1,7,14.3,0,1,0,2,4,50,4,2,6,0,1,1,2,0,2,1,4,25,0,0,0,0,0,0,0,2,2,1,2,0,3,4,6.5,7.0,61.7,28.6,33.2,28.6,61.7,-33.2,2,0,0,0,0,0,0,0,0,0,0,0,0,0,0,0,0,0,0,0,0,0,0,0,0,0,0,0,0,0,0,0,0
Oaklands Wolves EABL,"D. Gladstone, D. Kostadinov, G. Mitchell, K. Gasperas, T. Mcintosh",Itchen College EABL,"E. Round, J. Ofman, M. Yeates, R. Radu, T. Blower",1,182,3.0,6.7,5,2,7,28.6,0,3,0,1,2,50,2,3,5,0,1,0,1,1,7,2,7,28.6,1,1,100,2,2,100,2,3,5,0,1,0,1,1,6.7,6.7,74.2,103.9,-29.7,103.9,74.2,29.7,-2,0,0,0,0,0,0,0,0,0,0,0,0,0,0,0,0,0,0,0,0,0,0,0,0,0,0,0,0,0,0,0,0
Manchester Magic Academy EABL,"H. Blake, J. Walton, N. Brown, O. Babalola, T. Kamal Kazmi",SGS College EABL,"I. Toure, K. Ramirez Mora, L. Matthews, M. Perez Tosca, S. Nelson",1,174,2.9,6.7,6,3,6,50,0,2,0,0,0,0,1,0,1,1,3,0,1,0,7,3,3,100,1,1,100,0,0,0,0,1,1,2,0,0,5,2,5.4,8.0,111.2,87.5,23.7,87.5,111.2,-23.7,-1,0,0,0,0,0,0,0,0,0,0,0,0,0,0,0,0,0,0,0,0,0,0,0,0,0,0,0,0,0,0,0,0
City of London Academy - Southwark EABL,"A. Nwokolo, D. Banjoko, D. Banjoko, J. Hannick, T. Gass",HHS Reading Rockets EABL,"E. Harrington, J. Mackinnon, L. Bakary, M. Daines, M. Hassan-Taylor",1,211,3.5,6.7,6,3,6,50,0,2,0,0,0,0,1,3,4,3,2,0,2,1,2,1,5,20,0,2,0,0,0,0,1,1,2,0,1,0,3,0,6.4,6.9,93.8,28.9,65,28.9,93.8,-65,4,0,0,0,0,0,0,0,0,0,0,0,0,0,0,0,0,0,0,0,0,0,0,0,0,0,0,0,0,0,0,0,0
Manchester Magic Academy EABL,"A. Adetula, D. Allotey, H. Blake, L. Clayton, S. Sidi-Boumedine",BMET City of Birmingham Rockets EABL,"B. Rose, G. Angoy, J. Agbeze, L. Duru, P. Basioudis",1,144,2.4,6.7,2,1,4,25,0,2,0,0,0,0,0,2,2,0,2,0,3,1,5,2,5,40,1,3,33.3,0,1,0,1,2,3,2,2,1,2,1,7.0,6.4,28.6,78.5,-49.9,78.5,28.6,49.9,-3,0,0,0,0,0,0,0,0,0,0,0,0,0,0,0,0,0,0,0,0,0,0,0,0,0,0,0,0,0,0,0,0
Derby College Trailblazers EABL,"C. Burr, E. Rice, G. Pastor, J. Lemanski, W. Tallon",BMET City of Birmingham Rockets EABL,"D. Pittaway, J. Agbeze, J. Hyland, L. Duru, P. Basioudis",1,166,2.8,6.6,9,4,7,57.1,1,4,25,0,0,0,1,1,2,3,1,0,0,2,5,2,3,66.7,0,1,0,1,2,50,0,1,1,2,0,0,4,1,5.4,7.9,166.8,63.5,103.4,63.5,166.8,-103.4,4,0,0,0,0,0,0,0,0,0,0,0,0,0,0,0,0,0,0,0,0,0,0,0,0,0,0,0,0,0,0,0,0
SGS College EABL,"I. Toure, K. Ramirez Mora, L. Matthews, M. Alburo, M. Perez Tosca",Charnwood College Riders EABL,"O. Hambira, P. Kattah, T. Curran, T. Pearson, Z. Gleadell-Smith",1,147,2.5,6.6,7,1,4,25,1,2,50,4,4,100,1,2,3,2,0,1,2,2,7,3,5,60,0,1,0,1,1,100,0,2,2,2,2,0,1,1,6.7,6.4,104.6,108.7,-4.1,108.7,104.6,4.1,0,0,0,0,0,0,0,0,0,0,0,0,0,0,0,0,0,0,0,0,0,0,0,0,0,0,0,0,0,0,0,0,0
Myerscough College EABL,"F. Morgan, J. Bobkowski, L. Farrell, S. Latidan, Z. Trezvant",Derby College Trailblazers EABL,"C. Burr, E. Norman, G. Pastor, J. Lemanski, K. Otaye",1,175,2.9,6.6,8,3,6,50,1,2,50,1,1,100,2,4,6,2,0,0,1,1,3,1,6,16.7,0,2,0,1,2,50,1,1,2,1,1,0,2,2,5.3,7.8,150.9,38.4,112.5,38.4,150.9,-112.5,5,0,0,0,0,0,0,0,0,0,0,0,0,0,0,0,0,0,0,0,0,0,0,0,0,0,0,0,0,0,0,0,0
HHS Reading Rockets EABL,"E. Harrington, J. Waterhouse, L. Bakary, M. Daines, M. Hassan-Taylor",Itchen College EABL,"B. Cope, D. Cimochowski, E. Lotriet, E. Round, J. Ofman",1,174,2.9,6.6,3,1,6,16.7,0,2,0,1,3,33.3,1,2,3,0,0,0,1,1,7,3,5,60,1,1,100,0,0,0,0,4,4,2,0,0,1,3,7.2,6.0,41.4,116.7,-75.3,116.7,41.4,75.3,-4,0,0,0,0,0,0,0,0,0,0,0,0,0,0,0,0,0,0,0,0,0,0,0,0,0,0,0,0,0,0,0,0
Manchester Magic Academy EABL,"A. Isiorho, J. Walton, L. Clayton, T. Richardson, T. Weekes",Myerscough College EABL,"C. Sanchez Falette, D. Okhuoya, O. Esingle, S. Laditan, Z. Trezvant",1,159,2.6,6.6,7,3,5,60,1,2,50,0,1,0,1,0,1,3,0,0,2,2,4,2,2,100,0,0,0,0,1,0,1,2,3,1,1,0,4,2,6.7,6.4,104.1,62.1,42,62.1,104.1,-42,3,0,0,0,0,0,0,0,0,0,0,0,0,0,0,0,0,0,0,0,0,0,0,0,0,0,0,0,0,0,0,0,0
Itchen College EABL,"A. Ben-Uloko, B. Cope, E. Round, L. Diala-Bevan, T. Blower",Copleston High School EABL,"G. Millar, I. Little, J. Mussington, N. Wilkinson, T. Rafiu",1,104,1.7,6.5,2,1,5,20,0,2,0,0,0,0,1,2,3,0,1,0,3,1,2,1,3,33.3,0,0,0,0,0,0,0,3,3,0,1,0,3,1,6.9,6.0,28.9,33.3,-4.5,33.3,28.9,4.5,0,0,0,0,0,0,0,0,0,0,0,0,0,0,0,0,0,0,0,0,0,0,0,0,0,0,0,0,0,0,0,0,0
Charnwood College Riders EABL,"L. Boothe, P. Kattah, T. Curran, T. Pearson, Z. Gleadell-Smith",SGS College EABL,"D. Lloyd, I. Toure, K. Ramirez Mora, M. Alburo, M. Pospori",1,153,2.5,6.5,6,3,4,75,0,0,0,0,0,0,0,0,0,2,0,0,1,0,5,2,3,66.7,1,1,100,0,0,0,1,1,2,1,1,0,6,3,5.0,7.9,120,63.1,56.9,63.1,120,-56.9,1,0,0,0,0,0,0,0,0,0,0,0,0,0,0,0,0,0,0,0,0,0,0,0,0,0,0,0,0,0,0,0,0
BMET City of Birmingham Rockets EABL,"G. Angoy, J. Agbeze, J. Hyland, L. Duru, P. Basioudis",Myerscough College EABL,"D. Okhuoya, H. Sheehan, J. Bobkowski, O. Esingle, S. Latidan",1,149,2.5,6.5,6,3,4,75,0,1,0,0,0,0,0,1,1,2,1,0,2,0,8,4,6,66.7,0,1,0,0,0,0,1,1,2,1,1,0,2,1,6.0,6.9,100,115.4,-15.4,115.4,100,15.4,-2,0,0,0,0,0,0,0,0,0,0,0,0,0,0,0,0,0,0,0,0,0,0,0,0,0,0,0,0,0,0,0,0
Barking Abbey EABL,"A. Nwabueze, F. Cole, H. Egbayelo, H. Parkin, K. N'gabala",Copleston High School EABL,"G. Millar, I. Little, M. Wells, N. Wilkinson, T. Rafiu",1,179,3.0,6.5,8,3,7,42.9,1,2,50,1,4,25,2,4,6,2,1,1,0,2,0,0,4,0,0,2,0,0,2,0,1,3,4,0,0,1,2,2,7.0,6.0,113.5,0,113.5,0,113.5,-113.5,8,0,0,0,0,0,0,0,0,0,0,0,0,0,0,0,0,0,0,0,0,0,0,0,0,0,0,0,0,0,0,0,0
SGS College EABL,"D. Lloyd, J. Grajcar, L. Matthews, M. Alburo, Z. Lawson",Copleston High School EABL,"G. Millar, L. Read, M. Liddamore, N. Wilkinson, T. Rafiu",1,137,2.3,6.5,10,5,6,83.3,0,1,0,0,0,0,0,3,3,2,2,0,0,0,2,1,5,20,0,1,0,0,0,0,1,1,2,0,0,0,3,2,6.0,6.9,166.7,28.9,137.8,28.9,166.7,-137.8,8,0,0,0,0,0,0,0,0,0,0,0,0,0,0,0,0,0,0,0,0,0,0,0,0,0,0,0,0,0,0,0,0
HHS Reading Rockets EABL,"C. Okumus, E. Harrington, J. Waterhouse, L. Bakary, M. Daines",SGS College EABL,"A. Odowa, I. Toure, K. Ramirez Mora, L. Matthews, M. Alburo",1,139,2.3,6.5,4,2,6,33.3,0,1,0,0,0,0,0,1,1,1,3,0,0,1,6,3,5,60,0,2,0,0,1,0,2,3,5,1,0,1,3,0,6.0,7.0,66.7,85.6,-18.9,85.6,66.7,18.9,-2,0,0,0,0,0,0,0,0,0,0,0,0,0,0,0,0,0,0,0,0,0,0,0,0,0,0,0,0,0,0,0,0
Copleston High School EABL,"A. Hickey, I. Little, M. Liddamore, M. Wells, N. Wilkinson",Barking Abbey EABL,"E. Albrecht, F. Cole, K. N'gabala, M. Myamutenha, R. Connolly",1,205,3.4,6.4,6,3,7,42.9,0,2,0,0,0,0,2,3,5,0,0,0,1,1,10,4,8,50,2,4,50,0,0,0,1,2,3,2,1,0,0,1,5.9,6.9,102.4,144.3,-41.9,144.3,102.4,41.9,-4,0,0,0,0,0,0,0,0,0,0,0,0,0,0,0,0,0,0,0,0,0,0,0,0,0,0,0,0,0,0,0,0
Charnwood College Riders EABL,"A. Oyerinde, F. Saeed, L. Boothe, T. Curran, Z. Gleadell-Smith",SGS College EABL,"A. Bennett, K. Richards, L. Matthews, M. Alburo, M. Pospori",1,190,3.2,6.4,4,1,4,25,0,0,0,2,2,100,0,1,1,0,1,0,2,1,8,3,4,75,0,0,0,2,2,100,0,2,2,2,1,0,1,1,6.9,5.9,58.1,136.1,-77.9,136.1,58.1,77.9,-4,0,0,0,0,0,0,0,0,0,0,0,0,0,0,0,0,0,0,0,0,0,0,0,0,0,0,0,0,0,0,0,0
Myerscough College EABL,"A. Ibirinde, C. Sanchez Falette, I. Idemudia, O. Esingle, S. Latidan",BMET City of Birmingham Rockets EABL,"G. Angoy, J. Agbeze, L. Duru, P. Basioudis, S. Chikukwa",1,183,3.0,6.4,4,2,5,40,0,0,0,0,0,0,2,2,4,1,3,0,3,0,5,2,4,50,1,2,50,0,0,0,0,1,1,1,2,0,3,1,5.9,7.0,68.3,71.4,-3.2,71.4,68.3,3.2,-1,0,0,0,0,0,0,0,0,0,0,0,0,0,0,0,0,0,0,0,0,0,0,0,0,0,0,0,0,0,0,0,0
Oaklands Wolves EABL,"D. Gladstone, D. Kostadinov, E. Da Cruz Fatuda, G. Mitchell, L. Mcintosh",Barking Abbey EABL,"J. Mendes, K. Mabaya, M. Filho, M. Myamutenha, R. Connolly",1,185,3.1,6.4,9,3,6,50,2,4,50,1,2,50,1,4,5,3,0,0,0,0,2,1,7,14.3,0,3,0,0,0,0,0,2,2,1,0,1,0,1,5.8,7.0,154.9,28.6,126.3,28.6,154.9,-126.3,7,0,0,0,0,0,0,0,0,0,0,0,0,0,0,0,0,0,0,0,0,0,0,0,0,0,0,0,0,0,0,0,0
SGS College EABL,"D. Lloyd, I. Toure, K. Ramirez Mora, M. Alburo, M. Perez Tosca",Manchester Magic Academy EABL,"A. Sagay Isiorho, H. Blake, J. Odongo, J. Walton, O. Babalola",1,202,3.4,6.4,3,1,4,25,1,3,33.3,0,0,0,0,3,3,1,0,1,3,3,4,2,7,28.6,0,1,0,0,0,0,2,2,4,1,1,0,1,0,7.0,5.9,42.9,68.3,-25.4,68.3,42.9,25.4,-1,0,0,0,0,0,0,0,0,0,0,0,0,0,0,0,0,0,0,0,0,0,0,0,0,0,0,0,0,0,0,0,0
SGS College EABL,"A. Odowa, J. Grajcar, L. Matthews, M. Alburo, Z. Lawson",Copleston High School EABL,"C. Fobister, G. Millar, I. Carty-Peters, M. Liddamore, N. Wilkinson",1,180,3.0,6.4,3,1,5,20,1,1,100,0,4,0,1,1,2,1,2,0,1,2,2,1,4,25,0,2,0,0,0,0,2,4,6,0,1,1,4,2,6.9,5.9,43.5,34.1,9.3,34.1,43.5,-9.3,1,0,0,0,0,0,0,0,0,0,0,0,0,0,0,0,0,0,0,0,0,0,0,0,0,0,0,0,0,0,0,0,0
City of London Academy - Southwark EABL,"A. Nwokolo, B. Olowoshile, D. Banjoko, D. Banjoko, J. Hannick",Myerscough College EABL,"C. Sanchez Falette, O. Esingle, S. Latidan, S. Latidan, Z. Trezvant",1,152,2.5,6.4,4,1,3,33.3,0,0,0,2,2,100,0,2,2,0,0,0,3,1,6,3,5,60,0,1,0,0,0,0,0,1,1,1,1,1,1,0,6.9,6.0,58.1,100,-41.9,100,58.1,41.9,-2,0,0,0,0,0,0,0,0,0,0,0,0,0,0,0,0,0,0,0,0,0,0,0,0,0,0,0,0,0,0,0,0
City of London Academy - Southwark EABL,"A. Nwokolo, D. Banjoko, D. Banjoko, J. Hannick, T. Gass",Itchen College EABL,"B. Cope, D. Cimochowski, E. Lotriet, E. Round, J. Ofman",1,154,2.6,6.3,9,3,5,60,0,1,0,3,4,75,1,2,3,2,1,1,1,0,2,1,5,20,0,2,0,0,0,0,0,1,1,1,1,0,1,3,6.7,6.0,134.5,33.3,101.2,33.3,134.5,-101.2,7,0,0,0,0,0,0,0,0,0,0,0,0,0,0,0,0,0,0,0,0,0,0,0,0,0,0,0,0,0,0,0,0
Itchen College EABL,"G. Andrews, J. Osei-Owusu, M. Edwards, R. Radu, T. Blower",Copleston High School EABL,"C. Fobister, J. Mussington, M. Liddamore, N. Wilkinson, T. Rafiu",1,190,3.2,6.3,7,3,4,75,0,0,0,1,2,50,1,4,5,1,2,2,2,2,0,0,6,0,0,4,0,0,0,0,1,0,1,0,2,0,2,1,5.8,6.7,120.5,0,120.5,0,120.5,-120.5,7,0,0,0,0,0,0,0,0,0,0,0,0,0,0,0,0,0,0,0,0,0,0,0,0,0,0,0,0,0,0,0,0
Derby College Trailblazers EABL,"C. Burr, E. Norman, E. Rice, J. Howlett, K. Otaye, R. Hobday",Myerscough College EABL,"C. Sanchez Falette, H. Sheehan, O. Esingle, S. Latidan, Z. Trezvant",1,234,3.9,6.3,4,2,6,33.3,0,2,0,0,0,0,0,3,3,1,0,1,0,3,6,1,6,16.7,0,2,0,4,4,100,2,4,6,0,0,0,1,0,6.0,6.6,66.7,90.6,-24,90.6,66.7,24,-2,0,0,0,0,0,0,0,0,0,0,0,0,0,0,0,0,0,0,0,0,0,0,0,0,0,0,0,0,0,0,0,0
Derby College Trailblazers EABL,"J. Howlett, J. Lemanski, L. Ngomti, R. Hobday, W. Tallon",Myerscough College EABL,"C. Sanchez Falette, H. Sheehan, O. Esingle, S. Latidan, Z. Trezvant",1,156,2.6,6.3,3,1,3,33.3,1,2,50,0,0,0,0,2,2,1,1,0,3,2,8,3,5,60,1,2,50,1,3,33.3,1,2,3,1,1,1,1,0,6.0,6.6,50,121.1,-71.1,121.1,50,71.1,-5,0,0,0,0,0,0,0,0,0,0,0,0,0,0,0,0,0,0,0,0,0,0,0,0,0,0,0,0,0,0,0,0
Barking Abbey EABL,"A. Nwabueze, K. Mabaya, M. Filho, M. Matser, R. Connolly",HHS Reading Rockets EABL,"E. Harrington, J. Waterhouse, L. Bakary, M. Daines, M. Hassan-Taylor",1,221,3.7,6.2,5,2,5,40,0,3,0,1,1,100,0,4,4,0,1,1,1,2,2,1,5,20,0,2,0,0,0,0,0,3,3,0,0,0,1,2,6.4,6.0,77.6,33.3,44.3,33.3,77.6,-44.3,3,0,0,0,0,0,0,0,0,0,0,0,0,0,0,0,0,0,0,0,0,0,0,0,0,0,0,0,0,0,0,0,0
City of London Academy - Southwark EABL,"A. Nwokolo, D. Banjoko, D. Banjoko, J. Hannick, T. Gass",Itchen College EABL,"B. Cope, D. Cimochowski, E. Lotriet, E. Round, J. Osei-Owusu",1,201,3.4,6.2,5,2,7,28.6,0,4,0,1,1,100,2,1,3,1,2,1,0,1,5,2,4,50,1,2,50,0,0,0,0,3,3,1,0,0,3,4,5.3,7.0,94.3,71.4,22.9,71.4,94.3,-22.9,0,0,0,0,0,0,0,0,0,0,0,0,0,0,0,0,0,0,0,0,0,0,0,0,0,0,0,0,0,0,0,0,0
SGS College EABL,"I. Toure, K. Ramirez Mora, L. Matthews, M. Perez Tosca, S. Nelson",Derby College Trailblazers EABL,"C. Burr, E. Norman, E. Rice, R. Hobday, W. Tallon",1,195,3.2,6.2,7,3,6,50,0,1,0,1,1,100,0,2,2,0,0,0,1,2,7,3,5,60,1,1,100,0,0,0,0,2,2,2,0,1,0,2,7.4,5.0,94.1,140,-45.9,140,94.1,45.9,0,0,0,0,0,0,0,0,0,0,0,0,0,0,0,0,0,0,0,0,0,0,0,0,0,0,0,0,0,0,0,0,0
Oaklands Wolves EABL,"E. Da Cruz Fatuda, G. Mitchell, H. Morrell, L. Mcintosh, T. Mcintosh",Copleston High School EABL,"I. Little, M. Liddamore, M. Wells, N. Wilkinson, T. Rafiu",1,124,2.1,6.2,2,1,5,20,0,1,0,0,0,0,1,2,3,1,1,0,2,1,2,1,4,25,0,1,0,0,1,0,0,3,3,0,2,0,2,0,5.9,6.4,33.7,31.1,2.7,31.1,33.7,-2.7,0,0,0,0,0,0,0,0,0,0,0,0,0,0,0,0,0,0,0,0,0,0,0,0,0,0,0,0,0,0,0,0,0
Charnwood College Riders EABL,"A. Oyerinde, F. Saeed, P. Kattah, R. Buckingham, T. Pearson",BMET City of Birmingham Rockets EABL,"G. Angoy, J. Agbeze, J. Hyland, L. Duru, P. Basioudis",1,212,3.5,6.2,7,3,5,60,1,3,33.3,0,0,0,0,2,2,2,1,0,1,2,7,2,6,33.3,1,2,50,2,2,100,1,2,3,2,1,0,1,1,6.0,6.5,116.7,108.5,8.2,108.5,116.7,-8.2,0,0,0,0,0,0,0,0,0,0,0,0,0,0,0,0,0,0,0,0,0,0,0,0,0,0,0,0,0,0,0,0,0
Manchester Magic Academy EABL,"A. Adetula, H. Blake, J. Odongo, O. Babalola, T. Kamal Kazmi",BMET City of Birmingham Rockets EABL,"B. Rose, G. Angoy, G. Singh, I. Gisbourne, S. Chikukwa",1,163,2.7,6.1,8,4,8,50,0,3,0,0,0,0,2,0,2,2,2,0,1,0,8,3,3,100,2,2,100,0,0,0,0,1,1,3,0,0,3,1,6.1,6.0,130.2,133.3,-3.2,133.3,130.2,3.2,0,0,0,0,0,0,0,0,0,0,0,0,0,0,0,0,0,0,0,0,0,0,0,0,0,0,0,0,0,0,0,0,0
Myerscough College EABL,"A. Cisse, D. Okhuoya, H. Sheehan, O. Esingle, S. Latidan",Derby College Trailblazers EABL,"E. Norman, E. Rice, F. Tuck, K. Zidonis, W. Tallon",1,155,2.6,6.1,14,6,7,85.7,1,1,100,1,1,100,1,3,4,2,3,0,0,1,0,0,2,0,0,1,0,0,2,0,0,0,0,0,0,0,3,2,6.4,5.9,219.8,0,219.8,0,219.8,-219.8,14,0,0,0,0,0,0,0,0,0,0,0,0,0,0,0,0,0,0,0,0,0,0,0,0,0,0,0,0,0,0,0,0
Manchester Magic Academy EABL,"A. Sagay Isiorho, J. Odongo, J. Walton, O. Babalola, T. Richardson",SGS College EABL,"A. Bennett, D. Lloyd, K. Ramirez Mora, M. Alburo, M. Pospori",1,131,2.2,6.0,7,3,4,75,1,1,100,0,0,0,0,2,2,3,2,0,2,0,4,2,4,50,0,1,0,0,0,0,0,1,1,1,1,0,2,0,6.0,6.0,116.7,66.7,50,66.7,116.7,-50,3,0,0,0,0,0,0,0,0,0,0,0,0,0,0,0,0,0,0,0,0,0,0,0,0,0,0,0,0,0,0,0,0
Copleston High School EABL,"E. Tamakloe, I. Carty-Peters, M. Liddamore, M. Wells, N. Wilkinson",Oaklands Wolves EABL,"D. Gladstone, D. Kostadinov, G. Augenti, H. Morrell, Z. Gribble",1,141,2.4,6.0,4,2,5,40,0,2,0,0,0,0,0,2,2,1,1,1,1,0,4,2,5,40,0,1,0,0,0,0,0,3,3,1,0,0,1,1,6.0,6.0,66.7,66.7,0,66.7,66.7,0,0,0,0,0,0,0,0,0,0,0,0,0,0,0,0,0,0,0,0,0,0,0,0,0,0,0,0,0,0,0,0,0,0
Manchester Magic Academy EABL,"J. Walton, L. Clayton, O. Babalola, T. Kamal Kazmi, T. Richardson",BMET City of Birmingham Rockets EABL,"G. Angoy, J. Hyland, L. Duru, P. Basioudis, P. Walsh",1,142,2.4,6.0,10,4,5,80,2,2,100,0,0,0,1,3,4,3,3,0,2,0,0,0,3,0,0,1,0,0,0,0,0,0,0,0,2,0,3,0,5.9,6.0,168.6,0,168.6,0,168.6,-168.6,10,0,0,0,0,0,0,0,0,0,0,0,0,0,0,0,0,0,0,0,0,0,0,0,0,0,0,0,0,0,0,0,0
SGS College EABL,"A. Odowa, K. Richards, M. Alburo, M. Pospori, S. Nelson",Myerscough College EABL,"A. Ibirinde, C. Sanchez Falette, H. Sheehan, O. Esingle, S. Latidan",1,63,1.1,5.9,4,2,4,50,0,2,0,0,0,0,0,1,1,1,1,0,2,1,6,2,4,50,0,1,0,2,2,100,0,2,2,1,2,0,1,0,6.0,5.9,66.7,102,-35.4,102,66.7,35.4,-2,0,0,0,0,0,0,0,0,0,0,0,0,0,0,0,0,0,0,0,0,0,0,0,0,0,0,0,0,0,0,0,0
City of London Academy - Southwark EABL,"D. Banjoko, D. Patel, L. Thompson, R. Testfay, T. Gass",Barking Abbey EABL,"A. Maitland, F. Oguntuase, J. Mendes, K. Mabaya, R. Connolly",1,176,2.9,5.9,2,1,4,25,0,0,0,0,0,0,2,1,3,1,3,0,4,0,2,1,3,33.3,0,1,0,0,0,0,1,1,2,0,2,0,4,1,5.9,5.9,34.1,33.7,0.4,33.7,34.1,-0.4,0,0,0,0,0,0,0,0,0,0,0,0,0,0,0,0,0,0,0,0,0,0,0,0,0,0,0,0,0,0,0,0,0
Manchester Magic Academy EABL,"A. Sagay Isiorho, H. Blake, J. Walton, N. Brown, O. Babalola",Derby College Trailblazers EABL,"C. Burr, E. Rice, J. Lemanski, R. Hobday, W. Tallon",1,138,2.3,5.9,3,1,3,33.3,0,1,0,1,2,50,0,3,3,1,1,1,2,0,4,2,6,33.3,0,3,0,0,0,0,1,1,2,1,2,0,1,2,5.9,5.9,51,67.5,-16.4,67.5,51,16.4,-1,0,0,0,0,0,0,0,0,0,0,0,0,0,0,0,0,0,0,0,0,0,0,0,0,0,0,0,0,0,0,0,0
Manchester Magic Academy EABL,"A. Sagay Isiorho, J. Odongo, S. Sidi-Boumedine, T. Richardson, T. Weekes",SGS College EABL,"A. Odowa, L. Matthews, M. Alburo, M. Pospori, W. Wewe",1,133,2.2,5.9,11,5,6,83.3,1,1,100,0,1,0,1,3,4,5,1,0,1,0,2,1,5,20,0,3,0,0,0,0,1,1,2,0,0,0,1,1,6.9,4.9,159.3,40.6,118.7,40.6,159.3,-118.7,9,0,0,0,0,0,0,0,0,0,0,0,0,0,0,0,0,0,0,0,0,0,0,0,0,0,0,0,0,0,0,0,0
Copleston High School EABL,"C. Fobister, I. Carty-Peters, M. Liddamore, N. Wilkinson, T. Rafiu",City of London Academy - Southwark EABL,"A. Morentin, B. Manfo-Marc, N. Senessie, R. Cryer, S. Shirwac",1,197,3.3,5.9,5,2,6,33.3,1,5,20,0,0,0,0,3,3,1,0,0,0,1,7,3,8,37.5,1,5,20,0,0,0,2,3,5,1,0,0,0,0,6.0,5.9,83.3,119.5,-36.1,119.5,83.3,36.1,-2,0,0,0,0,0,0,0,0,0,0,0,0,0,0,0,0,0,0,0,0,0,0,0,0,0,0,0,0,0,0,0,0
Myerscough College EABL,"F. Morgan, J. Bobkowski, L. Farrell, S. Latidan, Z. Trezvant",Derby College Trailblazers EABL,"C. Burr, E. Norman, G. Pastor, J. Lemanski, W. Tallon",1,163,2.7,5.9,7,3,7,42.9,1,2,50,0,0,0,2,4,6,1,0,0,1,2,5,1,5,20,1,2,50,2,2,100,0,2,2,2,0,1,0,0,5.9,5.9,119.5,85,34.4,85,119.5,-34.4,2,0,0,0,0,0,0,0,0,0,0,0,0,0,0,0,0,0,0,0,0,0,0,0,0,0,0,0,0,0,0,0,0
Barking Abbey EABL,"A. Maitland, F. Cole, J. Mendes, M. Filho, R. Connolly",Oaklands Wolves EABL,"D. Gladstone, D. Kostadinov, E. Da Cruz Fatuda, H. Morrell, L. Mcintosh",1,210,3.5,5.9,5,2,7,28.6,1,2,50,0,0,0,3,0,3,1,1,0,2,1,6,3,5,60,0,2,0,0,0,0,1,2,3,2,2,0,2,0,5.8,4.9,86.4,123.5,-37.1,123.5,86.4,37.1,-1,0,0,0,0,0,0,0,0,0,0,0,0,0,0,0,0,0,0,0,0,0,0,0,0,0,0,0,0,0,0,0,0
Myerscough College EABL,"C. Sanchez Falette, H. Sheehan, O. Esingle, S. Latidan, Z. Trezvant",Barking Abbey EABL,"A. Nwabueze, J. Mendes, K. Mabaya, M. Filho, O. Visockas",1,88,1.5,5.9,6,2,3,66.7,0,0,0,2,3,66.7,1,1,2,1,0,0,2,2,5,1,3,33.3,0,2,0,3,6,50,0,0,0,1,2,0,1,4,5.2,6.6,114.3,75.3,39,75.3,114.3,-39,1,0,0,0,0,0,0,0,0,0,0,0,0,0,0,0,0,0,0,0,0,0,0,0,0,0,0,0,0,0,0,0,0
Manchester Magic Academy EABL,"J. Odongo, J. Walton, L. Clayton, O. Babalola, T. Kamal Kazmi",Oaklands Wolves EABL,"D. Gladstone, D. Kostadinov, E. Da Cruz Fatuda, G. Mitchell, H. Morrell",1,139,2.3,5.9,4,1,3,33.3,0,0,0,2,2,100,0,4,4,1,1,0,2,0,0,0,4,0,0,3,0,0,0,0,0,1,1,0,0,1,2,2,5.9,6.0,68,0,68,0,68,-68,4,0,0,0,0,0,0,0,0,0,0,0,0,0,0,0,0,0,0,0,0,0,0,0,0,0,0,0,0,0,0,0,0
BMET City of Birmingham Rockets EABL,"G. Angoy, I. Gisbourne, J. Hyland, L. Duru, P. Basioudis",Copleston High School EABL,"C. Fobister, I. Little, M. Liddamore, N. Wilkinson, T. Rafiu",1,179,3.0,5.9,7,3,8,37.5,1,4,25,0,0,0,3,2,5,2,0,0,0,0,2,1,5,20,0,3,0,0,0,0,0,2,2,1,0,0,2,2,4.8,7.0,146.1,28.6,117.6,28.6,146.1,-117.6,5,0,0,0,0,0,0,0,0,0,0,0,0,0,0,0,0,0,0,0,0,0,0,0,0,0,0,0,0,0,0,0,0
Manchester Magic Academy EABL,"J. Walton, L. Clayton, N. Brown, O. Babalola, T. Kamal Kazmi",Myerscough College EABL,"C. Sanchez Falette, H. Sheehan, O. Esingle, S. Laditan, Z. Trezvant",1,189,3.1,5.9,11,4,4,100,3,3,100,0,0,0,0,2,2,3,0,2,2,0,9,4,8,50,1,2,50,0,0,0,2,0,2,2,2,0,0,0,6.0,5.9,183.3,153.6,29.7,153.6,183.3,-29.7,2,0,0,0,0,0,0,0,0,0,0,0,0,0,0,0,0,0,0,0,0,0,0,0,0,0,0,0,0,0,0,0,0
Barking Abbey EABL,"F. Cole, J. Mendes, M. Filho, M. Myamutenha, R. Connolly",HHS Reading Rockets EABL,"C. Okumus, E. Harrington, L. Bakary, L. Franicis, M. Daines",1,235,3.9,5.8,0,0,4,0,0,2,0,0,0,0,1,3,4,0,0,0,3,1,2,1,6,16.7,0,0,0,0,0,0,1,1,2,1,3,0,2,1,4.9,6.7,0,30,-30,30,0,30,-2,0,0,0,0,0,0,0,0,0,0,0,0,0,0,0,0,0,0,0,0,0,0,0,0,0,0,0,0,0,0,0,0
Myerscough College EABL,"A. Ibirinde, C. Sanchez Falette, H. Sheehan, J. Bobkowski, O. Esingle",Manchester Magic Academy EABL,"A. Sagay Isiorho, H. Blake, J. Walton, S. Sidi-Boumedine, T. Kamal Kazmi",1,161,2.7,5.8,3,1,5,20,0,2,0,1,2,50,1,1,2,0,2,0,1,0,4,2,6,33.3,0,1,0,0,0,0,1,3,4,0,0,0,2,1,5.8,5.9,51.6,68.3,-16.6,68.3,51.6,16.6,-1,0,0,0,0,0,0,0,0,0,0,0,0,0,0,0,0,0,0,0,0,0,0,0,0,0,0,0,0,0,0,0,0
Copleston High School EABL,"G. Millar, I. Carty-Peters, M. Liddamore, N. Wilkinson, T. Rafiu",Barking Abbey EABL,"E. Albrecht, F. Cole, K. N'gabala, M. Myamutenha, W. Harper",1,147,2.5,5.8,0,0,1,0,0,1,0,0,0,0,0,1,1,0,0,0,5,2,9,3,6,50,0,1,0,3,4,75,2,0,2,0,3,0,0,1,6.0,5.6,0,160.1,-160.1,160.1,0,160.1,-9,0,0,0,0,0,0,0,0,0,0,0,0,0,0,0,0,0,0,0,0,0,0,0,0,0,0,0,0,0,0,0,0
HHS Reading Rockets EABL,"C. Okumus, J. Waterhouse, M. Daines, M. Hassan-Taylor, S. Ejiofor",City of London Academy - Southwark EABL,"A. Nwokolo, D. Banjoko, D. Banjoko, D. Patel, T. Gass",1,74,1.2,5.8,2,1,2,50,0,1,0,0,0,0,0,3,3,0,0,0,3,3,7,3,7,42.9,0,1,0,1,4,25,3,1,4,2,2,0,0,0,5.0,6.6,40,105.7,-65.7,105.7,40,65.7,-5,0,0,0,0,0,0,0,0,0,0,0,0,0,0,0,0,0,0,0,0,0,0,0,0,0,0,0,0,0,0,0,0
Charnwood College Riders EABL,"L. Boothe, P. Kattah, R. Buckingham, T. Curran, Z. Gleadell-Smith",Myerscough College EABL,"H. Sheehan, J. Sanchez, O. Esingle, S. Laditan, Z. Trezvant",1,191,3.2,5.8,8,4,6,66.7,0,1,0,0,0,0,1,0,1,1,0,0,1,0,8,4,6,66.7,0,1,0,0,2,0,1,1,2,4,1,1,1,0,5.9,5.7,134.9,139.4,-4.5,139.4,134.9,4.5,0,0,0,0,0,0,0,0,0,0,0,0,0,0,0,0,0,0,0,0,0,0,0,0,0,0,0,0,0,0,0,0,0
Barking Abbey EABL,"A. Nwabueze, F. Oguntuase, K. Mabaya, K. N'gabala, M. Matser",Copleston High School EABL,"I. Carty-Peters, I. Little, M. Liddamore, O. Drane, T. Rafiu",1,186,3.1,5.8,7,1,3,33.3,1,2,50,4,4,100,1,1,2,2,1,0,2,0,2,1,3,33.3,0,2,0,0,0,0,0,1,1,1,1,0,3,2,5.7,6.0,123,33.3,89.7,33.3,123,-89.7,5,0,0,0,0,0,0,0,0,0,0,0,0,0,0,0,0,0,0,0,0,0,0,0,0,0,0,0,0,0,0,0,0
City of London Academy - Southwark EABL,"A. Nwokolo, D. Banjoko, D. Banjoko, R. Testfay, T. Gass",Copleston High School EABL,"C. Fobister, I. Little, M. Liddamore, N. Wilkinson, T. Rafiu",1,150,2.5,5.8,5,1,4,25,1,2,50,2,4,50,2,0,2,1,1,0,2,1,10,4,4,100,2,2,100,0,0,0,0,1,1,2,2,0,2,2,5.6,6.0,89,166.7,-77.7,166.7,89,77.7,-5,0,0,0,0,0,0,0,0,0,0,0,0,0,0,0,0,0,0,0,0,0,0,0,0,0,0,0,0,0,0,0,0
HHS Reading Rockets EABL,"E. Harrington, L. Bakary, L. Francis, M. Daines, M. Hassan-Taylor",BMET City of Birmingham Rockets EABL,"G. Angoy, J. Agbeze, J. Hyland, L. Duru, P. Basioudis",1,174,2.9,5.8,4,2,5,40,0,2,0,0,0,0,1,1,2,2,1,0,2,2,6,2,5,40,1,1,100,1,2,50,2,2,4,1,2,0,2,1,5.9,5.7,67.5,104.5,-37.1,104.5,67.5,37.1,-2,0,0,0,0,0,0,0,0,0,0,0,0,0,0,0,0,0,0,0,0,0,0,0,0,0,0,0,0,0,0,0,0
City of London Academy - Southwark EABL,"A. Nwokolo, D. Banjoko, D. Patel, L. Thompson, T. Gass",Derby College Trailblazers EABL,"C. Burr, E. Norman, G. Pastor, J. Howlett, W. Tallon",1,140,2.3,5.8,6,3,5,60,0,0,0,0,3,0,3,2,5,1,3,0,2,0,0,0,3,0,0,1,0,0,0,0,1,1,2,0,2,0,3,3,6.7,4.9,89.4,0,89.4,0,89.4,-89.4,6,0,0,0,0,0,0,0,0,0,0,0,0,0,0,0,0,0,0,0,0,0,0,0,0,0,0,0,0,0,0,0,0
Manchester Magic Academy EABL,"D. Allotey, J. Odongo, J. Walton, O. Babalola, T. Kamal Kazmi",Oaklands Wolves EABL,"D. Gladstone, D. Kostadinov, E. Da Cruz Fatuda, G. Mitchell, L. Mcintosh",1,197,3.3,5.8,1,0,3,0,0,0,0,1,4,25,1,2,3,1,1,0,2,0,8,3,9,33.3,2,4,50,0,0,0,4,3,7,1,2,0,1,2,6.0,5.7,16.8,139.9,-123.1,139.9,16.8,123.1,-7,0,0,0,0,0,0,0,0,0,0,0,0,0,0,0,0,0,0,0,0,0,0,0,0,0,0,0,0,0,0,0,0
Oaklands Wolves EABL,"D. Gladstone, D. Kostadinov, E. Ryan, H. Morrell, T. Mcintosh",Copleston High School EABL,"C. Fobister, I. Little, M. Liddamore, O. Drane, T. Rafiu",1,143,2.4,5.7,11,4,9,44.4,1,3,33.3,2,2,100,4,2,6,2,1,0,0,1,6,2,4,50,0,1,0,2,2,100,0,1,1,0,0,0,1,1,5.6,5.9,196.4,102,94.4,102,196.4,-94.4,5,0,0,0,0,0,0,0,0,0,0,0,0,0,0,0,0,0,0,0,0,0,0,0,0,0,0,0,0,0,0,0,0
Barking Abbey EABL,"F. Cole, H. Parkin, J. Mendes, K. N'gabala, M. Filho",Copleston High School EABL,"C. Fobister, I. Little, M. Liddamore, N. Wilkinson, T. Rafiu",1,116,1.9,5.7,3,0,2,0,0,1,0,3,3,100,0,2,2,1,2,1,3,2,0,0,2,0,0,1,0,0,2,0,1,1,2,0,1,0,3,1,6.3,5.2,47.5,0,47.5,0,47.5,-47.5,3,0,0,0,0,0,0,0,0,0,0,0,0,0,0,0,0,0,0,0,0,0,0,0,0,0,0,0,0,0,0,0,0
HHS Reading Rockets EABL,"E. Harrington, J. Mackinnon, J. Waterhouse, M. Daines, M. Hassan-Taylor",BMET City of Birmingham Rockets EABL,"G. Angoy, J. Agbeze, J. Hyland, L. Duru, P. Basioudis",1,205,3.4,5.7,7,3,4,75,1,1,100,0,0,0,0,1,1,1,0,0,1,2,8,3,6,50,1,1,100,1,1,100,2,1,3,2,0,0,2,0,5.0,6.3,140,127,13,127,140,-13,-1,0,0,0,0,0,0,0,0,0,0,0,0,0,0,0,0,0,0,0,0,0,0,0,0,0,0,0,0,0,0,0,0
City of London Academy - Southwark EABL,"A. Nwokolo, B. Olowoshile, D. Patel, J. Hannick, L. Thompson",Myerscough College EABL,"C. Sanchez Falette, D. Okhuoya, F. Morgan, J. Bobkowski, S. Latidan",1,162,2.7,5.7,5,1,3,33.3,0,1,0,3,6,50,1,1,2,0,0,1,1,1,2,0,4,0,0,2,0,2,2,100,0,2,2,0,1,0,1,1,5.9,5.9,84.4,34,50.4,34,84.4,-50.4,3,0,0,0,0,0,0,0,0,0,0,0,0,0,0,0,0,0,0,0,0,0,0,0,0,0,0,0,0,0,0,0,0
Copleston High School EABL,"C. Fobister, E. Tamakloe, M. Liddamore, N. Wilkinson, T. Rafiu",Barking Abbey EABL,"J. Mendes, K. Mabaya, O. Visockas, R. Connolly, S. Dobson Smith",1,233,3.9,5.6,2,0,2,0,0,1,0,2,3,66.7,0,2,2,0,0,1,3,2,7,2,9,22.2,1,6,16.7,2,2,100,4,2,6,2,2,1,0,2,6.3,4.9,31.6,143.2,-111.6,143.2,31.6,111.6,-5,0,0,0,0,0,0,0,0,0,0,0,0,0,0,0,0,0,0,0,0,0,0,0,0,0,0,0,0,0,0,0,0
Charnwood College Riders EABL,"F. Saeed, L. Boothe, R. Buckingham, T. Curran, Z. Gleadell-Smith",Myerscough College EABL,"H. Sheehan, J. Sanchez, N. Byfield, S. Laditan, Z. Trezvant",1,149,2.5,5.6,4,2,6,33.3,0,2,0,0,0,0,2,0,2,0,2,0,1,0,3,1,2,50,0,1,0,1,1,100,0,2,2,1,1,0,4,2,4.9,6.4,82.3,46.6,35.7,46.6,82.3,-35.7,1,0,0,0,0,0,0,0,0,0,0,0,0,0,0,0,0,0,0,0,0,0,0,0,0,0,0,0,0,0,0,0,0
Oaklands Wolves EABL,"D. Gladstone, D. Kostadinov, E. Da Cruz Fatuda, G. Mitchell, H. Morrell",Barking Abbey EABL,"A. Nwabueze, J. Mendes, K. Mabaya, M. Myamutenha, O. Visockas",1,169,2.8,5.6,5,2,6,33.3,0,3,0,1,4,25,4,3,7,2,0,1,2,0,2,1,8,12.5,0,2,0,0,0,0,3,2,5,0,0,0,0,1,6.9,4.3,72.4,47,25.4,47,72.4,-25.4,3,0,0,0,0,0,0,0,0,0,0,0,0,0,0,0,0,0,0,0,0,0,0,0,0,0,0,0,0,0,0,0,0
Copleston High School EABL,"I. Carty-Peters, I. Little, M. Liddamore, N. Wilkinson, T. Rafiu",Itchen College EABL,"B. Cope, E. Lotriet, E. Round, J. Ofman, M. Yeates",1,137,2.3,5.6,4,2,4,50,0,0,0,0,0,0,0,1,1,1,0,0,1,1,14,4,5,80,3,3,100,3,4,75,1,2,3,2,1,0,0,1,5.0,6.2,80,224.9,-144.9,224.9,80,144.9,-10,0,0,0,0,0,0,0,0,0,0,0,0,0,0,0,0,0,0,0,0,0,0,0,0,0,0,0,0,0,0,0,0
Manchester Magic Academy EABL,"A. Adetula, D. Allotey, H. Blake, S. Sidi-Boumedine, T. Weekes",BMET City of Birmingham Rockets EABL,"G. Angoy, J. Agbeze, J. Hyland, L. Duru, P. Basioudis",1,116,1.9,5.6,5,2,4,50,0,1,0,1,1,100,1,0,1,1,0,0,2,1,7,3,4,75,1,1,100,0,2,0,2,1,3,2,2,0,2,1,5.4,5.8,93.1,120.5,-27.4,120.5,93.1,27.4,-2,0,0,0,0,0,0,0,0,0,0,0,0,0,0,0,0,0,0,0,0,0,0,0,0,0,0,0,0,0,0,0,0
Copleston High School EABL,"C. Fobister, E. Tamakloe, I. Little, M. Liddamore, T. Rafiu",City of London Academy - Southwark EABL,"A. Morentin, B. Manfo-Marc, N. Senessie, R. Cryer, S. Shirwac",1,160,2.7,5.6,7,3,6,50,0,1,0,1,2,50,1,2,3,2,3,0,0,0,0,0,2,0,0,1,0,0,0,0,0,1,1,0,0,0,4,1,5.3,6.0,132.7,0,132.7,0,132.7,-132.7,7,0,0,0,0,0,0,0,0,0,0,0,0,0,0,0,0,0,0,0,0,0,0,0,0,0,0,0,0,0,0,0,0
Manchester Magic Academy EABL,"J. Walton, L. Clayton, O. Babalola, T. Kamal Kazmi, T. Richardson",Oaklands Wolves EABL,"D. Kostadinov, E. Da Cruz Fatuda, G. Mitchell, H. Morrell, L. Mcintosh",1,174,2.9,5.6,5,2,6,33.3,1,3,33.3,0,0,0,1,0,1,2,1,1,1,1,7,3,6,50,0,3,0,1,2,50,3,2,5,1,1,0,2,1,5.6,5.7,89.7,123.5,-33.7,123.5,89.7,33.7,-2,0,0,0,0,0,0,0,0,0,0,0,0,0,0,0,0,0,0,0,0,0,0,0,0,0,0,0,0,0,0,0,0
Manchester Magic Academy EABL,"J. Walton, L. Clayton, O. Babalola, S. Sidi-Boumedine, T. Kamal Kazmi",Itchen College EABL,"E. Round, J. Osei-Owusu, M. Yeates, R. Radu, T. Blower",1,191,3.2,5.6,8,3,3,100,2,2,100,0,0,0,0,1,1,3,1,0,3,1,6,3,7,42.9,0,4,0,0,1,0,3,0,3,2,1,0,1,0,6.0,5.2,133.3,114.7,18.6,114.7,133.3,-18.6,2,0,0,0,0,0,0,0,0,0,0,0,0,0,0,0,0,0,0,0,0,0,0,0,0,0,0,0,0,0,0,0,0
Barking Abbey EABL,"F. Cole, K. Mabaya, M. Filho, M. Myamutenha, S. Dobson Smith",HHS Reading Rockets EABL,"L. Franicis, M. Daines, M. Hassan-Taylor, N. Dent, S. Ejiofor",1,143,2.4,5.5,6,3,3,100,0,0,0,0,0,0,0,2,2,3,1,0,2,0,3,1,3,33.3,1,2,50,0,0,0,0,0,0,1,1,0,3,0,5.0,6.0,120,50,70,50,120,-70,3,0,0,0,0,0,0,0,0,0,0,0,0,0,0,0,0,0,0,0,0,0,0,0,0,0,0,0,0,0,0,0,0
HHS Reading Rockets EABL,"E. Harrington, L. Bakary, M. Daines, M. Hassan-Taylor, N. Dent",City of London Academy - Southwark EABL,"A. Nwokolo, D. Banjoko, D. Banjoko, D. Patel, T. Gass",1,188,3.1,5.5,6,1,3,33.3,1,1,100,3,6,50,0,1,1,2,1,0,0,2,8,4,4,100,0,0,0,0,1,0,0,4,4,2,0,0,1,3,5.6,5.4,106.4,147.1,-40.7,147.1,106.4,40.7,-2,0,0,0,0,0,0,0,0,0,0,0,0,0,0,0,0,0,0,0,0,0,0,0,0,0,0,0,0,0,0,0,0
BMET City of Birmingham Rockets EABL,"D. Pittaway, J. Kesto, J. Ogbeide, L. Duru, P. Walsh",Manchester Magic Academy EABL,"L. Clayton, N. Brown, S. Sidi-Boumedine, T. Richardson, T. Weekes",1,120,2.0,5.5,0,0,2,0,0,0,0,0,0,0,0,2,2,0,1,0,4,1,4,2,4,50,0,1,0,0,0,0,0,2,2,1,4,0,1,2,6.0,5.0,0,80,-80,80,0,80,-4,0,0,0,0,0,0,0,0,0,0,0,0,0,0,0,0,0,0,0,0,0,0,0,0,0,0,0,0,0,0,0,0
Copleston High School EABL,"C. Fobister, I. Little, M. Liddamore, N. Wilkinson, T. Rafiu",HHS Reading Rockets EABL,"A. Moloney, L. Bakary, M. Daines, M. Hassan-Taylor, S. Ejiofor",1,162,2.7,5.5,9,4,6,66.7,1,2,50,0,2,0,1,1,2,2,3,0,0,1,0,0,2,0,0,1,0,0,0,0,1,2,3,0,0,0,4,1,6.2,4.9,145.9,0,145.9,0,145.9,-145.9,9,0,0,0,0,0,0,0,0,0,0,0,0,0,0,0,0,0,0,0,0,0,0,0,0,0,0,0,0,0,0,0,0
Derby College Trailblazers EABL,"C. Burr, E. Norman, E. Rice, R. Hobday, W. Tallon",Charnwood College Riders EABL,"P. Kattah, R. Buckingham, S. Morris, T. Curran, T. Pearson",1,114,1.9,5.5,6,2,3,66.7,2,2,100,0,0,0,0,1,1,2,1,0,2,0,5,2,3,66.7,1,2,50,0,0,0,0,1,1,2,2,0,3,1,5.0,6.0,120,83.3,36.7,83.3,120,-36.7,1,0,0,0,0,0,0,0,0,0,0,0,0,0,0,0,0,0,0,0,0,0,0,0,0,0,0,0,0,0,0,0,0
Derby College Trailblazers EABL,"C. Burr, E. Norman, E. Rice, R. Hobday, W. Tallon",Charnwood College Riders EABL,"P. Kattah, R. Buckingham, T. Curran, T. Pearson, Z. Gleadell-Smith",1,203,3.4,5.5,5,2,6,33.3,1,1,100,0,0,0,1,2,3,2,2,0,1,0,0,0,2,0,0,0,0,0,0,0,0,3,3,0,1,0,3,0,5.9,5.0,84.3,0,84.3,0,84.3,-84.3,5,0,0,0,0,0,0,0,0,0,0,0,0,0,0,0,0,0,0,0,0,0,0,0,0,0,0,0,0,0,0,0,0
Itchen College EABL,"B. Cope, E. Round, G. Andrews, J. Osei-Owusu, M. Yeates",HHS Reading Rockets EABL,"C. Okumus, E. Harrington, J. Mackinnon, J. Waterhouse, L. Franicis",1,137,2.3,5.5,7,3,6,50,1,4,25,0,0,0,0,3,3,0,2,0,0,0,0,0,3,0,0,1,0,0,0,0,0,2,2,0,0,0,2,0,6.0,5.0,116.7,0,116.7,0,116.7,-116.7,7,0,0,0,0,0,0,0,0,0,0,0,0,0,0,0,0,0,0,0,0,0,0,0,0,0,0,0,0,0,0,0,0
Derby College Trailblazers EABL,"E. Rice, G. Pastor, J. Lemanski, L. Ngomti, W. Tallon",BMET City of Birmingham Rockets EABL,"B. Rose, D. Pittaway, G. Angoy, I. Gisbourne, L. Duru",1,161,2.7,5.5,8,3,6,50,2,4,50,0,0,0,0,2,2,3,0,0,0,0,7,3,5,60,1,3,33.3,0,0,0,0,2,2,1,0,0,0,1,6.0,5.0,133.3,140,-6.7,140,133.3,6.7,1,0,0,0,0,0,0,0,0,0,0,0,0,0,0,0,0,0,0,0,0,0,0,0,0,0,0,0,0,0,0,0,0
Copleston High School EABL,"I. Carty-Peters, I. Little, M. Liddamore, N. Wilkinson, O. Drane",Itchen College EABL,"B. Cope, E. Lotriet, E. Round, J. Ofman, M. Yeates",1,140,2.3,5.5,4,2,4,50,0,1,0,0,0,0,0,1,1,0,1,1,1,1,6,3,5,60,0,0,0,0,0,0,0,2,2,2,1,0,1,1,5.0,6.0,80,100,-20,100,80,20,-2,0,0,0,0,0,0,0,0,0,0,0,0,0,0,0,0,0,0,0,0,0,0,0,0,0,0,0,0,0,0,0,0
Manchester Magic Academy EABL,"H. Blake, J. Odongo, J. Walton, N. Brown, O. Babalola",Myerscough College EABL,"C. Sanchez Falette, J. Bobkowski, O. Esingle, S. Latidan, Z. Trezvant",1,168,2.8,5.5,2,1,3,33.3,0,1,0,0,2,0,0,1,1,1,1,1,2,1,4,2,6,33.3,0,1,0,0,0,0,2,2,4,0,1,0,2,1,5.9,5.1,34,77.7,-43.7,77.7,34,43.7,-2,0,0,0,0,0,0,0,0,0,0,0,0,0,0,0,0,0,0,0,0,0,0,0,0,0,0,0,0,0,0,0,0
Copleston High School EABL,"C. Fobister, G. Millar, I. Little, N. Wilkinson, T. Rafiu",City of London Academy - Southwark EABL,"A. Morentin, A. Nwokolo, D. Banjoko, D. Banjoko, J. Hannick",1,118,2.0,5.5,3,1,2,50,1,2,50,0,0,0,0,1,1,1,1,0,4,1,4,2,4,50,0,2,0,0,0,0,1,1,2,1,3,0,2,0,6.0,4.9,50,81.1,-31.1,81.1,50,31.1,-1,0,0,0,0,0,0,0,0,0,0,0,0,0,0,0,0,0,0,0,0,0,0,0,0,0,0,0,0,0,0,0,0
BMET City of Birmingham Rockets EABL,"A. Camara, B. Rose, G. Angoy, J. Ogbeide, P. Basioudis",Derby College Trailblazers EABL,"C. Burr, E. Norman, E. Rice, J. Howlett, W. Tallon",1,160,2.7,5.4,5,2,7,28.6,1,5,20,0,0,0,3,3,6,1,1,1,2,2,4,1,5,20,0,2,0,2,2,100,1,1,2,1,2,0,1,0,5.0,5.8,100.3,68.8,31.4,68.8,100.3,-31.4,1,0,0,0,0,0,0,0,0,0,0,0,0,0,0,0,0,0,0,0,0,0,0,0,0,0,0,0,0,0,0,0,0
Manchester Magic Academy EABL,"J. Odongo, J. Walton, N. Brown, O. Babalola, T. Weekes",Charnwood College Riders EABL,"D. Hanousek, F. Saeed, L. Boothe, R. Buckingham, T. Curran",1,135,2.2,5.4,6,3,4,75,0,1,0,0,0,0,0,1,1,2,1,0,1,1,9,2,3,66.7,2,3,66.7,3,4,75,0,1,1,1,0,0,1,1,5.0,5.8,120,156.2,-36.2,156.2,120,36.2,-3,0,0,0,0,0,0,0,0,0,0,0,0,0,0,0,0,0,0,0,0,0,0,0,0,0,0,0,0,0,0,0,0
Itchen College EABL,"G. Andrews, J. Osei-Owusu, M. Edwards, R. Radu, T. Blower",Copleston High School EABL,"A. Hickey, I. Little, J. Mussington, M. Wells, T. Rafiu",1,149,2.5,5.4,4,1,3,33.3,0,0,0,2,2,100,0,2,2,1,1,0,2,0,5,2,4,50,1,2,50,0,0,0,0,2,2,1,1,1,1,0,5.9,5.0,68,100,-32,100,68,32,-1,0,0,0,0,0,0,0,0,0,0,0,0,0,0,0,0,0,0,0,0,0,0,0,0,0,0,0,0,0,0,0,0
BMET City of Birmingham Rockets EABL,"D. Pittaway, J. Agbeze, L. Duru, P. Basioudis, P. Walsh",Manchester Magic Academy EABL,"D. Allotey, J. Walton, L. Clayton, N. Brown, O. Babalola",1,123,2.0,5.4,9,3,4,75,1,1,100,2,2,100,0,2,2,2,1,0,1,0,6,2,4,50,2,2,100,0,0,0,0,0,0,2,1,0,1,1,5.9,5.0,153.1,120,33.1,120,153.1,-33.1,3,0,0,0,0,0,0,0,0,0,0,0,0,0,0,0,0,0,0,0,0,0,0,0,0,0,0,0,0,0,0,0,0
BMET City of Birmingham Rockets EABL,"A. Camara, B. Rose, G. Singh, J. Agbeze, P. Basioudis",Manchester Magic Academy EABL,"J. Walton, L. Clayton, S. Sidi-Boumedine, T. Richardson, T. Weekes",1,171,2.9,5.4,3,1,5,20,1,4,25,0,0,0,0,1,1,1,1,0,0,0,10,4,7,57.1,2,4,50,0,0,0,2,4,6,3,0,0,1,1,5.0,5.9,60,170.6,-110.6,170.6,60,110.6,-7,0,0,0,0,0,0,0,0,0,0,0,0,0,0,0,0,0,0,0,0,0,0,0,0,0,0,0,0,0,0,0,0
BMET City of Birmingham Rockets EABL,"G. Angoy, J. Agbeze, J. Ogbeide, L. Duru, P. Walsh",Manchester Magic Academy EABL,"D. Allotey, H. Blake, N. Brown, O. Babalola, T. Richardson",1,126,2.1,5.4,3,1,3,33.3,0,0,0,1,2,50,0,3,3,0,1,0,2,1,2,1,5,20,0,2,0,0,0,0,1,2,3,0,2,0,1,0,5.9,4.9,51,40.6,10.5,40.6,51,-10.5,1,0,0,0,0,0,0,0,0,0,0,0,0,0,0,0,0,0,0,0,0,0,0,0,0,0,0,0,0,0,0,0,0
SGS College EABL,"D. Lloyd, K. Ramirez Mora, K. Richards, M. Alburo, M. Perez Tosca",Derby College Trailblazers EABL,"C. Burr, E. Norman, E. Rice, R. Hobday, W. Tallon",1,120,2.0,5.4,7,3,4,75,0,0,0,1,2,50,0,0,0,1,4,0,1,0,2,1,1,100,0,0,0,0,0,0,0,1,1,1,0,0,4,0,5.9,5.0,119,40,79,40,119,-79,5,0,0,0,0,0,0,0,0,0,0,0,0,0,0,0,0,0,0,0,0,0,0,0,0,0,0,0,0,0,0,0,0
SGS College EABL,"D. Lloyd, K. Ramirez Mora, K. Richards, M. Alburo, M. Perez Tosca",Derby College Trailblazers EABL,"C. Burr, G. Pastor, J. Howlett, M. Smith-Fjordland, W. Tallon",1,156,2.6,5.4,6,3,9,33.3,0,2,0,0,0,0,3,1,4,0,2,0,0,0,4,2,3,66.7,0,1,0,0,0,0,0,3,3,2,0,0,2,0,5.8,5.0,103.6,80,23.6,80,103.6,-23.6,2,0,0,0,0,0,0,0,0,0,0,0,0,0,0,0,0,0,0,0,0,0,0,0,0,0,0,0,0,0,0,0,0
Derby College Trailblazers EABL,"C. Burr, E. Norman, G. Pastor, J. Howlett, W. Tallon",Charnwood College Riders EABL,"D. Hanousek, L. Stevenson, R. Buckingham, T. Curran, Z. Gleadell-Smith",1,212,3.5,5.4,7,2,4,50,0,1,0,3,5,60,2,1,3,2,0,1,0,2,7,2,6,33.3,0,1,0,3,4,75,1,2,3,0,0,0,0,2,5.1,5.6,136.5,124.6,11.9,124.6,136.5,-11.9,0,0,0,0,0,0,0,0,0,0,0,0,0,0,0,0,0,0,0,0,0,0,0,0,0,0,0,0,0,0,0,0,0
Derby College Trailblazers EABL,"C. Burr, E. Norman, G. Pastor, J. Howlett, W. Tallon",Charnwood College Riders EABL,"D. Hanousek, R. Buckingham, T. Curran, T. Pearson, Z. Gleadell-Smith",1,149,2.5,5.4,8,4,5,80,0,1,0,0,0,0,0,1,1,2,0,0,1,2,12,4,4,100,3,3,100,1,2,50,0,1,1,3,0,0,0,0,6.0,4.9,133.3,245.9,-112.6,245.9,133.3,112.6,-4,0,0,0,0,0,0,0,0,0,0,0,0,0,0,0,0,0,0,0,0,0,0,0,0,0,0,0,0,0,0,0,0
Manchester Magic Academy EABL,"J. Odongo, J. Walton, N. Brown, O. Babalola, T. Kamal Kazmi",SGS College EABL,"I. Toure, K. Ramirez Mora, L. Matthews, M. Perez Tosca, S. Nelson",1,198,3.3,5.4,9,4,4,100,1,1,100,0,0,0,0,2,2,3,0,0,1,1,5,2,3,66.7,0,1,0,1,2,50,0,0,0,0,0,0,2,0,5.0,5.9,180,85,95,85,180,-95,4,0,0,0,0,0,0,0,0,0,0,0,0,0,0,0,0,0,0,0,0,0,0,0,0,0,0,0,0,0,0,0,0
Oaklands Wolves EABL,"D. Kostadinov, G. Mitchell, H. Morrell, L. Mcintosh, T. Mcintosh",Copleston High School EABL,"A. Hickey, I. Little, M. Liddamore, N. Wilkinson, T. Rafiu",1,168,2.8,5.4,12,5,8,62.5,1,2,50,1,2,50,4,2,6,2,1,1,0,1,3,1,3,33.3,0,1,0,1,2,50,1,0,1,1,0,0,2,2,5.7,5.2,211.6,58.1,153.6,58.1,211.6,-153.6,9,0,0,0,0,0,0,0,0,0,0,0,0,0,0,0,0,0,0,0,0,0,0,0,0,0,0,0,0,0,0,0,0
Copleston High School EABL,"I. Little, M. Liddamore, N. Wilkinson, O. Drane, T. Rafiu",Itchen College EABL,"B. Cope, E. Lotriet, G. Andrews, J. Ofman, M. Yeates",1,208,3.5,5.4,2,1,6,16.7,0,3,0,0,0,0,1,2,3,0,0,0,0,1,9,3,6,50,2,4,50,1,2,50,1,4,5,2,0,0,0,1,4.9,5.8,40.6,154.9,-114.3,154.9,40.6,114.3,-7,0,0,0,0,0,0,0,0,0,0,0,0,0,0,0,0,0,0,0,0,0,0,0,0,0,0,0,0,0,0,0,0
Copleston High School EABL,"I. Carty-Peters, I. Little, M. Liddamore, N. Wilkinson, O. Drane",Itchen College EABL,"B. Cope, E. Lotriet, E. Round, J. Ofman, L. Diala-Bevan",1,155,2.6,5.4,6,2,5,40,1,3,33.3,1,2,50,0,3,3,1,1,0,0,2,0,0,2,0,0,0,0,0,2,0,0,2,2,0,0,0,2,2,5.9,4.9,102,0,102,0,102,-102,6,0,0,0,0,0,0,0,0,0,0,0,0,0,0,0,0,0,0,0,0,0,0,0,0,0,0,0,0,0,0,0,0
Oaklands Wolves EABL,"D. Gladstone, D. Kostadinov, E. Da Cruz Fatuda, G. Mitchell, H. Morrell",HHS Reading Rockets EABL,"A. King, C. Okumus, J. Mackinnon, M. Daines, N. Dent",1,154,2.6,5.4,0,0,2,0,0,1,0,0,0,0,0,3,3,0,0,0,4,1,4,2,9,22.2,0,3,0,0,0,0,4,2,6,2,2,0,0,1,6.0,4.7,0,84.7,-84.7,84.7,0,84.7,-4,0,0,0,0,0,0,0,0,0,0,0,0,0,0,0,0,0,0,0,0,0,0,0,0,0,0,0,0,0,0,0,0
Barking Abbey EABL,"A. Nwabueze, F. Oguntuase, J. Mendes, M. Filho, O. Visockas",Copleston High School EABL,"I. Carty-Peters, I. Little, M. Liddamore, N. Wilkinson, T. Rafiu",1,155,2.6,5.4,2,1,4,25,0,1,0,0,0,0,1,2,3,1,1,0,3,1,3,1,3,33.3,0,1,0,1,2,50,0,2,2,1,1,1,1,0,5.9,4.9,33.7,61.5,-27.7,61.5,33.7,27.7,-1,0,0,0,0,0,0,0,0,0,0,0,0,0,0,0,0,0,0,0,0,0,0,0,0,0,0,0,0,0,0,0,0
Barking Abbey EABL,"A. Maitland, A. Nwabueze, J. Mendes, K. Mabaya, O. Visockas",Itchen College EABL,"E. Round, M. Edwards, M. Yeates, R. Radu, T. Blower",1,172,2.9,5.4,5,2,4,50,0,2,0,1,2,50,1,1,2,0,1,0,2,1,4,2,4,50,0,0,0,0,0,0,1,1,2,1,2,0,2,1,5.8,4.9,86.1,81.1,4.9,81.1,86.1,-4.9,1,0,0,0,0,0,0,0,0,0,0,0,0,0,0,0,0,0,0,0,0,0,0,0,0,0,0,0,0,0,0,0,0
City of London Academy - Southwark EABL,"A. Nwokolo, B. Manfo-Marc, D. Banjoko, D. Patel, R. Cryer",Copleston High School EABL,"C. Fobister, G. Millar, I. Little, M. Liddamore, N. Wilkinson",1,166,2.8,5.4,4,2,6,33.3,0,3,0,0,0,0,3,1,4,1,2,0,2,0,4,2,4,50,0,2,0,0,0,0,0,1,1,1,1,0,2,1,4.8,6.0,83.5,66.7,16.8,66.7,83.5,-16.8,0,0,0,0,0,0,0,0,0,0,0,0,0,0,0,0,0,0,0,0,0,0,0,0,0,0,0,0,0,0,0,0,0
Copleston High School EABL,"C. Fobister, I. Little, M. Liddamore, N. Wilkinson, T. Rafiu",City of London Academy - Southwark EABL,"D. Banjoko, D. Banjoko, D. Patel, L. Thompson, S. Shirwac",1,141,2.4,5.4,2,1,4,25,0,2,0,0,0,0,1,1,2,0,1,1,2,1,7,3,5,60,0,0,0,1,2,50,1,2,3,1,2,0,1,1,4.9,5.8,40.6,120.5,-79.9,120.5,40.6,79.9,-5,0,0,0,0,0,0,0,0,0,0,0,0,0,0,0,0,0,0,0,0,0,0,0,0,0,0,0,0,0,0,0,0
HHS Reading Rockets EABL,"E. Harrington, L. Bakary, L. Francis, M. Daines, M. Hassan-Taylor",Copleston High School EABL,"C. Fobister, I. Little, M. Liddamore, N. Wilkinson, T. Rafiu",1,194,3.2,5.4,0,0,7,0,0,5,0,0,0,0,2,1,3,0,1,0,1,1,4,2,6,33.3,0,3,0,0,0,0,1,5,6,1,1,0,1,1,5.9,4.9,0,82.3,-82.3,82.3,0,82.3,-4,0,0,0,0,0,0,0,0,0,0,0,0,0,0,0,0,0,0,0,0,0,0,0,0,0,0,0,0,0,0,0,0
HHS Reading Rockets EABL,"E. Harrington, J. Mackinnon, L. Bakary, M. Daines, M. Hassan-Taylor",BMET City of Birmingham Rockets EABL,"A. Camara, B. Rose, G. Angoy, J. Hyland, L. Duru",1,162,2.7,5.4,7,2,5,40,1,2,50,2,2,100,0,4,4,2,1,0,0,0,0,0,4,0,0,3,0,0,0,0,0,3,3,0,0,0,1,2,5.9,5.0,119,0,119,0,119,-119,7,0,0,0,0,0,0,0,0,0,0,0,0,0,0,0,0,0,0,0,0,0,0,0,0,0,0,0,0,0,0,0,0
BMET City of Birmingham Rockets EABL,"B. Rose, G. Angoy, J. Agbeze, L. Duru, P. Basioudis",Copleston High School EABL,"C. Fobister, E. Tamakloe, I. Carty-Peters, M. Liddamore, T. Rafiu",1,137,2.3,5.4,2,1,5,20,0,3,0,0,0,0,0,1,1,0,2,0,1,0,4,2,5,40,0,0,0,0,0,0,2,3,5,1,1,0,2,0,6.0,4.9,33.3,82.3,-49,82.3,33.3,49,-2,0,0,0,0,0,0,0,0,0,0,0,0,0,0,0,0,0,0,0,0,0,0,0,0,0,0,0,0,0,0,0,0
Copleston High School EABL,"A. Hickey, C. Fobister, M. Liddamore, N. Wilkinson, O. Drane",Barking Abbey EABL,"J. Mendes, K. Mabaya, M. Filho, O. Visockas, S. Dobson Smith",1,149,2.5,5.3,0,0,2,0,0,2,0,0,0,0,0,0,0,0,0,0,3,1,8,3,6,50,0,2,0,2,2,100,3,2,5,3,3,0,2,1,5.0,5.7,0,141.1,-141.1,141.1,0,141.1,-8,0,0,0,0,0,0,0,0,0,0,0,0,0,0,0,0,0,0,0,0,0,0,0,0,0,0,0,0,0,0,0,0
Copleston High School EABL,"A. Hickey, C. Fobister, E. Tamakloe, M. Liddamore, N. Wilkinson",Oaklands Wolves EABL,"G. Mitchell, H. Morrell, K. Gasperas, L. Mcintosh, T. Mcintosh",1,102,1.7,5.3,4,2,3,66.7,0,1,0,0,0,0,1,2,3,1,0,0,3,2,7,2,4,50,0,0,0,3,4,75,0,0,0,1,3,0,0,0,4.9,5.8,81.1,121.5,-40.4,121.5,81.1,40.4,-3,0,0,0,0,0,0,0,0,0,0,0,0,0,0,0,0,0,0,0,0,0,0,0,0,0,0,0,0,0,0,0,0
Myerscough College EABL,"D. Okhuoya, F. Morgan, I. Idemudia, J. Bobkowski, O. Esingle",SGS College EABL,"I. Toure, L. Matthews, M. Perez Tosca, M. Pospori, S. Nelson",1,110,1.8,5.3,0,0,2,0,0,0,0,0,0,0,0,2,2,0,0,1,4,4,4,1,5,20,0,0,0,2,4,50,2,2,4,0,2,0,0,0,6.0,4.6,0,86.6,-86.6,86.6,0,86.6,-4,0,0,0,0,0,0,0,0,0,0,0,0,0,0,0,0,0,0,0,0,0,0,0,0,0,0,0,0,0,0,0,0
Oaklands Wolves EABL,"E. Da Cruz Fatuda, G. Mitchell, H. Morrell, L. Mcintosh, T. Mcintosh",HHS Reading Rockets EABL,"E. Harrington, J. Waterhouse, M. Daines, M. Hassan-Taylor, N. Dent",1,146,2.4,5.3,8,2,4,50,0,0,0,4,4,100,0,3,3,2,0,0,0,0,4,2,6,33.3,0,2,0,0,0,0,1,2,3,1,0,0,0,1,5.8,4.9,138.9,81.1,57.8,81.1,138.9,-57.8,4,0,0,0,0,0,0,0,0,0,0,0,0,0,0,0,0,0,0,0,0,0,0,0,0,0,0,0,0,0,0,0,0
HHS Reading Rockets EABL,"A. Moloney, C. Okumus, E. Harrington, J. Waterhouse, M. Daines",Copleston High School EABL,"C. Fobister, G. Millar, I. Little, M. Liddamore, N. Wilkinson",1,118,2.0,5.3,6,2,3,66.7,1,1,100,1,2,50,0,2,2,1,0,0,1,1,3,0,3,0,0,2,0,3,4,75,0,2,2,0,1,0,1,2,4.9,5.8,123,52.1,70.9,52.1,123,-70.9,3,0,0,0,0,0,0,0,0,0,0,0,0,0,0,0,0,0,0,0,0,0,0,0,0,0,0,0,0,0,0,0,0
Manchester Magic Academy EABL,"A. Isiorho, J. Odongo, L. Clayton, N. Brown, O. Babalola",Myerscough College EABL,"A. Ibirinde, C. Sanchez Falette, J. Bobkowski, S. Laditan, S. Laditan",1,188,3.1,5.3,0,0,6,0,0,4,0,0,0,0,1,2,3,0,0,0,0,3,4,2,5,40,0,1,0,0,5,0,2,5,7,0,0,0,0,1,4.9,5.6,0,71.5,-71.5,71.5,0,71.5,-4,0,0,0,0,0,0,0,0,0,0,0,0,0,0,0,0,0,0,0,0,0,0,0,0,0,0,0,0,0,0,0,0
City of London Academy - Southwark EABL,"A. Nwokolo, D. Banjoko, D. Banjoko, J. Hannick, T. Gass",Itchen College EABL,"B. Cope, E. Round, G. Andrews, J. Ofman, M. Edwards",1,143,2.4,5.2,7,3,4,75,0,1,0,1,2,50,1,1,2,0,1,0,2,2,2,0,2,0,0,1,0,2,4,50,1,0,1,0,2,0,2,2,5.8,4.7,120.5,42.6,77.8,42.6,120.5,-77.8,5,0,0,0,0,0,0,0,0,0,0,0,0,0,0,0,0,0,0,0,0,0,0,0,0,0,0,0,0,0,0,0,0
Myerscough College EABL,"D. Okhuoya, H. Sheehan, O. Esingle, S. Latidan, Z. Trezvant",Manchester Magic Academy EABL,"A. Sagay Isiorho, H. Blake, J. Walton, O. Babalola, S. Sidi-Boumedine",1,123,2.0,5.2,0,0,6,0,0,1,0,0,0,0,3,3,6,0,0,1,2,0,5,2,7,28.6,1,3,33.3,0,0,0,1,3,4,2,2,0,0,1,4.8,5.7,0,88.3,-88.3,88.3,0,88.3,-5,0,0,0,0,0,0,0,0,0,0,0,0,0,0,0,0,0,0,0,0,0,0,0,0,0,0,0,0,0,0,0,0
Charnwood College Riders EABL,"A. Oyerinde, L. Boothe, L. Stevenson, T. Curran, Z. Gleadell-Smith",Myerscough College EABL,"H. Sheehan, J. Sanchez, O. Esingle, S. Laditan, Z. Trezvant",1,138,2.3,5.2,6,2,5,40,1,2,50,1,1,100,1,0,1,0,1,0,0,0,6,2,2,100,2,2,100,0,0,0,0,2,2,2,0,0,4,2,4.4,6.0,137.3,100,37.3,100,137.3,-37.3,0,0,0,0,0,0,0,0,0,0,0,0,0,0,0,0,0,0,0,0,0,0,0,0,0,0,0,0,0,0,0,0,0
Oaklands Wolves EABL,"D. Gladstone, D. Kostadinov, E. Da Cruz Fatuda, G. Mitchell, H. Morrell",Barking Abbey EABL,"A. Maitland, J. Mendes, M. Filho, M. Myamutenha, O. Visockas",1,135,2.2,5.2,4,2,6,33.3,0,2,0,0,0,0,2,3,5,2,0,1,1,0,4,1,5,20,1,3,33.3,1,1,100,0,2,2,1,1,0,0,1,4.9,5.4,82.3,73.5,8.8,73.5,82.3,-8.8,0,0,0,0,0,0,0,0,0,0,0,0,0,0,0,0,0,0,0,0,0,0,0,0,0,0,0,0,0,0,0,0,0
Myerscough College EABL,"C. Sanchez Falette, H. Sheehan, J. Bobkowski, S. Latidan, Z. Trezvant",SGS College EABL,"I. Toure, K. Ramirez Mora, L. Matthews, M. Perez Tosca, S. Nelson",1,96,1.6,5.2,7,3,4,75,0,0,0,1,1,100,0,1,1,3,1,0,2,1,0,0,2,0,0,1,0,0,0,0,0,1,1,0,0,0,2,0,6.4,4.0,108.7,0,108.7,0,108.7,-108.7,7,0,0,0,0,0,0,0,0,0,0,0,0,0,0,0,0,0,0,0,0,0,0,0,0,0,0,0,0,0,0,0,0
HHS Reading Rockets EABL,"C. Okumus, E. Harrington, J. Mackinnon, L. Bakary, M. Daines",Copleston High School EABL,"I. Carty-Peters, I. Little, M. Liddamore, N. Wilkinson, T. Rafiu",1,139,2.3,5.2,5,2,3,66.7,0,0,0,1,2,50,1,3,4,1,2,0,2,0,0,0,3,0,0,1,0,0,0,0,0,1,1,0,2,0,2,1,5.3,5.0,93.5,0,93.5,0,93.5,-93.5,5,0,0,0,0,0,0,0,0,0,0,0,0,0,0,0,0,0,0,0,0,0,0,0,0,0,0,0,0,0,0,0,0
Manchester Magic Academy EABL,"A. Isiorho, H. Blake, J. Odongo, J. Walton, O. Babalola",Itchen College EABL,"B. Cope, E. Round, J. Osei-Owusu, M. Yeates, T. Blower",1,142,2.4,5.2,8,3,4,75,2,2,100,0,0,0,0,2,2,2,0,0,1,1,5,1,3,33.3,0,0,0,3,3,100,0,1,1,1,1,0,1,0,5.0,5.3,160,94,66,94,160,-66,3,0,0,0,0,0,0,0,0,0,0,0,0,0,0,0,0,0,0,0,0,0,0,0,0,0,0,0,0,0,0,0,0
Manchester Magic Academy EABL,"A. Isiorho, H. Blake, J. Walton, L. Clayton, O. Babalola",Itchen College EABL,"D. Cimochowski, E. Lotriet, E. Round, J. Ofman, T. Blower",1,154,2.6,5.2,7,2,5,40,2,2,100,1,1,100,0,1,1,2,1,1,0,1,5,2,4,50,1,2,50,0,0,0,1,3,4,1,0,0,2,2,5.4,4.9,128.7,101.4,27.3,101.4,128.7,-27.3,2,0,0,0,0,0,0,0,0,0,0,0,0,0,0,0,0,0,0,0,0,0,0,0,0,0,0,0,0,0,0,0,0
Copleston High School EABL,"C. Fobister, I. Carty-Peters, M. Liddamore, N. Wilkinson, T. Rafiu",Barking Abbey EABL,"J. Mendes, K. Mabaya, M. Filho, S. Dobson Smith, W. Harper",1,113,1.9,5.1,0,0,2,0,0,1,0,0,0,0,0,1,1,0,0,1,3,2,9,2,7,28.6,1,5,20,4,5,80,3,2,5,1,2,0,0,1,5.0,5.2,0,173.5,-173.5,173.5,0,173.5,-9,0,0,0,0,0,0,0,0,0,0,0,0,0,0,0,0,0,0,0,0,0,0,0,0,0,0,0,0,0,0,0,0
Copleston High School EABL,"A. Hickey, C. Fobister, E. Tamakloe, I. Little, M. Liddamore",HHS Reading Rockets EABL,"E. Harrington, J. Mackinnon, L. Bakary, M. Daines, S. Ejiofor",1,141,2.4,5.1,3,1,5,20,0,2,0,1,2,50,2,1,3,0,2,0,0,0,0,0,1,0,0,1,0,0,0,0,0,3,3,0,0,0,5,2,4.2,6.0,72,0,72,0,72,-72,3,0,0,0,0,0,0,0,0,0,0,0,0,0,0,0,0,0,0,0,0,0,0,0,0,0,0,0,0,0,0,0,0
City of London Academy - Southwark EABL,"A. Nwokolo, B. Olowoshile, D. Banjoko, D. Banjoko, D. Patel",HHS Reading Rockets EABL,"A. Moloney, E. Harrington, J. Waterhouse, L. Bakary, M. Daines",1,129,2.1,5.1,3,1,4,25,0,1,0,1,2,50,2,0,2,0,1,0,3,2,4,2,2,100,0,0,0,0,0,0,0,2,2,2,0,1,2,0,6.3,4.0,47.8,100,-52.2,100,47.8,52.2,-1,0,0,0,0,0,0,0,0,0,0,0,0,0,0,0,0,0,0,0,0,0,0,0,0,0,0,0,0,0,0,0,0
Myerscough College EABL,"A. Cisse, A. Ibirinde, C. Sanchez Falette, H. Sheehan, O. Esingle",Derby College Trailblazers EABL,"C. Burr, E. Norman, E. Rice, R. Hobday, W. Tallon",1,114,1.9,5.1,2,1,4,25,0,3,0,0,2,0,1,2,3,0,1,2,1,0,3,1,4,25,1,1,100,0,0,0,0,4,4,1,0,0,1,1,5.2,5.0,38.2,60,-21.8,60,38.2,21.8,-1,0,0,0,0,0,0,0,0,0,0,0,0,0,0,0,0,0,0,0,0,0,0,0,0,0,0,0,0,0,0,0,0
Manchester Magic Academy EABL,"J. Odongo, J. Walton, L. Clayton, N. Brown, O. Babalola",Charnwood College Riders EABL,"D. Hanousek, F. Saeed, L. Boothe, R. Buckingham, T. Pearson",1,118,2.0,5.0,4,2,5,40,0,2,0,0,0,0,0,0,0,1,4,0,0,0,3,1,1,100,1,1,100,0,0,0,0,3,3,0,0,0,4,1,5.0,5.0,80,60,20,60,80,-20,1,0,0,0,0,0,0,0,0,0,0,0,0,0,0,0,0,0,0,0,0,0,0,0,0,0,0,0,0,0,0,0,0
Myerscough College EABL,"C. Sanchez Falette, H. Sheehan, J. Bobkowski, S. Latidan, Z. Trezvant",Manchester Magic Academy EABL,"A. Sagay Isiorho, H. Blake, J. Odongo, J. Walton, O. Babalola",1,137,2.3,5.0,2,1,2,50,0,1,0,0,0,0,0,0,0,1,2,0,2,0,2,1,1,100,0,0,0,0,0,0,0,0,0,1,1,0,5,2,4.0,6.0,50,33.3,16.7,33.3,50,-16.7,0,0,0,0,0,0,0,0,0,0,0,0,0,0,0,0,0,0,0,0,0,0,0,0,0,0,0,0,0,0,0,0,0
Manchester Magic Academy EABL,"J. Walton, L. Clayton, N. Brown, O. Babalola, S. Sidi-Boumedine",Derby College Trailblazers EABL,"C. Burr, E. Rice, M. Smith-Fjordland, R. Hobday, W. Tallon",1,125,2.1,5.0,4,2,3,66.7,0,0,0,0,0,0,0,1,1,1,1,1,2,1,4,2,3,66.7,0,0,0,0,0,0,0,1,1,1,0,0,2,1,5.0,5.0,80,80,0,80,80,0,0,0,0,0,0,0,0,0,0,0,0,0,0,0,0,0,0,0,0,0,0,0,0,0,0,0,0,0,0,0,0,0,0
Myerscough College EABL,"C. Sanchez Falette, D. Okhuoya, F. Morgan, N. Byfield, S. Latidan",BMET City of Birmingham Rockets EABL,"G. Angoy, J. Agbeze, J. Ogbeide, L. Duru, P. Basioudis",1,131,2.2,5.0,6,3,5,60,0,1,0,0,0,0,0,2,2,3,2,0,0,0,2,1,3,33.3,0,1,0,0,0,0,0,2,2,0,0,0,2,0,5.0,5.0,120,40,80,40,120,-80,4,0,0,0,0,0,0,0,0,0,0,0,0,0,0,0,0,0,0,0,0,0,0,0,0,0,0,0,0,0,0,0,0
BMET City of Birmingham Rockets EABL,"B. Rose, G. Angoy, L. Duru, P. Basioudis, P. Walsh",Manchester Magic Academy EABL,"H. Blake, L. Clayton, O. Babalola, S. Sidi-Boumedine, T. Weekes",1,107,1.8,5.0,3,1,3,33.3,1,3,33.3,0,0,0,0,0,0,1,0,0,2,0,8,4,5,80,0,1,0,0,0,0,1,2,3,2,2,0,1,1,5.0,4.9,60,162.3,-102.3,162.3,60,102.3,-5,0,0,0,0,0,0,0,0,0,0,0,0,0,0,0,0,0,0,0,0,0,0,0,0,0,0,0,0,0,0,0,0
BMET City of Birmingham Rockets EABL,"B. Rose, J. Agbeze, L. Duru, P. Basioudis, P. Walsh",Manchester Magic Academy EABL,"D. Allotey, J. Walton, N. Brown, O. Babalola, T. Weekes",1,136,2.3,5.0,5,2,4,50,1,3,33.3,0,0,0,1,0,1,2,1,0,2,0,6,2,2,100,2,2,100,0,0,0,0,1,1,2,0,1,3,1,4.9,5.0,101.4,120,-18.6,120,101.4,18.6,-1,0,0,0,0,0,0,0,0,0,0,0,0,0,0,0,0,0,0,0,0,0,0,0,0,0,0,0,0,0,0,0,0
BMET City of Birmingham Rockets EABL,"G. Angoy, J. Agbeze, L. Duru, P. Basioudis, P. Walsh",Manchester Magic Academy EABL,"H. Blake, J. Walton, N. Brown, O. Babalola, T. Kamal Kazmi",1,124,2.1,5.0,6,2,4,50,2,3,66.7,0,0,0,0,0,0,2,0,0,1,0,4,2,3,66.7,0,0,0,0,0,0,0,2,2,2,1,0,2,1,5.0,5.0,120,80,40,80,120,-40,2,0,0,0,0,0,0,0,0,0,0,0,0,0,0,0,0,0,0,0,0,0,0,0,0,0,0,0,0,0,0,0,0
BMET City of Birmingham Rockets EABL,"G. Angoy, G. Singh, J. Agbeze, L. Duru, P. Basioudis",Charnwood College Riders EABL,"A. Oyerinde, F. Saeed, L. Stevenson, P. Kattah, T. Pearson",1,109,1.8,5.0,5,2,4,50,1,1,100,0,0,0,1,1,2,1,1,0,2,1,0,0,2,0,0,0,0,0,0,0,0,1,1,0,2,0,3,0,4.9,5.0,101.4,0,101.4,0,101.4,-101.4,5,0,0,0,0,0,0,0,0,0,0,0,0,0,0,0,0,0,0,0,0,0,0,0,0,0,0,0,0,0,0,0,0
Charnwood College Riders EABL,"D. Hanousek, L. Stevenson, O. Hambira, R. Buckingham, S. Morris",Derby College Trailblazers EABL,"C. Burr, E. Rice, G. Pastor, J. Lemanski, W. Tallon",1,107,1.8,5.0,2,1,4,25,0,2,0,0,0,0,0,2,2,0,1,0,1,0,5,2,5,40,1,2,50,0,0,0,1,2,3,2,1,0,1,0,5.0,4.9,40,101.4,-61.4,101.4,40,61.4,-3,0,0,0,0,0,0,0,0,0,0,0,0,0,0,0,0,0,0,0,0,0,0,0,0,0,0,0,0,0,0,0,0
Oaklands Wolves EABL,"E. Da Cruz Fatuda, E. Ryan, G. Mitchell, H. Morrell, T. Mcintosh",HHS Reading Rockets EABL,"C. Okumus, J. Mackinnon, J. Waterhouse, M. Daines, N. Dent",1,147,2.5,5.0,6,2,4,50,1,1,100,1,1,100,0,0,0,1,2,0,1,2,6,3,8,37.5,0,2,0,0,0,0,4,2,6,0,1,0,2,2,5.4,4.6,110.3,129,-18.7,129,110.3,18.7,0,0,0,0,0,0,0,0,0,0,0,0,0,0,0,0,0,0,0,0,0,0,0,0,0,0,0,0,0,0,0,0,0
Oaklands Wolves EABL,"D. Gladstone, D. Kostadinov, E. Da Cruz Fatuda, H. Morrell, L. Mcintosh",HHS Reading Rockets EABL,"C. Okumus, E. Harrington, J. Waterhouse, M. Daines, M. Hassan-Taylor",1,80,1.3,5.0,9,3,5,60,2,3,66.7,1,2,50,1,2,3,2,0,0,0,1,4,1,3,33.3,1,2,50,1,2,50,0,2,2,1,0,0,1,0,5.2,4.9,174.2,82,92.2,82,174.2,-92.2,5,0,0,0,0,0,0,0,0,0,0,0,0,0,0,0,0,0,0,0,0,0,0,0,0,0,0,0,0,0,0,0,0
Derby College Trailblazers EABL,"C. Burr, E. Norman, J. Lemanski, L. Ngomti, R. Hobday",Manchester Magic Academy EABL,"A. Sagay Isiorho, H. Blake, J. Walton, L. Clayton, O. Babalola",1,127,2.1,5.0,4,2,3,66.7,0,1,0,0,0,0,0,4,4,1,0,0,2,1,2,1,6,16.7,0,2,0,0,0,0,1,1,2,0,2,0,0,1,5.0,4.9,80,40.6,39.4,40.6,80,-39.4,2,0,0,0,0,0,0,0,0,0,0,0,0,0,0,0,0,0,0,0,0,0,0,0,0,0,0,0,0,0,0,0,0
City of London Academy - Southwark EABL,"D. Banjoko, D. Banjoko, R. Cryer, R. Testfay, T. Gass",Copleston High School EABL,"I. Little, L. Read, M. Liddamore, N. Wilkinson, T. Rafiu",1,61,1.0,5.0,9,4,5,80,1,2,50,0,0,0,0,0,0,2,3,0,0,0,0,0,0,0,0,0,0,0,0,0,0,1,1,0,0,0,5,0,5.0,5.0,180,0,180,0,180,-180,9,0,0,0,0,0,0,0,0,0,0,0,0,0,0,0,0,0,0,0,0,0,0,0,0,0,0,0,0,0,0,0,0
Derby College Trailblazers EABL,"C. Burr, E. Norman, E. Rice, G. Pastor, W. Tallon",SGS College EABL,"D. Lloyd, K. Ramirez Mora, K. Richards, M. Alburo, M. Perez Tosca",1,130,2.2,5.0,7,3,4,75,1,2,50,0,0,0,0,1,1,3,0,0,1,1,5,2,4,50,1,2,50,0,0,0,0,1,1,1,1,0,1,0,5.0,5.0,140,100,40,100,140,-40,2,0,0,0,0,0,0,0,0,0,0,0,0,0,0,0,0,0,0,0,0,0,0,0,0,0,0,0,0,0,0,0,0
Derby College Trailblazers EABL,"C. Burr, E. Norman, G. Pastor, J. Howlett, W. Tallon",SGS College EABL,"D. Lloyd, I. Toure, K. Ramirez Mora, M. Perez Tosca, R. Cabrera",1,91,1.5,5.0,6,3,4,75,0,0,0,0,0,0,0,1,1,2,1,0,2,1,5,2,3,66.7,1,1,100,0,0,0,0,1,1,1,0,0,1,0,6.0,4.0,100,125,-25,125,100,25,1,0,0,0,0,0,0,0,0,0,0,0,0,0,0,0,0,0,0,0,0,0,0,0,0,0,0,0,0,0,0,0,0
Manchester Magic Academy EABL,"J. Walton, L. Clayton, O. Babalola, T. Kamal Kazmi, T. Richardson",BMET City of Birmingham Rockets EABL,"G. Angoy, I. Gisbourne, J. Hyland, L. Duru, P. Walsh",1,142,2.4,5.0,11,4,5,80,3,4,75,0,0,0,1,3,4,4,1,0,1,0,2,1,4,25,0,0,0,0,0,0,0,0,0,1,0,0,1,1,4.9,5.0,223.1,40,183.1,40,223.1,-183.1,9,0,0,0,0,0,0,0,0,0,0,0,0,0,0,0,0,0,0,0,0,0,0,0,0,0,0,0,0,0,0,0,0
Manchester Magic Academy EABL,"A. Adetula, H. Blake, J. Odongo, S. Sidi-Boumedine, T. Weekes",BMET City of Birmingham Rockets EABL,"A. Camara, G. Angoy, J. Agbeze, L. Duru, P. Basioudis",1,148,2.5,5.0,2,1,4,25,0,1,0,0,0,0,1,4,5,1,0,0,2,0,0,0,4,0,0,2,0,0,0,0,0,2,2,0,2,1,1,0,4.9,5.0,40.6,0,40.6,0,40.6,-40.6,2,0,0,0,0,0,0,0,0,0,0,0,0,0,0,0,0,0,0,0,0,0,0,0,0,0,0,0,0,0,0,0,0
Manchester Magic Academy EABL,"A. Sagay Isiorho, J. Walton, L. Clayton, O. Babalola, T. Richardson",BMET City of Birmingham Rockets EABL,"A. Camara, B. Rose, G. Angoy, P. Walsh, S. Chikukwa",1,111,1.9,5.0,9,4,4,100,1,1,100,0,0,0,0,1,1,4,3,0,1,1,3,1,2,50,1,1,100,0,0,0,0,0,0,0,0,0,3,0,5.0,5.0,180,60,120,60,180,-120,6,0,0,0,0,0,0,0,0,0,0,0,0,0,0,0,0,0,0,0,0,0,0,0,0,0,0,0,0,0,0,0,0
HHS Reading Rockets EABL,"E. Harrington, J. Waterhouse, L. Bakary, M. Daines, M. Hassan-Taylor",Barking Abbey EABL,"A. Maitland, A. Nwabueze, J. Mendes, O. Visockas, R. Connolly",1,180,3.0,5.0,5,2,5,40,1,2,50,0,2,0,1,3,4,0,0,0,0,0,4,2,5,40,0,0,0,0,0,0,0,3,3,1,0,0,0,2,5.1,5.0,98.5,80,18.5,80,98.5,-18.5,1,0,0,0,0,0,0,0,0,0,0,0,0,0,0,0,0,0,0,0,0,0,0,0,0,0,0,0,0,0,0,0,0
Copleston High School EABL,"C. Fobister, I. Carty-Peters, M. Liddamore, N. Wilkinson, T. Rafiu",City of London Academy - Southwark EABL,"A. Nwokolo, D. Banjoko, D. Banjoko, L. Thompson, R. Testfay",1,139,2.3,5.0,0,0,5,0,0,1,0,0,0,0,1,1,2,0,1,0,1,0,5,2,3,66.7,1,1,100,0,0,0,0,4,4,1,0,0,2,0,4.9,5.0,0,100,-100,100,0,100,-5,0,0,0,0,0,0,0,0,0,0,0,0,0,0,0,0,0,0,0,0,0,0,0,0,0,0,0,0,0,0,0,0
SGS College EABL,"K. Ramirez Mora, L. Matthews, M. Perez Tosca, R. Cabrera, Z. Lawson",Manchester Magic Academy EABL,"A. Adetula, A. Sagay Isiorho, J. Odongo, O. Babalola, T. Richardson",1,109,1.8,5.0,0,0,5,0,0,2,0,0,0,0,0,5,5,0,0,0,0,0,0,0,6,0,0,2,0,0,0,0,1,5,6,0,0,3,0,1,5.0,4.9,0,0,0,0,0,0,0,0,0,0,0,0,0,0,0,0,0,0,0,0,0,0,0,0,0,0,0,0,0,0,0,0,0,0,0,0,0,0,0
HHS Reading Rockets EABL,"C. Okumus, J. Mackinnon, L. Francis, M. Daines, M. Hassan-Taylor",Itchen College EABL,"G. Andrews, M. Edwards, R. Matthias, R. Radu, T. Blower",1,121,2.0,5.0,2,1,5,20,0,1,0,0,0,0,0,1,1,1,0,0,1,0,3,1,2,50,1,1,100,0,0,0,0,2,2,1,0,0,2,1,6.0,4.0,33.3,75,-41.7,75,33.3,41.7,-1,0,0,0,0,0,0,0,0,0,0,0,0,0,0,0,0,0,0,0,0,0,0,0,0,0,0,0,0,0,0,0,0
Manchester Magic Academy EABL,"A. Isiorho, J. Odongo, N. Brown, O. Babalola, T. Weekes",Itchen College EABL,"B. Cope, D. Cimochowski, E. Lotriet, E. Round, J. Ofman",1,137,2.3,5.0,0,0,3,0,0,0,0,0,0,0,0,1,1,0,2,0,2,1,5,2,4,50,1,3,33.3,0,0,0,1,3,4,2,2,0,2,0,5.0,4.9,0,101.4,-101.4,101.4,0,101.4,-5,0,0,0,0,0,0,0,0,0,0,0,0,0,0,0,0,0,0,0,0,0,0,0,0,0,0,0,0,0,0,0,0
Manchester Magic Academy EABL,"J. Odongo, J. Walton, O. Babalola, T. Kamal Kazmi, T. Richardson",Itchen College EABL,"B. Cope, D. Cimochowski, E. Lotriet, E. Round, J. Ofman",1,178,3.0,5.0,0,0,4,0,0,1,0,0,0,0,0,3,3,0,0,0,2,0,2,1,5,20,0,2,0,0,0,0,1,4,5,0,1,1,0,0,6.0,3.9,0,50.9,-50.9,50.9,0,50.9,-2,0,0,0,0,0,0,0,0,0,0,0,0,0,0,0,0,0,0,0,0,0,0,0,0,0,0,0,0,0,0,0,0
Charnwood College Riders EABL,"L. Boothe, P. Kattah, T. Curran, T. Pearson, Z. Gleadell-Smith",Oaklands Wolves EABL,"D. Gladstone, D. Kostadinov, E. Da Cruz Fatuda, G. Mitchell, H. Morrell",1,145,2.4,5.0,4,2,4,50,0,1,0,0,0,0,1,3,4,1,2,0,2,0,0,0,3,0,0,0,0,0,0,0,0,1,1,0,2,0,2,0,4.9,5.0,81.1,0,81.1,0,81.1,-81.1,4,0,0,0,0,0,0,0,0,0,0,0,0,0,0,0,0,0,0,0,0,0,0,0,0,0,0,0,0,0,0,0,0
BMET City of Birmingham Rockets EABL,"G. Angoy, I. Gisbourne, J. Agbeze, J. Hyland, L. Duru",SGS College EABL,"D. Lloyd, K. Ramirez Mora, K. Richards, M. Alburo, S. Nelson",1,100,1.7,4.9,4,2,3,66.7,0,0,0,0,0,0,1,1,2,2,1,0,3,1,5,2,3,66.7,0,0,0,1,2,50,0,0,0,2,2,0,1,0,4.9,4.9,81.1,102.5,-21.3,102.5,81.1,21.3,-1,0,0,0,0,0,0,0,0,0,0,0,0,0,0,0,0,0,0,0,0,0,0,0,0,0,0,0,0,0,0,0,0
BMET City of Birmingham Rockets EABL,"G. Angoy, I. Gisbourne, J. Hyland, L. Duru, P. Basioudis",SGS College EABL,"K. Richards, M. Alburo, M. Perez Tosca, M. Pospori, T. Wallace-Gayle",1,114,1.9,4.9,6,2,3,66.7,2,3,66.7,0,2,0,0,2,2,2,1,0,1,0,6,2,5,40,2,3,66.7,0,0,0,1,2,3,0,1,0,1,1,4.9,4.9,123,121.7,1.2,121.7,123,-1.2,0,0,0,0,0,0,0,0,0,0,0,0,0,0,0,0,0,0,0,0,0,0,0,0,0,0,0,0,0,0,0,0,0
Itchen College EABL,"B. Cope, D. Cimochowski, E. Lotriet, E. Round, J. Ofman",Copleston High School EABL,"A. Hickey, I. Little, M. Liddamore, M. Wells, N. Wilkinson",1,146,2.4,4.9,4,2,6,33.3,0,1,0,0,0,0,1,2,3,2,2,1,1,0,0,0,2,0,0,1,0,0,0,0,0,1,1,0,1,0,3,0,4.9,5.0,82.3,0,82.3,0,82.3,-82.3,4,0,0,0,0,0,0,0,0,0,0,0,0,0,0,0,0,0,0,0,0,0,0,0,0,0,0,0,0,0,0,0,0
Itchen College EABL,"A. Ben-Uloko, G. Andrews, M. Edwards, R. Radu, T. Blower",Copleston High School EABL,"C. Fobister, J. Mussington, M. Liddamore, M. Wells, T. Rafiu",1,128,2.1,4.9,8,3,3,100,0,0,0,2,2,100,0,2,2,2,2,0,1,1,2,1,2,50,0,1,0,0,2,0,0,0,0,0,0,0,2,0,4.9,4.9,163.9,41,123,41,163.9,-123,6,0,0,0,0,0,0,0,0,0,0,0,0,0,0,0,0,0,0,0,0,0,0,0,0,0,0,0,0,0,0,0,0
Copleston High School EABL,"A. Hickey, C. Fobister, M. Liddamore, N. Wilkinson, T. Rafiu",Barking Abbey EABL,"J. Mendes, K. Mabaya, M. Filho, R. Connolly, S. Dobson Smith",1,121,2.0,4.9,2,1,4,25,0,3,0,0,0,0,0,3,3,1,1,0,2,1,0,0,5,0,0,3,0,0,0,0,2,2,4,0,2,0,1,0,6.0,3.9,33.3,0,33.3,0,33.3,-33.3,2,0,0,0,0,0,0,0,0,0,0,0,0,0,0,0,0,0,0,0,0,0,0,0,0,0,0,0,0,0,0,0,0
Charnwood College Riders EABL,"A. Oyerinde, H. Mcglone, P. Kattah, R. Buckingham, T. Pearson",SGS College EABL,"A. Bennett, K. Richards, M. Alburo, M. Perez Tosca, S. Nelson",1,163,2.7,4.9,7,3,6,50,0,3,0,1,1,100,1,2,3,2,0,0,0,0,6,3,5,60,0,2,0,0,0,0,0,1,1,1,0,0,0,1,4.8,5.0,144.8,120,24.8,120,144.8,-24.8,1,0,0,0,0,0,0,0,0,0,0,0,0,0,0,0,0,0,0,0,0,0,0,0,0,0,0,0,0,0,0,0,0
Myerscough College EABL,"C. Sanchez Falette, F. Morgan, N. Byfield, S. Latidan, Z. Trezvant",BMET City of Birmingham Rockets EABL,"G. Angoy, G. Singh, J. Hyland, L. Duru, P. Walsh",1,160,2.7,4.9,8,3,6,50,2,3,66.7,0,0,0,2,3,5,3,1,0,1,0,3,1,4,25,1,1,100,0,0,0,0,1,1,1,0,0,1,0,4.9,5.0,164.6,60,104.6,60,164.6,-104.6,5,0,0,0,0,0,0,0,0,0,0,0,0,0,0,0,0,0,0,0,0,0,0,0,0,0,0,0,0,0,0,0,0
Oaklands Wolves EABL,"D. Kostadinov, E. Da Cruz Fatuda, E. Ryan, G. Mitchell, L. Mcintosh",Itchen College EABL,"B. Cope, G. Andrews, J. Osei-Owusu, M. Yeates, T. Blower",1,133,2.2,4.9,4,1,2,50,0,1,0,2,4,50,0,0,0,0,2,0,1,0,7,3,3,100,1,1,100,0,0,0,0,2,2,1,0,0,2,3,4.8,5.0,84,140,-56,140,84,56,-3,0,0,0,0,0,0,0,0,0,0,0,0,0,0,0,0,0,0,0,0,0,0,0,0,0,0,0,0,0,0,0,0
SGS College EABL,"I. Toure, K. Ramirez Mora, L. Matthews, M. Perez Tosca, S. Nelson",Derby College Trailblazers EABL,"C. Burr, G. Pastor, J. Howlett, M. Smith-Fjordland, W. Tallon",1,117,1.9,4.9,1,0,4,0,0,1,0,1,2,50,0,2,2,0,0,0,0,1,7,2,4,50,2,2,100,1,2,50,0,4,4,2,0,1,0,1,4.9,4.9,20.5,143.4,-123,143.4,20.5,123,-6,0,0,0,0,0,0,0,0,0,0,0,0,0,0,0,0,0,0,0,0,0,0,0,0,0,0,0,0,0,0,0,0
BMET City of Birmingham Rockets EABL,"G. Singh, J. Agbeze, J. Hyland, L. Duru, P. Basioudis",Charnwood College Riders EABL,"A. Oyerinde, D. Hanousek, L. Stevenson, P. Kattah, T. Pearson",1,140,2.3,4.9,6,1,2,50,1,2,50,3,4,75,0,2,2,1,1,0,1,1,3,1,3,33.3,1,2,50,0,0,0,0,2,2,1,0,0,2,2,4.8,5.0,126.1,60,66.1,60,126.1,-66.1,3,0,0,0,0,0,0,0,0,0,0,0,0,0,0,0,0,0,0,0,0,0,0,0,0,0,0,0,0,0,0,0,0
Itchen College EABL,"B. Cope, E. Lotriet, E. Round, J. Ofman, M. Edwards",HHS Reading Rockets EABL,"C. Okumus, E. Harrington, J. Mackinnon, L. Bakary, M. Hassan-Taylor",1,185,3.1,4.9,3,0,5,0,0,2,0,3,3,100,1,3,4,0,0,0,0,0,3,1,4,25,0,2,0,1,2,50,0,3,3,0,0,0,0,1,5.0,4.9,60.2,61.5,-1.3,61.5,60.2,1.3,0,0,0,0,0,0,0,0,0,0,0,0,0,0,0,0,0,0,0,0,0,0,0,0,0,0,0,0,0,0,0,0,0
Derby College Trailblazers EABL,"C. Burr, E. Norman, K. Otaye, L. Ngomti, M. Smith-Fjordland",Myerscough College EABL,"A. Ibirinde, C. Sanchez Falette, L. Farrell, L. Roberts, N. Byfield",1,135,2.2,4.9,6,2,2,100,1,1,100,1,2,50,0,0,0,2,0,0,2,0,10,5,5,100,0,0,0,0,0,0,0,0,0,3,2,0,0,2,4.9,5.0,123,200,-77,200,123,77,-4,0,0,0,0,0,0,0,0,0,0,0,0,0,0,0,0,0,0,0,0,0,0,0,0,0,0,0,0,0,0,0,0
Copleston High School EABL,"C. Fobister, I. Carty-Peters, I. Little, M. Liddamore, N. Wilkinson",Oaklands Wolves EABL,"D. Gladstone, E. Da Cruz Fatuda, H. Morrell, L. Mcintosh, T. Mcintosh",1,72,1.2,4.9,2,1,3,33.3,0,1,0,0,0,0,0,0,0,1,3,0,2,0,3,1,3,33.3,0,1,0,1,2,50,2,2,4,1,0,0,3,1,5.0,4.7,40,63.3,-23.3,63.3,40,23.3,-1,0,0,0,0,0,0,0,0,0,0,0,0,0,0,0,0,0,0,0,0,0,0,0,0,0,0,0,0,0,0,0,0
Itchen College EABL,"B. Cope, D. Cimochowski, E. Round, M. Edwards, R. Matthias",City of London Academy - Southwark EABL,"A. Nwokolo, D. Banjoko, D. Banjoko, D. Patel, T. Gass",1,106,1.8,4.9,9,2,2,100,1,1,100,4,4,100,0,1,1,2,1,0,2,1,2,1,3,33.3,0,2,0,0,0,0,0,0,0,1,0,0,1,1,5.8,4.0,156.2,50,106.2,50,156.2,-106.2,7,0,0,0,0,0,0,0,0,0,0,0,0,0,0,0,0,0,0,0,0,0,0,0,0,0,0,0,0,0,0,0,0
Myerscough College EABL,"C. Sanchez Falette, D. Okhuoya, F. Morgan, J. Bobkowski, S. Latidan",SGS College EABL,"A. Bennett, D. Lloyd, K. Richards, M. Alburo, M. Pospori",1,164,2.7,4.9,4,2,7,28.6,0,1,0,0,0,0,4,1,5,0,0,0,2,0,4,2,3,66.7,0,1,0,0,0,0,0,1,1,1,0,0,2,0,4.7,5.0,84.7,80,4.7,80,84.7,-4.7,0,0,0,0,0,0,0,0,0,0,0,0,0,0,0,0,0,0,0,0,0,0,0,0,0,0,0,0,0,0,0,0,0
Oaklands Wolves EABL,"D. Gladstone, D. Kostadinov, E. Da Cruz Fatuda, L. Mcintosh, T. Mcintosh",HHS Reading Rockets EABL,"C. Okumus, J. Mackinnon, J. Waterhouse, M. Daines, M. Hassan-Taylor",1,139,2.3,4.9,4,1,7,14.3,0,2,0,2,2,100,3,1,4,0,2,1,1,1,4,2,5,40,0,2,0,0,0,0,2,2,4,2,1,0,2,1,5.0,4.9,79.6,82.3,-2.8,82.3,79.6,2.8,0,0,0,0,0,0,0,0,0,0,0,0,0,0,0,0,0,0,0,0,0,0,0,0,0,0,0,0,0,0,0,0,0
SGS College EABL,"A. Odowa, D. Lloyd, K. Richards, S. Nelson, Z. Lawson",Charnwood College Riders EABL,"A. Young, J. Hardy, L. Stevenson, S. Morris, T. Pearson",1,118,2.0,4.9,4,2,5,40,0,0,0,0,2,0,0,0,0,1,1,0,0,0,6,3,3,100,0,0,0,0,0,0,0,2,2,1,0,0,1,1,5.9,4.0,68,150,-82,150,68,82,-2,0,0,0,0,0,0,0,0,0,0,0,0,0,0,0,0,0,0,0,0,0,0,0,0,0,0,0,0,0,0,0,0
Charnwood College Riders EABL,"F. Saeed, J. Hardy, T. Curran, T. Pearson, Z. Gleadell-Smith",BMET City of Birmingham Rockets EABL,"A. Camara, J. Agbeze, L. Duru, P. Basioudis, P. Walsh",1,145,2.4,4.9,4,2,5,40,0,1,0,0,0,0,0,0,0,2,1,0,0,2,10,3,4,75,3,4,75,1,2,50,2,2,4,3,0,0,1,0,5.0,4.8,80,207.9,-127.9,207.9,80,127.9,-6,0,0,0,0,0,0,0,0,0,0,0,0,0,0,0,0,0,0,0,0,0,0,0,0,0,0,0,0,0,0,0,0
Myerscough College EABL,"C. Sanchez Falette, J. Bobkowski, O. Esingle, S. Latidan, Z. Trezvant",Derby College Trailblazers EABL,"C. Burr, E. Norman, G. Pastor, J. Lemanski, W. Tallon",1,108,1.8,4.9,5,2,3,66.7,1,2,50,0,0,0,0,2,2,2,0,1,2,3,2,0,2,0,0,0,0,2,4,50,0,1,1,0,0,0,1,2,5.0,4.8,100,42,58,42,100,-58,3,0,0,0,0,0,0,0,0,0,0,0,0,0,0,0,0,0,0,0,0,0,0,0,0,0,0,0,0,0,0,0,0
HHS Reading Rockets EABL,"A. Moloney, J. Mackinnon, L. Francis, M. Daines, M. Hassan-Taylor",Itchen College EABL,"E. Round, J. Osei-Owusu, M. Edwards, R. Radu, T. Blower",1,133,2.2,4.9,3,1,1,100,0,0,0,1,2,50,0,1,1,0,1,1,3,0,3,1,3,33.3,1,1,100,0,0,0,1,1,2,0,3,0,3,1,4.9,4.9,61.5,60.9,0.6,60.9,61.5,-0.6,0,0,0,0,0,0,0,0,0,0,0,0,0,0,0,0,0,0,0,0,0,0,0,0,0,0,0,0,0,0,0,0,0
HHS Reading Rockets EABL,"E. Harrington, L. Bakary, L. Francis, M. Daines, M. Hassan-Taylor",Copleston High School EABL,"I. Carty-Peters, I. Little, M. Liddamore, M. Wells, T. Rafiu",1,129,2.1,4.9,3,1,4,25,1,3,33.3,0,0,0,1,1,2,1,2,0,2,0,3,1,3,33.3,1,1,100,0,0,0,1,2,3,1,1,0,3,0,4.9,4.9,60.9,60.9,0,60.9,60.9,0,0,0,0,0,0,0,0,0,0,0,0,0,0,0,0,0,0,0,0,0,0,0,0,0,0,0,0,0,0,0,0,0,0
SGS College EABL,"D. Lloyd, I. Toure, K. Ramirez Mora, L. Matthews, M. Perez Tosca",Copleston High School EABL,"C. Fobister, E. Tamakloe, M. Liddamore, N. Wilkinson, T. Rafiu",1,116,1.9,4.9,0,0,4,0,0,1,0,0,0,0,1,2,3,0,0,0,2,0,4,2,4,50,0,0,0,0,2,0,1,2,3,2,2,1,1,0,4.6,5.2,0,77.4,-77.4,77.4,0,77.4,-4,0,0,0,0,0,0,0,0,0,0,0,0,0,0,0,0,0,0,0,0,0,0,0,0,0,0,0,0,0,0,0,0
Manchester Magic Academy EABL,"A. Isiorho, J. Odongo, J. Walton, L. Clayton, O. Babalola",Oaklands Wolves EABL,"D. Kostadinov, E. Da Cruz Fatuda, G. Mitchell, H. Morrell, L. Mcintosh",1,158,2.6,4.9,4,2,5,40,0,0,0,0,2,0,1,2,3,2,0,0,0,0,2,1,6,16.7,0,2,0,0,0,0,3,3,6,0,0,1,2,2,5.1,4.8,78.8,41.8,37,41.8,78.8,-37,2,0,0,0,0,0,0,0,0,0,0,0,0,0,0,0,0,0,0,0,0,0,0,0,0,0,0,0,0,0,0,0,0
Manchester Magic Academy EABL,"J. Odongo, J. Walton, L. Clayton, O. Babalola, T. Kamal Kazmi",Oaklands Wolves EABL,"D. Kostadinov, E. Da Cruz Fatuda, G. Mitchell, L. Mcintosh, S. Mills",1,171,2.9,4.9,2,1,5,20,0,3,0,0,0,0,1,3,4,1,0,0,0,2,5,2,5,40,1,4,25,0,4,0,1,3,4,2,0,0,0,0,3.9,6.0,50.9,83.9,-33,83.9,50.9,33,-3,0,0,0,0,0,0,0,0,0,0,0,0,0,0,0,0,0,0,0,0,0,0,0,0,0,0,0,0,0,0,0,0
Copleston High School EABL,"A. Hickey, I. Little, M. Liddamore, M. Wells, N. Wilkinson",Barking Abbey EABL,"F. Cole, M. Filho, M. Myamutenha, O. Visockas, R. Connolly",1,86,1.4,4.8,4,2,3,66.7,0,0,0,0,0,0,1,0,1,1,1,0,3,2,7,2,2,100,0,0,0,3,4,75,0,0,0,0,2,0,1,0,4.9,4.8,81.1,147.1,-65.9,147.1,81.1,65.9,-3,0,0,0,0,0,0,0,0,0,0,0,0,0,0,0,0,0,0,0,0,0,0,0,0,0,0,0,0,0,0,0,0
Itchen College EABL,"B. Cope, E. Lotriet, E. Round, J. Ofman, M. Yeates",HHS Reading Rockets EABL,"C. Okumus, E. Harrington, L. Bakary, M. Hassan-Taylor, N. Dent",1,131,2.2,4.8,7,2,3,66.7,1,2,50,2,2,100,0,3,3,1,1,0,1,1,1,0,4,0,0,1,0,1,2,50,1,1,2,0,0,0,1,0,4.9,4.8,143.4,20.8,122.7,20.8,143.4,-122.7,6,0,0,0,0,0,0,0,0,0,0,0,0,0,0,0,0,0,0,0,0,0,0,0,0,0,0,0,0,0,0,0,0
Itchen College EABL,"G. Andrews, J. Osei-Owusu, M. Edwards, R. Radu, T. Blower",HHS Reading Rockets EABL,"C. Okumus, E. Harrington, J. Mackinnon, J. Waterhouse, L. Franicis",1,80,1.3,4.8,6,2,3,66.7,0,0,0,2,2,100,0,2,2,2,1,0,1,1,2,0,2,0,0,2,0,2,4,50,0,0,0,1,0,0,1,1,4.9,4.8,123,42,80.9,42,123,-80.9,4,0,0,0,0,0,0,0,0,0,0,0,0,0,0,0,0,0,0,0,0,0,0,0,0,0,0,0,0,0,0,0,0
Manchester Magic Academy EABL,"J. Odongo, J. Styzcen-O'keefe, N. Brown, T. Kamal Kazmi, T. Weekes",SGS College EABL,"A. Odowa, M. Alburo, M. Pospori, R. Roach, W. Wewe",1,124,2.1,4.8,2,0,3,0,0,1,0,2,4,50,1,3,4,2,0,0,1,0,4,2,6,33.3,0,2,0,0,0,0,1,2,3,1,1,0,0,1,4.7,4.9,42.6,81.1,-38.5,81.1,42.6,38.5,-2,0,0,0,0,0,0,0,0,0,0,0,0,0,0,0,0,0,0,0,0,0,0,0,0,0,0,0,0,0,0,0,0
Myerscough College EABL,"D. Okhuoya, F. Morgan, J. Bobkowski, O. Esingle, S. Latidan",SGS College EABL,"A. Bennett, D. Lloyd, K. Richards, M. Alburo, M. Pospori",1,136,2.3,4.8,8,4,5,80,0,0,0,0,1,0,2,2,4,2,0,0,1,1,3,1,3,33.3,0,1,0,1,2,50,1,0,1,0,1,0,1,1,5.4,4.2,149,72,77,72,149,-77,5,0,0,0,0,0,0,0,0,0,0,0,0,0,0,0,0,0,0,0,0,0,0,0,0,0,0,0,0,0,0,0,0
SGS College EABL,"K. Richards, L. Matthews, M. Alburo, S. Nelson, Z. Lawson",Charnwood College Riders EABL,"A. Young, L. Stevenson, P. Kattah, T. Curran, Z. Gleadell-Smith",1,130,2.2,4.8,2,1,6,16.7,0,1,0,0,0,0,1,1,2,1,0,0,0,0,6,3,4,75,0,0,0,0,0,0,0,3,3,2,0,0,1,2,4.7,5.0,42.9,120,-77.1,120,42.9,77.1,-4,0,0,0,0,0,0,0,0,0,0,0,0,0,0,0,0,0,0,0,0,0,0,0,0,0,0,0,0,0,0,0,0
Barking Abbey EABL,"F. Cole, F. Oguntuase, K. Mabaya, K. N'gabala, O. Visockas",Copleston High School EABL,"I. Carty-Peters, I. Little, M. Liddamore, N. Wilkinson, T. Rafiu",1,104,1.7,4.8,4,1,5,20,0,0,0,2,2,100,2,1,3,1,3,0,1,1,0,0,1,0,0,1,0,0,2,0,0,2,2,0,1,0,3,0,4.7,4.9,84.4,0,84.4,0,84.4,-84.4,4,0,0,0,0,0,0,0,0,0,0,0,0,0,0,0,0,0,0,0,0,0,0,0,0,0,0,0,0,0,0,0,0
Manchester Magic Academy EABL,"A. Sagay Isiorho, D. Allotey, J. Odongo, J. Walton, T. Kamal Kazmi",BMET City of Birmingham Rockets EABL,"A. Camara, B. Rose, G. Singh, I. Gisbourne, P. Walsh",1,118,2.0,4.8,6,2,5,40,0,3,0,2,2,100,1,1,2,2,3,0,0,1,0,0,0,0,0,0,0,0,2,0,0,2,2,0,0,0,4,1,4.8,4.9,124.7,0,124.7,0,124.7,-124.7,6,0,0,0,0,0,0,0,0,0,0,0,0,0,0,0,0,0,0,0,0,0,0,0,0,0,0,0,0,0,0,0,0
Itchen College EABL,"G. Andrews, J. Osei-Owusu, M. Yeates, R. Radu, T. Blower",Charnwood College Riders EABL,"F. Saeed, J. Hardy, O. Hambira, T. Pearson, Z. Gleadell-Smith",1,118,2.0,4.8,3,0,3,0,0,2,0,3,4,75,0,2,2,2,1,1,0,1,2,1,2,50,0,0,0,0,2,0,0,3,3,1,0,0,2,1,4.8,4.9,63,41,22,41,63,-22,1,0,0,0,0,0,0,0,0,0,0,0,0,0,0,0,0,0,0,0,0,0,0,0,0,0,0,0,0,0,0,0,0
City of London Academy - Southwark EABL,"A. Nwokolo, D. Banjoko, J. Hannick, R. Cryer, T. Gass",Derby College Trailblazers EABL,"C. Burr, E. Norman, E. Rice, R. Hobday, W. Tallon",1,136,2.3,4.8,0,0,4,0,0,1,0,0,0,0,1,2,3,0,1,1,2,0,2,1,5,20,0,0,0,0,0,0,1,3,4,0,1,1,1,0,4.9,4.6,0,43.7,-43.7,43.7,0,43.7,-2,0,0,0,0,0,0,0,0,0,0,0,0,0,0,0,0,0,0,0,0,0,0,0,0,0,0,0,0,0,0,0,0
Charnwood College Riders EABL,"F. Saeed, P. Kattah, T. Curran, T. Pearson, Z. Gleadell-Smith",Oaklands Wolves EABL,"D. Gladstone, G. Mitchell, H. Morrell, L. Mcintosh, T. Mcintosh",1,91,1.5,4.8,7,3,5,60,0,1,0,1,1,100,1,0,1,1,1,0,0,2,3,0,0,0,0,0,0,3,3,100,0,1,1,0,0,0,4,2,4.4,5.3,160.2,56.4,103.8,56.4,160.2,-103.8,4,0,0,0,0,0,0,0,0,0,0,0,0,0,0,0,0,0,0,0,0,0,0,0,0,0,0,0,0,0,0,0,0
BMET City of Birmingham Rockets EABL,"B. Rose, G. Angoy, J. Agbeze, L. Duru, P. Walsh",SGS College EABL,"D. Lloyd, I. Toure, M. Perez Tosca, M. Pospori, S. Nelson",1,154,2.6,4.7,6,3,5,60,0,0,0,0,0,0,0,1,1,2,1,0,0,1,4,2,5,40,0,0,0,0,0,0,1,2,3,0,0,0,1,0,5.0,4.4,120,91,29,91,120,-29,2,0,0,0,0,0,0,0,0,0,0,0,0,0,0,0,0,0,0,0,0,0,0,0,0,0,0,0,0,0,0,0,0
BMET City of Birmingham Rockets EABL,"G. Angoy, I. Gisbourne, J. Hyland, L. Duru, P. Basioudis",SGS College EABL,"D. Lloyd, I. Toure, M. Perez Tosca, M. Pospori, S. Nelson",1,116,1.9,4.7,4,2,4,50,0,2,0,0,0,0,0,1,1,1,2,0,0,1,0,0,1,0,0,0,0,0,2,0,1,1,2,0,0,0,4,1,4.0,5.3,100,0,100,0,100,-100,4,0,0,0,0,0,0,0,0,0,0,0,0,0,0,0,0,0,0,0,0,0,0,0,0,0,0,0,0,0,0,0,0
Copleston High School EABL,"C. Fobister, E. Tamakloe, I. Little, M. Liddamore, T. Rafiu",Barking Abbey EABL,"F. Cole, H. Mclauchlan, J. Mendes, S. Dobson Smith, W. Harper",1,104,1.7,4.7,8,3,4,75,1,1,100,1,1,100,0,2,2,0,2,0,0,0,0,0,4,0,0,3,0,0,0,0,2,1,3,0,0,1,3,0,4.4,4.9,180.2,0,180.2,0,180.2,-180.2,8,0,0,0,0,0,0,0,0,0,0,0,0,0,0,0,0,0,0,0,0,0,0,0,0,0,0,0,0,0,0,0,0
SGS College EABL,"A. Bennett, D. Lloyd, K. Richards, L. Matthews, M. Perez Tosca",Derby College Trailblazers EABL,"C. Burr, E. Norman, G. Pastor, J. Howlett, W. Tallon",1,103,1.7,4.7,5,1,3,33.3,0,1,0,3,3,100,0,3,3,0,1,1,0,0,0,0,4,0,0,2,0,0,0,0,0,2,2,0,0,0,1,2,4.3,5.0,115.7,0,115.7,0,115.7,-115.7,5,0,0,0,0,0,0,0,0,0,0,0,0,0,0,0,0,0,0,0,0,0,0,0,0,0,0,0,0,0,0,0,0
Charnwood College Riders EABL,"A. Oyerinde, D. Hanousek, P. Kattah, R. Buckingham, S. Morris",Derby College Trailblazers EABL,"E. Norman, E. Rice, G. Pastor, R. Hobday, W. Tallon",1,148,2.5,4.7,5,2,3,66.7,1,1,100,0,0,0,0,1,1,1,0,0,1,1,7,2,3,66.7,0,0,0,3,3,100,0,1,1,3,0,0,1,0,4.0,5.3,125,131.6,-6.6,131.6,125,6.6,-2,0,0,0,0,0,0,0,0,0,0,0,0,0,0,0,0,0,0,0,0,0,0,0,0,0,0,0,0,0,0,0,0
BMET City of Birmingham Rockets EABL,"G. Angoy, J. Hyland, L. Duru, P. Basioudis, P. Walsh",Myerscough College EABL,"A. Cisse, D. Okhuoya, H. Sheehan, J. Bobkowski, S. Latidan",1,105,1.8,4.7,1,0,1,0,0,0,0,1,2,50,0,0,0,0,0,0,2,1,9,3,3,100,2,2,100,1,1,100,0,1,1,1,1,0,2,1,3.9,5.4,25.8,165.4,-139.7,165.4,25.8,139.7,-8,0,0,0,0,0,0,0,0,0,0,0,0,0,0,0,0,0,0,0,0,0,0,0,0,0,0,0,0,0,0,0,0
City of London Academy - Southwark EABL,"B. Manfo-Marc, L. Thompson, N. Senessie, R. Cryer, T. Gass",Copleston High School EABL,"A. Hickey, I. Little, M. Liddamore, O. Drane, T. Rafiu",1,113,1.9,4.7,5,2,5,40,1,3,33.3,0,0,0,0,1,1,2,2,1,0,1,3,1,2,50,0,0,0,1,1,100,0,2,2,1,0,0,2,0,5.0,4.4,100,67.6,32.4,67.6,100,-32.4,2,0,0,0,0,0,0,0,0,0,0,0,0,0,0,0,0,0,0,0,0,0,0,0,0,0,0,0,0,0,0,0,0
Barking Abbey EABL,"A. Nwabueze, H. Parkin, J. Mendes, M. Filho, R. Connolly",City of London Academy - Southwark EABL,"B. Olowoshile, D. Banjoko, D. Banjoko, D. Patel, T. Gass",1,96,1.6,4.7,2,1,1,100,0,0,0,0,0,0,0,1,1,0,0,0,3,1,7,3,5,60,0,0,0,1,1,100,0,0,0,1,3,0,0,0,4.0,5.4,50,128.7,-78.7,128.7,50,78.7,-5,0,0,0,0,0,0,0,0,0,0,0,0,0,0,0,0,0,0,0,0,0,0,0,0,0,0,0,0,0,0,0,0
Itchen College EABL,"D. Cimochowski, E. Lotriet, J. Ofman, R. Radu, T. Blower",Barking Abbey EABL,"A. Maitland, J. Mendes, K. Mabaya, M. Filho, R. Connolly",1,109,1.8,4.7,1,0,2,0,0,1,0,1,1,100,0,4,4,0,0,1,2,1,0,0,4,0,0,2,0,0,2,0,1,2,3,0,2,0,1,1,4.4,5.0,22.5,0,22.5,0,22.5,-22.5,1,0,0,0,0,0,0,0,0,0,0,0,0,0,0,0,0,0,0,0,0,0,0,0,0,0,0,0,0,0,0,0,0
HHS Reading Rockets EABL,"A. Moloney, C. Okumus, E. Harrington, J. Waterhouse, M. Hassan-Taylor",Copleston High School EABL,"C. Fobister, E. Tamakloe, I. Little, M. Liddamore, T. Rafiu",1,102,1.7,4.7,4,2,2,100,0,0,0,0,2,0,1,1,2,1,0,0,2,1,6,2,3,66.7,1,1,100,1,1,100,0,0,0,1,1,0,1,1,4.9,4.4,82,135.1,-53.2,135.1,82,53.2,-2,0,0,0,0,0,0,0,0,0,0,0,0,0,0,0,0,0,0,0,0,0,0,0,0,0,0,0,0,0,0,0,0
HHS Reading Rockets EABL,"A. Moloney, J. Mackinnon, J. Waterhouse, M. Daines, M. Hassan-Taylor",SGS College EABL,"D. Lloyd, I. Toure, K. Ramirez Mora, M. Perez Tosca, T. Wallace-Gayle",1,120,2.0,4.7,2,1,2,50,0,0,0,0,0,0,0,1,1,1,0,0,2,1,10,4,5,80,1,1,100,1,1,100,0,1,1,3,2,1,0,0,4.0,5.4,50,183.8,-133.8,183.8,50,133.8,-8,0,0,0,0,0,0,0,0,0,0,0,0,0,0,0,0,0,0,0,0,0,0,0,0,0,0,0,0,0,0,0,0
Barking Abbey EABL,"F. Oguntuase, J. Mendes, K. Mabaya, M. Filho, S. Dobson Smith",HHS Reading Rockets EABL,"E. Harrington, J. Waterhouse, M. Daines, M. Hassan-Taylor, N. Dent",1,211,3.5,4.6,7,2,5,40,1,4,25,2,2,100,2,2,4,2,1,1,1,1,4,1,5,20,0,1,0,2,2,100,1,0,1,1,1,0,1,1,3.7,5.5,190.7,73.3,117.4,73.3,190.7,-117.4,3,0,0,0,0,0,0,0,0,0,0,0,0,0,0,0,0,0,0,0,0,0,0,0,0,0,0,0,0,0,0,0,0
BMET City of Birmingham Rockets EABL,"G. Angoy, J. Agbeze, J. Hyland, L. Duru, P. Basioudis",Charnwood College Riders EABL,"F. Saeed, P. Kattah, R. Buckingham, T. Curran, Z. Gleadell-Smith",1,142,2.4,4.6,5,2,7,28.6,1,2,50,0,0,0,2,1,3,1,0,0,0,2,3,1,3,33.3,0,1,0,1,2,50,1,2,3,1,0,1,2,0,4.3,4.8,115.6,62.4,53.2,62.4,115.6,-53.2,2,0,0,0,0,0,0,0,0,0,0,0,0,0,0,0,0,0,0,0,0,0,0,0,0,0,0,0,0,0,0,0,0
Copleston High School EABL,"I. Carty-Peters, L. Read, M. Liddamore, M. Wells, N. Wilkinson",Oaklands Wolves EABL,"E. Da Cruz Fatuda, E. Ryan, G. Mitchell, H. Morrell, T. Mcintosh",1,114,1.9,4.6,4,2,4,50,0,0,0,0,0,0,0,2,2,0,0,1,1,1,5,2,7,28.6,0,2,0,1,1,100,3,1,4,1,1,0,0,1,5.0,4.2,80,118.2,-38.2,118.2,80,38.2,-1,0,0,0,0,0,0,0,0,0,0,0,0,0,0,0,0,0,0,0,0,0,0,0,0,0,0,0,0,0,0,0,0
Derby College Trailblazers EABL,"C. Burr, E. Norman, E. Rice, G. Pastor, R. Hobday",BMET City of Birmingham Rockets EABL,"G. Angoy, J. Agbeze, J. Hyland, L. Duru, P. Basioudis",1,162,2.7,4.6,6,2,5,40,0,1,0,2,2,100,1,1,2,2,0,0,0,2,8,3,5,60,1,2,50,1,3,33.3,2,1,3,2,0,1,0,1,4.3,4.9,140.4,163.5,-23.1,163.5,140.4,23.1,-2,0,0,0,0,0,0,0,0,0,0,0,0,0,0,0,0,0,0,0,0,0,0,0,0,0,0,0,0,0,0,0,0
SGS College EABL,"K. Ramirez Mora, K. Richards, L. Matthews, M. Perez Tosca, S. Nelson",BMET City of Birmingham Rockets EABL,"G. Angoy, J. Agbeze, J. Hyland, L. Duru, P. Basioudis",1,149,2.5,4.6,5,2,5,40,1,4,25,0,0,0,1,2,3,2,0,0,1,2,7,3,4,75,1,1,100,0,2,0,0,1,1,2,1,0,0,1,4.4,4.9,113.8,143.4,-29.7,143.4,113.8,29.7,-2,0,0,0,0,0,0,0,0,0,0,0,0,0,0,0,0,0,0,0,0,0,0,0,0,0,0,0,0,0,0,0,0
Myerscough College EABL,"A. Ibirinde, C. Sanchez Falette, H. Sheehan, J. Bobkowski, Z. Trezvant",Derby College Trailblazers EABL,"C. Burr, E. Rice, J. Lemanski, R. Hobday, W. Tallon",1,130,2.2,4.6,6,3,7,42.9,0,1,0,0,0,0,2,3,5,1,1,0,1,0,0,0,3,0,0,2,0,0,0,0,0,1,1,0,0,1,1,0,5.1,4.0,116.6,0,116.6,0,116.6,-116.6,6,0,0,0,0,0,0,0,0,0,0,0,0,0,0,0,0,0,0,0,0,0,0,0,0,0,0,0,0,0,0,0,0
Myerscough College EABL,"A. Cisse, D. Okhuoya, F. Morgan, J. Bobkowski, L. Farrell",Derby College Trailblazers EABL,"C. Burr, E. Rice, F. Tuck, G. Pastor, K. Otaye",1,165,2.8,4.6,9,3,6,50,3,5,60,0,0,0,1,2,3,3,0,0,0,2,5,2,4,50,0,1,0,1,2,50,0,1,1,2,0,0,0,0,4.4,4.9,204.8,102.5,102.3,102.5,204.8,-102.3,4,0,0,0,0,0,0,0,0,0,0,0,0,0,0,0,0,0,0,0,0,0,0,0,0,0,0,0,0,0,0,0,0
Barking Abbey EABL,"A. Maitland, J. Mendes, M. Filho, M. Myamutenha, R. Connolly",HHS Reading Rockets EABL,"E. Harrington, L. Bakary, L. Franicis, M. Daines, M. Hassan-Taylor",1,102,1.7,4.5,4,2,4,50,0,2,0,0,0,0,0,1,1,0,1,0,0,1,2,1,3,33.3,0,1,0,0,0,0,0,1,1,0,0,0,2,0,4.0,5.0,100,40,60,40,100,-60,2,0,0,0,0,0,0,0,0,0,0,0,0,0,0,0,0,0,0,0,0,0,0,0,0,0,0,0,0,0,0,0,0
Itchen College EABL,"B. Cope, D. Cimochowski, E. Lotriet, J. Ofman, T. Blower",HHS Reading Rockets EABL,"C. Okumus, E. Harrington, J. Waterhouse, M. Hassan-Taylor, N. Dent",1,107,1.8,4.5,5,2,3,66.7,1,1,100,0,0,0,1,1,2,2,2,0,2,1,4,2,3,66.7,0,1,0,0,0,0,0,0,0,0,2,0,2,0,3.9,5.0,127.2,80,47.2,80,127.2,-47.2,1,0,0,0,0,0,0,0,0,0,0,0,0,0,0,0,0,0,0,0,0,0,0,0,0,0,0,0,0,0,0,0,0
Derby College Trailblazers EABL,"C. Burr, E. Norman, E. Rice, G. Pastor, J. Howlett, M. Smith-Fjordland",Myerscough College EABL,"D. Okhuoya, L. Farrell, O. Esingle, S. Latidan, Z. Trezvant",1,76,1.3,4.5,0,0,2,0,0,2,0,0,0,0,0,1,1,0,0,0,2,0,8,4,6,66.7,0,1,0,0,0,0,1,2,3,2,1,0,0,0,4.0,4.9,0,162.3,-162.3,162.3,0,162.3,-8,0,0,0,0,0,0,0,0,0,0,0,0,0,0,0,0,0,0,0,0,0,0,0,0,0,0,0,0,0,0,0,0
Manchester Magic Academy EABL,"D. Allotey, J. Walton, O. Babalola, S. Sidi-Boumedine, T. Richardson",SGS College EABL,"D. Lloyd, I. Toure, L. Matthews, M. Pospori, S. Nelson",1,69,1.1,4.5,9,4,6,66.7,1,1,100,0,0,0,1,0,1,2,3,0,0,0,2,1,1,100,0,0,0,0,0,0,0,1,1,1,0,0,3,0,4.9,4.0,182.6,50,132.6,50,182.6,-132.6,7,0,0,0,0,0,0,0,0,0,0,0,0,0,0,0,0,0,0,0,0,0,0,0,0,0,0,0,0,0,0,0,0
Itchen College EABL,"D. Cimochowski, E. Round, M. Edwards, R. Radu, T. Blower",City of London Academy - Southwark EABL,"D. Banjoko, N. Senessie, R. Cryer, R. Testfay, T. Gass",1,101,1.7,4.5,0,0,1,0,0,1,0,0,0,0,0,1,1,0,1,0,4,1,4,2,4,50,0,1,0,0,0,0,1,1,2,0,2,0,1,0,5.0,3.9,0,101.8,-101.8,101.8,0,101.8,-4,0,0,0,0,0,0,0,0,0,0,0,0,0,0,0,0,0,0,0,0,0,0,0,0,0,0,0,0,0,0,0,0
Oaklands Wolves EABL,"D. Gladstone, G. Augenti, K. Gasperas, T. Mcintosh, Z. Gribble",Copleston High School EABL,"I. Little, M. Liddamore, N. Wilkinson, O. Drane, T. Rafiu",1,87,1.4,4.5,6,2,3,66.7,2,3,66.7,0,0,0,0,2,2,2,0,1,2,0,2,1,3,33.3,0,1,0,0,0,0,0,0,0,1,1,0,1,0,5.0,4.0,120,50,70,50,120,-70,4,0,0,0,0,0,0,0,0,0,0,0,0,0,0,0,0,0,0,0,0,0,0,0,0,0,0,0,0,0,0,0,0
SGS College EABL,"K. Ramirez Mora, K. Richards, L. Matthews, M. Alburo, M. Perez Tosca",BMET City of Birmingham Rockets EABL,"G. Angoy, J. Agbeze, J. Hyland, L. Duru, P. Basioudis",1,115,1.9,4.5,2,1,4,25,0,2,0,0,0,0,1,1,2,0,0,1,1,0,6,3,5,60,0,1,0,0,0,0,0,2,2,1,1,1,0,0,3.9,5.0,50.9,120,-69.1,120,50.9,69.1,-4,0,0,0,0,0,0,0,0,0,0,0,0,0,0,0,0,0,0,0,0,0,0,0,0,0,0,0,0,0,0,0,0
SGS College EABL,"I. Toure, K. Ramirez Mora, L. Matthews, M. Alburo, M. Perez Tosca",Charnwood College Riders EABL,"A. Oyerinde, F. Saeed, O. Hambira, P. Kattah, T. Pearson",1,109,1.8,4.5,5,2,4,50,1,2,50,0,0,0,1,1,2,1,1,0,2,0,2,1,2,50,0,0,0,0,0,0,0,1,1,1,1,0,2,1,4.9,4.0,101.4,50,51.4,50,101.4,-51.4,3,0,0,0,0,0,0,0,0,0,0,0,0,0,0,0,0,0,0,0,0,0,0,0,0,0,0,0,0,0,0,0,0
Barking Abbey EABL,"A. Nwabueze, H. Egbayelo, K. Mabaya, M. Filho, O. Visockas",Copleston High School EABL,"A. Hickey, G. Millar, I. Little, N. Wilkinson, T. Rafiu",1,109,1.8,4.5,2,1,2,50,0,1,0,0,0,0,0,3,3,0,0,1,2,0,3,1,4,25,1,3,33.3,0,0,0,0,1,1,0,2,0,1,1,4.0,5.0,50,60,-10,60,50,10,-1,0,0,0,0,0,0,0,0,0,0,0,0,0,0,0,0,0,0,0,0,0,0,0,0,0,0,0,0,0,0,0,0
Barking Abbey EABL,"H. Parkin, J. Mendes, M. Filho, O. Visockas, R. Connolly",Copleston High School EABL,"C. Fobister, I. Little, M. Liddamore, N. Wilkinson, T. Rafiu",1,147,2.5,4.5,4,2,4,50,0,2,0,0,0,0,0,0,0,0,1,0,1,0,7,3,3,100,1,1,100,0,0,0,0,1,1,3,0,0,1,1,5.0,4.0,80,175,-95,175,80,95,-3,0,0,0,0,0,0,0,0,0,0,0,0,0,0,0,0,0,0,0,0,0,0,0,0,0,0,0,0,0,0,0,0
Barking Abbey EABL,"A. Nwabueze, J. Mendes, K. N'gabala, M. Filho, R. Connolly",City of London Academy - Southwark EABL,"A. Nwokolo, D. Banjoko, D. Patel, J. Hannick, T. Gass",1,73,1.2,4.5,5,2,6,33.3,0,2,0,1,2,50,1,0,1,1,3,0,1,0,4,2,3,66.7,0,0,0,0,1,0,1,0,1,1,1,0,3,0,3.6,5.4,138.9,74.5,64.4,74.5,138.9,-64.4,1,0,0,0,0,0,0,0,0,0,0,0,0,0,0,0,0,0,0,0,0,0,0,0,0,0,0,0,0,0,0,0,0
Barking Abbey EABL,"A. Nwabueze, J. Mendes, M. Filho, O. Visockas, R. Connolly",City of London Academy - Southwark EABL,"B. Olowoshile, D. Banjoko, D. Banjoko, J. Hannick, T. Gass",1,115,1.9,4.5,3,1,3,33.3,1,1,100,0,0,0,0,1,1,1,1,1,1,0,0,0,4,0,0,3,0,0,0,0,0,1,1,0,1,1,1,1,4.0,5.0,75,0,75,0,75,-75,3,0,0,0,0,0,0,0,0,0,0,0,0,0,0,0,0,0,0,0,0,0,0,0,0,0,0,0,0,0,0,0,0
Itchen College EABL,"B. Cope, D. Cimochowski, E. Lotriet, E. Round, J. Ofman",Barking Abbey EABL,"J. Mendes, K. Mabaya, M. Filho, O. Visockas, R. Connolly",1,130,2.2,4.5,2,1,3,33.3,0,0,0,0,0,0,0,0,0,1,2,0,1,1,5,2,2,100,1,1,100,0,0,0,0,2,2,1,0,0,3,1,4.0,5.0,50,100,-50,100,50,50,-3,0,0,0,0,0,0,0,0,0,0,0,0,0,0,0,0,0,0,0,0,0,0,0,0,0,0,0,0,0,0,0,0
HHS Reading Rockets EABL,"E. Harrington, J. Mackinnon, L. Francis, M. Daines, M. Hassan-Taylor",Itchen College EABL,"B. Cope, D. Cimochowski, E. Lotriet, E. Round, J. Ofman",1,109,1.8,4.5,0,0,4,0,0,2,0,0,0,0,0,1,1,0,1,0,0,0,4,2,3,66.7,0,0,0,0,0,0,0,4,4,2,0,0,2,1,4.0,5.0,0,80,-80,80,0,80,-4,0,0,0,0,0,0,0,0,0,0,0,0,0,0,0,0,0,0,0,0,0,0,0,0,0,0,0,0,0,0,0,0
HHS Reading Rockets EABL,"E. Harrington, J. Mackinnon, J. Waterhouse, M. Daines, M. Hassan-Taylor",Copleston High School EABL,"C. Fobister, I. Carty-Peters, I. Little, M. Liddamore, T. Rafiu",1,96,1.6,4.5,3,1,4,25,1,1,100,0,0,0,0,1,1,0,3,1,0,0,0,0,2,0,0,1,0,0,0,0,1,3,4,0,0,0,4,0,4.0,4.9,75,0,75,0,75,-75,3,0,0,0,0,0,0,0,0,0,0,0,0,0,0,0,0,0,0,0,0,0,0,0,0,0,0,0,0,0,0,0,0
SGS College EABL,"D. Lloyd, I. Toure, K. Ramirez Mora, L. Matthews, M. Perez Tosca",Copleston High School EABL,"C. Fobister, I. Little, L. Read, N. Wilkinson, T. Rafiu",1,145,2.4,4.5,7,3,4,75,1,1,100,0,3,0,2,0,2,1,1,0,1,0,9,3,6,50,3,5,60,0,0,0,2,0,2,3,1,0,1,1,5.2,3.8,133.3,237.5,-104.1,237.5,133.3,104.1,-2,0,0,0,0,0,0,0,0,0,0,0,0,0,0,0,0,0,0,0,0,0,0,0,0,0,0,0,0,0,0,0,0
HHS Reading Rockets EABL,"E. Harrington, J. Mackinnon, J. Waterhouse, M. Daines, M. Hassan-Taylor",SGS College EABL,"D. Lloyd, I. Toure, K. Ramirez Mora, L. Matthews, M. Perez Tosca",1,134,2.2,4.5,4,2,6,33.3,0,1,0,0,1,0,1,2,3,2,0,0,0,2,4,0,3,0,0,0,0,4,4,100,1,3,4,0,0,0,0,2,5.4,3.7,74.5,108.4,-33.9,108.4,74.5,33.9,0,0,0,0,0,0,0,0,0,0,0,0,0,0,0,0,0,0,0,0,0,0,0,0,0,0,0,0,0,0,0,0,0
Manchester Magic Academy EABL,"J. Odongo, J. Walton, N. Brown, O. Babalola, S. Sidi-Boumedine",Charnwood College Riders EABL,"D. Hanousek, L. Boothe, S. Morris, T. Curran, T. Pearson",1,115,1.9,4.4,0,0,2,0,0,0,0,0,2,0,0,2,2,0,0,0,1,0,0,0,3,0,0,3,0,0,0,0,1,3,4,0,1,0,3,2,3.9,4.9,0,0,0,0,0,0,0,0,0,0,0,0,0,0,0,0,0,0,0,0,0,0,0,0,0,0,0,0,0,0,0,0,0,0,0,0,0,0,0
SGS College EABL,"D. Lloyd, I. Toure, K. Ramirez Mora, M. Perez Tosca, S. Nelson",Myerscough College EABL,"A. Ibirinde, C. Sanchez Falette, F. Morgan, H. Sheehan, O. Esingle",1,111,1.9,4.4,0,0,4,0,0,3,0,0,0,0,2,1,3,0,0,0,3,0,7,3,4,75,1,1,100,0,0,0,0,2,2,2,2,1,0,0,4.9,4.0,0,175,-175,175,0,175,-7,0,0,0,0,0,0,0,0,0,0,0,0,0,0,0,0,0,0,0,0,0,0,0,0,0,0,0,0,0,0,0,0
Itchen College EABL,"B. Cope, G. Andrews, J. Osei-Owusu, M. Edwards, T. Blower",Copleston High School EABL,"A. Hickey, C. Fobister, J. Mussington, M. Liddamore, T. Rafiu",1,128,2.1,4.4,4,2,5,40,0,2,0,0,0,0,2,0,2,1,1,0,1,0,7,3,3,100,1,1,100,0,0,0,0,1,1,0,1,0,2,0,3.9,5.0,103.6,140,-36.4,140,103.6,36.4,-3,0,0,0,0,0,0,0,0,0,0,0,0,0,0,0,0,0,0,0,0,0,0,0,0,0,0,0,0,0,0,0,0
Copleston High School EABL,"A. Hickey, E. Tamakloe, M. Liddamore, N. Wilkinson, O. Drane",Barking Abbey EABL,"E. Albrecht, J. Mendes, K. N'gabala, M. Filho, R. Connolly",1,116,1.9,4.4,5,1,3,33.3,1,2,50,2,2,100,0,0,0,0,0,0,1,0,7,3,3,100,1,1,100,0,0,0,0,2,2,1,1,0,1,1,4.9,4.0,102.5,175,-72.5,175,102.5,72.5,-2,0,0,0,0,0,0,0,0,0,0,0,0,0,0,0,0,0,0,0,0,0,0,0,0,0,0,0,0,0,0,0,0
Charnwood College Riders EABL,"D. Stephens, L. Boothe, R. Buckingham, T. Curran, Z. Gleadell-Smith",SGS College EABL,"K. Richards, L. Matthews, M. Alburo, M. Perez Tosca, M. Pospori",1,66,1.1,4.4,7,3,5,60,0,1,0,1,4,25,3,2,5,2,1,0,0,2,2,1,3,33.3,0,1,0,0,1,0,1,1,2,1,0,0,1,2,5.2,3.7,135.8,53.7,82.1,53.7,135.8,-82.1,5,0,0,0,0,0,0,0,0,0,0,0,0,0,0,0,0,0,0,0,0,0,0,0,0,0,0,0,0,0,0,0,0
Oaklands Wolves EABL,"D. Kostadinov, E. Da Cruz Fatuda, G. Mitchell, L. Mcintosh, T. Mcintosh",Itchen College EABL,"B. Cope, E. Lotriet, E. Round, M. Edwards, T. Blower",1,108,1.8,4.4,5,2,2,100,1,1,100,0,2,0,0,0,0,1,1,0,2,1,7,3,3,100,1,1,100,0,0,0,0,1,1,2,0,0,1,1,4.9,4.0,102.5,175,-72.5,175,102.5,72.5,-2,0,0,0,0,0,0,0,0,0,0,0,0,0,0,0,0,0,0,0,0,0,0,0,0,0,0,0,0,0,0,0,0
BMET City of Birmingham Rockets EABL,"D. Pittaway, J. Kesto, J. Ogbeide, L. Duru, P. Walsh",Manchester Magic Academy EABL,"D. Allotey, N. Brown, O. Babalola, S. Sidi-Boumedine, T. Richardson",1,100,1.7,4.4,5,2,3,66.7,0,1,0,1,2,50,1,2,3,1,0,0,1,2,3,1,4,25,0,0,0,1,1,100,1,1,2,0,1,0,1,0,4.3,4.4,115.1,68.6,46.4,68.6,115.1,-46.4,2,0,0,0,0,0,0,0,0,0,0,0,0,0,0,0,0,0,0,0,0,0,0,0,0,0,0,0,0,0,0,0,0
Copleston High School EABL,"A. Hickey, I. Carty-Peters, I. Little, N. Wilkinson, T. Rafiu",HHS Reading Rockets EABL,"C. Okumus, E. Harrington, L. Bakary, M. Daines, N. Dent",1,137,2.3,4.4,0,0,4,0,0,4,0,0,0,0,2,0,2,0,0,0,3,2,7,3,3,100,1,1,100,0,0,0,0,2,2,3,2,0,1,0,4.9,4.0,0,175,-175,175,0,175,-7,0,0,0,0,0,0,0,0,0,0,0,0,0,0,0,0,0,0,0,0,0,0,0,0,0,0,0,0,0,0,0,0
SGS College EABL,"I. Toure, L. Matthews, M. Perez Tosca, M. Pospori, S. Nelson",Derby College Trailblazers EABL,"E. Norman, G. Pastor, J. Howlett, M. Smith-Fjordland, W. Tallon",1,112,1.9,4.4,3,1,3,33.3,0,1,0,1,2,50,0,2,2,0,1,0,0,0,2,1,4,25,0,0,0,0,0,0,1,3,4,0,0,0,2,1,3.9,4.9,77.3,40.6,36.8,40.6,77.3,-36.8,1,0,0,0,0,0,0,0,0,0,0,0,0,0,0,0,0,0,0,0,0,0,0,0,0,0,0,0,0,0,0,0,0
Derby College Trailblazers EABL,"C. Burr, E. Rice, G. Pastor, J. Howlett, W. Tallon",Charnwood College Riders EABL,"L. Stevenson, R. Buckingham, T. Curran, T. Pearson, Z. Gleadell-Smith",1,131,2.2,4.4,4,2,5,40,0,2,0,0,0,0,1,2,3,0,0,0,0,1,4,2,3,66.7,0,1,0,0,2,0,0,2,2,1,0,0,1,0,3.9,4.9,101.8,82,19.8,82,101.8,-19.8,0,0,0,0,0,0,0,0,0,0,0,0,0,0,0,0,0,0,0,0,0,0,0,0,0,0,0,0,0,0,0,0,0
Oaklands Wolves EABL,"D. Gladstone, D. Kostadinov, E. Da Cruz Fatuda, G. Mitchell, H. Morrell",Barking Abbey EABL,"F. Oguntuase, J. Mendes, M. Filho, O. Visockas, R. Connolly",1,154,2.6,4.4,5,2,4,50,1,3,33.3,0,0,0,0,1,1,1,0,0,0,1,7,3,5,60,0,1,0,1,2,50,1,2,3,1,0,0,0,0,4.0,4.8,125,145.5,-20.5,145.5,125,20.5,-2,0,0,0,0,0,0,0,0,0,0,0,0,0,0,0,0,0,0,0,0,0,0,0,0,0,0,0,0,0,0,0,0
Myerscough College EABL,"H. Sheehan, N. Byfield, O. Esingle, S. Latidan, Z. Trezvant",SGS College EABL,"D. Lloyd, I. Toure, M. Alburo, M. Perez Tosca, M. Pospori",1,132,2.2,4.4,5,2,4,50,1,2,50,0,0,0,0,2,2,2,0,0,0,1,2,0,3,0,0,2,0,2,2,100,0,2,2,0,0,0,1,0,4.0,4.9,125,41,84,41,125,-84,3,0,0,0,0,0,0,0,0,0,0,0,0,0,0,0,0,0,0,0,0,0,0,0,0,0,0,0,0,0,0,0,0
Myerscough College EABL,"H. Sheehan, L. Farrell, N. Byfield, S. Latidan, Z. Trezvant",SGS College EABL,"D. Lloyd, I. Toure, K. Ramirez Mora, M. Alburo, S. Nelson",1,151,2.5,4.4,7,3,3,100,1,1,100,0,0,0,0,1,1,3,1,0,2,1,4,1,2,50,0,0,0,2,2,100,0,0,0,1,0,0,1,0,5.0,3.9,140,103.1,36.9,103.1,140,-36.9,3,0,0,0,0,0,0,0,0,0,0,0,0,0,0,0,0,0,0,0,0,0,0,0,0,0,0,0,0,0,0,0,0
Oaklands Wolves EABL,"D. Gladstone, E. Da Cruz Fatuda, H. Morrell, L. Mcintosh, T. Mcintosh",Copleston High School EABL,"C. Fobister, E. Tamakloe, M. Liddamore, N. Wilkinson, T. Rafiu",1,135,2.2,4.4,8,3,4,75,2,2,100,0,0,0,0,0,0,0,0,0,0,1,10,4,5,80,1,2,50,1,2,50,1,1,2,1,0,0,0,0,4.0,4.8,200,207.9,-7.9,207.9,200,7.9,-2,0,0,0,0,0,0,0,0,0,0,0,0,0,0,0,0,0,0,0,0,0,0,0,0,0,0,0,0,0,0,0,0
Copleston High School EABL,"E. Tamakloe, I. Carty-Peters, M. Liddamore, N. Wilkinson, T. Rafiu",Itchen College EABL,"B. Cope, J. Osei-Owusu, M. Edwards, R. Radu, T. Blower",1,120,2.0,4.4,4,1,3,33.3,0,2,0,2,2,100,1,0,1,0,1,0,2,1,4,2,3,66.7,0,1,0,0,0,0,0,1,1,0,2,0,1,2,4.8,4.0,83.2,100,-16.8,100,83.2,16.8,0,0,0,0,0,0,0,0,0,0,0,0,0,0,0,0,0,0,0,0,0,0,0,0,0,0,0,0,0,0,0,0,0
Charnwood College Riders EABL,"L. Stevenson, P. Kattah, R. Buckingham, T. Curran, T. Pearson",Derby College Trailblazers EABL,"C. Burr, E. Norman, G. Pastor, J. Howlett, L. Ngomti",1,79,1.3,4.4,0,0,2,0,0,1,0,0,0,0,1,0,1,0,0,0,2,0,6,2,2,100,1,1,100,1,2,50,0,1,1,1,1,0,3,1,2.9,5.9,0,102,-102,102,0,102,-6,0,0,0,0,0,0,0,0,0,0,0,0,0,0,0,0,0,0,0,0,0,0,0,0,0,0,0,0,0,0,0,0
BMET City of Birmingham Rockets EABL,"G. Angoy, I. Gisbourne, J. Agbeze, L. Duru, P. Basioudis",Myerscough College EABL,"F. Morgan, L. Farrell, O. Esingle, S. Latidan, Z. Trezvant",1,98,1.6,4.4,2,1,2,50,0,0,0,0,1,0,0,0,0,1,1,0,2,1,7,3,3,100,0,0,0,1,1,100,0,1,1,1,2,0,1,2,4.4,4.4,45,157.7,-112.6,157.7,45,112.6,-5,0,0,0,0,0,0,0,0,0,0,0,0,0,0,0,0,0,0,0,0,0,0,0,0,0,0,0,0,0,0,0,0
BMET City of Birmingham Rockets EABL,"B. Rose, D. Pittaway, J. Hyland, L. Duru, P. Walsh",Myerscough College EABL,"A. Ibirinde, D. Okhuoya, F. Morgan, J. Bobkowski, L. Farrell",1,150,2.5,4.4,3,1,4,25,1,3,33.3,0,0,0,0,3,3,0,0,0,0,1,3,1,3,33.3,0,2,0,1,2,50,0,3,3,2,0,0,1,0,4.0,4.9,75,61.5,13.5,61.5,75,-13.5,0,0,0,0,0,0,0,0,0,0,0,0,0,0,0,0,0,0,0,0,0,0,0,0,0,0,0,0,0,0,0,0,0
Derby College Trailblazers EABL,"C. Burr, E. Norman, E. Rice, G. Pastor, W. Tallon",Manchester Magic Academy EABL,"J. Walton, L. Clayton, O. Babalola, S. Sidi-Boumedine, T. Kamal Kazmi",1,138,2.3,4.4,4,2,2,100,0,0,0,0,0,0,0,1,1,0,0,1,2,0,0,0,4,0,0,2,0,0,0,0,3,0,3,0,2,0,4,1,4.0,4.8,100,0,100,0,100,-100,4,0,0,0,0,0,0,0,0,0,0,0,0,0,0,0,0,0,0,0,0,0,0,0,0,0,0,0,0,0,0,0,0
Barking Abbey EABL,"A. Nwabueze, F. Oguntuase, K. Mabaya, M. Matser, O. Visockas",Copleston High School EABL,"C. Fobister, I. Little, M. Liddamore, N. Wilkinson, T. Rafiu",1,91,1.5,4.4,6,2,2,100,1,1,100,1,2,50,0,2,2,1,1,0,1,0,0,0,2,0,0,1,0,0,0,0,0,0,0,0,1,0,3,2,3.9,5.0,154.6,0,154.6,0,154.6,-154.6,6,0,0,0,0,0,0,0,0,0,0,0,0,0,0,0,0,0,0,0,0,0,0,0,0,0,0,0,0,0,0,0,0
Barking Abbey EABL,"A. Maitland, J. Mendes, K. Mabaya, M. Filho, R. Connolly",Itchen College EABL,"B. Cope, D. Cimochowski, E. Lotriet, E. Round, J. Ofman",1,150,2.5,4.4,4,1,4,25,0,1,0,2,2,100,0,2,2,1,1,1,0,0,3,1,3,33.3,1,2,50,0,0,0,0,2,2,1,0,0,1,1,4.9,4.0,82,75,7,75,82,-7,1,0,0,0,0,0,0,0,0,0,0,0,0,0,0,0,0,0,0,0,0,0,0,0,0,0,0,0,0,0,0,0,0
HHS Reading Rockets EABL,"C. Okumus, J. Waterhouse, L. Bakary, M. Daines, M. Hassan-Taylor",Oaklands Wolves EABL,"D. Gladstone, D. Kostadinov, E. Da Cruz Fatuda, H. Morrell, L. Mcintosh",1,141,2.4,4.4,2,1,4,25,0,1,0,0,0,0,0,2,2,0,0,1,1,1,4,1,3,33.3,0,1,0,2,2,100,0,2,2,1,0,0,0,0,5.0,3.9,40,103.1,-63.1,103.1,40,63.1,-2,0,0,0,0,0,0,0,0,0,0,0,0,0,0,0,0,0,0,0,0,0,0,0,0,0,0,0,0,0,0,0,0
HHS Reading Rockets EABL,"E. Harrington, J. Waterhouse, L. Bakary, M. Daines, M. Hassan-Taylor",Oaklands Wolves EABL,"D. Gladstone, D. Kostadinov, E. Da Cruz Fatuda, H. Morrell, T. Mcintosh",1,128,2.1,4.4,4,2,6,33.3,0,1,0,0,0,0,2,3,5,1,0,1,0,0,0,0,4,0,0,3,0,0,0,0,0,2,2,0,0,0,1,0,3.9,5.0,103.6,0,103.6,0,103.6,-103.6,4,0,0,0,0,0,0,0,0,0,0,0,0,0,0,0,0,0,0,0,0,0,0,0,0,0,0,0,0,0,0,0,0
Itchen College EABL,"D. Cimochowski, E. Lotriet, E. Round, J. Ofman, R. Radu",Barking Abbey EABL,"A. Nwabueze, J. Mendes, K. Mabaya, M. Filho, R. Connolly",1,97,1.6,4.4,2,1,2,50,0,0,0,0,0,0,0,1,1,1,1,0,3,2,2,0,1,0,0,0,0,2,2,100,0,1,1,0,2,0,2,0,5.0,3.9,40,51.5,-11.5,51.5,40,11.5,0,0,0,0,0,0,0,0,0,0,0,0,0,0,0,0,0,0,0,0,0,0,0,0,0,0,0,0,0,0,0,0,0
Oaklands Wolves EABL,"D. Gladstone, D. Kostadinov, E. Da Cruz Fatuda, G. Mitchell, L. Mcintosh",City of London Academy - Southwark EABL,"A. Nwokolo, B. Olowoshile, J. Hannick, R. Cryer, S. Shirwac",1,168,2.8,4.4,3,1,5,20,1,4,25,0,0,0,2,1,3,1,1,0,1,0,7,3,5,60,1,3,33.3,0,0,0,1,2,3,3,1,0,1,0,3.9,4.9,77.7,142,-64.3,142,77.7,64.3,-4,0,0,0,0,0,0,0,0,0,0,0,0,0,0,0,0,0,0,0,0,0,0,0,0,0,0,0,0,0,0,0,0
Oaklands Wolves EABL,"D. Kostadinov, E. Da Cruz Fatuda, E. Ryan, G. Mitchell, L. Mcintosh",City of London Academy - Southwark EABL,"D. Banjoko, D. Patel, L. Thompson, R. Testfay, T. Gass",1,128,2.1,4.4,3,1,2,50,0,1,0,1,2,50,0,1,1,0,1,0,1,0,5,2,4,50,1,2,50,0,0,0,0,1,1,2,1,0,1,2,3.9,5.0,77.3,100,-22.7,100,77.3,22.7,-2,0,0,0,0,0,0,0,0,0,0,0,0,0,0,0,0,0,0,0,0,0,0,0,0,0,0,0,0,0,0,0,0
Charnwood College Riders EABL,"A. Oyerinde, R. Buckingham, T. Curran, T. Pearson, Z. Gleadell-Smith",BMET City of Birmingham Rockets EABL,"G. Angoy, J. Agbeze, J. Hyland, L. Duru, P. Basioudis",1,123,2.0,4.4,0,0,5,0,0,0,0,0,0,0,1,2,3,0,0,0,0,1,5,2,5,40,0,1,0,1,2,50,1,4,5,2,0,1,0,2,3.9,4.8,0,104,-104,104,0,104,-5,0,0,0,0,0,0,0,0,0,0,0,0,0,0,0,0,0,0,0,0,0,0,0,0,0,0,0,0,0,0,0,0
Charnwood College Riders EABL,"L. Boothe, L. Stevenson, R. Buckingham, T. Curran, Z. Gleadell-Smith",Myerscough College EABL,"H. Sheehan, J. Sanchez, O. Esingle, S. Laditan, Z. Trezvant",1,158,2.6,4.3,7,2,2,100,0,0,0,3,4,75,0,1,1,1,0,0,1,0,6,3,6,50,0,0,0,0,0,0,2,1,3,2,0,0,0,3,4.8,3.9,147.1,155.4,-8.4,155.4,147.1,8.4,1,0,0,0,0,0,0,0,0,0,0,0,0,0,0,0,0,0,0,0,0,0,0,0,0,0,0,0,0,0,0,0,0
City of London Academy - Southwark EABL,"A. Nwokolo, B. Olowoshile, D. Banjoko, D. Patel, R. Nunn",Oaklands Wolves EABL,"D. Gladstone, D. Kostadinov, E. Da Cruz Fatuda, G. Mitchell, H. Morrell",1,164,2.7,4.3,7,3,5,60,1,2,50,0,0,0,1,2,3,3,0,0,1,0,2,1,5,20,0,1,0,0,0,0,1,1,2,0,0,0,0,0,4.9,3.6,142,56,86,56,142,-86,5,0,0,0,0,0,0,0,0,0,0,0,0,0,0,0,0,0,0,0,0,0,0,0,0,0,0,0,0,0,0,0,0
Itchen College EABL,"B. Cope, D. Cimochowski, E. Lotriet, E. Round, M. Edwards",City of London Academy - Southwark EABL,"A. Nwokolo, D. Banjoko, D. Patel, R. Cryer, T. Gass",1,89,1.5,4.3,0,0,0,0,0,0,0,0,0,0,0,1,1,0,1,1,4,3,4,0,2,0,0,0,0,4,6,66.7,1,0,1,0,2,0,1,0,4.0,4.6,0,87.5,-87.5,87.5,0,87.5,-4,0,0,0,0,0,0,0,0,0,0,0,0,0,0,0,0,0,0,0,0,0,0,0,0,0,0,0,0,0,0,0,0
Copleston High School EABL,"H. Hodgson, I. Little, M. Liddamore, M. Wells, N. Wilkinson",Itchen College EABL,"G. Andrews, M. Edwards, R. Matthias, R. Radu, T. Blower",1,85,1.4,4.3,2,1,3,33.3,0,1,0,0,0,0,1,0,1,0,1,0,3,3,4,1,1,100,0,0,0,2,4,50,0,1,1,0,2,0,1,0,4.9,3.8,40.6,106.4,-65.8,106.4,40.6,65.8,-2,0,0,0,0,0,0,0,0,0,0,0,0,0,0,0,0,0,0,0,0,0,0,0,0,0,0,0,0,0,0,0,0
Charnwood College Riders EABL,"A. Oyerinde, L. Boothe, P. Kattah, R. Buckingham, T. Curran",Derby College Trailblazers EABL,"C. Burr, G. Pastor, J. Howlett, J. Lemanski, L. Ngomti",1,119,2.0,4.3,7,1,3,33.3,1,1,100,4,4,100,0,0,0,1,1,0,0,0,4,2,4,50,0,1,0,0,0,0,2,1,3,0,0,0,2,1,4.8,3.9,147.1,103.6,43.4,103.6,147.1,-43.4,3,0,0,0,0,0,0,0,0,0,0,0,0,0,0,0,0,0,0,0,0,0,0,0,0,0,0,0,0,0,0,0,0
Oaklands Wolves EABL,"D. Gladstone, G. Mitchell, H. Morrell, L. Mcintosh, T. Mcintosh",HHS Reading Rockets EABL,"A. King, C. Okumus, E. Harrington, J. Mackinnon, M. Hassan-Taylor",1,93,1.6,4.3,6,2,4,50,0,0,0,2,2,100,1,2,3,1,1,1,0,0,5,2,6,33.3,1,3,33.3,0,0,0,2,1,3,1,0,0,1,1,3.8,4.9,157.5,102.9,54.6,102.9,157.5,-54.6,1,0,0,0,0,0,0,0,0,0,0,0,0,0,0,0,0,0,0,0,0,0,0,0,0,0,0,0,0,0,0,0,0
Myerscough College EABL,"A. Ibirinde, H. Sheehan, L. Farrell, O. Esingle, S. Latidan",Charnwood College Riders EABL,"L. Boothe, P. Kattah, R. Buckingham, T. Curran, Z. Gleadell-Smith",1,92,1.5,4.3,5,2,4,50,1,1,100,0,0,0,2,1,3,1,0,0,2,2,7,1,2,50,1,2,50,4,4,100,0,0,0,1,1,1,1,0,3.9,4.8,129.5,147.1,-17.5,147.1,129.5,17.5,-2,0,0,0,0,0,0,0,0,0,0,0,0,0,0,0,0,0,0,0,0,0,0,0,0,0,0,0,0,0,0,0,0
Copleston High School EABL,"C. Fobister, I. Carty-Peters, I. Little, M. Liddamore, T. Rafiu",City of London Academy - Southwark EABL,"A. Morentin, D. Banjoko, D. Banjoko, D. Patel, S. Shirwac",1,114,1.9,4.3,4,2,7,28.6,0,4,0,0,0,0,3,0,3,0,0,0,1,1,4,1,1,100,0,0,0,2,2,100,0,2,2,1,1,0,2,1,4.8,3.9,83.5,103.1,-19.6,103.1,83.5,19.6,0,0,0,0,0,0,0,0,0,0,0,0,0,0,0,0,0,0,0,0,0,0,0,0,0,0,0,0,0,0,0,0,0
HHS Reading Rockets EABL,"E. Harrington, J. Waterhouse, L. Francis, M. Daines, M. Hassan-Taylor",Copleston High School EABL,"C. Fobister, I. Little, M. Liddamore, N. Wilkinson, T. Rafiu",1,116,1.9,4.3,2,1,5,20,0,4,0,0,1,0,2,1,3,1,0,0,0,1,4,1,3,33.3,0,2,0,2,2,100,0,3,3,0,0,0,1,1,3.7,4.9,53.6,82,-28.3,82,53.6,28.3,-2,0,0,0,0,0,0,0,0,0,0,0,0,0,0,0,0,0,0,0,0,0,0,0,0,0,0,0,0,0,0,0,0
Charnwood College Riders EABL,"F. Saeed, L. Boothe, P. Kattah, T. Curran, Z. Gleadell-Smith",Oaklands Wolves EABL,"D. Gladstone, D. Kostadinov, E. Da Cruz Fatuda, G. Mitchell, L. Mcintosh",1,160,2.7,4.3,4,2,5,40,0,1,0,0,0,0,2,3,5,1,0,2,2,0,5,2,7,28.6,1,3,33.3,0,0,0,2,0,2,0,1,0,0,1,3.8,4.9,105.5,102.9,2.7,102.9,105.5,-2.7,-1,0,0,0,0,0,0,0,0,0,0,0,0,0,0,0,0,0,0,0,0,0,0,0,0,0,0,0,0,0,0,0,0
Manchester Magic Academy EABL,"J. Odongo, J. Walton, L. Clayton, N. Brown, T. Weekes",Charnwood College Riders EABL,"A. Oyerinde, D. Hanousek, D. Stephens, L. Boothe, T. Curran",1,83,1.4,4.2,3,1,3,33.3,0,1,0,1,2,50,0,0,0,1,1,0,0,1,5,2,2,100,0,0,0,1,1,100,0,3,3,0,0,1,2,0,3.9,4.4,77.3,112.6,-35.3,112.6,77.3,35.3,-2,0,0,0,0,0,0,0,0,0,0,0,0,0,0,0,0,0,0,0,0,0,0,0,0,0,0,0,0,0,0,0,0
Myerscough College EABL,"C. Sanchez Falette, D. Okhuoya, F. Morgan, N. Byfield, S. Latidan",BMET City of Birmingham Rockets EABL,"D. Pittaway, G. Singh, J. Hyland, L. Duru, P. Walsh",1,118,2.0,4.2,3,1,5,20,1,4,25,0,2,0,4,1,5,1,0,0,1,0,5,2,3,66.7,1,2,50,0,0,0,0,1,1,2,0,0,2,2,3.5,5.0,86.8,100,-13.2,100,86.8,13.2,-2,0,0,0,0,0,0,0,0,0,0,0,0,0,0,0,0,0,0,0,0,0,0,0,0,0,0,0,0,0,0,0,0
Charnwood College Riders EABL,"A. Oyerinde, L. Stevenson, R. Buckingham, T. Curran, Z. Gleadell-Smith",Myerscough College EABL,"H. Sheehan, J. Bobkowski, J. Sanchez, O. Esingle, Z. Trezvant",1,136,2.3,4.2,4,2,4,50,0,0,0,0,0,0,1,0,1,2,0,0,1,2,8,2,5,40,1,1,100,3,4,75,3,1,4,2,1,1,1,0,3.9,4.5,101.8,175.8,-74,175.8,101.8,74,-4,0,0,0,0,0,0,0,0,0,0,0,0,0,0,0,0,0,0,0,0,0,0,0,0,0,0,0,0,0,0,0,0
Derby College Trailblazers EABL,"E. Norman, J. Howlett, L. Ngomti, R. Hobday, W. Tallon",Charnwood College Riders EABL,"P. Kattah, R. Buckingham, T. Curran, T. Pearson, Z. Gleadell-Smith",1,146,2.4,4.2,1,0,3,0,0,0,0,1,1,100,0,1,1,0,0,0,1,3,5,1,2,50,1,1,100,2,2,100,0,3,3,1,1,1,1,1,4.4,3.9,22.5,128.9,-106.3,128.9,22.5,106.3,-4,0,0,0,0,0,0,0,0,0,0,0,0,0,0,0,0,0,0,0,0,0,0,0,0,0,0,0,0,0,0,0,0
BMET City of Birmingham Rockets EABL,"J. Agbeze, J. Hyland, L. Duru, P. Basioudis, P. Walsh",Charnwood College Riders EABL,"D. Hanousek, P. Kattah, R. Buckingham, T. Curran, Z. Gleadell-Smith",1,120,2.0,4.2,5,2,6,33.3,1,3,33.3,0,0,0,2,0,2,1,0,1,0,0,10,4,8,50,1,2,50,1,2,50,4,2,6,1,0,0,0,3,3.9,4.6,129.5,217.4,-87.9,217.4,129.5,87.9,-5,0,0,0,0,0,0,0,0,0,0,0,0,0,0,0,0,0,0,0,0,0,0,0,0,0,0,0,0,0,0,0,0
Manchester Magic Academy EABL,"H. Blake, J. Walton, N. Brown, O. Babalola, T. Kamal Kazmi",SGS College EABL,"A. Bennett, D. Lloyd, K. Ramirez Mora, M. Perez Tosca, S. Nelson",1,146,2.4,4.2,6,3,4,75,0,0,0,0,0,0,0,1,1,2,1,1,0,0,4,2,5,40,0,1,0,0,0,0,1,1,2,0,0,0,1,0,4.0,4.4,150,91,59,91,150,-59,2,0,0,0,0,0,0,0,0,0,0,0,0,0,0,0,0,0,0,0,0,0,0,0,0,0,0,0,0,0,0,0,0
Itchen College EABL,"B. Cope, E. Round, J. Ofman, M. Yeates, R. Radu",Barking Abbey EABL,"A. Maitland, A. Nwabueze, J. Mendes, K. Mabaya, M. Filho",1,115,1.9,4.2,0,0,3,0,0,2,0,0,0,0,0,1,1,0,1,0,1,0,4,2,3,66.7,0,1,0,0,2,0,1,3,4,2,1,0,1,0,4.0,4.3,0,92.1,-92.1,92.1,0,92.1,-4,0,0,0,0,0,0,0,0,0,0,0,0,0,0,0,0,0,0,0,0,0,0,0,0,0,0,0,0,0,0,0,0
Derby College Trailblazers EABL,"C. Burr, E. Norman, E. Rice, R. Hobday, W. Tallon",SGS College EABL,"D. Lloyd, I. Toure, K. Ramirez Mora, M. Alburo, M. Perez Tosca",1,122,2.0,4.2,3,1,4,25,0,1,0,1,1,100,1,1,2,0,1,0,1,1,3,1,3,33.3,1,2,50,0,0,0,0,2,2,1,1,0,1,0,4.4,4.0,68.6,75,-6.4,75,68.6,6.4,0,0,0,0,0,0,0,0,0,0,0,0,0,0,0,0,0,0,0,0,0,0,0,0,0,0,0,0,0,0,0,0,0
Myerscough College EABL,"F. Morgan, J. Bobkowski, O. Esingle, S. Latidan, Z. Trezvant",Barking Abbey EABL,"K. Mabaya, M. Filho, O. Visockas, R. Connolly, S. Dobson Smith",1,120,2.0,4.2,5,2,5,40,0,2,0,1,1,100,1,3,4,1,0,0,0,0,3,1,5,20,1,2,50,0,0,0,1,2,3,1,0,0,0,1,4.4,3.9,114.4,76.3,38.1,76.3,114.4,-38.1,2,0,0,0,0,0,0,0,0,0,0,0,0,0,0,0,0,0,0,0,0,0,0,0,0,0,0,0,0,0,0,0,0
BMET City of Birmingham Rockets EABL,"A. Camara, G. Angoy, J. Agbeze, J. Hyland, P. Basioudis",Copleston High School EABL,"C. Fobister, G. Millar, M. Liddamore, N. Wilkinson, T. Rafiu",1,192,3.2,4.2,6,2,8,25,2,5,40,0,0,0,4,0,4,2,0,0,1,1,12,4,8,50,4,7,57.1,0,0,0,3,2,5,4,1,0,0,0,4.7,3.7,127.1,322.6,-195.5,322.6,127.1,195.5,-6,0,0,0,0,0,0,0,0,0,0,0,0,0,0,0,0,0,0,0,0,0,0,0,0,0,0,0,0,0,0,0,0
BMET City of Birmingham Rockets EABL,"B. Rose, G. Angoy, J. Hyland, L. Duru, P. Basioudis",Copleston High School EABL,"C. Fobister, E. Tamakloe, I. Little, M. Liddamore, N. Wilkinson",1,96,1.6,4.2,5,2,5,40,1,1,100,0,0,0,0,1,1,2,0,0,0,1,6,2,3,66.7,2,3,66.7,0,2,0,1,2,3,1,0,1,0,0,5.0,3.3,100,179.4,-79.4,179.4,100,79.4,-1,0,0,0,0,0,0,0,0,0,0,0,0,0,0,0,0,0,0,0,0,0,0,0,0,0,0,0,0,0,0,0,0
BMET City of Birmingham Rockets EABL,"A. Camara, B. Rose, J. Agbeze, L. Duru, P. Walsh",SGS College EABL,"A. Odowa, D. Lloyd, K. Richards, M. Alburo, M. Pospori",1,122,2.0,4.1,4,2,5,40,0,0,0,0,0,0,2,2,4,1,0,0,1,0,4,2,7,28.6,0,5,0,0,0,0,2,1,3,2,1,0,0,0,3.9,4.3,103.6,92.5,11.1,92.5,103.6,-11.1,0,0,0,0,0,0,0,0,0,0,0,0,0,0,0,0,0,0,0,0,0,0,0,0,0,0,0,0,0,0,0,0,0
Myerscough College EABL,"H. Sheehan, J. Bobkowski, O. Esingle, S. Latidan, Z. Trezvant",Manchester Magic Academy EABL,"D. Allotey, J. Walton, O. Babalola, S. Sidi-Boumedine, T. Kamal Kazmi",1,186,3.1,4.1,5,1,3,33.3,1,2,50,2,2,100,1,1,2,2,1,0,1,0,5,2,5,40,1,2,50,0,0,0,1,0,1,0,1,0,2,1,2.7,5.4,182.5,92.7,89.8,92.7,182.5,-89.8,0,0,0,0,0,0,0,0,0,0,0,0,0,0,0,0,0,0,0,0,0,0,0,0,0,0,0,0,0,0,0,0,0
Manchester Magic Academy EABL,"A. Sagay Isiorho, H. Blake, J. Walton, L. Clayton, S. Sidi-Boumedine",Derby College Trailblazers EABL,"C. Burr, G. Pastor, J. Howlett, L. Ngomti, M. Smith-Fjordland",1,88,1.5,4.1,5,2,2,100,0,0,0,1,2,50,0,2,2,3,0,0,2,4,2,1,4,25,0,1,0,0,2,0,2,1,3,0,0,0,0,1,4.9,3.3,102.5,61.1,41.4,61.1,102.5,-41.4,3,0,0,0,0,0,0,0,0,0,0,0,0,0,0,0,0,0,0,0,0,0,0,0,0,0,0,0,0,0,0,0,0
Charnwood College Riders EABL,"D. Hanousek, D. Stephens, L. Boothe, L. Stevenson, Z. Gleadell-Smith",Myerscough College EABL,"A. Ibirinde, B. Gordon, H. Sheehan, J. Bobkowski, S. Laditan",1,106,1.8,4.1,4,1,2,50,1,1,100,1,2,50,0,1,1,1,0,0,1,2,6,2,4,50,0,2,0,2,3,66.7,1,0,1,1,0,0,0,1,3.9,4.2,103.1,141.2,-38.1,141.2,103.1,38.1,-2,0,0,0,0,0,0,0,0,0,0,0,0,0,0,0,0,0,0,0,0,0,0,0,0,0,0,0,0,0,0,0,0
Oaklands Wolves EABL,"D. Kostadinov, E. Da Cruz Fatuda, E. Ryan, G. Mitchell, H. Morrell",Barking Abbey EABL,"A. Maitland, J. Mendes, K. Mabaya, M. Filho, R. Connolly",1,97,1.6,4.1,7,2,3,66.7,0,0,0,3,3,100,0,1,1,2,0,0,0,0,6,3,5,60,0,0,0,0,0,0,1,1,2,2,0,0,0,0,4.3,3.9,162,152.7,9.4,152.7,162,-9.4,1,0,0,0,0,0,0,0,0,0,0,0,0,0,0,0,0,0,0,0,0,0,0,0,0,0,0,0,0,0,0,0,0
Itchen College EABL,"B. Cope, E. Round, J. Osei-Owusu, M. Yeates, R. Matthias",City of London Academy - Southwark EABL,"A. Nwokolo, D. Banjoko, N. Senessie, R. Testfay, T. Gass",1,129,2.1,4.1,5,2,6,33.3,0,2,0,1,1,100,2,1,3,1,0,0,0,0,5,2,2,100,0,0,0,1,2,50,0,2,2,1,0,0,1,1,4.3,3.9,116.3,128.9,-12.6,128.9,116.3,12.6,0,0,0,0,0,0,0,0,0,0,0,0,0,0,0,0,0,0,0,0,0,0,0,0,0,0,0,0,0,0,0,0,0
SGS College EABL,"D. Lloyd, I. Toure, K. Ramirez Mora, M. Perez Tosca, R. Cabrera",Manchester Magic Academy EABL,"A. Adetula, J. Walton, O. Babalola, T. Kamal Kazmi, T. Richardson",1,98,1.6,4.1,3,1,2,50,1,2,50,0,0,0,0,3,3,1,0,0,2,1,1,0,2,0,0,2,0,1,4,25,1,1,2,0,1,0,1,0,4.0,4.2,75,23.7,51.3,23.7,75,-51.3,2,0,0,0,0,0,0,0,0,0,0,0,0,0,0,0,0,0,0,0,0,0,0,0,0,0,0,0,0,0,0,0,0
HHS Reading Rockets EABL,"A. Moloney, C. Okumus, E. Harrington, J. Mackinnon, M. Daines",Itchen College EABL,"B. Cope, D. Cimochowski, J. Osei-Owusu, R. Radu, T. Blower",1,129,2.1,4.1,2,1,3,33.3,0,1,0,0,2,0,0,1,1,1,0,0,0,1,5,2,3,66.7,0,0,0,1,2,50,1,3,4,0,0,0,1,1,3.9,4.3,51.5,115.1,-63.5,115.1,51.5,63.5,-3,0,0,0,0,0,0,0,0,0,0,0,0,0,0,0,0,0,0,0,0,0,0,0,0,0,0,0,0,0,0,0,0
Manchester Magic Academy EABL,"A. Isiorho, H. Blake, J. Walton, L. Clayton, O. Babalola",Itchen College EABL,"B. Cope, E. Round, J. Osei-Owusu, M. Edwards, T. Blower",1,152,2.5,4.1,8,3,4,75,0,0,0,2,2,100,0,2,2,0,0,0,0,2,2,1,6,16.7,0,2,0,0,0,0,2,1,3,0,0,0,0,1,4.9,3.3,163.9,60.2,103.8,60.2,163.9,-103.8,6,0,0,0,0,0,0,0,0,0,0,0,0,0,0,0,0,0,0,0,0,0,0,0,0,0,0,0,0,0,0,0,0
Manchester Magic Academy EABL,"J. Odongo, J. Walton, L. Clayton, N. Brown, O. Babalola",Charnwood College Riders EABL,"L. Stevenson, R. Buckingham, S. Morris, T. Curran, T. Pearson",1,96,1.6,4.0,7,3,3,100,1,1,100,0,0,0,0,0,0,2,1,0,1,0,0,0,2,0,0,2,0,0,0,0,0,0,0,0,0,0,2,2,4.0,4.0,175,0,175,0,175,-175,7,0,0,0,0,0,0,0,0,0,0,0,0,0,0,0,0,0,0,0,0,0,0,0,0,0,0,0,0,0,0,0,0
Manchester Magic Academy EABL,"J. Odongo, J. Walton, L. Clayton, N. Brown, O. Babalola",Charnwood College Riders EABL,"F. Saeed, L. Boothe, R. Buckingham, T. Curran, T. Pearson",1,71,1.2,4.0,6,3,3,100,0,0,0,0,0,0,0,0,0,2,4,0,1,0,0,0,0,0,0,0,0,0,0,0,0,0,0,0,0,0,4,1,4.0,4.0,150,0,150,0,150,-150,6,0,0,0,0,0,0,0,0,0,0,0,0,0,0,0,0,0,0,0,0,0,0,0,0,0,0,0,0,0,0,0,0
Manchester Magic Academy EABL,"H. Blake, J. Odongo, N. Brown, O. Babalola, S. Sidi-Boumedine",Charnwood College Riders EABL,"A. Oyerinde, P. Kattah, R. Buckingham, T. Curran, T. Pearson",1,123,2.0,4.0,7,3,4,75,1,2,50,0,0,0,0,2,2,2,0,0,0,1,3,1,3,33.3,1,3,33.3,0,0,0,0,0,0,1,0,0,1,0,4.0,4.0,175,75,100,75,175,-100,4,0,0,0,0,0,0,0,0,0,0,0,0,0,0,0,0,0,0,0,0,0,0,0,0,0,0,0,0,0,0,0,0
SGS College EABL,"A. Odowa, I. Toure, K. Ramirez Mora, M. Perez Tosca, S. Nelson",Myerscough College EABL,"A. Aiyedun, A. Scott, F. Morgan, L. Farrell, S. Latidan",1,79,1.3,4.0,6,3,5,60,0,0,0,0,0,0,1,3,4,2,0,2,0,0,0,0,4,0,0,1,0,0,0,0,0,1,1,0,0,0,0,0,3.9,4.0,152.7,0,152.7,0,152.7,-152.7,6,0,0,0,0,0,0,0,0,0,0,0,0,0,0,0,0,0,0,0,0,0,0,0,0,0,0,0,0,0,0,0,0
Barking Abbey EABL,"A. Maitland, J. Mendes, K. Mabaya, M. Filho, R. Connolly",HHS Reading Rockets EABL,"L. Bakary, L. Franicis, M. Daines, M. Hassan-Taylor, N. Dent",1,121,2.0,4.0,6,3,4,75,0,0,0,0,0,0,0,1,1,2,2,0,0,0,3,1,3,33.3,1,2,50,0,0,0,1,1,2,0,0,1,2,1,4.0,3.9,150,76.3,73.7,76.3,150,-73.7,3,0,0,0,0,0,0,0,0,0,0,0,0,0,0,0,0,0,0,0,0,0,0,0,0,0,0,0,0,0,0,0,0
Itchen College EABL,"B. Cope, D. Cimochowski, E. Lotriet, E. Round, J. Ofman",Copleston High School EABL,"A. Hickey, I. Little, J. Mussington, M. Wells, T. Rafiu",1,100,1.7,4.0,6,3,4,75,0,1,0,0,0,0,0,1,1,1,0,0,0,0,0,0,1,0,0,0,0,0,0,0,0,0,0,0,0,0,3,1,4.0,4.0,150,0,150,0,150,-150,6,0,0,0,0,0,0,0,0,0,0,0,0,0,0,0,0,0,0,0,0,0,0,0,0,0,0,0,0,0,0,0,0
Itchen College EABL,"B. Cope, E. Lotriet, E. Round, J. Ofman, L. Diala-Bevan",Copleston High School EABL,"A. Hickey, C. Fobister, J. Mussington, M. Liddamore, T. Rafiu",1,96,1.6,4.0,5,2,2,100,1,1,100,0,0,0,0,0,0,2,1,0,3,0,5,2,2,100,1,1,100,0,0,0,0,0,0,2,0,0,1,2,5.0,3.0,100,166.7,-66.7,166.7,100,66.7,0,0,0,0,0,0,0,0,0,0,0,0,0,0,0,0,0,0,0,0,0,0,0,0,0,0,0,0,0,0,0,0,0
Myerscough College EABL,"C. Sanchez Falette, D. Okhuoya, H. Sheehan, J. Bobkowski, S. Latidan",Manchester Magic Academy EABL,"A. Sagay Isiorho, H. Blake, J. Odongo, J. Walton, O. Babalola",1,92,1.5,4.0,3,1,3,33.3,0,0,0,1,2,50,1,0,1,1,1,0,2,2,3,1,2,50,1,1,100,0,0,0,1,2,3,1,0,0,2,1,5.2,2.9,58.1,102.4,-44.3,102.4,58.1,44.3,0,0,0,0,0,0,0,0,0,0,0,0,0,0,0,0,0,0,0,0,0,0,0,0,0,0,0,0,0,0,0,0,0
City of London Academy - Southwark EABL,"A. Nwokolo, D. Banjoko, D. Banjoko, R. Testfay, T. Gass",Barking Abbey EABL,"A. Maitland, J. Mendes, M. Filho, R. Connolly, S. Dobson Smith",1,147,2.5,4.0,2,1,1,100,0,0,0,0,0,0,0,2,2,1,0,0,3,0,2,1,3,33.3,0,0,0,0,0,0,0,0,0,0,0,0,1,1,4.0,4.0,50,50,0,50,50,0,0,0,0,0,0,0,0,0,0,0,0,0,0,0,0,0,0,0,0,0,0,0,0,0,0,0,0,0,0,0,0,0,0
Copleston High School EABL,"C. Fobister, G. Millar, I. Carty-Peters, M. Liddamore, N. Wilkinson",Barking Abbey EABL,"H. Mclauchlan, J. Mendes, K. Mabaya, M. Filho, O. Visockas",1,123,2.0,4.0,3,1,2,50,1,2,50,0,0,0,0,1,1,1,0,0,2,0,4,2,4,50,0,1,0,0,0,0,0,0,0,2,2,0,0,0,4.0,4.0,75,100,-25,100,75,25,-1,0,0,0,0,0,0,0,0,0,0,0,0,0,0,0,0,0,0,0,0,0,0,0,0,0,0,0,0,0,0,0,0
HHS Reading Rockets EABL,"A. Moloney, M. Daines, M. Hassan-Taylor, N. Dent, S. Ejiofor",City of London Academy - Southwark EABL,"A. Morentin, B. Olowoshile, N. Senessie, R. Testfay, S. Shirwac",1,105,1.8,4.0,5,2,2,100,0,0,0,1,2,50,0,2,2,2,1,1,1,2,1,0,2,0,0,0,0,1,2,50,1,0,1,0,0,0,2,1,3.9,4.2,128.9,24,104.9,24,128.9,-104.9,4,0,0,0,0,0,0,0,0,0,0,0,0,0,0,0,0,0,0,0,0,0,0,0,0,0,0,0,0,0,0,0,0
HHS Reading Rockets EABL,"A. Moloney, J. Mackinnon, M. Daines, M. Hassan-Taylor, S. Ejiofor",City of London Academy - Southwark EABL,"A. Nwokolo, D. Banjoko, D. Banjoko, R. Testfay, T. Gass",1,78,1.3,4.0,0,0,3,0,0,2,0,0,0,0,0,1,1,0,1,0,1,0,4,2,3,66.7,0,0,0,0,0,0,0,3,3,1,0,0,1,0,4.0,4.0,0,100,-100,100,0,100,-4,0,0,0,0,0,0,0,0,0,0,0,0,0,0,0,0,0,0,0,0,0,0,0,0,0,0,0,0,0,0,0,0
HHS Reading Rockets EABL,"J. Waterhouse, M. Daines, M. Hassan-Taylor, N. Dent, S. Ejiofor",City of London Academy - Southwark EABL,"A. Nwokolo, D. Banjoko, D. Banjoko, D. Patel, T. Gass",1,119,2.0,4.0,2,1,5,20,0,1,0,0,0,0,1,0,1,0,0,0,0,1,6,3,3,100,0,0,0,0,0,0,0,3,3,2,0,0,1,0,3.9,4.0,50.9,150,-99.1,150,50.9,99.1,-4,0,0,0,0,0,0,0,0,0,0,0,0,0,0,0,0,0,0,0,0,0,0,0,0,0,0,0,0,0,0,0,0
Copleston High School EABL,"C. Fobister, I. Carty-Peters, I. Little, M. Liddamore, T. Rafiu",HHS Reading Rockets EABL,"L. Bakary, L. Franicis, M. Daines, M. Hassan-Taylor, N. Dent",1,102,1.7,4.0,0,0,1,0,0,1,0,0,0,0,0,1,1,0,1,0,3,0,5,2,3,66.7,1,2,50,0,0,0,0,1,1,1,2,0,1,1,4.0,4.0,0,125,-125,125,0,125,-5,0,0,0,0,0,0,0,0,0,0,0,0,0,0,0,0,0,0,0,0,0,0,0,0,0,0,0,0,0,0,0,0
Charnwood College Riders EABL,"F. Saeed, L. Boothe, R. Buckingham, T. Curran, Z. Gleadell-Smith",Myerscough College EABL,"H. Sheehan, J. Sanchez, O. Esingle, S. Laditan, Z. Trezvant",1,116,1.9,4.0,7,3,3,100,1,1,100,0,0,0,0,0,0,1,1,0,1,1,6,3,3,100,0,0,0,0,0,0,0,0,0,2,0,0,1,0,4.0,4.0,175,150,25,150,175,-25,1,0,0,0,0,0,0,0,0,0,0,0,0,0,0,0,0,0,0,0,0,0,0,0,0,0,0,0,0,0,0,0,0
Charnwood College Riders EABL,"A. Oyerinde, L. Boothe, L. Stevenson, T. Curran, Z. Gleadell-Smith",Myerscough College EABL,"A. Ibirinde, B. Gordon, H. Sheehan, J. Bobkowski, J. Sanchez",1,121,2.0,4.0,2,1,4,25,0,2,0,0,0,0,1,2,3,1,0,0,1,0,0,0,3,0,0,2,0,0,0,0,0,2,2,0,1,0,1,0,3.9,4.0,50.9,0,50.9,0,50.9,-50.9,2,0,0,0,0,0,0,0,0,0,0,0,0,0,0,0,0,0,0,0,0,0,0,0,0,0,0,0,0,0,0,0,0
City of London Academy - Southwark EABL,"A. Nwokolo, B. Olowoshile, D. Banjoko, D. Banjoko, D. Patel",Oaklands Wolves EABL,"D. Kostadinov, E. Da Cruz Fatuda, G. Mitchell, H. Morrell, Z. Gribble",1,136,2.3,4.0,0,0,3,0,0,1,0,0,0,0,0,2,2,0,1,0,1,0,0,0,2,0,0,0,0,0,0,0,0,3,3,0,1,0,2,0,4.0,4.0,0,0,0,0,0,0,0,0,0,0,0,0,0,0,0,0,0,0,0,0,0,0,0,0,0,0,0,0,0,0,0,0,0,0,0,0,0,0,0
Derby College Trailblazers EABL,"C. Burr, E. Rice, J. Lemanski, K. Otaye, W. Tallon",Myerscough College EABL,"C. Sanchez Falette, H. Sheehan, O. Esingle, S. Latidan, Z. Trezvant",1,97,1.6,4.0,0,0,1,0,0,1,0,0,0,0,0,2,2,0,0,0,3,0,4,2,4,50,0,2,0,0,0,0,0,1,1,1,2,0,0,0,4.0,4.0,0,100,-100,100,0,100,-4,0,0,0,0,0,0,0,0,0,0,0,0,0,0,0,0,0,0,0,0,0,0,0,0,0,0,0,0,0,0,0,0
Manchester Magic Academy EABL,"A. Sagay Isiorho, J. Odongo, J. Walton, N. Brown, O. Babalola",SGS College EABL,"A. Bennett, D. Lloyd, K. Ramirez Mora, M. Alburo, S. Nelson",1,43,0.7,4.0,8,4,4,100,0,0,0,0,0,0,0,0,0,3,4,0,0,0,0,0,0,0,0,0,0,0,0,0,0,0,0,0,0,0,4,0,4.0,4.0,200,0,200,0,200,-200,8,0,0,0,0,0,0,0,0,0,0,0,0,0,0,0,0,0,0,0,0,0,0,0,0,0,0,0,0,0,0,0,0
SGS College EABL,"A. Odowa, I. Toure, K. Ramirez Mora, M. Alburo, M. Perez Tosca",BMET City of Birmingham Rockets EABL,"D. Pittaway, G. Angoy, J. Hyland, L. Duru, P. Basioudis",1,109,1.8,4.0,2,1,3,33.3,0,1,0,0,0,0,0,2,2,1,1,0,1,1,3,1,4,25,1,3,33.3,0,0,0,1,1,2,1,0,0,1,1,4.0,3.9,50,76.3,-26.3,76.3,50,26.3,-1,0,0,0,0,0,0,0,0,0,0,0,0,0,0,0,0,0,0,0,0,0,0,0,0,0,0,0,0,0,0,0,0
BMET City of Birmingham Rockets EABL,"D. Pittaway, J. Agbeze, J. Hyland, L. Duru, P. Basioudis",Myerscough College EABL,"F. Morgan, L. Farrell, O. Esingle, S. Latidan, Z. Trezvant",1,78,1.3,4.0,3,1,3,33.3,1,1,100,0,0,0,0,0,0,1,0,0,1,0,8,4,5,80,0,0,0,0,0,0,1,2,3,1,1,1,0,0,4.0,3.9,75,203.6,-128.6,203.6,75,128.6,-5,0,0,0,0,0,0,0,0,0,0,0,0,0,0,0,0,0,0,0,0,0,0,0,0,0,0,0,0,0,0,0,0
SGS College EABL,"D. Lloyd, I. Toure, K. Ramirez Mora, M. Alburo, S. Nelson",Charnwood College Riders EABL,"A. Oyerinde, L. Stevenson, O. Hambira, T. Pearson, Z. Gleadell-Smith",1,110,1.8,4.0,0,0,2,0,0,0,0,0,0,0,0,2,2,0,1,0,2,0,2,1,3,33.3,0,1,0,0,0,0,0,2,2,1,2,0,1,0,4.0,4.0,0,50,-50,50,0,50,-2,0,0,0,0,0,0,0,0,0,0,0,0,0,0,0,0,0,0,0,0,0,0,0,0,0,0,0,0,0,0,0,0
Derby College Trailblazers EABL,"C. Burr, E. Norman, G. Pastor, J. Howlett, L. Ngomti",SGS College EABL,"A. Odowa, I. Toure, M. Perez Tosca, R. Cabrera, Z. Lawson",1,97,1.6,4.0,4,2,3,66.7,0,0,0,0,0,0,0,1,1,2,1,0,1,0,2,1,3,33.3,0,0,0,0,0,0,1,1,2,1,1,0,2,0,4.0,3.9,100,50.9,49.1,50.9,100,-49.1,2,0,0,0,0,0,0,0,0,0,0,0,0,0,0,0,0,0,0,0,0,0,0,0,0,0,0,0,0,0,0,0,0
Manchester Magic Academy EABL,"A. Sagay Isiorho, J. Walton, L. Clayton, O. Babalola, T. Richardson",BMET City of Birmingham Rockets EABL,"J. Agbeze, J. Hyland, L. Duru, P. Basioudis, S. Chikukwa",1,100,1.7,4.0,10,4,4,100,2,2,100,0,0,0,0,2,2,4,1,0,0,0,0,0,2,0,0,1,0,0,0,0,0,0,0,0,0,0,2,0,4.0,4.0,250,0,250,0,250,-250,10,0,0,0,0,0,0,0,0,0,0,0,0,0,0,0,0,0,0,0,0,0,0,0,0,0,0,0,0,0,0,0,0
SGS College EABL,"A. Odowa, D. Lloyd, I. Toure, M. Perez Tosca, R. Cabrera",Manchester Magic Academy EABL,"A. Adetula, A. Sagay Isiorho, D. Allotey, J. Walton, T. Kamal Kazmi",1,128,2.1,4.0,2,1,4,25,0,0,0,0,0,0,1,2,3,0,1,0,1,0,3,1,3,33.3,1,2,50,0,0,0,0,2,2,1,1,0,1,2,3.9,4.0,50.9,75,-24.1,75,50.9,24.1,-1,0,0,0,0,0,0,0,0,0,0,0,0,0,0,0,0,0,0,0,0,0,0,0,0,0,0,0,0,0,0,0,0
SGS College EABL,"D. Lloyd, I. Toure, K. Ramirez Mora, M. Perez Tosca, R. Roach",Copleston High School EABL,"C. Fobister, I. Little, M. Liddamore, O. Drane, T. Rafiu",1,150,2.5,4.0,5,2,5,40,1,3,33.3,0,0,0,2,2,4,0,0,0,1,0,4,2,8,25,0,2,0,0,0,0,3,1,4,0,0,0,0,0,3.9,4.1,129.5,96.4,33.1,96.4,129.5,-33.1,1,0,0,0,0,0,0,0,0,0,0,0,0,0,0,0,0,0,0,0,0,0,0,0,0,0,0,0,0,0,0,0,0
HHS Reading Rockets EABL,"C. Okumus, J. Waterhouse, L. Bakary, M. Daines, M. Hassan-Taylor",BMET City of Birmingham Rockets EABL,"B. Rose, J. Agbeze, J. Hyland, L. Duru, P. Basioudis",1,122,2.0,4.0,6,3,5,60,0,1,0,0,0,0,1,3,4,2,0,1,0,0,2,1,4,25,0,1,0,0,0,0,0,1,1,0,0,0,0,0,3.9,4.0,152.7,50,102.7,50,152.7,-102.7,4,0,0,0,0,0,0,0,0,0,0,0,0,0,0,0,0,0,0,0,0,0,0,0,0,0,0,0,0,0,0,0,0
Manchester Magic Academy EABL,"D. Allotey, H. Blake, J. Walton, O. Babalola, T. Kamal Kazmi",Oaklands Wolves EABL,"D. Gladstone, E. Da Cruz Fatuda, H. Morrell, L. Mcintosh, S. Mills",1,132,2.2,4.0,10,4,4,100,2,2,100,0,0,0,0,1,1,3,1,0,0,0,4,2,3,66.7,0,0,0,0,0,0,0,0,0,0,0,0,1,0,4.0,4.0,250,100,150,100,250,-150,6,0,0,0,0,0,0,0,0,0,0,0,0,0,0,0,0,0,0,0,0,0,0,0,0,0,0,0,0,0,0,0,0
HHS Reading Rockets EABL,"C. Okumus, E. Harrington, L. Bakary, M. Daines, M. Hassan-Taylor",SGS College EABL,"I. Toure, L. Matthews, M. Alburo, M. Perez Tosca, Z. Lawson",1,101,1.7,4.0,2,1,4,25,0,3,0,0,0,0,0,1,1,1,1,0,0,0,5,2,3,66.7,1,1,100,0,0,0,0,3,3,1,0,0,1,1,4.0,4.0,50,125,-75,125,50,75,-3,0,0,0,0,0,0,0,0,0,0,0,0,0,0,0,0,0,0,0,0,0,0,0,0,0,0,0,0,0,0,0,0
BMET City of Birmingham Rockets EABL,"G. Angoy, I. Gisbourne, J. Hyland, L. Duru, P. Walsh",Derby College Trailblazers EABL,"C. Burr, E. Norman, J. Lemanski, L. Ngomti, M. Smith-Fjordland",1,81,1.4,3.9,2,1,2,50,0,0,0,0,0,0,1,2,3,0,0,0,3,0,2,1,4,25,0,0,0,0,0,0,1,0,1,0,2,0,1,0,3.9,3.9,50.9,50.9,0,50.9,50.9,0,0,0,0,0,0,0,0,0,0,0,0,0,0,0,0,0,0,0,0,0,0,0,0,0,0,0,0,0,0,0,0,0,0
City of London Academy - Southwark EABL,"D. Banjoko, D. Patel, N. Senessie, R. Nunn, T. Gass",Itchen College EABL,"B. Cope, E. Round, J. Osei-Owusu, M. Yeates, T. Blower",1,113,1.9,3.9,0,0,3,0,0,0,0,0,0,0,1,2,3,0,0,0,1,2,3,1,4,25,0,1,0,1,2,50,1,2,3,1,0,0,1,0,2.9,4.8,0,62.4,-62.4,62.4,0,62.4,-3,0,0,0,0,0,0,0,0,0,0,0,0,0,0,0,0,0,0,0,0,0,0,0,0,0,0,0,0,0,0,0,0
Itchen College EABL,"B. Cope, D. Cimochowski, E. Lotriet, E. Round, J. Ofman",Copleston High School EABL,"J. Mussington, M. Liddamore, M. Wells, N. Wilkinson, T. Rafiu",1,162,2.7,3.9,8,3,3,100,1,1,100,1,2,50,0,1,1,2,1,0,0,0,5,2,5,40,1,3,33.3,0,0,0,2,1,3,1,0,0,1,2,3.9,3.9,206.2,129.5,76.7,129.5,206.2,-76.7,3,0,0,0,0,0,0,0,0,0,0,0,0,0,0,0,0,0,0,0,0,0,0,0,0,0,0,0,0,0,0,0,0
Myerscough College EABL,"A. Ibirinde, C. Sanchez Falette, D. Okhuoya, N. Byfield, O. Esingle",Manchester Magic Academy EABL,"J. Odongo, J. Walton, O. Babalola, S. Sidi-Boumedine, T. Kamal Kazmi",1,95,1.6,3.9,4,1,3,33.3,0,2,0,2,2,100,1,1,2,0,0,1,2,1,3,1,3,33.3,1,2,50,0,0,0,0,1,1,1,0,0,0,0,4.8,3.0,83.2,100,-16.8,100,83.2,16.8,1,0,0,0,0,0,0,0,0,0,0,0,0,0,0,0,0,0,0,0,0,0,0,0,0,0,0,0,0,0,0,0,0
Myerscough College EABL,"F. Morgan, H. Sheehan, N. Byfield, O. Esingle, S. Latidan",Manchester Magic Academy EABL,"H. Blake, J. Walton, O. Babalola, S. Sidi-Boumedine, T. Kamal Kazmi",1,130,2.2,3.9,0,0,4,0,0,1,0,0,0,0,2,1,3,0,0,0,1,0,9,3,4,75,1,1,100,2,2,100,0,2,2,3,1,0,0,1,2.9,4.9,0,184.4,-184.4,184.4,0,184.4,-9,0,0,0,0,0,0,0,0,0,0,0,0,0,0,0,0,0,0,0,0,0,0,0,0,0,0,0,0,0,0,0,0
City of London Academy - Southwark EABL,"D. Banjoko, D. Patel, R. Testfay, S. Shirwac, T. Gass",Barking Abbey EABL,"A. Maitland, F. Oguntuase, K. Mabaya, R. Connolly, S. Dobson Smith",1,125,2.1,3.9,3,1,3,33.3,0,0,0,1,2,50,2,0,2,1,0,0,2,1,7,3,5,60,1,3,33.3,0,1,0,1,1,2,3,0,0,0,0,4.5,3.3,67.4,212.1,-144.8,212.1,67.4,144.8,-4,0,0,0,0,0,0,0,0,0,0,0,0,0,0,0,0,0,0,0,0,0,0,0,0,0,0,0,0,0,0,0,0
Manchester Magic Academy EABL,"A. Sagay Isiorho, H. Blake, J. Walton, N. Brown, O. Babalola",Derby College Trailblazers EABL,"C. Burr, E. Rice, L. Ngomti, M. Smith-Fjordland, R. Hobday",1,165,2.8,3.9,7,3,4,75,1,1,100,0,0,0,0,0,0,2,1,0,0,1,6,2,2,100,0,0,0,2,2,100,0,1,1,0,0,0,1,0,4.0,3.9,175,154.6,20.4,154.6,175,-20.4,1,0,0,0,0,0,0,0,0,0,0,0,0,0,0,0,0,0,0,0,0,0,0,0,0,0,0,0,0,0,0,0,0
Manchester Magic Academy EABL,"D. Allotey, J. Walton, L. Clayton, N. Brown, T. Kamal Kazmi",Derby College Trailblazers EABL,"E. Rice, J. Lemanski, M. Smith-Fjordland, R. Hobday, W. Tallon",1,98,1.6,3.9,3,1,1,100,1,1,100,0,0,0,0,0,0,1,0,0,3,1,4,1,2,50,1,1,100,1,2,50,1,0,1,2,1,0,2,1,4.0,3.8,75,105,-30,105,75,30,-1,0,0,0,0,0,0,0,0,0,0,0,0,0,0,0,0,0,0,0,0,0,0,0,0,0,0,0,0,0,0,0,0
Myerscough College EABL,"C. Sanchez Falette, F. Morgan, N. Byfield, S. Latidan, Z. Trezvant",BMET City of Birmingham Rockets EABL,"A. Camara, D. Pittaway, J. Agbeze, J. Ogbeide, P. Basioudis",1,139,2.3,3.9,7,3,5,60,1,2,50,0,0,0,2,2,4,1,0,1,1,0,3,1,4,25,1,3,33.3,0,0,0,0,0,0,1,0,1,0,0,3.9,4.0,181.3,75,106.3,75,181.3,-106.3,4,0,0,0,0,0,0,0,0,0,0,0,0,0,0,0,0,0,0,0,0,0,0,0,0,0,0,0,0,0,0,0,0
Myerscough College EABL,"H. Sheehan, J. Bobkowski, O. Esingle, S. Latidan, Z. Trezvant",BMET City of Birmingham Rockets EABL,"A. Camara, D. Pittaway, J. Agbeze, P. Basioudis, P. Walsh",1,108,1.8,3.9,7,3,6,50,1,4,25,0,0,0,3,1,4,3,0,1,0,1,8,3,4,75,2,2,100,0,0,0,0,0,0,3,0,0,1,1,2.8,5.0,250.9,160,90.9,160,250.9,-90.9,-1,0,0,0,0,0,0,0,0,0,0,0,0,0,0,0,0,0,0,0,0,0,0,0,0,0,0,0,0,0,0,0,0
Myerscough College EABL,"H. Sheehan, I. Idemudia, J. Bobkowski, S. Latidan, Z. Trezvant",BMET City of Birmingham Rockets EABL,"A. Camara, D. Pittaway, J. Agbeze, P. Basioudis, P. Walsh",1,90,1.5,3.9,4,1,3,33.3,0,1,0,2,2,100,1,0,1,1,1,0,1,0,6,2,2,100,2,2,100,0,0,0,0,1,1,1,0,0,2,0,3.8,4.0,105,150,-45,150,105,45,-2,0,0,0,0,0,0,0,0,0,0,0,0,0,0,0,0,0,0,0,0,0,0,0,0,0,0,0,0,0,0,0,0
Charnwood College Riders EABL,"L. Boothe, L. Stevenson, R. Buckingham, T. Curran, Z. Gleadell-Smith",Myerscough College EABL,"H. Sheehan, J. Bobkowski, J. Sanchez, O. Esingle, Z. Trezvant",1,98,1.6,3.9,3,1,4,25,0,2,0,1,2,50,1,2,3,0,1,0,0,2,2,1,4,25,0,3,0,0,0,0,1,2,3,0,0,0,1,2,3.8,3.9,78.7,50.9,27.8,50.9,78.7,-27.8,1,0,0,0,0,0,0,0,0,0,0,0,0,0,0,0,0,0,0,0,0,0,0,0,0,0,0,0,0,0,0,0,0
Itchen College EABL,"E. Round, G. Andrews, J. Osei-Owusu, M. Yeates, T. Blower",HHS Reading Rockets EABL,"C. Okumus, J. Mackinnon, J. Waterhouse, L. Franicis, N. Dent",1,91,1.5,3.9,4,1,2,50,0,0,0,2,2,100,1,0,1,0,1,0,2,0,2,1,1,100,0,0,0,0,0,0,0,0,0,1,2,0,3,2,3.8,4.0,105,50,55,50,105,-55,2,0,0,0,0,0,0,0,0,0,0,0,0,0,0,0,0,0,0,0,0,0,0,0,0,0,0,0,0,0,0,0,0
Itchen College EABL,"B. Cope, D. Cimochowski, E. Lotriet, E. Round, J. Ofman",HHS Reading Rockets EABL,"C. Okumus, E. Harrington, J. Waterhouse, L. Bakary, M. Hassan-Taylor",1,58,1.0,3.9,5,2,2,100,1,1,100,0,0,0,0,0,0,1,1,0,2,2,3,1,1,100,0,0,0,1,2,50,0,0,0,2,1,0,2,0,4.0,3.9,125,77.3,47.7,77.3,125,-47.7,2,0,0,0,0,0,0,0,0,0,0,0,0,0,0,0,0,0,0,0,0,0,0,0,0,0,0,0,0,0,0,0,0
Itchen College EABL,"E. Lotriet, G. Andrews, J. Osei-Owusu, M. Edwards, R. Radu",HHS Reading Rockets EABL,"C. Okumus, E. Harrington, J. Mackinnon, J. Waterhouse, L. Franicis",1,150,2.5,3.9,8,3,4,75,0,1,0,2,2,100,1,1,2,2,0,0,0,1,7,3,5,60,1,2,50,0,0,0,1,0,1,1,0,0,0,1,3.8,3.9,210,178.1,31.9,178.1,210,-31.9,1,0,0,0,0,0,0,0,0,0,0,0,0,0,0,0,0,0,0,0,0,0,0,0,0,0,0,0,0,0,0,0,0
Oaklands Wolves EABL,"D. Gladstone, D. Kostadinov, E. Da Cruz Fatuda, G. Mitchell, L. Mcintosh",Barking Abbey EABL,"J. Mendes, K. Mabaya, M. Filho, M. Myamutenha, O. Visockas",1,124,2.1,3.9,3,1,2,50,0,0,0,1,2,50,0,2,2,1,0,0,1,0,3,1,3,33.3,1,2,50,0,0,0,0,1,1,1,0,0,1,2,3.9,4.0,77.3,75,2.3,75,77.3,-2.3,0,0,0,0,0,0,0,0,0,0,0,0,0,0,0,0,0,0,0,0,0,0,0,0,0,0,0,0,0,0,0,0,0
Copleston High School EABL,"A. Hickey, I. Carty-Peters, I. Little, M. Liddamore, N. Wilkinson",Oaklands Wolves EABL,"E. Da Cruz Fatuda, E. Ryan, G. Mitchell, H. Morrell, L. Mcintosh",1,91,1.5,3.9,4,1,2,50,0,0,0,2,2,100,0,3,3,0,0,1,1,0,2,1,4,25,0,1,0,0,0,0,0,1,1,1,0,1,0,2,3.9,4.0,103.1,50,53.1,50,103.1,-53.1,2,0,0,0,0,0,0,0,0,0,0,0,0,0,0,0,0,0,0,0,0,0,0,0,0,0,0,0,0,0,0,0,0
Charnwood College Riders EABL,"D. Hanousek, L. Stevenson, R. Buckingham, T. Curran, Z. Gleadell-Smith",Manchester Magic Academy EABL,"J. Odongo, N. Brown, O. Babalola, T. Kamal Kazmi, T. Richardson",1,111,1.9,3.9,6,2,3,66.7,1,2,50,1,2,50,0,2,2,0,0,0,0,0,4,2,4,50,0,2,0,0,0,0,0,2,2,1,0,0,0,0,3.9,4.0,154.6,100,54.6,100,154.6,-54.6,2,0,0,0,0,0,0,0,0,0,0,0,0,0,0,0,0,0,0,0,0,0,0,0,0,0,0,0,0,0,0,0,0
Derby College Trailblazers EABL,"E. Rice, G. Pastor, J. Lemanski, L. Ngomti, W. Tallon",BMET City of Birmingham Rockets EABL,"J. Agbeze, J. Hyland, L. Duru, P. Basioudis, P. Walsh",1,94,1.6,3.9,4,2,4,50,0,1,0,0,2,0,1,3,4,1,0,0,0,0,0,0,3,0,0,2,0,0,0,0,0,1,1,0,0,0,1,1,3.8,4.0,105,0,105,0,105,-105,4,0,0,0,0,0,0,0,0,0,0,0,0,0,0,0,0,0,0,0,0,0,0,0,0,0,0,0,0,0,0,0,0
Myerscough College EABL,"D. Okhuoya, F. Morgan, I. Idemudia, J. Bobkowski, O. Esingle",SGS College EABL,"A. Bennett, D. Lloyd, K. Richards, M. Alburo, M. Pospori",1,86,1.4,3.9,6,3,4,75,0,1,0,0,0,0,0,0,0,1,1,1,0,1,2,0,2,0,0,0,0,2,2,100,0,1,1,0,0,0,1,0,4.0,3.9,150,51.5,98.5,51.5,150,-98.5,4,0,0,0,0,0,0,0,0,0,0,0,0,0,0,0,0,0,0,0,0,0,0,0,0,0,0,0,0,0,0,0,0
Charnwood College Riders EABL,"L. Boothe, L. Stevenson, P. Kattah, T. Curran, T. Pearson",Derby College Trailblazers EABL,"C. Burr, E. Norman, J. Howlett, L. Ngomti, W. Tallon",1,73,1.2,3.9,6,2,4,50,1,1,100,1,2,50,1,0,1,2,3,0,0,0,0,0,1,0,0,0,0,0,0,0,0,1,1,0,0,2,3,0,3.8,4.0,157.5,0,157.5,0,157.5,-157.5,6,0,0,0,0,0,0,0,0,0,0,0,0,0,0,0,0,0,0,0,0,0,0,0,0,0,0,0,0,0,0,0,0
SGS College EABL,"K. Richards, L. Matthews, M. Alburo, M. Perez Tosca, Z. Lawson",BMET City of Birmingham Rockets EABL,"D. Pittaway, G. Angoy, J. Agbeze, J. Hyland, L. Duru",1,62,1.0,3.9,4,1,3,33.3,0,2,0,2,2,100,1,0,1,0,1,0,1,1,4,2,3,66.7,0,0,0,0,0,0,1,1,2,0,1,0,2,0,3.8,3.9,105,101.8,3.2,101.8,105,-3.2,0,0,0,0,0,0,0,0,0,0,0,0,0,0,0,0,0,0,0,0,0,0,0,0,0,0,0,0,0,0,0,0,0
SGS College EABL,"K. Richards, L. Matthews, M. Perez Tosca, S. Nelson, Z. Lawson",BMET City of Birmingham Rockets EABL,"G. Angoy, J. Hyland, L. Duru, P. Walsh, S. Chikukwa",1,98,1.6,3.9,2,1,2,50,0,0,0,0,0,0,0,3,3,1,0,0,2,2,3,1,3,33.3,0,1,0,1,2,50,0,1,1,0,2,0,0,0,4.0,3.9,50,77.3,-27.3,77.3,50,27.3,-1,0,0,0,0,0,0,0,0,0,0,0,0,0,0,0,0,0,0,0,0,0,0,0,0,0,0,0,0,0,0,0,0
SGS College EABL,"I. Toure, L. Matthews, M. Alburo, M. Perez Tosca, S. Nelson",BMET City of Birmingham Rockets EABL,"G. Angoy, J. Hyland, L. Duru, P. Basioudis, P. Walsh",1,109,1.8,3.9,2,0,3,0,0,0,0,2,4,50,1,3,4,0,0,1,0,3,2,0,5,0,0,3,0,2,4,50,3,3,6,0,0,0,0,2,4.0,4.1,50.5,49,1.6,49,50.5,-1.6,0,0,0,0,0,0,0,0,0,0,0,0,0,0,0,0,0,0,0,0,0,0,0,0,0,0,0,0,0,0,0,0,0
Oaklands Wolves EABL,"D. Gladstone, D. Kostadinov, E. Da Cruz Fatuda, G. Mitchell, L. Mcintosh",HHS Reading Rockets EABL,"E. Harrington, J. Mackinnon, J. Waterhouse, M. Daines, M. Hassan-Taylor",1,112,1.9,3.9,10,4,4,100,1,1,100,1,2,50,1,2,3,3,0,0,0,1,0,0,2,0,0,2,0,0,0,0,0,0,0,0,0,0,1,0,4.9,3.0,204.9,0,204.9,0,204.9,-204.9,10,0,0,0,0,0,0,0,0,0,0,0,0,0,0,0,0,0,0,0,0,0,0,0,0,0,0,0,0,0,0,0,0
Oaklands Wolves EABL,"D. Gladstone, D. Kostadinov, G. Mitchell, H. Morrell, T. Mcintosh",HHS Reading Rockets EABL,"C. Okumus, J. Mackinnon, J. Waterhouse, M. Daines, N. Dent",1,84,1.4,3.9,2,1,2,50,0,0,0,0,0,0,1,2,3,0,0,0,3,0,5,2,5,40,1,1,100,0,0,0,1,0,1,1,2,0,0,0,3.9,3.9,50.9,127.2,-76.3,127.2,50.9,76.3,-3,0,0,0,0,0,0,0,0,0,0,0,0,0,0,0,0,0,0,0,0,0,0,0,0,0,0,0,0,0,0,0,0
BMET City of Birmingham Rockets EABL,"B. Rose, D. Pittaway, J. Hyland, L. Duru, P. Walsh",Myerscough College EABL,"A. Cisse, A. Ibirinde, F. Morgan, J. Bobkowski, L. Farrell",1,90,1.5,3.9,3,1,4,25,1,2,50,0,0,0,1,2,3,1,0,1,1,0,3,1,4,25,1,1,100,0,0,0,1,2,3,1,1,0,1,1,3.9,3.9,76.3,76.3,0,76.3,76.3,0,0,0,0,0,0,0,0,0,0,0,0,0,0,0,0,0,0,0,0,0,0,0,0,0,0,0,0,0,0,0,0,0,0
Barking Abbey EABL,"A. Maitland, J. Mendes, K. Mabaya, O. Visockas, R. Connolly",Itchen College EABL,"B. Cope, D. Cimochowski, E. Lotriet, E. Round, J. Ofman",1,137,2.3,3.9,5,2,4,50,1,2,50,0,0,0,1,1,2,1,1,1,1,2,2,1,5,20,0,1,0,0,0,0,1,1,2,1,1,0,1,1,3.9,3.9,127.2,51.8,75.4,51.8,127.2,-75.4,3,0,0,0,0,0,0,0,0,0,0,0,0,0,0,0,0,0,0,0,0,0,0,0,0,0,0,0,0,0,0,0,0
Barking Abbey EABL,"A. Nwabueze, J. Mendes, K. Mabaya, M. Filho, R. Connolly",Itchen College EABL,"E. Lotriet, E. Round, M. Edwards, M. Yeates, R. Radu",1,101,1.7,3.9,3,1,4,25,1,4,25,0,0,0,1,1,2,1,2,0,1,0,2,1,3,33.3,0,1,0,0,0,0,1,2,3,0,1,0,2,0,3.9,3.9,76.3,50.9,25.4,50.9,76.3,-25.4,1,0,0,0,0,0,0,0,0,0,0,0,0,0,0,0,0,0,0,0,0,0,0,0,0,0,0,0,0,0,0,0,0
HHS Reading Rockets EABL,"E. Harrington, J. Mackinnon, L. Bakary, M. Daines, M. Hassan-Taylor",Oaklands Wolves EABL,"D. Kostadinov, E. Da Cruz Fatuda, E. Ryan, G. Mitchell, H. Morrell",1,148,2.5,3.9,4,2,4,50,0,1,0,0,0,0,0,0,0,1,2,1,0,0,4,2,6,33.3,0,3,0,0,0,0,3,2,5,0,0,0,2,1,4.0,3.7,100,107.5,-7.5,107.5,100,7.5,0,0,0,0,0,0,0,0,0,0,0,0,0,0,0,0,0,0,0,0,0,0,0,0,0,0,0,0,0,0,0,0,0
Itchen College EABL,"B. Cope, E. Lotriet, E. Round, J. Ofman, M. Yeates",Barking Abbey EABL,"A. Nwabueze, J. Mendes, K. Mabaya, M. Filho, O. Visockas",1,93,1.6,3.9,5,1,3,33.3,1,1,100,2,2,100,0,2,2,2,0,0,0,2,2,1,5,20,0,3,0,0,1,0,1,1,2,0,0,1,0,1,3.9,4.0,128.9,49.8,79,49.8,128.9,-79,3,0,0,0,0,0,0,0,0,0,0,0,0,0,0,0,0,0,0,0,0,0,0,0,0,0,0,0,0,0,0,0,0
Itchen College EABL,"B. Cope, D. Cimochowski, E. Lotriet, E. Round, J. Ofman",Barking Abbey EABL,"A. Maitland, A. Nwabueze, J. Mendes, K. Mabaya, R. Connolly",1,60,1.0,3.9,2,0,1,0,0,0,0,2,2,100,0,1,1,0,0,0,2,0,7,2,3,66.7,1,2,50,2,2,100,0,1,1,1,1,0,0,1,3.9,3.9,51.5,180.4,-128.9,180.4,51.5,128.9,-5,0,0,0,0,0,0,0,0,0,0,0,0,0,0,0,0,0,0,0,0,0,0,0,0,0,0,0,0,0,0,0,0
Derby College Trailblazers EABL,"E. Norman, G. Pastor, J. Howlett, L. Ngomti, M. Smith-Fjordland",SGS College EABL,"A. Odowa, K. Richards, M. Alburo, S. Nelson, Z. Lawson",1,132,2.2,3.9,6,3,3,100,0,0,0,0,0,0,0,0,0,3,1,1,0,1,4,1,3,33.3,0,0,0,2,2,100,1,0,1,0,0,0,3,1,3.0,4.7,200,84.4,115.6,84.4,200,-115.6,2,0,0,0,0,0,0,0,0,0,0,0,0,0,0,0,0,0,0,0,0,0,0,0,0,0,0,0,0,0,0,0,0
Oaklands Wolves EABL,"D. Kostadinov, E. Da Cruz Fatuda, E. Ryan, G. Mitchell, L. Mcintosh",City of London Academy - Southwark EABL,"A. Nwokolo, D. Banjoko, D. Patel, L. Thompson, R. Cryer",1,138,2.3,3.9,3,1,4,25,1,3,33.3,0,0,0,0,1,1,1,0,0,0,0,5,2,6,33.3,1,3,33.3,0,0,0,3,3,6,1,0,0,1,0,4.0,3.8,75,131.9,-56.9,131.9,75,56.9,-2,0,0,0,0,0,0,0,0,0,0,0,0,0,0,0,0,0,0,0,0,0,0,0,0,0,0,0,0,0,0,0,0
HHS Reading Rockets EABL,"C. Okumus, E. Harrington, J. Mackinnon, J. Waterhouse, M. Hassan-Taylor",Barking Abbey EABL,"K. Mabaya, K. N'gabala, O. Visockas, R. Connolly, S. Dobson Smith",1,121,2.0,3.9,2,1,1,100,0,0,0,0,1,0,0,1,1,0,0,0,2,1,8,3,4,75,1,2,50,1,1,100,0,1,1,2,1,0,0,1,3.4,4.4,58.1,180.2,-122,180.2,58.1,122,-6,0,0,0,0,0,0,0,0,0,0,0,0,0,0,0,0,0,0,0,0,0,0,0,0,0,0,0,0,0,0,0,0
SGS College EABL,"D. Lloyd, I. Toure, K. Ramirez Mora, L. Matthews, M. Perez Tosca",Manchester Magic Academy EABL,"A. Sagay Isiorho, J. Odongo, J. Walton, O. Babalola, T. Richardson",1,76,1.3,3.9,2,0,3,0,0,0,0,2,2,100,0,1,1,0,0,0,0,0,6,3,5,60,0,0,0,0,0,0,1,2,3,0,0,0,0,0,3.9,3.9,51.5,152.7,-101.1,152.7,51.5,101.1,-4,0,0,0,0,0,0,0,0,0,0,0,0,0,0,0,0,0,0,0,0,0,0,0,0,0,0,0,0,0,0,0,0
SGS College EABL,"A. Odowa, K. Richards, M. Alburo, Z. Lawson",Manchester Magic Academy EABL,"A. Sagay Isiorho, D. Allotey, H. Blake, J. Odongo, J. Walton",1,139,2.3,3.9,4,2,5,40,0,0,0,0,0,0,1,0,1,0,0,0,0,0,9,4,5,80,1,2,50,0,0,0,1,2,3,2,0,0,0,0,3.9,3.9,101.8,229,-127.2,229,101.8,127.2,-5,0,0,0,0,0,0,0,0,0,0,0,0,0,0,0,0,0,0,0,0,0,0,0,0,0,0,0,0,0,0,0,0
SGS College EABL,"K. Ramirez Mora, K. Richards, L. Matthews, M. Perez Tosca, Z. Lawson",Manchester Magic Academy EABL,"D. Allotey, J. Walton, O. Babalola, T. Kamal Kazmi, T. Richardson",1,113,1.9,3.9,6,3,6,50,0,0,0,0,0,0,2,0,2,1,1,0,0,0,5,2,3,66.7,1,1,100,0,0,0,0,1,1,1,0,0,1,0,3.9,4.0,155.4,125,30.4,125,155.4,-30.4,1,0,0,0,0,0,0,0,0,0,0,0,0,0,0,0,0,0,0,0,0,0,0,0,0,0,0,0,0,0,0,0,0
Barking Abbey EABL,"A. Nwabueze, K. Mabaya, M. Filho, R. Connolly, S. Dobson Smith",Oaklands Wolves EABL,"B. Thompson, D. Kostadinov, E. Da Cruz Fatuda, L. Mcintosh, T. Mcintosh",1,104,1.7,3.9,5,2,5,40,1,2,50,0,0,0,1,1,2,1,1,0,0,0,2,1,3,33.3,0,0,0,0,0,0,1,2,3,0,0,0,2,0,3.9,3.9,127.2,50.9,76.3,50.9,127.2,-76.3,3,0,0,0,0,0,0,0,0,0,0,0,0,0,0,0,0,0,0,0,0,0,0,0,0,0,0,0,0,0,0,0,0
HHS Reading Rockets EABL,"C. Okumus, E. Harrington, J. Waterhouse, M. Daines, M. Hassan-Taylor",Itchen College EABL,"E. Lotriet, E. Round, J. Ofman, M. Edwards, R. Radu",1,72,1.2,3.9,0,0,2,0,0,1,0,0,0,0,0,1,1,0,0,0,1,1,6,2,3,66.7,0,1,0,2,2,100,0,2,2,1,1,0,1,1,3.0,4.9,0,123,-123,123,0,123,-6,0,0,0,0,0,0,0,0,0,0,0,0,0,0,0,0,0,0,0,0,0,0,0,0,0,0,0,0,0,0,0,0
BMET City of Birmingham Rockets EABL,"B. Rose, G. Angoy, J. Agbeze, L. Duru, P. Basioudis",Copleston High School EABL,"C. Fobister, I. Little, M. Liddamore, N. Wilkinson, T. Rafiu",1,96,1.6,3.9,2,1,5,20,0,2,0,0,0,0,1,3,4,0,1,1,0,0,0,0,4,0,0,3,0,0,0,0,1,3,4,0,0,0,1,0,3.9,3.9,50.9,0,50.9,0,50.9,-50.9,2,0,0,0,0,0,0,0,0,0,0,0,0,0,0,0,0,0,0,0,0,0,0,0,0,0,0,0,0,0,0,0,0
Manchester Magic Academy EABL,"A. Isiorho, J. Walton, L. Clayton, O. Babalola, S. Sidi-Boumedine",Itchen College EABL,"B. Cope, E. Lotriet, E. Round, J. Ofman, M. Yeates",1,116,1.9,3.9,3,1,3,33.3,0,1,0,1,1,100,0,1,1,1,1,0,0,1,2,1,4,25,0,0,0,0,0,0,1,2,3,0,0,0,2,0,3.4,4.4,87.2,45.5,41.7,45.5,87.2,-41.7,1,0,0,0,0,0,0,0,0,0,0,0,0,0,0,0,0,0,0,0,0,0,0,0,0,0,0,0,0,0,0,0,0
SGS College EABL,"A. Bennett, A. Odowa, I. Toure, M. Pospori, S. Nelson",Derby College Trailblazers EABL,"G. Pastor, J. Howlett, J. Lemanski, M. Smith-Fjordland, W. Tallon",1,121,2.0,3.8,6,3,3,100,0,0,0,0,0,0,0,0,0,2,0,0,0,1,11,4,7,57.1,2,4,50,1,2,50,4,0,4,2,0,0,0,2,3.0,4.7,200,235.5,-35.5,235.5,200,35.5,-5,0,0,0,0,0,0,0,0,0,0,0,0,0,0,0,0,0,0,0,0,0,0,0,0,0,0,0,0,0,0,0,0
SGS College EABL,"A. Bennett, D. Lloyd, K. Richards, M. Pospori, S. Nelson",Derby College Trailblazers EABL,"E. Norman, G. Pastor, J. Howlett, M. Smith-Fjordland, W. Tallon",1,130,2.2,3.8,0,0,3,0,0,2,0,0,2,0,0,0,0,0,1,0,1,1,4,1,3,33.3,0,1,0,2,2,100,1,3,4,0,1,0,1,1,4.9,2.7,0,146,-146,146,0,146,-4,0,0,0,0,0,0,0,0,0,0,0,0,0,0,0,0,0,0,0,0,0,0,0,0,0,0,0,0,0,0,0,0
BMET City of Birmingham Rockets EABL,"A. Camara, B. Rose, J. Agbeze, P. Basioudis, P. Walsh",Charnwood College Riders EABL,"A. Oyerinde, F. Saeed, L. Boothe, P. Kattah, T. Pearson",1,94,1.6,3.8,2,0,4,0,0,3,0,2,2,100,3,0,3,0,0,0,2,0,4,2,3,66.7,0,0,0,0,0,0,0,1,1,0,0,1,1,1,3.7,4.0,54.5,100,-45.5,100,54.5,45.5,-2,0,0,0,0,0,0,0,0,0,0,0,0,0,0,0,0,0,0,0,0,0,0,0,0,0,0,0,0,0,0,0,0
Itchen College EABL,"E. Lotriet, E. Round, M. Edwards, M. Yeates, R. Radu",City of London Academy - Southwark EABL,"A. Nwokolo, D. Banjoko, D. Banjoko, D. Patel, T. Gass",1,157,2.6,3.8,7,3,6,50,1,4,25,0,0,0,2,0,2,2,1,0,0,1,7,2,3,66.7,1,2,50,2,2,100,1,1,2,2,0,0,1,0,3.9,3.8,181.3,183.7,-2.4,183.7,181.3,2.4,0,0,0,0,0,0,0,0,0,0,0,0,0,0,0,0,0,0,0,0,0,0,0,0,0,0,0,0,0,0,0,0,0
Itchen College EABL,"B. Cope, E. Round, G. Andrews, J. Osei-Owusu, M. Yeates",Oaklands Wolves EABL,"B. Thompson, D. Gladstone, E. Da Cruz Fatuda, H. Morrell, K. Gasperas",1,142,2.4,3.8,2,1,5,20,0,1,0,0,1,0,2,0,2,0,2,0,1,0,3,1,2,50,1,1,100,0,0,0,1,3,4,1,1,0,2,1,4.7,2.9,42.3,102.4,-60.1,102.4,42.3,60.1,-1,0,0,0,0,0,0,0,0,0,0,0,0,0,0,0,0,0,0,0,0,0,0,0,0,0,0,0,0,0,0,0,0
Myerscough College EABL,"A. Cisse, D. Okhuoya, F. Morgan, J. Bobkowski, L. Farrell",Derby College Trailblazers EABL,"C. Burr, E. Rice, G. Pastor, R. Hobday, W. Tallon",1,114,1.9,3.8,2,1,3,33.3,0,2,0,0,0,0,1,3,4,1,1,0,1,1,2,1,4,25,0,2,0,0,1,0,1,1,2,1,0,0,1,0,2.9,4.6,68.3,43.1,25.1,43.1,68.3,-25.1,0,0,0,0,0,0,0,0,0,0,0,0,0,0,0,0,0,0,0,0,0,0,0,0,0,0,0,0,0,0,0,0,0
Barking Abbey EABL,"J. Mendes, M. Filho, O. Visockas, R. Connolly, S. Dobson Smith",Oaklands Wolves EABL,"D. Gladstone, D. Kostadinov, E. Da Cruz Fatuda, L. Mcintosh, T. Mcintosh",1,130,2.2,3.8,2,1,3,33.3,0,1,0,0,0,0,0,2,2,0,0,0,1,0,2,1,5,20,0,3,0,0,0,0,1,2,3,0,0,0,0,0,4.0,3.6,50,56,-6,56,50,6,0,0,0,0,0,0,0,0,0,0,0,0,0,0,0,0,0,0,0,0,0,0,0,0,0,0,0,0,0,0,0,0,0
Myerscough College EABL,"F. Morgan, J. Bobkowski, O. Esingle, S. Latidan, Z. Trezvant",Barking Abbey EABL,"J. Mendes, K. Mabaya, M. Filho, O. Visockas, R. Connolly",1,129,2.1,3.8,7,3,6,50,1,2,50,0,0,0,3,2,5,0,1,3,1,0,2,1,5,20,0,1,0,0,0,0,2,0,2,1,1,0,1,0,3.8,3.9,184.7,51.8,132.9,51.8,184.7,-132.9,5,0,0,0,0,0,0,0,0,0,0,0,0,0,0,0,0,0,0,0,0,0,0,0,0,0,0,0,0,0,0,0,0
Charnwood College Riders EABL,"F. Saeed, J. Hardy, O. Hambira, P. Kattah, T. Curran",Oaklands Wolves EABL,"D. Kostadinov, E. Da Cruz Fatuda, E. Ryan, G. Mitchell, S. Mills",1,129,2.1,3.8,0,0,5,0,0,2,0,0,0,0,1,1,2,0,1,0,0,0,4,2,3,66.7,0,1,0,0,0,0,0,3,3,1,0,1,1,1,3.7,4.0,0,100,-100,100,0,100,-4,0,0,0,0,0,0,0,0,0,0,0,0,0,0,0,0,0,0,0,0,0,0,0,0,0,0,0,0,0,0,0,0
BMET City of Birmingham Rockets EABL,"D. Pittaway, I. Gisbourne, J. Hyland, L. Duru, P. Basioudis",Derby College Trailblazers EABL,"C. Burr, E. Norman, E. Rice, L. Ngomti, M. Smith-Fjordland",1,70,1.2,3.7,5,2,3,66.7,1,2,50,0,1,0,0,1,1,2,1,0,0,0,3,1,2,50,1,2,50,0,0,0,0,2,2,1,0,0,2,1,3.4,4.0,145.3,75,70.3,75,145.3,-70.3,2,0,0,0,0,0,0,0,0,0,0,0,0,0,0,0,0,0,0,0,0,0,0,0,0,0,0,0,0,0,0,0,0
BMET City of Birmingham Rockets EABL,"B. Rose, D. Pittaway, G. Angoy, J. Ogbeide, P. Basioudis",Derby College Trailblazers EABL,"D. Kilmas, E. Rice, G. Pastor, J. Howlett, W. Tallon",1,84,1.4,3.7,3,1,2,50,0,0,0,1,1,100,0,1,1,1,0,1,1,0,4,2,4,50,0,1,0,0,0,0,0,1,1,2,0,0,0,2,3.4,4.0,87.2,100,-12.8,100,87.2,12.8,-1,0,0,0,0,0,0,0,0,0,0,0,0,0,0,0,0,0,0,0,0,0,0,0,0,0,0,0,0,0,0,0,0
City of London Academy - Southwark EABL,"A. Nwokolo, D. Banjoko, D. Patel, N. Senessie, T. Gass",Itchen College EABL,"B. Cope, E. Round, J. Ofman, M. Yeates, T. Blower",1,67,1.1,3.7,5,2,2,100,0,0,0,1,2,50,0,2,2,1,0,0,0,2,7,3,4,75,1,1,100,0,2,0,1,0,1,1,0,0,0,1,2.9,4.5,173.6,154.8,18.9,154.8,173.6,-18.9,-2,0,0,0,0,0,0,0,0,0,0,0,0,0,0,0,0,0,0,0,0,0,0,0,0,0,0,0,0,0,0,0,0
Copleston High School EABL,"A. Hickey, C. Fobister, I. Little, M. Liddamore, T. Rafiu",Barking Abbey EABL,"F. Cole, J. Mendes, M. Filho, M. Myamutenha, S. Dobson Smith",1,72,1.2,3.7,0,0,0,0,0,0,0,0,0,0,0,0,0,0,1,0,3,1,9,3,3,100,2,2,100,1,1,100,0,0,0,2,1,0,1,1,3.0,4.4,0,202.7,-202.7,202.7,0,202.7,-9,0,0,0,0,0,0,0,0,0,0,0,0,0,0,0,0,0,0,0,0,0,0,0,0,0,0,0,0,0,0,0,0
Charnwood College Riders EABL,"A. Oyerinde, F. Saeed, L. Boothe, R. Buckingham, Z. Gleadell-Smith",SGS College EABL,"D. Lloyd, K. Ramirez Mora, K. Richards, M. Alburo, M. Pospori",1,82,1.4,3.7,6,1,4,25,0,1,0,4,4,100,3,1,4,0,1,0,1,1,5,1,2,50,1,1,100,2,2,100,0,0,0,1,1,1,1,2,3.5,3.9,169,128.9,40.1,128.9,169,-40.1,1,0,0,0,0,0,0,0,0,0,0,0,0,0,0,0,0,0,0,0,0,0,0,0,0,0,0,0,0,0,0,0,0
Manchester Magic Academy EABL,"J. Walton, L. Clayton, O. Babalola, S. Sidi-Boumedine, T. Richardson",Derby College Trailblazers EABL,"C. Burr, E. Rice, M. Smith-Fjordland, R. Hobday, W. Tallon",1,92,1.5,3.7,0,0,3,0,0,1,0,0,0,0,0,2,2,0,0,0,1,1,3,1,3,33.3,0,2,0,1,1,100,0,2,2,1,0,0,0,0,4.0,3.4,0,87.2,-87.2,87.2,0,87.2,-3,0,0,0,0,0,0,0,0,0,0,0,0,0,0,0,0,0,0,0,0,0,0,0,0,0,0,0,0,0,0,0,0
SGS College EABL,"D. Lloyd, K. Ramirez Mora, K. Richards, M. Alburo, M. Perez Tosca",Derby College Trailblazers EABL,"C. Burr, E. Norman, E. Rice, L. Ngomti, R. Hobday",1,109,1.8,3.7,5,2,5,40,0,1,0,1,1,100,2,3,5,0,0,0,0,1,3,1,4,25,1,2,50,0,0,0,0,1,1,1,0,0,0,2,3.3,4.0,151.5,75,76.5,75,151.5,-76.5,2,0,0,0,0,0,0,0,0,0,0,0,0,0,0,0,0,0,0,0,0,0,0,0,0,0,0,0,0,0,0,0,0
City of London Academy - Southwark EABL,"A. Nwokolo, D. Banjoko, D. Banjoko, J. Hannick, T. Gass",Oaklands Wolves EABL,"D. Gladstone, D. Kostadinov, E. Da Cruz Fatuda, G. Mitchell, L. Mcintosh",1,113,1.9,3.7,3,1,4,25,0,2,0,1,2,50,3,0,3,0,1,0,0,2,3,1,3,33.3,1,3,33.3,0,0,0,0,1,1,1,0,0,2,2,2.5,5.0,121.3,60,61.3,60,121.3,-61.3,0,0,0,0,0,0,0,0,0,0,0,0,0,0,0,0,0,0,0,0,0,0,0,0,0,0,0,0,0,0,0,0,0
Derby College Trailblazers EABL,"C. Burr, E. Norman, E. Rice, G. Pastor, J. Howlett, M. Smith-Fjordland",Myerscough College EABL,"A. Ibirinde, D. Okhuoya, J. Bobkowski, N. Byfield, S. Latidan",1,104,1.7,3.7,3,1,4,25,1,3,33.3,0,0,0,0,2,2,1,1,0,0,1,1,0,3,0,0,1,0,1,1,100,1,3,4,0,0,0,1,0,4.0,3.4,75,29.7,45.3,29.7,75,-45.3,2,0,0,0,0,0,0,0,0,0,0,0,0,0,0,0,0,0,0,0,0,0,0,0,0,0,0,0,0,0,0,0,0
Oaklands Wolves EABL,"D. Gladstone, E. Da Cruz Fatuda, G. Mitchell, H. Morrell, T. Mcintosh",Barking Abbey EABL,"A. Maitland, A. Nwabueze, J. Mendes, M. Filho, R. Connolly",1,99,1.6,3.7,2,1,3,33.3,0,2,0,0,0,0,0,0,0,0,1,0,0,1,7,3,5,60,0,1,0,1,1,100,2,2,4,0,0,0,1,0,3.0,4.3,66.7,162.8,-96.1,162.8,66.7,96.1,-5,0,0,0,0,0,0,0,0,0,0,0,0,0,0,0,0,0,0,0,0,0,0,0,0,0,0,0,0,0,0,0,0
SGS College EABL,"K. Richards, L. Matthews, M. Alburo, M. Perez Tosca, S. Nelson",BMET City of Birmingham Rockets EABL,"G. Angoy, J. Hyland, L. Duru, P. Basioudis, S. Chikukwa",1,94,1.6,3.7,2,1,3,33.3,0,1,0,0,0,0,1,1,2,1,0,0,1,0,5,2,4,50,0,0,0,1,2,50,2,1,3,1,1,0,1,0,2.9,4.5,68.3,112.3,-44,112.3,68.3,44,-3,0,0,0,0,0,0,0,0,0,0,0,0,0,0,0,0,0,0,0,0,0,0,0,0,0,0,0,0,0,0,0,0
BMET City of Birmingham Rockets EABL,"D. Pittaway, G. Angoy, J. Agbeze, J. Hyland, L. Duru",Myerscough College EABL,"C. Sanchez Falette, H. Sheehan, O. Esingle, S. Latidan, Z. Trezvant",1,140,2.3,3.7,0,0,4,0,0,2,0,0,0,0,1,1,2,0,2,0,1,0,0,0,4,0,0,4,0,0,0,0,3,2,5,0,1,0,3,0,3.6,3.8,0,0,0,0,0,0,0,0,0,0,0,0,0,0,0,0,0,0,0,0,0,0,0,0,0,0,0,0,0,0,0,0,0,0,0,0,0,0,0
Itchen College EABL,"B. Cope, G. Andrews, J. Ofman, M. Yeates, T. Blower",Oaklands Wolves EABL,"D. Gladstone, E. Da Cruz Fatuda, G. Mitchell, H. Morrell, L. Mcintosh",1,102,1.7,3.7,2,1,3,33.3,0,1,0,0,0,0,0,0,0,0,0,0,0,1,5,2,2,100,0,0,0,1,1,100,0,2,2,0,0,0,2,1,3.0,4.4,66.7,112.6,-45.9,112.6,66.7,45.9,-3,0,0,0,0,0,0,0,0,0,0,0,0,0,0,0,0,0,0,0,0,0,0,0,0,0,0,0,0,0,0,0,0
Derby College Trailblazers EABL,"C. Burr, E. Norman, E. Rice, R. Hobday, W. Tallon",Manchester Magic Academy EABL,"D. Allotey, J. Walton, O. Babalola, T. Kamal Kazmi, T. Richardson",1,128,2.1,3.7,5,2,3,66.7,0,0,0,1,1,100,0,0,0,2,0,0,2,1,6,2,2,100,2,2,100,0,0,0,0,0,0,2,0,1,0,1,5.4,2.0,91.9,300,-208.1,300,91.9,208.1,-1,0,0,0,0,0,0,0,0,0,0,0,0,0,0,0,0,0,0,0,0,0,0,0,0,0,0,0,0,0,0,0,0
SGS College EABL,"A. Odowa, D. Lloyd, K. Richards, S. Nelson, Z. Lawson",Charnwood College Riders EABL,"A. Young, J. Hardy, L. Stevenson, O. Hambira, S. Morris",1,126,2.1,3.7,3,1,3,33.3,0,1,0,1,2,50,0,2,2,0,0,0,0,1,4,1,7,14.3,0,1,0,2,2,100,4,2,6,0,0,0,0,1,3.9,3.6,77.3,111.1,-33.8,111.1,77.3,33.8,-1,0,0,0,0,0,0,0,0,0,0,0,0,0,0,0,0,0,0,0,0,0,0,0,0,0,0,0,0,0,0,0,0
HHS Reading Rockets EABL,"C. Okumus, E. Harrington, J. Mackinnon, J. Waterhouse, M. Hassan-Taylor",Barking Abbey EABL,"F. Cole, F. Oguntuase, H. Egbayelo, K. N'gabala, S. Dobson Smith",1,136,2.3,3.7,3,1,5,20,0,0,0,1,3,33.3,2,3,5,1,1,0,0,1,1,0,2,0,0,1,0,1,2,50,0,1,1,0,0,0,1,1,3.5,3.9,86.5,25.8,60.8,25.8,86.5,-60.8,2,0,0,0,0,0,0,0,0,0,0,0,0,0,0,0,0,0,0,0,0,0,0,0,0,0,0,0,0,0,0,0,0
Barking Abbey EABL,"A. Maitland, K. Mabaya, K. N'gabala, R. Connolly, S. Dobson Smith",Oaklands Wolves EABL,"D. Gladstone, D. Kostadinov, E. Da Cruz Fatuda, H. Morrell, L. Mcintosh",1,145,2.4,3.7,5,2,3,66.7,1,2,50,0,0,0,0,0,0,1,0,0,0,1,8,3,4,75,1,1,100,1,1,100,0,1,1,1,0,0,0,0,3.0,4.4,166.7,180.2,-13.5,180.2,166.7,13.5,-3,0,0,0,0,0,0,0,0,0,0,0,0,0,0,0,0,0,0,0,0,0,0,0,0,0,0,0,0,0,0,0,0
City of London Academy - Southwark EABL,"A. Nwokolo, D. Banjoko, D. Banjoko, D. Patel, L. Thompson",Derby College Trailblazers EABL,"C. Burr, E. Rice, G. Pastor, L. Ngomti, W. Tallon",1,69,1.1,3.7,8,3,4,75,1,1,100,1,2,50,1,1,2,2,1,0,0,0,2,1,2,50,0,0,0,0,0,0,0,1,1,1,0,0,1,2,4.3,3.0,184.1,66.7,117.5,66.7,184.1,-117.5,6,0,0,0,0,0,0,0,0,0,0,0,0,0,0,0,0,0,0,0,0,0,0,0,0,0,0,0,0,0,0,0,0
BMET City of Birmingham Rockets EABL,"G. Angoy, J. Agbeze, J. Hyland, L. Duru, P. Basioudis",Copleston High School EABL,"G. Millar, I. Little, M. Liddamore, N. Wilkinson, T. Rafiu",1,62,1.0,3.7,1,0,1,0,0,0,0,1,3,33.3,0,2,2,0,0,0,1,0,3,1,3,33.3,1,3,33.3,0,0,0,0,1,1,1,0,0,1,2,3.3,4.0,30.1,75,-44.9,75,30.1,44.9,-2,0,0,0,0,0,0,0,0,0,0,0,0,0,0,0,0,0,0,0,0,0,0,0,0,0,0,0,0,0,0,0,0
Charnwood College Riders EABL,"D. Stephens, F. Saeed, J. Hardy, P. Kattah, T. Curran",Oaklands Wolves EABL,"D. Kostadinov, E. Da Cruz Fatuda, G. Mitchell, L. Mcintosh, T. Mcintosh",1,108,1.8,3.7,4,2,5,40,0,0,0,0,0,0,1,1,2,0,1,0,0,1,4,1,2,50,1,2,50,1,1,100,0,2,2,1,0,0,1,0,3.9,3.4,101.8,116.3,-14.5,116.3,101.8,14.5,0,0,0,0,0,0,0,0,0,0,0,0,0,0,0,0,0,0,0,0,0,0,0,0,0,0,0,0,0,0,0,0,0
Barking Abbey EABL,"A. Nwabueze, F. Cole, H. Egbayelo, M. Matser, M. Myamutenha",HHS Reading Rockets EABL,"C. Okumus, J. Mackinnon, L. Franicis, M. Hassan-Taylor, S. Ejiofor",1,70,1.2,3.6,0,0,1,0,0,0,0,0,2,0,0,0,0,0,1,0,2,2,4,1,1,100,0,0,0,2,3,66.7,0,1,1,0,0,0,1,2,3.9,3.3,0,120.5,-120.5,120.5,0,120.5,-4,0,0,0,0,0,0,0,0,0,0,0,0,0,0,0,0,0,0,0,0,0,0,0,0,0,0,0,0,0,0,0,0
BMET City of Birmingham Rockets EABL,"B. Rose, G. Angoy, J. Agbeze, L. Duru, P. Walsh",SGS College EABL,"A. Odowa, D. Lloyd, I. Toure, M. Perez Tosca, S. Nelson",1,71,1.2,3.6,5,2,3,66.7,0,1,0,1,1,100,1,1,2,0,0,0,2,0,4,2,4,50,0,0,0,0,0,0,1,0,1,0,1,0,0,1,4.4,2.9,114.4,136.5,-22.1,136.5,114.4,22.1,1,0,0,0,0,0,0,0,0,0,0,0,0,0,0,0,0,0,0,0,0,0,0,0,0,0,0,0,0,0,0,0,0
City of London Academy - Southwark EABL,"A. Nwokolo, D. Banjoko, D. Banjoko, D. Patel, T. Gass",Barking Abbey EABL,"A. Maitland, F. Oguntuase, J. Mendes, M. Filho, R. Connolly",1,146,2.4,3.6,2,1,6,16.7,0,4,0,0,0,0,3,1,4,1,0,0,1,1,5,1,2,50,0,1,0,3,4,75,1,1,2,0,0,0,1,1,3.0,4.2,66.9,118.3,-51.4,118.3,66.9,51.4,-3,0,0,0,0,0,0,0,0,0,0,0,0,0,0,0,0,0,0,0,0,0,0,0,0,0,0,0,0,0,0,0,0
Copleston High School EABL,"I. Carty-Peters, I. Little, M. Liddamore, N. Wilkinson, T. Rafiu",HHS Reading Rockets EABL,"C. Okumus, L. Bakary, L. Franicis, M. Daines, N. Dent",1,79,1.3,3.6,0,0,1,0,0,0,0,0,0,0,1,1,2,0,1,0,3,1,5,2,3,66.7,0,0,0,1,2,50,1,0,1,0,0,0,1,0,2.9,4.3,0,115.1,-115.1,115.1,0,115.1,-5,0,0,0,0,0,0,0,0,0,0,0,0,0,0,0,0,0,0,0,0,0,0,0,0,0,0,0,0,0,0,0,0
SGS College EABL,"A. Bennett, D. Lloyd, K. Ramirez Mora, M. Alburo, W. Wewe",Derby College Trailblazers EABL,"E. Norman, G. Pastor, J. Howlett, M. Smith-Fjordland, W. Tallon",1,122,2.0,3.6,3,1,2,50,1,1,100,0,0,0,0,1,1,0,0,1,1,1,7,2,4,50,0,0,0,3,3,100,1,1,2,1,0,0,0,1,3.0,4.2,100,164.7,-64.7,164.7,100,64.7,-4,0,0,0,0,0,0,0,0,0,0,0,0,0,0,0,0,0,0,0,0,0,0,0,0,0,0,0,0,0,0,0,0
BMET City of Birmingham Rockets EABL,"A. Camara, B. Rose, G. Angoy, J. Agbeze, P. Walsh",Charnwood College Riders EABL,"A. Oyerinde, F. Saeed, P. Kattah, T. Curran, T. Pearson",1,62,1.0,3.6,0,0,0,0,0,0,0,0,2,0,0,1,1,0,1,0,2,1,4,2,3,66.7,0,0,0,0,2,0,1,1,2,1,2,0,1,1,2.9,4.3,0,92.1,-92.1,92.1,0,92.1,-4,0,0,0,0,0,0,0,0,0,0,0,0,0,0,0,0,0,0,0,0,0,0,0,0,0,0,0,0,0,0,0,0
Derby College Trailblazers EABL,"G. Pastor, J. Howlett, J. Lemanski, L. Ngomti, R. Hobday",Myerscough College EABL,"A. Ibirinde, C. Sanchez Falette, J. Bobkowski, N. Byfield, S. Latidan",1,154,2.6,3.6,0,0,3,0,0,0,0,0,0,0,0,0,0,0,1,0,1,2,2,0,1,0,0,1,0,2,3,66.7,1,2,3,0,1,0,2,0,4.0,3.2,0,61.5,-61.5,61.5,0,61.5,-2,0,0,0,0,0,0,0,0,0,0,0,0,0,0,0,0,0,0,0,0,0,0,0,0,0,0,0,0,0,0,0,0
Derby College Trailblazers EABL,"E. Norman, E. Rice, G. Pastor, L. Ngomti, W. Tallon",BMET City of Birmingham Rockets EABL,"G. Angoy, J. Agbeze, J. Hyland, L. Duru, P. Basioudis",1,105,1.8,3.6,2,1,3,33.3,0,1,0,0,0,0,1,2,3,1,0,0,2,1,4,1,4,25,1,2,50,1,2,50,2,1,3,1,1,0,0,1,3.9,3.3,50.9,122.1,-71.2,122.1,50.9,71.2,-2,0,0,0,0,0,0,0,0,0,0,0,0,0,0,0,0,0,0,0,0,0,0,0,0,0,0,0,0,0,0,0,0
BMET City of Birmingham Rockets EABL,"J. Agbeze, J. Hyland, L. Duru, P. Basioudis, S. Chikukwa",Myerscough College EABL,"C. Sanchez Falette, D. Okhuoya, H. Sheehan, J. Bobkowski, S. Latidan",1,115,1.9,3.6,3,1,4,25,1,2,50,0,0,0,0,0,0,1,0,1,0,2,7,3,6,50,0,1,0,1,1,100,2,3,5,0,0,1,0,0,4.0,3.2,75,216.7,-141.7,216.7,75,141.7,-4,0,0,0,0,0,0,0,0,0,0,0,0,0,0,0,0,0,0,0,0,0,0,0,0,0,0,0,0,0,0,0,0
BMET City of Birmingham Rockets EABL,"A. Camara, J. Agbeze, J. Hyland, P. Basioudis, S. Chikukwa",Myerscough College EABL,"D. Okhuoya, F. Morgan, H. Sheehan, J. Bobkowski, S. Latidan",1,85,1.4,3.6,2,1,5,20,0,1,0,0,1,0,3,0,3,0,0,0,2,0,7,3,3,100,1,1,100,0,0,0,0,1,1,2,2,0,0,1,4.2,3.0,47.3,233.3,-186.1,233.3,47.3,186.1,-5,0,0,0,0,0,0,0,0,0,0,0,0,0,0,0,0,0,0,0,0,0,0,0,0,0,0,0,0,0,0,0,0
City of London Academy - Southwark EABL,"A. Nwokolo, L. Thompson, N. Senessie, R. Cryer, R. Testfay",Copleston High School EABL,"C. Fobister, G. Millar, I. Little, M. Liddamore, N. Wilkinson",1,127,2.1,3.6,5,2,3,66.7,1,1,100,0,0,0,0,1,1,2,0,0,1,1,4,1,4,25,0,2,0,2,2,100,1,1,2,0,0,0,0,0,4.0,3.3,125,122.1,2.9,122.1,125,-2.9,1,0,0,0,0,0,0,0,0,0,0,0,0,0,0,0,0,0,0,0,0,0,0,0,0,0,0,0,0,0,0,0,0
City of London Academy - Southwark EABL,"A. Morentin, A. Nwokolo, D. Banjoko, D. Banjoko, T. Gass",Copleston High School EABL,"A. Hickey, C. Fobister, G. Millar, M. Liddamore, N. Wilkinson",1,185,3.1,3.6,4,1,3,33.3,0,2,0,2,3,66.7,2,1,3,1,2,1,1,1,0,0,2,0,0,1,0,0,0,0,0,0,0,0,0,0,2,1,3.2,4.0,125.8,0,125.8,0,125.8,-125.8,4,0,0,0,0,0,0,0,0,0,0,0,0,0,0,0,0,0,0,0,0,0,0,0,0,0,0,0,0,0,0,0,0
HHS Reading Rockets EABL,"E. Harrington, J. Mackinnon, J. Waterhouse, M. Daines, M. Hassan-Taylor",Oaklands Wolves EABL,"E. Da Cruz Fatuda, G. Mitchell, H. Morrell, L. Mcintosh, T. Mcintosh",1,102,1.7,3.6,3,1,4,25,1,2,50,0,0,0,1,0,1,1,1,0,1,1,3,1,1,100,0,0,0,1,2,50,0,1,1,0,1,0,2,0,3.4,3.9,88.4,77.3,11,77.3,88.4,-11,0,0,0,0,0,0,0,0,0,0,0,0,0,0,0,0,0,0,0,0,0,0,0,0,0,0,0,0,0,0,0,0,0
Manchester Magic Academy EABL,"A. Adetula, A. Sagay Isiorho, J. Odongo, S. Sidi-Boumedine, T. Kamal Kazmi",BMET City of Birmingham Rockets EABL,"A. Camara, J. Agbeze, J. Hyland, P. Walsh, S. Chikukwa",1,60,1.0,3.6,0,0,1,0,0,0,0,0,2,0,1,1,2,0,2,1,2,0,0,0,1,0,0,0,0,0,2,0,0,1,1,0,1,0,2,1,3.3,3.9,0,0,0,0,0,0,0,0,0,0,0,0,0,0,0,0,0,0,0,0,0,0,0,0,0,0,0,0,0,0,0,0,0,0,0,0,0,0,0
Myerscough College EABL,"C. Sanchez Falette, H. Sheehan, O. Esingle, S. Latidan, Z. Trezvant",Charnwood College Riders EABL,"A. Oyerinde, J. Hardy, T. Curran, T. Pearson, Z. Gleadell-Smith",1,80,1.3,3.6,6,1,1,100,0,0,0,4,5,80,1,1,2,0,0,0,1,0,6,2,3,66.7,2,3,66.7,0,0,0,0,0,0,2,1,0,0,3,4.2,3.0,142.9,200,-57.1,200,142.9,57.1,0,0,0,0,0,0,0,0,0,0,0,0,0,0,0,0,0,0,0,0,0,0,0,0,0,0,0,0,0,0,0,0,0
HHS Reading Rockets EABL,"A. Moloney, J. Waterhouse, L. Bakary, M. Daines, M. Hassan-Taylor",Barking Abbey EABL,"A. Nwabueze, J. Mendes, K. Mabaya, M. Filho, O. Visockas",1,73,1.2,3.6,4,1,1,100,1,1,100,1,2,50,0,1,1,2,0,0,1,2,6,2,3,66.7,0,0,0,2,3,66.7,0,1,1,1,1,0,0,0,2.9,4.3,138.9,138.9,0,138.9,138.9,0,-2,0,0,0,0,0,0,0,0,0,0,0,0,0,0,0,0,0,0,0,0,0,0,0,0,0,0,0,0,0,0,0,0
HHS Reading Rockets EABL,"E. Harrington, J. Waterhouse, L. Francis, M. Daines, M. Hassan-Taylor",BMET City of Birmingham Rockets EABL,"B. Rose, J. Agbeze, J. Hyland, L. Duru, P. Basioudis",1,118,2.0,3.6,1,0,2,0,0,1,0,1,1,100,0,3,3,0,0,0,1,0,2,1,6,16.7,0,5,0,0,0,0,2,1,3,0,1,0,0,2,3.4,3.9,29.1,51.8,-22.7,51.8,29.1,22.7,-1,0,0,0,0,0,0,0,0,0,0,0,0,0,0,0,0,0,0,0,0,0,0,0,0,0,0,0,0,0,0,0,0
Itchen College EABL,"B. Cope, D. Cimochowski, E. Lotriet, E. Round, J. Ofman",Charnwood College Riders EABL,"F. Saeed, J. Hardy, P. Kattah, T. Curran, Z. Gleadell-Smith",1,108,1.8,3.6,3,1,1,100,0,0,0,1,3,33.3,0,2,2,1,0,0,1,1,4,1,4,25,0,2,0,2,2,100,1,1,2,0,1,0,0,2,3.3,3.8,90.4,105,-14.6,105,90.4,14.6,-1,0,0,0,0,0,0,0,0,0,0,0,0,0,0,0,0,0,0,0,0,0,0,0,0,0,0,0,0,0,0,0,0
City of London Academy - Southwark EABL,"A. Nwokolo, D. Banjoko, D. Patel, J. Hannick, T. Gass",Derby College Trailblazers EABL,"C. Burr, E. Norman, E. Rice, R. Hobday, W. Tallon",1,119,2.0,3.6,2,1,3,33.3,0,0,0,0,0,0,1,2,3,0,0,1,1,0,5,2,5,40,0,1,0,1,1,100,1,1,2,2,0,0,0,0,2.9,4.4,68.3,114.4,-46.2,114.4,68.3,46.2,-3,0,0,0,0,0,0,0,0,0,0,0,0,0,0,0,0,0,0,0,0,0,0,0,0,0,0,0,0,0,0,0,0
City of London Academy - Southwark EABL,"B. Olowoshile, D. Banjoko, D. Patel, J. Hannick, L. Thompson",Myerscough College EABL,"C. Sanchez Falette, D. Okhuoya, F. Morgan, J. Bobkowski, S. Latidan",1,149,2.5,3.6,2,1,2,50,0,1,0,0,0,0,0,0,0,1,1,0,1,2,5,2,3,66.7,0,1,0,1,3,33.3,1,1,2,0,1,0,1,0,3.0,4.2,66.7,117.6,-51,117.6,66.7,51,-3,0,0,0,0,0,0,0,0,0,0,0,0,0,0,0,0,0,0,0,0,0,0,0,0,0,0,0,0,0,0,0,0
Manchester Magic Academy EABL,"D. Allotey, J. Odongo, N. Brown, S. Sidi-Boumedine, T. Kamal Kazmi",Charnwood College Riders EABL,"P. Kattah, R. Buckingham, S. Morris, T. Curran, T. Pearson",1,111,1.9,3.5,2,1,2,50,0,0,0,0,0,0,0,1,1,1,0,1,1,0,0,0,2,0,0,0,0,0,0,0,0,1,1,0,0,0,2,1,3.0,4.0,66.7,0,66.7,0,66.7,-66.7,2,0,0,0,0,0,0,0,0,0,0,0,0,0,0,0,0,0,0,0,0,0,0,0,0,0,0,0,0,0,0,0,0
Manchester Magic Academy EABL,"H. Blake, J. Walton, N. Brown, O. Babalola, S. Sidi-Boumedine",Charnwood College Riders EABL,"D. Hanousek, L. Boothe, R. Buckingham, S. Morris, T. Pearson",1,126,2.1,3.5,4,2,3,66.7,0,1,0,0,0,0,0,0,0,1,0,0,1,0,7,3,4,75,1,1,100,0,0,0,1,1,2,1,1,0,0,1,4.0,2.9,100,238.9,-138.9,238.9,100,138.9,-3,0,0,0,0,0,0,0,0,0,0,0,0,0,0,0,0,0,0,0,0,0,0,0,0,0,0,0,0,0,0,0,0
SGS College EABL,"D. Lloyd, I. Toure, K. Ramirez Mora, M. Alburo, M. Perez Tosca",Myerscough College EABL,"C. Sanchez Falette, J. Bobkowski, O. Esingle, S. Latidan, Z. Trezvant",1,9,0.1,3.5,3,1,4,25,1,2,50,0,0,0,0,1,1,1,0,0,0,0,2,1,2,50,0,0,0,0,0,0,0,1,1,0,0,1,1,0,4.0,3.0,75,66.7,8.3,66.7,75,-8.3,1,0,0,0,0,0,0,0,0,0,0,0,0,0,0,0,0,0,0,0,0,0,0,0,0,0,0,0,0,0,0,0,0
City of London Academy - Southwark EABL,"A. Nwokolo, D. Banjoko, D. Patel, S. Shirwac, T. Gass",Itchen College EABL,"B. Cope, E. Lotriet, E. Round, J. Osei-Owusu, M. Yeates",1,75,1.2,3.5,6,3,5,60,0,2,0,0,0,0,1,0,1,1,1,0,0,0,0,0,0,0,0,0,0,0,0,0,0,1,1,0,0,0,3,1,3.9,3.0,152.7,0,152.7,0,152.7,-152.7,6,0,0,0,0,0,0,0,0,0,0,0,0,0,0,0,0,0,0,0,0,0,0,0,0,0,0,0,0,0,0,0,0
BMET City of Birmingham Rockets EABL,"A. Camara, B. Rose, J. Agbeze, L. Duru, P. Walsh",SGS College EABL,"A. Odowa, D. Lloyd, I. Toure, M. Alburo, M. Pospori",1,78,1.3,3.5,2,1,1,100,0,0,0,0,0,0,0,2,2,1,1,1,2,0,2,1,3,33.3,0,0,0,0,0,0,0,0,0,1,1,0,1,1,3.0,4.0,66.7,50,16.7,50,66.7,-16.7,0,0,0,0,0,0,0,0,0,0,0,0,0,0,0,0,0,0,0,0,0,0,0,0,0,0,0,0,0,0,0,0,0
BMET City of Birmingham Rockets EABL,"G. Angoy, I. Gisbourne, J. Hyland, L. Duru, P. Basioudis",SGS College EABL,"A. Odowa, I. Toure, K. Ramirez Mora, M. Perez Tosca, S. Nelson",1,98,1.6,3.5,7,3,3,100,1,1,100,0,0,0,0,1,1,1,0,1,0,0,5,2,3,66.7,1,1,100,0,0,0,0,0,0,1,0,0,1,1,3.0,4.0,233.3,125,108.3,125,233.3,-108.3,2,0,0,0,0,0,0,0,0,0,0,0,0,0,0,0,0,0,0,0,0,0,0,0,0,0,0,0,0,0,0,0,0
BMET City of Birmingham Rockets EABL,"G. Angoy, I. Gisbourne, J. Agbeze, L. Duru, P. Basioudis",SGS College EABL,"A. Odowa, D. Lloyd, K. Ramirez Mora, M. Alburo, M. Pospori",1,50,0.8,3.5,2,1,2,50,0,0,0,0,0,0,0,1,1,0,0,0,1,0,8,3,4,75,2,3,66.7,0,0,0,0,0,0,2,1,0,0,0,3.0,4.0,66.7,200,-133.3,200,66.7,133.3,-6,0,0,0,0,0,0,0,0,0,0,0,0,0,0,0,0,0,0,0,0,0,0,0,0,0,0,0,0,0,0,0,0
Myerscough College EABL,"A. Ibirinde, D. Okhuoya, H. Sheehan, N. Byfield, O. Esingle",Manchester Magic Academy EABL,"D. Allotey, J. Walton, O. Babalola, S. Sidi-Boumedine, T. Kamal Kazmi",1,81,1.4,3.5,2,1,3,33.3,0,2,0,0,0,0,0,0,0,0,1,0,0,0,4,2,3,66.7,0,1,0,0,0,0,0,2,2,1,0,0,1,0,3.0,4.0,66.7,100,-33.3,100,66.7,33.3,-2,0,0,0,0,0,0,0,0,0,0,0,0,0,0,0,0,0,0,0,0,0,0,0,0,0,0,0,0,0,0,0,0
City of London Academy - Southwark EABL,"A. Nwokolo, D. Banjoko, D. Banjoko, D. Patel, T. Gass",Barking Abbey EABL,"A. Maitland, J. Mendes, K. Mabaya, R. Connolly, S. Dobson Smith",1,94,1.6,3.5,2,1,2,50,0,0,0,0,0,0,0,2,2,0,1,1,2,1,0,0,2,0,0,1,0,0,0,0,0,1,1,0,2,0,1,0,4.0,3.0,50,0,50,0,50,-50,2,0,0,0,0,0,0,0,0,0,0,0,0,0,0,0,0,0,0,0,0,0,0,0,0,0,0,0,0,0,0,0,0
Charnwood College Riders EABL,"F. Saeed, R. Buckingham, S. Morris, T. Curran, T. Pearson",SGS College EABL,"D. Lloyd, I. Toure, K. Ramirez Mora, M. Perez Tosca, S. Nelson",1,20,0.3,3.5,2,1,3,33.3,0,1,0,0,0,0,1,1,2,0,2,0,2,0,0,0,1,0,0,0,0,0,0,0,0,1,1,0,1,0,2,0,3.9,3.0,50.9,0,50.9,0,50.9,-50.9,2,0,0,0,0,0,0,0,0,0,0,0,0,0,0,0,0,0,0,0,0,0,0,0,0,0,0,0,0,0,0,0,0
HHS Reading Rockets EABL,"E. Harrington, J. Mackinnon, M. Daines, M. Hassan-Taylor, S. Ejiofor",City of London Academy - Southwark EABL,"A. Nwokolo, D. Banjoko, D. Banjoko, D. Patel, T. Gass",1,78,1.3,3.5,0,0,2,0,0,2,0,0,0,0,0,0,0,0,0,1,1,0,6,3,4,75,0,0,0,0,0,0,0,2,2,1,1,0,0,0,3.0,4.0,0,150,-150,150,0,150,-6,0,0,0,0,0,0,0,0,0,0,0,0,0,0,0,0,0,0,0,0,0,0,0,0,0,0,0,0,0,0,0,0
Oaklands Wolves EABL,"E. Da Cruz Fatuda, E. Ryan, G. Mitchell, L. Mcintosh, T. Mcintosh",Itchen College EABL,"B. Cope, D. Cimochowski, E. Lotriet, G. Andrews, J. Ofman",1,94,1.6,3.5,3,1,3,33.3,1,2,50,0,0,0,0,2,2,1,0,0,1,0,2,1,3,33.3,0,0,0,0,0,0,0,2,2,1,0,0,0,1,4.0,3.0,75,66.7,8.3,66.7,75,-8.3,1,0,0,0,0,0,0,0,0,0,0,0,0,0,0,0,0,0,0,0,0,0,0,0,0,0,0,0,0,0,0,0,0
BMET City of Birmingham Rockets EABL,"J. Agbeze, J. Kesto, L. Duru, P. Basioudis, P. Walsh",Manchester Magic Academy EABL,"J. Walton, L. Clayton, O. Babalola, S. Sidi-Boumedine, T. Richardson",1,63,1.1,3.5,5,2,2,100,1,1,100,0,0,0,0,1,1,0,2,0,2,0,0,0,1,0,0,1,0,0,0,0,0,0,0,0,1,0,2,1,4.0,3.0,125,0,125,0,125,-125,5,0,0,0,0,0,0,0,0,0,0,0,0,0,0,0,0,0,0,0,0,0,0,0,0,0,0,0,0,0,0,0,0
City of London Academy - Southwark EABL,"A. Nwokolo, D. Banjoko, D. Banjoko, J. Hannick, T. Gass",Oaklands Wolves EABL,"D. Gladstone, D. Kostadinov, E. Da Cruz Fatuda, G. Mitchell, H. Morrell",1,79,1.3,3.5,11,5,6,83.3,1,1,100,0,0,0,1,1,2,5,1,0,0,0,0,0,1,0,0,1,0,0,0,0,0,0,0,0,0,0,1,1,4.9,2.0,223.1,0,223.1,0,223.1,-223.1,11,0,0,0,0,0,0,0,0,0,0,0,0,0,0,0,0,0,0,0,0,0,0,0,0,0,0,0,0,0,0,0,0
City of London Academy - Southwark EABL,"A. Nwokolo, B. Manfo-Marc, D. Banjoko, R. Testfay, S. Shirwac",Oaklands Wolves EABL,"D. Gladstone, D. Kostadinov, G. Mitchell, L. Mcintosh, T. Mcintosh",1,119,2.0,3.5,4,2,4,50,0,1,0,0,0,0,1,1,2,1,1,0,1,0,2,1,2,50,0,1,0,0,0,0,0,1,1,0,1,0,1,0,3.9,3.0,101.8,66.7,35.1,66.7,101.8,-35.1,2,0,0,0,0,0,0,0,0,0,0,0,0,0,0,0,0,0,0,0,0,0,0,0,0,0,0,0,0,0,0,0,0
BMET City of Birmingham Rockets EABL,"B. Rose, G. Angoy, J. Agbeze, L. Duru, P. Basioudis",Charnwood College Riders EABL,"L. Boothe, P. Kattah, T. Curran, T. Pearson, Z. Gleadell-Smith",1,71,1.2,3.5,0,0,1,0,0,0,0,0,0,0,0,0,0,0,0,0,2,0,4,2,3,66.7,0,0,0,0,0,0,0,1,1,1,2,0,1,1,3.0,4.0,0,100,-100,100,0,100,-4,0,0,0,0,0,0,0,0,0,0,0,0,0,0,0,0,0,0,0,0,0,0,0,0,0,0,0,0,0,0,0,0
BMET City of Birmingham Rockets EABL,"A. Camara, B. Rose, G. Angoy, L. Duru, P. Walsh",Charnwood College Riders EABL,"D. Hanousek, L. Boothe, R. Buckingham, T. Curran, Z. Gleadell-Smith",1,66,1.1,3.5,0,0,0,0,0,0,0,0,0,0,0,1,1,0,1,1,3,0,2,1,3,33.3,0,1,0,0,0,0,0,0,0,1,2,0,1,0,3.0,4.0,0,50,-50,50,0,50,-2,0,0,0,0,0,0,0,0,0,0,0,0,0,0,0,0,0,0,0,0,0,0,0,0,0,0,0,0,0,0,0,0
Derby College Trailblazers EABL,"C. Burr, E. Norman, J. Howlett, L. Ngomti, R. Hobday",Myerscough College EABL,"A. Ibirinde, C. Sanchez Falette, H. Sheehan, J. Bobkowski, S. Latidan",1,103,1.7,3.5,2,1,4,25,0,1,0,0,0,0,0,0,0,0,1,0,0,0,4,2,2,100,0,0,0,0,0,0,0,3,3,2,0,0,1,1,4.0,3.0,50,133.3,-83.3,133.3,50,83.3,-2,0,0,0,0,0,0,0,0,0,0,0,0,0,0,0,0,0,0,0,0,0,0,0,0,0,0,0,0,0,0,0,0
Oaklands Wolves EABL,"D. Gladstone, D. Kostadinov, G. Mitchell, L. Mcintosh, T. Mcintosh",Barking Abbey EABL,"A. Maitland, J. Mendes, K. Mabaya, M. Filho, O. Visockas",1,120,2.0,3.5,5,2,4,50,1,3,33.3,0,0,0,1,2,3,1,0,0,1,1,0,0,2,0,0,1,0,0,2,0,1,1,2,0,1,0,1,0,3.9,3.2,127.2,0,127.2,0,127.2,-127.2,5,0,0,0,0,0,0,0,0,0,0,0,0,0,0,0,0,0,0,0,0,0,0,0,0,0,0,0,0,0,0,0,0
Itchen College EABL,"B. Cope, D. Cimochowski, E. Lotriet, E. Round, J. Osei-Owusu",City of London Academy - Southwark EABL,"A. Nwokolo, D. Banjoko, D. Banjoko, R. Testfay, S. Shirwac",1,70,1.2,3.5,4,2,4,50,0,1,0,0,0,0,1,1,2,1,1,0,0,1,0,0,1,0,0,0,0,0,0,0,0,1,1,0,0,0,3,1,2.9,4.0,136.5,0,136.5,0,136.5,-136.5,4,0,0,0,0,0,0,0,0,0,0,0,0,0,0,0,0,0,0,0,0,0,0,0,0,0,0,0,0,0,0,0,0
Itchen College EABL,"E. Lotriet, E. Round, J. Osei-Owusu, M. Yeates, R. Radu",City of London Academy - Southwark EABL,"A. Nwokolo, D. Banjoko, D. Banjoko, D. Patel, T. Gass",1,117,1.9,3.5,0,0,1,0,0,1,0,0,0,0,0,1,1,0,0,0,2,2,3,1,3,33.3,1,1,100,0,0,0,1,1,2,1,1,0,2,1,3.0,3.9,0,76.3,-76.3,76.3,0,76.3,-3,0,0,0,0,0,0,0,0,0,0,0,0,0,0,0,0,0,0,0,0,0,0,0,0,0,0,0,0,0,0,0,0
Charnwood College Riders EABL,"D. Hanousek, L. Boothe, R. Buckingham, T. Curran, Z. Gleadell-Smith",Manchester Magic Academy EABL,"A. Sagay Isiorho, D. Allotey, J. Odongo, O. Babalola, T. Richardson",1,56,0.9,3.5,2,1,3,33.3,0,1,0,0,0,0,1,1,2,0,1,0,1,1,0,0,1,0,0,1,0,0,0,0,0,1,1,0,1,0,3,1,2.9,4.0,68.3,0,68.3,0,68.3,-68.3,2,0,0,0,0,0,0,0,0,0,0,0,0,0,0,0,0,0,0,0,0,0,0,0,0,0,0,0,0,0,0,0,0
Copleston High School EABL,"I. Carty-Peters, I. Little, M. Liddamore, N. Wilkinson, O. Drane",Itchen College EABL,"G. Andrews, J. Osei-Owusu, M. Edwards, R. Radu, T. Blower",1,114,1.9,3.5,7,3,3,100,1,1,100,0,0,0,0,1,1,3,0,0,1,0,2,1,3,33.3,0,2,0,0,0,0,1,0,1,1,0,0,1,0,4.0,2.9,175,68.3,106.7,68.3,175,-106.7,5,0,0,0,0,0,0,0,0,0,0,0,0,0,0,0,0,0,0,0,0,0,0,0,0,0,0,0,0,0,0,0,0
Charnwood College Riders EABL,"A. Pilkington, D. Hanousek, L. Boothe, L. Stevenson, O. Hambira",Derby College Trailblazers EABL,"C. Burr, D. Kilmas, G. Pastor, J. Howlett, J. Lemanski",1,96,1.6,3.5,7,1,3,33.3,1,2,50,4,6,66.7,2,1,3,3,0,0,0,1,1,0,1,0,0,1,0,1,2,50,0,1,1,0,0,1,1,3,4.2,2.9,166.1,34.7,131.4,34.7,166.1,-131.4,6,0,0,0,0,0,0,0,0,0,0,0,0,0,0,0,0,0,0,0,0,0,0,0,0,0,0,0,0,0,0,0,0
Charnwood College Riders EABL,"A. Oyerinde, L. Stevenson, P. Kattah, R. Buckingham, T. Pearson",Derby College Trailblazers EABL,"E. Rice, G. Pastor, J. Howlett, K. Zidonis, L. Ngomti",1,114,1.9,3.5,6,3,3,100,0,0,0,0,0,0,0,2,2,0,1,0,1,1,0,0,2,0,0,2,0,0,0,0,0,0,0,0,0,0,1,0,4.0,3.0,150,0,150,0,150,-150,6,0,0,0,0,0,0,0,0,0,0,0,0,0,0,0,0,0,0,0,0,0,0,0,0,0,0,0,0,0,0,0,0
BMET City of Birmingham Rockets EABL,"D. Pittaway, G. Angoy, J. Agbeze, J. Hyland, L. Duru",Myerscough College EABL,"A. Ibirinde, C. Sanchez Falette, H. Sheehan, J. Bobkowski, S. Latidan",1,103,1.7,3.5,2,1,2,50,0,0,0,0,0,0,0,1,1,1,1,0,2,1,2,1,3,33.3,0,1,0,0,0,0,1,1,2,0,1,1,1,0,4.0,2.9,50,68.3,-18.3,68.3,50,18.3,0,0,0,0,0,0,0,0,0,0,0,0,0,0,0,0,0,0,0,0,0,0,0,0,0,0,0,0,0,0,0,0,0
BMET City of Birmingham Rockets EABL,"G. Angoy, J. Agbeze, J. Hyland, L. Duru, P. Basioudis",Myerscough College EABL,"A. Ibirinde, C. Sanchez Falette, H. Sheehan, J. Bobkowski, S. Latidan",1,103,1.7,3.5,4,2,6,33.3,0,1,0,0,0,0,2,0,2,0,1,0,0,1,2,0,1,0,0,0,0,2,2,100,1,1,2,1,0,1,3,1,3.1,3.8,127.1,52.5,74.6,52.5,127.1,-74.6,2,0,0,0,0,0,0,0,0,0,0,0,0,0,0,0,0,0,0,0,0,0,0,0,0,0,0,0,0,0,0,0,0
SGS College EABL,"A. Odowa, D. Lloyd, K. Richards, M. Perez Tosca, S. Nelson",Charnwood College Riders EABL,"J. Hardy, L. Stevenson, O. Hambira, T. Curran, Z. Gleadell-Smith",1,83,1.4,3.5,2,1,2,50,0,1,0,0,0,0,1,1,2,0,0,1,2,0,4,2,4,50,0,0,0,0,0,0,0,0,0,1,1,0,0,0,2.9,4.0,68.3,100,-31.7,100,68.3,31.7,-2,0,0,0,0,0,0,0,0,0,0,0,0,0,0,0,0,0,0,0,0,0,0,0,0,0,0,0,0,0,0,0,0
SGS College EABL,"D. Lloyd, K. Ramirez Mora, L. Matthews, M. Perez Tosca, S. Nelson",Charnwood College Riders EABL,"A. Oyerinde, P. Kattah, S. Morris, T. Curran, T. Pearson",1,78,1.3,3.5,3,1,2,50,1,2,50,0,0,0,0,1,1,1,0,0,2,2,4,2,3,66.7,0,0,0,0,0,0,0,1,1,2,0,0,0,0,4.0,3.0,75,133.3,-58.3,133.3,75,58.3,-1,0,0,0,0,0,0,0,0,0,0,0,0,0,0,0,0,0,0,0,0,0,0,0,0,0,0,0,0,0,0,0,0
Barking Abbey EABL,"J. Mendes, K. Mabaya, M. Filho, O. Visockas, R. Connolly",Copleston High School EABL,"I. Carty-Peters, I. Little, M. Liddamore, N. Wilkinson, T. Rafiu",1,66,1.1,3.5,2,1,2,50,0,0,0,0,0,0,0,0,0,1,2,0,2,0,2,1,1,100,0,0,0,0,0,0,0,1,1,1,0,0,2,0,4.0,3.0,50,66.7,-16.7,66.7,50,16.7,0,0,0,0,0,0,0,0,0,0,0,0,0,0,0,0,0,0,0,0,0,0,0,0,0,0,0,0,0,0,0,0,0
Barking Abbey EABL,"F. Cole, F. Oguntuase, K. Mabaya, K. N'gabala, M. Matser",Copleston High School EABL,"I. Carty-Peters, I. Little, M. Liddamore, N. Wilkinson, T. Rafiu",1,96,1.6,3.5,2,1,4,25,0,0,0,0,0,0,1,0,1,0,2,0,0,0,2,1,1,100,0,0,0,0,0,0,0,2,2,1,0,0,3,0,2.9,4.0,68.3,50,18.3,50,68.3,-18.3,0,0,0,0,0,0,0,0,0,0,0,0,0,0,0,0,0,0,0,0,0,0,0,0,0,0,0,0,0,0,0,0,0
City of London Academy - Southwark EABL,"A. Morentin, B. Olowoshile, D. Banjoko, D. Patel, L. Thompson",HHS Reading Rockets EABL,"E. Harrington, J. Waterhouse, L. Bakary, M. Daines, M. Hassan-Taylor",1,122,2.0,3.5,2,1,2,50,0,0,0,0,0,0,0,1,1,0,1,0,1,0,4,2,3,66.7,0,0,0,0,0,0,0,1,1,0,1,0,1,1,3.0,4.0,66.7,100,-33.3,100,66.7,33.3,-2,0,0,0,0,0,0,0,0,0,0,0,0,0,0,0,0,0,0,0,0,0,0,0,0,0,0,0,0,0,0,0,0
City of London Academy - Southwark EABL,"B. Olowoshile, D. Banjoko, L. Thompson, R. Testfay, S. Shirwac",HHS Reading Rockets EABL,"J. Mackinnon, L. Bakary, L. Franicis, M. Daines, M. Hassan-Taylor",1,113,1.9,3.5,0,0,1,0,0,1,0,0,0,0,0,0,0,0,0,0,2,1,4,2,3,66.7,0,1,0,0,0,0,1,1,2,0,0,0,2,1,3.0,3.9,0,101.8,-101.8,101.8,0,101.8,-4,0,0,0,0,0,0,0,0,0,0,0,0,0,0,0,0,0,0,0,0,0,0,0,0,0,0,0,0,0,0,0,0
City of London Academy - Southwark EABL,"A. Morentin, L. Thompson, R. Cryer, R. Testfay, S. Shirwac",HHS Reading Rockets EABL,"A. Moloney, C. Okumus, J. Waterhouse, L. Bakary, M. Hassan-Taylor",1,100,1.7,3.5,5,2,4,50,1,1,100,0,0,0,0,1,1,2,1,1,0,0,3,1,2,50,1,1,100,0,0,0,0,2,2,1,0,0,1,0,4.0,3.0,125,100,25,100,125,-25,2,0,0,0,0,0,0,0,0,0,0,0,0,0,0,0,0,0,0,0,0,0,0,0,0,0,0,0,0,0,0,0,0
Barking Abbey EABL,"A. Maitland, J. Mendes, K. Mabaya, M. Filho, R. Connolly",Itchen College EABL,"B. Cope, D. Cimochowski, E. Round, J. Ofman, T. Blower",1,113,1.9,3.5,0,0,1,0,0,0,0,0,0,0,0,0,0,0,0,0,2,0,9,4,4,100,1,1,100,0,0,0,0,1,1,3,0,0,0,0,3.0,4.0,0,225,-225,225,0,225,-9,0,0,0,0,0,0,0,0,0,0,0,0,0,0,0,0,0,0,0,0,0,0,0,0,0,0,0,0,0,0,0,0
City of London Academy - Southwark EABL,"B. Manfo-Marc, L. Thompson, N. Senessie, R. Cryer, R. Testfay",Copleston High School EABL,"A. Hickey, G. Millar, M. Liddamore, N. Wilkinson, T. Rafiu",1,124,2.1,3.5,2,1,3,33.3,0,2,0,0,0,0,0,1,1,0,0,0,0,0,9,3,4,75,3,4,75,0,0,0,0,1,1,3,0,0,0,0,3.0,4.0,66.7,225,-158.3,225,66.7,158.3,-7,0,0,0,0,0,0,0,0,0,0,0,0,0,0,0,0,0,0,0,0,0,0,0,0,0,0,0,0,0,0,0,0
HHS Reading Rockets EABL,"E. Harrington, J. Mackinnon, J. Waterhouse, M. Daines, M. Hassan-Taylor",Oaklands Wolves EABL,"D. Kostadinov, E. Da Cruz Fatuda, G. Mitchell, H. Morrell, T. Mcintosh",1,118,2.0,3.5,5,2,3,66.7,1,2,50,0,0,0,0,1,1,1,1,0,1,0,3,1,2,50,1,2,50,0,0,0,0,1,1,1,0,0,1,1,4.0,3.0,125,100,25,100,125,-25,2,0,0,0,0,0,0,0,0,0,0,0,0,0,0,0,0,0,0,0,0,0,0,0,0,0,0,0,0,0,0,0,0
Barking Abbey EABL,"A. Nwabueze, H. Parkin, J. Mendes, O. Visockas, R. Connolly",City of London Academy - Southwark EABL,"B. Olowoshile, D. Banjoko, J. Hannick, R. Cryer, T. Gass",1,93,1.6,3.5,3,1,4,25,1,2,50,0,0,0,1,0,1,1,0,0,0,0,0,0,1,0,0,0,0,0,0,0,0,2,2,0,0,0,3,1,2.9,4.0,102.4,0,102.4,0,102.4,-102.4,3,0,0,0,0,0,0,0,0,0,0,0,0,0,0,0,0,0,0,0,0,0,0,0,0,0,0,0,0,0,0,0,0
Itchen College EABL,"D. Cimochowski, E. Lotriet, J. Ofman, R. Radu, T. Blower",Barking Abbey EABL,"A. Maitland, J. Mendes, M. Filho, O. Visockas, R. Connolly",1,94,1.6,3.5,5,2,4,50,1,2,50,0,0,0,0,1,1,2,0,0,0,0,2,1,2,50,0,0,0,0,0,0,0,2,2,1,0,0,1,1,4.0,3.0,125,66.7,58.3,66.7,125,-58.3,3,0,0,0,0,0,0,0,0,0,0,0,0,0,0,0,0,0,0,0,0,0,0,0,0,0,0,0,0,0,0,0,0
Itchen College EABL,"B. Cope, D. Cimochowski, E. Lotriet, E. Round, J. Osei-Owusu",Barking Abbey EABL,"A. Maitland, J. Mendes, K. Mabaya, O. Visockas, R. Connolly",1,75,1.2,3.5,3,1,2,50,1,1,100,0,0,0,0,1,1,1,1,0,1,0,2,1,2,50,0,1,0,0,0,0,0,1,1,1,0,1,2,1,3.0,4.0,100,50,50,50,100,-50,1,0,0,0,0,0,0,0,0,0,0,0,0,0,0,0,0,0,0,0,0,0,0,0,0,0,0,0,0,0,0,0,0
Derby College Trailblazers EABL,"E. Norman, G. Pastor, J. Howlett, L. Ngomti, W. Tallon",SGS College EABL,"D. Lloyd, K. Ramirez Mora, K. Richards, M. Alburo, M. Perez Tosca",1,124,2.1,3.5,5,2,3,66.7,1,2,50,0,0,0,0,2,2,2,0,0,0,2,4,2,4,50,0,0,0,0,0,0,0,1,1,0,0,0,0,0,3.0,4.0,166.7,100,66.7,100,166.7,-66.7,1,0,0,0,0,0,0,0,0,0,0,0,0,0,0,0,0,0,0,0,0,0,0,0,0,0,0,0,0,0,0,0,0
Myerscough College EABL,"C. Sanchez Falette, H. Sheehan, O. Esingle, S. Latidan, Z. Trezvant",Charnwood College Riders EABL,"P. Kattah, R. Buckingham, T. Curran, T. Pearson, Z. Gleadell-Smith",1,100,1.7,3.5,2,1,2,50,0,1,0,0,0,0,0,1,1,1,0,0,2,0,4,2,3,66.7,0,1,0,0,0,0,0,1,1,0,1,0,0,0,4.0,3.0,50,133.3,-83.3,133.3,50,83.3,-2,0,0,0,0,0,0,0,0,0,0,0,0,0,0,0,0,0,0,0,0,0,0,0,0,0,0,0,0,0,0,0,0
HHS Reading Rockets EABL,"A. Moloney, J. Waterhouse, L. Bakary, M. Daines, M. Hassan-Taylor",Barking Abbey EABL,"A. Nwabueze, J. Mendes, M. Filho, O. Visockas, R. Connolly",1,125,2.1,3.5,0,0,4,0,0,1,0,0,0,0,0,0,0,0,0,1,0,1,7,3,4,75,1,1,100,0,0,0,1,4,5,2,0,0,0,0,4.0,2.9,0,238.9,-238.9,238.9,0,238.9,-7,0,0,0,0,0,0,0,0,0,0,0,0,0,0,0,0,0,0,0,0,0,0,0,0,0,0,0,0,0,0,0,0
Copleston High School EABL,"C. Fobister, I. Carty-Peters, I. Little, M. Liddamore, T. Rafiu",City of London Academy - Southwark EABL,"A. Morentin, A. Nwokolo, D. Banjoko, J. Hannick, S. Shirwac",1,97,1.6,3.5,0,0,3,0,0,1,0,0,0,0,0,2,2,0,0,1,1,0,3,1,3,33.3,1,2,50,0,0,0,0,3,3,1,0,0,0,1,4.0,3.0,0,100,-100,100,0,100,-3,0,0,0,0,0,0,0,0,0,0,0,0,0,0,0,0,0,0,0,0,0,0,0,0,0,0,0,0,0,0,0,0
Charnwood College Riders EABL,"A. Oyerinde, P. Kattah, R. Buckingham, T. Curran, Z. Gleadell-Smith",BMET City of Birmingham Rockets EABL,"A. Camara, J. Agbeze, P. Basioudis, P. Walsh, S. Chikukwa",1,100,1.7,3.5,5,2,3,66.7,1,1,100,0,0,0,0,2,2,2,0,0,0,2,2,1,4,25,0,0,0,0,0,0,0,1,1,0,0,0,0,0,3.0,4.0,166.7,50,116.7,50,166.7,-116.7,3,0,0,0,0,0,0,0,0,0,0,0,0,0,0,0,0,0,0,0,0,0,0,0,0,0,0,0,0,0,0,0,0
Charnwood College Riders EABL,"F. Saeed, J. Hardy, P. Kattah, T. Curran, T. Pearson",BMET City of Birmingham Rockets EABL,"A. Camara, J. Agbeze, L. Duru, P. Basioudis, P. Walsh",1,73,1.2,3.5,0,0,4,0,0,1,0,0,0,0,0,1,1,0,2,0,0,0,0,0,1,0,0,1,0,0,0,0,0,3,3,0,0,2,2,0,4.0,3.0,0,0,0,0,0,0,0,0,0,0,0,0,0,0,0,0,0,0,0,0,0,0,0,0,0,0,0,0,0,0,0,0,0,0,0,0,0,0,0
HHS Reading Rockets EABL,"C. Okumus, J. Waterhouse, L. Francis, M. Daines, M. Hassan-Taylor",Itchen College EABL,"B. Cope, D. Cimochowski, E. Lotriet, M. Edwards, R. Radu",1,105,1.8,3.5,0,0,3,0,0,0,0,0,0,0,0,0,0,0,1,0,0,0,5,2,3,66.7,1,2,50,0,0,0,1,3,4,1,0,0,2,0,3.0,3.9,0,127.2,-127.2,127.2,0,127.2,-5,0,0,0,0,0,0,0,0,0,0,0,0,0,0,0,0,0,0,0,0,0,0,0,0,0,0,0,0,0,0,0,0
HHS Reading Rockets EABL,"E. Harrington, J. Waterhouse, L. Francis, M. Daines, M. Hassan-Taylor",Copleston High School EABL,"I. Carty-Peters, I. Little, M. Liddamore, N. Wilkinson, T. Rafiu",1,109,1.8,3.5,0,0,4,0,0,3,0,0,0,0,0,1,1,0,0,0,0,0,3,1,2,50,1,2,50,0,0,0,0,3,3,1,0,0,1,0,4.0,3.0,0,100,-100,100,0,100,-3,0,0,0,0,0,0,0,0,0,0,0,0,0,0,0,0,0,0,0,0,0,0,0,0,0,0,0,0,0,0,0,0
HHS Reading Rockets EABL,"E. Harrington, J. Waterhouse, L. Bakary, M. Daines, M. Hassan-Taylor",Copleston High School EABL,"C. Fobister, I. Little, M. Liddamore, O. Drane, T. Rafiu",1,90,1.5,3.5,3,1,1,100,1,1,100,0,0,0,0,1,1,0,1,0,3,1,0,0,1,0,0,1,0,0,0,0,0,0,0,0,0,0,2,0,4.0,3.0,75,0,75,0,75,-75,3,0,0,0,0,0,0,0,0,0,0,0,0,0,0,0,0,0,0,0,0,0,0,0,0,0,0,0,0,0,0,0,0
Itchen College EABL,"B. Cope, E. Lotriet, E. Round, J. Osei-Owusu, M. Yeates",Charnwood College Riders EABL,"F. Saeed, J. Hardy, P. Kattah, T. Curran, T. Pearson",1,98,1.6,3.5,4,2,4,50,0,0,0,0,0,0,1,1,2,1,0,0,0,1,6,3,4,75,0,1,0,0,0,0,0,1,1,0,0,0,0,0,2.9,4.0,136.5,150,-13.5,150,136.5,13.5,-2,0,0,0,0,0,0,0,0,0,0,0,0,0,0,0,0,0,0,0,0,0,0,0,0,0,0,0,0,0,0,0,0
City of London Academy - Southwark EABL,"A. Nwokolo, D. Banjoko, D. Banjoko, J. Hannick, T. Gass",Derby College Trailblazers EABL,"E. Norman, E. Rice, G. Pastor, L. Ngomti, W. Tallon",1,123,2.0,3.5,7,3,3,100,1,1,100,0,0,0,0,3,3,3,0,2,0,1,0,0,4,0,0,2,0,0,0,0,0,0,0,0,0,0,0,0,3.0,4.0,233.3,0,233.3,0,233.3,-233.3,7,0,0,0,0,0,0,0,0,0,0,0,0,0,0,0,0,0,0,0,0,0,0,0,0,0,0,0,0,0,0,0,0
Manchester Magic Academy EABL,"A. Isiorho, H. Blake, J. Walton, L. Clayton, O. Babalola",Itchen College EABL,"E. Round, J. Osei-Owusu, M. Yeates, R. Radu, T. Blower",1,121,2.0,3.5,4,2,4,50,0,1,0,0,0,0,0,2,2,1,1,1,0,0,0,0,2,0,0,0,0,0,0,0,0,1,1,0,0,0,1,1,4.0,3.0,100,0,100,0,100,-100,4,0,0,0,0,0,0,0,0,0,0,0,0,0,0,0,0,0,0,0,0,0,0,0,0,0,0,0,0,0,0,0,0
HHS Reading Rockets EABL,"E. Harrington, J. Mackinnon, J. Waterhouse, M. Daines, M. Hassan-Taylor",SGS College EABL,"J. Grajcar, K. Ramirez Mora, L. Matthews, M. Perez Tosca, Z. Lawson",1,65,1.1,3.5,6,3,3,100,0,0,0,0,0,0,0,2,2,2,0,1,1,0,2,1,3,33.3,0,1,0,0,0,0,0,0,0,0,1,0,0,0,4.0,3.0,150,66.7,83.3,66.7,150,-83.3,4,0,0,0,0,0,0,0,0,0,0,0,0,0,0,0,0,0,0,0,0,0,0,0,0,0,0,0,0,0,0,0,0
HHS Reading Rockets EABL,"C. Okumus, E. Harrington, J. Waterhouse, M. Daines, M. Hassan-Taylor",SGS College EABL,"I. Toure, K. Ramirez Mora, M. Perez Tosca, T. Wallace-Gayle, Z. Lawson",1,69,1.1,3.5,0,0,3,0,0,1,0,0,0,0,0,0,0,0,3,0,1,0,0,0,0,0,0,0,0,0,0,0,0,1,1,0,1,0,3,1,4.0,3.0,0,0,0,0,0,0,0,0,0,0,0,0,0,0,0,0,0,0,0,0,0,0,0,0,0,0,0,0,0,0,0,0,0,0,0,0,0,0,0
BMET City of Birmingham Rockets EABL,"B. Rose, G. Angoy, J. Kesto, J. Ogbeide, L. Duru",Derby College Trailblazers EABL,"C. Burr, E. Rice, J. Howlett, M. Smith-Fjordland, W. Tallon",1,102,1.7,3.4,0,0,2,0,0,1,0,0,0,0,1,1,2,0,0,0,3,1,4,1,3,33.3,0,0,0,2,2,100,1,1,2,0,3,0,0,0,3.9,2.8,0,142.3,-142.3,142.3,0,142.3,-4,0,0,0,0,0,0,0,0,0,0,0,0,0,0,0,0,0,0,0,0,0,0,0,0,0,0,0,0,0,0,0,0
SGS College EABL,"A. Odowa, D. Lloyd, I. Toure, M. Alburo, M. Perez Tosca",Myerscough College EABL,"F. Morgan, L. Farrell, O. Esingle, S. Latidan, Z. Trezvant",1,91,1.5,3.4,5,2,4,50,1,2,50,0,0,0,0,1,1,1,0,0,0,0,3,1,4,25,0,1,0,1,2,50,2,1,3,1,0,1,0,1,4.0,2.7,125,109.5,15.5,109.5,125,-15.5,2,0,0,0,0,0,0,0,0,0,0,0,0,0,0,0,0,0,0,0,0,0,0,0,0,0,0,0,0,0,0,0,0
SGS College EABL,"I. Toure, M. Alburo, M. Perez Tosca, M. Pospori, S. Nelson",Myerscough College EABL,"A. Ibirinde, C. Sanchez Falette, F. Morgan, H. Sheehan, O. Esingle",1,43,0.7,3.4,0,0,3,0,0,1,0,0,0,0,0,0,0,0,1,0,0,0,6,2,2,100,1,1,100,1,2,50,0,3,3,1,0,1,1,0,3.0,3.9,0,154.6,-154.6,154.6,0,154.6,-6,0,0,0,0,0,0,0,0,0,0,0,0,0,0,0,0,0,0,0,0,0,0,0,0,0,0,0,0,0,0,0,0
BMET City of Birmingham Rockets EABL,"A. Camara, G. Angoy, J. Agbeze, J. Hyland, P. Basioudis",SGS College EABL,"A. Odowa, K. Richards, M. Alburo, M. Pospori, S. Nelson",1,77,1.3,3.4,0,0,1,0,0,1,0,0,0,0,0,3,3,0,0,0,3,1,1,0,2,0,0,0,0,1,2,50,0,1,1,0,2,0,0,0,4.0,2.9,0,34.7,-34.7,34.7,0,34.7,-1,0,0,0,0,0,0,0,0,0,0,0,0,0,0,0,0,0,0,0,0,0,0,0,0,0,0,0,0,0,0,0,0
Itchen College EABL,"D. Cimochowski, E. Lotriet, G. Andrews, J. Ofman, R. Radu",Copleston High School EABL,"J. Mussington, M. Liddamore, M. Wells, N. Wilkinson, T. Rafiu",1,106,1.8,3.4,6,3,7,42.9,0,0,0,0,0,0,3,1,4,1,2,0,0,0,0,0,1,0,0,0,0,0,0,0,0,1,1,0,0,0,2,0,3.8,3.0,158.3,0,158.3,0,158.3,-158.3,6,0,0,0,0,0,0,0,0,0,0,0,0,0,0,0,0,0,0,0,0,0,0,0,0,0,0,0,0,0,0,0,0
City of London Academy - Southwark EABL,"D. Banjoko, D. Patel, N. Senessie, R. Testfay, S. Shirwac",Barking Abbey EABL,"A. Maitland, J. Mendes, K. Mabaya, M. Filho, R. Connolly",1,138,2.3,3.4,5,2,3,66.7,1,1,100,0,0,0,0,3,3,2,0,0,0,0,2,1,6,16.7,0,2,0,0,0,0,2,1,3,0,0,0,0,2,3.0,3.9,166.7,51.8,114.9,51.8,166.7,-114.9,3,0,0,0,0,0,0,0,0,0,0,0,0,0,0,0,0,0,0,0,0,0,0,0,0,0,0,0,0,0,0,0,0
Myerscough College EABL,"A. Ibirinde, D. Okhuoya, N. Byfield, O. Esingle, S. Latidan",BMET City of Birmingham Rockets EABL,"J. Agbeze, J. Hyland, L. Duru, P. Basioudis, P. Walsh",1,63,1.1,3.4,2,1,2,50,0,1,0,0,0,0,0,3,3,1,0,0,2,2,2,1,2,50,0,1,0,0,2,0,0,1,1,1,0,0,0,0,4.0,2.9,50,69.4,-19.4,69.4,50,19.4,0,0,0,0,0,0,0,0,0,0,0,0,0,0,0,0,0,0,0,0,0,0,0,0,0,0,0,0,0,0,0,0,0
HHS Reading Rockets EABL,"J. Mackinnon, J. Waterhouse, L. Francis, M. Daines, M. Hassan-Taylor",City of London Academy - Southwark EABL,"B. Olowoshile, D. Banjoko, R. Cryer, R. Testfay, S. Shirwac",1,85,1.4,3.4,2,0,0,0,0,0,0,2,2,100,0,0,0,1,0,0,2,0,2,1,1,100,0,0,0,0,0,0,0,0,0,1,1,0,3,1,2.9,4.0,69.4,50,19.4,50,69.4,-19.4,0,0,0,0,0,0,0,0,0,0,0,0,0,0,0,0,0,0,0,0,0,0,0,0,0,0,0,0,0,0,0,0,0
HHS Reading Rockets EABL,"C. Okumus, J. Mackinnon, L. Bakary, L. Francis, M. Hassan-Taylor",City of London Academy - Southwark EABL,"A. Morentin, B. Olowoshile, R. Cryer, R. Testfay, S. Shirwac",1,112,1.9,3.4,7,3,5,60,1,2,50,0,0,0,1,0,1,2,0,0,0,0,2,1,3,33.3,0,1,0,0,0,0,1,1,2,0,0,0,2,0,3.9,2.9,178.1,69.9,108.2,69.9,178.1,-108.2,5,0,0,0,0,0,0,0,0,0,0,0,0,0,0,0,0,0,0,0,0,0,0,0,0,0,0,0,0,0,0,0,0
Oaklands Wolves EABL,"D. Gladstone, D. Kostadinov, E. Da Cruz Fatuda, G. Mitchell, H. Morrell",Itchen College EABL,"B. Cope, E. Round, J. Osei-Owusu, M. Yeates, T. Blower",1,89,1.5,3.4,0,0,3,0,0,1,0,0,0,0,0,1,1,0,0,0,0,0,8,2,3,66.7,2,2,100,2,2,100,0,3,3,2,0,0,0,0,3.0,3.9,0,206.2,-206.2,206.2,0,206.2,-8,0,0,0,0,0,0,0,0,0,0,0,0,0,0,0,0,0,0,0,0,0,0,0,0,0,0,0,0,0,0,0,0
Derby College Trailblazers EABL,"C. Burr, G. Pastor, J. Howlett, M. Smith-Fjordland, W. Tallon",Charnwood College Riders EABL,"A. Oyerinde, D. Hanousek, D. Stephens, L. Stevenson, Z. Gleadell-Smith",1,100,1.7,3.4,0,0,4,0,0,2,0,0,0,0,2,2,4,0,0,0,1,1,4,1,2,50,1,1,100,1,2,50,0,2,2,1,0,1,1,0,2.9,3.9,0,103.1,-103.1,103.1,0,103.1,-4,0,0,0,0,0,0,0,0,0,0,0,0,0,0,0,0,0,0,0,0,0,0,0,0,0,0,0,0,0,0,0,0
BMET City of Birmingham Rockets EABL,"G. Angoy, J. Agbeze, J. Hyland, L. Duru, P. Basioudis",Charnwood College Riders EABL,"L. Stevenson, P. Kattah, R. Buckingham, T. Curran, Z. Gleadell-Smith",1,106,1.8,3.4,6,3,4,75,0,0,0,0,0,0,0,1,1,1,0,0,0,3,1,0,0,0,0,0,0,1,4,25,0,1,1,0,0,0,1,1,4.0,2.8,150,36.2,113.8,36.2,150,-113.8,5,0,0,0,0,0,0,0,0,0,0,0,0,0,0,0,0,0,0,0,0,0,0,0,0,0,0,0,0,0,0,0,0
Manchester Magic Academy EABL,"H. Blake, J. Walton, N. Brown, O. Babalola, T. Kamal Kazmi",SGS College EABL,"D. Lloyd, K. Ramirez Mora, L. Matthews, M. Perez Tosca, S. Nelson",1,71,1.2,3.4,1,0,1,0,0,1,0,1,2,50,0,2,2,0,0,1,2,0,3,1,3,33.3,1,1,100,0,0,0,0,1,1,1,1,0,0,0,3.9,3.0,25.8,100,-74.2,100,25.8,74.2,-2,0,0,0,0,0,0,0,0,0,0,0,0,0,0,0,0,0,0,0,0,0,0,0,0,0,0,0,0,0,0,0,0
Manchester Magic Academy EABL,"J. Styzcen-O'keefe, N. Brown, S. Sidi-Boumedine, T. Kamal Kazmi, T. Weekes",SGS College EABL,"D. Lloyd, K. Ramirez Mora, M. Alburo, M. Perez Tosca, M. Pospori",1,101,1.7,3.4,4,1,2,50,0,1,0,2,2,100,0,0,0,1,0,0,1,0,7,3,4,75,1,2,50,0,0,0,1,1,2,1,0,0,0,0,3.9,2.9,103.1,238.9,-135.8,238.9,103.1,135.8,-3,0,0,0,0,0,0,0,0,0,0,0,0,0,0,0,0,0,0,0,0,0,0,0,0,0,0,0,0,0,0,0,0
Oaklands Wolves EABL,"E. Da Cruz Fatuda, G. Mitchell, H. Morrell, L. Mcintosh, T. Mcintosh",Barking Abbey EABL,"A. Maitland, F. Oguntuase, K. Mabaya, M. Myamutenha, O. Visockas",1,120,2.0,3.4,5,2,3,66.7,1,2,50,0,0,0,1,2,3,1,0,0,1,1,0,0,3,0,0,0,0,0,2,0,0,0,0,0,1,0,0,1,2.9,3.9,170.6,0,170.6,0,170.6,-170.6,5,0,0,0,0,0,0,0,0,0,0,0,0,0,0,0,0,0,0,0,0,0,0,0,0,0,0,0,0,0,0,0,0
Copleston High School EABL,"E. Tamakloe, I. Carty-Peters, I. Little, M. Liddamore, N. Wilkinson",Oaklands Wolves EABL,"D. Gladstone, G. Augenti, H. Morrell, K. Gasperas, Z. Gribble",1,59,1.0,3.4,4,1,2,50,0,1,0,2,2,100,1,1,2,1,0,2,1,0,3,1,3,33.3,1,1,100,0,0,0,0,0,0,1,0,0,1,1,2.8,4.0,142.3,75,67.3,75,142.3,-67.3,1,0,0,0,0,0,0,0,0,0,0,0,0,0,0,0,0,0,0,0,0,0,0,0,0,0,0,0,0,0,0,0,0
Derby College Trailblazers EABL,"E. Rice, G. Pastor, J. Lemanski, L. Ngomti, W. Tallon",BMET City of Birmingham Rockets EABL,"D. Pittaway, J. Agbeze, J. Hyland, L. Duru, P. Basioudis",1,81,1.4,3.4,2,1,2,50,0,1,0,0,0,0,0,0,0,1,0,0,1,1,3,1,2,50,0,1,0,1,2,50,0,1,1,1,1,0,1,0,3.0,3.9,66.7,77.3,-10.7,77.3,66.7,10.7,-1,0,0,0,0,0,0,0,0,0,0,0,0,0,0,0,0,0,0,0,0,0,0,0,0,0,0,0,0,0,0,0,0
Derby College Trailblazers EABL,"C. Burr, J. Howlett, K. Zidonis, L. Ngomti, R. Hobday",BMET City of Birmingham Rockets EABL,"G. Angoy, J. Agbeze, J. Hyland, L. Duru, P. Basioudis",1,89,1.5,3.4,0,0,2,0,0,0,0,0,0,0,0,0,0,0,1,0,1,1,0,0,0,0,0,0,0,0,2,0,0,2,2,0,1,0,3,1,3.0,3.9,0,0,0,0,0,0,0,0,0,0,0,0,0,0,0,0,0,0,0,0,0,0,0,0,0,0,0,0,0,0,0,0,0,0,0,0,0,0,0
Myerscough College EABL,"H. Sheehan, I. Idemudia, L. Farrell, N. Byfield, O. Esingle",SGS College EABL,"A. Bennett, I. Toure, L. Matthews, M. Alburo, M. Perez Tosca",1,81,1.4,3.4,1,0,2,0,0,1,0,1,2,50,0,3,3,0,0,0,1,0,0,0,3,0,0,2,0,0,0,0,0,3,3,0,0,0,0,0,3.9,3.0,25.8,0,25.8,0,25.8,-25.8,1,0,0,0,0,0,0,0,0,0,0,0,0,0,0,0,0,0,0,0,0,0,0,0,0,0,0,0,0,0,0,0,0
Oaklands Wolves EABL,"D. Gladstone, D. Kostadinov, E. Da Cruz Fatuda, G. Mitchell, L. Mcintosh",Copleston High School EABL,"E. Tamakloe, I. Little, L. Read, M. Liddamore, N. Wilkinson",1,99,1.6,3.4,8,3,4,75,1,2,50,1,2,50,1,0,1,3,1,0,0,0,0,0,1,0,0,0,0,0,0,0,0,0,0,0,0,0,2,0,3.8,3.0,210,0,210,0,210,-210,8,0,0,0,0,0,0,0,0,0,0,0,0,0,0,0,0,0,0,0,0,0,0,0,0,0,0,0,0,0,0,0,0
Copleston High School EABL,"C. Fobister, I. Little, M. Liddamore, N. Wilkinson, T. Rafiu",Itchen College EABL,"B. Cope, E. Lotriet, E. Round, J. Ofman, R. Radu",1,135,2.2,3.4,2,1,5,20,0,1,0,0,0,0,2,2,4,0,0,1,0,0,5,2,6,33.3,1,1,100,0,0,0,2,2,4,1,0,0,0,0,2.9,3.9,69.9,129.5,-59.6,129.5,69.9,59.6,-3,0,0,0,0,0,0,0,0,0,0,0,0,0,0,0,0,0,0,0,0,0,0,0,0,0,0,0,0,0,0,0,0
Oaklands Wolves EABL,"D. Gladstone, D. Kostadinov, E. Da Cruz Fatuda, H. Morrell, L. Mcintosh",HHS Reading Rockets EABL,"C. Okumus, J. Waterhouse, M. Daines, M. Hassan-Taylor, N. Dent",1,120,2.0,3.4,6,3,4,75,0,1,0,0,0,0,1,1,2,2,1,0,0,0,5,2,4,50,1,2,50,0,0,0,1,0,1,1,0,0,1,0,2.9,3.9,204.8,127.2,77.6,127.2,204.8,-77.6,1,0,0,0,0,0,0,0,0,0,0,0,0,0,0,0,0,0,0,0,0,0,0,0,0,0,0,0,0,0,0,0,0
BMET City of Birmingham Rockets EABL,"A. Camara, B. Rose, D. Pittaway, G. Singh, S. Chikukwa",Myerscough College EABL,"D. Okhuoya, F. Morgan, J. Bobkowski, L. Farrell, S. Latidan",1,110,1.8,3.4,1,0,0,0,0,0,0,1,2,50,0,0,0,0,0,0,2,1,7,2,2,100,1,1,100,2,2,100,0,0,0,2,0,0,1,1,2.9,3.9,34.7,180.4,-145.7,180.4,34.7,145.7,-6,0,0,0,0,0,0,0,0,0,0,0,0,0,0,0,0,0,0,0,0,0,0,0,0,0,0,0,0,0,0,0,0
BMET City of Birmingham Rockets EABL,"D. Pittaway, G. Angoy, J. Hyland, L. Duru, P. Walsh",Myerscough College EABL,"A. Cisse, A. Ibirinde, F. Morgan, J. Bobkowski, L. Farrell",1,71,1.2,3.4,0,0,2,0,0,0,0,0,0,0,0,2,2,0,0,0,2,1,2,0,2,0,0,1,0,2,2,100,0,2,2,0,1,0,0,0,4.0,2.9,0,69.4,-69.4,69.4,0,69.4,-2,0,0,0,0,0,0,0,0,0,0,0,0,0,0,0,0,0,0,0,0,0,0,0,0,0,0,0,0,0,0,0,0
Itchen College EABL,"B. Cope, E. Round, G. Andrews, J. Ofman, M. Yeates",Oaklands Wolves EABL,"E. Da Cruz Fatuda, G. Mitchell, H. Morrell, L. Mcintosh, T. Mcintosh",1,124,2.1,3.4,2,1,3,33.3,0,0,0,0,0,0,0,1,1,1,1,0,0,1,4,1,2,50,0,1,0,2,2,100,0,2,2,1,0,0,1,1,3.0,3.9,66.7,103.1,-36.4,103.1,66.7,36.4,-2,0,0,0,0,0,0,0,0,0,0,0,0,0,0,0,0,0,0,0,0,0,0,0,0,0,0,0,0,0,0,0,0
Itchen College EABL,"B. Cope, D. Cimochowski, E. Lotriet, E. Round, M. Edwards",Oaklands Wolves EABL,"D. Gladstone, D. Kostadinov, E. Da Cruz Fatuda, L. Mcintosh, T. Mcintosh",1,92,1.5,3.4,5,2,4,50,0,1,0,1,2,50,0,2,2,3,0,0,0,0,0,0,2,0,0,1,0,0,0,0,0,1,1,0,0,0,0,2,4.9,2.0,102.5,0,102.5,0,102.5,-102.5,5,0,0,0,0,0,0,0,0,0,0,0,0,0,0,0,0,0,0,0,0,0,0,0,0,0,0,0,0,0,0,0,0
Itchen College EABL,"B. Cope, E. Lotriet, E. Round, J. Ofman, M. Yeates",Oaklands Wolves EABL,"D. Gladstone, E. Da Cruz Fatuda, G. Mitchell, H. Morrell, L. Mcintosh",1,75,1.2,3.4,4,2,5,40,0,1,0,0,0,0,2,0,2,0,1,0,0,1,5,2,2,100,0,0,0,1,2,50,0,1,1,1,0,0,1,1,2.9,3.9,139.9,128.9,11,128.9,139.9,-11,-1,0,0,0,0,0,0,0,0,0,0,0,0,0,0,0,0,0,0,0,0,0,0,0,0,0,0,0,0,0,0,0,0
Itchen College EABL,"G. Andrews, J. Osei-Owusu, M. Edwards, R. Radu, T. Blower",Oaklands Wolves EABL,"E. Da Cruz Fatuda, E. Ryan, H. Morrell, L. Mcintosh, Z. Gribble",1,25,0.4,3.4,0,0,2,0,0,0,0,0,0,0,0,0,0,0,1,0,1,1,1,0,0,0,0,0,0,1,2,50,0,2,2,0,1,0,3,1,3.0,3.9,0,25.8,-25.8,25.8,0,25.8,-1,0,0,0,0,0,0,0,0,0,0,0,0,0,0,0,0,0,0,0,0,0,0,0,0,0,0,0,0,0,0,0,0
Derby College Trailblazers EABL,"C. Burr, E. Norman, E. Rice, K. Otaye, W. Tallon",Manchester Magic Academy EABL,"D. Allotey, J. Walton, O. Babalola, T. Kamal Kazmi, T. Richardson",1,65,1.1,3.4,0,0,2,0,0,2,0,0,0,0,0,0,0,0,1,0,1,0,5,2,2,100,0,0,0,1,2,50,0,2,2,1,1,0,1,0,3.0,3.9,0,128.9,-128.9,128.9,0,128.9,-5,0,0,0,0,0,0,0,0,0,0,0,0,0,0,0,0,0,0,0,0,0,0,0,0,0,0,0,0,0,0,0,0
Barking Abbey EABL,"A. Nwabueze, F. Oguntuase, J. Mendes, M. Filho, O. Visockas",Copleston High School EABL,"C. Fobister, I. Little, M. Liddamore, N. Wilkinson, T. Rafiu",1,99,1.6,3.4,2,1,4,25,0,2,0,0,1,0,2,1,3,0,0,0,1,0,0,0,2,0,0,1,0,0,0,0,0,2,2,0,0,0,1,1,3.8,3.0,52.2,0,52.2,0,52.2,-52.2,2,0,0,0,0,0,0,0,0,0,0,0,0,0,0,0,0,0,0,0,0,0,0,0,0,0,0,0,0,0,0,0,0
City of London Academy - Southwark EABL,"B. Olowoshile, D. Banjoko, D. Patel, L. Thompson, S. Shirwac",HHS Reading Rockets EABL,"A. Moloney, E. Harrington, J. Waterhouse, L. Bakary, M. Daines",1,159,2.6,3.4,4,2,3,66.7,0,0,0,0,0,0,1,3,4,1,0,0,1,0,2,1,5,20,0,1,0,0,0,0,1,0,1,0,1,0,0,1,2.9,3.9,136.5,50.9,85.6,50.9,136.5,-85.6,2,0,0,0,0,0,0,0,0,0,0,0,0,0,0,0,0,0,0,0,0,0,0,0,0,0,0,0,0,0,0,0,0
Barking Abbey EABL,"A. Maitland, J. Mendes, K. N'gabala, O. Visockas, R. Connolly",Itchen College EABL,"B. Cope, D. Cimochowski, E. Round, G. Andrews, J. Ofman",1,119,2.0,3.4,2,1,6,16.7,0,3,0,0,0,0,2,2,4,0,0,0,0,1,2,1,3,33.3,0,1,0,0,0,0,0,3,3,0,0,0,0,0,3.9,3.0,51.8,66.7,-14.9,66.7,51.8,14.9,0,0,0,0,0,0,0,0,0,0,0,0,0,0,0,0,0,0,0,0,0,0,0,0,0,0,0,0,0,0,0,0,0
Barking Abbey EABL,"A. Maitland, J. Mendes, M. Filho, O. Visockas, R. Connolly",Itchen College EABL,"B. Cope, D. Cimochowski, E. Lotriet, E. Round, J. Ofman",1,82,1.4,3.4,6,2,2,100,2,2,100,0,0,0,0,0,0,1,1,0,2,1,4,1,1,100,0,0,0,2,2,100,0,0,0,0,0,0,1,0,4.0,2.9,150,138.9,11.1,138.9,150,-11.1,2,0,0,0,0,0,0,0,0,0,0,0,0,0,0,0,0,0,0,0,0,0,0,0,0,0,0,0,0,0,0,0,0
Barking Abbey EABL,"A. Maitland, A. Nwabueze, J. Mendes, O. Visockas, R. Connolly",Itchen College EABL,"E. Round, J. Osei-Owusu, M. Yeates, R. Radu, T. Blower",1,59,1.0,3.4,1,0,1,0,0,1,0,1,2,50,0,2,2,0,1,1,2,1,1,0,1,0,0,0,0,1,2,50,0,1,1,0,2,0,1,0,3.9,2.9,25.8,34.7,-8.9,34.7,25.8,8.9,0,0,0,0,0,0,0,0,0,0,0,0,0,0,0,0,0,0,0,0,0,0,0,0,0,0,0,0,0,0,0,0,0
City of London Academy - Southwark EABL,"D. Banjoko, D. Patel, J. Hannick, L. Thompson, T. Gass",Copleston High School EABL,"C. Fobister, E. Tamakloe, G. Millar, M. Liddamore, N. Wilkinson",1,75,1.2,3.4,4,2,3,66.7,0,1,0,0,2,0,2,1,3,0,0,0,1,0,0,0,1,0,0,1,0,0,0,0,0,0,0,0,0,0,2,0,3.8,3.0,105,0,105,0,105,-105,4,0,0,0,0,0,0,0,0,0,0,0,0,0,0,0,0,0,0,0,0,0,0,0,0,0,0,0,0,0,0,0,0
Derby College Trailblazers EABL,"C. Burr, E. Norman, E. Rice, M. Smith-Fjordland, R. Hobday",SGS College EABL,"D. Lloyd, K. Ramirez Mora, K. Richards, M. Alburo, M. Perez Tosca",1,68,1.1,3.4,6,2,4,50,0,0,0,2,3,66.7,2,0,2,1,1,0,0,1,4,1,1,100,0,0,0,2,2,100,0,1,1,1,0,0,1,3,3.9,2.9,154.1,138.9,15.2,138.9,154.1,-15.2,2,0,0,0,0,0,0,0,0,0,0,0,0,0,0,0,0,0,0,0,0,0,0,0,0,0,0,0,0,0,0,0,0
Oaklands Wolves EABL,"D. Kostadinov, G. Mitchell, H. Morrell, L. Mcintosh, T. Mcintosh",City of London Academy - Southwark EABL,"A. Morentin, B. Olowoshile, L. Thompson, R. Cryer, R. Testfay",1,130,2.2,3.4,4,2,4,50,0,1,0,0,0,0,0,2,2,2,0,0,0,1,2,1,5,20,0,2,0,0,0,0,2,2,4,1,0,0,0,2,4.0,2.9,100,69.9,30.1,69.9,100,-30.1,2,0,0,0,0,0,0,0,0,0,0,0,0,0,0,0,0,0,0,0,0,0,0,0,0,0,0,0,0,0,0,0,0
HHS Reading Rockets EABL,"A. Moloney, C. Okumus, E. Harrington, L. Bakary, M. Daines",Barking Abbey EABL,"A. Maitland, K. Mabaya, M. Filho, O. Visockas, R. Connolly",1,72,1.2,3.4,2,1,2,50,0,0,0,0,0,0,0,1,1,0,0,0,1,1,4,1,3,33.3,0,0,0,2,2,100,0,1,1,1,1,0,0,1,3.0,3.9,66.7,103.1,-36.4,103.1,66.7,36.4,-2,0,0,0,0,0,0,0,0,0,0,0,0,0,0,0,0,0,0,0,0,0,0,0,0,0,0,0,0,0,0,0,0
Copleston High School EABL,"C. Fobister, I. Carty-Peters, I. Little, M. Liddamore, T. Rafiu",City of London Academy - Southwark EABL,"A. Morentin, A. Nwokolo, D. Banjoko, J. Hannick, L. Thompson",1,54,0.9,3.4,0,0,0,0,0,0,0,0,2,0,0,0,0,0,0,0,2,2,8,3,3,100,0,0,0,2,2,100,0,1,1,2,2,0,0,1,2.9,3.9,0,206.2,-206.2,206.2,0,206.2,-8,0,0,0,0,0,0,0,0,0,0,0,0,0,0,0,0,0,0,0,0,0,0,0,0,0,0,0,0,0,0,0,0
SGS College EABL,"D. Lloyd, I. Toure, L. Matthews, M. Alburo, Z. Lawson",Manchester Magic Academy EABL,"D. Allotey, H. Blake, T. Kamal Kazmi, T. Richardson, T. Weekes",1,67,1.1,3.4,4,1,3,33.3,0,2,0,2,2,100,0,1,1,1,1,0,0,0,2,1,3,33.3,0,2,0,0,0,0,1,1,2,0,0,0,1,0,3.9,2.9,103.1,68.3,34.8,68.3,103.1,-34.8,2,0,0,0,0,0,0,0,0,0,0,0,0,0,0,0,0,0,0,0,0,0,0,0,0,0,0,0,0,0,0,0,0
Barking Abbey EABL,"A. Maitland, A. Nwabueze, J. Mendes, K. Mabaya, O. Visockas",Oaklands Wolves EABL,"D. Gladstone, D. Kostadinov, E. Da Cruz Fatuda, H. Morrell, L. Mcintosh",1,145,2.4,3.4,2,1,5,20,0,2,0,0,0,0,3,1,4,0,0,1,1,0,5,2,4,50,1,2,50,0,0,0,0,1,1,1,1,1,0,1,2.8,4.0,71.7,125,-53.3,125,71.7,53.3,-3,0,0,0,0,0,0,0,0,0,0,0,0,0,0,0,0,0,0,0,0,0,0,0,0,0,0,0,0,0,0,0,0
HHS Reading Rockets EABL,"E. Harrington, J. Waterhouse, L. Francis, M. Daines, M. Hassan-Taylor",BMET City of Birmingham Rockets EABL,"G. Angoy, J. Agbeze, J. Hyland, L. Duru, P. Basioudis",1,127,2.1,3.4,5,2,5,40,1,2,50,0,0,0,2,2,4,1,1,0,1,1,0,0,2,0,0,0,0,0,0,0,0,1,1,0,1,0,1,2,3.9,3.0,129.5,0,129.5,0,129.5,-129.5,5,0,0,0,0,0,0,0,0,0,0,0,0,0,0,0,0,0,0,0,0,0,0,0,0,0,0,0,0,0,0,0,0
HHS Reading Rockets EABL,"C. Okumus, E. Harrington, J. Waterhouse, L. Bakary, M. Daines",BMET City of Birmingham Rockets EABL,"B. Rose, G. Angoy, L. Duru, P. Basioudis, S. Chikukwa",1,82,1.4,3.4,4,2,2,100,0,0,0,0,0,0,0,1,1,0,0,2,1,0,4,2,6,33.3,0,1,0,0,0,0,1,0,1,1,1,0,0,0,3.0,3.9,133.3,103.6,29.7,103.6,133.3,-29.7,0,0,0,0,0,0,0,0,0,0,0,0,0,0,0,0,0,0,0,0,0,0,0,0,0,0,0,0,0,0,0,0,0
HHS Reading Rockets EABL,"A. Moloney, E. Harrington, J. Waterhouse, L. Bakary, M. Daines",BMET City of Birmingham Rockets EABL,"A. Camara, B. Rose, G. Singh, J. Agbeze, P. Walsh",1,74,1.2,3.4,2,1,3,33.3,0,0,0,0,0,0,1,2,3,0,0,0,2,2,0,0,1,0,0,0,0,0,2,0,0,1,1,0,0,0,1,2,3.9,2.9,50.9,0,50.9,0,50.9,-50.9,2,0,0,0,0,0,0,0,0,0,0,0,0,0,0,0,0,0,0,0,0,0,0,0,0,0,0,0,0,0,0,0,0
Itchen College EABL,"E. Round, J. Ofman, M. Yeates, R. Radu, T. Blower",Charnwood College Riders EABL,"J. Hardy, O. Hambira, P. Kattah, S. Morris, T. Pearson",1,80,1.3,3.4,1,0,3,0,0,0,0,1,2,50,1,1,2,0,0,0,1,0,0,0,2,0,0,1,0,0,0,0,0,2,2,0,0,0,1,1,3.8,3.0,26.2,0,26.2,0,26.2,-26.2,1,0,0,0,0,0,0,0,0,0,0,0,0,0,0,0,0,0,0,0,0,0,0,0,0,0,0,0,0,0,0,0,0
Itchen College EABL,"E. Round, J. Osei-Owusu, M. Yeates, R. Radu, T. Blower",Charnwood College Riders EABL,"F. Saeed, J. Hardy, O. Hambira, T. Pearson, Z. Gleadell-Smith",1,108,1.8,3.4,7,3,4,75,1,1,100,0,0,0,1,3,4,1,0,0,0,1,0,0,2,0,0,0,0,0,2,0,0,0,0,0,0,0,1,1,2.9,3.9,238.9,0,238.9,0,238.9,-238.9,7,0,0,0,0,0,0,0,0,0,0,0,0,0,0,0,0,0,0,0,0,0,0,0,0,0,0,0,0,0,0,0,0
Itchen College EABL,"B. Cope, E. Lotriet, E. Round, J. Ofman, M. Yeates",Charnwood College Riders EABL,"D. Hanousek, P. Kattah, T. Curran, T. Pearson, Z. Gleadell-Smith",1,89,1.5,3.4,2,1,2,50,0,0,0,0,0,0,0,3,3,1,0,0,1,1,1,0,2,0,0,0,0,1,2,50,0,1,1,0,1,0,1,0,3.0,3.9,66.7,25.8,40.9,25.8,66.7,-40.9,1,0,0,0,0,0,0,0,0,0,0,0,0,0,0,0,0,0,0,0,0,0,0,0,0,0,0,0,0,0,0,0,0
Manchester Magic Academy EABL,"A. Isiorho, H. Blake, J. Odongo, J. Walton, O. Babalola",Oaklands Wolves EABL,"E. Da Cruz Fatuda, G. Mitchell, H. Morrell, L. Mcintosh, T. Mcintosh",1,77,1.3,3.4,4,2,3,66.7,0,0,0,0,0,0,0,0,0,2,2,0,0,1,2,0,1,0,0,0,0,2,2,100,1,1,2,0,0,0,3,0,3.0,3.8,133.3,52.5,80.8,52.5,133.3,-80.8,2,0,0,0,0,0,0,0,0,0,0,0,0,0,0,0,0,0,0,0,0,0,0,0,0,0,0,0,0,0,0,0,0
Manchester Magic Academy EABL,"A. Isiorho, H. Blake, L. Clayton, O. Babalola, T. Richardson",Oaklands Wolves EABL,"D. Kostadinov, G. Mitchell, H. Morrell, L. Mcintosh, T. Mcintosh",1,99,1.6,3.4,3,1,3,33.3,1,1,100,0,0,0,0,1,1,1,0,0,0,1,6,1,2,50,0,1,0,4,4,100,0,2,2,1,0,0,0,0,3.0,3.8,100,159.6,-59.6,159.6,100,59.6,-3,0,0,0,0,0,0,0,0,0,0,0,0,0,0,0,0,0,0,0,0,0,0,0,0,0,0,0,0,0,0,0,0
Manchester Magic Academy EABL,"A. Isiorho, J. Walton, L. Clayton, O. Babalola, S. Sidi-Boumedine",Myerscough College EABL,"C. Sanchez Falette, H. Sheehan, J. Bobkowski, O. Esingle, S. Laditan",1,79,1.3,3.4,6,3,4,75,0,0,0,0,0,0,0,1,1,2,1,0,0,0,2,0,1,0,0,1,0,2,2,100,0,0,0,0,0,0,1,0,4.0,2.9,150,69.4,80.6,69.4,150,-80.6,4,0,0,0,0,0,0,0,0,0,0,0,0,0,0,0,0,0,0,0,0,0,0,0,0,0,0,0,0,0,0,0,0
SGS College EABL,"C. Benjamin, D. Lloyd, K. Richards, M. Perez Tosca, S. Nelson",Myerscough College EABL,"H. Sheehan, J. Bobkowski, O. Esingle, S. Latidan, Z. Trezvant",1,29,0.5,3.3,0,0,0,0,0,0,0,0,0,0,0,1,1,0,0,0,3,2,5,0,1,0,0,1,0,5,7,71.4,1,0,1,1,1,0,0,0,3.0,3.5,0,141,-141,141,0,141,-5,0,0,0,0,0,0,0,0,0,0,0,0,0,0,0,0,0,0,0,0,0,0,0,0,0,0,0,0,0,0,0,0
SGS College EABL,"D. Lloyd, M. Alburo, M. Pospori, T. Wallace-Gayle, W. Wewe",Myerscough College EABL,"A. Ibirinde, A. Scott, C. Sanchez Falette, H. Sheehan, J. Bobkowski",1,110,1.8,3.3,3,1,1,100,0,0,0,1,2,50,0,0,0,1,0,0,1,1,7,3,4,75,0,1,0,1,2,50,2,0,2,2,1,0,0,1,2.9,3.8,104.2,183.7,-79.6,183.7,104.2,79.6,-4,0,0,0,0,0,0,0,0,0,0,0,0,0,0,0,0,0,0,0,0,0,0,0,0,0,0,0,0,0,0,0,0
City of London Academy - Southwark EABL,"A. Nwokolo, B. Olowoshile, D. Banjoko, D. Patel, R. Nunn",Itchen College EABL,"B. Cope, E. Round, J. Osei-Owusu, M. Edwards, T. Blower",1,70,1.2,3.3,4,0,1,0,0,0,0,4,4,100,1,1,2,0,0,0,1,1,2,0,1,0,0,1,0,2,2,100,0,0,0,0,1,0,2,3,2.7,3.9,148.7,51.5,97.2,51.5,148.7,-97.2,2,0,0,0,0,0,0,0,0,0,0,0,0,0,0,0,0,0,0,0,0,0,0,0,0,0,0,0,0,0,0,0,0
City of London Academy - Southwark EABL,"A. Nwokolo, D. Banjoko, D. Banjoko, J. Hannick, T. Gass",Itchen College EABL,"B. Cope, E. Round, J. Ofman, J. Osei-Owusu, M. Edwards",1,78,1.3,3.3,1,0,1,0,0,0,0,1,3,33.3,0,1,1,0,0,1,1,2,3,1,2,50,1,1,100,0,2,0,1,1,2,1,0,0,1,2,3.3,3.3,30.1,89.7,-59.6,89.7,30.1,59.6,-2,0,0,0,0,0,0,0,0,0,0,0,0,0,0,0,0,0,0,0,0,0,0,0,0,0,0,0,0,0,0,0,0
Charnwood College Riders EABL,"A. Oyerinde, P. Kattah, R. Buckingham, S. Morris, T. Curran",SGS College EABL,"K. Ramirez Mora, L. Matthews, M. Perez Tosca, S. Nelson, W. Wewe",1,75,1.2,3.3,1,0,1,0,0,0,0,1,2,50,0,1,1,0,0,0,2,2,4,1,3,33.3,0,0,0,2,2,100,1,1,2,0,0,1,0,1,3.9,2.8,25.8,142.3,-116.6,142.3,25.8,116.6,-3,0,0,0,0,0,0,0,0,0,0,0,0,0,0,0,0,0,0,0,0,0,0,0,0,0,0,0,0,0,0,0,0
Copleston High School EABL,"C. Fobister, I. Carty-Peters, I. Little, M. Liddamore, T. Rafiu",HHS Reading Rockets EABL,"J. Waterhouse, L. Franicis, M. Daines, M. Hassan-Taylor, N. Dent",1,75,1.2,3.3,4,0,1,0,0,0,0,4,4,100,0,1,1,0,2,0,0,0,2,1,3,33.3,0,1,0,0,0,0,1,1,2,0,0,0,2,2,2.8,3.9,144.9,50.9,94,50.9,144.9,-94,2,0,0,0,0,0,0,0,0,0,0,0,0,0,0,0,0,0,0,0,0,0,0,0,0,0,0,0,0,0,0,0,0
Copleston High School EABL,"I. Carty-Peters, I. Little, L. Read, M. Liddamore, N. Wilkinson",Oaklands Wolves EABL,"D. Gladstone, D. Kostadinov, E. Da Cruz Fatuda, G. Mitchell, L. Mcintosh",1,73,1.2,3.3,2,1,4,25,0,1,0,0,0,0,1,1,2,0,0,0,0,1,7,1,3,33.3,1,2,50,4,4,100,1,2,3,1,0,0,0,1,2.9,3.7,68.3,189.7,-121.4,189.7,68.3,121.4,-5,0,0,0,0,0,0,0,0,0,0,0,0,0,0,0,0,0,0,0,0,0,0,0,0,0,0,0,0,0,0,0,0
Manchester Magic Academy EABL,"A. Sagay Isiorho, D. Allotey, J. Odongo, J. Walton, T. Weekes",Myerscough College EABL,"A. Ibirinde, H. Sheehan, J. Bobkowski, O. Esingle, S. Latidan",1,121,2.0,3.3,2,0,3,0,0,1,0,2,2,100,0,0,0,0,0,0,0,1,3,1,2,50,0,1,0,1,2,50,1,2,3,1,0,0,1,1,3.9,2.8,51.5,106.8,-55.2,106.8,51.5,55.2,-1,0,0,0,0,0,0,0,0,0,0,0,0,0,0,0,0,0,0,0,0,0,0,0,0,0,0,0,0,0,0,0,0
City of London Academy - Southwark EABL,"A. Morentin, A. Nwokolo, D. Patel, L. Thompson, R. Testfay",Copleston High School EABL,"C. Fobister, E. Tamakloe, L. Read, M. Liddamore, N. Wilkinson",1,92,1.5,3.3,6,2,3,66.7,1,1,100,1,2,50,0,0,0,2,1,0,0,1,1,0,2,0,0,2,0,1,2,50,1,1,2,0,0,1,2,1,3.9,2.7,154.6,36.5,118.1,36.5,154.6,-118.1,5,0,0,0,0,0,0,0,0,0,0,0,0,0,0,0,0,0,0,0,0,0,0,0,0,0,0,0,0,0,0,0,0
HHS Reading Rockets EABL,"E. Harrington, J. Mackinnon, J. Waterhouse, M. Daines, M. Hassan-Taylor",Copleston High School EABL,"C. Fobister, G. Millar, I. Little, M. Liddamore, T. Rafiu",1,157,2.6,3.3,2,1,4,25,0,1,0,0,0,0,1,2,3,1,0,0,0,2,5,1,5,20,1,2,50,2,2,100,2,2,4,0,0,0,0,0,2.9,3.7,68.3,133.7,-65.4,133.7,68.3,65.4,-3,0,0,0,0,0,0,0,0,0,0,0,0,0,0,0,0,0,0,0,0,0,0,0,0,0,0,0,0,0,0,0,0
Myerscough College EABL,"C. Sanchez Falette, H. Sheehan, J. Bobkowski, S. Latidan, Z. Trezvant",Barking Abbey EABL,"A. Maitland, A. Nwabueze, F. Oguntuase, K. Mabaya, O. Visockas",1,150,2.5,3.3,7,2,4,50,1,3,33.3,2,2,100,1,1,2,1,0,1,0,1,6,2,5,40,2,4,50,0,0,0,2,1,3,2,0,0,0,0,3.8,2.9,183.7,209.8,-26.1,209.8,183.7,26.1,1,0,0,0,0,0,0,0,0,0,0,0,0,0,0,0,0,0,0,0,0,0,0,0,0,0,0,0,0,0,0,0,0
BMET City of Birmingham Rockets EABL,"J. Agbeze, J. Hyland, L. Duru, P. Basioudis, P. Walsh",Copleston High School EABL,"E. Tamakloe, I. Little, M. Liddamore, N. Wilkinson, T. Rafiu",1,82,1.4,3.3,2,0,3,0,0,0,0,2,2,100,0,1,1,0,0,0,0,2,1,0,1,0,0,1,0,1,4,25,0,2,2,0,0,1,0,1,3.9,2.8,51.5,36.2,15.3,36.2,51.5,-15.3,1,0,0,0,0,0,0,0,0,0,0,0,0,0,0,0,0,0,0,0,0,0,0,0,0,0,0,0,0,0,0,0,0
Manchester Magic Academy EABL,"H. Blake, J. Odongo, J. Walton, O. Babalola, T. Kamal Kazmi",Itchen College EABL,"B. Cope, D. Cimochowski, E. Round, J. Ofman, T. Blower",1,96,1.6,3.3,3,1,4,25,0,1,0,1,1,100,1,2,3,0,0,0,0,1,2,1,3,33.3,0,1,0,0,2,0,1,2,3,0,0,0,0,1,3.4,3.2,89,63.2,25.9,63.2,89,-25.9,1,0,0,0,0,0,0,0,0,0,0,0,0,0,0,0,0,0,0,0,0,0,0,0,0,0,0,0,0,0,0,0,0
City of London Academy - Southwark EABL,"B. Olowoshile, D. Banjoko, D. Patel, J. Hannick, T. Gass",Myerscough College EABL,"C. Sanchez Falette, D. Okhuoya, F. Morgan, J. Bobkowski, S. Latidan",1,113,1.9,3.3,9,2,2,100,1,1,100,4,4,100,0,0,0,2,1,0,0,1,4,2,4,50,0,0,0,0,0,0,1,0,1,1,0,0,1,2,3.8,2.9,239.4,139.9,99.5,139.9,239.4,-99.5,5,0,0,0,0,0,0,0,0,0,0,0,0,0,0,0,0,0,0,0,0,0,0,0,0,0,0,0,0,0,0,0,0
Manchester Magic Academy EABL,"A. Isiorho, J. Odongo, J. Walton, N. Brown, O. Babalola",Myerscough College EABL,"C. Sanchez Falette, F. Morgan, J. Bobkowski, S. Laditan, Z. Trezvant",1,97,1.6,3.3,1,0,3,0,0,2,0,1,2,50,1,1,2,1,1,1,1,1,2,1,4,25,0,1,0,0,0,0,2,2,4,0,1,0,1,0,3.8,2.9,26.2,69.9,-43.7,69.9,26.2,43.7,-1,0,0,0,0,0,0,0,0,0,0,0,0,0,0,0,0,0,0,0,0,0,0,0,0,0,0,0,0,0,0,0,0
Manchester Magic Academy EABL,"A. Isiorho, H. Blake, J. Odongo, J. Walton, O. Babalola",Myerscough College EABL,"H. Sheehan, J. Bobkowski, O. Esingle, S. Laditan, S. Laditan",1,85,1.4,3.3,0,0,2,0,0,0,0,0,0,0,0,0,0,0,0,0,1,3,6,1,1,100,0,0,0,4,6,66.7,0,2,2,0,1,1,0,3,3.0,3.6,0,164.8,-164.8,164.8,0,164.8,-6,0,0,0,0,0,0,0,0,0,0,0,0,0,0,0,0,0,0,0,0,0,0,0,0,0,0,0,0,0,0,0,0
BMET City of Birmingham Rockets EABL,"G. Angoy, I. Gisbourne, J. Hyland, L. Duru, P. Basioudis",Derby College Trailblazers EABL,"C. Burr, E. Norman, J. Lemanski, L. Ngomti, M. Smith-Fjordland",1,65,1.1,3.2,0,0,3,0,0,2,0,0,0,0,1,0,1,0,0,0,2,0,6,3,3,100,0,0,0,0,0,0,0,1,1,2,2,0,0,1,3.4,3.0,0,200,-200,200,0,200,-6,0,0,0,0,0,0,0,0,0,0,0,0,0,0,0,0,0,0,0,0,0,0,0,0,0,0,0,0,0,0,0,0
Manchester Magic Academy EABL,"A. Sagay Isiorho, H. Blake, J. Odongo, J. Walton, O. Babalola",Charnwood College Riders EABL,"L. Stevenson, R. Buckingham, S. Morris, T. Curran, T. Pearson",1,86,1.4,3.2,3,1,2,50,1,1,100,0,0,0,0,1,1,1,0,1,1,0,5,2,5,40,1,2,50,0,0,0,1,1,2,1,0,0,0,0,3.0,3.4,100,147.3,-47.3,147.3,100,47.3,-2,0,0,0,0,0,0,0,0,0,0,0,0,0,0,0,0,0,0,0,0,0,0,0,0,0,0,0,0,0,0,0,0
City of London Academy - Southwark EABL,"A. Nwokolo, D. Banjoko, D. Patel, S. Shirwac, T. Gass",Itchen College EABL,"A. Ben-Uloko, B. Cope, E. Lotriet, E. Round, J. Osei-Owusu",1,67,1.1,3.2,1,0,0,0,0,0,0,1,1,100,0,1,1,0,0,0,3,1,4,2,3,66.7,0,0,0,0,0,0,0,0,0,1,2,0,0,0,3.4,3.0,29.1,133.3,-104.3,133.3,29.1,104.3,-3,0,0,0,0,0,0,0,0,0,0,0,0,0,0,0,0,0,0,0,0,0,0,0,0,0,0,0,0,0,0,0,0
City of London Academy - Southwark EABL,"A. Nwokolo, D. Banjoko, D. Banjoko, R. Testfay, T. Gass",Barking Abbey EABL,"A. Maitland, J. Mendes, K. Mabaya, M. Filho, R. Connolly",1,90,1.5,3.2,3,1,3,33.3,0,0,0,1,1,100,1,1,2,1,0,0,1,0,2,1,3,33.3,0,1,0,0,0,0,0,1,1,1,0,0,0,2,3.4,3.0,89,66.7,22.4,66.7,89,-22.4,1,0,0,0,0,0,0,0,0,0,0,0,0,0,0,0,0,0,0,0,0,0,0,0,0,0,0,0,0,0,0,0,0
Manchester Magic Academy EABL,"H. Blake, J. Walton, N. Brown, O. Babalola, T. Kamal Kazmi",Derby College Trailblazers EABL,"C. Burr, E. Rice, J. Lemanski, R. Hobday, W. Tallon",1,76,1.3,3.2,0,0,1,0,0,0,0,0,0,0,0,1,1,0,0,0,2,1,5,1,2,50,0,1,0,3,3,100,0,1,1,1,2,0,0,0,3.0,3.3,0,150.6,-150.6,150.6,0,150.6,-5,0,0,0,0,0,0,0,0,0,0,0,0,0,0,0,0,0,0,0,0,0,0,0,0,0,0,0,0,0,0,0,0
Manchester Magic Academy EABL,"J. Walton, L. Clayton, O. Babalola, S. Sidi-Boumedine, T. Kamal Kazmi",Derby College Trailblazers EABL,"C. Burr, E. Rice, M. Smith-Fjordland, R. Hobday, W. Tallon",1,54,0.9,3.2,0,0,2,0,0,0,0,0,0,0,0,1,1,0,0,0,1,1,6,3,3,100,0,0,0,0,1,0,0,2,2,3,1,2,0,0,3.0,3.4,0,174.4,-174.4,174.4,0,174.4,-6,0,0,0,0,0,0,0,0,0,0,0,0,0,0,0,0,0,0,0,0,0,0,0,0,0,0,0,0,0,0,0,0
Myerscough College EABL,"F. Morgan, H. Sheehan, O. Esingle, S. Latidan, Z. Trezvant",BMET City of Birmingham Rockets EABL,"A. Camara, D. Pittaway, G. Singh, J. Hyland, P. Walsh",1,70,1.2,3.2,3,1,2,50,0,1,0,1,1,100,0,1,1,1,1,0,1,0,0,0,1,0,0,0,0,0,0,0,0,1,1,0,1,0,2,1,3.4,3.0,87.2,0,87.2,0,87.2,-87.2,3,0,0,0,0,0,0,0,0,0,0,0,0,0,0,0,0,0,0,0,0,0,0,0,0,0,0,0,0,0,0,0,0
SGS College EABL,"A. Bennett, D. Lloyd, K. Richards, M. Alburo, M. Pospori",Derby College Trailblazers EABL,"E. Rice, G. Pastor, J. Lemanski, M. Smith-Fjordland, W. Tallon",1,63,1.1,3.2,5,2,3,66.7,0,0,0,1,1,100,0,2,2,0,0,0,0,0,2,1,4,25,0,1,0,0,0,0,1,1,2,1,0,0,0,2,3.4,2.9,145.3,68.3,77.1,68.3,145.3,-77.1,3,0,0,0,0,0,0,0,0,0,0,0,0,0,0,0,0,0,0,0,0,0,0,0,0,0,0,0,0,0,0,0,0
Derby College Trailblazers EABL,"C. Burr, E. Norman, E. Rice, G. Pastor, R. Hobday",Charnwood College Riders EABL,"P. Kattah, R. Buckingham, T. Curran, T. Pearson, Z. Gleadell-Smith",1,131,2.2,3.2,2,1,3,33.3,0,0,0,0,0,0,0,2,2,0,0,0,0,2,2,1,3,33.3,0,2,0,0,1,0,0,2,2,0,0,0,0,0,3.0,3.4,66.7,58.1,8.5,58.1,66.7,-8.5,0,0,0,0,0,0,0,0,0,0,0,0,0,0,0,0,0,0,0,0,0,0,0,0,0,0,0,0,0,0,0,0,0
Derby College Trailblazers EABL,"G. Pastor, J. Howlett, L. Ngomti, M. Smith-Fjordland, W. Tallon",Charnwood College Riders EABL,"A. Oyerinde, D. Hanousek, D. Stephens, L. Stevenson, Z. Gleadell-Smith",1,86,1.4,3.2,3,1,3,33.3,0,1,0,1,1,100,1,0,1,1,1,0,2,0,0,0,1,0,0,1,0,0,0,0,0,1,1,0,1,0,1,1,4.4,2.0,68.6,0,68.6,0,68.6,-68.6,3,0,0,0,0,0,0,0,0,0,0,0,0,0,0,0,0,0,0,0,0,0,0,0,0,0,0,0,0,0,0,0,0
BMET City of Birmingham Rockets EABL,"G. Angoy, G. Singh, J. Agbeze, J. Hyland, L. Duru",Charnwood College Riders EABL,"A. Oyerinde, R. Buckingham, T. Curran, T. Pearson, Z. Gleadell-Smith",1,85,1.4,3.2,2,1,4,25,0,1,0,0,0,0,1,2,3,1,0,1,1,0,2,1,4,25,0,1,0,0,0,0,1,1,2,1,1,1,0,1,3.4,2.9,58.9,68.3,-9.3,68.3,58.9,9.3,0,0,0,0,0,0,0,0,0,0,0,0,0,0,0,0,0,0,0,0,0,0,0,0,0,0,0,0,0,0,0,0,0
Itchen College EABL,"D. Cimochowski, G. Andrews, J. Osei-Owusu, R. Radu, T. Blower",HHS Reading Rockets EABL,"C. Okumus, J. Waterhouse, L. Bakary, L. Franicis, N. Dent",1,115,1.9,3.2,4,2,2,100,0,0,0,0,1,0,1,0,1,2,0,0,1,1,3,1,1,100,0,0,0,1,2,50,0,0,0,1,0,0,1,0,3.4,2.9,116.3,104.2,12.1,104.2,116.3,-12.1,1,0,0,0,0,0,0,0,0,0,0,0,0,0,0,0,0,0,0,0,0,0,0,0,0,0,0,0,0,0,0,0,0
Oaklands Wolves EABL,"D. Kostadinov, E. Da Cruz Fatuda, G. Mitchell, H. Morrell, L. Mcintosh",Barking Abbey EABL,"A. Maitland, K. Mabaya, M. Filho, M. Myamutenha, R. Connolly",1,83,1.4,3.2,2,1,3,33.3,0,0,0,0,0,0,1,2,3,0,0,0,1,1,3,1,3,33.3,0,1,0,1,1,100,0,1,1,1,1,0,0,0,2.9,3.4,68.3,87.2,-18.9,87.2,68.3,18.9,-1,0,0,0,0,0,0,0,0,0,0,0,0,0,0,0,0,0,0,0,0,0,0,0,0,0,0,0,0,0,0,0,0
Derby College Trailblazers EABL,"E. Norman, G. Pastor, J. Howlett, L. Ngomti, W. Tallon",BMET City of Birmingham Rockets EABL,"D. Pittaway, G. Angoy, J. Hyland, L. Duru, P. Walsh",1,95,1.6,3.2,4,2,3,66.7,0,1,0,0,0,0,0,0,0,2,0,0,0,1,5,1,1,100,0,0,0,3,3,100,0,1,1,1,0,0,1,0,3.0,3.3,133.3,150.6,-17.3,150.6,133.3,17.3,-1,0,0,0,0,0,0,0,0,0,0,0,0,0,0,0,0,0,0,0,0,0,0,0,0,0,0,0,0,0,0,0,0
Myerscough College EABL,"H. Sheehan, N. Byfield, O. Esingle, S. Latidan, Z. Trezvant",SGS College EABL,"I. Toure, K. Ramirez Mora, L. Matthews, M. Perez Tosca, S. Nelson",1,127,2.1,3.2,2,1,3,33.3,0,1,0,0,2,0,3,2,5,1,0,0,2,1,1,0,3,0,0,1,0,1,2,50,1,0,1,0,1,1,1,1,3.7,3.8,53.5,26.2,27.2,26.2,53.5,-27.2,1,0,0,0,0,0,0,0,0,0,0,0,0,0,0,0,0,0,0,0,0,0,0,0,0,0,0,0,0,0,0,0,0
Manchester Magic Academy EABL,"H. Blake, J. Odongo, J. Walton, O. Babalola, T. Richardson",Myerscough College EABL,"C. Sanchez Falette, N. Byfield, O. Esingle, S. Latidan, Z. Trezvant",1,117,1.9,3.2,5,2,3,66.7,1,1,100,0,0,0,0,1,1,1,0,0,0,2,5,2,3,66.7,0,0,0,1,1,100,0,1,1,1,0,0,0,2,3.0,3.4,166.7,145.3,21.3,145.3,166.7,-21.3,0,0,0,0,0,0,0,0,0,0,0,0,0,0,0,0,0,0,0,0,0,0,0,0,0,0,0,0,0,0,0,0,0
SGS College EABL,"K. Ramirez Mora, K. Richards, M. Alburo, M. Perez Tosca, R. Cabrera",BMET City of Birmingham Rockets EABL,"G. Angoy, J. Hyland, L. Duru, P. Basioudis, P. Walsh",1,95,1.6,3.2,4,2,4,50,0,1,0,0,0,0,2,2,4,1,0,0,1,0,2,1,5,20,0,3,0,0,0,0,1,0,1,1,0,0,0,0,2.9,3.6,139.9,56,83.9,56,139.9,-83.9,2,0,0,0,0,0,0,0,0,0,0,0,0,0,0,0,0,0,0,0,0,0,0,0,0,0,0,0,0,0,0,0,0
SGS College EABL,"D. Lloyd, I. Toure, L. Matthews, M. Alburo, M. Perez Tosca",Charnwood College Riders EABL,"A. Young, F. Saeed, P. Kattah, T. Curran, Z. Gleadell-Smith",1,88,1.5,3.2,5,2,3,66.7,0,1,0,1,1,100,0,1,1,2,1,0,0,0,2,1,3,33.3,0,1,0,0,0,0,1,1,2,0,0,0,1,1,3.4,2.9,145.3,68.3,77.1,68.3,145.3,-77.1,3,0,0,0,0,0,0,0,0,0,0,0,0,0,0,0,0,0,0,0,0,0,0,0,0,0,0,0,0,0,0,0,0
SGS College EABL,"D. Lloyd, K. Ramirez Mora, L. Matthews, M. Perez Tosca, S. Nelson",Charnwood College Riders EABL,"A. Oyerinde, A. Young, L. Stevenson, T. Curran, Z. Gleadell-Smith",1,71,1.2,3.2,3,1,3,33.3,1,2,50,0,0,0,1,4,5,1,0,1,1,0,0,0,3,0,0,0,0,0,1,0,0,1,1,0,1,0,0,1,2.9,3.4,102.4,0,102.4,0,102.4,-102.4,3,0,0,0,0,0,0,0,0,0,0,0,0,0,0,0,0,0,0,0,0,0,0,0,0,0,0,0,0,0,0,0,0
City of London Academy - Southwark EABL,"A. Nwokolo, B. Olowoshile, J. Hannick, L. Thompson, R. Cryer",HHS Reading Rockets EABL,"A. Moloney, J. Waterhouse, L. Bakary, M. Daines, M. Hassan-Taylor",1,107,1.8,3.2,3,1,3,33.3,0,1,0,1,1,100,0,1,1,1,0,0,0,0,6,2,3,66.7,2,2,100,0,0,0,0,2,2,1,0,0,0,1,3.4,3.0,87.2,200,-112.8,200,87.2,112.8,-3,0,0,0,0,0,0,0,0,0,0,0,0,0,0,0,0,0,0,0,0,0,0,0,0,0,0,0,0,0,0,0,0
HHS Reading Rockets EABL,"C. Okumus, J. Mackinnon, L. Bakary, M. Daines, M. Hassan-Taylor",Barking Abbey EABL,"J. Mendes, K. Mabaya, M. Filho, O. Visockas, S. Dobson Smith",1,77,1.3,3.2,1,0,0,0,0,0,0,1,1,100,0,0,0,0,0,0,3,0,7,3,3,100,1,1,100,0,0,0,0,0,0,1,2,0,0,0,3.4,3.0,29.1,233.3,-204.3,233.3,29.1,204.3,-6,0,0,0,0,0,0,0,0,0,0,0,0,0,0,0,0,0,0,0,0,0,0,0,0,0,0,0,0,0,0,0,0
HHS Reading Rockets EABL,"C. Okumus, E. Harrington, L. Bakary, L. Francis, M. Daines",Barking Abbey EABL,"A. Nwabueze, F. Oguntuase, K. N'gabala, R. Connolly, S. Dobson Smith",1,82,1.4,3.2,3,1,2,50,0,0,0,1,1,100,0,1,1,1,0,0,0,0,0,0,2,0,0,1,0,0,0,0,0,1,1,0,0,0,2,1,2.4,4.0,123,0,123,0,123,-123,3,0,0,0,0,0,0,0,0,0,0,0,0,0,0,0,0,0,0,0,0,0,0,0,0,0,0,0,0,0,0,0,0
Copleston High School EABL,"C. Fobister, I. Little, M. Liddamore, N. Wilkinson, T. Rafiu",City of London Academy - Southwark EABL,"D. Banjoko, D. Banjoko, L. Thompson, R. Testfay, S. Shirwac",1,63,1.1,3.2,3,1,1,100,0,0,0,1,1,100,0,2,2,0,1,1,2,0,0,0,2,0,0,0,0,0,0,0,0,0,0,0,1,0,1,0,3.4,3.0,87.2,0,87.2,0,87.2,-87.2,3,0,0,0,0,0,0,0,0,0,0,0,0,0,0,0,0,0,0,0,0,0,0,0,0,0,0,0,0,0,0,0,0
SGS College EABL,"D. Lloyd, K. Ramirez Mora, K. Richards, M. Alburo, M. Perez Tosca",Manchester Magic Academy EABL,"A. Sagay Isiorho, H. Blake, J. Odongo, J. Walton, O. Babalola",1,89,1.5,3.2,0,0,2,0,0,1,0,0,0,0,0,1,1,0,0,0,1,0,5,2,4,50,0,1,0,1,1,100,1,2,3,0,1,0,0,0,3.0,3.4,0,148.4,-148.4,148.4,0,148.4,-5,0,0,0,0,0,0,0,0,0,0,0,0,0,0,0,0,0,0,0,0,0,0,0,0,0,0,0,0,0,0,0,0
Barking Abbey EABL,"A. Nwabueze, K. Mabaya, M. Filho, O. Visockas, S. Dobson Smith",Oaklands Wolves EABL,"B. Thompson, D. Gladstone, D. Kostadinov, E. Da Cruz Fatuda, T. Mcintosh",1,128,2.1,3.2,0,0,4,0,0,1,0,0,0,0,1,1,2,0,1,0,1,1,3,1,4,25,1,1,100,0,0,0,2,2,4,1,1,0,1,0,3.6,2.9,0,104.9,-104.9,104.9,0,104.9,-3,0,0,0,0,0,0,0,0,0,0,0,0,0,0,0,0,0,0,0,0,0,0,0,0,0,0,0,0,0,0,0,0
SGS College EABL,"A. Odowa, D. Lloyd, K. Richards, M. Pospori, S. Nelson",Myerscough College EABL,"A. Aiyedun, A. Scott, J. Bobkowski, O. Esingle, S. Latidan",1,28,0.5,3.1,4,1,3,33.3,0,2,0,2,2,100,1,1,2,0,1,0,0,0,3,1,3,33.3,0,0,0,1,2,50,2,1,3,0,0,0,1,1,2.8,3.5,142.3,86.9,55.5,86.9,142.3,-55.5,1,0,0,0,0,0,0,0,0,0,0,0,0,0,0,0,0,0,0,0,0,0,0,0,0,0,0,0,0,0,0,0,0
SGS College EABL,"D. Lloyd, I. Toure, K. Ramirez Mora, M. Perez Tosca, S. Nelson",Myerscough College EABL,"A. Scott, F. Morgan, L. Farrell, S. Latidan, S. Latidan",1,115,1.9,3.1,2,0,1,0,0,0,0,2,2,100,0,1,1,0,0,0,1,1,5,2,3,66.7,0,0,0,1,2,50,1,1,2,1,1,0,0,0,2.9,3.3,69.4,149.5,-80,149.5,69.4,80,-3,0,0,0,0,0,0,0,0,0,0,0,0,0,0,0,0,0,0,0,0,0,0,0,0,0,0,0,0,0,0,0,0
Copleston High School EABL,"I. Carty-Peters, I. Little, M. Liddamore, N. Wilkinson, T. Rafiu",HHS Reading Rockets EABL,"C. Okumus, J. Waterhouse, M. Daines, M. Hassan-Taylor, N. Dent",1,68,1.1,3.1,3,1,3,33.3,1,2,50,0,0,0,1,1,2,1,0,0,1,1,3,1,4,25,0,0,0,1,1,100,2,1,3,0,1,0,1,0,2.9,3.3,102.4,90.9,11.5,90.9,102.4,-11.5,0,0,0,0,0,0,0,0,0,0,0,0,0,0,0,0,0,0,0,0,0,0,0,0,0,0,0,0,0,0,0,0,0
Charnwood College Riders EABL,"D. Hanousek, L. Stevenson, R. Buckingham, S. Morris, T. Curran",Myerscough College EABL,"D. Okhuoya, H. Sheehan, O. Esingle, S. Laditan, Z. Trezvant",1,97,1.6,3.1,2,1,3,33.3,0,0,0,0,0,0,1,2,3,0,0,0,1,2,2,0,2,0,0,1,0,2,3,66.7,0,1,1,0,0,0,0,0,2.9,3.3,68.3,60.2,8,60.2,68.3,-8,0,0,0,0,0,0,0,0,0,0,0,0,0,0,0,0,0,0,0,0,0,0,0,0,0,0,0,0,0,0,0,0,0
BMET City of Birmingham Rockets EABL,"G. Angoy, J. Agbeze, J. Hyland, L. Duru, P. Basioudis",Charnwood College Riders EABL,"A. Oyerinde, F. Saeed, L. Boothe, P. Kattah, T. Curran",1,81,1.4,3.1,6,1,1,100,0,0,0,4,5,80,1,0,1,1,1,0,0,0,0,0,0,0,0,0,0,0,0,0,0,0,0,0,0,0,3,5,3.2,3.0,187.5,0,187.5,0,187.5,-187.5,6,0,0,0,0,0,0,0,0,0,0,0,0,0,0,0,0,0,0,0,0,0,0,0,0,0,0,0,0,0,0,0,0
Derby College Trailblazers EABL,"J. Howlett, J. Lemanski, L. Ngomti, R. Hobday, W. Tallon",Myerscough College EABL,"A. Ibirinde, D. Okhuoya, J. Bobkowski, L. Farrell, N. Byfield",1,75,1.2,3.1,5,1,1,100,0,0,0,3,5,60,0,2,2,1,0,0,0,0,2,1,3,33.3,0,2,0,0,0,0,0,1,1,0,0,0,0,3,3.2,3.0,156.2,66.7,89.6,66.7,156.2,-89.6,3,0,0,0,0,0,0,0,0,0,0,0,0,0,0,0,0,0,0,0,0,0,0,0,0,0,0,0,0,0,0,0,0
Copleston High School EABL,"I. Carty-Peters, I. Little, M. Liddamore, N. Wilkinson, T. Rafiu",Itchen College EABL,"E. Round, J. Osei-Owusu, M. Edwards, R. Radu, T. Blower",1,101,1.7,3.1,3,1,4,25,0,0,0,1,4,25,3,0,3,0,1,0,1,1,2,1,3,33.3,0,0,0,0,0,0,2,1,3,0,0,1,1,1,4.4,1.9,68.9,107.5,-38.6,107.5,68.9,38.6,1,0,0,0,0,0,0,0,0,0,0,0,0,0,0,0,0,0,0,0,0,0,0,0,0,0,0,0,0,0,0,0,0
SGS College EABL,"K. Richards, L. Matthews, M. Perez Tosca, S. Nelson, Z. Lawson",BMET City of Birmingham Rockets EABL,"J. Hyland, L. Duru, P. Basioudis, P. Walsh, S. Chikukwa",1,63,1.1,3.1,0,0,1,0,0,0,0,0,2,0,0,1,1,0,0,0,1,1,4,1,2,50,0,1,0,2,3,66.7,0,2,2,0,0,0,0,1,2.9,3.3,0,120.5,-120.5,120.5,0,120.5,-4,0,0,0,0,0,0,0,0,0,0,0,0,0,0,0,0,0,0,0,0,0,0,0,0,0,0,0,0,0,0,0,0
SGS College EABL,"A. Odowa, D. Lloyd, K. Ramirez Mora, K. Richards, S. Nelson",Charnwood College Riders EABL,"A. Young, J. Hardy, L. Stevenson, S. Morris, T. Pearson",1,78,1.3,3.1,1,0,2,0,0,0,0,1,2,50,1,3,4,0,0,0,1,0,0,0,3,0,0,2,0,0,0,0,0,2,2,0,0,0,0,0,3.2,3.0,31.6,0,31.6,0,31.6,-31.6,1,0,0,0,0,0,0,0,0,0,0,0,0,0,0,0,0,0,0,0,0,0,0,0,0,0,0,0,0,0,0,0,0
Manchester Magic Academy EABL,"A. Sagay Isiorho, H. Blake, J. Odongo, L. Clayton, O. Babalola",BMET City of Birmingham Rockets EABL,"A. Camara, J. Agbeze, J. Hyland, L. Duru, P. Basioudis",1,80,1.3,3.1,1,0,3,0,0,2,0,1,2,50,2,1,3,1,1,0,1,0,0,0,1,0,0,0,0,0,0,0,0,2,2,0,1,1,2,0,3.3,3.0,30.5,0,30.5,0,30.5,-30.5,1,0,0,0,0,0,0,0,0,0,0,0,0,0,0,0,0,0,0,0,0,0,0,0,0,0,0,0,0,0,0,0,0
Copleston High School EABL,"A. Hickey, C. Fobister, I. Little, M. Liddamore, N. Wilkinson",City of London Academy - Southwark EABL,"A. Nwokolo, N. Senessie, R. Cryer, R. Testfay, S. Shirwac",1,98,1.6,3.1,2,1,4,25,0,3,0,0,0,0,2,2,4,0,0,0,1,1,3,1,4,25,0,0,0,1,1,100,1,1,2,0,0,0,0,0,2.9,3.4,69.9,89,-19.1,89,69.9,19.1,-1,0,0,0,0,0,0,0,0,0,0,0,0,0,0,0,0,0,0,0,0,0,0,0,0,0,0,0,0,0,0,0,0
HHS Reading Rockets EABL,"C. Okumus, E. Harrington, J. Waterhouse, M. Daines, M. Hassan-Taylor",Itchen College EABL,"B. Cope, D. Cimochowski, E. Lotriet, E. Round, J. Ofman",1,72,1.2,3.1,3,1,3,33.3,0,2,0,1,1,100,0,0,0,1,0,0,0,1,4,2,4,50,0,1,0,0,0,0,2,2,4,1,0,0,1,1,3.4,2.9,87.2,139.9,-52.7,139.9,87.2,52.7,-1,0,0,0,0,0,0,0,0,0,0,0,0,0,0,0,0,0,0,0,0,0,0,0,0,0,0,0,0,0,0,0,0
SGS College EABL,"A. Odowa, J. Grajcar, K. Ramirez Mora, M. Alburo, Z. Lawson",Copleston High School EABL,"I. Little, L. Read, M. Liddamore, N. Wilkinson, T. Rafiu",1,89,1.5,3.1,0,0,3,0,0,2,0,0,0,0,1,1,2,0,0,0,1,2,5,2,3,66.7,0,0,0,1,2,50,1,2,3,0,1,0,0,0,2.9,3.3,0,149.5,-149.5,149.5,0,149.5,-5,0,0,0,0,0,0,0,0,0,0,0,0,0,0,0,0,0,0,0,0,0,0,0,0,0,0,0,0,0,0,0,0
HHS Reading Rockets EABL,"A. Moloney, J. Mackinnon, L. Bakary, M. Daines, M. Hassan-Taylor",BMET City of Birmingham Rockets EABL,"B. Rose, J. Agbeze, L. Duru, P. Basioudis, S. Chikukwa",1,106,1.8,3.1,2,1,3,33.3,0,1,0,0,1,0,2,1,3,1,0,0,1,1,4,1,2,50,0,0,0,2,4,50,1,1,2,1,1,0,0,2,3.0,3.2,66.4,124,-57.7,124,66.4,57.7,-2,0,0,0,0,0,0,0,0,0,0,0,0,0,0,0,0,0,0,0,0,0,0,0,0,0,0,0,0,0,0,0,0
BMET City of Birmingham Rockets EABL,"G. Angoy, I. Gisbourne, J. Hyland, L. Duru, P. Basioudis",Derby College Trailblazers EABL,"C. Burr, E. Norman, E. Rice, G. Pastor, J. Howlett",1,66,1.1,3.0,2,1,3,33.3,0,0,0,0,0,0,0,0,0,0,1,1,0,0,2,1,2,50,0,0,0,0,0,0,0,2,2,0,0,0,1,0,3.0,3.0,66.7,66.7,0,66.7,66.7,0,0,0,0,0,0,0,0,0,0,0,0,0,0,0,0,0,0,0,0,0,0,0,0,0,0,0,0,0,0,0,0,0,0
BMET City of Birmingham Rockets EABL,"B. Rose, G. Angoy, J. Hyland, J. Ogbeide, L. Duru",Derby College Trailblazers EABL,"E. Norman, K. Zidonis, M. Smith-Fjordland, O. Krysa, W. Tallon",1,62,1.0,3.0,0,0,3,0,0,1,0,0,0,0,0,0,0,0,1,0,0,0,5,2,2,100,1,1,100,0,0,0,0,3,3,2,0,0,1,0,3.0,3.0,0,166.7,-166.7,166.7,0,166.7,-5,0,0,0,0,0,0,0,0,0,0,0,0,0,0,0,0,0,0,0,0,0,0,0,0,0,0,0,0,0,0,0,0
Manchester Magic Academy EABL,"H. Blake, J. Walton, L. Clayton, O. Babalola, T. Weekes",Charnwood College Riders EABL,"A. Oyerinde, D. Hanousek, F. Saeed, L. Boothe, P. Kattah",1,63,1.1,3.0,7,3,3,100,1,1,100,0,0,0,0,1,1,3,1,0,0,0,0,0,1,0,0,0,0,0,0,0,0,0,0,0,0,0,2,1,3.0,3.0,233.3,0,233.3,0,233.3,-233.3,7,0,0,0,0,0,0,0,0,0,0,0,0,0,0,0,0,0,0,0,0,0,0,0,0,0,0,0,0,0,0,0,0
Manchester Magic Academy EABL,"J. Odongo, J. Walton, N. Brown, O. Babalola, S. Sidi-Boumedine",Charnwood College Riders EABL,"D. Hanousek, F. Saeed, S. Morris, T. Curran, T. Pearson",1,113,1.9,3.0,3,1,2,50,1,2,50,0,0,0,0,1,1,1,0,0,1,0,2,1,3,33.3,0,2,0,0,0,0,1,1,2,0,0,0,1,0,3.0,2.9,100,68.3,31.7,68.3,100,-31.7,1,0,0,0,0,0,0,0,0,0,0,0,0,0,0,0,0,0,0,0,0,0,0,0,0,0,0,0,0,0,0,0,0
SGS College EABL,"D. Lloyd, K. Richards, M. Perez Tosca, M. Pospori, S. Nelson",Myerscough College EABL,"A. Ibirinde, C. Sanchez Falette, H. Sheehan, O. Esingle, S. Latidan",1,101,1.7,3.0,2,1,1,100,0,0,0,0,0,0,0,0,0,0,1,0,2,0,2,1,2,50,0,1,0,0,0,0,0,0,0,0,1,0,1,0,3.0,3.0,66.7,66.7,0,66.7,66.7,0,0,0,0,0,0,0,0,0,0,0,0,0,0,0,0,0,0,0,0,0,0,0,0,0,0,0,0,0,0,0,0,0,0
SGS College EABL,"D. Lloyd, I. Toure, M. Alburo, M. Perez Tosca, M. Pospori",Myerscough College EABL,"C. Sanchez Falette, F. Morgan, H. Sheehan, O. Esingle, S. Latidan",1,51,0.8,3.0,0,0,1,0,0,1,0,0,0,0,0,1,1,0,0,0,2,0,4,2,3,66.7,0,1,0,0,0,0,0,1,1,2,2,0,0,1,3.0,3.0,0,133.3,-133.3,133.3,0,133.3,-4,0,0,0,0,0,0,0,0,0,0,0,0,0,0,0,0,0,0,0,0,0,0,0,0,0,0,0,0,0,0,0,0
BMET City of Birmingham Rockets EABL,"A. Camara, J. Agbeze, J. Hyland, L. Duru, P. Basioudis",SGS College EABL,"A. Odowa, M. Alburo, M. Perez Tosca, M. Pospori, W. Wewe",1,44,0.7,3.0,2,1,1,100,0,0,0,0,0,0,0,0,0,0,0,0,2,0,4,2,3,66.7,0,1,0,0,0,0,0,0,0,0,1,0,0,0,3.0,3.0,66.7,133.3,-66.7,133.3,66.7,66.7,-2,0,0,0,0,0,0,0,0,0,0,0,0,0,0,0,0,0,0,0,0,0,0,0,0,0,0,0,0,0,0,0,0
Myerscough College EABL,"C. Sanchez Falette, H. Sheehan, J. Bobkowski, S. Latidan, Z. Trezvant",Manchester Magic Academy EABL,"D. Allotey, H. Blake, J. Walton, O. Babalola, S. Sidi-Boumedine",1,74,1.2,3.0,0,0,1,0,0,1,0,0,0,0,0,0,0,0,0,0,2,0,7,3,3,100,1,1,100,0,0,0,0,1,1,1,2,0,0,0,3.0,3.0,0,233.3,-233.3,233.3,0,233.3,-7,0,0,0,0,0,0,0,0,0,0,0,0,0,0,0,0,0,0,0,0,0,0,0,0,0,0,0,0,0,0,0,0
Myerscough College EABL,"D. Okhuoya, H. Sheehan, J. Bobkowski, O. Esingle, S. Latidan",Manchester Magic Academy EABL,"A. Sagay Isiorho, H. Blake, J. Odongo, J. Walton, O. Babalola",1,62,1.0,3.0,2,1,3,33.3,0,1,0,0,0,0,1,1,2,1,0,1,1,1,2,1,2,50,0,0,0,0,0,0,0,1,1,1,0,1,1,0,2.9,3.0,68.3,66.7,1.6,66.7,68.3,-1.6,0,0,0,0,0,0,0,0,0,0,0,0,0,0,0,0,0,0,0,0,0,0,0,0,0,0,0,0,0,0,0,0,0
Copleston High School EABL,"E. Tamakloe, I. Little, M. Liddamore, N. Wilkinson, T. Rafiu",Barking Abbey EABL,"F. Cole, K. Mabaya, M. Myamutenha, R. Connolly, S. Dobson Smith",1,62,1.0,3.0,0,0,1,0,0,1,0,0,0,0,0,1,1,0,0,0,2,0,2,1,2,50,0,0,0,0,0,0,0,1,1,1,1,0,1,2,3.0,3.0,0,66.7,-66.7,66.7,0,66.7,-2,0,0,0,0,0,0,0,0,0,0,0,0,0,0,0,0,0,0,0,0,0,0,0,0,0,0,0,0,0,0,0,0
HHS Reading Rockets EABL,"E. Harrington, J. Waterhouse, L. Bakary, M. Daines, M. Hassan-Taylor",City of London Academy - Southwark EABL,"A. Morentin, B. Olowoshile, D. Banjoko, D. Patel, R. Testfay",1,88,1.5,3.0,0,0,1,0,0,0,0,0,0,0,0,0,0,0,0,0,1,0,0,0,0,0,0,0,0,0,0,0,0,1,1,0,1,0,4,1,2.0,4.0,0,0,0,0,0,0,0,0,0,0,0,0,0,0,0,0,0,0,0,0,0,0,0,0,0,0,0,0,0,0,0,0,0,0,0,0,0,0,0
Oaklands Wolves EABL,"D. Gladstone, D. Kostadinov, G. Mitchell, H. Morrell, T. Mcintosh",Itchen College EABL,"B. Cope, E. Round, J. Osei-Owusu, M. Yeates, T. Blower",1,52,0.9,3.0,2,1,1,100,0,0,0,0,0,0,0,1,1,0,0,0,2,0,0,0,1,0,0,1,0,0,0,0,0,0,0,0,1,0,2,2,3.0,3.0,66.7,0,66.7,0,66.7,-66.7,2,0,0,0,0,0,0,0,0,0,0,0,0,0,0,0,0,0,0,0,0,0,0,0,0,0,0,0,0,0,0,0,0
Copleston High School EABL,"C. Fobister, I. Carty-Peters, M. Liddamore, N. Wilkinson, T. Rafiu",HHS Reading Rockets EABL,"E. Harrington, L. Bakary, M. Daines, M. Hassan-Taylor, N. Dent",1,45,0.8,3.0,2,1,3,33.3,0,0,0,0,0,0,0,1,1,1,0,0,0,0,2,1,2,50,0,0,0,0,0,0,0,2,2,0,0,0,1,0,3.0,3.0,66.7,66.7,0,66.7,66.7,0,0,0,0,0,0,0,0,0,0,0,0,0,0,0,0,0,0,0,0,0,0,0,0,0,0,0,0,0,0,0,0,0,0
Charnwood College Riders EABL,"A. Oyerinde, P. Kattah, R. Buckingham, S. Morris, T. Curran",Myerscough College EABL,"H. Sheehan, J. Sanchez, O. Esingle, S. Laditan, Z. Trezvant",1,83,1.4,3.0,2,1,2,50,0,1,0,0,0,0,0,0,0,0,0,0,1,1,3,1,2,50,1,2,50,0,0,0,0,1,1,0,0,0,1,0,3.0,3.0,66.7,100,-33.3,100,66.7,33.3,-1,0,0,0,0,0,0,0,0,0,0,0,0,0,0,0,0,0,0,0,0,0,0,0,0,0,0,0,0,0,0,0,0
SGS College EABL,"I. Toure, K. Ramirez Mora, L. Matthews, M. Perez Tosca, S. Nelson",Derby College Trailblazers EABL,"C. Burr, E. Norman, G. Pastor, J. Howlett, W. Tallon",1,62,1.0,3.0,2,1,3,33.3,0,1,0,0,0,0,0,1,1,0,1,1,0,0,0,0,2,0,0,0,0,0,0,0,0,2,2,0,0,0,1,0,3.0,3.0,66.7,0,66.7,0,66.7,-66.7,2,0,0,0,0,0,0,0,0,0,0,0,0,0,0,0,0,0,0,0,0,0,0,0,0,0,0,0,0,0,0,0,0
SGS College EABL,"A. Bennett, D. Lloyd, K. Richards, L. Matthews, M. Perez Tosca",Derby College Trailblazers EABL,"C. Burr, G. Pastor, J. Howlett, M. Smith-Fjordland, W. Tallon",1,91,1.5,3.0,2,1,2,50,0,0,0,0,0,0,0,1,1,0,1,0,1,0,0,0,1,0,0,0,0,0,0,0,0,1,1,0,0,1,2,1,3.0,3.0,66.7,0,66.7,0,66.7,-66.7,2,0,0,0,0,0,0,0,0,0,0,0,0,0,0,0,0,0,0,0,0,0,0,0,0,0,0,0,0,0,0,0,0
City of London Academy - Southwark EABL,"B. Manfo-Marc, D. Banjoko, D. Patel, S. Shirwac, T. Gass",Oaklands Wolves EABL,"G. Augenti, G. Mitchell, K. Gasperas, L. Mcintosh, Z. Gribble",1,127,2.1,3.0,4,2,3,66.7,0,0,0,0,0,0,0,2,2,2,0,0,0,0,2,1,3,33.3,0,1,0,0,0,0,0,1,1,0,0,1,0,1,3.0,3.0,133.3,66.7,66.7,66.7,133.3,-66.7,2,0,0,0,0,0,0,0,0,0,0,0,0,0,0,0,0,0,0,0,0,0,0,0,0,0,0,0,0,0,0,0,0
Derby College Trailblazers EABL,"C. Burr, E. Rice, J. Howlett, R. Hobday, W. Tallon",Charnwood College Riders EABL,"D. Hanousek, L. Stevenson, S. Morris, T. Curran, T. Pearson",1,92,1.5,3.0,2,1,3,33.3,0,0,0,0,0,0,0,1,1,1,0,0,0,0,4,2,3,66.7,0,0,0,0,0,0,0,2,2,0,0,0,0,1,3.0,3.0,66.7,133.3,-66.7,133.3,66.7,66.7,-2,0,0,0,0,0,0,0,0,0,0,0,0,0,0,0,0,0,0,0,0,0,0,0,0,0,0,0,0,0,0,0,0
BMET City of Birmingham Rockets EABL,"G. Angoy, J. Agbeze, J. Hyland, L. Duru, P. Basioudis",Charnwood College Riders EABL,"A. Oyerinde, F. Saeed, L. Stevenson, R. Buckingham, T. Curran",1,63,1.1,3.0,4,2,3,66.7,0,1,0,0,0,0,0,1,1,1,0,0,0,0,2,1,2,50,0,1,0,0,0,0,0,1,1,1,0,0,1,0,3.0,3.0,133.3,66.7,66.7,66.7,133.3,-66.7,2,0,0,0,0,0,0,0,0,0,0,0,0,0,0,0,0,0,0,0,0,0,0,0,0,0,0,0,0,0,0,0,0
Itchen College EABL,"B. Cope, D. Cimochowski, E. Round, J. Ofman, T. Blower",HHS Reading Rockets EABL,"C. Okumus, E. Harrington, J. Waterhouse, L. Franicis, M. Hassan-Taylor",1,95,1.6,3.0,5,2,3,66.7,1,1,100,0,0,0,0,1,1,2,1,1,0,0,2,1,2,50,0,0,0,0,0,0,0,1,1,0,0,0,1,1,3.0,3.0,166.7,66.7,100,66.7,166.7,-100,3,0,0,0,0,0,0,0,0,0,0,0,0,0,0,0,0,0,0,0,0,0,0,0,0,0,0,0,0,0,0,0,0
Derby College Trailblazers EABL,"C. Burr, G. Pastor, J. Howlett, L. Ngomti, W. Tallon",Myerscough College EABL,"A. Ibirinde, C. Sanchez Falette, H. Sheehan, J. Bobkowski, S. Latidan",1,66,1.1,3.0,0,0,3,0,0,1,0,0,0,0,0,0,0,0,2,0,0,0,2,1,1,100,0,0,0,0,0,0,0,3,3,0,0,0,2,1,3.0,3.0,0,66.7,-66.7,66.7,0,66.7,-2,0,0,0,0,0,0,0,0,0,0,0,0,0,0,0,0,0,0,0,0,0,0,0,0,0,0,0,0,0,0,0,0
Itchen College EABL,"B. Cope, D. Cimochowski, E. Round, M. Edwards, R. Radu",City of London Academy - Southwark EABL,"A. Nwokolo, D. Banjoko, D. Patel, R. Cryer, T. Gass",1,98,1.6,3.0,2,1,3,33.3,0,1,0,0,0,0,0,1,1,0,1,0,0,0,3,1,2,50,1,2,50,0,0,0,0,2,2,1,0,0,1,0,3.0,3.0,66.7,100,-33.3,100,66.7,33.3,-1,0,0,0,0,0,0,0,0,0,0,0,0,0,0,0,0,0,0,0,0,0,0,0,0,0,0,0,0,0,0,0,0
Charnwood College Riders EABL,"A. Oyerinde, L. Boothe, P. Kattah, S. Morris, T. Curran",Manchester Magic Academy EABL,"H. Blake, N. Brown, O. Babalola, T. Kamal Kazmi, T. Richardson",1,72,1.2,3.0,2,1,2,50,0,0,0,0,0,0,0,0,0,1,0,0,1,0,2,1,1,100,0,0,0,0,0,0,0,1,1,1,1,0,2,0,3.0,3.0,66.7,66.7,0,66.7,66.7,0,0,0,0,0,0,0,0,0,0,0,0,0,0,0,0,0,0,0,0,0,0,0,0,0,0,0,0,0,0,0,0,0,0
Derby College Trailblazers EABL,"E. Norman, G. Pastor, J. Lemanski, K. Otaye, L. Ngomti",BMET City of Birmingham Rockets EABL,"B. Rose, G. Angoy, G. Singh, J. Agbeze, L. Duru",1,91,1.5,3.0,6,2,2,100,2,2,100,0,0,0,0,1,1,2,0,0,1,0,4,2,4,50,0,2,0,0,0,0,1,0,1,1,0,0,0,0,3.0,2.9,200,136.5,63.5,136.5,200,-63.5,2,0,0,0,0,0,0,0,0,0,0,0,0,0,0,0,0,0,0,0,0,0,0,0,0,0,0,0,0,0,0,0,0
Myerscough College EABL,"C. Sanchez Falette, D. Okhuoya, F. Morgan, J. Bobkowski, S. Latidan",SGS College EABL,"A. Bennett, D. Lloyd, I. Toure, M. Pospori, S. Nelson",1,83,1.4,3.0,4,2,4,50,0,0,0,0,0,0,1,1,2,1,2,0,0,0,0,0,1,0,0,0,0,0,0,0,0,1,1,0,0,0,2,0,2.9,3.0,136.5,0,136.5,0,136.5,-136.5,4,0,0,0,0,0,0,0,0,0,0,0,0,0,0,0,0,0,0,0,0,0,0,0,0,0,0,0,0,0,0,0,0
Myerscough College EABL,"C. Sanchez Falette, H. Sheehan, J. Bobkowski, S. Latidan, Z. Trezvant",SGS College EABL,"D. Lloyd, K. Ramirez Mora, K. Richards, M. Alburo, M. Perez Tosca",1,101,1.7,3.0,5,2,2,100,1,1,100,0,0,0,0,0,0,2,2,0,1,0,0,0,1,0,0,0,0,0,0,0,0,0,0,0,1,0,2,0,3.0,3.0,166.7,0,166.7,0,166.7,-166.7,5,0,0,0,0,0,0,0,0,0,0,0,0,0,0,0,0,0,0,0,0,0,0,0,0,0,0,0,0,0,0,0,0
Oaklands Wolves EABL,"D. Gladstone, D. Kostadinov, E. Da Cruz Fatuda, G. Augenti, L. Mcintosh",Copleston High School EABL,"E. Tamakloe, I. Little, M. Liddamore, O. Drane, T. Rafiu",1,72,1.2,3.0,0,0,2,0,0,1,0,0,0,0,0,0,0,0,1,0,1,0,0,0,2,0,0,2,0,0,0,0,0,2,2,0,1,0,1,2,3.0,3.0,0,0,0,0,0,0,0,0,0,0,0,0,0,0,0,0,0,0,0,0,0,0,0,0,0,0,0,0,0,0,0,0,0,0,0,0,0,0,0
Copleston High School EABL,"C. Fobister, I. Little, M. Liddamore, N. Wilkinson, T. Rafiu",Itchen College EABL,"B. Cope, E. Lotriet, E. Round, J. Osei-Owusu, M. Yeates",1,111,1.9,3.0,3,1,3,33.3,1,2,50,0,0,0,0,0,0,1,0,0,0,0,8,3,3,100,2,2,100,0,0,0,0,2,2,2,0,1,0,0,3.0,3.0,100,266.7,-166.7,266.7,100,166.7,-5,0,0,0,0,0,0,0,0,0,0,0,0,0,0,0,0,0,0,0,0,0,0,0,0,0,0,0,0,0,0,0,0
Charnwood College Riders EABL,"A. Oyerinde, L. Stevenson, P. Kattah, R. Buckingham, T. Pearson",Derby College Trailblazers EABL,"C. Burr, E. Norman, G. Pastor, J. Howlett, L. Ngomti",1,74,1.2,3.0,0,0,3,0,0,1,0,0,0,0,1,1,2,0,1,0,1,1,2,1,2,50,0,1,0,0,0,0,0,2,2,0,1,0,1,0,2.9,3.0,0,66.7,-66.7,66.7,0,66.7,-2,0,0,0,0,0,0,0,0,0,0,0,0,0,0,0,0,0,0,0,0,0,0,0,0,0,0,0,0,0,0,0,0
SGS College EABL,"K. Ramirez Mora, K. Richards, M. Alburo, M. Perez Tosca, S. Nelson",BMET City of Birmingham Rockets EABL,"J. Hyland, L. Duru, P. Basioudis, P. Walsh, S. Chikukwa",1,110,1.8,3.0,2,1,4,25,0,2,0,0,0,0,1,1,2,0,0,0,0,0,2,1,2,50,0,1,0,0,0,0,0,2,2,1,0,0,1,0,2.9,3.0,68.3,66.7,1.6,66.7,68.3,-1.6,0,0,0,0,0,0,0,0,0,0,0,0,0,0,0,0,0,0,0,0,0,0,0,0,0,0,0,0,0,0,0,0,0
BMET City of Birmingham Rockets EABL,"G. Angoy, J. Agbeze, J. Hyland, L. Duru, P. Walsh",Myerscough College EABL,"A. Cisse, D. Okhuoya, H. Sheehan, J. Bobkowski, S. Latidan",1,86,1.4,3.0,2,1,2,50,0,0,0,0,0,0,1,1,2,0,0,0,2,0,4,2,3,66.7,0,0,0,0,0,0,0,0,0,1,2,0,0,0,2.9,3.0,68.3,133.3,-65.1,133.3,68.3,65.1,-2,0,0,0,0,0,0,0,0,0,0,0,0,0,0,0,0,0,0,0,0,0,0,0,0,0,0,0,0,0,0,0,0
Itchen College EABL,"B. Cope, D. Cimochowski, E. Round, M. Edwards, T. Blower",Oaklands Wolves EABL,"D. Kostadinov, E. Da Cruz Fatuda, G. Mitchell, H. Morrell, L. Mcintosh",1,96,1.6,3.0,4,1,2,50,0,0,0,2,2,100,0,2,2,2,1,0,0,1,0,0,2,0,0,1,0,0,2,0,1,1,2,0,0,0,1,1,2.9,3.2,138.9,0,138.9,0,138.9,-138.9,4,0,0,0,0,0,0,0,0,0,0,0,0,0,0,0,0,0,0,0,0,0,0,0,0,0,0,0,0,0,0,0,0
Derby College Trailblazers EABL,"C. Burr, E. Norman, G. Pastor, J. Lemanski, L. Ngomti",Manchester Magic Academy EABL,"A. Sagay Isiorho, H. Blake, J. Walton, O. Babalola, S. Sidi-Boumedine",1,100,1.7,3.0,5,2,3,66.7,1,1,100,0,0,0,0,2,2,1,0,0,0,0,2,1,3,33.3,0,0,0,0,0,0,0,1,1,1,0,0,0,0,3.0,3.0,166.7,66.7,100,66.7,166.7,-100,3,0,0,0,0,0,0,0,0,0,0,0,0,0,0,0,0,0,0,0,0,0,0,0,0,0,0,0,0,0,0,0,0
Derby College Trailblazers EABL,"E. Norman, E. Rice, K. Otaye, M. Smith-Fjordland, W. Tallon",Manchester Magic Academy EABL,"A. Sagay Isiorho, J. Walton, L. Clayton, O. Babalola, S. Sidi-Boumedine",1,93,1.6,3.0,2,1,2,50,0,0,0,0,0,0,0,1,1,1,0,0,1,0,5,2,3,66.7,1,1,100,0,0,0,0,1,1,2,1,0,0,1,3.0,3.0,66.7,166.7,-100,166.7,66.7,100,-3,0,0,0,0,0,0,0,0,0,0,0,0,0,0,0,0,0,0,0,0,0,0,0,0,0,0,0,0,0,0,0,0
Barking Abbey EABL,"A. Nwabueze, F. Cole, H. Parkin, M. Matser, R. Connolly",Copleston High School EABL,"G. Millar, I. Little, M. Liddamore, N. Wilkinson, T. Rafiu",1,77,1.3,3.0,0,0,1,0,0,1,0,0,0,0,0,0,0,0,1,0,2,0,0,0,0,0,0,0,0,0,0,0,0,1,1,0,1,0,3,1,3.0,3.0,0,0,0,0,0,0,0,0,0,0,0,0,0,0,0,0,0,0,0,0,0,0,0,0,0,0,0,0,0,0,0,0,0,0,0,0,0,0,0
HHS Reading Rockets EABL,"J. Mackinnon, L. Bakary, L. Francis, M. Daines, M. Hassan-Taylor",Oaklands Wolves EABL,"E. Da Cruz Fatuda, G. Mitchell, H. Morrell, L. Mcintosh, T. Mcintosh",1,117,1.9,3.0,2,1,4,25,0,1,0,0,0,0,2,2,4,0,0,0,1,2,2,0,2,0,0,1,0,2,4,50,1,1,2,0,1,0,0,0,2.9,3.0,69.9,65.6,4.3,65.6,69.9,-4.3,0,0,0,0,0,0,0,0,0,0,0,0,0,0,0,0,0,0,0,0,0,0,0,0,0,0,0,0,0,0,0,0,0
Itchen College EABL,"B. Cope, E. Lotriet, E. Round, J. Osei-Owusu, M. Yeates",Barking Abbey EABL,"A. Nwabueze, J. Mendes, K. Mabaya, O. Visockas, R. Connolly",1,71,1.2,3.0,4,2,2,100,0,0,0,0,0,0,0,1,1,2,0,0,1,2,5,2,3,66.7,1,2,50,0,1,0,1,0,1,1,0,0,0,0,3.0,2.9,133.3,172.1,-38.8,172.1,133.3,38.8,-1,0,0,0,0,0,0,0,0,0,0,0,0,0,0,0,0,0,0,0,0,0,0,0,0,0,0,0,0,0,0,0,0
Derby College Trailblazers EABL,"G. Pastor, J. Howlett, J. Lemanski, M. Smith-Fjordland, W. Tallon",SGS College EABL,"D. Lloyd, K. Richards, M. Alburo, S. Nelson, Z. Lawson",1,86,1.4,3.0,2,1,4,25,0,2,0,0,0,0,1,0,1,0,2,0,0,0,2,1,1,100,0,0,0,0,0,0,0,2,2,1,0,0,2,0,2.9,3.0,68.3,66.7,1.6,66.7,68.3,-1.6,0,0,0,0,0,0,0,0,0,0,0,0,0,0,0,0,0,0,0,0,0,0,0,0,0,0,0,0,0,0,0,0,0
Manchester Magic Academy EABL,"A. Sagay Isiorho, D. Allotey, J. Walton, T. Kamal Kazmi, T. Richardson",BMET City of Birmingham Rockets EABL,"A. Camara, B. Rose, G. Singh, I. Gisbourne, P. Walsh",1,50,0.8,3.0,0,0,2,0,0,0,0,0,0,0,0,0,0,0,1,0,1,0,2,1,1,100,0,0,0,0,0,0,0,2,2,1,0,1,2,0,3.0,3.0,0,66.7,-66.7,66.7,0,66.7,-2,0,0,0,0,0,0,0,0,0,0,0,0,0,0,0,0,0,0,0,0,0,0,0,0,0,0,0,0,0,0,0,0
Manchester Magic Academy EABL,"A. Adetula, D. Allotey, J. Walton, T. Richardson, T. Weekes",BMET City of Birmingham Rockets EABL,"G. Angoy, J. Agbeze, L. Duru, P. Basioudis, P. Walsh",1,77,1.3,3.0,3,1,2,50,1,2,50,0,0,0,0,1,1,1,0,0,1,0,4,2,4,50,0,0,0,0,0,0,1,0,1,0,1,0,0,0,3.0,2.9,100,136.5,-36.5,136.5,100,36.5,-1,0,0,0,0,0,0,0,0,0,0,0,0,0,0,0,0,0,0,0,0,0,0,0,0,0,0,0,0,0,0,0,0
Myerscough College EABL,"F. Morgan, H. Sheehan, J. Bobkowski, S. Latidan, Z. Trezvant",Charnwood College Riders EABL,"A. Oyerinde, A. Young, L. Boothe, L. Stevenson, S. Morris",1,82,1.4,3.0,4,2,3,66.7,0,1,0,0,0,0,0,0,0,1,1,0,0,0,6,2,2,100,2,2,100,0,0,0,0,0,0,2,0,0,1,0,3.0,3.0,133.3,200,-66.7,200,133.3,66.7,-2,0,0,0,0,0,0,0,0,0,0,0,0,0,0,0,0,0,0,0,0,0,0,0,0,0,0,0,0,0,0,0,0
Oaklands Wolves EABL,"D. Gladstone, D. Kostadinov, E. Da Cruz Fatuda, G. Mitchell, T. Mcintosh",City of London Academy - Southwark EABL,"D. Banjoko, J. Hannick, R. Cryer, S. Shirwac, T. Gass",1,102,1.7,3.0,2,1,4,25,0,0,0,0,0,0,1,1,2,0,0,0,0,0,0,0,2,0,0,2,0,0,0,0,0,2,2,0,0,0,1,0,2.9,3.0,68.3,0,68.3,0,68.3,-68.3,2,0,0,0,0,0,0,0,0,0,0,0,0,0,0,0,0,0,0,0,0,0,0,0,0,0,0,0,0,0,0,0,0
Oaklands Wolves EABL,"D. Gladstone, D. Kostadinov, E. Da Cruz Fatuda, G. Mitchell, H. Morrell",City of London Academy - Southwark EABL,"A. Nwokolo, D. Banjoko, D. Patel, R. Testfay, T. Gass",1,78,1.3,3.0,3,1,1,100,1,1,100,0,0,0,0,0,0,1,0,0,2,0,4,2,2,100,0,0,0,0,0,0,0,0,0,1,0,0,1,0,3.0,3.0,100,133.3,-33.3,133.3,100,33.3,-1,0,0,0,0,0,0,0,0,0,0,0,0,0,0,0,0,0,0,0,0,0,0,0,0,0,0,0,0,0,0,0,0
HHS Reading Rockets EABL,"A. Moloney, C. Okumus, J. Mackinnon, J. Waterhouse, M. Daines",Barking Abbey EABL,"A. Maitland, K. Mabaya, M. Filho, O. Visockas, R. Connolly",1,92,1.5,3.0,3,1,3,33.3,1,1,100,0,0,0,0,1,1,1,1,0,0,1,2,1,3,33.3,0,0,0,0,0,0,1,2,3,0,0,0,1,0,3.0,2.9,100,68.3,31.7,68.3,100,-31.7,1,0,0,0,0,0,0,0,0,0,0,0,0,0,0,0,0,0,0,0,0,0,0,0,0,0,0,0,0,0,0,0,0
Copleston High School EABL,"C. Fobister, M. Liddamore, N. Wilkinson, O. Drane, T. Rafiu",City of London Academy - Southwark EABL,"A. Nwokolo, N. Senessie, R. Cryer, R. Testfay, S. Shirwac",1,75,1.2,3.0,0,0,3,0,0,2,0,0,0,0,0,1,1,0,1,0,0,0,2,1,3,33.3,0,2,0,0,0,0,1,3,4,0,0,0,1,0,3.0,2.9,0,68.3,-68.3,68.3,0,68.3,-2,0,0,0,0,0,0,0,0,0,0,0,0,0,0,0,0,0,0,0,0,0,0,0,0,0,0,0,0,0,0,0,0
Barking Abbey EABL,"F. Cole, J. Mendes, M. Filho, R. Connolly, S. Dobson Smith",Oaklands Wolves EABL,"D. Gladstone, D. Kostadinov, E. Da Cruz Fatuda, E. Ryan, H. Morrell",1,91,1.5,3.0,4,2,3,66.7,0,0,0,0,0,0,0,1,1,1,1,0,0,1,3,1,2,50,1,2,50,0,0,0,0,1,1,0,0,0,1,0,3.0,3.0,133.3,100,33.3,100,133.3,-33.3,1,0,0,0,0,0,0,0,0,0,0,0,0,0,0,0,0,0,0,0,0,0,0,0,0,0,0,0,0,0,0,0,0
HHS Reading Rockets EABL,"E. Harrington, J. Waterhouse, L. Francis, M. Daines, M. Hassan-Taylor",Itchen College EABL,"B. Cope, D. Cimochowski, E. Lotriet, M. Edwards, R. Radu",1,80,1.3,3.0,2,1,3,33.3,0,0,0,0,0,0,0,1,1,1,1,0,0,1,2,1,3,33.3,0,0,0,0,0,0,1,2,3,0,0,0,1,0,3.0,2.9,66.7,68.3,-1.6,68.3,66.7,1.6,0,0,0,0,0,0,0,0,0,0,0,0,0,0,0,0,0,0,0,0,0,0,0,0,0,0,0,0,0,0,0,0,0
Myerscough College EABL,"C. Sanchez Falette, H. Sheehan, O. Esingle, S. Latidan, Z. Trezvant",Barking Abbey EABL,"A. Maitland, A. Nwabueze, F. Oguntuase, J. Mendes, S. Dobson Smith",1,119,2.0,3.0,6,2,3,66.7,2,3,66.7,0,0,0,0,1,1,2,0,0,0,0,5,2,4,50,1,2,50,0,0,0,1,1,2,1,0,0,0,1,3.0,2.9,200,170.6,29.4,170.6,200,-29.4,1,0,0,0,0,0,0,0,0,0,0,0,0,0,0,0,0,0,0,0,0,0,0,0,0,0,0,0,0,0,0,0,0
SGS College EABL,"A. Odowa, D. Lloyd, I. Toure, K. Ramirez Mora, M. Perez Tosca",Copleston High School EABL,"C. Fobister, I. Little, M. Liddamore, N. Wilkinson, O. Drane",1,76,1.3,3.0,5,2,2,100,1,1,100,0,0,0,0,1,1,0,0,0,1,0,4,2,3,66.7,0,1,0,0,0,0,0,0,0,0,0,0,0,0,3.0,3.0,166.7,133.3,33.3,133.3,166.7,-33.3,1,0,0,0,0,0,0,0,0,0,0,0,0,0,0,0,0,0,0,0,0,0,0,0,0,0,0,0,0,0,0,0,0
HHS Reading Rockets EABL,"C. Okumus, E. Harrington, L. Bakary, M. Daines, M. Hassan-Taylor",BMET City of Birmingham Rockets EABL,"A. Camara, G. Angoy, J. Agbeze, J. Hyland, P. Basioudis",1,76,1.3,3.0,3,1,1,100,1,1,100,0,0,0,0,1,1,1,0,0,2,1,3,1,3,33.3,1,2,50,0,0,0,0,0,0,1,1,0,0,1,3.0,3.0,100,100,0,100,100,0,0,0,0,0,0,0,0,0,0,0,0,0,0,0,0,0,0,0,0,0,0,0,0,0,0,0,0,0,0,0,0,0,0
Itchen College EABL,"B. Cope, E. Round, J. Ofman, J. Osei-Owusu, M. Yeates",Charnwood College Riders EABL,"D. Hanousek, F. Saeed, O. Hambira, T. Curran, Z. Gleadell-Smith",1,113,1.9,3.0,3,1,3,33.3,1,1,100,0,0,0,0,0,0,1,1,0,0,0,4,2,2,100,0,0,0,0,0,0,0,2,2,0,0,0,1,1,3.0,3.0,100,133.3,-33.3,133.3,100,33.3,-1,0,0,0,0,0,0,0,0,0,0,0,0,0,0,0,0,0,0,0,0,0,0,0,0,0,0,0,0,0,0,0,0
Manchester Magic Academy EABL,"A. Isiorho, H. Blake, L. Clayton, O. Babalola, T. Richardson",Oaklands Wolves EABL,"D. Kostadinov, E. Da Cruz Fatuda, G. Mitchell, L. Mcintosh, S. Mills",1,98,1.6,3.0,0,0,2,0,0,2,0,0,0,0,0,0,0,0,1,0,2,0,3,1,2,50,1,2,50,0,0,0,1,2,3,1,1,0,1,0,4.0,1.9,0,155.4,-155.4,155.4,0,155.4,-3,0,0,0,0,0,0,0,0,0,0,0,0,0,0,0,0,0,0,0,0,0,0,0,0,0,0,0,0,0,0,0,0
Manchester Magic Academy EABL,"A. Isiorho, D. Allotey, H. Blake, J. Walton, O. Babalola",Oaklands Wolves EABL,"D. Gladstone, D. Kostadinov, E. Da Cruz Fatuda, G. Mitchell, H. Morrell",1,93,1.6,3.0,3,1,3,33.3,1,2,50,0,0,0,0,1,1,1,0,0,0,0,2,1,3,33.3,0,2,0,0,0,0,1,2,3,1,0,0,1,0,3.0,2.9,100,68.3,31.7,68.3,100,-31.7,1,0,0,0,0,0,0,0,0,0,0,0,0,0,0,0,0,0,0,0,0,0,0,0,0,0,0,0,0,0,0,0,0
BMET City of Birmingham Rockets EABL,"B. Rose, I. Gisbourne, J. Agbeze, L. Duru, P. Basioudis",Copleston High School EABL,"C. Fobister, E. Tamakloe, I. Little, M. Liddamore, T. Rafiu",1,88,1.5,3.0,3,1,2,50,1,2,50,0,0,0,0,2,2,1,0,0,1,0,2,1,3,33.3,0,1,0,0,0,0,0,1,1,1,1,0,0,1,3.0,3.0,100,66.7,33.3,66.7,100,-33.3,1,0,0,0,0,0,0,0,0,0,0,0,0,0,0,0,0,0,0,0,0,0,0,0,0,0,0,0,0,0,0,0,0
BMET City of Birmingham Rockets EABL,"G. Angoy, I. Gisbourne, J. Hyland, L. Duru, P. Basioudis",Copleston High School EABL,"C. Fobister, E. Tamakloe, I. Little, M. Liddamore, N. Wilkinson",1,72,1.2,3.0,5,2,2,100,1,1,100,0,0,0,0,0,0,1,0,0,1,0,8,3,3,100,2,2,100,0,0,0,0,0,0,2,0,0,0,1,3.0,3.0,166.7,266.7,-100,266.7,166.7,100,-3,0,0,0,0,0,0,0,0,0,0,0,0,0,0,0,0,0,0,0,0,0,0,0,0,0,0,0,0,0,0,0,0
Manchester Magic Academy EABL,"J. Odongo, J. Walton, T. Kamal Kazmi, T. Richardson, T. Weekes",Itchen College EABL,"B. Cope, D. Cimochowski, E. Lotriet, E. Round, J. Ofman",1,50,0.8,3.0,0,0,1,0,0,0,0,0,0,0,0,1,1,0,0,0,1,0,0,0,1,0,0,0,0,0,0,0,0,1,1,0,0,0,3,1,2.0,4.0,0,0,0,0,0,0,0,0,0,0,0,0,0,0,0,0,0,0,0,0,0,0,0,0,0,0,0,0,0,0,0,0,0,0,0,0,0,0,0
Manchester Magic Academy EABL,"A. Isiorho, H. Blake, J. Odongo, J. Walton, O. Babalola",Itchen College EABL,"D. Cimochowski, E. Round, J. Ofman, J. Osei-Owusu, T. Blower",1,71,1.2,3.0,3,1,2,50,0,0,0,1,2,50,0,2,2,1,0,2,0,0,1,0,6,0,0,4,0,1,2,50,3,2,5,0,0,0,0,2,2.9,3.0,104.2,33,71.1,33,104.2,-71.1,2,0,0,0,0,0,0,0,0,0,0,0,0,0,0,0,0,0,0,0,0,0,0,0,0,0,0,0,0,0,0,0,0
Charnwood College Riders EABL,"F. Saeed, L. Boothe, T. Curran, T. Pearson, Z. Gleadell-Smith",Oaklands Wolves EABL,"D. Gladstone, G. Mitchell, H. Morrell, L. Mcintosh, T. Mcintosh",1,73,1.2,3.0,0,0,2,0,0,1,0,0,0,0,0,3,3,0,0,0,1,1,0,0,3,0,0,1,0,0,0,0,0,1,1,0,0,0,0,0,3.0,3.0,0,0,0,0,0,0,0,0,0,0,0,0,0,0,0,0,0,0,0,0,0,0,0,0,0,0,0,0,0,0,0,0,0,0,0,0,0,0,0
HHS Reading Rockets EABL,"A. Moloney, E. Harrington, J. Waterhouse, M. Daines, M. Hassan-Taylor",SGS College EABL,"I. Toure, K. Ramirez Mora, M. Perez Tosca, T. Wallace-Gayle, Z. Lawson",1,67,1.1,3.0,0,0,2,0,0,0,0,0,0,0,0,0,0,0,0,0,1,0,6,3,3,100,0,0,0,0,0,0,0,2,2,3,1,1,0,0,3.0,3.0,0,200,-200,200,0,200,-6,0,0,0,0,0,0,0,0,0,0,0,0,0,0,0,0,0,0,0,0,0,0,0,0,0,0,0,0,0,0,0,0
HHS Reading Rockets EABL,"C. Okumus, J. Mackinnon, L. Bakary, M. Daines, M. Hassan-Taylor",SGS College EABL,"A. Odowa, J. Grajcar, K. Ramirez Mora, M. Alburo, Z. Lawson",1,84,1.4,3.0,4,2,2,100,0,0,0,0,0,0,0,2,2,2,0,0,1,0,3,1,3,33.3,1,2,50,0,0,0,0,0,0,1,0,0,0,0,3.0,3.0,133.3,100,33.3,100,133.3,-33.3,1,0,0,0,0,0,0,0,0,0,0,0,0,0,0,0,0,0,0,0,0,0,0,0,0,0,0,0,0,0,0,0,0
Manchester Magic Academy EABL,"J. Odongo, J. Walton, L. Clayton, O. Babalola, T. Kamal Kazmi",Myerscough College EABL,"C. Sanchez Falette, H. Sheehan, O. Esingle, S. Laditan, Z. Trezvant",1,44,0.7,3.0,0,0,1,0,0,0,0,0,0,0,0,1,1,0,0,0,1,0,0,0,1,0,0,0,0,0,0,0,0,1,1,0,1,0,3,1,2.0,4.0,0,0,0,0,0,0,0,0,0,0,0,0,0,0,0,0,0,0,0,0,0,0,0,0,0,0,0,0,0,0,0,0,0,0,0,0,0,0,0
BMET City of Birmingham Rockets EABL,"B. Rose, G. Angoy, I. Gisbourne, L. Duru, P. Basioudis",Derby College Trailblazers EABL,"C. Burr, E. Norman, E. Rice, J. Howlett, W. Tallon",1,93,1.6,2.9,2,1,3,33.3,0,1,0,0,0,0,1,2,3,1,0,0,1,1,3,1,4,25,1,2,50,0,0,0,1,1,2,1,1,0,0,0,2.9,2.9,68.3,102.4,-34.1,102.4,68.3,34.1,-1,0,0,0,0,0,0,0,0,0,0,0,0,0,0,0,0,0,0,0,0,0,0,0,0,0,0,0,0,0,0,0,0
SGS College EABL,"D. Lloyd, K. Richards, M. Alburo, M. Pospori, S. Nelson",Myerscough College EABL,"C. Sanchez Falette, H. Sheehan, J. Bobkowski, S. Latidan, Z. Trezvant",1,49,0.8,2.9,2,1,3,33.3,0,0,0,0,0,0,0,0,0,0,1,0,0,1,1,0,0,0,0,0,0,1,2,50,0,2,2,0,0,0,2,1,3.0,2.9,66.7,34.7,31.9,34.7,66.7,-31.9,1,0,0,0,0,0,0,0,0,0,0,0,0,0,0,0,0,0,0,0,0,0,0,0,0,0,0,0,0,0,0,0,0
SGS College EABL,"A. Odowa, D. Lloyd, M. Alburo, M. Pospori, W. Wewe",Myerscough College EABL,"A. Aiyedun, A. Scott, C. Sanchez Falette, J. Bobkowski, S. Latidan",1,21,0.3,2.9,0,0,1,0,0,0,0,0,0,0,0,0,0,0,2,0,2,2,0,0,0,0,0,0,0,0,2,0,1,1,2,0,1,0,2,0,3.0,2.9,0,0,0,0,0,0,0,0,0,0,0,0,0,0,0,0,0,0,0,0,0,0,0,0,0,0,0,0,0,0,0,0,0,0,0,0,0,0,0
Barking Abbey EABL,"F. Cole, J. Mendes, M. Filho, M. Myamutenha, R. Connolly",HHS Reading Rockets EABL,"C. Okumus, E. Harrington, J. Mackinnon, M. Hassan-Taylor, S. Ejiofor",1,92,1.5,2.9,4,2,3,66.7,0,0,0,0,0,0,0,1,1,0,2,0,0,0,0,0,3,0,0,1,0,0,0,0,2,1,3,0,0,0,2,0,3.0,2.9,133.3,0,133.3,0,133.3,-133.3,4,0,0,0,0,0,0,0,0,0,0,0,0,0,0,0,0,0,0,0,0,0,0,0,0,0,0,0,0,0,0,0,0
BMET City of Birmingham Rockets EABL,"G. Angoy, J. Agbeze, J. Hyland, L. Duru, P. Basioudis",SGS College EABL,"K. Ramirez Mora, K. Richards, M. Alburo, M. Perez Tosca, S. Wahid",1,99,1.6,2.9,4,1,2,50,0,1,0,2,2,100,0,2,2,1,0,0,0,1,1,0,2,0,0,1,0,1,2,50,0,1,1,0,0,0,0,2,2.9,2.9,138.9,34.7,104.2,34.7,138.9,-104.2,3,0,0,0,0,0,0,0,0,0,0,0,0,0,0,0,0,0,0,0,0,0,0,0,0,0,0,0,0,0,0,0,0
Itchen College EABL,"B. Cope, E. Round, J. Osei-Owusu, M. Edwards, T. Blower",Copleston High School EABL,"E. Tamakloe, I. Little, J. Mussington, M. Liddamore, T. Rafiu",1,58,1.0,2.9,5,2,3,66.7,0,1,0,1,2,50,1,0,1,0,1,0,0,0,0,0,0,0,0,0,0,0,0,0,0,0,0,0,0,0,3,2,2.8,3.0,177.9,0,177.9,0,177.9,-177.9,5,0,0,0,0,0,0,0,0,0,0,0,0,0,0,0,0,0,0,0,0,0,0,0,0,0,0,0,0,0,0,0,0
Myerscough College EABL,"C. Sanchez Falette, D. Okhuoya, H. Sheehan, J. Bobkowski, O. Esingle",Manchester Magic Academy EABL,"A. Sagay Isiorho, H. Blake, J. Odongo, J. Walton, T. Weekes",1,59,1.0,2.9,1,0,1,0,0,0,0,1,2,50,0,2,2,0,0,0,1,0,0,0,2,0,0,0,0,0,0,0,0,1,1,0,0,0,1,2,2.9,3.0,34.7,0,34.7,0,34.7,-34.7,1,0,0,0,0,0,0,0,0,0,0,0,0,0,0,0,0,0,0,0,0,0,0,0,0,0,0,0,0,0,0,0,0
Myerscough College EABL,"A. Ibirinde, C. Sanchez Falette, H. Sheehan, J. Bobkowski, O. Esingle",Manchester Magic Academy EABL,"A. Sagay Isiorho, H. Blake, J. Walton, O. Babalola, S. Sidi-Boumedine",1,110,1.8,2.9,3,1,8,12.5,0,2,0,1,2,50,4,1,5,1,1,1,0,0,2,1,2,50,0,0,0,0,0,0,0,1,1,1,0,1,1,2,2.9,3.0,103.9,66.7,37.2,66.7,103.9,-37.2,1,0,0,0,0,0,0,0,0,0,0,0,0,0,0,0,0,0,0,0,0,0,0,0,0,0,0,0,0,0,0,0,0
City of London Academy - Southwark EABL,"D. Banjoko, J. Hannick, L. Thompson, R. Cryer, T. Gass",Barking Abbey EABL,"A. Maitland, J. Mendes, M. Filho, R. Connolly, S. Dobson Smith",1,130,2.2,2.9,2,1,3,33.3,0,0,0,0,0,0,0,1,1,1,0,0,0,1,4,1,2,50,1,2,50,1,2,50,0,2,2,1,0,0,0,0,3.0,2.9,66.7,138.9,-72.2,138.9,66.7,72.2,-2,0,0,0,0,0,0,0,0,0,0,0,0,0,0,0,0,0,0,0,0,0,0,0,0,0,0,0,0,0,0,0,0
City of London Academy - Southwark EABL,"A. Nwokolo, D. Banjoko, D. Banjoko, R. Testfay, T. Gass",Barking Abbey EABL,"A. Maitland, F. Oguntuase, J. Mendes, R. Connolly, S. Dobson Smith",1,27,0.5,2.9,2,0,0,0,0,0,0,2,4,50,0,0,0,0,2,0,0,0,0,0,2,0,0,2,0,0,0,0,0,1,1,0,0,0,2,2,1.8,4.0,113.6,0,113.6,0,113.6,-113.6,2,0,0,0,0,0,0,0,0,0,0,0,0,0,0,0,0,0,0,0,0,0,0,0,0,0,0,0,0,0,0,0,0
Copleston High School EABL,"A. Hickey, I. Little, M. Liddamore, N. Wilkinson, T. Rafiu",Barking Abbey EABL,"F. Cole, M. Filho, M. Myamutenha, O. Visockas, R. Connolly",1,78,1.3,2.9,0,0,3,0,0,1,0,0,0,0,0,0,0,0,0,0,1,1,5,1,2,50,1,2,50,2,2,100,1,2,3,1,0,0,0,1,4.0,1.8,0,276.2,-276.2,276.2,0,276.2,-5,0,0,0,0,0,0,0,0,0,0,0,0,0,0,0,0,0,0,0,0,0,0,0,0,0,0,0,0,0,0,0,0
Manchester Magic Academy EABL,"H. Blake, L. Clayton, N. Brown, O. Babalola, S. Sidi-Boumedine",Derby College Trailblazers EABL,"C. Burr, E. Rice, M. Smith-Fjordland, R. Hobday, W. Tallon",1,81,1.4,2.9,4,1,2,50,0,0,0,2,2,100,0,0,0,1,1,0,0,1,2,1,2,50,0,1,0,0,0,0,1,1,2,0,0,0,2,1,2.9,2.9,138.9,68.3,70.6,68.3,138.9,-70.6,2,0,0,0,0,0,0,0,0,0,0,0,0,0,0,0,0,0,0,0,0,0,0,0,0,0,0,0,0,0,0,0,0
HHS Reading Rockets EABL,"A. Moloney, C. Okumus, E. Harrington, L. Bakary, S. Ejiofor",City of London Academy - Southwark EABL,"A. Nwokolo, D. Banjoko, D. Banjoko, D. Patel, T. Gass",1,93,1.6,2.9,4,2,3,66.7,0,0,0,0,0,0,1,1,2,1,0,0,1,1,0,0,2,0,0,0,0,0,0,0,1,0,1,0,0,0,2,0,2.9,2.9,136.5,0,136.5,0,136.5,-136.5,4,0,0,0,0,0,0,0,0,0,0,0,0,0,0,0,0,0,0,0,0,0,0,0,0,0,0,0,0,0,0,0,0
HHS Reading Rockets EABL,"A. Moloney, E. Harrington, J. Mackinnon, M. Daines, S. Ejiofor",City of London Academy - Southwark EABL,"A. Nwokolo, D. Banjoko, D. Patel, R. Testfay, T. Gass",1,79,1.3,2.9,0,0,0,0,0,0,0,0,0,0,0,2,2,0,0,0,3,1,3,1,2,50,0,0,0,1,2,50,0,0,0,1,0,0,0,0,3.0,2.9,0,104.2,-104.2,104.2,0,104.2,-3,0,0,0,0,0,0,0,0,0,0,0,0,0,0,0,0,0,0,0,0,0,0,0,0,0,0,0,0,0,0,0,0
Oaklands Wolves EABL,"D. Gladstone, E. Da Cruz Fatuda, G. Augenti, G. Mitchell, L. Mcintosh",Itchen College EABL,"B. Cope, D. Cimochowski, E. Lotriet, G. Andrews, J. Osei-Owusu",1,99,1.6,2.9,0,0,3,0,0,3,0,0,0,0,1,1,2,0,1,1,1,1,0,0,3,0,0,1,0,0,0,0,2,2,4,0,1,0,2,0,2.9,2.9,0,0,0,0,0,0,0,0,0,0,0,0,0,0,0,0,0,0,0,0,0,0,0,0,0,0,0,0,0,0,0,0,0,0,0,0,0,0,0
Oaklands Wolves EABL,"E. Ryan, G. Mitchell, H. Morrell, L. Mcintosh, T. Mcintosh",Itchen College EABL,"E. Lotriet, E. Round, J. Ofman, J. Osei-Owusu, M. Edwards",1,68,1.1,2.9,3,1,1,100,0,0,0,1,2,50,0,1,1,2,1,0,2,1,0,0,1,0,0,0,0,0,0,0,0,0,0,0,0,0,1,1,3.9,2.0,77.3,0,77.3,0,77.3,-77.3,3,0,0,0,0,0,0,0,0,0,0,0,0,0,0,0,0,0,0,0,0,0,0,0,0,0,0,0,0,0,0,0,0
Oaklands Wolves EABL,"D. Kostadinov, E. Da Cruz Fatuda, G. Mitchell, K. Gasperas, L. Mcintosh",Itchen College EABL,"B. Cope, D. Cimochowski, E. Round, J. Ofman, T. Blower",1,78,1.3,2.9,3,1,2,50,1,1,100,0,0,0,0,0,0,1,0,0,1,1,4,1,1,100,0,0,0,2,2,100,0,1,1,1,1,0,1,1,3.0,2.9,100,138.9,-38.9,138.9,100,38.9,-1,0,0,0,0,0,0,0,0,0,0,0,0,0,0,0,0,0,0,0,0,0,0,0,0,0,0,0,0,0,0,0,0
Copleston High School EABL,"C. Fobister, I. Carty-Peters, M. Liddamore, N. Wilkinson, T. Rafiu",HHS Reading Rockets EABL,"C. Okumus, E. Harrington, L. Bakary, M. Daines, N. Dent",1,82,1.4,2.9,2,1,2,50,0,0,0,0,0,0,0,1,1,0,0,0,1,1,4,1,2,50,0,1,0,2,2,100,0,1,1,0,1,0,0,0,3.0,2.9,66.7,138.9,-72.2,138.9,66.7,72.2,-2,0,0,0,0,0,0,0,0,0,0,0,0,0,0,0,0,0,0,0,0,0,0,0,0,0,0,0,0,0,0,0,0
Copleston High School EABL,"A. Hickey, C. Fobister, I. Little, N. Wilkinson, T. Rafiu",HHS Reading Rockets EABL,"A. Moloney, E. Harrington, L. Bakary, M. Daines, S. Ejiofor",1,131,2.2,2.9,4,2,4,50,0,1,0,0,0,0,1,0,1,0,1,0,0,1,4,2,4,50,0,2,0,0,0,0,1,1,2,1,0,0,1,0,2.9,2.9,136.5,139.9,-3.3,139.9,136.5,3.3,0,0,0,0,0,0,0,0,0,0,0,0,0,0,0,0,0,0,0,0,0,0,0,0,0,0,0,0,0,0,0,0,0
Copleston High School EABL,"A. Hickey, C. Fobister, E. Tamakloe, I. Little, M. Liddamore",HHS Reading Rockets EABL,"J. Mackinnon, L. Bakary, L. Franicis, M. Daines, N. Dent",1,112,1.9,2.9,0,0,1,0,0,0,0,0,0,0,0,3,3,0,0,1,2,1,0,0,6,0,0,3,0,0,0,0,3,1,4,0,1,1,0,1,3.0,2.8,0,0,0,0,0,0,0,0,0,0,0,0,0,0,0,0,0,0,0,0,0,0,0,0,0,0,0,0,0,0,0,0,0,0,0,0,0,0,0
Charnwood College Riders EABL,"A. Oyerinde, L. Boothe, L. Stevenson, T. Curran, Z. Gleadell-Smith",Myerscough College EABL,"A. Ibirinde, B. Gordon, J. Bobkowski, J. Sanchez, S. Laditan",1,63,1.1,2.9,2,1,2,50,0,1,0,0,0,0,0,1,1,1,0,0,0,0,1,0,1,0,0,1,0,1,2,50,0,1,1,0,0,0,2,1,2.0,3.9,100,25.8,74.2,25.8,100,-74.2,1,0,0,0,0,0,0,0,0,0,0,0,0,0,0,0,0,0,0,0,0,0,0,0,0,0,0,0,0,0,0,0,0
SGS College EABL,"I. Toure, K. Ramirez Mora, L. Matthews, M. Perez Tosca, S. Nelson",Derby College Trailblazers EABL,"C. Burr, E. Norman, J. Howlett, R. Hobday, W. Tallon",1,75,1.2,2.9,2,1,3,33.3,0,1,0,0,0,0,1,1,2,0,0,1,1,0,6,2,4,50,2,3,66.7,0,0,0,1,1,2,2,1,0,0,1,2.9,2.9,68.3,204.8,-136.5,204.8,68.3,136.5,-4,0,0,0,0,0,0,0,0,0,0,0,0,0,0,0,0,0,0,0,0,0,0,0,0,0,0,0,0,0,0,0,0
BMET City of Birmingham Rockets EABL,"G. Angoy, J. Agbeze, J. Hyland, L. Duru, P. Basioudis",Charnwood College Riders EABL,"A. Oyerinde, D. Hanousek, F. Saeed, P. Kattah, T. Pearson",1,75,1.2,2.9,2,0,1,0,0,0,0,2,2,100,0,1,1,0,0,0,1,0,2,1,2,50,0,1,0,0,0,0,0,1,1,1,1,0,1,1,2.9,3.0,69.4,66.7,2.8,66.7,69.4,-2.8,0,0,0,0,0,0,0,0,0,0,0,0,0,0,0,0,0,0,0,0,0,0,0,0,0,0,0,0,0,0,0,0,0
BMET City of Birmingham Rockets EABL,"G. Angoy, G. Singh, J. Agbeze, L. Duru, P. Basioudis",Charnwood College Riders EABL,"L. Boothe, P. Kattah, R. Buckingham, T. Curran, Z. Gleadell-Smith",1,54,0.9,2.9,2,1,2,50,0,0,0,0,0,0,1,0,1,0,0,0,2,2,5,1,1,100,1,1,100,2,2,100,0,0,0,2,0,0,1,0,2.9,2.9,68.3,173.6,-105.4,173.6,68.3,105.4,-3,0,0,0,0,0,0,0,0,0,0,0,0,0,0,0,0,0,0,0,0,0,0,0,0,0,0,0,0,0,0,0,0
Itchen College EABL,"B. Cope, D. Cimochowski, J. Ofman, R. Radu, T. Blower",HHS Reading Rockets EABL,"C. Okumus, J. Mackinnon, L. Bakary, L. Franicis, M. Hassan-Taylor",1,41,0.7,2.9,0,0,2,0,0,0,0,0,0,0,1,2,3,0,1,0,2,1,0,0,3,0,0,0,0,0,0,0,1,1,2,0,0,0,1,0,2.9,2.9,0,0,0,0,0,0,0,0,0,0,0,0,0,0,0,0,0,0,0,0,0,0,0,0,0,0,0,0,0,0,0,0,0,0,0,0,0,0,0
Derby College Trailblazers EABL,"C. Burr, E. Norman, E. Rice, R. Hobday, W. Tallon",Myerscough College EABL,"C. Sanchez Falette, H. Sheehan, N. Byfield, S. Latidan, Z. Trezvant",1,79,1.3,2.9,2,1,3,33.3,0,0,0,0,0,0,1,1,2,1,0,0,1,1,2,0,1,0,0,0,0,2,2,100,0,1,1,0,1,0,1,0,2.9,2.9,68.3,69.4,-1.2,69.4,68.3,1.2,0,0,0,0,0,0,0,0,0,0,0,0,0,0,0,0,0,0,0,0,0,0,0,0,0,0,0,0,0,0,0,0,0
Manchester Magic Academy EABL,"D. Allotey, H. Blake, J. Walton, O. Babalola, T. Weekes",SGS College EABL,"I. Toure, K. Ramirez Mora, L. Matthews, M. Perez Tosca, S. Nelson",1,110,1.8,2.9,0,0,2,0,0,2,0,0,2,0,0,1,1,0,1,0,0,2,2,1,3,33.3,0,1,0,0,0,0,1,2,3,0,0,0,1,1,2.9,2.9,0,68.3,-68.3,68.3,0,68.3,-2,0,0,0,0,0,0,0,0,0,0,0,0,0,0,0,0,0,0,0,0,0,0,0,0,0,0,0,0,0,0,0,0
Oaklands Wolves EABL,"D. Gladstone, D. Kostadinov, E. Da Cruz Fatuda, G. Mitchell, L. Mcintosh",Barking Abbey EABL,"A. Maitland, J. Mendes, K. Mabaya, O. Visockas, R. Connolly",1,89,1.5,2.9,2,1,3,33.3,0,0,0,0,0,0,0,3,3,0,0,1,0,1,0,0,5,0,0,2,0,0,0,0,2,2,4,0,0,2,0,2,3.0,2.9,66.7,0,66.7,0,66.7,-66.7,2,0,0,0,0,0,0,0,0,0,0,0,0,0,0,0,0,0,0,0,0,0,0,0,0,0,0,0,0,0,0,0,0
Oaklands Wolves EABL,"D. Gladstone, D. Kostadinov, E. Da Cruz Fatuda, G. Mitchell, L. Mcintosh",Barking Abbey EABL,"K. Mabaya, M. Filho, M. Myamutenha, O. Visockas, R. Connolly",1,71,1.2,2.9,7,3,3,100,1,1,100,0,2,0,1,2,3,2,0,0,0,0,0,0,3,0,0,3,0,0,0,0,1,0,1,0,0,0,0,0,3.9,1.9,180.4,0,180.4,0,180.4,-180.4,7,0,0,0,0,0,0,0,0,0,0,0,0,0,0,0,0,0,0,0,0,0,0,0,0,0,0,0,0,0,0,0,0
Itchen College EABL,"B. Cope, E. Lotriet, E. Round, M. Edwards, M. Yeates",City of London Academy - Southwark EABL,"A. Nwokolo, D. Banjoko, D. Patel, R. Testfay, T. Gass",1,107,1.8,2.9,4,2,5,40,0,1,0,0,0,0,2,0,2,0,0,0,0,0,6,3,4,75,0,0,0,0,0,0,1,1,2,0,0,0,0,1,2.9,2.9,139.9,204.8,-64.9,204.8,139.9,64.9,-2,0,0,0,0,0,0,0,0,0,0,0,0,0,0,0,0,0,0,0,0,0,0,0,0,0,0,0,0,0,0,0,0
Itchen College EABL,"E. Lotriet, E. Round, M. Edwards, M. Yeates, R. Radu",City of London Academy - Southwark EABL,"D. Banjoko, D. Banjoko, R. Testfay, S. Shirwac, T. Gass",1,94,1.6,2.9,4,2,5,40,0,0,0,0,0,0,2,0,2,1,0,0,0,1,4,2,4,50,0,2,0,0,0,0,2,1,3,0,0,0,1,1,2.9,2.9,139.9,139.9,0,139.9,139.9,0,0,0,0,0,0,0,0,0,0,0,0,0,0,0,0,0,0,0,0,0,0,0,0,0,0,0,0,0,0,0,0,0,0
Itchen College EABL,"B. Cope, D. Cimochowski, E. Lotriet, J. Osei-Owusu, R. Radu",City of London Academy - Southwark EABL,"A. Nwokolo, D. Banjoko, D. Patel, S. Shirwac, T. Gass",1,79,1.3,2.9,6,2,2,100,0,0,0,2,2,100,0,2,2,1,0,1,0,0,2,1,3,33.3,0,0,0,0,0,0,0,0,0,1,0,0,0,2,2.9,3.0,208.3,66.7,141.7,66.7,208.3,-141.7,4,0,0,0,0,0,0,0,0,0,0,0,0,0,0,0,0,0,0,0,0,0,0,0,0,0,0,0,0,0,0,0,0
Charnwood College Riders EABL,"A. Oyerinde, D. Hanousek, F. Saeed, L. Boothe, S. Morris",Manchester Magic Academy EABL,"A. Sagay Isiorho, H. Blake, J. Odongo, T. Richardson, T. Weekes",1,68,1.1,2.9,2,0,0,0,0,0,0,2,2,100,0,0,0,0,1,0,2,0,4,2,3,66.7,0,0,0,0,0,0,1,0,1,0,1,0,1,0,2.9,2.9,69.4,136.5,-67.1,136.5,69.4,67.1,-2,0,0,0,0,0,0,0,0,0,0,0,0,0,0,0,0,0,0,0,0,0,0,0,0,0,0,0,0,0,0,0,0
Myerscough College EABL,"H. Sheehan, N. Byfield, O. Esingle, S. Latidan, Z. Trezvant",SGS College EABL,"A. Bennett, D. Lloyd, I. Toure, M. Alburo, M. Perez Tosca",1,81,1.4,2.9,1,0,0,0,0,0,0,1,2,50,0,0,0,0,1,0,2,1,3,1,1,100,0,0,0,1,2,50,0,0,0,1,1,0,1,1,2.9,2.9,34.7,104.2,-69.4,104.2,34.7,69.4,-2,0,0,0,0,0,0,0,0,0,0,0,0,0,0,0,0,0,0,0,0,0,0,0,0,0,0,0,0,0,0,0,0
Manchester Magic Academy EABL,"A. Sagay Isiorho, H. Blake, J. Odongo, J. Walton, L. Clayton",Myerscough College EABL,"A. Ibirinde, C. Sanchez Falette, F. Morgan, O. Esingle, S. Latidan",1,87,1.4,2.9,2,1,1,100,0,0,0,0,0,0,0,1,1,1,0,1,2,1,4,1,4,25,0,0,0,2,2,100,2,0,2,1,1,0,0,0,3.0,2.7,66.7,146,-79.3,146,66.7,79.3,-2,0,0,0,0,0,0,0,0,0,0,0,0,0,0,0,0,0,0,0,0,0,0,0,0,0,0,0,0,0,0,0,0
SGS College EABL,"A. Odowa, K. Ramirez Mora, K. Richards, M. Alburo, M. Perez Tosca",BMET City of Birmingham Rockets EABL,"I. Gisbourne, J. Agbeze, J. Hyland, L. Duru, P. Basioudis",1,82,1.4,2.9,5,2,3,66.7,0,1,0,1,2,50,1,0,1,1,1,0,0,0,2,1,1,100,0,0,0,0,0,0,0,0,0,0,0,0,2,2,2.8,3.0,177.9,66.7,111.3,66.7,177.9,-111.3,3,0,0,0,0,0,0,0,0,0,0,0,0,0,0,0,0,0,0,0,0,0,0,0,0,0,0,0,0,0,0,0,0
SGS College EABL,"A. Odowa, K. Ramirez Mora, L. Matthews, M. Alburo, S. Nelson",BMET City of Birmingham Rockets EABL,"A. Camara, I. Gisbourne, J. Hyland, L. Duru, P. Basioudis",1,50,0.8,2.9,0,0,2,0,0,0,0,0,0,0,0,1,1,0,2,0,1,2,0,0,0,0,0,0,0,0,2,0,0,2,2,0,0,0,2,0,3.0,2.9,0,0,0,0,0,0,0,0,0,0,0,0,0,0,0,0,0,0,0,0,0,0,0,0,0,0,0,0,0,0,0,0,0,0,0,0,0,0,0
Oaklands Wolves EABL,"D. Gladstone, D. Kostadinov, E. Da Cruz Fatuda, E. Ryan, T. Mcintosh",HHS Reading Rockets EABL,"C. Okumus, E. Harrington, J. Mackinnon, J. Waterhouse, M. Daines",1,98,1.6,2.9,3,1,4,25,1,1,100,0,0,0,2,1,3,1,0,1,1,1,2,1,2,50,0,0,0,0,2,0,0,1,1,0,1,1,0,0,2.9,2.9,104.9,69.4,35.5,69.4,104.9,-35.5,1,0,0,0,0,0,0,0,0,0,0,0,0,0,0,0,0,0,0,0,0,0,0,0,0,0,0,0,0,0,0,0,0
Derby College Trailblazers EABL,"C. Burr, E. Norman, E. Rice, M. Smith-Fjordland, W. Tallon",Manchester Magic Academy EABL,"A. Sagay Isiorho, J. Walton, L. Clayton, S. Sidi-Boumedine, T. Kamal Kazmi",1,91,1.5,2.9,5,2,3,66.7,1,2,50,0,0,0,0,0,0,1,0,0,0,0,4,2,4,50,0,0,0,0,0,0,2,1,3,1,0,0,1,1,3.0,2.9,166.7,139.9,26.8,139.9,166.7,-26.8,1,0,0,0,0,0,0,0,0,0,0,0,0,0,0,0,0,0,0,0,0,0,0,0,0,0,0,0,0,0,0,0,0
Derby College Trailblazers EABL,"E. Rice, G. Pastor, K. Otaye, L. Ngomti, M. Smith-Fjordland",Manchester Magic Academy EABL,"A. Sagay Isiorho, H. Blake, J. Walton, S. Sidi-Boumedine, T. Richardson",1,103,1.7,2.9,1,0,1,0,0,0,0,1,2,50,0,1,1,0,0,0,1,0,4,2,3,66.7,0,0,0,0,0,0,0,1,1,2,1,0,0,1,2.9,3.0,34.7,133.3,-98.6,133.3,34.7,98.6,-3,0,0,0,0,0,0,0,0,0,0,0,0,0,0,0,0,0,0,0,0,0,0,0,0,0,0,0,0,0,0,0,0
City of London Academy - Southwark EABL,"A. Nwokolo, B. Olowoshile, D. Banjoko, D. Patel, R. Cryer",HHS Reading Rockets EABL,"A. King, J. Mackinnon, L. Bakary, M. Daines, M. Hassan-Taylor",1,99,1.6,2.9,4,1,1,100,0,0,0,2,2,100,0,2,2,0,1,0,1,0,0,0,2,0,0,0,0,0,0,0,0,0,0,0,0,0,1,2,2.9,3.0,138.9,0,138.9,0,138.9,-138.9,4,0,0,0,0,0,0,0,0,0,0,0,0,0,0,0,0,0,0,0,0,0,0,0,0,0,0,0,0,0,0,0,0
HHS Reading Rockets EABL,"J. Waterhouse, L. Bakary, L. Francis, M. Daines, M. Hassan-Taylor",Oaklands Wolves EABL,"D. Gladstone, D. Kostadinov, G. Mitchell, L. Mcintosh, T. Mcintosh",1,56,0.9,2.9,0,0,2,0,0,1,0,0,0,0,0,0,0,0,1,0,0,0,2,0,0,0,0,0,0,2,2,100,0,2,2,0,0,0,3,1,2.0,3.9,0,51.5,-51.5,51.5,0,51.5,-2,0,0,0,0,0,0,0,0,0,0,0,0,0,0,0,0,0,0,0,0,0,0,0,0,0,0,0,0,0,0,0,0
Barking Abbey EABL,"A. Nwabueze, H. Parkin, J. Mendes, K. N'gabala, M. Filho",City of London Academy - Southwark EABL,"A. Nwokolo, D. Banjoko, J. Hannick, L. Thompson, T. Gass",1,114,1.9,2.9,2,0,1,0,0,1,0,2,2,100,0,0,0,0,0,1,1,2,8,3,9,33.3,1,4,25,1,1,100,4,1,5,1,1,0,0,1,2.9,3.0,69.4,264.9,-195.5,264.9,69.4,195.5,-6,0,0,0,0,0,0,0,0,0,0,0,0,0,0,0,0,0,0,0,0,0,0,0,0,0,0,0,0,0,0,0,0
Barking Abbey EABL,"A. Nwabueze, J. Mendes, M. Filho, O. Visockas, R. Connolly",City of London Academy - Southwark EABL,"A. Nwokolo, D. Banjoko, D. Banjoko, R. Cryer, T. Gass",1,85,1.4,2.9,0,0,2,0,0,2,0,0,0,0,1,1,2,0,0,0,2,1,0,0,1,0,0,1,0,0,0,0,0,0,0,0,2,0,3,1,1.9,4.0,0,0,0,0,0,0,0,0,0,0,0,0,0,0,0,0,0,0,0,0,0,0,0,0,0,0,0,0,0,0,0,0,0,0,0,0,0,0,0
Myerscough College EABL,"F. Morgan, J. Bobkowski, O. Esingle, S. Latidan, Z. Trezvant",Charnwood College Riders EABL,"A. Young, P. Kattah, R. Buckingham, T. Curran, Z. Gleadell-Smith",1,87,1.4,2.9,4,1,3,33.3,0,2,0,2,2,100,0,1,1,1,1,0,0,1,0,0,1,0,0,0,0,0,0,0,0,1,1,0,0,0,1,2,3.9,2.0,103.1,0,103.1,0,103.1,-103.1,4,0,0,0,0,0,0,0,0,0,0,0,0,0,0,0,0,0,0,0,0,0,0,0,0,0,0,0,0,0,0,0,0
HHS Reading Rockets EABL,"C. Okumus, E. Harrington, J. Waterhouse, L. Bakary, M. Daines",Barking Abbey EABL,"F. Oguntuase, K. Mabaya, K. N'gabala, O. Visockas, S. Dobson Smith",1,66,1.1,2.9,2,0,1,0,0,0,0,2,4,50,0,0,0,0,2,0,0,1,0,0,0,0,0,0,0,0,0,0,0,2,2,0,0,1,3,2,2.8,3.0,72.5,0,72.5,0,72.5,-72.5,2,0,0,0,0,0,0,0,0,0,0,0,0,0,0,0,0,0,0,0,0,0,0,0,0,0,0,0,0,0,0,0,0
HHS Reading Rockets EABL,"C. Okumus, J. Mackinnon, J. Waterhouse, M. Daines, M. Hassan-Taylor",Barking Abbey EABL,"F. Cole, F. Oguntuase, H. Egbayelo, K. N'gabala, S. Dobson Smith",1,70,1.2,2.9,4,2,3,66.7,0,0,0,0,1,0,0,0,0,1,1,0,0,0,3,1,1,100,0,0,0,1,1,100,0,2,2,0,0,0,1,2,3.4,2.4,116.3,123,-6.7,123,116.3,6.7,1,0,0,0,0,0,0,0,0,0,0,0,0,0,0,0,0,0,0,0,0,0,0,0,0,0,0,0,0,0,0,0,0
SGS College EABL,"A. Odowa, K. Ramirez Mora, K. Richards, L. Matthews, M. Perez Tosca",Manchester Magic Academy EABL,"A. Sagay Isiorho, D. Allotey, J. Odongo, J. Walton, O. Babalola",1,73,1.2,2.9,2,1,4,25,0,2,0,0,1,0,2,1,3,0,0,1,1,1,3,1,2,50,1,1,100,0,0,0,0,2,2,1,1,0,0,1,3.8,2.0,52.2,150,-97.8,150,52.2,97.8,-1,0,0,0,0,0,0,0,0,0,0,0,0,0,0,0,0,0,0,0,0,0,0,0,0,0,0,0,0,0,0,0,0
Charnwood College Riders EABL,"A. Oyerinde, P. Kattah, T. Curran, T. Pearson, Z. Gleadell-Smith",BMET City of Birmingham Rockets EABL,"J. Agbeze, J. Hyland, L. Duru, P. Basioudis, P. Walsh",1,132,2.2,2.9,4,2,4,50,0,1,0,0,0,0,1,1,2,1,1,0,0,0,5,2,3,66.7,1,1,100,0,0,0,0,0,0,1,0,0,1,1,1.9,4.0,215.1,125,90.1,125,215.1,-90.1,-1,0,0,0,0,0,0,0,0,0,0,0,0,0,0,0,0,0,0,0,0,0,0,0,0,0,0,0,0,0,0,0,0
Barking Abbey EABL,"J. Mendes, K. Mabaya, M. Filho, O. Visockas, S. Dobson Smith",Oaklands Wolves EABL,"D. Gladstone, E. Da Cruz Fatuda, H. Morrell, L. Mcintosh, T. Mcintosh",1,86,1.4,2.9,4,1,2,50,0,1,0,2,2,100,0,0,0,0,0,0,0,0,3,1,2,50,1,1,100,0,0,0,0,1,1,1,0,0,1,0,2.9,3.0,138.9,100,38.9,100,138.9,-38.9,1,0,0,0,0,0,0,0,0,0,0,0,0,0,0,0,0,0,0,0,0,0,0,0,0,0,0,0,0,0,0,0,0
Barking Abbey EABL,"J. Mendes, K. Mabaya, K. N'gabala, M. Filho, R. Connolly",Oaklands Wolves EABL,"D. Gladstone, D. Kostadinov, E. Da Cruz Fatuda, L. Mcintosh, T. Mcintosh",1,68,1.1,2.9,4,1,1,100,0,0,0,2,4,50,0,1,1,1,0,0,0,0,3,1,5,20,0,2,0,1,2,50,2,0,2,0,0,0,0,6,2.8,3.0,144.9,99.1,45.8,99.1,144.9,-45.8,1,0,0,0,0,0,0,0,0,0,0,0,0,0,0,0,0,0,0,0,0,0,0,0,0,0,0,0,0,0,0,0,0
HHS Reading Rockets EABL,"C. Okumus, J. Waterhouse, L. Bakary, M. Daines, M. Hassan-Taylor",Copleston High School EABL,"C. Fobister, I. Carty-Peters, I. Little, M. Liddamore, T. Rafiu",1,97,1.6,2.9,0,0,4,0,0,1,0,0,0,0,0,2,2,0,0,0,0,1,0,0,4,0,0,1,0,0,0,0,2,2,4,0,0,1,0,1,4.0,1.9,0,0,0,0,0,0,0,0,0,0,0,0,0,0,0,0,0,0,0,0,0,0,0,0,0,0,0,0,0,0,0,0,0,0,0,0,0,0,0
HHS Reading Rockets EABL,"C. Okumus, E. Harrington, J. Waterhouse, L. Francis, M. Hassan-Taylor",Copleston High School EABL,"I. Little, M. Liddamore, N. Wilkinson, O. Drane, T. Rafiu",1,89,1.5,2.9,4,1,1,100,0,0,0,2,2,100,0,1,1,1,1,0,1,0,0,0,1,0,0,1,0,0,0,0,0,0,0,0,1,0,2,1,2.9,3.0,138.9,0,138.9,0,138.9,-138.9,4,0,0,0,0,0,0,0,0,0,0,0,0,0,0,0,0,0,0,0,0,0,0,0,0,0,0,0,0,0,0,0,0
HHS Reading Rockets EABL,"E. Harrington, J. Waterhouse, L. Francis, M. Daines, M. Hassan-Taylor",Copleston High School EABL,"G. Millar, I. Carty-Peters, I. Little, M. Liddamore, T. Rafiu",1,57,0.9,2.9,0,0,1,0,0,0,0,0,0,0,0,0,0,0,0,0,0,0,4,1,2,50,0,0,0,2,2,100,0,1,1,1,0,0,2,1,1.0,4.9,0,82,-82,82,0,82,-4,0,0,0,0,0,0,0,0,0,0,0,0,0,0,0,0,0,0,0,0,0,0,0,0,0,0,0,0,0,0,0,0
HHS Reading Rockets EABL,"C. Okumus, J. Waterhouse, L. Bakary, M. Daines, M. Hassan-Taylor",BMET City of Birmingham Rockets EABL,"G. Angoy, J. Agbeze, J. Hyland, L. Duru, P. Basioudis",1,139,2.3,2.9,2,1,3,33.3,0,0,0,0,0,0,1,2,3,1,0,0,1,1,2,1,4,25,0,2,0,0,0,0,1,1,2,0,1,0,0,0,2.9,2.9,68.3,68.3,0,68.3,68.3,0,0,0,0,0,0,0,0,0,0,0,0,0,0,0,0,0,0,0,0,0,0,0,0,0,0,0,0,0,0,0,0,0,0
Itchen College EABL,"E. Round, J. Ofman, J. Osei-Owusu, M. Yeates, R. Radu",Charnwood College Riders EABL,"F. Saeed, O. Hambira, T. Curran, T. Pearson, Z. Gleadell-Smith",1,59,1.0,2.9,2,0,0,0,0,0,0,2,2,100,0,1,1,0,0,0,2,0,6,2,3,66.7,2,2,100,0,0,0,0,0,0,1,1,0,0,0,2.9,3.0,69.4,200,-130.6,200,69.4,130.6,-4,0,0,0,0,0,0,0,0,0,0,0,0,0,0,0,0,0,0,0,0,0,0,0,0,0,0,0,0,0,0,0,0
Itchen College EABL,"B. Cope, D. Cimochowski, E. Lotriet, E. Round, J. Ofman",Charnwood College Riders EABL,"D. Hanousek, F. Saeed, O. Hambira, P. Kattah, Z. Gleadell-Smith",1,55,0.9,2.9,4,1,2,50,0,1,0,2,2,100,0,1,1,1,1,0,1,0,0,0,1,0,0,0,0,0,0,0,0,1,1,0,1,0,1,1,3.9,2.0,103.1,0,103.1,0,103.1,-103.1,4,0,0,0,0,0,0,0,0,0,0,0,0,0,0,0,0,0,0,0,0,0,0,0,0,0,0,0,0,0,0,0,0
Manchester Magic Academy EABL,"A. Isiorho, H. Blake, J. Walton, L. Clayton, O. Babalola",Oaklands Wolves EABL,"D. Gladstone, D. Kostadinov, E. Da Cruz Fatuda, G. Mitchell, L. Mcintosh",1,110,1.8,2.9,4,2,3,66.7,0,1,0,0,0,0,0,0,0,2,0,1,0,1,5,2,4,50,0,1,0,1,2,50,1,1,2,0,0,0,0,0,3.0,2.7,133.3,182.5,-49.1,182.5,133.3,49.1,-1,0,0,0,0,0,0,0,0,0,0,0,0,0,0,0,0,0,0,0,0,0,0,0,0,0,0,0,0,0,0,0,0
Manchester Magic Academy EABL,"A. Isiorho, H. Blake, J. Odongo, O. Babalola, T. Richardson",Oaklands Wolves EABL,"D. Gladstone, D. Kostadinov, E. Da Cruz Fatuda, G. Mitchell, L. Mcintosh",1,111,1.9,2.9,2,1,1,100,0,0,0,0,2,0,0,0,0,1,0,0,0,2,5,2,3,66.7,0,0,0,1,2,50,0,1,1,2,0,0,0,1,1.9,3.9,106.4,128.9,-22.5,128.9,106.4,22.5,-3,0,0,0,0,0,0,0,0,0,0,0,0,0,0,0,0,0,0,0,0,0,0,0,0,0,0,0,0,0,0,0,0
BMET City of Birmingham Rockets EABL,"B. Rose, G. Angoy, I. Gisbourne, L. Duru, S. Chikukwa",Copleston High School EABL,"C. Fobister, E. Tamakloe, I. Carty-Peters, I. Little, M. Liddamore",1,84,1.4,2.9,2,1,3,33.3,0,1,0,0,0,0,0,2,2,1,0,1,0,1,1,0,3,0,0,2,0,1,2,50,1,2,3,1,0,0,0,1,3.0,2.8,66.7,35.6,31.1,35.6,66.7,-31.1,1,0,0,0,0,0,0,0,0,0,0,0,0,0,0,0,0,0,0,0,0,0,0,0,0,0,0,0,0,0,0,0,0
Manchester Magic Academy EABL,"J. Odongo, J. Walton, T. Kamal Kazmi, T. Richardson, T. Weekes",Itchen College EABL,"B. Cope, D. Cimochowski, E. Round, J. Osei-Owusu, T. Blower",1,79,1.3,2.9,4,1,2,50,0,1,0,2,2,100,0,1,1,2,0,0,0,0,4,2,5,40,0,2,0,0,0,0,2,1,3,0,0,0,0,2,2.9,2.9,138.9,139.9,-1,139.9,138.9,1,0,0,0,0,0,0,0,0,0,0,0,0,0,0,0,0,0,0,0,0,0,0,0,0,0,0,0,0,0,0,0,0,0
Manchester Magic Academy EABL,"A. Isiorho, H. Blake, J. Walton, L. Clayton, O. Babalola",Itchen College EABL,"B. Cope, D. Cimochowski, E. Round, J. Ofman, T. Blower",1,68,1.1,2.9,4,2,3,66.7,0,0,0,0,0,0,0,0,0,1,1,0,0,0,4,1,1,100,0,0,0,2,2,100,0,1,1,1,0,0,1,1,3.0,2.9,133.3,138.9,-5.6,138.9,133.3,5.6,0,0,0,0,0,0,0,0,0,0,0,0,0,0,0,0,0,0,0,0,0,0,0,0,0,0,0,0,0,0,0,0,0
Manchester Magic Academy EABL,"A. Isiorho, H. Blake, J. Odongo, J. Walton, O. Babalola",Itchen College EABL,"B. Cope, E. Round, J. Ofman, J. Osei-Owusu, M. Edwards",1,78,1.3,2.9,7,2,2,100,1,1,100,2,4,50,0,0,0,2,0,0,0,1,2,1,1,100,0,0,0,0,0,0,0,0,0,1,0,0,1,1,3.8,2.0,186.2,100,86.2,100,186.2,-86.2,5,0,0,0,0,0,0,0,0,0,0,0,0,0,0,0,0,0,0,0,0,0,0,0,0,0,0,0,0,0,0,0,0
Charnwood College Riders EABL,"D. Stephens, J. Hardy, O. Hambira, P. Kattah, T. Pearson",Oaklands Wolves EABL,"E. Da Cruz Fatuda, E. Ryan, G. Mitchell, H. Morrell, L. Mcintosh",1,101,1.7,2.9,4,2,5,40,0,0,0,0,0,0,2,0,2,0,2,0,0,0,0,0,1,0,0,1,0,0,0,0,0,1,1,0,0,0,2,0,2.9,3.0,139.9,0,139.9,0,139.9,-139.9,4,0,0,0,0,0,0,0,0,0,0,0,0,0,0,0,0,0,0,0,0,0,0,0,0,0,0,0,0,0,0,0,0
HHS Reading Rockets EABL,"E. Harrington, J. Waterhouse, L. Bakary, M. Daines, M. Hassan-Taylor",SGS College EABL,"I. Toure, L. Matthews, M. Alburo, M. Perez Tosca, Z. Lawson",1,54,0.9,2.9,1,0,0,0,0,0,0,1,2,50,0,1,1,1,0,0,2,0,4,2,3,66.7,0,0,0,0,0,0,0,0,0,1,2,0,0,0,2.9,3.0,34.7,133.3,-98.6,133.3,34.7,98.6,-3,0,0,0,0,0,0,0,0,0,0,0,0,0,0,0,0,0,0,0,0,0,0,0,0,0,0,0,0,0,0,0,0
HHS Reading Rockets EABL,"A. Moloney, J. Mackinnon, L. Bakary, M. Daines, M. Hassan-Taylor",SGS College EABL,"D. Lloyd, J. Grajcar, K. Ramirez Mora, M. Perez Tosca, T. Wallace-Gayle",1,129,2.1,2.9,6,3,5,60,0,0,0,0,0,0,1,3,4,2,0,0,0,0,0,0,4,0,0,2,0,0,0,0,1,0,1,0,0,0,0,0,2.9,2.9,209.8,0,209.8,0,209.8,-209.8,6,0,0,0,0,0,0,0,0,0,0,0,0,0,0,0,0,0,0,0,0,0,0,0,0,0,0,0,0,0,0,0,0
HHS Reading Rockets EABL,"A. Moloney, E. Harrington, J. Waterhouse, M. Daines, M. Hassan-Taylor",SGS College EABL,"I. Toure, L. Matthews, M. Alburo, M. Perez Tosca, Z. Lawson",1,67,1.1,2.9,0,0,2,0,0,0,0,0,0,0,0,1,1,0,0,1,1,1,2,0,2,0,0,1,0,2,2,100,1,1,2,0,0,0,1,0,3.0,2.8,0,71.2,-71.2,71.2,0,71.2,-2,0,0,0,0,0,0,0,0,0,0,0,0,0,0,0,0,0,0,0,0,0,0,0,0,0,0,0,0,0,0,0,0
City of London Academy - Southwark EABL,"A. Nwokolo, D. Banjoko, D. Patel, J. Hannick, T. Gass",Myerscough College EABL,"A. Ibirinde, J. Bobkowski, O. Esingle, S. Latidan, S. Latidan",1,109,1.8,2.9,4,1,2,50,0,0,0,2,2,100,0,1,1,1,0,0,1,1,0,0,2,0,0,0,0,0,0,0,1,1,2,0,1,0,1,0,3.9,1.9,103.1,0,103.1,0,103.1,-103.1,4,0,0,0,0,0,0,0,0,0,0,0,0,0,0,0,0,0,0,0,0,0,0,0,0,0,0,0,0,0,0,0,0
Manchester Magic Academy EABL,"A. Isiorho, J. Walton, O. Babalola, T. Richardson, T. Weekes",Myerscough College EABL,"C. Sanchez Falette, L. Heidenreich Roberts, O. Esingle, S. Laditan, Z. Trezvant",1,86,1.4,2.9,1,0,1,0,0,0,0,1,2,50,0,1,1,0,1,1,1,0,2,1,4,25,0,1,0,0,0,0,2,2,4,0,1,0,1,2,2.9,2.9,34.7,69.9,-35.2,69.9,34.7,35.2,-1,0,0,0,0,0,0,0,0,0,0,0,0,0,0,0,0,0,0,0,0,0,0,0,0,0,0,0,0,0,0,0,0
SGS College EABL,"D. Lloyd, K. Richards, M. Alburo, M. Pospori, T. Wallace-Gayle",Myerscough College EABL,"A. Ibirinde, C. Sanchez Falette, H. Sheehan, J. Bobkowski, S. Latidan",1,148,2.5,2.8,2,1,6,16.7,0,3,0,0,0,0,3,0,3,0,1,0,0,0,4,1,1,100,0,0,0,2,2,100,0,2,2,0,0,1,1,0,2.8,2.9,71.7,138.9,-67.2,138.9,71.7,67.2,-2,0,0,0,0,0,0,0,0,0,0,0,0,0,0,0,0,0,0,0,0,0,0,0,0,0,0,0,0,0,0,0,0
Barking Abbey EABL,"A. Maitland, H. Egbayelo, M. Filho, M. Myamutenha, R. Connolly",HHS Reading Rockets EABL,"C. Okumus, E. Harrington, L. Bakary, M. Daines, M. Hassan-Taylor",1,83,1.4,2.8,2,0,2,0,0,1,0,2,2,100,0,0,0,1,0,0,0,0,6,2,4,50,0,1,0,2,2,100,2,2,4,0,0,1,0,1,2.9,2.7,69.4,219,-149.5,219,69.4,149.5,-4,0,0,0,0,0,0,0,0,0,0,0,0,0,0,0,0,0,0,0,0,0,0,0,0,0,0,0,0,0,0,0,0
City of London Academy - Southwark EABL,"A. Nwokolo, B. Olowoshile, D. Banjoko, D. Patel, N. Senessie",Itchen College EABL,"B. Cope, E. Round, J. Osei-Owusu, M. Yeates, T. Blower",1,83,1.4,2.8,4,1,1,100,1,1,100,1,2,50,0,1,1,1,1,0,0,3,2,1,3,33.3,0,0,0,0,3,0,3,1,4,1,0,0,1,1,1.9,3.7,212.8,53.8,158.9,53.8,212.8,-158.9,2,0,0,0,0,0,0,0,0,0,0,0,0,0,0,0,0,0,0,0,0,0,0,0,0,0,0,0,0,0,0,0,0
City of London Academy - Southwark EABL,"A. Nwokolo, D. Banjoko, D. Banjoko, J. Hannick, T. Gass",Itchen College EABL,"B. Cope, G. Andrews, J. Osei-Owusu, M. Edwards, R. Radu",1,61,1.0,2.8,2,0,1,0,0,0,0,2,2,100,1,0,1,0,0,0,2,0,4,1,2,50,0,0,0,2,2,100,0,0,0,0,1,1,0,1,2.8,2.9,71.2,138.9,-67.7,138.9,71.2,67.7,-2,0,0,0,0,0,0,0,0,0,0,0,0,0,0,0,0,0,0,0,0,0,0,0,0,0,0,0,0,0,0,0,0
BMET City of Birmingham Rockets EABL,"G. Angoy, I. Gisbourne, J. Agbeze, L. Duru, P. Basioudis",SGS College EABL,"D. Lloyd, I. Toure, K. Ramirez Mora, M. Alburo, M. Perez Tosca",1,65,1.1,2.8,4,1,1,100,0,0,0,2,2,100,0,0,0,0,0,0,1,2,3,0,1,0,0,1,0,3,4,75,1,0,1,1,1,0,1,1,2.9,2.7,138.9,111.5,27.4,111.5,138.9,-27.4,1,0,0,0,0,0,0,0,0,0,0,0,0,0,0,0,0,0,0,0,0,0,0,0,0,0,0,0,0,0,0,0,0
Myerscough College EABL,"C. Sanchez Falette, J. Bobkowski, O. Esingle, S. Latidan, Z. Trezvant",Manchester Magic Academy EABL,"D. Allotey, H. Blake, J. Walton, O. Babalola, S. Sidi-Boumedine",1,112,1.9,2.8,4,1,2,50,0,0,0,2,4,50,1,0,1,1,1,0,0,0,5,2,3,66.7,1,2,50,0,0,0,1,0,1,1,0,0,1,3,2.7,2.9,148.7,170.6,-21.9,170.6,148.7,21.9,-1,0,0,0,0,0,0,0,0,0,0,0,0,0,0,0,0,0,0,0,0,0,0,0,0,0,0,0,0,0,0,0,0
Copleston High School EABL,"C. Fobister, I. Little, M. Liddamore, N. Wilkinson, T. Rafiu",Barking Abbey EABL,"J. Mendes, K. Mabaya, M. Myamutenha, S. Dobson Smith, W. Harper",1,114,1.9,2.8,4,2,2,100,0,0,0,0,0,0,0,1,1,1,0,0,1,1,4,2,8,25,0,3,0,0,0,0,5,0,5,1,1,0,0,1,3.0,2.6,133.3,150.9,-17.6,150.9,133.3,17.6,0,0,0,0,0,0,0,0,0,0,0,0,0,0,0,0,0,0,0,0,0,0,0,0,0,0,0,0,0,0,0,0,0
HHS Reading Rockets EABL,"E. Harrington, J. Waterhouse, L. Bakary, M. Daines, M. Hassan-Taylor",City of London Academy - Southwark EABL,"A. Morentin, A. Nwokolo, D. Banjoko, D. Patel, T. Gass",1,67,1.1,2.8,0,0,2,0,0,1,0,0,0,0,0,0,0,0,0,0,0,1,7,2,3,66.7,1,2,50,2,4,50,2,2,4,1,0,0,0,0,2.0,3.7,0,189.7,-189.7,189.7,0,189.7,-7,0,0,0,0,0,0,0,0,0,0,0,0,0,0,0,0,0,0,0,0,0,0,0,0,0,0,0,0,0,0,0,0
Charnwood College Riders EABL,"L. Boothe, L. Stevenson, R. Buckingham, T. Curran, Z. Gleadell-Smith",Myerscough College EABL,"A. Ibirinde, H. Sheehan, J. Bobkowski, J. Sanchez, S. Laditan",1,84,1.4,2.8,1,0,3,0,0,1,0,1,2,50,2,1,3,0,1,1,1,1,0,0,3,0,0,0,0,0,0,0,2,1,3,0,1,0,2,1,2.7,2.9,36.5,0,36.5,0,36.5,-36.5,1,0,0,0,0,0,0,0,0,0,0,0,0,0,0,0,0,0,0,0,0,0,0,0,0,0,0,0,0,0,0,0,0
Manchester Magic Academy EABL,"A. Sagay Isiorho, J. Walton, L. Clayton, S. Sidi-Boumedine, T. Richardson",Myerscough College EABL,"A. Ibirinde, C. Sanchez Falette, F. Morgan, J. Bobkowski, O. Esingle",1,104,1.7,2.8,1,0,0,0,0,0,0,1,2,50,0,1,1,0,0,0,2,3,1,0,3,0,0,2,0,1,2,50,2,1,3,0,0,0,1,1,2.9,2.7,34.7,36.5,-1.8,36.5,34.7,1.8,0,0,0,0,0,0,0,0,0,0,0,0,0,0,0,0,0,0,0,0,0,0,0,0,0,0,0,0,0,0,0,0,0
Oaklands Wolves EABL,"D. Kostadinov, E. Da Cruz Fatuda, G. Mitchell, L. Mcintosh, T. Mcintosh",HHS Reading Rockets EABL,"E. Harrington, J. Mackinnon, M. Daines, M. Hassan-Taylor, N. Dent",1,114,1.9,2.8,5,2,7,28.6,1,2,50,0,0,0,5,2,7,0,0,0,1,0,2,1,3,33.3,0,0,0,0,0,0,0,0,0,0,1,0,0,1,2.6,3.0,188.7,66.7,122,66.7,188.7,-122,3,0,0,0,0,0,0,0,0,0,0,0,0,0,0,0,0,0,0,0,0,0,0,0,0,0,0,0,0,0,0,0,0
Itchen College EABL,"B. Cope, E. Round, G. Andrews, J. Osei-Owusu, M. Yeates",Oaklands Wolves EABL,"D. Kostadinov, G. Mitchell, H. Morrell, L. Mcintosh, T. Mcintosh",1,83,1.4,2.8,6,3,6,50,0,0,0,0,0,0,3,1,4,0,0,0,0,1,3,1,2,50,0,1,0,1,2,50,0,0,0,0,0,1,0,0,2.8,2.9,215.1,104.2,110.9,104.2,215.1,-110.9,3,0,0,0,0,0,0,0,0,0,0,0,0,0,0,0,0,0,0,0,0,0,0,0,0,0,0,0,0,0,0,0,0
HHS Reading Rockets EABL,"E. Harrington, J. Waterhouse, L. Francis, M. Daines, M. Hassan-Taylor",Copleston High School EABL,"C. Fobister, G. Millar, I. Little, M. Liddamore, N. Wilkinson",1,63,1.1,2.8,3,1,3,33.3,0,1,0,1,2,50,2,2,4,0,0,0,1,0,0,0,3,0,0,2,0,0,0,0,1,0,1,0,0,0,1,1,2.7,2.9,109.5,0,109.5,0,109.5,-109.5,3,0,0,0,0,0,0,0,0,0,0,0,0,0,0,0,0,0,0,0,0,0,0,0,0,0,0,0,0,0,0,0,0
HHS Reading Rockets EABL,"A. Moloney, C. Okumus, E. Harrington, L. Bakary, M. Daines",BMET City of Birmingham Rockets EABL,"G. Angoy, J. Hyland, L. Duru, P. Basioudis, S. Chikukwa",1,76,1.3,2.8,2,1,5,20,0,0,0,0,0,0,1,1,2,0,0,0,0,2,0,0,1,0,0,1,0,0,0,0,0,2,2,0,0,1,1,0,3.6,2.0,56,0,56,0,56,-56,2,0,0,0,0,0,0,0,0,0,0,0,0,0,0,0,0,0,0,0,0,0,0,0,0,0,0,0,0,0,0,0,0
Manchester Magic Academy EABL,"J. Odongo, J. Walton, N. Brown, O. Babalola, T. Kamal Kazmi",Charnwood College Riders EABL,"D. Hanousek, D. Stephens, L. Boothe, L. Stevenson, T. Curran",1,88,1.5,2.7,0,0,3,0,0,1,0,0,0,0,1,0,1,0,0,0,2,1,5,2,2,100,1,1,100,0,0,0,0,1,1,1,1,1,0,0,3.4,2.0,0,250,-250,250,0,250,-5,0,0,0,0,0,0,0,0,0,0,0,0,0,0,0,0,0,0,0,0,0,0,0,0,0,0,0,0,0,0,0,0
Manchester Magic Academy EABL,"J. Odongo, J. Walton, N. Brown, O. Babalola, S. Sidi-Boumedine",Charnwood College Riders EABL,"F. Saeed, L. Boothe, R. Buckingham, S. Morris, T. Curran",1,73,1.2,2.7,2,1,2,50,0,1,0,0,1,0,0,0,0,1,0,0,0,0,4,2,3,66.7,0,0,0,0,0,0,1,2,3,0,0,0,1,1,2.4,2.9,82,136.5,-54.6,136.5,82,54.6,-2,0,0,0,0,0,0,0,0,0,0,0,0,0,0,0,0,0,0,0,0,0,0,0,0,0,0,0,0,0,0,0,0
Itchen College EABL,"B. Cope, E. Lotriet, E. Round, J. Ofman, M. Edwards",Copleston High School EABL,"I. Little, J. Mussington, M. Liddamore, N. Wilkinson, T. Rafiu",1,64,1.1,2.7,3,1,3,33.3,1,2,50,0,0,0,1,1,2,1,0,0,0,0,1,0,1,0,0,1,0,1,1,100,0,1,1,0,0,0,2,2,1.9,3.4,155.4,29.1,126.4,29.1,155.4,-126.4,2,0,0,0,0,0,0,0,0,0,0,0,0,0,0,0,0,0,0,0,0,0,0,0,0,0,0,0,0,0,0,0,0
Charnwood College Riders EABL,"L. Boothe, P. Kattah, T. Curran, T. Pearson, Z. Gleadell-Smith",SGS College EABL,"D. Lloyd, I. Toure, K. Ramirez Mora, L. Matthews, M. Perez Tosca",1,84,1.4,2.7,4,2,3,66.7,0,1,0,0,2,0,1,0,1,1,1,0,0,1,3,1,1,100,1,1,100,0,0,0,0,1,1,1,0,0,1,1,3.3,2.0,119.6,150,-30.4,150,119.6,30.4,1,0,0,0,0,0,0,0,0,0,0,0,0,0,0,0,0,0,0,0,0,0,0,0,0,0,0,0,0,0,0,0,0
Manchester Magic Academy EABL,"J. Walton, L. Clayton, N. Brown, O. Babalola, S. Sidi-Boumedine",Derby College Trailblazers EABL,"C. Burr, E. Rice, L. Ngomti, M. Smith-Fjordland, R. Hobday",1,55,0.9,2.7,6,2,2,100,1,1,100,1,3,33.3,0,0,0,1,1,0,0,1,2,1,1,100,0,0,0,0,0,0,0,2,2,1,0,0,1,1,3.3,2.0,180.7,100,80.7,100,180.7,-80.7,4,0,0,0,0,0,0,0,0,0,0,0,0,0,0,0,0,0,0,0,0,0,0,0,0,0,0,0,0,0,0,0,0
Myerscough College EABL,"A. Ibirinde, H. Sheehan, J. Bobkowski, O. Esingle, S. Latidan",BMET City of Birmingham Rockets EABL,"D. Pittaway, G. Angoy, J. Hyland, L. Duru, P. Basioudis",1,83,1.4,2.7,7,2,6,33.3,1,2,50,2,4,50,5,0,5,1,0,0,0,1,0,0,1,0,0,1,0,0,0,0,0,0,0,0,0,0,1,1,3.5,2.0,201.1,0,201.1,0,201.1,-201.1,7,0,0,0,0,0,0,0,0,0,0,0,0,0,0,0,0,0,0,0,0,0,0,0,0,0,0,0,0,0,0,0,0
BMET City of Birmingham Rockets EABL,"A. Camara, G. Singh, J. Kesto, P. Basioudis, P. Walsh",Manchester Magic Academy EABL,"H. Blake, L. Clayton, S. Sidi-Boumedine, T. Kamal Kazmi, T. Richardson",1,92,1.5,2.7,0,0,2,0,0,2,0,0,0,0,0,2,2,0,0,0,1,1,1,0,4,0,0,2,0,1,2,50,3,1,4,1,0,0,0,0,3.0,2.3,0,43.3,-43.3,43.3,0,43.3,-1,0,0,0,0,0,0,0,0,0,0,0,0,0,0,0,0,0,0,0,0,0,0,0,0,0,0,0,0,0,0,0,0
Copleston High School EABL,"C. Fobister, I. Carty-Peters, M. Liddamore, N. Wilkinson, T. Rafiu",HHS Reading Rockets EABL,"E. Harrington, J. Waterhouse, L. Bakary, M. Daines, M. Hassan-Taylor",1,56,0.9,2.7,2,1,1,100,0,0,0,0,0,0,0,1,1,1,1,0,1,1,3,1,2,50,0,0,0,1,1,100,0,0,0,1,0,0,1,0,2.0,3.4,100,87.2,12.8,87.2,100,-12.8,-1,0,0,0,0,0,0,0,0,0,0,0,0,0,0,0,0,0,0,0,0,0,0,0,0,0,0,0,0,0,0,0,0
Itchen College EABL,"B. Cope, D. Cimochowski, E. Lotriet, E. Round, J. Osei-Owusu",HHS Reading Rockets EABL,"C. Okumus, E. Harrington, J. Waterhouse, M. Hassan-Taylor, N. Dent",1,66,1.1,2.7,3,1,2,50,0,1,0,1,1,100,0,1,1,1,0,0,1,0,2,1,2,50,0,1,0,0,0,0,0,1,1,0,1,0,0,1,3.4,2.0,87.2,100,-12.8,100,87.2,12.8,1,0,0,0,0,0,0,0,0,0,0,0,0,0,0,0,0,0,0,0,0,0,0,0,0,0,0,0,0,0,0,0,0
Copleston High School EABL,"I. Carty-Peters, L. Read, M. Liddamore, M. Wells, N. Wilkinson",Oaklands Wolves EABL,"E. Da Cruz Fatuda, E. Ryan, G. Mitchell, L. Mcintosh, T. Mcintosh",1,81,1.4,2.7,3,1,4,25,1,1,100,0,0,0,1,2,3,1,1,0,0,0,0,0,3,0,0,0,0,0,0,0,1,1,2,0,0,0,1,0,2.4,2.9,125.3,0,125.3,0,125.3,-125.3,3,0,0,0,0,0,0,0,0,0,0,0,0,0,0,0,0,0,0,0,0,0,0,0,0,0,0,0,0,0,0,0,0
Derby College Trailblazers EABL,"C. Burr, E. Norman, J. Lemanski, K. Otaye, L. Ngomti",BMET City of Birmingham Rockets EABL,"B. Rose, G. Angoy, G. Singh, J. Agbeze, L. Duru",1,74,1.2,2.7,2,1,4,25,0,2,0,0,0,0,1,2,3,1,1,0,0,0,0,0,2,0,0,2,0,0,0,0,0,1,1,0,0,0,1,0,2.4,3.0,83.5,0,83.5,0,83.5,-83.5,2,0,0,0,0,0,0,0,0,0,0,0,0,0,0,0,0,0,0,0,0,0,0,0,0,0,0,0,0,0,0,0,0
Myerscough College EABL,"D. Okhuoya, F. Morgan, J. Bobkowski, L. Farrell, N. Byfield",SGS College EABL,"I. Toure, L. Matthews, M. Alburo, M. Pospori, S. Nelson",1,123,2.0,2.7,1,0,2,0,0,2,0,1,2,50,1,0,1,1,1,0,2,1,2,1,6,16.7,0,1,0,0,0,0,5,1,6,0,1,0,1,0,3.8,1.6,26.2,121.2,-95,121.2,26.2,95,-1,0,0,0,0,0,0,0,0,0,0,0,0,0,0,0,0,0,0,0,0,0,0,0,0,0,0,0,0,0,0,0,0
SGS College EABL,"D. Lloyd, I. Toure, L. Matthews, M. Alburo, M. Perez Tosca",Charnwood College Riders EABL,"F. Saeed, O. Hambira, P. Kattah, S. Morris, T. Curran",1,62,1.0,2.7,2,1,2,50,0,1,0,0,1,0,0,1,1,0,1,2,0,0,0,0,2,0,0,0,0,0,0,0,0,1,1,0,0,0,1,2,2.4,3.0,82,0,82,0,82,-82,2,0,0,0,0,0,0,0,0,0,0,0,0,0,0,0,0,0,0,0,0,0,0,0,0,0,0,0,0,0,0,0,0
SGS College EABL,"K. Ramirez Mora, L. Matthews, M. Alburo, M. Perez Tosca, W. Wewe",Charnwood College Riders EABL,"A. Oyerinde, F. Saeed, O. Hambira, P. Kattah, T. Pearson",1,92,1.5,2.7,2,1,3,33.3,0,0,0,0,0,0,1,1,2,0,0,0,0,1,5,2,4,50,0,1,0,1,2,50,2,1,3,2,0,0,0,1,1.9,3.5,103.6,144.8,-41.2,144.8,103.6,41.2,-3,0,0,0,0,0,0,0,0,0,0,0,0,0,0,0,0,0,0,0,0,0,0,0,0,0,0,0,0,0,0,0,0
Barking Abbey EABL,"A. Nwabueze, H. Parkin, M. Matser, O. Visockas, R. Connolly",Copleston High School EABL,"G. Millar, I. Little, M. Liddamore, N. Wilkinson, T. Rafiu",1,77,1.3,2.7,3,1,2,50,0,1,0,1,2,50,1,1,2,0,0,1,0,0,0,0,2,0,0,1,0,0,0,0,0,1,1,0,0,0,1,2,2.3,3.0,127.9,0,127.9,0,127.9,-127.9,3,0,0,0,0,0,0,0,0,0,0,0,0,0,0,0,0,0,0,0,0,0,0,0,0,0,0,0,0,0,0,0,0
Barking Abbey EABL,"A. Maitland, J. Mendes, K. Mabaya, M. Filho, R. Connolly",Itchen College EABL,"B. Cope, D. Cimochowski, E. Round, M. Edwards, R. Radu",1,77,1.3,2.7,4,1,2,50,0,1,0,2,3,66.7,0,0,0,0,2,0,0,1,0,0,0,0,0,0,0,0,0,0,0,0,0,0,0,0,2,1,3.3,2.0,120.5,0,120.5,0,120.5,-120.5,4,0,0,0,0,0,0,0,0,0,0,0,0,0,0,0,0,0,0,0,0,0,0,0,0,0,0,0,0,0,0,0,0
HHS Reading Rockets EABL,"A. King, E. Harrington, L. Bakary, L. Francis, M. Daines",Oaklands Wolves EABL,"D. Gladstone, E. Da Cruz Fatuda, G. Mitchell, L. Mcintosh, T. Mcintosh",1,101,1.7,2.7,2,1,2,50,0,0,0,0,0,0,0,0,0,0,0,0,1,2,4,1,1,100,1,1,100,1,1,100,0,1,1,1,0,0,1,0,3.0,2.4,66.7,163.9,-97.3,163.9,66.7,97.3,-2,0,0,0,0,0,0,0,0,0,0,0,0,0,0,0,0,0,0,0,0,0,0,0,0,0,0,0,0,0,0,0,0
Manchester Magic Academy EABL,"A. Sagay Isiorho, D. Allotey, J. Odongo, S. Sidi-Boumedine, T. Weekes",BMET City of Birmingham Rockets EABL,"A. Camara, J. Agbeze, J. Hyland, L. Duru, P. Walsh",1,50,0.8,2.7,0,0,2,0,0,1,0,0,0,0,0,2,2,0,0,0,1,2,2,1,1,100,0,0,0,0,3,0,0,0,0,1,1,0,0,0,3.0,2.3,0,86.2,-86.2,86.2,0,86.2,-2,0,0,0,0,0,0,0,0,0,0,0,0,0,0,0,0,0,0,0,0,0,0,0,0,0,0,0,0,0,0,0,0
Oaklands Wolves EABL,"D. Kostadinov, G. Mitchell, H. Morrell, L. Mcintosh, T. Mcintosh",City of London Academy - Southwark EABL,"B. Olowoshile, L. Thompson, R. Cryer, R. Testfay, S. Shirwac",1,95,1.6,2.7,4,1,1,100,1,1,100,1,1,100,0,1,1,1,0,0,1,0,6,2,3,66.7,2,2,100,0,0,0,0,0,0,2,0,0,0,1,2.4,3.0,163.9,200,-36.1,200,163.9,36.1,-2,0,0,0,0,0,0,0,0,0,0,0,0,0,0,0,0,0,0,0,0,0,0,0,0,0,0,0,0,0,0,0,0
Oaklands Wolves EABL,"D. Gladstone, E. Da Cruz Fatuda, G. Mitchell, H. Morrell, T. Mcintosh",City of London Academy - Southwark EABL,"B. Olowoshile, D. Banjoko, D. Patel, J. Hannick, T. Gass",1,94,1.6,2.7,3,1,1,100,1,1,100,0,0,0,0,0,0,1,1,0,2,1,3,1,2,50,0,0,0,1,1,100,1,0,1,0,2,0,1,0,3.0,2.4,100,126.6,-26.6,126.6,100,26.6,0,0,0,0,0,0,0,0,0,0,0,0,0,0,0,0,0,0,0,0,0,0,0,0,0,0,0,0,0,0,0,0,0
HHS Reading Rockets EABL,"E. Harrington, J. Waterhouse, L. Bakary, M. Daines, M. Hassan-Taylor",Barking Abbey EABL,"A. Maitland, J. Mendes, K. Mabaya, M. Filho, R. Connolly",1,24,0.4,2.7,0,0,1,0,0,0,0,0,0,0,0,0,0,0,0,0,2,2,5,2,2,100,0,0,0,1,1,100,0,1,1,1,1,1,0,0,3.0,2.4,0,204.9,-204.9,204.9,0,204.9,-5,0,0,0,0,0,0,0,0,0,0,0,0,0,0,0,0,0,0,0,0,0,0,0,0,0,0,0,0,0,0,0,0
SGS College EABL,"A. Odowa, D. Lloyd, I. Toure, K. Ramirez Mora, M. Perez Tosca",Manchester Magic Academy EABL,"A. Adetula, D. Allotey, H. Blake, T. Richardson, T. Weekes",1,64,1.1,2.7,0,0,1,0,0,0,0,0,0,0,0,1,1,0,1,0,1,1,2,1,2,50,0,1,0,0,1,0,0,1,1,1,0,0,1,0,2.0,3.4,0,58.1,-58.1,58.1,0,58.1,-2,0,0,0,0,0,0,0,0,0,0,0,0,0,0,0,0,0,0,0,0,0,0,0,0,0,0,0,0,0,0,0,0
HHS Reading Rockets EABL,"C. Okumus, E. Harrington, J. Waterhouse, M. Daines, M. Hassan-Taylor",BMET City of Birmingham Rockets EABL,"A. Camara, G. Angoy, J. Hyland, P. Basioudis, S. Chikukwa",1,66,1.1,2.7,4,1,2,50,1,2,50,1,3,33.3,0,0,0,1,0,0,0,0,3,1,1,100,1,1,100,0,0,0,0,2,2,1,0,0,1,0,3.3,2.0,120.5,150,-29.5,150,120.5,29.5,1,0,0,0,0,0,0,0,0,0,0,0,0,0,0,0,0,0,0,0,0,0,0,0,0,0,0,0,0,0,0,0,0
Manchester Magic Academy EABL,"A. Isiorho, J. Odongo, J. Walton, L. Clayton, O. Babalola",Oaklands Wolves EABL,"D. Kostadinov, E. Da Cruz Fatuda, G. Mitchell, H. Morrell, S. Mills",1,76,1.3,2.7,5,2,4,50,0,0,0,1,1,100,2,0,2,0,0,0,0,0,3,1,1,100,1,1,100,0,0,0,0,0,0,1,0,0,2,2,2.3,3.0,217.4,100,117.4,100,217.4,-117.4,2,0,0,0,0,0,0,0,0,0,0,0,0,0,0,0,0,0,0,0,0,0,0,0,0,0,0,0,0,0,0,0,0
Manchester Magic Academy EABL,"D. Allotey, H. Blake, J. Walton, O. Babalola, T. Kamal Kazmi",Oaklands Wolves EABL,"D. Gladstone, D. Kostadinov, G. Mitchell, H. Morrell, T. Mcintosh",1,116,1.9,2.7,0,0,4,0,0,3,0,0,0,0,1,0,1,0,0,0,0,0,2,1,3,33.3,0,0,0,0,0,0,2,2,4,0,0,0,2,1,2.6,2.9,0,69.9,-69.9,69.9,0,69.9,-2,0,0,0,0,0,0,0,0,0,0,0,0,0,0,0,0,0,0,0,0,0,0,0,0,0,0,0,0,0,0,0,0
BMET City of Birmingham Rockets EABL,"G. Angoy, J. Agbeze, J. Hyland, L. Duru, P. Basioudis",Copleston High School EABL,"E. Tamakloe, G. Millar, I. Little, M. Liddamore, N. Wilkinson",1,48,0.8,2.7,4,1,1,100,0,0,0,2,3,66.7,0,1,1,1,1,0,0,0,0,0,2,0,0,2,0,0,0,0,0,1,1,0,0,0,1,1,2.3,3.0,172.4,0,172.4,0,172.4,-172.4,4,0,0,0,0,0,0,0,0,0,0,0,0,0,0,0,0,0,0,0,0,0,0,0,0,0,0,0,0,0,0,0,0
City of London Academy - Southwark EABL,"A. Nwokolo, D. Banjoko, J. Hannick, L. Thompson, T. Gass",Myerscough College EABL,"A. Ibirinde, J. Bobkowski, O. Esingle, S. Latidan, S. Latidan",1,38,0.6,2.7,2,0,0,0,0,0,0,2,3,66.7,0,1,1,0,0,0,1,0,0,0,1,0,0,0,0,0,0,0,0,0,0,0,1,0,2,2,2.3,3.0,86.2,0,86.2,0,86.2,-86.2,2,0,0,0,0,0,0,0,0,0,0,0,0,0,0,0,0,0,0,0,0,0,0,0,0,0,0,0,0,0,0,0,0
SGS College EABL,"D. Lloyd, I. Toure, M. Perez Tosca, M. Pospori, S. Nelson",Myerscough College EABL,"C. Sanchez Falette, H. Sheehan, J. Bobkowski, S. Latidan, S. Latidan",1,81,1.4,2.6,2,1,2,50,0,0,0,0,0,0,0,2,2,1,0,0,0,2,0,0,5,0,0,2,0,0,4,0,4,1,5,0,0,0,0,0,2.0,3.2,100,0,100,0,100,-100,2,0,0,0,0,0,0,0,0,0,0,0,0,0,0,0,0,0,0,0,0,0,0,0,0,0,0,0,0,0,0,0,0
City of London Academy - Southwark EABL,"D. Banjoko, D. Banjoko, D. Patel, L. Thompson, T. Gass",Barking Abbey EABL,"A. Maitland, F. Oguntuase, J. Mendes, M. Filho, R. Connolly",1,89,1.5,2.6,2,1,5,20,0,0,0,0,0,0,2,0,2,0,2,0,0,1,0,0,0,0,0,0,0,0,0,0,0,1,1,0,0,0,3,0,2.1,3.0,93.2,0,93.2,0,93.2,-93.2,2,0,0,0,0,0,0,0,0,0,0,0,0,0,0,0,0,0,0,0,0,0,0,0,0,0,0,0,0,0,0,0,0
Manchester Magic Academy EABL,"J. Walton, L. Clayton, O. Babalola, S. Sidi-Boumedine, T. Richardson",Derby College Trailblazers EABL,"C. Burr, E. Rice, J. Howlett, J. Lemanski, R. Hobday",1,90,1.5,2.6,4,2,3,66.7,0,1,0,0,2,0,1,2,3,1,0,2,0,0,0,0,4,0,0,1,0,0,0,0,2,1,3,0,0,0,0,1,3.3,1.9,119.6,0,119.6,0,119.6,-119.6,4,0,0,0,0,0,0,0,0,0,0,0,0,0,0,0,0,0,0,0,0,0,0,0,0,0,0,0,0,0,0,0,0
HHS Reading Rockets EABL,"C. Okumus, J. Waterhouse, L. Bakary, L. Francis, M. Daines",City of London Academy - Southwark EABL,"A. Morentin, B. Olowoshile, D. Banjoko, R. Cryer, R. Testfay",1,75,1.2,2.6,0,0,2,0,0,1,0,0,0,0,0,2,2,0,0,0,1,1,0,0,2,0,0,2,0,0,2,0,1,0,1,0,0,0,0,0,3.0,2.2,0,0,0,0,0,0,0,0,0,0,0,0,0,0,0,0,0,0,0,0,0,0,0,0,0,0,0,0,0,0,0,0,0,0,0,0,0,0,0
Charnwood College Riders EABL,"L. Boothe, L. Stevenson, R. Buckingham, T. Curran, Z. Gleadell-Smith",Myerscough College EABL,"H. Sheehan, J. Bobkowski, J. Sanchez, S. Laditan, Z. Trezvant",1,52,0.9,2.6,5,2,3,66.7,0,1,0,1,2,50,1,1,2,1,1,0,0,0,0,0,3,0,0,2,0,0,0,0,2,1,3,0,0,0,1,0,3.3,1.9,149.5,0,149.5,0,149.5,-149.5,5,0,0,0,0,0,0,0,0,0,0,0,0,0,0,0,0,0,0,0,0,0,0,0,0,0,0,0,0,0,0,0,0
Itchen College EABL,"D. Cimochowski, E. Lotriet, E. Round, M. Edwards, R. Radu",City of London Academy - Southwark EABL,"A. Morentin, A. Nwokolo, D. Banjoko, R. Cryer, R. Testfay",1,76,1.3,2.6,5,1,1,100,0,0,0,3,5,60,0,1,1,0,1,0,0,0,0,0,1,0,0,1,0,0,0,0,0,1,1,0,0,0,1,3,3.2,2.0,156.2,0,156.2,0,156.2,-156.2,5,0,0,0,0,0,0,0,0,0,0,0,0,0,0,0,0,0,0,0,0,0,0,0,0,0,0,0,0,0,0,0,0
Charnwood College Riders EABL,"L. Boothe, L. Stevenson, P. Kattah, T. Curran, T. Pearson",Derby College Trailblazers EABL,"C. Burr, D. Kilmas, G. Pastor, J. Howlett, L. Ngomti",1,81,1.4,2.6,1,0,4,0,0,1,0,1,2,50,3,0,3,0,0,0,0,1,3,1,1,100,0,0,0,1,2,50,0,2,2,2,0,0,1,2,2.3,2.9,43.3,104.2,-60.9,104.2,43.3,60.9,-2,0,0,0,0,0,0,0,0,0,0,0,0,0,0,0,0,0,0,0,0,0,0,0,0,0,0,0,0,0,0,0,0
Manchester Magic Academy EABL,"A. Sagay Isiorho, D. Allotey, H. Blake, J. Odongo, O. Babalola",Myerscough College EABL,"A. Ibirinde, C. Sanchez Falette, H. Sheehan, O. Esingle, S. Latidan",1,56,0.9,2.6,1,0,3,0,0,2,0,1,2,50,2,0,2,1,1,0,0,0,0,0,0,0,0,0,0,0,0,0,0,2,2,0,0,0,3,2,2.3,3.0,44,0,44,0,44,-44,1,0,0,0,0,0,0,0,0,0,0,0,0,0,0,0,0,0,0,0,0,0,0,0,0,0,0,0,0,0,0,0,0
Itchen College EABL,"D. Cimochowski, E. Lotriet, J. Ofman, R. Radu, T. Blower",Barking Abbey EABL,"A. Maitland, J. Mendes, O. Visockas, R. Connolly, S. Dobson Smith",1,98,1.6,2.6,7,2,3,66.7,2,3,66.7,1,1,100,0,0,0,2,0,0,0,2,3,0,0,0,0,0,0,3,4,75,1,1,2,0,0,0,0,1,3.4,1.8,203.5,170.5,33,170.5,203.5,-33,4,0,0,0,0,0,0,0,0,0,0,0,0,0,0,0,0,0,0,0,0,0,0,0,0,0,0,0,0,0,0,0,0
Derby College Trailblazers EABL,"E. Norman, G. Pastor, J. Howlett, M. Smith-Fjordland, W. Tallon",SGS College EABL,"D. Lloyd, K. Ramirez Mora, K. Richards, M. Alburo, M. Perez Tosca",1,69,1.1,2.6,0,0,0,0,0,0,0,0,0,0,0,0,0,0,0,0,2,1,6,2,3,66.7,0,0,0,2,3,66.7,1,0,1,1,1,0,0,1,2.0,3.2,0,184.6,-184.6,184.6,0,184.6,-6,0,0,0,0,0,0,0,0,0,0,0,0,0,0,0,0,0,0,0,0,0,0,0,0,0,0,0,0,0,0,0,0
BMET City of Birmingham Rockets EABL,"B. Rose, G. Angoy, J. Ogbeide, L. Duru, P. Basioudis",Derby College Trailblazers EABL,"E. Norman, E. Rice, K. Zidonis, O. Krysa, W. Tallon",1,56,0.9,2.5,2,1,2,50,0,1,0,0,0,0,0,0,0,0,1,0,0,0,3,1,2,50,1,1,100,0,0,0,1,1,2,0,0,0,2,0,2.0,2.9,100,102.4,-2.4,102.4,100,2.4,-1,0,0,0,0,0,0,0,0,0,0,0,0,0,0,0,0,0,0,0,0,0,0,0,0,0,0,0,0,0,0,0,0
BMET City of Birmingham Rockets EABL,"I. Gisbourne, J. Kesto, J. Ogbeide, L. Duru, P. Walsh",Derby College Trailblazers EABL,"C. Burr, J. Lemanski, K. Zidonis, L. Ngomti, M. Smith-Fjordland",1,55,0.9,2.5,2,1,2,50,0,1,0,0,0,0,1,1,2,1,1,0,1,0,0,0,1,0,0,0,0,0,0,0,0,0,0,0,1,0,2,0,1.9,3.0,103.6,0,103.6,0,103.6,-103.6,2,0,0,0,0,0,0,0,0,0,0,0,0,0,0,0,0,0,0,0,0,0,0,0,0,0,0,0,0,0,0,0,0
Manchester Magic Academy EABL,"H. Blake, J. Odongo, J. Walton, N. Brown, T. Weekes",Charnwood College Riders EABL,"A. Oyerinde, D. Hanousek, D. Stephens, L. Boothe, T. Curran",1,55,0.9,2.5,2,1,2,50,0,0,0,0,0,0,0,0,0,1,1,0,0,1,0,0,0,0,0,0,0,0,0,0,0,1,1,0,0,0,3,1,2.0,3.0,100,0,100,0,100,-100,2,0,0,0,0,0,0,0,0,0,0,0,0,0,0,0,0,0,0,0,0,0,0,0,0,0,0,0,0,0,0,0,0
SGS College EABL,"A. Odowa, I. Toure, M. Alburo, M. Perez Tosca, M. Pospori",Myerscough College EABL,"F. Morgan, L. Farrell, O. Esingle, S. Latidan, Z. Trezvant",1,43,0.7,2.5,3,1,2,50,1,2,50,0,0,0,0,1,1,1,1,0,1,1,0,0,1,0,0,0,0,0,0,0,0,1,1,0,1,0,1,0,3.0,2.0,100,0,100,0,100,-100,3,0,0,0,0,0,0,0,0,0,0,0,0,0,0,0,0,0,0,0,0,0,0,0,0,0,0,0,0,0,0,0,0
City of London Academy - Southwark EABL,"A. Nwokolo, D. Banjoko, D. Banjoko, J. Hannick, T. Gass",Itchen College EABL,"D. Cimochowski, E. Lotriet, E. Round, J. Osei-Owusu, T. Blower",1,27,0.5,2.5,0,0,0,0,0,0,0,0,0,0,0,0,0,0,1,0,2,0,0,0,0,0,0,0,0,0,0,0,0,0,0,0,1,0,3,1,2.0,3.0,0,0,0,0,0,0,0,0,0,0,0,0,0,0,0,0,0,0,0,0,0,0,0,0,0,0,0,0,0,0,0,0,0,0,0,0,0,0,0
BMET City of Birmingham Rockets EABL,"G. Angoy, I. Gisbourne, J. Hyland, L. Duru, P. Basioudis",SGS College EABL,"I. Toure, K. Ramirez Mora, M. Alburo, M. Perez Tosca, M. Pospori",1,62,1.0,2.5,0,0,2,0,0,1,0,0,0,0,0,1,1,0,0,0,0,0,0,0,1,0,0,0,0,0,0,0,0,2,2,0,0,0,2,1,2.0,3.0,0,0,0,0,0,0,0,0,0,0,0,0,0,0,0,0,0,0,0,0,0,0,0,0,0,0,0,0,0,0,0,0,0,0,0,0,0,0,0
BMET City of Birmingham Rockets EABL,"G. Angoy, J. Agbeze, J. Hyland, L. Duru, P. Basioudis",SGS College EABL,"D. Lloyd, K. Richards, M. Alburo, M. Pospori, S. Nelson",1,67,1.1,2.5,5,2,2,100,1,1,100,0,0,0,0,1,1,0,1,0,1,1,0,0,2,0,0,1,0,0,0,0,1,0,1,0,0,0,1,0,3.0,1.9,166.7,0,166.7,0,166.7,-166.7,5,0,0,0,0,0,0,0,0,0,0,0,0,0,0,0,0,0,0,0,0,0,0,0,0,0,0,0,0,0,0,0,0
BMET City of Birmingham Rockets EABL,"A. Camara, G. Angoy, J. Agbeze, L. Duru, P. Basioudis",SGS College EABL,"A. Odowa, M. Alburo, M. Perez Tosca, M. Pospori, W. Wewe",1,58,1.0,2.5,3,1,2,50,1,1,100,0,0,0,0,0,0,0,0,0,1,0,2,1,1,100,0,0,0,0,0,0,0,1,1,0,1,0,1,0,3.0,2.0,100,100,0,100,100,0,1,0,0,0,0,0,0,0,0,0,0,0,0,0,0,0,0,0,0,0,0,0,0,0,0,0,0,0,0,0,0,0,0
BMET City of Birmingham Rockets EABL,"G. Angoy, I. Gisbourne, J. Agbeze, L. Duru, P. Basioudis",SGS College EABL,"A. Odowa, I. Toure, M. Alburo, M. Perez Tosca, M. Pospori",1,80,1.3,2.5,5,2,2,100,1,1,100,0,0,0,0,2,2,1,0,1,1,1,0,0,2,0,0,0,0,0,0,0,0,0,0,0,0,0,0,0,3.0,2.0,166.7,0,166.7,0,166.7,-166.7,5,0,0,0,0,0,0,0,0,0,0,0,0,0,0,0,0,0,0,0,0,0,0,0,0,0,0,0,0,0,0,0,0
BMET City of Birmingham Rockets EABL,"G. Angoy, I. Gisbourne, J. Agbeze, L. Duru, P. Basioudis",SGS College EABL,"D. Lloyd, I. Toure, K. Ramirez Mora, M. Alburo, S. Nelson",1,67,1.1,2.5,5,2,2,100,1,1,100,0,0,0,0,1,1,1,0,0,0,0,0,0,1,0,0,0,0,0,0,0,0,0,0,0,0,0,2,1,2.0,3.0,250,0,250,0,250,-250,5,0,0,0,0,0,0,0,0,0,0,0,0,0,0,0,0,0,0,0,0,0,0,0,0,0,0,0,0,0,0,0,0
Itchen College EABL,"A. Ben-Uloko, B. Cope, E. Lotriet, E. Round, L. Diala-Bevan",Copleston High School EABL,"G. Millar, J. Mussington, M. Wells, N. Wilkinson, T. Rafiu",1,44,0.7,2.5,3,1,3,33.3,1,1,100,0,0,0,0,0,0,1,1,0,0,0,2,1,1,100,0,0,0,0,0,0,0,1,1,1,0,1,1,0,3.0,2.0,100,100,0,100,100,0,1,0,0,0,0,0,0,0,0,0,0,0,0,0,0,0,0,0,0,0,0,0,0,0,0,0,0,0,0,0,0,0,0
Itchen College EABL,"E. Lotriet, G. Andrews, J. Ofman, L. Diala-Bevan, R. Radu",Copleston High School EABL,"A. Hickey, C. Fobister, I. Little, M. Liddamore, N. Wilkinson",1,68,1.1,2.5,2,1,2,50,0,0,0,0,0,0,0,2,2,1,0,0,0,0,0,0,2,0,0,0,0,0,0,0,0,1,1,0,0,0,1,0,2.0,3.0,100,0,100,0,100,-100,2,0,0,0,0,0,0,0,0,0,0,0,0,0,0,0,0,0,0,0,0,0,0,0,0,0,0,0,0,0,0,0,0
Itchen College EABL,"G. Andrews, J. Osei-Owusu, M. Edwards, R. Radu, T. Blower",Copleston High School EABL,"C. Fobister, J. Mussington, M. Liddamore, M. Wells, T. Rafiu",1,72,1.2,2.5,0,0,1,0,0,0,0,0,0,0,0,1,1,0,0,0,1,0,4,2,3,66.7,0,1,0,0,0,0,0,1,1,2,1,0,0,1,2.0,3.0,0,133.3,-133.3,133.3,0,133.3,-4,0,0,0,0,0,0,0,0,0,0,0,0,0,0,0,0,0,0,0,0,0,0,0,0,0,0,0,0,0,0,0,0
Myerscough College EABL,"H. Sheehan, J. Bobkowski, O. Esingle, S. Latidan, Z. Trezvant",Manchester Magic Academy EABL,"J. Odongo, J. Walton, O. Babalola, S. Sidi-Boumedine, T. Kamal Kazmi",1,76,1.3,2.5,6,3,3,100,0,0,0,0,0,0,0,2,2,2,0,0,0,0,0,0,2,0,0,1,0,0,0,0,0,0,0,0,0,0,0,0,3.0,2.0,200,0,200,0,200,-200,6,0,0,0,0,0,0,0,0,0,0,0,0,0,0,0,0,0,0,0,0,0,0,0,0,0,0,0,0,0,0,0,0
City of London Academy - Southwark EABL,"D. Banjoko, D. Banjoko, L. Thompson, R. Testfay, T. Gass",Barking Abbey EABL,"A. Maitland, F. Oguntuase, J. Mendes, M. Filho, R. Connolly",1,85,1.4,2.5,0,0,2,0,0,0,0,0,0,0,0,0,0,0,0,0,1,0,5,2,2,100,1,1,100,0,0,0,0,2,2,1,0,0,0,0,3.0,2.0,0,250,-250,250,0,250,-5,0,0,0,0,0,0,0,0,0,0,0,0,0,0,0,0,0,0,0,0,0,0,0,0,0,0,0,0,0,0,0,0
City of London Academy - Southwark EABL,"A. Nwokolo, D. Banjoko, D. Banjoko, R. Testfay, T. Gass",Barking Abbey EABL,"A. Maitland, J. Mendes, K. Mabaya, R. Connolly, S. Dobson Smith",1,80,1.3,2.5,3,1,1,100,0,0,0,1,2,50,0,2,2,1,0,0,0,2,2,0,4,0,0,2,0,2,4,50,3,0,3,0,0,0,0,2,1.9,3.2,159.6,62.7,96.9,62.7,159.6,-96.9,1,0,0,0,0,0,0,0,0,0,0,0,0,0,0,0,0,0,0,0,0,0,0,0,0,0,0,0,0,0,0,0,0
Copleston High School EABL,"C. Fobister, E. Tamakloe, I. Little, M. Liddamore, T. Rafiu",Barking Abbey EABL,"J. Mendes, K. Mabaya, M. Filho, O. Visockas, R. Connolly",1,74,1.2,2.5,0,0,2,0,0,1,0,0,0,0,0,1,1,0,0,0,0,0,4,2,3,66.7,0,0,0,0,0,0,0,2,2,0,0,0,0,0,2.0,3.0,0,133.3,-133.3,133.3,0,133.3,-4,0,0,0,0,0,0,0,0,0,0,0,0,0,0,0,0,0,0,0,0,0,0,0,0,0,0,0,0,0,0,0,0
Copleston High School EABL,"C. Fobister, E. Tamakloe, I. Little, M. Liddamore, T. Rafiu",Barking Abbey EABL,"H. Mclauchlan, J. Mendes, M. Filho, O. Visockas, W. Harper",1,60,1.0,2.5,2,1,3,33.3,0,2,0,0,0,0,0,1,1,0,0,0,0,0,0,0,1,0,0,1,0,0,0,0,0,2,2,0,0,0,1,1,3.0,2.0,66.7,0,66.7,0,66.7,-66.7,2,0,0,0,0,0,0,0,0,0,0,0,0,0,0,0,0,0,0,0,0,0,0,0,0,0,0,0,0,0,0,0,0
Charnwood College Riders EABL,"A. Oyerinde, F. Saeed, R. Buckingham, T. Curran, Z. Gleadell-Smith",SGS College EABL,"A. Bennett, I. Toure, K. Ramirez Mora, L. Matthews, M. Alburo",1,78,1.3,2.5,4,2,3,66.7,0,0,0,0,0,0,1,1,2,1,0,1,0,1,2,1,3,33.3,0,1,0,0,0,0,0,0,0,1,0,0,0,1,1.9,3.0,207.3,66.7,140.6,66.7,207.3,-140.6,2,0,0,0,0,0,0,0,0,0,0,0,0,0,0,0,0,0,0,0,0,0,0,0,0,0,0,0,0,0,0,0,0
Manchester Magic Academy EABL,"J. Walton, L. Clayton, N. Brown, O. Babalola, T. Kamal Kazmi",Derby College Trailblazers EABL,"C. Burr, E. Rice, L. Ngomti, R. Hobday, W. Tallon",1,69,1.1,2.5,2,1,2,50,0,0,0,0,0,0,0,2,2,0,0,0,1,0,0,0,2,0,0,2,0,0,0,0,0,0,0,0,0,0,0,0,3.0,2.0,66.7,0,66.7,0,66.7,-66.7,2,0,0,0,0,0,0,0,0,0,0,0,0,0,0,0,0,0,0,0,0,0,0,0,0,0,0,0,0,0,0,0,0
Myerscough College EABL,"C. Sanchez Falette, H. Sheehan, O. Esingle, S. Latidan, Z. Trezvant",BMET City of Birmingham Rockets EABL,"D. Pittaway, G. Angoy, J. Agbeze, J. Hyland, L. Duru",1,48,0.8,2.5,0,0,1,0,0,1,0,0,0,0,0,1,1,0,0,0,1,1,0,0,2,0,0,0,0,0,0,0,0,1,1,0,1,0,1,0,2.0,3.0,0,0,0,0,0,0,0,0,0,0,0,0,0,0,0,0,0,0,0,0,0,0,0,0,0,0,0,0,0,0,0,0,0,0,0,0,0,0,0
Myerscough College EABL,"C. Sanchez Falette, D. Okhuoya, N. Byfield, S. Latidan, Z. Trezvant",BMET City of Birmingham Rockets EABL,"G. Angoy, G. Singh, J. Hyland, L. Duru, P. Walsh",1,68,1.1,2.5,5,2,3,66.7,1,1,100,0,0,0,1,1,2,2,1,0,0,1,2,1,2,50,0,1,0,0,0,0,0,0,0,0,0,0,1,0,1.9,3.0,259.1,66.7,192.4,66.7,259.1,-192.4,3,0,0,0,0,0,0,0,0,0,0,0,0,0,0,0,0,0,0,0,0,0,0,0,0,0,0,0,0,0,0,0,0
Myerscough College EABL,"D. Okhuoya, F. Morgan, H. Sheehan, I. Idemudia, N. Byfield",BMET City of Birmingham Rockets EABL,"A. Camara, D. Pittaway, G. Singh, J. Ogbeide, S. Chikukwa",1,79,1.3,2.5,2,1,2,50,0,1,0,0,0,0,0,3,3,1,0,0,0,0,0,0,3,0,0,1,0,0,0,0,0,1,1,0,0,0,0,0,2.0,3.0,100,0,100,0,100,-100,2,0,0,0,0,0,0,0,0,0,0,0,0,0,0,0,0,0,0,0,0,0,0,0,0,0,0,0,0,0,0,0,0
HHS Reading Rockets EABL,"J. Waterhouse, L. Francis, M. Daines, M. Hassan-Taylor, S. Ejiofor",City of London Academy - Southwark EABL,"D. Banjoko, R. Cryer, R. Testfay, S. Shirwac, T. Gass",1,63,1.1,2.5,2,1,2,50,0,1,0,0,0,0,0,1,1,0,1,0,0,0,2,1,2,50,0,0,0,0,0,0,0,1,1,1,0,0,1,0,2.0,3.0,100,66.7,33.3,66.7,100,-33.3,0,0,0,0,0,0,0,0,0,0,0,0,0,0,0,0,0,0,0,0,0,0,0,0,0,0,0,0,0,0,0,0,0
HHS Reading Rockets EABL,"C. Okumus, L. Bakary, L. Francis, M. Hassan-Taylor, N. Dent",City of London Academy - Southwark EABL,"B. Olowoshile, D. Banjoko, D. Banjoko, R. Cryer, S. Shirwac",1,58,1.0,2.5,0,0,1,0,0,0,0,0,0,0,0,0,0,0,1,0,0,0,0,0,1,0,0,0,0,0,0,0,0,1,1,0,0,0,3,1,1.0,4.0,0,0,0,0,0,0,0,0,0,0,0,0,0,0,0,0,0,0,0,0,0,0,0,0,0,0,0,0,0,0,0,0,0,0,0,0,0,0,0
Oaklands Wolves EABL,"E. Da Cruz Fatuda, G. Mitchell, H. Morrell, L. Mcintosh, T. Mcintosh",Itchen College EABL,"E. Lotriet, E. Round, J. Ofman, M. Yeates, T. Blower",1,57,0.9,2.5,3,1,2,50,0,0,0,1,1,100,1,2,3,1,0,0,1,1,2,1,3,33.3,0,0,0,0,1,0,1,0,1,0,1,0,0,2,2.4,2.7,126.6,73.3,53.2,73.3,126.6,-53.2,1,0,0,0,0,0,0,0,0,0,0,0,0,0,0,0,0,0,0,0,0,0,0,0,0,0,0,0,0,0,0,0,0
Oaklands Wolves EABL,"D. Gladstone, D. Kostadinov, E. Da Cruz Fatuda, G. Augenti, L. Mcintosh",Itchen College EABL,"B. Cope, E. Lotriet, E. Round, J. Ofman, M. Yeates",1,76,1.3,2.5,5,2,2,100,1,1,100,0,0,0,0,0,0,1,0,0,1,0,4,2,2,100,0,0,0,0,0,0,0,0,0,0,0,0,0,0,3.0,2.0,166.7,200,-33.3,200,166.7,33.3,1,0,0,0,0,0,0,0,0,0,0,0,0,0,0,0,0,0,0,0,0,0,0,0,0,0,0,0,0,0,0,0,0
BMET City of Birmingham Rockets EABL,"A. Camara, G. Angoy, G. Singh, J. Agbeze, P. Walsh",Manchester Magic Academy EABL,"H. Blake, L. Clayton, S. Sidi-Boumedine, T. Kamal Kazmi, T. Richardson",1,43,0.7,2.5,2,1,2,50,0,1,0,0,0,0,1,1,2,0,0,0,2,0,2,1,2,50,0,0,0,0,0,0,0,0,0,0,2,0,0,2,2.9,2.0,68.3,100,-31.7,100,68.3,31.7,0,0,0,0,0,0,0,0,0,0,0,0,0,0,0,0,0,0,0,0,0,0,0,0,0,0,0,0,0,0,0,0,0
BMET City of Birmingham Rockets EABL,"D. Pittaway, J. Agbeze, L. Duru, P. Basioudis, P. Walsh",Manchester Magic Academy EABL,"D. Allotey, H. Blake, L. Clayton, S. Sidi-Boumedine, T. Kamal Kazmi",1,92,1.5,2.5,4,2,2,100,0,0,0,0,0,0,0,0,0,1,1,0,0,0,4,2,2,100,0,0,0,0,0,0,0,0,0,2,0,0,1,0,2.0,3.0,200,133.3,66.7,133.3,200,-66.7,0,0,0,0,0,0,0,0,0,0,0,0,0,0,0,0,0,0,0,0,0,0,0,0,0,0,0,0,0,0,0,0,0
BMET City of Birmingham Rockets EABL,"D. Pittaway, G. Angoy, L. Duru, P. Basioudis, P. Walsh",Manchester Magic Academy EABL,"H. Blake, J. Walton, N. Brown, O. Babalola, T. Kamal Kazmi",1,99,1.6,2.5,2,1,1,100,0,0,0,0,0,0,0,1,1,0,0,0,1,0,6,2,3,66.7,2,3,66.7,0,0,0,0,0,0,2,1,0,0,1,2.0,3.0,100,200,-100,200,100,100,-4,0,0,0,0,0,0,0,0,0,0,0,0,0,0,0,0,0,0,0,0,0,0,0,0,0,0,0,0,0,0,0,0
BMET City of Birmingham Rockets EABL,"G. Angoy, J. Agbeze, L. Duru, P. Basioudis, P. Walsh",Manchester Magic Academy EABL,"H. Blake, J. Walton, O. Babalola, S. Sidi-Boumedine, T. Kamal Kazmi",1,49,0.8,2.5,0,0,2,0,0,2,0,0,0,0,0,1,1,0,0,0,0,0,3,1,2,50,1,2,50,0,0,0,0,2,2,1,0,0,1,1,2.0,3.0,0,100,-100,100,0,100,-3,0,0,0,0,0,0,0,0,0,0,0,0,0,0,0,0,0,0,0,0,0,0,0,0,0,0,0,0,0,0,0,0
BMET City of Birmingham Rockets EABL,"B. Rose, G. Singh, L. Duru, P. Basioudis, P. Walsh",Manchester Magic Academy EABL,"J. Walton, L. Clayton, S. Sidi-Boumedine, T. Kamal Kazmi, T. Richardson",1,56,0.9,2.5,0,0,1,0,0,0,0,0,0,0,1,1,2,0,0,0,2,0,5,2,3,66.7,1,2,50,0,0,0,0,0,0,2,2,0,0,0,1.9,3.0,0,166.7,-166.7,166.7,0,166.7,-5,0,0,0,0,0,0,0,0,0,0,0,0,0,0,0,0,0,0,0,0,0,0,0,0,0,0,0,0,0,0,0,0
Copleston High School EABL,"I. Carty-Peters, I. Little, M. Liddamore, N. Wilkinson, T. Rafiu",HHS Reading Rockets EABL,"C. Okumus, L. Bakary, M. Daines, M. Hassan-Taylor, N. Dent",1,48,0.8,2.5,5,2,3,66.7,1,2,50,0,0,0,0,0,0,2,1,0,0,0,2,1,1,100,0,0,0,0,0,0,0,1,1,1,0,0,1,0,3.0,2.0,166.7,100,66.7,100,166.7,-66.7,3,0,0,0,0,0,0,0,0,0,0,0,0,0,0,0,0,0,0,0,0,0,0,0,0,0,0,0,0,0,0,0,0
Charnwood College Riders EABL,"D. Hanousek, L. Stevenson, R. Buckingham, S. Morris, T. Curran",Myerscough College EABL,"H. Sheehan, J. Sanchez, O. Esingle, S. Laditan, Z. Trezvant",1,41,0.7,2.5,0,0,3,0,0,2,0,0,0,0,0,0,0,0,0,0,0,0,5,2,2,100,1,1,100,0,0,0,0,2,2,1,0,0,0,1,3.0,2.0,0,250,-250,250,0,250,-5,0,0,0,0,0,0,0,0,0,0,0,0,0,0,0,0,0,0,0,0,0,0,0,0,0,0,0,0,0,0,0,0
Charnwood College Riders EABL,"A. Oyerinde, L. Stevenson, R. Buckingham, T. Curran, Z. Gleadell-Smith",Myerscough College EABL,"A. Ibirinde, B. Gordon, H. Sheehan, J. Bobkowski, J. Sanchez",1,87,1.4,2.5,4,2,3,66.7,0,0,0,0,0,0,0,1,1,1,0,0,0,0,2,1,2,50,0,1,0,0,0,0,0,1,1,0,0,0,0,0,3.0,2.0,133.3,100,33.3,100,133.3,-33.3,2,0,0,0,0,0,0,0,0,0,0,0,0,0,0,0,0,0,0,0,0,0,0,0,0,0,0,0,0,0,0,0,0
SGS College EABL,"A. Bennett, D. Lloyd, K. Richards, M. Alburo, M. Pospori",Derby College Trailblazers EABL,"E. Norman, G. Pastor, J. Howlett, M. Smith-Fjordland, W. Tallon",1,57,0.9,2.5,0,0,1,0,0,1,0,0,0,0,0,1,1,0,0,0,1,0,4,2,3,66.7,0,0,0,0,0,0,0,1,1,0,1,0,0,0,2.0,3.0,0,133.3,-133.3,133.3,0,133.3,-4,0,0,0,0,0,0,0,0,0,0,0,0,0,0,0,0,0,0,0,0,0,0,0,0,0,0,0,0,0,0,0,0
City of London Academy - Southwark EABL,"A. Morentin, A. Nwokolo, B. Manfo-Marc, B. Olowoshile, D. Patel",Oaklands Wolves EABL,"E. Da Cruz Fatuda, G. Mitchell, H. Morrell, T. Mcintosh, Z. Gribble",1,77,1.3,2.5,2,1,2,50,0,0,0,0,0,0,0,2,2,0,0,0,0,0,0,0,3,0,0,3,0,0,0,0,0,1,1,0,0,0,0,0,2.0,3.0,100,0,100,0,100,-100,2,0,0,0,0,0,0,0,0,0,0,0,0,0,0,0,0,0,0,0,0,0,0,0,0,0,0,0,0,0,0,0,0
City of London Academy - Southwark EABL,"A. Morentin, B. Manfo-Marc, D. Patel, R. Nunn, S. Shirwac",Oaklands Wolves EABL,"D. Gladstone, D. Kostadinov, G. Augenti, K. Gasperas, L. Mcintosh",1,53,0.9,2.5,2,1,2,50,0,1,0,0,0,0,0,0,0,0,1,0,1,0,2,1,1,100,0,0,0,0,0,0,0,1,1,1,1,0,1,0,3.0,2.0,66.7,100,-33.3,100,66.7,33.3,0,0,0,0,0,0,0,0,0,0,0,0,0,0,0,0,0,0,0,0,0,0,0,0,0,0,0,0,0,0,0,0,0
Derby College Trailblazers EABL,"C. Burr, E. Norman, J. Howlett, R. Hobday, W. Tallon",Charnwood College Riders EABL,"P. Kattah, R. Buckingham, S. Morris, T. Curran, T. Pearson",1,26,0.4,2.5,0,0,1,0,0,0,0,0,0,0,1,1,2,0,0,0,1,0,3,1,2,50,1,2,50,0,0,0,0,0,0,1,1,0,2,1,0.9,4.0,0,75,-75,75,0,75,-3,0,0,0,0,0,0,0,0,0,0,0,0,0,0,0,0,0,0,0,0,0,0,0,0,0,0,0,0,0,0,0,0
Derby College Trailblazers EABL,"C. Burr, E. Norman, G. Pastor, J. Howlett, W. Tallon",Charnwood College Riders EABL,"A. Oyerinde, D. Stephens, L. Stevenson, S. Morris, T. Pearson",1,85,1.4,2.5,3,1,1,100,1,1,100,0,0,0,0,1,1,1,1,0,1,0,0,0,1,0,0,0,0,0,0,0,0,0,0,0,1,0,2,0,2.0,3.0,150,0,150,0,150,-150,3,0,0,0,0,0,0,0,0,0,0,0,0,0,0,0,0,0,0,0,0,0,0,0,0,0,0,0,0,0,0,0,0
Itchen College EABL,"B. Cope, E. Lotriet, E. Round, J. Osei-Owusu, M. Yeates",HHS Reading Rockets EABL,"E. Harrington, J. Mackinnon, L. Bakary, L. Franicis, M. Hassan-Taylor",1,45,0.8,2.5,0,0,2,0,0,1,0,0,0,0,0,1,1,0,0,0,0,0,2,1,3,33.3,0,1,0,0,0,0,0,2,2,1,0,0,0,0,2.0,3.0,0,66.7,-66.7,66.7,0,66.7,-2,0,0,0,0,0,0,0,0,0,0,0,0,0,0,0,0,0,0,0,0,0,0,0,0,0,0,0,0,0,0,0,0
Itchen College EABL,"B. Cope, E. Lotriet, E. Round, J. Osei-Owusu, M. Yeates",HHS Reading Rockets EABL,"C. Okumus, E. Harrington, J. Waterhouse, M. Hassan-Taylor, N. Dent",1,80,1.3,2.5,0,0,2,0,0,0,0,0,0,0,0,0,0,0,0,0,0,0,6,2,2,100,2,2,100,0,0,0,0,2,2,1,0,0,1,0,2.0,3.0,0,200,-200,200,0,200,-6,0,0,0,0,0,0,0,0,0,0,0,0,0,0,0,0,0,0,0,0,0,0,0,0,0,0,0,0,0,0,0,0
Itchen College EABL,"A. Ben-Uloko, B. Cope, G. Andrews, M. Yeates, R. Radu",HHS Reading Rockets EABL,"C. Okumus, E. Harrington, J. Mackinnon, J. Waterhouse, M. Hassan-Taylor",1,70,1.2,2.5,2,1,2,50,0,0,0,0,0,0,0,1,1,1,0,0,0,0,2,1,3,33.3,0,1,0,0,0,0,0,1,1,0,0,0,0,0,2.0,3.0,100,66.7,33.3,66.7,100,-33.3,0,0,0,0,0,0,0,0,0,0,0,0,0,0,0,0,0,0,0,0,0,0,0,0,0,0,0,0,0,0,0,0,0
Derby College Trailblazers EABL,"G. Pastor, J. Howlett, J. Lemanski, L. Ngomti, W. Tallon",Myerscough College EABL,"A. Ibirinde, D. Okhuoya, J. Bobkowski, N. Byfield, S. Latidan",1,50,0.8,2.5,2,0,1,0,0,1,0,2,3,66.7,0,1,1,0,0,0,0,2,1,0,1,0,0,0,0,1,4,25,0,1,1,0,0,0,0,1,2.3,2.8,86.2,36.2,50,36.2,86.2,-50,1,0,0,0,0,0,0,0,0,0,0,0,0,0,0,0,0,0,0,0,0,0,0,0,0,0,0,0,0,0,0,0,0
Manchester Magic Academy EABL,"A. Sagay Isiorho, J. Odongo, S. Sidi-Boumedine, T. Richardson, T. Weekes",SGS College EABL,"A. Odowa, I. Toure, L. Matthews, M. Perez Tosca, M. Pospori",1,72,1.2,2.5,4,2,2,100,0,0,0,0,0,0,0,0,0,1,1,0,0,0,5,2,2,100,1,1,100,0,0,0,0,0,0,2,0,0,1,1,2.0,3.0,200,166.7,33.3,166.7,200,-33.3,-1,0,0,0,0,0,0,0,0,0,0,0,0,0,0,0,0,0,0,0,0,0,0,0,0,0,0,0,0,0,0,0,0
Manchester Magic Academy EABL,"A. Sagay Isiorho, H. Blake, J. Odongo, S. Sidi-Boumedine, T. Richardson",SGS College EABL,"A. Bennett, A. Odowa, D. Lloyd, K. Ramirez Mora, M. Alburo",1,71,1.2,2.5,3,1,2,50,1,1,100,0,0,0,0,0,0,1,0,0,1,1,4,2,2,100,0,0,0,0,0,0,0,1,1,1,0,1,0,0,3.0,2.0,100,200,-100,200,100,100,-1,0,0,0,0,0,0,0,0,0,0,0,0,0,0,0,0,0,0,0,0,0,0,0,0,0,0,0,0,0,0,0,0
Copleston High School EABL,"C. Fobister, L. Read, M. Liddamore, M. Wells, N. Wilkinson",Oaklands Wolves EABL,"D. Kostadinov, G. Mitchell, H. Morrell, L. Mcintosh, T. Mcintosh",1,58,1.0,2.5,0,0,2,0,0,1,0,0,0,0,0,1,1,0,0,0,1,0,2,1,2,50,0,0,0,0,0,0,0,2,2,0,1,0,0,0,3.0,2.0,0,100,-100,100,0,100,-2,0,0,0,0,0,0,0,0,0,0,0,0,0,0,0,0,0,0,0,0,0,0,0,0,0,0,0,0,0,0,0,0
Charnwood College Riders EABL,"D. Hanousek, L. Boothe, L. Stevenson, S. Morris, T. Curran",Manchester Magic Academy EABL,"A. Sagay Isiorho, H. Blake, J. Odongo, T. Richardson, T. Weekes",1,47,0.8,2.5,4,2,2,100,0,0,0,0,0,0,0,1,1,2,1,0,1,0,0,0,1,0,0,0,0,0,0,0,0,0,0,0,1,0,1,1,3.0,2.0,133.3,0,133.3,0,133.3,-133.3,4,0,0,0,0,0,0,0,0,0,0,0,0,0,0,0,0,0,0,0,0,0,0,0,0,0,0,0,0,0,0,0,0
Charnwood College Riders EABL,"D. Hanousek, L. Stevenson, R. Buckingham, S. Morris, T. Curran",Manchester Magic Academy EABL,"A. Sagay Isiorho, H. Blake, J. Odongo, N. Brown, O. Babalola",1,70,1.2,2.5,2,1,3,33.3,0,0,0,0,0,0,1,0,1,1,0,0,0,0,7,3,3,100,1,1,100,0,0,0,0,1,1,3,0,2,0,0,1.9,3.0,103.6,233.3,-129.7,233.3,103.6,129.7,-5,0,0,0,0,0,0,0,0,0,0,0,0,0,0,0,0,0,0,0,0,0,0,0,0,0,0,0,0,0,0,0,0
Charnwood College Riders EABL,"D. Hanousek, L. Boothe, R. Buckingham, T. Curran, Z. Gleadell-Smith",Manchester Magic Academy EABL,"A. Sagay Isiorho, D. Allotey, J. Odongo, T. Kamal Kazmi, T. Richardson",1,84,1.4,2.5,5,2,3,66.7,1,1,100,0,0,0,0,1,1,2,0,0,0,0,3,1,2,50,1,1,100,0,0,0,0,1,1,1,0,0,0,1,3.0,2.0,166.7,150,16.7,150,166.7,-16.7,2,0,0,0,0,0,0,0,0,0,0,0,0,0,0,0,0,0,0,0,0,0,0,0,0,0,0,0,0,0,0,0,0
Derby College Trailblazers EABL,"C. Burr, E. Norman, J. Howlett, L. Ngomti, R. Hobday",BMET City of Birmingham Rockets EABL,"G. Angoy, J. Agbeze, J. Hyland, L. Duru, P. Basioudis",1,49,0.8,2.5,3,1,1,100,1,1,100,0,0,0,0,1,1,1,0,0,1,0,4,2,3,66.7,0,1,0,0,0,0,0,0,0,1,1,0,0,0,2.0,3.0,150,133.3,16.7,133.3,150,-16.7,-1,0,0,0,0,0,0,0,0,0,0,0,0,0,0,0,0,0,0,0,0,0,0,0,0,0,0,0,0,0,0,0,0
Derby College Trailblazers EABL,"G. Pastor, J. Howlett, J. Lemanski, L. Ngomti, W. Tallon",BMET City of Birmingham Rockets EABL,"J. Agbeze, J. Hyland, L. Duru, P. Basioudis, P. Walsh",1,66,1.1,2.5,3,1,3,33.3,1,2,50,0,0,0,0,1,1,0,0,0,0,0,2,1,2,50,0,1,0,0,0,0,0,0,0,0,0,0,0,0,3.0,2.0,100,100,0,100,100,0,1,0,0,0,0,0,0,0,0,0,0,0,0,0,0,0,0,0,0,0,0,0,0,0,0,0,0,0,0,0,0,0,0
Derby College Trailblazers EABL,"E. Norman, E. Rice, G. Pastor, L. Ngomti, R. Hobday",BMET City of Birmingham Rockets EABL,"G. Angoy, J. Agbeze, J. Hyland, L. Duru, P. Basioudis",1,79,1.3,2.5,0,0,3,0,0,0,0,0,0,0,1,0,1,0,0,0,0,0,7,3,3,100,1,1,100,0,0,0,0,2,2,3,0,0,0,0,1.9,3.0,0,233.3,-233.3,233.3,0,233.3,-7,0,0,0,0,0,0,0,0,0,0,0,0,0,0,0,0,0,0,0,0,0,0,0,0,0,0,0,0,0,0,0,0
Charnwood College Riders EABL,"A. Oyerinde, L. Boothe, L. Stevenson, P. Kattah, T. Pearson",Derby College Trailblazers EABL,"E. Norman, E. Rice, K. Zidonis, R. Hobday, W. Tallon",1,69,1.1,2.5,0,0,2,0,0,1,0,0,0,0,0,1,1,0,0,0,0,0,4,2,3,66.7,0,0,0,0,0,0,0,2,2,2,0,0,0,0,2.0,3.0,0,133.3,-133.3,133.3,0,133.3,-4,0,0,0,0,0,0,0,0,0,0,0,0,0,0,0,0,0,0,0,0,0,0,0,0,0,0,0,0,0,0,0,0
Charnwood College Riders EABL,"D. Hanousek, L. Boothe, L. Stevenson, P. Kattah, T. Curran",Derby College Trailblazers EABL,"C. Burr, E. Rice, G. Pastor, J. Howlett, R. Hobday",1,63,1.1,2.5,2,1,2,50,0,0,0,0,0,0,0,1,1,1,0,0,0,0,4,2,3,66.7,0,0,0,0,0,0,0,0,0,2,0,0,0,1,2.0,3.0,100,133.3,-33.3,133.3,100,33.3,-2,0,0,0,0,0,0,0,0,0,0,0,0,0,0,0,0,0,0,0,0,0,0,0,0,0,0,0,0,0,0,0,0
Manchester Magic Academy EABL,"A. Sagay Isiorho, J. Walton, L. Clayton, O. Babalola, S. Sidi-Boumedine",Myerscough College EABL,"C. Sanchez Falette, D. Okhuoya, J. Bobkowski, O. Esingle, S. Latidan",1,77,1.3,2.5,0,0,4,0,0,3,0,0,0,0,1,1,2,0,0,0,0,1,2,1,2,50,0,1,0,0,0,0,0,3,3,1,0,0,0,0,2.9,2.0,0,100,-100,100,0,100,-2,0,0,0,0,0,0,0,0,0,0,0,0,0,0,0,0,0,0,0,0,0,0,0,0,0,0,0,0,0,0,0,0
SGS College EABL,"I. Toure, L. Matthews, M. Alburo, M. Perez Tosca, R. Cabrera",BMET City of Birmingham Rockets EABL,"G. Angoy, J. Agbeze, J. Hyland, L. Duru, P. Walsh",1,60,1.0,2.5,6,2,2,100,2,2,100,0,0,0,0,2,2,2,0,0,1,0,0,0,3,0,0,1,0,0,0,0,1,0,1,0,1,0,0,0,3.0,1.9,200,0,200,0,200,-200,6,0,0,0,0,0,0,0,0,0,0,0,0,0,0,0,0,0,0,0,0,0,0,0,0,0,0,0,0,0,0,0,0
SGS College EABL,"I. Toure, K. Ramirez Mora, L. Matthews, M. Perez Tosca, S. Nelson",BMET City of Birmingham Rockets EABL,"D. Pittaway, G. Angoy, J. Hyland, L. Duru, P. Basioudis",1,62,1.0,2.5,5,2,2,100,1,1,100,0,0,0,0,0,0,2,2,0,0,1,2,1,1,100,0,0,0,0,0,0,0,0,0,1,0,0,2,0,2.0,3.0,250,66.7,183.3,66.7,250,-183.3,3,0,0,0,0,0,0,0,0,0,0,0,0,0,0,0,0,0,0,0,0,0,0,0,0,0,0,0,0,0,0,0,0
BMET City of Birmingham Rockets EABL,"D. Pittaway, J. Agbeze, J. Hyland, L. Duru, P. Basioudis",Myerscough College EABL,"F. Morgan, J. Bobkowski, O. Esingle, S. Latidan, Z. Trezvant",1,68,1.1,2.5,0,0,1,0,0,1,0,0,0,0,0,2,2,0,0,0,1,0,2,1,4,25,0,3,0,0,0,0,1,1,2,0,1,0,0,0,2.0,2.9,0,68.3,-68.3,68.3,0,68.3,-2,0,0,0,0,0,0,0,0,0,0,0,0,0,0,0,0,0,0,0,0,0,0,0,0,0,0,0,0,0,0,0,0
BMET City of Birmingham Rockets EABL,"A. Camara, B. Rose, G. Singh, I. Gisbourne, P. Walsh",Myerscough College EABL,"A. Cisse, C. Sanchez Falette, D. Okhuoya, F. Morgan, L. Farrell",1,53,0.9,2.5,0,0,1,0,0,1,0,0,0,0,0,0,0,0,1,0,2,0,2,1,1,100,0,0,0,0,0,0,0,1,1,0,2,0,1,0,3.0,2.0,0,100,-100,100,0,100,-2,0,0,0,0,0,0,0,0,0,0,0,0,0,0,0,0,0,0,0,0,0,0,0,0,0,0,0,0,0,0,0,0
Itchen College EABL,"B. Cope, D. Cimochowski, E. Lotriet, E. Round, J. Osei-Owusu",Oaklands Wolves EABL,"D. Gladstone, D. Kostadinov, E. Da Cruz Fatuda, G. Mitchell, L. Mcintosh",1,60,1.0,2.5,2,1,2,50,0,1,0,0,0,0,0,2,2,1,0,0,1,0,0,0,2,0,0,1,0,0,0,0,0,0,0,0,0,0,0,0,3.0,2.0,66.7,0,66.7,0,66.7,-66.7,2,0,0,0,0,0,0,0,0,0,0,0,0,0,0,0,0,0,0,0,0,0,0,0,0,0,0,0,0,0,0,0,0
Itchen College EABL,"B. Cope, E. Lotriet, E. Round, J. Osei-Owusu, M. Yeates",Oaklands Wolves EABL,"D. Gladstone, D. Kostadinov, E. Da Cruz Fatuda, G. Mitchell, L. Mcintosh",1,30,0.5,2.5,5,2,3,66.7,1,1,100,0,0,0,1,2,3,0,0,0,1,0,0,0,2,0,0,2,0,0,0,0,0,0,0,0,0,0,0,0,2.9,2.0,170.6,0,170.6,0,170.6,-170.6,5,0,0,0,0,0,0,0,0,0,0,0,0,0,0,0,0,0,0,0,0,0,0,0,0,0,0,0,0,0,0,0,0
Itchen College EABL,"B. Cope, E. Round, G. Andrews, J. Osei-Owusu, M. Yeates",Oaklands Wolves EABL,"E. Da Cruz Fatuda, G. Mitchell, H. Morrell, L. Mcintosh, T. Mcintosh",1,65,1.1,2.5,2,1,2,50,0,0,0,0,0,0,0,1,1,1,1,0,1,0,0,0,1,0,0,0,0,0,0,0,0,1,1,0,0,0,1,0,3.0,2.0,66.7,0,66.7,0,66.7,-66.7,2,0,0,0,0,0,0,0,0,0,0,0,0,0,0,0,0,0,0,0,0,0,0,0,0,0,0,0,0,0,0,0,0
Itchen College EABL,"G. Andrews, L. Diala-Bevan, M. Edwards, R. Radu, T. Blower",Oaklands Wolves EABL,"B. Thompson, E. Da Cruz Fatuda, E. Ryan, K. Gasperas, Z. Gribble",1,88,1.5,2.5,2,1,2,50,0,0,0,0,0,0,1,0,1,1,0,0,2,0,5,2,2,100,1,1,100,0,0,0,0,0,0,2,0,0,0,0,2.9,2.0,68.3,250,-181.7,250,68.3,181.7,-3,0,0,0,0,0,0,0,0,0,0,0,0,0,0,0,0,0,0,0,0,0,0,0,0,0,0,0,0,0,0,0,0
Derby College Trailblazers EABL,"C. Burr, G. Pastor, J. Lemanski, L. Ngomti, M. Smith-Fjordland",Manchester Magic Academy EABL,"A. Sagay Isiorho, H. Blake, L. Clayton, O. Babalola, S. Sidi-Boumedine",1,67,1.1,2.5,0,0,3,0,0,1,0,0,0,0,1,2,3,0,0,1,1,1,0,0,4,0,0,1,0,0,0,0,1,1,2,0,1,1,0,0,2.4,2.6,0,0,0,0,0,0,0,0,0,0,0,0,0,0,0,0,0,0,0,0,0,0,0,0,0,0,0,0,0,0,0,0,0,0,0,0,0,0,0
SGS College EABL,"D. Lloyd, I. Toure, L. Matthews, M. Alburo, M. Perez Tosca",Charnwood College Riders EABL,"A. Oyerinde, A. Young, L. Stevenson, T. Curran, Z. Gleadell-Smith",1,105,1.8,2.5,3,1,2,50,1,2,50,0,0,0,0,0,0,1,0,0,0,1,6,3,3,100,0,0,0,0,0,0,0,0,0,1,0,0,0,0,2.0,3.0,150,200,-50,200,150,50,-3,0,0,0,0,0,0,0,0,0,0,0,0,0,0,0,0,0,0,0,0,0,0,0,0,0,0,0,0,0,0,0,0
Barking Abbey EABL,"A. Nwabueze, F. Cole, H. Parkin, K. N'gabala, R. Connolly",Copleston High School EABL,"G. Millar, I. Little, M. Liddamore, N. Wilkinson, T. Rafiu",1,53,0.9,2.5,2,1,2,50,0,0,0,0,0,0,0,0,0,0,2,0,0,0,0,0,1,0,0,1,0,0,0,0,0,1,1,0,0,0,2,1,2.0,3.0,100,0,100,0,100,-100,2,0,0,0,0,0,0,0,0,0,0,0,0,0,0,0,0,0,0,0,0,0,0,0,0,0,0,0,0,0,0,0,0
City of London Academy - Southwark EABL,"A. Morentin, A. Nwokolo, B. Olowoshile, D. Patel, L. Thompson",HHS Reading Rockets EABL,"E. Harrington, J. Waterhouse, L. Bakary, M. Daines, M. Hassan-Taylor",1,85,1.4,2.5,5,2,2,100,1,1,100,0,0,0,0,0,0,2,0,0,1,0,2,1,1,100,0,0,0,0,0,0,0,0,0,0,0,0,1,0,3.0,2.0,166.7,100,66.7,100,166.7,-66.7,3,0,0,0,0,0,0,0,0,0,0,0,0,0,0,0,0,0,0,0,0,0,0,0,0,0,0,0,0,0,0,0,0
City of London Academy - Southwark EABL,"D. Banjoko, J. Hannick, R. Testfay, S. Shirwac, T. Gass",HHS Reading Rockets EABL,"E. Harrington, J. Waterhouse, L. Bakary, M. Daines, M. Hassan-Taylor",1,110,1.8,2.5,2,1,2,50,0,0,0,0,0,0,1,1,2,0,0,0,2,1,2,1,2,50,0,1,0,0,0,0,0,0,0,1,0,1,0,1,2.9,2.0,68.3,100,-31.7,100,68.3,31.7,0,0,0,0,0,0,0,0,0,0,0,0,0,0,0,0,0,0,0,0,0,0,0,0,0,0,0,0,0,0,0,0,0
Barking Abbey EABL,"A. Nwabueze, J. Mendes, K. Mabaya, M. Filho, O. Visockas",Itchen College EABL,"E. Round, J. Osei-Owusu, M. Yeates, R. Radu, T. Blower",1,99,1.6,2.5,0,0,1,0,0,1,0,0,0,0,0,0,0,0,1,0,1,0,6,2,2,100,2,2,100,0,0,0,0,1,1,2,1,0,1,1,2.0,3.0,0,200,-200,200,0,200,-6,0,0,0,0,0,0,0,0,0,0,0,0,0,0,0,0,0,0,0,0,0,0,0,0,0,0,0,0,0,0,0,0
Barking Abbey EABL,"A. Maitland, A. Nwabueze, K. Mabaya, O. Visockas, R. Connolly",Itchen College EABL,"E. Lotriet, J. Osei-Owusu, M. Yeates, R. Radu, T. Blower",1,74,1.2,2.5,5,2,4,50,1,3,33.3,0,0,0,1,2,3,1,1,0,0,1,2,0,0,0,0,0,0,2,5,40,0,0,0,0,0,0,1,0,1.9,3.2,268.8,62.5,206.3,62.5,268.8,-206.3,3,0,0,0,0,0,0,0,0,0,0,0,0,0,0,0,0,0,0,0,0,0,0,0,0,0,0,0,0,0,0,0,0
Barking Abbey EABL,"A. Maitland, J. Mendes, K. Mabaya, M. Filho, O. Visockas",Itchen College EABL,"B. Cope, E. Lotriet, E. Round, M. Edwards, M. Yeates",1,67,1.1,2.5,0,0,1,0,0,0,0,0,0,0,0,1,1,0,2,0,1,0,0,0,2,0,0,1,0,0,0,0,1,1,2,0,0,0,2,0,2.0,2.9,0,0,0,0,0,0,0,0,0,0,0,0,0,0,0,0,0,0,0,0,0,0,0,0,0,0,0,0,0,0,0,0,0,0,0,0,0,0,0
Barking Abbey EABL,"A. Maitland, A. Nwabueze, J. Mendes, K. N'gabala, R. Connolly",Itchen College EABL,"E. Lotriet, E. Round, M. Edwards, M. Yeates, R. Radu",1,102,1.7,2.5,4,2,3,66.7,0,1,0,0,0,0,0,0,0,1,0,0,0,0,4,2,2,100,0,0,0,0,0,0,0,1,1,2,0,0,0,0,3.0,2.0,133.3,200,-66.7,200,133.3,66.7,0,0,0,0,0,0,0,0,0,0,0,0,0,0,0,0,0,0,0,0,0,0,0,0,0,0,0,0,0,0,0,0,0
Itchen College EABL,"B. Cope, E. Round, G. Andrews, J. Osei-Owusu, M. Yeates",Barking Abbey EABL,"A. Maitland, A. Nwabueze, J. Mendes, O. Visockas, R. Connolly",1,55,0.9,2.5,2,1,2,50,0,0,0,0,0,0,0,1,1,1,1,0,1,0,0,0,1,0,0,1,0,0,0,0,0,1,1,0,1,1,1,0,3.0,2.0,66.7,0,66.7,0,66.7,-66.7,2,0,0,0,0,0,0,0,0,0,0,0,0,0,0,0,0,0,0,0,0,0,0,0,0,0,0,0,0,0,0,0,0
Myerscough College EABL,"F. Morgan, J. Bobkowski, O. Esingle, S. Latidan, Z. Trezvant",Charnwood College Riders EABL,"A. Young, L. Boothe, L. Stevenson, S. Morris, T. Pearson",1,74,1.2,2.5,0,0,1,0,0,0,0,0,0,0,0,1,1,0,1,1,1,0,2,1,2,50,0,0,0,0,0,0,0,1,1,0,1,0,1,0,2.0,3.0,0,66.7,-66.7,66.7,0,66.7,-2,0,0,0,0,0,0,0,0,0,0,0,0,0,0,0,0,0,0,0,0,0,0,0,0,0,0,0,0,0,0,0,0
Myerscough College EABL,"C. Sanchez Falette, H. Sheehan, O. Esingle, S. Latidan, Z. Trezvant",Charnwood College Riders EABL,"L. Boothe, P. Kattah, R. Buckingham, T. Curran, Z. Gleadell-Smith",1,55,0.9,2.5,0,0,2,0,0,2,0,0,0,0,0,1,1,0,0,0,0,0,2,1,2,50,0,0,0,0,0,0,0,2,2,1,0,0,1,0,2.0,3.0,0,66.7,-66.7,66.7,0,66.7,-2,0,0,0,0,0,0,0,0,0,0,0,0,0,0,0,0,0,0,0,0,0,0,0,0,0,0,0,0,0,0,0,0
Myerscough College EABL,"F. Morgan, H. Sheehan, J. Bobkowski, S. Latidan, Z. Trezvant",Charnwood College Riders EABL,"A. Oyerinde, A. Young, L. Stevenson, R. Buckingham, S. Morris",1,52,0.9,2.5,2,1,1,100,0,0,0,0,0,0,0,1,1,1,0,0,1,1,0,0,1,0,0,1,0,0,0,0,0,0,0,0,0,0,2,1,2.0,3.0,100,0,100,0,100,-100,2,0,0,0,0,0,0,0,0,0,0,0,0,0,0,0,0,0,0,0,0,0,0,0,0,0,0,0,0,0,0,0,0
Myerscough College EABL,"F. Morgan, J. Bobkowski, O. Esingle, S. Latidan, Z. Trezvant",Charnwood College Riders EABL,"P. Kattah, R. Buckingham, T. Curran, T. Pearson, Z. Gleadell-Smith",1,109,1.8,2.5,2,1,2,50,0,0,0,0,0,0,1,1,2,0,0,0,2,1,2,1,8,12.5,0,2,0,0,0,0,4,0,4,0,2,0,0,0,2.9,2.0,68.3,99.6,-31.3,99.6,68.3,31.3,0,0,0,0,0,0,0,0,0,0,0,0,0,0,0,0,0,0,0,0,0,0,0,0,0,0,0,0,0,0,0,0,0
Myerscough College EABL,"C. Sanchez Falette, H. Sheehan, O. Esingle, S. Latidan, Z. Trezvant",Charnwood College Riders EABL,"J. Hardy, L. Boothe, T. Curran, T. Pearson, Z. Gleadell-Smith",1,132,2.2,2.5,2,1,5,20,0,1,0,0,0,0,3,2,5,0,0,0,1,1,2,1,4,25,0,2,0,0,2,0,2,0,2,0,0,0,0,0,1.7,3.3,116.3,61.1,55.2,61.1,116.3,-55.2,0,0,0,0,0,0,0,0,0,0,0,0,0,0,0,0,0,0,0,0,0,0,0,0,0,0,0,0,0,0,0,0,0
Oaklands Wolves EABL,"D. Gladstone, E. Da Cruz Fatuda, G. Mitchell, H. Morrell, T. Mcintosh",City of London Academy - Southwark EABL,"B. Olowoshile, D. Banjoko, L. Thompson, R. Cryer, R. Testfay",1,80,1.3,2.5,4,2,2,100,0,0,0,0,0,0,0,2,2,0,0,0,0,0,0,0,3,0,0,1,0,0,0,0,0,0,0,0,0,0,0,1,2.0,3.0,200,0,200,0,200,-200,4,0,0,0,0,0,0,0,0,0,0,0,0,0,0,0,0,0,0,0,0,0,0,0,0,0,0,0,0,0,0,0,0
Oaklands Wolves EABL,"D. Gladstone, E. Da Cruz Fatuda, G. Mitchell, L. Mcintosh, T. Mcintosh",City of London Academy - Southwark EABL,"A. Nwokolo, D. Banjoko, D. Patel, J. Hannick, T. Gass",1,62,1.0,2.5,0,0,2,0,0,0,0,0,0,0,0,0,0,0,0,0,0,0,2,1,2,50,0,0,0,0,0,0,1,2,3,0,0,0,2,1,2.0,2.9,0,68.3,-68.3,68.3,0,68.3,-2,0,0,0,0,0,0,0,0,0,0,0,0,0,0,0,0,0,0,0,0,0,0,0,0,0,0,0,0,0,0,0,0
Oaklands Wolves EABL,"B. Thompson, D. Gladstone, D. Kostadinov, H. Morrell, T. Mcintosh",City of London Academy - Southwark EABL,"A. Morentin, B. Olowoshile, J. Hannick, R. Cryer, S. Shirwac",1,83,1.4,2.5,2,1,2,50,0,0,0,0,0,0,0,0,0,0,0,0,0,0,4,2,2,100,0,0,0,0,0,0,0,1,1,2,0,0,1,0,2.0,3.0,100,133.3,-33.3,133.3,100,33.3,-2,0,0,0,0,0,0,0,0,0,0,0,0,0,0,0,0,0,0,0,0,0,0,0,0,0,0,0,0,0,0,0,0
HHS Reading Rockets EABL,"C. Okumus, E. Harrington, J. Waterhouse, L. Francis, M. Daines",Barking Abbey EABL,"F. Oguntuase, J. Mendes, O. Visockas, R. Connolly, S. Dobson Smith",1,111,1.9,2.5,0,0,3,0,0,2,0,0,0,0,0,1,1,0,0,0,0,0,2,1,2,50,0,0,0,0,0,0,0,1,1,1,0,0,0,0,3.0,2.0,0,100,-100,100,0,100,-2,0,0,0,0,0,0,0,0,0,0,0,0,0,0,0,0,0,0,0,0,0,0,0,0,0,0,0,0,0,0,0,0
HHS Reading Rockets EABL,"E. Harrington, J. Mackinnon, J. Waterhouse, L. Francis, M. Daines",Barking Abbey EABL,"F. Cole, K. Mabaya, M. Filho, O. Visockas, R. Connolly",1,94,1.6,2.5,0,0,3,0,0,2,0,0,0,0,0,2,2,0,0,0,0,0,0,0,2,0,0,2,0,0,0,0,0,2,2,0,0,0,0,0,3.0,2.0,0,0,0,0,0,0,0,0,0,0,0,0,0,0,0,0,0,0,0,0,0,0,0,0,0,0,0,0,0,0,0,0,0,0,0,0,0,0,0
Copleston High School EABL,"A. Hickey, C. Fobister, M. Liddamore, N. Wilkinson, O. Drane",City of London Academy - Southwark EABL,"A. Nwokolo, N. Senessie, R. Cryer, R. Testfay, S. Shirwac",1,17,0.3,2.5,0,0,0,0,0,0,0,0,0,0,0,1,1,0,0,0,3,0,2,1,2,50,0,1,0,0,0,0,0,0,0,0,1,0,0,0,3.0,2.0,0,100,-100,100,0,100,-2,0,0,0,0,0,0,0,0,0,0,0,0,0,0,0,0,0,0,0,0,0,0,0,0,0,0,0,0,0,0,0,0
SGS College EABL,"A. Odowa, K. Richards, M. Alburo, M. Pospori, Z. Lawson",Manchester Magic Academy EABL,"A. Sagay Isiorho, D. Allotey, H. Blake, J. Odongo, O. Babalola",1,74,1.2,2.5,2,1,1,100,0,0,0,0,0,0,0,1,1,1,0,0,2,1,2,1,2,50,0,0,0,0,0,0,0,0,0,0,2,0,0,0,3.0,2.0,66.7,100,-33.3,100,66.7,33.3,0,0,0,0,0,0,0,0,0,0,0,0,0,0,0,0,0,0,0,0,0,0,0,0,0,0,0,0,0,0,0,0,0
SGS College EABL,"D. Lloyd, I. Toure, K. Ramirez Mora, M. Perez Tosca, R. Cabrera",Manchester Magic Academy EABL,"H. Blake, J. Walton, O. Babalola, T. Kamal Kazmi, T. Weekes",1,61,1.0,2.5,0,0,2,0,0,2,0,0,0,0,0,1,1,0,0,0,0,0,0,0,1,0,0,0,0,0,0,0,0,2,2,0,0,0,2,0,2.0,3.0,0,0,0,0,0,0,0,0,0,0,0,0,0,0,0,0,0,0,0,0,0,0,0,0,0,0,0,0,0,0,0,0,0,0,0,0,0,0,0
Charnwood College Riders EABL,"A. Oyerinde, F. Saeed, J. Hardy, P. Kattah, R. Buckingham",BMET City of Birmingham Rockets EABL,"J. Agbeze, J. Hyland, L. Duru, P. Basioudis, S. Chikukwa",1,61,1.0,2.5,0,0,1,0,0,1,0,0,0,0,0,0,0,0,1,0,2,0,2,1,1,100,0,0,0,0,0,0,0,0,0,1,2,0,1,0,3.0,2.0,0,100,-100,100,0,100,-2,0,0,0,0,0,0,0,0,0,0,0,0,0,0,0,0,0,0,0,0,0,0,0,0,0,0,0,0,0,0,0,0
Charnwood College Riders EABL,"A. Oyerinde, F. Saeed, J. Hardy, P. Kattah, R. Buckingham",BMET City of Birmingham Rockets EABL,"A. Camara, J. Agbeze, J. Hyland, P. Basioudis, S. Chikukwa",1,45,0.8,2.5,0,0,2,0,0,1,0,0,0,0,0,0,0,0,0,0,0,0,3,1,1,100,1,1,100,0,0,0,0,1,1,1,0,0,2,1,2.0,3.0,0,100,-100,100,0,100,-3,0,0,0,0,0,0,0,0,0,0,0,0,0,0,0,0,0,0,0,0,0,0,0,0,0,0,0,0,0,0,0,0
Charnwood College Riders EABL,"F. Saeed, P. Kattah, R. Buckingham, T. Curran, T. Pearson",BMET City of Birmingham Rockets EABL,"A. Camara, J. Agbeze, L. Duru, P. Basioudis, P. Walsh",1,61,1.0,2.5,7,3,3,100,1,1,100,0,0,0,0,1,1,2,1,0,0,0,0,0,1,0,0,1,0,0,0,0,0,0,0,0,0,0,1,0,3.0,2.0,233.3,0,233.3,0,233.3,-233.3,7,0,0,0,0,0,0,0,0,0,0,0,0,0,0,0,0,0,0,0,0,0,0,0,0,0,0,0,0,0,0,0,0
HHS Reading Rockets EABL,"E. Harrington, J. Waterhouse, L. Bakary, M. Daines, M. Hassan-Taylor",Itchen College EABL,"B. Cope, E. Lotriet, E. Round, J. Ofman, M. Yeates",1,54,0.9,2.5,2,1,1,100,0,0,0,0,0,0,0,0,0,0,0,0,2,1,6,2,2,100,2,2,100,0,0,0,0,0,0,2,0,0,0,0,3.0,2.0,66.7,300,-233.3,300,66.7,233.3,-4,0,0,0,0,0,0,0,0,0,0,0,0,0,0,0,0,0,0,0,0,0,0,0,0,0,0,0,0,0,0,0,0
HHS Reading Rockets EABL,"E. Harrington, J. Mackinnon, L. Francis, M. Daines, M. Hassan-Taylor",Itchen College EABL,"D. Cimochowski, E. Lotriet, J. Ofman, R. Radu, T. Blower",1,109,1.8,2.5,4,2,2,100,0,0,0,0,0,0,0,1,1,0,0,0,1,1,2,1,6,16.7,0,2,0,0,0,0,3,0,3,0,0,0,0,0,3.0,2.0,133.3,100.6,32.7,100.6,133.3,-32.7,2,0,0,0,0,0,0,0,0,0,0,0,0,0,0,0,0,0,0,0,0,0,0,0,0,0,0,0,0,0,0,0,0
HHS Reading Rockets EABL,"C. Okumus, E. Harrington, J. Waterhouse, M. Daines, M. Hassan-Taylor",Itchen College EABL,"E. Lotriet, E. Round, J. Osei-Owusu, M. Edwards, R. Radu",1,66,1.1,2.5,0,0,2,0,0,0,0,0,0,0,0,0,0,0,0,0,0,0,0,0,1,0,0,0,0,0,0,0,0,2,2,0,0,0,2,1,2.0,3.0,0,0,0,0,0,0,0,0,0,0,0,0,0,0,0,0,0,0,0,0,0,0,0,0,0,0,0,0,0,0,0,0,0,0,0,0,0,0,0
HHS Reading Rockets EABL,"A. Moloney, C. Okumus, E. Harrington, J. Mackinnon, L. Francis",Itchen College EABL,"B. Cope, E. Lotriet, E. Round, J. Osei-Owusu, M. Yeates",1,50,0.8,2.5,0,0,1,0,0,0,0,0,0,0,0,2,2,0,0,0,1,0,0,0,3,0,0,0,0,0,0,0,1,1,2,0,1,0,1,0,2.0,2.9,0,0,0,0,0,0,0,0,0,0,0,0,0,0,0,0,0,0,0,0,0,0,0,0,0,0,0,0,0,0,0,0,0,0,0,0,0,0,0
Myerscough College EABL,"C. Sanchez Falette, H. Sheehan, O. Esingle, S. Latidan, Z. Trezvant",Barking Abbey EABL,"A. Maitland, J. Mendes, K. Mabaya, R. Connolly, S. Dobson Smith",1,49,0.8,2.5,4,2,4,50,0,1,0,0,0,0,1,0,1,1,2,0,0,0,0,0,0,0,0,0,0,0,0,0,0,1,1,0,0,0,2,0,2.9,2.0,136.5,0,136.5,0,136.5,-136.5,4,0,0,0,0,0,0,0,0,0,0,0,0,0,0,0,0,0,0,0,0,0,0,0,0,0,0,0,0,0,0,0,0
Myerscough College EABL,"A. Ibirinde, C. Sanchez Falette, H. Sheehan, J. Bobkowski, S. Latidan",Barking Abbey EABL,"A. Maitland, A. Nwabueze, F. Oguntuase, J. Mendes, R. Connolly",1,73,1.2,2.5,2,1,2,50,0,0,0,0,0,0,0,1,1,1,0,0,1,0,2,1,2,50,0,0,0,0,0,0,0,1,1,0,1,0,0,0,3.0,2.0,66.7,100,-33.3,100,66.7,33.3,0,0,0,0,0,0,0,0,0,0,0,0,0,0,0,0,0,0,0,0,0,0,0,0,0,0,0,0,0,0,0,0,0
Myerscough College EABL,"C. Sanchez Falette, H. Sheehan, O. Esingle, S. Latidan, S. Latidan",Barking Abbey EABL,"A. Nwabueze, J. Mendes, K. Mabaya, M. Filho, O. Visockas",1,96,1.6,2.5,2,1,2,50,0,1,0,0,0,0,0,1,1,1,0,0,1,2,3,1,2,50,1,2,50,0,0,0,0,1,1,1,1,0,0,0,3.0,2.0,66.7,150,-83.3,150,66.7,83.3,-1,0,0,0,0,0,0,0,0,0,0,0,0,0,0,0,0,0,0,0,0,0,0,0,0,0,0,0,0,0,0,0,0
SGS College EABL,"D. Lloyd, J. Grajcar, K. Ramirez Mora, L. Matthews, M. Perez Tosca",Copleston High School EABL,"C. Fobister, L. Read, M. Liddamore, N. Wilkinson, T. Rafiu",1,108,1.8,2.5,5,2,6,33.3,1,2,50,0,0,0,3,1,4,1,0,0,0,2,2,0,2,0,0,0,0,2,3,66.7,1,1,2,0,0,0,0,0,2.8,2.2,179.2,88.9,90.3,88.9,179.2,-90.3,3,0,0,0,0,0,0,0,0,0,0,0,0,0,0,0,0,0,0,0,0,0,0,0,0,0,0,0,0,0,0,0,0
Itchen College EABL,"B. Cope, E. Lotriet, E. Round, J. Osei-Owusu, M. Yeates",Charnwood College Riders EABL,"D. Hanousek, F. Saeed, P. Kattah, T. Curran, T. Pearson",1,71,1.2,2.5,3,1,2,50,1,2,50,0,0,0,0,1,1,1,0,0,0,2,0,0,1,0,0,0,0,0,0,0,0,1,1,0,0,0,2,2,2.0,3.0,150,0,150,0,150,-150,3,0,0,0,0,0,0,0,0,0,0,0,0,0,0,0,0,0,0,0,0,0,0,0,0,0,0,0,0,0,0,0,0
City of London Academy - Southwark EABL,"A. Morentin, B. Olowoshile, D. Banjoko, R. Cryer, R. Testfay",Derby College Trailblazers EABL,"C. Burr, E. Norman, E. Rice, K. Zidonis, R. Hobday",1,95,1.6,2.5,5,2,4,50,1,2,50,0,0,0,0,0,0,1,0,0,0,0,2,1,1,100,0,0,0,0,0,0,0,0,0,1,0,0,0,0,4.0,1.0,125,200,-75,200,125,75,3,0,0,0,0,0,0,0,0,0,0,0,0,0,0,0,0,0,0,0,0,0,0,0,0,0,0,0,0,0,0,0,0
BMET City of Birmingham Rockets EABL,"B. Rose, G. Angoy, J. Agbeze, L. Duru, P. Basioudis",Copleston High School EABL,"C. Fobister, E. Tamakloe, I. Little, M. Liddamore, T. Rafiu",1,59,1.0,2.5,2,1,2,50,0,1,0,0,0,0,0,1,1,1,0,0,0,0,2,1,3,33.3,0,0,0,0,0,0,0,1,1,1,0,0,0,0,2.0,3.0,100,66.7,33.3,66.7,100,-33.3,0,0,0,0,0,0,0,0,0,0,0,0,0,0,0,0,0,0,0,0,0,0,0,0,0,0,0,0,0,0,0,0,0
BMET City of Birmingham Rockets EABL,"B. Rose, G. Angoy, J. Agbeze, L. Duru, P. Basioudis",Copleston High School EABL,"C. Fobister, E. Tamakloe, I. Little, M. Liddamore, N. Wilkinson",1,121,2.0,2.5,0,0,3,0,0,2,0,0,0,0,1,0,1,0,0,0,0,1,4,2,3,66.7,0,1,0,0,0,0,0,2,2,0,0,0,0,0,1.9,3.0,0,133.3,-133.3,133.3,0,133.3,-4,0,0,0,0,0,0,0,0,0,0,0,0,0,0,0,0,0,0,0,0,0,0,0,0,0,0,0,0,0,0,0,0
BMET City of Birmingham Rockets EABL,"G. Angoy, J. Agbeze, J. Hyland, L. Duru, P. Basioudis",Copleston High School EABL,"E. Tamakloe, I. Little, M. Liddamore, N. Wilkinson, T. Rafiu",1,59,1.0,2.5,0,0,2,0,0,2,0,0,0,0,0,1,1,0,1,0,1,0,0,0,1,0,0,0,0,0,0,0,0,2,2,0,0,0,1,0,3.0,2.0,0,0,0,0,0,0,0,0,0,0,0,0,0,0,0,0,0,0,0,0,0,0,0,0,0,0,0,0,0,0,0,0,0,0,0,0,0,0,0
Manchester Magic Academy EABL,"A. Isiorho, H. Blake, J. Walton, L. Clayton, O. Babalola",Itchen College EABL,"B. Cope, D. Cimochowski, E. Lotriet, J. Ofman, T. Blower",1,61,1.0,2.5,6,3,4,75,0,1,0,0,0,0,1,0,1,1,2,0,0,0,0,0,0,0,0,0,0,0,0,0,0,0,0,0,0,0,2,1,2.9,2.0,204.8,0,204.8,0,204.8,-204.8,6,0,0,0,0,0,0,0,0,0,0,0,0,0,0,0,0,0,0,0,0,0,0,0,0,0,0,0,0,0,0,0,0
Charnwood College Riders EABL,"F. Saeed, J. Hardy, P. Kattah, T. Pearson, Z. Gleadell-Smith",Oaklands Wolves EABL,"D. Gladstone, G. Mitchell, H. Morrell, L. Mcintosh, T. Mcintosh",1,82,1.4,2.5,0,0,1,0,0,0,0,0,0,0,0,2,2,0,0,1,1,0,2,1,4,25,0,1,0,0,0,0,1,1,2,0,1,0,0,1,2.0,2.9,0,68.3,-68.3,68.3,0,68.3,-2,0,0,0,0,0,0,0,0,0,0,0,0,0,0,0,0,0,0,0,0,0,0,0,0,0,0,0,0,0,0,0,0
HHS Reading Rockets EABL,"E. Harrington, J. Mackinnon, J. Waterhouse, M. Daines, M. Hassan-Taylor",SGS College EABL,"A. Odowa, J. Grajcar, K. Ramirez Mora, M. Perez Tosca, Z. Lawson",1,70,1.2,2.5,4,2,2,100,0,0,0,0,0,0,0,0,0,2,2,0,0,0,0,0,0,0,0,0,0,0,0,0,0,0,0,0,0,0,3,0,2.0,3.0,200,0,200,0,200,-200,4,0,0,0,0,0,0,0,0,0,0,0,0,0,0,0,0,0,0,0,0,0,0,0,0,0,0,0,0,0,0,0,0
HHS Reading Rockets EABL,"E. Harrington, J. Mackinnon, L. Bakary, M. Daines, M. Hassan-Taylor",SGS College EABL,"A. Odowa, I. Toure, L. Matthews, M. Alburo, Z. Lawson",1,71,1.2,2.5,2,1,3,33.3,0,1,0,0,0,0,1,0,1,0,0,0,0,0,5,2,2,100,1,1,100,0,0,0,0,1,1,0,0,0,1,1,1.9,3.0,103.6,166.7,-63,166.7,103.6,63,-3,0,0,0,0,0,0,0,0,0,0,0,0,0,0,0,0,0,0,0,0,0,0,0,0,0,0,0,0,0,0,0,0
HHS Reading Rockets EABL,"A. Moloney, E. Harrington, J. Waterhouse, M. Daines, M. Hassan-Taylor",SGS College EABL,"D. Lloyd, I. Toure, L. Matthews, M. Alburo, M. Perez Tosca",1,75,1.2,2.5,2,1,1,100,0,0,0,0,0,0,0,1,1,1,0,0,2,0,2,1,3,33.3,0,1,0,0,0,0,1,0,1,0,1,0,0,0,3.0,1.9,66.7,103.6,-37,103.6,66.7,37,0,0,0,0,0,0,0,0,0,0,0,0,0,0,0,0,0,0,0,0,0,0,0,0,0,0,0,0,0,0,0,0,0
City of London Academy - Southwark EABL,"A. Nwokolo, D. Banjoko, D. Patel, L. Thompson, T. Gass",Myerscough College EABL,"A. Ibirinde, D. Okhuoya, J. Bobkowski, O. Esingle, S. Latidan",1,60,1.0,2.5,2,1,2,50,0,0,0,0,0,0,0,1,1,1,1,0,0,0,0,0,2,0,0,0,0,0,0,0,0,1,1,0,0,0,1,0,2.0,3.0,100,0,100,0,100,-100,2,0,0,0,0,0,0,0,0,0,0,0,0,0,0,0,0,0,0,0,0,0,0,0,0,0,0,0,0,0,0,0,0
Manchester Magic Academy EABL,"H. Blake, J. Walton, L. Clayton, O. Babalola, T. Weekes",Charnwood College Riders EABL,"A. Oyerinde, D. Hanousek, F. Saeed, L. Boothe, R. Buckingham",1,51,0.8,2.4,2,0,1,0,0,0,0,2,2,100,0,0,0,1,0,0,1,0,5,2,2,100,1,1,100,0,0,0,0,0,0,1,1,0,0,0,2.9,2.0,69.4,250,-180.6,250,69.4,180.6,-3,0,0,0,0,0,0,0,0,0,0,0,0,0,0,0,0,0,0,0,0,0,0,0,0,0,0,0,0,0,0,0,0
Manchester Magic Academy EABL,"H. Blake, J. Odongo, N. Brown, O. Babalola, S. Sidi-Boumedine",Charnwood College Riders EABL,"A. Oyerinde, D. Hanousek, P. Kattah, R. Buckingham, T. Curran",1,52,0.9,2.4,6,2,2,100,1,1,100,1,2,50,0,0,0,0,1,0,0,0,2,1,1,100,0,0,0,0,0,0,0,0,0,0,0,0,1,0,2.9,2.0,208.3,100,108.3,100,208.3,-108.3,4,0,0,0,0,0,0,0,0,0,0,0,0,0,0,0,0,0,0,0,0,0,0,0,0,0,0,0,0,0,0,0,0
SGS College EABL,"A. Odowa, K. Richards, M. Alburo, M. Pospori, S. Nelson",Myerscough College EABL,"C. Sanchez Falette, H. Sheehan, J. Bobkowski, S. Latidan, S. Latidan",1,80,1.3,2.4,0,0,2,0,0,0,0,0,0,0,1,0,1,0,1,0,1,0,4,1,1,100,0,0,0,2,2,100,0,1,1,0,1,0,1,0,1.9,2.9,0,138.9,-138.9,138.9,0,138.9,-4,0,0,0,0,0,0,0,0,0,0,0,0,0,0,0,0,0,0,0,0,0,0,0,0,0,0,0,0,0,0,0,0
City of London Academy - Southwark EABL,"A. Nwokolo, B. Olowoshile, D. Banjoko, D. Patel, J. Hannick",Itchen College EABL,"D. Cimochowski, E. Round, J. Ofman, J. Osei-Owusu, T. Blower",1,83,1.4,2.4,0,0,3,0,0,1,0,0,0,0,0,0,0,0,0,0,0,2,3,0,0,0,0,0,0,3,4,75,0,1,1,0,0,0,0,1,3.0,1.8,0,170.5,-170.5,170.5,0,170.5,-3,0,0,0,0,0,0,0,0,0,0,0,0,0,0,0,0,0,0,0,0,0,0,0,0,0,0,0,0,0,0,0,0
City of London Academy - Southwark EABL,"B. Olowoshile, D. Banjoko, D. Banjoko, J. Hannick, T. Gass",Itchen College EABL,"D. Cimochowski, E. Lotriet, E. Round, J. Ofman, T. Blower",1,106,1.8,2.4,4,2,4,50,0,1,0,0,0,0,1,1,2,1,1,0,0,0,2,1,4,25,0,3,0,0,0,0,2,0,2,0,0,0,1,0,1.9,2.9,215.1,69.9,145.1,69.9,215.1,-145.1,2,0,0,0,0,0,0,0,0,0,0,0,0,0,0,0,0,0,0,0,0,0,0,0,0,0,0,0,0,0,0,0,0
City of London Academy - Southwark EABL,"A. Nwokolo, D. Banjoko, D. Banjoko, J. Hannick, T. Gass",Itchen College EABL,"B. Cope, E. Lotriet, E. Round, J. Osei-Owusu, M. Yeates",1,53,0.9,2.4,3,1,1,100,0,0,0,1,2,50,1,0,1,1,0,1,1,1,2,1,2,50,0,1,0,0,0,0,0,0,0,0,1,0,0,0,2.9,2.0,104.2,100,4.2,100,104.2,-4.2,1,0,0,0,0,0,0,0,0,0,0,0,0,0,0,0,0,0,0,0,0,0,0,0,0,0,0,0,0,0,0,0,0
BMET City of Birmingham Rockets EABL,"G. Angoy, I. Gisbourne, J. Agbeze, L. Duru, P. Basioudis",SGS College EABL,"K. Ramirez Mora, K. Richards, M. Alburo, M. Pospori, S. Nelson",1,69,1.1,2.4,0,0,0,0,0,0,0,0,2,0,0,1,1,0,0,0,1,1,4,1,2,50,0,1,0,2,2,100,0,1,1,2,0,0,0,1,1.9,2.9,0,138.9,-138.9,138.9,0,138.9,-4,0,0,0,0,0,0,0,0,0,0,0,0,0,0,0,0,0,0,0,0,0,0,0,0,0,0,0,0,0,0,0,0
Itchen College EABL,"G. Andrews, J. Osei-Owusu, M. Edwards, R. Radu, T. Blower",Copleston High School EABL,"C. Fobister, M. Liddamore, M. Wells, N. Wilkinson, T. Rafiu",1,29,0.5,2.4,1,0,2,0,0,0,0,1,2,50,1,1,2,1,0,1,1,0,2,1,3,33.3,0,1,0,0,0,0,1,1,2,0,0,0,0,0,2.8,1.9,35.6,103.6,-68,103.6,35.6,68,-1,0,0,0,0,0,0,0,0,0,0,0,0,0,0,0,0,0,0,0,0,0,0,0,0,0,0,0,0,0,0,0,0
Myerscough College EABL,"A. Ibirinde, C. Sanchez Falette, J. Bobkowski, O. Esingle, S. Latidan",Manchester Magic Academy EABL,"J. Odongo, J. Walton, O. Babalola, S. Sidi-Boumedine, T. Kamal Kazmi",1,46,0.8,2.4,3,1,2,50,0,0,0,1,2,50,1,0,1,1,0,0,0,0,2,1,1,100,0,0,0,0,0,0,0,0,0,1,0,0,2,1,1.8,3.0,165.7,66.7,99.1,66.7,165.7,-99.1,1,0,0,0,0,0,0,0,0,0,0,0,0,0,0,0,0,0,0,0,0,0,0,0,0,0,0,0,0,0,0,0,0
City of London Academy - Southwark EABL,"A. Morentin, A. Nwokolo, D. Banjoko, J. Hannick, T. Gass",Barking Abbey EABL,"A. Maitland, J. Mendes, K. Mabaya, M. Filho, R. Connolly",1,76,1.3,2.4,2,1,2,50,0,0,0,0,0,0,0,1,1,0,0,0,0,3,4,1,2,50,0,0,0,2,3,66.7,1,1,2,0,0,1,0,0,2.0,2.8,100,143.6,-43.6,143.6,100,43.6,-2,0,0,0,0,0,0,0,0,0,0,0,0,0,0,0,0,0,0,0,0,0,0,0,0,0,0,0,0,0,0,0,0
Copleston High School EABL,"A. Hickey, C. Fobister, M. Liddamore, N. Wilkinson, T. Rafiu",Barking Abbey EABL,"J. Mendes, K. Mabaya, O. Visockas, R. Connolly, S. Dobson Smith",1,37,0.6,2.4,0,0,1,0,0,1,0,0,0,0,0,1,1,0,0,0,1,0,2,0,1,0,0,1,0,2,2,100,0,1,1,0,0,0,1,0,2.0,2.9,0,69.4,-69.4,69.4,0,69.4,-2,0,0,0,0,0,0,0,0,0,0,0,0,0,0,0,0,0,0,0,0,0,0,0,0,0,0,0,0,0,0,0,0
Manchester Magic Academy EABL,"A. Sagay Isiorho, H. Blake, L. Clayton, N. Brown, O. Babalola",Derby College Trailblazers EABL,"C. Burr, G. Pastor, J. Howlett, L. Ngomti, M. Smith-Fjordland",1,47,0.8,2.4,4,1,1,100,0,0,0,2,2,100,0,0,0,1,0,0,1,0,3,1,1,100,1,1,100,0,0,0,0,0,0,1,1,0,1,1,2.9,2.0,138.9,150,-11.1,150,138.9,11.1,1,0,0,0,0,0,0,0,0,0,0,0,0,0,0,0,0,0,0,0,0,0,0,0,0,0,0,0,0,0,0,0,0
Myerscough College EABL,"C. Sanchez Falette, F. Morgan, H. Sheehan, S. Latidan, Z. Trezvant",BMET City of Birmingham Rockets EABL,"A. Camara, D. Pittaway, J. Agbeze, J. Ogbeide, P. Basioudis",1,48,0.8,2.4,0,0,3,0,0,2,0,0,2,0,1,1,2,0,0,0,0,0,0,0,1,0,0,0,0,0,0,0,0,2,2,0,0,1,1,0,2.8,2.0,0,0,0,0,0,0,0,0,0,0,0,0,0,0,0,0,0,0,0,0,0,0,0,0,0,0,0,0,0,0,0,0,0,0,0,0,0,0,0
Myerscough College EABL,"C. Sanchez Falette, D. Okhuoya, H. Sheehan, N. Byfield, Z. Trezvant",BMET City of Birmingham Rockets EABL,"A. Camara, D. Pittaway, J. Hyland, L. Duru, P. Walsh",1,69,1.1,2.4,0,0,3,0,0,2,0,0,0,0,1,1,2,0,0,0,1,1,2,0,1,0,0,1,0,2,2,100,0,2,2,0,1,0,0,0,2.9,1.9,0,106.4,-106.4,106.4,0,106.4,-2,0,0,0,0,0,0,0,0,0,0,0,0,0,0,0,0,0,0,0,0,0,0,0,0,0,0,0,0,0,0,0,0
Oaklands Wolves EABL,"D. Kostadinov, E. Da Cruz Fatuda, G. Mitchell, L. Mcintosh, T. Mcintosh",Itchen College EABL,"B. Cope, E. Lotriet, E. Round, J. Ofman, M. Yeates",1,48,0.8,2.4,0,0,2,0,0,1,0,0,0,0,0,1,1,0,0,0,0,0,4,1,2,50,0,1,0,2,2,100,0,2,2,0,0,0,0,1,2.0,2.9,0,138.9,-138.9,138.9,0,138.9,-4,0,0,0,0,0,0,0,0,0,0,0,0,0,0,0,0,0,0,0,0,0,0,0,0,0,0,0,0,0,0,0,0
SGS College EABL,"I. Toure, K. Ramirez Mora, L. Matthews, M. Pospori, S. Nelson",Derby College Trailblazers EABL,"C. Burr, E. Norman, G. Pastor, J. Howlett, W. Tallon",1,35,0.6,2.4,2,0,1,0,0,1,0,2,2,100,1,0,1,0,0,0,1,0,2,1,1,100,0,0,0,0,0,0,0,0,0,0,1,0,2,2,1.8,3.0,110.5,66.7,43.8,66.7,110.5,-43.8,0,0,0,0,0,0,0,0,0,0,0,0,0,0,0,0,0,0,0,0,0,0,0,0,0,0,0,0,0,0,0,0,0
City of London Academy - Southwark EABL,"A. Morentin, A. Nwokolo, B. Manfo-Marc, B. Olowoshile, D. Patel",Oaklands Wolves EABL,"D. Gladstone, D. Kostadinov, E. Da Cruz Fatuda, H. Morrell, Z. Gribble",1,78,1.3,2.4,0,0,1,0,0,1,0,0,0,0,0,1,1,0,0,1,1,1,4,2,5,40,0,1,0,0,0,0,2,1,3,2,1,0,0,0,2.0,2.9,0,139.9,-139.9,139.9,0,139.9,-4,0,0,0,0,0,0,0,0,0,0,0,0,0,0,0,0,0,0,0,0,0,0,0,0,0,0,0,0,0,0,0,0
City of London Academy - Southwark EABL,"A. Nwokolo, B. Manfo-Marc, B. Olowoshile, D. Banjoko, D. Patel",Oaklands Wolves EABL,"D. Gladstone, D. Kostadinov, E. Da Cruz Fatuda, G. Mitchell, H. Morrell",1,25,0.4,2.4,4,1,1,100,0,0,0,2,2,100,0,1,1,1,0,0,0,1,2,1,2,50,0,0,0,0,2,0,0,0,0,1,0,0,0,1,1.9,2.9,212.8,69.4,143.3,69.4,212.8,-143.3,2,0,0,0,0,0,0,0,0,0,0,0,0,0,0,0,0,0,0,0,0,0,0,0,0,0,0,0,0,0,0,0,0
City of London Academy - Southwark EABL,"B. Manfo-Marc, D. Banjoko, D. Patel, S. Shirwac, T. Gass",Oaklands Wolves EABL,"G. Mitchell, K. Gasperas, L. Mcintosh, T. Mcintosh, Z. Gribble",1,70,1.2,2.4,4,1,2,50,0,0,0,2,2,100,0,1,1,0,0,0,0,0,2,1,2,50,0,1,0,0,0,0,0,0,0,0,0,1,0,0,2.9,2.0,138.9,100,38.9,100,138.9,-38.9,2,0,0,0,0,0,0,0,0,0,0,0,0,0,0,0,0,0,0,0,0,0,0,0,0,0,0,0,0,0,0,0,0
Derby College Trailblazers EABL,"C. Burr, E. Norman, G. Pastor, J. Howlett, W. Tallon",Charnwood College Riders EABL,"D. Stephens, R. Buckingham, T. Curran, T. Pearson, Z. Gleadell-Smith",1,68,1.1,2.4,2,0,2,0,0,1,0,2,2,100,0,1,1,0,0,0,0,0,2,1,2,50,0,1,0,0,0,0,0,2,2,0,0,0,0,1,2.9,2.0,69.4,100,-30.6,100,69.4,30.6,0,0,0,0,0,0,0,0,0,0,0,0,0,0,0,0,0,0,0,0,0,0,0,0,0,0,0,0,0,0,0,0,0
Derby College Trailblazers EABL,"C. Burr, E. Norman, G. Pastor, J. Howlett, W. Tallon",Charnwood College Riders EABL,"D. Hanousek, D. Stephens, R. Buckingham, T. Curran, Z. Gleadell-Smith",1,60,1.0,2.4,3,1,2,50,1,2,50,0,0,0,0,1,1,1,1,0,0,1,2,0,1,0,0,0,0,2,2,100,0,1,1,0,0,0,1,0,2.0,2.9,150,69.4,80.6,69.4,150,-80.6,1,0,0,0,0,0,0,0,0,0,0,0,0,0,0,0,0,0,0,0,0,0,0,0,0,0,0,0,0,0,0,0,0
BMET City of Birmingham Rockets EABL,"A. Camara, G. Angoy, J. Hyland, L. Duru, P. Walsh",Charnwood College Riders EABL,"D. Hanousek, L. Boothe, R. Buckingham, T. Curran, Z. Gleadell-Smith",1,62,1.0,2.4,0,0,1,0,0,0,0,0,0,0,0,0,0,0,1,0,1,1,3,1,1,100,0,0,0,1,2,50,1,0,1,1,1,0,1,1,2.0,2.9,0,104.2,-104.2,104.2,0,104.2,-3,0,0,0,0,0,0,0,0,0,0,0,0,0,0,0,0,0,0,0,0,0,0,0,0,0,0,0,0,0,0,0,0
BMET City of Birmingham Rockets EABL,"A. Camara, G. Angoy, G. Singh, J. Agbeze, P. Walsh",Charnwood College Riders EABL,"A. Oyerinde, F. Saeed, L. Stevenson, P. Kattah, T. Pearson",1,52,0.9,2.4,0,0,1,0,0,1,0,0,2,0,0,1,1,0,0,0,1,0,2,1,2,50,0,0,0,0,0,0,0,2,2,0,1,0,0,1,2.9,2.0,0,100,-100,100,0,100,-2,0,0,0,0,0,0,0,0,0,0,0,0,0,0,0,0,0,0,0,0,0,0,0,0,0,0,0,0,0,0,0,0
BMET City of Birmingham Rockets EABL,"J. Agbeze, J. Hyland, L. Duru, P. Basioudis, P. Walsh",Charnwood College Riders EABL,"D. Hanousek, F. Saeed, P. Kattah, R. Buckingham, T. Curran",1,32,0.5,2.4,6,2,2,100,1,1,100,1,2,50,0,2,2,1,0,0,0,1,0,0,1,0,0,0,0,0,2,0,0,1,1,0,0,0,0,0,2.9,1.9,208.3,0,208.3,0,208.3,-208.3,6,0,0,0,0,0,0,0,0,0,0,0,0,0,0,0,0,0,0,0,0,0,0,0,0,0,0,0,0,0,0,0,0
Itchen College EABL,"E. Lotriet, E. Round, J. Osei-Owusu, M. Yeates, T. Blower",HHS Reading Rockets EABL,"C. Okumus, J. Mackinnon, L. Bakary, L. Franicis, N. Dent",1,60,1.0,2.4,2,0,2,0,0,0,0,2,2,100,1,1,2,0,0,0,0,2,0,0,1,0,0,0,0,0,0,0,0,1,1,0,0,0,2,1,1.8,3.0,110.5,0,110.5,0,110.5,-110.5,2,0,0,0,0,0,0,0,0,0,0,0,0,0,0,0,0,0,0,0,0,0,0,0,0,0,0,0,0,0,0,0,0
Derby College Trailblazers EABL,"C. Burr, D. Barima, E. Norman, G. Pastor, J. Howlett, M. Smith-Fjordland",Myerscough College EABL,"A. Ibirinde, D. Okhuoya, J. Bobkowski, N. Byfield, S. Latidan",1,44,0.7,2.4,0,0,1,0,0,0,0,0,0,0,0,0,0,0,0,0,1,1,5,2,3,66.7,0,1,0,1,2,50,1,1,2,1,1,0,0,0,2.0,2.8,0,177.9,-177.9,177.9,0,177.9,-5,0,0,0,0,0,0,0,0,0,0,0,0,0,0,0,0,0,0,0,0,0,0,0,0,0,0,0,0,0,0,0,0
Manchester Magic Academy EABL,"A. Sagay Isiorho, H. Blake, J. Odongo, N. Brown, T. Richardson",SGS College EABL,"A. Bennett, D. Lloyd, I. Toure, M. Alburo, M. Perez Tosca",1,61,1.0,2.4,0,0,2,0,0,0,0,0,0,0,0,1,1,0,1,0,0,1,1,0,1,0,0,0,0,1,2,50,0,2,2,1,0,0,1,0,2.0,2.9,0,34.7,-34.7,34.7,0,34.7,-1,0,0,0,0,0,0,0,0,0,0,0,0,0,0,0,0,0,0,0,0,0,0,0,0,0,0,0,0,0,0,0,0
Manchester Magic Academy EABL,"D. Allotey, J. Styzcen-O'keefe, O. Babalola, S. Sidi-Boumedine, T. Weekes",SGS College EABL,"D. Lloyd, I. Toure, L. Matthews, M. Perez Tosca, S. Nelson",1,42,0.7,2.4,1,0,2,0,0,1,0,1,2,50,0,0,0,0,0,0,0,0,0,0,1,0,0,1,0,0,0,0,0,1,1,0,0,0,1,1,2.9,2.0,34.7,0,34.7,0,34.7,-34.7,1,0,0,0,0,0,0,0,0,0,0,0,0,0,0,0,0,0,0,0,0,0,0,0,0,0,0,0,0,0,0,0,0
Manchester Magic Academy EABL,"J. Odongo, J. Styzcen-O'keefe, N. Brown, T. Kamal Kazmi, T. Weekes",SGS College EABL,"A. Odowa, K. Ramirez Mora, M. Alburo, M. Pospori, R. Roach",1,39,0.7,2.4,0,0,1,0,0,0,0,0,0,0,0,1,1,0,1,0,1,0,3,1,1,100,1,1,100,0,2,0,0,1,1,1,1,0,1,1,2.0,2.9,0,104.2,-104.2,104.2,0,104.2,-3,0,0,0,0,0,0,0,0,0,0,0,0,0,0,0,0,0,0,0,0,0,0,0,0,0,0,0,0,0,0,0,0
Oaklands Wolves EABL,"D. Gladstone, D. Kostadinov, E. Da Cruz Fatuda, G. Mitchell, L. Mcintosh",Barking Abbey EABL,"F. Oguntuase, J. Mendes, M. Filho, O. Visockas, R. Connolly",1,65,1.1,2.4,0,0,2,0,0,1,0,0,0,0,0,1,1,0,0,0,0,0,2,1,5,20,0,1,0,0,0,0,1,2,3,0,0,0,0,0,2.0,2.9,0,69.9,-69.9,69.9,0,69.9,-2,0,0,0,0,0,0,0,0,0,0,0,0,0,0,0,0,0,0,0,0,0,0,0,0,0,0,0,0,0,0,0,0
Oaklands Wolves EABL,"D. Gladstone, D. Kostadinov, E. Da Cruz Fatuda, E. Ryan, G. Mitchell",Barking Abbey EABL,"J. Mendes, K. Mabaya, M. Filho, O. Visockas, R. Connolly",1,91,1.5,2.4,0,0,0,0,0,0,0,0,0,0,0,1,1,0,0,0,2,0,2,1,4,25,0,2,0,0,0,0,2,0,2,1,1,0,1,0,2.0,2.9,0,69.9,-69.9,69.9,0,69.9,-2,0,0,0,0,0,0,0,0,0,0,0,0,0,0,0,0,0,0,0,0,0,0,0,0,0,0,0,0,0,0,0,0
Copleston High School EABL,"E. Tamakloe, I. Carty-Peters, L. Read, M. Liddamore, N. Wilkinson",Oaklands Wolves EABL,"D. Gladstone, D. Kostadinov, E. Da Cruz Fatuda, G. Mitchell, T. Mcintosh",1,76,1.3,2.4,0,0,0,0,0,0,0,0,2,0,0,2,2,0,0,0,2,1,0,0,2,0,0,2,0,0,0,0,0,1,1,0,1,0,0,1,2.9,2.0,0,0,0,0,0,0,0,0,0,0,0,0,0,0,0,0,0,0,0,0,0,0,0,0,0,0,0,0,0,0,0,0,0,0,0,0,0,0,0
Copleston High School EABL,"A. Hickey, E. Tamakloe, I. Carty-Peters, I. Little, N. Wilkinson",Oaklands Wolves EABL,"B. Thompson, D. Gladstone, E. Da Cruz Fatuda, K. Gasperas, L. Mcintosh",1,68,1.1,2.4,3,1,1,100,1,1,100,0,2,0,1,0,1,1,0,0,1,0,2,1,2,50,0,0,0,0,0,0,1,0,1,0,0,0,1,0,2.9,1.9,104.2,103.6,0.5,103.6,104.2,-0.5,1,0,0,0,0,0,0,0,0,0,0,0,0,0,0,0,0,0,0,0,0,0,0,0,0,0,0,0,0,0,0,0,0
Copleston High School EABL,"A. Hickey, E. Tamakloe, I. Carty-Peters, I. Little, N. Wilkinson",Oaklands Wolves EABL,"B. Thompson, D. Kostadinov, E. Da Cruz Fatuda, G. Mitchell, L. Mcintosh",1,84,1.4,2.4,2,1,2,50,0,1,0,0,0,0,0,0,0,0,1,0,0,1,3,1,1,100,0,0,0,1,2,50,0,1,1,0,0,0,1,1,2.0,2.9,100,104.2,-4.2,104.2,100,4.2,-1,0,0,0,0,0,0,0,0,0,0,0,0,0,0,0,0,0,0,0,0,0,0,0,0,0,0,0,0,0,0,0,0
Copleston High School EABL,"A. Hickey, C. Fobister, I. Carty-Peters, I. Little, N. Wilkinson",Oaklands Wolves EABL,"D. Kostadinov, E. Da Cruz Fatuda, G. Mitchell, H. Morrell, L. Mcintosh",1,100,1.7,2.4,3,1,3,33.3,1,2,50,0,0,0,0,1,1,1,0,2,0,0,2,1,4,25,0,0,0,0,0,0,2,0,2,0,0,0,0,0,3.0,1.9,100,107.5,-7.5,107.5,100,7.5,1,0,0,0,0,0,0,0,0,0,0,0,0,0,0,0,0,0,0,0,0,0,0,0,0,0,0,0,0,0,0,0,0
Itchen College EABL,"B. Cope, D. Cimochowski, E. Lotriet, M. Edwards, R. Radu",City of London Academy - Southwark EABL,"A. Nwokolo, D. Banjoko, D. Patel, S. Shirwac, T. Gass",1,66,1.1,2.4,3,1,3,33.3,0,2,0,1,2,50,1,0,1,0,0,0,0,0,3,1,1,100,1,1,100,0,0,0,0,1,1,1,0,0,1,0,2.8,2.0,106.8,150,-43.2,150,106.8,43.2,0,0,0,0,0,0,0,0,0,0,0,0,0,0,0,0,0,0,0,0,0,0,0,0,0,0,0,0,0,0,0,0,0
Charnwood College Riders EABL,"F. Saeed, R. Buckingham, T. Curran, T. Pearson, Z. Gleadell-Smith",Manchester Magic Academy EABL,"A. Sagay Isiorho, H. Blake, J. Odongo, N. Brown, O. Babalola",1,55,0.9,2.4,4,2,3,66.7,0,1,0,0,0,0,0,0,0,0,0,0,0,2,3,1,1,100,0,0,0,1,2,50,0,1,1,0,0,0,0,0,3.0,1.9,133.3,159.6,-26.2,159.6,133.3,26.2,1,0,0,0,0,0,0,0,0,0,0,0,0,0,0,0,0,0,0,0,0,0,0,0,0,0,0,0,0,0,0,0,0
Charnwood College Riders EABL,"F. Saeed, L. Boothe, R. Buckingham, S. Morris, T. Curran",Manchester Magic Academy EABL,"H. Blake, J. Odongo, N. Brown, O. Babalola, T. Kamal Kazmi",1,39,0.7,2.4,0,0,1,0,0,1,0,0,0,0,0,1,1,0,0,0,1,0,3,1,2,50,0,0,0,1,2,50,0,1,1,0,1,0,0,0,2.0,2.9,0,104.2,-104.2,104.2,0,104.2,-3,0,0,0,0,0,0,0,0,0,0,0,0,0,0,0,0,0,0,0,0,0,0,0,0,0,0,0,0,0,0,0,0
Derby College Trailblazers EABL,"C. Burr, E. Norman, J. Howlett, L. Ngomti, R. Hobday",BMET City of Birmingham Rockets EABL,"A. Camara, G. Angoy, J. Agbeze, J. Hyland, P. Basioudis",1,61,1.0,2.4,6,2,2,100,1,1,100,1,2,50,0,1,1,1,0,0,0,0,0,0,1,0,0,0,0,0,0,0,0,0,0,0,0,0,1,0,2.9,2.0,208.3,0,208.3,0,208.3,-208.3,6,0,0,0,0,0,0,0,0,0,0,0,0,0,0,0,0,0,0,0,0,0,0,0,0,0,0,0,0,0,0,0,0
Myerscough College EABL,"D. Okhuoya, F. Morgan, L. Farrell, N. Byfield, S. Latidan",SGS College EABL,"I. Toure, L. Matthews, M. Alburo, M. Pospori, S. Nelson",1,70,1.2,2.4,0,0,1,0,0,0,0,0,0,0,0,1,1,0,0,0,1,1,1,0,1,0,0,1,0,1,4,25,0,1,1,1,0,0,0,0,2.0,2.8,0,36.2,-36.2,36.2,0,36.2,-1,0,0,0,0,0,0,0,0,0,0,0,0,0,0,0,0,0,0,0,0,0,0,0,0,0,0,0,0,0,0,0,0
Oaklands Wolves EABL,"D. Kostadinov, E. Da Cruz Fatuda, G. Augenti, G. Mitchell, L. Mcintosh",Copleston High School EABL,"I. Little, L. Read, M. Liddamore, M. Wells, N. Wilkinson",1,43,0.7,2.4,5,2,3,66.7,1,2,50,0,0,0,0,2,2,1,0,0,0,1,1,0,1,0,0,0,0,1,2,50,0,1,1,0,0,0,0,0,3.0,1.9,166.7,53.2,113.5,53.2,166.7,-113.5,4,0,0,0,0,0,0,0,0,0,0,0,0,0,0,0,0,0,0,0,0,0,0,0,0,0,0,0,0,0,0,0,0
Copleston High School EABL,"I. Carty-Peters, I. Little, M. Liddamore, M. Wells, N. Wilkinson",Itchen College EABL,"B. Cope, E. Round, G. Andrews, J. Osei-Owusu, M. Edwards",1,57,0.9,2.4,2,1,2,50,0,1,0,0,0,0,0,1,1,0,0,1,0,0,2,0,2,0,0,1,0,2,2,100,0,1,1,0,0,0,0,0,2.0,2.9,100,69.4,30.6,69.4,100,-30.6,0,0,0,0,0,0,0,0,0,0,0,0,0,0,0,0,0,0,0,0,0,0,0,0,0,0,0,0,0,0,0,0,0
Charnwood College Riders EABL,"D. Hanousek, P. Kattah, R. Buckingham, S. Morris, T. Curran",Derby College Trailblazers EABL,"C. Burr, E. Norman, G. Pastor, J. Howlett, L. Ngomti",1,78,1.3,2.4,2,1,2,50,0,0,0,0,0,0,0,1,1,1,0,1,1,1,2,1,4,25,0,0,0,0,0,0,2,1,3,0,1,0,0,0,3.0,1.9,66.7,107.5,-40.9,107.5,66.7,40.9,0,0,0,0,0,0,0,0,0,0,0,0,0,0,0,0,0,0,0,0,0,0,0,0,0,0,0,0,0,0,0,0,0
Charnwood College Riders EABL,"A. Oyerinde, L. Stevenson, P. Kattah, R. Buckingham, T. Curran",Derby College Trailblazers EABL,"C. Burr, G. Pastor, J. Howlett, J. Lemanski, L. Ngomti",1,88,1.5,2.4,2,0,2,0,0,1,0,2,2,100,1,2,3,0,0,0,0,0,2,1,3,33.3,0,1,0,0,0,0,0,1,1,1,0,0,0,3,1.8,3.0,110.5,66.7,43.8,66.7,110.5,-43.8,0,0,0,0,0,0,0,0,0,0,0,0,0,0,0,0,0,0,0,0,0,0,0,0,0,0,0,0,0,0,0,0,0
Manchester Magic Academy EABL,"J. Walton, L. Clayton, N. Brown, S. Sidi-Boumedine, T. Kamal Kazmi",Myerscough College EABL,"J. Bobkowski, O. Esingle, S. Latidan, S. Latidan, Z. Trezvant",1,77,1.3,2.4,0,0,2,0,0,1,0,0,0,0,0,1,1,0,0,1,0,0,2,1,4,25,0,2,0,0,0,0,2,2,4,0,0,0,1,0,2.0,2.9,0,69.9,-69.9,69.9,0,69.9,-2,0,0,0,0,0,0,0,0,0,0,0,0,0,0,0,0,0,0,0,0,0,0,0,0,0,0,0,0,0,0,0,0
SGS College EABL,"A. Odowa, K. Richards, L. Matthews, M. Alburo, S. Nelson",BMET City of Birmingham Rockets EABL,"A. Camara, G. Angoy, I. Gisbourne, L. Duru, P. Basioudis",1,49,0.8,2.4,2,1,4,25,0,2,0,0,0,0,2,0,2,0,2,0,0,0,1,0,0,0,0,0,0,1,2,50,0,1,1,0,0,0,2,0,1.9,2.9,107.5,34.7,72.8,34.7,107.5,-72.8,1,0,0,0,0,0,0,0,0,0,0,0,0,0,0,0,0,0,0,0,0,0,0,0,0,0,0,0,0,0,0,0,0
SGS College EABL,"K. Richards, L. Matthews, M. Perez Tosca, S. Nelson, Z. Lawson",BMET City of Birmingham Rockets EABL,"D. Pittaway, G. Angoy, J. Agbeze, J. Hyland, L. Duru",1,64,1.1,2.4,0,0,2,0,0,1,0,0,0,0,1,0,1,0,1,0,1,1,4,2,3,66.7,0,1,0,0,0,0,1,1,2,1,1,0,1,1,1.9,2.9,0,136.5,-136.5,136.5,0,136.5,-4,0,0,0,0,0,0,0,0,0,0,0,0,0,0,0,0,0,0,0,0,0,0,0,0,0,0,0,0,0,0,0,0
SGS College EABL,"I. Toure, L. Matthews, M. Alburo, M. Perez Tosca, R. Cabrera",BMET City of Birmingham Rockets EABL,"G. Angoy, J. Hyland, L. Duru, P. Basioudis, P. Walsh",1,66,1.1,2.4,2,1,4,25,0,2,0,0,1,0,2,0,2,0,1,0,0,1,0,0,0,0,0,0,0,0,0,0,0,2,2,0,0,0,2,1,2.8,2.0,70.5,0,70.5,0,70.5,-70.5,2,0,0,0,0,0,0,0,0,0,0,0,0,0,0,0,0,0,0,0,0,0,0,0,0,0,0,0,0,0,0,0,0
Oaklands Wolves EABL,"D. Gladstone, E. Da Cruz Fatuda, E. Ryan, H. Morrell, K. Gasperas",HHS Reading Rockets EABL,"A. King, E. Harrington, M. Daines, M. Hassan-Taylor, N. Dent",1,95,1.6,2.4,0,0,2,0,0,2,0,0,0,0,2,2,4,0,1,0,2,0,0,0,2,0,0,1,0,0,0,0,0,0,0,0,2,1,1,0,1.9,3.0,0,0,0,0,0,0,0,0,0,0,0,0,0,0,0,0,0,0,0,0,0,0,0,0,0,0,0,0,0,0,0,0,0,0,0,0,0,0,0
BMET City of Birmingham Rockets EABL,"G. Angoy, J. Agbeze, J. Hyland, L. Duru, P. Basioudis",Myerscough College EABL,"A. Cisse, D. Okhuoya, H. Sheehan, J. Bobkowski, S. Latidan",1,42,0.7,2.4,1,0,0,0,0,0,0,1,2,50,0,1,1,0,0,0,2,0,0,0,1,0,0,1,0,0,0,0,0,0,0,0,1,0,1,1,2.9,2.0,34.7,0,34.7,0,34.7,-34.7,1,0,0,0,0,0,0,0,0,0,0,0,0,0,0,0,0,0,0,0,0,0,0,0,0,0,0,0,0,0,0,0,0
Itchen College EABL,"D. Cimochowski, E. Lotriet, J. Ofman, R. Radu, T. Blower",Oaklands Wolves EABL,"D. Gladstone, D. Kostadinov, E. Da Cruz Fatuda, E. Ryan, L. Mcintosh",1,81,1.4,2.4,2,1,2,50,0,1,0,0,0,0,0,1,1,1,0,0,0,0,4,2,5,40,0,3,0,0,0,0,2,1,3,0,0,0,0,0,2.0,2.9,100,139.9,-39.9,139.9,100,39.9,-2,0,0,0,0,0,0,0,0,0,0,0,0,0,0,0,0,0,0,0,0,0,0,0,0,0,0,0,0,0,0,0,0
SGS College EABL,"A. Odowa, K. Ramirez Mora, K. Richards, M. Perez Tosca, S. Nelson",Charnwood College Riders EABL,"A. Young, J. Hardy, L. Stevenson, S. Morris, T. Pearson",1,74,1.2,2.4,2,0,1,0,0,0,0,2,2,100,0,1,1,0,2,0,0,0,0,0,1,0,0,1,0,0,0,0,0,1,1,0,0,0,2,2,1.9,3.0,106.4,0,106.4,0,106.4,-106.4,2,0,0,0,0,0,0,0,0,0,0,0,0,0,0,0,0,0,0,0,0,0,0,0,0,0,0,0,0,0,0,0,0
City of London Academy - Southwark EABL,"A. Nwokolo, B. Olowoshile, D. Banjoko, J. Hannick, R. Cryer",HHS Reading Rockets EABL,"J. Mackinnon, J. Waterhouse, L. Franicis, M. Daines, M. Hassan-Taylor",1,89,1.5,2.4,5,1,1,100,1,1,100,2,2,100,0,1,1,1,0,0,1,0,3,1,2,50,1,1,100,0,0,0,0,0,0,1,1,0,0,3,2.9,2.0,173.6,150,23.6,150,173.6,-23.6,2,0,0,0,0,0,0,0,0,0,0,0,0,0,0,0,0,0,0,0,0,0,0,0,0,0,0,0,0,0,0,0,0
Barking Abbey EABL,"A. Maitland, A. Nwabueze, K. Mabaya, O. Visockas, R. Connolly",Itchen College EABL,"E. Round, J. Osei-Owusu, M. Yeates, R. Radu, T. Blower",1,57,0.9,2.4,1,0,1,0,0,1,0,1,2,50,0,1,1,0,0,1,0,1,2,1,3,33.3,0,1,0,0,0,0,0,1,1,1,0,0,0,1,1.9,3.0,53.2,66.7,-13.5,66.7,53.2,13.5,-1,0,0,0,0,0,0,0,0,0,0,0,0,0,0,0,0,0,0,0,0,0,0,0,0,0,0,0,0,0,0,0,0
Barking Abbey EABL,"J. Mendes, K. Mabaya, K. N'gabala, M. Filho, R. Connolly",Itchen College EABL,"B. Cope, E. Lotriet, E. Round, M. Edwards, M. Yeates",1,109,1.8,2.4,0,0,4,0,0,1,0,0,0,0,2,1,3,0,0,0,1,1,3,1,2,50,1,1,100,0,0,0,0,2,2,1,0,2,0,0,2.9,2.0,0,150,-150,150,0,150,-3,0,0,0,0,0,0,0,0,0,0,0,0,0,0,0,0,0,0,0,0,0,0,0,0,0,0,0,0,0,0,0,0
City of London Academy - Southwark EABL,"A. Morentin, A. Nwokolo, D. Patel, L. Thompson, R. Testfay",Copleston High School EABL,"C. Fobister, I. Little, L. Read, M. Liddamore, N. Wilkinson",1,105,1.8,2.4,4,1,2,50,1,1,100,1,2,50,1,1,2,1,0,0,0,0,5,2,3,66.7,1,2,50,0,0,0,0,0,0,1,0,0,0,2,1.8,3.0,221,166.7,54.3,166.7,221,-54.3,-1,0,0,0,0,0,0,0,0,0,0,0,0,0,0,0,0,0,0,0,0,0,0,0,0,0,0,0,0,0,0,0,0
City of London Academy - Southwark EABL,"A. Morentin, D. Patel, L. Thompson, R. Cryer, R. Testfay",Copleston High School EABL,"A. Hickey, G. Millar, M. Liddamore, N. Wilkinson, T. Rafiu",1,64,1.1,2.4,0,0,2,0,0,0,0,0,0,0,0,1,1,0,0,0,0,2,3,1,2,50,0,0,0,1,3,33.3,1,2,3,1,0,0,0,0,2.0,2.8,0,107.7,-107.7,107.7,0,107.7,-3,0,0,0,0,0,0,0,0,0,0,0,0,0,0,0,0,0,0,0,0,0,0,0,0,0,0,0,0,0,0,0,0
HHS Reading Rockets EABL,"A. Moloney, C. Okumus, J. Waterhouse, L. Bakary, M. Daines",Oaklands Wolves EABL,"D. Kostadinov, E. Da Cruz Fatuda, E. Ryan, G. Mitchell, L. Mcintosh",1,70,1.2,2.4,1,0,2,0,0,1,0,1,2,50,0,1,1,0,0,0,0,0,0,0,2,0,0,0,0,0,0,0,1,2,3,0,0,0,1,1,2.9,1.9,34.7,0,34.7,0,34.7,-34.7,1,0,0,0,0,0,0,0,0,0,0,0,0,0,0,0,0,0,0,0,0,0,0,0,0,0,0,0,0,0,0,0,0
HHS Reading Rockets EABL,"E. Harrington, J. Waterhouse, L. Francis, M. Daines, M. Hassan-Taylor",Oaklands Wolves EABL,"D. Gladstone, D. Kostadinov, E. Da Cruz Fatuda, G. Mitchell, L. Mcintosh",1,91,1.5,2.4,0,0,2,0,0,0,0,0,0,0,0,1,1,0,0,1,0,0,4,2,5,40,0,0,0,0,0,0,2,2,4,0,0,1,0,0,2.0,2.9,0,139.9,-139.9,139.9,0,139.9,-4,0,0,0,0,0,0,0,0,0,0,0,0,0,0,0,0,0,0,0,0,0,0,0,0,0,0,0,0,0,0,0,0
Barking Abbey EABL,"A. Nwabueze, H. Parkin, J. Mendes, M. Filho, O. Visockas",City of London Academy - Southwark EABL,"A. Nwokolo, B. Olowoshile, D. Banjoko, J. Hannick, T. Gass",1,64,1.1,2.4,4,1,1,100,0,0,0,2,2,100,0,2,2,1,1,1,0,0,0,0,2,0,0,0,0,0,0,0,0,0,0,0,0,0,1,2,1.9,3.0,212.8,0,212.8,0,212.8,-212.8,4,0,0,0,0,0,0,0,0,0,0,0,0,0,0,0,0,0,0,0,0,0,0,0,0,0,0,0,0,0,0,0,0
Itchen College EABL,"B. Cope, D. Cimochowski, E. Round, J. Ofman, R. Radu",Barking Abbey EABL,"A. Nwabueze, J. Mendes, K. Mabaya, M. Filho, R. Connolly",1,81,1.4,2.4,1,0,2,0,0,0,0,1,2,50,0,2,2,0,0,1,0,0,0,0,2,0,0,1,0,0,0,0,0,1,1,0,0,1,0,1,2.9,2.0,34.7,0,34.7,0,34.7,-34.7,1,0,0,0,0,0,0,0,0,0,0,0,0,0,0,0,0,0,0,0,0,0,0,0,0,0,0,0,0,0,0,0,0
Derby College Trailblazers EABL,"E. Norman, E. Rice, J. Lemanski, K. Otaye, W. Tallon",SGS College EABL,"D. Lloyd, J. Grajcar, K. Ramirez Mora, M. Alburo, M. Perez Tosca",1,90,1.5,2.4,2,1,2,50,0,0,0,0,0,0,0,0,0,1,0,0,0,0,7,3,5,60,1,1,100,0,0,0,2,1,3,0,0,0,0,0,2.0,2.9,100,244.8,-144.8,244.8,100,144.8,-5,0,0,0,0,0,0,0,0,0,0,0,0,0,0,0,0,0,0,0,0,0,0,0,0,0,0,0,0,0,0,0,0
Manchester Magic Academy EABL,"A. Sagay Isiorho, J. Odongo, J. Walton, L. Clayton, O. Babalola",BMET City of Birmingham Rockets EABL,"J. Agbeze, J. Hyland, L. Duru, P. Basioudis, S. Chikukwa",1,56,0.9,2.4,2,0,1,0,0,1,0,2,2,100,0,0,0,1,0,0,1,0,4,2,3,66.7,0,0,0,0,0,0,1,0,1,1,0,0,0,1,2.9,1.9,69.4,207.3,-137.8,207.3,69.4,137.8,-2,0,0,0,0,0,0,0,0,0,0,0,0,0,0,0,0,0,0,0,0,0,0,0,0,0,0,0,0,0,0,0,0
Myerscough College EABL,"C. Sanchez Falette, H. Sheehan, J. Bobkowski, S. Latidan, Z. Trezvant",Charnwood College Riders EABL,"P. Kattah, R. Buckingham, T. Curran, T. Pearson, Z. Gleadell-Smith",1,68,1.1,2.4,1,0,0,0,0,0,0,1,2,50,0,0,0,0,1,0,2,1,0,0,0,0,0,0,0,0,0,0,0,0,0,0,0,0,2,0,2.9,2.0,34.7,0,34.7,0,34.7,-34.7,1,0,0,0,0,0,0,0,0,0,0,0,0,0,0,0,0,0,0,0,0,0,0,0,0,0,0,0,0,0,0,0,0
HHS Reading Rockets EABL,"C. Okumus, E. Harrington, J. Waterhouse, L. Francis, M. Daines",Barking Abbey EABL,"H. Egbayelo, J. Mendes, O. Visockas, R. Connolly, S. Dobson Smith",1,71,1.2,2.4,3,1,1,100,0,0,0,1,2,50,0,0,0,2,0,0,1,0,4,2,2,100,0,0,0,0,0,0,0,0,0,0,0,0,0,0,2.9,2.0,104.2,200,-95.8,200,104.2,95.8,-1,0,0,0,0,0,0,0,0,0,0,0,0,0,0,0,0,0,0,0,0,0,0,0,0,0,0,0,0,0,0,0,0
Copleston High School EABL,"C. Fobister, I. Carty-Peters, N. Wilkinson, O. Drane, T. Rafiu",City of London Academy - Southwark EABL,"A. Morentin, B. Manfo-Marc, J. Hannick, N. Senessie, S. Shirwac",1,32,0.5,2.4,0,0,2,0,0,1,0,0,0,0,1,1,2,0,0,1,1,0,0,0,2,0,0,1,0,0,2,0,0,1,1,0,1,1,0,0,1.9,2.9,0,0,0,0,0,0,0,0,0,0,0,0,0,0,0,0,0,0,0,0,0,0,0,0,0,0,0,0,0,0,0,0,0,0,0,0,0,0,0
Copleston High School EABL,"C. Fobister, I. Little, M. Liddamore, N. Wilkinson, T. Rafiu",City of London Academy - Southwark EABL,"A. Nwokolo, D. Banjoko, D. Banjoko, L. Thompson, R. Testfay",1,102,1.7,2.4,4,2,6,33.3,0,0,0,0,0,0,3,1,4,1,2,0,0,0,0,0,1,0,0,0,0,0,0,0,0,0,0,0,0,0,2,1,1.7,3.0,232.6,0,232.6,0,232.6,-232.6,4,0,0,0,0,0,0,0,0,0,0,0,0,0,0,0,0,0,0,0,0,0,0,0,0,0,0,0,0,0,0,0,0
SGS College EABL,"D. Lloyd, I. Toure, K. Ramirez Mora, L. Matthews, M. Perez Tosca",Manchester Magic Academy EABL,"A. Adetula, J. Odongo, O. Babalola, T. Kamal Kazmi, T. Richardson",1,119,2.0,2.4,3,1,2,50,1,1,100,0,0,0,0,0,0,1,0,1,0,0,6,3,7,42.9,0,2,0,0,0,0,3,1,4,1,0,0,0,1,2.0,2.7,150,220.6,-70.6,220.6,150,70.6,-3,0,0,0,0,0,0,0,0,0,0,0,0,0,0,0,0,0,0,0,0,0,0,0,0,0,0,0,0,0,0,0,0
SGS College EABL,"K. Ramirez Mora, K. Richards, L. Matthews, M. Perez Tosca, Z. Lawson",Manchester Magic Academy EABL,"D. Allotey, J. Walton, T. Kamal Kazmi, T. Richardson, T. Weekes",1,50,0.8,2.4,0,0,2,0,0,2,0,0,0,0,1,0,1,0,0,0,2,1,3,1,1,100,0,0,0,1,2,50,0,1,1,1,1,0,0,0,2.9,1.9,0,159.6,-159.6,159.6,0,159.6,-3,0,0,0,0,0,0,0,0,0,0,0,0,0,0,0,0,0,0,0,0,0,0,0,0,0,0,0,0,0,0,0,0
Charnwood College Riders EABL,"F. Saeed, J. Hardy, P. Kattah, R. Buckingham, T. Curran",BMET City of Birmingham Rockets EABL,"A. Camara, J. Hyland, P. Basioudis, P. Walsh, S. Chikukwa",1,80,1.3,2.4,0,0,2,0,0,2,0,0,0,0,0,2,2,0,0,0,0,2,1,0,0,0,0,0,0,1,4,25,0,2,2,0,0,0,1,0,2.0,2.8,0,36.2,-36.2,36.2,0,36.2,-1,0,0,0,0,0,0,0,0,0,0,0,0,0,0,0,0,0,0,0,0,0,0,0,0,0,0,0,0,0,0,0,0
Barking Abbey EABL,"A. Maitland, J. Mendes, K. Mabaya, K. N'gabala, S. Dobson Smith",Oaklands Wolves EABL,"D. Gladstone, D. Kostadinov, E. Da Cruz Fatuda, H. Morrell, L. Mcintosh",1,79,1.3,2.4,5,1,2,50,1,1,100,2,2,100,0,0,0,1,1,0,0,1,2,1,1,100,0,0,0,0,0,0,0,1,1,1,0,0,1,1,2.9,2.0,173.6,100,73.6,100,173.6,-73.6,3,0,0,0,0,0,0,0,0,0,0,0,0,0,0,0,0,0,0,0,0,0,0,0,0,0,0,0,0,0,0,0,0
Barking Abbey EABL,"A. Nwabueze, J. Mendes, K. Mabaya, M. Filho, O. Visockas",Oaklands Wolves EABL,"B. Thompson, D. Gladstone, E. Da Cruz Fatuda, L. Mcintosh, T. Mcintosh",1,30,0.5,2.4,3,1,1,100,1,1,100,0,0,0,0,2,2,1,0,0,2,1,0,0,1,0,0,0,0,0,2,0,0,0,0,0,0,0,0,0,3.0,1.9,100,0,100,0,100,-100,3,0,0,0,0,0,0,0,0,0,0,0,0,0,0,0,0,0,0,0,0,0,0,0,0,0,0,0,0,0,0,0,0
HHS Reading Rockets EABL,"A. Moloney, C. Okumus, E. Harrington, J. Mackinnon, L. Francis",Itchen College EABL,"B. Cope, E. Round, J. Osei-Owusu, M. Yeates, R. Radu",1,98,1.6,2.4,2,1,4,25,0,0,0,0,0,0,1,0,1,0,1,0,0,1,3,1,3,33.3,1,3,33.3,0,0,0,2,2,4,0,0,0,1,0,2.9,1.9,68.3,161.3,-93,161.3,68.3,93,-1,0,0,0,0,0,0,0,0,0,0,0,0,0,0,0,0,0,0,0,0,0,0,0,0,0,0,0,0,0,0,0,0
HHS Reading Rockets EABL,"C. Okumus, J. Mackinnon, J. Waterhouse, L. Francis, M. Daines",Itchen College EABL,"G. Andrews, M. Edwards, M. Yeates, R. Matthias, T. Blower",1,66,1.1,2.4,2,1,1,100,0,0,0,0,0,0,0,0,0,1,0,0,2,1,4,1,1,100,0,0,0,2,2,100,0,0,0,0,1,0,0,0,3.0,1.9,66.7,212.8,-146.1,212.8,66.7,146.1,-2,0,0,0,0,0,0,0,0,0,0,0,0,0,0,0,0,0,0,0,0,0,0,0,0,0,0,0,0,0,0,0,0
HHS Reading Rockets EABL,"C. Okumus, E. Harrington, J. Waterhouse, M. Daines, M. Hassan-Taylor",Copleston High School EABL,"C. Fobister, G. Millar, I. Carty-Peters, I. Little, M. Liddamore",1,105,1.8,2.4,2,1,3,33.3,0,1,0,0,0,0,0,0,0,0,1,0,0,1,2,1,4,25,0,2,0,0,0,0,3,1,4,0,0,0,1,0,3.0,1.8,66.7,111.7,-45.1,111.7,66.7,45.1,0,0,0,0,0,0,0,0,0,0,0,0,0,0,0,0,0,0,0,0,0,0,0,0,0,0,0,0,0,0,0,0,0
SGS College EABL,"D. Lloyd, I. Toure, L. Matthews, M. Alburo, Z. Lawson",Copleston High School EABL,"C. Fobister, I. Little, L. Read, M. Liddamore, T. Rafiu",1,42,0.7,2.4,2,1,1,100,0,0,0,0,0,0,0,1,1,1,0,0,1,0,2,1,3,33.3,0,0,0,0,2,0,1,0,1,0,0,0,0,0,2.0,2.8,100,71.2,28.8,71.2,100,-28.8,0,0,0,0,0,0,0,0,0,0,0,0,0,0,0,0,0,0,0,0,0,0,0,0,0,0,0,0,0,0,0,0,0
HHS Reading Rockets EABL,"C. Okumus, E. Harrington, J. Waterhouse, M. Daines, M. Hassan-Taylor",BMET City of Birmingham Rockets EABL,"A. Camara, G. Angoy, J. Agbeze, J. Hyland, P. Basioudis",1,75,1.2,2.4,0,0,2,0,0,1,0,0,0,0,0,1,1,0,0,0,0,1,3,1,1,100,0,0,0,1,4,25,0,2,2,0,0,0,0,1,2.0,2.8,0,108.7,-108.7,108.7,0,108.7,-3,0,0,0,0,0,0,0,0,0,0,0,0,0,0,0,0,0,0,0,0,0,0,0,0,0,0,0,0,0,0,0,0
HHS Reading Rockets EABL,"A. Moloney, C. Okumus, E. Harrington, L. Bakary, M. Daines",BMET City of Birmingham Rockets EABL,"B. Rose, G. Angoy, L. Duru, P. Basioudis, S. Chikukwa",1,45,0.8,2.4,3,1,1,100,1,1,100,0,0,0,0,1,1,1,0,0,1,1,3,1,2,50,0,0,0,1,2,50,0,0,0,0,1,0,0,1,2.0,2.9,150,104.2,45.8,104.2,150,-45.8,0,0,0,0,0,0,0,0,0,0,0,0,0,0,0,0,0,0,0,0,0,0,0,0,0,0,0,0,0,0,0,0,0
HHS Reading Rockets EABL,"E. Harrington, J. Waterhouse, L. Bakary, M. Daines, M. Hassan-Taylor",BMET City of Birmingham Rockets EABL,"G. Angoy, J. Agbeze, J. Hyland, L. Duru, P. Basioudis",1,53,0.9,2.4,0,0,1,0,0,0,0,0,0,0,0,3,3,0,0,0,1,1,0,0,1,0,0,0,0,0,4,0,0,1,1,0,1,0,0,1,2.0,2.8,0,0,0,0,0,0,0,0,0,0,0,0,0,0,0,0,0,0,0,0,0,0,0,0,0,0,0,0,0,0,0,0,0,0,0,0,0,0,0
Itchen College EABL,"B. Cope, E. Round, G. Andrews, J. Osei-Owusu, M. Yeates",Charnwood College Riders EABL,"D. Hanousek, F. Saeed, T. Curran, T. Pearson, Z. Gleadell-Smith",1,84,1.4,2.4,3,1,3,33.3,0,2,0,1,2,50,1,1,2,1,0,0,0,0,2,1,3,33.3,0,0,0,0,0,0,1,1,2,0,0,0,0,1,2.8,1.9,106.8,103.6,3.1,103.6,106.8,-3.1,1,0,0,0,0,0,0,0,0,0,0,0,0,0,0,0,0,0,0,0,0,0,0,0,0,0,0,0,0,0,0,0,0
Itchen College EABL,"G. Andrews, J. Osei-Owusu, M. Yeates, R. Radu, T. Blower",Charnwood College Riders EABL,"J. Hardy, O. Hambira, P. Kattah, T. Pearson, Z. Gleadell-Smith",1,60,1.0,2.4,3,1,1,100,0,0,0,1,1,100,0,0,0,0,0,0,1,1,5,2,2,100,0,0,0,1,1,100,0,0,0,0,1,0,0,1,2.4,2.4,123,204.9,-82,204.9,123,82,-2,0,0,0,0,0,0,0,0,0,0,0,0,0,0,0,0,0,0,0,0,0,0,0,0,0,0,0,0,0,0,0,0
Manchester Magic Academy EABL,"A. Isiorho, D. Allotey, H. Blake, J. Odongo, O. Babalola",Oaklands Wolves EABL,"D. Gladstone, D. Kostadinov, E. Da Cruz Fatuda, G. Mitchell, L. Mcintosh",1,76,1.3,2.4,2,1,5,20,0,2,0,0,0,0,2,0,2,1,0,0,0,0,3,1,1,100,1,1,100,0,0,0,0,2,2,1,0,0,1,0,2.9,2.0,69.9,150,-80.1,150,69.9,80.1,-1,0,0,0,0,0,0,0,0,0,0,0,0,0,0,0,0,0,0,0,0,0,0,0,0,0,0,0,0,0,0,0,0
BMET City of Birmingham Rockets EABL,"B. Rose, G. Angoy, I. Gisbourne, L. Duru, S. Chikukwa",Copleston High School EABL,"C. Fobister, E. Tamakloe, I. Carty-Peters, M. Liddamore, T. Rafiu",1,53,0.9,2.4,1,0,2,0,0,1,0,1,2,50,1,0,1,1,0,0,2,1,4,2,2,100,0,0,0,0,0,0,0,0,0,0,0,0,0,0,2.7,2.0,36.5,200,-163.5,200,36.5,163.5,-3,0,0,0,0,0,0,0,0,0,0,0,0,0,0,0,0,0,0,0,0,0,0,0,0,0,0,0,0,0,0,0,0
HHS Reading Rockets EABL,"E. Harrington, J. Mackinnon, J. Waterhouse, M. Daines, M. Hassan-Taylor",SGS College EABL,"I. Toure, K. Ramirez Mora, L. Matthews, M. Perez Tosca, Z. Lawson",1,31,0.5,2.4,4,1,1,100,1,1,100,1,2,50,0,1,1,0,0,0,0,0,0,0,1,0,0,1,0,0,0,0,0,0,0,0,0,0,2,2,1.9,3.0,212.8,0,212.8,0,212.8,-212.8,4,0,0,0,0,0,0,0,0,0,0,0,0,0,0,0,0,0,0,0,0,0,0,0,0,0,0,0,0,0,0,0,0
HHS Reading Rockets EABL,"A. Moloney, C. Okumus, E. Harrington, L. Bakary, M. Hassan-Taylor",SGS College EABL,"A. Odowa, I. Toure, K. Ramirez Mora, M. Alburo, Z. Lawson",1,70,1.2,2.4,5,1,1,100,0,0,0,3,4,75,0,1,1,1,0,0,0,0,0,0,1,0,0,1,0,0,0,0,0,0,0,0,0,0,1,1,2.8,2.0,181.2,0,181.2,0,181.2,-181.2,5,0,0,0,0,0,0,0,0,0,0,0,0,0,0,0,0,0,0,0,0,0,0,0,0,0,0,0,0,0,0,0,0
HHS Reading Rockets EABL,"A. Moloney, J. Mackinnon, L. Bakary, M. Daines, M. Hassan-Taylor",SGS College EABL,"D. Lloyd, I. Toure, L. Matthews, M. Alburo, M. Perez Tosca",1,77,1.3,2.4,0,0,3,0,0,2,0,0,0,0,1,1,2,0,0,0,0,1,5,2,2,100,1,1,100,0,2,0,0,2,2,2,0,1,0,0,1.9,2.9,0,173.6,-173.6,173.6,0,173.6,-5,0,0,0,0,0,0,0,0,0,0,0,0,0,0,0,0,0,0,0,0,0,0,0,0,0,0,0,0,0,0,0,0
City of London Academy - Southwark EABL,"A. Nwokolo, D. Banjoko, D. Patel, L. Thompson, T. Gass",Myerscough College EABL,"C. Sanchez Falette, O. Esingle, S. Latidan, S. Latidan, Z. Trezvant",1,81,1.4,2.4,3,1,4,25,0,2,0,1,2,50,1,0,1,0,0,0,0,0,4,2,2,100,0,0,0,0,0,0,0,1,1,1,0,0,0,2,3.3,2.0,91.6,200,-108.4,200,91.6,108.4,-1,0,0,0,0,0,0,0,0,0,0,0,0,0,0,0,0,0,0,0,0,0,0,0,0,0,0,0,0,0,0,0,0
City of London Academy - Southwark EABL,"A. Nwokolo, B. Olowoshile, D. Banjoko, D. Banjoko, J. Hannick",Myerscough College EABL,"C. Sanchez Falette, J. Bobkowski, O. Esingle, S. Latidan, S. Latidan",1,118,2.0,2.4,4,2,4,50,0,0,0,0,0,0,2,1,3,1,0,0,0,0,5,2,4,50,1,2,50,0,0,0,1,0,1,0,0,0,0,1,1.9,2.9,215.1,170.6,44.4,170.6,215.1,-44.4,-1,0,0,0,0,0,0,0,0,0,0,0,0,0,0,0,0,0,0,0,0,0,0,0,0,0,0,0,0,0,0,0,0
Manchester Magic Academy EABL,"A. Isiorho, J. Odongo, J. Walton, O. Babalola, T. Richardson",Myerscough College EABL,"C. Sanchez Falette, H. Sheehan, O. Esingle, S. Laditan, S. Laditan",1,57,0.9,2.4,0,0,1,0,0,1,0,0,0,0,0,0,0,0,1,0,1,0,4,1,2,50,0,0,0,2,2,100,1,0,1,0,0,0,1,1,2.0,2.8,0,142.3,-142.3,142.3,0,142.3,-4,0,0,0,0,0,0,0,0,0,0,0,0,0,0,0,0,0,0,0,0,0,0,0,0,0,0,0,0,0,0,0,0
Manchester Magic Academy EABL,"A. Isiorho, J. Odongo, J. Walton, O. Babalola, T. Richardson",Myerscough College EABL,"C. Sanchez Falette, H. Sheehan, J. Bobkowski, S. Laditan, S. Laditan",1,79,1.3,2.4,0,0,1,0,0,0,0,0,2,0,0,1,1,0,0,1,1,2,3,1,4,25,1,4,25,0,0,0,2,2,4,1,0,0,0,0,2.9,1.9,0,161.3,-161.3,161.3,0,161.3,-3,0,0,0,0,0,0,0,0,0,0,0,0,0,0,0,0,0,0,0,0,0,0,0,0,0,0,0,0,0,0,0,0
Manchester Magic Academy EABL,"A. Sagay Isiorho, J. Walton, N. Brown, O. Babalola, S. Sidi-Boumedine",Derby College Trailblazers EABL,"C. Burr, E. Rice, L. Ngomti, M. Smith-Fjordland, R. Hobday",1,95,1.6,2.3,0,0,4,0,0,1,0,0,0,0,3,0,3,0,0,1,0,0,5,2,4,50,0,1,0,1,2,50,3,1,4,0,0,0,1,0,0.8,3.7,0,133.7,-133.7,133.7,0,133.7,-5,0,0,0,0,0,0,0,0,0,0,0,0,0,0,0,0,0,0,0,0,0,0,0,0,0,0,0,0,0,0,0,0
Charnwood College Riders EABL,"A. Oyerinde, L. Boothe, P. Kattah, R. Buckingham, T. Curran",Derby College Trailblazers EABL,"C. Burr, E. Rice, G. Pastor, J. Howlett, W. Tallon",1,46,0.8,2.3,6,0,0,0,0,0,0,6,6,100,0,2,2,0,0,0,0,0,0,0,2,0,0,1,0,0,0,0,0,0,0,0,0,0,0,2,2.6,2.0,227.3,0,227.3,0,227.3,-227.3,6,0,0,0,0,0,0,0,0,0,0,0,0,0,0,0,0,0,0,0,0,0,0,0,0,0,0,0,0,0,0,0,0
SGS College EABL,"A. Odowa, I. Toure, K. Ramirez Mora, M. Perez Tosca, S. Nelson",BMET City of Birmingham Rockets EABL,"D. Pittaway, G. Angoy, J. Hyland, L. Duru, P. Basioudis",1,78,1.3,2.3,5,2,3,66.7,1,2,50,0,0,0,1,2,3,2,0,0,0,1,1,0,4,0,0,2,0,1,3,33.3,3,0,3,0,0,0,0,0,1.9,2.8,259.1,36.3,222.7,36.3,259.1,-222.7,4,0,0,0,0,0,0,0,0,0,0,0,0,0,0,0,0,0,0,0,0,0,0,0,0,0,0,0,0,0,0,0,0
SGS College EABL,"D. Lloyd, I. Toure, K. Ramirez Mora, M. Alburo, M. Perez Tosca",Charnwood College Riders EABL,"A. Oyerinde, O. Hambira, P. Kattah, T. Pearson, Z. Gleadell-Smith",1,48,0.8,2.3,0,0,1,0,0,0,0,0,0,0,0,2,2,0,0,0,1,1,2,0,5,0,0,0,0,2,2,100,3,1,4,0,1,0,0,0,2.0,2.7,0,74.9,-74.9,74.9,0,74.9,-2,0,0,0,0,0,0,0,0,0,0,0,0,0,0,0,0,0,0,0,0,0,0,0,0,0,0,0,0,0,0,0,0
Barking Abbey EABL,"A. Maitland, J. Mendes, K. Mabaya, M. Filho, O. Visockas",Itchen College EABL,"B. Cope, D. Cimochowski, E. Round, J. Ofman, T. Blower",1,88,1.5,2.3,6,1,4,25,0,0,0,4,4,100,3,1,4,1,1,0,0,0,0,0,1,0,0,1,0,0,0,0,0,0,0,0,0,0,1,2,2.5,2.0,235.3,0,235.3,0,235.3,-235.3,6,0,0,0,0,0,0,0,0,0,0,0,0,0,0,0,0,0,0,0,0,0,0,0,0,0,0,0,0,0,0,0,0
City of London Academy - Southwark EABL,"A. Nwokolo, D. Banjoko, D. Banjoko, R. Cryer, R. Testfay",Copleston High School EABL,"C. Fobister, I. Little, L. Read, M. Liddamore, N. Wilkinson",1,79,1.3,2.3,4,1,4,25,0,2,0,2,2,100,1,2,3,0,0,0,0,1,1,0,1,0,0,1,0,1,2,50,0,0,0,0,0,0,1,1,1.7,2.9,239.5,34.7,204.8,34.7,239.5,-204.8,3,0,0,0,0,0,0,0,0,0,0,0,0,0,0,0,0,0,0,0,0,0,0,0,0,0,0,0,0,0,0,0,0
SGS College EABL,"A. Odowa, I. Toure, K. Ramirez Mora, M. Perez Tosca, Z. Lawson",Copleston High School EABL,"I. Little, L. Read, M. Liddamore, N. Wilkinson, T. Rafiu",1,89,1.5,2.3,0,0,4,0,0,3,0,0,0,0,1,0,1,0,0,0,0,0,4,2,2,100,0,0,0,0,0,0,0,2,2,1,0,0,0,0,2.6,2.0,0,200,-200,200,0,200,-4,0,0,0,0,0,0,0,0,0,0,0,0,0,0,0,0,0,0,0,0,0,0,0,0,0,0,0,0,0,0,0,0
SGS College EABL,"A. Odowa, D. Lloyd, M. Alburo, M. Pospori, W. Wewe",Myerscough College EABL,"A. Aiyedun, A. Ibirinde, A. Scott, C. Sanchez Falette, J. Bobkowski",1,94,1.6,2.2,0,0,2,0,0,0,0,0,0,0,1,2,3,0,0,0,1,0,2,1,2,50,0,1,0,0,1,0,0,1,1,0,1,0,0,0,1.9,2.4,0,82,-82,82,0,82,-2,0,0,0,0,0,0,0,0,0,0,0,0,0,0,0,0,0,0,0,0,0,0,0,0,0,0,0,0,0,0,0,0
City of London Academy - Southwark EABL,"D. Banjoko, D. Patel, L. Thompson, R. Testfay, T. Gass",Barking Abbey EABL,"A. Maitland, J. Mendes, K. Mabaya, M. Filho, R. Connolly",1,23,0.4,2.2,2,0,0,0,0,0,0,2,3,66.7,1,0,1,0,1,0,2,1,0,0,0,0,0,0,0,0,0,0,0,0,0,0,0,0,1,1,3.3,1.0,60.2,0,60.2,0,60.2,-60.2,2,0,0,0,0,0,0,0,0,0,0,0,0,0,0,0,0,0,0,0,0,0,0,0,0,0,0,0,0,0,0,0,0
Charnwood College Riders EABL,"H. Mcglone, P. Kattah, R. Buckingham, T. Curran, T. Pearson",SGS College EABL,"A. Bennett, K. Ramirez Mora, K. Richards, M. Alburo, M. Perez Tosca",1,43,0.7,2.2,3,1,2,50,0,0,0,1,1,100,0,0,0,2,1,0,0,0,3,1,1,100,1,1,100,0,0,0,0,1,1,1,0,0,1,0,2.4,2.0,123,150,-27,150,123,27,0,0,0,0,0,0,0,0,0,0,0,0,0,0,0,0,0,0,0,0,0,0,0,0,0,0,0,0,0,0,0,0,0
Myerscough College EABL,"F. Morgan, H. Sheehan, I. Idemudia, O. Esingle, Z. Trezvant",BMET City of Birmingham Rockets EABL,"A. Camara, D. Pittaway, G. Singh, J. Hyland, P. Walsh",1,74,1.2,2.2,3,1,4,25,0,2,0,1,2,50,3,1,4,0,1,0,0,0,0,0,1,0,0,0,0,0,0,0,0,1,1,0,0,0,1,1,2.5,2.0,121.3,0,121.3,0,121.3,-121.3,3,0,0,0,0,0,0,0,0,0,0,0,0,0,0,0,0,0,0,0,0,0,0,0,0,0,0,0,0,0,0,0,0
Oaklands Wolves EABL,"D. Gladstone, D. Kostadinov, E. Da Cruz Fatuda, L. Mcintosh, T. Mcintosh",Itchen College EABL,"B. Cope, E. Round, J. Osei-Owusu, M. Yeates, T. Blower",1,63,1.1,2.2,2,1,1,100,0,0,0,0,1,0,0,1,1,1,0,0,1,0,2,1,2,50,0,0,0,0,0,0,0,0,0,0,1,0,0,1,2.4,2.0,82,100,-18,100,82,18,0,0,0,0,0,0,0,0,0,0,0,0,0,0,0,0,0,0,0,0,0,0,0,0,0,0,0,0,0,0,0,0,0
BMET City of Birmingham Rockets EABL,"A. Camara, G. Angoy, G. Singh, J. Agbeze, P. Walsh",Manchester Magic Academy EABL,"D. Allotey, H. Blake, J. Walton, T. Kamal Kazmi, T. Weekes",1,53,0.9,2.2,3,1,2,50,1,1,100,0,1,0,1,1,2,1,1,1,1,0,0,0,1,0,0,0,0,0,0,0,0,0,0,0,1,0,1,1,2.4,2.0,126.6,0,126.6,0,126.6,-126.6,3,0,0,0,0,0,0,0,0,0,0,0,0,0,0,0,0,0,0,0,0,0,0,0,0,0,0,0,0,0,0,0,0
SGS College EABL,"A. Bennett, D. Lloyd, K. Richards, M. Alburo, M. Pospori",Derby College Trailblazers EABL,"C. Burr, E. Rice, G. Pastor, M. Smith-Fjordland, W. Tallon",1,70,1.2,2.2,2,1,2,50,0,0,0,0,0,0,0,0,0,0,0,0,0,1,2,1,2,50,0,1,0,0,1,0,1,1,2,0,0,0,1,0,2.0,2.4,100,84.4,15.6,84.4,100,-15.6,0,0,0,0,0,0,0,0,0,0,0,0,0,0,0,0,0,0,0,0,0,0,0,0,0,0,0,0,0,0,0,0,0
SGS College EABL,"I. Toure, K. Ramirez Mora, L. Matthews, M. Perez Tosca, S. Nelson",Derby College Trailblazers EABL,"C. Burr, E. Norman, J. Howlett, L. Ngomti, R. Hobday",1,67,1.1,2.2,5,2,2,100,1,1,100,0,1,0,0,1,1,1,0,0,0,1,2,1,2,50,0,1,0,0,0,0,0,1,1,1,0,0,0,0,2.4,2.0,204.9,100,104.9,100,204.9,-104.9,3,0,0,0,0,0,0,0,0,0,0,0,0,0,0,0,0,0,0,0,0,0,0,0,0,0,0,0,0,0,0,0,0
City of London Academy - Southwark EABL,"A. Morentin, B. Manfo-Marc, D. Patel, R. Nunn, S. Shirwac",Oaklands Wolves EABL,"D. Gladstone, D. Kostadinov, G. Augenti, K. Gasperas, Z. Gribble",1,65,1.1,2.2,2,1,2,50,0,0,0,0,1,0,0,1,1,0,1,0,0,0,0,0,1,0,0,0,0,0,0,0,0,1,1,0,0,1,1,1,2.4,2.0,82,0,82,0,82,-82,2,0,0,0,0,0,0,0,0,0,0,0,0,0,0,0,0,0,0,0,0,0,0,0,0,0,0,0,0,0,0,0,0
BMET City of Birmingham Rockets EABL,"B. Rose, G. Angoy, J. Agbeze, L. Duru, P. Basioudis",Charnwood College Riders EABL,"L. Stevenson, R. Buckingham, T. Curran, T. Pearson, Z. Gleadell-Smith",1,62,1.0,2.2,2,1,2,50,0,0,0,0,0,0,0,1,1,1,0,0,0,1,3,0,1,0,0,1,0,3,3,100,0,0,0,1,0,0,0,0,2.0,2.3,100,129.3,-29.3,129.3,100,29.3,-1,0,0,0,0,0,0,0,0,0,0,0,0,0,0,0,0,0,0,0,0,0,0,0,0,0,0,0,0,0,0,0,0
Oaklands Wolves EABL,"E. Da Cruz Fatuda, E. Ryan, G. Mitchell, H. Morrell, L. Mcintosh",Copleston High School EABL,"C. Fobister, E. Tamakloe, L. Read, M. Liddamore, N. Wilkinson",1,71,1.2,2.2,5,2,3,66.7,0,1,0,1,1,100,1,0,1,1,1,0,0,0,0,0,1,0,0,0,0,0,0,0,0,0,0,0,0,0,1,2,2.4,2.0,211,0,211,0,211,-211,5,0,0,0,0,0,0,0,0,0,0,0,0,0,0,0,0,0,0,0,0,0,0,0,0,0,0,0,0,0,0,0,0
Charnwood College Riders EABL,"L. Boothe, L. Stevenson, P. Kattah, T. Curran, T. Pearson",Derby College Trailblazers EABL,"C. Burr, G. Pastor, J. Howlett, L. Ngomti, W. Tallon",1,32,0.5,2.2,2,0,1,0,0,0,0,2,3,66.7,0,2,2,0,0,0,0,0,0,0,2,0,0,1,0,0,0,0,0,1,1,0,0,1,0,1,2.3,2.0,86.2,0,86.2,0,86.2,-86.2,2,0,0,0,0,0,0,0,0,0,0,0,0,0,0,0,0,0,0,0,0,0,0,0,0,0,0,0,0,0,0,0,0
Manchester Magic Academy EABL,"H. Blake, J. Walton, N. Brown, O. Babalola, T. Richardson",Myerscough College EABL,"N. Byfield, O. Esingle, S. Latidan, S. Latidan, Z. Trezvant",1,61,1.0,2.2,3,1,2,50,1,2,50,0,0,0,0,1,1,1,0,0,0,0,1,0,1,0,0,0,0,1,1,100,0,1,1,0,0,0,1,0,2.0,2.4,150,41,109,41,150,-109,2,0,0,0,0,0,0,0,0,0,0,0,0,0,0,0,0,0,0,0,0,0,0,0,0,0,0,0,0,0,0,0,0
SGS College EABL,"K. Richards, L. Matthews, M. Perez Tosca, S. Nelson, Z. Lawson",BMET City of Birmingham Rockets EABL,"D. Pittaway, G. Angoy, I. Gisbourne, L. Duru, P. Basioudis",1,86,1.4,2.2,3,1,2,50,0,1,0,1,2,50,1,0,1,0,0,0,0,0,2,1,1,100,0,0,0,0,0,0,0,1,1,1,0,0,1,1,2.3,2.0,127.9,100,27.9,100,127.9,-27.9,1,0,0,0,0,0,0,0,0,0,0,0,0,0,0,0,0,0,0,0,0,0,0,0,0,0,0,0,0,0,0,0,0
Oaklands Wolves EABL,"D. Gladstone, G. Mitchell, H. Morrell, L. Mcintosh, T. Mcintosh",HHS Reading Rockets EABL,"C. Okumus, E. Harrington, J. Mackinnon, M. Daines, M. Hassan-Taylor",1,50,0.8,2.2,3,0,1,0,0,0,0,3,3,100,0,1,1,0,0,0,0,0,0,0,2,0,0,1,0,0,0,0,0,1,1,0,0,0,0,2,2.3,2.0,129.3,0,129.3,0,129.3,-129.3,3,0,0,0,0,0,0,0,0,0,0,0,0,0,0,0,0,0,0,0,0,0,0,0,0,0,0,0,0,0,0,0,0
Derby College Trailblazers EABL,"C. Burr, E. Norman, E. Rice, R. Hobday, W. Tallon",Manchester Magic Academy EABL,"H. Blake, J. Walton, L. Clayton, O. Babalola, T. Richardson",1,106,1.8,2.2,5,2,2,100,1,1,100,0,0,0,0,0,0,1,0,0,0,0,5,2,4,50,0,1,0,1,1,100,2,0,2,1,0,0,0,1,2.0,2.3,250,217.4,32.6,217.4,250,-32.6,0,0,0,0,0,0,0,0,0,0,0,0,0,0,0,0,0,0,0,0,0,0,0,0,0,0,0,0,0,0,0,0,0
Derby College Trailblazers EABL,"E. Rice, G. Pastor, L. Ngomti, M. Smith-Fjordland, W. Tallon",Manchester Magic Academy EABL,"H. Blake, O. Babalola, S. Sidi-Boumedine, T. Richardson, T. Weekes",1,59,1.0,2.2,0,0,2,0,0,0,0,0,0,0,0,0,0,0,0,0,0,1,3,1,2,50,0,0,0,1,1,100,0,2,2,0,0,0,0,1,2.0,2.4,0,123,-123,123,0,123,-3,0,0,0,0,0,0,0,0,0,0,0,0,0,0,0,0,0,0,0,0,0,0,0,0,0,0,0,0,0,0,0,0
Barking Abbey EABL,"A. Nwabueze, H. Egbayelo, M. Filho, M. Matser, R. Connolly",Copleston High School EABL,"A. Hickey, G. Millar, I. Little, N. Wilkinson, T. Rafiu",1,67,1.1,2.2,0,0,1,0,0,0,0,0,2,0,1,1,2,0,1,0,0,0,0,0,2,0,0,1,0,0,0,0,0,1,1,0,0,0,1,2,1.3,3.0,0,0,0,0,0,0,0,0,0,0,0,0,0,0,0,0,0,0,0,0,0,0,0,0,0,0,0,0,0,0,0,0,0,0,0,0,0,0,0
HHS Reading Rockets EABL,"E. Harrington, J. Mackinnon, J. Waterhouse, M. Daines, M. Hassan-Taylor",Oaklands Wolves EABL,"D. Kostadinov, E. Da Cruz Fatuda, G. Mitchell, L. Mcintosh, T. Mcintosh",1,54,0.9,2.2,3,1,1,100,0,0,0,1,1,100,0,0,0,0,1,0,0,0,3,1,2,50,1,1,100,0,0,0,0,0,0,1,0,0,1,2,1.4,3.0,208.3,100,108.3,100,208.3,-108.3,0,0,0,0,0,0,0,0,0,0,0,0,0,0,0,0,0,0,0,0,0,0,0,0,0,0,0,0,0,0,0,0,0
Barking Abbey EABL,"A. Nwabueze, J. Mendes, M. Filho, O. Visockas, R. Connolly",City of London Academy - Southwark EABL,"A. Nwokolo, D. Banjoko, D. Banjoko, J. Hannick, T. Gass",1,76,1.3,2.2,0,0,1,0,0,0,0,0,0,0,0,1,1,0,0,0,0,1,1,0,2,0,0,2,0,1,2,50,2,1,3,0,0,0,2,1,1.0,3.5,0,29,-29,29,0,29,-1,0,0,0,0,0,0,0,0,0,0,0,0,0,0,0,0,0,0,0,0,0,0,0,0,0,0,0,0,0,0,0,0
Itchen College EABL,"B. Cope, D. Cimochowski, E. Round, J. Ofman, R. Radu",Barking Abbey EABL,"A. Maitland, J. Mendes, K. Mabaya, O. Visockas, R. Connolly",1,80,1.3,2.2,0,0,3,0,0,1,0,0,0,0,1,1,2,0,0,0,1,0,0,0,2,0,0,1,0,0,0,0,1,1,2,0,0,2,1,0,2.4,1.9,0,0,0,0,0,0,0,0,0,0,0,0,0,0,0,0,0,0,0,0,0,0,0,0,0,0,0,0,0,0,0,0,0,0,0,0,0,0,0
HHS Reading Rockets EABL,"E. Harrington, J. Waterhouse, L. Bakary, M. Daines, M. Hassan-Taylor",Barking Abbey EABL,"A. Maitland, F. Cole, K. Mabaya, M. Filho, R. Connolly",1,70,1.2,2.2,2,1,2,50,0,0,0,0,0,0,0,1,1,1,1,0,0,1,0,0,2,0,0,1,0,0,2,0,2,1,3,0,0,0,1,1,2.0,2.5,100,0,100,0,100,-100,2,0,0,0,0,0,0,0,0,0,0,0,0,0,0,0,0,0,0,0,0,0,0,0,0,0,0,0,0,0,0,0,0
HHS Reading Rockets EABL,"E. Harrington, J. Waterhouse, L. Bakary, L. Francis, M. Daines",Barking Abbey EABL,"A. Maitland, A. Nwabueze, F. Cole, J. Mendes, R. Connolly",1,26,0.4,2.2,2,1,2,50,0,0,0,0,1,0,0,0,0,1,1,0,0,0,2,1,1,100,0,0,0,0,0,0,0,2,2,0,0,0,1,1,2.4,2.0,82,100,-18,100,82,18,0,0,0,0,0,0,0,0,0,0,0,0,0,0,0,0,0,0,0,0,0,0,0,0,0,0,0,0,0,0,0,0,0
Copleston High School EABL,"C. Fobister, I. Carty-Peters, I. Little, N. Wilkinson, T. Rafiu",City of London Academy - Southwark EABL,"A. Morentin, B. Manfo-Marc, J. Hannick, N. Senessie, S. Shirwac",1,55,0.9,2.2,5,1,1,100,0,0,0,3,3,100,0,1,1,1,0,0,0,1,0,0,2,0,0,1,0,0,0,0,0,0,0,0,0,0,0,1,2.3,2.0,215.5,0,215.5,0,215.5,-215.5,5,0,0,0,0,0,0,0,0,0,0,0,0,0,0,0,0,0,0,0,0,0,0,0,0,0,0,0,0,0,0,0,0
Charnwood College Riders EABL,"A. Oyerinde, P. Kattah, R. Buckingham, T. Curran, Z. Gleadell-Smith",BMET City of Birmingham Rockets EABL,"G. Angoy, J. Hyland, L. Duru, P. Basioudis, S. Chikukwa",1,53,0.9,2.2,2,1,2,50,0,0,0,0,0,0,0,1,1,1,0,0,0,0,1,0,2,0,0,1,0,1,1,100,0,1,1,0,0,0,0,1,2.0,2.4,100,41,59,41,100,-59,1,0,0,0,0,0,0,0,0,0,0,0,0,0,0,0,0,0,0,0,0,0,0,0,0,0,0,0,0,0,0,0,0
HHS Reading Rockets EABL,"E. Harrington, J. Waterhouse, L. Francis, M. Daines, M. Hassan-Taylor",Itchen College EABL,"B. Cope, E. Lotriet, E. Round, J. Ofman, M. Yeates",1,37,0.6,2.2,0,0,0,0,0,0,0,0,0,0,0,1,1,0,0,0,2,2,4,1,1,100,0,0,0,2,3,66.7,0,0,0,1,2,0,0,0,2.0,2.3,0,172.4,-172.4,172.4,0,172.4,-4,0,0,0,0,0,0,0,0,0,0,0,0,0,0,0,0,0,0,0,0,0,0,0,0,0,0,0,0,0,0,0,0
HHS Reading Rockets EABL,"A. Moloney, C. Okumus, J. Waterhouse, L. Francis, M. Daines",Itchen College EABL,"B. Cope, D. Cimochowski, E. Round, J. Ofman, T. Blower",1,33,0.6,2.2,4,1,1,100,1,1,100,1,2,50,0,0,0,2,0,0,0,1,5,2,2,100,0,0,0,1,1,100,0,1,1,0,0,0,0,0,1.9,2.4,212.8,204.9,7.8,204.9,212.8,-7.8,-1,0,0,0,0,0,0,0,0,0,0,0,0,0,0,0,0,0,0,0,0,0,0,0,0,0,0,0,0,0,0,0,0
HHS Reading Rockets EABL,"A. Moloney, C. Okumus, J. Mackinnon, J. Waterhouse, M. Daines",Itchen College EABL,"G. Andrews, M. Edwards, M. Yeates, R. Matthias, T. Blower",1,50,0.8,2.2,0,0,1,0,0,0,0,0,0,0,0,1,1,0,0,0,1,0,1,0,1,0,0,0,0,1,1,100,0,1,1,0,0,0,1,0,2.0,2.4,0,41,-41,41,0,41,-1,0,0,0,0,0,0,0,0,0,0,0,0,0,0,0,0,0,0,0,0,0,0,0,0,0,0,0,0,0,0,0,0
Myerscough College EABL,"C. Sanchez Falette, H. Sheehan, J. Bobkowski, S. Latidan, Z. Trezvant",Barking Abbey EABL,"A. Maitland, J. Mendes, K. Mabaya, O. Visockas, R. Connolly",1,56,0.9,2.2,2,0,1,0,0,0,0,2,2,100,0,1,1,1,0,0,0,1,3,1,2,50,0,1,0,1,1,100,0,1,1,1,0,0,0,1,1.9,2.4,106.4,123,-16.6,123,106.4,16.6,-1,0,0,0,0,0,0,0,0,0,0,0,0,0,0,0,0,0,0,0,0,0,0,0,0,0,0,0,0,0,0,0,0
Itchen College EABL,"B. Cope, D. Cimochowski, E. Round, G. Andrews, J. Ofman",Charnwood College Riders EABL,"D. Hanousek, F. Saeed, P. Kattah, T. Curran, Z. Gleadell-Smith",1,16,0.3,2.2,0,0,1,0,0,1,0,0,0,0,0,0,0,0,0,0,0,0,3,0,0,0,0,0,0,3,3,100,0,1,1,0,0,0,2,2,1.0,3.3,0,90.4,-90.4,90.4,0,90.4,-3,0,0,0,0,0,0,0,0,0,0,0,0,0,0,0,0,0,0,0,0,0,0,0,0,0,0,0,0,0,0,0,0
City of London Academy - Southwark EABL,"A. Nwokolo, J. Hannick, L. Thompson, R. Testfay, T. Gass",Derby College Trailblazers EABL,"C. Burr, G. Pastor, J. Howlett, J. Lemanski, W. Tallon",1,40,0.7,2.2,0,0,2,0,0,0,0,0,1,0,0,1,1,0,1,0,0,1,0,0,2,0,0,2,0,0,0,0,1,3,4,0,0,1,1,0,2.4,1.9,0,0,0,0,0,0,0,0,0,0,0,0,0,0,0,0,0,0,0,0,0,0,0,0,0,0,0,0,0,0,0,0,0,0,0,0,0,0,0
Manchester Magic Academy EABL,"H. Blake, J. Odongo, J. Walton, T. Kamal Kazmi, T. Weekes",Itchen College EABL,"B. Cope, D. Cimochowski, E. Round, J. Osei-Owusu, T. Blower",1,31,0.5,2.2,0,0,0,0,0,0,0,0,1,0,0,0,0,0,0,0,1,0,2,1,1,100,0,0,0,0,0,0,0,1,1,1,1,0,2,1,1.4,3.0,0,66.7,-66.7,66.7,0,66.7,-2,0,0,0,0,0,0,0,0,0,0,0,0,0,0,0,0,0,0,0,0,0,0,0,0,0,0,0,0,0,0,0,0
HHS Reading Rockets EABL,"C. Okumus, E. Harrington, L. Bakary, M. Daines, M. Hassan-Taylor",SGS College EABL,"D. Lloyd, I. Toure, L. Matthews, M. Perez Tosca, Z. Lawson",1,62,1.0,2.2,4,1,3,33.3,1,2,50,1,1,100,1,1,2,1,0,0,0,0,3,1,2,50,1,2,50,0,0,0,0,1,1,1,0,1,0,0,2.4,2.0,168.8,150,18.8,150,168.8,-18.8,1,0,0,0,0,0,0,0,0,0,0,0,0,0,0,0,0,0,0,0,0,0,0,0,0,0,0,0,0,0,0,0,0
Barking Abbey EABL,"A. Nwabueze, F. Cole, H. Egbayelo, M. Matser, M. Myamutenha",HHS Reading Rockets EABL,"C. Okumus, L. Bakary, L. Franicis, M. Hassan-Taylor, S. Ejiofor",1,76,1.3,2.1,0,0,2,0,0,0,0,0,0,0,1,0,1,0,0,0,1,3,5,1,1,100,1,1,100,2,3,66.7,0,1,1,0,0,0,0,0,1.9,2.3,0,215.5,-215.5,215.5,0,215.5,-5,0,0,0,0,0,0,0,0,0,0,0,0,0,0,0,0,0,0,0,0,0,0,0,0,0,0,0,0,0,0,0,0
BMET City of Birmingham Rockets EABL,"G. Angoy, I. Gisbourne, J. Hyland, L. Duru, P. Basioudis",SGS College EABL,"D. Lloyd, K. Richards, M. Perez Tosca, M. Pospori, S. Nelson",1,70,1.2,2.1,3,1,3,33.3,0,0,0,1,1,100,2,1,3,0,0,0,1,1,4,1,1,100,1,1,100,1,2,50,0,0,0,1,0,0,0,1,2.3,1.9,130.4,212.8,-82.3,212.8,130.4,82.3,-1,0,0,0,0,0,0,0,0,0,0,0,0,0,0,0,0,0,0,0,0,0,0,0,0,0,0,0,0,0,0,0,0
Myerscough College EABL,"C. Sanchez Falette, H. Sheehan, O. Esingle, S. Latidan, Z. Trezvant",BMET City of Birmingham Rockets EABL,"D. Pittaway, J. Agbeze, J. Ogbeide, L. Duru, P. Basioudis",1,60,1.0,2.1,0,0,2,0,0,0,0,0,0,0,0,0,0,0,0,0,0,1,2,1,3,33.3,0,1,0,0,1,0,3,2,5,1,0,0,1,0,2.0,2.3,0,87,-87,87,0,87,-2,0,0,0,0,0,0,0,0,0,0,0,0,0,0,0,0,0,0,0,0,0,0,0,0,0,0,0,0,0,0,0,0
Oaklands Wolves EABL,"D. Gladstone, D. Kostadinov, E. Ryan, H. Morrell, T. Mcintosh",Copleston High School EABL,"C. Fobister, E. Tamakloe, I. Little, M. Liddamore, N. Wilkinson",1,48,0.8,2.1,5,2,3,66.7,1,1,100,0,0,0,1,1,2,1,0,0,0,1,3,0,1,0,0,0,0,3,3,100,0,0,0,0,0,0,0,0,1.9,2.3,259.1,129.3,129.8,129.3,259.1,-129.8,2,0,0,0,0,0,0,0,0,0,0,0,0,0,0,0,0,0,0,0,0,0,0,0,0,0,0,0,0,0,0,0,0
Manchester Magic Academy EABL,"A. Sagay Isiorho, N. Brown, O. Babalola, S. Sidi-Boumedine, T. Richardson",Myerscough College EABL,"A. Ibirinde, F. Morgan, H. Sheehan, J. Bobkowski, S. Latidan",1,69,1.1,2.1,2,0,3,0,0,2,0,2,2,100,1,0,1,0,0,0,0,0,3,1,2,50,1,1,100,0,0,0,0,1,1,1,0,1,0,0,2.3,2.0,87.9,150,-62.1,150,87.9,62.1,-1,0,0,0,0,0,0,0,0,0,0,0,0,0,0,0,0,0,0,0,0,0,0,0,0,0,0,0,0,0,0,0,0
Manchester Magic Academy EABL,"A. Sagay Isiorho, H. Blake, J. Odongo, N. Brown, O. Babalola",Myerscough College EABL,"A. Ibirinde, F. Morgan, H. Sheehan, J. Bobkowski, S. Latidan",1,93,1.6,2.1,2,1,1,100,0,0,0,0,0,0,0,1,1,1,0,0,1,1,2,0,3,0,0,1,0,2,2,100,1,0,1,0,1,0,0,0,2.0,2.3,100,87.9,12.1,87.9,100,-12.1,0,0,0,0,0,0,0,0,0,0,0,0,0,0,0,0,0,0,0,0,0,0,0,0,0,0,0,0,0,0,0,0,0
SGS College EABL,"A. Odowa, D. Lloyd, K. Ramirez Mora, S. Nelson, Z. Lawson",Charnwood College Riders EABL,"A. Oyerinde, P. Kattah, S. Morris, T. Curran, T. Pearson",1,81,1.4,2.1,2,0,2,0,0,0,0,2,2,100,1,0,1,0,1,0,0,0,3,1,1,100,0,0,0,1,1,100,0,1,1,1,0,0,1,1,1.8,2.4,110.5,123,-12.5,123,110.5,12.5,-1,0,0,0,0,0,0,0,0,0,0,0,0,0,0,0,0,0,0,0,0,0,0,0,0,0,0,0,0,0,0,0,0
Barking Abbey EABL,"A. Nwabueze, F. Cole, H. Egbayelo, K. Mabaya, K. N'gabala",Copleston High School EABL,"I. Carty-Peters, I. Little, M. Liddamore, O. Drane, T. Rafiu",1,46,0.8,2.1,2,1,2,50,0,0,0,0,1,0,0,0,0,0,0,0,0,1,2,1,3,33.3,0,0,0,0,0,0,2,2,4,0,0,0,1,1,2.4,1.9,82,107.5,-25.6,107.5,82,25.6,0,0,0,0,0,0,0,0,0,0,0,0,0,0,0,0,0,0,0,0,0,0,0,0,0,0,0,0,0,0,0,0,0
Barking Abbey EABL,"A. Maitland, A. Nwabueze, J. Mendes, O. Visockas, R. Connolly",Itchen College EABL,"E. Lotriet, E. Round, M. Edwards, M. Yeates, R. Radu",1,55,0.9,2.1,5,2,2,100,1,1,100,0,0,0,0,0,0,0,0,0,0,1,5,0,0,0,0,0,0,5,5,100,0,0,0,0,0,0,0,0,2.0,2.2,250,227.3,22.7,227.3,250,-22.7,0,0,0,0,0,0,0,0,0,0,0,0,0,0,0,0,0,0,0,0,0,0,0,0,0,0,0,0,0,0,0,0,0
Oaklands Wolves EABL,"D. Gladstone, D. Kostadinov, E. Da Cruz Fatuda, G. Mitchell, T. Mcintosh",City of London Academy - Southwark EABL,"A. Nwokolo, B. Olowoshile, D. Banjoko, J. Hannick, R. Cryer",1,71,1.2,2.1,1,0,3,0,0,1,0,1,2,50,1,1,2,0,0,0,0,0,2,1,2,50,0,1,0,0,0,0,0,1,1,0,0,0,0,1,2.3,2.0,44,100,-56,100,44,56,-1,0,0,0,0,0,0,0,0,0,0,0,0,0,0,0,0,0,0,0,0,0,0,0,0,0,0,0,0,0,0,0,0
Barking Abbey EABL,"F. Cole, K. Mabaya, M. Filho, O. Visockas, R. Connolly",Oaklands Wolves EABL,"D. Gladstone, D. Kostadinov, E. Da Cruz Fatuda, H. Morrell, L. Mcintosh",1,68,1.1,2.1,5,2,2,100,0,0,0,1,1,100,0,0,0,1,0,0,0,0,4,1,3,33.3,0,1,0,2,2,100,1,0,1,0,0,0,0,1,2.4,1.7,204.9,229.9,-25,229.9,204.9,25,1,0,0,0,0,0,0,0,0,0,0,0,0,0,0,0,0,0,0,0,0,0,0,0,0,0,0,0,0,0,0,0,0
Itchen College EABL,"B. Cope, D. Cimochowski, E. Lotriet, E. Round, J. Ofman",Charnwood College Riders EABL,"J. Hardy, P. Kattah, T. Curran, T. Pearson, Z. Gleadell-Smith",1,66,1.1,2.1,5,2,3,66.7,1,2,50,0,0,0,1,1,2,2,0,0,0,1,3,1,1,100,0,0,0,1,3,33.3,0,0,0,0,0,0,0,0,1.9,2.3,259.1,129.3,129.8,129.3,259.1,-129.8,2,0,0,0,0,0,0,0,0,0,0,0,0,0,0,0,0,0,0,0,0,0,0,0,0,0,0,0,0,0,0,0,0
City of London Academy - Southwark EABL,"B. Olowoshile, J. Hannick, L. Thompson, R. Testfay, S. Shirwac",Derby College Trailblazers EABL,"C. Burr, G. Pastor, J. Howlett, J. Lemanski, L. Ngomti",1,108,1.8,2.1,5,2,4,50,0,1,0,1,1,100,2,0,2,0,0,0,0,1,5,2,3,66.7,1,1,100,0,0,0,1,0,1,2,0,0,0,1,2.3,1.9,217.4,259.1,-41.7,259.1,217.4,41.7,0,0,0,0,0,0,0,0,0,0,0,0,0,0,0,0,0,0,0,0,0,0,0,0,0,0,0,0,0,0,0,0,0
City of London Academy - Southwark EABL,"A. Morentin, B. Olowoshile, D. Banjoko, D. Patel, R. Cryer",Derby College Trailblazers EABL,"E. Rice, F. Tuck, K. Otaye, R. Hobday, W. Tallon",1,56,0.9,2.1,2,1,3,33.3,0,1,0,0,1,0,3,1,4,0,0,1,1,0,0,0,1,0,0,0,0,0,0,0,0,0,0,0,1,0,1,1,2.3,2.0,87,0,87,0,87,-87,2,0,0,0,0,0,0,0,0,0,0,0,0,0,0,0,0,0,0,0,0,0,0,0,0,0,0,0,0,0,0,0,0
BMET City of Birmingham Rockets EABL,"G. Angoy, G. Singh, J. Hyland, J. Kesto, L. Duru",Derby College Trailblazers EABL,"C. Burr, E. Rice, J. Howlett, M. Smith-Fjordland, W. Tallon",1,62,1.0,2.0,2,1,2,50,0,1,0,0,0,0,0,0,0,0,0,0,0,0,3,1,2,50,1,2,50,0,0,0,0,1,1,1,0,0,0,1,2.0,2.0,100,150,-50,150,100,50,-1,0,0,0,0,0,0,0,0,0,0,0,0,0,0,0,0,0,0,0,0,0,0,0,0,0,0,0,0,0,0,0,0
BMET City of Birmingham Rockets EABL,"G. Angoy, G. Singh, J. Hyland, L. Duru, P. Basioudis",Derby College Trailblazers EABL,"E. Norman, E. Rice, L. Ngomti, M. Smith-Fjordland, W. Tallon",1,59,1.0,2.0,0,0,1,0,0,0,0,0,0,0,0,0,0,0,0,0,1,0,4,2,2,100,0,0,0,0,0,0,0,1,1,1,0,0,0,0,2.0,2.0,0,200,-200,200,0,200,-4,0,0,0,0,0,0,0,0,0,0,0,0,0,0,0,0,0,0,0,0,0,0,0,0,0,0,0,0,0,0,0,0
BMET City of Birmingham Rockets EABL,"B. Rose, G. Angoy, J. Hyland, J. Ogbeide, L. Duru",Derby College Trailblazers EABL,"C. Burr, E. Norman, K. Zidonis, M. Smith-Fjordland, O. Krysa",1,54,0.9,2.0,4,2,2,100,0,0,0,0,0,0,0,1,1,1,1,0,0,0,0,0,1,0,0,1,0,0,0,0,0,0,0,0,0,0,1,0,2.0,2.0,200,0,200,0,200,-200,4,0,0,0,0,0,0,0,0,0,0,0,0,0,0,0,0,0,0,0,0,0,0,0,0,0,0,0,0,0,0,0,0
Manchester Magic Academy EABL,"D. Allotey, J. Odongo, J. Walton, N. Brown, T. Kamal Kazmi",Charnwood College Riders EABL,"D. Stephens, L. Boothe, R. Buckingham, T. Curran, T. Pearson",1,55,0.9,2.0,3,1,2,50,1,2,50,0,0,0,0,1,1,1,0,0,0,0,0,0,1,0,0,0,0,0,0,0,0,1,1,0,0,0,1,0,2.0,2.0,150,0,150,0,150,-150,3,0,0,0,0,0,0,0,0,0,0,0,0,0,0,0,0,0,0,0,0,0,0,0,0,0,0,0,0,0,0,0,0
SGS College EABL,"A. Odowa, I. Toure, M. Alburo, M. Perez Tosca, M. Pospori",Myerscough College EABL,"H. Sheehan, J. Bobkowski, O. Esingle, S. Latidan, Z. Trezvant",1,89,1.5,2.0,3,1,2,50,1,2,50,0,0,0,0,1,1,0,0,0,0,0,0,0,2,0,0,1,0,0,0,0,1,1,2,0,0,0,1,0,2.0,1.9,150,0,150,0,150,-150,3,0,0,0,0,0,0,0,0,0,0,0,0,0,0,0,0,0,0,0,0,0,0,0,0,0,0,0,0,0,0,0,0
Barking Abbey EABL,"A. Maitland, F. Oguntuase, J. Mendes, K. Mabaya, M. Filho",HHS Reading Rockets EABL,"E. Harrington, J. Waterhouse, L. Franicis, M. Daines, N. Dent",1,54,0.9,2.0,2,1,1,100,0,0,0,0,0,0,0,0,0,1,1,0,1,1,2,1,1,100,0,0,0,0,0,0,0,0,0,1,0,0,1,0,2.0,2.0,100,100,0,100,100,0,0,0,0,0,0,0,0,0,0,0,0,0,0,0,0,0,0,0,0,0,0,0,0,0,0,0,0,0,0,0,0,0,0
Barking Abbey EABL,"A. Maitland, F. Oguntuase, J. Mendes, K. Mabaya, M. Filho",HHS Reading Rockets EABL,"E. Harrington, J. Waterhouse, M. Daines, M. Hassan-Taylor, N. Dent",1,54,0.9,2.0,0,0,1,0,0,0,0,0,0,0,0,1,1,0,0,0,1,0,2,1,3,33.3,0,0,0,0,0,0,1,1,2,0,0,0,0,0,2.0,1.9,0,103.6,-103.6,103.6,0,103.6,-2,0,0,0,0,0,0,0,0,0,0,0,0,0,0,0,0,0,0,0,0,0,0,0,0,0,0,0,0,0,0,0,0
Barking Abbey EABL,"F. Cole, J. Mendes, M. Filho, M. Myamutenha, R. Connolly",HHS Reading Rockets EABL,"C. Okumus, E. Harrington, J. Mackinnon, L. Bakary, L. Franicis",1,42,0.7,2.0,2,1,2,50,0,0,0,0,0,0,0,0,0,1,1,0,0,0,2,1,1,100,0,0,0,0,0,0,0,1,1,0,0,0,1,0,2.0,2.0,100,100,0,100,100,0,0,0,0,0,0,0,0,0,0,0,0,0,0,0,0,0,0,0,0,0,0,0,0,0,0,0,0,0,0,0,0,0,0
Barking Abbey EABL,"A. Nwabueze, F. Cole, H. Egbayelo, M. Matser, M. Myamutenha",HHS Reading Rockets EABL,"L. Bakary, L. Franicis, M. Daines, M. Hassan-Taylor, S. Ejiofor",1,26,0.4,2.0,0,0,2,0,0,1,0,0,0,0,0,2,2,0,0,0,0,1,0,0,2,0,0,1,0,0,0,0,0,1,1,0,0,0,0,0,2.0,2.0,0,0,0,0,0,0,0,0,0,0,0,0,0,0,0,0,0,0,0,0,0,0,0,0,0,0,0,0,0,0,0,0,0,0,0,0,0,0,0
City of London Academy - Southwark EABL,"B. Olowoshile, D. Banjoko, D. Banjoko, J. Hannick, T. Gass",Itchen College EABL,"A. Ben-Uloko, B. Cope, E. Lotriet, E. Round, J. Osei-Owusu",1,51,0.8,2.0,4,2,2,100,0,0,0,0,0,0,0,2,2,2,0,0,0,0,0,0,2,0,0,2,0,0,0,0,0,0,0,0,0,0,0,1,2.0,2.0,200,0,200,0,200,-200,4,0,0,0,0,0,0,0,0,0,0,0,0,0,0,0,0,0,0,0,0,0,0,0,0,0,0,0,0,0,0,0,0
City of London Academy - Southwark EABL,"A. Nwokolo, D. Banjoko, D. Banjoko, J. Hannick, T. Gass",Itchen College EABL,"B. Cope, E. Round, J. Osei-Owusu, M. Yeates, T. Blower",1,71,1.2,2.0,0,0,3,0,0,1,0,0,0,0,1,1,2,0,0,0,0,0,2,1,2,50,0,0,0,0,0,0,0,2,2,1,0,0,0,0,1.9,2.0,0,100,-100,100,0,100,-2,0,0,0,0,0,0,0,0,0,0,0,0,0,0,0,0,0,0,0,0,0,0,0,0,0,0,0,0,0,0,0,0
BMET City of Birmingham Rockets EABL,"A. Camara, G. Angoy, J. Agbeze, J. Hyland, P. Walsh",SGS College EABL,"A. Odowa, D. Lloyd, K. Richards, M. Alburo, M. Pospori",1,30,0.5,2.0,0,0,0,0,0,0,0,0,0,0,0,1,1,0,0,0,2,0,0,0,1,0,0,0,0,0,0,0,0,0,0,0,2,0,1,0,2.0,2.0,0,0,0,0,0,0,0,0,0,0,0,0,0,0,0,0,0,0,0,0,0,0,0,0,0,0,0,0,0,0,0,0,0,0,0,0,0,0,0
Itchen College EABL,"E. Lotriet, G. Andrews, J. Osei-Owusu, M. Edwards, R. Radu",Copleston High School EABL,"A. Hickey, C. Fobister, I. Little, J. Mussington, M. Wells",1,45,0.8,2.0,2,1,1,100,0,0,0,0,0,0,0,1,1,1,1,0,1,0,0,0,1,0,0,1,0,0,0,0,0,0,0,0,1,0,1,0,2.0,2.0,100,0,100,0,100,-100,2,0,0,0,0,0,0,0,0,0,0,0,0,0,0,0,0,0,0,0,0,0,0,0,0,0,0,0,0,0,0,0,0
Itchen College EABL,"E. Lotriet, E. Round, G. Andrews, J. Ofman, L. Diala-Bevan",Copleston High School EABL,"A. Hickey, C. Fobister, I. Little, M. Liddamore, N. Wilkinson",1,80,1.3,2.0,4,2,2,100,0,0,0,0,0,0,0,1,1,1,0,0,0,0,2,1,2,50,0,0,0,0,0,0,0,0,0,0,0,0,0,0,2.0,2.0,200,100,100,100,200,-100,2,0,0,0,0,0,0,0,0,0,0,0,0,0,0,0,0,0,0,0,0,0,0,0,0,0,0,0,0,0,0,0,0
Myerscough College EABL,"F. Morgan, N. Byfield, O. Esingle, S. Latidan, Z. Trezvant",Manchester Magic Academy EABL,"D. Allotey, H. Blake, J. Walton, O. Babalola, S. Sidi-Boumedine",1,79,1.3,2.0,4,2,2,100,0,0,0,0,0,0,0,0,0,2,2,0,0,1,0,0,0,0,0,0,0,0,0,0,0,0,0,0,0,0,2,0,2.0,2.0,200,0,200,0,200,-200,4,0,0,0,0,0,0,0,0,0,0,0,0,0,0,0,0,0,0,0,0,0,0,0,0,0,0,0,0,0,0,0,0
Myerscough College EABL,"A. Ibirinde, C. Sanchez Falette, H. Sheehan, O. Esingle, S. Latidan",Manchester Magic Academy EABL,"A. Sagay Isiorho, H. Blake, J. Walton, O. Babalola, S. Sidi-Boumedine",1,41,0.7,2.0,0,0,1,0,0,1,0,0,0,0,0,0,0,0,0,0,1,0,4,2,2,100,0,0,0,0,0,0,0,1,1,0,1,0,0,0,2.0,2.0,0,200,-200,200,0,200,-4,0,0,0,0,0,0,0,0,0,0,0,0,0,0,0,0,0,0,0,0,0,0,0,0,0,0,0,0,0,0,0,0
City of London Academy - Southwark EABL,"D. Banjoko, L. Thompson, R. Cryer, R. Testfay, T. Gass",Barking Abbey EABL,"F. Oguntuase, J. Mendes, K. Mabaya, M. Filho, S. Dobson Smith",1,97,1.6,2.0,0,0,0,0,0,0,0,0,0,0,0,1,1,0,0,0,2,0,0,0,1,0,0,1,0,0,0,0,0,0,0,0,2,0,1,2,2.0,2.0,0,0,0,0,0,0,0,0,0,0,0,0,0,0,0,0,0,0,0,0,0,0,0,0,0,0,0,0,0,0,0,0,0,0,0,0,0,0,0
City of London Academy - Southwark EABL,"A. Nwokolo, D. Banjoko, D. Banjoko, R. Testfay, T. Gass",Barking Abbey EABL,"A. Maitland, F. Oguntuase, J. Mendes, M. Filho, R. Connolly",1,54,0.9,2.0,2,1,3,33.3,0,1,0,0,0,0,1,0,1,1,1,0,0,0,2,1,1,100,0,0,0,0,0,0,0,1,1,0,0,0,1,0,1.9,2.0,103.6,100,3.6,100,103.6,-3.6,0,0,0,0,0,0,0,0,0,0,0,0,0,0,0,0,0,0,0,0,0,0,0,0,0,0,0,0,0,0,0,0,0
Copleston High School EABL,"A. Hickey, E. Tamakloe, M. Liddamore, N. Wilkinson, O. Drane",Barking Abbey EABL,"E. Albrecht, K. Mabaya, M. Myamutenha, R. Connolly, S. Dobson Smith",1,59,1.0,2.0,0,0,1,0,0,1,0,0,0,0,0,1,1,0,0,0,1,0,2,1,3,33.3,0,1,0,0,0,0,1,0,1,0,1,0,0,2,2.0,1.9,0,103.6,-103.6,103.6,0,103.6,-2,0,0,0,0,0,0,0,0,0,0,0,0,0,0,0,0,0,0,0,0,0,0,0,0,0,0,0,0,0,0,0,0
Copleston High School EABL,"A. Hickey, E. Tamakloe, M. Liddamore, N. Wilkinson, O. Drane",Barking Abbey EABL,"J. Mendes, K. N'gabala, M. Filho, O. Visockas, R. Connolly",1,75,1.2,2.0,0,0,2,0,0,1,0,0,0,0,0,0,0,0,0,0,0,0,4,2,2,100,0,0,0,0,0,0,0,1,1,0,0,0,0,0,2.0,2.0,0,200,-200,200,0,200,-4,0,0,0,0,0,0,0,0,0,0,0,0,0,0,0,0,0,0,0,0,0,0,0,0,0,0,0,0,0,0,0,0
Charnwood College Riders EABL,"L. Boothe, P. Kattah, T. Curran, T. Pearson, Z. Gleadell-Smith",SGS College EABL,"D. Lloyd, I. Toure, K. Richards, L. Matthews, M. Perez Tosca",1,52,0.9,2.0,2,1,1,100,0,0,0,0,0,0,0,1,1,0,1,0,1,0,0,0,1,0,0,0,0,0,0,0,0,0,0,0,0,0,1,0,2.0,2.0,100,0,100,0,100,-100,2,0,0,0,0,0,0,0,0,0,0,0,0,0,0,0,0,0,0,0,0,0,0,0,0,0,0,0,0,0,0,0,0
Charnwood College Riders EABL,"H. Mcglone, P. Kattah, R. Buckingham, T. Curran, T. Pearson",SGS College EABL,"D. Lloyd, K. Ramirez Mora, K. Richards, M. Alburo, M. Perez Tosca",1,25,0.4,2.0,0,0,1,0,0,1,0,0,0,0,1,0,1,0,1,0,1,0,4,2,2,100,0,0,0,0,0,0,0,0,0,1,1,0,1,0,0.9,3.0,0,133.3,-133.3,133.3,0,133.3,-4,0,0,0,0,0,0,0,0,0,0,0,0,0,0,0,0,0,0,0,0,0,0,0,0,0,0,0,0,0,0,0,0
Myerscough College EABL,"A. Ibirinde, H. Sheehan, J. Bobkowski, O. Esingle, S. Latidan",BMET City of Birmingham Rockets EABL,"J. Agbeze, J. Hyland, L. Duru, P. Basioudis, P. Walsh",1,66,1.1,2.0,3,1,2,50,1,2,50,0,0,0,0,0,0,1,1,0,0,1,2,1,1,100,0,0,0,0,0,0,0,1,1,0,0,0,1,0,2.0,2.0,150,100,50,100,150,-50,1,0,0,0,0,0,0,0,0,0,0,0,0,0,0,0,0,0,0,0,0,0,0,0,0,0,0,0,0,0,0,0,0
HHS Reading Rockets EABL,"A. Moloney, E. Harrington, J. Mackinnon, M. Daines, S. Ejiofor",City of London Academy - Southwark EABL,"A. Nwokolo, D. Banjoko, D. Banjoko, R. Testfay, T. Gass",1,38,0.6,2.0,0,0,0,0,0,0,0,0,0,0,0,0,0,0,0,1,2,1,2,1,2,50,0,0,0,0,0,0,0,0,0,1,1,0,0,1,2.0,2.0,0,100,-100,100,0,100,-2,0,0,0,0,0,0,0,0,0,0,0,0,0,0,0,0,0,0,0,0,0,0,0,0,0,0,0,0,0,0,0,0
HHS Reading Rockets EABL,"J. Waterhouse, L. Bakary, M. Daines, M. Hassan-Taylor, N. Dent",City of London Academy - Southwark EABL,"A. Nwokolo, D. Banjoko, D. Banjoko, R. Cryer, S. Shirwac",1,57,0.9,2.0,4,1,3,33.3,0,0,0,2,3,66.7,2,0,2,0,0,0,0,0,4,1,1,100,0,0,0,2,2,100,0,0,0,1,0,0,0,2,2.2,1.9,183.5,212.8,-29.3,212.8,183.5,29.3,0,0,0,0,0,0,0,0,0,0,0,0,0,0,0,0,0,0,0,0,0,0,0,0,0,0,0,0,0,0,0,0,0
HHS Reading Rockets EABL,"C. Okumus, L. Bakary, L. Francis, M. Hassan-Taylor, N. Dent",City of London Academy - Southwark EABL,"A. Morentin, B. Olowoshile, D. Ekwukoma, R. Cryer, S. Shirwac",1,70,1.2,2.0,0,0,2,0,0,1,0,0,0,0,0,0,0,0,0,0,0,0,0,0,1,0,0,0,0,0,0,0,1,1,2,0,0,0,2,0,2.0,1.9,0,0,0,0,0,0,0,0,0,0,0,0,0,0,0,0,0,0,0,0,0,0,0,0,0,0,0,0,0,0,0,0,0,0,0,0,0,0,0
Oaklands Wolves EABL,"E. Ryan, G. Mitchell, H. Morrell, L. Mcintosh, T. Mcintosh",Itchen College EABL,"B. Cope, E. Round, J. Osei-Owusu, M. Yeates, T. Blower",1,62,1.0,2.0,3,1,2,50,1,1,100,0,0,0,0,2,2,1,0,0,0,0,0,0,3,0,0,0,0,0,0,0,1,1,2,0,0,0,0,1,2.0,1.9,150,0,150,0,150,-150,3,0,0,0,0,0,0,0,0,0,0,0,0,0,0,0,0,0,0,0,0,0,0,0,0,0,0,0,0,0,0,0,0
BMET City of Birmingham Rockets EABL,"B. Rose, G. Singh, L. Duru, P. Basioudis, P. Walsh",Manchester Magic Academy EABL,"H. Blake, J. Walton, L. Clayton, S. Sidi-Boumedine, T. Kamal Kazmi",1,33,0.6,2.0,0,0,0,0,0,0,0,0,0,0,0,1,1,0,1,0,2,0,0,0,1,0,0,0,0,0,0,0,0,0,0,0,1,0,1,0,2.0,2.0,0,0,0,0,0,0,0,0,0,0,0,0,0,0,0,0,0,0,0,0,0,0,0,0,0,0,0,0,0,0,0,0,0,0,0,0,0,0,0
Copleston High School EABL,"E. Tamakloe, I. Carty-Peters, I. Little, M. Liddamore, T. Rafiu",HHS Reading Rockets EABL,"C. Okumus, J. Mackinnon, J. Waterhouse, M. Daines, M. Hassan-Taylor",1,31,0.5,2.0,0,0,2,0,0,1,0,0,0,0,0,1,1,0,0,0,1,1,0,0,1,0,0,0,0,0,0,0,0,1,1,0,1,1,0,0,3.0,1.0,0,0,0,0,0,0,0,0,0,0,0,0,0,0,0,0,0,0,0,0,0,0,0,0,0,0,0,0,0,0,0,0,0,0,0,0,0,0,0
Copleston High School EABL,"A. Hickey, I. Carty-Peters, I. Little, N. Wilkinson, T. Rafiu",HHS Reading Rockets EABL,"A. Moloney, E. Harrington, L. Bakary, M. Daines, S. Ejiofor",1,74,1.2,2.0,0,0,2,0,0,1,0,0,0,0,0,0,0,0,0,0,0,0,2,1,1,100,0,0,0,0,0,0,0,2,2,1,0,0,1,0,2.0,2.0,0,100,-100,100,0,100,-2,0,0,0,0,0,0,0,0,0,0,0,0,0,0,0,0,0,0,0,0,0,0,0,0,0,0,0,0,0,0,0,0
Copleston High School EABL,"A. Hickey, I. Carty-Peters, I. Little, N. Wilkinson, T. Rafiu",HHS Reading Rockets EABL,"C. Okumus, E. Harrington, L. Bakary, M. Daines, S. Ejiofor",1,57,0.9,2.0,2,1,1,100,0,0,0,0,0,0,0,0,0,0,0,0,1,0,4,2,2,100,0,0,0,0,0,0,0,0,0,0,0,0,0,0,2.0,2.0,100,200,-100,200,100,100,-2,0,0,0,0,0,0,0,0,0,0,0,0,0,0,0,0,0,0,0,0,0,0,0,0,0,0,0,0,0,0,0,0
Copleston High School EABL,"I. Carty-Peters, I. Little, M. Liddamore, N. Wilkinson, T. Rafiu",HHS Reading Rockets EABL,"C. Okumus, E. Harrington, J. Mackinnon, L. Bakary, M. Daines",1,54,0.9,2.0,0,0,4,0,0,3,0,0,0,0,2,1,3,0,1,0,1,1,1,0,0,0,0,0,0,1,2,50,0,1,1,0,0,0,1,0,2.1,1.9,0,53.2,-53.2,53.2,0,53.2,-1,0,0,0,0,0,0,0,0,0,0,0,0,0,0,0,0,0,0,0,0,0,0,0,0,0,0,0,0,0,0,0,0
Charnwood College Riders EABL,"A. Oyerinde, L. Boothe, L. Stevenson, T. Curran, Z. Gleadell-Smith",Myerscough College EABL,"B. Gordon, J. Bobkowski, O. Esingle, S. Laditan, Z. Trezvant",1,34,0.6,2.0,5,2,2,100,1,1,100,0,0,0,0,1,1,2,1,0,0,0,0,0,1,0,0,0,0,0,0,0,0,0,0,0,0,0,1,0,2.0,2.0,250,0,250,0,250,-250,5,0,0,0,0,0,0,0,0,0,0,0,0,0,0,0,0,0,0,0,0,0,0,0,0,0,0,0,0,0,0,0,0
SGS College EABL,"A. Odowa, I. Toure, L. Matthews, M. Pospori, S. Nelson",Derby College Trailblazers EABL,"G. Pastor, J. Howlett, J. Lemanski, M. Smith-Fjordland, W. Tallon",1,42,0.7,2.0,0,0,1,0,0,0,0,0,0,0,0,2,2,0,0,0,1,0,0,0,2,0,0,0,0,0,0,0,0,0,0,0,0,1,0,2,2.0,2.0,0,0,0,0,0,0,0,0,0,0,0,0,0,0,0,0,0,0,0,0,0,0,0,0,0,0,0,0,0,0,0,0,0,0,0,0,0,0,0
SGS College EABL,"A. Bennett, I. Toure, K. Ramirez Mora, M. Alburo, M. Perez Tosca",Derby College Trailblazers EABL,"C. Burr, E. Norman, E. Rice, G. Pastor, W. Tallon",1,16,0.3,2.0,2,1,2,50,0,0,0,0,0,0,0,0,0,0,1,0,0,0,2,1,1,100,0,0,0,0,0,0,0,1,1,1,0,0,1,0,2.0,2.0,100,100,0,100,100,0,0,0,0,0,0,0,0,0,0,0,0,0,0,0,0,0,0,0,0,0,0,0,0,0,0,0,0,0,0,0,0,0,0
Derby College Trailblazers EABL,"E. Norman, G. Pastor, J. Howlett, L. Ngomti, W. Tallon",Charnwood College Riders EABL,"A. Oyerinde, D. Hanousek, D. Stephens, L. Stevenson, Z. Gleadell-Smith",1,58,1.0,2.0,5,2,2,100,1,1,100,0,0,0,0,2,2,2,0,0,0,0,0,0,2,0,0,1,0,0,0,0,0,0,0,0,0,0,0,1,2.0,2.0,250,0,250,0,250,-250,5,0,0,0,0,0,0,0,0,0,0,0,0,0,0,0,0,0,0,0,0,0,0,0,0,0,0,0,0,0,0,0,0
Derby College Trailblazers EABL,"C. Burr, E. Norman, G. Pastor, J. Howlett, W. Tallon",Charnwood College Riders EABL,"D. Stephens, L. Stevenson, T. Curran, T. Pearson, Z. Gleadell-Smith",1,44,0.7,2.0,2,1,2,50,0,0,0,0,0,0,0,0,0,1,1,0,0,1,0,0,0,0,0,0,0,0,0,0,0,1,1,0,0,0,2,0,2.0,2.0,100,0,100,0,100,-100,2,0,0,0,0,0,0,0,0,0,0,0,0,0,0,0,0,0,0,0,0,0,0,0,0,0,0,0,0,0,0,0,0
Derby College Trailblazers EABL,"C. Burr, E. Norman, E. Rice, R. Hobday, W. Tallon",Charnwood College Riders EABL,"D. Hanousek, L. Stevenson, R. Buckingham, S. Morris, T. Pearson",1,104,1.7,2.0,0,0,1,0,0,0,0,0,0,0,0,0,0,0,0,0,1,0,3,1,2,50,1,2,50,0,0,0,0,0,0,1,0,0,0,0,2.0,2.0,0,150,-150,150,0,150,-3,0,0,0,0,0,0,0,0,0,0,0,0,0,0,0,0,0,0,0,0,0,0,0,0,0,0,0,0,0,0,0,0
BMET City of Birmingham Rockets EABL,"B. Rose, J. Agbeze, L. Duru, P. Basioudis, P. Walsh",Charnwood College Riders EABL,"F. Saeed, L. Boothe, P. Kattah, T. Curran, T. Pearson",1,51,0.8,2.0,0,0,1,0,0,1,0,0,0,0,0,0,0,0,0,0,1,1,4,2,2,100,0,0,0,0,0,0,0,1,1,1,1,0,0,1,2.0,2.0,0,200,-200,200,0,200,-4,0,0,0,0,0,0,0,0,0,0,0,0,0,0,0,0,0,0,0,0,0,0,0,0,0,0,0,0,0,0,0,0
BMET City of Birmingham Rockets EABL,"G. Angoy, G. Singh, J. Agbeze, J. Hyland, L. Duru",Charnwood College Riders EABL,"A. Oyerinde, F. Saeed, P. Kattah, T. Curran, T. Pearson",1,49,0.8,2.0,0,0,2,0,0,1,0,0,0,0,0,0,0,0,0,0,0,0,5,2,2,100,1,1,100,0,0,0,0,2,2,1,0,0,0,0,2.0,2.0,0,250,-250,250,0,250,-5,0,0,0,0,0,0,0,0,0,0,0,0,0,0,0,0,0,0,0,0,0,0,0,0,0,0,0,0,0,0,0,0
Itchen College EABL,"E. Lotriet, E. Round, J. Osei-Owusu, M. Yeates, T. Blower",HHS Reading Rockets EABL,"E. Harrington, J. Mackinnon, J. Waterhouse, L. Franicis, M. Hassan-Taylor",1,72,1.2,2.0,2,1,1,100,0,0,0,0,0,0,0,1,1,0,1,0,1,0,0,0,2,0,0,1,0,0,0,0,1,0,1,0,1,0,1,1,2.0,1.9,100,0,100,0,100,-100,2,0,0,0,0,0,0,0,0,0,0,0,0,0,0,0,0,0,0,0,0,0,0,0,0,0,0,0,0,0,0,0,0
Itchen College EABL,"B. Cope, D. Cimochowski, E. Round, J. Ofman, T. Blower",HHS Reading Rockets EABL,"C. Okumus, E. Harrington, J. Mackinnon, L. Bakary, M. Hassan-Taylor",1,58,1.0,2.0,4,2,2,100,0,0,0,0,0,0,0,2,2,1,0,0,0,1,0,0,2,0,0,0,0,0,0,0,0,0,0,0,0,0,0,0,2.0,2.0,200,0,200,0,200,-200,4,0,0,0,0,0,0,0,0,0,0,0,0,0,0,0,0,0,0,0,0,0,0,0,0,0,0,0,0,0,0,0,0
Itchen College EABL,"B. Cope, E. Lotriet, E. Round, J. Ofman, M. Edwards",HHS Reading Rockets EABL,"C. Okumus, E. Harrington, J. Mackinnon, J. Waterhouse, L. Franicis",1,105,1.8,2.0,7,3,3,100,1,1,100,0,0,0,0,1,1,2,0,0,0,1,0,0,1,0,0,0,0,0,0,0,0,0,0,0,0,0,0,0,3.0,1.0,233.3,0,233.3,0,233.3,-233.3,7,0,0,0,0,0,0,0,0,0,0,0,0,0,0,0,0,0,0,0,0,0,0,0,0,0,0,0,0,0,0,0,0
Derby College Trailblazers EABL,"E. Norman, E. Rice, G. Pastor, J. Howlett, K. Otaye, M. Smith-Fjordland",Myerscough College EABL,"D. Okhuoya, L. Farrell, O. Esingle, S. Latidan, Z. Trezvant",1,61,1.0,2.0,0,0,1,0,0,0,0,0,0,0,0,0,0,0,0,0,1,0,4,2,3,66.7,0,1,0,0,0,0,1,1,2,2,1,0,0,0,2.0,1.9,0,207.3,-207.3,207.3,0,207.3,-4,0,0,0,0,0,0,0,0,0,0,0,0,0,0,0,0,0,0,0,0,0,0,0,0,0,0,0,0,0,0,0,0
Derby College Trailblazers EABL,"C. Burr, E. Norman, E. Rice, K. Otaye, W. Tallon",Myerscough College EABL,"C. Sanchez Falette, H. Sheehan, L. Roberts, O. Esingle, Z. Trezvant",1,53,0.9,2.0,0,0,1,0,0,0,0,0,0,0,0,0,0,0,1,0,1,0,3,1,2,50,1,2,50,0,0,0,1,1,2,1,1,0,1,1,2.0,1.9,0,155.4,-155.4,155.4,0,155.4,-3,0,0,0,0,0,0,0,0,0,0,0,0,0,0,0,0,0,0,0,0,0,0,0,0,0,0,0,0,0,0,0,0
Derby College Trailblazers EABL,"C. Burr, E. Norman, K. Otaye, M. Smith-Fjordland, W. Tallon",Myerscough College EABL,"A. Ibirinde, C. Sanchez Falette, L. Farrell, L. Roberts, N. Byfield",1,54,0.9,2.0,0,0,3,0,0,1,0,0,0,0,1,0,1,0,1,0,0,0,2,1,1,100,0,0,0,0,0,0,0,2,2,1,0,0,1,0,1.9,2.0,0,100,-100,100,0,100,-2,0,0,0,0,0,0,0,0,0,0,0,0,0,0,0,0,0,0,0,0,0,0,0,0,0,0,0,0,0,0,0,0
Manchester Magic Academy EABL,"A. Sagay Isiorho, H. Blake, S. Sidi-Boumedine, T. Richardson, T. Weekes",SGS College EABL,"A. Odowa, I. Toure, K. Ramirez Mora, L. Matthews, M. Perez Tosca",1,31,0.5,2.0,0,0,3,0,0,2,0,0,0,0,1,0,1,0,1,0,0,1,2,1,1,100,0,0,0,0,0,0,0,2,2,1,0,0,1,0,1.9,2.0,0,100,-100,100,0,100,-2,0,0,0,0,0,0,0,0,0,0,0,0,0,0,0,0,0,0,0,0,0,0,0,0,0,0,0,0,0,0,0,0
Manchester Magic Academy EABL,"A. Sagay Isiorho, J. Odongo, J. Walton, N. Brown, O. Babalola",SGS College EABL,"D. Lloyd, I. Toure, L. Matthews, M. Alburo, M. Perez Tosca",1,68,1.1,2.0,2,1,2,50,0,1,0,0,0,0,0,0,0,1,0,0,0,0,0,0,1,0,0,0,0,0,0,0,0,1,1,0,0,0,1,0,2.0,2.0,100,0,100,0,100,-100,2,0,0,0,0,0,0,0,0,0,0,0,0,0,0,0,0,0,0,0,0,0,0,0,0,0,0,0,0,0,0,0,0
Oaklands Wolves EABL,"D. Gladstone, D. Kostadinov, E. Da Cruz Fatuda, G. Mitchell, H. Morrell",Barking Abbey EABL,"A. Nwabueze, F. Oguntuase, J. Mendes, M. Filho, R. Connolly",1,89,1.5,2.0,2,1,2,50,0,1,0,0,0,0,0,1,1,1,1,0,0,0,0,0,2,0,0,2,0,0,0,0,1,0,1,0,0,0,1,1,2.0,1.9,100,0,100,0,100,-100,2,0,0,0,0,0,0,0,0,0,0,0,0,0,0,0,0,0,0,0,0,0,0,0,0,0,0,0,0,0,0,0,0
Oaklands Wolves EABL,"D. Gladstone, D. Kostadinov, E. Da Cruz Fatuda, G. Mitchell, H. Morrell",Barking Abbey EABL,"A. Maitland, F. Oguntuase, J. Mendes, K. Mabaya, R. Connolly",1,52,0.9,2.0,3,1,2,50,1,2,50,0,1,0,1,0,1,1,0,0,0,0,0,0,0,0,0,0,0,0,0,0,0,1,1,0,0,0,2,0,1.9,2.0,157.5,0,157.5,0,157.5,-157.5,3,0,0,0,0,0,0,0,0,0,0,0,0,0,0,0,0,0,0,0,0,0,0,0,0,0,0,0,0,0,0,0,0
Copleston High School EABL,"A. Hickey, C. Fobister, I. Carty-Peters, I. Little, N. Wilkinson",Oaklands Wolves EABL,"B. Thompson, D. Kostadinov, E. Da Cruz Fatuda, G. Mitchell, L. Mcintosh",1,42,0.7,2.0,6,2,2,100,2,2,100,0,0,0,0,1,1,1,0,1,0,0,0,0,2,0,0,1,0,0,0,0,1,0,1,0,0,0,1,0,2.0,1.9,300,0,300,0,300,-300,6,0,0,0,0,0,0,0,0,0,0,0,0,0,0,0,0,0,0,0,0,0,0,0,0,0,0,0,0,0,0,0,0
Copleston High School EABL,"C. Fobister, I. Carty-Peters, I. Little, M. Liddamore, O. Drane",Oaklands Wolves EABL,"D. Gladstone, E. Da Cruz Fatuda, H. Morrell, L. Mcintosh, T. Mcintosh",1,42,0.7,2.0,0,0,0,0,0,0,0,0,0,0,0,0,0,0,0,0,1,0,0,0,1,0,0,0,0,0,0,0,1,0,1,0,1,0,3,1,1.0,2.9,0,0,0,0,0,0,0,0,0,0,0,0,0,0,0,0,0,0,0,0,0,0,0,0,0,0,0,0,0,0,0,0,0,0,0,0,0,0,0
Itchen College EABL,"B. Cope, D. Cimochowski, E. Lotriet, J. Osei-Owusu, R. Radu",City of London Academy - Southwark EABL,"A. Nwokolo, D. Banjoko, R. Testfay, S. Shirwac, T. Gass",1,27,0.5,2.0,0,0,1,0,0,1,0,0,0,0,0,1,1,0,0,0,2,1,0,0,1,0,0,1,0,0,0,0,0,1,1,0,0,0,0,0,3.0,1.0,0,0,0,0,0,0,0,0,0,0,0,0,0,0,0,0,0,0,0,0,0,0,0,0,0,0,0,0,0,0,0,0,0,0,0,0,0,0,0
Itchen College EABL,"B. Cope, D. Cimochowski, E. Lotriet, E. Round, J. Osei-Owusu",City of London Academy - Southwark EABL,"A. Nwokolo, D. Banjoko, R. Testfay, S. Shirwac, T. Gass",1,92,1.5,2.0,2,1,2,50,0,0,0,0,0,0,1,1,2,0,0,0,1,1,2,1,2,50,0,0,0,0,0,0,0,0,0,0,1,0,0,0,1.9,2.0,103.6,100,3.6,100,103.6,-3.6,0,0,0,0,0,0,0,0,0,0,0,0,0,0,0,0,0,0,0,0,0,0,0,0,0,0,0,0,0,0,0,0,0
Itchen College EABL,"D. Cimochowski, E. Round, M. Edwards, R. Radu, T. Blower",City of London Academy - Southwark EABL,"D. Banjoko, D. Patel, J. Mcpherson, R. Cryer, T. Gass",1,84,1.4,2.0,0,0,2,0,0,0,0,0,0,0,0,1,1,0,0,0,0,0,2,1,2,50,0,0,0,0,0,0,0,1,1,0,0,0,0,0,2.0,2.0,0,100,-100,100,0,100,-2,0,0,0,0,0,0,0,0,0,0,0,0,0,0,0,0,0,0,0,0,0,0,0,0,0,0,0,0,0,0,0,0
Charnwood College Riders EABL,"D. Hanousek, F. Saeed, T. Curran, T. Pearson, Z. Gleadell-Smith",Manchester Magic Academy EABL,"A. Sagay Isiorho, D. Allotey, N. Brown, O. Babalola, T. Richardson",1,66,1.1,2.0,2,1,2,50,0,1,0,0,0,0,0,2,2,1,0,0,0,0,0,0,2,0,0,1,0,0,0,0,0,1,1,0,0,0,0,0,2.0,2.0,100,0,100,0,100,-100,2,0,0,0,0,0,0,0,0,0,0,0,0,0,0,0,0,0,0,0,0,0,0,0,0,0,0,0,0,0,0,0,0
Derby College Trailblazers EABL,"E. Norman, G. Pastor, J. Howlett, L. Ngomti, R. Hobday",BMET City of Birmingham Rockets EABL,"D. Pittaway, G. Angoy, J. Hyland, L. Duru, P. Walsh",1,65,1.1,2.0,2,1,2,50,0,0,0,0,0,0,0,0,0,0,1,0,0,0,0,0,1,0,0,1,0,0,0,0,0,1,1,0,0,0,1,0,2.0,2.0,100,0,100,0,100,-100,2,0,0,0,0,0,0,0,0,0,0,0,0,0,0,0,0,0,0,0,0,0,0,0,0,0,0,0,0,0,0,0,0
Myerscough College EABL,"H. Sheehan, I. Idemudia, N. Byfield, S. Latidan, S. Latidan",SGS College EABL,"D. Lloyd, I. Toure, K. Ramirez Mora, M. Alburo, S. Nelson",1,60,1.0,2.0,2,1,1,100,0,0,0,0,0,0,0,0,0,1,1,0,1,1,2,1,1,100,0,0,0,0,0,0,0,0,0,1,1,0,1,0,2.0,2.0,100,100,0,100,100,0,0,0,0,0,0,0,0,0,0,0,0,0,0,0,0,0,0,0,0,0,0,0,0,0,0,0,0,0,0,0,0,0,0
Charnwood College Riders EABL,"D. Hanousek, L. Boothe, L. Stevenson, O. Hambira, P. Kattah",Derby College Trailblazers EABL,"E. Rice, G. Pastor, J. Howlett, L. Ngomti, R. Hobday",1,48,0.8,2.0,0,0,1,0,0,0,0,0,0,0,0,1,1,0,0,0,1,0,2,1,2,50,0,1,0,0,0,0,0,1,1,1,0,0,0,0,2.0,2.0,0,100,-100,100,0,100,-2,0,0,0,0,0,0,0,0,0,0,0,0,0,0,0,0,0,0,0,0,0,0,0,0,0,0,0,0,0,0,0,0
Manchester Magic Academy EABL,"D. Allotey, H. Blake, J. Odongo, O. Babalola, T. Richardson",Myerscough College EABL,"C. Sanchez Falette, H. Sheehan, N. Byfield, S. Latidan, Z. Trezvant",1,54,0.9,2.0,0,0,2,0,0,1,0,0,0,0,0,0,0,0,0,0,0,1,2,1,2,50,0,0,0,0,0,0,1,2,3,0,0,0,1,0,2.0,1.9,0,103.6,-103.6,103.6,0,103.6,-2,0,0,0,0,0,0,0,0,0,0,0,0,0,0,0,0,0,0,0,0,0,0,0,0,0,0,0,0,0,0,0,0
Manchester Magic Academy EABL,"H. Blake, J. Odongo, J. Walton, O. Babalola, T. Kamal Kazmi",Myerscough College EABL,"C. Sanchez Falette, D. Okhuoya, H. Sheehan, O. Esingle, S. Latidan",1,31,0.5,2.0,4,2,3,66.7,0,0,0,0,0,0,0,0,0,2,1,0,0,1,0,0,0,0,0,0,0,0,0,0,0,0,0,0,0,1,1,0,3.0,1.0,133.3,0,133.3,0,133.3,-133.3,4,0,0,0,0,0,0,0,0,0,0,0,0,0,0,0,0,0,0,0,0,0,0,0,0,0,0,0,0,0,0,0,0
Manchester Magic Academy EABL,"H. Blake, J. Odongo, J. Walton, L. Clayton, O. Babalola",Myerscough College EABL,"C. Sanchez Falette, D. Okhuoya, F. Morgan, O. Esingle, S. Latidan",1,38,0.6,2.0,0,0,0,0,0,0,0,0,0,0,0,1,1,0,0,0,1,0,0,0,1,0,0,1,0,0,0,0,0,0,0,0,1,0,2,1,1.0,3.0,0,0,0,0,0,0,0,0,0,0,0,0,0,0,0,0,0,0,0,0,0,0,0,0,0,0,0,0,0,0,0,0,0,0,0,0,0,0,0
SGS College EABL,"A. Odowa, K. Richards, L. Matthews, M. Alburo, M. Perez Tosca",BMET City of Birmingham Rockets EABL,"B. Rose, D. Pittaway, I. Gisbourne, L. Duru, P. Walsh",1,36,0.6,2.0,5,2,2,100,1,1,100,0,0,0,0,1,1,1,0,0,0,0,0,0,1,0,0,0,0,0,0,0,0,0,0,0,0,0,1,0,2.0,2.0,250,0,250,0,250,-250,5,0,0,0,0,0,0,0,0,0,0,0,0,0,0,0,0,0,0,0,0,0,0,0,0,0,0,0,0,0,0,0,0
Itchen College EABL,"D. Cimochowski, E. Lotriet, E. Round, M. Edwards, T. Blower",Oaklands Wolves EABL,"D. Gladstone, D. Kostadinov, E. Da Cruz Fatuda, G. Mitchell, L. Mcintosh",1,49,0.8,2.0,2,1,1,100,0,0,0,0,0,0,0,0,0,1,0,0,1,0,2,1,1,100,0,0,0,0,0,0,0,0,0,0,1,0,1,1,2.0,2.0,100,100,0,100,100,0,0,0,0,0,0,0,0,0,0,0,0,0,0,0,0,0,0,0,0,0,0,0,0,0,0,0,0,0,0,0,0,0,0
Itchen College EABL,"B. Cope, E. Round, G. Andrews, M. Edwards, M. Yeates",Oaklands Wolves EABL,"D. Kostadinov, G. Mitchell, H. Morrell, L. Mcintosh, T. Mcintosh",1,40,0.7,2.0,0,0,1,0,0,0,0,0,0,0,1,0,1,0,1,0,1,0,0,0,0,0,0,0,0,0,0,0,0,0,0,0,1,0,3,1,0.9,3.0,0,0,0,0,0,0,0,0,0,0,0,0,0,0,0,0,0,0,0,0,0,0,0,0,0,0,0,0,0,0,0,0,0,0,0,0,0,0,0
Derby College Trailblazers EABL,"C. Burr, J. Lemanski, L. Ngomti, M. Smith-Fjordland, W. Tallon",Manchester Magic Academy EABL,"A. Sagay Isiorho, J. Walton, L. Clayton, S. Sidi-Boumedine, T. Kamal Kazmi",1,50,0.8,2.0,0,0,1,0,0,0,0,0,0,0,0,0,0,0,1,0,1,0,3,1,2,50,1,2,50,0,0,0,1,1,2,1,1,0,1,0,2.0,1.9,0,155.4,-155.4,155.4,0,155.4,-3,0,0,0,0,0,0,0,0,0,0,0,0,0,0,0,0,0,0,0,0,0,0,0,0,0,0,0,0,0,0,0,0
SGS College EABL,"A. Odowa, I. Toure, L. Matthews, S. Nelson, Z. Lawson",Charnwood College Riders EABL,"A. Young, F. Saeed, J. Hardy, L. Stevenson, O. Hambira",1,23,0.4,2.0,0,0,1,0,0,0,0,0,0,0,0,1,1,0,0,0,1,0,2,1,2,50,0,0,0,0,0,0,0,1,1,1,1,0,0,1,2.0,2.0,0,100,-100,100,0,100,-2,0,0,0,0,0,0,0,0,0,0,0,0,0,0,0,0,0,0,0,0,0,0,0,0,0,0,0,0,0,0,0,0
Barking Abbey EABL,"F. Cole, J. Mendes, M. Filho, M. Matser, R. Connolly",Copleston High School EABL,"E. Tamakloe, I. Carty-Peters, M. Liddamore, N. Wilkinson, T. Rafiu",1,47,0.8,2.0,0,0,1,0,0,1,0,0,0,0,0,0,0,0,2,0,1,1,0,0,0,0,0,0,0,0,0,0,0,1,1,0,1,0,2,0,2.0,2.0,0,0,0,0,0,0,0,0,0,0,0,0,0,0,0,0,0,0,0,0,0,0,0,0,0,0,0,0,0,0,0,0,0,0,0,0,0,0,0
Barking Abbey EABL,"A. Nwabueze, F. Cole, H. Parkin, K. Mabaya, K. N'gabala",Copleston High School EABL,"C. Fobister, I. Little, M. Liddamore, N. Wilkinson, T. Rafiu",1,64,1.1,2.0,0,0,3,0,0,2,0,0,0,0,1,2,3,0,0,1,0,1,0,0,2,0,0,0,0,0,0,0,0,2,2,0,0,0,0,0,1.9,2.0,0,0,0,0,0,0,0,0,0,0,0,0,0,0,0,0,0,0,0,0,0,0,0,0,0,0,0,0,0,0,0,0,0,0,0,0,0,0,0
City of London Academy - Southwark EABL,"A. Nwokolo, B. Olowoshile, D. Banjoko, D. Patel, R. Cryer",HHS Reading Rockets EABL,"C. Okumus, J. Mackinnon, L. Bakary, M. Daines, M. Hassan-Taylor",1,51,0.8,2.0,2,1,1,100,0,0,0,0,0,0,0,1,1,1,0,0,1,0,0,0,1,0,0,1,0,0,0,0,0,0,0,0,0,0,1,0,2.0,2.0,100,0,100,0,100,-100,2,0,0,0,0,0,0,0,0,0,0,0,0,0,0,0,0,0,0,0,0,0,0,0,0,0,0,0,0,0,0,0,0
City of London Academy - Southwark EABL,"A. Nwokolo, B. Olowoshile, D. Banjoko, J. Hannick, L. Thompson",HHS Reading Rockets EABL,"J. Mackinnon, L. Bakary, L. Franicis, M. Daines, M. Hassan-Taylor",1,77,1.3,2.0,2,1,2,50,0,1,0,0,0,0,0,2,2,1,0,0,0,0,0,0,2,0,0,1,0,0,0,0,0,1,1,0,0,0,0,0,2.0,2.0,100,0,100,0,100,-100,2,0,0,0,0,0,0,0,0,0,0,0,0,0,0,0,0,0,0,0,0,0,0,0,0,0,0,0,0,0,0,0,0
Barking Abbey EABL,"A. Maitland, A. Nwabueze, J. Mendes, K. Mabaya, K. N'gabala",Itchen College EABL,"B. Cope, D. Cimochowski, E. Lotriet, E. Round, J. Ofman",1,41,0.7,2.0,0,0,1,0,0,0,0,0,0,0,1,1,2,0,1,0,1,1,0,0,2,0,0,1,0,0,0,0,0,0,0,0,1,0,1,1,0.9,3.0,0,0,0,0,0,0,0,0,0,0,0,0,0,0,0,0,0,0,0,0,0,0,0,0,0,0,0,0,0,0,0,0,0,0,0,0,0,0,0
Barking Abbey EABL,"A. Nwabueze, J. Mendes, K. Mabaya, M. Filho, R. Connolly",Itchen College EABL,"B. Cope, E. Lotriet, E. Round, M. Edwards, M. Yeates",1,47,0.8,2.0,2,1,2,50,0,0,0,0,0,0,0,2,2,1,0,2,0,0,0,0,2,0,0,0,0,0,0,0,0,1,1,0,0,0,0,0,2.0,2.0,100,0,100,0,100,-100,2,0,0,0,0,0,0,0,0,0,0,0,0,0,0,0,0,0,0,0,0,0,0,0,0,0,0,0,0,0,0,0,0
HHS Reading Rockets EABL,"J. Mackinnon, L. Bakary, L. Francis, M. Daines, M. Hassan-Taylor",Oaklands Wolves EABL,"D. Kostadinov, G. Mitchell, H. Morrell, L. Mcintosh, T. Mcintosh",1,38,0.6,2.0,4,2,2,100,0,0,0,0,0,0,0,0,0,0,1,0,0,0,0,0,0,0,0,0,0,0,0,0,0,0,0,0,0,0,2,0,2.0,2.0,200,0,200,0,200,-200,4,0,0,0,0,0,0,0,0,0,0,0,0,0,0,0,0,0,0,0,0,0,0,0,0,0,0,0,0,0,0,0,0
Barking Abbey EABL,"A. Nwabueze, H. Parkin, K. Mabaya, K. N'gabala, O. Visockas",City of London Academy - Southwark EABL,"A. Morentin, B. Olowoshile, D. Banjoko, D. Banjoko, J. Hannick",1,4,0.1,2.0,0,0,2,0,0,2,0,0,0,0,0,0,0,0,1,1,0,0,0,0,1,0,0,0,0,0,0,0,0,2,2,0,0,0,1,0,2.0,2.0,0,0,0,0,0,0,0,0,0,0,0,0,0,0,0,0,0,0,0,0,0,0,0,0,0,0,0,0,0,0,0,0,0,0,0,0,0,0,0
Barking Abbey EABL,"A. Nwabueze, J. Mendes, K. N'gabala, O. Visockas",City of London Academy - Southwark EABL,"A. Morentin, B. Olowoshile, D. Banjoko, D. Patel, T. Gass",1,15,0.2,2.0,5,2,2,100,1,1,100,0,0,0,0,1,1,2,0,0,0,1,0,0,1,0,0,1,0,0,0,0,0,0,0,0,0,0,1,0,2.0,2.0,250,0,250,0,250,-250,5,0,0,0,0,0,0,0,0,0,0,0,0,0,0,0,0,0,0,0,0,0,0,0,0,0,0,0,0,0,0,0,0
Barking Abbey EABL,"A. Nwabueze, H. Parkin, J. Mendes, O. Visockas, R. Connolly",City of London Academy - Southwark EABL,"A. Nwokolo, B. Olowoshile, D. Banjoko, J. Hannick, T. Gass",1,70,1.2,2.0,0,0,2,0,0,0,0,0,0,0,0,1,1,0,0,0,0,1,2,1,2,50,0,0,0,0,0,0,0,2,2,0,0,0,0,0,2.0,2.0,0,100,-100,100,0,100,-2,0,0,0,0,0,0,0,0,0,0,0,0,0,0,0,0,0,0,0,0,0,0,0,0,0,0,0,0,0,0,0,0
Itchen College EABL,"E. Round, G. Andrews, J. Osei-Owusu, M. Yeates, R. Radu",Barking Abbey EABL,"A. Maitland, A. Nwabueze, F. Oguntuase, O. Visockas, R. Connolly",1,62,1.0,2.0,0,0,0,0,0,0,0,0,0,0,0,0,0,0,0,0,1,0,2,1,1,100,0,0,0,0,0,0,0,0,0,0,1,0,2,1,1.0,3.0,0,66.7,-66.7,66.7,0,66.7,-2,0,0,0,0,0,0,0,0,0,0,0,0,0,0,0,0,0,0,0,0,0,0,0,0,0,0,0,0,0,0,0,0
Itchen College EABL,"B. Cope, E. Lotriet, E. Round, J. Osei-Owusu, M. Yeates",Barking Abbey EABL,"A. Maitland, A. Nwabueze, J. Mendes, K. Mabaya, O. Visockas",1,67,1.1,2.0,3,1,1,100,1,1,100,0,0,0,0,0,0,1,0,0,0,1,0,0,1,0,0,1,0,0,0,0,0,0,0,0,0,0,2,1,1.0,3.0,300,0,300,0,300,-300,3,0,0,0,0,0,0,0,0,0,0,0,0,0,0,0,0,0,0,0,0,0,0,0,0,0,0,0,0,0,0,0,0
Derby College Trailblazers EABL,"G. Pastor, J. Howlett, J. Lemanski, M. Smith-Fjordland, W. Tallon",SGS College EABL,"D. Lloyd, K. Ramirez Mora, K. Richards, M. Alburo, S. Nelson",1,51,0.8,2.0,2,1,2,50,0,1,0,0,0,0,0,0,0,0,0,0,0,1,2,1,1,100,0,0,0,0,0,0,0,1,1,1,0,0,1,0,2.0,2.0,100,100,0,100,100,0,0,0,0,0,0,0,0,0,0,0,0,0,0,0,0,0,0,0,0,0,0,0,0,0,0,0,0,0,0,0,0,0,0
Manchester Magic Academy EABL,"A. Adetula, D. Allotey, J. Walton, L. Clayton, T. Weekes",BMET City of Birmingham Rockets EABL,"G. Angoy, J. Agbeze, L. Duru, P. Basioudis, P. Walsh",1,57,0.9,2.0,4,2,3,66.7,0,1,0,0,0,0,1,1,2,1,1,0,0,0,0,0,1,0,0,1,0,0,0,0,0,0,0,0,0,0,1,0,1.9,2.0,207.3,0,207.3,0,207.3,-207.3,4,0,0,0,0,0,0,0,0,0,0,0,0,0,0,0,0,0,0,0,0,0,0,0,0,0,0,0,0,0,0,0,0
Manchester Magic Academy EABL,"A. Adetula, D. Allotey, J. Walton, T. Richardson, T. Weekes",BMET City of Birmingham Rockets EABL,"A. Camara, J. Hyland, L. Duru, P. Basioudis, P. Walsh",1,36,0.6,2.0,2,1,2,50,0,1,0,0,0,0,0,0,0,1,1,0,0,0,3,1,1,100,1,1,100,0,0,0,0,0,0,1,0,0,1,0,2.0,2.0,100,150,-50,150,100,50,-1,0,0,0,0,0,0,0,0,0,0,0,0,0,0,0,0,0,0,0,0,0,0,0,0,0,0,0,0,0,0,0,0
Myerscough College EABL,"C. Sanchez Falette, H. Sheehan, O. Esingle, S. Latidan, Z. Trezvant",Charnwood College Riders EABL,"L. Boothe, R. Buckingham, T. Curran, T. Pearson, Z. Gleadell-Smith",1,45,0.8,2.0,6,2,2,100,2,2,100,0,0,0,0,0,0,2,2,0,0,0,0,0,0,0,0,0,0,0,0,0,0,0,0,0,0,0,2,1,2.0,2.0,300,0,300,0,300,-300,6,0,0,0,0,0,0,0,0,0,0,0,0,0,0,0,0,0,0,0,0,0,0,0,0,0,0,0,0,0,0,0,0
Myerscough College EABL,"F. Morgan, H. Sheehan, J. Bobkowski, S. Latidan, Z. Trezvant",Charnwood College Riders EABL,"A. Oyerinde, A. Young, L. Stevenson, R. Buckingham, Z. Gleadell-Smith",1,47,0.8,2.0,4,2,3,66.7,0,0,0,0,0,0,1,0,1,0,1,0,0,0,0,0,0,0,0,0,0,0,0,0,0,0,0,0,0,0,2,0,1.9,2.0,207.3,0,207.3,0,207.3,-207.3,4,0,0,0,0,0,0,0,0,0,0,0,0,0,0,0,0,0,0,0,0,0,0,0,0,0,0,0,0,0,0,0,0
Myerscough College EABL,"C. Sanchez Falette, J. Bobkowski, O. Esingle, S. Latidan, Z. Trezvant",Charnwood College Riders EABL,"L. Boothe, R. Buckingham, T. Curran, T. Pearson, Z. Gleadell-Smith",1,32,0.5,2.0,0,0,1,0,0,0,0,0,0,0,0,1,1,0,0,1,1,0,2,1,2,50,0,0,0,0,0,0,0,1,1,1,1,0,0,0,2.0,2.0,0,100,-100,100,0,100,-2,0,0,0,0,0,0,0,0,0,0,0,0,0,0,0,0,0,0,0,0,0,0,0,0,0,0,0,0,0,0,0,0
HHS Reading Rockets EABL,"C. Okumus, J. Mackinnon, J. Waterhouse, M. Daines, M. Hassan-Taylor",Barking Abbey EABL,"A. Maitland, F. Cole, F. Oguntuase, M. Filho, S. Dobson Smith",1,37,0.6,2.0,0,0,2,0,0,2,0,0,0,0,0,1,1,0,0,0,0,0,0,0,2,0,0,0,0,0,0,0,1,2,3,0,0,0,1,0,2.0,1.9,0,0,0,0,0,0,0,0,0,0,0,0,0,0,0,0,0,0,0,0,0,0,0,0,0,0,0,0,0,0,0,0,0,0,0,0,0,0,0
Copleston High School EABL,"C. Fobister, G. Millar, I. Carty-Peters, I. Little, T. Rafiu",City of London Academy - Southwark EABL,"A. Morentin, D. Banjoko, D. Banjoko, J. Hannick, S. Shirwac",1,49,0.8,2.0,2,1,2,50,0,1,0,0,0,0,0,1,1,1,0,0,0,0,0,0,1,0,0,0,0,0,0,0,0,1,1,0,0,0,1,0,2.0,2.0,100,0,100,0,100,-100,2,0,0,0,0,0,0,0,0,0,0,0,0,0,0,0,0,0,0,0,0,0,0,0,0,0,0,0,0,0,0,0,0
Copleston High School EABL,"C. Fobister, I. Carty-Peters, I. Little, M. Liddamore, T. Rafiu",City of London Academy - Southwark EABL,"A. Morentin, B. Manfo-Marc, J. Hannick, N. Senessie, S. Shirwac",1,71,1.2,2.0,0,0,3,0,0,1,0,0,0,0,1,0,1,0,0,0,0,1,2,1,1,100,0,0,0,0,0,0,0,2,2,0,0,0,1,0,1.9,2.0,0,100,-100,100,0,100,-2,0,0,0,0,0,0,0,0,0,0,0,0,0,0,0,0,0,0,0,0,0,0,0,0,0,0,0,0,0,0,0,0
Copleston High School EABL,"E. Tamakloe, I. Little, M. Liddamore, O. Drane, T. Rafiu",City of London Academy - Southwark EABL,"A. Morentin, A. Nwokolo, D. Banjoko, R. Testfay, S. Shirwac",1,51,0.8,2.0,0,0,1,0,0,1,0,0,0,0,0,2,2,0,0,0,1,0,0,0,3,0,0,2,0,0,0,0,1,1,2,0,1,0,0,0,2.0,1.9,0,0,0,0,0,0,0,0,0,0,0,0,0,0,0,0,0,0,0,0,0,0,0,0,0,0,0,0,0,0,0,0,0,0,0,0,0,0,0
SGS College EABL,"A. Odowa, D. Lloyd, I. Toure, K. Ramirez Mora, M. Perez Tosca",Manchester Magic Academy EABL,"A. Adetula, H. Blake, J. Odongo, T. Richardson, T. Weekes",1,75,1.2,2.0,0,0,2,0,0,2,0,0,0,0,0,1,1,0,0,0,0,0,0,0,2,0,0,2,0,0,0,0,0,1,1,0,0,0,0,0,2.0,2.0,0,0,0,0,0,0,0,0,0,0,0,0,0,0,0,0,0,0,0,0,0,0,0,0,0,0,0,0,0,0,0,0,0,0,0,0,0,0,0
SGS College EABL,"I. Toure, K. Ramirez Mora, M. Perez Tosca, R. Cabrera, Z. Lawson",Manchester Magic Academy EABL,"A. Adetula, A. Sagay Isiorho, J. Odongo, O. Babalola, T. Richardson",1,64,1.1,2.0,0,0,2,0,0,0,0,0,0,0,0,0,0,0,0,0,0,0,2,1,1,100,0,0,0,0,0,0,0,1,1,0,0,0,1,1,2.0,2.0,0,100,-100,100,0,100,-2,0,0,0,0,0,0,0,0,0,0,0,0,0,0,0,0,0,0,0,0,0,0,0,0,0,0,0,0,0,0,0,0
Charnwood College Riders EABL,"P. Kattah, R. Buckingham, T. Curran, T. Pearson, Z. Gleadell-Smith",BMET City of Birmingham Rockets EABL,"J. Agbeze, J. Hyland, L. Duru, P. Basioudis, S. Chikukwa",1,35,0.6,2.0,2,1,2,50,0,1,0,0,0,0,1,1,2,0,1,0,1,0,0,0,1,0,0,1,0,0,0,0,0,0,0,0,1,0,1,1,1.9,2.0,103.6,0,103.6,0,103.6,-103.6,2,0,0,0,0,0,0,0,0,0,0,0,0,0,0,0,0,0,0,0,0,0,0,0,0,0,0,0,0,0,0,0,0
Myerscough College EABL,"A. Cisse, D. Okhuoya, F. Morgan, J. Bobkowski, L. Farrell",Derby College Trailblazers EABL,"C. Burr, E. Rice, F. Tuck, G. Pastor, R. Hobday",1,45,0.8,2.0,5,2,2,100,1,1,100,0,0,0,0,1,1,1,1,0,0,0,0,0,2,0,0,1,0,0,0,0,1,0,1,0,0,0,1,0,2.0,1.9,250,0,250,0,250,-250,5,0,0,0,0,0,0,0,0,0,0,0,0,0,0,0,0,0,0,0,0,0,0,0,0,0,0,0,0,0,0,0,0
HHS Reading Rockets EABL,"E. Harrington, J. Mackinnon, L. Francis, M. Daines, M. Hassan-Taylor",Itchen College EABL,"B. Cope, E. Lotriet, E. Round, G. Andrews, M. Yeates",1,66,1.1,2.0,0,0,0,0,0,0,0,0,0,0,0,0,0,0,0,0,2,1,2,1,2,50,0,1,0,0,0,0,0,0,0,1,2,0,0,1,2.0,2.0,0,100,-100,100,0,100,-2,0,0,0,0,0,0,0,0,0,0,0,0,0,0,0,0,0,0,0,0,0,0,0,0,0,0,0,0,0,0,0,0
HHS Reading Rockets EABL,"E. Harrington, J. Mackinnon, L. Francis, M. Daines, M. Hassan-Taylor",Itchen College EABL,"B. Cope, D. Cimochowski, J. Ofman, R. Radu, T. Blower",1,33,0.6,2.0,0,0,0,0,0,0,0,0,0,0,0,0,0,0,0,0,1,0,0,0,0,0,0,0,0,0,0,0,0,0,0,0,0,0,3,1,1.0,3.0,0,0,0,0,0,0,0,0,0,0,0,0,0,0,0,0,0,0,0,0,0,0,0,0,0,0,0,0,0,0,0,0,0,0,0,0,0,0,0
HHS Reading Rockets EABL,"C. Okumus, E. Harrington, J. Mackinnon, L. Bakary, M. Daines",Copleston High School EABL,"C. Fobister, I. Carty-Peters, I. Little, M. Liddamore, T. Rafiu",1,64,1.1,2.0,0,0,1,0,0,1,0,0,0,0,0,1,1,0,1,0,1,0,0,0,2,0,0,2,0,0,0,0,1,0,1,0,1,0,1,1,2.0,1.9,0,0,0,0,0,0,0,0,0,0,0,0,0,0,0,0,0,0,0,0,0,0,0,0,0,0,0,0,0,0,0,0,0,0,0,0,0,0,0
HHS Reading Rockets EABL,"A. Moloney, C. Okumus, E. Harrington, J. Waterhouse, M. Daines",Copleston High School EABL,"C. Fobister, G. Millar, I. Carty-Peters, I. Little, M. Liddamore",1,108,1.8,2.0,2,1,2,50,0,0,0,0,0,0,0,1,1,1,1,0,0,0,0,0,1,0,0,1,0,0,0,0,0,1,1,0,0,0,1,0,2.0,2.0,100,0,100,0,100,-100,2,0,0,0,0,0,0,0,0,0,0,0,0,0,0,0,0,0,0,0,0,0,0,0,0,0,0,0,0,0,0,0,0
HHS Reading Rockets EABL,"A. King, E. Harrington, J. Mackinnon, M. Daines, M. Hassan-Taylor",Copleston High School EABL,"C. Fobister, E. Tamakloe, I. Carty-Peters, M. Liddamore, T. Rafiu",1,44,0.7,2.0,3,1,1,100,1,1,100,0,0,0,0,0,0,1,0,0,1,0,5,2,3,66.7,1,2,50,0,0,0,1,0,1,1,1,0,0,1,2.0,1.9,150,259.1,-109.1,259.1,150,109.1,-2,0,0,0,0,0,0,0,0,0,0,0,0,0,0,0,0,0,0,0,0,0,0,0,0,0,0,0,0,0,0,0,0
SGS College EABL,"A. Odowa, D. Lloyd, J. Grajcar, K. Ramirez Mora, M. Perez Tosca",Copleston High School EABL,"C. Fobister, I. Little, M. Liddamore, N. Wilkinson, O. Drane",1,73,1.2,2.0,0,0,2,0,0,2,0,0,0,0,0,2,2,0,0,0,0,0,0,0,3,0,0,2,0,0,0,0,1,2,3,0,0,0,0,0,2.0,1.9,0,0,0,0,0,0,0,0,0,0,0,0,0,0,0,0,0,0,0,0,0,0,0,0,0,0,0,0,0,0,0,0,0,0,0,0,0,0,0
SGS College EABL,"I. Toure, K. Ramirez Mora, M. Alburo, R. Roach, T. Wallace-Gayle",Copleston High School EABL,"A. Hickey, C. Fobister, I. Little, M. Liddamore, T. Rafiu",1,49,0.8,2.0,0,0,2,0,0,0,0,0,0,0,0,1,1,0,0,0,0,1,0,0,1,0,0,1,0,0,0,0,0,2,2,0,0,0,1,1,2.0,2.0,0,0,0,0,0,0,0,0,0,0,0,0,0,0,0,0,0,0,0,0,0,0,0,0,0,0,0,0,0,0,0,0,0,0,0,0,0,0,0
SGS College EABL,"A. Odowa, J. Grajcar, L. Matthews, M. Alburo, Z. Lawson",Copleston High School EABL,"I. Little, L. Read, M. Liddamore, N. Wilkinson, T. Rafiu",1,48,0.8,2.0,5,2,2,100,1,1,100,0,0,0,0,1,1,1,0,0,0,0,2,1,2,50,0,0,0,0,0,0,0,0,0,0,0,0,0,1,2.0,2.0,250,100,150,100,250,-150,3,0,0,0,0,0,0,0,0,0,0,0,0,0,0,0,0,0,0,0,0,0,0,0,0,0,0,0,0,0,0,0,0
SGS College EABL,"D. Lloyd, J. Grajcar, K. Ramirez Mora, L. Matthews, M. Perez Tosca",Copleston High School EABL,"C. Fobister, L. Read, M. Liddamore, M. Wells, T. Rafiu",1,66,1.1,2.0,5,2,2,100,1,1,100,0,0,0,0,1,1,1,1,0,0,0,0,0,2,0,0,0,0,0,0,0,1,0,1,0,0,0,1,1,2.0,1.9,250,0,250,0,250,-250,5,0,0,0,0,0,0,0,0,0,0,0,0,0,0,0,0,0,0,0,0,0,0,0,0,0,0,0,0,0,0,0,0
Itchen College EABL,"B. Cope, D. Cimochowski, E. Round, J. Ofman, T. Blower",Charnwood College Riders EABL,"D. Stephens, J. Hardy, O. Hambira, S. Morris, T. Curran",1,57,0.9,2.0,2,1,3,33.3,0,1,0,0,0,0,1,1,2,1,1,0,0,0,0,0,1,0,0,1,0,0,0,0,0,1,1,0,0,0,1,1,1.9,2.0,103.6,0,103.6,0,103.6,-103.6,2,0,0,0,0,0,0,0,0,0,0,0,0,0,0,0,0,0,0,0,0,0,0,0,0,0,0,0,0,0,0,0,0
Itchen College EABL,"B. Cope, D. Cimochowski, E. Round, J. Ofman, T. Blower",Charnwood College Riders EABL,"F. Saeed, J. Hardy, O. Hambira, T. Curran, Z. Gleadell-Smith",1,37,0.6,2.0,0,0,1,0,0,0,0,0,0,0,0,0,0,0,0,0,2,1,2,1,1,100,0,0,0,0,0,0,0,1,1,1,0,0,0,0,3.0,1.0,0,200,-200,200,0,200,-2,0,0,0,0,0,0,0,0,0,0,0,0,0,0,0,0,0,0,0,0,0,0,0,0,0,0,0,0,0,0,0,0
Itchen College EABL,"B. Cope, M. Edwards, M. Yeates, R. Radu, T. Blower",Charnwood College Riders EABL,"A. Young, F. Saeed, O. Hambira, S. Morris, T. Pearson",1,40,0.7,2.0,0,0,1,0,0,1,0,0,0,0,0,0,0,0,0,0,0,0,3,1,1,100,1,1,100,0,0,0,0,1,1,1,0,0,2,1,1.0,3.0,0,100,-100,100,0,100,-3,0,0,0,0,0,0,0,0,0,0,0,0,0,0,0,0,0,0,0,0,0,0,0,0,0,0,0,0,0,0,0,0
Itchen College EABL,"B. Cope, D. Cimochowski, E. Lotriet, E. Round, J. Ofman",Charnwood College Riders EABL,"D. Hanousek, F. Saeed, T. Curran, T. Pearson, Z. Gleadell-Smith",1,29,0.5,2.0,2,1,2,50,0,0,0,0,0,0,0,0,0,1,0,0,0,1,0,0,0,0,0,0,0,0,0,0,0,1,1,0,0,0,2,1,2.0,2.0,100,0,100,0,100,-100,2,0,0,0,0,0,0,0,0,0,0,0,0,0,0,0,0,0,0,0,0,0,0,0,0,0,0,0,0,0,0,0,0
Itchen College EABL,"B. Cope, D. Cimochowski, E. Lotriet, E. Round, J. Osei-Owusu",Charnwood College Riders EABL,"D. Hanousek, F. Saeed, O. Hambira, T. Pearson, Z. Gleadell-Smith",1,26,0.4,2.0,0,0,0,0,0,0,0,0,0,0,0,0,0,0,0,0,2,1,0,0,0,0,0,0,0,0,0,0,0,0,0,0,0,0,2,1,2.0,2.0,0,0,0,0,0,0,0,0,0,0,0,0,0,0,0,0,0,0,0,0,0,0,0,0,0,0,0,0,0,0,0,0,0,0,0,0,0,0,0
Itchen College EABL,"B. Cope, E. Lotriet, E. Round, J. Osei-Owusu, M. Yeates",Charnwood College Riders EABL,"D. Hanousek, F. Saeed, O. Hambira, P. Kattah, Z. Gleadell-Smith",1,15,0.2,2.0,2,1,1,100,0,0,0,0,0,0,0,1,1,0,1,0,1,0,0,0,1,0,0,1,0,0,0,0,0,0,0,0,0,0,1,0,2.0,2.0,100,0,100,0,100,-100,2,0,0,0,0,0,0,0,0,0,0,0,0,0,0,0,0,0,0,0,0,0,0,0,0,0,0,0,0,0,0,0,0
City of London Academy - Southwark EABL,"A. Nwokolo, D. Banjoko, D. Banjoko, D. Patel, T. Gass",Derby College Trailblazers EABL,"C. Burr, E. Norman, E. Rice, G. Pastor, W. Tallon",1,61,1.0,2.0,4,2,2,100,0,0,0,0,0,0,0,1,1,1,1,0,0,0,0,0,1,0,0,0,0,0,0,0,0,0,0,0,0,0,1,0,2.0,2.0,200,0,200,0,200,-200,4,0,0,0,0,0,0,0,0,0,0,0,0,0,0,0,0,0,0,0,0,0,0,0,0,0,0,0,0,0,0,0,0
City of London Academy - Southwark EABL,"B. Olowoshile, D. Banjoko, L. Thompson, R. Testfay, S. Shirwac",Derby College Trailblazers EABL,"C. Burr, G. Pastor, J. Howlett, J. Lemanski, L. Ngomti",1,45,0.8,2.0,2,1,2,50,0,0,0,0,0,0,0,0,0,1,0,0,0,0,0,0,1,0,0,0,0,0,0,0,0,1,1,0,0,1,1,1,2.0,2.0,100,0,100,0,100,-100,2,0,0,0,0,0,0,0,0,0,0,0,0,0,0,0,0,0,0,0,0,0,0,0,0,0,0,0,0,0,0,0,0
City of London Academy - Southwark EABL,"A. Nwokolo, D. Banjoko, J. Hannick, R. Cryer, T. Gass",Derby College Trailblazers EABL,"C. Burr, E. Norman, J. Howlett, R. Hobday, W. Tallon",1,51,0.8,2.0,0,0,3,0,0,0,0,0,0,0,1,1,2,0,0,0,0,0,2,1,2,50,0,0,0,0,0,0,0,2,2,1,0,0,0,0,1.9,2.0,0,100,-100,100,0,100,-2,0,0,0,0,0,0,0,0,0,0,0,0,0,0,0,0,0,0,0,0,0,0,0,0,0,0,0,0,0,0,0,0
City of London Academy - Southwark EABL,"B. Olowoshile, D. Patel, L. Thompson, R. Cryer, T. Gass",Derby College Trailblazers EABL,"C. Burr, E. Norman, G. Pastor, J. Howlett, W. Tallon",1,86,1.4,2.0,2,1,2,50,0,0,0,0,0,0,0,0,0,1,0,0,0,0,4,2,3,66.7,0,0,0,0,0,0,1,1,2,0,0,0,0,0,2.0,1.9,100,207.3,-107.3,207.3,100,107.3,-2,0,0,0,0,0,0,0,0,0,0,0,0,0,0,0,0,0,0,0,0,0,0,0,0,0,0,0,0,0,0,0,0
City of London Academy - Southwark EABL,"B. Olowoshile, D. Banjoko, D. Patel, L. Thompson, T. Gass",Derby College Trailblazers EABL,"C. Burr, E. Norman, G. Pastor, J. Howlett, W. Tallon",1,100,1.7,2.0,2,1,2,50,0,0,0,0,0,0,0,1,1,0,0,0,0,0,2,1,2,50,0,1,0,0,0,0,0,0,0,0,0,1,0,1,2.0,2.0,100,100,0,100,100,0,0,0,0,0,0,0,0,0,0,0,0,0,0,0,0,0,0,0,0,0,0,0,0,0,0,0,0,0,0,0,0,0,0
Manchester Magic Academy EABL,"H. Blake, J. Odongo, J. Walton, T. Kamal Kazmi, T. Weekes",Itchen College EABL,"E. Round, J. Osei-Owusu, M. Yeates, R. Radu, T. Blower",1,62,1.0,2.0,2,1,2,50,0,0,0,0,0,0,0,0,0,1,0,0,0,0,5,2,2,100,1,1,100,0,0,0,0,1,1,1,0,1,0,0,2.0,2.0,100,250,-150,250,100,150,-3,0,0,0,0,0,0,0,0,0,0,0,0,0,0,0,0,0,0,0,0,0,0,0,0,0,0,0,0,0,0,0,0
Charnwood College Riders EABL,"L. Boothe, P. Kattah, T. Curran, T. Pearson, Z. Gleadell-Smith",Oaklands Wolves EABL,"D. Gladstone, E. Da Cruz Fatuda, G. Mitchell, H. Morrell, L. Mcintosh",1,49,0.8,2.0,2,1,2,50,0,1,0,0,0,0,0,1,1,0,0,0,0,1,2,1,2,50,0,1,0,0,0,0,0,0,0,0,0,0,0,0,2.0,2.0,100,100,0,100,100,0,0,0,0,0,0,0,0,0,0,0,0,0,0,0,0,0,0,0,0,0,0,0,0,0,0,0,0,0,0,0,0,0,0
HHS Reading Rockets EABL,"C. Okumus, J. Waterhouse, L. Bakary, M. Daines, M. Hassan-Taylor",SGS College EABL,"A. Odowa, I. Toure, L. Matthews, M. Alburo, Z. Lawson",1,47,0.8,2.0,4,2,2,100,0,0,0,0,0,0,0,1,1,1,0,0,0,0,0,0,2,0,0,0,0,0,0,0,0,0,0,0,0,0,0,1,2.0,2.0,200,0,200,0,200,-200,4,0,0,0,0,0,0,0,0,0,0,0,0,0,0,0,0,0,0,0,0,0,0,0,0,0,0,0,0,0,0,0,0
City of London Academy - Southwark EABL,"A. Nwokolo, B. Olowoshile, D. Banjoko, D. Patel, L. Thompson",Myerscough College EABL,"C. Sanchez Falette, O. Esingle, S. Latidan, S. Latidan, Z. Trezvant",1,58,1.0,2.0,0,0,1,0,0,1,0,0,0,0,0,1,1,0,0,0,1,0,3,1,2,50,1,1,100,0,0,0,0,0,0,1,1,0,0,0,2.0,2.0,0,150,-150,150,0,150,-3,0,0,0,0,0,0,0,0,0,0,0,0,0,0,0,0,0,0,0,0,0,0,0,0,0,0,0,0,0,0,0,0
BMET City of Birmingham Rockets EABL,"G. Angoy, G. Singh, J. Hyland, L. Duru, P. Basioudis",Derby College Trailblazers EABL,"E. Rice, J. Howlett, L. Ngomti, M. Smith-Fjordland, W. Tallon",1,61,1.0,1.9,0,0,1,0,0,0,0,0,2,0,0,0,0,0,0,0,0,0,5,2,3,66.7,1,2,50,0,0,0,1,2,3,1,0,0,0,0,1.9,1.9,0,259.1,-259.1,259.1,0,259.1,-5,0,0,0,0,0,0,0,0,0,0,0,0,0,0,0,0,0,0,0,0,0,0,0,0,0,0,0,0,0,0,0,0
BMET City of Birmingham Rockets EABL,"B. Rose, G. Angoy, J. Ogbeide, L. Duru, P. Basioudis",Derby College Trailblazers EABL,"D. Kilmas, E. Rice, J. Howlett, O. Krysa, W. Tallon",1,67,1.1,1.9,3,1,4,25,1,2,50,0,0,0,2,2,4,1,0,1,0,0,0,0,2,0,0,0,0,0,0,0,0,1,1,0,0,1,0,0,1.9,2.0,161.3,0,161.3,0,161.3,-161.3,3,0,0,0,0,0,0,0,0,0,0,0,0,0,0,0,0,0,0,0,0,0,0,0,0,0,0,0,0,0,0,0,0
Manchester Magic Academy EABL,"H. Blake, L. Clayton, O. Babalola, S. Sidi-Boumedine, T. Weekes",Charnwood College Riders EABL,"A. Oyerinde, L. Boothe, P. Kattah, S. Morris, T. Curran",1,49,0.8,1.9,2,1,3,33.3,0,0,0,0,0,0,1,1,2,0,0,0,0,2,3,1,1,100,0,0,0,1,2,50,0,1,1,0,0,1,0,0,1.9,1.9,103.6,159.6,-55.9,159.6,103.6,55.9,-1,0,0,0,0,0,0,0,0,0,0,0,0,0,0,0,0,0,0,0,0,0,0,0,0,0,0,0,0,0,0,0,0
SGS College EABL,"A. Odowa, K. Richards, M. Alburo, M. Pospori, S. Nelson",Myerscough College EABL,"C. Sanchez Falette, F. Morgan, H. Sheehan, J. Bobkowski, S. Latidan",1,72,1.2,1.9,2,1,1,100,0,0,0,0,0,0,0,0,0,0,0,0,0,1,6,2,3,66.7,1,2,50,1,2,50,2,0,2,1,0,0,0,1,1.0,2.8,200,213.5,-13.5,213.5,200,13.5,-4,0,0,0,0,0,0,0,0,0,0,0,0,0,0,0,0,0,0,0,0,0,0,0,0,0,0,0,0,0,0,0,0
SGS College EABL,"D. Lloyd, I. Toure, K. Ramirez Mora, M. Perez Tosca, S. Nelson",Myerscough College EABL,"C. Sanchez Falette, F. Morgan, H. Sheehan, O. Esingle, S. Latidan",1,32,0.5,1.9,1,0,2,0,0,1,0,1,2,50,1,1,2,0,0,0,0,0,2,1,2,50,0,0,0,0,0,0,0,1,1,0,0,0,0,1,1.8,2.0,55.2,100,-44.8,100,55.2,44.8,-1,0,0,0,0,0,0,0,0,0,0,0,0,0,0,0,0,0,0,0,0,0,0,0,0,0,0,0,0,0,0,0,0
City of London Academy - Southwark EABL,"B. Olowoshile, D. Banjoko, D. Banjoko, J. Hannick, T. Gass",Itchen College EABL,"B. Cope, E. Round, J. Ofman, M. Yeates, T. Blower",1,61,1.0,1.9,1,0,1,0,0,1,0,1,2,50,0,0,0,0,0,1,0,0,3,1,2,50,1,1,100,0,0,0,0,2,2,1,0,0,0,0,1.9,2.0,53.2,150,-96.8,150,53.2,96.8,-2,0,0,0,0,0,0,0,0,0,0,0,0,0,0,0,0,0,0,0,0,0,0,0,0,0,0,0,0,0,0,0,0
BMET City of Birmingham Rockets EABL,"A. Camara, G. Angoy, I. Gisbourne, J. Hyland, P. Basioudis",SGS College EABL,"A. Odowa, K. Richards, M. Alburo, M. Perez Tosca, M. Pospori",1,56,0.9,1.9,0,0,1,0,0,0,0,0,0,0,0,0,0,0,0,0,1,1,0,0,0,0,0,0,0,0,2,0,0,1,1,0,0,0,1,0,2.0,1.9,0,0,0,0,0,0,0,0,0,0,0,0,0,0,0,0,0,0,0,0,0,0,0,0,0,0,0,0,0,0,0,0,0,0,0,0,0,0,0
Myerscough College EABL,"C. Sanchez Falette, D. Okhuoya, J. Bobkowski, N. Byfield, S. Latidan",Manchester Magic Academy EABL,"H. Blake, J. Odongo, O. Babalola, S. Sidi-Boumedine, T. Weekes",1,63,1.1,1.9,4,1,1,100,0,0,0,2,2,100,0,0,0,1,1,0,0,1,3,1,1,100,1,1,100,0,0,0,0,0,0,1,0,0,1,1,1.9,2.0,212.8,150,62.8,150,212.8,-62.8,1,0,0,0,0,0,0,0,0,0,0,0,0,0,0,0,0,0,0,0,0,0,0,0,0,0,0,0,0,0,0,0,0
Myerscough College EABL,"F. Morgan, H. Sheehan, N. Byfield, O. Esingle, S. Latidan",Manchester Magic Academy EABL,"D. Allotey, H. Blake, J. Walton, O. Babalola, S. Sidi-Boumedine",1,58,1.0,1.9,4,2,3,66.7,0,1,0,0,0,0,1,0,1,0,1,0,0,1,2,0,1,0,0,0,0,2,2,100,1,0,1,0,0,0,1,0,1.9,1.8,207.3,110.5,96.8,110.5,207.3,-96.8,2,0,0,0,0,0,0,0,0,0,0,0,0,0,0,0,0,0,0,0,0,0,0,0,0,0,0,0,0,0,0,0,0
Charnwood College Riders EABL,"P. Kattah, R. Buckingham, T. Curran, T. Pearson, Z. Gleadell-Smith",SGS College EABL,"A. Odowa, D. Lloyd, I. Toure, K. Ramirez Mora, M. Perez Tosca",1,81,1.4,1.9,2,1,3,33.3,0,1,0,0,0,0,1,1,2,1,0,0,1,1,1,0,1,0,0,0,0,1,2,50,0,0,0,0,1,0,0,0,1.9,1.9,107.5,53.2,54.3,53.2,107.5,-54.3,1,0,0,0,0,0,0,0,0,0,0,0,0,0,0,0,0,0,0,0,0,0,0,0,0,0,0,0,0,0,0,0,0
Charnwood College Riders EABL,"P. Kattah, R. Buckingham, S. Morris, T. Curran, T. Pearson",SGS College EABL,"D. Lloyd, K. Ramirez Mora, M. Perez Tosca, S. Nelson, W. Wewe",1,63,1.1,1.9,0,0,1,0,0,0,0,0,0,0,0,1,1,0,0,0,1,0,0,0,3,0,0,0,0,0,0,0,2,1,3,0,0,1,1,0,2.0,1.9,0,0,0,0,0,0,0,0,0,0,0,0,0,0,0,0,0,0,0,0,0,0,0,0,0,0,0,0,0,0,0,0,0,0,0,0,0,0,0
Charnwood College Riders EABL,"A. Oyerinde, P. Kattah, R. Buckingham, T. Curran, Z. Gleadell-Smith",SGS College EABL,"A. Bennett, I. Toure, L. Matthews, M. Perez Tosca, S. Nelson",1,47,0.8,1.9,4,2,4,50,0,0,0,0,0,0,2,1,3,0,0,0,0,1,4,1,1,100,0,0,0,2,2,100,0,0,0,0,0,0,0,0,1.9,1.9,215.1,212.8,2.3,212.8,215.1,-2.3,0,0,0,0,0,0,0,0,0,0,0,0,0,0,0,0,0,0,0,0,0,0,0,0,0,0,0,0,0,0,0,0,0
Myerscough College EABL,"C. Sanchez Falette, H. Sheehan, J. Bobkowski, S. Latidan, Z. Trezvant",BMET City of Birmingham Rockets EABL,"D. Pittaway, J. Agbeze, L. Duru, P. Basioudis, P. Walsh",1,56,0.9,1.9,4,2,3,66.7,0,1,0,0,0,0,1,1,2,1,0,0,0,1,2,1,2,50,0,0,0,0,1,0,1,0,1,0,0,0,0,1,1.9,1.9,207.3,105,102.3,105,207.3,-102.3,2,0,0,0,0,0,0,0,0,0,0,0,0,0,0,0,0,0,0,0,0,0,0,0,0,0,0,0,0,0,0,0,0
Myerscough College EABL,"C. Sanchez Falette, D. Okhuoya, H. Sheehan, J. Bobkowski, Z. Trezvant",BMET City of Birmingham Rockets EABL,"A. Camara, D. Pittaway, J. Hyland, L. Duru, P. Walsh",1,53,0.9,1.9,0,0,1,0,0,0,0,0,0,0,0,0,0,0,1,0,1,1,2,0,0,0,0,0,0,2,2,100,0,1,1,0,1,0,1,0,2.0,1.9,0,106.4,-106.4,106.4,0,106.4,-2,0,0,0,0,0,0,0,0,0,0,0,0,0,0,0,0,0,0,0,0,0,0,0,0,0,0,0,0,0,0,0,0
HHS Reading Rockets EABL,"C. Okumus, M. Daines, M. Hassan-Taylor, N. Dent, S. Ejiofor",City of London Academy - Southwark EABL,"A. Morentin, B. Olowoshile, N. Senessie, R. Testfay, S. Shirwac",1,32,0.5,1.9,0,0,1,0,0,1,0,0,0,0,0,0,0,0,1,0,1,1,1,0,0,0,0,0,0,1,2,50,0,0,0,0,0,0,1,0,2.0,1.9,0,53.2,-53.2,53.2,0,53.2,-1,0,0,0,0,0,0,0,0,0,0,0,0,0,0,0,0,0,0,0,0,0,0,0,0,0,0,0,0,0,0,0,0
Oaklands Wolves EABL,"D. Gladstone, D. Kostadinov, E. Da Cruz Fatuda, G. Augenti, G. Mitchell",Itchen College EABL,"B. Cope, D. Cimochowski, E. Lotriet, E. Round, J. Osei-Owusu",1,43,0.7,1.9,0,0,1,0,0,1,0,0,0,0,0,2,2,0,0,1,1,0,0,0,1,0,0,0,0,0,2,0,0,1,1,0,0,0,0,0,2.0,1.9,0,0,0,0,0,0,0,0,0,0,0,0,0,0,0,0,0,0,0,0,0,0,0,0,0,0,0,0,0,0,0,0,0,0,0,0,0,0,0
Oaklands Wolves EABL,"D. Kostadinov, E. Da Cruz Fatuda, G. Mitchell, H. Morrell, K. Gasperas",Itchen College EABL,"B. Cope, D. Cimochowski, E. Round, J. Ofman, T. Blower",1,44,0.7,1.9,1,0,0,0,0,0,0,1,2,50,0,0,0,0,0,0,1,1,2,0,0,0,0,0,0,2,2,100,0,1,1,0,0,0,1,0,1.9,1.9,53.2,106.4,-53.2,106.4,53.2,53.2,-1,0,0,0,0,0,0,0,0,0,0,0,0,0,0,0,0,0,0,0,0,0,0,0,0,0,0,0,0,0,0,0,0
Oaklands Wolves EABL,"D. Gladstone, E. Ryan, G. Augenti, K. Gasperas, Z. Gribble",Itchen College EABL,"E. Lotriet, G. Andrews, M. Yeates, R. Radu, S. Wood",1,41,0.7,1.9,0,0,0,0,0,0,0,0,2,0,0,0,0,0,0,0,1,0,4,2,2,100,0,0,0,0,0,0,0,1,1,1,1,0,0,1,1.9,2.0,0,200,-200,200,0,200,-4,0,0,0,0,0,0,0,0,0,0,0,0,0,0,0,0,0,0,0,0,0,0,0,0,0,0,0,0,0,0,0,0
BMET City of Birmingham Rockets EABL,"D. Pittaway, J. Kesto, J. Ogbeide, L. Duru, P. Walsh",Manchester Magic Academy EABL,"D. Allotey, N. Brown, S. Sidi-Boumedine, T. Richardson, T. Weekes",1,48,0.8,1.9,2,1,1,100,0,0,0,0,2,0,1,0,1,0,0,0,0,0,4,1,1,100,1,1,100,1,2,50,0,0,0,0,0,0,0,2,1.9,1.9,106.4,212.8,-106.4,212.8,106.4,106.4,-2,0,0,0,0,0,0,0,0,0,0,0,0,0,0,0,0,0,0,0,0,0,0,0,0,0,0,0,0,0,0,0,0
SGS College EABL,"D. Lloyd, K. Ramirez Mora, K. Richards, M. Alburo, M. Perez Tosca",Derby College Trailblazers EABL,"C. Burr, E. Norman, E. Rice, K. Otaye, L. Ngomti",1,54,0.9,1.9,1,0,0,0,0,0,0,1,2,50,0,1,1,0,1,0,1,0,0,0,3,0,0,1,0,0,0,0,2,1,3,0,0,0,1,1,1.9,1.9,53.2,0,53.2,0,53.2,-53.2,1,0,0,0,0,0,0,0,0,0,0,0,0,0,0,0,0,0,0,0,0,0,0,0,0,0,0,0,0,0,0,0,0
City of London Academy - Southwark EABL,"A. Morentin, B. Olowoshile, D. Banjoko, D. Banjoko, J. Hannick",Oaklands Wolves EABL,"D. Gladstone, D. Kostadinov, G. Mitchell, L. Mcintosh, T. Mcintosh",1,75,1.2,1.9,2,1,2,50,0,1,0,0,0,0,1,1,2,0,0,1,1,0,2,1,3,33.3,0,1,0,0,0,0,1,0,1,0,1,0,0,1,1.9,1.9,103.6,103.6,0,103.6,103.6,0,0,0,0,0,0,0,0,0,0,0,0,0,0,0,0,0,0,0,0,0,0,0,0,0,0,0,0,0,0,0,0,0,0
City of London Academy - Southwark EABL,"A. Nwokolo, D. Banjoko, D. Banjoko, R. Testfay, T. Gass",Oaklands Wolves EABL,"D. Kostadinov, G. Augenti, G. Mitchell, H. Morrell, L. Mcintosh",1,71,1.2,1.9,0,0,1,0,0,1,0,0,2,0,0,1,1,0,0,0,0,0,2,1,3,33.3,0,1,0,0,0,0,1,2,3,0,0,0,0,1,1.9,1.9,0,103.6,-103.6,103.6,0,103.6,-2,0,0,0,0,0,0,0,0,0,0,0,0,0,0,0,0,0,0,0,0,0,0,0,0,0,0,0,0,0,0,0,0
City of London Academy - Southwark EABL,"A. Morentin, B. Manfo-Marc, D. Patel, R. Nunn, S. Shirwac",Oaklands Wolves EABL,"D. Gladstone, D. Kostadinov, K. Gasperas, L. Mcintosh, T. Mcintosh",1,46,0.8,1.9,2,1,3,33.3,0,0,0,0,0,0,1,0,1,0,2,0,0,0,0,0,1,0,0,1,0,0,0,0,1,1,2,0,0,0,2,1,1.9,1.9,103.6,0,103.6,0,103.6,-103.6,2,0,0,0,0,0,0,0,0,0,0,0,0,0,0,0,0,0,0,0,0,0,0,0,0,0,0,0,0,0,0,0,0
BMET City of Birmingham Rockets EABL,"G. Singh, J. Agbeze, J. Hyland, L. Duru, P. Basioudis",Charnwood College Riders EABL,"D. Hanousek, L. Stevenson, P. Kattah, R. Buckingham, T. Pearson",1,42,0.7,1.9,4,2,2,100,0,0,0,0,0,0,0,0,0,1,0,0,0,1,2,0,0,0,0,0,0,2,2,100,0,0,0,1,0,0,1,1,2.0,1.9,200,106.4,93.6,106.4,200,-93.6,2,0,0,0,0,0,0,0,0,0,0,0,0,0,0,0,0,0,0,0,0,0,0,0,0,0,0,0,0,0,0,0,0
BMET City of Birmingham Rockets EABL,"G. Angoy, G. Singh, J. Hyland, L. Duru, P. Basioudis",Charnwood College Riders EABL,"L. Boothe, P. Kattah, R. Buckingham, T. Curran, Z. Gleadell-Smith",1,82,1.4,1.9,1,0,1,0,0,1,0,1,2,50,0,0,0,1,0,0,0,0,5,2,3,66.7,1,2,50,0,0,0,1,2,3,1,0,0,0,1,1.9,1.9,53.2,259.1,-205.9,259.1,53.2,205.9,-4,0,0,0,0,0,0,0,0,0,0,0,0,0,0,0,0,0,0,0,0,0,0,0,0,0,0,0,0,0,0,0,0
Itchen College EABL,"D. Cimochowski, E. Lotriet, J. Ofman, R. Radu, T. Blower",HHS Reading Rockets EABL,"C. Okumus, E. Harrington, J. Waterhouse, L. Bakary, M. Hassan-Taylor",1,36,0.6,1.9,3,1,1,100,1,1,100,0,0,0,0,0,0,1,0,0,1,2,2,1,1,100,0,0,0,0,2,0,1,0,1,0,1,0,0,0,2.0,1.9,150,106.4,43.6,106.4,150,-43.6,1,0,0,0,0,0,0,0,0,0,0,0,0,0,0,0,0,0,0,0,0,0,0,0,0,0,0,0,0,0,0,0,0
Derby College Trailblazers EABL,"C. Burr, J. Howlett, L. Ngomti, R. Hobday, W. Tallon",Myerscough College EABL,"A. Ibirinde, C. Sanchez Falette, H. Sheehan, J. Bobkowski, S. Latidan",1,28,0.5,1.9,0,0,1,0,0,1,0,0,0,0,0,0,0,0,1,0,0,2,2,0,0,0,0,0,0,2,4,50,1,1,2,0,0,0,1,0,1.0,2.8,0,72.5,-72.5,72.5,0,72.5,-2,0,0,0,0,0,0,0,0,0,0,0,0,0,0,0,0,0,0,0,0,0,0,0,0,0,0,0,0,0,0,0,0
Manchester Magic Academy EABL,"D. Allotey, H. Blake, J. Walton, N. Brown, O. Babalola",SGS College EABL,"A. Bennett, D. Lloyd, K. Ramirez Mora, M. Perez Tosca, S. Nelson",1,41,0.7,1.9,0,0,0,0,0,0,0,0,0,0,0,0,0,0,0,0,2,1,4,1,1,100,0,0,0,2,2,100,0,0,0,1,2,0,0,0,2.0,1.9,0,212.8,-212.8,212.8,0,212.8,-4,0,0,0,0,0,0,0,0,0,0,0,0,0,0,0,0,0,0,0,0,0,0,0,0,0,0,0,0,0,0,0,0
Manchester Magic Academy EABL,"A. Sagay Isiorho, D. Allotey, J. Walton, S. Sidi-Boumedine, T. Richardson",SGS College EABL,"A. Odowa, I. Toure, M. Alburo, M. Pospori, R. Roach",1,69,1.1,1.9,3,1,4,25,1,2,50,0,0,0,2,1,3,1,1,0,0,0,0,0,1,0,0,0,0,0,0,0,0,1,1,0,0,0,1,0,1.9,2.0,161.3,0,161.3,0,161.3,-161.3,3,0,0,0,0,0,0,0,0,0,0,0,0,0,0,0,0,0,0,0,0,0,0,0,0,0,0,0,0,0,0,0,0
Oaklands Wolves EABL,"D. Gladstone, D. Kostadinov, E. Da Cruz Fatuda, G. Mitchell, H. Morrell",Barking Abbey EABL,"A. Nwabueze, F. Oguntuase, K. Mabaya, M. Myamutenha, R. Connolly",1,52,0.9,1.9,2,0,1,0,0,0,0,2,2,100,0,0,0,0,2,0,0,0,0,0,2,0,0,1,0,0,0,0,2,1,3,0,0,0,2,1,1.9,1.9,106.4,0,106.4,0,106.4,-106.4,2,0,0,0,0,0,0,0,0,0,0,0,0,0,0,0,0,0,0,0,0,0,0,0,0,0,0,0,0,0,0,0,0
Oaklands Wolves EABL,"D. Gladstone, D. Kostadinov, G. Mitchell, L. Mcintosh, T. Mcintosh",Barking Abbey EABL,"A. Maitland, K. Mabaya, M. Filho, O. Visockas, R. Connolly",1,94,1.6,1.9,2,1,2,50,0,0,0,0,0,0,1,1,2,0,0,1,1,1,2,0,2,0,0,1,0,2,2,100,1,0,1,0,1,0,0,0,1.9,1.8,103.6,110.5,-6.9,110.5,103.6,6.9,0,0,0,0,0,0,0,0,0,0,0,0,0,0,0,0,0,0,0,0,0,0,0,0,0,0,0,0,0,0,0,0,0
Copleston High School EABL,"G. Millar, I. Carty-Peters, L. Read, M. Liddamore, N. Wilkinson",Oaklands Wolves EABL,"D. Gladstone, D. Kostadinov, E. Da Cruz Fatuda, G. Mitchell, T. Mcintosh",1,36,0.6,1.9,0,0,1,0,0,1,0,0,0,0,0,0,0,0,0,0,1,1,3,0,0,0,0,0,0,3,4,75,0,1,1,0,0,0,0,0,2.0,1.8,0,170.5,-170.5,170.5,0,170.5,-3,0,0,0,0,0,0,0,0,0,0,0,0,0,0,0,0,0,0,0,0,0,0,0,0,0,0,0,0,0,0,0,0
Copleston High School EABL,"A. Hickey, C. Fobister, M. Liddamore, M. Wells, N. Wilkinson",Oaklands Wolves EABL,"D. Kostadinov, G. Mitchell, H. Morrell, L. Mcintosh, T. Mcintosh",1,50,0.8,1.9,3,1,1,100,1,1,100,0,0,0,0,0,0,1,0,0,1,1,4,1,2,50,0,1,0,2,2,100,1,0,1,1,1,0,0,0,2.0,1.8,150,221,-71,221,150,71,-1,0,0,0,0,0,0,0,0,0,0,0,0,0,0,0,0,0,0,0,0,0,0,0,0,0,0,0,0,0,0,0,0
Itchen College EABL,"B. Cope, E. Lotriet, E. Round, J. Osei-Owusu, M. Yeates",City of London Academy - Southwark EABL,"D. Banjoko, D. Banjoko, D. Patel, S. Shirwac, T. Gass",1,47,0.8,1.9,0,0,2,0,0,1,0,0,0,0,0,1,1,0,0,0,0,1,1,0,2,0,0,1,0,1,2,50,1,2,3,0,0,0,0,0,2.0,1.8,0,55.2,-55.2,55.2,0,55.2,-1,0,0,0,0,0,0,0,0,0,0,0,0,0,0,0,0,0,0,0,0,0,0,0,0,0,0,0,0,0,0,0,0
Itchen College EABL,"D. Cimochowski, E. Lotriet, E. Round, J. Osei-Owusu, R. Radu",City of London Academy - Southwark EABL,"A. Nwokolo, D. Banjoko, D. Banjoko, D. Patel, T. Gass",1,17,0.3,1.9,0,0,0,0,0,0,0,0,0,0,0,0,0,0,0,0,2,1,3,1,1,100,0,0,0,1,2,50,0,0,0,2,1,0,0,0,2.0,1.9,0,159.6,-159.6,159.6,0,159.6,-3,0,0,0,0,0,0,0,0,0,0,0,0,0,0,0,0,0,0,0,0,0,0,0,0,0,0,0,0,0,0,0,0
Charnwood College Riders EABL,"A. Oyerinde, D. Hanousek, F. Saeed, L. Boothe, S. Morris",Manchester Magic Academy EABL,"A. Sagay Isiorho, D. Allotey, H. Blake, T. Richardson, T. Weekes",1,53,0.9,1.9,4,1,1,100,0,0,0,2,2,100,0,0,0,0,1,0,0,0,2,1,1,100,0,0,0,0,0,0,0,0,0,1,0,0,1,1,1.9,2.0,212.8,100,112.8,100,212.8,-112.8,2,0,0,0,0,0,0,0,0,0,0,0,0,0,0,0,0,0,0,0,0,0,0,0,0,0,0,0,0,0,0,0,0
Myerscough College EABL,"D. Okhuoya, H. Sheehan, J. Bobkowski, O. Esingle, S. Latidan",SGS College EABL,"A. Bennett, D. Lloyd, K. Richards, M. Alburo, M. Pospori",1,47,0.8,1.9,4,2,2,100,0,0,0,0,0,0,0,2,2,1,0,0,0,0,1,0,1,0,0,0,0,1,2,50,0,0,0,0,0,0,0,0,2.0,1.9,200,53.2,146.8,53.2,200,-146.8,3,0,0,0,0,0,0,0,0,0,0,0,0,0,0,0,0,0,0,0,0,0,0,0,0,0,0,0,0,0,0,0,0
Copleston High School EABL,"H. Hodgson, I. Little, M. Liddamore, M. Wells, N. Wilkinson",Itchen College EABL,"G. Andrews, L. Diala-Bevan, R. Matthias, R. Radu, T. Blower",1,33,0.6,1.9,2,0,1,0,0,1,0,2,2,100,0,1,1,0,0,1,0,0,1,0,1,0,0,0,0,1,2,50,0,1,1,0,0,0,0,1,1.9,1.9,106.4,53.2,53.2,53.2,106.4,-53.2,1,0,0,0,0,0,0,0,0,0,0,0,0,0,0,0,0,0,0,0,0,0,0,0,0,0,0,0,0,0,0,0,0
Manchester Magic Academy EABL,"J. Walton, L. Clayton, O. Babalola, S. Sidi-Boumedine, T. Kamal Kazmi",Myerscough College EABL,"C. Sanchez Falette, D. Okhuoya, J. Bobkowski, O. Esingle, S. Latidan",1,38,0.6,1.9,0,0,1,0,0,1,0,0,0,0,0,0,0,0,0,0,0,0,6,2,2,100,1,1,100,1,2,50,1,1,2,1,0,0,0,0,1.0,2.9,0,208.3,-208.3,208.3,0,208.3,-6,0,0,0,0,0,0,0,0,0,0,0,0,0,0,0,0,0,0,0,0,0,0,0,0,0,0,0,0,0,0,0,0
Manchester Magic Academy EABL,"H. Blake, J. Walton, N. Brown, T. Kamal Kazmi, T. Richardson",Myerscough College EABL,"J. Bobkowski, O. Esingle, S. Latidan, S. Latidan, Z. Trezvant",1,23,0.4,1.9,0,0,2,0,0,0,0,0,0,0,0,0,0,0,1,0,0,1,2,1,3,33.3,0,1,0,0,0,0,2,2,4,0,0,0,1,0,2.0,1.9,0,107.5,-107.5,107.5,0,107.5,-2,0,0,0,0,0,0,0,0,0,0,0,0,0,0,0,0,0,0,0,0,0,0,0,0,0,0,0,0,0,0,0,0
SGS College EABL,"A. Odowa, K. Ramirez Mora, L. Matthews, M. Alburo, S. Nelson",BMET City of Birmingham Rockets EABL,"A. Camara, I. Gisbourne, J. Agbeze, J. Hyland, P. Basioudis",1,38,0.6,1.9,4,1,2,50,0,0,0,2,2,100,1,1,2,1,0,1,0,0,0,0,1,0,0,0,0,0,0,0,0,0,0,0,0,0,1,1,1.8,2.0,221,0,221,0,221,-221,4,0,0,0,0,0,0,0,0,0,0,0,0,0,0,0,0,0,0,0,0,0,0,0,0,0,0,0,0,0,0,0,0
Oaklands Wolves EABL,"D. Gladstone, D. Kostadinov, E. Da Cruz Fatuda, G. Mitchell, T. Mcintosh",HHS Reading Rockets EABL,"C. Okumus, E. Harrington, J. Mackinnon, M. Daines, N. Dent",1,62,1.0,1.9,0,0,1,0,0,0,0,0,0,0,0,0,0,0,0,0,1,1,3,1,1,100,0,0,0,1,2,50,0,1,1,0,1,0,0,0,2.0,1.9,0,159.6,-159.6,159.6,0,159.6,-3,0,0,0,0,0,0,0,0,0,0,0,0,0,0,0,0,0,0,0,0,0,0,0,0,0,0,0,0,0,0,0,0
BMET City of Birmingham Rockets EABL,"G. Angoy, I. Gisbourne, J. Agbeze, L. Duru, P. Basioudis",Myerscough College EABL,"A. Ibirinde, C. Sanchez Falette, F. Morgan, H. Sheehan, L. Farrell",1,46,0.8,1.9,0,0,1,0,0,1,0,0,2,0,0,0,0,0,0,0,0,0,2,1,1,100,0,0,0,0,0,0,0,2,2,1,0,0,1,0,1.9,2.0,0,100,-100,100,0,100,-2,0,0,0,0,0,0,0,0,0,0,0,0,0,0,0,0,0,0,0,0,0,0,0,0,0,0,0,0,0,0,0,0
SGS College EABL,"A. Odowa, I. Toure, L. Matthews, S. Nelson, Z. Lawson",Charnwood College Riders EABL,"A. Young, F. Saeed, H. Mcglone, J. Hardy, P. Kattah",1,45,0.8,1.9,0,0,1,0,0,1,0,0,2,0,0,1,1,0,0,1,0,0,2,1,2,50,0,1,0,0,0,0,0,2,2,1,0,0,0,0,1.9,2.0,0,100,-100,100,0,100,-2,0,0,0,0,0,0,0,0,0,0,0,0,0,0,0,0,0,0,0,0,0,0,0,0,0,0,0,0,0,0,0,0
SGS College EABL,"I. Toure, K. Ramirez Mora, L. Matthews, M. Perez Tosca, S. Nelson",Charnwood College Riders EABL,"O. Hambira, P. Kattah, S. Morris, T. Curran, T. Pearson",1,106,1.8,1.9,0,0,3,0,0,0,0,0,0,0,2,1,3,0,0,0,0,0,6,2,5,40,2,4,50,0,0,0,2,1,3,2,0,0,0,1,0.9,2.9,0,209.8,-209.8,209.8,0,209.8,-6,0,0,0,0,0,0,0,0,0,0,0,0,0,0,0,0,0,0,0,0,0,0,0,0,0,0,0,0,0,0,0,0
Barking Abbey EABL,"A. Nwabueze, H. Egbayelo, M. Filho, O. Visockas, R. Connolly",Copleston High School EABL,"A. Hickey, G. Millar, I. Little, N. Wilkinson, T. Rafiu",1,63,1.1,1.9,1,0,1,0,0,1,0,1,2,50,2,0,2,0,0,0,2,1,2,1,1,100,0,0,0,0,0,0,0,0,0,0,2,0,0,0,2.8,1.0,35.6,200,-164.4,200,35.6,164.4,-1,0,0,0,0,0,0,0,0,0,0,0,0,0,0,0,0,0,0,0,0,0,0,0,0,0,0,0,0,0,0,0,0
Barking Abbey EABL,"A. Nwabueze, F. Cole, H. Egbayelo, H. Parkin, K. N'gabala",Copleston High School EABL,"G. Millar, M. Wells, N. Wilkinson, O. Drane, T. Rafiu",1,53,0.9,1.9,3,1,1,100,0,0,0,1,2,50,0,2,2,1,0,0,0,0,0,0,3,0,0,2,0,0,0,0,1,1,2,0,0,0,0,0,1.9,1.9,159.6,0,159.6,0,159.6,-159.6,3,0,0,0,0,0,0,0,0,0,0,0,0,0,0,0,0,0,0,0,0,0,0,0,0,0,0,0,0,0,0,0,0
City of London Academy - Southwark EABL,"A. Nwokolo, D. Banjoko, D. Banjoko, D. Patel, T. Gass",HHS Reading Rockets EABL,"E. Harrington, J. Waterhouse, L. Bakary, M. Daines, M. Hassan-Taylor",1,31,0.5,1.9,4,2,2,100,0,0,0,0,1,0,1,0,1,1,0,0,0,1,3,1,1,100,0,0,0,1,1,100,0,0,0,0,0,0,0,0,2.4,1.4,163.9,208.3,-44.4,208.3,163.9,44.4,1,0,0,0,0,0,0,0,0,0,0,0,0,0,0,0,0,0,0,0,0,0,0,0,0,0,0,0,0,0,0,0,0
City of London Academy - Southwark EABL,"A. Morentin, A. Nwokolo, B. Olowoshile, D. Patel, L. Thompson",HHS Reading Rockets EABL,"E. Harrington, J. Mackinnon, J. Waterhouse, L. Franicis, M. Daines",1,89,1.5,1.9,0,0,2,0,0,0,0,0,2,0,2,1,3,0,0,0,0,1,3,1,1,100,1,1,100,0,1,0,0,1,1,0,0,0,1,1,1.5,2.4,0,123,-123,123,0,123,-3,0,0,0,0,0,0,0,0,0,0,0,0,0,0,0,0,0,0,0,0,0,0,0,0,0,0,0,0,0,0,0,0
Barking Abbey EABL,"J. Mendes, K. Mabaya, K. N'gabala, M. Filho, R. Connolly",Itchen College EABL,"B. Cope, D. Cimochowski, E. Lotriet, E. Round, J. Osei-Owusu",1,10,0.2,1.9,3,1,2,50,0,1,0,1,2,50,2,0,2,0,0,0,0,0,0,0,0,0,0,0,0,0,0,0,0,0,0,0,0,0,2,2,1.8,2.0,165.7,0,165.7,0,165.7,-165.7,3,0,0,0,0,0,0,0,0,0,0,0,0,0,0,0,0,0,0,0,0,0,0,0,0,0,0,0,0,0,0,0,0
Barking Abbey EABL,"A. Nwabueze, J. Mendes, M. Filho, O. Visockas, R. Connolly",Itchen College EABL,"E. Round, J. Osei-Owusu, M. Yeates, R. Radu, T. Blower",1,104,1.7,1.9,3,1,2,50,0,1,0,1,2,50,1,1,2,0,0,0,0,0,2,1,3,33.3,0,2,0,0,0,0,1,0,1,0,0,0,0,1,1.8,1.9,165.7,103.6,62.1,103.6,165.7,-62.1,1,0,0,0,0,0,0,0,0,0,0,0,0,0,0,0,0,0,0,0,0,0,0,0,0,0,0,0,0,0,0,0,0
Barking Abbey EABL,"A. Nwabueze, J. Mendes, K. Mabaya, M. Filho, O. Visockas",Itchen College EABL,"B. Cope, E. Lotriet, E. Round, M. Edwards, M. Yeates",1,48,0.8,1.9,3,1,1,100,0,0,0,1,2,50,0,0,0,0,0,0,0,0,2,1,1,100,0,0,0,0,0,0,0,1,1,0,0,0,1,0,1.9,2.0,159.6,100,59.6,100,159.6,-59.6,1,0,0,0,0,0,0,0,0,0,0,0,0,0,0,0,0,0,0,0,0,0,0,0,0,0,0,0,0,0,0,0,0
City of London Academy - Southwark EABL,"A. Nwokolo, D. Banjoko, J. Hannick, R. Cryer, T. Gass",Copleston High School EABL,"C. Fobister, G. Millar, M. Liddamore, N. Wilkinson, T. Rafiu",1,71,1.2,1.9,2,1,4,25,0,2,0,0,0,0,3,1,4,0,1,1,1,0,0,0,1,0,0,0,0,0,0,0,0,0,0,0,0,0,1,2,1.8,2.0,111.7,0,111.7,0,111.7,-111.7,2,0,0,0,0,0,0,0,0,0,0,0,0,0,0,0,0,0,0,0,0,0,0,0,0,0,0,0,0,0,0,0,0
City of London Academy - Southwark EABL,"A. Morentin, A. Nwokolo, D. Patel, J. Hannick, L. Thompson",Copleston High School EABL,"C. Fobister, E. Tamakloe, G. Millar, M. Liddamore, N. Wilkinson",1,72,1.2,1.9,0,0,1,0,0,0,0,0,0,0,0,0,0,0,1,0,2,0,0,0,2,0,0,2,0,0,0,0,1,0,1,0,1,0,1,0,3.0,0.9,0,0,0,0,0,0,0,0,0,0,0,0,0,0,0,0,0,0,0,0,0,0,0,0,0,0,0,0,0,0,0,0,0,0,0,0,0,0,0
HHS Reading Rockets EABL,"C. Okumus, J. Mackinnon, J. Waterhouse, M. Daines, M. Hassan-Taylor",Oaklands Wolves EABL,"D. Kostadinov, E. Da Cruz Fatuda, E. Ryan, G. Mitchell, L. Mcintosh",1,78,1.3,1.9,0,0,2,0,0,0,0,0,0,0,0,0,0,0,0,0,0,0,4,2,4,50,0,1,0,0,0,0,2,2,4,1,0,1,0,0,2.0,1.9,0,215.1,-215.1,215.1,0,215.1,-4,0,0,0,0,0,0,0,0,0,0,0,0,0,0,0,0,0,0,0,0,0,0,0,0,0,0,0,0,0,0,0,0
HHS Reading Rockets EABL,"A. King, E. Harrington, J. Waterhouse, L. Bakary, M. Daines",Oaklands Wolves EABL,"E. Da Cruz Fatuda, G. Mitchell, H. Morrell, L. Mcintosh, T. Mcintosh",1,46,0.8,1.9,0,0,0,0,0,0,0,0,0,0,0,0,0,0,0,0,3,2,2,0,0,0,0,0,0,2,2,100,0,0,0,0,0,0,0,0,3.0,0.9,0,227.3,-227.3,227.3,0,227.3,-2,0,0,0,0,0,0,0,0,0,0,0,0,0,0,0,0,0,0,0,0,0,0,0,0,0,0,0,0,0,0,0,0
Barking Abbey EABL,"A. Nwabueze, H. Parkin, J. Mendes, K. N'gabala, O. Visockas",City of London Academy - Southwark EABL,"B. Olowoshile, D. Banjoko, J. Hannick, R. Cryer, T. Gass",1,40,0.7,1.9,3,1,2,50,1,2,50,0,0,0,0,1,1,1,0,0,0,0,3,1,1,100,0,0,0,1,2,50,0,0,0,2,0,0,0,0,2.0,1.9,150,159.6,-9.6,159.6,150,9.6,0,0,0,0,0,0,0,0,0,0,0,0,0,0,0,0,0,0,0,0,0,0,0,0,0,0,0,0,0,0,0,0,0
Barking Abbey EABL,"A. Nwabueze, J. Mendes, M. Filho, O. Visockas, R. Connolly",City of London Academy - Southwark EABL,"A. Nwokolo, B. Olowoshile, D. Banjoko, D. Banjoko, T. Gass",1,43,0.7,1.9,1,0,1,0,0,0,0,1,2,50,0,0,0,0,1,0,1,0,0,0,0,0,0,0,0,0,0,0,0,1,1,0,0,0,1,0,2.9,1.0,34.7,0,34.7,0,34.7,-34.7,1,0,0,0,0,0,0,0,0,0,0,0,0,0,0,0,0,0,0,0,0,0,0,0,0,0,0,0,0,0,0,0,0
Itchen College EABL,"B. Cope, E. Round, G. Andrews, J. Osei-Owusu, M. Yeates",Barking Abbey EABL,"A. Nwabueze, J. Mendes, K. Mabaya, M. Filho, O. Visockas",1,30,0.5,1.9,0,0,0,0,0,0,0,0,0,0,0,0,0,0,0,0,2,2,3,1,1,100,0,0,0,1,2,50,1,0,1,0,0,0,0,0,2.0,1.9,0,159.6,-159.6,159.6,0,159.6,-3,0,0,0,0,0,0,0,0,0,0,0,0,0,0,0,0,0,0,0,0,0,0,0,0,0,0,0,0,0,0,0,0
Itchen College EABL,"E. Round, G. Andrews, J. Ofman, M. Yeates, R. Radu",Barking Abbey EABL,"A. Maitland, A. Nwabueze, F. Oguntuase, O. Visockas, R. Connolly",1,89,1.5,1.9,3,1,3,33.3,1,2,50,0,0,0,0,0,0,1,1,0,0,0,0,0,4,0,0,2,0,0,0,0,2,2,4,0,0,0,1,0,3.0,0.7,100,0,100,0,100,-100,3,0,0,0,0,0,0,0,0,0,0,0,0,0,0,0,0,0,0,0,0,0,0,0,0,0,0,0,0,0,0,0,0
Itchen College EABL,"B. Cope, E. Round, J. Ofman, J. Osei-Owusu, M. Yeates",Barking Abbey EABL,"A. Maitland, J. Mendes, M. Filho, R. Connolly, S. Dobson Smith",1,57,0.9,1.9,5,1,1,100,1,1,100,2,2,100,0,0,0,1,0,0,0,0,6,2,2,100,2,2,100,0,0,0,0,0,0,1,0,0,0,0,1.9,2.0,266,300,-34,300,266,34,-1,0,0,0,0,0,0,0,0,0,0,0,0,0,0,0,0,0,0,0,0,0,0,0,0,0,0,0,0,0,0,0,0
Itchen College EABL,"D. Cimochowski, E. Round, J. Ofman, R. Radu, T. Blower",Barking Abbey EABL,"A. Maitland, J. Mendes, K. Mabaya, O. Visockas, R. Connolly",1,57,0.9,1.9,2,1,1,100,0,0,0,0,0,0,0,0,0,1,0,0,1,1,3,1,1,100,0,0,0,1,2,50,0,0,0,0,1,0,0,0,2.0,1.9,100,159.6,-59.6,159.6,100,59.6,-1,0,0,0,0,0,0,0,0,0,0,0,0,0,0,0,0,0,0,0,0,0,0,0,0,0,0,0,0,0,0,0,0
Derby College Trailblazers EABL,"C. Burr, G. Pastor, J. Howlett, L. Ngomti, M. Smith-Fjordland",SGS College EABL,"A. Odowa, I. Toure, M. Perez Tosca, R. Cabrera, Z. Lawson",1,68,1.1,1.9,0,0,2,0,0,0,0,0,0,0,0,1,1,0,0,0,0,2,2,0,1,0,0,1,0,2,2,100,0,2,2,0,0,0,0,0,2.0,1.9,0,106.4,-106.4,106.4,0,106.4,-2,0,0,0,0,0,0,0,0,0,0,0,0,0,0,0,0,0,0,0,0,0,0,0,0,0,0,0,0,0,0,0,0
Oaklands Wolves EABL,"D. Gladstone, E. Da Cruz Fatuda, G. Mitchell, H. Morrell, T. Mcintosh",City of London Academy - Southwark EABL,"A. Nwokolo, B. Olowoshile, D. Banjoko, D. Banjoko, D. Patel",1,71,1.2,1.9,0,0,2,0,0,2,0,0,0,0,1,1,2,0,0,0,1,0,2,1,3,33.3,0,1,0,0,0,0,1,1,2,1,1,0,0,0,1.9,1.9,0,103.6,-103.6,103.6,0,103.6,-2,0,0,0,0,0,0,0,0,0,0,0,0,0,0,0,0,0,0,0,0,0,0,0,0,0,0,0,0,0,0,0,0
Oaklands Wolves EABL,"D. Gladstone, D. Kostadinov, E. Da Cruz Fatuda, G. Mitchell, H. Morrell",City of London Academy - Southwark EABL,"A. Nwokolo, D. Banjoko, D. Patel, J. Hannick, T. Gass",1,12,0.2,1.9,0,0,0,0,0,0,0,0,0,0,0,0,0,0,0,0,2,1,4,1,1,100,0,0,0,2,2,100,0,0,0,1,2,0,0,0,2.0,1.9,0,212.8,-212.8,212.8,0,212.8,-4,0,0,0,0,0,0,0,0,0,0,0,0,0,0,0,0,0,0,0,0,0,0,0,0,0,0,0,0,0,0,0,0
Oaklands Wolves EABL,"D. Gladstone, D. Kostadinov, E. Da Cruz Fatuda, G. Mitchell, T. Mcintosh",City of London Academy - Southwark EABL,"A. Nwokolo, B. Olowoshile, D. Banjoko, D. Patel, R. Cryer",1,59,1.0,1.9,1,0,1,0,0,0,0,1,2,50,0,1,1,0,1,0,0,0,0,0,2,0,0,0,0,0,0,0,1,1,2,0,0,0,1,1,1.9,1.9,53.2,0,53.2,0,53.2,-53.2,1,0,0,0,0,0,0,0,0,0,0,0,0,0,0,0,0,0,0,0,0,0,0,0,0,0,0,0,0,0,0,0,0
HHS Reading Rockets EABL,"A. King, C. Okumus, L. Bakary, L. Francis, M. Daines",Barking Abbey EABL,"F. Oguntuase, K. Mabaya, M. Filho, O. Visockas, S. Dobson Smith",1,67,1.1,1.9,1,0,1,0,0,1,0,1,2,50,0,0,0,1,0,0,0,0,2,1,2,50,0,0,0,0,0,0,0,1,1,1,0,0,0,1,1.9,2.0,53.2,100,-46.8,100,53.2,46.8,-1,0,0,0,0,0,0,0,0,0,0,0,0,0,0,0,0,0,0,0,0,0,0,0,0,0,0,0,0,0,0,0,0
Copleston High School EABL,"C. Fobister, G. Millar, I. Carty-Peters, I. Little, T. Rafiu",City of London Academy - Southwark EABL,"A. Morentin, D. Banjoko, J. Hannick, N. Senessie, S. Shirwac",1,65,1.1,1.9,3,1,1,100,1,1,100,0,0,0,0,1,1,1,0,0,1,1,3,1,1,100,0,0,0,1,2,50,0,0,0,0,1,0,0,1,2.0,1.9,150,159.6,-9.6,159.6,150,9.6,0,0,0,0,0,0,0,0,0,0,0,0,0,0,0,0,0,0,0,0,0,0,0,0,0,0,0,0,0,0,0,0,0
SGS College EABL,"A. Odowa, K. Ramirez Mora, K. Richards, L. Matthews, M. Alburo",Manchester Magic Academy EABL,"A. Sagay Isiorho, D. Allotey, J. Odongo, J. Walton, O. Babalola",1,38,0.6,1.9,0,0,1,0,0,0,0,0,0,0,0,1,1,0,0,0,1,0,1,0,1,0,0,1,0,1,2,50,0,1,1,0,0,0,0,0,2.0,1.9,0,53.2,-53.2,53.2,0,53.2,-1,0,0,0,0,0,0,0,0,0,0,0,0,0,0,0,0,0,0,0,0,0,0,0,0,0,0,0,0,0,0,0,0
SGS College EABL,"A. Odowa, D. Lloyd, I. Toure, K. Ramirez Mora, M. Alburo",Manchester Magic Academy EABL,"A. Adetula, D. Allotey, H. Blake, T. Richardson, T. Weekes",1,81,1.4,1.9,4,2,4,50,0,2,0,0,0,0,1,2,3,1,0,0,0,0,0,0,2,0,0,0,0,0,0,0,0,0,0,0,0,0,0,0,1.9,2.0,215.1,0,215.1,0,215.1,-215.1,4,0,0,0,0,0,0,0,0,0,0,0,0,0,0,0,0,0,0,0,0,0,0,0,0,0,0,0,0,0,0,0,0
Charnwood College Riders EABL,"A. Young, F. Saeed, P. Kattah, R. Buckingham, T. Pearson",BMET City of Birmingham Rockets EABL,"J. Agbeze, J. Hyland, L. Duru, P. Basioudis, S. Chikukwa",1,34,0.6,1.9,1,0,0,0,0,0,0,1,2,50,0,0,0,1,0,0,1,1,3,1,1,100,0,0,0,1,2,50,0,0,0,0,1,0,0,1,1.9,1.9,53.2,159.6,-106.4,159.6,53.2,106.4,-2,0,0,0,0,0,0,0,0,0,0,0,0,0,0,0,0,0,0,0,0,0,0,0,0,0,0,0,0,0,0,0,0
Myerscough College EABL,"C. Sanchez Falette, J. Bobkowski, O. Esingle, S. Latidan, Z. Trezvant",Derby College Trailblazers EABL,"C. Burr, E. Norman, G. Pastor, J. Lemanski, K. Otaye",1,48,0.8,1.9,3,1,2,50,1,2,50,0,2,0,1,1,2,1,1,0,0,0,0,0,1,0,0,1,0,0,0,0,0,0,0,0,0,0,1,1,1.8,2.0,165.7,0,165.7,0,165.7,-165.7,3,0,0,0,0,0,0,0,0,0,0,0,0,0,0,0,0,0,0,0,0,0,0,0,0,0,0,0,0,0,0,0,0
Barking Abbey EABL,"K. Mabaya, M. Filho, O. Visockas, R. Connolly, S. Dobson Smith",Oaklands Wolves EABL,"B. Thompson, E. Da Cruz Fatuda, H. Morrell, L. Mcintosh, T. Mcintosh",1,49,0.8,1.9,0,0,2,0,0,1,0,0,0,0,0,1,1,0,0,1,0,1,1,0,1,0,0,0,0,1,2,50,0,2,2,0,0,0,0,0,2.0,1.9,0,53.2,-53.2,53.2,0,53.2,-1,0,0,0,0,0,0,0,0,0,0,0,0,0,0,0,0,0,0,0,0,0,0,0,0,0,0,0,0,0,0,0,0
Barking Abbey EABL,"J. Mendes, M. Filho, O. Visockas, R. Connolly, S. Dobson Smith",Oaklands Wolves EABL,"B. Thompson, D. Gladstone, D. Kostadinov, E. Da Cruz Fatuda, T. Mcintosh",1,104,1.7,1.9,0,0,3,0,0,1,0,0,0,0,1,0,1,0,0,0,0,0,1,0,1,0,0,1,0,1,2,50,0,2,2,0,0,0,0,0,1.9,1.9,0,53.2,-53.2,53.2,0,53.2,-1,0,0,0,0,0,0,0,0,0,0,0,0,0,0,0,0,0,0,0,0,0,0,0,0,0,0,0,0,0,0,0,0
HHS Reading Rockets EABL,"C. Okumus, E. Harrington, J. Mackinnon, J. Waterhouse, L. Francis",Itchen College EABL,"E. Lotriet, E. Round, J. Osei-Owusu, M. Yeates, R. Radu",1,49,0.8,1.9,4,1,1,100,1,1,100,1,2,50,0,0,0,0,0,0,0,1,4,2,3,66.7,0,0,0,0,0,0,1,1,2,1,0,0,0,0,1.9,1.9,212.8,207.3,5.5,207.3,212.8,-5.5,0,0,0,0,0,0,0,0,0,0,0,0,0,0,0,0,0,0,0,0,0,0,0,0,0,0,0,0,0,0,0,0,0
HHS Reading Rockets EABL,"E. Harrington, J. Waterhouse, L. Francis, M. Daines, M. Hassan-Taylor",Itchen College EABL,"B. Cope, D. Cimochowski, E. Lotriet, E. Round, J. Ofman",1,54,0.9,1.9,2,1,2,50,0,0,0,0,0,0,0,0,0,0,0,0,0,1,5,1,1,100,1,1,100,2,2,100,0,1,1,1,0,0,0,0,2.0,1.9,100,266,-166,266,100,166,-3,0,0,0,0,0,0,0,0,0,0,0,0,0,0,0,0,0,0,0,0,0,0,0,0,0,0,0,0,0,0,0,0
HHS Reading Rockets EABL,"A. Moloney, C. Okumus, E. Harrington, J. Mackinnon, L. Francis",Itchen College EABL,"E. Round, J. Osei-Owusu, M. Yeates, R. Radu, T. Blower",1,51,0.8,1.9,2,1,1,100,0,0,0,0,0,0,0,1,1,1,0,0,1,1,2,0,1,0,0,0,0,2,2,100,0,0,0,0,1,0,0,0,2.0,1.9,100,106.4,-6.4,106.4,100,6.4,0,0,0,0,0,0,0,0,0,0,0,0,0,0,0,0,0,0,0,0,0,0,0,0,0,0,0,0,0,0,0,0,0
HHS Reading Rockets EABL,"A. Moloney, C. Okumus, E. Harrington, J. Waterhouse, L. Francis",Itchen College EABL,"E. Lotriet, J. Osei-Owusu, M. Yeates, R. Radu, T. Blower",1,48,0.8,1.9,2,0,1,0,0,1,0,2,2,100,0,0,0,0,0,0,0,0,2,1,1,100,0,0,0,0,0,0,0,1,1,1,0,0,1,2,1.9,2.0,106.4,100,6.4,100,106.4,-6.4,0,0,0,0,0,0,0,0,0,0,0,0,0,0,0,0,0,0,0,0,0,0,0,0,0,0,0,0,0,0,0,0,0
HHS Reading Rockets EABL,"A. Moloney, C. Okumus, E. Harrington, J. Waterhouse, L. Francis",Itchen College EABL,"E. Lotriet, M. Edwards, M. Yeates, R. Radu, T. Blower",1,32,0.5,1.9,1,0,1,0,0,0,0,1,2,50,0,1,1,0,1,0,0,0,0,0,1,0,0,1,0,0,0,0,0,2,2,0,0,0,1,0,1.9,2.0,53.2,0,53.2,0,53.2,-53.2,1,0,0,0,0,0,0,0,0,0,0,0,0,0,0,0,0,0,0,0,0,0,0,0,0,0,0,0,0,0,0,0,0
HHS Reading Rockets EABL,"E. Harrington, J. Waterhouse, L. Francis, M. Daines, M. Hassan-Taylor",Copleston High School EABL,"C. Fobister, I. Little, M. Liddamore, M. Wells, T. Rafiu",1,66,1.1,1.9,0,0,2,0,0,1,0,0,0,0,1,1,2,0,0,0,2,0,0,0,1,0,0,1,0,0,0,0,0,0,0,0,1,0,1,0,1.9,2.0,0,0,0,0,0,0,0,0,0,0,0,0,0,0,0,0,0,0,0,0,0,0,0,0,0,0,0,0,0,0,0,0,0,0,0,0,0,0,0
Myerscough College EABL,"A. Ibirinde, C. Sanchez Falette, H. Sheehan, O. Esingle, S. Latidan",Barking Abbey EABL,"A. Nwabueze, K. Mabaya, O. Visockas, R. Connolly, S. Dobson Smith",1,71,1.2,1.9,2,0,1,0,0,1,0,2,2,100,0,0,0,0,0,0,0,0,3,1,1,100,1,1,100,0,0,0,0,1,1,1,0,0,1,1,1.9,2.0,106.4,150,-43.6,150,106.4,43.6,-1,0,0,0,0,0,0,0,0,0,0,0,0,0,0,0,0,0,0,0,0,0,0,0,0,0,0,0,0,0,0,0,0
Myerscough College EABL,"C. Sanchez Falette, H. Sheehan, O. Esingle, S. Latidan, Z. Trezvant",Barking Abbey EABL,"A. Maitland, A. Nwabueze, J. Mendes, K. Mabaya, O. Visockas",1,39,0.7,1.9,0,0,1,0,0,0,0,0,0,0,0,0,0,0,0,0,0,1,2,0,1,0,0,1,0,2,4,50,0,1,1,1,0,0,0,0,1.0,2.8,0,72.5,-72.5,72.5,0,72.5,-2,0,0,0,0,0,0,0,0,0,0,0,0,0,0,0,0,0,0,0,0,0,0,0,0,0,0,0,0,0,0,0,0
SGS College EABL,"K. Ramirez Mora, L. Matthews, M. Alburo, T. Wallace-Gayle, W. Wewe",Copleston High School EABL,"A. Hickey, C. Fobister, I. Little, M. Liddamore, T. Rafiu",1,66,1.1,1.9,0,0,3,0,0,1,0,0,0,0,2,0,2,0,0,0,1,1,3,1,2,50,1,1,100,0,0,0,0,1,1,1,0,1,0,0,1.9,2.0,0,150,-150,150,0,150,-3,0,0,0,0,0,0,0,0,0,0,0,0,0,0,0,0,0,0,0,0,0,0,0,0,0,0,0,0,0,0,0,0
SGS College EABL,"A. Odowa, J. Grajcar, L. Matthews, M. Alburo, Z. Lawson",Copleston High School EABL,"G. Millar, L. Read, M. Liddamore, N. Wilkinson, T. Rafiu",1,53,0.9,1.9,0,0,2,0,0,1,0,0,1,0,1,0,1,0,0,0,0,0,3,1,1,100,1,1,100,0,0,0,0,2,2,1,0,0,1,0,1.7,2.0,0,150,-150,150,0,150,-3,0,0,0,0,0,0,0,0,0,0,0,0,0,0,0,0,0,0,0,0,0,0,0,0,0,0,0,0,0,0,0,0
SGS College EABL,"D. Lloyd, J. Grajcar, K. Ramirez Mora, M. Alburo, M. Perez Tosca",Copleston High School EABL,"C. Fobister, L. Read, M. Liddamore, M. Wells, T. Rafiu",1,67,1.1,1.9,2,0,1,0,0,0,0,2,2,100,1,2,3,0,0,0,1,0,0,0,2,0,0,1,0,0,0,0,0,0,0,0,1,0,0,0,1.8,2.0,110.5,0,110.5,0,110.5,-110.5,2,0,0,0,0,0,0,0,0,0,0,0,0,0,0,0,0,0,0,0,0,0,0,0,0,0,0,0,0,0,0,0,0
Itchen College EABL,"E. Lotriet, E. Round, J. Ofman, M. Yeates, R. Radu",Charnwood College Riders EABL,"F. Saeed, O. Hambira, T. Curran, T. Pearson, Z. Gleadell-Smith",1,86,1.4,1.9,2,0,3,0,0,2,0,2,2,100,2,2,4,1,0,1,0,0,0,0,2,0,0,2,0,0,0,0,0,1,1,0,0,0,0,2,1.7,2.0,114.9,0,114.9,0,114.9,-114.9,2,0,0,0,0,0,0,0,0,0,0,0,0,0,0,0,0,0,0,0,0,0,0,0,0,0,0,0,0,0,0,0,0
Itchen College EABL,"D. Cimochowski, E. Round, J. Osei-Owusu, R. Radu, T. Blower",Charnwood College Riders EABL,"F. Saeed, J. Hardy, O. Hambira, T. Pearson, Z. Gleadell-Smith",1,54,0.9,1.9,1,0,0,0,0,0,0,1,2,50,0,0,0,0,0,0,2,1,2,1,3,33.3,0,2,0,0,0,0,2,0,2,0,0,0,0,0,2.9,0.9,34.7,232.6,-197.8,232.6,34.7,197.8,-1,0,0,0,0,0,0,0,0,0,0,0,0,0,0,0,0,0,0,0,0,0,0,0,0,0,0,0,0,0,0,0,0
City of London Academy - Southwark EABL,"A. Nwokolo, D. Banjoko, D. Patel, J. Hannick, T. Gass",Derby College Trailblazers EABL,"C. Burr, G. Pastor, J. Howlett, J. Lemanski, W. Tallon",1,73,1.2,1.9,3,1,1,100,1,1,100,0,0,0,0,1,1,1,1,0,1,1,0,0,3,0,0,0,0,0,0,0,2,0,2,0,1,0,1,0,2.0,1.9,150,0,150,0,150,-150,3,0,0,0,0,0,0,0,0,0,0,0,0,0,0,0,0,0,0,0,0,0,0,0,0,0,0,0,0,0,0,0,0
Manchester Magic Academy EABL,"J. Odongo, J. Walton, O. Babalola, T. Kamal Kazmi, T. Richardson",Oaklands Wolves EABL,"D. Gladstone, D. Kostadinov, E. Da Cruz Fatuda, G. Mitchell, H. Morrell",1,48,0.8,1.9,2,0,1,0,0,0,0,2,3,66.7,0,2,2,1,0,0,0,0,0,0,1,0,0,0,0,0,1,0,0,1,1,0,0,0,0,1,2.3,1.4,86.2,0,86.2,0,86.2,-86.2,2,0,0,0,0,0,0,0,0,0,0,0,0,0,0,0,0,0,0,0,0,0,0,0,0,0,0,0,0,0,0,0,0
Manchester Magic Academy EABL,"A. Isiorho, H. Blake, J. Odongo, J. Walton, T. Weekes",Itchen College EABL,"D. Cimochowski, E. Lotriet, E. Round, J. Osei-Owusu, R. Radu",1,70,1.2,1.9,2,0,1,0,0,0,0,2,2,100,0,0,0,1,0,0,0,0,3,1,2,50,1,2,50,0,0,0,0,0,0,1,0,0,0,1,1.9,2.0,106.4,150,-43.6,150,106.4,43.6,-1,0,0,0,0,0,0,0,0,0,0,0,0,0,0,0,0,0,0,0,0,0,0,0,0,0,0,0,0,0,0,0,0
Charnwood College Riders EABL,"F. Saeed, J. Hardy, P. Kattah, T. Curran, Z. Gleadell-Smith",Oaklands Wolves EABL,"D. Gladstone, G. Mitchell, H. Morrell, L. Mcintosh, T. Mcintosh",1,70,1.2,1.9,3,1,2,50,0,1,0,1,2,50,1,0,1,0,1,0,1,0,0,0,1,0,0,0,0,0,0,0,1,0,1,0,0,0,1,1,2.8,0.9,106.8,0,106.8,0,106.8,-106.8,3,0,0,0,0,0,0,0,0,0,0,0,0,0,0,0,0,0,0,0,0,0,0,0,0,0,0,0,0,0,0,0,0
City of London Academy - Southwark EABL,"A. Nwokolo, D. Banjoko, D. Patel, L. Thompson, T. Gass",Myerscough College EABL,"A. Ibirinde, C. Sanchez Falette, O. Esingle, S. Latidan, S. Latidan",1,54,0.9,1.9,5,1,1,100,1,1,100,2,2,100,0,1,1,1,0,0,0,0,0,0,1,0,0,0,0,0,0,0,0,0,0,0,0,0,1,1,1.9,2.0,266,0,266,0,266,-266,5,0,0,0,0,0,0,0,0,0,0,0,0,0,0,0,0,0,0,0,0,0,0,0,0,0,0,0,0,0,0,0,0
City of London Academy - Southwark EABL,"A. Nwokolo, D. Banjoko, D. Banjoko, D. Patel, T. Gass",Myerscough College EABL,"C. Sanchez Falette, O. Esingle, S. Latidan, S. Latidan, Z. Trezvant",1,70,1.2,1.9,0,0,1,0,0,1,0,0,0,0,0,0,0,0,0,0,1,1,4,2,4,50,0,0,0,0,0,0,2,1,3,0,1,0,0,1,2.0,1.9,0,215.1,-215.1,215.1,0,215.1,-4,0,0,0,0,0,0,0,0,0,0,0,0,0,0,0,0,0,0,0,0,0,0,0,0,0,0,0,0,0,0,0,0
City of London Academy - Southwark EABL,"A. Nwokolo, D. Banjoko, J. Hannick, L. Thompson, T. Gass",Myerscough College EABL,"C. Sanchez Falette, O. Esingle, S. Latidan, S. Latidan, Z. Trezvant",1,42,0.7,1.9,4,1,1,100,1,1,100,1,2,50,0,0,0,1,0,0,0,0,3,1,1,100,1,1,100,0,0,0,0,0,0,0,0,0,1,1,1.9,2.0,212.8,150,62.8,150,212.8,-62.8,1,0,0,0,0,0,0,0,0,0,0,0,0,0,0,0,0,0,0,0,0,0,0,0,0,0,0,0,0,0,0,0,0
City of London Academy - Southwark EABL,"A. Nwokolo, D. Banjoko, J. Hannick, L. Thompson, T. Gass",Myerscough College EABL,"A. Ibirinde, C. Sanchez Falette, F. Morgan, J. Bobkowski, S. Latidan",1,78,1.3,1.9,0,0,1,0,0,0,0,0,2,0,0,0,0,0,0,0,0,0,2,1,2,50,0,0,0,0,0,0,0,2,2,0,0,0,0,0,1.9,2.0,0,100,-100,100,0,100,-2,0,0,0,0,0,0,0,0,0,0,0,0,0,0,0,0,0,0,0,0,0,0,0,0,0,0,0,0,0,0,0,0
Manchester Magic Academy EABL,"H. Blake, J. Walton, L. Clayton, O. Babalola, T. Kamal Kazmi",Myerscough College EABL,"C. Sanchez Falette, H. Sheehan, O. Esingle, S. Laditan, Z. Trezvant",1,44,0.7,1.9,2,1,1,100,0,0,0,0,0,0,0,0,0,0,0,0,0,0,1,0,2,0,0,1,0,1,2,50,0,0,0,0,0,0,0,0,1.0,2.9,200,34.7,165.3,34.7,200,-165.3,1,0,0,0,0,0,0,0,0,0,0,0,0,0,0,0,0,0,0,0,0,0,0,0,0,0,0,0,0,0,0,0,0
Manchester Magic Academy EABL,"A. Isiorho, J. Walton, L. Clayton, O. Babalola, T. Richardson",Myerscough College EABL,"A. Ibirinde, C. Sanchez Falette, H. Sheehan, O. Esingle, S. Laditan",1,33,0.6,1.9,4,1,1,100,1,1,100,1,2,50,0,0,0,1,1,0,1,0,0,0,0,0,0,0,0,0,0,0,0,0,0,0,1,0,1,0,2.9,1.0,138.9,0,138.9,0,138.9,-138.9,4,0,0,0,0,0,0,0,0,0,0,0,0,0,0,0,0,0,0,0,0,0,0,0,0,0,0,0,0,0,0,0,0
Manchester Magic Academy EABL,"A. Sagay Isiorho, J. Odongo, J. Walton, N. Brown, O. Babalola",Charnwood College Riders EABL,"A. Oyerinde, D. Hanousek, D. Stephens, L. Boothe, L. Stevenson",1,88,1.5,1.8,2,1,3,33.3,0,0,0,0,0,0,1,0,1,1,0,0,0,0,4,1,4,25,0,0,0,2,2,100,2,1,3,0,0,0,0,0,1.9,1.7,103.6,239.5,-135.9,239.5,103.6,135.9,-2,0,0,0,0,0,0,0,0,0,0,0,0,0,0,0,0,0,0,0,0,0,0,0,0,0,0,0,0,0,0,0,0
BMET City of Birmingham Rockets EABL,"G. Angoy, J. Agbeze, J. Hyland, L. Duru, P. Basioudis",SGS College EABL,"A. Odowa, D. Lloyd, K. Ramirez Mora, M. Alburo, M. Pospori",1,64,1.1,1.8,0,0,1,0,0,0,0,0,0,0,0,0,0,0,0,1,1,0,3,1,4,25,0,1,0,1,2,50,3,1,4,0,1,0,0,0,2.0,1.7,0,179.6,-179.6,179.6,0,179.6,-3,0,0,0,0,0,0,0,0,0,0,0,0,0,0,0,0,0,0,0,0,0,0,0,0,0,0,0,0,0,0,0,0
Copleston High School EABL,"G. Millar, I. Carty-Peters, M. Liddamore, N. Wilkinson, T. Rafiu",Barking Abbey EABL,"E. Albrecht, F. Cole, H. Mclauchlan, K. N'gabala, W. Harper",1,38,0.6,1.8,2,0,0,0,0,0,0,2,4,50,0,0,0,0,0,0,0,0,2,1,2,50,0,1,0,0,0,0,1,1,2,0,0,0,1,2,1.8,1.9,113.6,103.6,10,103.6,113.6,-10,0,0,0,0,0,0,0,0,0,0,0,0,0,0,0,0,0,0,0,0,0,0,0,0,0,0,0,0,0,0,0,0,0
Derby College Trailblazers EABL,"C. Burr, E. Norman, E. Rice, G. Pastor, W. Tallon",Myerscough College EABL,"C. Sanchez Falette, H. Sheehan, N. Byfield, S. Latidan, Z. Trezvant",1,67,1.1,1.8,0,0,0,0,0,0,0,0,0,0,0,0,0,0,0,1,2,1,2,0,3,0,0,0,0,2,2,100,3,0,3,0,1,0,1,0,2.0,1.7,0,119.8,-119.8,119.8,0,119.8,-2,0,0,0,0,0,0,0,0,0,0,0,0,0,0,0,0,0,0,0,0,0,0,0,0,0,0,0,0,0,0,0,0
City of London Academy - Southwark EABL,"B. Olowoshile, D. Banjoko, J. Hannick, R. Testfay, T. Gass",HHS Reading Rockets EABL,"E. Harrington, J. Mackinnon, J. Waterhouse, M. Daines, M. Hassan-Taylor",1,111,1.9,1.8,2,1,5,20,0,2,0,0,0,0,2,0,2,1,0,0,1,1,4,1,1,100,0,0,0,2,2,100,0,0,0,0,0,0,0,0,1.7,1.9,116.3,212.8,-96.5,212.8,116.3,96.5,-2,0,0,0,0,0,0,0,0,0,0,0,0,0,0,0,0,0,0,0,0,0,0,0,0,0,0,0,0,0,0,0,0
Itchen College EABL,"B. Cope, E. Lotriet, E. Round, J. Osei-Owusu, M. Yeates",Barking Abbey EABL,"J. Mendes, K. Mabaya, M. Filho, O. Visockas, R. Connolly",1,51,0.8,1.8,1,0,2,0,0,1,0,1,2,50,1,0,1,0,1,0,0,1,2,0,0,0,0,0,0,2,2,100,0,1,1,0,0,1,1,1,1.8,1.9,55.2,106.4,-51.1,106.4,55.2,51.1,-1,0,0,0,0,0,0,0,0,0,0,0,0,0,0,0,0,0,0,0,0,0,0,0,0,0,0,0,0,0,0,0,0
Oaklands Wolves EABL,"B. Thompson, D. Kostadinov, E. Ryan, H. Morrell, T. Mcintosh",City of London Academy - Southwark EABL,"A. Morentin, B. Olowoshile, R. Cryer, R. Testfay, S. Shirwac",1,59,1.0,1.8,2,0,1,0,0,0,0,2,2,100,0,0,0,0,0,0,0,1,1,0,1,0,0,1,0,1,2,50,1,1,2,0,0,0,1,0,1.9,1.8,106.4,55.2,51.1,55.2,106.4,-51.1,1,0,0,0,0,0,0,0,0,0,0,0,0,0,0,0,0,0,0,0,0,0,0,0,0,0,0,0,0,0,0,0,0
HHS Reading Rockets EABL,"E. Harrington, J. Waterhouse, L. Bakary, M. Daines, M. Hassan-Taylor",Barking Abbey EABL,"A. Maitland, F. Cole, J. Mendes, K. Mabaya, R. Connolly",1,55,0.9,1.8,2,0,1,0,0,1,0,2,3,66.7,1,1,2,0,0,0,0,0,3,1,4,25,1,2,50,0,0,0,2,1,3,1,0,0,0,2,1.8,1.9,112,161.3,-49.2,161.3,112,49.2,-1,0,0,0,0,0,0,0,0,0,0,0,0,0,0,0,0,0,0,0,0,0,0,0,0,0,0,0,0,0,0,0,0
HHS Reading Rockets EABL,"C. Okumus, J. Waterhouse, L. Francis, M. Daines, M. Hassan-Taylor",Itchen College EABL,"E. Lotriet, E. Round, G. Andrews, M. Yeates, R. Matthias",1,58,1.0,1.8,2,0,1,0,0,0,0,2,4,50,1,1,2,0,1,0,0,0,0,0,1,0,0,0,0,0,0,0,0,0,0,0,0,0,1,2,1.7,2.0,118.3,0,118.3,0,118.3,-118.3,2,0,0,0,0,0,0,0,0,0,0,0,0,0,0,0,0,0,0,0,0,0,0,0,0,0,0,0,0,0,0,0,0
SGS College EABL,"D. Lloyd, J. Grajcar, L. Matthews, M. Alburo, Z. Lawson",Copleston High School EABL,"C. Fobister, I. Little, L. Read, M. Liddamore, T. Rafiu",1,76,1.3,1.8,0,0,4,0,0,1,0,0,0,0,2,0,2,0,1,1,0,2,1,0,1,0,0,0,0,1,2,50,1,2,3,0,0,0,1,1,1.9,1.8,0,55.2,-55.2,55.2,0,55.2,-1,0,0,0,0,0,0,0,0,0,0,0,0,0,0,0,0,0,0,0,0,0,0,0,0,0,0,0,0,0,0,0,0
HHS Reading Rockets EABL,"A. Moloney, J. Mackinnon, J. Waterhouse, M. Daines, M. Hassan-Taylor",BMET City of Birmingham Rockets EABL,"B. Rose, J. Agbeze, L. Duru, P. Basioudis, S. Chikukwa",1,42,0.7,1.8,1,0,2,0,0,1,0,1,2,50,1,0,1,1,0,0,0,1,2,0,0,0,0,0,0,2,2,100,0,1,1,0,0,0,1,0,1.8,1.9,55.2,106.4,-51.1,106.4,55.2,51.1,-1,0,0,0,0,0,0,0,0,0,0,0,0,0,0,0,0,0,0,0,0,0,0,0,0,0,0,0,0,0,0,0,0
Barking Abbey EABL,"A. Maitland, F. Oguntuase, J. Mendes, K. Mabaya, M. Filho",HHS Reading Rockets EABL,"L. Bakary, L. Franicis, M. Daines, M. Hassan-Taylor, N. Dent",1,18,0.3,1.7,3,1,1,100,0,0,0,1,1,100,0,1,1,0,0,0,0,0,0,0,1,0,0,0,0,0,0,0,0,0,0,0,0,0,1,1,1.4,2.0,208.3,0,208.3,0,208.3,-208.3,3,0,0,0,0,0,0,0,0,0,0,0,0,0,0,0,0,0,0,0,0,0,0,0,0,0,0,0,0,0,0,0,0
Barking Abbey EABL,"A. Maitland, F. Oguntuase, J. Mendes, M. Filho, R. Connolly",HHS Reading Rockets EABL,"E. Harrington, L. Bakary, L. Franicis, M. Daines, N. Dent",1,48,0.8,1.7,0,0,0,0,0,0,0,0,0,0,0,1,1,0,0,0,1,1,3,1,2,50,0,1,0,1,1,100,0,0,0,0,0,0,0,0,1.0,2.4,0,123,-123,123,0,123,-3,0,0,0,0,0,0,0,0,0,0,0,0,0,0,0,0,0,0,0,0,0,0,0,0,0,0,0,0,0,0,0,0
City of London Academy - Southwark EABL,"A. Nwokolo, D. Banjoko, J. Hannick, N. Senessie, T. Gass",Itchen College EABL,"D. Cimochowski, E. Round, G. Andrews, J. Osei-Owusu, R. Radu",1,34,0.6,1.7,0,0,0,0,0,0,0,0,0,0,0,0,0,0,1,0,1,1,1,0,0,0,0,0,0,1,1,100,0,0,0,0,0,0,2,1,1.0,2.4,0,41,-41,41,0,41,-1,0,0,0,0,0,0,0,0,0,0,0,0,0,0,0,0,0,0,0,0,0,0,0,0,0,0,0,0,0,0,0,0
City of London Academy - Southwark EABL,"A. Nwokolo, B. Olowoshile, D. Banjoko, D. Patel, R. Nunn",Itchen College EABL,"E. Round, J. Osei-Owusu, M. Edwards, R. Radu, T. Blower",1,46,0.8,1.7,2,1,1,100,0,0,0,0,1,0,0,0,0,1,1,0,0,0,0,0,1,0,0,0,0,0,0,0,0,1,1,0,0,0,1,1,1.4,2.0,138.9,0,138.9,0,138.9,-138.9,2,0,0,0,0,0,0,0,0,0,0,0,0,0,0,0,0,0,0,0,0,0,0,0,0,0,0,0,0,0,0,0,0
Myerscough College EABL,"C. Sanchez Falette, D. Okhuoya, H. Sheehan, J. Bobkowski, O. Esingle",Manchester Magic Academy EABL,"A. Sagay Isiorho, H. Blake, J. Odongo, J. Walton, T. Kamal Kazmi",1,73,1.2,1.7,0,0,2,0,0,2,0,0,0,0,1,1,2,0,0,0,1,1,0,0,3,0,0,0,0,0,0,0,1,1,2,0,0,0,0,0,1.9,1.4,0,0,0,0,0,0,0,0,0,0,0,0,0,0,0,0,0,0,0,0,0,0,0,0,0,0,0,0,0,0,0,0,0,0,0,0,0,0,0
City of London Academy - Southwark EABL,"A. Morentin, D. Banjoko, J. Hannick, L. Thompson, T. Gass",Barking Abbey EABL,"A. Maitland, J. Mendes, K. Mabaya, M. Filho, R. Connolly",1,26,0.4,1.7,2,1,1,100,0,0,0,0,0,0,0,1,1,1,0,0,0,1,3,1,2,50,0,0,0,1,1,100,0,0,0,1,0,0,0,0,1.0,2.4,200,123,77,123,200,-77,-1,0,0,0,0,0,0,0,0,0,0,0,0,0,0,0,0,0,0,0,0,0,0,0,0,0,0,0,0,0,0,0,0
City of London Academy - Southwark EABL,"A. Nwokolo, D. Banjoko, D. Banjoko, D. Patel, T. Gass",Barking Abbey EABL,"A. Maitland, F. Oguntuase, J. Mendes, K. Mabaya, S. Dobson Smith",1,37,0.6,1.7,3,1,1,100,0,0,0,1,1,100,0,1,1,1,0,0,0,0,0,0,1,0,0,1,0,0,0,0,0,0,0,0,0,0,1,1,1.4,2.0,208.3,0,208.3,0,208.3,-208.3,3,0,0,0,0,0,0,0,0,0,0,0,0,0,0,0,0,0,0,0,0,0,0,0,0,0,0,0,0,0,0,0,0
City of London Academy - Southwark EABL,"A. Nwokolo, D. Banjoko, L. Thompson, R. Testfay, T. Gass",Barking Abbey EABL,"A. Maitland, F. Oguntuase, J. Mendes, K. Mabaya, R. Connolly",1,15,0.2,1.7,4,2,2,100,0,0,0,0,1,0,1,0,1,0,0,0,0,0,0,0,0,0,0,0,0,0,0,0,0,0,0,0,0,0,1,1,2.4,1.0,163.9,0,163.9,0,163.9,-163.9,4,0,0,0,0,0,0,0,0,0,0,0,0,0,0,0,0,0,0,0,0,0,0,0,0,0,0,0,0,0,0,0,0
City of London Academy - Southwark EABL,"A. Morentin, A. Nwokolo, B. Olowoshile, D. Banjoko, J. Hannick",Oaklands Wolves EABL,"E. Da Cruz Fatuda, G. Mitchell, H. Morrell, T. Mcintosh, Z. Gribble",1,31,0.5,1.7,3,1,2,50,0,1,0,1,1,100,0,1,1,0,0,0,0,1,0,0,1,0,0,0,0,0,0,0,0,1,1,0,0,0,0,1,2.4,1.0,123,0,123,0,123,-123,3,0,0,0,0,0,0,0,0,0,0,0,0,0,0,0,0,0,0,0,0,0,0,0,0,0,0,0,0,0,0,0,0
Derby College Trailblazers EABL,"C. Burr, E. Norman, G. Pastor, J. Howlett, R. Hobday",Myerscough College EABL,"C. Sanchez Falette, H. Sheehan, N. Byfield, S. Latidan, Z. Trezvant",1,50,0.8,1.7,2,1,1,100,0,0,0,0,1,0,0,0,0,1,0,0,1,0,2,1,1,100,0,0,0,0,0,0,0,1,1,0,0,0,0,1,2.4,1.0,82,200,-118,200,82,118,0,0,0,0,0,0,0,0,0,0,0,0,0,0,0,0,0,0,0,0,0,0,0,0,0,0,0,0,0,0,0,0,0
Manchester Magic Academy EABL,"A. Sagay Isiorho, D. Allotey, H. Blake, J. Walton, T. Weekes",SGS College EABL,"A. Odowa, I. Toure, K. Ramirez Mora, L. Matthews, M. Perez Tosca",1,58,1.0,1.7,0,0,1,0,0,0,0,0,0,0,0,0,0,0,0,0,1,0,1,0,1,0,0,0,0,1,1,100,0,0,0,0,0,0,0,0,2.0,1.4,0,69.4,-69.4,69.4,0,69.4,-1,0,0,0,0,0,0,0,0,0,0,0,0,0,0,0,0,0,0,0,0,0,0,0,0,0,0,0,0,0,0,0,0
Oaklands Wolves EABL,"D. Kostadinov, G. Augenti, G. Mitchell, L. Mcintosh, T. Mcintosh",Copleston High School EABL,"I. Little, L. Read, M. Liddamore, M. Wells, N. Wilkinson",1,40,0.7,1.7,3,0,0,0,0,0,0,3,3,100,0,1,1,1,1,0,0,0,0,0,1,0,0,0,0,0,0,0,0,0,0,0,0,0,1,2,1.3,2.0,227.3,0,227.3,0,227.3,-227.3,3,0,0,0,0,0,0,0,0,0,0,0,0,0,0,0,0,0,0,0,0,0,0,0,0,0,0,0,0,0,0,0,0
Oaklands Wolves EABL,"D. Gladstone, E. Da Cruz Fatuda, E. Ryan, L. Mcintosh, T. Mcintosh",HHS Reading Rockets EABL,"E. Harrington, J. Waterhouse, M. Daines, M. Hassan-Taylor, N. Dent",1,87,1.4,1.7,1,0,4,0,0,1,0,1,4,25,4,0,4,0,0,0,0,1,2,1,1,100,0,0,0,0,0,0,0,1,1,0,0,0,0,2,2.3,1.0,42.8,200,-157.2,200,42.8,157.2,-1,0,0,0,0,0,0,0,0,0,0,0,0,0,0,0,0,0,0,0,0,0,0,0,0,0,0,0,0,0,0,0,0
Derby College Trailblazers EABL,"C. Burr, E. Norman, E. Rice, R. Hobday, W. Tallon",Manchester Magic Academy EABL,"A. Sagay Isiorho, J. Walton, L. Clayton, O. Babalola, T. Richardson",1,29,0.5,1.7,3,1,1,100,0,0,0,1,1,100,0,1,1,1,0,0,0,0,3,1,1,100,0,0,0,1,2,50,0,0,0,0,0,0,0,1,1.4,1.9,208.3,159.6,48.8,159.6,208.3,-48.8,0,0,0,0,0,0,0,0,0,0,0,0,0,0,0,0,0,0,0,0,0,0,0,0,0,0,0,0,0,0,0,0,0
Derby College Trailblazers EABL,"E. Norman, E. Rice, K. Otaye, M. Smith-Fjordland, W. Tallon",Manchester Magic Academy EABL,"D. Allotey, J. Walton, O. Babalola, S. Sidi-Boumedine, T. Richardson",1,40,0.7,1.7,4,1,1,100,1,1,100,1,3,33.3,0,1,1,2,0,0,0,1,0,0,1,0,0,0,0,0,0,0,0,0,0,0,0,0,0,0,2.3,1.0,172.4,0,172.4,0,172.4,-172.4,4,0,0,0,0,0,0,0,0,0,0,0,0,0,0,0,0,0,0,0,0,0,0,0,0,0,0,0,0,0,0,0,0
HHS Reading Rockets EABL,"C. Okumus, E. Harrington, J. Waterhouse, L. Francis, M. Daines",Barking Abbey EABL,"A. Maitland, F. Oguntuase, K. Mabaya, O. Visockas, S. Dobson Smith",1,102,1.7,1.7,4,0,0,0,0,0,0,4,4,100,0,0,0,0,0,0,0,0,5,2,6,33.3,1,3,33.3,0,0,0,3,0,3,0,0,0,0,2,1.8,1.7,227.3,290.7,-63.4,290.7,227.3,63.4,-1,0,0,0,0,0,0,0,0,0,0,0,0,0,0,0,0,0,0,0,0,0,0,0,0,0,0,0,0,0,0,0,0
Copleston High School EABL,"C. Fobister, G. Millar, I. Little, N. Wilkinson, T. Rafiu",City of London Academy - Southwark EABL,"A. Nwokolo, D. Banjoko, D. Banjoko, D. Patel, L. Thompson",1,12,0.2,1.7,0,0,0,0,0,0,0,0,0,0,0,0,0,0,0,0,1,1,5,1,1,100,0,0,0,3,3,100,0,0,0,0,1,0,0,0,1.0,2.3,0,215.5,-215.5,215.5,0,215.5,-5,0,0,0,0,0,0,0,0,0,0,0,0,0,0,0,0,0,0,0,0,0,0,0,0,0,0,0,0,0,0,0,0
HHS Reading Rockets EABL,"C. Okumus, E. Harrington, J. Waterhouse, L. Francis, M. Daines",Copleston High School EABL,"C. Fobister, G. Millar, I. Little, M. Liddamore, N. Wilkinson",1,50,0.8,1.7,2,1,3,33.3,0,0,0,0,0,0,1,1,2,0,0,1,0,1,0,0,3,0,0,0,0,0,0,0,1,1,2,0,0,0,0,0,1.9,1.4,103.6,0,103.6,0,103.6,-103.6,2,0,0,0,0,0,0,0,0,0,0,0,0,0,0,0,0,0,0,0,0,0,0,0,0,0,0,0,0,0,0,0,0
HHS Reading Rockets EABL,"C. Okumus, E. Harrington, J. Waterhouse, L. Francis, M. Daines",BMET City of Birmingham Rockets EABL,"B. Rose, J. Agbeze, L. Duru, P. Basioudis, S. Chikukwa",1,26,0.4,1.7,0,0,0,0,0,0,0,0,0,0,0,1,1,0,0,0,2,1,2,1,1,100,0,0,0,0,1,0,0,0,0,0,1,0,0,0,2.0,1.4,0,138.9,-138.9,138.9,0,138.9,-2,0,0,0,0,0,0,0,0,0,0,0,0,0,0,0,0,0,0,0,0,0,0,0,0,0,0,0,0,0,0,0,0
HHS Reading Rockets EABL,"A. Moloney, C. Okumus, J. Mackinnon, L. Bakary, M. Daines",BMET City of Birmingham Rockets EABL,"B. Rose, G. Angoy, L. Duru, P. Basioudis, S. Chikukwa",1,51,0.8,1.7,3,1,2,50,1,1,100,0,0,0,0,2,2,0,0,0,0,1,0,0,1,0,0,1,0,0,1,0,0,1,1,0,0,0,0,0,2.0,1.4,150,0,150,0,150,-150,3,0,0,0,0,0,0,0,0,0,0,0,0,0,0,0,0,0,0,0,0,0,0,0,0,0,0,0,0,0,0,0,0
City of London Academy - Southwark EABL,"A. Morentin, D. Banjoko, D. Patel, J. Hannick, T. Gass",Derby College Trailblazers EABL,"F. Tuck, G. Pastor, J. Howlett, R. Hobday, W. Tallon",1,52,0.9,1.7,2,1,1,100,0,0,0,0,0,0,0,1,1,0,0,0,0,1,0,0,1,0,0,0,0,0,2,0,1,0,1,0,0,0,1,0,1.0,2.3,200,0,200,0,200,-200,2,0,0,0,0,0,0,0,0,0,0,0,0,0,0,0,0,0,0,0,0,0,0,0,0,0,0,0,0,0,0,0,0
Manchester Magic Academy EABL,"A. Isiorho, H. Blake, J. Odongo, J. Walton, O. Babalola",Oaklands Wolves EABL,"D. Kostadinov, G. Mitchell, H. Morrell, L. Mcintosh, T. Mcintosh",1,27,0.5,1.7,4,2,2,100,0,0,0,0,1,0,0,0,0,2,0,0,0,0,0,0,0,0,0,0,0,0,0,0,0,1,1,0,0,0,1,1,2.4,1.0,163.9,0,163.9,0,163.9,-163.9,4,0,0,0,0,0,0,0,0,0,0,0,0,0,0,0,0,0,0,0,0,0,0,0,0,0,0,0,0,0,0,0,0
BMET City of Birmingham Rockets EABL,"G. Angoy, J. Agbeze, J. Hyland, L. Duru, P. Basioudis",Copleston High School EABL,"C. Fobister, E. Tamakloe, G. Millar, N. Wilkinson, T. Rafiu",1,26,0.4,1.7,4,2,2,100,0,0,0,0,1,0,1,1,2,1,0,0,0,0,0,0,1,0,0,0,0,0,0,0,0,0,0,0,0,0,0,1,2.4,1.0,163.9,0,163.9,0,163.9,-163.9,4,0,0,0,0,0,0,0,0,0,0,0,0,0,0,0,0,0,0,0,0,0,0,0,0,0,0,0,0,0,0,0,0
BMET City of Birmingham Rockets EABL,"G. Angoy, J. Agbeze, J. Hyland, L. Duru, P. Basioudis",Copleston High School EABL,"C. Fobister, G. Millar, I. Little, N. Wilkinson, T. Rafiu",1,55,0.9,1.7,3,1,1,100,0,0,0,1,1,100,0,0,0,0,0,0,0,0,6,2,3,66.7,2,2,100,0,0,0,1,0,1,2,0,0,0,0,1.4,1.9,208.3,310.9,-102.5,310.9,208.3,102.5,-3,0,0,0,0,0,0,0,0,0,0,0,0,0,0,0,0,0,0,0,0,0,0,0,0,0,0,0,0,0,0,0,0
BMET City of Birmingham Rockets EABL,"G. Angoy, J. Agbeze, J. Hyland, L. Duru, P. Basioudis",Copleston High School EABL,"C. Fobister, E. Tamakloe, I. Little, M. Liddamore, N. Wilkinson",1,55,0.9,1.7,0,0,1,0,0,1,0,0,2,0,0,0,0,0,0,0,0,2,0,0,0,0,0,0,0,0,1,0,0,2,2,0,0,0,1,1,1.9,1.4,0,0,0,0,0,0,0,0,0,0,0,0,0,0,0,0,0,0,0,0,0,0,0,0,0,0,0,0,0,0,0,0,0,0,0,0,0,0,0
City of London Academy - Southwark EABL,"B. Manfo-Marc, D. Banjoko, R. Testfay, S. Shirwac, T. Gass",Oaklands Wolves EABL,"D. Gladstone, D. Kostadinov, E. Da Cruz Fatuda, G. Mitchell, L. Mcintosh",1,78,1.3,1.6,5,1,2,50,0,0,0,3,3,100,1,0,1,0,0,0,0,1,0,0,0,0,0,0,0,0,0,0,0,0,0,0,0,0,1,2,2.2,1.0,222.2,0,222.2,0,222.2,-222.2,5,0,0,0,0,0,0,0,0,0,0,0,0,0,0,0,0,0,0,0,0,0,0,0,0,0,0,0,0,0,0,0,0
Itchen College EABL,"B. Cope, D. Cimochowski, E. Lotriet, E. Round, J. Ofman",Charnwood College Riders EABL,"D. Hanousek, F. Saeed, O. Hambira, T. Pearson, Z. Gleadell-Smith",1,27,0.5,1.6,0,0,3,0,0,2,0,0,0,0,1,1,2,0,0,0,0,0,1,0,1,0,0,0,0,1,2,50,0,1,1,0,0,0,0,0,1.4,1.9,0,53.2,-53.2,53.2,0,53.2,-1,0,0,0,0,0,0,0,0,0,0,0,0,0,0,0,0,0,0,0,0,0,0,0,0,0,0,0,0,0,0,0,0
City of London Academy - Southwark EABL,"A. Morentin, D. Banjoko, D. Patel, R. Cryer, T. Gass",Derby College Trailblazers EABL,"E. Rice, F. Tuck, K. Otaye, R. Hobday, W. Tallon",1,65,1.1,1.6,2,1,3,33.3,0,1,0,0,0,0,1,0,1,0,0,0,1,1,4,1,1,100,1,1,100,1,1,100,0,0,0,1,0,0,0,0,1.9,1.4,107.5,277.8,-170.3,277.8,107.5,170.3,-2,0,0,0,0,0,0,0,0,0,0,0,0,0,0,0,0,0,0,0,0,0,0,0,0,0,0,0,0,0,0,0,0
City of London Academy - Southwark EABL,"A. Morentin, B. Olowoshile, L. Thompson, R. Cryer, R. Testfay",Derby College Trailblazers EABL,"F. Tuck, J. Howlett, J. Lemanski, K. Otaye, K. Zidonis",1,41,0.7,1.6,6,2,3,66.7,1,1,100,1,1,100,1,0,1,1,0,0,0,0,0,0,1,0,0,1,0,0,0,0,1,0,1,0,0,0,1,1,2.4,0.9,253.2,0,253.2,0,253.2,-253.2,6,0,0,0,0,0,0,0,0,0,0,0,0,0,0,0,0,0,0,0,0,0,0,0,0,0,0,0,0,0,0,0,0
BMET City of Birmingham Rockets EABL,"G. Angoy, I. Gisbourne, J. Hyland, L. Duru, P. Basioudis",Derby College Trailblazers EABL,"C. Burr, E. Norman, E. Rice, G. Pastor, L. Ngomti",1,63,1.1,1.5,0,0,2,0,0,1,0,0,0,0,1,1,2,0,1,0,0,0,0,0,1,0,0,0,0,0,0,0,0,1,1,0,0,0,1,1,0.9,2.0,0,0,0,0,0,0,0,0,0,0,0,0,0,0,0,0,0,0,0,0,0,0,0,0,0,0,0,0,0,0,0,0,0,0,0,0,0,0,0
Manchester Magic Academy EABL,"D. Allotey, J. Odongo, N. Brown, S. Sidi-Boumedine, T. Kamal Kazmi",Charnwood College Riders EABL,"L. Boothe, R. Buckingham, S. Morris, T. Curran, T. Pearson",1,54,0.9,1.5,0,0,1,0,0,1,0,0,0,0,0,0,0,0,0,0,0,0,5,2,3,66.7,1,1,100,0,0,0,1,1,2,2,0,0,0,0,1.0,1.9,0,259.1,-259.1,259.1,0,259.1,-5,0,0,0,0,0,0,0,0,0,0,0,0,0,0,0,0,0,0,0,0,0,0,0,0,0,0,0,0,0,0,0,0
Manchester Magic Academy EABL,"A. Sagay Isiorho, J. Odongo, J. Walton, N. Brown, O. Babalola",Charnwood College Riders EABL,"A. Oyerinde, D. Hanousek, D. Stephens, L. Stevenson, R. Buckingham",1,28,0.5,1.5,0,0,1,0,0,0,0,0,0,0,0,0,0,0,0,0,0,0,2,1,1,100,0,0,0,0,0,0,0,1,1,1,0,0,1,0,1.0,2.0,0,100,-100,100,0,100,-2,0,0,0,0,0,0,0,0,0,0,0,0,0,0,0,0,0,0,0,0,0,0,0,0,0,0,0,0,0,0,0,0
Manchester Magic Academy EABL,"A. Sagay Isiorho, H. Blake, J. Odongo, J. Walton, O. Babalola",Charnwood College Riders EABL,"A. Oyerinde, D. Stephens, L. Stevenson, R. Buckingham, T. Curran",1,59,1.0,1.5,0,0,2,0,0,1,0,0,0,0,0,0,0,0,0,0,0,0,2,1,1,100,0,0,0,0,0,0,0,2,2,0,0,0,0,0,2.0,1.0,0,200,-200,200,0,200,-2,0,0,0,0,0,0,0,0,0,0,0,0,0,0,0,0,0,0,0,0,0,0,0,0,0,0,0,0,0,0,0,0
SGS College EABL,"A. Odowa, K. Richards, M. Alburo, M. Perez Tosca, M. Pospori",Myerscough College EABL,"C. Sanchez Falette, F. Morgan, L. Farrell, O. Esingle, S. Latidan",1,20,0.3,1.5,0,0,2,0,0,0,0,0,0,0,0,0,0,0,0,0,0,0,2,1,1,100,0,0,0,0,0,0,0,2,2,0,0,1,0,0,2.0,1.0,0,200,-200,200,0,200,-2,0,0,0,0,0,0,0,0,0,0,0,0,0,0,0,0,0,0,0,0,0,0,0,0,0,0,0,0,0,0,0,0
SGS College EABL,"A. Odowa, K. Richards, M. Alburo, M. Perez Tosca, M. Pospori",Myerscough College EABL,"F. Morgan, L. Farrell, O. Esingle, S. Latidan, Z. Trezvant",1,31,0.5,1.5,0,0,0,0,0,0,0,0,0,0,0,1,1,0,0,0,1,0,0,0,1,0,0,0,0,0,0,0,0,0,0,0,1,0,1,0,1.0,2.0,0,0,0,0,0,0,0,0,0,0,0,0,0,0,0,0,0,0,0,0,0,0,0,0,0,0,0,0,0,0,0,0,0,0,0,0,0,0,0
SGS College EABL,"D. Lloyd, I. Toure, M. Alburo, M. Perez Tosca, M. Pospori",Myerscough College EABL,"C. Sanchez Falette, J. Bobkowski, O. Esingle, S. Latidan, Z. Trezvant",1,93,1.6,1.5,2,1,2,50,0,0,0,0,0,0,1,0,1,1,1,0,0,0,2,1,1,100,0,0,0,0,0,0,0,0,0,0,0,0,1,1,0.9,2.0,215.1,100,115.1,100,215.1,-115.1,0,0,0,0,0,0,0,0,0,0,0,0,0,0,0,0,0,0,0,0,0,0,0,0,0,0,0,0,0,0,0,0,0
Barking Abbey EABL,"F. Cole, K. Mabaya, M. Filho, M. Myamutenha, R. Connolly",HHS Reading Rockets EABL,"L. Bakary, L. Franicis, M. Daines, M. Hassan-Taylor, N. Dent",1,16,0.3,1.5,2,1,2,50,0,0,0,0,0,0,0,0,0,0,0,0,0,1,2,1,1,100,0,0,0,0,0,0,0,1,1,0,0,0,0,0,2.0,1.0,100,200,-100,200,100,100,0,0,0,0,0,0,0,0,0,0,0,0,0,0,0,0,0,0,0,0,0,0,0,0,0,0,0,0,0,0,0,0,0
Barking Abbey EABL,"H. Egbayelo, M. Filho, M. Myamutenha, R. Connolly, S. Dobson Smith",HHS Reading Rockets EABL,"C. Okumus, J. Mackinnon, L. Bakary, M. Daines, M. Hassan-Taylor",1,35,0.6,1.5,2,1,1,100,0,0,0,0,0,0,0,0,0,0,0,0,0,1,0,0,0,0,0,0,0,0,0,0,0,0,0,0,0,0,2,2,1.0,2.0,200,0,200,0,200,-200,2,0,0,0,0,0,0,0,0,0,0,0,0,0,0,0,0,0,0,0,0,0,0,0,0,0,0,0,0,0,0,0,0
City of London Academy - Southwark EABL,"A. Nwokolo, B. Olowoshile, D. Banjoko, J. Hannick, T. Gass",Itchen College EABL,"B. Cope, D. Cimochowski, E. Lotriet, E. Round, J. Ofman",1,31,0.5,1.5,0,0,0,0,0,0,0,0,0,0,0,0,0,0,1,0,2,1,0,0,1,0,0,1,0,0,0,0,1,0,1,0,0,0,1,0,2.0,0.9,0,0,0,0,0,0,0,0,0,0,0,0,0,0,0,0,0,0,0,0,0,0,0,0,0,0,0,0,0,0,0,0,0,0,0,0,0,0,0
City of London Academy - Southwark EABL,"A. Nwokolo, B. Olowoshile, D. Banjoko, D. Banjoko, J. Hannick",Itchen College EABL,"D. Cimochowski, E. Lotriet, E. Round, J. Osei-Owusu, T. Blower",1,36,0.6,1.5,0,0,0,0,0,0,0,0,0,0,0,0,0,0,0,0,2,0,2,1,2,50,0,0,0,0,0,0,1,0,1,0,1,0,0,0,2.0,0.9,0,215.1,-215.1,215.1,0,215.1,-2,0,0,0,0,0,0,0,0,0,0,0,0,0,0,0,0,0,0,0,0,0,0,0,0,0,0,0,0,0,0,0,0
BMET City of Birmingham Rockets EABL,"G. Angoy, I. Gisbourne, J. Hyland, L. Duru, P. Basioudis",SGS College EABL,"K. Ramirez Mora, K. Richards, M. Alburo, M. Perez Tosca, T. Wallace-Gayle",1,61,1.0,1.5,2,1,1,100,0,0,0,0,0,0,0,0,0,0,0,0,0,0,4,2,2,100,0,0,0,0,0,0,0,0,0,0,0,0,0,0,1.0,2.0,200,200,0,200,200,0,-2,0,0,0,0,0,0,0,0,0,0,0,0,0,0,0,0,0,0,0,0,0,0,0,0,0,0,0,0,0,0,0,0
BMET City of Birmingham Rockets EABL,"A. Camara, G. Angoy, J. Agbeze, J. Hyland, P. Basioudis",SGS College EABL,"D. Lloyd, K. Richards, M. Alburo, M. Pospori, S. Nelson",1,20,0.3,1.5,0,0,0,0,0,0,0,0,0,0,0,0,0,0,1,0,1,0,2,1,2,50,0,0,0,0,0,0,1,0,1,0,1,0,1,0,1.0,1.9,0,103.6,-103.6,103.6,0,103.6,-2,0,0,0,0,0,0,0,0,0,0,0,0,0,0,0,0,0,0,0,0,0,0,0,0,0,0,0,0,0,0,0,0
BMET City of Birmingham Rockets EABL,"A. Camara, G. Angoy, J. Agbeze, J. Hyland, P. Basioudis",SGS College EABL,"A. Odowa, M. Alburo, M. Perez Tosca, M. Pospori, W. Wewe",1,50,0.8,1.5,0,0,0,0,0,0,0,0,0,0,0,1,1,0,0,0,1,0,2,1,2,50,0,1,0,0,0,0,0,0,0,1,1,0,0,0,1.0,2.0,0,100,-100,100,0,100,-2,0,0,0,0,0,0,0,0,0,0,0,0,0,0,0,0,0,0,0,0,0,0,0,0,0,0,0,0,0,0,0,0
BMET City of Birmingham Rockets EABL,"G. Angoy, J. Agbeze, J. Hyland, L. Duru, P. Basioudis",SGS College EABL,"K. Ramirez Mora, K. Richards, M. Alburo, M. Pospori, S. Nelson",1,25,0.4,1.5,4,2,2,100,0,0,0,0,0,0,0,0,0,2,1,0,0,0,0,0,0,0,0,0,0,0,0,0,0,0,0,0,0,0,1,0,2.0,1.0,200,0,200,0,200,-200,4,0,0,0,0,0,0,0,0,0,0,0,0,0,0,0,0,0,0,0,0,0,0,0,0,0,0,0,0,0,0,0,0
Itchen College EABL,"D. Cimochowski, E. Lotriet, G. Andrews, J. Ofman, R. Radu",Copleston High School EABL,"A. Hickey, J. Mussington, M. Wells, N. Wilkinson, T. Rafiu",1,39,0.7,1.5,2,1,2,50,0,1,0,0,0,0,1,0,1,1,0,0,0,0,0,0,0,0,0,0,0,0,0,0,0,0,0,0,0,0,2,1,0.9,2.0,215.1,0,215.1,0,215.1,-215.1,2,0,0,0,0,0,0,0,0,0,0,0,0,0,0,0,0,0,0,0,0,0,0,0,0,0,0,0,0,0,0,0,0
Itchen College EABL,"A. Ben-Uloko, E. Round, L. Diala-Bevan, R. Radu, T. Blower",Copleston High School EABL,"I. Carty-Peters, I. Little, J. Mussington, N. Wilkinson, T. Rafiu",1,39,0.7,1.5,2,1,1,100,0,0,0,0,0,0,0,1,1,1,0,0,0,0,2,1,2,50,0,0,0,0,0,0,0,0,0,0,0,0,0,0,1.0,2.0,200,100,100,100,200,-100,0,0,0,0,0,0,0,0,0,0,0,0,0,0,0,0,0,0,0,0,0,0,0,0,0,0,0,0,0,0,0,0,0
Myerscough College EABL,"D. Okhuoya, H. Sheehan, J. Bobkowski, O. Esingle, Z. Trezvant",Manchester Magic Academy EABL,"D. Allotey, J. Walton, O. Babalola, S. Sidi-Boumedine, T. Kamal Kazmi",1,42,0.7,1.5,0,0,1,0,0,0,0,0,0,0,1,0,1,0,0,0,2,0,2,1,1,100,0,0,0,0,0,0,0,0,0,1,0,0,0,0,1.9,1.0,0,200,-200,200,0,200,-2,0,0,0,0,0,0,0,0,0,0,0,0,0,0,0,0,0,0,0,0,0,0,0,0,0,0,0,0,0,0,0,0
Myerscough College EABL,"C. Sanchez Falette, D. Okhuoya, J. Bobkowski, N. Byfield, S. Latidan",Manchester Magic Academy EABL,"H. Blake, J. Odongo, J. Walton, O. Babalola, S. Sidi-Boumedine",1,58,1.0,1.5,0,0,1,0,0,0,0,0,0,0,0,1,1,0,0,1,0,0,3,1,3,33.3,1,2,50,0,0,0,1,1,2,1,0,0,0,0,1.0,1.9,0,155.4,-155.4,155.4,0,155.4,-3,0,0,0,0,0,0,0,0,0,0,0,0,0,0,0,0,0,0,0,0,0,0,0,0,0,0,0,0,0,0,0,0
Myerscough College EABL,"C. Sanchez Falette, H. Sheehan, O. Esingle, S. Latidan, Z. Trezvant",Manchester Magic Academy EABL,"A. Sagay Isiorho, H. Blake, J. Walton, O. Babalola, S. Sidi-Boumedine",1,32,0.5,1.5,2,1,1,100,0,0,0,0,0,0,0,0,0,1,0,0,1,1,2,1,1,100,0,0,0,0,0,0,0,0,0,0,1,0,0,0,2.0,1.0,100,200,-100,200,100,100,0,0,0,0,0,0,0,0,0,0,0,0,0,0,0,0,0,0,0,0,0,0,0,0,0,0,0,0,0,0,0,0,0
City of London Academy - Southwark EABL,"D. Banjoko, D. Patel, R. Testfay, S. Shirwac, T. Gass",Barking Abbey EABL,"A. Maitland, F. Oguntuase, M. Filho, R. Connolly, S. Dobson Smith",1,59,1.0,1.5,0,0,1,0,0,1,0,0,0,0,0,0,0,0,1,0,1,1,0,0,0,0,0,0,0,0,0,0,0,1,1,0,1,0,1,0,2.0,1.0,0,0,0,0,0,0,0,0,0,0,0,0,0,0,0,0,0,0,0,0,0,0,0,0,0,0,0,0,0,0,0,0,0,0,0,0,0,0,0
Charnwood College Riders EABL,"A. Oyerinde, F. Saeed, L. Boothe, T. Curran, Z. Gleadell-Smith",SGS College EABL,"A. Bennett, D. Lloyd, L. Matthews, M. Alburo, M. Pospori",1,21,0.3,1.5,2,1,1,100,0,0,0,0,0,0,0,0,0,1,0,0,0,1,2,1,1,100,0,0,0,0,0,0,0,0,0,1,0,0,1,0,1.0,2.0,200,100,100,100,200,-100,0,0,0,0,0,0,0,0,0,0,0,0,0,0,0,0,0,0,0,0,0,0,0,0,0,0,0,0,0,0,0,0,0
Manchester Magic Academy EABL,"J. Walton, L. Clayton, O. Babalola, S. Sidi-Boumedine, T. Richardson",Derby College Trailblazers EABL,"C. Burr, E. Rice, J. Howlett, M. Smith-Fjordland, R. Hobday",1,48,0.8,1.5,2,1,1,100,0,0,0,0,0,0,0,0,0,1,0,0,0,0,2,1,2,50,0,1,0,0,0,0,0,0,0,1,0,0,0,0,1.0,2.0,200,100,100,100,200,-100,0,0,0,0,0,0,0,0,0,0,0,0,0,0,0,0,0,0,0,0,0,0,0,0,0,0,0,0,0,0,0,0,0
Myerscough College EABL,"A. Ibirinde, C. Sanchez Falette, H. Sheehan, O. Esingle, S. Latidan",BMET City of Birmingham Rockets EABL,"D. Pittaway, G. Angoy, J. Agbeze, J. Hyland, L. Duru",1,52,0.9,1.5,2,1,2,50,0,1,0,0,0,0,1,1,2,0,0,0,0,0,0,0,1,0,0,1,0,0,0,0,0,0,0,0,0,1,1,0,0.9,2.0,215.1,0,215.1,0,215.1,-215.1,2,0,0,0,0,0,0,0,0,0,0,0,0,0,0,0,0,0,0,0,0,0,0,0,0,0,0,0,0,0,0,0,0
Myerscough College EABL,"D. Okhuoya, F. Morgan, H. Sheehan, I. Idemudia, O. Esingle",BMET City of Birmingham Rockets EABL,"A. Camara, D. Pittaway, G. Singh, J. Hyland, P. Walsh",1,24,0.4,1.5,4,2,2,100,0,0,0,0,0,0,0,1,1,1,0,0,0,0,0,0,1,0,0,1,0,0,0,0,0,0,0,0,0,0,0,0,2.0,1.0,200,0,200,0,200,-200,4,0,0,0,0,0,0,0,0,0,0,0,0,0,0,0,0,0,0,0,0,0,0,0,0,0,0,0,0,0,0,0,0
HHS Reading Rockets EABL,"J. Waterhouse, L. Francis, M. Daines, M. Hassan-Taylor, S. Ejiofor",City of London Academy - Southwark EABL,"B. Olowoshile, D. Banjoko, R. Cryer, R. Testfay, S. Shirwac",1,53,0.9,1.5,2,1,1,100,0,0,0,0,0,0,0,1,1,0,0,1,1,0,0,0,1,0,0,0,0,0,0,0,0,0,0,0,0,0,0,1,2.0,1.0,100,0,100,0,100,-100,2,0,0,0,0,0,0,0,0,0,0,0,0,0,0,0,0,0,0,0,0,0,0,0,0,0,0,0,0,0,0,0,0
HHS Reading Rockets EABL,"E. Harrington, J. Waterhouse, L. Francis, M. Hassan-Taylor, S. Ejiofor",City of London Academy - Southwark EABL,"D. Banjoko, D. Banjoko, D. Ekwukoma, D. Patel, T. Gass",1,48,0.8,1.5,2,1,2,50,0,1,0,0,0,0,0,0,0,1,0,0,0,1,0,0,1,0,0,0,0,0,0,0,0,1,1,0,0,1,0,0,2.0,1.0,100,0,100,0,100,-100,2,0,0,0,0,0,0,0,0,0,0,0,0,0,0,0,0,0,0,0,0,0,0,0,0,0,0,0,0,0,0,0,0
HHS Reading Rockets EABL,"J. Mackinnon, J. Waterhouse, L. Francis, M. Daines, M. Hassan-Taylor",City of London Academy - Southwark EABL,"A. Nwokolo, D. Banjoko, D. Banjoko, R. Testfay, T. Gass",1,20,0.3,1.5,2,1,1,100,0,0,0,0,0,0,0,0,0,1,0,0,1,0,2,1,1,100,0,0,0,0,0,0,0,0,0,1,1,0,0,1,2.0,1.0,100,200,-100,200,100,100,0,0,0,0,0,0,0,0,0,0,0,0,0,0,0,0,0,0,0,0,0,0,0,0,0,0,0,0,0,0,0,0,0
Oaklands Wolves EABL,"E. Da Cruz Fatuda, E. Ryan, G. Mitchell, K. Gasperas, T. Mcintosh",Itchen College EABL,"B. Cope, E. Lotriet, J. Ofman, M. Yeates, T. Blower",1,86,1.4,1.5,0,0,0,0,0,0,0,0,0,0,0,0,0,0,0,0,1,0,0,0,1,0,0,0,0,0,0,0,0,0,0,0,1,0,1,0,1.0,2.0,0,0,0,0,0,0,0,0,0,0,0,0,0,0,0,0,0,0,0,0,0,0,0,0,0,0,0,0,0,0,0,0,0,0,0,0,0,0,0
Oaklands Wolves EABL,"D. Gladstone, D. Kostadinov, G. Augenti, G. Mitchell, H. Morrell",Itchen College EABL,"B. Cope, E. Lotriet, E. Round, J. Osei-Owusu, M. Yeates",1,26,0.4,1.5,0,0,0,0,0,0,0,0,0,0,0,0,0,0,0,0,2,1,0,0,0,0,0,0,0,0,0,0,0,0,0,0,0,0,1,0,2.0,1.0,0,0,0,0,0,0,0,0,0,0,0,0,0,0,0,0,0,0,0,0,0,0,0,0,0,0,0,0,0,0,0,0,0,0,0,0,0,0,0
Oaklands Wolves EABL,"D. Gladstone, D. Kostadinov, G. Augenti, G. Mitchell, H. Morrell",Itchen College EABL,"B. Cope, E. Round, J. Osei-Owusu, M. Yeates, T. Blower",1,41,0.7,1.5,0,0,1,0,0,0,0,0,0,0,0,0,0,0,0,0,0,0,4,2,3,66.7,0,1,0,0,0,0,1,1,2,1,0,0,0,0,1.0,1.9,0,207.3,-207.3,207.3,0,207.3,-4,0,0,0,0,0,0,0,0,0,0,0,0,0,0,0,0,0,0,0,0,0,0,0,0,0,0,0,0,0,0,0,0
Oaklands Wolves EABL,"D. Kostadinov, G. Mitchell, H. Morrell, L. Mcintosh, T. Mcintosh",Itchen College EABL,"B. Cope, E. Round, J. Ofman, M. Yeates, T. Blower",1,17,0.3,1.5,2,1,2,50,0,1,0,0,0,0,0,0,0,0,0,0,0,0,2,1,1,100,0,0,0,0,0,0,0,1,1,1,0,0,0,0,2.0,1.0,100,200,-100,200,100,100,0,0,0,0,0,0,0,0,0,0,0,0,0,0,0,0,0,0,0,0,0,0,0,0,0,0,0,0,0,0,0,0,0
Oaklands Wolves EABL,"E. Ryan, G. Mitchell, H. Morrell, L. Mcintosh, T. Mcintosh",Itchen College EABL,"B. Cope, E. Lotriet, E. Round, J. Osei-Owusu, M. Yeates",1,53,0.9,1.5,0,0,2,0,0,1,0,0,0,0,0,0,0,0,0,0,0,0,0,0,0,0,0,0,0,0,0,0,0,0,0,0,0,1,1,0,2.0,1.0,0,0,0,0,0,0,0,0,0,0,0,0,0,0,0,0,0,0,0,0,0,0,0,0,0,0,0,0,0,0,0,0,0,0,0,0,0,0,0
Oaklands Wolves EABL,"D. Gladstone, E. Da Cruz Fatuda, G. Augenti, K. Gasperas, Z. Gribble",Itchen College EABL,"E. Lotriet, G. Andrews, M. Yeates, R. Radu, S. Wood",1,55,0.9,1.5,2,1,1,100,0,0,0,0,0,0,0,0,0,0,0,0,1,0,0,0,0,0,0,0,0,0,0,0,0,0,0,0,1,0,1,0,2.0,1.0,100,0,100,0,100,-100,2,0,0,0,0,0,0,0,0,0,0,0,0,0,0,0,0,0,0,0,0,0,0,0,0,0,0,0,0,0,0,0,0
BMET City of Birmingham Rockets EABL,"B. Rose, G. Angoy, J. Agbeze, L. Duru, P. Basioudis",Manchester Magic Academy EABL,"H. Blake, J. Walton, L. Clayton, N. Brown, O. Babalola",1,46,0.8,1.5,0,0,1,0,0,0,0,0,0,0,0,0,0,0,0,0,1,1,2,1,1,100,0,0,0,0,0,0,0,0,0,1,0,0,0,0,2.0,1.0,0,200,-200,200,0,200,-2,0,0,0,0,0,0,0,0,0,0,0,0,0,0,0,0,0,0,0,0,0,0,0,0,0,0,0,0,0,0,0,0
BMET City of Birmingham Rockets EABL,"G. Singh, J. Agbeze, L. Duru, P. Basioudis, P. Walsh",Manchester Magic Academy EABL,"H. Blake, J. Walton, L. Clayton, S. Sidi-Boumedine, T. Kamal Kazmi",1,15,0.2,1.5,0,0,1,0,0,0,0,0,0,0,0,0,0,0,0,0,1,0,0,0,0,0,0,0,0,0,0,0,0,1,1,0,0,0,1,0,2.0,1.0,0,0,0,0,0,0,0,0,0,0,0,0,0,0,0,0,0,0,0,0,0,0,0,0,0,0,0,0,0,0,0,0,0,0,0,0,0,0,0
BMET City of Birmingham Rockets EABL,"A. Camara, G. Angoy, G. Singh, J. Agbeze, P. Walsh",Manchester Magic Academy EABL,"D. Allotey, H. Blake, J. Walton, O. Babalola, T. Kamal Kazmi",1,43,0.7,1.5,0,0,1,0,0,0,0,0,0,0,0,0,0,0,1,0,0,0,0,0,0,0,0,0,0,0,0,0,0,1,1,0,0,0,2,0,1.0,2.0,0,0,0,0,0,0,0,0,0,0,0,0,0,0,0,0,0,0,0,0,0,0,0,0,0,0,0,0,0,0,0,0,0,0,0,0,0,0,0
BMET City of Birmingham Rockets EABL,"A. Camara, B. Rose, D. Pittaway, G. Angoy, G. Singh",Manchester Magic Academy EABL,"D. Allotey, H. Blake, J. Walton, T. Kamal Kazmi, T. Weekes",1,52,0.9,1.5,2,1,2,50,0,1,0,0,0,0,1,0,1,0,0,0,1,0,2,1,1,100,0,0,0,0,0,0,0,0,0,0,0,0,0,0,1.9,1.0,103.6,200,-96.4,200,103.6,96.4,0,0,0,0,0,0,0,0,0,0,0,0,0,0,0,0,0,0,0,0,0,0,0,0,0,0,0,0,0,0,0,0,0
Copleston High School EABL,"C. Fobister, I. Carty-Peters, I. Little, M. Liddamore, T. Rafiu",HHS Reading Rockets EABL,"J. Mackinnon, L. Franicis, M. Daines, M. Hassan-Taylor, S. Ejiofor",1,32,0.5,1.5,0,0,1,0,0,0,0,0,0,0,0,0,0,0,0,0,0,0,0,0,0,0,0,0,0,0,0,0,0,1,1,0,0,0,2,1,1.0,2.0,0,0,0,0,0,0,0,0,0,0,0,0,0,0,0,0,0,0,0,0,0,0,0,0,0,0,0,0,0,0,0,0,0,0,0,0,0,0,0
Copleston High School EABL,"C. Fobister, I. Little, M. Liddamore, N. Wilkinson, T. Rafiu",HHS Reading Rockets EABL,"C. Okumus, L. Bakary, L. Franicis, M. Daines, N. Dent",1,63,1.1,1.5,0,0,1,0,0,0,0,0,0,0,0,0,0,0,0,0,1,2,2,1,1,100,0,0,0,0,0,0,0,1,1,0,1,0,0,1,2.0,1.0,0,200,-200,200,0,200,-2,0,0,0,0,0,0,0,0,0,0,0,0,0,0,0,0,0,0,0,0,0,0,0,0,0,0,0,0,0,0,0,0
Charnwood College Riders EABL,"A. Oyerinde, L. Boothe, L. Stevenson, T. Curran, Z. Gleadell-Smith",Myerscough College EABL,"A. Ibirinde, B. Gordon, H. Sheehan, J. Bobkowski, S. Laditan",1,61,1.0,1.5,2,1,2,50,0,0,0,0,0,0,0,0,0,0,0,0,0,0,2,1,1,100,0,0,0,0,0,0,0,1,1,0,0,0,0,0,2.0,1.0,100,200,-100,200,100,100,0,0,0,0,0,0,0,0,0,0,0,0,0,0,0,0,0,0,0,0,0,0,0,0,0,0,0,0,0,0,0,0,0
Charnwood College Riders EABL,"L. Boothe, R. Buckingham, S. Morris, T. Curran, Z. Gleadell-Smith",Myerscough College EABL,"H. Sheehan, J. Sanchez, O. Esingle, S. Laditan, Z. Trezvant",1,51,0.8,1.5,0,0,2,0,0,0,0,0,0,0,1,0,1,0,2,0,0,0,0,0,0,0,0,0,0,0,0,0,0,1,1,0,0,0,2,0,0.9,2.0,0,0,0,0,0,0,0,0,0,0,0,0,0,0,0,0,0,0,0,0,0,0,0,0,0,0,0,0,0,0,0,0,0,0,0,0,0,0,0
Charnwood College Riders EABL,"A. Oyerinde, L. Boothe, L. Stevenson, T. Curran, Z. Gleadell-Smith",Myerscough College EABL,"A. Ibirinde, B. Gordon, H. Sheehan, J. Bobkowski, Z. Trezvant",1,59,1.0,1.5,3,1,1,100,1,1,100,0,0,0,0,0,0,1,0,0,0,0,2,1,2,50,0,1,0,0,0,0,0,0,0,1,0,0,0,0,1.0,2.0,300,100,200,100,300,-200,1,0,0,0,0,0,0,0,0,0,0,0,0,0,0,0,0,0,0,0,0,0,0,0,0,0,0,0,0,0,0,0,0
SGS College EABL,"D. Lloyd, I. Toure, K. Ramirez Mora, M. Alburo, M. Perez Tosca",Derby College Trailblazers EABL,"C. Burr, E. Norman, J. Howlett, L. Ngomti, R. Hobday",1,36,0.6,1.5,2,1,1,100,0,0,0,0,0,0,0,1,1,0,0,0,0,0,0,0,2,0,0,1,0,0,0,0,0,0,0,0,0,0,0,0,1.0,2.0,200,0,200,0,200,-200,2,0,0,0,0,0,0,0,0,0,0,0,0,0,0,0,0,0,0,0,0,0,0,0,0,0,0,0,0,0,0,0,0
City of London Academy - Southwark EABL,"A. Nwokolo, D. Banjoko, D. Banjoko, J. Hannick, T. Gass",Oaklands Wolves EABL,"D. Kostadinov, G. Mitchell, H. Morrell, L. Mcintosh, T. Mcintosh",1,55,0.9,1.5,0,0,1,0,0,1,0,0,0,0,0,0,0,0,0,1,0,0,2,1,2,50,0,0,0,0,0,0,0,1,1,1,0,0,0,0,1.0,2.0,0,100,-100,100,0,100,-2,0,0,0,0,0,0,0,0,0,0,0,0,0,0,0,0,0,0,0,0,0,0,0,0,0,0,0,0,0,0,0,0
City of London Academy - Southwark EABL,"A. Nwokolo, D. Banjoko, D. Banjoko, J. Hannick, T. Gass",Oaklands Wolves EABL,"D. Kostadinov, G. Augenti, G. Mitchell, H. Morrell, L. Mcintosh",1,49,0.8,1.5,0,0,1,0,0,1,0,0,0,0,1,1,2,0,0,0,1,0,2,1,2,50,0,0,0,0,0,0,0,0,0,0,0,0,0,1,0.9,2.0,0,100,-100,100,0,100,-2,0,0,0,0,0,0,0,0,0,0,0,0,0,0,0,0,0,0,0,0,0,0,0,0,0,0,0,0,0,0,0,0
City of London Academy - Southwark EABL,"A. Nwokolo, B. Olowoshile, D. Banjoko, D. Banjoko, R. Testfay",Oaklands Wolves EABL,"D. Kostadinov, G. Augenti, G. Mitchell, H. Morrell, L. Mcintosh",1,47,0.8,1.5,2,1,1,100,0,0,0,0,0,0,0,0,0,1,0,0,1,0,2,1,1,100,0,0,0,0,0,0,0,0,0,1,1,0,0,1,2.0,1.0,100,200,-100,200,100,100,0,0,0,0,0,0,0,0,0,0,0,0,0,0,0,0,0,0,0,0,0,0,0,0,0,0,0,0,0,0,0,0,0
Derby College Trailblazers EABL,"C. Burr, E. Norman, E. Rice, G. Pastor, R. Hobday",Charnwood College Riders EABL,"L. Stevenson, R. Buckingham, S. Morris, T. Curran, T. Pearson",1,21,0.3,1.5,0,0,0,0,0,0,0,0,0,0,0,0,0,0,0,0,1,0,0,0,0,0,0,0,0,0,0,0,0,0,0,0,0,0,2,1,1.0,2.0,0,0,0,0,0,0,0,0,0,0,0,0,0,0,0,0,0,0,0,0,0,0,0,0,0,0,0,0,0,0,0,0,0,0,0,0,0,0,0
Derby College Trailblazers EABL,"E. Norman, G. Pastor, J. Howlett, L. Ngomti, W. Tallon",Charnwood College Riders EABL,"A. Oyerinde, D. Stephens, L. Stevenson, R. Buckingham, T. Curran",1,67,1.1,1.5,0,0,0,0,0,0,0,0,0,0,0,1,1,0,0,0,1,0,3,1,2,50,1,2,50,0,0,0,0,0,0,0,1,0,0,0,1.0,2.0,0,150,-150,150,0,150,-3,0,0,0,0,0,0,0,0,0,0,0,0,0,0,0,0,0,0,0,0,0,0,0,0,0,0,0,0,0,0,0,0
BMET City of Birmingham Rockets EABL,"G. Angoy, G. Singh, J. Agbeze, J. Hyland, L. Duru",Charnwood College Riders EABL,"A. Oyerinde, P. Kattah, T. Curran, T. Pearson, Z. Gleadell-Smith",1,25,0.4,1.5,0,0,2,0,0,1,0,0,0,0,1,1,2,0,0,0,1,0,0,0,1,0,0,0,0,0,0,0,0,1,1,0,0,0,0,0,1.9,1.0,0,0,0,0,0,0,0,0,0,0,0,0,0,0,0,0,0,0,0,0,0,0,0,0,0,0,0,0,0,0,0,0,0,0,0,0,0,0,0
Itchen College EABL,"B. Cope, D. Cimochowski, E. Lotriet, E. Round, J. Ofman",HHS Reading Rockets EABL,"C. Okumus, J. Waterhouse, L. Bakary, L. Franicis, N. Dent",1,38,0.6,1.5,0,0,2,0,0,0,0,0,0,0,0,0,0,0,1,0,0,0,0,0,0,0,0,0,0,0,0,0,0,1,1,0,0,0,1,0,2.0,1.0,0,0,0,0,0,0,0,0,0,0,0,0,0,0,0,0,0,0,0,0,0,0,0,0,0,0,0,0,0,0,0,0,0,0,0,0,0,0,0
Itchen College EABL,"B. Cope, D. Cimochowski, E. Lotriet, E. Round, J. Ofman",HHS Reading Rockets EABL,"C. Okumus, J. Mackinnon, L. Bakary, L. Franicis, N. Dent",1,57,0.9,1.5,0,0,1,0,0,0,0,0,0,0,0,1,1,0,0,0,0,0,2,1,2,50,0,1,0,0,0,0,0,0,0,1,0,0,0,1,1.0,2.0,0,100,-100,100,0,100,-2,0,0,0,0,0,0,0,0,0,0,0,0,0,0,0,0,0,0,0,0,0,0,0,0,0,0,0,0,0,0,0,0
Itchen College EABL,"E. Lotriet, E. Round, J. Osei-Owusu, M. Yeates, T. Blower",HHS Reading Rockets EABL,"C. Okumus, J. Mackinnon, J. Waterhouse, L. Franicis, N. Dent",1,31,0.5,1.5,3,1,2,50,1,1,100,0,0,0,0,0,0,1,0,0,0,0,0,0,0,0,0,0,0,0,0,0,0,1,1,0,0,0,1,0,2.0,1.0,150,0,150,0,150,-150,3,0,0,0,0,0,0,0,0,0,0,0,0,0,0,0,0,0,0,0,0,0,0,0,0,0,0,0,0,0,0,0,0
Itchen College EABL,"D. Cimochowski, G. Andrews, J. Ofman, R. Radu, T. Blower",HHS Reading Rockets EABL,"C. Okumus, E. Harrington, L. Bakary, L. Franicis, M. Hassan-Taylor",1,53,0.9,1.5,3,1,1,100,1,1,100,0,0,0,0,1,1,1,0,0,1,1,0,0,1,0,0,1,0,0,0,0,0,0,0,0,1,0,0,0,2.0,1.0,150,0,150,0,150,-150,3,0,0,0,0,0,0,0,0,0,0,0,0,0,0,0,0,0,0,0,0,0,0,0,0,0,0,0,0,0,0,0,0
Derby College Trailblazers EABL,"C. Burr, G. Pastor, J. Howlett, J. Lemanski, R. Hobday",Myerscough College EABL,"C. Sanchez Falette, J. Bobkowski, N. Byfield, S. Latidan, Z. Trezvant",1,47,0.8,1.5,0,0,1,0,0,1,0,0,0,0,0,0,0,0,0,0,0,1,4,2,2,100,0,0,0,0,0,0,0,1,1,0,0,0,0,0,1.0,2.0,0,200,-200,200,0,200,-4,0,0,0,0,0,0,0,0,0,0,0,0,0,0,0,0,0,0,0,0,0,0,0,0,0,0,0,0,0,0,0,0
Derby College Trailblazers EABL,"C. Burr, E. Norman, E. Rice, K. Otaye, W. Tallon",Myerscough College EABL,"A. Ibirinde, C. Sanchez Falette, L. Farrell, L. Roberts, N. Byfield",1,35,0.6,1.5,0,0,1,0,0,1,0,0,0,0,0,0,0,0,1,0,0,0,2,1,1,100,0,0,0,0,0,0,0,1,1,1,0,0,1,1,1.0,2.0,0,100,-100,100,0,100,-2,0,0,0,0,0,0,0,0,0,0,0,0,0,0,0,0,0,0,0,0,0,0,0,0,0,0,0,0,0,0,0,0
Manchester Magic Academy EABL,"A. Sagay Isiorho, H. Blake, J. Walton, N. Brown, O. Babalola",SGS College EABL,"A. Bennett, D. Lloyd, K. Ramirez Mora, M. Perez Tosca, S. Nelson",1,52,0.9,1.5,5,2,2,100,1,1,100,0,0,0,0,0,0,2,1,0,0,1,0,0,0,0,0,0,0,0,0,0,0,0,0,0,0,0,1,0,2.0,1.0,250,0,250,0,250,-250,5,0,0,0,0,0,0,0,0,0,0,0,0,0,0,0,0,0,0,0,0,0,0,0,0,0,0,0,0,0,0,0,0
Manchester Magic Academy EABL,"A. Sagay Isiorho, J. Odongo, O. Babalola, S. Sidi-Boumedine, T. Richardson",SGS College EABL,"A. Odowa, D. Lloyd, K. Ramirez Mora, M. Alburo, M. Pospori",1,67,1.1,1.5,2,1,2,50,0,1,0,0,0,0,1,1,2,1,0,0,0,0,3,1,2,50,1,1,100,0,0,0,0,0,0,1,0,0,0,0,0.9,2.0,215.1,150,65.1,150,215.1,-65.1,-1,0,0,0,0,0,0,0,0,0,0,0,0,0,0,0,0,0,0,0,0,0,0,0,0,0,0,0,0,0,0,0,0
Manchester Magic Academy EABL,"D. Allotey, J. Walton, O. Babalola, S. Sidi-Boumedine, T. Richardson",SGS College EABL,"A. Odowa, D. Lloyd, I. Toure, M. Pospori, S. Nelson",1,60,1.0,1.5,3,1,1,100,1,1,100,0,0,0,0,0,0,1,1,0,0,0,0,0,1,0,0,1,0,0,0,0,0,0,0,0,0,0,1,1,1.0,2.0,300,0,300,0,300,-300,3,0,0,0,0,0,0,0,0,0,0,0,0,0,0,0,0,0,0,0,0,0,0,0,0,0,0,0,0,0,0,0,0
Manchester Magic Academy EABL,"D. Allotey, J. Styzcen-O'keefe, O. Babalola, S. Sidi-Boumedine, T. Weekes",SGS College EABL,"D. Lloyd, K. Ramirez Mora, M. Alburo, M. Perez Tosca, M. Pospori",1,73,1.2,1.5,3,1,2,50,1,1,100,0,0,0,1,1,2,1,0,0,0,0,3,1,2,50,1,1,100,0,0,0,0,0,0,1,0,1,0,1,0.9,2.0,322.6,150,172.6,150,322.6,-172.6,0,0,0,0,0,0,0,0,0,0,0,0,0,0,0,0,0,0,0,0,0,0,0,0,0,0,0,0,0,0,0,0,0
Oaklands Wolves EABL,"D. Gladstone, D. Kostadinov, E. Da Cruz Fatuda, G. Mitchell, H. Morrell",Barking Abbey EABL,"A. Maitland, A. Nwabueze, J. Mendes, M. Filho, R. Connolly",1,38,0.6,1.5,4,2,2,100,0,0,0,0,0,0,0,1,1,2,0,0,0,0,0,0,1,0,0,0,0,0,0,0,0,0,0,0,0,0,0,0,2.0,1.0,200,0,200,0,200,-200,4,0,0,0,0,0,0,0,0,0,0,0,0,0,0,0,0,0,0,0,0,0,0,0,0,0,0,0,0,0,0,0,0
Oaklands Wolves EABL,"D. Gladstone, D. Kostadinov, E. Da Cruz Fatuda, G. Mitchell, L. Mcintosh",Barking Abbey EABL,"A. Maitland, K. Mabaya, M. Filho, O. Visockas, R. Connolly",1,28,0.5,1.5,2,1,2,50,0,1,0,0,0,0,0,0,0,0,0,0,0,0,3,1,1,100,1,1,100,0,0,0,0,1,1,1,0,0,0,0,2.0,1.0,100,300,-200,300,100,200,-1,0,0,0,0,0,0,0,0,0,0,0,0,0,0,0,0,0,0,0,0,0,0,0,0,0,0,0,0,0,0,0,0
Copleston High School EABL,"A. Hickey, E. Tamakloe, I. Carty-Peters, M. Liddamore, N. Wilkinson",Oaklands Wolves EABL,"G. Mitchell, H. Morrell, K. Gasperas, L. Mcintosh, T. Mcintosh",1,41,0.7,1.5,3,1,2,50,1,2,50,0,0,0,0,0,0,1,0,0,0,0,2,1,1,100,0,0,0,0,0,0,0,1,1,0,0,0,0,0,2.0,1.0,150,200,-50,200,150,50,1,0,0,0,0,0,0,0,0,0,0,0,0,0,0,0,0,0,0,0,0,0,0,0,0,0,0,0,0,0,0,0,0
Copleston High School EABL,"E. Tamakloe, I. Carty-Peters, I. Little, M. Liddamore, N. Wilkinson",Oaklands Wolves EABL,"D. Gladstone, D. Kostadinov, G. Augenti, H. Morrell, Z. Gribble",1,66,1.1,1.5,2,1,1,100,0,0,0,0,0,0,0,1,1,0,0,0,1,0,0,0,1,0,0,0,0,0,0,0,0,0,0,0,0,0,0,0,2.0,1.0,100,0,100,0,100,-100,2,0,0,0,0,0,0,0,0,0,0,0,0,0,0,0,0,0,0,0,0,0,0,0,0,0,0,0,0,0,0,0,0
Itchen College EABL,"E. Round, M. Edwards, M. Yeates, R. Radu, T. Blower",City of London Academy - Southwark EABL,"A. Nwokolo, D. Banjoko, D. Banjoko, R. Testfay, T. Gass",1,53,0.9,1.5,0,0,1,0,0,0,0,0,0,0,0,0,0,0,0,0,0,1,0,0,1,0,0,1,0,0,0,0,1,1,2,0,0,1,2,0,1.0,1.9,0,0,0,0,0,0,0,0,0,0,0,0,0,0,0,0,0,0,0,0,0,0,0,0,0,0,0,0,0,0,0,0,0,0,0,0,0,0,0
Itchen College EABL,"B. Cope, E. Lotriet, E. Round, J. Osei-Owusu, M. Yeates",City of London Academy - Southwark EABL,"A. Nwokolo, D. Banjoko, D. Banjoko, D. Patel, T. Gass",1,67,1.1,1.5,0,0,2,0,0,1,0,0,0,0,0,0,0,0,1,0,0,2,0,0,0,0,0,0,0,0,0,0,0,1,1,0,0,1,1,0,2.0,1.0,0,0,0,0,0,0,0,0,0,0,0,0,0,0,0,0,0,0,0,0,0,0,0,0,0,0,0,0,0,0,0,0,0,0,0,0,0,0,0
Itchen College EABL,"E. Lotriet, E. Round, M. Edwards, M. Yeates, R. Radu",City of London Academy - Southwark EABL,"A. Morentin, A. Nwokolo, D. Banjoko, R. Cryer, R. Testfay",1,8,0.1,1.5,0,0,1,0,0,0,0,0,0,0,0,0,0,0,0,0,0,0,5,2,2,100,1,1,100,0,0,0,0,1,1,1,0,1,0,0,1.0,2.0,0,250,-250,250,0,250,-5,0,0,0,0,0,0,0,0,0,0,0,0,0,0,0,0,0,0,0,0,0,0,0,0,0,0,0,0,0,0,0,0
Itchen College EABL,"B. Cope, D. Cimochowski, E. Round, J. Osei-Owusu, R. Radu",City of London Academy - Southwark EABL,"A. Nwokolo, D. Banjoko, D. Patel, R. Cryer, T. Gass",1,54,0.9,1.5,0,0,1,0,0,0,0,0,0,0,0,0,0,0,0,0,1,0,2,1,1,100,0,0,0,0,0,0,0,1,1,0,1,0,0,0,2.0,1.0,0,200,-200,200,0,200,-2,0,0,0,0,0,0,0,0,0,0,0,0,0,0,0,0,0,0,0,0,0,0,0,0,0,0,0,0,0,0,0,0
Itchen College EABL,"B. Cope, D. Cimochowski, E. Lotriet, E. Round, J. Osei-Owusu",City of London Academy - Southwark EABL,"A. Nwokolo, D. Banjoko, D. Patel, R. Cryer, T. Gass",1,22,0.4,1.5,0,0,1,0,0,1,0,0,0,0,0,0,0,0,0,0,1,1,2,1,2,50,0,0,0,0,0,0,1,1,2,0,1,0,0,0,2.0,0.9,0,215.1,-215.1,215.1,0,215.1,-2,0,0,0,0,0,0,0,0,0,0,0,0,0,0,0,0,0,0,0,0,0,0,0,0,0,0,0,0,0,0,0,0
Charnwood College Riders EABL,"A. Oyerinde, F. Saeed, S. Morris, T. Curran, T. Pearson",Manchester Magic Academy EABL,"A. Sagay Isiorho, D. Allotey, N. Brown, O. Babalola, T. Richardson",1,48,0.8,1.5,2,1,2,50,0,0,0,0,0,0,0,0,0,0,0,0,0,0,3,1,1,100,1,1,100,0,0,0,0,0,0,0,0,1,0,0,2.0,1.0,100,300,-200,300,100,200,-1,0,0,0,0,0,0,0,0,0,0,0,0,0,0,0,0,0,0,0,0,0,0,0,0,0,0,0,0,0,0,0,0
Charnwood College Riders EABL,"D. Hanousek, L. Boothe, L. Stevenson, S. Morris, T. Curran",Manchester Magic Academy EABL,"A. Sagay Isiorho, H. Blake, N. Brown, O. Babalola, T. Richardson",1,19,0.3,1.5,0,0,1,0,0,0,0,0,0,0,0,0,0,0,1,0,0,0,2,1,2,50,0,1,0,0,0,0,1,1,2,0,0,0,1,0,1.0,1.9,0,103.6,-103.6,103.6,0,103.6,-2,0,0,0,0,0,0,0,0,0,0,0,0,0,0,0,0,0,0,0,0,0,0,0,0,0,0,0,0,0,0,0,0
Charnwood College Riders EABL,"A. Oyerinde, L. Boothe, P. Kattah, S. Morris, T. Curran",Manchester Magic Academy EABL,"A. Sagay Isiorho, H. Blake, N. Brown, O. Babalola, T. Richardson",1,68,1.1,1.5,0,0,0,0,0,0,0,0,0,0,0,1,1,0,0,0,2,0,0,0,1,0,0,1,0,0,0,0,0,0,0,0,0,0,0,1,2.0,1.0,0,0,0,0,0,0,0,0,0,0,0,0,0,0,0,0,0,0,0,0,0,0,0,0,0,0,0,0,0,0,0,0,0,0,0,0,0,0,0
Charnwood College Riders EABL,"D. Hanousek, L. Boothe, R. Buckingham, S. Morris, T. Curran",Manchester Magic Academy EABL,"A. Sagay Isiorho, J. Odongo, N. Brown, O. Babalola, T. Richardson",1,33,0.6,1.5,5,2,2,100,1,1,100,0,0,0,0,1,1,1,0,1,0,0,0,0,1,0,0,0,0,0,0,0,0,0,0,0,0,0,0,0,2.0,1.0,250,0,250,0,250,-250,5,0,0,0,0,0,0,0,0,0,0,0,0,0,0,0,0,0,0,0,0,0,0,0,0,0,0,0,0,0,0,0,0
Charnwood College Riders EABL,"D. Hanousek, L. Boothe, R. Buckingham, S. Morris, T. Curran",Manchester Magic Academy EABL,"A. Sagay Isiorho, D. Allotey, J. Odongo, O. Babalola, T. Richardson",1,59,1.0,1.5,0,0,1,0,0,1,0,0,0,0,0,0,0,0,0,0,0,0,3,1,2,50,1,2,50,0,0,0,1,1,2,1,0,0,1,1,1.0,1.9,0,155.4,-155.4,155.4,0,155.4,-3,0,0,0,0,0,0,0,0,0,0,0,0,0,0,0,0,0,0,0,0,0,0,0,0,0,0,0,0,0,0,0,0
Derby College Trailblazers EABL,"C. Burr, J. Howlett, K. Zidonis, L. Ngomti, R. Hobday",BMET City of Birmingham Rockets EABL,"A. Camara, G. Angoy, J. Agbeze, J. Hyland, P. Basioudis",1,29,0.5,1.5,3,1,1,100,1,1,100,0,0,0,0,0,0,1,0,0,0,0,2,1,2,50,0,1,0,0,0,0,0,0,0,1,0,0,0,0,1.0,2.0,300,100,200,100,300,-200,1,0,0,0,0,0,0,0,0,0,0,0,0,0,0,0,0,0,0,0,0,0,0,0,0,0,0,0,0,0,0,0,0
Myerscough College EABL,"C. Sanchez Falette, D. Okhuoya, F. Morgan, J. Bobkowski, S. Latidan",SGS College EABL,"D. Lloyd, I. Toure, K. Ramirez Mora, L. Matthews, S. Nelson",1,54,0.9,1.5,2,1,2,50,0,1,0,0,0,0,1,1,2,0,1,0,0,1,0,0,1,0,0,1,0,0,0,0,0,0,0,0,0,0,1,0,0.9,2.0,215.1,0,215.1,0,215.1,-215.1,2,0,0,0,0,0,0,0,0,0,0,0,0,0,0,0,0,0,0,0,0,0,0,0,0,0,0,0,0,0,0,0,0
Myerscough College EABL,"D. Okhuoya, F. Morgan, J. Bobkowski, L. Farrell, O. Esingle",SGS College EABL,"I. Toure, L. Matthews, M. Perez Tosca, M. Pospori, S. Nelson",1,45,0.8,1.5,0,0,1,0,0,1,0,0,0,0,0,1,1,0,1,0,0,0,0,0,1,0,0,1,0,0,0,0,0,1,1,0,0,0,1,1,1.0,2.0,0,0,0,0,0,0,0,0,0,0,0,0,0,0,0,0,0,0,0,0,0,0,0,0,0,0,0,0,0,0,0,0,0,0,0,0,0,0,0
Oaklands Wolves EABL,"D. Kostadinov, E. Da Cruz Fatuda, G. Augenti, G. Mitchell, L. Mcintosh",Copleston High School EABL,"I. Little, M. Liddamore, M. Wells, N. Wilkinson, T. Rafiu",1,38,0.6,1.5,2,1,1,100,0,0,0,0,0,0,0,2,2,1,0,0,0,0,0,0,2,0,0,0,0,0,0,0,0,0,0,0,0,0,0,1,1.0,2.0,200,0,200,0,200,-200,2,0,0,0,0,0,0,0,0,0,0,0,0,0,0,0,0,0,0,0,0,0,0,0,0,0,0,0,0,0,0,0,0
Copleston High School EABL,"E. Tamakloe, I. Carty-Peters, I. Little, M. Liddamore, T. Rafiu",Itchen College EABL,"E. Round, J. Ofman, M. Edwards, R. Radu, T. Blower",1,42,0.7,1.5,0,0,0,0,0,0,0,0,0,0,0,0,0,0,0,0,2,0,2,1,2,50,0,0,0,0,0,0,1,0,1,0,1,0,0,0,2.0,0.9,0,215.1,-215.1,215.1,0,215.1,-2,0,0,0,0,0,0,0,0,0,0,0,0,0,0,0,0,0,0,0,0,0,0,0,0,0,0,0,0,0,0,0,0
Copleston High School EABL,"E. Tamakloe, I. Carty-Peters, M. Liddamore, N. Wilkinson, T. Rafiu",Itchen College EABL,"B. Cope, E. Lotriet, J. Osei-Owusu, M. Edwards, R. Radu",1,41,0.7,1.5,0,0,0,0,0,0,0,0,0,0,0,0,0,0,0,0,1,0,4,2,3,66.7,0,0,0,0,0,0,1,0,1,1,1,0,0,1,1.0,1.9,0,207.3,-207.3,207.3,0,207.3,-4,0,0,0,0,0,0,0,0,0,0,0,0,0,0,0,0,0,0,0,0,0,0,0,0,0,0,0,0,0,0,0,0
Copleston High School EABL,"I. Carty-Peters, I. Little, M. Liddamore, M. Wells, N. Wilkinson",Itchen College EABL,"B. Cope, E. Lotriet, E. Round, J. Osei-Owusu, M. Yeates",1,76,1.3,1.5,0,0,1,0,0,1,0,0,0,0,0,1,1,0,0,0,1,1,0,0,2,0,0,1,0,0,0,0,1,1,2,0,1,0,0,0,2.0,0.9,0,0,0,0,0,0,0,0,0,0,0,0,0,0,0,0,0,0,0,0,0,0,0,0,0,0,0,0,0,0,0,0,0,0,0,0,0,0,0
Copleston High School EABL,"I. Carty-Peters, I. Little, M. Liddamore, M. Wells, N. Wilkinson",Itchen College EABL,"G. Andrews, J. Osei-Owusu, M. Edwards, R. Radu, T. Blower",1,36,0.6,1.5,0,0,1,0,0,0,0,0,0,0,0,1,1,0,0,0,0,0,2,1,2,50,0,0,0,0,0,0,0,1,1,1,0,0,0,0,1.0,2.0,0,100,-100,100,0,100,-2,0,0,0,0,0,0,0,0,0,0,0,0,0,0,0,0,0,0,0,0,0,0,0,0,0,0,0,0,0,0,0,0
Charnwood College Riders EABL,"A. Oyerinde, P. Kattah, R. Buckingham, S. Morris, T. Curran",Derby College Trailblazers EABL,"C. Burr, E. Rice, G. Pastor, J. Howlett, R. Hobday",1,73,1.2,1.5,4,2,2,100,0,0,0,0,0,0,0,0,0,1,0,0,0,0,2,1,2,50,0,1,0,0,0,0,1,0,1,1,0,0,0,0,2.0,0.9,200,215.1,-15.1,215.1,200,15.1,2,0,0,0,0,0,0,0,0,0,0,0,0,0,0,0,0,0,0,0,0,0,0,0,0,0,0,0,0,0,0,0,0
Manchester Magic Academy EABL,"J. Walton, L. Clayton, N. Brown, S. Sidi-Boumedine, T. Kamal Kazmi",Myerscough College EABL,"D. Okhuoya, J. Bobkowski, O. Esingle, S. Latidan, S. Latidan",1,69,1.1,1.5,2,1,2,50,0,0,0,0,0,0,0,0,0,1,0,0,0,0,0,0,0,0,0,0,0,0,0,0,0,0,0,0,0,0,1,0,2.0,1.0,100,0,100,0,100,-100,2,0,0,0,0,0,0,0,0,0,0,0,0,0,0,0,0,0,0,0,0,0,0,0,0,0,0,0,0,0,0,0,0
Manchester Magic Academy EABL,"A. Sagay Isiorho, D. Allotey, H. Blake, J. Odongo, O. Babalola",Myerscough College EABL,"C. Sanchez Falette, H. Sheehan, N. Byfield, S. Latidan, Z. Trezvant",1,51,0.8,1.5,4,2,2,100,0,0,0,0,0,0,0,0,0,2,1,0,0,0,0,0,0,0,0,0,0,0,0,0,0,0,0,0,0,0,1,0,2.0,1.0,200,0,200,0,200,-200,4,0,0,0,0,0,0,0,0,0,0,0,0,0,0,0,0,0,0,0,0,0,0,0,0,0,0,0,0,0,0,0,0
Manchester Magic Academy EABL,"A. Sagay Isiorho, J. Walton, N. Brown, S. Sidi-Boumedine, T. Richardson",Myerscough College EABL,"A. Ibirinde, F. Morgan, H. Sheehan, J. Bobkowski, S. Latidan",1,72,1.2,1.5,0,0,2,0,0,1,0,0,0,0,1,0,1,0,1,0,0,0,2,1,1,100,0,0,0,0,0,0,0,1,1,1,0,0,1,1,0.9,2.0,0,100,-100,100,0,100,-2,0,0,0,0,0,0,0,0,0,0,0,0,0,0,0,0,0,0,0,0,0,0,0,0,0,0,0,0,0,0,0,0
SGS College EABL,"A. Odowa, K. Ramirez Mora, K. Richards, M. Alburo, M. Perez Tosca",BMET City of Birmingham Rockets EABL,"A. Camara, I. Gisbourne, J. Agbeze, J. Hyland, P. Basioudis",1,19,0.3,1.5,0,0,1,0,0,0,0,0,0,0,0,0,0,0,1,0,1,0,0,0,0,0,0,0,0,0,0,0,0,1,1,0,0,0,1,0,2.0,1.0,0,0,0,0,0,0,0,0,0,0,0,0,0,0,0,0,0,0,0,0,0,0,0,0,0,0,0,0,0,0,0,0,0,0,0,0,0,0,0
Oaklands Wolves EABL,"D. Gladstone, D. Kostadinov, E. Da Cruz Fatuda, E. Ryan, T. Mcintosh",HHS Reading Rockets EABL,"C. Okumus, E. Harrington, J. Mackinnon, M. Daines, N. Dent",1,36,0.6,1.5,2,1,1,100,0,0,0,0,0,0,0,0,0,1,0,0,0,0,4,2,2,100,0,0,0,0,0,0,0,0,0,1,0,0,0,0,1.0,2.0,200,200,0,200,200,0,-2,0,0,0,0,0,0,0,0,0,0,0,0,0,0,0,0,0,0,0,0,0,0,0,0,0,0,0,0,0,0,0,0
Oaklands Wolves EABL,"E. Da Cruz Fatuda, E. Ryan, G. Mitchell, L. Mcintosh, T. Mcintosh",HHS Reading Rockets EABL,"E. Harrington, J. Waterhouse, M. Daines, M. Hassan-Taylor, N. Dent",1,62,1.0,1.5,0,0,1,0,0,0,0,0,0,0,0,1,1,0,0,0,0,0,2,1,2,50,0,0,0,0,0,0,0,1,1,1,0,1,0,2,1.0,2.0,0,100,-100,100,0,100,-2,0,0,0,0,0,0,0,0,0,0,0,0,0,0,0,0,0,0,0,0,0,0,0,0,0,0,0,0,0,0,0,0
Oaklands Wolves EABL,"E. Da Cruz Fatuda, G. Mitchell, H. Morrell, L. Mcintosh, T. Mcintosh",HHS Reading Rockets EABL,"C. Okumus, J. Waterhouse, M. Daines, M. Hassan-Taylor, N. Dent",1,46,0.8,1.5,0,0,0,0,0,0,0,0,0,0,0,1,1,0,0,0,1,0,0,0,1,0,0,1,0,0,0,0,0,0,0,0,1,0,1,0,1.0,2.0,0,0,0,0,0,0,0,0,0,0,0,0,0,0,0,0,0,0,0,0,0,0,0,0,0,0,0,0,0,0,0,0,0,0,0,0,0,0,0
Oaklands Wolves EABL,"D. Gladstone, D. Kostadinov, E. Da Cruz Fatuda, L. Mcintosh, T. Mcintosh",HHS Reading Rockets EABL,"A. King, C. Okumus, J. Mackinnon, M. Hassan-Taylor, N. Dent",1,51,0.8,1.5,0,0,1,0,0,0,0,0,0,0,0,0,0,0,0,0,1,0,0,0,0,0,0,0,0,0,0,0,0,1,1,0,0,0,1,0,2.0,1.0,0,0,0,0,0,0,0,0,0,0,0,0,0,0,0,0,0,0,0,0,0,0,0,0,0,0,0,0,0,0,0,0,0,0,0,0,0,0,0
Itchen College EABL,"E. Round, G. Andrews, J. Osei-Owusu, M. Yeates, R. Radu",Oaklands Wolves EABL,"E. Da Cruz Fatuda, G. Mitchell, H. Morrell, L. Mcintosh, T. Mcintosh",1,55,0.9,1.5,2,1,1,100,0,0,0,0,0,0,0,1,1,0,0,0,0,1,2,1,2,50,0,1,0,0,0,0,0,0,0,1,0,0,0,0,1.0,2.0,200,100,100,100,200,-100,0,0,0,0,0,0,0,0,0,0,0,0,0,0,0,0,0,0,0,0,0,0,0,0,0,0,0,0,0,0,0,0,0
Itchen College EABL,"B. Cope, E. Lotriet, E. Round, J. Ofman, M. Yeates",Oaklands Wolves EABL,"D. Gladstone, D. Kostadinov, E. Da Cruz Fatuda, G. Mitchell, T. Mcintosh",1,88,1.5,1.5,2,1,2,50,0,1,0,0,0,0,1,1,2,0,0,0,1,2,0,0,4,0,0,0,0,0,0,0,2,0,2,0,1,0,0,0,1.9,1.1,103.6,0,103.6,0,103.6,-103.6,2,0,0,0,0,0,0,0,0,0,0,0,0,0,0,0,0,0,0,0,0,0,0,0,0,0,0,0,0,0,0,0,0
Derby College Trailblazers EABL,"C. Burr, E. Rice, G. Pastor, M. Smith-Fjordland, W. Tallon",Manchester Magic Academy EABL,"H. Blake, J. Walton, O. Babalola, S. Sidi-Boumedine, T. Richardson",1,44,0.7,1.5,2,1,2,50,0,0,0,0,0,0,1,1,2,0,0,0,1,0,0,0,1,0,0,0,0,0,0,0,0,0,0,0,1,0,0,0,1.9,1.0,103.6,0,103.6,0,103.6,-103.6,2,0,0,0,0,0,0,0,0,0,0,0,0,0,0,0,0,0,0,0,0,0,0,0,0,0,0,0,0,0,0,0,0
SGS College EABL,"D. Lloyd, L. Matthews, S. Nelson, W. Wewe, Z. Lawson",Charnwood College Riders EABL,"A. Young, J. Hardy, L. Stevenson, S. Morris, T. Pearson",1,27,0.5,1.5,0,0,0,0,0,0,0,0,0,0,1,1,2,0,0,0,1,0,2,1,2,50,0,0,0,0,0,0,0,0,0,0,1,0,0,0,1.0,2.0,0,100,-100,100,0,100,-2,0,0,0,0,0,0,0,0,0,0,0,0,0,0,0,0,0,0,0,0,0,0,0,0,0,0,0,0,0,0,0,0
SGS College EABL,"I. Toure, K. Ramirez Mora, L. Matthews, M. Alburo, M. Perez Tosca",Charnwood College Riders EABL,"A. Oyerinde, F. Saeed, L. Stevenson, O. Hambira, T. Curran",1,51,0.8,1.5,4,2,2,100,0,0,0,0,0,0,0,1,1,1,0,1,0,0,0,0,1,0,0,0,0,0,0,0,0,0,0,0,0,0,0,0,2.0,1.0,200,0,200,0,200,-200,4,0,0,0,0,0,0,0,0,0,0,0,0,0,0,0,0,0,0,0,0,0,0,0,0,0,0,0,0,0,0,0,0
Barking Abbey EABL,"A. Nwabueze, J. Mendes, K. Mabaya, M. Filho, O. Visockas",Copleston High School EABL,"I. Carty-Peters, I. Little, M. Liddamore, N. Wilkinson, T. Rafiu",1,32,0.5,1.5,0,0,1,0,0,0,0,0,0,0,0,1,1,0,0,1,0,0,0,0,2,0,0,0,0,0,0,0,0,0,0,0,0,0,0,0,1.0,2.0,0,0,0,0,0,0,0,0,0,0,0,0,0,0,0,0,0,0,0,0,0,0,0,0,0,0,0,0,0,0,0,0,0,0,0,0,0,0,0
Barking Abbey EABL,"A. Nwabueze, J. Mendes, M. Filho, M. Matser, R. Connolly",Copleston High School EABL,"E. Tamakloe, G. Millar, I. Little, M. Liddamore, T. Rafiu",1,75,1.2,1.5,4,2,2,100,0,0,0,0,0,0,0,1,1,1,0,0,0,0,0,0,1,0,0,1,0,0,0,0,0,0,0,0,0,0,0,0,2.0,1.0,200,0,200,0,200,-200,4,0,0,0,0,0,0,0,0,0,0,0,0,0,0,0,0,0,0,0,0,0,0,0,0,0,0,0,0,0,0,0,0
City of London Academy - Southwark EABL,"D. Banjoko, J. Hannick, R. Testfay, S. Shirwac, T. Gass",HHS Reading Rockets EABL,"E. Harrington, J. Mackinnon, J. Waterhouse, M. Daines, M. Hassan-Taylor",1,31,0.5,1.5,0,0,0,0,0,0,0,0,0,0,0,0,0,0,0,0,1,0,2,1,1,100,0,0,0,0,0,0,0,0,0,1,1,0,1,0,1.0,2.0,0,100,-100,100,0,100,-2,0,0,0,0,0,0,0,0,0,0,0,0,0,0,0,0,0,0,0,0,0,0,0,0,0,0,0,0,0,0,0,0
City of London Academy - Southwark EABL,"A. Morentin, A. Nwokolo, B. Olowoshile, J. Hannick, L. Thompson",HHS Reading Rockets EABL,"A. King, J. Mackinnon, L. Bakary, M. Daines, M. Hassan-Taylor",1,19,0.3,1.5,2,1,2,50,0,0,0,0,0,0,0,0,0,1,0,0,0,0,2,1,1,100,0,0,0,0,0,0,0,1,1,0,0,0,0,0,2.0,1.0,100,200,-100,200,100,100,0,0,0,0,0,0,0,0,0,0,0,0,0,0,0,0,0,0,0,0,0,0,0,0,0,0,0,0,0,0,0,0,0
City of London Academy - Southwark EABL,"D. Banjoko, J. Hannick, L. Thompson, R. Cryer, S. Shirwac",HHS Reading Rockets EABL,"A. Moloney, C. Okumus, J. Waterhouse, L. Bakary, M. Hassan-Taylor",1,67,1.1,1.5,3,1,1,100,1,1,100,0,0,0,0,0,0,1,0,0,0,0,3,1,1,100,1,1,100,0,0,0,0,0,0,1,0,0,1,0,1.0,2.0,300,150,150,150,300,-150,0,0,0,0,0,0,0,0,0,0,0,0,0,0,0,0,0,0,0,0,0,0,0,0,0,0,0,0,0,0,0,0,0
Barking Abbey EABL,"A. Maitland, A. Nwabueze, J. Mendes, K. Mabaya, R. Connolly",Itchen College EABL,"D. Cimochowski, E. Lotriet, E. Round, M. Edwards, R. Radu",1,77,1.3,1.5,6,2,2,100,2,2,100,0,0,0,0,1,1,2,0,0,0,0,0,0,2,0,0,0,0,0,0,0,1,0,1,0,0,0,0,0,2.0,0.9,300,0,300,0,300,-300,6,0,0,0,0,0,0,0,0,0,0,0,0,0,0,0,0,0,0,0,0,0,0,0,0,0,0,0,0,0,0,0,0
City of London Academy - Southwark EABL,"D. Banjoko, J. Hannick, L. Thompson, R. Cryer, T. Gass",Copleston High School EABL,"C. Fobister, E. Tamakloe, G. Millar, M. Liddamore, N. Wilkinson",1,42,0.7,1.5,2,1,1,100,0,0,0,0,0,0,0,1,1,1,0,0,0,0,2,1,2,50,0,1,0,0,0,0,0,0,0,0,0,0,0,1,1.0,2.0,200,100,100,100,200,-100,0,0,0,0,0,0,0,0,0,0,0,0,0,0,0,0,0,0,0,0,0,0,0,0,0,0,0,0,0,0,0,0,0
City of London Academy - Southwark EABL,"A. Morentin, A. Nwokolo, D. Patel, J. Hannick, L. Thompson",Copleston High School EABL,"C. Fobister, E. Tamakloe, L. Read, M. Liddamore, N. Wilkinson",1,40,0.7,1.5,0,0,1,0,0,1,0,0,0,0,0,1,1,0,0,1,0,0,0,0,2,0,0,1,0,0,0,0,0,1,1,0,0,0,0,0,1.0,2.0,0,0,0,0,0,0,0,0,0,0,0,0,0,0,0,0,0,0,0,0,0,0,0,0,0,0,0,0,0,0,0,0,0,0,0,0,0,0,0
City of London Academy - Southwark EABL,"D. Banjoko, D. Banjoko, R. Cryer, R. Testfay, T. Gass",Copleston High School EABL,"I. Little, L. Read, M. Liddamore, O. Drane, T. Rafiu",1,46,0.8,1.5,3,1,2,50,1,2,50,0,0,0,0,0,0,1,0,0,0,1,0,0,0,0,0,0,0,0,0,0,0,1,1,0,0,0,1,0,2.0,1.0,150,0,150,0,150,-150,3,0,0,0,0,0,0,0,0,0,0,0,0,0,0,0,0,0,0,0,0,0,0,0,0,0,0,0,0,0,0,0,0
City of London Academy - Southwark EABL,"A. Nwokolo, B. Manfo-Marc, D. Banjoko, R. Testfay, T. Gass",Copleston High School EABL,"C. Fobister, G. Millar, I. Little, M. Liddamore, N. Wilkinson",1,35,0.6,1.5,2,1,1,100,0,0,0,0,0,0,0,1,1,1,1,0,0,0,0,0,1,0,0,1,0,0,0,0,0,0,0,0,0,0,1,0,1.0,2.0,200,0,200,0,200,-200,2,0,0,0,0,0,0,0,0,0,0,0,0,0,0,0,0,0,0,0,0,0,0,0,0,0,0,0,0,0,0,0,0
HHS Reading Rockets EABL,"E. Harrington, J. Waterhouse, L. Bakary, M. Daines, M. Hassan-Taylor",Oaklands Wolves EABL,"D. Kostadinov, E. Da Cruz Fatuda, E. Ryan, H. Morrell, Z. Gribble",1,75,1.2,1.5,4,2,2,100,0,0,0,0,0,0,0,1,1,1,0,0,0,0,0,0,1,0,0,1,0,0,0,0,0,0,0,0,0,0,0,0,2.0,1.0,200,0,200,0,200,-200,4,0,0,0,0,0,0,0,0,0,0,0,0,0,0,0,0,0,0,0,0,0,0,0,0,0,0,0,0,0,0,0,0
HHS Reading Rockets EABL,"E. Harrington, J. Waterhouse, L. Francis, M. Daines, M. Hassan-Taylor",Oaklands Wolves EABL,"D. Gladstone, E. Da Cruz Fatuda, G. Mitchell, L. Mcintosh, T. Mcintosh",1,29,0.5,1.5,0,0,0,0,0,0,0,0,0,0,0,1,1,0,0,1,1,2,2,1,2,50,0,0,0,0,1,0,1,0,1,0,1,0,0,0,1.0,1.9,0,105,-105,105,0,105,-2,0,0,0,0,0,0,0,0,0,0,0,0,0,0,0,0,0,0,0,0,0,0,0,0,0,0,0,0,0,0,0,0
Barking Abbey EABL,"A. Nwabueze, H. Parkin, J. Mendes, K. Mabaya, M. Filho",City of London Academy - Southwark EABL,"B. Olowoshile, D. Banjoko, D. Banjoko, J. Hannick, T. Gass",1,45,0.8,1.5,2,1,1,100,0,0,0,0,0,0,0,0,0,1,0,0,0,0,4,2,2,100,0,0,0,0,0,0,0,0,0,0,0,0,0,0,1.0,2.0,200,200,0,200,200,0,-2,0,0,0,0,0,0,0,0,0,0,0,0,0,0,0,0,0,0,0,0,0,0,0,0,0,0,0,0,0,0,0,0
Itchen College EABL,"B. Cope, D. Cimochowski, E. Lotriet, E. Round, J. Osei-Owusu",Barking Abbey EABL,"A. Maitland, A. Nwabueze, J. Mendes, R. Connolly, S. Dobson Smith",1,16,0.3,1.5,0,0,0,0,0,0,0,0,0,0,0,0,0,0,0,0,2,1,0,0,0,0,0,0,0,0,0,0,0,0,0,0,0,0,1,0,2.0,1.0,0,0,0,0,0,0,0,0,0,0,0,0,0,0,0,0,0,0,0,0,0,0,0,0,0,0,0,0,0,0,0,0,0,0,0,0,0,0,0
Itchen College EABL,"B. Cope, E. Round, J. Ofman, J. Osei-Owusu, M. Yeates",Barking Abbey EABL,"A. Maitland, A. Nwabueze, F. Oguntuase, R. Connolly, S. Dobson Smith",1,26,0.4,1.5,2,1,2,50,0,0,0,0,0,0,1,0,1,0,0,0,0,0,0,0,0,0,0,0,0,0,0,0,0,0,0,0,0,0,2,1,0.9,2.0,215.1,0,215.1,0,215.1,-215.1,2,0,0,0,0,0,0,0,0,0,0,0,0,0,0,0,0,0,0,0,0,0,0,0,0,0,0,0,0,0,0,0,0
Itchen College EABL,"E. Lotriet, J. Ofman, M. Yeates, R. Radu, T. Blower",Barking Abbey EABL,"A. Maitland, J. Mendes, K. Mabaya, O. Visockas, R. Connolly",1,61,1.0,1.5,0,0,1,0,0,0,0,0,0,0,0,1,1,0,0,0,1,2,0,0,1,0,0,1,0,0,0,0,0,1,1,0,1,0,0,0,2.0,1.0,0,0,0,0,0,0,0,0,0,0,0,0,0,0,0,0,0,0,0,0,0,0,0,0,0,0,0,0,0,0,0,0,0,0,0,0,0,0,0
Manchester Magic Academy EABL,"A. Sagay Isiorho, D. Allotey, S. Sidi-Boumedine, T. Richardson, T. Weekes",BMET City of Birmingham Rockets EABL,"A. Camara, J. Hyland, L. Duru, P. Basioudis, P. Walsh",1,35,0.6,1.5,0,0,1,0,0,1,0,0,0,0,0,1,1,0,0,1,0,0,0,0,2,0,0,1,0,0,0,0,0,1,1,0,0,0,0,0,1.0,2.0,0,0,0,0,0,0,0,0,0,0,0,0,0,0,0,0,0,0,0,0,0,0,0,0,0,0,0,0,0,0,0,0,0,0,0,0,0,0,0
Manchester Magic Academy EABL,"A. Adetula, J. Odongo, O. Babalola, S. Sidi-Boumedine, T. Kamal Kazmi",BMET City of Birmingham Rockets EABL,"J. Agbeze, J. Hyland, L. Duru, P. Walsh, S. Chikukwa",1,38,0.6,1.5,0,0,2,0,0,1,0,0,0,0,0,0,0,0,1,0,0,0,0,0,0,0,0,0,0,0,0,0,0,1,1,0,0,0,1,1,2.0,1.0,0,0,0,0,0,0,0,0,0,0,0,0,0,0,0,0,0,0,0,0,0,0,0,0,0,0,0,0,0,0,0,0,0,0,0,0,0,0,0
Myerscough College EABL,"C. Sanchez Falette, H. Sheehan, J. Bobkowski, S. Latidan, Z. Trezvant",Charnwood College Riders EABL,"L. Boothe, P. Kattah, T. Curran, T. Pearson, Z. Gleadell-Smith",1,46,0.8,1.5,0,0,1,0,0,1,0,0,0,0,0,0,0,0,1,0,0,0,0,0,0,0,0,0,0,0,0,0,0,1,1,0,0,0,2,1,1.0,2.0,0,0,0,0,0,0,0,0,0,0,0,0,0,0,0,0,0,0,0,0,0,0,0,0,0,0,0,0,0,0,0,0,0,0,0,0,0,0,0
Myerscough College EABL,"C. Sanchez Falette, F. Morgan, J. Bobkowski, S. Latidan, Z. Trezvant",Charnwood College Riders EABL,"A. Young, L. Boothe, L. Stevenson, S. Morris, T. Pearson",1,29,0.5,1.5,0,0,0,0,0,0,0,0,0,0,0,0,0,0,0,0,2,1,0,0,0,0,0,0,0,0,0,0,0,0,0,0,0,0,1,0,2.0,1.0,0,0,0,0,0,0,0,0,0,0,0,0,0,0,0,0,0,0,0,0,0,0,0,0,0,0,0,0,0,0,0,0,0,0,0,0,0,0,0
Myerscough College EABL,"D. Okhuoya, H. Sheehan, O. Esingle, S. Latidan, S. Latidan",Charnwood College Riders EABL,"A. Oyerinde, P. Kattah, T. Curran, T. Pearson, Z. Gleadell-Smith",1,19,0.3,1.5,0,0,0,0,0,0,0,0,0,0,0,1,1,0,0,0,1,0,0,0,1,0,0,0,0,0,0,0,0,0,0,0,1,0,1,0,1.0,2.0,0,0,0,0,0,0,0,0,0,0,0,0,0,0,0,0,0,0,0,0,0,0,0,0,0,0,0,0,0,0,0,0,0,0,0,0,0,0,0
Myerscough College EABL,"A. Ibirinde, H. Sheehan, L. Farrell, O. Esingle, S. Latidan",Charnwood College Riders EABL,"L. Stevenson, O. Hambira, T. Curran, T. Pearson, Z. Gleadell-Smith",1,46,0.8,1.5,2,1,3,33.3,0,0,0,0,0,0,1,0,1,0,0,0,0,0,0,0,0,0,0,0,0,0,0,0,0,1,1,0,0,0,1,0,1.9,1.0,103.6,0,103.6,0,103.6,-103.6,2,0,0,0,0,0,0,0,0,0,0,0,0,0,0,0,0,0,0,0,0,0,0,0,0,0,0,0,0,0,0,0,0
Oaklands Wolves EABL,"D. Gladstone, E. Da Cruz Fatuda, G. Mitchell, L. Mcintosh, T. Mcintosh",City of London Academy - Southwark EABL,"B. Olowoshile, D. Banjoko, D. Patel, J. Hannick, T. Gass",1,49,0.8,1.5,0,0,2,0,0,1,0,0,0,0,1,0,1,0,1,0,0,1,2,1,1,100,0,0,0,0,0,0,0,1,1,0,0,0,1,0,0.9,2.0,0,100,-100,100,0,100,-2,0,0,0,0,0,0,0,0,0,0,0,0,0,0,0,0,0,0,0,0,0,0,0,0,0,0,0,0,0,0,0,0
HHS Reading Rockets EABL,"E. Harrington, J. Waterhouse, L. Bakary, M. Daines, M. Hassan-Taylor",Barking Abbey EABL,"J. Mendes, K. Mabaya, K. N'gabala, M. Filho, R. Connolly",1,59,1.0,1.5,0,0,1,0,0,0,0,0,0,0,0,0,0,0,1,0,0,0,3,1,2,50,1,2,50,0,0,0,1,0,1,1,0,0,1,1,1.0,1.9,0,155.4,-155.4,155.4,0,155.4,-3,0,0,0,0,0,0,0,0,0,0,0,0,0,0,0,0,0,0,0,0,0,0,0,0,0,0,0,0,0,0,0,0
HHS Reading Rockets EABL,"C. Okumus, J. Waterhouse, L. Bakary, M. Daines, M. Hassan-Taylor",Barking Abbey EABL,"J. Mendes, K. Mabaya, K. N'gabala, M. Filho, R. Connolly",1,44,0.7,1.5,2,1,1,100,0,0,0,0,0,0,0,0,0,1,0,0,1,0,2,1,1,100,0,0,0,0,0,0,0,0,0,0,0,0,0,1,2.0,1.0,100,200,-100,200,100,100,0,0,0,0,0,0,0,0,0,0,0,0,0,0,0,0,0,0,0,0,0,0,0,0,0,0,0,0,0,0,0,0,0
HHS Reading Rockets EABL,"E. Harrington, J. Waterhouse, L. Francis, M. Daines, M. Hassan-Taylor",Barking Abbey EABL,"A. Maitland, F. Cole, J. Mendes, K. Mabaya, O. Visockas",1,17,0.3,1.5,2,1,1,100,0,0,0,0,0,0,0,0,0,0,1,0,0,0,0,0,1,0,0,1,0,0,0,0,0,0,0,0,0,0,1,1,1.0,2.0,200,0,200,0,200,-200,2,0,0,0,0,0,0,0,0,0,0,0,0,0,0,0,0,0,0,0,0,0,0,0,0,0,0,0,0,0,0,0,0
HHS Reading Rockets EABL,"C. Okumus, E. Harrington, J. Waterhouse, L. Francis, M. Daines",Barking Abbey EABL,"H. Egbayelo, J. Mendes, K. N'gabala, O. Visockas, R. Connolly",1,44,0.7,1.5,2,1,1,100,0,0,0,0,0,0,0,0,0,1,0,0,0,0,2,1,1,100,0,0,0,0,0,0,0,0,0,1,0,0,1,1,1.0,2.0,200,100,100,100,200,-100,0,0,0,0,0,0,0,0,0,0,0,0,0,0,0,0,0,0,0,0,0,0,0,0,0,0,0,0,0,0,0,0,0
HHS Reading Rockets EABL,"E. Harrington, J. Mackinnon, J. Waterhouse, L. Francis, M. Daines",Barking Abbey EABL,"A. Maitland, F. Cole, K. Mabaya, O. Visockas, R. Connolly",1,63,1.1,1.5,2,1,1,100,0,0,0,0,0,0,0,1,1,0,0,0,0,0,0,0,1,0,0,0,0,0,0,0,0,0,0,0,0,0,1,1,1.0,2.0,200,0,200,0,200,-200,2,0,0,0,0,0,0,0,0,0,0,0,0,0,0,0,0,0,0,0,0,0,0,0,0,0,0,0,0,0,0,0,0
HHS Reading Rockets EABL,"C. Okumus, E. Harrington, L. Bakary, L. Francis, M. Daines",Barking Abbey EABL,"A. Maitland, A. Nwabueze, H. Egbayelo, K. N'gabala, R. Connolly",1,74,1.2,1.5,4,2,2,100,0,0,0,0,0,0,0,0,0,0,1,0,0,0,0,0,0,0,0,0,0,0,0,0,0,0,0,0,0,0,1,0,2.0,1.0,200,0,200,0,200,-200,4,0,0,0,0,0,0,0,0,0,0,0,0,0,0,0,0,0,0,0,0,0,0,0,0,0,0,0,0,0,0,0,0
HHS Reading Rockets EABL,"C. Okumus, E. Harrington, L. Bakary, L. Francis, M. Daines",Barking Abbey EABL,"A. Maitland, J. Mendes, K. Mabaya, K. N'gabala, R. Connolly",1,72,1.2,1.5,2,1,2,50,0,0,0,0,0,0,1,0,1,0,0,0,0,0,5,2,2,100,1,1,100,0,0,0,0,0,0,1,0,0,0,1,0.9,2.0,215.1,250,-34.9,250,215.1,34.9,-3,0,0,0,0,0,0,0,0,0,0,0,0,0,0,0,0,0,0,0,0,0,0,0,0,0,0,0,0,0,0,0,0
HHS Reading Rockets EABL,"C. Okumus, J. Mackinnon, J. Waterhouse, M. Daines, M. Hassan-Taylor",Barking Abbey EABL,"A. Maitland, F. Oguntuase, K. Mabaya, M. Filho, O. Visockas",1,42,0.7,1.5,0,0,0,0,0,0,0,0,0,0,0,0,0,0,0,0,1,0,6,2,2,100,2,2,100,0,0,0,0,0,0,2,1,0,0,0,1.0,2.0,0,300,-300,300,0,300,-6,0,0,0,0,0,0,0,0,0,0,0,0,0,0,0,0,0,0,0,0,0,0,0,0,0,0,0,0,0,0,0,0
Copleston High School EABL,"C. Fobister, G. Millar, I. Carty-Peters, I. Little, T. Rafiu",City of London Academy - Southwark EABL,"A. Morentin, A. Nwokolo, D. Banjoko, D. Banjoko, J. Hannick",1,50,0.8,1.5,0,0,0,0,0,0,0,0,0,0,0,0,0,0,0,0,1,0,6,2,2,100,2,2,100,0,0,0,0,0,0,2,1,0,0,1,1.0,2.0,0,300,-300,300,0,300,-6,0,0,0,0,0,0,0,0,0,0,0,0,0,0,0,0,0,0,0,0,0,0,0,0,0,0,0,0,0,0,0,0
Copleston High School EABL,"C. Fobister, I. Carty-Peters, I. Little, M. Liddamore, T. Rafiu",City of London Academy - Southwark EABL,"A. Nwokolo, D. Banjoko, D. Banjoko, D. Patel, L. Thompson",1,34,0.6,1.5,0,0,2,0,0,1,0,0,0,0,0,0,0,0,0,0,0,0,0,0,0,0,0,0,0,0,0,0,0,1,1,0,0,0,1,0,2.0,1.0,0,0,0,0,0,0,0,0,0,0,0,0,0,0,0,0,0,0,0,0,0,0,0,0,0,0,0,0,0,0,0,0,0,0,0,0,0,0,0
SGS College EABL,"A. Odowa, K. Ramirez Mora, K. Richards, L. Matthews, M. Alburo",Manchester Magic Academy EABL,"A. Sagay Isiorho, D. Allotey, H. Blake, J. Odongo, O. Babalola",1,53,0.9,1.5,0,0,2,0,0,0,0,0,0,0,1,0,1,0,0,0,0,0,4,2,2,100,0,0,0,0,0,0,0,1,1,1,0,0,0,0,0.9,2.0,0,200,-200,200,0,200,-4,0,0,0,0,0,0,0,0,0,0,0,0,0,0,0,0,0,0,0,0,0,0,0,0,0,0,0,0,0,0,0,0
SGS College EABL,"A. Odowa, I. Toure, K. Richards, Z. Lawson",Manchester Magic Academy EABL,"A. Sagay Isiorho, D. Allotey, H. Blake, J. Odongo, J. Walton",1,32,0.5,1.5,3,1,2,50,1,1,100,0,0,0,0,0,0,0,0,0,0,0,2,1,1,100,0,0,0,0,0,0,0,1,1,1,0,0,0,0,2.0,1.0,150,200,-50,200,150,50,1,0,0,0,0,0,0,0,0,0,0,0,0,0,0,0,0,0,0,0,0,0,0,0,0,0,0,0,0,0,0,0,0
SGS College EABL,"A. Odowa, K. Richards, M. Perez Tosca, Z. Lawson",Manchester Magic Academy EABL,"D. Allotey, H. Blake, J. Walton, T. Kamal Kazmi, T. Weekes",1,41,0.7,1.5,2,1,1,100,0,0,0,0,0,0,0,0,0,1,0,0,0,0,4,2,2,100,0,0,0,0,0,0,0,0,0,2,0,0,0,0,1.0,2.0,200,200,0,200,200,0,-2,0,0,0,0,0,0,0,0,0,0,0,0,0,0,0,0,0,0,0,0,0,0,0,0,0,0,0,0,0,0,0,0
SGS College EABL,"D. Lloyd, I. Toure, M. Perez Tosca, Z. Lawson",Manchester Magic Academy EABL,"D. Allotey, H. Blake, J. Walton, T. Kamal Kazmi, T. Weekes",1,31,0.5,1.5,0,0,2,0,0,0,0,0,0,0,0,0,0,0,0,0,0,0,2,1,1,100,0,0,0,0,0,0,0,1,1,0,0,0,0,0,2.0,1.0,0,200,-200,200,0,200,-2,0,0,0,0,0,0,0,0,0,0,0,0,0,0,0,0,0,0,0,0,0,0,0,0,0,0,0,0,0,0,0,0
SGS College EABL,"D. Lloyd, K. Richards, L. Matthews, M. Alburo, Z. Lawson",Manchester Magic Academy EABL,"D. Allotey, J. Walton, T. Kamal Kazmi, T. Richardson, T. Weekes",1,60,1.0,1.5,2,1,1,100,0,0,0,0,0,0,0,1,1,0,0,0,0,0,3,1,2,50,1,2,50,0,0,0,0,0,0,1,0,0,0,1,1.0,2.0,200,150,50,150,200,-50,-1,0,0,0,0,0,0,0,0,0,0,0,0,0,0,0,0,0,0,0,0,0,0,0,0,0,0,0,0,0,0,0,0
SGS College EABL,"I. Toure, L. Matthews, M. Perez Tosca, R. Cabrera, Z. Lawson",Manchester Magic Academy EABL,"A. Adetula, A. Sagay Isiorho, D. Allotey, J. Walton, T. Kamal Kazmi",1,60,1.0,1.5,3,1,1,100,1,1,100,0,0,0,0,0,0,1,0,0,1,1,3,1,1,100,1,1,100,0,0,0,0,0,0,1,1,0,0,0,2.0,1.0,150,300,-150,300,150,150,0,0,0,0,0,0,0,0,0,0,0,0,0,0,0,0,0,0,0,0,0,0,0,0,0,0,0,0,0,0,0,0,0
Charnwood College Riders EABL,"A. Oyerinde, R. Buckingham, T. Curran, T. Pearson, Z. Gleadell-Smith",BMET City of Birmingham Rockets EABL,"A. Camara, J. Hyland, L. Duru, P. Basioudis, S. Chikukwa",1,85,1.4,1.5,3,1,3,33.3,1,2,50,0,0,0,1,1,2,1,0,0,0,0,0,0,1,0,0,1,0,0,0,0,0,1,1,0,0,1,0,0,1.9,1.0,155.4,0,155.4,0,155.4,-155.4,3,0,0,0,0,0,0,0,0,0,0,0,0,0,0,0,0,0,0,0,0,0,0,0,0,0,0,0,0,0,0,0,0
Myerscough College EABL,"A. Ibirinde, C. Sanchez Falette, H. Sheehan, O. Esingle, S. Latidan",Derby College Trailblazers EABL,"C. Burr, E. Norman, G. Pastor, J. Lemanski, W. Tallon",1,41,0.7,1.5,2,1,1,100,0,0,0,0,0,0,0,0,0,1,1,0,0,0,0,0,1,0,0,0,0,0,0,0,0,0,0,0,0,0,1,0,1.0,2.0,200,0,200,0,200,-200,2,0,0,0,0,0,0,0,0,0,0,0,0,0,0,0,0,0,0,0,0,0,0,0,0,0,0,0,0,0,0,0,0
Barking Abbey EABL,"F. Cole, J. Mendes, M. Filho, R. Connolly, S. Dobson Smith",Oaklands Wolves EABL,"D. Gladstone, D. Kostadinov, E. Da Cruz Fatuda, E. Ryan, T. Mcintosh",1,22,0.4,1.5,4,2,3,66.7,0,0,0,0,0,0,1,1,2,1,0,0,0,0,0,0,1,0,0,1,0,0,0,0,0,0,0,0,0,0,0,0,1.9,1.0,207.3,0,207.3,0,207.3,-207.3,4,0,0,0,0,0,0,0,0,0,0,0,0,0,0,0,0,0,0,0,0,0,0,0,0,0,0,0,0,0,0,0,0
Barking Abbey EABL,"A. Maitland, A. Nwabueze, J. Mendes, K. Mabaya, K. N'gabala",Oaklands Wolves EABL,"D. Gladstone, D. Kostadinov, E. Da Cruz Fatuda, H. Morrell, L. Mcintosh",1,33,0.6,1.5,0,0,1,0,0,1,0,0,0,0,0,0,0,0,0,0,0,0,4,2,2,100,0,0,0,0,0,0,0,1,1,1,0,0,0,0,1.0,2.0,0,200,-200,200,0,200,-4,0,0,0,0,0,0,0,0,0,0,0,0,0,0,0,0,0,0,0,0,0,0,0,0,0,0,0,0,0,0,0,0
Barking Abbey EABL,"A. Nwabueze, J. Mendes, M. Filho, O. Visockas, R. Connolly",Oaklands Wolves EABL,"D. Gladstone, D. Kostadinov, E. Da Cruz Fatuda, H. Morrell, L. Mcintosh",1,25,0.4,1.5,3,1,1,100,1,1,100,0,0,0,0,0,0,1,0,0,0,0,0,0,0,0,0,0,0,0,0,0,0,0,0,0,0,0,2,1,1.0,2.0,300,0,300,0,300,-300,3,0,0,0,0,0,0,0,0,0,0,0,0,0,0,0,0,0,0,0,0,0,0,0,0,0,0,0,0,0,0,0,0
Barking Abbey EABL,"A. Maitland, F. Cole, H. Egbayelo, M. Filho, R. Connolly",Oaklands Wolves EABL,"D. Gladstone, D. Kostadinov, E. Da Cruz Fatuda, H. Morrell, L. Mcintosh",1,67,1.1,1.5,0,0,1,0,0,1,0,0,0,0,0,0,0,0,0,0,0,0,5,2,3,66.7,1,1,100,0,0,0,1,1,2,1,0,0,0,0,1.0,1.9,0,259.1,-259.1,259.1,0,259.1,-5,0,0,0,0,0,0,0,0,0,0,0,0,0,0,0,0,0,0,0,0,0,0,0,0,0,0,0,0,0,0,0,0
HHS Reading Rockets EABL,"C. Okumus, J. Mackinnon, J. Waterhouse, M. Daines, M. Hassan-Taylor",Itchen College EABL,"B. Cope, D. Cimochowski, E. Lotriet, E. Round, J. Ofman",1,62,1.0,1.5,2,1,2,50,0,1,0,0,0,0,0,0,0,0,0,0,0,1,0,0,0,0,0,0,0,0,0,0,0,0,0,0,0,0,1,0,2.0,1.0,100,0,100,0,100,-100,2,0,0,0,0,0,0,0,0,0,0,0,0,0,0,0,0,0,0,0,0,0,0,0,0,0,0,0,0,0,0,0,0
HHS Reading Rockets EABL,"A. Moloney, C. Okumus, J. Waterhouse, L. Francis, M. Daines",Itchen College EABL,"B. Cope, E. Round, J. Ofman, M. Yeates, T. Blower",1,30,0.5,1.5,0,0,1,0,0,0,0,0,0,0,0,0,0,0,0,0,0,0,0,0,1,0,0,1,0,0,0,0,0,1,1,0,0,0,1,0,1.0,2.0,0,0,0,0,0,0,0,0,0,0,0,0,0,0,0,0,0,0,0,0,0,0,0,0,0,0,0,0,0,0,0,0,0,0,0,0,0,0,0
Myerscough College EABL,"A. Ibirinde, C. Sanchez Falette, H. Sheehan, J. Bobkowski, S. Latidan",Barking Abbey EABL,"A. Maitland, A. Nwabueze, F. Oguntuase, J. Mendes, O. Visockas",1,43,0.7,1.5,0,0,1,0,0,1,0,0,0,0,1,1,2,0,0,0,1,0,0,0,1,0,0,1,0,0,0,0,0,0,0,0,0,0,1,0,0.9,2.0,0,0,0,0,0,0,0,0,0,0,0,0,0,0,0,0,0,0,0,0,0,0,0,0,0,0,0,0,0,0,0,0,0,0,0,0,0,0,0
Myerscough College EABL,"C. Sanchez Falette, H. Sheehan, O. Esingle, S. Latidan, Z. Trezvant",Barking Abbey EABL,"A. Nwabueze, F. Oguntuase, J. Mendes, M. Filho, O. Visockas",1,55,0.9,1.5,3,1,2,50,1,2,50,0,0,0,0,1,1,1,0,0,0,0,0,0,1,0,0,1,0,0,0,0,0,0,0,0,0,0,0,1,2.0,1.0,150,0,150,0,150,-150,3,0,0,0,0,0,0,0,0,0,0,0,0,0,0,0,0,0,0,0,0,0,0,0,0,0,0,0,0,0,0,0,0
SGS College EABL,"A. Odowa, J. Grajcar, K. Ramirez Mora, M. Alburo, Z. Lawson",Copleston High School EABL,"C. Fobister, I. Carty-Peters, I. Little, M. Liddamore, N. Wilkinson",1,45,0.8,1.5,4,2,2,100,0,0,0,0,0,0,0,1,1,1,0,0,0,0,0,0,1,0,0,1,0,0,0,0,0,0,0,0,0,0,0,0,2.0,1.0,200,0,200,0,200,-200,4,0,0,0,0,0,0,0,0,0,0,0,0,0,0,0,0,0,0,0,0,0,0,0,0,0,0,0,0,0,0,0,0
SGS College EABL,"I. Toure, L. Matthews, M. Alburo, T. Wallace-Gayle, W. Wewe",Copleston High School EABL,"A. Hickey, C. Fobister, I. Little, M. Liddamore, T. Rafiu",1,52,0.9,1.5,3,1,2,50,1,2,50,0,0,0,0,0,0,0,0,0,0,0,0,0,0,0,0,0,0,0,0,0,0,1,1,0,0,0,1,0,2.0,1.0,150,0,150,0,150,-150,3,0,0,0,0,0,0,0,0,0,0,0,0,0,0,0,0,0,0,0,0,0,0,0,0,0,0,0,0,0,0,0,0
HHS Reading Rockets EABL,"C. Okumus, E. Harrington, L. Bakary, L. Francis, M. Daines",BMET City of Birmingham Rockets EABL,"B. Rose, J. Agbeze, L. Duru, P. Basioudis, S. Chikukwa",1,27,0.5,1.5,0,0,0,0,0,0,0,0,0,0,0,0,0,0,0,0,1,0,2,1,1,100,0,0,0,0,0,0,0,0,0,0,1,0,1,1,1.0,2.0,0,100,-100,100,0,100,-2,0,0,0,0,0,0,0,0,0,0,0,0,0,0,0,0,0,0,0,0,0,0,0,0,0,0,0,0,0,0,0,0
HHS Reading Rockets EABL,"A. Moloney, J. Mackinnon, J. Waterhouse, M. Daines, M. Hassan-Taylor",BMET City of Birmingham Rockets EABL,"A. Camara, B. Rose, G. Angoy, J. Agbeze, S. Chikukwa",1,38,0.6,1.5,0,0,0,0,0,0,0,0,0,0,0,1,1,0,0,0,2,0,0,0,1,0,0,1,0,0,0,0,0,0,0,0,1,0,0,0,2.0,1.0,0,0,0,0,0,0,0,0,0,0,0,0,0,0,0,0,0,0,0,0,0,0,0,0,0,0,0,0,0,0,0,0,0,0,0,0,0,0,0
HHS Reading Rockets EABL,"C. Okumus, J. Waterhouse, L. Bakary, L. Francis, M. Daines",BMET City of Birmingham Rockets EABL,"A. Camara, B. Rose, G. Angoy, J. Agbeze, J. Hyland",1,32,0.5,1.5,2,1,1,100,0,0,0,0,0,0,0,0,0,0,1,0,1,1,0,0,0,0,0,0,0,0,0,0,0,0,0,0,0,0,1,0,2.0,1.0,100,0,100,0,100,-100,2,0,0,0,0,0,0,0,0,0,0,0,0,0,0,0,0,0,0,0,0,0,0,0,0,0,0,0,0,0,0,0,0
Manchester Magic Academy EABL,"A. Isiorho, D. Allotey, H. Blake, J. Odongo, J. Walton",Oaklands Wolves EABL,"D. Kostadinov, G. Mitchell, H. Morrell, L. Mcintosh, T. Mcintosh",1,47,0.8,1.5,2,1,1,100,0,0,0,0,0,0,0,0,0,1,0,0,0,0,3,1,1,100,1,1,100,0,0,0,0,0,0,1,0,0,1,0,1.0,2.0,200,150,50,150,200,-50,-1,0,0,0,0,0,0,0,0,0,0,0,0,0,0,0,0,0,0,0,0,0,0,0,0,0,0,0,0,0,0,0,0
Manchester Magic Academy EABL,"D. Allotey, H. Blake, J. Odongo, J. Walton, O. Babalola",Oaklands Wolves EABL,"D. Gladstone, D. Kostadinov, G. Mitchell, H. Morrell, T. Mcintosh",1,43,0.7,1.5,2,1,1,100,0,0,0,0,0,0,0,1,1,1,0,0,0,0,2,1,3,33.3,0,1,0,0,0,0,1,0,1,0,0,0,0,0,1.0,1.9,200,103.6,96.4,103.6,200,-96.4,0,0,0,0,0,0,0,0,0,0,0,0,0,0,0,0,0,0,0,0,0,0,0,0,0,0,0,0,0,0,0,0,0
BMET City of Birmingham Rockets EABL,"B. Rose, I. Gisbourne, J. Agbeze, L. Duru, P. Basioudis",Copleston High School EABL,"C. Fobister, E. Tamakloe, I. Carty-Peters, I. Little, M. Liddamore",1,39,0.7,1.5,0,0,2,0,0,1,0,0,0,0,0,0,0,0,1,0,0,0,0,0,0,0,0,0,0,0,0,0,0,1,1,0,0,0,1,0,2.0,1.0,0,0,0,0,0,0,0,0,0,0,0,0,0,0,0,0,0,0,0,0,0,0,0,0,0,0,0,0,0,0,0,0,0,0,0,0,0,0,0
BMET City of Birmingham Rockets EABL,"G. Angoy, J. Agbeze, J. Hyland, L. Duru, P. Basioudis",Copleston High School EABL,"C. Fobister, G. Millar, M. Liddamore, N. Wilkinson, T. Rafiu",1,28,0.5,1.5,5,2,2,100,1,1,100,0,0,0,0,0,0,1,1,0,0,0,0,0,0,0,0,0,0,0,0,0,0,0,0,0,0,0,1,2,2.0,1.0,250,0,250,0,250,-250,5,0,0,0,0,0,0,0,0,0,0,0,0,0,0,0,0,0,0,0,0,0,0,0,0,0,0,0,0,0,0,0,0
Manchester Magic Academy EABL,"A. Isiorho, J. Odongo, N. Brown, O. Babalola, T. Weekes",Itchen College EABL,"B. Cope, D. Cimochowski, E. Lotriet, J. Ofman, R. Radu",1,41,0.7,1.5,0,0,1,0,0,0,0,0,0,0,0,1,1,0,0,0,0,0,0,0,1,0,0,1,0,0,0,0,0,1,1,0,0,0,1,0,1.0,2.0,0,0,0,0,0,0,0,0,0,0,0,0,0,0,0,0,0,0,0,0,0,0,0,0,0,0,0,0,0,0,0,0,0,0,0,0,0,0,0
Charnwood College Riders EABL,"D. Stephens, F. Saeed, J. Hardy, P. Kattah, T. Curran",Oaklands Wolves EABL,"D. Gladstone, E. Da Cruz Fatuda, G. Mitchell, H. Morrell, L. Mcintosh",1,71,1.2,1.5,0,0,1,0,0,1,0,0,0,0,0,0,0,0,0,0,1,1,2,1,1,100,0,0,0,0,0,0,0,1,1,0,0,0,0,0,2.0,1.0,0,200,-200,200,0,200,-2,0,0,0,0,0,0,0,0,0,0,0,0,0,0,0,0,0,0,0,0,0,0,0,0,0,0,0,0,0,0,0,0
HHS Reading Rockets EABL,"E. Harrington, J. Mackinnon, J. Waterhouse, M. Daines, M. Hassan-Taylor",SGS College EABL,"A. Odowa, J. Grajcar, L. Matthews, M. Alburo, Z. Lawson",1,31,0.5,1.5,4,2,2,100,0,0,0,0,0,0,0,0,0,2,0,0,0,0,2,1,1,100,0,0,0,0,0,0,0,0,0,0,0,0,0,1,2.0,1.0,200,200,0,200,200,0,2,0,0,0,0,0,0,0,0,0,0,0,0,0,0,0,0,0,0,0,0,0,0,0,0,0,0,0,0,0,0,0,0
HHS Reading Rockets EABL,"C. Okumus, E. Harrington, J. Waterhouse, M. Daines, M. Hassan-Taylor",SGS College EABL,"I. Toure, K. Ramirez Mora, L. Matthews, M. Alburo, Z. Lawson",1,56,0.9,1.5,3,1,1,100,1,1,100,0,0,0,0,0,0,1,0,0,1,1,0,0,0,0,0,0,0,0,0,0,0,0,0,0,1,0,1,0,2.0,1.0,150,0,150,0,150,-150,3,0,0,0,0,0,0,0,0,0,0,0,0,0,0,0,0,0,0,0,0,0,0,0,0,0,0,0,0,0,0,0,0
HHS Reading Rockets EABL,"A. Moloney, C. Okumus, E. Harrington, L. Bakary, M. Daines",SGS College EABL,"A. Odowa, J. Grajcar, K. Ramirez Mora, M. Alburo, Z. Lawson",1,53,0.9,1.5,0,0,2,0,0,0,0,0,0,0,0,0,0,0,0,1,0,1,2,1,2,50,0,0,0,0,0,0,1,2,3,0,0,0,0,0,2.0,0.9,0,215.1,-215.1,215.1,0,215.1,-2,0,0,0,0,0,0,0,0,0,0,0,0,0,0,0,0,0,0,0,0,0,0,0,0,0,0,0,0,0,0,0,0
City of London Academy - Southwark EABL,"A. Nwokolo, D. Banjoko, J. Hannick, L. Thompson, T. Gass",Myerscough College EABL,"A. Ibirinde, C. Sanchez Falette, O. Esingle, S. Latidan, S. Latidan",1,59,1.0,1.5,2,1,2,50,0,1,0,0,0,0,0,1,1,0,0,0,0,0,0,0,1,0,0,0,0,0,0,0,0,1,1,0,0,0,0,1,2.0,1.0,100,0,100,0,100,-100,2,0,0,0,0,0,0,0,0,0,0,0,0,0,0,0,0,0,0,0,0,0,0,0,0,0,0,0,0,0,0,0,0
Manchester Magic Academy EABL,"A. Isiorho, H. Blake, J. Odongo, J. Walton, O. Babalola",Myerscough College EABL,"H. Sheehan, J. Bobkowski, O. Esingle, S. Laditan, Z. Trezvant",1,49,0.8,1.5,0,0,1,0,0,1,0,0,0,0,0,1,1,0,0,0,0,0,0,0,1,0,0,1,0,0,0,0,0,1,1,0,0,0,1,1,1.0,2.0,0,0,0,0,0,0,0,0,0,0,0,0,0,0,0,0,0,0,0,0,0,0,0,0,0,0,0,0,0,0,0,0,0,0,0,0,0,0,0
BMET City of Birmingham Rockets EABL,"G. Angoy, I. Gisbourne, J. Hyland, L. Duru, P. Basioudis",Derby College Trailblazers EABL,"E. Norman, E. Rice, L. Ngomti, M. Smith-Fjordland, W. Tallon",1,29,0.5,1.4,2,0,1,0,0,1,0,2,2,100,0,1,1,1,0,0,0,0,0,0,1,0,0,0,0,0,0,0,0,1,1,0,0,0,0,1,1.9,1.0,106.4,0,106.4,0,106.4,-106.4,2,0,0,0,0,0,0,0,0,0,0,0,0,0,0,0,0,0,0,0,0,0,0,0,0,0,0,0,0,0,0,0,0
BMET City of Birmingham Rockets EABL,"B. Rose, G. Angoy, J. Ogbeide, L. Duru, P. Basioudis",Derby College Trailblazers EABL,"E. Rice, J. Howlett, K. Zidonis, O. Krysa, W. Tallon",1,48,0.8,1.4,4,0,0,0,0,0,0,4,4,100,0,1,1,1,0,0,0,0,0,0,1,0,0,1,0,0,0,0,0,0,0,0,0,0,0,2,1.8,1.0,227.3,0,227.3,0,227.3,-227.3,4,0,0,0,0,0,0,0,0,0,0,0,0,0,0,0,0,0,0,0,0,0,0,0,0,0,0,0,0,0,0,0,0
Manchester Magic Academy EABL,"H. Blake, J. Odongo, N. Brown, O. Babalola, T. Weekes",Charnwood College Riders EABL,"A. Oyerinde, D. Hanousek, L. Boothe, P. Kattah, T. Curran",1,68,1.1,1.4,2,1,1,100,0,0,0,0,0,0,0,1,1,0,0,0,0,1,1,0,1,0,0,0,0,1,2,50,0,0,0,0,0,0,0,1,1.0,1.9,200,53.2,146.8,53.2,200,-146.8,1,0,0,0,0,0,0,0,0,0,0,0,0,0,0,0,0,0,0,0,0,0,0,0,0,0,0,0,0,0,0,0,0
SGS College EABL,"A. Odowa, M. Alburo, M. Pospori, T. Wallace-Gayle, W. Wewe",Myerscough College EABL,"A. Aiyedun, A. Ibirinde, A. Scott, C. Sanchez Falette, J. Bobkowski",1,31,0.5,1.4,0,0,2,0,0,0,0,0,0,0,2,1,3,0,0,0,1,1,2,1,2,50,0,0,0,0,0,0,0,0,0,0,1,0,0,0,0.9,2.0,0,100,-100,100,0,100,-2,0,0,0,0,0,0,0,0,0,0,0,0,0,0,0,0,0,0,0,0,0,0,0,0,0,0,0,0,0,0,0,0
Barking Abbey EABL,"F. Cole, K. Mabaya, M. Filho, M. Myamutenha, S. Dobson Smith",HHS Reading Rockets EABL,"J. Mackinnon, L. Franicis, M. Daines, M. Hassan-Taylor, S. Ejiofor",1,25,0.4,1.4,0,0,2,0,0,1,0,0,0,0,0,0,0,0,0,0,0,1,2,0,0,0,0,0,0,2,2,100,0,2,2,0,0,0,0,0,2.0,0.9,0,227.3,-227.3,227.3,0,227.3,-2,0,0,0,0,0,0,0,0,0,0,0,0,0,0,0,0,0,0,0,0,0,0,0,0,0,0,0,0,0,0,0,0
Barking Abbey EABL,"A. Nwabueze, J. Mendes, K. Mabaya, M. Matser, M. Myamutenha",HHS Reading Rockets EABL,"L. Bakary, L. Franicis, M. Daines, M. Hassan-Taylor, S. Ejiofor",1,94,1.6,1.4,2,1,2,50,0,0,0,0,0,0,1,0,1,1,0,0,0,0,4,1,1,100,1,1,100,1,2,50,0,0,0,0,0,0,0,1,0.9,1.9,215.1,212.8,2.3,212.8,215.1,-2.3,-2,0,0,0,0,0,0,0,0,0,0,0,0,0,0,0,0,0,0,0,0,0,0,0,0,0,0,0,0,0,0,0,0
City of London Academy - Southwark EABL,"A. Nwokolo, D. Banjoko, D. Patel, N. Senessie, T. Gass",Itchen College EABL,"D. Cimochowski, E. Round, J. Osei-Owusu, R. Radu, T. Blower",1,32,0.5,1.4,0,0,1,0,0,0,0,0,0,0,0,0,0,0,0,0,0,0,1,0,0,0,0,0,0,1,2,50,1,1,2,0,0,0,1,0,1.0,1.9,0,53.2,-53.2,53.2,0,53.2,-1,0,0,0,0,0,0,0,0,0,0,0,0,0,0,0,0,0,0,0,0,0,0,0,0,0,0,0,0,0,0,0,0
Itchen College EABL,"D. Cimochowski, G. Andrews, J. Osei-Owusu, R. Radu, T. Blower",Copleston High School EABL,"C. Fobister, I. Little, M. Liddamore, N. Wilkinson, T. Rafiu",1,23,0.4,1.4,2,1,2,50,0,0,0,0,2,0,2,0,2,0,1,0,0,0,0,0,0,0,0,0,0,0,0,0,0,0,0,0,0,1,1,0,1.8,1.0,110.5,0,110.5,0,110.5,-110.5,2,0,0,0,0,0,0,0,0,0,0,0,0,0,0,0,0,0,0,0,0,0,0,0,0,0,0,0,0,0,0,0,0
City of London Academy - Southwark EABL,"D. Banjoko, D. Patel, L. Thompson, R. Cryer, T. Gass",Barking Abbey EABL,"A. Maitland, F. Oguntuase, J. Mendes, M. Filho, R. Connolly",1,56,0.9,1.4,0,0,3,0,0,3,0,0,0,0,3,0,3,0,0,0,2,1,0,0,1,0,0,1,0,0,0,0,0,0,0,0,0,0,0,0,1.8,1.0,0,0,0,0,0,0,0,0,0,0,0,0,0,0,0,0,0,0,0,0,0,0,0,0,0,0,0,0,0,0,0,0,0,0,0,0,0,0,0
Charnwood College Riders EABL,"A. Oyerinde, P. Kattah, T. Curran, T. Pearson, Z. Gleadell-Smith",SGS College EABL,"A. Bennett, D. Lloyd, I. Toure, L. Matthews, M. Alburo",1,84,1.4,1.4,0,0,0,0,0,0,0,0,2,0,0,1,1,0,0,0,0,0,2,1,2,50,0,0,0,0,0,0,0,1,1,1,0,0,0,1,0.9,2.0,0,100,-100,100,0,100,-2,0,0,0,0,0,0,0,0,0,0,0,0,0,0,0,0,0,0,0,0,0,0,0,0,0,0,0,0,0,0,0,0
Manchester Magic Academy EABL,"D. Allotey, J. Walton, O. Babalola, S. Sidi-Boumedine, T. Richardson",Derby College Trailblazers EABL,"E. Rice, J. Lemanski, M. Smith-Fjordland, R. Hobday, W. Tallon",1,35,0.6,1.4,0,0,1,0,0,1,0,0,0,0,0,0,0,0,0,0,0,0,2,1,2,50,0,1,0,0,2,0,1,1,2,0,0,0,0,0,1.0,1.8,0,110.5,-110.5,110.5,0,110.5,-2,0,0,0,0,0,0,0,0,0,0,0,0,0,0,0,0,0,0,0,0,0,0,0,0,0,0,0,0,0,0,0,0
Oaklands Wolves EABL,"D. Gladstone, E. Da Cruz Fatuda, G. Mitchell, L. Mcintosh, T. Mcintosh",Itchen College EABL,"B. Cope, E. Round, J. Osei-Owusu, M. Yeates, T. Blower",1,41,0.7,1.4,2,0,1,0,0,1,0,2,2,100,0,0,0,0,0,0,0,1,3,1,1,100,1,1,100,0,0,0,0,1,1,1,0,0,0,0,1.9,1.0,106.4,300,-193.6,300,106.4,193.6,-1,0,0,0,0,0,0,0,0,0,0,0,0,0,0,0,0,0,0,0,0,0,0,0,0,0,0,0,0,0,0,0,0
Oaklands Wolves EABL,"E. Da Cruz Fatuda, E. Ryan, G. Mitchell, L. Mcintosh, T. Mcintosh",Itchen College EABL,"D. Cimochowski, G. Andrews, J. Osei-Owusu, R. Radu, T. Blower",1,37,0.6,1.4,2,1,1,100,0,0,0,0,2,0,0,0,0,1,0,0,0,0,2,1,2,50,0,0,0,0,0,0,1,1,2,0,0,0,0,1,1.9,0.9,106.4,215.1,-108.7,215.1,106.4,108.7,0,0,0,0,0,0,0,0,0,0,0,0,0,0,0,0,0,0,0,0,0,0,0,0,0,0,0,0,0,0,0,0,0
Oaklands Wolves EABL,"D. Gladstone, D. Kostadinov, E. Da Cruz Fatuda, G. Augenti, Z. Gribble",Itchen College EABL,"B. Cope, E. Lotriet, E. Round, J. Osei-Owusu, M. Yeates",1,42,0.7,1.4,0,0,1,0,0,0,0,0,0,0,0,0,0,0,0,0,0,0,5,2,4,50,1,2,50,0,0,0,2,1,3,1,0,0,0,0,1.0,1.9,0,268.8,-268.8,268.8,0,268.8,-5,0,0,0,0,0,0,0,0,0,0,0,0,0,0,0,0,0,0,0,0,0,0,0,0,0,0,0,0,0,0,0,0
BMET City of Birmingham Rockets EABL,"B. Rose, J. Agbeze, L. Duru, P. Basioudis, P. Walsh",Manchester Magic Academy EABL,"D. Allotey, J. Walton, L. Clayton, N. Brown, O. Babalola",1,19,0.3,1.4,2,0,0,0,0,0,0,2,2,100,0,0,0,0,1,0,1,0,0,0,0,0,0,0,0,0,0,0,0,0,0,0,0,0,1,0,1.9,1.0,106.4,0,106.4,0,106.4,-106.4,2,0,0,0,0,0,0,0,0,0,0,0,0,0,0,0,0,0,0,0,0,0,0,0,0,0,0,0,0,0,0,0,0
Copleston High School EABL,"A. Hickey, E. Tamakloe, I. Carty-Peters, I. Little, T. Rafiu",HHS Reading Rockets EABL,"C. Okumus, J. Mackinnon, J. Waterhouse, M. Daines, N. Dent",1,38,0.6,1.4,0,0,3,0,0,1,0,0,0,0,2,0,2,0,1,0,1,0,2,1,1,100,0,0,0,0,0,0,0,0,0,0,1,0,1,1,0.8,2.0,0,100,-100,100,0,100,-2,0,0,0,0,0,0,0,0,0,0,0,0,0,0,0,0,0,0,0,0,0,0,0,0,0,0,0,0,0,0,0,0
BMET City of Birmingham Rockets EABL,"B. Rose, J. Agbeze, L. Duru, P. Basioudis, P. Walsh",Charnwood College Riders EABL,"A. Oyerinde, F. Saeed, L. Boothe, P. Kattah, T. Pearson",1,20,0.3,1.4,3,0,0,0,0,0,0,3,4,75,0,0,0,0,0,0,0,0,2,1,1,100,0,0,0,0,0,0,0,1,1,1,0,0,0,1,1.8,1.0,170.5,200,-29.5,200,170.5,29.5,1,0,0,0,0,0,0,0,0,0,0,0,0,0,0,0,0,0,0,0,0,0,0,0,0,0,0,0,0,0,0,0,0
BMET City of Birmingham Rockets EABL,"G. Angoy, G. Singh, J. Agbeze, J. Hyland, L. Duru",Charnwood College Riders EABL,"D. Hanousek, L. Boothe, R. Buckingham, T. Curran, Z. Gleadell-Smith",1,38,0.6,1.4,3,1,1,100,1,1,100,0,0,0,0,2,2,1,0,0,0,0,1,0,1,0,0,1,0,1,2,50,0,0,0,1,0,0,0,0,1.0,1.9,300,53.2,246.8,53.2,300,-246.8,2,0,0,0,0,0,0,0,0,0,0,0,0,0,0,0,0,0,0,0,0,0,0,0,0,0,0,0,0,0,0,0,0
BMET City of Birmingham Rockets EABL,"G. Singh, J. Agbeze, J. Hyland, L. Duru, P. Basioudis",Charnwood College Riders EABL,"A. Oyerinde, D. Hanousek, F. Saeed, P. Kattah, T. Pearson",1,22,0.4,1.4,1,0,0,0,0,0,0,1,2,50,0,0,0,0,1,0,1,0,0,0,0,0,0,0,0,0,0,0,0,0,0,0,0,0,1,0,1.9,1.0,53.2,0,53.2,0,53.2,-53.2,1,0,0,0,0,0,0,0,0,0,0,0,0,0,0,0,0,0,0,0,0,0,0,0,0,0,0,0,0,0,0,0,0
BMET City of Birmingham Rockets EABL,"J. Agbeze, J. Hyland, L. Duru, P. Basioudis, P. Walsh",Charnwood College Riders EABL,"F. Saeed, P. Kattah, R. Buckingham, T. Curran, T. Pearson",1,4,0.1,1.4,0,0,0,0,0,0,0,0,0,0,0,0,0,0,0,0,1,1,4,0,0,0,0,0,0,4,4,100,0,0,0,0,1,0,0,0,1.0,1.8,0,227.3,-227.3,227.3,0,227.3,-4,0,0,0,0,0,0,0,0,0,0,0,0,0,0,0,0,0,0,0,0,0,0,0,0,0,0,0,0,0,0,0,0
Copleston High School EABL,"A. Hickey, C. Fobister, M. Liddamore, M. Wells, N. Wilkinson",Oaklands Wolves EABL,"D. Kostadinov, E. Da Cruz Fatuda, G. Mitchell, H. Morrell, L. Mcintosh",1,28,0.5,1.4,0,0,1,0,0,0,0,0,0,0,0,0,0,0,0,0,0,0,2,0,1,0,0,0,0,2,2,100,0,1,1,0,0,0,0,0,1.0,1.9,0,106.4,-106.4,106.4,0,106.4,-2,0,0,0,0,0,0,0,0,0,0,0,0,0,0,0,0,0,0,0,0,0,0,0,0,0,0,0,0,0,0,0,0
Copleston High School EABL,"I. Carty-Peters, L. Read, M. Liddamore, M. Wells, N. Wilkinson",Oaklands Wolves EABL,"D. Kostadinov, E. Ryan, G. Augenti, G. Mitchell, H. Morrell",1,36,0.6,1.4,0,0,1,0,0,0,0,0,0,0,0,0,0,0,0,0,1,1,2,0,0,0,0,0,0,2,2,100,0,0,0,0,0,0,0,0,2.0,0.9,0,227.3,-227.3,227.3,0,227.3,-2,0,0,0,0,0,0,0,0,0,0,0,0,0,0,0,0,0,0,0,0,0,0,0,0,0,0,0,0,0,0,0,0
Charnwood College Riders EABL,"F. Saeed, L. Boothe, R. Buckingham, T. Curran, Z. Gleadell-Smith",Manchester Magic Academy EABL,"A. Sagay Isiorho, H. Blake, J. Odongo, N. Brown, O. Babalola",1,11,0.2,1.4,0,0,1,0,0,1,0,0,0,0,0,0,0,0,0,0,0,3,3,0,0,0,0,0,0,3,4,75,0,0,0,0,0,0,0,0,1.0,1.8,0,170.5,-170.5,170.5,0,170.5,-3,0,0,0,0,0,0,0,0,0,0,0,0,0,0,0,0,0,0,0,0,0,0,0,0,0,0,0,0,0,0,0,0
Myerscough College EABL,"C. Sanchez Falette, F. Morgan, I. Idemudia, L. Farrell, N. Byfield",SGS College EABL,"A. Bennett, I. Toure, L. Matthews, M. Perez Tosca, S. Nelson",1,50,0.8,1.4,5,2,4,50,1,2,50,0,0,0,2,0,2,1,1,0,0,1,0,0,0,0,0,0,0,0,0,0,0,0,0,0,0,0,1,0,1.9,1.0,268.8,0,268.8,0,268.8,-268.8,5,0,0,0,0,0,0,0,0,0,0,0,0,0,0,0,0,0,0,0,0,0,0,0,0,0,0,0,0,0,0,0,0
Myerscough College EABL,"D. Okhuoya, F. Morgan, I. Idemudia, L. Farrell, N. Byfield",SGS College EABL,"D. Lloyd, I. Toure, K. Ramirez Mora, M. Alburo, S. Nelson",1,38,0.6,1.4,0,0,1,0,0,1,0,0,0,0,0,0,0,0,1,0,0,0,2,0,0,0,0,0,0,2,2,100,0,0,0,0,0,0,1,0,1.0,1.9,0,106.4,-106.4,106.4,0,106.4,-2,0,0,0,0,0,0,0,0,0,0,0,0,0,0,0,0,0,0,0,0,0,0,0,0,0,0,0,0,0,0,0,0
Oaklands Wolves EABL,"D. Kostadinov, E. Da Cruz Fatuda, E. Ryan, G. Mitchell, H. Morrell",Copleston High School EABL,"C. Fobister, I. Little, M. Liddamore, N. Wilkinson, T. Rafiu",1,35,0.6,1.4,5,1,1,100,1,1,100,2,2,100,0,0,0,1,0,0,0,1,2,1,1,100,0,0,0,0,0,0,0,0,0,0,0,0,0,0,1.9,1.0,266,200,66,200,266,-66,3,0,0,0,0,0,0,0,0,0,0,0,0,0,0,0,0,0,0,0,0,0,0,0,0,0,0,0,0,0,0,0,0
Oaklands Wolves EABL,"D. Kostadinov, E. Ryan, G. Mitchell, H. Morrell, T. Mcintosh",Copleston High School EABL,"C. Fobister, I. Little, M. Liddamore, N. Wilkinson, T. Rafiu",1,28,0.5,1.4,0,0,1,0,0,1,0,0,0,0,0,0,0,0,0,0,0,0,2,0,1,0,0,1,0,2,2,100,0,1,1,0,0,0,0,1,1.0,1.9,0,106.4,-106.4,106.4,0,106.4,-2,0,0,0,0,0,0,0,0,0,0,0,0,0,0,0,0,0,0,0,0,0,0,0,0,0,0,0,0,0,0,0,0
Copleston High School EABL,"C. Fobister, I. Little, M. Liddamore, N. Wilkinson, T. Rafiu",Itchen College EABL,"E. Round, J. Osei-Owusu, M. Edwards, R. Matthias, T. Blower",1,27,0.5,1.4,2,1,1,100,0,0,0,0,2,0,0,0,0,0,0,0,0,0,3,1,1,100,1,1,100,0,0,0,0,1,1,1,0,0,0,2,1.9,1.0,106.4,300,-193.6,300,106.4,193.6,-1,0,0,0,0,0,0,0,0,0,0,0,0,0,0,0,0,0,0,0,0,0,0,0,0,0,0,0,0,0,0,0,0
Copleston High School EABL,"E. Tamakloe, I. Carty-Peters, M. Liddamore, N. Wilkinson, T. Rafiu",Itchen College EABL,"E. Round, J. Ofman, M. Edwards, R. Radu, T. Blower",1,53,0.9,1.4,0,0,1,0,0,0,0,0,0,0,0,1,1,0,0,0,0,1,2,0,1,0,0,1,0,2,2,100,0,0,0,0,0,1,0,0,1.0,1.9,0,106.4,-106.4,106.4,0,106.4,-2,0,0,0,0,0,0,0,0,0,0,0,0,0,0,0,0,0,0,0,0,0,0,0,0,0,0,0,0,0,0,0,0
Charnwood College Riders EABL,"D. Hanousek, L. Stevenson, R. Buckingham, S. Morris, T. Curran",Derby College Trailblazers EABL,"C. Burr, E. Norman, E. Rice, R. Hobday, W. Tallon",1,38,0.6,1.4,3,1,1,100,1,1,100,0,2,0,0,1,1,1,0,0,0,0,0,0,1,0,0,1,0,0,0,0,0,1,1,0,0,0,0,0,1.9,1.0,159.6,0,159.6,0,159.6,-159.6,3,0,0,0,0,0,0,0,0,0,0,0,0,0,0,0,0,0,0,0,0,0,0,0,0,0,0,0,0,0,0,0,0
Charnwood College Riders EABL,"D. Hanousek, L. Stevenson, O. Hambira, R. Buckingham, S. Morris",Derby College Trailblazers EABL,"C. Burr, E. Norman, E. Rice, G. Pastor, W. Tallon",1,40,0.7,1.4,0,0,0,0,0,0,0,0,0,0,0,1,1,0,0,0,2,1,1,0,0,0,0,0,0,1,2,50,0,0,0,1,1,0,0,0,2.0,0.9,0,113.6,-113.6,113.6,0,113.6,-1,0,0,0,0,0,0,0,0,0,0,0,0,0,0,0,0,0,0,0,0,0,0,0,0,0,0,0,0,0,0,0,0
Charnwood College Riders EABL,"L. Boothe, L. Stevenson, P. Kattah, T. Curran, T. Pearson",Derby College Trailblazers EABL,"E. Rice, J. Howlett, K. Zidonis, L. Ngomti, W. Tallon",1,39,0.7,1.4,2,0,2,0,0,0,0,2,2,100,1,0,1,0,0,0,0,0,2,1,1,100,0,0,0,0,0,0,0,1,1,0,0,0,0,1,1.8,1.0,110.5,200,-89.5,200,110.5,89.5,0,0,0,0,0,0,0,0,0,0,0,0,0,0,0,0,0,0,0,0,0,0,0,0,0,0,0,0,0,0,0,0,0
Charnwood College Riders EABL,"A. Oyerinde, D. Hanousek, L. Stevenson, P. Kattah, R. Buckingham",Derby College Trailblazers EABL,"C. Burr, E. Rice, F. Tuck, G. Pastor, R. Hobday",1,43,0.7,1.4,1,0,0,0,0,0,0,1,2,50,0,0,0,0,0,0,1,0,2,1,1,100,0,0,0,0,0,0,0,0,0,1,0,0,0,0,1.9,1.0,53.2,200,-146.8,200,53.2,146.8,-1,0,0,0,0,0,0,0,0,0,0,0,0,0,0,0,0,0,0,0,0,0,0,0,0,0,0,0,0,0,0,0,0
Manchester Magic Academy EABL,"A. Sagay Isiorho, H. Blake, J. Odongo, N. Brown, O. Babalola",Myerscough College EABL,"C. Sanchez Falette, H. Sheehan, J. Bobkowski, S. Latidan, Z. Trezvant",1,22,0.4,1.4,0,0,1,0,0,1,0,0,0,0,0,0,0,0,1,0,0,2,1,0,0,0,0,0,0,1,2,50,1,1,2,0,0,0,1,0,1.0,1.9,0,53.2,-53.2,53.2,0,53.2,-1,0,0,0,0,0,0,0,0,0,0,0,0,0,0,0,0,0,0,0,0,0,0,0,0,0,0,0,0,0,0,0,0
Manchester Magic Academy EABL,"A. Sagay Isiorho, J. Odongo, J. Walton, O. Babalola, S. Sidi-Boumedine",Myerscough College EABL,"C. Sanchez Falette, H. Sheehan, J. Bobkowski, S. Latidan, Z. Trezvant",1,53,0.9,1.4,2,1,2,50,0,0,0,0,0,0,1,0,1,1,0,0,0,0,3,1,1,100,0,0,0,1,2,50,0,0,0,1,0,0,0,1,0.9,1.9,215.1,159.6,55.5,159.6,215.1,-55.5,-1,0,0,0,0,0,0,0,0,0,0,0,0,0,0,0,0,0,0,0,0,0,0,0,0,0,0,0,0,0,0,0,0
SGS College EABL,"K. Ramirez Mora, K. Rands, K. Richards, M. Alburo, M. Perez Tosca",BMET City of Birmingham Rockets EABL,"G. Angoy, J. Hyland, L. Duru, P. Basioudis, P. Walsh",1,80,1.3,1.4,2,1,5,20,0,1,0,0,0,0,3,0,3,0,0,0,0,1,3,1,1,100,1,1,100,0,0,0,0,1,1,1,0,0,0,1,1.8,1.0,111.7,300,-188.3,300,111.7,188.3,-1,0,0,0,0,0,0,0,0,0,0,0,0,0,0,0,0,0,0,0,0,0,0,0,0,0,0,0,0,0,0,0,0
Oaklands Wolves EABL,"D. Gladstone, D. Kostadinov, G. Mitchell, L. Mcintosh, T. Mcintosh",HHS Reading Rockets EABL,"C. Okumus, J. Mackinnon, J. Waterhouse, M. Daines, M. Hassan-Taylor",1,31,0.5,1.4,2,1,1,100,0,0,0,0,0,0,0,0,0,1,0,0,0,1,0,0,0,0,0,0,0,0,2,0,1,0,1,0,0,0,1,0,1.0,1.9,200,0,200,0,200,-200,2,0,0,0,0,0,0,0,0,0,0,0,0,0,0,0,0,0,0,0,0,0,0,0,0,0,0,0,0,0,0,0,0
Oaklands Wolves EABL,"D. Gladstone, D. Kostadinov, E. Da Cruz Fatuda, H. Morrell, L. Mcintosh",HHS Reading Rockets EABL,"E. Harrington, J. Waterhouse, M. Daines, M. Hassan-Taylor, N. Dent",1,61,1.0,1.4,6,2,3,66.7,2,2,100,0,0,0,1,1,2,2,0,0,0,0,0,0,2,0,0,0,0,0,0,0,1,0,1,0,0,0,0,0,1.9,0.9,310.9,0,310.9,0,310.9,-310.9,6,0,0,0,0,0,0,0,0,0,0,0,0,0,0,0,0,0,0,0,0,0,0,0,0,0,0,0,0,0,0,0,0
Oaklands Wolves EABL,"D. Gladstone, G. Mitchell, H. Morrell, L. Mcintosh, T. Mcintosh",HHS Reading Rockets EABL,"A. King, C. Okumus, J. Mackinnon, M. Daines, M. Hassan-Taylor",1,41,0.7,1.4,1,0,1,0,0,0,0,1,2,50,0,1,1,1,0,0,0,0,0,0,1,0,0,1,0,0,0,0,0,1,1,0,0,0,0,0,1.9,1.0,53.2,0,53.2,0,53.2,-53.2,1,0,0,0,0,0,0,0,0,0,0,0,0,0,0,0,0,0,0,0,0,0,0,0,0,0,0,0,0,0,0,0,0
BMET City of Birmingham Rockets EABL,"G. Angoy, J. Agbeze, J. Hyland, L. Duru, P. Basioudis",Myerscough College EABL,"D. Okhuoya, F. Morgan, J. Bobkowski, O. Esingle, S. Latidan",1,35,0.6,1.4,1,0,0,0,0,0,0,1,2,50,0,0,0,0,0,0,1,0,2,1,2,50,0,0,0,0,0,0,1,0,1,0,1,0,0,2,1.9,0.9,53.2,215.1,-161.9,215.1,53.2,161.9,-1,0,0,0,0,0,0,0,0,0,0,0,0,0,0,0,0,0,0,0,0,0,0,0,0,0,0,0,0,0,0,0,0
BMET City of Birmingham Rockets EABL,"D. Pittaway, G. Angoy, J. Agbeze, J. Hyland, P. Basioudis",Myerscough College EABL,"D. Okhuoya, F. Morgan, J. Bobkowski, O. Esingle, S. Latidan",1,45,0.8,1.4,0,0,2,0,0,1,0,0,0,0,0,0,0,0,0,0,0,1,1,0,0,0,0,0,0,1,2,50,0,1,1,0,0,1,0,0,2.0,0.9,0,113.6,-113.6,113.6,0,113.6,-1,0,0,0,0,0,0,0,0,0,0,0,0,0,0,0,0,0,0,0,0,0,0,0,0,0,0,0,0,0,0,0,0
Itchen College EABL,"E. Lotriet, G. Andrews, J. Ofman, M. Yeates, R. Radu",Oaklands Wolves EABL,"D. Gladstone, E. Da Cruz Fatuda, E. Ryan, H. Morrell, T. Mcintosh",1,23,0.4,1.4,4,0,0,0,0,0,0,4,4,100,0,0,0,0,0,0,0,0,0,0,1,0,0,1,0,0,0,0,0,0,0,0,0,0,0,1,1.8,1.0,227.3,0,227.3,0,227.3,-227.3,4,0,0,0,0,0,0,0,0,0,0,0,0,0,0,0,0,0,0,0,0,0,0,0,0,0,0,0,0,0,0,0,0
Itchen College EABL,"E. Round, G. Andrews, J. Ofman, L. Diala-Bevan, R. Radu",Oaklands Wolves EABL,"B. Thompson, E. Da Cruz Fatuda, H. Morrell, K. Gasperas, Z. Gribble",1,30,0.5,1.4,2,1,1,100,0,0,0,0,2,0,1,1,2,0,0,0,0,1,1,0,0,0,0,0,0,1,2,50,0,0,0,0,0,0,0,0,1.9,0.9,106.4,113.6,-7.3,113.6,106.4,7.3,1,0,0,0,0,0,0,0,0,0,0,0,0,0,0,0,0,0,0,0,0,0,0,0,0,0,0,0,0,0,0,0,0
Derby College Trailblazers EABL,"C. Burr, G. Pastor, J. Lemanski, L. Ngomti, M. Smith-Fjordland",Manchester Magic Academy EABL,"A. Sagay Isiorho, H. Blake, L. Clayton, S. Sidi-Boumedine, T. Kamal Kazmi",1,75,1.2,1.4,0,0,2,0,0,1,0,0,0,0,1,0,1,0,0,0,0,1,3,1,1,100,0,0,0,1,2,50,0,1,1,1,0,0,0,1,0.9,1.9,0,159.6,-159.6,159.6,0,159.6,-3,0,0,0,0,0,0,0,0,0,0,0,0,0,0,0,0,0,0,0,0,0,0,0,0,0,0,0,0,0,0,0,0
Derby College Trailblazers EABL,"E. Rice, G. Pastor, K. Otaye, L. Ngomti, M. Smith-Fjordland",Manchester Magic Academy EABL,"H. Blake, O. Babalola, S. Sidi-Boumedine, T. Richardson, T. Weekes",1,59,1.0,1.4,0,0,2,0,0,0,0,0,0,0,1,1,2,0,0,0,1,0,0,0,2,0,0,1,0,0,0,0,0,0,0,0,0,0,0,0,0.9,2.0,0,0,0,0,0,0,0,0,0,0,0,0,0,0,0,0,0,0,0,0,0,0,0,0,0,0,0,0,0,0,0,0,0,0,0,0,0,0,0
SGS College EABL,"D. Lloyd, I. Toure, L. Matthews, M. Alburo, M. Perez Tosca",Charnwood College Riders EABL,"A. Oyerinde, O. Hambira, P. Kattah, T. Pearson, Z. Gleadell-Smith",1,32,0.5,1.4,0,0,0,0,0,0,0,0,2,0,0,0,0,0,0,0,1,0,3,1,1,100,1,1,100,0,0,0,0,1,1,1,1,0,0,0,1.9,1.0,0,300,-300,300,0,300,-3,0,0,0,0,0,0,0,0,0,0,0,0,0,0,0,0,0,0,0,0,0,0,0,0,0,0,0,0,0,0,0,0
Barking Abbey EABL,"F. Cole, J. Mendes, M. Filho, M. Matser, R. Connolly",Copleston High School EABL,"E. Tamakloe, G. Millar, I. Carty-Peters, M. Liddamore, T. Rafiu",1,30,0.5,1.4,3,1,2,50,1,1,100,0,0,0,0,1,1,1,0,0,0,0,1,0,0,0,0,0,0,1,2,50,0,0,0,0,0,0,0,0,2.0,0.9,150,113.6,36.4,113.6,150,-36.4,2,0,0,0,0,0,0,0,0,0,0,0,0,0,0,0,0,0,0,0,0,0,0,0,0,0,0,0,0,0,0,0,0
Barking Abbey EABL,"A. Nwabueze, H. Egbayelo, K. Mabaya, K. N'gabala, O. Visockas",Copleston High School EABL,"A. Hickey, I. Carty-Peters, I. Little, N. Wilkinson, T. Rafiu",1,23,0.4,1.4,4,1,1,100,0,0,0,2,2,100,0,0,0,1,1,0,0,0,0,0,0,0,0,0,0,0,0,0,0,0,0,0,0,0,1,0,1.9,1.0,212.8,0,212.8,0,212.8,-212.8,4,0,0,0,0,0,0,0,0,0,0,0,0,0,0,0,0,0,0,0,0,0,0,0,0,0,0,0,0,0,0,0,0
City of London Academy - Southwark EABL,"A. Nwokolo, B. Olowoshile, D. Banjoko, R. Cryer, R. Testfay",HHS Reading Rockets EABL,"A. King, J. Mackinnon, J. Waterhouse, L. Franicis, M. Daines",1,40,0.7,1.4,1,0,1,0,0,1,0,1,2,50,0,0,0,0,0,0,0,0,3,1,1,100,1,1,100,0,0,0,0,0,0,1,0,0,0,0,1.9,1.0,53.2,300,-246.8,300,53.2,246.8,-2,0,0,0,0,0,0,0,0,0,0,0,0,0,0,0,0,0,0,0,0,0,0,0,0,0,0,0,0,0,0,0,0
Barking Abbey EABL,"A. Nwabueze, J. Mendes, K. Mabaya, M. Filho, O. Visockas",Itchen College EABL,"B. Cope, D. Cimochowski, E. Lotriet, E. Round, J. Osei-Owusu",1,47,0.8,1.4,2,0,2,0,0,1,0,2,2,100,1,0,1,0,0,0,0,0,0,0,0,0,0,0,0,0,0,0,0,1,1,0,0,0,1,1,1.8,1.0,110.5,0,110.5,0,110.5,-110.5,2,0,0,0,0,0,0,0,0,0,0,0,0,0,0,0,0,0,0,0,0,0,0,0,0,0,0,0,0,0,0,0,0
City of London Academy - Southwark EABL,"A. Nwokolo, D. Banjoko, J. Hannick, R. Cryer, T. Gass",Copleston High School EABL,"C. Fobister, E. Tamakloe, G. Millar, M. Liddamore, N. Wilkinson",1,38,0.6,1.4,4,0,0,0,0,0,0,4,4,100,0,1,1,0,0,0,0,0,0,0,1,0,0,1,0,0,0,0,0,0,0,0,0,0,0,1,1.8,1.0,227.3,0,227.3,0,227.3,-227.3,4,0,0,0,0,0,0,0,0,0,0,0,0,0,0,0,0,0,0,0,0,0,0,0,0,0,0,0,0,0,0,0,0
HHS Reading Rockets EABL,"A. Moloney, E. Harrington, J. Mackinnon, L. Bakary, M. Daines",Oaklands Wolves EABL,"D. Kostadinov, E. Da Cruz Fatuda, E. Ryan, G. Mitchell, H. Morrell",1,22,0.4,1.4,0,0,0,0,0,0,0,0,0,0,0,1,1,0,0,0,1,0,0,0,0,0,0,0,0,0,2,0,0,0,0,0,1,0,1,0,1.0,1.9,0,0,0,0,0,0,0,0,0,0,0,0,0,0,0,0,0,0,0,0,0,0,0,0,0,0,0,0,0,0,0,0,0,0,0,0,0,0,0
HHS Reading Rockets EABL,"E. Harrington, J. Waterhouse, L. Bakary, M. Daines, M. Hassan-Taylor",Oaklands Wolves EABL,"E. Da Cruz Fatuda, G. Mitchell, H. Morrell, L. Mcintosh, T. Mcintosh",1,51,0.8,1.4,2,0,0,0,0,0,0,2,2,100,0,2,2,1,0,0,0,0,0,0,2,0,0,1,0,0,0,0,0,0,0,0,0,0,0,1,0.9,2.0,227.3,0,227.3,0,227.3,-227.3,2,0,0,0,0,0,0,0,0,0,0,0,0,0,0,0,0,0,0,0,0,0,0,0,0,0,0,0,0,0,0,0,0
Barking Abbey EABL,"A. Nwabueze, J. Mendes, K. N'gabala, M. Filho, R. Connolly",City of London Academy - Southwark EABL,"B. Olowoshile, D. Banjoko, D. Banjoko, D. Patel, T. Gass",1,47,0.8,1.4,0,0,1,0,0,0,0,0,0,0,0,1,1,0,0,0,1,2,0,0,0,0,0,0,0,0,2,0,0,1,1,0,0,0,0,0,2.0,0.9,0,0,0,0,0,0,0,0,0,0,0,0,0,0,0,0,0,0,0,0,0,0,0,0,0,0,0,0,0,0,0,0,0,0,0,0,0,0,0
Barking Abbey EABL,"A. Nwabueze, J. Mendes, K. N'gabala, M. Filho, R. Connolly",City of London Academy - Southwark EABL,"A. Nwokolo, D. Banjoko, D. Banjoko, D. Patel, T. Gass",1,86,1.4,1.4,2,1,1,100,0,0,0,0,0,0,0,0,0,0,0,0,0,1,3,1,1,100,0,0,0,1,2,50,0,0,0,1,0,0,0,1,1.0,1.9,200,159.6,40.4,159.6,200,-40.4,-1,0,0,0,0,0,0,0,0,0,0,0,0,0,0,0,0,0,0,0,0,0,0,0,0,0,0,0,0,0,0,0,0
Itchen College EABL,"D. Cimochowski, E. Lotriet, E. Round, J. Ofman, T. Blower",Barking Abbey EABL,"A. Maitland, A. Nwabueze, J. Mendes, K. Mabaya, R. Connolly",1,47,0.8,1.4,1,0,1,0,0,0,0,1,2,50,0,1,1,0,0,0,0,0,0,0,1,0,0,0,0,0,0,0,0,1,1,0,0,0,0,2,1.9,1.0,53.2,0,53.2,0,53.2,-53.2,1,0,0,0,0,0,0,0,0,0,0,0,0,0,0,0,0,0,0,0,0,0,0,0,0,0,0,0,0,0,0,0,0
Itchen College EABL,"B. Cope, D. Cimochowski, E. Lotriet, E. Round, J. Osei-Owusu",Barking Abbey EABL,"A. Maitland, A. Nwabueze, J. Mendes, K. Mabaya, S. Dobson Smith",1,97,1.6,1.4,2,0,1,0,0,1,0,2,2,100,1,2,3,0,0,0,0,0,0,0,2,0,0,2,0,0,0,0,0,0,0,0,0,0,0,1,0.8,2.0,246.9,0,246.9,0,246.9,-246.9,2,0,0,0,0,0,0,0,0,0,0,0,0,0,0,0,0,0,0,0,0,0,0,0,0,0,0,0,0,0,0,0,0
Itchen College EABL,"B. Cope, E. Round, J. Ofman, J. Osei-Owusu, M. Yeates",Barking Abbey EABL,"A. Nwabueze, F. Oguntuase, M. Filho, R. Connolly, S. Dobson Smith",1,95,1.6,1.4,3,1,1,100,1,1,100,0,0,0,0,0,0,1,0,0,1,1,2,1,4,25,0,1,0,0,0,0,2,0,2,0,0,0,0,0,2.0,0.8,150,253.2,-103.2,253.2,150,103.2,1,0,0,0,0,0,0,0,0,0,0,0,0,0,0,0,0,0,0,0,0,0,0,0,0,0,0,0,0,0,0,0,0
Itchen College EABL,"B. Cope, E. Lotriet, E. Round, J. Ofman, M. Yeates",Barking Abbey EABL,"A. Maitland, J. Mendes, K. Mabaya, O. Visockas, R. Connolly",1,13,0.2,1.4,0,0,0,0,0,0,0,0,0,0,0,0,0,0,0,0,1,0,1,0,0,0,0,0,0,1,2,50,0,0,0,0,1,0,1,0,1.0,1.9,0,53.2,-53.2,53.2,0,53.2,-1,0,0,0,0,0,0,0,0,0,0,0,0,0,0,0,0,0,0,0,0,0,0,0,0,0,0,0,0,0,0,0,0
Derby College Trailblazers EABL,"C. Burr, G. Pastor, J. Howlett, L. Ngomti, M. Smith-Fjordland",SGS College EABL,"A. Odowa, K. Richards, M. Perez Tosca, R. Cabrera, Z. Lawson",1,37,0.6,1.4,0,0,0,0,0,0,0,0,0,0,0,0,0,0,0,0,1,0,5,2,4,50,1,1,100,0,0,0,2,0,2,1,0,0,0,1,1.0,1.9,0,268.8,-268.8,268.8,0,268.8,-5,0,0,0,0,0,0,0,0,0,0,0,0,0,0,0,0,0,0,0,0,0,0,0,0,0,0,0,0,0,0,0,0
Derby College Trailblazers EABL,"E. Norman, G. Pastor, J. Howlett, M. Smith-Fjordland, W. Tallon",SGS College EABL,"A. Odowa, K. Ramirez Mora, K. Richards, M. Alburo, M. Perez Tosca",1,45,0.8,1.4,0,0,1,0,0,0,0,0,2,0,0,0,0,0,0,0,0,0,2,1,1,100,0,0,0,0,0,0,0,2,2,1,0,1,0,1,1.9,1.0,0,200,-200,200,0,200,-2,0,0,0,0,0,0,0,0,0,0,0,0,0,0,0,0,0,0,0,0,0,0,0,0,0,0,0,0,0,0,0,0
Derby College Trailblazers EABL,"E. Norman, E. Rice, G. Pastor, J. Howlett, M. Smith-Fjordland",SGS College EABL,"D. Lloyd, K. Ramirez Mora, K. Richards, M. Alburo, M. Perez Tosca",1,54,0.9,1.4,3,1,1,100,1,1,100,0,2,0,0,1,1,1,0,0,0,0,0,0,1,0,0,0,0,0,0,0,0,1,1,0,0,0,0,0,1.9,1.0,159.6,0,159.6,0,159.6,-159.6,3,0,0,0,0,0,0,0,0,0,0,0,0,0,0,0,0,0,0,0,0,0,0,0,0,0,0,0,0,0,0,0,0
Manchester Magic Academy EABL,"D. Allotey, H. Blake, S. Sidi-Boumedine, T. Kamal Kazmi, T. Weekes",BMET City of Birmingham Rockets EABL,"G. Angoy, J. Agbeze, J. Hyland, L. Duru, P. Basioudis",1,21,0.3,1.4,3,1,1,100,1,1,100,0,0,0,0,0,0,1,0,0,0,1,4,0,0,0,0,0,0,4,4,100,0,0,0,1,0,0,0,0,1.0,1.8,300,227.3,72.7,227.3,300,-72.7,-1,0,0,0,0,0,0,0,0,0,0,0,0,0,0,0,0,0,0,0,0,0,0,0,0,0,0,0,0,0,0,0,0
Manchester Magic Academy EABL,"A. Adetula, H. Blake, J. Odongo, O. Babalola, T. Kamal Kazmi",BMET City of Birmingham Rockets EABL,"B. Rose, G. Angoy, I. Gisbourne, L. Duru, S. Chikukwa",1,17,0.3,1.4,0,0,0,0,0,0,0,0,0,0,0,0,0,0,1,0,1,1,2,0,0,0,0,0,0,2,2,100,0,0,0,0,0,0,1,0,1.0,1.9,0,106.4,-106.4,106.4,0,106.4,-2,0,0,0,0,0,0,0,0,0,0,0,0,0,0,0,0,0,0,0,0,0,0,0,0,0,0,0,0,0,0,0,0
Myerscough College EABL,"F. Morgan, H. Sheehan, J. Bobkowski, S. Latidan, Z. Trezvant",Charnwood College Riders EABL,"A. Oyerinde, L. Boothe, O. Hambira, P. Kattah, S. Morris",1,27,0.5,1.4,3,1,1,100,0,0,0,1,2,50,0,1,1,2,0,0,0,0,0,0,1,0,0,0,0,0,0,0,0,0,0,0,0,0,0,0,1.9,1.0,159.6,0,159.6,0,159.6,-159.6,3,0,0,0,0,0,0,0,0,0,0,0,0,0,0,0,0,0,0,0,0,0,0,0,0,0,0,0,0,0,0,0,0
Oaklands Wolves EABL,"D. Gladstone, E. Da Cruz Fatuda, G. Mitchell, H. Morrell, T. Mcintosh",City of London Academy - Southwark EABL,"A. Nwokolo, B. Olowoshile, D. Patel, J. Hannick, T. Gass",1,52,0.9,1.4,0,0,1,0,0,1,0,0,0,0,0,1,1,0,0,0,0,0,3,1,1,100,0,0,0,1,2,50,0,1,1,2,0,0,0,0,1.0,1.9,0,159.6,-159.6,159.6,0,159.6,-3,0,0,0,0,0,0,0,0,0,0,0,0,0,0,0,0,0,0,0,0,0,0,0,0,0,0,0,0,0,0,0,0
HHS Reading Rockets EABL,"C. Okumus, E. Harrington, L. Bakary, L. Francis, M. Daines",Barking Abbey EABL,"A. Maitland, K. Mabaya, K. N'gabala, O. Visockas, R. Connolly",1,35,0.6,1.4,2,0,1,0,0,0,0,2,2,100,0,0,0,0,0,0,0,1,2,1,1,100,0,0,0,0,0,0,0,1,1,1,0,0,0,0,1.9,1.0,106.4,200,-93.6,200,106.4,93.6,0,0,0,0,0,0,0,0,0,0,0,0,0,0,0,0,0,0,0,0,0,0,0,0,0,0,0,0,0,0,0,0,0
Copleston High School EABL,"I. Little, M. Liddamore, N. Wilkinson, O. Drane, T. Rafiu",City of London Academy - Southwark EABL,"A. Nwokolo, D. Banjoko, D. Banjoko, L. Thompson, R. Testfay",1,78,1.3,1.4,3,1,3,33.3,1,3,33.3,0,0,0,2,0,2,1,0,0,1,1,2,1,2,50,0,0,0,0,0,0,1,0,1,1,1,0,0,0,1.9,0.9,161.3,215.1,-53.8,215.1,161.3,53.8,1,0,0,0,0,0,0,0,0,0,0,0,0,0,0,0,0,0,0,0,0,0,0,0,0,0,0,0,0,0,0,0,0
Copleston High School EABL,"C. Fobister, E. Tamakloe, I. Little, M. Liddamore, T. Rafiu",City of London Academy - Southwark EABL,"A. Morentin, B. Manfo-Marc, D. Banjoko, R. Cryer, S. Shirwac",1,40,0.7,1.4,2,0,1,0,0,1,0,2,2,100,1,1,2,0,0,0,1,0,0,0,1,0,0,0,0,0,0,0,0,0,0,0,1,0,0,1,1.8,1.0,110.5,0,110.5,0,110.5,-110.5,2,0,0,0,0,0,0,0,0,0,0,0,0,0,0,0,0,0,0,0,0,0,0,0,0,0,0,0,0,0,0,0,0
Charnwood College Riders EABL,"F. Saeed, J. Hardy, L. Boothe, T. Curran, Z. Gleadell-Smith",BMET City of Birmingham Rockets EABL,"G. Angoy, J. Agbeze, J. Hyland, L. Duru, P. Basioudis",1,66,1.1,1.4,0,0,2,0,0,1,0,0,0,0,1,1,2,0,0,0,1,0,2,1,2,50,0,0,0,0,0,0,0,0,0,1,1,0,0,0,0.9,2.0,0,100,-100,100,0,100,-2,0,0,0,0,0,0,0,0,0,0,0,0,0,0,0,0,0,0,0,0,0,0,0,0,0,0,0,0,0,0,0,0
Charnwood College Riders EABL,"P. Kattah, R. Buckingham, T. Curran, T. Pearson, Z. Gleadell-Smith",BMET City of Birmingham Rockets EABL,"G. Angoy, J. Agbeze, J. Hyland, L. Duru, P. Basioudis",1,42,0.7,1.4,0,0,1,0,0,1,0,0,0,0,0,0,0,0,0,0,0,0,3,1,1,100,0,0,0,1,2,50,0,1,1,1,0,0,0,1,1.0,1.9,0,159.6,-159.6,159.6,0,159.6,-3,0,0,0,0,0,0,0,0,0,0,0,0,0,0,0,0,0,0,0,0,0,0,0,0,0,0,0,0,0,0,0,0
Charnwood College Riders EABL,"A. Oyerinde, J. Hardy, R. Buckingham, T. Curran, Z. Gleadell-Smith",BMET City of Birmingham Rockets EABL,"A. Camara, J. Agbeze, J. Hyland, L. Duru, P. Basioudis",1,43,0.7,1.4,6,2,2,100,2,2,100,0,0,0,0,0,0,2,1,0,0,0,0,0,2,0,0,0,0,0,0,0,1,0,1,0,0,0,1,0,2.0,0.9,300,0,300,0,300,-300,6,0,0,0,0,0,0,0,0,0,0,0,0,0,0,0,0,0,0,0,0,0,0,0,0,0,0,0,0,0,0,0,0
Myerscough College EABL,"D. Okhuoya, H. Sheehan, J. Bobkowski, L. Farrell, S. Latidan",Derby College Trailblazers EABL,"C. Burr, F. Tuck, J. Lemanski, K. Otaye, W. Tallon",1,56,0.9,1.4,4,1,2,50,0,0,0,2,2,100,1,0,1,0,0,0,0,0,2,1,1,100,0,0,0,0,0,0,0,0,0,0,0,0,0,1,1.8,1.0,221,200,21,200,221,-21,2,0,0,0,0,0,0,0,0,0,0,0,0,0,0,0,0,0,0,0,0,0,0,0,0,0,0,0,0,0,0,0,0
Barking Abbey EABL,"A. Nwabueze, J. Mendes, K. Mabaya, M. Filho, R. Connolly",Oaklands Wolves EABL,"B. Thompson, D. Gladstone, E. Da Cruz Fatuda, L. Mcintosh, T. Mcintosh",1,65,1.1,1.4,0,0,2,0,0,1,0,0,2,0,1,0,1,0,1,0,0,1,0,0,0,0,0,0,0,0,0,0,0,1,1,0,0,0,1,1,1.8,1.0,0,0,0,0,0,0,0,0,0,0,0,0,0,0,0,0,0,0,0,0,0,0,0,0,0,0,0,0,0,0,0,0,0,0,0,0,0,0,0
HHS Reading Rockets EABL,"A. Moloney, C. Okumus, J. Mackinnon, J. Waterhouse, M. Daines",Itchen College EABL,"B. Cope, E. Round, J. Ofman, M. Yeates, T. Blower",1,34,0.6,1.4,1,0,1,0,0,1,0,1,2,50,0,1,1,1,0,0,0,0,0,0,1,0,0,1,0,0,0,0,0,1,1,0,0,0,0,1,1.9,1.0,53.2,0,53.2,0,53.2,-53.2,1,0,0,0,0,0,0,0,0,0,0,0,0,0,0,0,0,0,0,0,0,0,0,0,0,0,0,0,0,0,0,0,0
Myerscough College EABL,"C. Sanchez Falette, H. Sheehan, O. Esingle, S. Latidan, Z. Trezvant",Barking Abbey EABL,"A. Nwabueze, F. Oguntuase, K. Mabaya, M. Filho, R. Connolly",1,83,1.4,1.4,0,0,0,0,0,0,0,0,0,0,0,0,0,0,0,0,1,0,2,1,4,25,0,1,0,0,0,0,2,0,2,1,1,0,1,0,1.0,1.8,0,111.7,-111.7,111.7,0,111.7,-2,0,0,0,0,0,0,0,0,0,0,0,0,0,0,0,0,0,0,0,0,0,0,0,0,0,0,0,0,0,0,0,0
Myerscough College EABL,"F. Morgan, J. Bobkowski, O. Esingle, S. Latidan, Z. Trezvant",Barking Abbey EABL,"A. Maitland, F. Cole, J. Mendes, K. Mabaya, O. Visockas",1,14,0.2,1.4,0,0,0,0,0,0,0,0,0,0,0,0,0,0,0,0,1,0,3,1,2,50,0,1,0,1,2,50,1,0,1,1,0,0,0,0,1.0,1.8,0,165.7,-165.7,165.7,0,165.7,-3,0,0,0,0,0,0,0,0,0,0,0,0,0,0,0,0,0,0,0,0,0,0,0,0,0,0,0,0,0,0,0,0
SGS College EABL,"D. Lloyd, J. Grajcar, L. Matthews, M. Alburo, Z. Lawson",Copleston High School EABL,"C. Fobister, L. Read, M. Liddamore, N. Wilkinson, T. Rafiu",1,29,0.5,1.4,3,1,1,100,0,0,0,1,2,50,0,0,0,0,0,0,0,0,0,0,1,0,0,1,0,0,0,0,0,0,0,0,0,0,0,0,1.9,1.0,159.6,0,159.6,0,159.6,-159.6,3,0,0,0,0,0,0,0,0,0,0,0,0,0,0,0,0,0,0,0,0,0,0,0,0,0,0,0,0,0,0,0,0
HHS Reading Rockets EABL,"A. King, A. Moloney, E. Harrington, J. Waterhouse, L. Bakary",BMET City of Birmingham Rockets EABL,"A. Camara, B. Rose, G. Singh, J. Agbeze, P. Walsh",1,19,0.3,1.4,2,0,0,0,0,0,0,2,2,100,0,1,1,0,0,0,1,1,1,0,0,0,0,0,0,1,2,50,0,0,0,0,0,0,0,1,1.9,0.9,106.4,113.6,-7.3,113.6,106.4,7.3,1,0,0,0,0,0,0,0,0,0,0,0,0,0,0,0,0,0,0,0,0,0,0,0,0,0,0,0,0,0,0,0,0
HHS Reading Rockets EABL,"A. King, A. Moloney, E. Harrington, J. Mackinnon, J. Waterhouse",BMET City of Birmingham Rockets EABL,"B. Rose, G. Singh, J. Agbeze, P. Walsh, S. Chikukwa",1,22,0.4,1.4,1,0,0,0,0,0,0,1,2,50,0,0,0,0,0,0,0,0,5,2,3,66.7,1,2,50,0,0,0,1,0,1,1,0,0,0,1,0.9,1.9,113.6,259.1,-145.4,259.1,113.6,145.4,-4,0,0,0,0,0,0,0,0,0,0,0,0,0,0,0,0,0,0,0,0,0,0,0,0,0,0,0,0,0,0,0,0
Itchen College EABL,"E. Round, G. Andrews, J. Osei-Owusu, M. Yeates, R. Radu",Charnwood College Riders EABL,"D. Hanousek, F. Saeed, J. Hardy, T. Pearson, Z. Gleadell-Smith",1,35,0.6,1.4,0,0,2,0,0,0,0,0,0,0,1,0,1,0,0,0,0,1,1,0,0,0,0,0,0,1,2,50,0,1,1,0,0,0,1,0,0.9,1.9,0,53.2,-53.2,53.2,0,53.2,-1,0,0,0,0,0,0,0,0,0,0,0,0,0,0,0,0,0,0,0,0,0,0,0,0,0,0,0,0,0,0,0,0
City of London Academy - Southwark EABL,"A. Morentin, A. Nwokolo, D. Banjoko, J. Hannick, L. Thompson",Derby College Trailblazers EABL,"C. Burr, E. Rice, G. Pastor, L. Ngomti, W. Tallon",1,45,0.8,1.4,0,0,0,0,0,0,0,0,0,0,0,2,2,0,0,0,1,1,0,0,1,0,0,1,0,0,2,0,0,0,0,0,1,0,0,0,1.0,1.9,0,0,0,0,0,0,0,0,0,0,0,0,0,0,0,0,0,0,0,0,0,0,0,0,0,0,0,0,0,0,0,0,0,0,0,0,0,0,0
City of London Academy - Southwark EABL,"A. Morentin, B. Olowoshile, D. Banjoko, J. Hannick, L. Thompson",Derby College Trailblazers EABL,"C. Burr, E. Rice, L. Ngomti, R. Hobday, W. Tallon",1,67,1.1,1.4,2,1,2,50,0,0,0,0,0,0,1,0,1,1,1,0,0,1,1,0,1,0,0,0,0,1,2,50,1,0,1,0,0,1,1,0,0.9,1.8,215.1,55.2,159.8,55.2,215.1,-159.8,1,0,0,0,0,0,0,0,0,0,0,0,0,0,0,0,0,0,0,0,0,0,0,0,0,0,0,0,0,0,0,0,0
City of London Academy - Southwark EABL,"A. Morentin, B. Olowoshile, D. Banjoko, J. Hannick, L. Thompson",Derby College Trailblazers EABL,"F. Tuck, J. Lemanski, K. Otaye, K. Zidonis, L. Ngomti",1,29,0.5,1.4,4,1,1,100,0,0,0,2,2,100,0,0,0,1,1,0,0,0,0,0,0,0,0,0,0,0,0,0,0,0,0,0,0,0,1,1,1.9,1.0,212.8,0,212.8,0,212.8,-212.8,4,0,0,0,0,0,0,0,0,0,0,0,0,0,0,0,0,0,0,0,0,0,0,0,0,0,0,0,0,0,0,0,0
Manchester Magic Academy EABL,"A. Isiorho, J. Walton, L. Clayton, N. Brown, O. Babalola",Itchen College EABL,"B. Cope, D. Cimochowski, E. Lotriet, E. Round, J. Ofman",1,36,0.6,1.4,0,0,2,0,0,1,0,0,0,0,1,1,2,0,0,1,0,0,2,1,2,50,0,0,0,0,1,0,1,1,2,0,0,1,0,1,0.9,1.9,0,105,-105,105,0,105,-2,0,0,0,0,0,0,0,0,0,0,0,0,0,0,0,0,0,0,0,0,0,0,0,0,0,0,0,0,0,0,0,0
Manchester Magic Academy EABL,"A. Isiorho, J. Walton, L. Clayton, N. Brown, O. Babalola",Itchen College EABL,"B. Cope, E. Lotriet, E. Round, J. Ofman, M. Yeates",1,21,0.3,1.4,3,1,1,100,0,0,0,1,2,50,0,0,0,0,0,0,0,0,2,1,1,100,0,0,0,0,0,0,0,1,1,1,0,0,0,1,1.9,1.0,159.6,200,-40.4,200,159.6,40.4,1,0,0,0,0,0,0,0,0,0,0,0,0,0,0,0,0,0,0,0,0,0,0,0,0,0,0,0,0,0,0,0,0
Manchester Magic Academy EABL,"A. Isiorho, H. Blake, J. Walton, L. Clayton, O. Babalola",Itchen College EABL,"E. Lotriet, E. Round, J. Osei-Owusu, M. Yeates, R. Radu",1,26,0.4,1.4,1,0,1,0,0,1,0,1,2,50,0,0,0,0,0,0,0,0,0,0,0,0,0,0,0,0,0,0,0,1,1,0,0,0,1,0,1.9,1.0,53.2,0,53.2,0,53.2,-53.2,1,0,0,0,0,0,0,0,0,0,0,0,0,0,0,0,0,0,0,0,0,0,0,0,0,0,0,0,0,0,0,0,0
Charnwood College Riders EABL,"L. Boothe, P. Kattah, T. Curran, T. Pearson, Z. Gleadell-Smith",Oaklands Wolves EABL,"D. Gladstone, D. Kostadinov, E. Da Cruz Fatuda, H. Morrell, L. Mcintosh",1,72,1.2,1.4,2,1,3,33.3,0,1,0,0,0,0,1,1,2,1,0,0,0,2,0,0,2,0,0,2,0,0,0,0,1,1,2,0,0,0,0,0,1.9,0.9,103.6,0,103.6,0,103.6,-103.6,2,0,0,0,0,0,0,0,0,0,0,0,0,0,0,0,0,0,0,0,0,0,0,0,0,0,0,0,0,0,0,0,0
Charnwood College Riders EABL,"F. Saeed, J. Hardy, O. Hambira, P. Kattah, T. Curran",Oaklands Wolves EABL,"D. Gladstone, D. Kostadinov, H. Morrell, L. Mcintosh, T. Mcintosh",1,51,0.8,1.4,2,1,1,100,0,0,0,0,2,0,0,0,0,1,0,0,0,1,2,1,2,50,0,1,0,0,0,0,1,1,2,0,0,0,0,1,1.9,0.9,106.4,215.1,-108.7,215.1,106.4,108.7,0,0,0,0,0,0,0,0,0,0,0,0,0,0,0,0,0,0,0,0,0,0,0,0,0,0,0,0,0,0,0,0,0
Charnwood College Riders EABL,"J. Hardy, P. Kattah, T. Curran, T. Pearson, Z. Gleadell-Smith",Oaklands Wolves EABL,"D. Gladstone, E. Da Cruz Fatuda, G. Mitchell, H. Morrell, L. Mcintosh",1,83,1.4,1.4,3,1,2,50,1,2,50,0,0,0,0,0,0,1,0,0,0,0,2,0,2,0,0,0,0,2,2,100,2,1,3,0,0,0,0,0,2.0,0.7,150,270.3,-120.3,270.3,150,120.3,1,0,0,0,0,0,0,0,0,0,0,0,0,0,0,0,0,0,0,0,0,0,0,0,0,0,0,0,0,0,0,0,0
Charnwood College Riders EABL,"F. Saeed, P. Kattah, T. Curran, T. Pearson, Z. Gleadell-Smith",Oaklands Wolves EABL,"D. Gladstone, D. Kostadinov, E. Da Cruz Fatuda, G. Mitchell, H. Morrell",1,10,0.2,1.4,2,0,0,0,0,0,0,2,2,100,0,0,0,0,1,0,0,0,3,1,2,50,1,2,50,0,0,0,1,0,1,1,0,0,1,0,0.9,1.9,227.3,155.4,71.8,155.4,227.3,-71.8,-1,0,0,0,0,0,0,0,0,0,0,0,0,0,0,0,0,0,0,0,0,0,0,0,0,0,0,0,0,0,0,0,0
HHS Reading Rockets EABL,"A. Moloney, C. Okumus, E. Harrington, L. Bakary, M. Hassan-Taylor",SGS College EABL,"A. Odowa, J. Grajcar, K. Ramirez Mora, M. Alburo, Z. Lawson",1,44,0.7,1.4,0,0,2,0,0,0,0,0,0,0,1,0,1,0,0,0,0,1,4,1,1,100,1,1,100,1,2,50,0,1,1,1,0,0,0,0,0.9,1.9,0,212.8,-212.8,212.8,0,212.8,-4,0,0,0,0,0,0,0,0,0,0,0,0,0,0,0,0,0,0,0,0,0,0,0,0,0,0,0,0,0,0,0,0
HHS Reading Rockets EABL,"A. Moloney, E. Harrington, J. Mackinnon, L. Bakary, M. Daines",SGS College EABL,"A. Odowa, J. Grajcar, K. Ramirez Mora, M. Alburo, Z. Lawson",1,27,0.5,1.4,1,0,0,0,0,0,0,1,2,50,0,0,0,0,0,0,0,0,1,0,0,0,0,0,0,1,2,50,0,0,0,0,0,0,1,1,0.9,1.9,113.6,53.2,60.4,53.2,113.6,-60.4,0,0,0,0,0,0,0,0,0,0,0,0,0,0,0,0,0,0,0,0,0,0,0,0,0,0,0,0,0,0,0,0,0
City of London Academy - Southwark EABL,"A. Nwokolo, D. Banjoko, D. Patel, L. Thompson, T. Gass",Myerscough College EABL,"A. Ibirinde, J. Bobkowski, O. Esingle, S. Latidan, S. Latidan",1,35,0.6,1.4,0,0,1,0,0,0,0,0,2,0,0,0,0,0,0,0,0,1,0,0,1,0,0,0,0,0,0,0,0,2,2,0,0,0,0,0,1.9,1.0,0,0,0,0,0,0,0,0,0,0,0,0,0,0,0,0,0,0,0,0,0,0,0,0,0,0,0,0,0,0,0,0,0,0,0,0,0,0,0
Manchester Magic Academy EABL,"A. Isiorho, J. Walton, L. Clayton, O. Babalola, T. Richardson",Myerscough College EABL,"A. Ibirinde, C. Sanchez Falette, O. Esingle, S. Laditan, S. Laditan",1,29,0.5,1.4,0,0,0,0,0,0,0,0,0,0,0,1,1,0,0,0,1,0,2,0,1,0,0,0,0,2,2,100,0,0,0,1,0,0,0,1,1.0,1.9,0,106.4,-106.4,106.4,0,106.4,-2,0,0,0,0,0,0,0,0,0,0,0,0,0,0,0,0,0,0,0,0,0,0,0,0,0,0,0,0,0,0,0,0
Manchester Magic Academy EABL,"A. Isiorho, J. Walton, O. Babalola, T. Richardson, T. Weekes",Myerscough College EABL,"C. Sanchez Falette, H. Sheehan, O. Esingle, S. Laditan, Z. Trezvant",1,24,0.4,1.4,1,0,1,0,0,0,0,1,2,50,0,0,0,1,1,0,0,1,0,0,0,0,0,0,0,0,0,0,0,1,1,0,0,0,1,0,1.9,1.0,53.2,0,53.2,0,53.2,-53.2,1,0,0,0,0,0,0,0,0,0,0,0,0,0,0,0,0,0,0,0,0,0,0,0,0,0,0,0,0,0,0,0,0
Manchester Magic Academy EABL,"A. Isiorho, J. Walton, O. Babalola, T. Richardson, T. Weekes",Myerscough College EABL,"A. Ibirinde, C. Sanchez Falette, H. Sheehan, O. Esingle, S. Laditan",1,31,0.5,1.4,0,0,0,0,0,0,0,0,0,0,0,0,0,0,0,0,1,0,2,1,2,50,0,0,0,0,2,0,1,0,1,0,0,0,0,0,1.0,1.8,0,110.5,-110.5,110.5,0,110.5,-2,0,0,0,0,0,0,0,0,0,0,0,0,0,0,0,0,0,0,0,0,0,0,0,0,0,0,0,0,0,0,0,0
Manchester Magic Academy EABL,"A. Isiorho, H. Blake, J. Walton, L. Clayton, O. Babalola",Myerscough College EABL,"H. Sheehan, J. Bobkowski, O. Esingle, S. Laditan, S. Laditan",1,41,0.7,1.4,2,0,1,0,0,1,0,2,2,100,0,0,0,0,0,0,0,1,3,1,1,100,1,1,100,0,0,0,0,1,1,1,0,0,0,0,1.9,1.0,106.4,300,-193.6,300,106.4,193.6,-1,0,0,0,0,0,0,0,0,0,0,0,0,0,0,0,0,0,0,0,0,0,0,0,0,0,0,0,0,0,0,0,0
Manchester Magic Academy EABL,"A. Isiorho, J. Walton, L. Clayton, O. Babalola, S. Sidi-Boumedine",Myerscough College EABL,"C. Sanchez Falette, H. Sheehan, O. Esingle, S. Laditan, Z. Trezvant",1,50,0.8,1.4,4,2,3,66.7,0,0,0,0,0,0,1,1,2,1,0,0,0,1,0,0,2,0,0,0,0,0,0,0,1,0,1,0,0,0,0,0,1.9,0.9,207.3,0,207.3,0,207.3,-207.3,4,0,0,0,0,0,0,0,0,0,0,0,0,0,0,0,0,0,0,0,0,0,0,0,0,0,0,0,0,0,0,0,0
BMET City of Birmingham Rockets EABL,"B. Rose, D. Pittaway, J. Ogbeide, P. Basioudis, P. Walsh",Derby College Trailblazers EABL,"D. Kilmas, E. Rice, G. Pastor, J. Howlett, W. Tallon",1,94,1.6,1.3,0,0,3,0,0,2,0,0,0,0,1,0,1,0,0,0,0,0,2,1,5,20,0,1,0,0,0,0,3,2,5,1,0,0,0,1,1.9,0.7,0,277.8,-277.8,277.8,0,277.8,-2,0,0,0,0,0,0,0,0,0,0,0,0,0,0,0,0,0,0,0,0,0,0,0,0,0,0,0,0,0,0,0,0
Derby College Trailblazers EABL,"C. Burr, E. Norman, E. Rice, K. Otaye, W. Tallon",Myerscough College EABL,"A. Ibirinde, C. Sanchez Falette, L. Roberts, N. Byfield, O. Esingle",1,29,0.5,1.3,4,0,0,0,0,0,0,4,4,100,0,0,0,0,0,0,0,0,2,1,2,50,0,1,0,0,0,0,1,0,1,0,0,0,0,1,1.8,0.9,227.3,215.1,12.2,215.1,227.3,-12.2,2,0,0,0,0,0,0,0,0,0,0,0,0,0,0,0,0,0,0,0,0,0,0,0,0,0,0,0,0,0,0,0,0
Derby College Trailblazers EABL,"C. Burr, E. Norman, E. Rice, K. Otaye, W. Tallon",Manchester Magic Academy EABL,"D. Allotey, H. Blake, J. Walton, O. Babalola, T. Richardson",1,52,0.9,1.3,2,1,1,100,0,0,0,0,2,0,0,1,1,1,0,0,0,1,0,0,4,0,0,1,0,0,0,0,3,1,4,0,0,0,0,0,1.9,0.8,106.4,0,106.4,0,106.4,-106.4,2,0,0,0,0,0,0,0,0,0,0,0,0,0,0,0,0,0,0,0,0,0,0,0,0,0,0,0,0,0,0,0,0
Myerscough College EABL,"A. Ibirinde, H. Sheehan, O. Esingle, S. Latidan, S. Latidan",Charnwood College Riders EABL,"A. Oyerinde, L. Stevenson, O. Hambira, S. Morris, T. Pearson",1,56,0.9,1.3,3,1,1,100,0,0,0,1,2,50,0,0,0,1,0,0,0,2,1,0,1,0,0,1,0,1,2,50,1,0,1,0,0,0,0,1,1.9,0.8,159.6,123.5,36.1,123.5,159.6,-36.1,2,0,0,0,0,0,0,0,0,0,0,0,0,0,0,0,0,0,0,0,0,0,0,0,0,0,0,0,0,0,0,0,0
HHS Reading Rockets EABL,"C. Okumus, E. Harrington, J. Mackinnon, L. Francis, M. Daines",Itchen College EABL,"E. Round, J. Osei-Owusu, M. Yeates, R. Radu, T. Blower",1,36,0.6,1.3,3,1,2,50,1,1,100,0,0,0,1,0,1,1,0,0,0,1,4,0,0,0,0,0,0,4,4,100,0,0,0,0,0,0,0,0,0.9,1.8,322.6,227.3,95.3,227.3,322.6,-95.3,-1,0,0,0,0,0,0,0,0,0,0,0,0,0,0,0,0,0,0,0,0,0,0,0,0,0,0,0,0,0,0,0,0
Myerscough College EABL,"A. Ibirinde, C. Sanchez Falette, J. Bobkowski, O. Esingle, S. Latidan",Barking Abbey EABL,"J. Mendes, M. Filho, O. Visockas, R. Connolly, S. Dobson Smith",1,39,0.7,1.3,3,0,0,0,0,0,0,3,4,75,0,1,1,0,0,1,0,0,0,0,2,0,0,0,0,0,0,0,1,0,1,0,0,0,0,2,1.8,0.9,170.5,0,170.5,0,170.5,-170.5,3,0,0,0,0,0,0,0,0,0,0,0,0,0,0,0,0,0,0,0,0,0,0,0,0,0,0,0,0,0,0,0,0
Myerscough College EABL,"C. Sanchez Falette, H. Sheehan, J. Bobkowski, S. Latidan, Z. Trezvant",Barking Abbey EABL,"A. Maitland, F. Oguntuase, K. Mabaya, O. Visockas, R. Connolly",1,107,1.8,1.3,2,1,4,25,0,3,0,0,0,0,3,1,4,0,0,1,0,0,2,1,4,25,0,1,0,0,0,0,2,0,2,0,0,0,0,1,0.8,1.9,253.2,107.5,145.6,107.5,253.2,-145.6,0,0,0,0,0,0,0,0,0,0,0,0,0,0,0,0,0,0,0,0,0,0,0,0,0,0,0,0,0,0,0,0,0
Itchen College EABL,"E. Round, J. Osei-Owusu, M. Yeates, R. Radu, T. Blower",Charnwood College Riders EABL,"F. Saeed, J. Hardy, O. Hambira, S. Morris, T. Pearson",1,56,0.9,1.3,2,0,3,0,0,1,0,2,2,100,2,0,2,0,0,0,0,0,3,1,1,100,1,1,100,0,0,0,0,0,0,1,0,1,1,1,0.7,2.0,298.5,150,148.5,150,298.5,-148.5,-1,0,0,0,0,0,0,0,0,0,0,0,0,0,0,0,0,0,0,0,0,0,0,0,0,0,0,0,0,0,0,0,0
Itchen College EABL,"B. Cope, D. Cimochowski, E. Round, J. Osei-Owusu, T. Blower",Charnwood College Riders EABL,"F. Saeed, J. Hardy, O. Hambira, T. Pearson, Z. Gleadell-Smith",1,79,1.3,1.3,1,0,5,0,0,1,0,1,2,50,3,0,3,0,1,0,0,0,0,0,0,0,0,0,0,0,0,0,0,0,0,0,0,1,2,3,0.5,2.0,188.7,0,188.7,0,188.7,-188.7,1,0,0,0,0,0,0,0,0,0,0,0,0,0,0,0,0,0,0,0,0,0,0,0,0,0,0,0,0,0,0,0,0
Manchester Magic Academy EABL,"A. Sagay Isiorho, J. Odongo, J. Walton, N. Brown, O. Babalola",Charnwood College Riders EABL,"L. Boothe, R. Buckingham, S. Morris, T. Curran, T. Pearson",1,43,0.7,1.2,0,0,1,0,0,1,0,0,0,0,0,1,1,0,0,0,0,1,0,0,1,0,0,1,0,0,2,0,1,1,2,0,0,0,0,0,1.0,1.3,0,0,0,0,0,0,0,0,0,0,0,0,0,0,0,0,0,0,0,0,0,0,0,0,0,0,0,0,0,0,0,0,0,0,0,0,0,0,0
SGS College EABL,"D. Lloyd, I. Toure, K. Ramirez Mora, M. Perez Tosca, S. Nelson",Myerscough College EABL,"C. Sanchez Falette, H. Sheehan, J. Bobkowski, S. Latidan, S. Latidan",1,36,0.6,1.2,0,0,0,0,0,0,0,0,0,0,0,0,0,0,0,1,1,2,2,1,2,50,0,0,0,0,1,0,2,0,2,0,0,0,0,0,1.0,1.4,0,146,-146,146,0,146,-2,0,0,0,0,0,0,0,0,0,0,0,0,0,0,0,0,0,0,0,0,0,0,0,0,0,0,0,0,0,0,0,0
City of London Academy - Southwark EABL,"B. Olowoshile, D. Banjoko, D. Banjoko, J. Hannick, T. Gass",Itchen College EABL,"A. Ben-Uloko, B. Cope, E. Round, J. Osei-Owusu, T. Blower",1,48,0.8,1.2,2,1,1,100,0,0,0,0,1,0,1,0,1,0,1,0,0,0,0,0,0,0,0,0,0,0,0,0,0,0,0,0,0,0,1,1,1.4,1.0,138.9,0,138.9,0,138.9,-138.9,2,0,0,0,0,0,0,0,0,0,0,0,0,0,0,0,0,0,0,0,0,0,0,0,0,0,0,0,0,0,0,0,0
City of London Academy - Southwark EABL,"A. Nwokolo, D. Banjoko, D. Banjoko, J. Hannick, T. Gass",Itchen College EABL,"E. Round, J. Ofman, J. Osei-Owusu, M. Edwards, T. Blower",1,30,0.5,1.2,4,0,0,0,0,0,0,4,4,100,0,0,0,0,0,0,0,1,1,0,2,0,0,2,0,1,2,50,1,0,1,0,0,0,0,1,1.8,0.7,227.3,135.1,92.1,135.1,227.3,-92.1,3,0,0,0,0,0,0,0,0,0,0,0,0,0,0,0,0,0,0,0,0,0,0,0,0,0,0,0,0,0,0,0,0
Manchester Magic Academy EABL,"J. Walton, L. Clayton, O. Babalola, S. Sidi-Boumedine, T. Richardson",Derby College Trailblazers EABL,"C. Burr, G. Pastor, J. Howlett, L. Ngomti, M. Smith-Fjordland",1,13,0.2,1.2,2,1,1,100,0,0,0,0,0,0,0,1,1,1,0,0,0,0,0,0,1,0,0,1,0,0,2,0,1,0,1,0,0,0,0,0,1.0,1.3,200,0,200,0,200,-200,2,0,0,0,0,0,0,0,0,0,0,0,0,0,0,0,0,0,0,0,0,0,0,0,0,0,0,0,0,0,0,0,0
HHS Reading Rockets EABL,"C. Okumus, J. Waterhouse, M. Daines, M. Hassan-Taylor, S. Ejiofor",City of London Academy - Southwark EABL,"A. Morentin, B. Olowoshile, D. Banjoko, D. Patel, T. Gass",1,50,0.8,1.2,2,1,2,50,0,0,0,0,0,0,1,0,1,0,0,0,0,0,1,0,1,0,0,1,0,1,1,100,0,0,0,0,0,0,0,0,0.9,1.4,215.1,69.4,145.6,69.4,215.1,-145.6,1,0,0,0,0,0,0,0,0,0,0,0,0,0,0,0,0,0,0,0,0,0,0,0,0,0,0,0,0,0,0,0,0
Oaklands Wolves EABL,"D. Kostadinov, E. Da Cruz Fatuda, G. Mitchell, L. Mcintosh, T. Mcintosh",Itchen College EABL,"E. Round, J. Ofman, M. Yeates, R. Radu, T. Blower",1,24,0.4,1.2,1,0,1,0,0,0,0,1,1,100,0,1,1,0,0,0,0,0,0,0,1,0,0,1,0,0,0,0,0,1,1,0,0,0,0,1,1.4,1.0,69.4,0,69.4,0,69.4,-69.4,1,0,0,0,0,0,0,0,0,0,0,0,0,0,0,0,0,0,0,0,0,0,0,0,0,0,0,0,0,0,0,0,0
Oaklands Wolves EABL,"E. Da Cruz Fatuda, E. Ryan, G. Mitchell, L. Mcintosh, T. Mcintosh",Itchen College EABL,"G. Andrews, J. Osei-Owusu, M. Edwards, R. Radu, T. Blower",1,48,0.8,1.2,1,0,1,0,0,0,0,1,1,100,0,1,1,0,0,0,0,0,0,0,1,0,0,1,0,0,0,0,0,1,1,0,0,0,0,0,1.4,1.0,69.4,0,69.4,0,69.4,-69.4,1,0,0,0,0,0,0,0,0,0,0,0,0,0,0,0,0,0,0,0,0,0,0,0,0,0,0,0,0,0,0,0,0
BMET City of Birmingham Rockets EABL,"J. Agbeze, J. Kesto, L. Duru, P. Basioudis, P. Walsh",Manchester Magic Academy EABL,"J. Walton, L. Clayton, S. Sidi-Boumedine, T. Kamal Kazmi, T. Richardson",1,27,0.5,1.2,2,1,1,100,0,0,0,0,1,0,1,1,2,0,0,0,0,0,0,0,1,0,0,1,0,0,0,0,0,0,0,0,0,0,0,0,1.4,1.0,138.9,0,138.9,0,138.9,-138.9,2,0,0,0,0,0,0,0,0,0,0,0,0,0,0,0,0,0,0,0,0,0,0,0,0,0,0,0,0,0,0,0,0
BMET City of Birmingham Rockets EABL,"A. Camara, D. Pittaway, G. Angoy, G. Singh, P. Walsh",Manchester Magic Academy EABL,"D. Allotey, H. Blake, J. Walton, T. Kamal Kazmi, T. Weekes",1,21,0.3,1.2,1,0,0,0,0,0,0,1,1,100,0,0,0,0,0,0,1,0,2,1,1,100,0,0,0,0,0,0,0,0,0,0,1,0,0,0,1.4,1.0,69.4,200,-130.6,200,69.4,130.6,-1,0,0,0,0,0,0,0,0,0,0,0,0,0,0,0,0,0,0,0,0,0,0,0,0,0,0,0,0,0,0,0,0
Derby College Trailblazers EABL,"C. Burr, E. Rice, G. Pastor, M. Smith-Fjordland, W. Tallon",Charnwood College Riders EABL,"D. Hanousek, L. Stevenson, R. Buckingham, T. Pearson, Z. Gleadell-Smith",1,41,0.7,1.2,0,0,0,0,0,0,0,0,0,0,0,1,1,0,0,0,1,0,1,0,1,0,0,0,0,1,1,100,0,0,0,0,1,0,0,1,1.0,1.4,0,69.4,-69.4,69.4,0,69.4,-1,0,0,0,0,0,0,0,0,0,0,0,0,0,0,0,0,0,0,0,0,0,0,0,0,0,0,0,0,0,0,0,0
Itchen College EABL,"D. Cimochowski, G. Andrews, J. Osei-Owusu, R. Radu, T. Blower",HHS Reading Rockets EABL,"C. Okumus, J. Waterhouse, L. Bakary, L. Franicis, M. Hassan-Taylor",1,41,0.7,1.2,2,1,2,50,0,0,0,0,0,0,1,0,1,0,0,0,0,1,3,1,1,100,0,0,0,1,1,100,0,0,0,1,0,0,0,0,0.9,1.4,215.1,208.3,6.7,208.3,215.1,-6.7,-1,0,0,0,0,0,0,0,0,0,0,0,0,0,0,0,0,0,0,0,0,0,0,0,0,0,0,0,0,0,0,0,0
Itchen College EABL,"B. Cope, G. Andrews, J. Osei-Owusu, M. Yeates, R. Radu",HHS Reading Rockets EABL,"C. Okumus, E. Harrington, J. Mackinnon, J. Waterhouse, M. Hassan-Taylor",1,18,0.3,1.2,2,1,1,100,0,0,0,0,3,0,1,0,1,1,0,0,0,0,0,0,0,0,0,0,0,0,0,0,0,0,0,0,0,0,0,1,2.3,0.1,86.2,0,86.2,0,86.2,-86.2,2,0,0,0,0,0,0,0,0,0,0,0,0,0,0,0,0,0,0,0,0,0,0,0,0,0,0,0,0,0,0,0,0
Derby College Trailblazers EABL,"C. Burr, D. Barima, E. Norman, J. Howlett, M. Smith-Fjordland",Myerscough College EABL,"A. Ibirinde, D. Okhuoya, J. Bobkowski, N. Byfield, S. Latidan",1,57,0.9,1.2,0,0,0,0,0,0,0,0,0,0,0,0,0,0,0,0,1,2,2,1,2,50,0,0,0,0,1,0,2,0,2,0,0,0,0,0,1.0,1.4,0,146,-146,146,0,146,-2,0,0,0,0,0,0,0,0,0,0,0,0,0,0,0,0,0,0,0,0,0,0,0,0,0,0,0,0,0,0,0,0
Manchester Magic Academy EABL,"A. Sagay Isiorho, D. Allotey, J. Walton, S. Sidi-Boumedine, T. Richardson",SGS College EABL,"A. Bennett, A. Odowa, K. Ramirez Mora, M. Alburo, R. Roach",1,42,0.7,1.2,3,1,1,100,0,0,0,1,1,100,0,1,1,1,0,0,0,0,0,0,1,0,0,1,0,0,0,0,0,0,0,0,0,0,0,1,1.4,1.0,208.3,0,208.3,0,208.3,-208.3,3,0,0,0,0,0,0,0,0,0,0,0,0,0,0,0,0,0,0,0,0,0,0,0,0,0,0,0,0,0,0,0,0
Itchen College EABL,"B. Cope, E. Lotriet, E. Round, J. Osei-Owusu, M. Yeates",City of London Academy - Southwark EABL,"A. Nwokolo, D. Banjoko, N. Senessie, R. Testfay, T. Gass",1,29,0.5,1.2,1,0,1,0,0,0,0,1,1,100,0,1,1,0,0,0,0,1,0,0,1,0,0,1,0,0,0,0,0,1,1,0,0,0,0,0,1.4,1.0,69.4,0,69.4,0,69.4,-69.4,1,0,0,0,0,0,0,0,0,0,0,0,0,0,0,0,0,0,0,0,0,0,0,0,0,0,0,0,0,0,0,0,0
Charnwood College Riders EABL,"D. Hanousek, L. Boothe, R. Buckingham, T. Curran, Z. Gleadell-Smith",Manchester Magic Academy EABL,"A. Sagay Isiorho, H. Blake, J. Odongo, N. Brown, T. Kamal Kazmi",1,38,0.6,1.2,2,0,0,0,0,0,0,2,3,66.7,0,1,1,0,0,0,0,0,0,0,1,0,0,0,0,0,0,0,0,1,1,0,0,0,0,1,1.3,1.0,151.5,0,151.5,0,151.5,-151.5,2,0,0,0,0,0,0,0,0,0,0,0,0,0,0,0,0,0,0,0,0,0,0,0,0,0,0,0,0,0,0,0,0
Itchen College EABL,"D. Cimochowski, E. Lotriet, J. Ofman, R. Radu, T. Blower",Oaklands Wolves EABL,"D. Gladstone, D. Kostadinov, E. Da Cruz Fatuda, G. Mitchell, L. Mcintosh",1,29,0.5,1.2,3,1,1,100,0,0,0,1,1,100,0,0,0,1,0,0,0,1,1,0,0,0,0,0,0,1,2,50,0,0,0,0,0,0,0,1,1.4,0.9,208.3,113.6,94.7,113.6,208.3,-94.7,2,0,0,0,0,0,0,0,0,0,0,0,0,0,0,0,0,0,0,0,0,0,0,0,0,0,0,0,0,0,0,0,0
SGS College EABL,"A. Odowa, D. Lloyd, I. Toure, M. Alburo, M. Perez Tosca",Charnwood College Riders EABL,"O. Hambira, P. Kattah, T. Curran, T. Pearson, Z. Gleadell-Smith",1,17,0.3,1.2,0,0,0,0,0,0,0,0,0,0,0,1,1,0,0,0,1,0,1,0,1,0,0,0,0,1,1,100,0,0,0,0,1,0,0,1,1.0,1.4,0,69.4,-69.4,69.4,0,69.4,-1,0,0,0,0,0,0,0,0,0,0,0,0,0,0,0,0,0,0,0,0,0,0,0,0,0,0,0,0,0,0,0,0
HHS Reading Rockets EABL,"A. Moloney, E. Harrington, J. Waterhouse, L. Bakary, M. Daines",Oaklands Wolves EABL,"D. Kostadinov, E. Da Cruz Fatuda, E. Ryan, G. Mitchell, H. Morrell",1,64,1.1,1.2,2,1,1,100,0,0,0,0,0,0,0,1,1,0,0,1,0,2,1,0,3,0,0,1,0,1,2,50,3,0,3,0,0,0,0,0,1.0,1.5,200,67.9,132.1,67.9,200,-132.1,1,0,0,0,0,0,0,0,0,0,0,0,0,0,0,0,0,0,0,0,0,0,0,0,0,0,0,0,0,0,0,0,0
Itchen College EABL,"D. Cimochowski, E. Round, J. Ofman, R. Radu, T. Blower",Barking Abbey EABL,"A. Maitland, A. Nwabueze, J. Mendes, K. Mabaya, R. Connolly",1,6,0.1,1.2,1,0,0,0,0,0,0,1,1,100,0,0,0,0,0,0,1,0,0,0,1,0,0,1,0,0,0,0,0,0,0,0,1,0,0,1,1.4,1.0,69.4,0,69.4,0,69.4,-69.4,1,0,0,0,0,0,0,0,0,0,0,0,0,0,0,0,0,0,0,0,0,0,0,0,0,0,0,0,0,0,0,0,0
HHS Reading Rockets EABL,"C. Okumus, J. Mackinnon, J. Waterhouse, M. Daines, M. Hassan-Taylor",Barking Abbey EABL,"F. Cole, F. Oguntuase, K. N'gabala, M. Filho, S. Dobson Smith",1,40,0.7,1.2,2,1,1,100,0,0,0,0,1,0,0,0,0,0,0,0,0,1,2,1,1,100,0,0,0,0,0,0,0,1,1,1,0,0,0,1,1.4,1.0,138.9,200,-61.1,200,138.9,61.1,0,0,0,0,0,0,0,0,0,0,0,0,0,0,0,0,0,0,0,0,0,0,0,0,0,0,0,0,0,0,0,0,0
Charnwood College Riders EABL,"A. Young, F. Saeed, L. Boothe, P. Kattah, T. Pearson",BMET City of Birmingham Rockets EABL,"A. Camara, J. Agbeze, L. Duru, P. Basioudis, S. Chikukwa",1,6,0.1,1.2,1,0,1,0,0,1,0,1,2,50,1,0,1,0,0,0,0,0,0,0,0,0,0,0,0,0,0,0,0,1,1,0,0,0,1,0,1.3,1.0,74.3,0,74.3,0,74.3,-74.3,1,0,0,0,0,0,0,0,0,0,0,0,0,0,0,0,0,0,0,0,0,0,0,0,0,0,0,0,0,0,0,0,0
Myerscough College EABL,"D. Okhuoya, H. Sheehan, J. Bobkowski, L. Farrell, S. Latidan",Derby College Trailblazers EABL,"C. Burr, F. Tuck, J. Lemanski, K. Zidonis, W. Tallon",1,35,0.6,1.2,2,1,1,100,0,0,0,0,1,0,0,1,1,0,0,0,0,0,0,0,1,0,0,0,0,0,0,0,0,0,0,0,0,0,0,1,1.4,1.0,138.9,0,138.9,0,138.9,-138.9,2,0,0,0,0,0,0,0,0,0,0,0,0,0,0,0,0,0,0,0,0,0,0,0,0,0,0,0,0,0,0,0,0
Myerscough College EABL,"F. Morgan, J. Bobkowski, O. Esingle, S. Latidan, Z. Trezvant",Barking Abbey EABL,"J. Mendes, K. Mabaya, O. Visockas, R. Connolly, S. Dobson Smith",1,40,0.7,1.2,0,0,3,0,0,1,0,0,0,0,1,0,1,0,1,0,0,0,0,0,1,0,0,0,0,0,0,0,1,1,2,0,0,0,1,0,1.4,0.9,0,0,0,0,0,0,0,0,0,0,0,0,0,0,0,0,0,0,0,0,0,0,0,0,0,0,0,0,0,0,0,0,0,0,0,0,0,0,0
Myerscough College EABL,"C. Sanchez Falette, F. Morgan, J. Bobkowski, S. Latidan, Z. Trezvant",Barking Abbey EABL,"A. Maitland, J. Mendes, K. Mabaya, O. Visockas, R. Connolly",1,52,0.9,1.2,0,0,3,0,0,2,0,0,0,0,1,0,1,0,0,0,0,0,0,0,0,0,0,0,0,0,0,0,0,1,1,0,0,0,1,0,1.4,1.0,0,0,0,0,0,0,0,0,0,0,0,0,0,0,0,0,0,0,0,0,0,0,0,0,0,0,0,0,0,0,0,0,0,0,0,0,0,0,0
City of London Academy - Southwark EABL,"A. Nwokolo, J. Hannick, L. Thompson, R. Testfay, T. Gass",Derby College Trailblazers EABL,"C. Burr, G. Pastor, J. Howlett, J. Lemanski, L. Ngomti",1,30,0.5,1.2,2,1,1,100,0,0,0,0,1,0,0,1,1,0,0,0,0,0,0,0,1,0,0,1,0,0,0,0,0,1,1,0,0,0,0,1,1.4,1.0,138.9,0,138.9,0,138.9,-138.9,2,0,0,0,0,0,0,0,0,0,0,0,0,0,0,0,0,0,0,0,0,0,0,0,0,0,0,0,0,0,0,0,0
Charnwood College Riders EABL,"F. Saeed, J. Hardy, O. Hambira, P. Kattah, T. Curran",Oaklands Wolves EABL,"D. Gladstone, D. Kostadinov, G. Mitchell, L. Mcintosh, T. Mcintosh",1,39,0.7,1.2,0,0,1,0,0,0,0,0,0,0,0,0,0,0,0,0,0,0,4,1,1,100,1,1,100,1,1,100,0,0,0,1,0,0,0,0,1.0,1.4,0,277.8,-277.8,277.8,0,277.8,-4,0,0,0,0,0,0,0,0,0,0,0,0,0,0,0,0,0,0,0,0,0,0,0,0,0,0,0,0,0,0,0,0
HHS Reading Rockets EABL,"E. Harrington, J. Mackinnon, L. Bakary, M. Daines, M. Hassan-Taylor",SGS College EABL,"A. Odowa, J. Grajcar, L. Matthews, M. Alburo, Z. Lawson",1,43,0.7,1.2,3,1,1,100,0,0,0,1,1,100,0,1,1,1,0,0,0,1,0,0,1,0,0,1,0,0,0,0,0,0,0,0,0,0,0,0,1.4,1.0,208.3,0,208.3,0,208.3,-208.3,3,0,0,0,0,0,0,0,0,0,0,0,0,0,0,0,0,0,0,0,0,0,0,0,0,0,0,0,0,0,0,0,0
City of London Academy - Southwark EABL,"A. Nwokolo, B. Olowoshile, D. Banjoko, D. Patel, J. Hannick",Myerscough College EABL,"C. Sanchez Falette, D. Okhuoya, J. Bobkowski, O. Esingle, S. Latidan",1,60,1.0,1.2,0,0,1,0,0,1,0,0,0,0,0,1,1,0,0,0,0,1,2,1,1,100,0,0,0,0,1,0,0,1,1,0,0,0,0,0,1.0,1.4,0,138.9,-138.9,138.9,0,138.9,-2,0,0,0,0,0,0,0,0,0,0,0,0,0,0,0,0,0,0,0,0,0,0,0,0,0,0,0,0,0,0,0,0
BMET City of Birmingham Rockets EABL,"B. Rose, G. Angoy, J. Agbeze, L. Duru, P. Walsh",Manchester Magic Academy EABL,"H. Blake, L. Clayton, S. Sidi-Boumedine, T. Kamal Kazmi, T. Weekes",1,69,1.1,1.1,2,1,5,20,0,1,0,0,1,0,5,0,5,0,0,0,0,0,2,1,1,100,0,0,0,0,0,0,0,0,0,1,0,0,0,1,1.2,1.0,172.4,200,-27.6,200,172.4,27.6,0,0,0,0,0,0,0,0,0,0,0,0,0,0,0,0,0,0,0,0,0,0,0,0,0,0,0,0,0,0,0,0,0
Itchen College EABL,"A. Ben-Uloko, D. Cimochowski, G. Andrews, R. Radu, T. Blower",HHS Reading Rockets EABL,"C. Okumus, E. Harrington, J. Waterhouse, L. Bakary, M. Hassan-Taylor",1,38,0.6,1.1,0,0,3,0,0,0,0,0,0,0,2,0,2,0,0,0,0,1,3,1,1,100,0,0,0,1,1,100,0,1,1,1,0,1,0,0,0.9,1.4,0,208.3,-208.3,208.3,0,208.3,-3,0,0,0,0,0,0,0,0,0,0,0,0,0,0,0,0,0,0,0,0,0,0,0,0,0,0,0,0,0,0,0,0
Barking Abbey EABL,"F. Cole, J. Mendes, K. N'gabala, M. Matser, R. Connolly",Copleston High School EABL,"E. Tamakloe, I. Carty-Peters, M. Liddamore, N. Wilkinson, T. Rafiu",1,60,1.0,1.1,3,1,4,25,0,1,0,1,1,100,3,1,4,0,0,0,0,0,0,0,2,0,0,2,0,0,0,0,1,0,1,0,0,0,0,1,1.2,0.9,243.9,0,243.9,0,243.9,-243.9,3,0,0,0,0,0,0,0,0,0,0,0,0,0,0,0,0,0,0,0,0,0,0,0,0,0,0,0,0,0,0,0,0
Barking Abbey EABL,"J. Mendes, K. N'gabala, M. Filho, O. Visockas, R. Connolly",City of London Academy - Southwark EABL,"A. Nwokolo, D. Banjoko, D. Patel, J. Hannick, T. Gass",1,47,0.8,1.1,1,0,1,0,0,1,0,1,3,33.3,1,1,2,1,0,0,0,0,0,0,1,0,0,0,0,0,0,0,0,0,0,0,0,0,0,1,1.3,1.0,80,0,80,0,80,-80,1,0,0,0,0,0,0,0,0,0,0,0,0,0,0,0,0,0,0,0,0,0,0,0,0,0,0,0,0,0,0,0,0
HHS Reading Rockets EABL,"A. Moloney, C. Okumus, J. Mackinnon, M. Daines, M. Hassan-Taylor",Itchen College EABL,"D. Cimochowski, E. Round, J. Osei-Owusu, R. Radu, T. Blower",1,26,0.4,1.1,0,0,0,0,0,0,0,0,0,0,0,0,0,0,0,1,0,1,4,1,2,50,1,1,100,1,3,33.3,3,0,3,1,0,0,0,1,0.1,2.2,0,177.8,-177.8,177.8,0,177.8,-4,0,0,0,0,0,0,0,0,0,0,0,0,0,0,0,0,0,0,0,0,0,0,0,0,0,0,0,0,0,0,0,0
City of London Academy - Southwark EABL,"A. Nwokolo, D. Banjoko, J. Hannick, L. Thompson, S. Shirwac",Derby College Trailblazers EABL,"C. Burr, E. Norman, G. Pastor, J. Howlett, L. Ngomti",1,44,0.7,1.1,4,1,3,33.3,0,0,0,2,3,66.7,3,0,3,0,0,0,0,0,0,0,0,0,0,0,0,0,0,0,0,0,0,0,0,0,0,1,2.2,0.1,183.5,0,183.5,0,183.5,-183.5,4,0,0,0,0,0,0,0,0,0,0,0,0,0,0,0,0,0,0,0,0,0,0,0,0,0,0,0,0,0,0,0,0
Manchester Magic Academy EABL,"A. Isiorho, H. Blake, J. Walton, L. Clayton, O. Babalola",Myerscough College EABL,"C. Sanchez Falette, H. Sheehan, O. Esingle, S. Laditan, Z. Trezvant",1,35,0.6,1.1,0,0,1,0,0,1,0,0,0,0,0,0,0,0,0,0,0,1,3,1,3,33.3,0,1,0,1,1,100,2,0,2,0,0,0,0,0,1.0,1.3,0,230.8,-230.8,230.8,0,230.8,-3,0,0,0,0,0,0,0,0,0,0,0,0,0,0,0,0,0,0,0,0,0,0,0,0,0,0,0,0,0,0,0,0
Manchester Magic Academy EABL,"D. Allotey, H. Blake, O. Babalola, S. Sidi-Boumedine, T. Weekes",Charnwood College Riders EABL,"A. Oyerinde, P. Kattah, S. Morris, T. Curran, T. Pearson",1,24,0.4,1.0,0,0,1,0,0,0,0,0,0,0,0,0,0,0,0,0,0,0,0,0,1,0,0,0,0,0,0,0,0,1,1,0,0,0,0,0,1.0,1.0,0,0,0,0,0,0,0,0,0,0,0,0,0,0,0,0,0,0,0,0,0,0,0,0,0,0,0,0,0,0,0,0,0,0,0,0,0,0,0
Manchester Magic Academy EABL,"D. Allotey, J. Odongo, J. Walton, N. Brown, T. Kamal Kazmi",Charnwood College Riders EABL,"D. Hanousek, D. Stephens, L. Boothe, R. Buckingham, T. Curran",1,31,0.5,1.0,0,0,1,0,0,0,0,0,0,0,0,0,0,0,0,0,0,0,2,1,1,100,0,0,0,0,0,0,0,1,1,0,0,0,0,0,1.0,1.0,0,200,-200,200,0,200,-2,0,0,0,0,0,0,0,0,0,0,0,0,0,0,0,0,0,0,0,0,0,0,0,0,0,0,0,0,0,0,0,0
Manchester Magic Academy EABL,"J. Odongo, J. Walton, L. Clayton, N. Brown, O. Babalola",Charnwood College Riders EABL,"L. Boothe, R. Buckingham, S. Morris, T. Curran, T. Pearson",1,36,0.6,1.0,0,0,1,0,0,1,0,0,0,0,0,0,0,0,0,0,0,0,2,1,1,100,0,0,0,0,0,0,0,0,0,0,0,0,0,1,1.0,1.0,0,200,-200,200,0,200,-2,0,0,0,0,0,0,0,0,0,0,0,0,0,0,0,0,0,0,0,0,0,0,0,0,0,0,0,0,0,0,0,0
Manchester Magic Academy EABL,"H. Blake, J. Walton, N. Brown, O. Babalola, S. Sidi-Boumedine",Charnwood College Riders EABL,"D. Hanousek, P. Kattah, R. Buckingham, S. Morris, T. Pearson",1,15,0.2,1.0,0,0,1,0,0,0,0,0,0,0,0,0,0,0,0,0,0,0,0,0,0,0,0,0,0,0,0,0,0,1,1,0,0,0,1,0,1.0,1.0,0,0,0,0,0,0,0,0,0,0,0,0,0,0,0,0,0,0,0,0,0,0,0,0,0,0,0,0,0,0,0,0,0,0,0,0,0,0,0
SGS College EABL,"C. Benjamin, D. Lloyd, I. Toure, M. Perez Tosca, S. Nelson",Myerscough College EABL,"H. Sheehan, L. Farrell, O. Esingle, S. Latidan, Z. Trezvant",1,38,0.6,1.0,3,1,1,100,1,1,100,0,0,0,0,1,1,1,0,0,0,0,0,0,1,0,0,0,0,0,0,0,0,0,0,0,0,0,0,1,1.0,1.0,300,0,300,0,300,-300,3,0,0,0,0,0,0,0,0,0,0,0,0,0,0,0,0,0,0,0,0,0,0,0,0,0,0,0,0,0,0,0,0
SGS College EABL,"D. Lloyd, K. Ramirez Mora, K. Richards, M. Alburo, S. Nelson",Myerscough College EABL,"H. Sheehan, J. Bobkowski, O. Esingle, S. Latidan, Z. Trezvant",1,39,0.7,1.0,0,0,2,0,0,2,0,0,0,0,1,0,1,0,1,0,0,1,0,0,0,0,0,0,0,0,0,0,0,1,1,0,0,0,1,0,0.9,1.0,0,0,0,0,0,0,0,0,0,0,0,0,0,0,0,0,0,0,0,0,0,0,0,0,0,0,0,0,0,0,0,0,0,0,0,0,0,0,0
SGS College EABL,"D. Lloyd, I. Toure, M. Alburo, M. Perez Tosca, M. Pospori",Myerscough College EABL,"H. Sheehan, J. Bobkowski, O. Esingle, S. Latidan, Z. Trezvant",1,48,0.8,1.0,0,0,0,0,0,0,0,0,0,0,0,0,0,0,0,0,1,0,2,1,1,100,0,0,0,0,0,0,0,0,0,0,1,0,0,1,1.0,1.0,0,200,-200,200,0,200,-2,0,0,0,0,0,0,0,0,0,0,0,0,0,0,0,0,0,0,0,0,0,0,0,0,0,0,0,0,0,0,0,0
City of London Academy - Southwark EABL,"B. Olowoshile, D. Banjoko, D. Banjoko, D. Patel, T. Gass",Itchen College EABL,"B. Cope, E. Round, J. Ofman, M. Yeates, T. Blower",1,51,0.8,1.0,0,0,1,0,0,1,0,0,0,0,0,1,1,0,0,0,0,0,0,0,1,0,0,1,0,0,0,0,0,1,1,0,0,0,0,0,1.0,1.0,0,0,0,0,0,0,0,0,0,0,0,0,0,0,0,0,0,0,0,0,0,0,0,0,0,0,0,0,0,0,0,0,0,0,0,0,0,0,0
City of London Academy - Southwark EABL,"A. Nwokolo, D. Banjoko, D. Patel, S. Shirwac, T. Gass",Itchen College EABL,"B. Cope, E. Round, G. Andrews, J. Ofman, M. Yeates",1,53,0.9,1.0,0,0,1,0,0,0,0,0,0,0,1,0,1,0,0,0,1,0,2,1,1,100,0,0,0,0,0,0,0,0,0,1,1,0,0,1,0.9,1.0,0,200,-200,200,0,200,-2,0,0,0,0,0,0,0,0,0,0,0,0,0,0,0,0,0,0,0,0,0,0,0,0,0,0,0,0,0,0,0,0
City of London Academy - Southwark EABL,"A. Nwokolo, B. Olowoshile, D. Banjoko, J. Hannick, R. Nunn",Itchen College EABL,"B. Cope, E. Round, J. Osei-Owusu, M. Edwards, T. Blower",1,28,0.5,1.0,0,0,0,0,0,0,0,0,0,0,0,1,1,0,0,0,1,0,0,0,1,0,0,1,0,0,0,0,0,0,0,0,0,0,0,0,1.0,1.0,0,0,0,0,0,0,0,0,0,0,0,0,0,0,0,0,0,0,0,0,0,0,0,0,0,0,0,0,0,0,0,0,0,0,0,0,0,0,0
City of London Academy - Southwark EABL,"D. Banjoko, D. Banjoko, D. Patel, R. Nunn, T. Gass",Itchen College EABL,"B. Cope, E. Round, J. Osei-Owusu, M. Yeates, T. Blower",1,40,0.7,1.0,0,0,1,0,0,1,0,0,0,0,0,0,0,0,0,0,0,0,2,1,1,100,0,0,0,0,0,0,0,1,1,1,0,0,0,0,1.0,1.0,0,200,-200,200,0,200,-2,0,0,0,0,0,0,0,0,0,0,0,0,0,0,0,0,0,0,0,0,0,0,0,0,0,0,0,0,0,0,0,0
BMET City of Birmingham Rockets EABL,"G. Angoy, J. Agbeze, J. Hyland, L. Duru, P. Basioudis",SGS College EABL,"A. Odowa, D. Lloyd, K. Ramirez Mora, M. Alburo, M. Perez Tosca",1,48,0.8,1.0,0,0,0,0,0,0,0,0,0,0,0,1,1,0,0,0,1,1,0,0,2,0,0,1,0,0,0,0,1,0,1,0,0,0,0,0,1.0,0.9,0,0,0,0,0,0,0,0,0,0,0,0,0,0,0,0,0,0,0,0,0,0,0,0,0,0,0,0,0,0,0,0,0,0,0,0,0,0,0
Itchen College EABL,"D. Cimochowski, E. Lotriet, G. Andrews, J. Ofman, R. Radu",Copleston High School EABL,"A. Hickey, C. Fobister, J. Mussington, M. Wells, T. Rafiu",1,60,1.0,1.0,3,1,1,100,1,1,100,0,0,0,0,0,0,1,0,0,0,0,0,0,1,0,0,0,0,0,0,0,1,0,1,0,0,0,1,0,1.0,0.9,300,0,300,0,300,-300,3,0,0,0,0,0,0,0,0,0,0,0,0,0,0,0,0,0,0,0,0,0,0,0,0,0,0,0,0,0,0,0,0
Itchen College EABL,"E. Round, J. Osei-Owusu, L. Diala-Bevan, R. Radu, T. Blower",Copleston High School EABL,"I. Carty-Peters, I. Little, J. Mussington, N. Wilkinson, T. Rafiu",1,46,0.8,1.0,0,0,1,0,0,1,0,0,0,0,0,0,0,0,0,0,0,0,0,0,1,0,0,0,0,0,0,0,0,1,1,0,0,0,0,0,1.0,1.0,0,0,0,0,0,0,0,0,0,0,0,0,0,0,0,0,0,0,0,0,0,0,0,0,0,0,0,0,0,0,0,0,0,0,0,0,0,0,0
Itchen College EABL,"B. Cope, E. Lotriet, E. Round, J. Ofman, L. Diala-Bevan",Copleston High School EABL,"A. Hickey, C. Fobister, M. Liddamore, N. Wilkinson, T. Rafiu",1,32,0.5,1.0,2,1,1,100,0,0,0,0,0,0,0,0,0,0,1,0,0,0,0,0,0,0,0,0,0,0,0,0,0,0,0,0,0,0,1,0,1.0,1.0,200,0,200,0,200,-200,2,0,0,0,0,0,0,0,0,0,0,0,0,0,0,0,0,0,0,0,0,0,0,0,0,0,0,0,0,0,0,0,0
Itchen College EABL,"D. Cimochowski, E. Lotriet, G. Andrews, J. Osei-Owusu, R. Radu",Copleston High School EABL,"C. Fobister, I. Little, M. Liddamore, N. Wilkinson, T. Rafiu",1,28,0.5,1.0,0,0,1,0,0,1,0,0,0,0,0,0,0,0,0,0,0,0,2,1,1,100,0,0,0,0,0,0,0,1,1,1,0,0,0,2,1.0,1.0,0,200,-200,200,0,200,-2,0,0,0,0,0,0,0,0,0,0,0,0,0,0,0,0,0,0,0,0,0,0,0,0,0,0,0,0,0,0,0,0
Itchen College EABL,"D. Cimochowski, G. Andrews, J. Osei-Owusu, R. Radu, T. Blower",Copleston High School EABL,"C. Fobister, J. Mussington, M. Liddamore, M. Wells, T. Rafiu",1,12,0.2,1.0,2,1,1,100,0,0,0,0,0,0,0,0,0,1,0,0,0,1,0,0,1,0,0,0,0,0,0,0,0,0,0,0,0,0,0,0,1.0,1.0,200,0,200,0,200,-200,2,0,0,0,0,0,0,0,0,0,0,0,0,0,0,0,0,0,0,0,0,0,0,0,0,0,0,0,0,0,0,0,0
Myerscough College EABL,"A. Ibirinde, C. Sanchez Falette, N. Byfield, O. Esingle, S. Latidan",Manchester Magic Academy EABL,"J. Odongo, J. Walton, O. Babalola, S. Sidi-Boumedine, T. Kamal Kazmi",1,47,0.8,1.0,2,1,2,50,0,0,0,0,0,0,1,1,2,1,0,0,0,0,0,0,1,0,0,1,0,0,0,0,0,0,0,0,0,0,0,1,0.9,1.0,215.1,0,215.1,0,215.1,-215.1,2,0,0,0,0,0,0,0,0,0,0,0,0,0,0,0,0,0,0,0,0,0,0,0,0,0,0,0,0,0,0,0,0
Myerscough College EABL,"H. Sheehan, J. Bobkowski, O. Esingle, S. Latidan, Z. Trezvant",Manchester Magic Academy EABL,"A. Sagay Isiorho, H. Blake, J. Odongo, J. Walton, T. Kamal Kazmi",1,22,0.4,1.0,0,0,0,0,0,0,0,0,0,0,0,1,1,0,0,0,1,0,0,0,1,0,0,0,0,0,0,0,0,0,0,0,0,0,0,0,1.0,1.0,0,0,0,0,0,0,0,0,0,0,0,0,0,0,0,0,0,0,0,0,0,0,0,0,0,0,0,0,0,0,0,0,0,0,0,0,0,0,0
Myerscough College EABL,"D. Okhuoya, H. Sheehan, J. Bobkowski, O. Esingle, Z. Trezvant",Manchester Magic Academy EABL,"A. Sagay Isiorho, H. Blake, J. Odongo, J. Walton, T. Kamal Kazmi",1,21,0.3,1.0,0,0,0,0,0,0,0,0,0,0,0,0,0,0,1,0,1,0,0,0,0,0,0,0,0,0,0,0,0,0,0,0,0,0,1,0,1.0,1.0,0,0,0,0,0,0,0,0,0,0,0,0,0,0,0,0,0,0,0,0,0,0,0,0,0,0,0,0,0,0,0,0,0,0,0,0,0,0,0
Myerscough College EABL,"D. Okhuoya, H. Sheehan, J. Bobkowski, S. Latidan, Z. Trezvant",Manchester Magic Academy EABL,"A. Sagay Isiorho, H. Blake, J. Odongo, J. Walton, O. Babalola",1,55,0.9,1.0,0,0,1,0,0,1,0,0,0,0,0,1,1,0,0,1,0,0,0,0,1,0,0,0,0,0,0,0,0,1,1,0,0,0,0,0,1.0,1.0,0,0,0,0,0,0,0,0,0,0,0,0,0,0,0,0,0,0,0,0,0,0,0,0,0,0,0,0,0,0,0,0,0,0,0,0,0,0,0
City of London Academy - Southwark EABL,"A. Morentin, D. Banjoko, J. Hannick, L. Thompson, T. Gass",Barking Abbey EABL,"A. Maitland, J. Mendes, M. Filho, R. Connolly, S. Dobson Smith",1,2,0.0,1.0,0,0,0,0,0,0,0,0,0,0,0,0,0,0,0,0,1,0,0,0,1,0,0,1,0,0,0,0,0,0,0,0,1,0,0,0,1.0,1.0,0,0,0,0,0,0,0,0,0,0,0,0,0,0,0,0,0,0,0,0,0,0,0,0,0,0,0,0,0,0,0,0,0,0,0,0,0,0,0
City of London Academy - Southwark EABL,"D. Banjoko, D. Patel, L. Thompson, R. Cryer, T. Gass",Barking Abbey EABL,"A. Maitland, F. Oguntuase, J. Mendes, K. Mabaya, R. Connolly",1,24,0.4,1.0,0,0,0,0,0,0,0,0,0,0,0,1,1,0,0,0,1,0,0,0,1,0,0,1,0,0,0,0,0,0,0,0,0,0,0,0,1.0,1.0,0,0,0,0,0,0,0,0,0,0,0,0,0,0,0,0,0,0,0,0,0,0,0,0,0,0,0,0,0,0,0,0,0,0,0,0,0,0,0
Copleston High School EABL,"C. Fobister, E. Tamakloe, I. Little, M. Liddamore, T. Rafiu",Barking Abbey EABL,"F. Cole, K. Mabaya, M. Myamutenha, R. Connolly, S. Dobson Smith",1,21,0.3,1.0,0,0,0,0,0,0,0,0,0,0,0,0,0,0,0,0,1,0,2,1,1,100,0,0,0,0,0,0,0,0,0,0,1,0,0,0,1.0,1.0,0,200,-200,200,0,200,-2,0,0,0,0,0,0,0,0,0,0,0,0,0,0,0,0,0,0,0,0,0,0,0,0,0,0,0,0,0,0,0,0
Copleston High School EABL,"A. Hickey, E. Tamakloe, M. Liddamore, N. Wilkinson, O. Drane",Barking Abbey EABL,"E. Albrecht, J. Mendes, K. N'gabala, M. Myamutenha, R. Connolly",1,5,0.1,1.0,0,0,1,0,0,0,0,0,0,0,0,0,0,0,0,0,0,0,0,0,1,0,0,1,0,0,0,0,0,1,1,0,0,0,0,0,1.0,1.0,0,0,0,0,0,0,0,0,0,0,0,0,0,0,0,0,0,0,0,0,0,0,0,0,0,0,0,0,0,0,0,0,0,0,0,0,0,0,0
Copleston High School EABL,"C. Fobister, G. Millar, M. Liddamore, N. Wilkinson, T. Rafiu",Barking Abbey EABL,"J. Mendes, K. Mabaya, M. Filho, R. Connolly, S. Dobson Smith",1,29,0.5,1.0,0,0,0,0,0,0,0,0,0,0,0,0,0,0,0,0,1,0,3,1,1,100,1,1,100,0,0,0,0,0,0,1,0,0,0,0,1.0,1.0,0,300,-300,300,0,300,-3,0,0,0,0,0,0,0,0,0,0,0,0,0,0,0,0,0,0,0,0,0,0,0,0,0,0,0,0,0,0,0,0
Charnwood College Riders EABL,"D. Stephens, L. Boothe, R. Buckingham, T. Curran, Z. Gleadell-Smith",SGS College EABL,"D. Lloyd, K. Ramirez Mora, K. Richards, L. Matthews, M. Perez Tosca",1,27,0.5,1.0,0,0,0,0,0,0,0,0,0,0,0,0,0,0,0,0,0,0,0,0,1,0,0,0,0,0,0,0,1,0,1,0,0,0,2,1,0.1,1.9,0,0,0,0,0,0,0,0,0,0,0,0,0,0,0,0,0,0,0,0,0,0,0,0,0,0,0,0,0,0,0,0,0,0,0,0,0,0,0
Charnwood College Riders EABL,"A. Oyerinde, P. Kattah, R. Buckingham, S. Morris, T. Curran",SGS College EABL,"D. Lloyd, K. Ramirez Mora, L. Matthews, S. Nelson, W. Wewe",1,63,1.1,1.0,0,0,1,0,0,0,0,0,0,0,0,0,0,0,0,0,0,0,0,0,0,0,0,0,0,0,0,0,0,1,1,0,0,0,1,0,1.0,1.0,0,0,0,0,0,0,0,0,0,0,0,0,0,0,0,0,0,0,0,0,0,0,0,0,0,0,0,0,0,0,0,0,0,0,0,0,0,0,0
Manchester Magic Academy EABL,"A. Sagay Isiorho, H. Blake, L. Clayton, N. Brown, O. Babalola",Derby College Trailblazers EABL,"C. Burr, J. Howlett, L. Ngomti, M. Smith-Fjordland, R. Hobday",1,35,0.6,1.0,0,0,2,0,0,0,0,0,0,0,1,0,1,0,0,0,0,0,2,1,1,100,0,0,0,0,0,0,0,1,1,1,0,0,0,1,0.9,1.0,0,200,-200,200,0,200,-2,0,0,0,0,0,0,0,0,0,0,0,0,0,0,0,0,0,0,0,0,0,0,0,0,0,0,0,0,0,0,0,0
Manchester Magic Academy EABL,"J. Walton, L. Clayton, O. Babalola, S. Sidi-Boumedine, T. Richardson",Derby College Trailblazers EABL,"C. Burr, E. Rice, G. Pastor, J. Howlett, M. Smith-Fjordland",1,33,0.6,1.0,0,0,0,0,0,0,0,0,0,0,0,1,1,0,0,0,1,0,0,0,1,0,0,1,0,0,0,0,0,0,0,0,0,0,0,0,1.0,1.0,0,0,0,0,0,0,0,0,0,0,0,0,0,0,0,0,0,0,0,0,0,0,0,0,0,0,0,0,0,0,0,0,0,0,0,0,0,0,0
Manchester Magic Academy EABL,"J. Walton, L. Clayton, O. Babalola, S. Sidi-Boumedine, T. Richardson",Derby College Trailblazers EABL,"C. Burr, E. Rice, J. Lemanski, R. Hobday, W. Tallon",1,47,0.8,1.0,2,1,1,100,0,0,0,0,0,0,0,0,0,0,0,0,0,0,0,0,0,0,0,0,0,0,0,0,0,0,0,0,0,0,1,0,1.0,1.0,200,0,200,0,200,-200,2,0,0,0,0,0,0,0,0,0,0,0,0,0,0,0,0,0,0,0,0,0,0,0,0,0,0,0,0,0,0,0,0
Manchester Magic Academy EABL,"D. Allotey, J. Walton, O. Babalola, S. Sidi-Boumedine, T. Richardson",Derby College Trailblazers EABL,"C. Burr, E. Rice, J. Lemanski, R. Hobday, W. Tallon",1,29,0.5,1.0,0,0,1,0,0,1,0,0,0,0,0,0,0,0,0,0,0,1,2,1,1,100,0,0,0,0,0,0,0,1,1,1,0,0,0,1,1.0,1.0,0,200,-200,200,0,200,-2,0,0,0,0,0,0,0,0,0,0,0,0,0,0,0,0,0,0,0,0,0,0,0,0,0,0,0,0,0,0,0,0
Manchester Magic Academy EABL,"J. Walton, L. Clayton, N. Brown, O. Babalola, T. Kamal Kazmi",Derby College Trailblazers EABL,"C. Burr, E. Rice, M. Smith-Fjordland, R. Hobday, W. Tallon",1,38,0.6,1.0,0,0,0,0,0,0,0,0,0,0,0,0,0,0,0,0,1,0,0,0,0,0,0,0,0,0,0,0,0,0,0,0,1,0,1,1,1.0,1.0,0,0,0,0,0,0,0,0,0,0,0,0,0,0,0,0,0,0,0,0,0,0,0,0,0,0,0,0,0,0,0,0,0,0,0,0,0,0,0
Myerscough College EABL,"C. Sanchez Falette, D. Okhuoya, F. Morgan, N. Byfield, Z. Trezvant",BMET City of Birmingham Rockets EABL,"A. Camara, D. Pittaway, G. Singh, J. Hyland, P. Walsh",1,43,0.7,1.0,2,1,1,100,0,0,0,0,0,0,0,0,0,1,1,0,0,1,0,0,0,0,0,0,0,0,0,0,0,0,0,0,0,0,1,0,1.0,1.0,200,0,200,0,200,-200,2,0,0,0,0,0,0,0,0,0,0,0,0,0,0,0,0,0,0,0,0,0,0,0,0,0,0,0,0,0,0,0,0
Myerscough College EABL,"A. Ibirinde, C. Sanchez Falette, I. Idemudia, O. Esingle, S. Latidan",BMET City of Birmingham Rockets EABL,"G. Angoy, J. Agbeze, J. Ogbeide, L. Duru, P. Basioudis",1,10,0.2,1.0,0,0,0,0,0,0,0,0,0,0,0,0,0,0,1,0,1,0,0,0,0,0,0,0,0,0,0,0,0,0,0,0,0,0,1,0,1.0,1.0,0,0,0,0,0,0,0,0,0,0,0,0,0,0,0,0,0,0,0,0,0,0,0,0,0,0,0,0,0,0,0,0,0,0,0,0,0,0,0
HHS Reading Rockets EABL,"E. Harrington, M. Daines, M. Hassan-Taylor, N. Dent, S. Ejiofor",City of London Academy - Southwark EABL,"A. Nwokolo, D. Banjoko, D. Banjoko, D. Patel, T. Gass",1,9,0.1,1.0,0,0,0,0,0,0,0,0,0,0,0,0,0,0,0,0,1,0,2,1,1,100,0,0,0,0,0,0,0,0,0,1,0,0,0,0,1.0,1.0,0,200,-200,200,0,200,-2,0,0,0,0,0,0,0,0,0,0,0,0,0,0,0,0,0,0,0,0,0,0,0,0,0,0,0,0,0,0,0,0
HHS Reading Rockets EABL,"J. Waterhouse, L. Francis, M. Daines, M. Hassan-Taylor, S. Ejiofor",City of London Academy - Southwark EABL,"A. Morentin, A. Nwokolo, D. Banjoko, D. Patel, T. Gass",1,31,0.5,1.0,0,0,1,0,0,1,0,0,0,0,0,0,0,0,0,0,0,1,2,1,2,50,0,0,0,0,0,0,1,1,2,0,0,0,0,0,1.0,0.9,0,215.1,-215.1,215.1,0,215.1,-2,0,0,0,0,0,0,0,0,0,0,0,0,0,0,0,0,0,0,0,0,0,0,0,0,0,0,0,0,0,0,0,0
HHS Reading Rockets EABL,"C. Okumus, J. Waterhouse, M. Daines, M. Hassan-Taylor, S. Ejiofor",City of London Academy - Southwark EABL,"A. Morentin, B. Olowoshile, D. Banjoko, R. Testfay, T. Gass",1,11,0.2,1.0,0,0,1,0,0,0,0,0,0,0,0,0,0,0,1,0,0,1,0,0,0,0,0,0,0,0,0,0,0,1,1,0,0,1,1,0,1.0,1.0,0,0,0,0,0,0,0,0,0,0,0,0,0,0,0,0,0,0,0,0,0,0,0,0,0,0,0,0,0,0,0,0,0,0,0,0,0,0,0
HHS Reading Rockets EABL,"A. Moloney, E. Harrington, J. Mackinnon, M. Daines, S. Ejiofor",City of London Academy - Southwark EABL,"A. Nwokolo, D. Banjoko, D. Banjoko, D. Patel, T. Gass",1,41,0.7,1.0,3,1,1,100,1,1,100,0,0,0,0,1,1,1,0,0,0,0,0,0,1,0,0,0,0,0,0,0,0,0,0,0,0,0,0,1,1.0,1.0,300,0,300,0,300,-300,3,0,0,0,0,0,0,0,0,0,0,0,0,0,0,0,0,0,0,0,0,0,0,0,0,0,0,0,0,0,0,0,0
Oaklands Wolves EABL,"E. Ryan, G. Mitchell, H. Morrell, L. Mcintosh, T. Mcintosh",Itchen College EABL,"E. Lotriet, E. Round, J. Ofman, M. Yeates, R. Radu",1,29,0.5,1.0,3,1,1,100,1,1,100,0,0,0,0,1,1,1,0,0,0,0,0,0,1,0,0,0,0,0,0,0,0,0,0,0,0,0,0,0,1.0,1.0,300,0,300,0,300,-300,3,0,0,0,0,0,0,0,0,0,0,0,0,0,0,0,0,0,0,0,0,0,0,0,0,0,0,0,0,0,0,0,0
Oaklands Wolves EABL,"E. Da Cruz Fatuda, G. Mitchell, H. Morrell, K. Gasperas, T. Mcintosh",Itchen College EABL,"B. Cope, D. Cimochowski, E. Round, J. Ofman, T. Blower",1,25,0.4,1.0,0,0,1,0,0,1,0,0,0,0,0,0,0,0,0,0,0,0,2,1,1,100,0,0,0,0,0,0,0,1,1,1,0,0,0,1,1.0,1.0,0,200,-200,200,0,200,-2,0,0,0,0,0,0,0,0,0,0,0,0,0,0,0,0,0,0,0,0,0,0,0,0,0,0,0,0,0,0,0,0
BMET City of Birmingham Rockets EABL,"A. Camara, G. Singh, J. Kesto, P. Basioudis, P. Walsh",Manchester Magic Academy EABL,"J. Walton, L. Clayton, S. Sidi-Boumedine, T. Kamal Kazmi, T. Richardson",1,31,0.5,1.0,0,0,0,0,0,0,0,0,0,0,0,0,0,0,0,0,1,0,2,1,1,100,0,0,0,0,0,0,0,0,0,1,1,0,0,1,1.0,1.0,0,200,-200,200,0,200,-2,0,0,0,0,0,0,0,0,0,0,0,0,0,0,0,0,0,0,0,0,0,0,0,0,0,0,0,0,0,0,0,0
BMET City of Birmingham Rockets EABL,"B. Rose, G. Angoy, L. Duru, P. Basioudis, P. Walsh",Manchester Magic Academy EABL,"H. Blake, L. Clayton, S. Sidi-Boumedine, T. Kamal Kazmi, T. Weekes",1,11,0.2,1.0,0,0,1,0,0,0,0,0,0,0,0,0,0,0,0,0,0,0,0,0,0,0,0,0,0,0,0,0,0,1,1,0,0,0,1,0,1.0,1.0,0,0,0,0,0,0,0,0,0,0,0,0,0,0,0,0,0,0,0,0,0,0,0,0,0,0,0,0,0,0,0,0,0,0,0,0,0,0,0
BMET City of Birmingham Rockets EABL,"A. Camara, D. Pittaway, G. Angoy, G. Singh, J. Kesto",Manchester Magic Academy EABL,"D. Allotey, H. Blake, J. Walton, T. Kamal Kazmi, T. Weekes",1,18,0.3,1.0,0,0,0,0,0,0,0,0,0,0,0,1,1,0,0,0,1,0,0,0,1,0,0,0,0,0,0,0,0,0,0,0,0,0,0,0,1.0,1.0,0,0,0,0,0,0,0,0,0,0,0,0,0,0,0,0,0,0,0,0,0,0,0,0,0,0,0,0,0,0,0,0,0,0,0,0,0,0,0
Copleston High School EABL,"E. Tamakloe, I. Carty-Peters, I. Little, M. Liddamore, T. Rafiu",HHS Reading Rockets EABL,"C. Okumus, J. Mackinnon, J. Waterhouse, L. Franicis, M. Hassan-Taylor",1,40,0.7,1.0,0,0,0,0,0,0,0,0,0,0,0,1,1,0,0,1,1,1,0,0,2,0,0,1,0,0,0,0,1,0,1,0,1,0,0,0,1.0,0.9,0,0,0,0,0,0,0,0,0,0,0,0,0,0,0,0,0,0,0,0,0,0,0,0,0,0,0,0,0,0,0,0,0,0,0,0,0,0,0
Copleston High School EABL,"C. Fobister, I. Little, M. Liddamore, N. Wilkinson, T. Rafiu",HHS Reading Rockets EABL,"J. Mackinnon, L. Franicis, M. Daines, M. Hassan-Taylor, S. Ejiofor",1,41,0.7,1.0,0,0,0,0,0,0,0,0,0,0,0,0,0,0,1,0,1,0,0,0,0,0,0,0,0,0,0,0,0,0,0,0,1,0,1,1,1.0,1.0,0,0,0,0,0,0,0,0,0,0,0,0,0,0,0,0,0,0,0,0,0,0,0,0,0,0,0,0,0,0,0,0,0,0,0,0,0,0,0
Copleston High School EABL,"A. Hickey, C. Fobister, M. Liddamore, N. Wilkinson, T. Rafiu",HHS Reading Rockets EABL,"C. Okumus, J. Mackinnon, L. Franicis, M. Daines, N. Dent",1,10,0.2,1.0,0,0,0,0,0,0,0,0,0,0,0,0,0,0,1,0,1,0,0,0,0,0,0,0,0,0,0,0,0,0,0,0,0,0,1,0,1.0,1.0,0,0,0,0,0,0,0,0,0,0,0,0,0,0,0,0,0,0,0,0,0,0,0,0,0,0,0,0,0,0,0,0,0,0,0,0,0,0,0
Charnwood College Riders EABL,"A. Oyerinde, P. Kattah, R. Buckingham, T. Curran, Z. Gleadell-Smith",Myerscough College EABL,"H. Sheehan, J. Sanchez, O. Esingle, S. Laditan, Z. Trezvant",1,24,0.4,1.0,2,1,1,100,0,0,0,0,0,0,0,1,1,0,0,0,0,0,0,0,1,0,0,1,0,0,0,0,0,0,0,0,0,0,0,0,1.0,1.0,200,0,200,0,200,-200,2,0,0,0,0,0,0,0,0,0,0,0,0,0,0,0,0,0,0,0,0,0,0,0,0,0,0,0,0,0,0,0,0
Charnwood College Riders EABL,"A. Oyerinde, L. Stevenson, P. Kattah, T. Curran, Z. Gleadell-Smith",Myerscough College EABL,"H. Sheehan, J. Sanchez, O. Esingle, S. Laditan, Z. Trezvant",1,21,0.3,1.0,0,0,0,0,0,0,0,0,0,0,0,0,0,0,0,0,1,0,3,1,1,100,1,1,100,0,0,0,0,0,0,1,0,0,0,0,1.0,1.0,0,300,-300,300,0,300,-3,0,0,0,0,0,0,0,0,0,0,0,0,0,0,0,0,0,0,0,0,0,0,0,0,0,0,0,0,0,0,0,0
Charnwood College Riders EABL,"A. Oyerinde, L. Boothe, L. Stevenson, T. Curran, Z. Gleadell-Smith",Myerscough College EABL,"B. Gordon, J. Bobkowski, J. Sanchez, S. Laditan, Z. Trezvant",1,34,0.6,1.0,0,0,0,0,0,0,0,0,0,0,0,0,0,0,0,0,2,2,0,0,0,0,0,0,0,0,0,0,0,0,0,0,0,0,0,0,2.0,0.1,0,0,0,0,0,0,0,0,0,0,0,0,0,0,0,0,0,0,0,0,0,0,0,0,0,0,0,0,0,0,0,0,0,0,0,0,0,0,0
Charnwood College Riders EABL,"A. Oyerinde, L. Boothe, L. Stevenson, T. Curran, Z. Gleadell-Smith",Myerscough College EABL,"A. Ibirinde, B. Gordon, J. Bobkowski, O. Esingle, Z. Trezvant",1,50,0.8,1.0,0,0,1,0,0,1,0,0,0,0,0,0,0,0,0,0,0,0,0,0,1,0,0,0,0,0,0,0,0,0,0,0,0,0,0,0,1.0,1.0,0,0,0,0,0,0,0,0,0,0,0,0,0,0,0,0,0,0,0,0,0,0,0,0,0,0,0,0,0,0,0,0,0,0,0,0,0,0,0
SGS College EABL,"A. Bennett, D. Lloyd, K. Ramirez Mora, K. Richards, M. Alburo",Derby College Trailblazers EABL,"C. Burr, E. Norman, E. Rice, K. Otaye, L. Ngomti",1,19,0.3,1.0,0,0,1,0,0,0,0,0,0,0,0,1,1,0,0,0,0,0,0,0,1,0,0,0,0,0,0,0,0,0,0,0,0,0,0,0,1.0,1.0,0,0,0,0,0,0,0,0,0,0,0,0,0,0,0,0,0,0,0,0,0,0,0,0,0,0,0,0,0,0,0,0,0,0,0,0,0,0,0
SGS College EABL,"A. Bennett, K. Ramirez Mora, M. Alburo, M. Perez Tosca, W. Wewe",Derby College Trailblazers EABL,"C. Burr, E. Norman, G. Pastor, J. Howlett, W. Tallon",1,51,0.8,1.0,3,1,1,100,1,1,100,0,0,0,0,0,0,0,0,0,0,1,2,1,1,100,0,0,0,0,0,0,0,0,0,0,0,0,0,0,1.0,1.0,300,200,100,200,300,-100,1,0,0,0,0,0,0,0,0,0,0,0,0,0,0,0,0,0,0,0,0,0,0,0,0,0,0,0,0,0,0,0,0
City of London Academy - Southwark EABL,"A. Morentin, A. Nwokolo, B. Olowoshile, D. Banjoko, J. Hannick",Oaklands Wolves EABL,"D. Kostadinov, G. Mitchell, L. Mcintosh, T. Mcintosh, Z. Gribble",1,47,0.8,1.0,3,1,1,100,1,1,100,0,0,0,0,0,0,1,0,0,0,0,2,1,1,100,0,0,0,0,0,0,0,0,0,0,0,0,0,0,1.0,1.0,300,200,100,200,300,-100,1,0,0,0,0,0,0,0,0,0,0,0,0,0,0,0,0,0,0,0,0,0,0,0,0,0,0,0,0,0,0,0,0
City of London Academy - Southwark EABL,"A. Morentin, A. Nwokolo, D. Banjoko, J. Hannick, S. Shirwac",Oaklands Wolves EABL,"D. Gladstone, G. Mitchell, H. Morrell, L. Mcintosh, T. Mcintosh",1,18,0.3,1.0,0,0,0,0,0,0,0,0,0,0,0,0,0,0,0,0,1,1,2,1,1,100,0,0,0,0,0,0,0,0,0,1,0,0,0,0,1.0,1.0,0,200,-200,200,0,200,-2,0,0,0,0,0,0,0,0,0,0,0,0,0,0,0,0,0,0,0,0,0,0,0,0,0,0,0,0,0,0,0,0
City of London Academy - Southwark EABL,"A. Nwokolo, B. Olowoshile, D. Banjoko, D. Patel, R. Nunn",Oaklands Wolves EABL,"D. Gladstone, D. Kostadinov, G. Augenti, G. Mitchell, L. Mcintosh",1,3,0.1,1.0,2,1,1,100,0,0,0,0,0,0,0,0,0,1,0,0,0,0,2,1,1,100,0,0,0,0,0,0,0,0,0,0,0,0,0,0,1.0,1.0,200,200,0,200,200,0,0,0,0,0,0,0,0,0,0,0,0,0,0,0,0,0,0,0,0,0,0,0,0,0,0,0,0,0,0,0,0,0,0
City of London Academy - Southwark EABL,"A. Nwokolo, B. Olowoshile, D. Banjoko, D. Patel, R. Nunn",Oaklands Wolves EABL,"D. Gladstone, E. Da Cruz Fatuda, G. Augenti, L. Mcintosh, Z. Gribble",1,68,1.1,1.0,0,0,1,0,0,0,0,0,0,0,0,0,0,0,0,0,0,1,2,1,2,50,0,0,0,0,0,0,1,0,1,0,0,0,0,1,1.0,0.9,0,215.1,-215.1,215.1,0,215.1,-2,0,0,0,0,0,0,0,0,0,0,0,0,0,0,0,0,0,0,0,0,0,0,0,0,0,0,0,0,0,0,0,0
Derby College Trailblazers EABL,"C. Burr, E. Norman, E. Rice, G. Pastor, R. Hobday",Charnwood College Riders EABL,"L. Stevenson, R. Buckingham, T. Curran, T. Pearson, Z. Gleadell-Smith",1,34,0.6,1.0,0,0,1,0,0,1,0,0,0,0,0,0,0,0,0,0,0,0,2,1,1,100,0,0,0,0,0,0,0,1,1,0,0,0,0,0,1.0,1.0,0,200,-200,200,0,200,-2,0,0,0,0,0,0,0,0,0,0,0,0,0,0,0,0,0,0,0,0,0,0,0,0,0,0,0,0,0,0,0,0
Derby College Trailblazers EABL,"C. Burr, E. Norman, J. Howlett, R. Hobday, W. Tallon",Charnwood College Riders EABL,"D. Hanousek, L. Stevenson, R. Buckingham, S. Morris, T. Curran",1,40,0.7,1.0,2,1,2,50,0,1,0,0,0,0,1,0,1,0,0,0,0,1,2,1,1,100,0,0,0,0,0,0,0,0,0,0,0,0,0,0,0.9,1.0,215.1,200,15.1,200,215.1,-15.1,0,0,0,0,0,0,0,0,0,0,0,0,0,0,0,0,0,0,0,0,0,0,0,0,0,0,0,0,0,0,0,0,0
BMET City of Birmingham Rockets EABL,"A. Camara, G. Angoy, J. Agbeze, J. Hyland, L. Duru",Charnwood College Riders EABL,"D. Hanousek, L. Boothe, R. Buckingham, T. Curran, Z. Gleadell-Smith",1,26,0.4,1.0,2,1,1,100,0,0,0,0,0,0,0,0,0,1,0,0,0,2,0,0,0,0,0,0,0,0,0,0,0,0,0,0,0,0,1,1,1.0,1.0,200,0,200,0,200,-200,2,0,0,0,0,0,0,0,0,0,0,0,0,0,0,0,0,0,0,0,0,0,0,0,0,0,0,0,0,0,0,0,0
BMET City of Birmingham Rockets EABL,"A. Camara, G. Angoy, G. Singh, J. Agbeze, P. Basioudis",Charnwood College Riders EABL,"L. Boothe, P. Kattah, R. Buckingham, T. Curran, Z. Gleadell-Smith",1,21,0.3,1.0,0,0,1,0,0,0,0,0,0,0,0,0,0,0,0,0,0,1,0,0,0,0,0,0,0,0,0,0,0,1,1,0,0,0,1,0,1.0,1.0,0,0,0,0,0,0,0,0,0,0,0,0,0,0,0,0,0,0,0,0,0,0,0,0,0,0,0,0,0,0,0,0,0,0,0,0,0,0,0
Itchen College EABL,"A. Ben-Uloko, D. Cimochowski, G. Andrews, R. Radu, T. Blower",HHS Reading Rockets EABL,"C. Okumus, E. Harrington, J. Waterhouse, M. Hassan-Taylor, N. Dent",1,61,1.0,1.0,0,0,1,0,0,1,0,0,0,0,0,1,1,0,0,0,0,1,0,0,1,0,0,1,0,0,0,0,0,1,1,0,0,0,0,0,1.0,1.0,0,0,0,0,0,0,0,0,0,0,0,0,0,0,0,0,0,0,0,0,0,0,0,0,0,0,0,0,0,0,0,0,0,0,0,0,0,0,0
Derby College Trailblazers EABL,"C. Burr, E. Norman, J. Howlett, L. Ngomti, R. Hobday",Myerscough College EABL,"C. Sanchez Falette, H. Sheehan, O. Esingle, S. Latidan, Z. Trezvant",1,44,0.7,1.0,3,1,1,100,1,1,100,0,0,0,0,1,1,1,0,0,0,0,0,0,1,0,0,0,0,0,0,0,0,0,0,0,0,0,0,1,1.0,1.0,300,0,300,0,300,-300,3,0,0,0,0,0,0,0,0,0,0,0,0,0,0,0,0,0,0,0,0,0,0,0,0,0,0,0,0,0,0,0,0
Manchester Magic Academy EABL,"A. Sagay Isiorho, J. Odongo, J. Walton, N. Brown, O. Babalola",SGS College EABL,"A. Bennett, D. Lloyd, K. Ramirez Mora, M. Alburo, M. Pospori",1,15,0.2,1.0,0,0,0,0,0,0,0,0,0,0,0,0,0,0,0,0,1,0,2,1,1,100,0,0,0,0,0,0,0,0,0,0,0,0,0,0,1.0,1.0,0,200,-200,200,0,200,-2,0,0,0,0,0,0,0,0,0,0,0,0,0,0,0,0,0,0,0,0,0,0,0,0,0,0,0,0,0,0,0,0
Manchester Magic Academy EABL,"D. Allotey, H. Blake, J. Walton, N. Brown, O. Babalola",SGS College EABL,"D. Lloyd, I. Toure, K. Ramirez Mora, M. Perez Tosca, S. Nelson",1,26,0.4,1.0,2,1,1,100,0,0,0,0,0,0,0,0,0,0,0,0,0,0,0,0,0,0,0,0,0,0,0,0,0,0,0,0,0,0,1,0,1.0,1.0,200,0,200,0,200,-200,2,0,0,0,0,0,0,0,0,0,0,0,0,0,0,0,0,0,0,0,0,0,0,0,0,0,0,0,0,0,0,0,0
Manchester Magic Academy EABL,"A. Sagay Isiorho, H. Blake, J. Odongo, N. Brown, O. Babalola",SGS College EABL,"D. Lloyd, I. Toure, L. Matthews, M. Alburo, M. Perez Tosca",1,42,0.7,1.0,0,0,0,0,0,0,0,0,0,0,0,0,0,0,0,0,1,0,0,0,0,0,0,0,0,0,0,0,0,0,0,0,1,0,1,0,1.0,1.0,0,0,0,0,0,0,0,0,0,0,0,0,0,0,0,0,0,0,0,0,0,0,0,0,0,0,0,0,0,0,0,0,0,0,0,0,0,0,0
Manchester Magic Academy EABL,"J. Styzcen-O'keefe, N. Brown, S. Sidi-Boumedine, T. Kamal Kazmi, T. Weekes",SGS College EABL,"K. Ramirez Mora, M. Alburo, M. Perez Tosca, M. Pospori, R. Roach",1,32,0.5,1.0,2,1,1,100,0,0,0,0,0,0,0,0,0,0,1,0,0,1,0,0,0,0,0,0,0,0,0,0,0,0,0,0,0,0,1,0,1.0,1.0,200,0,200,0,200,-200,2,0,0,0,0,0,0,0,0,0,0,0,0,0,0,0,0,0,0,0,0,0,0,0,0,0,0,0,0,0,0,0,0
Oaklands Wolves EABL,"E. Da Cruz Fatuda, G. Mitchell, H. Morrell, L. Mcintosh, T. Mcintosh",Barking Abbey EABL,"A. Maitland, F. Oguntuase, K. Mabaya, M. Myamutenha, R. Connolly",1,42,0.7,1.0,0,0,0,0,0,0,0,0,0,0,0,0,0,0,0,0,1,0,2,1,1,100,0,0,0,0,0,0,0,0,0,0,1,0,0,1,1.0,1.0,0,200,-200,200,0,200,-2,0,0,0,0,0,0,0,0,0,0,0,0,0,0,0,0,0,0,0,0,0,0,0,0,0,0,0,0,0,0,0,0
Oaklands Wolves EABL,"D. Gladstone, D. Kostadinov, E. Da Cruz Fatuda, G. Mitchell, H. Morrell",Barking Abbey EABL,"J. Mendes, K. Mabaya, M. Filho, O. Visockas, R. Connolly",1,6,0.1,1.0,0,0,0,0,0,0,0,0,0,0,0,1,1,0,0,0,1,0,0,0,1,0,0,0,0,0,0,0,0,0,0,0,0,0,0,0,1.0,1.0,0,0,0,0,0,0,0,0,0,0,0,0,0,0,0,0,0,0,0,0,0,0,0,0,0,0,0,0,0,0,0,0,0,0,0,0,0,0,0
Oaklands Wolves EABL,"D. Gladstone, D. Kostadinov, E. Da Cruz Fatuda, G. Mitchell, H. Morrell",Barking Abbey EABL,"J. Mendes, K. Mabaya, M. Myamutenha, O. Visockas, R. Connolly",1,32,0.5,1.0,0,0,1,0,0,1,0,0,0,0,0,1,1,0,0,0,0,0,0,0,1,0,0,0,0,0,0,0,0,0,0,0,0,0,0,0,1.0,1.0,0,0,0,0,0,0,0,0,0,0,0,0,0,0,0,0,0,0,0,0,0,0,0,0,0,0,0,0,0,0,0,0,0,0,0,0,0,0,0
Copleston High School EABL,"A. Hickey, I. Carty-Peters, I. Little, M. Liddamore, N. Wilkinson",Oaklands Wolves EABL,"E. Da Cruz Fatuda, G. Mitchell, H. Morrell, K. Gasperas, L. Mcintosh",1,33,0.6,1.0,0,0,1,0,0,1,0,0,0,0,0,0,0,0,0,1,0,1,2,1,2,50,0,0,0,0,0,0,1,1,2,0,0,0,0,1,1.0,0.9,0,215.1,-215.1,215.1,0,215.1,-2,0,0,0,0,0,0,0,0,0,0,0,0,0,0,0,0,0,0,0,0,0,0,0,0,0,0,0,0,0,0,0,0
Copleston High School EABL,"A. Hickey, I. Carty-Peters, I. Little, M. Liddamore, N. Wilkinson",Oaklands Wolves EABL,"D. Kostadinov, E. Da Cruz Fatuda, G. Mitchell, H. Morrell, L. Mcintosh",1,12,0.2,1.0,0,0,0,0,0,0,0,0,0,0,0,0,0,0,0,0,1,1,2,1,1,100,0,0,0,0,0,0,0,0,0,1,0,0,0,0,1.0,1.0,0,200,-200,200,0,200,-2,0,0,0,0,0,0,0,0,0,0,0,0,0,0,0,0,0,0,0,0,0,0,0,0,0,0,0,0,0,0,0,0
Copleston High School EABL,"A. Hickey, I. Carty-Peters, M. Liddamore, M. Wells, N. Wilkinson",Oaklands Wolves EABL,"D. Kostadinov, E. Da Cruz Fatuda, G. Mitchell, H. Morrell, L. Mcintosh",1,28,0.5,1.0,0,0,1,0,0,0,0,0,0,0,0,1,1,0,0,1,0,1,0,0,2,0,0,0,0,0,1,0,2,1,3,0,0,0,0,0,1.0,1.0,0,0,0,0,0,0,0,0,0,0,0,0,0,0,0,0,0,0,0,0,0,0,0,0,0,0,0,0,0,0,0,0,0,0,0,0,0,0,0
Itchen College EABL,"B. Cope, E. Lotriet, E. Round, J. Osei-Owusu, M. Yeates",City of London Academy - Southwark EABL,"A. Nwokolo, D. Banjoko, D. Banjoko, R. Testfay, T. Gass",1,28,0.5,1.0,2,1,1,100,0,0,0,0,0,0,0,1,1,0,0,0,0,0,0,0,1,0,0,1,0,0,0,0,0,0,0,0,0,0,0,1,1.0,1.0,200,0,200,0,200,-200,2,0,0,0,0,0,0,0,0,0,0,0,0,0,0,0,0,0,0,0,0,0,0,0,0,0,0,0,0,0,0,0,0
Itchen College EABL,"E. Lotriet, E. Round, M. Edwards, M. Yeates, R. Radu",City of London Academy - Southwark EABL,"A. Nwokolo, D. Banjoko, R. Cryer, R. Testfay, S. Shirwac",1,17,0.3,1.0,0,0,0,0,0,0,0,0,0,0,0,0,0,0,0,0,1,0,0,0,0,0,0,0,0,0,0,0,0,0,0,0,0,0,1,0,1.0,1.0,0,0,0,0,0,0,0,0,0,0,0,0,0,0,0,0,0,0,0,0,0,0,0,0,0,0,0,0,0,0,0,0,0,0,0,0,0,0,0
Charnwood College Riders EABL,"D. Hanousek, F. Saeed, T. Curran, T. Pearson, Z. Gleadell-Smith",Manchester Magic Academy EABL,"A. Sagay Isiorho, J. Odongo, N. Brown, O. Babalola, T. Richardson",1,30,0.5,1.0,0,0,1,0,0,0,0,0,0,0,0,1,1,0,0,0,0,0,0,0,1,0,0,0,0,0,0,0,0,1,1,0,0,0,0,0,1.0,1.0,0,0,0,0,0,0,0,0,0,0,0,0,0,0,0,0,0,0,0,0,0,0,0,0,0,0,0,0,0,0,0,0,0,0,0,0,0,0,0
Charnwood College Riders EABL,"F. Saeed, L. Stevenson, R. Buckingham, T. Pearson, Z. Gleadell-Smith",Manchester Magic Academy EABL,"A. Sagay Isiorho, H. Blake, J. Odongo, N. Brown, O. Babalola",1,56,0.9,1.0,0,0,1,0,0,0,0,0,0,0,0,0,0,0,0,0,0,0,3,1,1,100,1,1,100,0,0,0,0,0,0,1,0,1,0,0,1.0,1.0,0,300,-300,300,0,300,-3,0,0,0,0,0,0,0,0,0,0,0,0,0,0,0,0,0,0,0,0,0,0,0,0,0,0,0,0,0,0,0,0
Charnwood College Riders EABL,"A. Oyerinde, D. Hanousek, L. Boothe, P. Kattah, S. Morris",Manchester Magic Academy EABL,"A. Sagay Isiorho, J. Odongo, N. Brown, O. Babalola, T. Richardson",1,7,0.1,1.0,0,0,0,0,0,0,0,0,0,0,0,0,0,0,0,0,1,0,0,0,0,0,0,0,0,0,0,0,0,0,0,0,0,0,1,0,1.0,1.0,0,0,0,0,0,0,0,0,0,0,0,0,0,0,0,0,0,0,0,0,0,0,0,0,0,0,0,0,0,0,0,0,0,0,0,0,0,0,0
Derby College Trailblazers EABL,"C. Burr, E. Norman, J. Lemanski, K. Otaye, L. Ngomti",BMET City of Birmingham Rockets EABL,"A. Camara, B. Rose, G. Angoy, G. Singh, J. Agbeze",1,31,0.5,1.0,0,0,1,0,0,1,0,0,0,0,0,0,0,0,0,0,0,0,0,0,0,0,0,0,0,0,0,0,0,1,1,0,0,0,1,0,1.0,1.0,0,0,0,0,0,0,0,0,0,0,0,0,0,0,0,0,0,0,0,0,0,0,0,0,0,0,0,0,0,0,0,0,0,0,0,0,0,0,0
Myerscough College EABL,"C. Sanchez Falette, F. Morgan, I. Idemudia, J. Bobkowski, S. Latidan",SGS College EABL,"D. Lloyd, I. Toure, K. Ramirez Mora, L. Matthews, S. Nelson",1,3,0.1,1.0,0,0,0,0,0,0,0,0,0,0,0,0,0,0,0,0,2,1,0,0,0,0,0,0,0,0,0,0,0,0,0,0,0,0,0,0,2.0,0.1,0,0,0,0,0,0,0,0,0,0,0,0,0,0,0,0,0,0,0,0,0,0,0,0,0,0,0,0,0,0,0,0,0,0,0,0,0,0,0
Myerscough College EABL,"C. Sanchez Falette, F. Morgan, I. Idemudia, J. Bobkowski, L. Farrell",SGS College EABL,"D. Lloyd, I. Toure, K. Ramirez Mora, L. Matthews, S. Nelson",1,80,1.3,1.0,0,0,2,0,0,2,0,0,0,0,1,0,1,0,0,0,0,1,4,2,3,66.7,0,0,0,0,0,0,1,0,1,1,0,0,0,0,0.1,1.9,0,207.3,-207.3,207.3,0,207.3,-4,0,0,0,0,0,0,0,0,0,0,0,0,0,0,0,0,0,0,0,0,0,0,0,0,0,0,0,0,0,0,0,0
Myerscough College EABL,"C. Sanchez Falette, F. Morgan, I. Idemudia, L. Farrell, N. Byfield",SGS College EABL,"I. Toure, K. Ramirez Mora, L. Matthews, M. Perez Tosca, S. Nelson",1,46,0.8,1.0,0,0,0,0,0,0,0,0,0,0,0,0,0,0,1,0,0,0,0,0,1,0,0,1,0,0,0,0,0,0,0,0,0,0,1,1,0.1,2.0,0,0,0,0,0,0,0,0,0,0,0,0,0,0,0,0,0,0,0,0,0,0,0,0,0,0,0,0,0,0,0,0,0,0,0,0,0,0,0
Myerscough College EABL,"H. Sheehan, I. Idemudia, L. Farrell, N. Byfield, O. Esingle",SGS College EABL,"A. Bennett, I. Toure, L. Matthews, M. Perez Tosca, S. Nelson",1,36,0.6,1.0,0,0,1,0,0,0,0,0,0,0,0,0,0,0,0,0,0,0,2,1,2,50,0,0,0,0,0,0,1,1,2,0,0,0,0,2,1.0,0.9,0,215.1,-215.1,215.1,0,215.1,-2,0,0,0,0,0,0,0,0,0,0,0,0,0,0,0,0,0,0,0,0,0,0,0,0,0,0,0,0,0,0,0,0
Oaklands Wolves EABL,"D. Kostadinov, G. Augenti, G. Mitchell, L. Mcintosh, T. Mcintosh",Copleston High School EABL,"I. Little, L. Read, M. Liddamore, N. Wilkinson, T. Rafiu",1,44,0.7,1.0,2,1,2,50,0,1,0,0,0,0,1,1,2,0,0,0,0,0,0,0,1,0,0,1,0,0,0,0,0,0,0,0,0,0,0,0,0.9,1.0,215.1,0,215.1,0,215.1,-215.1,2,0,0,0,0,0,0,0,0,0,0,0,0,0,0,0,0,0,0,0,0,0,0,0,0,0,0,0,0,0,0,0,0
Oaklands Wolves EABL,"E. Ryan, G. Mitchell, H. Morrell, L. Mcintosh, T. Mcintosh",Copleston High School EABL,"C. Fobister, E. Tamakloe, L. Read, M. Liddamore, N. Wilkinson",1,27,0.5,1.0,0,0,0,0,0,0,0,0,0,0,0,0,0,0,0,0,1,1,0,0,1,0,0,1,0,0,0,0,0,0,0,0,1,0,0,0,1.0,1.0,0,0,0,0,0,0,0,0,0,0,0,0,0,0,0,0,0,0,0,0,0,0,0,0,0,0,0,0,0,0,0,0,0,0,0,0,0,0,0
Copleston High School EABL,"E. Tamakloe, I. Carty-Peters, I. Little, M. Liddamore, T. Rafiu",Itchen College EABL,"E. Round, J. Osei-Owusu, M. Edwards, R. Matthias, T. Blower",1,33,0.6,1.0,0,0,2,0,0,1,0,0,0,0,1,0,1,0,0,0,0,0,0,0,0,0,0,0,0,0,0,0,0,1,1,0,0,0,1,1,0.9,1.0,0,0,0,0,0,0,0,0,0,0,0,0,0,0,0,0,0,0,0,0,0,0,0,0,0,0,0,0,0,0,0,0,0,0,0,0,0,0,0
Copleston High School EABL,"E. Tamakloe, I. Carty-Peters, M. Liddamore, N. Wilkinson, T. Rafiu",Itchen College EABL,"E. Round, J. Ofman, L. Diala-Bevan, R. Radu, T. Blower",1,53,0.9,1.0,3,1,2,50,1,2,50,0,0,0,1,0,1,1,0,0,0,0,2,1,1,100,0,0,0,0,0,0,0,0,0,0,0,0,0,0,0.9,1.0,322.6,200,122.6,200,322.6,-122.6,1,0,0,0,0,0,0,0,0,0,0,0,0,0,0,0,0,0,0,0,0,0,0,0,0,0,0,0,0,0,0,0,0
Copleston High School EABL,"I. Carty-Peters, I. Little, M. Liddamore, M. Wells, N. Wilkinson",Itchen College EABL,"G. Andrews, M. Edwards, R. Matthias, R. Radu, T. Blower",1,18,0.3,1.0,3,1,1,100,1,1,100,0,0,0,0,0,0,1,0,0,0,0,2,1,1,100,0,0,0,0,0,0,0,0,0,1,0,0,0,0,1.0,1.0,300,200,100,200,300,-100,1,0,0,0,0,0,0,0,0,0,0,0,0,0,0,0,0,0,0,0,0,0,0,0,0,0,0,0,0,0,0,0,0
Charnwood College Riders EABL,"A. Oyerinde, L. Boothe, L. Stevenson, P. Kattah, T. Pearson",Derby College Trailblazers EABL,"E. Norman, E. Rice, K. Zidonis, L. Ngomti, W. Tallon",1,46,0.8,1.0,2,1,1,100,0,0,0,0,0,0,0,1,1,1,0,0,0,1,0,0,2,0,0,1,0,0,0,0,1,0,1,0,0,0,0,0,1.0,0.9,200,0,200,0,200,-200,2,0,0,0,0,0,0,0,0,0,0,0,0,0,0,0,0,0,0,0,0,0,0,0,0,0,0,0,0,0,0,0,0
Charnwood College Riders EABL,"A. Oyerinde, D. Hanousek, L. Stevenson, P. Kattah, R. Buckingham",Derby College Trailblazers EABL,"C. Burr, E. Norman, E. Rice, G. Pastor, R. Hobday",1,36,0.6,1.0,0,0,1,0,0,0,0,0,0,0,0,0,0,0,0,0,0,0,2,1,1,100,0,0,0,0,0,0,0,1,1,1,0,0,0,1,1.0,1.0,0,200,-200,200,0,200,-2,0,0,0,0,0,0,0,0,0,0,0,0,0,0,0,0,0,0,0,0,0,0,0,0,0,0,0,0,0,0,0,0
Charnwood College Riders EABL,"A. Oyerinde, P. Kattah, R. Buckingham, S. Morris, T. Curran",Derby College Trailblazers EABL,"C. Burr, E. Rice, F. Tuck, L. Ngomti, R. Hobday",1,15,0.2,1.0,2,1,1,100,0,0,0,0,0,0,0,0,0,1,0,0,0,0,2,1,1,100,0,0,0,0,0,0,0,0,0,1,0,0,0,0,1.0,1.0,200,200,0,200,200,0,0,0,0,0,0,0,0,0,0,0,0,0,0,0,0,0,0,0,0,0,0,0,0,0,0,0,0,0,0,0,0,0,0
Charnwood College Riders EABL,"A. Oyerinde, P. Kattah, R. Buckingham, S. Morris, T. Curran",Derby College Trailblazers EABL,"C. Burr, E. Norman, E. Rice, G. Pastor, R. Hobday",1,35,0.6,1.0,0,0,0,0,0,0,0,0,0,0,0,0,0,0,0,0,1,0,0,0,0,0,0,0,0,0,0,0,0,0,0,0,0,0,1,0,1.0,1.0,0,0,0,0,0,0,0,0,0,0,0,0,0,0,0,0,0,0,0,0,0,0,0,0,0,0,0,0,0,0,0,0,0,0,0,0,0,0,0
Charnwood College Riders EABL,"A. Oyerinde, L. Boothe, L. Stevenson, P. Kattah, T. Pearson",Derby College Trailblazers EABL,"E. Rice, G. Pastor, J. Howlett, K. Zidonis, L. Ngomti",1,5,0.1,1.0,0,0,0,0,0,0,0,0,0,0,0,0,0,0,0,0,0,0,0,0,0,0,0,0,0,0,0,0,0,0,0,0,0,0,2,1,0.1,2.0,0,0,0,0,0,0,0,0,0,0,0,0,0,0,0,0,0,0,0,0,0,0,0,0,0,0,0,0,0,0,0,0,0,0,0,0,0,0,0
Charnwood College Riders EABL,"A. Oyerinde, P. Kattah, R. Buckingham, S. Morris, T. Curran",Derby College Trailblazers EABL,"C. Burr, G. Pastor, J. Howlett, J. Lemanski, L. Ngomti",1,26,0.4,1.0,0,0,0,0,0,0,0,0,0,0,0,0,0,0,0,0,1,0,3,1,1,100,1,1,100,0,0,0,0,0,0,1,0,0,0,0,1.0,1.0,0,300,-300,300,0,300,-3,0,0,0,0,0,0,0,0,0,0,0,0,0,0,0,0,0,0,0,0,0,0,0,0,0,0,0,0,0,0,0,0
Manchester Magic Academy EABL,"A. Sagay Isiorho, H. Blake, J. Odongo, N. Brown, O. Babalola",Myerscough College EABL,"C. Sanchez Falette, H. Sheehan, O. Esingle, S. Latidan, Z. Trezvant",1,14,0.2,1.0,0,0,0,0,0,0,0,0,0,0,0,0,0,0,0,0,1,0,2,1,1,100,0,0,0,0,0,0,0,0,0,0,0,0,0,0,1.0,1.0,0,200,-200,200,0,200,-2,0,0,0,0,0,0,0,0,0,0,0,0,0,0,0,0,0,0,0,0,0,0,0,0,0,0,0,0,0,0,0,0
Manchester Magic Academy EABL,"A. Sagay Isiorho, J. Walton, L. Clayton, O. Babalola, S. Sidi-Boumedine",Myerscough College EABL,"C. Sanchez Falette, D. Okhuoya, H. Sheehan, J. Bobkowski, S. Latidan",1,25,0.4,1.0,2,1,2,50,0,1,0,0,0,0,1,1,2,0,0,0,0,0,0,0,1,0,0,1,0,0,0,0,0,0,0,0,0,0,0,1,0.9,1.0,215.1,0,215.1,0,215.1,-215.1,2,0,0,0,0,0,0,0,0,0,0,0,0,0,0,0,0,0,0,0,0,0,0,0,0,0,0,0,0,0,0,0,0
Manchester Magic Academy EABL,"A. Sagay Isiorho, D. Allotey, H. Blake, J. Odongo, O. Babalola",Myerscough College EABL,"C. Sanchez Falette, H. Sheehan, O. Esingle, S. Latidan, Z. Trezvant",1,32,0.5,1.0,3,1,1,100,1,1,100,0,0,0,0,0,0,0,0,0,0,1,0,0,1,0,0,1,0,0,0,0,0,0,0,0,0,0,0,0,1.0,1.0,300,0,300,0,300,-300,3,0,0,0,0,0,0,0,0,0,0,0,0,0,0,0,0,0,0,0,0,0,0,0,0,0,0,0,0,0,0,0,0
SGS College EABL,"K. Rands, K. Richards, L. Matthews, M. Perez Tosca, S. Nelson",BMET City of Birmingham Rockets EABL,"G. Angoy, J. Hyland, L. Duru, P. Basioudis, P. Walsh",1,39,0.7,1.0,0,0,0,0,0,0,0,0,0,0,0,0,0,0,0,0,1,0,3,1,1,100,1,1,100,0,0,0,0,0,0,1,0,0,0,0,1.0,1.0,0,300,-300,300,0,300,-3,0,0,0,0,0,0,0,0,0,0,0,0,0,0,0,0,0,0,0,0,0,0,0,0,0,0,0,0,0,0,0,0
Oaklands Wolves EABL,"D. Gladstone, D. Kostadinov, E. Da Cruz Fatuda, G. Mitchell, L. Mcintosh",HHS Reading Rockets EABL,"E. Harrington, J. Mackinnon, J. Waterhouse, M. Daines, N. Dent",1,29,0.5,1.0,2,1,1,100,0,0,0,0,0,0,0,0,0,0,1,0,0,1,0,0,0,0,0,0,0,0,0,0,0,0,0,0,0,0,1,0,1.0,1.0,200,0,200,0,200,-200,2,0,0,0,0,0,0,0,0,0,0,0,0,0,0,0,0,0,0,0,0,0,0,0,0,0,0,0,0,0,0,0,0
Itchen College EABL,"E. Round, G. Andrews, J. Ofman, M. Yeates, R. Radu",Oaklands Wolves EABL,"D. Gladstone, E. Da Cruz Fatuda, E. Ryan, H. Morrell, T. Mcintosh",1,53,0.9,1.0,2,1,1,100,0,0,0,0,0,0,0,1,1,1,0,0,0,0,0,0,1,0,0,0,0,0,0,0,0,0,0,0,0,0,0,1,1.0,1.0,200,0,200,0,200,-200,2,0,0,0,0,0,0,0,0,0,0,0,0,0,0,0,0,0,0,0,0,0,0,0,0,0,0,0,0,0,0,0,0
Itchen College EABL,"G. Andrews, J. Ofman, M. Yeates, R. Radu, T. Blower",Oaklands Wolves EABL,"E. Da Cruz Fatuda, E. Ryan, G. Mitchell, H. Morrell, L. Mcintosh",1,39,0.7,1.0,2,1,2,50,0,0,0,0,0,0,1,1,2,1,0,0,0,0,0,0,1,0,0,0,0,0,0,0,0,0,0,0,0,0,0,0,0.9,1.0,215.1,0,215.1,0,215.1,-215.1,2,0,0,0,0,0,0,0,0,0,0,0,0,0,0,0,0,0,0,0,0,0,0,0,0,0,0,0,0,0,0,0,0
Itchen College EABL,"G. Andrews, L. Diala-Bevan, M. Edwards, R. Radu, T. Blower",Oaklands Wolves EABL,"B. Thompson, E. Da Cruz Fatuda, K. Gasperas, L. Mcintosh, Z. Gribble",1,40,0.7,1.0,0,0,0,0,0,0,0,0,0,0,0,0,0,0,0,0,0,0,0,0,0,0,0,0,0,0,0,0,0,0,0,0,0,0,2,1,0.1,2.0,0,0,0,0,0,0,0,0,0,0,0,0,0,0,0,0,0,0,0,0,0,0,0,0,0,0,0,0,0,0,0,0,0,0,0,0,0,0,0
Derby College Trailblazers EABL,"C. Burr, E. Rice, G. Pastor, M. Smith-Fjordland, W. Tallon",Manchester Magic Academy EABL,"H. Blake, J. Walton, O. Babalola, T. Richardson, T. Weekes",1,22,0.4,1.0,2,1,2,50,0,1,0,0,0,0,1,0,1,0,0,0,0,0,0,0,0,0,0,0,0,0,0,0,0,0,0,0,0,0,1,0,0.9,1.0,215.1,0,215.1,0,215.1,-215.1,2,0,0,0,0,0,0,0,0,0,0,0,0,0,0,0,0,0,0,0,0,0,0,0,0,0,0,0,0,0,0,0,0
Derby College Trailblazers EABL,"C. Burr, E. Norman, E. Rice, G. Pastor, W. Tallon",Manchester Magic Academy EABL,"H. Blake, J. Walton, L. Clayton, O. Babalola, S. Sidi-Boumedine",1,26,0.4,1.0,0,0,1,0,0,0,0,0,0,0,0,0,0,0,0,0,0,0,0,0,0,0,0,0,0,0,0,0,0,1,1,0,0,0,1,0,1.0,1.0,0,0,0,0,0,0,0,0,0,0,0,0,0,0,0,0,0,0,0,0,0,0,0,0,0,0,0,0,0,0,0,0,0,0,0,0,0,0,0
SGS College EABL,"A. Odowa, D. Lloyd, K. Richards, S. Nelson, Z. Lawson",Charnwood College Riders EABL,"J. Hardy, L. Stevenson, O. Hambira, T. Curran, Z. Gleadell-Smith",1,45,0.8,1.0,0,0,0,0,0,0,0,0,0,0,0,1,1,0,0,0,1,0,0,0,1,0,0,1,0,0,0,0,0,0,0,0,1,0,0,1,1.0,1.0,0,0,0,0,0,0,0,0,0,0,0,0,0,0,0,0,0,0,0,0,0,0,0,0,0,0,0,0,0,0,0,0,0,0,0,0,0,0,0
SGS College EABL,"A. Odowa, I. Toure, K. Ramirez Mora, S. Nelson, Z. Lawson",Charnwood College Riders EABL,"A. Young, F. Saeed, J. Hardy, L. Stevenson, O. Hambira",1,41,0.7,1.0,0,0,0,0,0,0,0,0,0,0,0,1,1,0,0,0,1,0,0,0,2,0,0,1,0,0,0,0,1,0,1,0,0,0,0,0,1.0,0.9,0,0,0,0,0,0,0,0,0,0,0,0,0,0,0,0,0,0,0,0,0,0,0,0,0,0,0,0,0,0,0,0,0,0,0,0,0,0,0
Barking Abbey EABL,"F. Cole, J. Mendes, K. Mabaya, K. N'gabala, O. Visockas",Copleston High School EABL,"I. Carty-Peters, I. Little, M. Liddamore, N. Wilkinson, T. Rafiu",1,48,0.8,1.0,2,1,1,100,0,0,0,0,0,0,0,0,0,1,1,1,0,0,0,0,1,0,0,0,0,0,0,0,1,0,1,0,0,0,1,1,1.0,0.9,200,0,200,0,200,-200,2,0,0,0,0,0,0,0,0,0,0,0,0,0,0,0,0,0,0,0,0,0,0,0,0,0,0,0,0,0,0,0,0
Barking Abbey EABL,"A. Nwabueze, H. Egbayelo, K. Mabaya, K. N'gabala, O. Visockas",Copleston High School EABL,"A. Hickey, I. Carty-Peters, M. Liddamore, N. Wilkinson, T. Rafiu",1,70,1.2,1.0,0,0,2,0,0,2,0,0,0,0,1,2,3,0,0,0,0,0,0,0,2,0,0,1,0,0,0,0,0,0,0,0,0,0,0,0,0.1,2.0,0,0,0,0,0,0,0,0,0,0,0,0,0,0,0,0,0,0,0,0,0,0,0,0,0,0,0,0,0,0,0,0,0,0,0,0,0,0,0
City of London Academy - Southwark EABL,"B. Olowoshile, D. Banjoko, L. Thompson, R. Testfay, S. Shirwac",HHS Reading Rockets EABL,"A. Moloney, J. Mackinnon, L. Bakary, L. Franicis, M. Daines",1,69,1.1,1.0,0,0,1,0,0,1,0,0,0,0,1,1,2,0,0,0,1,0,0,0,1,0,0,0,0,0,0,0,0,0,0,0,0,0,0,0,0.9,1.0,0,0,0,0,0,0,0,0,0,0,0,0,0,0,0,0,0,0,0,0,0,0,0,0,0,0,0,0,0,0,0,0,0,0,0,0,0,0,0
City of London Academy - Southwark EABL,"A. Nwokolo, B. Olowoshile, D. Banjoko, L. Thompson, R. Testfay",HHS Reading Rockets EABL,"J. Mackinnon, L. Bakary, L. Franicis, M. Daines, M. Hassan-Taylor",1,68,1.1,1.0,2,1,1,100,0,0,0,0,0,0,0,0,0,0,0,0,0,0,0,0,1,0,0,1,0,0,0,0,0,0,0,0,0,0,0,0,1.0,1.0,200,0,200,0,200,-200,2,0,0,0,0,0,0,0,0,0,0,0,0,0,0,0,0,0,0,0,0,0,0,0,0,0,0,0,0,0,0,0,0
Barking Abbey EABL,"A. Maitland, J. Mendes, M. Filho, O. Visockas, R. Connolly",Itchen College EABL,"B. Cope, D. Cimochowski, E. Round, J. Osei-Owusu, T. Blower",1,49,0.8,1.0,0,0,1,0,0,0,0,0,0,0,0,1,1,0,0,0,0,0,0,0,1,0,0,1,0,0,0,0,0,0,0,0,0,0,0,1,1.0,1.0,0,0,0,0,0,0,0,0,0,0,0,0,0,0,0,0,0,0,0,0,0,0,0,0,0,0,0,0,0,0,0,0,0,0,0,0,0,0,0
City of London Academy - Southwark EABL,"D. Banjoko, D. Banjoko, N. Senessie, R. Cryer, T. Gass",Copleston High School EABL,"A. Hickey, I. Little, M. Liddamore, O. Drane, T. Rafiu",1,21,0.3,1.0,2,1,1,100,0,0,0,0,0,0,0,0,0,1,1,0,0,0,0,0,0,0,0,0,0,0,0,0,0,0,0,0,0,0,1,0,1.0,1.0,200,0,200,0,200,-200,2,0,0,0,0,0,0,0,0,0,0,0,0,0,0,0,0,0,0,0,0,0,0,0,0,0,0,0,0,0,0,0,0
HHS Reading Rockets EABL,"C. Okumus, J. Mackinnon, J. Waterhouse, M. Daines, M. Hassan-Taylor",Oaklands Wolves EABL,"E. Da Cruz Fatuda, G. Mitchell, H. Morrell, L. Mcintosh, T. Mcintosh",1,41,0.7,1.0,2,1,1,100,0,0,0,0,0,0,0,1,1,0,0,0,0,0,0,0,1,0,0,1,0,0,0,0,0,0,0,0,0,0,0,1,1.0,1.0,200,0,200,0,200,-200,2,0,0,0,0,0,0,0,0,0,0,0,0,0,0,0,0,0,0,0,0,0,0,0,0,0,0,0,0,0,0,0,0
Barking Abbey EABL,"A. Nwabueze, H. Parkin, J. Mendes, K. Mabaya, M. Filho",City of London Academy - Southwark EABL,"A. Nwokolo, B. Olowoshile, D. Banjoko, D. Banjoko, J. Hannick",1,3,0.1,1.0,0,0,0,0,0,0,0,0,0,0,0,1,1,0,0,1,1,0,0,0,1,0,0,0,0,0,0,0,0,0,0,0,1,0,0,0,1.0,1.0,0,0,0,0,0,0,0,0,0,0,0,0,0,0,0,0,0,0,0,0,0,0,0,0,0,0,0,0,0,0,0,0,0,0,0,0,0,0,0
Barking Abbey EABL,"A. Nwabueze, K. Mabaya, K. N'gabala, O. Visockas",City of London Academy - Southwark EABL,"A. Morentin, D. Banjoko, D. Banjoko, J. Hannick, T. Gass",1,1,0.0,1.0,0,0,1,0,0,0,0,0,0,0,0,1,1,0,0,0,0,0,0,0,1,0,0,0,0,0,0,0,0,1,1,0,0,1,0,0,1.0,1.0,0,0,0,0,0,0,0,0,0,0,0,0,0,0,0,0,0,0,0,0,0,0,0,0,0,0,0,0,0,0,0,0,0,0,0,0,0,0,0
Barking Abbey EABL,"A. Nwabueze, K. Mabaya, K. N'gabala, O. Visockas",City of London Academy - Southwark EABL,"A. Nwokolo, D. Banjoko, D. Banjoko, J. Hannick, T. Gass",1,141,2.4,1.0,0,0,1,0,0,1,0,0,0,0,0,1,1,0,0,0,0,0,0,0,1,0,0,1,0,0,0,0,0,0,0,0,0,0,0,0,1.0,1.0,0,0,0,0,0,0,0,0,0,0,0,0,0,0,0,0,0,0,0,0,0,0,0,0,0,0,0,0,0,0,0,0,0,0,0,0,0,0,0
Barking Abbey EABL,"A. Nwabueze, J. Mendes, K. N'gabala, O. Visockas, R. Connolly",City of London Academy - Southwark EABL,"B. Olowoshile, D. Banjoko, J. Hannick, R. Cryer, T. Gass",1,37,0.6,1.0,0,0,1,0,0,0,0,0,0,0,0,0,0,0,0,0,0,0,3,1,1,100,1,1,100,0,0,0,0,0,0,1,0,0,0,0,1.0,1.0,0,300,-300,300,0,300,-3,0,0,0,0,0,0,0,0,0,0,0,0,0,0,0,0,0,0,0,0,0,0,0,0,0,0,0,0,0,0,0,0
Barking Abbey EABL,"A. Nwabueze, H. Parkin, J. Mendes, M. Filho, O. Visockas",City of London Academy - Southwark EABL,"A. Nwokolo, D. Banjoko, J. Hannick, L. Thompson, T. Gass",1,74,1.2,1.0,0,0,1,0,0,1,0,0,0,0,0,1,1,0,0,0,0,0,0,0,1,0,0,1,0,0,0,0,0,0,0,0,0,0,0,0,1.0,1.0,0,0,0,0,0,0,0,0,0,0,0,0,0,0,0,0,0,0,0,0,0,0,0,0,0,0,0,0,0,0,0,0,0,0,0,0,0,0,0
Barking Abbey EABL,"A. Nwabueze, H. Parkin, J. Mendes, M. Filho, R. Connolly",City of London Academy - Southwark EABL,"A. Nwokolo, D. Banjoko, J. Hannick, L. Thompson, T. Gass",1,32,0.5,1.0,3,1,1,100,1,1,100,0,0,0,0,1,1,1,0,0,0,0,0,0,1,0,0,0,0,0,0,0,0,0,0,0,0,0,0,0,1.0,1.0,300,0,300,0,300,-300,3,0,0,0,0,0,0,0,0,0,0,0,0,0,0,0,0,0,0,0,0,0,0,0,0,0,0,0,0,0,0,0,0
Itchen College EABL,"B. Cope, E. Round, J. Ofman, J. Osei-Owusu, M. Yeates",Barking Abbey EABL,"A. Nwabueze, J. Mendes, M. Filho, R. Connolly, S. Dobson Smith",1,25,0.4,1.0,2,1,1,100,0,0,0,0,0,0,0,1,1,1,0,0,0,0,0,0,1,0,0,0,0,0,0,0,0,0,0,0,0,0,0,0,1.0,1.0,200,0,200,0,200,-200,2,0,0,0,0,0,0,0,0,0,0,0,0,0,0,0,0,0,0,0,0,0,0,0,0,0,0,0,0,0,0,0,0
Derby College Trailblazers EABL,"C. Burr, E. Norman, E. Rice, G. Pastor, W. Tallon",SGS College EABL,"D. Lloyd, I. Toure, K. Ramirez Mora, M. Alburo, M. Perez Tosca",1,46,0.8,1.0,2,1,2,50,0,1,0,0,0,0,1,0,1,1,0,0,0,0,0,0,0,0,0,0,0,0,0,0,0,0,0,0,0,0,1,0,0.9,1.0,215.1,0,215.1,0,215.1,-215.1,2,0,0,0,0,0,0,0,0,0,0,0,0,0,0,0,0,0,0,0,0,0,0,0,0,0,0,0,0,0,0,0,0
Manchester Magic Academy EABL,"A. Sagay Isiorho, H. Blake, J. Odongo, L. Clayton, S. Sidi-Boumedine",BMET City of Birmingham Rockets EABL,"A. Camara, J. Agbeze, J. Hyland, L. Duru, P. Basioudis",1,66,1.1,1.0,3,1,1,100,1,1,100,0,0,0,0,0,0,1,1,0,0,0,0,0,0,0,0,0,0,0,0,0,0,0,0,0,0,0,1,1,1.0,1.0,300,0,300,0,300,-300,3,0,0,0,0,0,0,0,0,0,0,0,0,0,0,0,0,0,0,0,0,0,0,0,0,0,0,0,0,0,0,0,0
Manchester Magic Academy EABL,"A. Sagay Isiorho, D. Allotey, J. Walton, T. Kamal Kazmi, T. Richardson",BMET City of Birmingham Rockets EABL,"A. Camara, B. Rose, G. Angoy, G. Singh, P. Walsh",1,19,0.3,1.0,0,0,0,0,0,0,0,0,0,0,0,1,1,0,0,0,1,0,0,0,1,0,0,1,0,0,0,0,0,0,0,0,0,0,0,0,1.0,1.0,0,0,0,0,0,0,0,0,0,0,0,0,0,0,0,0,0,0,0,0,0,0,0,0,0,0,0,0,0,0,0,0,0,0,0,0,0,0,0
Manchester Magic Academy EABL,"A. Adetula, A. Sagay Isiorho, J. Odongo, S. Sidi-Boumedine, T. Weekes",BMET City of Birmingham Rockets EABL,"A. Camara, J. Agbeze, J. Hyland, L. Duru, P. Walsh",1,35,0.6,1.0,2,1,1,100,0,0,0,0,0,0,0,0,0,1,1,0,0,1,0,0,0,0,0,0,0,0,0,0,0,0,0,0,0,0,1,0,1.0,1.0,200,0,200,0,200,-200,2,0,0,0,0,0,0,0,0,0,0,0,0,0,0,0,0,0,0,0,0,0,0,0,0,0,0,0,0,0,0,0,0
Myerscough College EABL,"C. Sanchez Falette, H. Sheehan, J. Bobkowski, S. Latidan, Z. Trezvant",Charnwood College Riders EABL,"A. Young, L. Boothe, L. Stevenson, T. Pearson, Z. Gleadell-Smith",1,46,0.8,1.0,2,1,1,100,0,0,0,0,0,0,0,1,1,1,0,0,0,0,0,0,1,0,0,0,0,0,0,0,0,0,0,0,0,0,0,1,1.0,1.0,200,0,200,0,200,-200,2,0,0,0,0,0,0,0,0,0,0,0,0,0,0,0,0,0,0,0,0,0,0,0,0,0,0,0,0,0,0,0,0
Myerscough College EABL,"F. Morgan, J. Bobkowski, O. Esingle, S. Latidan, Z. Trezvant",Charnwood College Riders EABL,"A. Oyerinde, P. Kattah, R. Buckingham, T. Curran, Z. Gleadell-Smith",1,43,0.7,1.0,0,0,1,0,0,1,0,0,0,0,1,0,1,0,0,0,1,1,3,1,1,100,1,1,100,0,0,0,0,0,0,1,1,0,0,0,0.9,1.0,0,300,-300,300,0,300,-3,0,0,0,0,0,0,0,0,0,0,0,0,0,0,0,0,0,0,0,0,0,0,0,0,0,0,0,0,0,0,0,0
Myerscough College EABL,"A. Ibirinde, H. Sheehan, L. Farrell, O. Esingle, S. Latidan",Charnwood College Riders EABL,"O. Hambira, P. Kattah, R. Buckingham, T. Curran, Z. Gleadell-Smith",1,65,1.1,1.0,2,1,1,100,0,0,0,0,0,0,0,0,0,1,1,0,0,0,0,0,0,0,0,0,0,0,0,0,0,0,0,0,0,0,1,0,1.0,1.0,200,0,200,0,200,-200,2,0,0,0,0,0,0,0,0,0,0,0,0,0,0,0,0,0,0,0,0,0,0,0,0,0,0,0,0,0,0,0,0
Myerscough College EABL,"F. Morgan, H. Sheehan, J. Bobkowski, S. Latidan, Z. Trezvant",Charnwood College Riders EABL,"A. Oyerinde, O. Hambira, P. Kattah, R. Buckingham, Z. Gleadell-Smith",1,35,0.6,1.0,3,1,1,100,1,1,100,0,0,0,0,1,1,0,0,1,0,0,0,0,1,0,0,0,0,0,0,0,0,0,0,0,0,0,0,1,1.0,1.0,300,0,300,0,300,-300,3,0,0,0,0,0,0,0,0,0,0,0,0,0,0,0,0,0,0,0,0,0,0,0,0,0,0,0,0,0,0,0,0
Myerscough College EABL,"C. Sanchez Falette, J. Bobkowski, O. Esingle, S. Latidan, Z. Trezvant",Charnwood College Riders EABL,"P. Kattah, R. Buckingham, T. Curran, T. Pearson, Z. Gleadell-Smith",1,40,0.7,1.0,0,0,1,0,0,0,0,0,0,0,0,0,0,0,1,0,0,0,0,0,0,0,0,0,0,0,0,0,0,1,1,0,0,0,1,1,1.0,1.0,0,0,0,0,0,0,0,0,0,0,0,0,0,0,0,0,0,0,0,0,0,0,0,0,0,0,0,0,0,0,0,0,0,0,0,0,0,0,0
Oaklands Wolves EABL,"D. Gladstone, D. Kostadinov, E. Da Cruz Fatuda, G. Mitchell, L. Mcintosh",City of London Academy - Southwark EABL,"B. Olowoshile, J. Hannick, L. Thompson, R. Testfay, S. Shirwac",1,6,0.1,1.0,0,0,1,0,0,0,0,0,0,0,0,0,0,0,0,0,0,0,0,0,0,0,0,0,0,0,0,0,0,1,1,0,0,0,1,0,1.0,1.0,0,0,0,0,0,0,0,0,0,0,0,0,0,0,0,0,0,0,0,0,0,0,0,0,0,0,0,0,0,0,0,0,0,0,0,0,0,0,0
Oaklands Wolves EABL,"D. Gladstone, D. Kostadinov, E. Da Cruz Fatuda, G. Mitchell, L. Mcintosh",City of London Academy - Southwark EABL,"A. Nwokolo, B. Olowoshile, J. Hannick, R. Testfay, S. Shirwac",1,88,1.5,1.0,0,0,1,0,0,1,0,0,0,0,0,0,0,0,0,1,0,0,0,0,1,0,0,0,0,0,0,0,0,1,1,0,0,0,0,0,1.0,1.0,0,0,0,0,0,0,0,0,0,0,0,0,0,0,0,0,0,0,0,0,0,0,0,0,0,0,0,0,0,0,0,0,0,0,0,0,0,0,0
Oaklands Wolves EABL,"D. Gladstone, D. Kostadinov, E. Da Cruz Fatuda, G. Mitchell, H. Morrell",City of London Academy - Southwark EABL,"D. Banjoko, D. Patel, L. Thompson, R. Testfay, T. Gass",1,31,0.5,1.0,2,1,2,50,0,0,0,0,0,0,1,0,1,0,1,0,0,0,0,0,0,0,0,0,0,0,0,0,0,0,0,0,0,0,1,1,0.9,1.0,215.1,0,215.1,0,215.1,-215.1,2,0,0,0,0,0,0,0,0,0,0,0,0,0,0,0,0,0,0,0,0,0,0,0,0,0,0,0,0,0,0,0,0
Oaklands Wolves EABL,"B. Thompson, D. Kostadinov, E. Ryan, H. Morrell, T. Mcintosh",City of London Academy - Southwark EABL,"A. Morentin, B. Olowoshile, J. Hannick, R. Testfay, S. Shirwac",1,41,0.7,1.0,0,0,2,0,0,1,0,0,0,0,1,1,2,0,0,0,0,0,0,0,1,0,0,0,0,0,0,0,0,1,1,0,0,0,0,1,0.9,1.0,0,0,0,0,0,0,0,0,0,0,0,0,0,0,0,0,0,0,0,0,0,0,0,0,0,0,0,0,0,0,0,0,0,0,0,0,0,0,0
HHS Reading Rockets EABL,"C. Okumus, E. Harrington, L. Bakary, L. Francis, M. Daines",Barking Abbey EABL,"F. Oguntuase, K. Mabaya, M. Filho, O. Visockas, S. Dobson Smith",1,47,0.8,1.0,0,0,0,0,0,0,0,0,0,0,0,1,1,0,0,0,1,0,0,0,1,0,0,0,0,0,0,0,0,0,0,0,0,0,0,0,1.0,1.0,0,0,0,0,0,0,0,0,0,0,0,0,0,0,0,0,0,0,0,0,0,0,0,0,0,0,0,0,0,0,0,0,0,0,0,0,0,0,0
HHS Reading Rockets EABL,"E. Harrington, L. Bakary, L. Francis, M. Daines, M. Hassan-Taylor",Barking Abbey EABL,"H. Egbayelo, J. Mendes, K. N'gabala, O. Visockas, R. Connolly",1,34,0.6,1.0,0,0,1,0,0,1,0,0,0,0,0,1,1,0,0,0,0,0,0,0,1,0,0,0,0,0,0,0,0,1,1,0,0,0,0,0,1.0,1.0,0,0,0,0,0,0,0,0,0,0,0,0,0,0,0,0,0,0,0,0,0,0,0,0,0,0,0,0,0,0,0,0,0,0,0,0,0,0,0
HHS Reading Rockets EABL,"E. Harrington, J. Mackinnon, J. Waterhouse, L. Francis, M. Daines",Barking Abbey EABL,"A. Maitland, A. Nwabueze, F. Cole, K. Mabaya, R. Connolly",1,34,0.6,1.0,0,0,0,0,0,0,0,0,0,0,0,0,0,0,0,0,1,0,0,0,0,0,0,0,0,0,0,0,0,0,0,0,1,0,1,1,1.0,1.0,0,0,0,0,0,0,0,0,0,0,0,0,0,0,0,0,0,0,0,0,0,0,0,0,0,0,0,0,0,0,0,0,0,0,0,0,0,0,0
HHS Reading Rockets EABL,"E. Harrington, J. Mackinnon, J. Waterhouse, M. Daines, M. Hassan-Taylor",Barking Abbey EABL,"F. Cole, K. Mabaya, M. Filho, O. Visockas, R. Connolly",1,18,0.3,1.0,0,0,1,0,0,1,0,0,0,0,0,0,0,0,1,0,0,1,0,0,0,0,0,0,0,0,0,0,0,1,1,0,0,0,1,0,1.0,1.0,0,0,0,0,0,0,0,0,0,0,0,0,0,0,0,0,0,0,0,0,0,0,0,0,0,0,0,0,0,0,0,0,0,0,0,0,0,0,0
HHS Reading Rockets EABL,"C. Okumus, E. Harrington, L. Bakary, L. Francis, M. Daines",Barking Abbey EABL,"F. Oguntuase, K. Mabaya, K. N'gabala, O. Visockas, S. Dobson Smith",1,22,0.4,1.0,2,1,1,100,0,0,0,0,0,0,0,0,0,0,1,0,0,0,0,0,0,0,0,0,0,0,0,0,0,0,0,0,0,0,1,1,1.0,1.0,200,0,200,0,200,-200,2,0,0,0,0,0,0,0,0,0,0,0,0,0,0,0,0,0,0,0,0,0,0,0,0,0,0,0,0,0,0,0,0
Copleston High School EABL,"I. Little, M. Liddamore, N. Wilkinson, O. Drane, T. Rafiu",City of London Academy - Southwark EABL,"A. Morentin, A. Nwokolo, D. Banjoko, R. Testfay, S. Shirwac",1,15,0.2,1.0,0,0,0,0,0,0,0,0,0,0,0,1,1,0,0,0,0,0,0,0,2,0,0,2,0,0,0,0,0,0,0,0,0,0,0,0,0.1,2.0,0,0,0,0,0,0,0,0,0,0,0,0,0,0,0,0,0,0,0,0,0,0,0,0,0,0,0,0,0,0,0,0,0,0,0,0,0,0,0
SGS College EABL,"D. Lloyd, K. Richards, L. Matthews, M. Alburo, Z. Lawson",Manchester Magic Academy EABL,"D. Allotey, H. Blake, T. Kamal Kazmi, T. Richardson, T. Weekes",1,19,0.3,1.0,0,0,0,0,0,0,0,0,0,0,0,0,0,0,0,0,1,0,2,1,2,50,0,0,0,0,0,0,1,0,1,0,1,0,0,1,1.0,0.9,0,215.1,-215.1,215.1,0,215.1,-2,0,0,0,0,0,0,0,0,0,0,0,0,0,0,0,0,0,0,0,0,0,0,0,0,0,0,0,0,0,0,0,0
SGS College EABL,"I. Toure, L. Matthews, M. Perez Tosca, R. Cabrera, Z. Lawson",Manchester Magic Academy EABL,"A. Adetula, A. Sagay Isiorho, J. Walton, O. Babalola, T. Kamal Kazmi",1,19,0.3,1.0,0,0,0,0,0,0,0,0,0,0,0,0,0,0,0,0,1,0,3,1,1,100,1,1,100,0,0,0,0,0,0,1,0,0,0,0,1.0,1.0,0,300,-300,300,0,300,-3,0,0,0,0,0,0,0,0,0,0,0,0,0,0,0,0,0,0,0,0,0,0,0,0,0,0,0,0,0,0,0,0
Charnwood College Riders EABL,"A. Oyerinde, F. Saeed, R. Buckingham, T. Curran, Z. Gleadell-Smith",BMET City of Birmingham Rockets EABL,"G. Angoy, J. Agbeze, J. Hyland, L. Duru, P. Basioudis",1,38,0.6,1.0,0,0,1,0,0,0,0,0,0,0,0,0,0,0,0,0,0,0,2,1,2,50,0,0,0,0,0,0,1,0,1,1,0,0,0,0,1.0,0.9,0,215.1,-215.1,215.1,0,215.1,-2,0,0,0,0,0,0,0,0,0,0,0,0,0,0,0,0,0,0,0,0,0,0,0,0,0,0,0,0,0,0,0,0
Charnwood College Riders EABL,"A. Young, F. Saeed, L. Boothe, P. Kattah, Z. Gleadell-Smith",BMET City of Birmingham Rockets EABL,"G. Angoy, J. Agbeze, L. Duru, P. Basioudis, S. Chikukwa",1,51,0.8,1.0,0,0,1,0,0,1,0,0,0,0,0,0,0,0,0,0,0,0,3,1,1,100,1,1,100,0,0,0,0,1,1,1,0,0,0,0,1.0,1.0,0,300,-300,300,0,300,-3,0,0,0,0,0,0,0,0,0,0,0,0,0,0,0,0,0,0,0,0,0,0,0,0,0,0,0,0,0,0,0,0
Charnwood College Riders EABL,"A. Young, F. Saeed, J. Hardy, L. Boothe, P. Kattah",BMET City of Birmingham Rockets EABL,"G. Angoy, J. Agbeze, L. Duru, P. Basioudis, S. Chikukwa",1,30,0.5,1.0,0,0,0,0,0,0,0,0,0,0,0,0,0,0,0,0,1,0,3,1,1,100,1,1,100,0,0,0,0,0,0,0,0,0,0,1,1.0,1.0,0,300,-300,300,0,300,-3,0,0,0,0,0,0,0,0,0,0,0,0,0,0,0,0,0,0,0,0,0,0,0,0,0,0,0,0,0,0,0,0
Charnwood College Riders EABL,"A. Young, F. Saeed, P. Kattah, R. Buckingham, T. Pearson",BMET City of Birmingham Rockets EABL,"A. Camara, J. Agbeze, L. Duru, P. Basioudis, S. Chikukwa",1,40,0.7,1.0,0,0,2,0,0,1,0,0,0,0,1,0,1,0,0,0,0,0,0,0,0,0,0,0,0,0,0,0,0,1,1,0,0,1,1,0,0.9,1.0,0,0,0,0,0,0,0,0,0,0,0,0,0,0,0,0,0,0,0,0,0,0,0,0,0,0,0,0,0,0,0,0,0,0,0,0,0,0,0
Charnwood College Riders EABL,"A. Oyerinde, P. Kattah, T. Curran, T. Pearson, Z. Gleadell-Smith",BMET City of Birmingham Rockets EABL,"A. Camara, J. Agbeze, P. Basioudis, P. Walsh, S. Chikukwa",1,12,0.2,1.0,0,0,1,0,0,0,0,0,0,0,0,1,1,0,0,0,0,0,0,0,1,0,0,0,0,0,0,0,0,1,1,0,0,0,0,0,1.0,1.0,0,0,0,0,0,0,0,0,0,0,0,0,0,0,0,0,0,0,0,0,0,0,0,0,0,0,0,0,0,0,0,0,0,0,0,0,0,0,0
Charnwood College Riders EABL,"A. Oyerinde, F. Saeed, P. Kattah, R. Buckingham, T. Pearson",BMET City of Birmingham Rockets EABL,"J. Agbeze, J. Hyland, L. Duru, P. Basioudis, S. Chikukwa",1,27,0.5,1.0,3,1,1,100,1,1,100,0,0,0,0,0,0,1,0,0,0,0,2,1,1,100,0,0,0,0,0,0,0,0,0,1,0,0,0,0,1.0,1.0,300,200,100,200,300,-100,1,0,0,0,0,0,0,0,0,0,0,0,0,0,0,0,0,0,0,0,0,0,0,0,0,0,0,0,0,0,0,0,0
Charnwood College Riders EABL,"A. Oyerinde, J. Hardy, P. Kattah, R. Buckingham, T. Pearson",BMET City of Birmingham Rockets EABL,"J. Agbeze, J. Hyland, L. Duru, P. Basioudis, S. Chikukwa",1,28,0.5,1.0,0,0,2,0,0,2,0,0,0,0,1,0,1,0,0,0,0,0,0,0,0,0,0,0,0,0,0,0,0,1,1,0,0,0,1,0,0.9,1.0,0,0,0,0,0,0,0,0,0,0,0,0,0,0,0,0,0,0,0,0,0,0,0,0,0,0,0,0,0,0,0,0,0,0,0,0,0,0,0
Myerscough College EABL,"A. Ibirinde, C. Sanchez Falette, H. Sheehan, O. Esingle, S. Latidan",Derby College Trailblazers EABL,"C. Burr, E. Norman, J. Lemanski, R. Hobday, W. Tallon",1,58,1.0,1.0,3,1,2,50,1,2,50,0,0,0,1,0,1,1,0,0,0,1,2,1,1,100,0,0,0,0,0,0,0,0,0,1,0,0,0,0,0.9,1.0,322.6,200,122.6,200,322.6,-122.6,1,0,0,0,0,0,0,0,0,0,0,0,0,0,0,0,0,0,0,0,0,0,0,0,0,0,0,0,0,0,0,0,0
Myerscough College EABL,"A. Ibirinde, H. Sheehan, J. Bobkowski, L. Farrell, Z. Trezvant",Derby College Trailblazers EABL,"C. Burr, E. Rice, J. Lemanski, R. Hobday, W. Tallon",1,24,0.4,1.0,0,0,1,0,0,1,0,0,0,0,0,1,1,0,0,0,0,0,0,0,1,0,0,1,0,0,0,0,0,0,0,0,0,0,0,0,1.0,1.0,0,0,0,0,0,0,0,0,0,0,0,0,0,0,0,0,0,0,0,0,0,0,0,0,0,0,0,0,0,0,0,0,0,0,0,0,0,0,0
Barking Abbey EABL,"A. Nwabueze, K. Mabaya, M. Filho, O. Visockas, S. Dobson Smith",Oaklands Wolves EABL,"B. Thompson, D. Gladstone, E. Da Cruz Fatuda, L. Mcintosh, T. Mcintosh",1,39,0.7,1.0,0,0,1,0,0,1,0,0,0,0,0,0,0,0,0,0,0,0,0,0,0,0,0,0,0,0,0,0,0,0,0,0,0,0,1,0,1.0,1.0,0,0,0,0,0,0,0,0,0,0,0,0,0,0,0,0,0,0,0,0,0,0,0,0,0,0,0,0,0,0,0,0,0,0,0,0,0,0,0
Barking Abbey EABL,"A. Maitland, A. Nwabueze, J. Mendes, O. Visockas, R. Connolly",Oaklands Wolves EABL,"B. Thompson, D. Kostadinov, E. Da Cruz Fatuda, H. Morrell, L. Mcintosh",1,50,0.8,1.0,2,1,1,100,0,0,0,0,0,0,0,1,1,1,0,0,0,1,0,0,1,0,0,0,0,0,0,0,0,0,0,0,0,0,0,0,1.0,1.0,200,0,200,0,200,-200,2,0,0,0,0,0,0,0,0,0,0,0,0,0,0,0,0,0,0,0,0,0,0,0,0,0,0,0,0,0,0,0,0
Barking Abbey EABL,"F. Cole, H. Egbayelo, K. N'gabala, R. Connolly, S. Dobson Smith",Oaklands Wolves EABL,"D. Gladstone, D. Kostadinov, E. Da Cruz Fatuda, L. Mcintosh, T. Mcintosh",1,27,0.5,1.0,0,0,0,0,0,0,0,0,0,0,0,0,0,0,0,0,1,1,3,1,1,100,1,1,100,0,0,0,0,0,0,0,1,0,0,0,1.0,1.0,0,300,-300,300,0,300,-3,0,0,0,0,0,0,0,0,0,0,0,0,0,0,0,0,0,0,0,0,0,0,0,0,0,0,0,0,0,0,0,0
HHS Reading Rockets EABL,"C. Okumus, E. Harrington, J. Waterhouse, M. Daines, M. Hassan-Taylor",Itchen College EABL,"E. Lotriet, E. Round, G. Andrews, M. Edwards, R. Matthias",1,46,0.8,1.0,2,1,1,100,0,0,0,0,0,0,0,1,1,1,0,0,0,1,0,0,1,0,0,1,0,0,0,0,0,0,0,0,0,0,0,0,1.0,1.0,200,0,200,0,200,-200,2,0,0,0,0,0,0,0,0,0,0,0,0,0,0,0,0,0,0,0,0,0,0,0,0,0,0,0,0,0,0,0,0
HHS Reading Rockets EABL,"A. Moloney, C. Okumus, J. Waterhouse, L. Francis, M. Daines",Itchen College EABL,"B. Cope, D. Cimochowski, E. Lotriet, E. Round, T. Blower",1,54,0.9,1.0,2,1,1,100,0,0,0,0,0,0,0,0,0,1,0,0,0,1,2,1,1,100,0,0,0,0,0,0,0,0,0,0,0,0,0,1,1.0,1.0,200,200,0,200,200,0,0,0,0,0,0,0,0,0,0,0,0,0,0,0,0,0,0,0,0,0,0,0,0,0,0,0,0,0,0,0,0,0,0
HHS Reading Rockets EABL,"C. Okumus, J. Waterhouse, L. Bakary, L. Francis, M. Hassan-Taylor",Copleston High School EABL,"I. Little, M. Liddamore, N. Wilkinson, O. Drane, T. Rafiu",1,26,0.4,1.0,0,0,0,0,0,0,0,0,0,0,0,0,0,0,0,0,1,0,2,1,1,100,0,0,0,0,0,0,0,0,0,1,1,0,0,0,1.0,1.0,0,200,-200,200,0,200,-2,0,0,0,0,0,0,0,0,0,0,0,0,0,0,0,0,0,0,0,0,0,0,0,0,0,0,0,0,0,0,0,0
HHS Reading Rockets EABL,"J. Waterhouse, L. Bakary, L. Francis, M. Daines, M. Hassan-Taylor",Copleston High School EABL,"I. Little, M. Liddamore, N. Wilkinson, O. Drane, T. Rafiu",1,44,0.7,1.0,0,0,1,0,0,1,0,0,0,0,1,0,1,0,1,0,1,0,0,0,0,0,0,0,0,0,0,0,0,0,0,0,1,0,1,0,0.9,1.0,0,0,0,0,0,0,0,0,0,0,0,0,0,0,0,0,0,0,0,0,0,0,0,0,0,0,0,0,0,0,0,0,0,0,0,0,0,0,0
HHS Reading Rockets EABL,"E. Harrington, J. Waterhouse, L. Bakary, M. Daines, M. Hassan-Taylor",Copleston High School EABL,"I. Little, M. Liddamore, N. Wilkinson, O. Drane, T. Rafiu",1,14,0.2,1.0,2,1,1,100,0,0,0,0,0,0,0,0,0,1,0,0,0,0,0,0,1,0,0,1,0,0,0,0,0,0,0,0,0,0,0,0,1.0,1.0,200,0,200,0,200,-200,2,0,0,0,0,0,0,0,0,0,0,0,0,0,0,0,0,0,0,0,0,0,0,0,0,0,0,0,0,0,0,0,0
HHS Reading Rockets EABL,"E. Harrington, J. Waterhouse, L. Bakary, M. Daines, M. Hassan-Taylor",Copleston High School EABL,"C. Fobister, G. Millar, I. Little, M. Liddamore, T. Rafiu",1,22,0.4,1.0,2,1,1,100,0,0,0,0,0,0,0,0,0,0,1,0,0,0,0,0,0,0,0,0,0,0,0,0,0,0,0,0,0,0,1,0,1.0,1.0,200,0,200,0,200,-200,2,0,0,0,0,0,0,0,0,0,0,0,0,0,0,0,0,0,0,0,0,0,0,0,0,0,0,0,0,0,0,0,0
HHS Reading Rockets EABL,"E. Harrington, J. Waterhouse, L. Francis, M. Daines, M. Hassan-Taylor",Copleston High School EABL,"I. Carty-Peters, I. Little, M. Liddamore, M. Wells, T. Rafiu",1,36,0.6,1.0,3,1,1,100,1,1,100,0,0,0,0,0,0,1,1,0,0,0,0,0,0,0,0,0,0,0,0,0,0,0,0,0,0,0,1,0,1.0,1.0,300,0,300,0,300,-300,3,0,0,0,0,0,0,0,0,0,0,0,0,0,0,0,0,0,0,0,0,0,0,0,0,0,0,0,0,0,0,0,0
Myerscough College EABL,"A. Ibirinde, F. Morgan, J. Bobkowski, O. Esingle, S. Latidan",Barking Abbey EABL,"A. Nwabueze, J. Mendes, K. Mabaya, R. Connolly, S. Dobson Smith",1,45,0.8,1.0,0,0,1,0,0,1,0,0,0,0,0,1,1,0,0,0,0,0,0,0,1,0,0,0,0,0,0,0,0,0,0,0,0,1,0,0,1.0,1.0,0,0,0,0,0,0,0,0,0,0,0,0,0,0,0,0,0,0,0,0,0,0,0,0,0,0,0,0,0,0,0,0,0,0,0,0,0,0,0
Myerscough College EABL,"A. Ibirinde, F. Morgan, J. Bobkowski, O. Esingle, S. Latidan",Barking Abbey EABL,"K. Mabaya, M. Filho, O. Visockas, R. Connolly, S. Dobson Smith",1,48,0.8,1.0,0,0,1,0,0,1,0,0,0,0,0,0,0,0,0,0,0,0,3,1,1,100,1,1,100,0,0,0,0,0,0,1,0,0,0,1,1.0,1.0,0,300,-300,300,0,300,-3,0,0,0,0,0,0,0,0,0,0,0,0,0,0,0,0,0,0,0,0,0,0,0,0,0,0,0,0,0,0,0,0
Myerscough College EABL,"C. Sanchez Falette, H. Sheehan, O. Esingle, S. Latidan, Z. Trezvant",Barking Abbey EABL,"J. Mendes, K. Mabaya, O. Visockas, R. Connolly, S. Dobson Smith",1,56,0.9,1.0,2,1,1,100,0,0,0,0,0,0,0,1,1,0,0,0,0,0,0,0,1,0,0,0,0,0,0,0,0,0,0,0,0,0,0,0,1.0,1.0,200,0,200,0,200,-200,2,0,0,0,0,0,0,0,0,0,0,0,0,0,0,0,0,0,0,0,0,0,0,0,0,0,0,0,0,0,0,0,0
Myerscough College EABL,"A. Ibirinde, C. Sanchez Falette, H. Sheehan, O. Esingle, S. Latidan",Barking Abbey EABL,"A. Maitland, J. Mendes, K. Mabaya, O. Visockas, R. Connolly",1,34,0.6,1.0,2,1,1,100,0,0,0,0,0,0,0,0,0,0,0,0,0,0,3,1,1,100,1,1,100,0,0,0,0,0,0,1,0,0,0,1,1.0,1.0,200,300,-100,300,200,100,-1,0,0,0,0,0,0,0,0,0,0,0,0,0,0,0,0,0,0,0,0,0,0,0,0,0,0,0,0,0,0,0,0
Myerscough College EABL,"A. Ibirinde, F. Morgan, J. Bobkowski, O. Esingle, S. Latidan",Barking Abbey EABL,"F. Cole, J. Mendes, M. Filho, O. Visockas, S. Dobson Smith",1,30,0.5,1.0,0,0,1,0,0,0,0,0,0,0,0,0,0,0,1,0,0,0,0,0,0,0,0,0,0,0,0,0,0,0,0,0,0,0,1,0,1.0,1.0,0,0,0,0,0,0,0,0,0,0,0,0,0,0,0,0,0,0,0,0,0,0,0,0,0,0,0,0,0,0,0,0,0,0,0,0,0,0,0
Myerscough College EABL,"A. Ibirinde, F. Morgan, J. Bobkowski, O. Esingle, S. Latidan",Barking Abbey EABL,"A. Maitland, F. Cole, J. Mendes, O. Visockas, S. Dobson Smith",1,58,1.0,1.0,0,0,1,0,0,0,0,0,0,0,0,0,0,0,0,0,0,0,3,1,1,100,1,1,100,0,0,0,0,1,1,1,0,0,0,0,1.0,1.0,0,300,-300,300,0,300,-3,0,0,0,0,0,0,0,0,0,0,0,0,0,0,0,0,0,0,0,0,0,0,0,0,0,0,0,0,0,0,0,0
SGS College EABL,"D. Lloyd, I. Toure, K. Ramirez Mora, L. Matthews, M. Perez Tosca",Copleston High School EABL,"I. Little, L. Read, M. Liddamore, N. Wilkinson, T. Rafiu",1,16,0.3,1.0,0,0,1,0,0,1,0,0,0,0,0,0,0,0,0,0,0,0,2,1,1,100,0,0,0,0,0,0,0,1,1,1,0,1,0,0,1.0,1.0,0,200,-200,200,0,200,-2,0,0,0,0,0,0,0,0,0,0,0,0,0,0,0,0,0,0,0,0,0,0,0,0,0,0,0,0,0,0,0,0
HHS Reading Rockets EABL,"C. Okumus, J. Waterhouse, L. Bakary, L. Francis, M. Daines",BMET City of Birmingham Rockets EABL,"A. Camara, B. Rose, J. Agbeze, J. Hyland, P. Basioudis",1,34,0.6,1.0,2,1,1,100,0,0,0,0,0,0,0,1,1,1,0,0,0,1,0,0,1,0,0,0,0,0,0,0,0,0,0,0,0,0,0,1,1.0,1.0,200,0,200,0,200,-200,2,0,0,0,0,0,0,0,0,0,0,0,0,0,0,0,0,0,0,0,0,0,0,0,0,0,0,0,0,0,0,0,0
HHS Reading Rockets EABL,"A. Moloney, E. Harrington, J. Waterhouse, L. Bakary, M. Daines",BMET City of Birmingham Rockets EABL,"A. Camara, B. Rose, G. Angoy, J. Agbeze, P. Basioudis",1,19,0.3,1.0,2,1,1,100,0,0,0,0,0,0,0,0,0,0,0,0,0,0,0,0,1,0,0,1,0,0,0,0,0,0,0,0,0,0,0,0,1.0,1.0,200,0,200,0,200,-200,2,0,0,0,0,0,0,0,0,0,0,0,0,0,0,0,0,0,0,0,0,0,0,0,0,0,0,0,0,0,0,0,0
HHS Reading Rockets EABL,"A. Moloney, E. Harrington, J. Waterhouse, L. Bakary, M. Daines",BMET City of Birmingham Rockets EABL,"A. Camara, B. Rose, G. Angoy, G. Singh, J. Agbeze",1,34,0.6,1.0,0,0,0,0,0,0,0,0,0,0,0,0,0,0,0,0,1,0,2,1,1,100,0,0,0,0,0,0,0,0,0,0,1,0,0,0,1.0,1.0,0,200,-200,200,0,200,-2,0,0,0,0,0,0,0,0,0,0,0,0,0,0,0,0,0,0,0,0,0,0,0,0,0,0,0,0,0,0,0,0
Itchen College EABL,"B. Cope, D. Cimochowski, E. Round, G. Andrews, J. Osei-Owusu",Charnwood College Riders EABL,"D. Hanousek, F. Saeed, P. Kattah, T. Curran, Z. Gleadell-Smith",1,28,0.5,1.0,0,0,1,0,0,1,0,0,0,0,0,1,1,0,0,0,0,0,0,0,1,0,0,0,0,0,0,0,0,1,1,0,0,0,0,0,1.0,1.0,0,0,0,0,0,0,0,0,0,0,0,0,0,0,0,0,0,0,0,0,0,0,0,0,0,0,0,0,0,0,0,0,0,0,0,0,0,0,0
Itchen College EABL,"E. Lotriet, E. Round, J. Ofman, M. Yeates, R. Radu",Charnwood College Riders EABL,"F. Saeed, J. Hardy, O. Hambira, T. Pearson, Z. Gleadell-Smith",1,24,0.4,1.0,0,0,1,0,0,0,0,0,0,0,0,0,0,0,0,0,0,0,0,0,0,0,0,0,0,0,0,0,0,1,1,0,0,0,1,0,1.0,1.0,0,0,0,0,0,0,0,0,0,0,0,0,0,0,0,0,0,0,0,0,0,0,0,0,0,0,0,0,0,0,0,0,0,0,0,0,0,0,0
Itchen College EABL,"E. Lotriet, E. Round, J. Osei-Owusu, M. Yeates, R. Radu",Charnwood College Riders EABL,"F. Saeed, J. Hardy, O. Hambira, T. Pearson, Z. Gleadell-Smith",1,36,0.6,1.0,0,0,1,0,0,1,0,0,0,0,0,1,1,0,0,0,0,0,0,0,1,0,0,1,0,0,0,0,0,1,1,0,0,0,0,0,1.0,1.0,0,0,0,0,0,0,0,0,0,0,0,0,0,0,0,0,0,0,0,0,0,0,0,0,0,0,0,0,0,0,0,0,0,0,0,0,0,0,0
Itchen College EABL,"B. Cope, E. Round, J. Ofman, M. Yeates, T. Blower",Charnwood College Riders EABL,"A. Young, D. Stephens, F. Saeed, O. Hambira, S. Morris",1,6,0.1,1.0,0,0,2,0,0,0,0,0,0,0,0,0,0,0,0,0,0,0,0,0,0,0,0,0,0,0,0,0,0,1,1,0,0,1,0,0,2.0,0.1,0,0,0,0,0,0,0,0,0,0,0,0,0,0,0,0,0,0,0,0,0,0,0,0,0,0,0,0,0,0,0,0,0,0,0,0,0,0,0
Itchen College EABL,"B. Cope, D. Cimochowski, E. Lotriet, E. Round, J. Ofman",Charnwood College Riders EABL,"D. Hanousek, P. Kattah, T. Curran, T. Pearson, Z. Gleadell-Smith",1,59,1.0,1.0,2,1,2,50,0,0,0,0,0,0,1,0,1,0,1,0,0,1,0,0,0,0,0,0,0,0,0,0,0,0,0,0,0,0,1,0,0.9,1.0,215.1,0,215.1,0,215.1,-215.1,2,0,0,0,0,0,0,0,0,0,0,0,0,0,0,0,0,0,0,0,0,0,0,0,0,0,0,0,0,0,0,0,0
City of London Academy - Southwark EABL,"A. Morentin, D. Banjoko, D. Patel, J. Hannick, T. Gass",Derby College Trailblazers EABL,"G. Pastor, J. Howlett, J. Lemanski, R. Hobday, W. Tallon",1,29,0.5,1.0,0,0,0,0,0,0,0,0,0,0,0,1,1,0,0,0,1,0,0,0,2,0,0,1,0,0,0,0,1,0,1,0,0,0,0,0,1.0,0.9,0,0,0,0,0,0,0,0,0,0,0,0,0,0,0,0,0,0,0,0,0,0,0,0,0,0,0,0,0,0,0,0,0,0,0,0,0,0,0
City of London Academy - Southwark EABL,"A. Morentin, B. Olowoshile, D. Banjoko, R. Cryer, R. Testfay",Derby College Trailblazers EABL,"E. Norman, E. Rice, K. Otaye, R. Hobday, W. Tallon",1,34,0.6,1.0,0,0,0,0,0,0,0,0,0,0,0,1,1,0,0,0,1,0,0,0,1,0,0,1,0,0,0,0,0,0,0,0,0,0,0,0,1.0,1.0,0,0,0,0,0,0,0,0,0,0,0,0,0,0,0,0,0,0,0,0,0,0,0,0,0,0,0,0,0,0,0,0,0,0,0,0,0,0,0
City of London Academy - Southwark EABL,"A. Nwokolo, D. Banjoko, D. Banjoko, J. Hannick, T. Gass",Derby College Trailblazers EABL,"C. Burr, E. Norman, E. Rice, R. Hobday, W. Tallon",1,47,0.8,1.0,0,0,2,0,0,2,0,0,0,0,1,1,2,0,0,0,0,0,0,0,1,0,0,1,0,0,0,0,0,1,1,0,0,0,0,2,0.9,1.0,0,0,0,0,0,0,0,0,0,0,0,0,0,0,0,0,0,0,0,0,0,0,0,0,0,0,0,0,0,0,0,0,0,0,0,0,0,0,0
City of London Academy - Southwark EABL,"A. Nwokolo, D. Banjoko, D. Banjoko, D. Patel, L. Thompson",Derby College Trailblazers EABL,"C. Burr, E. Norman, E. Rice, G. Pastor, W. Tallon",1,44,0.7,1.0,0,0,1,0,0,0,0,0,0,0,0,1,1,0,0,0,0,1,0,0,1,0,0,0,0,0,0,0,0,1,1,0,0,0,0,0,1.0,1.0,0,0,0,0,0,0,0,0,0,0,0,0,0,0,0,0,0,0,0,0,0,0,0,0,0,0,0,0,0,0,0,0,0,0,0,0,0,0,0
Manchester Magic Academy EABL,"A. Isiorho, H. Blake, J. Walton, L. Clayton, O. Babalola",Oaklands Wolves EABL,"D. Gladstone, E. Da Cruz Fatuda, G. Mitchell, L. Mcintosh, T. Mcintosh",1,38,0.6,1.0,2,1,2,50,0,0,0,0,0,0,1,0,1,1,0,0,0,0,0,0,0,0,0,0,0,0,0,0,0,0,0,0,0,0,1,0,0.9,1.0,215.1,0,215.1,0,215.1,-215.1,2,0,0,0,0,0,0,0,0,0,0,0,0,0,0,0,0,0,0,0,0,0,0,0,0,0,0,0,0,0,0,0,0
Manchester Magic Academy EABL,"A. Isiorho, D. Allotey, H. Blake, J. Odongo, J. Walton",Oaklands Wolves EABL,"D. Gladstone, D. Kostadinov, G. Mitchell, H. Morrell, T. Mcintosh",1,37,0.6,1.0,0,0,2,0,0,1,0,0,0,0,0,0,0,0,0,0,0,1,0,0,0,0,0,0,0,0,0,0,0,2,2,0,0,0,0,0,2.0,0.1,0,0,0,0,0,0,0,0,0,0,0,0,0,0,0,0,0,0,0,0,0,0,0,0,0,0,0,0,0,0,0,0,0,0,0,0,0,0,0
Manchester Magic Academy EABL,"A. Isiorho, H. Blake, J. Odongo, J. Walton, T. Weekes",Itchen College EABL,"B. Cope, D. Cimochowski, E. Lotriet, J. Ofman, R. Radu",1,38,0.6,1.0,0,0,1,0,0,0,0,0,0,0,0,1,1,0,0,0,0,1,0,0,2,0,0,0,0,0,0,0,1,1,2,0,0,0,0,0,1.0,0.9,0,0,0,0,0,0,0,0,0,0,0,0,0,0,0,0,0,0,0,0,0,0,0,0,0,0,0,0,0,0,0,0,0,0,0,0,0,0,0
Charnwood College Riders EABL,"F. Saeed, L. Boothe, T. Curran, T. Pearson, Z. Gleadell-Smith",Oaklands Wolves EABL,"D. Gladstone, D. Kostadinov, E. Da Cruz Fatuda, H. Morrell, L. Mcintosh",1,39,0.7,1.0,0,0,1,0,0,0,0,0,0,0,0,1,1,0,0,1,0,0,0,0,1,0,0,0,0,0,0,0,0,1,1,0,0,0,0,1,1.0,1.0,0,0,0,0,0,0,0,0,0,0,0,0,0,0,0,0,0,0,0,0,0,0,0,0,0,0,0,0,0,0,0,0,0,0,0,0,0,0,0
Charnwood College Riders EABL,"F. Saeed, L. Boothe, P. Kattah, R. Amrania, T. Curran",Oaklands Wolves EABL,"D. Gladstone, D. Kostadinov, G. Mitchell, L. Mcintosh, T. Mcintosh",1,28,0.5,1.0,0,0,1,0,0,1,0,0,0,0,0,0,0,0,0,0,0,0,2,1,1,100,0,0,0,0,0,0,0,0,0,1,0,0,0,0,1.0,1.0,0,200,-200,200,0,200,-2,0,0,0,0,0,0,0,0,0,0,0,0,0,0,0,0,0,0,0,0,0,0,0,0,0,0,0,0,0,0,0,0
Charnwood College Riders EABL,"F. Saeed, P. Kattah, T. Curran, T. Pearson, Z. Gleadell-Smith",Oaklands Wolves EABL,"D. Gladstone, E. Da Cruz Fatuda, G. Mitchell, H. Morrell, L. Mcintosh",1,56,0.9,1.0,0,0,0,0,0,0,0,0,0,0,0,0,0,0,0,0,0,0,5,2,2,100,1,1,100,0,0,0,0,0,0,2,0,0,0,1,0.1,2.0,0,250,-250,250,0,250,-5,0,0,0,0,0,0,0,0,0,0,0,0,0,0,0,0,0,0,0,0,0,0,0,0,0,0,0,0,0,0,0,0
Charnwood College Riders EABL,"F. Saeed, J. Hardy, P. Kattah, T. Curran, Z. Gleadell-Smith",Oaklands Wolves EABL,"D. Kostadinov, E. Da Cruz Fatuda, G. Mitchell, L. Mcintosh, T. Mcintosh",1,17,0.3,1.0,0,0,1,0,0,0,0,0,0,0,0,0,0,0,0,0,0,0,2,1,2,50,0,1,0,0,0,0,1,1,2,0,0,0,0,0,1.0,0.9,0,215.1,-215.1,215.1,0,215.1,-2,0,0,0,0,0,0,0,0,0,0,0,0,0,0,0,0,0,0,0,0,0,0,0,0,0,0,0,0,0,0,0,0
HHS Reading Rockets EABL,"A. Moloney, E. Harrington, J. Waterhouse, M. Daines, M. Hassan-Taylor",SGS College EABL,"D. Lloyd, I. Toure, K. Ramirez Mora, M. Perez Tosca, T. Wallace-Gayle",1,52,0.9,1.0,0,0,1,0,0,1,0,0,0,0,0,0,0,0,0,0,0,0,0,0,0,0,0,0,0,0,0,0,0,1,1,0,0,0,1,2,1.0,1.0,0,0,0,0,0,0,0,0,0,0,0,0,0,0,0,0,0,0,0,0,0,0,0,0,0,0,0,0,0,0,0,0,0,0,0,0,0,0,0
HHS Reading Rockets EABL,"A. Moloney, C. Okumus, J. Mackinnon, M. Daines, M. Hassan-Taylor",SGS College EABL,"J. Grajcar, K. Ramirez Mora, M. Alburo, M. Perez Tosca, Z. Lawson",1,13,0.2,1.0,3,1,1,100,1,1,100,0,0,0,0,1,1,0,0,0,0,0,0,0,1,0,0,1,0,0,0,0,0,0,0,0,0,0,0,0,1.0,1.0,300,0,300,0,300,-300,3,0,0,0,0,0,0,0,0,0,0,0,0,0,0,0,0,0,0,0,0,0,0,0,0,0,0,0,0,0,0,0,0
HHS Reading Rockets EABL,"C. Okumus, E. Harrington, L. Bakary, M. Daines, M. Hassan-Taylor",SGS College EABL,"D. Lloyd, I. Toure, K. Ramirez Mora, M. Alburo, M. Perez Tosca",1,65,1.1,1.0,0,0,1,0,0,0,0,0,0,0,0,0,0,0,0,0,0,1,0,0,1,0,0,0,0,0,0,0,0,1,1,0,0,0,0,0,1.0,1.0,0,0,0,0,0,0,0,0,0,0,0,0,0,0,0,0,0,0,0,0,0,0,0,0,0,0,0,0,0,0,0,0,0,0,0,0,0,0,0
City of London Academy - Southwark EABL,"A. Nwokolo, B. Olowoshile, D. Patel, J. Hannick, L. Thompson",Myerscough College EABL,"A. Ibirinde, D. Okhuoya, J. Bobkowski, O. Esingle, S. Latidan",1,57,0.9,1.0,2,1,1,100,0,0,0,0,0,0,0,0,0,0,0,0,0,0,3,1,1,100,1,1,100,0,0,0,0,0,0,1,0,0,0,1,1.0,1.0,200,300,-100,300,200,100,-1,0,0,0,0,0,0,0,0,0,0,0,0,0,0,0,0,0,0,0,0,0,0,0,0,0,0,0,0,0,0,0,0
City of London Academy - Southwark EABL,"A. Nwokolo, D. Patel, J. Hannick, L. Thompson, T. Gass",Myerscough College EABL,"A. Ibirinde, C. Sanchez Falette, F. Morgan, J. Bobkowski, S. Latidan",1,29,0.5,1.0,0,0,1,0,0,1,0,0,0,0,0,1,1,0,0,0,0,0,0,0,1,0,0,0,0,0,0,0,0,1,1,0,0,0,0,1,1.0,1.0,0,0,0,0,0,0,0,0,0,0,0,0,0,0,0,0,0,0,0,0,0,0,0,0,0,0,0,0,0,0,0,0,0,0,0,0,0,0,0
City of London Academy - Southwark EABL,"A. Nwokolo, D. Banjoko, D. Patel, J. Hannick, T. Gass",Myerscough College EABL,"C. Sanchez Falette, F. Morgan, J. Bobkowski, S. Latidan, Z. Trezvant",1,30,0.5,1.0,3,1,1,100,1,1,100,0,0,0,0,0,0,1,0,0,0,0,0,0,0,0,0,0,0,0,0,0,0,0,0,0,0,0,1,0,1.0,1.0,300,0,300,0,300,-300,3,0,0,0,0,0,0,0,0,0,0,0,0,0,0,0,0,0,0,0,0,0,0,0,0,0,0,0,0,0,0,0,0
BMET City of Birmingham Rockets EABL,"B. Rose, D. Pittaway, G. Angoy, J. Ogbeide, P. Basioudis",Derby College Trailblazers EABL,"D. Kilmas, E. Rice, J. Howlett, O. Krysa, W. Tallon",1,20,0.3,0.9,1,0,1,0,0,0,0,1,2,50,1,0,1,0,0,0,1,0,0,0,0,0,0,0,0,0,0,0,0,0,0,0,1,0,0,1,1.8,0.1,55.2,0,55.2,0,55.2,-55.2,1,0,0,0,0,0,0,0,0,0,0,0,0,0,0,0,0,0,0,0,0,0,0,0,0,0,0,0,0,0,0,0,0
SGS College EABL,"I. Toure, K. Ramirez Mora, M. Alburo, M. Perez Tosca, S. Nelson",Myerscough College EABL,"A. Ibirinde, C. Sanchez Falette, F. Morgan, H. Sheehan, O. Esingle",1,125,2.1,0.9,0,0,1,0,0,1,0,0,0,0,0,0,0,0,0,0,0,2,2,0,2,0,0,1,0,2,2,100,2,0,2,0,0,0,0,1,1.0,0.7,0,270.3,-270.3,270.3,0,270.3,-2,0,0,0,0,0,0,0,0,0,0,0,0,0,0,0,0,0,0,0,0,0,0,0,0,0,0,0,0,0,0,0,0
Barking Abbey EABL,"F. Oguntuase, K. Mabaya, M. Myamutenha, R. Connolly, S. Dobson Smith",HHS Reading Rockets EABL,"C. Okumus, L. Bakary, L. Franicis, M. Daines, N. Dent",1,18,0.3,0.9,1,0,0,0,0,0,0,1,2,50,1,0,1,0,0,0,0,0,2,1,1,100,0,0,0,0,0,0,0,0,0,1,0,0,0,1,0.9,1.0,113.6,200,-86.4,200,113.6,86.4,-1,0,0,0,0,0,0,0,0,0,0,0,0,0,0,0,0,0,0,0,0,0,0,0,0,0,0,0,0,0,0,0,0
BMET City of Birmingham Rockets EABL,"A. Camara, B. Rose, J. Agbeze, L. Duru, P. Walsh",SGS College EABL,"A. Odowa, D. Lloyd, I. Toure, M. Perez Tosca, S. Nelson",1,22,0.4,0.9,1,0,0,0,0,0,0,1,2,50,0,0,0,0,0,0,0,0,2,1,1,100,0,0,0,0,0,0,0,1,1,0,0,0,0,1,0.9,1.0,113.6,200,-86.4,200,113.6,86.4,-1,0,0,0,0,0,0,0,0,0,0,0,0,0,0,0,0,0,0,0,0,0,0,0,0,0,0,0,0,0,0,0,0
Itchen College EABL,"D. Cimochowski, G. Andrews, J. Osei-Owusu, R. Radu, T. Blower",Copleston High School EABL,"C. Fobister, I. Little, M. Liddamore, M. Wells, N. Wilkinson",1,33,0.6,0.9,1,0,0,0,0,0,0,1,2,50,0,0,0,0,0,0,0,0,3,1,1,100,1,1,100,0,0,0,0,0,0,1,0,0,0,1,0.9,1.0,113.6,300,-186.4,300,113.6,186.4,-2,0,0,0,0,0,0,0,0,0,0,0,0,0,0,0,0,0,0,0,0,0,0,0,0,0,0,0,0,0,0,0,0
Myerscough College EABL,"A. Ibirinde, C. Sanchez Falette, H. Sheehan, J. Bobkowski, O. Esingle",Manchester Magic Academy EABL,"H. Blake, J. Walton, O. Babalola, S. Sidi-Boumedine, T. Kamal Kazmi",1,1,0.0,0.9,1,0,0,0,0,0,0,1,2,50,1,0,1,0,0,0,1,0,0,0,0,0,0,0,0,0,0,0,0,0,0,0,1,0,0,0,1.9,0.1,53.2,0,53.2,0,53.2,-53.2,1,0,0,0,0,0,0,0,0,0,0,0,0,0,0,0,0,0,0,0,0,0,0,0,0,0,0,0,0,0,0,0,0
City of London Academy - Southwark EABL,"D. Banjoko, L. Thompson, R. Cryer, R. Testfay, T. Gass",Barking Abbey EABL,"A. Maitland, F. Oguntuase, J. Mendes, M. Filho, S. Dobson Smith",1,6,0.1,0.9,0,0,0,0,0,0,0,0,2,0,0,0,0,0,0,0,0,0,0,0,1,0,0,1,0,0,0,0,0,1,1,0,0,0,0,0,0.9,1.0,0,0,0,0,0,0,0,0,0,0,0,0,0,0,0,0,0,0,0,0,0,0,0,0,0,0,0,0,0,0,0,0,0,0,0,0,0,0,0
City of London Academy - Southwark EABL,"D. Banjoko, D. Patel, L. Thompson, R. Testfay, T. Gass",Barking Abbey EABL,"A. Maitland, F. Oguntuase, M. Filho, R. Connolly, S. Dobson Smith",1,19,0.3,0.9,1,0,0,0,0,0,0,1,2,50,0,0,0,0,0,0,0,0,2,0,0,0,0,0,0,2,2,100,0,0,0,0,0,0,0,1,0.9,0.9,113.6,227.3,-113.6,227.3,113.6,113.6,-1,0,0,0,0,0,0,0,0,0,0,0,0,0,0,0,0,0,0,0,0,0,0,0,0,0,0,0,0,0,0,0,0
City of London Academy - Southwark EABL,"A. Nwokolo, D. Banjoko, D. Banjoko, R. Testfay, T. Gass",Barking Abbey EABL,"A. Maitland, A. Nwabueze, J. Mendes, R. Connolly, S. Dobson Smith",1,5,0.1,0.9,1,0,0,0,0,0,0,1,4,25,1,0,1,0,0,0,0,1,0,0,0,0,0,0,0,0,0,0,0,1,1,0,0,0,0,1,1.8,0.1,56.8,0,56.8,0,56.8,-56.8,1,0,0,0,0,0,0,0,0,0,0,0,0,0,0,0,0,0,0,0,0,0,0,0,0,0,0,0,0,0,0,0,0
Copleston High School EABL,"G. Millar, I. Carty-Peters, M. Liddamore, N. Wilkinson, T. Rafiu",Barking Abbey EABL,"J. Mendes, K. Mabaya, M. Filho, R. Connolly, S. Dobson Smith",1,27,0.5,0.9,0,0,2,0,0,2,0,0,0,0,1,0,1,0,0,0,0,1,1,0,0,0,0,0,0,1,2,50,0,1,1,0,0,0,0,0,0.9,0.9,0,113.6,-113.6,113.6,0,113.6,-1,0,0,0,0,0,0,0,0,0,0,0,0,0,0,0,0,0,0,0,0,0,0,0,0,0,0,0,0,0,0,0,0
Charnwood College Riders EABL,"P. Kattah, R. Buckingham, S. Morris, T. Curran, T. Pearson",SGS College EABL,"A. Odowa, D. Lloyd, I. Toure, K. Ramirez Mora, S. Nelson",1,20,0.3,0.9,2,0,0,0,0,0,0,2,2,100,0,0,0,0,0,0,0,0,0,0,0,0,0,0,0,0,0,0,0,0,0,0,0,0,1,1,0.9,1.0,227.3,0,227.3,0,227.3,-227.3,2,0,0,0,0,0,0,0,0,0,0,0,0,0,0,0,0,0,0,0,0,0,0,0,0,0,0,0,0,0,0,0,0
Charnwood College Riders EABL,"A. Oyerinde, P. Kattah, T. Curran, T. Pearson, Z. Gleadell-Smith",SGS College EABL,"A. Bennett, I. Toure, L. Matthews, M. Perez Tosca, S. Nelson",1,23,0.4,0.9,1,0,0,0,0,0,0,1,2,50,0,0,0,0,0,0,0,0,0,0,1,0,0,0,0,0,0,0,0,1,1,0,0,0,0,1,0.9,1.0,113.6,0,113.6,0,113.6,-113.6,1,0,0,0,0,0,0,0,0,0,0,0,0,0,0,0,0,0,0,0,0,0,0,0,0,0,0,0,0,0,0,0,0
Manchester Magic Academy EABL,"A. Sagay Isiorho, H. Blake, J. Walton, N. Brown, O. Babalola",Derby College Trailblazers EABL,"C. Burr, E. Rice, J. Howlett, R. Hobday, W. Tallon",1,7,0.1,0.9,2,0,0,0,0,0,0,2,2,100,0,0,0,0,1,0,0,0,0,0,0,0,0,0,0,0,0,0,0,0,0,0,0,0,1,1,0.9,1.0,227.3,0,227.3,0,227.3,-227.3,2,0,0,0,0,0,0,0,0,0,0,0,0,0,0,0,0,0,0,0,0,0,0,0,0,0,0,0,0,0,0,0,0
Myerscough College EABL,"A. Ibirinde, D. Okhuoya, J. Bobkowski, O. Esingle, S. Latidan",BMET City of Birmingham Rockets EABL,"J. Agbeze, J. Hyland, L. Duru, P. Basioudis, P. Walsh",1,45,0.8,0.9,0,0,2,0,0,0,0,0,0,0,1,1,2,0,0,0,0,0,0,0,2,0,0,1,0,0,0,0,1,1,2,0,0,0,0,0,0.9,0.9,0,0,0,0,0,0,0,0,0,0,0,0,0,0,0,0,0,0,0,0,0,0,0,0,0,0,0,0,0,0,0,0,0,0,0,0,0,0,0
Myerscough College EABL,"C. Sanchez Falette, D. Okhuoya, H. Sheehan, N. Byfield, Z. Trezvant",BMET City of Birmingham Rockets EABL,"A. Camara, D. Pittaway, G. Singh, J. Hyland, P. Walsh",1,28,0.5,0.9,2,0,0,0,0,0,0,2,2,100,0,1,1,0,0,0,0,0,0,0,1,0,0,0,0,0,0,0,0,0,0,0,0,0,0,1,0.9,1.0,227.3,0,227.3,0,227.3,-227.3,2,0,0,0,0,0,0,0,0,0,0,0,0,0,0,0,0,0,0,0,0,0,0,0,0,0,0,0,0,0,0,0,0
HHS Reading Rockets EABL,"A. Moloney, E. Harrington, J. Waterhouse, M. Daines, S. Ejiofor",City of London Academy - Southwark EABL,"A. Nwokolo, D. Banjoko, D. Banjoko, D. Patel, T. Gass",1,30,0.5,0.9,0,0,0,0,0,0,0,0,0,0,0,1,1,0,0,0,1,2,0,0,0,0,0,0,0,0,2,0,0,0,0,0,1,0,0,0,1.0,0.9,0,0,0,0,0,0,0,0,0,0,0,0,0,0,0,0,0,0,0,0,0,0,0,0,0,0,0,0,0,0,0,0,0,0,0,0,0,0,0
HHS Reading Rockets EABL,"A. Moloney, C. Okumus, E. Harrington, J. Waterhouse, S. Ejiofor",City of London Academy - Southwark EABL,"A. Nwokolo, D. Banjoko, D. Banjoko, D. Patel, T. Gass",1,49,0.8,0.9,0,0,0,0,0,0,0,0,0,0,0,0,0,0,0,1,1,0,2,1,4,25,0,0,0,0,0,0,2,0,2,0,1,0,0,0,1.0,0.8,0,253.2,-253.2,253.2,0,253.2,-2,0,0,0,0,0,0,0,0,0,0,0,0,0,0,0,0,0,0,0,0,0,0,0,0,0,0,0,0,0,0,0,0
Oaklands Wolves EABL,"D. Kostadinov, E. Da Cruz Fatuda, G. Mitchell, L. Mcintosh, T. Mcintosh",Itchen College EABL,"B. Cope, D. Cimochowski, E. Round, M. Edwards, T. Blower",1,30,0.5,0.9,2,0,0,0,0,0,0,2,2,100,0,0,0,0,0,0,0,0,3,1,1,100,1,1,100,0,0,0,0,0,0,1,0,0,0,1,0.9,1.0,227.3,300,-72.7,300,227.3,72.7,-1,0,0,0,0,0,0,0,0,0,0,0,0,0,0,0,0,0,0,0,0,0,0,0,0,0,0,0,0,0,0,0,0
Oaklands Wolves EABL,"D. Kostadinov, E. Da Cruz Fatuda, G. Mitchell, L. Mcintosh, T. Mcintosh",Itchen College EABL,"B. Cope, E. Round, M. Edwards, M. Yeates, T. Blower",1,2,0.0,0.9,2,0,0,0,0,0,0,2,4,50,1,0,1,0,0,0,0,0,0,0,0,0,0,0,0,0,0,0,0,0,0,0,0,0,0,1,1.8,0.1,113.6,0,113.6,0,113.6,-113.6,2,0,0,0,0,0,0,0,0,0,0,0,0,0,0,0,0,0,0,0,0,0,0,0,0,0,0,0,0,0,0,0,0
Charnwood College Riders EABL,"A. Oyerinde, L. Boothe, L. Stevenson, T. Curran, Z. Gleadell-Smith",Myerscough College EABL,"J. Bobkowski, J. Sanchez, O. Esingle, S. Laditan, Z. Trezvant",1,45,0.8,0.9,2,1,3,33.3,0,1,0,0,0,0,1,0,1,0,0,0,0,0,0,0,0,0,0,0,0,0,0,0,0,0,0,0,0,1,1,0,0.9,1.0,232.6,0,232.6,0,232.6,-232.6,2,0,0,0,0,0,0,0,0,0,0,0,0,0,0,0,0,0,0,0,0,0,0,0,0,0,0,0,0,0,0,0,0
SGS College EABL,"A. Bennett, D. Lloyd, K. Richards, M. Alburo, M. Pospori",Derby College Trailblazers EABL,"G. Pastor, J. Howlett, J. Lemanski, M. Smith-Fjordland, W. Tallon",1,8,0.1,0.9,0,0,0,0,0,0,0,0,2,0,0,0,0,0,0,0,0,1,2,1,1,100,0,0,0,0,0,0,0,1,1,1,0,0,0,0,0.9,1.0,0,200,-200,200,0,200,-2,0,0,0,0,0,0,0,0,0,0,0,0,0,0,0,0,0,0,0,0,0,0,0,0,0,0,0,0,0,0,0,0
SGS College EABL,"A. Bennett, I. Toure, K. Ramirez Mora, M. Alburo, M. Perez Tosca",Derby College Trailblazers EABL,"C. Burr, E. Norman, E. Rice, R. Hobday, W. Tallon",1,29,0.5,0.9,2,0,0,0,0,0,0,2,2,100,0,1,1,0,0,0,0,0,1,0,0,0,0,0,0,1,2,50,0,0,0,0,0,0,0,1,0.9,0.9,227.3,113.6,113.6,113.6,227.3,-113.6,1,0,0,0,0,0,0,0,0,0,0,0,0,0,0,0,0,0,0,0,0,0,0,0,0,0,0,0,0,0,0,0,0
City of London Academy - Southwark EABL,"B. Manfo-Marc, B. Olowoshile, D. Banjoko, R. Testfay, T. Gass",Oaklands Wolves EABL,"D. Gladstone, D. Kostadinov, E. Da Cruz Fatuda, G. Mitchell, H. Morrell",1,44,0.7,0.9,0,0,0,0,0,0,0,0,0,0,0,0,0,0,1,0,1,0,0,0,2,0,0,1,0,0,0,0,1,0,1,0,1,0,1,0,1.0,0.9,0,0,0,0,0,0,0,0,0,0,0,0,0,0,0,0,0,0,0,0,0,0,0,0,0,0,0,0,0,0,0,0,0,0,0,0,0,0,0
Derby College Trailblazers EABL,"C. Burr, E. Norman, E. Rice, G. Pastor, W. Tallon",Charnwood College Riders EABL,"D. Hanousek, D. Stephens, R. Buckingham, T. Curran, T. Pearson",1,2,0.0,0.9,2,1,2,50,0,1,0,0,0,0,1,0,1,0,0,0,0,0,1,0,0,0,0,0,0,1,2,50,0,0,0,0,0,0,0,0,0.9,0.9,215.1,113.6,101.4,113.6,215.1,-101.4,1,0,0,0,0,0,0,0,0,0,0,0,0,0,0,0,0,0,0,0,0,0,0,0,0,0,0,0,0,0,0,0,0
BMET City of Birmingham Rockets EABL,"A. Camara, B. Rose, G. Angoy, J. Agbeze, P. Walsh",Charnwood College Riders EABL,"D. Hanousek, F. Saeed, L. Boothe, P. Kattah, T. Pearson",1,26,0.4,0.9,0,0,3,0,0,0,0,0,0,0,2,0,2,0,0,0,0,1,1,0,0,0,0,0,0,1,2,50,0,1,1,1,0,0,0,0,0.9,0.9,0,113.6,-113.6,113.6,0,113.6,-1,0,0,0,0,0,0,0,0,0,0,0,0,0,0,0,0,0,0,0,0,0,0,0,0,0,0,0,0,0,0,0,0
BMET City of Birmingham Rockets EABL,"G. Angoy, J. Agbeze, J. Hyland, L. Duru, P. Basioudis",Charnwood College Riders EABL,"A. Oyerinde, L. Stevenson, R. Buckingham, T. Curran, Z. Gleadell-Smith",1,27,0.5,0.9,1,0,0,0,0,0,0,1,2,50,0,1,1,0,0,0,0,0,0,0,1,0,0,1,0,0,0,0,0,1,1,0,0,0,0,0,0.9,1.0,113.6,0,113.6,0,113.6,-113.6,1,0,0,0,0,0,0,0,0,0,0,0,0,0,0,0,0,0,0,0,0,0,0,0,0,0,0,0,0,0,0,0,0
Manchester Magic Academy EABL,"D. Allotey, J. Styzcen-O'keefe, O. Babalola, S. Sidi-Boumedine, T. Richardson",SGS College EABL,"D. Lloyd, I. Toure, L. Matthews, M. Perez Tosca, S. Nelson",1,36,0.6,0.9,0,0,2,0,0,1,0,0,0,0,1,0,1,0,0,0,0,2,2,0,0,0,0,0,0,2,2,100,0,1,1,1,0,0,0,0,0.9,0.9,0,227.3,-227.3,227.3,0,227.3,-2,0,0,0,0,0,0,0,0,0,0,0,0,0,0,0,0,0,0,0,0,0,0,0,0,0,0,0,0,0,0,0,0
Oaklands Wolves EABL,"D. Gladstone, D. Kostadinov, E. Da Cruz Fatuda, G. Mitchell, H. Morrell",Barking Abbey EABL,"A. Nwabueze, F. Oguntuase, K. Mabaya, M. Filho, R. Connolly",1,41,0.7,0.9,2,0,0,0,0,0,0,2,2,100,0,1,1,0,0,0,0,1,0,0,2,0,0,0,0,0,0,0,1,0,1,0,0,0,0,1,0.9,0.9,227.3,0,227.3,0,227.3,-227.3,2,0,0,0,0,0,0,0,0,0,0,0,0,0,0,0,0,0,0,0,0,0,0,0,0,0,0,0,0,0,0,0,0
Copleston High School EABL,"C. Fobister, I. Carty-Peters, I. Little, M. Liddamore, O. Drane",Oaklands Wolves EABL,"E. Da Cruz Fatuda, H. Morrell, L. Mcintosh, T. Mcintosh, Z. Gribble",1,14,0.2,0.9,2,1,1,100,0,0,0,0,2,0,1,0,1,0,0,0,0,0,0,0,0,0,0,0,0,0,0,0,0,0,0,0,0,0,0,1,1.9,0.1,106.4,0,106.4,0,106.4,-106.4,2,0,0,0,0,0,0,0,0,0,0,0,0,0,0,0,0,0,0,0,0,0,0,0,0,0,0,0,0,0,0,0,0
Itchen College EABL,"E. Round, M. Edwards, M. Yeates, R. Radu, T. Blower",City of London Academy - Southwark EABL,"A. Nwokolo, D. Banjoko, D. Patel, R. Testfay, T. Gass",1,6,0.1,0.9,2,0,0,0,0,0,0,2,2,100,0,0,0,0,0,0,0,0,2,0,0,0,0,0,0,2,2,100,0,0,0,0,0,1,0,1,0.9,0.9,227.3,227.3,0,227.3,227.3,0,0,0,0,0,0,0,0,0,0,0,0,0,0,0,0,0,0,0,0,0,0,0,0,0,0,0,0,0,0,0,0,0,0
Myerscough College EABL,"H. Sheehan, J. Bobkowski, O. Esingle, S. Latidan, Z. Trezvant",SGS College EABL,"D. Lloyd, I. Toure, K. Ramirez Mora, M. Alburo, M. Perez Tosca",1,7,0.1,0.9,2,1,1,100,0,0,0,0,0,0,0,0,0,0,0,0,0,0,1,0,0,0,0,0,0,1,2,50,0,0,0,0,0,0,0,1,1.0,0.9,200,113.6,86.4,113.6,200,-86.4,1,0,0,0,0,0,0,0,0,0,0,0,0,0,0,0,0,0,0,0,0,0,0,0,0,0,0,0,0,0,0,0,0
Oaklands Wolves EABL,"E. Ryan, G. Augenti, H. Morrell, K. Gasperas, Z. Gribble",Copleston High School EABL,"I. Little, M. Liddamore, N. Wilkinson, O. Drane, T. Rafiu",1,30,0.5,0.9,0,0,2,0,0,1,0,0,0,0,1,0,1,0,1,0,0,0,0,0,1,0,0,0,0,0,0,0,1,1,2,0,0,0,1,0,0.9,0.9,0,0,0,0,0,0,0,0,0,0,0,0,0,0,0,0,0,0,0,0,0,0,0,0,0,0,0,0,0,0,0,0,0,0,0,0,0,0,0
Copleston High School EABL,"I. Carty-Peters, M. Liddamore, N. Wilkinson, O. Drane, T. Rafiu",Itchen College EABL,"E. Round, J. Osei-Owusu, M. Edwards, R. Radu, T. Blower",1,16,0.3,0.9,0,0,1,0,0,1,0,0,0,0,0,1,1,0,0,0,0,0,0,0,0,0,0,0,0,0,2,0,0,1,1,0,0,0,0,0,1.0,0.9,0,0,0,0,0,0,0,0,0,0,0,0,0,0,0,0,0,0,0,0,0,0,0,0,0,0,0,0,0,0,0,0,0,0,0,0,0,0,0
Charnwood College Riders EABL,"A. Oyerinde, L. Stevenson, P. Kattah, R. Buckingham, T. Pearson",Derby College Trailblazers EABL,"E. Norman, G. Pastor, J. Howlett, K. Zidonis, L. Ngomti",1,27,0.5,0.9,0,0,1,0,0,1,0,0,0,0,0,0,0,0,0,0,0,1,2,0,0,0,0,0,0,2,2,100,0,1,1,1,0,0,0,0,1.0,0.9,0,227.3,-227.3,227.3,0,227.3,-2,0,0,0,0,0,0,0,0,0,0,0,0,0,0,0,0,0,0,0,0,0,0,0,0,0,0,0,0,0,0,0,0
SGS College EABL,"I. Toure, L. Matthews, M. Alburo, M. Perez Tosca, Z. Lawson",BMET City of Birmingham Rockets EABL,"G. Angoy, J. Agbeze, J. Hyland, L. Duru, P. Walsh",1,47,0.8,0.9,0,0,2,0,0,1,0,0,0,0,2,1,3,0,0,1,1,0,0,0,1,0,0,0,0,0,0,0,0,0,0,0,1,0,0,0,0.9,1.0,0,0,0,0,0,0,0,0,0,0,0,0,0,0,0,0,0,0,0,0,0,0,0,0,0,0,0,0,0,0,0,0,0,0,0,0,0,0,0
SGS College EABL,"I. Toure, K. Ramirez Mora, L. Matthews, M. Perez Tosca, S. Nelson",BMET City of Birmingham Rockets EABL,"G. Angoy, J. Hyland, L. Duru, P. Basioudis, P. Walsh",1,6,0.1,0.9,1,0,0,0,0,0,0,1,2,50,0,1,1,0,0,0,0,0,0,0,1,0,0,0,0,0,0,0,0,0,0,0,0,0,0,1,0.9,1.0,113.6,0,113.6,0,113.6,-113.6,1,0,0,0,0,0,0,0,0,0,0,0,0,0,0,0,0,0,0,0,0,0,0,0,0,0,0,0,0,0,0,0,0
Itchen College EABL,"E. Round, G. Andrews, J. Ofman, L. Diala-Bevan, R. Radu",Oaklands Wolves EABL,"B. Thompson, D. Gladstone, E. Da Cruz Fatuda, H. Morrell, K. Gasperas",1,24,0.4,0.9,2,0,1,0,0,0,0,2,2,100,1,1,2,0,0,0,0,0,0,0,1,0,0,1,0,0,0,0,0,0,0,0,0,0,0,2,0.8,1.0,246.9,0,246.9,0,246.9,-246.9,2,0,0,0,0,0,0,0,0,0,0,0,0,0,0,0,0,0,0,0,0,0,0,0,0,0,0,0,0,0,0,0,0
Barking Abbey EABL,"A. Nwabueze, J. Mendes, M. Filho, M. Matser, R. Connolly",Copleston High School EABL,"G. Millar, I. Little, M. Liddamore, N. Wilkinson, T. Rafiu",1,24,0.4,0.9,2,0,1,0,0,1,0,2,2,100,1,0,1,0,0,0,0,0,3,1,1,100,1,1,100,0,0,0,0,0,0,1,0,0,0,1,0.8,1.0,246.9,300,-53.1,300,246.9,53.1,-1,0,0,0,0,0,0,0,0,0,0,0,0,0,0,0,0,0,0,0,0,0,0,0,0,0,0,0,0,0,0,0,0
Barking Abbey EABL,"A. Nwabueze, H. Egbayelo, K. Mabaya, K. N'gabala, O. Visockas",Copleston High School EABL,"A. Hickey, G. Millar, I. Little, N. Wilkinson, T. Rafiu",1,32,0.5,0.9,2,0,0,0,0,0,0,2,2,100,0,1,1,0,0,0,0,0,0,0,1,0,0,1,0,0,0,0,0,0,0,0,0,0,0,1,0.9,1.0,227.3,0,227.3,0,227.3,-227.3,2,0,0,0,0,0,0,0,0,0,0,0,0,0,0,0,0,0,0,0,0,0,0,0,0,0,0,0,0,0,0,0,0
Barking Abbey EABL,"A. Maitland, A. Nwabueze, J. Mendes, K. Mabaya, O. Visockas",Itchen College EABL,"E. Round, J. Osei-Owusu, M. Yeates, R. Radu, T. Blower",1,19,0.3,0.9,2,0,0,0,0,0,0,2,2,100,0,0,0,0,0,0,0,0,0,0,1,0,0,1,0,0,0,0,0,0,0,0,0,0,0,0,0.9,1.0,227.3,0,227.3,0,227.3,-227.3,2,0,0,0,0,0,0,0,0,0,0,0,0,0,0,0,0,0,0,0,0,0,0,0,0,0,0,0,0,0,0,0,0
Barking Abbey EABL,"A. Maitland, A. Nwabueze, J. Mendes, O. Visockas, R. Connolly",Itchen College EABL,"B. Cope, D. Cimochowski, E. Round, G. Andrews, J. Ofman",1,26,0.4,0.9,0,0,1,0,0,1,0,0,0,0,0,0,0,0,0,0,0,1,1,0,0,0,0,0,0,1,2,50,0,1,1,0,0,0,0,0,1.0,0.9,0,113.6,-113.6,113.6,0,113.6,-1,0,0,0,0,0,0,0,0,0,0,0,0,0,0,0,0,0,0,0,0,0,0,0,0,0,0,0,0,0,0,0,0
Barking Abbey EABL,"A. Nwabueze, J. Mendes, M. Filho, O. Visockas, R. Connolly",Itchen College EABL,"B. Cope, E. Round, J. Osei-Owusu, M. Yeates, T. Blower",1,33,0.6,0.9,2,0,0,0,0,0,0,2,2,100,0,1,1,0,0,0,0,0,0,0,2,0,0,1,0,0,0,0,1,0,1,0,0,0,0,1,0.9,0.9,227.3,0,227.3,0,227.3,-227.3,2,0,0,0,0,0,0,0,0,0,0,0,0,0,0,0,0,0,0,0,0,0,0,0,0,0,0,0,0,0,0,0,0
Barking Abbey EABL,"A. Maitland, A. Nwabueze, J. Mendes, K. N'gabala, R. Connolly",Itchen College EABL,"B. Cope, D. Cimochowski, E. Lotriet, J. Ofman, M. Edwards",1,66,1.1,0.9,3,1,3,33.3,1,1,100,0,0,0,1,0,1,1,1,0,0,1,0,0,0,0,0,0,0,0,0,0,0,0,0,0,0,0,1,0,0.9,1.0,348.8,0,348.8,0,348.8,-348.8,3,0,0,0,0,0,0,0,0,0,0,0,0,0,0,0,0,0,0,0,0,0,0,0,0,0,0,0,0,0,0,0,0
Barking Abbey EABL,"A. Nwabueze, J. Mendes, K. Mabaya, K. N'gabala, M. Filho",Itchen College EABL,"B. Cope, D. Cimochowski, E. Lotriet, E. Round, J. Osei-Owusu",1,29,0.5,0.9,1,0,1,0,0,0,0,1,2,50,1,0,1,0,0,0,0,0,3,1,1,100,1,1,100,0,0,0,0,0,0,1,0,0,0,1,0.8,1.0,123.5,300,-176.5,300,123.5,176.5,-2,0,0,0,0,0,0,0,0,0,0,0,0,0,0,0,0,0,0,0,0,0,0,0,0,0,0,0,0,0,0,0,0
City of London Academy - Southwark EABL,"A. Morentin, A. Nwokolo, D. Banjoko, D. Banjoko, T. Gass",Copleston High School EABL,"C. Fobister, G. Millar, I. Little, M. Liddamore, N. Wilkinson",1,1,0.0,0.9,2,1,1,100,0,0,0,0,2,0,1,0,1,0,0,0,0,0,0,0,0,0,0,0,0,0,0,0,0,0,0,0,0,0,0,1,1.9,0.1,106.4,0,106.4,0,106.4,-106.4,2,0,0,0,0,0,0,0,0,0,0,0,0,0,0,0,0,0,0,0,0,0,0,0,0,0,0,0,0,0,0,0,0
Barking Abbey EABL,"A. Nwabueze, K. Mabaya, K. N'gabala, O. Visockas",City of London Academy - Southwark EABL,"A. Morentin, A. Nwokolo, D. Banjoko, D. Banjoko, J. Hannick",1,9,0.1,0.9,0,0,1,0,0,1,0,0,0,0,0,1,1,0,0,0,0,1,0,0,0,0,0,0,0,0,2,0,0,1,1,0,0,0,0,0,1.0,0.9,0,0,0,0,0,0,0,0,0,0,0,0,0,0,0,0,0,0,0,0,0,0,0,0,0,0,0,0,0,0,0,0,0,0,0,0,0,0,0
Myerscough College EABL,"A. Ibirinde, H. Sheehan, O. Esingle, S. Latidan, S. Latidan",Charnwood College Riders EABL,"A. Oyerinde, L. Stevenson, P. Kattah, T. Curran, T. Pearson",1,41,0.7,0.9,0,0,2,0,0,0,0,0,0,0,2,0,2,0,0,0,1,0,0,0,0,0,0,0,0,0,0,0,0,0,0,0,1,0,1,0,0.9,1.0,0,0,0,0,0,0,0,0,0,0,0,0,0,0,0,0,0,0,0,0,0,0,0,0,0,0,0,0,0,0,0,0,0,0,0,0,0,0,0
Myerscough College EABL,"A. Ibirinde, H. Sheehan, L. Farrell, O. Esingle, S. Latidan",Charnwood College Riders EABL,"A. Oyerinde, L. Stevenson, O. Hambira, S. Morris, T. Pearson",1,13,0.2,0.9,0,0,1,0,0,0,0,0,0,0,0,0,0,0,0,0,0,0,0,0,0,0,0,0,0,0,2,0,0,0,0,0,0,0,0,0,1.0,0.9,0,0,0,0,0,0,0,0,0,0,0,0,0,0,0,0,0,0,0,0,0,0,0,0,0,0,0,0,0,0,0,0,0,0,0,0,0,0,0
Myerscough College EABL,"C. Sanchez Falette, H. Sheehan, J. Bobkowski, S. Latidan, Z. Trezvant",Charnwood College Riders EABL,"L. Boothe, R. Buckingham, T. Curran, T. Pearson, Z. Gleadell-Smith",1,50,0.8,0.9,0,0,2,0,0,1,0,0,0,0,1,0,1,0,0,0,1,0,3,1,1,100,1,1,100,0,0,0,0,0,0,0,0,1,0,1,0.9,1.0,0,300,-300,300,0,300,-3,0,0,0,0,0,0,0,0,0,0,0,0,0,0,0,0,0,0,0,0,0,0,0,0,0,0,0,0,0,0,0,0
Copleston High School EABL,"C. Fobister, I. Little, M. Liddamore, N. Wilkinson, T. Rafiu",City of London Academy - Southwark EABL,"A. Morentin, D. Banjoko, D. Banjoko, D. Patel, S. Shirwac",1,37,0.6,0.9,2,0,0,0,0,0,0,2,2,100,0,1,1,0,0,0,0,0,0,0,1,0,0,1,0,0,0,0,0,0,0,0,0,0,0,0,0.9,1.0,227.3,0,227.3,0,227.3,-227.3,2,0,0,0,0,0,0,0,0,0,0,0,0,0,0,0,0,0,0,0,0,0,0,0,0,0,0,0,0,0,0,0,0
Barking Abbey EABL,"A. Nwabueze, J. Mendes, M. Filho, R. Connolly, S. Dobson Smith",Oaklands Wolves EABL,"D. Gladstone, D. Kostadinov, E. Da Cruz Fatuda, E. Ryan, T. Mcintosh",1,39,0.7,0.9,3,1,2,50,1,2,50,0,0,0,1,0,1,1,0,0,0,1,1,0,0,0,0,0,0,1,2,50,0,0,0,1,0,0,0,0,0.9,0.9,322.6,113.6,208.9,113.6,322.6,-208.9,2,0,0,0,0,0,0,0,0,0,0,0,0,0,0,0,0,0,0,0,0,0,0,0,0,0,0,0,0,0,0,0,0
Barking Abbey EABL,"A. Maitland, J. Mendes, K. Mabaya, M. Filho, O. Visockas",Oaklands Wolves EABL,"D. Gladstone, D. Kostadinov, E. Da Cruz Fatuda, H. Morrell, L. Mcintosh",1,38,0.6,0.9,2,1,3,33.3,0,0,0,0,0,0,1,0,1,0,1,0,0,0,0,0,0,0,0,0,0,0,0,0,0,0,0,0,0,0,1,0,0.9,1.0,232.6,0,232.6,0,232.6,-232.6,2,0,0,0,0,0,0,0,0,0,0,0,0,0,0,0,0,0,0,0,0,0,0,0,0,0,0,0,0,0,0,0,0
Myerscough College EABL,"A. Ibirinde, C. Sanchez Falette, J. Bobkowski, O. Esingle, S. Latidan",Barking Abbey EABL,"A. Nwabueze, K. Mabaya, O. Visockas, R. Connolly, S. Dobson Smith",1,22,0.4,0.9,1,0,0,0,0,0,0,1,2,50,0,0,0,0,1,0,0,0,0,0,0,0,0,0,0,0,0,0,0,1,1,0,0,0,1,1,0.9,1.0,113.6,0,113.6,0,113.6,-113.6,1,0,0,0,0,0,0,0,0,0,0,0,0,0,0,0,0,0,0,0,0,0,0,0,0,0,0,0,0,0,0,0,0
SGS College EABL,"I. Toure, L. Matthews, M. Alburo, M. Perez Tosca, Z. Lawson",Copleston High School EABL,"A. Hickey, C. Fobister, I. Little, M. Liddamore, T. Rafiu",1,39,0.7,0.9,1,0,0,0,0,0,0,1,2,50,0,1,1,0,0,0,0,0,0,0,3,0,0,1,0,0,0,0,2,1,3,0,0,0,0,1,0.9,0.9,113.6,0,113.6,0,113.6,-113.6,1,0,0,0,0,0,0,0,0,0,0,0,0,0,0,0,0,0,0,0,0,0,0,0,0,0,0,0,0,0,0,0,0
SGS College EABL,"D. Lloyd, I. Toure, M. Alburo, M. Perez Tosca, Z. Lawson",Copleston High School EABL,"C. Fobister, I. Little, L. Read, M. Liddamore, T. Rafiu",1,23,0.4,0.9,0,0,1,0,0,0,0,0,0,0,0,0,0,0,0,0,0,1,2,0,2,0,0,1,0,2,2,100,2,1,3,0,0,0,0,0,1.0,0.7,0,270.3,-270.3,270.3,0,270.3,-2,0,0,0,0,0,0,0,0,0,0,0,0,0,0,0,0,0,0,0,0,0,0,0,0,0,0,0,0,0,0,0,0
HHS Reading Rockets EABL,"E. Harrington, J. Waterhouse, L. Bakary, M. Daines, M. Hassan-Taylor",BMET City of Birmingham Rockets EABL,"A. Camara, B. Rose, G. Angoy, J. Agbeze, P. Basioudis",1,23,0.4,0.9,1,0,0,0,0,0,0,1,2,50,0,1,1,0,0,0,0,0,0,0,1,0,0,0,0,0,0,0,0,0,0,0,0,0,0,0,0.9,1.0,113.6,0,113.6,0,113.6,-113.6,1,0,0,0,0,0,0,0,0,0,0,0,0,0,0,0,0,0,0,0,0,0,0,0,0,0,0,0,0,0,0,0,0
Itchen College EABL,"E. Round, M. Edwards, M. Yeates, R. Radu, T. Blower",Charnwood College Riders EABL,"A. Young, F. Saeed, O. Hambira, S. Morris, T. Pearson",1,53,0.9,0.9,2,0,1,0,0,0,0,2,2,100,1,0,1,0,0,0,0,0,0,0,0,0,0,0,0,0,0,0,0,0,0,0,0,0,1,1,0.8,1.0,246.9,0,246.9,0,246.9,-246.9,2,0,0,0,0,0,0,0,0,0,0,0,0,0,0,0,0,0,0,0,0,0,0,0,0,0,0,0,0,0,0,0,0
City of London Academy - Southwark EABL,"B. Olowoshile, D. Banjoko, J. Hannick, L. Thompson, S. Shirwac",Derby College Trailblazers EABL,"C. Burr, G. Pastor, J. Howlett, J. Lemanski, L. Ngomti",1,12,0.2,0.9,1,0,0,0,0,0,0,1,2,50,0,0,0,0,0,0,0,0,2,1,1,100,0,0,0,0,0,0,0,0,0,1,0,0,0,1,0.9,1.0,113.6,200,-86.4,200,113.6,86.4,-1,0,0,0,0,0,0,0,0,0,0,0,0,0,0,0,0,0,0,0,0,0,0,0,0,0,0,0,0,0,0,0,0
Manchester Magic Academy EABL,"A. Isiorho, H. Blake, J. Walton, L. Clayton, O. Babalola",Itchen College EABL,"B. Cope, E. Lotriet, J. Osei-Owusu, M. Yeates, R. Radu",1,41,0.7,0.9,2,1,2,50,0,0,0,0,0,0,1,0,1,0,0,0,0,0,2,1,2,50,0,0,0,0,0,0,1,0,1,0,0,0,0,0,0.9,0.9,215.1,215.1,0,215.1,215.1,0,0,0,0,0,0,0,0,0,0,0,0,0,0,0,0,0,0,0,0,0,0,0,0,0,0,0,0,0,0,0,0,0,0
Charnwood College Riders EABL,"J. Hardy, O. Hambira, P. Kattah, T. Pearson, Z. Gleadell-Smith",Oaklands Wolves EABL,"E. Da Cruz Fatuda, E. Ryan, G. Mitchell, H. Morrell, L. Mcintosh",1,14,0.2,0.9,2,1,1,100,0,0,0,0,0,0,0,0,0,1,0,0,0,0,1,0,0,0,0,0,0,1,2,50,0,0,0,0,0,0,0,0,1.0,0.9,200,113.6,86.4,113.6,200,-86.4,1,0,0,0,0,0,0,0,0,0,0,0,0,0,0,0,0,0,0,0,0,0,0,0,0,0,0,0,0,0,0,0,0
HHS Reading Rockets EABL,"C. Okumus, E. Harrington, J. Mackinnon, L. Bakary, M. Daines",SGS College EABL,"A. Odowa, I. Toure, K. Ramirez Mora, L. Matthews, M. Alburo",1,16,0.3,0.9,2,0,0,0,0,0,0,2,2,100,0,0,0,1,0,0,0,0,0,0,1,0,0,1,0,0,0,0,0,0,0,0,0,0,0,0,0.9,1.0,227.3,0,227.3,0,227.3,-227.3,2,0,0,0,0,0,0,0,0,0,0,0,0,0,0,0,0,0,0,0,0,0,0,0,0,0,0,0,0,0,0,0,0
HHS Reading Rockets EABL,"C. Okumus, E. Harrington, J. Waterhouse, M. Daines, M. Hassan-Taylor",SGS College EABL,"I. Toure, K. Ramirez Mora, M. Alburo, T. Wallace-Gayle, Z. Lawson",1,18,0.3,0.9,2,0,0,0,0,0,0,2,2,100,0,1,1,1,0,0,0,0,0,0,1,0,0,1,0,0,0,0,0,0,0,0,0,0,0,0,0.9,1.0,227.3,0,227.3,0,227.3,-227.3,2,0,0,0,0,0,0,0,0,0,0,0,0,0,0,0,0,0,0,0,0,0,0,0,0,0,0,0,0,0,0,0,0
HHS Reading Rockets EABL,"A. Moloney, C. Okumus, E. Harrington, L. Bakary, M. Hassan-Taylor",SGS College EABL,"I. Toure, K. Ramirez Mora, L. Matthews, M. Alburo, Z. Lawson",1,24,0.4,0.9,0,0,0,0,0,0,0,0,0,0,0,0,0,0,0,0,0,0,0,0,1,0,0,0,0,0,2,0,0,0,0,0,0,0,0,2,0.1,1.9,0,0,0,0,0,0,0,0,0,0,0,0,0,0,0,0,0,0,0,0,0,0,0,0,0,0,0,0,0,0,0,0,0,0,0,0,0,0,0
City of London Academy - Southwark EABL,"A. Nwokolo, D. Banjoko, D. Patel, J. Hannick, T. Gass",Myerscough College EABL,"J. Bobkowski, O. Esingle, S. Latidan, S. Latidan, Z. Trezvant",1,25,0.4,0.9,0,0,0,0,0,0,0,0,0,0,0,0,0,0,0,0,1,0,1,0,0,0,0,0,0,1,2,50,0,0,0,0,0,0,0,0,1.0,0.9,0,113.6,-113.6,113.6,0,113.6,-1,0,0,0,0,0,0,0,0,0,0,0,0,0,0,0,0,0,0,0,0,0,0,0,0,0,0,0,0,0,0,0,0
Manchester Magic Academy EABL,"A. Isiorho, J. Walton, L. Clayton, T. Richardson, T. Weekes",Myerscough College EABL,"C. Sanchez Falette, H. Sheehan, O. Esingle, S. Laditan, Z. Trezvant",1,12,0.2,0.9,2,0,0,0,0,0,0,2,2,100,0,0,0,0,0,0,0,0,0,0,0,0,0,0,0,0,0,0,0,0,0,0,0,0,1,0,0.9,1.0,227.3,0,227.3,0,227.3,-227.3,2,0,0,0,0,0,0,0,0,0,0,0,0,0,0,0,0,0,0,0,0,0,0,0,0,0,0,0,0,0,0,0,0
City of London Academy - Southwark EABL,"A. Nwokolo, B. Olowoshile, D. Banjoko, D. Banjoko, D. Patel",Oaklands Wolves EABL,"D. Gladstone, D. Kostadinov, E. Da Cruz Fatuda, G. Mitchell, H. Morrell",1,25,0.4,0.8,2,0,1,0,0,1,0,2,2,100,1,1,2,0,0,0,0,0,0,0,0,0,0,0,0,0,2,0,0,0,0,0,0,0,0,1,0.8,0.9,246.9,0,246.9,0,246.9,-246.9,2,0,0,0,0,0,0,0,0,0,0,0,0,0,0,0,0,0,0,0,0,0,0,0,0,0,0,0,0,0,0,0,0
Oaklands Wolves EABL,"D. Gladstone, E. Da Cruz Fatuda, G. Augenti, K. Gasperas, L. Mcintosh",Copleston High School EABL,"E. Tamakloe, I. Little, M. Liddamore, O. Drane, T. Rafiu",1,63,1.1,0.8,2,1,4,25,0,1,0,0,0,0,2,0,2,0,0,0,0,1,2,0,0,0,0,0,0,2,2,100,0,0,0,0,0,0,0,0,0.8,0.9,253.2,227.3,25.9,227.3,253.2,-25.9,0,0,0,0,0,0,0,0,0,0,0,0,0,0,0,0,0,0,0,0,0,0,0,0,0,0,0,0,0,0,0,0,0
BMET City of Birmingham Rockets EABL,"G. Angoy, J. Agbeze, J. Hyland, L. Duru, P. Walsh",Copleston High School EABL,"C. Fobister, E. Tamakloe, I. Little, M. Liddamore, N. Wilkinson",1,34,0.6,0.8,1,0,1,0,0,0,0,1,2,50,2,0,2,0,0,0,0,0,2,0,0,0,0,0,0,2,2,100,0,0,0,1,0,0,0,4,0.8,0.9,123.5,227.3,-103.8,227.3,123.5,103.8,-1,0,0,0,0,0,0,0,0,0,0,0,0,0,0,0,0,0,0,0,0,0,0,0,0,0,0,0,0,0,0,0,0
City of London Academy - Southwark EABL,"A. Nwokolo, D. Banjoko, D. Patel, J. Hannick, T. Gass",Myerscough College EABL,"C. Sanchez Falette, J. Bobkowski, O. Esingle, S. Latidan, S. Latidan",1,39,0.7,0.8,1,0,3,0,0,1,0,1,2,50,3,0,3,0,0,0,0,0,0,0,1,0,0,1,0,0,0,0,0,0,0,0,0,0,0,2,0.7,1.0,149.3,0,149.3,0,149.3,-149.3,1,0,0,0,0,0,0,0,0,0,0,0,0,0,0,0,0,0,0,0,0,0,0,0,0,0,0,0,0,0,0,0,0
Itchen College EABL,"E. Round, G. Andrews, J. Osei-Owusu, M. Edwards, T. Blower",Copleston High School EABL,"E. Tamakloe, I. Little, J. Mussington, M. Liddamore, T. Rafiu",1,4,0.1,0.7,0,0,0,0,0,0,0,0,1,0,0,0,0,0,0,0,0,0,0,0,0,0,0,0,0,0,0,0,0,1,1,0,0,0,1,0,0.4,1.0,0,0,0,0,0,0,0,0,0,0,0,0,0,0,0,0,0,0,0,0,0,0,0,0,0,0,0,0,0,0,0,0,0,0,0,0,0,0,0
Itchen College EABL,"G. Andrews, J. Osei-Owusu, M. Edwards, R. Radu, T. Blower",Copleston High School EABL,"E. Tamakloe, I. Little, J. Mussington, M. Liddamore, T. Rafiu",1,9,0.1,0.7,2,0,0,0,0,0,0,2,3,66.7,0,0,0,0,0,0,0,0,0,0,0,0,0,0,0,0,0,0,0,0,0,0,0,0,0,1,1.3,0.1,151.5,0,151.5,0,151.5,-151.5,2,0,0,0,0,0,0,0,0,0,0,0,0,0,0,0,0,0,0,0,0,0,0,0,0,0,0,0,0,0,0,0,0
Myerscough College EABL,"C. Sanchez Falette, H. Sheehan, J. Bobkowski, S. Latidan, Z. Trezvant",BMET City of Birmingham Rockets EABL,"A. Camara, D. Pittaway, L. Duru, P. Basioudis, P. Walsh",1,15,0.2,0.7,0,0,0,0,0,0,0,0,1,0,0,0,0,0,0,0,0,0,0,0,0,0,0,0,0,0,0,0,0,1,1,0,0,0,1,0,0.4,1.0,0,0,0,0,0,0,0,0,0,0,0,0,0,0,0,0,0,0,0,0,0,0,0,0,0,0,0,0,0,0,0,0,0,0,0,0,0,0,0
Oaklands Wolves EABL,"D. Kostadinov, E. Da Cruz Fatuda, G. Mitchell, L. Mcintosh, T. Mcintosh",Itchen College EABL,"E. Round, M. Edwards, M. Yeates, R. Radu, T. Blower",1,21,0.3,0.7,0,0,0,0,0,0,0,0,1,0,0,0,0,0,0,0,0,1,2,1,1,100,0,0,0,0,0,0,0,1,1,0,0,0,0,0,0.4,1.0,0,200,-200,200,0,200,-2,0,0,0,0,0,0,0,0,0,0,0,0,0,0,0,0,0,0,0,0,0,0,0,0,0,0,0,0,0,0,0,0
Charnwood College Riders EABL,"A. Oyerinde, L. Stevenson, P. Kattah, T. Curran, Z. Gleadell-Smith",Myerscough College EABL,"B. Gordon, J. Bobkowski, J. Sanchez, S. Laditan, Z. Trezvant",1,10,0.2,0.7,0,0,0,0,0,0,0,0,0,0,0,0,0,0,0,0,0,1,3,1,1,100,0,0,0,1,1,100,0,0,0,1,0,0,0,0,0.1,1.4,0,208.3,-208.3,208.3,0,208.3,-3,0,0,0,0,0,0,0,0,0,0,0,0,0,0,0,0,0,0,0,0,0,0,0,0,0,0,0,0,0,0,0,0
City of London Academy - Southwark EABL,"A. Nwokolo, B. Olowoshile, D. Banjoko, D. Patel, R. Nunn",Oaklands Wolves EABL,"D. Kostadinov, G. Augenti, G. Mitchell, H. Morrell, L. Mcintosh",1,31,0.5,0.7,1,0,0,0,0,0,0,1,1,100,0,0,0,0,1,0,0,0,0,0,0,0,0,0,0,0,0,0,0,0,0,0,0,0,1,0,0.4,1.0,227.3,0,227.3,0,227.3,-227.3,1,0,0,0,0,0,0,0,0,0,0,0,0,0,0,0,0,0,0,0,0,0,0,0,0,0,0,0,0,0,0,0,0
BMET City of Birmingham Rockets EABL,"A. Camara, G. Singh, J. Agbeze, J. Hyland, P. Basioudis",Charnwood College Riders EABL,"D. Hanousek, L. Stevenson, P. Kattah, R. Buckingham, T. Pearson",1,14,0.2,0.7,0,0,0,0,0,0,0,0,1,0,0,0,0,0,0,0,0,0,0,0,1,0,0,0,0,0,0,0,0,1,1,0,0,0,0,0,0.4,1.0,0,0,0,0,0,0,0,0,0,0,0,0,0,0,0,0,0,0,0,0,0,0,0,0,0,0,0,0,0,0,0,0,0,0,0,0,0,0,0
Myerscough College EABL,"H. Sheehan, J. Bobkowski, O. Esingle, S. Latidan, Z. Trezvant",SGS College EABL,"A. Bennett, D. Lloyd, I. Toure, M. Alburo, M. Perez Tosca",1,14,0.2,0.7,1,0,0,0,0,0,0,1,1,100,0,0,0,0,0,0,0,0,0,0,0,0,0,0,0,0,0,0,0,0,0,0,0,0,1,0,0.4,1.0,227.3,0,227.3,0,227.3,-227.3,1,0,0,0,0,0,0,0,0,0,0,0,0,0,0,0,0,0,0,0,0,0,0,0,0,0,0,0,0,0,0,0,0
Oaklands Wolves EABL,"D. Gladstone, D. Kostadinov, E. Da Cruz Fatuda, G. Mitchell, L. Mcintosh",Copleston High School EABL,"E. Tamakloe, I. Little, M. Liddamore, N. Wilkinson, T. Rafiu",1,22,0.4,0.7,0,0,0,0,0,0,0,0,1,0,0,0,0,0,1,0,0,0,0,0,0,0,0,0,0,0,0,0,0,1,1,0,0,0,1,1,0.4,1.0,0,0,0,0,0,0,0,0,0,0,0,0,0,0,0,0,0,0,0,0,0,0,0,0,0,0,0,0,0,0,0,0,0,0,0,0,0,0,0
Copleston High School EABL,"C. Fobister, E. Tamakloe, I. Little, M. Liddamore, T. Rafiu",Itchen College EABL,"E. Round, J. Osei-Owusu, M. Edwards, R. Matthias, T. Blower",1,20,0.3,0.7,1,0,0,0,0,0,0,1,1,100,0,0,0,0,0,0,0,0,2,1,1,100,0,0,0,0,0,0,0,0,0,1,0,0,0,0,0.4,1.0,227.3,200,27.3,200,227.3,-27.3,-1,0,0,0,0,0,0,0,0,0,0,0,0,0,0,0,0,0,0,0,0,0,0,0,0,0,0,0,0,0,0,0,0
Charnwood College Riders EABL,"D. Hanousek, L. Boothe, L. Stevenson, P. Kattah, T. Curran",Derby College Trailblazers EABL,"E. Rice, G. Pastor, J. Howlett, L. Ngomti, R. Hobday",1,24,0.4,0.7,0,0,1,0,0,1,0,0,1,0,0,0,0,0,0,0,0,1,0,0,0,0,0,0,0,0,0,0,0,1,1,0,0,0,0,0,1.4,0.1,0,0,0,0,0,0,0,0,0,0,0,0,0,0,0,0,0,0,0,0,0,0,0,0,0,0,0,0,0,0,0,0,0,0,0,0,0,0,0
Charnwood College Riders EABL,"A. Oyerinde, L. Boothe, P. Kattah, R. Buckingham, T. Curran",Derby College Trailblazers EABL,"C. Burr, E. Rice, G. Pastor, J. Howlett, L. Ngomti",1,8,0.1,0.7,0,0,0,0,0,0,0,0,0,0,0,0,0,0,0,0,0,2,2,0,0,0,0,0,0,2,3,66.7,0,0,0,0,0,0,0,1,0.1,1.3,0,151.5,-151.5,151.5,0,151.5,-2,0,0,0,0,0,0,0,0,0,0,0,0,0,0,0,0,0,0,0,0,0,0,0,0,0,0,0,0,0,0,0,0
SGS College EABL,"I. Toure, L. Matthews, M. Alburo, M. Perez Tosca, S. Nelson",BMET City of Birmingham Rockets EABL,"G. Angoy, I. Gisbourne, J. Hyland, L. Duru, S. Chikukwa",1,14,0.2,0.7,0,0,0,0,0,0,0,0,0,0,0,1,1,0,0,0,0,0,1,0,1,0,0,0,0,1,2,50,1,0,1,0,0,0,0,0,0.1,1.3,0,74.3,-74.3,74.3,0,74.3,-1,0,0,0,0,0,0,0,0,0,0,0,0,0,0,0,0,0,0,0,0,0,0,0,0,0,0,0,0,0,0,0,0
Oaklands Wolves EABL,"D. Kostadinov, E. Da Cruz Fatuda, E. Ryan, G. Mitchell, H. Morrell",HHS Reading Rockets EABL,"C. Okumus, J. Waterhouse, M. Daines, M. Hassan-Taylor, N. Dent",1,21,0.3,0.7,2,1,2,50,0,0,0,0,0,0,1,0,1,0,0,0,0,0,1,0,0,0,0,0,0,1,1,100,0,0,0,0,0,0,0,0,0.9,0.4,215.1,227.3,-12.2,227.3,215.1,12.2,1,0,0,0,0,0,0,0,0,0,0,0,0,0,0,0,0,0,0,0,0,0,0,0,0,0,0,0,0,0,0,0,0
BMET City of Birmingham Rockets EABL,"J. Agbeze, J. Hyland, L. Duru, P. Basioudis, P. Walsh",Myerscough College EABL,"A. Cisse, D. Okhuoya, H. Sheehan, J. Bobkowski, S. Latidan",1,10,0.2,0.7,2,0,0,0,0,0,0,2,3,66.7,0,0,0,1,0,0,0,0,0,0,0,0,0,0,0,0,0,0,0,1,1,0,0,0,0,1,1.3,0.1,151.5,0,151.5,0,151.5,-151.5,2,0,0,0,0,0,0,0,0,0,0,0,0,0,0,0,0,0,0,0,0,0,0,0,0,0,0,0,0,0,0,0,0
BMET City of Birmingham Rockets EABL,"D. Pittaway, G. Angoy, J. Hyland, L. Duru, P. Walsh",Myerscough College EABL,"A. Cisse, F. Morgan, L. Farrell, O. Esingle, Z. Trezvant",1,9,0.1,0.7,3,0,0,0,0,0,0,3,3,100,0,0,0,1,0,0,0,0,0,0,0,0,0,0,0,0,0,0,0,0,0,0,0,0,0,0,1.3,0.1,227.3,0,227.3,0,227.3,-227.3,3,0,0,0,0,0,0,0,0,0,0,0,0,0,0,0,0,0,0,0,0,0,0,0,0,0,0,0,0,0,0,0,0
City of London Academy - Southwark EABL,"A. Nwokolo, D. Banjoko, D. Banjoko, J. Hannick, T. Gass",Copleston High School EABL,"C. Fobister, I. Little, M. Liddamore, N. Wilkinson, T. Rafiu",1,15,0.2,0.7,0,0,0,0,0,0,0,0,0,0,0,1,1,0,0,0,1,0,0,0,0,0,0,0,0,0,1,0,0,0,0,0,0,0,0,0,1.0,0.4,0,0,0,0,0,0,0,0,0,0,0,0,0,0,0,0,0,0,0,0,0,0,0,0,0,0,0,0,0,0,0,0,0,0,0,0,0,0,0
Charnwood College Riders EABL,"F. Saeed, L. Boothe, T. Curran, T. Pearson, Z. Gleadell-Smith",Oaklands Wolves EABL,"D. Gladstone, E. Da Cruz Fatuda, G. Mitchell, H. Morrell, L. Mcintosh",1,47,0.8,0.7,0,0,1,0,0,0,0,0,0,0,0,0,0,0,0,0,0,0,1,0,1,0,0,0,0,1,1,100,1,1,2,0,0,0,0,0,1.0,0.4,0,270.3,-270.3,270.3,0,270.3,-1,0,0,0,0,0,0,0,0,0,0,0,0,0,0,0,0,0,0,0,0,0,0,0,0,0,0,0,0,0,0,0,0
Charnwood College Riders EABL,"F. Saeed, J. Hardy, P. Kattah, T. Curran, Z. Gleadell-Smith",Oaklands Wolves EABL,"D. Gladstone, D. Kostadinov, G. Mitchell, L. Mcintosh, T. Mcintosh",1,6,0.1,0.7,0,0,0,0,0,0,0,0,0,0,0,0,0,0,0,0,0,1,3,1,1,100,0,0,0,1,1,100,0,0,0,0,0,0,0,0,0.1,1.4,0,208.3,-208.3,208.3,0,208.3,-3,0,0,0,0,0,0,0,0,0,0,0,0,0,0,0,0,0,0,0,0,0,0,0,0,0,0,0,0,0,0,0,0
Manchester Magic Academy EABL,"A. Isiorho, J. Walton, L. Clayton, T. Richardson, T. Weekes",Myerscough College EABL,"C. Sanchez Falette, L. Heidenreich Roberts, O. Esingle, S. Laditan, Z. Trezvant",1,11,0.2,0.7,1,0,0,0,0,0,0,1,1,100,0,0,0,0,0,0,0,0,0,0,0,0,0,0,0,0,0,0,0,0,0,0,0,0,1,0,0.4,1.0,227.3,0,227.3,0,227.3,-227.3,1,0,0,0,0,0,0,0,0,0,0,0,0,0,0,0,0,0,0,0,0,0,0,0,0,0,0,0,0,0,0,0,0
Oaklands Wolves EABL,"D. Kostadinov, G. Mitchell, H. Morrell, L. Mcintosh, T. Mcintosh",HHS Reading Rockets EABL,"A. King, E. Harrington, J. Mackinnon, M. Daines, M. Hassan-Taylor",1,35,0.6,0.6,3,0,1,0,0,0,0,3,3,100,1,0,1,0,0,0,0,0,0,0,0,0,0,0,0,0,0,0,0,0,0,0,0,0,0,1,1.3,0.1,240,0,240,0,240,-240,3,0,0,0,0,0,0,0,0,0,0,0,0,0,0,0,0,0,0,0,0,0,0,0,0,0,0,0,0,0,0,0,0
Manchester Magic Academy EABL,"H. Blake, J. Odongo, N. Brown, O. Babalola, T. Weekes",Charnwood College Riders EABL,"A. Oyerinde, D. Hanousek, D. Stephens, L. Boothe, T. Curran",1,15,0.2,0.5,0,0,0,0,0,0,0,0,0,0,0,0,0,0,0,0,1,0,0,0,0,0,0,0,0,0,0,0,0,0,0,0,0,0,0,0,1.0,0.1,0,0,0,0,0,0,0,0,0,0,0,0,0,0,0,0,0,0,0,0,0,0,0,0,0,0,0,0,0,0,0,0,0,0,0,0,0,0,0
Manchester Magic Academy EABL,"J. Odongo, J. Walton, N. Brown, O. Babalola, S. Sidi-Boumedine",Charnwood College Riders EABL,"D. Hanousek, L. Boothe, R. Buckingham, S. Morris, T. Pearson",1,10,0.2,0.5,0,0,0,0,0,0,0,0,0,0,0,0,0,0,0,0,0,0,0,0,0,0,0,0,0,0,0,0,0,0,0,0,0,0,1,0,0.1,1.0,0,0,0,0,0,0,0,0,0,0,0,0,0,0,0,0,0,0,0,0,0,0,0,0,0,0,0,0,0,0,0,0,0,0,0,0,0,0,0
Manchester Magic Academy EABL,"J. Odongo, J. Walton, N. Brown, O. Babalola, S. Sidi-Boumedine",Charnwood College Riders EABL,"D. Hanousek, F. Saeed, L. Boothe, S. Morris, T. Curran",1,15,0.2,0.5,2,1,1,100,0,0,0,0,0,0,0,0,0,0,0,0,0,0,0,0,0,0,0,0,0,0,0,0,0,0,0,0,0,0,0,0,1.0,0.1,200,0,200,0,200,-200,2,0,0,0,0,0,0,0,0,0,0,0,0,0,0,0,0,0,0,0,0,0,0,0,0,0,0,0,0,0,0,0,0
SGS College EABL,"A. Odowa, D. Lloyd, K. Richards, M. Pospori, T. Wallace-Gayle",Myerscough College EABL,"A. Aiyedun, A. Scott, J. Bobkowski, O. Esingle, S. Latidan",1,11,0.2,0.5,0,0,0,0,0,0,0,0,0,0,0,0,0,0,0,0,0,0,0,0,1,0,0,1,0,0,0,0,0,0,0,0,0,0,0,0,0.1,1.0,0,0,0,0,0,0,0,0,0,0,0,0,0,0,0,0,0,0,0,0,0,0,0,0,0,0,0,0,0,0,0,0,0,0,0,0,0,0,0
Barking Abbey EABL,"F. Cole, K. Mabaya, M. Filho, M. Myamutenha, S. Dobson Smith",HHS Reading Rockets EABL,"C. Okumus, J. Mackinnon, L. Bakary, L. Franicis, M. Hassan-Taylor",1,36,0.6,0.5,3,1,1,100,1,1,100,0,0,0,0,0,0,1,0,0,0,0,0,0,0,0,0,0,0,0,0,0,0,0,0,0,0,0,0,0,1.0,0.1,300,0,300,0,300,-300,3,0,0,0,0,0,0,0,0,0,0,0,0,0,0,0,0,0,0,0,0,0,0,0,0,0,0,0,0,0,0,0,0
Barking Abbey EABL,"F. Oguntuase, J. Mendes, K. Mabaya, M. Myamutenha, S. Dobson Smith",HHS Reading Rockets EABL,"E. Harrington, J. Waterhouse, L. Bakary, M. Daines, M. Hassan-Taylor",1,55,0.9,0.5,2,1,1,100,0,0,0,0,0,0,0,0,0,1,0,0,0,0,0,0,1,0,0,0,0,0,0,0,1,0,1,0,0,0,0,0,1.0,0.1,200,0,200,0,200,-200,2,0,0,0,0,0,0,0,0,0,0,0,0,0,0,0,0,0,0,0,0,0,0,0,0,0,0,0,0,0,0,0,0
Barking Abbey EABL,"F. Oguntuase, K. Mabaya, M. Myamutenha, R. Connolly, S. Dobson Smith",HHS Reading Rockets EABL,"L. Bakary, L. Franicis, M. Daines, M. Hassan-Taylor, N. Dent",1,22,0.4,0.5,2,1,1,100,0,0,0,0,0,0,0,0,0,0,0,0,0,1,0,0,0,0,0,0,0,0,0,0,0,0,0,0,0,0,0,0,1.0,0.1,200,0,200,0,200,-200,2,0,0,0,0,0,0,0,0,0,0,0,0,0,0,0,0,0,0,0,0,0,0,0,0,0,0,0,0,0,0,0,0
Barking Abbey EABL,"F. Cole, J. Mendes, K. Mabaya, M. Filho, M. Myamutenha",HHS Reading Rockets EABL,"C. Okumus, L. Bakary, L. Franicis, M. Daines, N. Dent",1,23,0.4,0.5,0,0,0,0,0,0,0,0,0,0,0,0,0,1,0,0,0,0,2,1,1,100,0,0,0,0,0,0,0,0,0,0,0,0,0,0,0.1,1.0,0,200,-200,200,0,200,-2,0,0,0,0,0,0,0,0,0,0,0,0,0,0,0,0,0,0,0,0,0,0,0,0,0,0,0,0,0,0,0,0
City of London Academy - Southwark EABL,"A. Nwokolo, D. Banjoko, J. Hannick, N. Senessie, T. Gass",Itchen College EABL,"B. Cope, E. Round, J. Osei-Owusu, M. Edwards, T. Blower",1,37,0.6,0.5,0,0,1,0,0,1,0,0,0,0,0,0,0,0,0,0,0,1,0,0,0,0,0,0,0,0,0,0,0,1,1,0,0,0,0,0,1.0,0.1,0,0,0,0,0,0,0,0,0,0,0,0,0,0,0,0,0,0,0,0,0,0,0,0,0,0,0,0,0,0,0,0,0,0,0,0,0,0,0
City of London Academy - Southwark EABL,"B. Olowoshile, D. Banjoko, D. Patel, J. Hannick, T. Gass",Itchen College EABL,"D. Cimochowski, E. Lotriet, E. Round, J. Ofman, T. Blower",1,4,0.1,0.5,0,0,0,0,0,0,0,0,0,0,0,0,0,0,0,0,1,0,0,0,0,0,0,0,0,0,0,0,0,0,0,0,1,0,0,0,1.0,0.1,0,0,0,0,0,0,0,0,0,0,0,0,0,0,0,0,0,0,0,0,0,0,0,0,0,0,0,0,0,0,0,0,0,0,0,0,0,0,0
City of London Academy - Southwark EABL,"A. Nwokolo, D. Banjoko, D. Banjoko, J. Hannick, T. Gass",Itchen College EABL,"E. Lotriet, E. Round, J. Ofman, M. Edwards, T. Blower",1,6,0.1,0.5,0,0,0,0,0,0,0,0,0,0,0,1,1,0,0,0,0,0,0,0,1,0,0,1,0,0,0,0,0,0,0,0,0,0,0,0,0.1,1.0,0,0,0,0,0,0,0,0,0,0,0,0,0,0,0,0,0,0,0,0,0,0,0,0,0,0,0,0,0,0,0,0,0,0,0,0,0,0,0
BMET City of Birmingham Rockets EABL,"G. Angoy, J. Agbeze, J. Hyland, L. Duru, P. Basioudis",SGS College EABL,"A. Odowa, K. Ramirez Mora, K. Richards, M. Alburo, M. Perez Tosca",1,25,0.4,0.5,0,0,3,0,0,0,0,0,0,0,2,0,2,0,1,0,0,0,0,0,0,0,0,0,0,0,0,0,0,0,0,0,0,0,1,0,0.1,1.0,0,0,0,0,0,0,0,0,0,0,0,0,0,0,0,0,0,0,0,0,0,0,0,0,0,0,0,0,0,0,0,0,0,0,0,0,0,0,0
Myerscough College EABL,"C. Sanchez Falette, H. Sheehan, J. Bobkowski, S. Latidan, Z. Trezvant",Manchester Magic Academy EABL,"H. Blake, J. Odongo, J. Walton, O. Babalola, S. Sidi-Boumedine",1,36,0.6,0.5,0,0,1,0,0,1,0,0,0,0,1,0,1,0,1,0,0,0,0,0,0,0,0,0,0,0,0,0,0,0,0,0,0,0,1,2,0.1,1.0,0,0,0,0,0,0,0,0,0,0,0,0,0,0,0,0,0,0,0,0,0,0,0,0,0,0,0,0,0,0,0,0,0,0,0,0,0,0,0
City of London Academy - Southwark EABL,"D. Banjoko, D. Patel, L. Thompson, R. Testfay, T. Gass",Barking Abbey EABL,"A. Maitland, J. Mendes, K. N'gabala, M. Filho, R. Connolly",1,30,0.5,0.5,0,0,0,0,0,0,0,0,0,0,0,1,1,0,0,0,0,0,0,0,1,0,0,0,0,0,0,0,0,0,0,0,0,0,0,0,0.1,1.0,0,0,0,0,0,0,0,0,0,0,0,0,0,0,0,0,0,0,0,0,0,0,0,0,0,0,0,0,0,0,0,0,0,0,0,0,0,0,0
Copleston High School EABL,"A. Hickey, E. Tamakloe, M. Liddamore, N. Wilkinson, T. Rafiu",Barking Abbey EABL,"E. Albrecht, K. Mabaya, M. Myamutenha, R. Connolly, S. Dobson Smith",1,27,0.5,0.5,2,1,1,100,0,0,0,0,0,0,0,0,0,1,0,0,0,2,0,0,0,0,0,0,0,0,0,0,0,0,0,0,0,0,0,0,1.0,0.1,200,0,200,0,200,-200,2,0,0,0,0,0,0,0,0,0,0,0,0,0,0,0,0,0,0,0,0,0,0,0,0,0,0,0,0,0,0,0,0
Charnwood College Riders EABL,"F. Saeed, P. Kattah, R. Buckingham, T. Pearson, Z. Gleadell-Smith",SGS College EABL,"A. Bennett, K. Richards, L. Matthews, M. Alburo, M. Pospori",1,72,1.2,0.5,0,0,0,0,0,0,0,0,0,0,0,0,0,0,0,0,0,0,2,1,1,100,0,0,0,0,0,0,0,0,0,0,0,0,0,0,0.1,1.0,0,200,-200,200,0,200,-2,0,0,0,0,0,0,0,0,0,0,0,0,0,0,0,0,0,0,0,0,0,0,0,0,0,0,0,0,0,0,0,0
Charnwood College Riders EABL,"P. Kattah, R. Buckingham, S. Morris, T. Curran, T. Pearson",SGS College EABL,"A. Odowa, D. Lloyd, I. Toure, K. Ramirez Mora, M. Perez Tosca",1,18,0.3,0.5,0,0,0,0,0,0,0,0,0,0,0,0,0,0,0,0,0,0,0,0,1,0,0,1,0,0,0,0,0,0,0,0,0,0,0,0,0.1,1.0,0,0,0,0,0,0,0,0,0,0,0,0,0,0,0,0,0,0,0,0,0,0,0,0,0,0,0,0,0,0,0,0,0,0,0,0,0,0,0
Charnwood College Riders EABL,"A. Oyerinde, H. Mcglone, P. Kattah, R. Buckingham, T. Pearson",SGS College EABL,"A. Bennett, K. Richards, L. Matthews, M. Perez Tosca, S. Nelson",1,5,0.1,0.5,0,0,0,0,0,0,0,0,0,0,0,0,0,0,0,0,1,0,0,0,0,0,0,0,0,0,0,0,0,0,0,0,1,0,0,0,1.0,0.1,0,0,0,0,0,0,0,0,0,0,0,0,0,0,0,0,0,0,0,0,0,0,0,0,0,0,0,0,0,0,0,0,0,0,0,0,0,0,0
Charnwood College Riders EABL,"A. Oyerinde, H. Mcglone, P. Kattah, R. Buckingham, T. Pearson",SGS College EABL,"A. Bennett, K. Richards, L. Matthews, M. Alburo, M. Perez Tosca",1,19,0.3,0.5,0,0,0,0,0,0,0,0,0,0,0,0,0,0,0,0,0,0,2,1,1,100,0,0,0,0,0,0,0,0,0,0,0,0,0,0,0.1,1.0,0,200,-200,200,0,200,-2,0,0,0,0,0,0,0,0,0,0,0,0,0,0,0,0,0,0,0,0,0,0,0,0,0,0,0,0,0,0,0,0
Manchester Magic Academy EABL,"D. Allotey, J. Walton, N. Brown, T. Kamal Kazmi, T. Richardson",Derby College Trailblazers EABL,"E. Rice, J. Lemanski, M. Smith-Fjordland, R. Hobday, W. Tallon",1,31,0.5,0.5,0,0,1,0,0,1,0,0,0,0,0,0,0,0,0,0,0,1,0,0,0,0,0,0,0,0,0,0,0,1,1,0,0,0,0,0,1.0,0.1,0,0,0,0,0,0,0,0,0,0,0,0,0,0,0,0,0,0,0,0,0,0,0,0,0,0,0,0,0,0,0,0,0,0,0,0,0,0,0
Myerscough College EABL,"C. Sanchez Falette, H. Sheehan, O. Esingle, S. Latidan, Z. Trezvant",BMET City of Birmingham Rockets EABL,"A. Camara, D. Pittaway, J. Agbeze, J. Ogbeide, P. Basioudis",1,26,0.4,0.5,0,0,2,0,0,0,0,0,0,0,2,1,3,0,0,0,0,0,0,0,1,0,0,0,0,0,0,0,0,0,0,0,0,0,0,1,0.1,1.0,0,0,0,0,0,0,0,0,0,0,0,0,0,0,0,0,0,0,0,0,0,0,0,0,0,0,0,0,0,0,0,0,0,0,0,0,0,0,0
HHS Reading Rockets EABL,"A. Moloney, E. Harrington, J. Waterhouse, M. Daines, S. Ejiofor",City of London Academy - Southwark EABL,"D. Banjoko, D. Banjoko, D. Ekwukoma, D. Patel, T. Gass",1,35,0.6,0.5,0,0,0,0,0,0,0,0,0,0,0,0,0,0,0,0,0,0,0,0,0,0,0,0,0,0,0,0,0,0,0,0,0,0,1,0,0.1,1.0,0,0,0,0,0,0,0,0,0,0,0,0,0,0,0,0,0,0,0,0,0,0,0,0,0,0,0,0,0,0,0,0,0,0,0,0,0,0,0
HHS Reading Rockets EABL,"J. Mackinnon, J. Waterhouse, L. Francis, M. Daines, M. Hassan-Taylor",City of London Academy - Southwark EABL,"A. Nwokolo, D. Banjoko, D. Banjoko, D. Patel, T. Gass",1,50,0.8,0.5,0,0,0,0,0,0,0,0,0,0,0,0,0,0,0,0,0,0,2,1,1,100,0,0,0,0,0,0,0,0,0,0,0,0,0,0,0.1,1.0,0,200,-200,200,0,200,-2,0,0,0,0,0,0,0,0,0,0,0,0,0,0,0,0,0,0,0,0,0,0,0,0,0,0,0,0,0,0,0,0
HHS Reading Rockets EABL,"C. Okumus, J. Mackinnon, L. Bakary, L. Francis, M. Hassan-Taylor",City of London Academy - Southwark EABL,"A. Morentin, B. Olowoshile, D. Ekwukoma, R. Cryer, S. Shirwac",1,27,0.5,0.5,2,1,1,100,0,0,0,0,0,0,0,0,0,0,0,0,0,0,0,0,0,0,0,0,0,0,0,0,0,0,0,0,0,0,0,0,1.0,0.1,200,0,200,0,200,-200,2,0,0,0,0,0,0,0,0,0,0,0,0,0,0,0,0,0,0,0,0,0,0,0,0,0,0,0,0,0,0,0,0
Oaklands Wolves EABL,"D. Kostadinov, G. Mitchell, H. Morrell, L. Mcintosh, T. Mcintosh",Itchen College EABL,"E. Round, J. Ofman, M. Yeates, R. Radu, T. Blower",1,22,0.4,0.5,0,0,1,0,0,1,0,0,0,0,1,0,1,0,1,0,0,0,0,0,0,0,0,0,0,0,0,0,0,0,0,0,0,0,1,0,0.1,1.0,0,0,0,0,0,0,0,0,0,0,0,0,0,0,0,0,0,0,0,0,0,0,0,0,0,0,0,0,0,0,0,0,0,0,0,0,0,0,0
Oaklands Wolves EABL,"E. Da Cruz Fatuda, G. Mitchell, K. Gasperas, L. Mcintosh, T. Mcintosh",Itchen College EABL,"B. Cope, E. Lotriet, E. Round, M. Edwards, T. Blower",1,47,0.8,0.5,0,0,1,0,0,1,0,0,0,0,0,0,0,0,0,0,0,0,0,0,2,0,0,2,0,0,0,0,1,1,2,0,0,0,0,0,1.0,0.1,0,0,0,0,0,0,0,0,0,0,0,0,0,0,0,0,0,0,0,0,0,0,0,0,0,0,0,0,0,0,0,0,0,0,0,0,0,0,0
BMET City of Birmingham Rockets EABL,"B. Rose, G. Angoy, J. Agbeze, L. Duru, P. Basioudis",Manchester Magic Academy EABL,"J. Walton, L. Clayton, N. Brown, O. Babalola, T. Richardson",1,16,0.3,0.5,0,0,0,0,0,0,0,0,0,0,0,0,0,0,0,0,0,0,2,1,1,100,0,0,0,0,0,0,0,0,0,1,0,0,0,0,0.1,1.0,0,200,-200,200,0,200,-2,0,0,0,0,0,0,0,0,0,0,0,0,0,0,0,0,0,0,0,0,0,0,0,0,0,0,0,0,0,0,0,0
BMET City of Birmingham Rockets EABL,"B. Rose, G. Singh, J. Agbeze, L. Duru, P. Walsh",Manchester Magic Academy EABL,"L. Clayton, N. Brown, S. Sidi-Boumedine, T. Richardson, T. Weekes",1,31,0.5,0.5,0,0,0,0,0,0,0,0,0,0,0,0,0,0,0,0,0,0,3,1,1,100,1,1,100,0,0,0,0,0,0,1,0,0,0,0,0.1,1.0,0,300,-300,300,0,300,-3,0,0,0,0,0,0,0,0,0,0,0,0,0,0,0,0,0,0,0,0,0,0,0,0,0,0,0,0,0,0,0,0
Copleston High School EABL,"A. Hickey, C. Fobister, E. Tamakloe, I. Little, M. Liddamore",HHS Reading Rockets EABL,"E. Harrington, J. Mackinnon, L. Bakary, M. Daines, N. Dent",1,4,0.1,0.5,0,0,0,0,0,0,0,0,0,0,0,0,0,0,0,0,1,0,0,0,0,0,0,0,0,0,0,0,0,0,0,0,0,0,0,0,1.0,0.1,0,0,0,0,0,0,0,0,0,0,0,0,0,0,0,0,0,0,0,0,0,0,0,0,0,0,0,0,0,0,0,0,0,0,0,0,0,0,0
SGS College EABL,"A. Bennett, D. Lloyd, K. Ramirez Mora, K. Richards, L. Matthews",Derby College Trailblazers EABL,"C. Burr, E. Norman, G. Pastor, J. Howlett, W. Tallon",1,1,0.0,0.5,0,0,0,0,0,0,0,0,0,0,0,0,0,0,0,0,0,0,0,0,1,0,0,1,0,0,0,0,0,0,0,0,0,0,0,0,0.1,1.0,0,0,0,0,0,0,0,0,0,0,0,0,0,0,0,0,0,0,0,0,0,0,0,0,0,0,0,0,0,0,0,0,0,0,0,0,0,0,0
City of London Academy - Southwark EABL,"B. Manfo-Marc, B. Olowoshile, D. Banjoko, R. Testfay, T. Gass",Oaklands Wolves EABL,"D. Gladstone, D. Kostadinov, E. Da Cruz Fatuda, H. Morrell, Z. Gribble",1,27,0.5,0.5,0,0,0,0,0,0,0,0,0,0,0,0,0,0,0,0,1,0,0,0,0,0,0,0,0,0,0,0,0,0,0,0,0,0,0,0,1.0,0.1,0,0,0,0,0,0,0,0,0,0,0,0,0,0,0,0,0,0,0,0,0,0,0,0,0,0,0,0,0,0,0,0,0,0,0,0,0,0,0
City of London Academy - Southwark EABL,"A. Morentin, A. Nwokolo, B. Olowoshile, D. Banjoko, D. Patel",Oaklands Wolves EABL,"D. Gladstone, D. Kostadinov, E. Da Cruz Fatuda, G. Mitchell, H. Morrell",1,32,0.5,0.5,0,0,1,0,0,0,0,0,0,0,0,0,0,0,0,0,0,1,0,0,1,0,0,0,0,0,0,0,1,1,2,0,0,0,0,0,1.0,0.1,0,0,0,0,0,0,0,0,0,0,0,0,0,0,0,0,0,0,0,0,0,0,0,0,0,0,0,0,0,0,0,0,0,0,0,0,0,0,0
City of London Academy - Southwark EABL,"B. Manfo-Marc, D. Banjoko, D. Patel, S. Shirwac, T. Gass",Oaklands Wolves EABL,"D. Gladstone, E. Da Cruz Fatuda, G. Augenti, G. Mitchell, L. Mcintosh",1,13,0.2,0.5,0,0,0,0,0,0,0,0,0,0,0,0,0,0,0,0,0,0,0,0,0,0,0,0,0,0,0,0,0,0,0,0,0,0,1,0,0.1,1.0,0,0,0,0,0,0,0,0,0,0,0,0,0,0,0,0,0,0,0,0,0,0,0,0,0,0,0,0,0,0,0,0,0,0,0,0,0,0,0
Derby College Trailblazers EABL,"E. Norman, G. Pastor, J. Howlett, L. Ngomti, W. Tallon",Charnwood College Riders EABL,"A. Oyerinde, D. Stephens, L. Stevenson, S. Morris, T. Pearson",1,22,0.4,0.5,0,0,0,0,0,0,0,0,0,0,0,0,0,0,0,0,1,1,0,0,0,0,0,0,0,0,0,0,0,0,0,0,0,0,0,0,1.0,0.1,0,0,0,0,0,0,0,0,0,0,0,0,0,0,0,0,0,0,0,0,0,0,0,0,0,0,0,0,0,0,0,0,0,0,0,0,0,0,0
BMET City of Birmingham Rockets EABL,"A. Camara, G. Angoy, G. Singh, J. Agbeze, P. Basioudis",Charnwood College Riders EABL,"A. Oyerinde, F. Saeed, L. Stevenson, P. Kattah, T. Pearson",1,26,0.4,0.5,0,0,0,0,0,0,0,0,0,0,0,0,0,0,0,0,0,0,3,1,1,100,1,1,100,0,0,0,0,0,0,0,0,0,0,0,0.1,1.0,0,300,-300,300,0,300,-3,0,0,0,0,0,0,0,0,0,0,0,0,0,0,0,0,0,0,0,0,0,0,0,0,0,0,0,0,0,0,0,0
BMET City of Birmingham Rockets EABL,"A. Camara, G. Angoy, J. Agbeze, J. Hyland, P. Basioudis",Charnwood College Riders EABL,"D. Hanousek, L. Boothe, L. Stevenson, P. Kattah, T. Curran",1,13,0.2,0.5,0,0,0,0,0,0,0,0,0,0,0,0,0,0,0,0,0,0,0,0,1,0,0,1,0,0,0,0,0,0,0,0,0,0,0,0,0.1,1.0,0,0,0,0,0,0,0,0,0,0,0,0,0,0,0,0,0,0,0,0,0,0,0,0,0,0,0,0,0,0,0,0,0,0,0,0,0,0,0
BMET City of Birmingham Rockets EABL,"A. Camara, G. Angoy, G. Singh, J. Agbeze, P. Basioudis",Charnwood College Riders EABL,"D. Hanousek, L. Boothe, P. Kattah, T. Curran, Z. Gleadell-Smith",1,28,0.5,0.5,2,1,1,100,0,0,0,0,0,0,0,0,0,1,0,0,0,0,0,0,1,0,0,1,0,0,0,0,1,0,1,0,0,0,0,0,1.0,0.1,200,0,200,0,200,-200,2,0,0,0,0,0,0,0,0,0,0,0,0,0,0,0,0,0,0,0,0,0,0,0,0,0,0,0,0,0,0,0,0
Itchen College EABL,"B. Cope, D. Cimochowski, J. Osei-Owusu, R. Radu, T. Blower",HHS Reading Rockets EABL,"C. Okumus, J. Mackinnon, L. Bakary, L. Franicis, M. Hassan-Taylor",1,11,0.2,0.5,2,1,1,100,0,0,0,0,0,0,0,0,0,0,0,0,0,0,0,0,0,0,0,0,0,0,0,0,0,0,0,0,0,0,0,0,1.0,0.1,200,0,200,0,200,-200,2,0,0,0,0,0,0,0,0,0,0,0,0,0,0,0,0,0,0,0,0,0,0,0,0,0,0,0,0,0,0,0,0
Itchen College EABL,"B. Cope, D. Cimochowski, E. Round, J. Ofman, T. Blower",HHS Reading Rockets EABL,"C. Okumus, E. Harrington, L. Bakary, L. Franicis, M. Hassan-Taylor",1,14,0.2,0.5,0,0,0,0,0,0,0,0,0,0,0,1,1,0,0,0,0,0,0,0,1,0,0,0,0,0,0,0,0,0,0,0,0,0,0,1,0.1,1.0,0,0,0,0,0,0,0,0,0,0,0,0,0,0,0,0,0,0,0,0,0,0,0,0,0,0,0,0,0,0,0,0,0,0,0,0,0,0,0
Manchester Magic Academy EABL,"A. Sagay Isiorho, J. Odongo, S. Sidi-Boumedine, T. Richardson, T. Weekes",SGS College EABL,"A. Odowa, D. Lloyd, M. Alburo, M. Pospori, W. Wewe",1,28,0.5,0.5,0,0,2,0,0,0,0,0,0,0,1,0,1,0,0,0,0,1,0,0,0,0,0,0,0,0,0,0,0,0,0,0,0,0,1,0,0.1,1.0,0,0,0,0,0,0,0,0,0,0,0,0,0,0,0,0,0,0,0,0,0,0,0,0,0,0,0,0,0,0,0,0,0,0,0,0,0,0,0
Manchester Magic Academy EABL,"A. Sagay Isiorho, D. Allotey, J. Walton, S. Sidi-Boumedine, T. Richardson",SGS College EABL,"A. Bennett, A. Odowa, D. Lloyd, K. Ramirez Mora, M. Alburo",1,29,0.5,0.5,0,0,3,0,0,2,0,0,0,0,2,0,2,0,0,0,0,0,2,1,1,100,0,0,0,0,0,0,0,0,0,1,0,0,0,0,0.1,1.0,0,200,-200,200,0,200,-2,0,0,0,0,0,0,0,0,0,0,0,0,0,0,0,0,0,0,0,0,0,0,0,0,0,0,0,0,0,0,0,0
Manchester Magic Academy EABL,"A. Sagay Isiorho, D. Allotey, J. Walton, S. Sidi-Boumedine, T. Richardson",SGS College EABL,"A. Bennett, A. Odowa, I. Toure, M. Alburo, R. Roach",1,20,0.3,0.5,2,1,1,100,0,0,0,0,0,0,0,0,0,1,0,0,0,0,0,0,0,0,0,0,0,0,0,0,0,0,0,0,0,0,0,0,1.0,0.1,200,0,200,0,200,-200,2,0,0,0,0,0,0,0,0,0,0,0,0,0,0,0,0,0,0,0,0,0,0,0,0,0,0,0,0,0,0,0,0
Copleston High School EABL,"C. Fobister, L. Read, M. Liddamore, M. Wells, N. Wilkinson",Oaklands Wolves EABL,"D. Kostadinov, E. Da Cruz Fatuda, G. Mitchell, L. Mcintosh, Z. Gribble",1,6,0.1,0.5,0,0,0,0,0,0,0,0,0,0,0,0,0,0,0,0,1,0,0,0,0,0,0,0,0,0,0,0,0,0,0,0,1,0,0,0,1.0,0.1,0,0,0,0,0,0,0,0,0,0,0,0,0,0,0,0,0,0,0,0,0,0,0,0,0,0,0,0,0,0,0,0,0,0,0,0,0,0,0
Copleston High School EABL,"E. Tamakloe, I. Carty-Peters, I. Little, M. Liddamore, N. Wilkinson",Oaklands Wolves EABL,"B. Thompson, D. Gladstone, E. Da Cruz Fatuda, K. Gasperas, L. Mcintosh",1,17,0.3,0.5,0,0,0,0,0,0,0,0,0,0,0,1,1,0,0,1,0,0,0,0,1,0,0,0,0,0,0,0,0,0,0,0,0,0,0,1,0.1,1.0,0,0,0,0,0,0,0,0,0,0,0,0,0,0,0,0,0,0,0,0,0,0,0,0,0,0,0,0,0,0,0,0,0,0,0,0,0,0,0
Copleston High School EABL,"A. Hickey, E. Tamakloe, I. Carty-Peters, I. Little, N. Wilkinson",Oaklands Wolves EABL,"B. Thompson, E. Da Cruz Fatuda, G. Mitchell, K. Gasperas, L. Mcintosh",1,6,0.1,0.5,0,0,1,0,0,1,0,0,0,0,0,0,0,0,0,0,0,0,0,0,0,0,0,0,0,0,0,0,0,0,0,0,0,0,0,0,1.0,0.1,0,0,0,0,0,0,0,0,0,0,0,0,0,0,0,0,0,0,0,0,0,0,0,0,0,0,0,0,0,0,0,0,0,0,0,0,0,0,0
Itchen College EABL,"B. Cope, D. Cimochowski, E. Lotriet, J. Osei-Owusu, R. Radu",City of London Academy - Southwark EABL,"A. Nwokolo, D. Banjoko, D. Banjoko, D. Patel, T. Gass",1,20,0.3,0.5,0,0,1,0,0,0,0,0,0,0,0,0,0,0,0,0,0,1,0,0,0,0,0,0,0,0,0,0,0,1,1,0,0,1,0,0,1.0,0.1,0,0,0,0,0,0,0,0,0,0,0,0,0,0,0,0,0,0,0,0,0,0,0,0,0,0,0,0,0,0,0,0,0,0,0,0,0,0,0
Itchen College EABL,"B. Cope, D. Cimochowski, E. Round, M. Edwards, R. Radu",City of London Academy - Southwark EABL,"A. Nwokolo, D. Banjoko, D. Banjoko, D. Patel, T. Gass",1,23,0.4,0.5,0,0,1,0,0,1,0,0,0,0,0,0,0,0,0,0,0,0,0,0,0,0,0,0,0,0,0,0,0,0,0,0,0,0,0,1,1.0,0.1,0,0,0,0,0,0,0,0,0,0,0,0,0,0,0,0,0,0,0,0,0,0,0,0,0,0,0,0,0,0,0,0,0,0,0,0,0,0,0
Charnwood College Riders EABL,"A. Oyerinde, F. Saeed, L. Boothe, S. Morris, T. Pearson",Manchester Magic Academy EABL,"A. Sagay Isiorho, D. Allotey, N. Brown, O. Babalola, T. Richardson",1,31,0.5,0.5,0,0,0,0,0,0,0,0,0,0,0,0,0,0,0,0,0,0,0,0,1,0,0,0,0,0,0,0,0,0,0,0,0,0,0,0,0.1,1.0,0,0,0,0,0,0,0,0,0,0,0,0,0,0,0,0,0,0,0,0,0,0,0,0,0,0,0,0,0,0,0,0,0,0,0,0,0,0,0
Charnwood College Riders EABL,"D. Hanousek, L. Stevenson, R. Buckingham, T. Curran, Z. Gleadell-Smith",Manchester Magic Academy EABL,"A. Sagay Isiorho, H. Blake, J. Odongo, N. Brown, O. Babalola",1,4,0.1,0.5,0,0,1,0,0,0,0,0,0,0,0,0,0,0,0,0,0,0,0,0,0,0,0,0,0,0,0,0,0,1,1,0,0,0,0,0,1.0,0.1,0,0,0,0,0,0,0,0,0,0,0,0,0,0,0,0,0,0,0,0,0,0,0,0,0,0,0,0,0,0,0,0,0,0,0,0,0,0,0
Charnwood College Riders EABL,"D. Hanousek, L. Stevenson, R. Buckingham, S. Morris, T. Curran",Manchester Magic Academy EABL,"J. Odongo, K. Litchmore, N. Brown, O. Babalola, T. Kamal Kazmi",1,35,0.6,0.5,0,0,1,0,0,1,0,0,0,0,0,0,0,0,0,0,0,0,0,0,0,0,0,0,0,0,0,0,0,0,0,0,0,0,0,0,1.0,0.1,0,0,0,0,0,0,0,0,0,0,0,0,0,0,0,0,0,0,0,0,0,0,0,0,0,0,0,0,0,0,0,0,0,0,0,0,0,0,0
Charnwood College Riders EABL,"F. Saeed, L. Stevenson, R. Buckingham, S. Morris, T. Curran",Manchester Magic Academy EABL,"J. Odongo, K. Litchmore, N. Brown, O. Babalola, T. Kamal Kazmi",1,8,0.1,0.5,0,0,0,0,0,0,0,0,0,0,0,0,0,0,0,0,1,0,0,0,0,0,0,0,0,0,0,0,0,0,0,0,0,0,0,0,1.0,0.1,0,0,0,0,0,0,0,0,0,0,0,0,0,0,0,0,0,0,0,0,0,0,0,0,0,0,0,0,0,0,0,0,0,0,0,0,0,0,0
Charnwood College Riders EABL,"F. Saeed, L. Boothe, R. Buckingham, T. Curran, Z. Gleadell-Smith",Manchester Magic Academy EABL,"H. Blake, J. Odongo, N. Brown, O. Babalola, T. Kamal Kazmi",1,11,0.2,0.5,0,0,0,0,0,0,0,0,0,0,0,0,0,0,0,0,1,1,0,0,0,0,0,0,0,0,0,0,0,0,0,0,1,0,0,0,1.0,0.1,0,0,0,0,0,0,0,0,0,0,0,0,0,0,0,0,0,0,0,0,0,0,0,0,0,0,0,0,0,0,0,0,0,0,0,0,0,0,0
Charnwood College Riders EABL,"D. Hanousek, L. Boothe, R. Buckingham, T. Curran, Z. Gleadell-Smith",Manchester Magic Academy EABL,"A. Sagay Isiorho, H. Blake, J. Odongo, N. Brown, O. Babalola",1,18,0.3,0.5,0,0,0,0,0,0,0,0,0,0,0,0,0,0,0,0,0,0,0,0,1,0,0,1,0,0,0,0,0,0,0,0,0,0,0,0,0.1,1.0,0,0,0,0,0,0,0,0,0,0,0,0,0,0,0,0,0,0,0,0,0,0,0,0,0,0,0,0,0,0,0,0,0,0,0,0,0,0,0
Myerscough College EABL,"D. Okhuoya, H. Sheehan, J. Bobkowski, O. Esingle, S. Latidan",SGS College EABL,"A. Bennett, D. Lloyd, I. Toure, M. Alburo, M. Perez Tosca",1,32,0.5,0.5,2,1,1,100,0,0,0,0,0,0,0,0,0,1,0,0,0,1,0,0,0,0,0,0,0,0,0,0,0,0,0,0,0,0,0,0,1.0,0.1,200,0,200,0,200,-200,2,0,0,0,0,0,0,0,0,0,0,0,0,0,0,0,0,0,0,0,0,0,0,0,0,0,0,0,0,0,0,0,0
Myerscough College EABL,"C. Sanchez Falette, H. Sheehan, I. Idemudia, L. Farrell, N. Byfield",SGS College EABL,"I. Toure, L. Matthews, M. Perez Tosca, M. Pospori, S. Nelson",1,14,0.2,0.5,0,0,0,0,0,0,0,0,0,0,0,0,0,0,0,0,0,0,0,0,0,0,0,0,0,0,0,0,0,0,0,0,0,0,1,0,0.1,1.0,0,0,0,0,0,0,0,0,0,0,0,0,0,0,0,0,0,0,0,0,0,0,0,0,0,0,0,0,0,0,0,0,0,0,0,0,0,0,0
Oaklands Wolves EABL,"D. Gladstone, D. Kostadinov, E. Da Cruz Fatuda, G. Mitchell, L. Mcintosh",Copleston High School EABL,"C. Fobister, E. Tamakloe, L. Read, M. Liddamore, N. Wilkinson",1,6,0.1,0.5,0,0,0,0,0,0,0,0,0,0,0,0,0,0,0,0,0,0,0,0,0,0,0,0,0,0,0,0,0,0,0,0,0,0,1,0,0.1,1.0,0,0,0,0,0,0,0,0,0,0,0,0,0,0,0,0,0,0,0,0,0,0,0,0,0,0,0,0,0,0,0,0,0,0,0,0,0,0,0
Copleston High School EABL,"E. Tamakloe, I. Carty-Peters, M. Liddamore, N. Wilkinson, T. Rafiu",Itchen College EABL,"B. Cope, E. Lotriet, E. Round, J. Ofman, R. Radu",1,10,0.2,0.5,0,0,0,0,0,0,0,0,0,0,0,0,0,0,0,0,0,0,0,0,1,0,0,1,0,0,0,0,0,0,0,0,0,0,0,0,0.1,1.0,0,0,0,0,0,0,0,0,0,0,0,0,0,0,0,0,0,0,0,0,0,0,0,0,0,0,0,0,0,0,0,0,0,0,0,0,0,0,0
Copleston High School EABL,"E. Tamakloe, I. Little, M. Liddamore, N. Wilkinson, T. Rafiu",Itchen College EABL,"B. Cope, E. Lotriet, J. Osei-Owusu, M. Yeates, R. Radu",1,15,0.2,0.5,0,0,0,0,0,0,0,0,0,0,0,0,0,0,0,0,1,0,0,0,0,0,0,0,0,0,0,0,0,0,0,0,0,0,0,0,1.0,0.1,0,0,0,0,0,0,0,0,0,0,0,0,0,0,0,0,0,0,0,0,0,0,0,0,0,0,0,0,0,0,0,0,0,0,0,0,0,0,0
Charnwood College Riders EABL,"A. Pilkington, L. Boothe, L. Stevenson, O. Hambira, T. Pearson",Derby College Trailblazers EABL,"C. Burr, D. Kilmas, G. Pastor, J. Howlett, J. Lemanski",1,30,0.5,0.5,0,0,0,0,0,0,0,0,0,0,0,1,1,0,0,0,0,0,0,0,1,0,0,1,0,0,0,0,0,0,0,0,0,0,0,0,0.1,1.0,0,0,0,0,0,0,0,0,0,0,0,0,0,0,0,0,0,0,0,0,0,0,0,0,0,0,0,0,0,0,0,0,0,0,0,0,0,0,0
Charnwood College Riders EABL,"D. Hanousek, L. Boothe, L. Stevenson, O. Hambira, R. Buckingham",Derby College Trailblazers EABL,"C. Burr, E. Rice, F. Tuck, L. Ngomti, R. Hobday",1,17,0.3,0.5,0,0,0,0,0,0,0,0,0,0,0,0,0,0,1,0,0,0,0,0,0,0,0,0,0,0,0,0,0,0,0,0,0,0,1,0,0.1,1.0,0,0,0,0,0,0,0,0,0,0,0,0,0,0,0,0,0,0,0,0,0,0,0,0,0,0,0,0,0,0,0,0,0,0,0,0,0,0,0
Charnwood College Riders EABL,"D. Hanousek, L. Boothe, L. Stevenson, O. Hambira, P. Kattah",Derby College Trailblazers EABL,"D. Kilmas, E. Rice, G. Pastor, J. Howlett, L. Ngomti",1,16,0.3,0.5,0,0,0,0,0,0,0,0,0,0,0,0,0,0,0,0,0,0,0,0,0,0,0,0,0,0,0,0,0,0,0,0,0,0,1,0,0.1,1.0,0,0,0,0,0,0,0,0,0,0,0,0,0,0,0,0,0,0,0,0,0,0,0,0,0,0,0,0,0,0,0,0,0,0,0,0,0,0,0
Charnwood College Riders EABL,"D. Hanousek, L. Boothe, L. Stevenson, O. Hambira, P. Kattah",Derby College Trailblazers EABL,"E. Rice, G. Pastor, J. Howlett, K. Zidonis, L. Ngomti",1,22,0.4,0.5,0,0,0,0,0,0,0,0,0,0,0,0,0,0,0,0,1,1,0,0,0,0,0,0,0,0,0,0,0,0,0,0,0,0,0,0,1.0,0.1,0,0,0,0,0,0,0,0,0,0,0,0,0,0,0,0,0,0,0,0,0,0,0,0,0,0,0,0,0,0,0,0,0,0,0,0,0,0,0
Charnwood College Riders EABL,"L. Boothe, P. Kattah, R. Buckingham, T. Curran, T. Pearson",Derby College Trailblazers EABL,"C. Burr, E. Rice, G. Pastor, J. Howlett, W. Tallon",1,10,0.2,0.5,0,0,0,0,0,0,0,0,0,0,0,0,0,0,1,0,0,0,0,0,0,0,0,0,0,0,0,0,0,0,0,0,0,0,1,0,0.1,1.0,0,0,0,0,0,0,0,0,0,0,0,0,0,0,0,0,0,0,0,0,0,0,0,0,0,0,0,0,0,0,0,0,0,0,0,0,0,0,0
Charnwood College Riders EABL,"L. Boothe, P. Kattah, R. Buckingham, T. Curran, T. Pearson",Derby College Trailblazers EABL,"C. Burr, E. Rice, J. Howlett, R. Hobday, W. Tallon",1,15,0.2,0.5,0,0,0,0,0,0,0,0,0,0,0,1,1,0,0,0,0,0,0,0,1,0,0,0,0,0,0,0,0,0,0,0,0,0,0,3,0.1,1.0,0,0,0,0,0,0,0,0,0,0,0,0,0,0,0,0,0,0,0,0,0,0,0,0,0,0,0,0,0,0,0,0,0,0,0,0,0,0,0
Manchester Magic Academy EABL,"A. Sagay Isiorho, J. Walton, N. Brown, S. Sidi-Boumedine, T. Richardson",Myerscough College EABL,"A. Ibirinde, C. Sanchez Falette, F. Morgan, J. Bobkowski, O. Esingle",1,9,0.1,0.5,0,0,1,0,0,0,0,0,0,0,0,0,0,0,0,0,0,0,0,0,0,0,0,0,0,0,0,0,0,0,0,0,0,1,0,0,1.0,0.1,0,0,0,0,0,0,0,0,0,0,0,0,0,0,0,0,0,0,0,0,0,0,0,0,0,0,0,0,0,0,0,0,0,0,0,0,0,0,0
SGS College EABL,"A. Odowa, K. Rands, K. Richards, L. Matthews, M. Perez Tosca",BMET City of Birmingham Rockets EABL,"G. Angoy, J. Hyland, L. Duru, P. Basioudis, P. Walsh",1,1,0.0,0.5,0,0,0,0,0,0,0,0,0,0,0,0,0,0,0,0,0,0,0,0,1,0,0,1,0,0,0,0,0,0,0,0,0,0,0,0,0.1,1.0,0,0,0,0,0,0,0,0,0,0,0,0,0,0,0,0,0,0,0,0,0,0,0,0,0,0,0,0,0,0,0,0,0,0,0,0,0,0,0
SGS College EABL,"K. Ramirez Mora, K. Richards, M. Perez Tosca, S. Nelson, Z. Lawson",BMET City of Birmingham Rockets EABL,"J. Hyland, L. Duru, P. Basioudis, P. Walsh, S. Chikukwa",1,27,0.5,0.5,0,0,0,0,0,0,0,0,0,0,0,1,1,0,0,0,0,0,0,0,1,0,0,0,0,0,0,0,0,0,0,0,0,0,0,1,0.1,1.0,0,0,0,0,0,0,0,0,0,0,0,0,0,0,0,0,0,0,0,0,0,0,0,0,0,0,0,0,0,0,0,0,0,0,0,0,0,0,0
SGS College EABL,"K. Ramirez Mora, K. Richards, M. Alburo, M. Perez Tosca, S. Nelson",BMET City of Birmingham Rockets EABL,"G. Angoy, J. Hyland, L. Duru, P. Basioudis, S. Chikukwa",1,44,0.7,0.5,0,0,1,0,0,1,0,0,0,0,0,0,0,0,0,0,0,1,0,0,0,0,0,0,0,0,0,0,0,0,0,0,0,0,0,2,1.0,0.1,0,0,0,0,0,0,0,0,0,0,0,0,0,0,0,0,0,0,0,0,0,0,0,0,0,0,0,0,0,0,0,0,0,0,0,0,0,0,0
SGS College EABL,"I. Toure, L. Matthews, M. Alburo, M. Perez Tosca, S. Nelson",BMET City of Birmingham Rockets EABL,"G. Angoy, J. Hyland, L. Duru, P. Basioudis, S. Chikukwa",1,16,0.3,0.5,0,0,1,0,0,1,0,0,0,0,0,0,0,0,0,0,0,0,0,0,0,0,0,0,0,0,0,0,0,0,0,0,0,0,0,0,1.0,0.1,0,0,0,0,0,0,0,0,0,0,0,0,0,0,0,0,0,0,0,0,0,0,0,0,0,0,0,0,0,0,0,0,0,0,0,0,0,0,0
Oaklands Wolves EABL,"D. Gladstone, G. Mitchell, H. Morrell, L. Mcintosh, T. Mcintosh",HHS Reading Rockets EABL,"C. Okumus, E. Harrington, J. Waterhouse, M. Daines, M. Hassan-Taylor",1,13,0.2,0.5,0,0,0,0,0,0,0,0,0,0,0,0,0,0,0,0,0,0,0,0,1,0,0,0,0,0,0,0,0,0,0,0,0,0,0,1,0.1,1.0,0,0,0,0,0,0,0,0,0,0,0,0,0,0,0,0,0,0,0,0,0,0,0,0,0,0,0,0,0,0,0,0,0,0,0,0,0,0,0
BMET City of Birmingham Rockets EABL,"D. Pittaway, G. Angoy, J. Agbeze, J. Hyland, L. Duru",Myerscough College EABL,"C. Sanchez Falette, H. Sheehan, J. Bobkowski, S. Latidan, Z. Trezvant",1,25,0.4,0.5,0,0,0,0,0,0,0,0,0,0,0,1,1,0,0,0,0,0,0,0,1,0,0,1,0,0,0,0,0,0,0,0,0,0,0,1,0.1,1.0,0,0,0,0,0,0,0,0,0,0,0,0,0,0,0,0,0,0,0,0,0,0,0,0,0,0,0,0,0,0,0,0,0,0,0,0,0,0,0
BMET City of Birmingham Rockets EABL,"G. Angoy, J. Agbeze, J. Hyland, L. Duru, P. Walsh",Myerscough College EABL,"A. Cisse, A. Ibirinde, H. Sheehan, J. Bobkowski, S. Latidan",1,8,0.1,0.5,2,1,1,100,0,0,0,0,0,0,0,0,0,0,0,0,0,0,0,0,0,0,0,0,0,0,0,0,0,0,0,0,0,0,0,0,1.0,0.1,200,0,200,0,200,-200,2,0,0,0,0,0,0,0,0,0,0,0,0,0,0,0,0,0,0,0,0,0,0,0,0,0,0,0,0,0,0,0,0
BMET City of Birmingham Rockets EABL,"I. Gisbourne, J. Agbeze, J. Hyland, L. Duru, P. Basioudis",Myerscough College EABL,"A. Cisse, D. Okhuoya, H. Sheehan, J. Bobkowski, S. Latidan",1,11,0.2,0.5,0,0,0,0,0,0,0,0,0,0,0,0,0,0,0,0,0,0,3,1,1,100,1,1,100,0,0,0,0,0,0,1,0,0,0,0,0.1,1.0,0,300,-300,300,0,300,-3,0,0,0,0,0,0,0,0,0,0,0,0,0,0,0,0,0,0,0,0,0,0,0,0,0,0,0,0,0,0,0,0
BMET City of Birmingham Rockets EABL,"D. Pittaway, G. Angoy, J. Hyland, L. Duru, P. Walsh",Myerscough College EABL,"A. Cisse, A. Ibirinde, F. Morgan, L. Farrell, O. Esingle",1,19,0.3,0.5,0,0,0,0,0,0,0,0,0,0,0,0,0,0,1,0,0,0,0,0,0,0,0,0,0,0,0,0,0,0,0,0,0,0,1,1,0.1,1.0,0,0,0,0,0,0,0,0,0,0,0,0,0,0,0,0,0,0,0,0,0,0,0,0,0,0,0,0,0,0,0,0,0,0,0,0,0,0,0
Itchen College EABL,"E. Lotriet, G. Andrews, J. Ofman, M. Yeates, R. Radu",Oaklands Wolves EABL,"D. Gladstone, D. Kostadinov, E. Da Cruz Fatuda, E. Ryan, T. Mcintosh",1,36,0.6,0.5,2,1,1,100,0,0,0,0,0,0,0,0,0,1,0,0,0,0,0,0,0,0,0,0,0,0,0,0,0,0,0,0,0,0,0,0,1.0,0.1,200,0,200,0,200,-200,2,0,0,0,0,0,0,0,0,0,0,0,0,0,0,0,0,0,0,0,0,0,0,0,0,0,0,0,0,0,0,0,0
Derby College Trailblazers EABL,"C. Burr, E. Rice, G. Pastor, M. Smith-Fjordland, W. Tallon",Manchester Magic Academy EABL,"A. Sagay Isiorho, H. Blake, J. Walton, S. Sidi-Boumedine, T. Richardson",1,23,0.4,0.5,0,0,0,0,0,0,0,0,0,0,0,0,0,0,0,0,0,0,2,1,1,100,0,0,0,0,0,0,0,0,0,0,0,0,0,0,0.1,1.0,0,200,-200,200,0,200,-2,0,0,0,0,0,0,0,0,0,0,0,0,0,0,0,0,0,0,0,0,0,0,0,0,0,0,0,0,0,0,0,0
SGS College EABL,"A. Odowa, D. Lloyd, I. Toure, M. Alburo, M. Perez Tosca",Charnwood College Riders EABL,"J. Hardy, O. Hambira, P. Kattah, T. Curran, Z. Gleadell-Smith",1,18,0.3,0.5,0,0,0,0,0,0,0,0,0,0,0,0,0,0,0,0,1,0,0,0,0,0,0,0,0,0,0,0,0,0,0,0,0,0,0,0,1.0,0.1,0,0,0,0,0,0,0,0,0,0,0,0,0,0,0,0,0,0,0,0,0,0,0,0,0,0,0,0,0,0,0,0,0,0,0,0,0,0,0
SGS College EABL,"D. Lloyd, K. Richards, M. Alburo, S. Nelson, Z. Lawson",Charnwood College Riders EABL,"A. Young, J. Hardy, L. Stevenson, O. Hambira, S. Morris",1,23,0.4,0.5,0,0,0,0,0,0,0,0,0,0,0,0,0,0,0,0,1,0,0,0,0,0,0,0,0,0,0,0,0,0,0,0,1,0,0,0,1.0,0.1,0,0,0,0,0,0,0,0,0,0,0,0,0,0,0,0,0,0,0,0,0,0,0,0,0,0,0,0,0,0,0,0,0,0,0,0,0,0,0
SGS College EABL,"A. Odowa, I. Toure, L. Matthews, S. Nelson, Z. Lawson",Charnwood College Riders EABL,"A. Young, F. Saeed, H. Mcglone, J. Hardy, L. Stevenson",1,21,0.3,0.5,0,0,1,0,0,0,0,0,0,0,0,0,0,0,0,0,0,0,0,0,0,0,0,0,0,0,0,0,0,1,1,0,0,1,0,1,1.0,0.1,0,0,0,0,0,0,0,0,0,0,0,0,0,0,0,0,0,0,0,0,0,0,0,0,0,0,0,0,0,0,0,0,0,0,0,0,0,0,0
Barking Abbey EABL,"A. Nwabueze, F. Cole, H. Egbayelo, K. Mabaya, K. N'gabala",Copleston High School EABL,"C. Fobister, I. Little, M. Liddamore, N. Wilkinson, T. Rafiu",1,32,0.5,0.5,0,0,0,0,0,0,0,0,0,0,0,0,0,0,1,0,0,0,0,0,0,0,0,0,0,0,0,0,0,0,0,0,0,0,1,1,0.1,1.0,0,0,0,0,0,0,0,0,0,0,0,0,0,0,0,0,0,0,0,0,0,0,0,0,0,0,0,0,0,0,0,0,0,0,0,0,0,0,0
Barking Abbey EABL,"A. Nwabueze, F. Oguntuase, M. Matser, O. Visockas, R. Connolly",Copleston High School EABL,"C. Fobister, I. Little, M. Liddamore, N. Wilkinson, T. Rafiu",1,19,0.3,0.5,0,0,0,0,0,0,0,0,0,0,0,0,0,0,0,0,0,0,0,0,1,0,0,0,0,0,0,0,0,0,0,0,0,0,0,0,0.1,1.0,0,0,0,0,0,0,0,0,0,0,0,0,0,0,0,0,0,0,0,0,0,0,0,0,0,0,0,0,0,0,0,0,0,0,0,0,0,0,0
Barking Abbey EABL,"A. Nwabueze, F. Oguntuase, M. Matser, O. Visockas, R. Connolly",Copleston High School EABL,"G. Millar, I. Little, M. Liddamore, N. Wilkinson, T. Rafiu",1,35,0.6,0.5,3,1,1,100,1,1,100,0,0,0,0,0,0,1,0,0,0,0,0,0,0,0,0,0,0,0,0,0,0,0,0,0,0,0,0,0,1.0,0.1,300,0,300,0,300,-300,3,0,0,0,0,0,0,0,0,0,0,0,0,0,0,0,0,0,0,0,0,0,0,0,0,0,0,0,0,0,0,0,0
City of London Academy - Southwark EABL,"A. Nwokolo, B. Olowoshile, D. Banjoko, J. Hannick, R. Cryer",HHS Reading Rockets EABL,"E. Harrington, J. Mackinnon, J. Waterhouse, M. Daines, M. Hassan-Taylor",1,5,0.1,0.5,0,0,0,0,0,0,0,0,0,0,0,0,0,0,0,0,0,0,0,0,0,0,0,0,0,0,0,0,0,0,0,0,0,0,1,0,0.1,1.0,0,0,0,0,0,0,0,0,0,0,0,0,0,0,0,0,0,0,0,0,0,0,0,0,0,0,0,0,0,0,0,0,0,0,0,0,0,0,0
City of London Academy - Southwark EABL,"A. Nwokolo, B. Olowoshile, D. Banjoko, D. Patel, R. Cryer",HHS Reading Rockets EABL,"J. Waterhouse, L. Bakary, L. Franicis, M. Daines, M. Hassan-Taylor",1,7,0.1,0.5,2,1,1,100,0,0,0,0,0,0,0,0,0,1,0,0,0,1,0,0,0,0,0,0,0,0,0,0,0,0,0,0,0,0,0,0,1.0,0.1,200,0,200,0,200,-200,2,0,0,0,0,0,0,0,0,0,0,0,0,0,0,0,0,0,0,0,0,0,0,0,0,0,0,0,0,0,0,0,0
City of London Academy - Southwark EABL,"A. Nwokolo, D. Banjoko, D. Banjoko, D. Patel, T. Gass",HHS Reading Rockets EABL,"A. Moloney, E. Harrington, J. Waterhouse, L. Bakary, M. Daines",1,32,0.5,0.5,0,0,0,0,0,0,0,0,0,0,0,1,1,0,0,0,0,0,0,0,1,0,0,0,0,0,0,0,0,0,0,0,0,0,0,1,0.1,1.0,0,0,0,0,0,0,0,0,0,0,0,0,0,0,0,0,0,0,0,0,0,0,0,0,0,0,0,0,0,0,0,0,0,0,0,0,0,0,0
Barking Abbey EABL,"J. Mendes, K. Mabaya, K. N'gabala, M. Filho, R. Connolly",Itchen College EABL,"B. Cope, D. Cimochowski, E. Round, G. Andrews, J. Ofman",1,42,0.7,0.5,0,0,3,0,0,2,0,0,0,0,3,0,3,0,0,0,0,0,0,0,0,0,0,0,0,0,0,0,0,0,0,0,0,0,1,1,0.1,1.0,0,0,0,0,0,0,0,0,0,0,0,0,0,0,0,0,0,0,0,0,0,0,0,0,0,0,0,0,0,0,0,0,0,0,0,0,0,0,0
Barking Abbey EABL,"A. Maitland, J. Mendes, M. Filho, O. Visockas, R. Connolly",Itchen College EABL,"B. Cope, D. Cimochowski, E. Lotriet, E. Round, J. Osei-Owusu",1,34,0.6,0.5,0,0,0,0,0,0,0,0,0,0,0,0,0,0,0,0,0,0,3,1,1,100,1,1,100,0,0,0,0,0,0,1,0,0,0,0,0.1,1.0,0,300,-300,300,0,300,-3,0,0,0,0,0,0,0,0,0,0,0,0,0,0,0,0,0,0,0,0,0,0,0,0,0,0,0,0,0,0,0,0
Barking Abbey EABL,"A. Nwabueze, J. Mendes, K. Mabaya, M. Filho, O. Visockas",Itchen College EABL,"B. Cope, D. Cimochowski, E. Lotriet, E. Round, M. Edwards",1,38,0.6,0.5,0,0,0,0,0,0,0,0,0,0,0,1,1,0,0,0,0,0,0,0,1,0,0,0,0,0,0,0,0,0,0,0,0,0,0,1,0.1,1.0,0,0,0,0,0,0,0,0,0,0,0,0,0,0,0,0,0,0,0,0,0,0,0,0,0,0,0,0,0,0,0,0,0,0,0,0,0,0,0
Barking Abbey EABL,"A. Maitland, A. Nwabueze, J. Mendes, K. Mabaya, R. Connolly",Itchen College EABL,"B. Cope, D. Cimochowski, E. Round, M. Edwards, R. Radu",1,29,0.5,0.5,0,0,0,0,0,0,0,0,0,0,0,0,0,0,0,0,0,0,3,1,1,100,1,1,100,0,0,0,0,0,0,0,0,0,0,1,0.1,1.0,0,300,-300,300,0,300,-3,0,0,0,0,0,0,0,0,0,0,0,0,0,0,0,0,0,0,0,0,0,0,0,0,0,0,0,0,0,0,0,0
City of London Academy - Southwark EABL,"A. Nwokolo, D. Banjoko, J. Hannick, R. Cryer, T. Gass",Copleston High School EABL,"C. Fobister, I. Little, M. Liddamore, N. Wilkinson, T. Rafiu",1,5,0.1,0.5,0,0,0,0,0,0,0,0,0,0,0,0,0,0,1,0,0,0,0,0,0,0,0,0,0,0,0,0,0,0,0,0,0,0,1,1,0.1,1.0,0,0,0,0,0,0,0,0,0,0,0,0,0,0,0,0,0,0,0,0,0,0,0,0,0,0,0,0,0,0,0,0,0,0,0,0,0,0,0
City of London Academy - Southwark EABL,"L. Thompson, N. Senessie, R. Cryer, R. Testfay, T. Gass",Copleston High School EABL,"C. Fobister, G. Millar, I. Little, M. Liddamore, N. Wilkinson",1,23,0.4,0.5,0,0,1,0,0,0,0,0,0,0,0,0,0,0,0,0,0,0,0,0,0,0,0,0,0,0,0,0,0,1,1,0,0,1,0,0,1.0,0.1,0,0,0,0,0,0,0,0,0,0,0,0,0,0,0,0,0,0,0,0,0,0,0,0,0,0,0,0,0,0,0,0,0,0,0,0,0,0,0
HHS Reading Rockets EABL,"J. Waterhouse, L. Bakary, L. Francis, M. Daines, M. Hassan-Taylor",Oaklands Wolves EABL,"D. Kostadinov, G. Mitchell, H. Morrell, L. Mcintosh, T. Mcintosh",1,25,0.4,0.5,0,0,0,0,0,0,0,0,0,0,0,0,0,0,0,0,1,0,0,0,0,0,0,0,0,0,0,0,0,0,0,0,0,0,0,0,1.0,0.1,0,0,0,0,0,0,0,0,0,0,0,0,0,0,0,0,0,0,0,0,0,0,0,0,0,0,0,0,0,0,0,0,0,0,0,0,0,0,0
HHS Reading Rockets EABL,"A. King, A. Moloney, C. Okumus, J. Mackinnon, L. Francis",Oaklands Wolves EABL,"D. Gladstone, D. Kostadinov, E. Da Cruz Fatuda, G. Mitchell, L. Mcintosh",1,7,0.1,0.5,0,0,0,0,0,0,0,0,0,0,0,0,0,0,0,0,0,0,0,0,1,0,0,1,0,0,0,0,0,0,0,0,0,0,0,0,0.1,1.0,0,0,0,0,0,0,0,0,0,0,0,0,0,0,0,0,0,0,0,0,0,0,0,0,0,0,0,0,0,0,0,0,0,0,0,0,0,0,0
Barking Abbey EABL,"A. Nwabueze, H. Parkin, J. Mendes, M. Filho, O. Visockas",City of London Academy - Southwark EABL,"A. Nwokolo, B. Olowoshile, J. Hannick, S. Shirwac, T. Gass",1,52,0.9,0.5,2,1,1,100,0,0,0,0,0,0,0,0,0,1,0,0,0,0,0,0,0,0,0,0,0,0,0,0,0,0,0,0,0,0,0,0,1.0,0.1,200,0,200,0,200,-200,2,0,0,0,0,0,0,0,0,0,0,0,0,0,0,0,0,0,0,0,0,0,0,0,0,0,0,0,0,0,0,0,0
Itchen College EABL,"B. Cope, D. Cimochowski, E. Round, G. Andrews, J. Osei-Owusu",Barking Abbey EABL,"A. Nwabueze, J. Mendes, K. Mabaya, M. Filho, O. Visockas",1,18,0.3,0.5,2,1,1,100,0,0,0,0,0,0,0,0,0,1,0,0,0,1,0,0,0,0,0,0,0,0,0,0,0,0,0,0,0,0,0,0,1.0,0.1,200,0,200,0,200,-200,2,0,0,0,0,0,0,0,0,0,0,0,0,0,0,0,0,0,0,0,0,0,0,0,0,0,0,0,0,0,0,0,0
Itchen College EABL,"B. Cope, E. Round, G. Andrews, J. Osei-Owusu, M. Yeates",Barking Abbey EABL,"A. Nwabueze, J. Mendes, M. Filho, O. Visockas, R. Connolly",1,13,0.2,0.5,0,0,0,0,0,0,0,0,0,0,0,0,0,0,0,0,0,0,0,0,0,0,0,0,0,0,0,0,0,0,0,0,0,0,1,0,0.1,1.0,0,0,0,0,0,0,0,0,0,0,0,0,0,0,0,0,0,0,0,0,0,0,0,0,0,0,0,0,0,0,0,0,0,0,0,0,0,0,0
Itchen College EABL,"B. Cope, E. Round, J. Ofman, J. Osei-Owusu, M. Yeates",Barking Abbey EABL,"A. Maitland, A. Nwabueze, J. Mendes, R. Connolly, S. Dobson Smith",1,34,0.6,0.5,0,0,0,0,0,0,0,0,0,0,0,0,0,0,0,0,0,0,2,1,1,100,0,0,0,0,0,0,0,0,0,1,0,0,0,1,0.1,1.0,0,200,-200,200,0,200,-2,0,0,0,0,0,0,0,0,0,0,0,0,0,0,0,0,0,0,0,0,0,0,0,0,0,0,0,0,0,0,0,0
Itchen College EABL,"B. Cope, D. Cimochowski, E. Round, J. Ofman, R. Radu",Barking Abbey EABL,"J. Mendes, K. Mabaya, M. Filho, O. Visockas, R. Connolly",1,23,0.4,0.5,0,0,0,0,0,0,0,0,0,0,0,1,1,0,0,0,0,0,0,0,1,0,0,1,0,0,0,0,0,0,0,0,0,0,0,1,0.1,1.0,0,0,0,0,0,0,0,0,0,0,0,0,0,0,0,0,0,0,0,0,0,0,0,0,0,0,0,0,0,0,0,0,0,0,0,0,0,0,0
Derby College Trailblazers EABL,"C. Burr, E. Norman, E. Rice, G. Pastor, W. Tallon",SGS College EABL,"D. Lloyd, I. Toure, K. Ramirez Mora, M. Perez Tosca, R. Cabrera",1,18,0.3,0.5,0,0,0,0,0,0,0,0,0,0,0,0,0,0,0,0,0,0,2,1,1,100,0,0,0,0,0,0,0,0,0,1,0,0,0,0,0.1,1.0,0,200,-200,200,0,200,-2,0,0,0,0,0,0,0,0,0,0,0,0,0,0,0,0,0,0,0,0,0,0,0,0,0,0,0,0,0,0,0,0
Derby College Trailblazers EABL,"C. Burr, E. Norman, E. Rice, K. Otaye, W. Tallon",SGS College EABL,"D. Lloyd, I. Toure, K. Ramirez Mora, M. Alburo, M. Perez Tosca",1,13,0.2,0.5,0,0,1,0,0,0,0,0,0,0,0,0,0,0,0,0,0,0,0,0,0,0,0,0,0,0,0,0,0,1,1,0,0,0,0,0,1.0,0.1,0,0,0,0,0,0,0,0,0,0,0,0,0,0,0,0,0,0,0,0,0,0,0,0,0,0,0,0,0,0,0,0,0,0,0,0,0,0,0
Manchester Magic Academy EABL,"D. Allotey, J. Walton, T. Kamal Kazmi, T. Richardson, T. Weekes",BMET City of Birmingham Rockets EABL,"G. Angoy, J. Hyland, L. Duru, P. Basioudis, P. Walsh",1,25,0.4,0.5,0,0,0,0,0,0,0,0,0,0,0,0,0,0,0,0,1,1,0,0,0,0,0,0,0,0,0,0,0,0,0,0,1,0,0,0,1.0,0.1,0,0,0,0,0,0,0,0,0,0,0,0,0,0,0,0,0,0,0,0,0,0,0,0,0,0,0,0,0,0,0,0,0,0,0,0,0,0,0
Myerscough College EABL,"A. Ibirinde, H. Sheehan, L. Farrell, O. Esingle, S. Latidan",Charnwood College Riders EABL,"L. Boothe, O. Hambira, P. Kattah, R. Buckingham, S. Morris",1,7,0.1,0.5,0,0,0,0,0,0,0,0,0,0,0,0,0,0,0,0,1,0,0,0,0,0,0,0,0,0,0,0,0,0,0,0,0,0,0,0,1.0,0.1,0,0,0,0,0,0,0,0,0,0,0,0,0,0,0,0,0,0,0,0,0,0,0,0,0,0,0,0,0,0,0,0,0,0,0,0,0,0,0
Oaklands Wolves EABL,"D. Gladstone, E. Da Cruz Fatuda, G. Mitchell, L. Mcintosh, T. Mcintosh",City of London Academy - Southwark EABL,"D. Banjoko, J. Hannick, R. Cryer, S. Shirwac, T. Gass",1,26,0.4,0.5,0,0,1,0,0,1,0,0,0,0,0,0,0,0,0,0,0,0,0,0,0,0,0,0,0,0,0,0,0,0,0,0,0,0,0,1,1.0,0.1,0,0,0,0,0,0,0,0,0,0,0,0,0,0,0,0,0,0,0,0,0,0,0,0,0,0,0,0,0,0,0,0,0,0,0,0,0,0,0
Oaklands Wolves EABL,"D. Gladstone, E. Da Cruz Fatuda, G. Mitchell, L. Mcintosh, T. Mcintosh",City of London Academy - Southwark EABL,"D. Banjoko, D. Patel, J. Hannick, S. Shirwac, T. Gass",1,19,0.3,0.5,0,0,0,0,0,0,0,0,0,0,0,0,0,0,0,0,0,0,0,0,1,0,0,1,0,0,0,0,0,0,0,0,0,0,0,1,0.1,1.0,0,0,0,0,0,0,0,0,0,0,0,0,0,0,0,0,0,0,0,0,0,0,0,0,0,0,0,0,0,0,0,0,0,0,0,0,0,0,0
Oaklands Wolves EABL,"D. Gladstone, D. Kostadinov, E. Da Cruz Fatuda, G. Mitchell, L. Mcintosh",City of London Academy - Southwark EABL,"A. Nwokolo, D. Banjoko, D. Patel, J. Hannick, T. Gass",1,9,0.1,0.5,3,1,1,100,1,1,100,0,0,0,0,0,0,1,0,0,0,0,0,0,0,0,0,0,0,0,0,0,0,0,0,0,0,0,0,0,1.0,0.1,300,0,300,0,300,-300,3,0,0,0,0,0,0,0,0,0,0,0,0,0,0,0,0,0,0,0,0,0,0,0,0,0,0,0,0,0,0,0,0
Oaklands Wolves EABL,"D. Gladstone, E. Da Cruz Fatuda, G. Mitchell, L. Mcintosh, T. Mcintosh",City of London Academy - Southwark EABL,"B. Olowoshile, D. Banjoko, D. Banjoko, J. Hannick, T. Gass",1,5,0.1,0.5,0,0,0,0,0,0,0,0,0,0,0,0,0,0,0,0,1,0,0,0,0,0,0,0,0,0,0,0,0,0,0,0,0,0,0,0,1.0,0.1,0,0,0,0,0,0,0,0,0,0,0,0,0,0,0,0,0,0,0,0,0,0,0,0,0,0,0,0,0,0,0,0,0,0,0,0,0,0,0
Copleston High School EABL,"C. Fobister, I. Little, M. Liddamore, N. Wilkinson, T. Rafiu",City of London Academy - Southwark EABL,"A. Nwokolo, D. Banjoko, L. Thompson, R. Cryer, R. Testfay",1,48,0.8,0.5,0,0,0,0,0,0,0,0,0,0,0,0,0,0,0,0,0,0,0,0,0,0,0,0,0,0,0,0,0,0,0,0,0,0,1,0,0.1,1.0,0,0,0,0,0,0,0,0,0,0,0,0,0,0,0,0,0,0,0,0,0,0,0,0,0,0,0,0,0,0,0,0,0,0,0,0,0,0,0
SGS College EABL,"D. Lloyd, I. Toure, K. Ramirez Mora, M. Perez Tosca, R. Cabrera",Manchester Magic Academy EABL,"J. Walton, O. Babalola, T. Kamal Kazmi, T. Richardson, T. Weekes",1,45,0.8,0.5,0,0,1,0,0,1,0,0,0,0,0,0,0,0,0,0,0,1,0,0,0,0,0,0,0,0,0,0,0,1,1,0,0,0,0,1,1.0,0.1,0,0,0,0,0,0,0,0,0,0,0,0,0,0,0,0,0,0,0,0,0,0,0,0,0,0,0,0,0,0,0,0,0,0,0,0,0,0,0
Charnwood College Riders EABL,"A. Oyerinde, P. Kattah, T. Curran, T. Pearson, Z. Gleadell-Smith",BMET City of Birmingham Rockets EABL,"A. Camara, J. Agbeze, L. Duru, P. Walsh, S. Chikukwa",1,24,0.4,0.5,0,0,2,0,0,2,0,0,0,0,2,1,3,0,0,0,0,0,0,0,1,0,0,1,0,0,0,0,0,0,0,0,0,0,0,0,0.1,1.0,0,0,0,0,0,0,0,0,0,0,0,0,0,0,0,0,0,0,0,0,0,0,0,0,0,0,0,0,0,0,0,0,0,0,0,0,0,0,0
Charnwood College Riders EABL,"A. Oyerinde, F. Saeed, J. Hardy, P. Kattah, R. Buckingham",BMET City of Birmingham Rockets EABL,"A. Camara, J. Hyland, P. Basioudis, P. Walsh, S. Chikukwa",1,7,0.1,0.5,0,0,1,0,0,1,0,0,0,0,0,0,0,0,0,0,0,1,0,0,0,0,0,0,0,0,0,0,0,1,1,0,0,0,0,0,1.0,0.1,0,0,0,0,0,0,0,0,0,0,0,0,0,0,0,0,0,0,0,0,0,0,0,0,0,0,0,0,0,0,0,0,0,0,0,0,0,0,0
Charnwood College Riders EABL,"F. Saeed, P. Kattah, R. Buckingham, T. Curran, Z. Gleadell-Smith",BMET City of Birmingham Rockets EABL,"G. Angoy, J. Agbeze, J. Hyland, L. Duru, P. Basioudis",1,5,0.1,0.5,0,0,0,0,0,0,0,0,0,0,0,0,0,0,1,0,0,0,0,0,0,0,0,0,0,0,0,0,0,0,0,0,0,0,1,0,0.1,1.0,0,0,0,0,0,0,0,0,0,0,0,0,0,0,0,0,0,0,0,0,0,0,0,0,0,0,0,0,0,0,0,0,0,0,0,0,0,0,0
Barking Abbey EABL,"A. Nwabueze, K. Mabaya, M. Filho, R. Connolly, S. Dobson Smith",Oaklands Wolves EABL,"B. Thompson, E. Da Cruz Fatuda, H. Morrell, L. Mcintosh, T. Mcintosh",1,12,0.2,0.5,0,0,0,0,0,0,0,0,0,0,0,0,0,0,0,0,1,0,0,0,0,0,0,0,0,0,0,0,0,0,0,0,0,0,0,0,1.0,0.1,0,0,0,0,0,0,0,0,0,0,0,0,0,0,0,0,0,0,0,0,0,0,0,0,0,0,0,0,0,0,0,0,0,0,0,0,0,0,0
Barking Abbey EABL,"A. Maitland, A. Nwabueze, J. Mendes, K. Mabaya, O. Visockas",Oaklands Wolves EABL,"B. Thompson, D. Kostadinov, E. Da Cruz Fatuda, H. Morrell, L. Mcintosh",1,18,0.3,0.5,0,0,0,0,0,0,0,0,0,0,0,0,0,0,0,1,0,0,0,0,1,0,0,1,0,0,0,0,0,0,0,0,0,0,0,0,0.1,1.0,0,0,0,0,0,0,0,0,0,0,0,0,0,0,0,0,0,0,0,0,0,0,0,0,0,0,0,0,0,0,0,0,0,0,0,0,0,0,0
Barking Abbey EABL,"A. Maitland, J. Mendes, K. Mabaya, M. Filho, R. Connolly",Oaklands Wolves EABL,"D. Gladstone, D. Kostadinov, E. Da Cruz Fatuda, H. Morrell, L. Mcintosh",1,5,0.1,0.5,0,0,0,0,0,0,0,0,0,0,0,0,0,0,0,0,1,0,0,0,0,0,0,0,0,0,0,0,0,0,0,0,0,0,0,0,1.0,0.1,0,0,0,0,0,0,0,0,0,0,0,0,0,0,0,0,0,0,0,0,0,0,0,0,0,0,0,0,0,0,0,0,0,0,0,0,0,0,0
Barking Abbey EABL,"A. Maitland, F. Cole, H. Egbayelo, M. Filho, R. Connolly",Oaklands Wolves EABL,"D. Gladstone, D. Kostadinov, E. Da Cruz Fatuda, L. Mcintosh, T. Mcintosh",1,26,0.4,0.5,0,0,0,0,0,0,0,0,0,0,0,0,0,0,0,0,1,0,0,0,1,0,0,0,0,0,0,0,1,0,1,0,0,0,0,0,1.0,0.1,0,0,0,0,0,0,0,0,0,0,0,0,0,0,0,0,0,0,0,0,0,0,0,0,0,0,0,0,0,0,0,0,0,0,0,0,0,0,0
HHS Reading Rockets EABL,"C. Okumus, E. Harrington, J. Mackinnon, M. Daines, M. Hassan-Taylor",Itchen College EABL,"B. Cope, D. Cimochowski, J. Osei-Owusu, R. Radu, T. Blower",1,37,0.6,0.5,0,0,1,0,0,0,0,0,0,0,0,0,0,0,0,0,0,0,0,0,0,0,0,0,0,0,0,0,0,1,1,0,0,0,0,0,1.0,0.1,0,0,0,0,0,0,0,0,0,0,0,0,0,0,0,0,0,0,0,0,0,0,0,0,0,0,0,0,0,0,0,0,0,0,0,0,0,0,0
HHS Reading Rockets EABL,"A. Moloney, C. Okumus, J. Waterhouse, M. Daines, M. Hassan-Taylor",Itchen College EABL,"E. Lotriet, E. Round, J. Osei-Owusu, M. Yeates, R. Radu",1,17,0.3,0.5,0,0,0,0,0,0,0,0,0,0,0,0,0,0,0,0,0,1,2,1,1,100,0,0,0,0,0,0,0,0,0,0,0,0,0,0,0.1,1.0,0,200,-200,200,0,200,-2,0,0,0,0,0,0,0,0,0,0,0,0,0,0,0,0,0,0,0,0,0,0,0,0,0,0,0,0,0,0,0,0
HHS Reading Rockets EABL,"E. Harrington, J. Mackinnon, L. Francis, M. Daines, M. Hassan-Taylor",Itchen College EABL,"B. Cope, E. Lotriet, E. Round, J. Osei-Owusu, M. Yeates",1,15,0.2,0.5,0,0,0,0,0,0,0,0,0,0,0,0,0,0,0,0,1,0,0,0,0,0,0,0,0,0,0,0,0,0,0,0,0,0,0,0,1.0,0.1,0,0,0,0,0,0,0,0,0,0,0,0,0,0,0,0,0,0,0,0,0,0,0,0,0,0,0,0,0,0,0,0,0,0,0,0,0,0,0
HHS Reading Rockets EABL,"A. Moloney, C. Okumus, J. Mackinnon, J. Waterhouse, M. Daines",Itchen College EABL,"B. Cope, E. Round, M. Edwards, M. Yeates, T. Blower",1,7,0.1,0.5,0,0,0,0,0,0,0,0,0,0,0,0,0,0,0,0,0,1,2,1,1,100,0,0,0,0,0,0,0,0,0,0,0,0,0,0,0.1,1.0,0,200,-200,200,0,200,-2,0,0,0,0,0,0,0,0,0,0,0,0,0,0,0,0,0,0,0,0,0,0,0,0,0,0,0,0,0,0,0,0
HHS Reading Rockets EABL,"C. Okumus, E. Harrington, J. Waterhouse, L. Francis, M. Hassan-Taylor",Copleston High School EABL,"C. Fobister, E. Tamakloe, I. Little, M. Liddamore, T. Rafiu",1,37,0.6,0.5,0,0,2,0,0,1,0,0,0,0,2,1,3,0,0,0,0,0,0,0,1,0,0,0,0,0,0,0,0,0,0,0,0,0,0,1,0.1,1.0,0,0,0,0,0,0,0,0,0,0,0,0,0,0,0,0,0,0,0,0,0,0,0,0,0,0,0,0,0,0,0,0,0,0,0,0,0,0,0
Myerscough College EABL,"A. Ibirinde, C. Sanchez Falette, H. Sheehan, O. Esingle, S. Latidan",Barking Abbey EABL,"A. Maitland, F. Oguntuase, J. Mendes, O. Visockas, R. Connolly",1,30,0.5,0.5,0,0,0,0,0,0,0,0,0,0,0,0,0,0,0,0,0,1,2,1,1,100,0,0,0,0,0,0,0,0,0,1,0,0,0,1,0.1,1.0,0,200,-200,200,0,200,-2,0,0,0,0,0,0,0,0,0,0,0,0,0,0,0,0,0,0,0,0,0,0,0,0,0,0,0,0,0,0,0,0
Myerscough College EABL,"A. Ibirinde, C. Sanchez Falette, H. Sheehan, O. Esingle, S. Latidan",Barking Abbey EABL,"A. Maitland, A. Nwabueze, F. Oguntuase, J. Mendes, O. Visockas",1,42,0.7,0.5,2,1,1,100,0,0,0,0,0,0,0,0,0,1,0,0,0,0,0,0,1,0,0,1,0,0,0,0,1,0,1,0,0,0,0,0,1.0,0.1,200,0,200,0,200,-200,2,0,0,0,0,0,0,0,0,0,0,0,0,0,0,0,0,0,0,0,0,0,0,0,0,0,0,0,0,0,0,0,0
Myerscough College EABL,"C. Sanchez Falette, H. Sheehan, O. Esingle, S. Latidan, Z. Trezvant",Barking Abbey EABL,"A. Maitland, A. Nwabueze, J. Mendes, K. Mabaya, S. Dobson Smith",1,6,0.1,0.5,0,0,1,0,0,1,0,0,0,0,0,0,0,0,0,0,0,0,0,0,0,0,0,0,0,0,0,0,0,0,0,0,0,0,0,0,1.0,0.1,0,0,0,0,0,0,0,0,0,0,0,0,0,0,0,0,0,0,0,0,0,0,0,0,0,0,0,0,0,0,0,0,0,0,0,0,0,0,0
Myerscough College EABL,"A. Ibirinde, C. Sanchez Falette, J. Bobkowski, O. Esingle, S. Latidan",Barking Abbey EABL,"A. Nwabueze, J. Mendes, O. Visockas, R. Connolly, S. Dobson Smith",1,14,0.2,0.5,0,0,0,0,0,0,0,0,0,0,0,0,0,0,0,0,0,0,0,0,0,0,0,0,0,0,0,0,0,0,0,0,0,0,1,0,0.1,1.0,0,0,0,0,0,0,0,0,0,0,0,0,0,0,0,0,0,0,0,0,0,0,0,0,0,0,0,0,0,0,0,0,0,0,0,0,0,0,0
Myerscough College EABL,"A. Ibirinde, F. Morgan, J. Bobkowski, O. Esingle, S. Latidan",Barking Abbey EABL,"A. Maitland, F. Cole, J. Mendes, K. Mabaya, O. Visockas",1,16,0.3,0.5,0,0,1,0,0,1,0,0,0,0,0,0,0,0,0,0,0,1,0,0,0,0,0,0,0,0,0,0,0,0,0,0,0,0,0,0,1.0,0.1,0,0,0,0,0,0,0,0,0,0,0,0,0,0,0,0,0,0,0,0,0,0,0,0,0,0,0,0,0,0,0,0,0,0,0,0,0,0,0
SGS College EABL,"A. Odowa, J. Grajcar, K. Ramirez Mora, M. Alburo, Z. Lawson",Copleston High School EABL,"C. Fobister, G. Millar, I. Carty-Peters, M. Liddamore, N. Wilkinson",1,20,0.3,0.5,0,0,0,0,0,0,0,0,0,0,0,0,0,0,0,0,0,0,0,0,0,0,0,0,0,0,0,0,0,0,0,0,0,0,1,1,0.1,1.0,0,0,0,0,0,0,0,0,0,0,0,0,0,0,0,0,0,0,0,0,0,0,0,0,0,0,0,0,0,0,0,0,0,0,0,0,0,0,0
SGS College EABL,"D. Lloyd, I. Toure, K. Ramirez Mora, R. Roach, T. Wallace-Gayle",Copleston High School EABL,"C. Fobister, I. Carty-Peters, I. Little, M. Liddamore, T. Rafiu",1,11,0.2,0.5,0,0,0,0,0,0,0,0,0,0,0,0,0,0,0,0,1,0,0,0,0,0,0,0,0,0,0,0,0,0,0,0,0,0,0,0,1.0,0.1,0,0,0,0,0,0,0,0,0,0,0,0,0,0,0,0,0,0,0,0,0,0,0,0,0,0,0,0,0,0,0,0,0,0,0,0,0,0,0
SGS College EABL,"D. Lloyd, I. Toure, K. Ramirez Mora, R. Roach, T. Wallace-Gayle",Copleston High School EABL,"A. Hickey, C. Fobister, I. Little, M. Liddamore, T. Rafiu",1,9,0.1,0.5,0,0,0,0,0,0,0,0,0,0,0,1,1,0,0,0,0,0,0,0,1,0,0,0,0,0,0,0,0,0,0,0,0,0,0,1,0.1,1.0,0,0,0,0,0,0,0,0,0,0,0,0,0,0,0,0,0,0,0,0,0,0,0,0,0,0,0,0,0,0,0,0,0,0,0,0,0,0,0
HHS Reading Rockets EABL,"C. Okumus, E. Harrington, L. Bakary, L. Francis, M. Daines",BMET City of Birmingham Rockets EABL,"G. Angoy, J. Agbeze, J. Hyland, L. Duru, P. Basioudis",1,15,0.2,0.5,0,0,1,0,0,0,0,0,0,0,0,0,0,0,0,0,0,0,0,0,0,0,0,0,0,0,0,0,0,1,1,0,0,0,0,1,1.0,0.1,0,0,0,0,0,0,0,0,0,0,0,0,0,0,0,0,0,0,0,0,0,0,0,0,0,0,0,0,0,0,0,0,0,0,0,0,0,0,0
HHS Reading Rockets EABL,"C. Okumus, E. Harrington, L. Bakary, L. Francis, M. Daines",BMET City of Birmingham Rockets EABL,"G. Angoy, J. Hyland, L. Duru, P. Basioudis, S. Chikukwa",1,34,0.6,0.5,0,0,0,0,0,0,0,0,0,0,0,1,1,0,0,0,0,0,0,0,1,0,0,1,0,0,0,0,0,0,0,0,0,0,0,0,0.1,1.0,0,0,0,0,0,0,0,0,0,0,0,0,0,0,0,0,0,0,0,0,0,0,0,0,0,0,0,0,0,0,0,0,0,0,0,0,0,0,0
HHS Reading Rockets EABL,"C. Okumus, J. Waterhouse, L. Bakary, L. Francis, M. Daines",BMET City of Birmingham Rockets EABL,"A. Camara, B. Rose, G. Angoy, J. Agbeze, S. Chikukwa",1,15,0.2,0.5,0,0,0,0,0,0,0,0,0,0,0,0,0,0,0,0,0,0,0,0,0,0,0,0,0,0,0,0,0,0,0,0,0,0,1,0,0.1,1.0,0,0,0,0,0,0,0,0,0,0,0,0,0,0,0,0,0,0,0,0,0,0,0,0,0,0,0,0,0,0,0,0,0,0,0,0,0,0,0
Itchen College EABL,"D. Cimochowski, E. Round, J. Ofman, R. Radu, T. Blower",Charnwood College Riders EABL,"D. Stephens, J. Hardy, O. Hambira, S. Morris, T. Pearson",1,49,0.8,0.5,2,1,1,100,0,0,0,0,0,0,0,0,0,1,0,0,0,0,0,0,0,0,0,0,0,0,0,0,0,0,0,0,0,0,0,0,1.0,0.1,200,0,200,0,200,-200,2,0,0,0,0,0,0,0,0,0,0,0,0,0,0,0,0,0,0,0,0,0,0,0,0,0,0,0,0,0,0,0,0
Itchen College EABL,"E. Round, J. Osei-Owusu, M. Yeates, R. Radu, T. Blower",Charnwood College Riders EABL,"A. Young, F. Saeed, O. Hambira, S. Morris, T. Pearson",1,10,0.2,0.5,0,0,0,0,0,0,0,0,0,0,0,0,0,0,0,0,1,0,0,0,0,0,0,0,0,0,0,0,0,0,0,0,0,0,0,0,1.0,0.1,0,0,0,0,0,0,0,0,0,0,0,0,0,0,0,0,0,0,0,0,0,0,0,0,0,0,0,0,0,0,0,0,0,0,0,0,0,0,0
City of London Academy - Southwark EABL,"A. Nwokolo, D. Banjoko, J. Hannick, L. Thompson, T. Gass",Derby College Trailblazers EABL,"C. Burr, E. Norman, G. Pastor, J. Howlett, L. Ngomti",1,24,0.4,0.5,0,0,0,0,0,0,0,0,0,0,0,1,1,0,0,0,0,0,0,0,1,0,0,1,0,0,0,0,0,0,0,0,0,0,0,1,0.1,1.0,0,0,0,0,0,0,0,0,0,0,0,0,0,0,0,0,0,0,0,0,0,0,0,0,0,0,0,0,0,0,0,0,0,0,0,0,0,0,0
City of London Academy - Southwark EABL,"B. Olowoshile, D. Banjoko, J. Hannick, L. Thompson, S. Shirwac",Derby College Trailblazers EABL,"C. Burr, E. Norman, G. Pastor, J. Howlett, L. Ngomti",1,6,0.1,0.5,0,0,0,0,0,0,0,0,0,0,0,0,0,0,0,0,0,0,0,0,1,0,0,1,0,0,0,0,0,0,0,0,0,0,0,0,0.1,1.0,0,0,0,0,0,0,0,0,0,0,0,0,0,0,0,0,0,0,0,0,0,0,0,0,0,0,0,0,0,0,0,0,0,0,0,0,0,0,0
City of London Academy - Southwark EABL,"A. Nwokolo, D. Patel, J. Hannick, R. Cryer, T. Gass",Derby College Trailblazers EABL,"C. Burr, E. Norman, G. Pastor, J. Howlett, W. Tallon",1,21,0.3,0.5,0,0,1,0,0,0,0,0,0,0,1,1,2,0,0,0,0,0,0,0,1,0,0,1,0,0,0,0,0,0,0,0,0,0,0,0,0.1,1.0,0,0,0,0,0,0,0,0,0,0,0,0,0,0,0,0,0,0,0,0,0,0,0,0,0,0,0,0,0,0,0,0,0,0,0,0,0,0,0
City of London Academy - Southwark EABL,"A. Morentin, B. Olowoshile, D. Banjoko, L. Thompson, R. Testfay",Derby College Trailblazers EABL,"F. Tuck, J. Howlett, J. Lemanski, K. Otaye, K. Zidonis",1,41,0.7,0.5,0,0,0,0,0,0,0,0,0,0,0,0,0,0,0,0,0,0,0,0,1,0,0,0,0,0,0,0,0,0,0,0,0,0,0,0,0.1,1.0,0,0,0,0,0,0,0,0,0,0,0,0,0,0,0,0,0,0,0,0,0,0,0,0,0,0,0,0,0,0,0,0,0,0,0,0,0,0,0
BMET City of Birmingham Rockets EABL,"A. Camara, G. Angoy, J. Agbeze, J. Hyland, P. Basioudis",Copleston High School EABL,"C. Fobister, I. Carty-Peters, M. Liddamore, N. Wilkinson, T. Rafiu",1,25,0.4,0.5,0,0,0,0,0,0,0,0,0,0,0,1,1,0,0,0,0,0,0,0,1,0,0,1,0,0,0,0,0,0,0,0,0,0,0,1,0.1,1.0,0,0,0,0,0,0,0,0,0,0,0,0,0,0,0,0,0,0,0,0,0,0,0,0,0,0,0,0,0,0,0,0,0,0,0,0,0,0,0
Manchester Magic Academy EABL,"J. Walton, L. Clayton, O. Babalola, S. Sidi-Boumedine, T. Kamal Kazmi",Itchen College EABL,"B. Cope, E. Round, J. Osei-Owusu, M. Yeates, T. Blower",1,20,0.3,0.5,3,1,1,100,1,1,100,0,0,0,0,0,0,1,0,0,0,0,0,0,0,0,0,0,0,0,0,0,0,0,0,0,0,0,0,0,1.0,0.1,300,0,300,0,300,-300,3,0,0,0,0,0,0,0,0,0,0,0,0,0,0,0,0,0,0,0,0,0,0,0,0,0,0,0,0,0,0,0,0
Manchester Magic Academy EABL,"J. Odongo, J. Walton, T. Kamal Kazmi, T. Richardson, T. Weekes",Itchen College EABL,"B. Cope, D. Cimochowski, E. Lotriet, E. Round, J. Osei-Owusu",1,12,0.2,0.5,0,0,0,0,0,0,0,0,0,0,0,0,0,0,0,0,1,0,0,0,0,0,0,0,0,0,0,0,0,0,0,0,0,0,0,0,1.0,0.1,0,0,0,0,0,0,0,0,0,0,0,0,0,0,0,0,0,0,0,0,0,0,0,0,0,0,0,0,0,0,0,0,0,0,0,0,0,0,0
Charnwood College Riders EABL,"J. Hardy, O. Hambira, P. Kattah, T. Pearson, Z. Gleadell-Smith",Oaklands Wolves EABL,"E. Ryan, G. Mitchell, H. Morrell, L. Mcintosh, T. Mcintosh",1,25,0.4,0.5,2,1,1,100,0,0,0,0,0,0,0,0,0,1,0,0,0,1,0,0,1,0,0,0,0,0,0,0,1,0,1,0,0,0,0,0,1.0,0.1,200,0,200,0,200,-200,2,0,0,0,0,0,0,0,0,0,0,0,0,0,0,0,0,0,0,0,0,0,0,0,0,0,0,0,0,0,0,0,0
Charnwood College Riders EABL,"F. Saeed, O. Hambira, P. Kattah, R. Amrania, T. Curran",Oaklands Wolves EABL,"D. Gladstone, D. Kostadinov, G. Mitchell, L. Mcintosh, T. Mcintosh",1,12,0.2,0.5,0,0,0,0,0,0,0,0,0,0,0,0,0,0,0,0,0,1,2,1,1,100,0,0,0,0,0,0,0,0,0,0,0,0,0,0,0.1,1.0,0,200,-200,200,0,200,-2,0,0,0,0,0,0,0,0,0,0,0,0,0,0,0,0,0,0,0,0,0,0,0,0,0,0,0,0,0,0,0,0
Charnwood College Riders EABL,"F. Saeed, P. Kattah, T. Curran, T. Pearson, Z. Gleadell-Smith",Oaklands Wolves EABL,"D. Kostadinov, E. Da Cruz Fatuda, G. Mitchell, H. Morrell, L. Mcintosh",1,8,0.1,0.5,0,0,0,0,0,0,0,0,0,0,0,0,0,0,0,0,0,0,0,0,0,0,0,0,0,0,0,0,0,0,0,0,0,0,1,0,0.1,1.0,0,0,0,0,0,0,0,0,0,0,0,0,0,0,0,0,0,0,0,0,0,0,0,0,0,0,0,0,0,0,0,0,0,0,0,0,0,0,0
HHS Reading Rockets EABL,"E. Harrington, J. Waterhouse, L. Bakary, M. Daines, M. Hassan-Taylor",SGS College EABL,"D. Lloyd, I. Toure, L. Matthews, M. Alburo, M. Perez Tosca",1,28,0.5,0.5,0,0,0,0,0,0,0,0,0,0,0,0,0,0,0,0,0,0,3,1,1,100,1,1,100,0,0,0,0,0,0,1,0,0,0,1,0.1,1.0,0,300,-300,300,0,300,-3,0,0,0,0,0,0,0,0,0,0,0,0,0,0,0,0,0,0,0,0,0,0,0,0,0,0,0,0,0,0,0,0
HHS Reading Rockets EABL,"C. Okumus, J. Waterhouse, L. Bakary, M. Daines, M. Hassan-Taylor",SGS College EABL,"A. Odowa, J. Grajcar, K. Ramirez Mora, M. Alburo, Z. Lawson",1,31,0.5,0.5,0,0,1,0,0,0,0,0,0,0,0,0,0,0,0,0,0,1,0,0,0,0,0,0,0,0,0,0,0,1,1,0,0,0,0,0,1.0,0.1,0,0,0,0,0,0,0,0,0,0,0,0,0,0,0,0,0,0,0,0,0,0,0,0,0,0,0,0,0,0,0,0,0,0,0,0,0,0,0
HHS Reading Rockets EABL,"C. Okumus, E. Harrington, L. Bakary, M. Daines, M. Hassan-Taylor",SGS College EABL,"D. Lloyd, I. Toure, L. Matthews, M. Alburo, M. Perez Tosca",1,5,0.1,0.5,0,0,0,0,0,0,0,0,0,0,0,0,0,0,0,0,0,0,0,0,0,0,0,0,0,0,0,0,0,0,0,0,0,0,1,0,0.1,1.0,0,0,0,0,0,0,0,0,0,0,0,0,0,0,0,0,0,0,0,0,0,0,0,0,0,0,0,0,0,0,0,0,0,0,0,0,0,0,0
HHS Reading Rockets EABL,"C. Okumus, E. Harrington, L. Bakary, M. Daines, M. Hassan-Taylor",SGS College EABL,"D. Lloyd, K. Ramirez Mora, L. Matthews, M. Alburo, Z. Lawson",1,5,0.1,0.5,2,1,1,100,0,0,0,0,0,0,0,0,0,1,0,0,0,0,0,0,0,0,0,0,0,0,0,0,0,0,0,0,0,0,0,1,1.0,0.1,200,0,200,0,200,-200,2,0,0,0,0,0,0,0,0,0,0,0,0,0,0,0,0,0,0,0,0,0,0,0,0,0,0,0,0,0,0,0,0
HHS Reading Rockets EABL,"A. Moloney, C. Okumus, E. Harrington, M. Daines, M. Hassan-Taylor",SGS College EABL,"D. Lloyd, K. Ramirez Mora, L. Matthews, M. Alburo, Z. Lawson",1,8,0.1,0.5,0,0,0,0,0,0,0,0,0,0,0,0,0,0,0,0,0,0,0,0,1,0,0,1,0,0,0,0,0,0,0,0,0,0,0,0,0.1,1.0,0,0,0,0,0,0,0,0,0,0,0,0,0,0,0,0,0,0,0,0,0,0,0,0,0,0,0,0,0,0,0,0,0,0,0,0,0,0,0
City of London Academy - Southwark EABL,"A. Nwokolo, B. Olowoshile, D. Banjoko, D. Banjoko, J. Hannick",Myerscough College EABL,"C. Sanchez Falette, D. Okhuoya, J. Bobkowski, O. Esingle, S. Latidan",1,27,0.5,0.5,0,0,0,0,0,0,0,0,0,0,0,1,1,0,0,0,0,0,0,0,1,0,0,1,0,0,0,0,0,0,0,0,0,0,0,2,0.1,1.0,0,0,0,0,0,0,0,0,0,0,0,0,0,0,0,0,0,0,0,0,0,0,0,0,0,0,0,0,0,0,0,0,0,0,0,0,0,0,0
Manchester Magic Academy EABL,"A. Isiorho, H. Blake, J. Odongo, J. Walton, O. Babalola",Myerscough College EABL,"F. Morgan, J. Bobkowski, O. Esingle, S. Laditan, Z. Trezvant",1,31,0.5,0.5,2,1,1,100,0,0,0,0,0,0,0,0,0,1,0,0,0,1,0,0,0,0,0,0,0,0,0,0,0,0,0,0,0,0,0,0,1.0,0.1,200,0,200,0,200,-200,2,0,0,0,0,0,0,0,0,0,0,0,0,0,0,0,0,0,0,0,0,0,0,0,0,0,0,0,0,0,0,0,0
Manchester Magic Academy EABL,"J. Odongo, J. Walton, L. Clayton, O. Babalola, T. Kamal Kazmi",Myerscough College EABL,"C. Sanchez Falette, H. Sheehan, O. Esingle, S. Laditan, S. Laditan",1,26,0.4,0.5,2,1,1,100,0,0,0,0,0,0,0,0,0,0,0,0,0,1,0,0,0,0,0,0,0,0,0,0,0,0,0,0,0,0,0,0,1.0,0.1,200,0,200,0,200,-200,2,0,0,0,0,0,0,0,0,0,0,0,0,0,0,0,0,0,0,0,0,0,0,0,0,0,0,0,0,0,0,0,0
