Home_Team,Home_Lineup,Away_Team,Away_Lineup,Games,Total_Seconds,Minutes,Possessions,Home_PTS,Home_FGM,Home_FGA,Home_FG%,Home_3PM,Home_3PA,Home_3P%,Home_FTM,Home_FTA,Home_FT%,Home_OREB,Home_DREB,Home_REB,Home_AST,Home_STL,Home_BLK,Home_TOV,Home_PF,Away_PTS,Away_FGM,Away_FGA,Away_FG%,Away_3PM,Away_3PA,Away_3P%,Away_FTM,Away_FTA,Away_FT%,Away_OREB,Away_DREB,Away_REB,Away_AST,Away_STL,Away_BLK,Away_TOV,Away_PF,Home_POSS,Away_POSS,Home_OFF_RTG,Home_DEF_RTG,Home_NET_RTG,Away_OFF_RTG,Away_DEF_RTG,Away_NET_RTG,Point_Diff,Home_RIM_ATT,Home_RIM_MADE,Home_RIM%,Home_OTD_2PT_ATT,Home_OTD_2PT_MADE,Home_OTD_2PT%,Home_OTD_3PT_ATT,Home_OTD_3PT_MADE,Home_OTD_3PT%,Away_RIM_ATT,Away_RIM_MADE,Away_RIM%,Away_OTD_2PT_ATT,Away_OTD_2PT_MADE,Away_OTD_2PT%,Away_OTD_3PT_ATT,Away_OTD_3PT_MADE,Away_OTD_3PT%,Home_PASS_TO,Home_DRIBBLE_TO,Home_DEFENSE_TO,Home_MISC_TO,Away_PASS_TO,Away_DRIBBLE_TO,Away_DEFENSE_TO,Away_MISC_TO,Home_2ND_CHANCE_PTS,Home_FAST_BREAK_PTS,Home_PTS_OFF_TOV,Away_2ND_CHANCE_PTS,Away_FAST_BREAK_PTS,Away_PTS_OFF_TOV
Hapoel IBI Tel Aviv,"Collin Malcolm, Dan Oturu, Elijah Bryant, Ish Wainright, Vasilije Micic",FC Barcelona,"Kevin Punter, Tomas Satoransky, Tornike Shengelia, Will Clyburn, Willy Hernangomez",1,411,6.8,12.4,14,6,11,54.5,2,5,40,0,0,0,1,4,5,3,2,0,3,1,15,6,11,54.5,3,5,60,0,0,0,1,4,5,4,3,0,2,1,12.9,11.9,108.3,125.7,-17.5,125.7,108.3,17.5,-1,0,0,0,6,4,66.7,5,2,40,0,0,0,6,3,50,5,3,60,0,0,0,3,0,0,0,2,2,3,2,0,5,8
Baskonia Vitoria-Gasteiz,"Hamidou Diallo, Khalifa Diop, Markus Howard, Tadas Sedekerskis, Trent Forrest",Olympiacos Piraeus,"Evan Fournier, Nikola Milutinov, Sasha Vezenkov, Thomas Walkup, Tyler Dorsey",1,417,7.0,11.1,10,4,14,28.6,2,7,28.6,0,0,0,3,1,4,2,0,1,1,3,22,7,18,38.9,3,9,33.3,5,6,83.3,8,6,14,2,1,0,1,1,11.4,11.2,87.5,196.8,-109.4,196.8,87.5,109.4,-12,0,0,0,7,2,28.6,7,2,28.6,0,0,0,9,4,44.4,9,3,33.3,0,0,0,1,0,0,0,1,5,0,3,9,6,0
Anadolu Efes Istanbul,"Ercan Osmani, Isaia Cordinier, Kai Jones, Nick Weiler-Babb, Shane Larkin",Maccabi Rapyd Tel Aviv,"Jaylen Hoard, Jimmy Clark Iii, O'Shae J Brissett, Roman Sorkin, Tamir Blatt",1,402,6.7,10.3,16,7,11,63.6,1,5,20,1,1,100,3,2,5,2,1,0,2,5,15,6,12,50,0,2,0,3,3,100,3,1,4,3,1,0,1,2,10.2,10.5,156.4,143.3,13.1,143.3,156.4,-13.1,1,0,0,0,6,6,100,5,1,20,0,0,0,10,6,60,2,0,0,0,0,0,2,0,0,0,1,6,0,2,4,2,4
Crvena Zvezda Meridianbet Belgrade,"Chima Moneke, Codi Miller-Mcintyre, Jasiel Rivero, Jordan Nwora, Nikola Kalinic",EA7 Emporio Armani Milan,"Josh Nebo, Leandro Bolmaro, Niccolo Mannion, Shavon Shields, Zach Leday",1,308,5.1,9.9,8,3,8,37.5,1,2,50,1,1,100,1,3,4,2,1,0,2,3,14,6,9,66.7,1,3,33.3,1,1,100,0,4,4,4,1,0,1,2,9.4,10.4,85.4,134.1,-48.7,134.1,85.4,48.7,-6,0,0,0,6,2,33.3,2,1,50,0,0,0,6,5,83.3,3,1,33.3,0,0,0,2,0,0,0,1,0,2,2,0,6,4
Dubai Basketball,"Davis Bertans, Dwayne Bacon, Dzanan Musa, Mckinley Wright Iv, Mfiondu Kabengele",Partizan Mozzart Bet Belgrade,"Arijan Lakic, Duane Washington, Dylan Osetkowski, Jabari Parker, Sterling Brown",1,317,5.3,9.6,19,7,8,87.5,4,4,100,1,2,50,0,4,4,6,0,0,1,3,10,3,10,30,2,4,50,2,2,100,2,1,3,2,1,0,1,1,9.9,9.4,192.3,106.6,85.7,106.6,192.3,-85.7,9,0,0,0,4,3,75,4,4,100,0,0,0,6,1,16.7,4,2,50,0,0,0,1,0,0,0,1,0,3,3,2,0,0
AS Monaco,"Alpha Diallo, Daniel Theis, Elie Okobo, Mike James, Nikola Mirotic",Zalgiris Kaunas,"Dustin Sleva, Edgaras Ulanovas, Laurynas Birutis, Nigel Williams-Goss, Sylvain Francisco",1,266,4.4,9.3,10,4,9,44.4,0,1,0,2,4,50,1,1,2,3,0,0,0,3,12,5,7,71.4,1,2,50,1,2,50,0,4,4,5,0,0,1,3,9.7,8.9,103.2,135.1,-31.9,135.1,103.2,31.9,-2,0,0,0,8,4,50,1,0,0,0,0,0,5,4,80,2,1,50,0,0,0,0,0,0,0,1,0,2,2,0,0,0
Dubai Basketball,"Awudu Abass, Davis Bertans, Dzanan Musa, Filip Petrusev, Mckinley Wright Iv",Partizan Mozzart Bet Belgrade,"Carlik Jones, Isaac Bonga, Shake Milton, Tyrique Jones, Vanja Marinkovic",1,362,6.0,8.9,13,6,10,60,1,1,100,0,0,0,1,2,3,3,1,0,0,0,14,6,10,60,2,2,100,0,0,0,2,3,5,4,0,1,1,0,8.9,8.9,145.6,158,-12.4,158,145.6,12.4,-1,0,0,0,9,5,55.6,1,1,100,0,0,0,8,4,50,2,2,100,0,0,0,0,0,0,0,1,2,0,2,6,2,0
Dubai Basketball,"Davis Bertans, Dwayne Bacon, Dzanan Musa, Mckinley Wright Iv, Mfiondu Kabengele",Partizan Mozzart Bet Belgrade,"Carlik Jones, Jabari Parker, Shake Milton, Sterling Brown, Tyrique Jones",1,276,4.6,8.1,10,4,7,57.1,0,1,0,2,2,100,1,2,3,3,0,0,1,2,10,3,7,42.9,0,1,0,4,4,100,1,2,3,0,0,0,1,3,7.8,8.3,128,120,8,120,128,-8,0,0,0,0,6,4,66.7,1,0,0,0,0,0,6,3,50,1,0,0,0,0,0,1,0,0,0,1,4,0,0,2,2,2
AS Monaco,"Alpha Diallo, Jaron Blossomgame, Kevarrius Hayes, Matthew Strazel, Mike James",Zalgiris Kaunas,"Dustin Sleva, Edgaras Ulanovas, Laurynas Birutis, Nigel Williams-Goss, Sylvain Francisco",1,272,4.5,8.0,5,2,6,33.3,1,3,33.3,0,0,0,0,4,4,1,1,1,2,4,6,3,8,37.5,0,1,0,0,0,0,1,3,4,1,2,0,1,1,8.0,7.9,62.5,75.7,-13.2,75.7,62.5,13.2,-1,0,0,0,3,1,33.3,3,1,33.3,0,0,0,7,3,42.9,1,0,0,0,0,0,2,0,0,0,1,0,0,0,2,2,4
Crvena Zvezda Meridianbet Belgrade,"Chima Moneke, Codi Miller-Mcintyre, Izundu Ebuka, Jordan Nwora, Nikola Kalinic",EA7 Emporio Armani Milan,"Giampaolo Ricci, Josh Nebo, Leandro Bolmaro, Niccolo Mannion, Shavon Shields",1,274,4.6,7.9,12,6,10,60,0,2,0,0,1,0,2,3,5,3,0,0,0,0,10,4,7,57.1,2,3,66.7,0,0,0,0,3,3,4,0,0,0,2,8.7,7.0,137.5,142.9,-5.4,142.9,137.5,5.4,2,0,0,0,8,6,75,2,0,0,0,0,0,4,2,50,3,2,66.7,0,0,0,0,0,0,0,0,2,2,0,0,0,0
Panathinaikos AKTOR Athens,"Alexandros Samodurov, Kendrick Nunn, Kostas Sloukas, Nikolaos Rogkavopoulos, Omer Yurtseven",FC Bayern Munich,"Isiaha Mike, Kamar Baldwin, Vladimir Lucic, Wenyen Gabriel, Xavier Rathan-Mayes",1,255,4.2,7.8,13,5,6,83.3,1,1,100,2,2,100,0,3,3,4,0,0,1,2,15,4,6,66.7,4,5,80,3,4,75,0,1,1,4,0,0,0,2,7.9,7.8,165,193.3,-28.3,193.3,165,28.3,-2,0,0,0,5,4,80,1,1,100,0,0,0,1,0,0,5,4,80,0,0,0,1,0,0,0,0,0,0,0,0,3,3
LDLC ASVEL Villeurbanne,"Bodian Massa, Melvin Ajinca, Nando De Colo, Shaquille Harrison, Zachary Seljaas",Valencia Basket,"Darius Thompson, Jaime Pradilla, Kameron Taylor, Nathan Reuvers, Omari Moore",1,195,3.2,7.1,5,2,5,40,1,3,33.3,0,0,0,0,3,3,1,0,0,2,3,7,2,8,25,1,5,20,2,2,100,1,2,3,2,2,0,0,1,7.0,7.3,71.4,96.2,-24.8,96.2,71.4,24.8,-2,0,0,0,2,1,50,3,1,33.3,0,0,0,3,1,33.3,5,1,20,0,0,0,2,0,0,0,0,0,0,0,2,0,2
Anadolu Efes Istanbul,"Ercan Osmani, Isaia Cordinier, Kai Jones, Nick Weiler-Babb, Shane Larkin",Maccabi Rapyd Tel Aviv,"Jaylen Hoard, Jimmy Clark Iii, Roman Sorkin, Tamir Blatt, William Rayman",1,234,3.9,7.1,7,3,5,60,1,2,50,0,0,0,0,4,4,3,1,0,2,3,6,2,8,25,1,2,50,1,2,50,3,1,4,3,2,0,1,1,7.0,7.1,100,84.2,15.8,84.2,100,-15.8,1,0,0,0,3,2,66.7,2,1,50,0,0,0,6,1,16.7,2,1,50,0,0,0,2,0,0,0,1,0,2,0,0,1,1
Hapoel IBI Tel Aviv,"Collin Malcolm, Dan Oturu, Elijah Bryant, Ish Wainright, Vasilije Micic",FC Barcelona,"Jan Vesely, Kevin Punter, Tomas Satoransky, Tornike Shengelia, Will Clyburn",1,239,4.0,6.4,12,5,9,55.6,2,4,50,0,0,0,2,0,2,3,2,0,0,1,9,4,5,80,1,1,100,0,0,0,1,2,3,2,0,0,2,2,6.9,5.9,174.9,151.8,23.2,151.8,174.9,-23.2,3,0,0,0,5,3,60,4,2,50,0,0,0,4,3,75,1,1,100,0,0,0,0,0,0,0,2,2,0,4,5,5,3
LDLC ASVEL Villeurbanne,"Bastien Vautier, Mbaye Ndiaye, Melvin Ajinca, Nando De Colo, Shaquille Harrison",Valencia Basket,"Kameron Taylor, Nathan Reuvers, Nathan Sestina, Omari Moore, Sergio De Larrea",1,218,3.6,6.3,6,3,8,37.5,0,2,0,0,0,0,2,2,4,1,1,0,1,1,8,3,7,42.9,1,3,33.3,1,2,50,3,2,5,2,1,0,1,0,6.3,6.3,94.9,126.7,-31.9,126.7,94.9,31.9,-2,0,0,0,6,3,50,2,0,0,0,0,0,4,2,50,3,1,33.3,0,0,0,1,0,0,0,1,4,2,2,2,2,2
Panathinaikos AKTOR Athens,"Juancho Hernangomez, Kendrick Nunn, Nikolaos Rogkavopoulos, Richaun Holmes, Tj Shorts",FC Bayern Munich,"Isiaha Mike, Stefan Jovic, Vladimir Lucic, Wenyen Gabriel, Xavier Rathan-Mayes",1,155,2.6,5.6,10,3,4,75,1,1,100,3,3,100,0,0,0,2,0,0,0,1,10,4,4,100,1,1,100,1,2,50,0,1,1,5,0,0,1,1,5.3,5.9,188,170.1,17.9,170.1,188,-17.9,0,0,0,0,3,2,66.7,1,1,100,0,0,0,3,3,100,1,1,100,0,0,0,0,0,0,0,1,0,0,2,0,2,0
Virtus Bologna,"Derrick Alston Jr., Karim Jallow, Luca Vildoza, Matthew Morgan, Mouhamet Diouf, Saliou Niang",Real Madrid,"Andres Feliz, Chuma Okeke, Mario Hezonja, Sergio Llull, Usman Garuba",1,177,3.0,5.5,8,4,6,66.7,0,0,0,0,0,0,0,3,3,2,0,1,0,1,4,2,6,33.3,0,2,0,0,0,0,1,2,3,0,0,0,0,0,6.0,4.9,133.3,81.1,52.2,81.1,133.3,-52.2,4,0,0,0,6,4,66.7,0,0,0,0,0,0,4,2,50,2,0,0,0,0,0,0,0,0,0,0,0,4,0,0,2,0
Hapoel IBI Tel Aviv,"Antonio Blakeney, Chris Jones, Ish Wainright, Johnathan Motley, Vasilije Micic",FC Barcelona,"Jan Vesely, Kevin Punter, Tomas Satoransky, Tornike Shengelia, Will Clyburn",1,215,3.6,5.5,8,3,5,60,2,3,66.7,0,0,0,0,1,1,1,1,1,1,5,7,3,5,60,1,2,50,0,0,0,1,2,3,2,0,0,1,1,6.0,4.9,133.3,142,-8.7,142,133.3,8.7,1,0,0,0,2,1,50,3,2,66.7,0,0,0,3,2,66.7,2,1,50,0,0,0,1,0,0,0,1,0,0,0,3,0,2
Dubai Basketball,"Dwayne Bacon, Dzanan Musa, Filip Petrusev, Justin Anderson, Mckinley Wright Iv",Partizan Mozzart Bet Belgrade,"Aleksej Pokusevski, Carlik Jones, Isaac Bonga, Sterling Brown, Tyrique Jones",1,206,3.4,5.4,2,1,6,16.7,0,2,0,0,0,0,1,1,2,1,0,0,0,1,8,3,4,75,1,1,100,1,2,50,0,4,4,3,0,0,1,2,4.9,5.9,40.6,136.1,-95.5,136.1,40.6,95.5,-6,0,0,0,4,1,25,2,0,0,0,0,0,3,2,66.7,1,1,100,0,0,0,0,0,0,0,1,0,0,0,0,4,0
Hapoel IBI Tel Aviv,"Antonio Blakeney, Chris Jones, Ish Wainright, Johnathan Motley, Tomer Ginat",FC Barcelona,"Dario Brizuela, Jan Vesely, Joel Parra, Myles Cale, Nicolas Laprovittola",1,138,2.3,5.3,12,4,5,80,1,2,50,3,3,100,1,2,3,2,0,1,1,0,4,1,4,25,1,3,33.3,1,1,100,0,0,0,0,1,0,0,2,6.2,4.4,192,90.1,101.9,90.1,192,-101.9,8,0,0,0,3,3,100,2,1,50,0,0,0,1,0,0,3,1,33.3,0,0,0,1,0,0,0,0,2,0,0,0,3,0
Baskonia Vitoria-Gasteiz,"Clement Frisch, Luka Samanic, Markquis Nowell, Matteo Spagnolo, Timothe Luwawu-Cabarrot",Olympiacos Piraeus,"Evan Fournier, Nikola Milutinov, Sasha Vezenkov, Thomas Walkup, Tyler Dorsey",1,132,2.2,5.2,5,2,4,50,1,2,50,0,0,0,0,2,2,1,0,1,1,3,7,3,6,50,0,0,0,1,1,100,1,2,3,0,1,0,0,0,5.0,5.4,100,130.4,-30.4,130.4,100,30.4,-2,0,0,0,2,1,50,2,1,50,0,0,0,6,3,50,0,0,0,0,0,0,1,0,0,0,0,0,0,0,2,2,0
Hapoel IBI Tel Aviv,"Antonio Blakeney, Chris Jones, Johnathan Motley, Tomer Ginat, Vasilije Micic",FC Barcelona,"Joel Parra, Myles Cale, Nicolas Laprovittola, Tomas Satoransky, Youssoupha Fall",1,144,2.4,5.2,4,1,2,50,1,1,100,1,2,50,0,2,2,0,1,1,2,0,4,2,6,33.3,0,2,0,0,0,0,1,1,2,1,2,0,1,2,4.9,5.6,82,71.8,10.2,71.8,82,-10.2,0,0,0,0,1,0,0,1,1,100,0,0,0,4,2,50,2,0,0,0,0,0,2,0,0,0,1,0,1,1,2,2,2
AS Monaco,"Alpha Diallo, Jaron Blossomgame, Mike James, Nemanja Nedovic, Nikola Mirotic",Zalgiris Kaunas,"Azuolas Tubelis, Edgaras Ulanovas, Maodo Lo, Nigel Williams-Goss, Sylvain Francisco",1,125,2.1,5.1,9,4,6,66.7,0,2,0,1,1,100,1,3,4,1,1,0,0,0,2,0,3,0,0,2,0,2,2,100,0,0,0,1,0,1,2,1,4.3,5.9,209.3,34,175.3,34,209.3,-175.3,7,0,0,0,4,4,100,2,0,0,0,0,0,1,0,0,2,0,0,0,0,0,0,0,0,0,2,2,6,2,0,0,0
Virtus Bologna,"Aliou Diarra, Daniel Hackett, Derrick Alston Jr., Luca Vildoza, Matthew Morgan, Saliou Niang",Real Madrid,"Bruno Fernando, David Kraemer, Facundo Campazzo, Gabriel Deck, Trey Lyles",1,179,3.0,4.9,7,3,6,50,1,2,50,0,0,0,1,1,2,1,1,0,0,2,4,1,3,33.3,0,1,0,2,2,100,1,2,3,0,0,0,2,0,4.9,4.8,142,83.2,58.8,83.2,142,-58.8,3,0,0,0,4,2,50,2,1,50,0,0,0,2,1,50,1,0,0,0,0,0,0,0,0,0,2,2,2,5,0,2,0
Virtus Bologna,"Alen Smailagic, Alessandro Pajola, Derrick Alston Jr., Karim Jallow, Matthew Morgan, Saliou Niang",Real Madrid,"Alberto Abalde, Facundo Campazzo, Gabriel Deck, Mario Hezonja, Walter Tavares",1,258,4.3,4.9,5,2,7,28.6,1,4,25,0,1,0,1,0,1,2,1,0,0,3,4,2,6,33.3,0,2,0,0,0,0,1,3,4,1,0,1,2,3,6.1,3.7,81.9,107.5,-25.6,107.5,81.9,25.6,1,0,0,0,3,1,33.3,4,1,25,0,0,0,4,2,50,2,0,0,0,0,0,0,0,0,0,2,0,0,2,0,0,0
Baskonia Vitoria-Gasteiz,"Clement Frisch, Luka Samanic, Matteo Spagnolo, Timothe Luwawu-Cabarrot, Trent Forrest",Olympiacos Piraeus,"Evan Fournier, Nikola Milutinov, Saben Lee, Sasha Vezenkov, Tyler Dorsey",1,134,2.2,4.9,8,3,4,75,2,3,66.7,0,0,0,0,1,1,2,1,0,1,0,6,2,5,40,0,1,0,2,2,100,2,1,3,0,0,0,1,0,5.0,4.7,160,126.6,33.4,126.6,160,-33.4,2,0,0,0,1,1,100,3,2,66.7,0,0,0,4,2,50,1,0,0,0,0,0,1,0,0,0,1,0,3,3,2,0,0
Panathinaikos AKTOR Athens,"Jerian Grant, Juancho Hernangomez, Kendrick Nunn, Nikolaos Rogkavopoulos, Richaun Holmes",FC Bayern Munich,"Isiaha Mike, Stefan Jovic, Vladimir Lucic, Wenyen Gabriel, Xavier Rathan-Mayes",1,171,2.9,4.9,5,1,4,25,1,1,100,2,2,100,0,1,1,2,1,0,0,0,7,3,6,50,1,3,33.3,0,0,0,2,3,5,0,0,0,1,1,4.9,4.9,102.5,144,-41.6,144,102.5,41.6,-2,0,0,0,3,0,0,1,1,100,0,0,0,3,2,66.7,3,1,33.3,0,0,0,0,0,0,0,1,0,0,0,2,3,0
Baskonia Vitoria-Gasteiz,"Clement Frisch, Luka Samanic, Markquis Nowell, Timothe Luwawu-Cabarrot, Trent Forrest",Olympiacos Piraeus,"Evan Fournier, Nikola Milutinov, Sasha Vezenkov, Thomas Walkup, Tyler Dorsey",1,156,2.6,4.8,5,2,3,66.7,1,2,50,0,0,0,0,0,0,1,2,0,2,2,6,1,2,50,0,1,0,4,4,100,1,1,2,1,0,0,2,0,5.0,4.7,100,127.9,-27.9,127.9,100,27.9,-1,0,0,0,1,1,100,2,1,50,0,0,0,1,1,100,1,0,0,0,0,0,2,0,0,0,2,0,5,5,0,0,5
Crvena Zvezda Meridianbet Belgrade,"Chima Moneke, Codi Miller-Mcintyre, Jordan Nwora, Semi Ojeleye, Tyson Carter",EA7 Emporio Armani Milan,"Josh Nebo, Leandro Bolmaro, Marko Guduric, Shavon Shields, Zach Leday",1,161,2.7,4.8,4,2,5,40,0,2,0,0,0,0,0,1,1,0,0,0,0,1,8,2,4,50,0,0,0,4,4,100,1,3,4,0,0,0,0,0,5.0,4.7,80,170.6,-90.6,170.6,80,90.6,-4,0,0,0,3,2,66.7,2,0,0,0,0,0,4,2,50,0,0,0,0,0,0,0,0,0,0,0,0,2,0,4,0,0
Hapoel IBI Tel Aviv,"Antonio Blakeney, Chris Jones, Elijah Bryant, Johnathan Motley, Tomer Ginat",FC Barcelona,"Dario Brizuela, Joel Parra, Myles Cale, Nicolas Laprovittola, Youssoupha Fall",1,196,3.3,4.8,11,3,6,50,2,3,66.7,3,3,100,1,1,2,2,0,0,0,0,7,3,5,60,1,1,100,0,0,0,1,1,2,2,0,0,0,1,5.7,3.9,192.5,178.1,14.4,178.1,192.5,-14.4,4,0,0,0,3,1,33.3,3,2,66.7,0,0,0,4,2,50,1,1,100,0,0,0,0,0,0,0,0,3,0,3,2,2,0
Fenerbahce Beko Istanbul,"Armando Bacot Jr., Mikael Jantunen, Talen Horton Tucker, Tarik Biberovic, Wade Baldwin Iv",Paris Basketball,"Allan Dokossi, Amath M'Baye, Justin Robinson, Sebastian Herrera, Yakuba Ouattara",1,129,2.1,4.7,5,1,2,50,0,0,0,3,3,100,0,1,1,0,1,1,1,3,4,2,4,50,0,1,0,0,0,0,0,1,1,1,1,1,1,3,4.3,5.0,115.7,80,35.7,80,115.7,-35.7,1,0,0,0,2,1,50,0,0,0,0,0,0,3,2,66.7,1,0,0,0,0,0,2,0,0,0,1,0,2,2,0,0,0
Crvena Zvezda Meridianbet Belgrade,"Chima Moneke, Codi Miller-Mcintyre, Izundu Ebuka, Jordan Nwora, Nikola Kalinic",EA7 Emporio Armani Milan,"Josh Nebo, Leandro Bolmaro, Niccolo Mannion, Shavon Shields, Zach Leday",1,197,3.3,4.7,9,3,4,75,1,2,50,2,4,50,1,2,3,2,0,0,0,4,6,2,4,50,0,0,0,2,3,66.7,1,0,1,1,0,0,0,3,4.7,4.6,191.9,130.2,61.7,130.2,191.9,-61.7,3,0,0,0,2,2,100,2,1,50,0,0,0,4,2,50,0,0,0,0,0,0,0,0,0,0,0,1,2,0,4,0,0
Anadolu Efes Istanbul,"Ercan Osmani, Georgios Papagiannis, Isaia Cordinier, Jordan Loyd, Sehmus Hazer",Maccabi Rapyd Tel Aviv,"Jeffrey Dowtin Jr, Lonnie Walker Iv, Marcio Santos, O'Shae J Brissett, Tj Leaf",1,129,2.1,4.7,6,2,4,50,2,3,66.7,0,0,0,0,2,2,1,2,0,1,0,1,0,2,0,0,2,0,1,1,100,0,1,1,0,1,1,2,0,5.0,4.4,120,22.5,97.5,22.5,120,-97.5,5,0,0,0,1,0,0,3,2,66.7,0,0,0,0,0,0,2,0,0,0,0,0,1,0,0,0,2,0,0,3,0,0,0
LDLC ASVEL Villeurbanne,"Bodian Massa, Glynn Watson, Melvin Ajinca, Nando De Colo, Zachary Seljaas",Valencia Basket,"Darius Thompson, Josep Puerto, Matthew Costello, Neal Sako, Omari Moore",1,120,2.0,4.5,5,2,5,40,1,3,33.3,0,0,0,0,2,2,1,0,0,0,1,2,1,3,33.3,0,1,0,0,0,0,0,3,3,1,0,0,1,1,5.0,4.0,100,50,50,50,100,-50,3,0,0,0,2,1,50,3,1,33.3,0,0,0,2,1,50,1,0,0,0,0,0,0,0,0,0,1,0,0,0,0,0,0
Fenerbahce Beko Istanbul,"Armando Bacot Jr., Bonzie Colson, Devon Hall, Mikael Jantunen, Talen Horton Tucker",Paris Basketball,"Amath M'Baye, Justin Robinson, Mouhamed Faye, Sebastian Herrera, Yakuba Ouattara",1,153,2.5,4.5,5,2,4,50,1,3,33.3,0,0,0,1,1,2,0,1,0,1,0,4,2,3,66.7,0,0,0,0,0,0,0,1,1,0,1,0,2,1,3.9,5.0,127.2,80,47.2,80,127.2,-47.2,1,0,0,0,1,1,100,3,1,33.3,0,0,0,3,2,66.7,0,0,0,0,0,0,1,0,0,0,2,3,0,0,0,2,2
Crvena Zvezda Meridianbet Belgrade,"Codi Miller-Mcintyre, Dejan Davidovac, Izundu Ebuka, Nikola Kalinic, Tyson Carter",EA7 Emporio Armani Milan,"Armoni Brooks, Josh Nebo, Niccolo Mannion, Shavon Shields, Zach Leday",1,143,2.4,4.5,10,4,4,100,2,2,100,0,0,0,0,1,1,2,0,0,0,0,8,3,4,75,2,3,66.7,0,0,0,0,0,0,1,0,0,1,0,4.0,5.0,250,160,90,160,250,-90,2,0,0,0,2,2,100,2,2,100,0,0,0,1,1,100,3,2,66.7,0,0,0,0,0,0,0,1,0,2,0,0,0,0
Virtus Bologna,"Alen Smailagic, Alessandro Pajola, Carsen Edwards, Derrick Alston Jr., Karim Jallow",Real Madrid,"Alberto Abalde, Andres Feliz, Chuma Okeke, Mario Hezonja, Walter Tavares",1,195,3.2,4.3,5,1,5,20,1,4,25,2,2,100,2,1,3,1,0,0,0,1,7,3,3,100,0,0,0,1,2,50,0,2,2,1,0,1,1,3,3.7,4.9,133.7,143.4,-9.8,143.4,133.7,9.8,-2,0,0,0,1,0,0,4,1,25,0,0,0,3,3,100,0,0,0,0,0,0,0,0,0,0,1,2,0,0,0,0,0
Fenerbahce Beko Istanbul,"Armando Bacot Jr., Devon Hall, Khem Birch, Nicolo Melli, Wade Baldwin Iv",Paris Basketball,"Daulton Hommes, Derek Willis, Jeremy Morgan, Leopold Cavaliere, Nadir Hifi",1,94,1.6,4.2,0,0,3,0,0,2,0,0,0,0,0,1,1,0,0,0,1,0,6,2,4,50,1,2,50,1,1,100,0,3,3,2,1,0,0,0,4.0,4.4,0,135.1,-135.1,135.1,0,135.1,-6,0,0,0,1,0,0,2,0,0,0,0,0,2,1,50,2,1,50,0,0,0,1,0,0,0,0,0,0,0,3,3,3
Fenerbahce Beko Istanbul,"Armando Bacot Jr., Bonzie Colson, Devon Hall, Mikael Jantunen, Nicolo Melli, Wade Baldwin Iv",Paris Basketball,"Allan Dokossi, Daulton Hommes, Jeremy Morgan, Leopold Cavaliere, Nadir Hifi",1,94,1.6,4.0,3,1,4,25,1,2,50,0,0,0,0,2,2,1,1,0,0,0,3,1,3,33.3,1,2,50,0,0,0,0,2,2,1,0,0,1,1,4.0,4.0,75,75,0,75,75,0,0,0,0,0,2,0,0,2,1,50,0,0,0,1,0,0,2,1,50,0,0,0,0,0,0,0,1,0,0,0,0,0,0
AS Monaco,"Alpha Diallo, Daniel Theis, Elie Okobo, Mike James, Nikola Mirotic",Zalgiris Kaunas,"Dustin Sleva, Edgaras Ulanovas, Maodo Lo, Moses Wright, Sylvain Francisco",1,138,2.3,4.0,6,3,3,100,0,0,0,0,0,0,0,1,1,2,0,1,1,1,8,3,5,60,2,2,100,0,0,0,1,0,1,2,1,0,0,0,4.0,3.9,150,203.6,-53.6,203.6,150,53.6,-2,0,0,0,3,3,100,0,0,0,0,0,0,3,1,33.3,2,2,100,0,0,0,1,0,0,0,0,0,4,0,3,0,3
Baskonia Vitoria-Gasteiz,"Clement Frisch, Hamidou Diallo, Luka Samanic, Markquis Nowell, Matteo Spagnolo",Olympiacos Piraeus,"Alec Peters, Donta Hall, Kostas Papanikolaou, Thomas Walkup, Tyson Ward",1,130,2.2,4.0,4,2,3,66.7,0,1,0,0,0,0,0,0,0,1,0,0,1,1,7,3,3,100,1,1,100,0,0,0,0,1,1,3,1,0,1,2,4.0,4.0,100,175,-75,175,100,75,-3,0,0,0,2,2,100,1,0,0,0,0,0,2,2,100,1,1,100,0,0,0,1,0,0,0,1,0,0,0,0,0,0
Panathinaikos AKTOR Athens,"Jerian Grant, Juancho Hernangomez, Kendrick Nunn, Nikolaos Rogkavopoulos, Richaun Holmes",FC Bayern Munich,"David Mccormack, Niels Giffey, Stefan Jovic, Vladimir Lucic, Xavier Rathan-Mayes",1,99,1.6,4.0,6,3,4,75,0,1,0,0,0,0,0,0,0,2,1,0,0,0,2,1,2,50,0,0,0,0,0,0,0,1,1,1,0,0,2,1,4.0,4.0,150,50,100,50,150,-100,4,0,0,0,3,3,100,1,0,0,0,0,0,2,1,50,0,0,0,0,0,0,0,0,0,0,2,0,2,2,0,0,0
Hapoel IBI Tel Aviv,"Antonio Blakeney, Chris Jones, Collin Malcolm, Ish Wainright, Johnathan Motley",FC Barcelona,"Jan Vesely, Joel Parra, Juani Marcos, Myles Cale, Nicolas Laprovittola",1,141,2.4,4.0,9,4,5,80,1,2,50,0,0,0,1,1,2,2,1,1,0,1,5,2,3,66.7,1,2,50,0,0,0,0,0,0,1,0,0,1,1,3.9,4.0,229,125,104,125,229,-104,4,0,0,0,3,3,100,2,1,50,0,0,0,1,1,100,2,1,50,0,0,0,0,0,0,0,1,2,2,2,0,0,0
Fenerbahce Beko Istanbul,"Armando Bacot Jr., Devon Hall, Nicolo Melli, Onuralp Bitim, Talen Horton Tucker",Paris Basketball,"Allan Dokossi, Amath M'Baye, Justin Robinson, Sebastian Herrera, Yakuba Ouattara",1,140,2.3,3.9,3,1,4,25,1,3,33.3,0,0,0,0,0,0,0,0,0,0,1,10,3,5,60,3,5,60,1,2,50,2,3,5,2,0,0,0,0,4.0,3.7,75,267.4,-192.4,267.4,75,192.4,-7,0,0,0,1,0,0,3,1,33.3,0,0,0,0,0,0,5,3,60,0,0,0,0,0,0,0,0,0,0,0,3,3,0
Virtus Bologna,"Brandon Taylor, Carsen Edwards, Daniel Hackett, Derrick Alston Jr., Mouhamet Diouf",Real Madrid,"Andres Feliz, Bruno Fernando, Chuma Okeke, David Kraemer, Sergio Llull",1,138,2.3,3.9,4,1,2,50,0,0,0,2,2,100,0,0,0,1,0,0,1,0,5,2,4,50,1,2,50,0,0,0,0,1,1,1,1,0,0,0,3.9,4.0,103.1,125,-21.9,125,103.1,21.9,-1,0,0,0,2,1,50,0,0,0,0,0,0,2,1,50,2,1,50,0,0,0,1,0,0,0,0,0,2,0,0,3,3
Crvena Zvezda Meridianbet Belgrade,"Dejan Davidovac, Jordan Nwora, Nikola Kalinic, Semi Ojeleye, Tyson Carter",EA7 Emporio Armani Milan,"Armoni Brooks, Devin Booker, Giampaolo Ricci, Marko Guduric, Quinn Ellis",1,140,2.3,3.9,2,1,2,50,0,0,0,0,0,0,0,2,2,0,0,0,1,1,8,3,5,60,2,3,66.7,0,1,0,1,1,2,1,1,0,0,0,3.0,4.7,66.7,169.3,-102.6,169.3,66.7,102.6,-6,0,0,0,2,1,50,0,0,0,0,0,0,2,1,50,3,2,66.7,0,0,0,1,0,0,0,0,0,0,0,2,3,0
LDLC ASVEL Villeurbanne,"Bastien Vautier, Glynn Watson, Mbaye Ndiaye, Shaquille Harrison, Zachary Seljaas",Valencia Basket,"Isaac Nogues, Jaime Pradilla, Kameron Taylor, Nathan Reuvers, Sergio De Larrea",1,122,2.0,3.7,5,2,3,66.7,0,1,0,1,2,50,1,1,2,1,0,0,1,1,0,0,1,0,0,1,0,0,0,0,0,1,1,0,0,0,2,1,4.3,3.0,115.1,0,115.1,0,115.1,-115.1,5,0,0,0,2,2,100,1,0,0,0,0,0,0,0,0,1,0,0,0,0,0,1,0,0,0,2,2,0,5,0,0,0
LDLC ASVEL Villeurbanne,"Bastien Vautier, David Lighty, Edwin Jackson, Glynn Watson, Zachary Seljaas",Valencia Basket,"Ike Iroegbu, Josep Puerto, Matthew Costello, Nathan Sestina, Sergio De Larrea",1,123,2.0,3.7,7,3,4,75,1,1,100,0,0,0,0,2,2,0,0,0,0,0,2,1,6,16.7,0,3,0,0,0,0,2,1,3,1,0,0,0,0,4.0,3.3,175,60.2,114.8,60.2,175,-114.8,5,0,0,0,3,2,66.7,1,1,100,0,0,0,3,1,33.3,3,0,0,0,0,0,0,0,0,0,0,0,0,0,0,0,0
AS Monaco,"Alpha Diallo, Daniel Theis, Elie Okobo, Mike James, Nikola Mirotic",Zalgiris Kaunas,"Deividas Sirvydis, Dustin Sleva, Edgaras Ulanovas, Moses Wright, Sylvain Francisco",1,135,2.2,3.7,5,2,5,40,1,2,50,0,0,0,1,1,2,2,1,0,0,0,5,2,3,66.7,1,2,50,0,0,0,0,1,1,1,0,1,1,0,3.4,4.0,147.3,125,22.3,125,147.3,-22.3,0,0,0,0,3,1,33.3,2,1,50,0,0,0,1,1,100,2,1,50,0,0,0,0,0,0,0,1,0,2,2,0,0,0
Anadolu Efes Istanbul,"Ercan Osmani, Isaia Cordinier, Jordan Loyd, Rolands Smits, Shane Larkin",Maccabi Rapyd Tel Aviv,"Jaylen Hoard, Jeffrey Dowtin Jr, Lonnie Walker Iv, Marcio Santos, O'Shae J Brissett",1,91,1.5,3.7,0,0,2,0,0,1,0,0,0,0,0,0,0,0,0,0,1,1,5,2,3,66.7,1,1,100,0,1,0,1,2,3,1,1,1,2,1,3.0,4.4,0,114.4,-114.4,114.4,0,114.4,-5,0,0,0,1,0,0,1,0,0,0,0,0,2,1,50,1,1,100,0,0,0,1,0,0,0,2,0,0,0,0,0,0
Panathinaikos AKTOR Athens,"Alexandros Samodurov, Kendrick Nunn, Nikolaos Rogkavopoulos, Omer Yurtseven, Tj Shorts",FC Bayern Munich,"Andreas Obst, David Mccormack, Niels Giffey, Vladimir Lucic, Xavier Rathan-Mayes",1,130,2.2,3.6,5,1,2,50,0,0,0,3,3,100,0,3,3,1,0,0,0,0,2,1,6,16.7,0,3,0,0,0,0,2,1,3,0,0,0,0,1,3.3,3.9,150.6,51.8,98.8,51.8,150.6,-98.8,3,0,0,0,2,1,50,0,0,0,0,0,0,3,1,33.3,3,0,0,0,0,0,0,0,0,0,0,0,2,0,0,0,0
Anadolu Efes Istanbul,"Ercan Osmani, Isaia Cordinier, Jordan Loyd, Kai Jones, Shane Larkin",Maccabi Rapyd Tel Aviv,"Jaylen Hoard, Jeffrey Dowtin Jr, Roman Sorkin, Tamir Blatt, Uros Trifunovic",1,86,1.4,3.6,5,1,2,50,0,0,0,3,3,100,0,1,1,0,0,0,1,0,5,2,4,50,1,3,33.3,0,0,0,1,0,1,1,0,0,0,1,4.3,2.9,115.7,170.6,-54.9,170.6,115.7,54.9,0,0,0,0,2,1,50,0,0,0,0,0,0,1,1,100,3,1,33.3,0,0,0,1,0,0,0,0,0,2,0,2,0,0
LDLC ASVEL Villeurbanne,"Bastien Vautier, Mbaye Ndiaye, Nando De Colo, Shaquille Harrison, Zachary Seljaas",Valencia Basket,"Darius Thompson, Jaime Pradilla, Josep Puerto, Nathan Reuvers, Omari Moore",1,118,2.0,3.5,2,1,4,25,0,1,0,0,0,0,0,2,2,0,0,1,0,0,2,1,3,33.3,0,1,0,0,0,0,0,3,3,1,0,2,0,1,4.0,3.0,50,66.7,-16.7,66.7,50,16.7,0,0,0,0,3,1,33.3,1,0,0,0,0,0,2,1,50,1,0,0,0,0,0,0,0,0,0,0,0,2,0,0,2,0
Fenerbahce Beko Istanbul,"Armando Bacot Jr., Khem Birch, Nicolo Melli, Tarik Biberovic, Wade Baldwin Iv",Paris Basketball,"Allan Dokossi, Amath M'Baye, Justin Robinson, Leopold Cavaliere, Yakuba Ouattara",1,91,1.5,3.5,3,1,2,50,1,2,50,0,0,0,0,0,0,1,0,0,1,0,2,1,3,33.3,0,1,0,0,0,0,0,1,1,1,1,0,1,0,3.0,4.0,100,50,50,50,100,-50,1,0,0,0,0,0,0,2,1,50,0,0,0,2,1,50,1,0,0,0,0,0,1,0,0,0,1,0,0,0,0,2,2
AS Monaco,"Alpha Diallo, Jaron Blossomgame, Kevarrius Hayes, Matthew Strazel, Mike James",Zalgiris Kaunas,"Azuolas Tubelis, Ignas Brazdeikis, Maodo Lo, Moses Wright, Nigel Williams-Goss",1,127,2.1,3.5,2,1,4,25,0,2,0,0,0,0,1,1,2,0,0,0,0,0,4,2,3,66.7,0,0,0,0,0,0,0,2,2,0,0,0,1,1,2.9,4.0,68.3,100,-31.7,100,68.3,31.7,-2,0,0,0,2,1,50,2,0,0,0,0,0,3,2,66.7,0,0,0,0,0,0,0,0,0,0,1,0,0,2,0,0,0
Virtus Bologna,"Alessandro Pajola, Carsen Edwards, Derrick Alston Jr., Karim Jallow, Mouhamet Diouf, Saliou Niang",Real Madrid,"Alberto Abalde, Chuma Okeke, Facundo Campazzo, Mario Hezonja, Walter Tavares",1,83,1.4,3.5,0,0,2,0,0,0,0,0,0,0,0,2,2,0,0,0,2,0,2,1,4,25,0,1,0,0,0,0,1,2,3,0,1,1,0,0,4.0,2.9,0,68.3,-68.3,68.3,0,68.3,-2,0,0,0,2,0,0,0,0,0,0,0,0,3,1,33.3,1,0,0,0,0,0,2,0,0,0,0,0,0,0,0,2,0
Virtus Bologna,"Alen Smailagic, Alessandro Pajola, Carsen Edwards, Derrick Alston Jr., Karim Jallow, Saliou Niang",Real Madrid,"Andres Feliz, Chuma Okeke, Facundo Campazzo, Gabriel Deck, Mario Hezonja",1,119,2.0,3.5,2,1,2,50,0,1,0,0,0,0,0,1,1,0,0,0,1,0,7,3,5,60,1,1,100,0,0,0,1,1,2,1,1,0,0,1,3.0,3.9,66.7,178.1,-111.5,178.1,66.7,111.5,-5,0,0,0,1,1,100,1,0,0,0,0,0,4,2,50,1,1,100,0,0,0,1,0,0,0,0,0,0,0,2,0,2
Panathinaikos AKTOR Athens,"Juancho Hernangomez, Kendrick Nunn, Nikolaos Rogkavopoulos, Richaun Holmes, Tj Shorts",FC Bayern Munich,"Isiaha Mike, Leon Kratzer, Stefan Jovic, Vladimir Lucic, Xavier Rathan-Mayes",1,132,2.2,3.5,2,1,4,25,0,1,0,0,0,0,0,1,1,1,1,0,0,0,2,1,3,33.3,0,1,0,0,0,0,1,2,3,1,0,1,1,3,4.0,2.9,50,68.3,-18.3,68.3,50,18.3,0,0,0,0,3,1,33.3,1,0,0,0,0,0,2,1,50,1,0,0,0,0,0,0,0,0,0,1,0,0,0,2,0,0
Crvena Zvezda Meridianbet Belgrade,"Codi Miller-Mcintyre, Izundu Ebuka, Jordan Nwora, Semi Ojeleye, Tyson Carter",EA7 Emporio Armani Milan,"Josh Nebo, Marko Guduric, Quinn Ellis, Shavon Shields, Zach Leday",1,78,1.3,3.5,4,2,3,66.7,0,1,0,0,0,0,1,2,3,2,1,0,2,0,0,0,2,0,0,2,0,0,0,0,0,0,0,0,2,0,1,0,3.9,3.0,101.8,0,101.8,0,101.8,-101.8,4,0,0,0,2,2,100,1,0,0,0,0,0,0,0,0,2,0,0,0,0,0,2,0,0,0,1,0,2,2,0,0,0
LDLC ASVEL Villeurbanne,"Bodian Massa, David Lighty, Glynn Watson, Nando De Colo, Zachary Seljaas",Valencia Basket,"Darius Thompson, Josep Puerto, Matthew Costello, Nathan Sestina, Omari Moore",1,90,1.5,3.4,2,1,2,50,0,0,0,0,0,0,0,1,1,0,0,0,1,0,6,2,4,50,1,2,50,1,2,50,1,1,2,1,1,0,0,0,3.0,3.8,66.7,157.5,-90.8,157.5,66.7,90.8,-4,0,0,0,2,1,50,0,0,0,0,0,0,2,1,50,2,1,50,0,0,0,1,0,0,0,0,0,0,0,0,3,2
AS Monaco,"Alpha Diallo, Elie Okobo, Jaron Blossomgame, Kevarrius Hayes, Mike James",Zalgiris Kaunas,"Azuolas Tubelis, Edgaras Ulanovas, Maodo Lo, Nigel Williams-Goss, Sylvain Francisco",1,93,1.6,3.4,2,1,3,33.3,0,0,0,0,0,0,0,2,2,1,0,0,0,1,5,2,4,50,1,1,100,0,1,0,1,1,2,1,0,0,0,0,3.0,3.7,66.7,134.2,-67.5,134.2,66.7,67.5,-3,0,0,0,3,1,33.3,0,0,0,0,0,0,3,1,33.3,1,1,100,0,0,0,0,0,0,0,0,0,2,0,2,0,0
Virtus Bologna,"Alen Smailagic, Brandon Taylor, Carsen Edwards, Derrick Alston Jr., Karim Jallow",Real Madrid,"Alberto Abalde, Facundo Campazzo, Gabriel Deck, Trey Lyles, Walter Tavares",1,153,2.5,3.4,4,1,1,100,0,0,0,2,2,100,0,0,0,1,0,0,1,1,8,4,4,100,0,0,0,0,0,0,0,0,0,3,1,0,0,3,2.9,4.0,138.9,200,-61.1,200,138.9,61.1,-4,0,0,0,1,1,100,0,0,0,0,0,0,4,4,100,0,0,0,0,0,0,1,0,0,0,0,0,0,0,0,2,2
Baskonia Vitoria-Gasteiz,"Hamidou Diallo, Khalifa Diop, Markus Howard, Tadas Sedekerskis, Trent Forrest",Olympiacos Piraeus,"Alec Peters, Donta Hall, Evan Fournier, Saben Lee, Tyler Dorsey",1,78,1.3,3.4,6,2,2,100,2,2,100,0,0,0,0,0,0,2,2,0,1,1,2,0,1,0,0,1,0,2,2,100,0,0,0,0,1,0,2,0,3.0,3.9,200,51.5,148.5,51.5,200,-148.5,4,0,0,0,0,0,0,2,2,100,0,0,0,0,0,0,1,0,0,0,0,0,1,0,0,0,2,0,6,6,0,0,2
Baskonia Vitoria-Gasteiz,"Clement Frisch, Khalifa Diop, Markquis Nowell, Matteo Spagnolo, Timothe Luwawu-Cabarrot",Olympiacos Piraeus,"Donta Hall, Evan Fournier, Saben Lee, Sasha Vezenkov, Tyler Dorsey",1,112,1.9,3.4,4,1,4,25,1,2,50,1,1,100,1,1,2,0,0,0,1,0,4,2,3,66.7,0,0,0,0,0,0,0,1,1,2,1,0,0,2,3.8,3.0,104.3,133.3,-29,133.3,104.3,29,0,0,0,0,2,0,0,2,1,50,0,0,0,3,2,66.7,0,0,0,0,0,0,1,0,0,0,0,0,0,0,0,2,2
Panathinaikos AKTOR Athens,"Jerian Grant, Juancho Hernangomez, Kendrick Nunn, Kostas Sloukas, Omer Yurtseven",FC Bayern Munich,"Andreas Obst, Justinian Jessup, Kamar Baldwin, Niels Giffey, Wenyen Gabriel",1,112,1.9,3.4,4,1,1,100,1,1,100,1,2,50,0,0,0,2,0,0,2,1,7,3,5,60,1,2,50,0,0,0,2,0,2,2,1,0,0,0,3.9,2.9,103.1,244.8,-141.7,244.8,103.1,141.7,-3,0,0,0,0,0,0,1,1,100,0,0,0,3,2,66.7,2,1,50,0,0,0,2,0,0,0,0,1,0,0,5,0,5
Anadolu Efes Istanbul,"Ercan Osmani, Jordan Loyd, Kai Jones, Nick Weiler-Babb, Shane Larkin",Maccabi Rapyd Tel Aviv,"Jaylen Hoard, Jimmy Clark Iii, O'Shae J Brissett, Roman Sorkin, Tamir Blatt",1,102,1.7,3.4,4,1,3,33.3,0,0,0,2,2,100,0,1,1,1,0,0,0,0,3,1,2,50,1,2,50,0,0,0,0,2,2,1,0,0,1,1,3.9,3.0,103.1,100,3.1,100,103.1,-3.1,1,0,0,0,3,1,33.3,0,0,0,0,0,0,0,0,0,2,1,50,0,0,0,0,0,0,0,1,0,0,0,0,0,0
Anadolu Efes Istanbul,"Ercan Osmani, Isaia Cordinier, Jordan Loyd, Rolands Smits, Shane Larkin",Maccabi Rapyd Tel Aviv,"Jaylen Hoard, John Dibartolomeo, O'Shae J Brissett, Roman Sorkin, Tamir Blatt",1,79,1.3,3.4,4,2,2,100,0,0,0,0,2,0,0,1,1,2,1,0,1,0,0,0,1,0,0,0,0,0,0,0,0,1,1,0,0,0,2,0,3.9,3.0,103.1,0,103.1,0,103.1,-103.1,4,0,0,0,2,2,100,0,0,0,0,0,0,1,0,0,0,0,0,0,0,0,1,0,0,0,2,0,2,2,0,0,0
AS Monaco,"Jaron Blossomgame, Kevarrius Hayes, Matthew Strazel, Nemanja Nedovic, Terry Tarpey",Zalgiris Kaunas,"Azuolas Tubelis, Ignas Brazdeikis, Maodo Lo, Moses Wright, Nigel Williams-Goss",1,103,1.7,3.2,2,1,1,100,0,0,0,0,1,0,0,1,1,0,0,0,2,0,0,0,2,0,0,2,0,0,0,0,0,1,1,0,1,0,1,2,3.4,3.0,58.1,0,58.1,0,58.1,-58.1,2,0,0,0,1,1,100,0,0,0,0,0,0,0,0,0,2,0,0,0,0,0,2,0,0,0,1,0,0,0,0,0,0
Virtus Bologna,"Brandon Taylor, Carsen Edwards, Daniel Hackett, Derrick Alston Jr., Mouhamet Diouf",Real Madrid,"Andres Feliz, Chuma Okeke, Facundo Campazzo, Gabriel Deck, Walter Tavares",1,113,1.9,3.2,6,2,3,66.7,1,1,100,1,1,100,0,2,2,2,0,0,0,0,0,0,3,0,0,2,0,0,0,0,0,1,1,0,0,0,0,2,3.4,3.0,174.4,0,174.4,0,174.4,-174.4,6,0,0,0,2,1,50,1,1,100,0,0,0,1,0,0,2,0,0,0,0,0,0,0,0,0,0,0,2,0,0,0,0
Baskonia Vitoria-Gasteiz,"Khalifa Diop, Markus Howard, Tadas Sedekerskis, Timothe Luwawu-Cabarrot, Trent Forrest",Olympiacos Piraeus,"Donta Hall, Saben Lee, Sasha Vezenkov, Tyler Dorsey, Tyson Ward",1,111,1.9,3.2,9,3,5,60,2,4,50,1,1,100,2,1,3,3,0,0,0,1,4,2,3,66.7,0,1,0,0,0,0,0,0,0,1,0,0,0,1,3.3,3.0,272.7,133.3,139.4,133.3,272.7,-139.4,5,0,0,0,1,1,100,4,2,50,0,0,0,2,2,100,1,0,0,0,0,0,0,0,0,0,0,2,3,0,0,0,0
Anadolu Efes Istanbul,"Isaia Cordinier, Kai Jones, Nick Weiler-Babb, Rolands Smits, Shane Larkin",Maccabi Rapyd Tel Aviv,"Jaylen Hoard, Jeffrey Dowtin Jr, Jimmy Clark Iii, O'Shae J Brissett, Roman Sorkin",1,92,1.5,3.2,0,0,3,0,0,0,0,0,0,0,1,1,2,0,0,1,0,1,5,2,4,50,0,0,0,1,1,100,0,2,2,1,0,0,0,1,1.9,4.4,0,112.6,-112.6,112.6,0,112.6,-5,0,0,0,3,0,0,0,0,0,0,0,0,4,2,50,0,0,0,0,0,0,0,0,0,0,0,0,0,0,0,0,0
Crvena Zvezda Meridianbet Belgrade,"Chima Moneke, Codi Miller-Mcintyre, Jordan Nwora, Nikola Kalinic, Tyson Carter",EA7 Emporio Armani Milan,"Josh Nebo, Leandro Bolmaro, Niccolo Mannion, Shavon Shields, Zach Leday",1,98,1.6,3.1,5,2,4,50,0,1,0,1,1,100,1,0,1,1,0,0,0,2,6,2,2,100,0,0,0,2,2,100,0,1,1,0,0,0,0,2,3.4,2.9,148.4,208.3,-60,208.3,148.4,60,-1,0,0,0,3,2,66.7,1,0,0,0,0,0,2,2,100,0,0,0,0,0,0,0,0,0,0,0,0,0,0,0,0,0
Virtus Bologna,"Daniel Hackett, Derrick Alston Jr., Luca Vildoza, Matthew Morgan, Mouhamet Diouf, Saliou Niang",Real Madrid,"Bruno Fernando, David Kraemer, Facundo Campazzo, Gabriel Deck, Trey Lyles",1,112,1.9,3.0,2,1,3,33.3,0,1,0,0,0,0,0,0,0,0,0,0,0,1,6,3,3,100,0,0,0,0,0,0,0,2,2,2,0,0,0,0,3.0,3.0,66.7,200,-133.3,200,66.7,133.3,-4,0,0,0,2,1,50,1,0,0,0,0,0,3,3,100,0,0,0,0,0,0,0,0,0,0,0,0,0,0,0,2,2
Virtus Bologna,"Aliou Diarra, Derrick Alston Jr., Karim Jallow, Luca Vildoza, Matthew Morgan, Saliou Niang",Real Madrid,"Andres Feliz, Bruno Fernando, Chuma Okeke, David Kraemer, Sergio Llull",1,108,1.8,3.0,5,2,2,100,1,1,100,0,0,0,0,0,0,2,0,0,1,1,2,1,1,100,0,0,0,0,0,0,0,0,0,0,1,0,2,0,3.0,3.0,166.7,66.7,100,66.7,166.7,-100,3,0,0,0,1,1,100,1,1,100,0,0,0,1,1,100,0,0,0,0,0,0,1,0,0,0,2,0,0,3,0,2,2
Baskonia Vitoria-Gasteiz,"Luka Samanic, Markquis Nowell, Markus Howard, Tadas Sedekerskis, Timothe Luwawu-Cabarrot",Olympiacos Piraeus,"Evan Fournier, Nikola Milutinov, Sasha Vezenkov, Thomas Walkup, Tyler Dorsey",1,75,1.2,3.0,0,0,2,0,0,1,0,0,0,0,0,2,2,0,0,0,1,1,2,1,3,33.3,0,2,0,0,0,0,0,1,1,1,1,0,0,0,3.0,3.0,0,66.7,-66.7,66.7,0,66.7,-2,0,0,0,1,0,0,1,0,0,0,0,0,1,1,100,2,0,0,0,0,0,1,0,0,0,0,0,0,0,2,0,2
Baskonia Vitoria-Gasteiz,"Khalifa Diop, Markus Howard, Tadas Sedekerskis, Timothe Luwawu-Cabarrot, Trent Forrest",Olympiacos Piraeus,"Alec Peters, Donta Hall, Saben Lee, Tyler Dorsey, Tyson Ward",1,121,2.0,3.0,3,1,2,50,1,2,50,0,0,0,0,2,2,1,0,0,1,0,2,1,3,33.3,0,0,0,0,0,0,0,1,1,1,1,0,0,1,3.0,3.0,100,66.7,33.3,66.7,100,-33.3,1,0,0,0,0,0,0,2,1,50,0,0,0,3,1,33.3,0,0,0,0,0,0,1,0,0,0,0,0,3,0,0,2,2
Baskonia Vitoria-Gasteiz,"Luka Samanic, Markus Howard, Tadas Sedekerskis, Timothe Luwawu-Cabarrot, Trent Forrest",Olympiacos Piraeus,"Evan Fournier, Nikola Milutinov, Sasha Vezenkov, Thomas Walkup, Tyler Dorsey",1,75,1.2,3.0,3,1,3,33.3,1,3,33.3,0,0,0,0,1,1,1,0,0,0,1,2,1,3,33.3,0,2,0,0,0,0,0,2,2,0,0,0,0,1,3.0,3.0,100,66.7,33.3,66.7,100,-33.3,1,0,0,0,0,0,0,3,1,33.3,0,0,0,1,1,100,2,0,0,0,0,0,0,0,0,0,0,0,0,0,0,2,0
Panathinaikos AKTOR Athens,"Jerian Grant, Juancho Hernangomez, Kendrick Nunn, Nikolaos Rogkavopoulos, Richaun Holmes",FC Bayern Munich,"Andreas Obst, Justinian Jessup, Kamar Baldwin, Niels Giffey, Wenyen Gabriel",1,86,1.4,3.0,2,1,2,50,0,1,0,0,0,0,0,1,1,1,0,0,1,0,2,1,3,33.3,0,2,0,0,0,0,1,1,2,0,1,0,1,2,3.0,2.9,66.7,68.3,-1.6,68.3,66.7,1.6,0,0,0,0,1,1,100,1,0,0,0,0,0,1,1,100,2,0,0,0,0,0,1,0,0,0,1,0,0,0,2,0,2
Panathinaikos AKTOR Athens,"Alexandros Samodurov, Jerian Grant, Kostas Sloukas, Marius Grigonis, Omer Yurtseven",FC Bayern Munich,"Andreas Obst, Isiaha Mike, Justinian Jessup, Kamar Baldwin, Wenyen Gabriel",1,89,1.5,3.0,4,2,3,66.7,0,0,0,0,0,0,0,2,2,2,0,2,0,0,0,0,2,0,0,0,0,0,0,0,0,1,1,0,0,0,1,3,3.0,3.0,133.3,0,133.3,0,133.3,-133.3,4,0,0,0,3,2,66.7,0,0,0,0,0,0,2,0,0,0,0,0,0,0,0,0,0,0,0,1,0,0,2,0,0,0
Panathinaikos AKTOR Athens,"Jerian Grant, Kendrick Nunn, Konstantinos Mitoglou, Nikolaos Rogkavopoulos, Richaun Holmes",FC Bayern Munich,"Isiaha Mike, Stefan Jovic, Vladimir Lucic, Wenyen Gabriel, Xavier Rathan-Mayes",1,62,1.0,3.0,2,1,1,100,0,0,0,0,0,0,0,0,0,1,1,0,2,0,5,2,2,100,1,1,100,0,0,0,0,0,0,2,1,0,1,0,3.0,3.0,66.7,166.7,-100,166.7,66.7,100,-3,0,0,0,1,1,100,0,0,0,0,0,0,1,1,100,1,1,100,0,0,0,2,0,0,0,1,0,2,2,0,2,2
Anadolu Efes Istanbul,"Ercan Osmani, Isaia Cordinier, Jordan Loyd, Rolands Smits, Shane Larkin",Maccabi Rapyd Tel Aviv,"Jaylen Hoard, Jeffrey Dowtin Jr, Roman Sorkin, Tamir Blatt, Uros Trifunovic",1,90,1.5,3.0,6,3,4,75,0,1,0,0,0,0,1,0,1,0,0,0,0,0,5,2,2,100,1,1,100,0,0,0,0,0,0,2,0,0,1,0,2.9,3.0,204.8,166.7,38.1,166.7,204.8,-38.1,1,0,0,0,3,3,100,1,0,0,0,0,0,1,1,100,1,1,100,0,0,0,0,0,0,0,1,2,0,2,0,3,0
LDLC ASVEL Villeurbanne,"David Lighty, Mbaye Ndiaye, Melvin Ajinca, Nando De Colo, Shaquille Harrison",Valencia Basket,"Darius Thompson, Jaime Pradilla, Josep Puerto, Matthew Costello, Omari Moore",1,128,2.1,2.9,2,1,3,33.3,0,0,0,0,0,0,0,1,1,1,0,0,0,1,6,2,6,33.3,2,5,40,0,0,0,3,2,5,1,0,0,0,0,3.0,2.8,66.7,215.1,-148.4,215.1,66.7,148.4,-4,0,0,0,3,1,33.3,0,0,0,0,0,0,1,0,0,5,2,40,0,0,0,0,0,0,0,0,2,0,0,6,0,0
Fenerbahce Beko Istanbul,"Armando Bacot Jr., Khem Birch, Nicolo Melli, Tarik Biberovic, Wade Baldwin Iv",Paris Basketball,"Allan Dokossi, Amath M'Baye, Jeremy Morgan, Justin Robinson, Leopold Cavaliere",1,104,1.7,2.9,2,1,2,50,0,1,0,0,0,0,0,0,0,0,0,0,1,1,5,2,5,40,1,3,33.3,0,0,0,2,1,3,1,0,0,1,0,3.0,2.8,66.7,179.2,-112.5,179.2,66.7,112.5,-3,0,0,0,1,1,100,1,0,0,0,0,0,2,1,50,3,1,33.3,0,0,0,2,0,0,0,1,0,0,0,2,3,3
Fenerbahce Beko Istanbul,"Armando Bacot Jr., Devon Hall, Khem Birch, Nicolo Melli, Talen Horton Tucker",Paris Basketball,"Daulton Hommes, Derek Willis, Jeremy Morgan, Mouhamed Faye, Nadir Hifi",1,90,1.5,2.9,5,2,2,100,1,1,100,0,0,0,0,0,0,2,1,0,1,0,2,1,3,33.3,0,1,0,0,0,0,2,0,2,0,1,0,2,0,3.0,2.9,166.7,69.9,96.7,69.9,166.7,-96.7,3,0,0,0,1,1,100,1,1,100,0,0,0,2,1,50,1,0,0,0,0,0,1,0,0,0,2,0,2,2,2,0,0
AS Monaco,"Alpha Diallo, Daniel Theis, Elie Okobo, Mike James, Nikola Mirotic",Zalgiris Kaunas,"Arnas Butkevicius, Azuolas Tubelis, Ignas Brazdeikis, Maodo Lo, Moses Wright",1,104,1.7,2.9,6,2,2,100,0,0,0,2,2,100,0,0,0,1,0,0,0,1,7,2,2,100,1,1,100,2,2,100,0,0,0,2,0,0,0,2,2.9,2.9,208.3,243.1,-34.7,243.1,208.3,34.7,-1,0,0,0,2,2,100,0,0,0,0,0,0,1,1,100,1,1,100,0,0,0,0,0,0,0,0,0,0,0,0,0,0
AS Monaco,"Daniel Theis, Elie Okobo, Matthew Strazel, Nemanja Nedovic, Nikola Mirotic",Zalgiris Kaunas,"Arnas Butkevicius, Edgaras Ulanovas, Ignas Brazdeikis, Maodo Lo, Moses Wright",1,91,1.5,2.9,7,3,3,100,1,1,100,0,0,0,0,1,1,1,0,0,0,1,4,1,2,50,1,2,50,1,2,50,0,0,0,0,0,0,0,0,3.0,2.9,233.3,138.9,94.4,138.9,233.3,-94.4,3,0,0,0,2,2,100,1,1,100,0,0,0,0,0,0,2,1,50,0,0,0,0,0,0,0,0,0,3,0,0,1,0
AS Monaco,"Daniel Theis, Elie Okobo, Matthew Strazel, Nemanja Nedovic, Nikola Mirotic",Zalgiris Kaunas,"Dustin Sleva, Edgaras Ulanovas, Moses Wright, Nigel Williams-Goss, Sylvain Francisco",1,110,1.8,2.9,5,2,3,66.7,1,1,100,0,0,0,0,1,1,2,0,0,0,2,5,1,2,50,1,1,100,2,2,100,0,1,1,1,0,0,0,1,3.0,2.9,166.7,173.6,-6.9,173.6,166.7,6.9,0,0,0,0,2,1,50,1,1,100,0,0,0,1,0,0,1,1,100,0,0,0,0,0,0,0,0,0,0,0,2,0,0
Virtus Bologna,"Alen Smailagic, Brandon Taylor, Carsen Edwards, Derrick Alston Jr., Karim Jallow, Saliou Niang",Real Madrid,"Andres Feliz, Facundo Campazzo, Gabriel Deck, Mario Hezonja, Walter Tavares",1,108,1.8,2.9,2,1,2,50,0,1,0,0,1,0,0,1,1,1,0,0,1,1,3,1,4,25,1,3,33.3,0,0,0,1,1,2,0,0,0,0,0,3.4,2.4,58.1,125.3,-67.1,125.3,58.1,67.1,-1,0,0,0,1,1,100,1,0,0,0,0,0,1,0,0,3,1,33.3,0,0,0,1,0,0,0,0,0,0,0,0,0,3
Crvena Zvezda Meridianbet Belgrade,"Codi Miller-Mcintyre, Izundu Ebuka, Nikola Kalinic, Semi Ojeleye, Tyson Carter",EA7 Emporio Armani Milan,"Josh Nebo, Leandro Bolmaro, Marko Guduric, Quinn Ellis, Zach Leday",1,70,1.2,2.9,2,1,2,50,0,0,0,0,0,0,0,1,1,0,0,0,0,0,3,1,3,33.3,0,1,0,1,2,50,0,1,1,1,0,0,0,0,2.0,3.9,100,77.3,22.7,77.3,100,-22.7,-1,0,0,0,2,1,50,0,0,0,0,0,0,2,1,50,1,0,0,0,0,0,0,0,0,0,0,0,0,0,0,1,0
Fenerbahce Beko Istanbul,"Armando Bacot Jr., Devon Hall, Khem Birch, Mikael Jantunen, Tarik Biberovic, Wade Baldwin Iv",Paris Basketball,"Leopold Cavaliere, Mouhamed Faye, Nadir Hifi, Sebastian Herrera, Yakuba Ouattara",1,66,1.1,2.7,2,1,2,50,0,1,0,0,1,0,0,1,1,0,0,1,0,0,0,0,2,0,0,0,0,0,0,0,0,2,2,0,0,0,1,1,2.4,3.0,82,0,82,0,82,-82,2,0,0,0,1,1,100,1,0,0,0,0,0,2,0,0,0,0,0,0,0,0,0,0,0,0,1,0,0,0,0,0,0
Panathinaikos AKTOR Athens,"Jerian Grant, Kendrick Nunn, Konstantinos Mitoglou, Marius Grigonis, Omer Yurtseven",FC Bayern Munich,"Andreas Obst, Justinian Jessup, Niels Giffey, Stefan Jovic, Wenyen Gabriel",1,93,1.6,2.6,4,2,2,100,0,0,0,0,1,0,0,0,0,0,0,0,0,2,5,1,2,50,0,1,0,3,4,75,1,1,2,2,0,0,0,1,2.4,2.7,163.9,185.9,-21.9,185.9,163.9,21.9,-1,0,0,0,2,2,100,0,0,0,0,0,0,1,1,100,1,0,0,0,0,0,0,0,0,0,0,0,0,0,0,0,0
Anadolu Efes Istanbul,"Cole Swider, Erkan Yilmaz, Georgios Papagiannis, Jordan Loyd, Sehmus Hazer",Maccabi Rapyd Tel Aviv,"Jeffrey Dowtin Jr, John Dibartolomeo, Lonnie Walker Iv, Marcio Santos, Tj Leaf",1,72,1.2,2.6,0,0,2,0,0,2,0,0,0,0,1,0,1,0,0,0,1,2,7,3,4,75,0,0,0,1,1,100,1,1,2,3,1,0,0,0,1.9,3.4,0,207.7,-207.7,207.7,0,207.7,-7,0,0,0,0,0,0,2,0,0,0,0,0,4,3,75,0,0,0,0,0,0,1,0,0,0,0,0,0,0,2,0,2
Hapoel IBI Tel Aviv,"Antonio Blakeney, Chris Jones, Collin Malcolm, Johnathan Motley, Tomer Ginat",FC Barcelona,"Kevin Punter, Tomas Satoransky, Tornike Shengelia, Will Clyburn, Willy Hernangomez",1,63,1.1,2.6,3,0,1,0,0,1,0,3,3,100,0,1,1,1,0,0,1,1,2,1,4,25,0,1,0,0,0,0,2,1,3,0,1,0,0,0,3.3,1.9,90.4,107.5,-17.2,107.5,90.4,17.2,1,0,0,0,0,0,0,1,0,0,0,0,0,3,1,33.3,1,0,0,0,0,0,1,0,0,0,0,0,0,0,2,0,0
AS Monaco,"Alpha Diallo, Daniel Theis, Mike James, Nikola Mirotic, Terry Tarpey",Zalgiris Kaunas,"Azuolas Tubelis, Deividas Sirvydis, Dustin Sleva, Edgaras Ulanovas, Nigel Williams-Goss",1,78,1.3,2.5,2,1,2,50,0,1,0,0,0,0,0,1,1,0,0,0,1,0,2,1,2,50,0,1,0,0,0,0,0,1,1,1,0,0,0,0,3.0,2.0,66.7,100,-33.3,100,66.7,33.3,0,0,0,0,1,1,100,1,0,0,0,0,0,1,1,100,1,0,0,0,0,0,1,0,0,0,0,0,0,0,0,0,0
Baskonia Vitoria-Gasteiz,"Hamidou Diallo, Khalifa Diop, Markquis Nowell, Tadas Sedekerskis, Trent Forrest",Olympiacos Piraeus,"Alec Peters, Donta Hall, Saben Lee, Thomas Walkup, Tyson Ward",1,80,1.3,2.5,2,1,2,50,0,1,0,0,0,0,1,0,1,0,0,0,1,0,7,3,3,100,1,1,100,0,0,0,0,0,0,2,1,0,0,1,1.9,3.0,103.6,233.3,-129.7,233.3,103.6,129.7,-5,0,0,0,1,1,100,1,0,0,0,0,0,2,2,100,1,1,100,0,0,0,1,0,0,0,0,0,0,0,0,3,3
Panathinaikos AKTOR Athens,"Alexandros Samodurov, Jerian Grant, Kostas Sloukas, Marius Grigonis, Omer Yurtseven",FC Bayern Munich,"Andreas Obst, David Mccormack, Isiaha Mike, Justinian Jessup, Kamar Baldwin",1,64,1.1,2.5,2,1,3,33.3,0,1,0,0,0,0,0,1,1,0,0,0,0,1,2,1,3,33.3,0,2,0,0,0,0,1,0,1,1,0,0,0,1,3.0,1.9,66.7,103.6,-37,103.6,66.7,37,0,0,0,0,2,1,50,1,0,0,0,0,0,1,1,100,2,0,0,0,0,0,0,0,0,0,0,0,0,0,0,0,0
Crvena Zvezda Meridianbet Belgrade,"Chima Moneke, Codi Miller-Mcintyre, Izundu Ebuka, Nikola Kalinic, Tyson Carter",EA7 Emporio Armani Milan,"Armoni Brooks, Devin Booker, Marko Guduric, Niccolo Mannion, Zach Leday",1,59,1.0,2.5,6,3,3,100,0,0,0,0,0,0,0,1,1,3,1,0,0,0,0,0,1,0,0,1,0,0,0,0,0,0,0,0,0,0,1,0,3.0,2.0,200,0,200,0,200,-200,6,0,0,0,3,3,100,0,0,0,0,0,0,0,0,0,1,0,0,0,0,0,0,0,0,0,1,0,2,4,0,0,0
Anadolu Efes Istanbul,"Ercan Osmani, Jordan Loyd, Kai Jones, Nick Weiler-Babb, Shane Larkin",Maccabi Rapyd Tel Aviv,"Jaylen Hoard, John Dibartolomeo, Marcio Santos, O'Shae J Brissett, Tamir Blatt",1,84,1.4,2.5,0,0,4,0,0,2,0,0,0,0,1,0,1,0,0,0,0,1,5,2,2,100,1,1,100,0,0,0,0,3,3,1,0,0,0,0,2.9,2.0,0,250,-250,250,0,250,-5,0,0,0,2,0,0,2,0,0,0,0,0,1,1,100,1,1,100,0,0,0,0,0,0,0,0,0,0,0,0,3,0
Dubai Basketball,"Dzanan Musa, Filip Petrusev, Justin Anderson, Mckinley Wright Iv, Mfiondu Kabengele",Partizan Mozzart Bet Belgrade,"Duane Washington, Dylan Osetkowski, Isaac Bonga, Jabari Parker, Shake Milton",1,117,1.9,2.5,5,2,2,100,1,1,100,0,0,0,0,1,1,0,0,0,0,0,4,2,4,50,0,1,0,0,0,0,1,0,1,0,0,0,0,1,2.0,2.9,250,136.5,113.5,136.5,250,-113.5,1,0,0,0,1,1,100,1,1,100,0,0,0,3,2,66.7,1,0,0,0,0,0,0,0,0,0,0,0,3,3,2,0,0
Hapoel IBI Tel Aviv,"Antonio Blakeney, Chris Jones, Ish Wainright, Johnathan Motley, Tomer Ginat",FC Barcelona,"Jan Vesely, Kevin Punter, Tomas Satoransky, Tornike Shengelia, Will Clyburn",1,91,1.5,2.5,2,1,2,50,0,0,0,0,0,0,0,0,0,0,0,0,0,0,7,3,4,75,1,2,50,0,0,0,1,1,2,2,0,0,0,0,2.0,2.9,100,238.9,-138.9,238.9,100,138.9,-5,0,0,0,2,1,50,0,0,0,0,0,0,2,2,100,2,1,50,0,0,0,0,0,0,0,0,0,0,0,2,2,0
Hapoel IBI Tel Aviv,"Chris Jones, Dan Oturu, Elijah Bryant, Ish Wainright, Vasilije Micic",FC Barcelona,"Jan Vesely, Kevin Punter, Tomas Satoransky, Tornike Shengelia, Will Clyburn",1,108,1.8,2.5,3,1,3,33.3,1,1,100,0,0,0,0,0,0,0,0,0,0,0,2,1,2,50,0,1,0,0,0,0,1,2,3,1,0,0,1,1,3.0,1.9,100,103.6,-3.6,103.6,100,3.6,1,0,0,0,2,0,0,1,1,100,0,0,0,1,1,100,1,0,0,0,0,0,0,0,0,0,1,0,0,3,0,0,0
LDLC ASVEL Villeurbanne,"Armel Traore, David Lighty, Edwin Jackson, Glynn Watson, Zachary Seljaas",Valencia Basket,"Ike Iroegbu, Jaime Pradilla, Kameron Taylor, Nathan Reuvers, Sergio De Larrea",1,86,1.4,2.4,0,0,2,0,0,1,0,0,0,0,0,1,1,0,0,0,0,1,2,0,1,0,0,1,0,2,2,100,0,2,2,1,0,0,1,1,2.0,2.9,0,69.4,-69.4,69.4,0,69.4,-2,0,0,0,1,0,0,1,0,0,0,0,0,0,0,0,1,0,0,0,0,0,0,0,0,0,1,0,0,0,0,0,0
LDLC ASVEL Villeurbanne,"Armel Traore, David Lighty, Edwin Jackson, Glynn Watson, Zachary Seljaas",Valencia Basket,"Ike Iroegbu, Jaime Pradilla, Kameron Taylor, Matthew Costello, Sergio De Larrea",1,112,1.9,2.4,4,2,4,50,0,1,0,0,0,0,1,0,1,0,0,0,0,0,2,1,2,50,0,0,0,0,0,0,1,0,1,0,0,0,2,2,1.9,2.9,215.1,68.3,146.8,68.3,215.1,-146.8,2,0,0,0,3,2,66.7,1,0,0,0,0,0,2,1,50,0,0,0,0,0,0,0,0,0,0,2,2,0,4,2,0,0
Fenerbahce Beko Istanbul,"Armando Bacot Jr., Bonzie Colson, Devon Hall, Nicolo Melli, Tarik Biberovic, Wade Baldwin Iv",Paris Basketball,"Daulton Hommes, Derek Willis, Ismael Bako, Nadir Hifi, Yakuba Ouattara",1,85,1.4,2.4,5,2,2,100,1,1,100,0,0,0,0,0,0,2,1,0,1,0,0,0,3,0,0,1,0,0,0,0,2,0,2,0,1,0,2,0,3.0,1.8,166.7,0,166.7,0,166.7,-166.7,5,0,0,0,1,1,100,1,1,100,0,0,0,2,0,0,1,0,0,0,0,0,1,0,0,0,2,0,0,3,0,0,0
Baskonia Vitoria-Gasteiz,"Khalifa Diop, Markus Howard, Tadas Sedekerskis, Timothe Luwawu-Cabarrot, Trent Forrest",Olympiacos Piraeus,"Alec Peters, Donta Hall, Saben Lee, Thomas Walkup, Tyson Ward",1,80,1.3,2.4,6,3,4,75,0,0,0,0,0,0,1,1,2,1,0,1,0,1,2,0,1,0,0,0,0,2,2,100,0,0,0,0,0,0,0,0,2.9,1.9,204.8,106.4,98.4,106.4,204.8,-98.4,4,0,0,0,4,3,75,0,0,0,0,0,0,1,0,0,0,0,0,0,0,0,0,0,0,0,0,2,2,0,0,0,0
Baskonia Vitoria-Gasteiz,"Hamidou Diallo, Luka Samanic, Markus Howard, Tadas Sedekerskis, Trent Forrest",Olympiacos Piraeus,"Alec Peters, Donta Hall, Thomas Walkup, Tyler Dorsey, Tyson Ward",1,71,1.2,2.4,0,0,1,0,0,1,0,0,0,0,0,2,2,0,0,0,1,1,2,0,2,0,0,0,0,2,2,100,0,1,1,1,1,0,0,1,2.0,2.9,0,69.4,-69.4,69.4,0,69.4,-2,0,0,0,0,0,0,1,0,0,0,0,0,2,0,0,0,0,0,0,0,0,1,0,0,0,0,0,0,0,0,0,0
Dubai Basketball,"Awudu Abass, Dwayne Bacon, Filip Petrusev, Klemen Prepelic, Kosta Kondic",Partizan Mozzart Bet Belgrade,"Carlik Jones, Isaac Bonga, Jabari Parker, Sterling Brown, Tyrique Jones",1,82,1.4,2.4,3,1,1,100,1,1,100,0,0,0,0,0,0,1,0,0,1,2,6,1,1,100,0,0,0,4,4,100,0,0,0,1,1,0,0,1,2.0,2.8,150,217.4,-67.4,217.4,150,67.4,-3,0,0,0,0,0,0,1,1,100,0,0,0,1,1,100,0,0,0,0,0,0,1,0,0,0,0,0,0,0,0,2,6
Dubai Basketball,"Davis Bertans, Dzanan Musa, Filip Petrusev, Justin Anderson, Mckinley Wright Iv",Partizan Mozzart Bet Belgrade,"Carlik Jones, Isaac Bonga, Jabari Parker, Sterling Brown, Tyrique Jones",1,60,1.0,2.4,5,2,2,100,1,1,100,0,0,0,0,0,0,2,2,0,0,0,2,0,2,0,0,2,0,2,2,100,2,0,2,0,0,0,2,0,2.0,2.7,250,73,177,73,250,-177,3,0,0,0,1,1,100,1,1,100,0,0,0,0,0,0,2,0,0,0,0,0,0,0,0,0,2,0,2,5,0,2,0
Hapoel IBI Tel Aviv,"Chris Jones, Collin Malcolm, Dan Oturu, Elijah Bryant, Ish Wainright",FC Barcelona,"Joel Parra, Kevin Punter, Nicolas Laprovittola, Will Clyburn, Youssoupha Fall",1,58,1.0,2.4,4,1,2,50,0,0,0,2,2,100,0,2,2,1,0,0,0,1,0,0,2,0,0,2,0,0,0,0,0,1,1,0,0,0,0,0,2.9,2.0,138.9,0,138.9,0,138.9,-138.9,4,0,0,0,2,1,50,0,0,0,0,0,0,0,0,0,2,0,0,0,0,0,0,0,0,0,0,0,0,0,0,0,0
LDLC ASVEL Villeurbanne,"David Lighty, Edwin Jackson, Glynn Watson, Mbaye Ndiaye, Zachary Seljaas",Valencia Basket,"Ike Iroegbu, Josep Puerto, Matthew Costello, Nathan Sestina, Sergio De Larrea",1,51,0.8,2.2,2,0,0,0,0,0,0,2,2,100,0,1,1,1,0,0,0,1,4,1,3,33.3,0,0,0,2,5,40,3,0,3,1,0,0,0,2,0.9,3.6,227.3,111.3,116,111.3,227.3,-116,-2,0,0,0,0,0,0,0,0,0,0,0,0,3,1,33.3,0,0,0,0,0,0,0,0,0,0,0,0,0,0,4,0,2
Virtus Bologna,"Alen Smailagic, Carsen Edwards, Derrick Alston Jr., Karim Jallow, Luca Vildoza, Saliou Niang",Real Madrid,"Chuma Okeke, Facundo Campazzo, Mario Hezonja, Sergio Llull, Walter Tavares",1,67,1.1,2.2,1,0,0,0,0,0,0,1,2,50,0,1,1,0,0,0,1,2,0,0,2,0,0,2,0,0,2,0,2,0,2,0,0,0,1,0,1.9,2.5,53.2,0,53.2,0,53.2,-53.2,1,0,0,0,0,0,0,0,0,0,0,0,0,0,0,0,2,0,0,0,0,0,1,0,0,0,1,0,0,0,0,0,0
Crvena Zvezda Meridianbet Belgrade,"Dejan Davidovac, Izundu Ebuka, Semi Ojeleye, Stefan Miljenovic, Tyson Carter",EA7 Emporio Armani Milan,"Devin Booker, Marko Guduric, Quinn Ellis, Shavon Shields, Vlatko Cancar",1,69,1.1,2.2,0,0,1,0,0,1,0,0,0,0,1,1,2,0,1,0,2,1,2,1,1,100,0,0,0,0,1,0,0,0,0,0,1,0,1,0,1.9,2.4,0,82,-82,82,0,82,-2,0,0,0,0,0,0,1,0,0,0,0,0,1,1,100,0,0,0,0,0,0,2,0,0,0,1,0,0,0,0,0,2
Baskonia Vitoria-Gasteiz,"Hamidou Diallo, Luka Samanic, Markus Howard, Tadas Sedekerskis, Trent Forrest",Olympiacos Piraeus,"Evan Fournier, Nikola Milutinov, Sasha Vezenkov, Thomas Walkup, Tyler Dorsey",1,61,1.0,2.1,1,0,2,0,0,1,0,1,1,100,0,1,1,0,0,0,0,2,2,0,2,0,0,1,0,2,2,100,1,2,3,0,0,0,0,0,2.4,1.8,41,110.5,-69.5,110.5,41,69.5,-1,0,0,0,1,0,0,1,0,0,0,0,0,1,0,0,1,0,0,0,0,0,0,0,0,0,0,0,0,0,0,0,0
Panathinaikos AKTOR Athens,"Kendrick Nunn, Konstantinos Mitoglou, Nikolaos Rogkavopoulos, Richaun Holmes, Tj Shorts",FC Bayern Munich,"Isiaha Mike, Stefan Jovic, Vladimir Lucic, Wenyen Gabriel, Xavier Rathan-Mayes",1,54,0.9,2.1,2,1,2,50,0,1,0,0,0,0,0,0,0,1,0,0,0,1,3,0,0,0,0,0,0,3,5,60,0,0,0,1,0,0,0,0,2.0,2.2,100,136.4,-36.4,136.4,100,36.4,-1,0,0,0,1,1,100,1,0,0,0,0,0,0,0,0,0,0,0,0,0,0,0,0,0,0,0,0,0,0,0,1,0
Dubai Basketball,"Davis Bertans, Dwayne Bacon, Dzanan Musa, Mckinley Wright Iv, Mfiondu Kabengele",Partizan Mozzart Bet Belgrade,"Carlik Jones, Dylan Osetkowski, Isaac Bonga, Shake Milton, Vanja Marinkovic",1,73,1.2,2.1,2,1,2,50,0,0,0,0,0,0,1,1,2,1,0,0,1,1,3,1,4,25,0,1,0,1,1,100,2,0,2,0,0,0,0,0,1.9,2.3,103.6,130.4,-26.8,130.4,103.6,26.8,-1,0,0,0,2,1,50,0,0,0,0,0,0,3,1,33.3,1,0,0,0,0,0,1,0,0,0,0,0,0,0,2,0,0
LDLC ASVEL Villeurbanne,"Bodian Massa, David Lighty, Edwin Jackson, Glynn Watson, Zachary Seljaas",Valencia Basket,"Darius Thompson, Ike Iroegbu, Josep Puerto, Matthew Costello, Nathan Reuvers",1,66,1.1,2.0,3,1,2,50,1,2,50,0,0,0,0,1,1,1,0,0,0,1,3,1,2,50,1,1,100,0,0,0,0,1,1,0,0,0,0,0,2.0,2.0,150,150,0,150,150,0,0,0,0,0,0,0,0,2,1,50,0,0,0,1,0,0,1,1,100,0,0,0,0,0,0,0,0,0,0,0,0,3,0
Fenerbahce Beko Istanbul,"Armando Bacot Jr., Mikael Jantunen, Onuralp Bitim, Tarik Biberovic, Wade Baldwin Iv",Paris Basketball,"Derek Willis, Justin Robinson, Mouhamed Faye, Sebastian Herrera, Yakuba Ouattara",1,54,0.9,2.0,0,0,2,0,0,2,0,0,0,0,0,0,0,0,0,0,0,0,0,0,1,0,0,0,0,0,0,0,0,2,2,0,0,0,1,0,2.0,2.0,0,0,0,0,0,0,0,0,0,0,0,0,0,2,0,0,0,0,0,1,0,0,0,0,0,0,0,0,0,0,0,0,1,0,0,0,0,0,0
Fenerbahce Beko Istanbul,"Armando Bacot Jr., Bonzie Colson, Devon Hall, Nicolo Melli, Tarik Biberovic, Wade Baldwin Iv",Paris Basketball,"Justin Robinson, Leopold Cavaliere, Mouhamed Faye, Sebastian Herrera, Yakuba Ouattara",1,62,1.0,2.0,3,1,3,33.3,1,1,100,0,0,0,1,0,1,1,0,0,0,0,5,2,2,100,1,1,100,0,0,0,0,1,1,0,0,0,0,0,1.9,2.0,155.4,250,-94.6,250,155.4,94.6,-2,0,0,0,2,0,0,1,1,100,0,0,0,1,1,100,1,1,100,0,0,0,0,0,0,0,0,0,0,0,0,0,0
AS Monaco,"Jaron Blossomgame, Kevarrius Hayes, Matthew Strazel, Nemanja Nedovic, Terry Tarpey",Zalgiris Kaunas,"Azuolas Tubelis, Ignas Brazdeikis, Maodo Lo, Moses Wright, Sylvain Francisco",1,77,1.3,2.0,0,0,2,0,0,0,0,0,0,0,0,0,0,0,0,0,0,1,3,1,2,50,1,1,100,0,0,0,0,2,2,1,0,0,0,0,2.0,2.0,0,150,-150,150,0,150,-3,0,0,0,2,0,0,0,0,0,0,0,0,1,0,0,1,1,100,0,0,0,0,0,0,0,0,0,0,0,0,3,3
AS Monaco,"Alpha Diallo, Daniel Theis, Elie Okobo, Mike James, Nikola Mirotic",Zalgiris Kaunas,"Dustin Sleva, Edgaras Ulanovas, Ignas Brazdeikis, Maodo Lo, Moses Wright",1,55,0.9,2.0,4,2,3,66.7,0,0,0,0,0,0,1,0,1,1,0,0,0,0,2,1,2,50,0,1,0,0,0,0,0,0,0,0,0,0,0,0,1.9,2.0,207.3,100,107.3,100,207.3,-107.3,2,0,0,0,3,2,66.7,0,0,0,0,0,0,1,1,100,1,0,0,0,0,0,0,0,0,0,0,2,2,0,0,0,0
Virtus Bologna,"Aliou Diarra, Daniel Hackett, Derrick Alston Jr., Luca Vildoza, Matthew Morgan, Saliou Niang",Real Madrid,"Andres Feliz, Mario Hezonja, Sergio Llull, Trey Lyles, Usman Garuba",1,78,1.3,2.0,2,1,3,33.3,0,1,0,0,0,0,1,1,2,0,0,0,0,2,0,0,2,0,0,1,0,0,0,0,0,1,1,0,0,0,0,0,1.9,2.0,103.6,0,103.6,0,103.6,-103.6,2,0,0,0,2,1,50,1,0,0,0,0,0,1,0,0,1,0,0,0,0,0,0,0,0,0,0,0,0,0,0,0,0
Virtus Bologna,"Alen Smailagic, Brandon Taylor, Derrick Alston Jr., Karim Jallow, Matthew Morgan",Real Madrid,"Andres Feliz, Chuma Okeke, Mario Hezonja, Sergio Llull, Walter Tavares",1,76,1.3,2.0,5,2,2,100,1,1,100,0,0,0,0,1,1,0,0,0,0,1,2,1,2,50,0,1,0,0,0,0,0,0,0,1,0,0,0,1,2.0,2.0,250,100,150,100,250,-150,3,0,0,0,1,1,100,1,1,100,0,0,0,1,1,100,1,0,0,0,0,0,0,0,0,0,0,0,0,0,0,0,0
Virtus Bologna,"Alen Smailagic, Carsen Edwards, Derrick Alston Jr., Karim Jallow, Luca Vildoza, Saliou Niang",Real Madrid,"Facundo Campazzo, Gabriel Deck, Mario Hezonja, Sergio Llull, Walter Tavares",1,69,1.1,2.0,2,1,2,50,0,0,0,0,0,0,0,1,1,1,0,0,0,0,0,0,1,0,0,1,0,0,0,0,0,1,1,0,0,0,1,1,2.0,2.0,100,0,100,0,100,-100,2,0,0,0,2,1,50,0,0,0,0,0,0,0,0,0,1,0,0,0,0,0,0,0,0,0,1,0,0,2,0,0,0
Virtus Bologna,"Alen Smailagic, Carsen Edwards, Derrick Alston Jr., Karim Jallow, Luca Vildoza, Saliou Niang",Real Madrid,"Andres Feliz, Facundo Campazzo, Gabriel Deck, Mario Hezonja, Walter Tavares",1,49,0.8,2.0,3,1,1,100,1,1,100,0,0,0,0,0,0,0,0,0,1,0,4,2,2,100,0,0,0,0,0,0,0,0,0,1,1,0,0,0,2.0,2.0,150,200,-50,200,150,50,-1,0,0,0,0,0,0,1,1,100,0,0,0,2,2,100,0,0,0,0,0,0,1,0,0,0,0,0,0,0,0,2,2
Crvena Zvezda Meridianbet Belgrade,"Dejan Davidovac, Jasiel Rivero, Jordan Nwora, Stefan Miljenovic, Tyson Carter",EA7 Emporio Armani Milan,"Armoni Brooks, Devin Booker, Niccolo Mannion, Shavon Shields, Vlatko Cancar",1,69,1.1,2.0,2,1,3,33.3,0,0,0,0,0,0,1,0,1,0,1,0,0,0,0,0,0,0,0,0,0,0,0,0,0,1,1,0,0,0,2,0,1.9,2.0,103.6,0,103.6,0,103.6,-103.6,2,0,0,0,3,1,33.3,0,0,0,0,0,0,0,0,0,0,0,0,0,0,0,0,0,0,0,2,0,0,2,0,0,0
Anadolu Efes Istanbul,"Georgios Papagiannis, Nick Weiler-Babb, Rolands Smits, Sehmus Hazer, Shane Larkin",Maccabi Rapyd Tel Aviv,"Jeffrey Dowtin Jr, Lonnie Walker Iv, Marcio Santos, O'Shae J Brissett, Tj Leaf",1,76,1.3,2.0,3,1,2,50,1,2,50,0,0,0,1,1,2,1,0,0,1,0,3,1,2,50,1,2,50,0,0,0,0,0,0,1,1,1,0,1,1.9,2.0,155.4,150,5.4,150,155.4,-5.4,0,0,0,0,0,0,0,2,1,50,0,0,0,0,0,0,2,1,50,0,0,0,1,0,0,0,0,0,0,3,0,0,0
Dubai Basketball,"Davis Bertans, Dwayne Bacon, Dzanan Musa, Filip Petrusev, Mckinley Wright Iv",Partizan Mozzart Bet Belgrade,"Arijan Lakic, Carlik Jones, Jabari Parker, Sterling Brown, Tyrique Jones",1,69,1.1,2.0,3,1,2,50,1,1,100,0,0,0,0,0,0,0,1,0,0,0,2,1,1,100,0,0,0,0,0,0,0,1,1,1,0,0,1,1,2.0,2.0,150,100,50,100,150,-50,1,0,0,0,1,0,0,1,1,100,0,0,0,1,1,100,0,0,0,0,0,0,0,0,0,0,1,0,0,0,0,2,0
Dubai Basketball,"Filip Petrusev, Justin Anderson, Kenan Kamenjas, Klemen Prepelic, Kosta Kondic",Partizan Mozzart Bet Belgrade,"Duane Washington, Dylan Osetkowski, Isaac Bonga, Jabari Parker, Shake Milton",1,45,0.8,2.0,0,0,1,0,0,1,0,0,0,0,0,1,1,0,0,0,1,0,2,1,2,50,0,0,0,0,0,0,0,0,0,1,0,0,0,0,2.0,2.0,0,100,-100,100,0,100,-2,0,0,0,0,0,0,1,0,0,0,0,0,2,1,50,0,0,0,0,0,0,1,0,0,0,0,0,0,0,0,0,2
Dubai Basketball,"Davis Bertans, Dzanan Musa, Filip Petrusev, Justin Anderson, Mckinley Wright Iv",Partizan Mozzart Bet Belgrade,"Aleksej Pokusevski, Carlik Jones, Isaac Bonga, Sterling Brown, Tyrique Jones",1,81,1.4,2.0,2,1,2,50,0,1,0,0,0,0,0,1,1,0,0,0,0,0,3,1,3,33.3,1,1,100,0,0,0,1,0,1,1,0,0,0,1,2.0,1.9,100,155.4,-55.4,155.4,100,55.4,-1,0,0,0,1,1,100,1,0,0,0,0,0,2,0,0,1,1,100,0,0,0,0,0,0,0,0,0,0,0,0,0,0
LDLC ASVEL Villeurbanne,"Bastien Vautier, Mbaye Ndiaye, Nando De Colo, Shaquille Harrison, Zachary Seljaas",Valencia Basket,"Darius Thompson, Ike Iroegbu, Kameron Taylor, Nathan Sestina, Neal Sako",1,42,0.7,1.9,5,1,1,100,1,1,100,2,2,100,0,1,1,0,1,0,0,0,0,0,1,0,0,0,0,0,0,0,0,0,0,0,0,0,1,1,1.9,2.0,266,0,266,0,266,-266,5,0,0,0,0,0,0,1,1,100,0,0,0,1,0,0,0,0,0,0,0,0,0,0,0,0,1,0,3,3,0,0,0
LDLC ASVEL Villeurbanne,"Bastien Vautier, David Lighty, Edwin Jackson, Glynn Watson, Melvin Ajinca",Valencia Basket,"Darius Thompson, Jaime Pradilla, Josep Puerto, Nathan Reuvers, Omari Moore",1,47,0.8,1.9,2,0,1,0,0,1,0,2,2,100,0,0,0,0,0,0,0,0,2,1,1,100,0,0,0,0,0,0,0,1,1,1,0,1,1,0,1.9,2.0,106.4,100,6.4,100,106.4,-6.4,0,0,0,0,0,0,0,1,0,0,0,0,0,1,1,100,0,0,0,0,0,0,0,0,0,0,1,0,0,0,0,2,0
LDLC ASVEL Villeurbanne,"Bastien Vautier, David Lighty, Edwin Jackson, Shaquille Harrison, Zachary Seljaas",Valencia Basket,"Darius Thompson, Jaime Pradilla, Kameron Taylor, Nathan Reuvers, Omari Moore",1,68,1.1,1.9,1,0,1,0,0,1,0,1,2,50,0,2,2,1,0,0,0,0,0,0,2,0,0,2,0,0,0,0,0,1,1,0,0,0,0,2,1.9,2.0,53.2,0,53.2,0,53.2,-53.2,1,0,0,0,0,0,0,1,0,0,0,0,0,0,0,0,2,0,0,0,0,0,0,0,0,0,0,0,1,0,0,0,0
Fenerbahce Beko Istanbul,"Armando Bacot Jr., Onuralp Bitim, Talen Horton Tucker, Tarik Biberovic, Wade Baldwin Iv",Paris Basketball,"Daulton Hommes, Derek Willis, Jeremy Morgan, Mouhamed Faye, Nadir Hifi",1,72,1.2,1.9,3,1,1,100,0,0,0,1,2,50,0,0,0,1,0,0,0,0,6,2,2,100,2,2,100,0,0,0,0,1,1,0,0,0,0,1,1.9,2.0,159.6,300,-140.4,300,159.6,140.4,-3,0,0,0,1,1,100,0,0,0,0,0,0,0,0,0,2,2,100,0,0,0,0,0,0,0,0,0,0,0,0,3,3
Fenerbahce Beko Istanbul,"Armando Bacot Jr., Bonzie Colson, Devon Hall, Nicolo Melli, Tarik Biberovic",Paris Basketball,"Allan Dokossi, Amath M'Baye, Justin Robinson, Leopold Cavaliere, Sebastian Herrera",1,74,1.2,1.9,0,0,1,0,0,0,0,0,0,0,0,1,1,0,0,0,1,0,0,0,4,0,0,1,0,0,0,0,1,1,2,0,1,0,0,0,2.0,1.9,0,0,0,0,0,0,0,0,0,0,1,0,0,0,0,0,0,0,0,3,0,0,1,0,0,0,0,0,1,0,0,0,0,0,0,0,0,0,0
Fenerbahce Beko Istanbul,"Armando Bacot Jr., Devon Hall, Mikael Jantunen, Nicolo Melli, Talen Horton Tucker, Wade Baldwin Iv",Paris Basketball,"Allan Dokossi, Derek Willis, Justin Robinson, Nadir Hifi, Yakuba Ouattara",1,44,0.7,1.9,5,2,2,100,1,1,100,0,0,0,0,1,1,2,0,0,0,0,1,0,1,0,0,0,0,1,2,50,0,0,0,0,0,0,0,0,2.0,1.9,250,53.2,196.8,53.2,250,-196.8,4,0,0,0,1,1,100,1,1,100,0,0,0,1,0,0,0,0,0,0,0,0,0,0,0,0,0,0,0,0,0,0,0
Fenerbahce Beko Istanbul,"Armando Bacot Jr., Devon Hall, Khem Birch, Talen Horton Tucker, Tarik Biberovic, Wade Baldwin Iv",Paris Basketball,"Derek Willis, Ismael Bako, Justin Robinson, Sebastian Herrera, Yakuba Ouattara",1,59,1.0,1.9,0,0,1,0,0,0,0,0,0,0,0,2,2,0,0,0,1,1,0,0,1,0,0,1,0,0,2,0,0,1,1,0,1,0,0,0,2.0,1.9,0,0,0,0,0,0,0,0,0,0,1,0,0,0,0,0,0,0,0,0,0,0,1,0,0,0,0,0,1,0,0,0,0,0,0,0,0,0,0
AS Monaco,"Daniel Theis, Elie Okobo, Matthew Strazel, Nemanja Nedovic, Nikola Mirotic",Zalgiris Kaunas,"Arnas Butkevicius, Edgaras Ulanovas, Maodo Lo, Moses Wright, Nigel Williams-Goss",1,76,1.3,1.9,2,0,1,0,0,0,0,2,2,100,1,1,2,1,0,0,1,3,2,1,2,50,0,0,0,0,1,0,1,0,1,1,0,0,0,1,1.8,1.9,110.5,105,5.5,105,110.5,-5.5,0,0,0,0,1,0,0,0,0,0,0,0,0,2,1,50,0,0,0,0,0,0,1,0,0,0,0,0,0,0,0,0,2
Baskonia Vitoria-Gasteiz,"Clement Frisch, Hamidou Diallo, Luka Samanic, Markquis Nowell, Timothe Luwawu-Cabarrot",Olympiacos Piraeus,"Alec Peters, Kostas Papanikolaou, Nikola Milutinov, Thomas Walkup, Tyson Ward",1,70,1.2,1.9,2,1,2,50,0,0,0,0,0,0,0,1,1,0,0,0,0,1,2,0,1,0,0,0,0,2,2,100,0,1,1,0,0,0,0,0,2.0,1.9,100,106.4,-6.4,106.4,100,6.4,0,0,0,0,2,1,50,0,0,0,0,0,0,1,0,0,0,0,0,0,0,0,0,0,0,0,0,0,0,0,0,0,0
Panathinaikos AKTOR Athens,"Jerian Grant, Juancho Hernangomez, Kendrick Nunn, Nikolaos Rogkavopoulos, Richaun Holmes",FC Bayern Munich,"Andreas Obst, David Mccormack, Justinian Jessup, Kamar Baldwin, Niels Giffey",1,106,1.8,1.9,2,1,3,33.3,0,2,0,0,0,0,2,0,2,1,0,0,1,0,2,1,2,50,0,0,0,0,0,0,0,0,0,1,0,0,0,1,1.9,2.0,107.5,100,7.5,100,107.5,-7.5,0,0,0,0,1,1,100,2,0,0,0,0,0,2,1,50,0,0,0,0,0,0,1,0,0,0,0,0,0,0,0,0,0
Panathinaikos AKTOR Athens,"Alexandros Samodurov, Kendrick Nunn, Kostas Sloukas, Omer Yurtseven, Tj Shorts",FC Bayern Munich,"Andreas Obst, David Mccormack, Isiaha Mike, Justinian Jessup, Kamar Baldwin",1,94,1.6,1.9,3,1,3,33.3,1,3,33.3,0,0,0,1,0,1,1,0,0,1,0,4,2,2,100,0,0,0,0,0,0,0,0,0,0,0,0,0,0,1.9,2.0,161.3,200,-38.7,200,161.3,38.7,-1,0,0,0,0,0,0,3,1,33.3,0,0,0,2,2,100,0,0,0,0,0,0,1,0,0,0,0,0,0,0,0,0,2
Crvena Zvezda Meridianbet Belgrade,"Dejan Davidovac, Izundu Ebuka, Semi Ojeleye, Stefan Miljenovic, Tyson Carter",EA7 Emporio Armani Milan,"Devin Booker, Leandro Bolmaro, Marko Guduric, Quinn Ellis, Vlatko Cancar",1,77,1.3,1.9,2,1,3,33.3,0,1,0,0,0,0,1,1,2,1,0,0,1,0,4,1,1,100,1,1,100,1,2,50,0,0,0,1,1,0,0,0,1.9,1.9,107.5,212.8,-105.2,212.8,107.5,105.2,-2,0,0,0,2,1,50,1,0,0,0,0,0,0,0,0,1,1,100,0,0,0,1,0,0,0,0,0,0,0,0,0,3
Hapoel IBI Tel Aviv,"Dan Oturu, Elijah Bryant, Ish Wainright, Tomer Ginat, Vasilije Micic",FC Barcelona,"Kevin Punter, Myles Cale, Tomas Satoransky, Tornike Shengelia, Willy Hernangomez",1,59,1.0,1.9,2,1,2,50,0,0,0,0,0,0,1,0,1,0,0,0,1,1,1,0,0,0,0,0,0,1,2,50,0,0,0,1,1,0,1,1,1.9,1.9,103.6,53.2,50.4,53.2,103.6,-50.4,1,0,0,0,2,1,50,0,0,0,0,0,0,0,0,0,0,0,0,0,0,0,1,0,0,0,1,2,0,0,0,1,1
Hapoel IBI Tel Aviv,"Antonio Blakeney, Chris Jones, Dan Oturu, Ish Wainright, Vasilije Micic",FC Barcelona,"Jan Vesely, Kevin Punter, Tomas Satoransky, Tornike Shengelia, Will Clyburn",1,52,0.9,1.9,0,0,1,0,0,0,0,0,0,0,0,0,0,0,0,0,0,0,4,2,3,66.7,0,0,0,0,2,0,2,1,3,0,0,1,0,0,1.0,2.8,0,142.3,-142.3,142.3,0,142.3,-4,0,0,0,1,0,0,0,0,0,0,0,0,3,2,66.7,0,0,0,0,0,0,0,0,0,0,0,0,0,0,4,0,0
Fenerbahce Beko Istanbul,"Armando Bacot Jr., Devon Hall, Mikael Jantunen, Nicolo Melli, Talen Horton Tucker, Tarik Biberovic",Paris Basketball,"Daulton Hommes, Derek Willis, Ismael Bako, Nadir Hifi, Yakuba Ouattara",1,54,0.9,1.8,4,1,2,50,1,2,50,1,2,50,1,1,2,1,0,0,0,1,2,0,1,0,0,1,0,2,2,100,0,0,0,0,0,0,0,0,1.8,1.9,221,106.4,114.6,106.4,221,-114.6,2,0,0,0,0,0,0,2,1,50,0,0,0,0,0,0,1,0,0,0,0,0,0,0,0,0,0,3,0,4,0,0,0
Fenerbahce Beko Istanbul,"Armando Bacot Jr., Devon Hall, Khem Birch, Metecan Birsen, Onuralp Bitim, Wade Baldwin Iv",Paris Basketball,"Amath M'Baye, Ismael Bako, Jeremy Morgan, Nadir Hifi, Yakuba Ouattara",1,26,0.4,1.8,5,1,1,100,0,0,0,3,4,75,0,1,1,1,0,0,0,1,0,0,2,0,0,0,0,0,0,0,1,0,1,0,0,0,0,1,2.8,0.9,181.2,0,181.2,0,181.2,-181.2,5,0,0,0,1,1,100,0,0,0,0,0,0,2,0,0,0,0,0,0,0,0,0,0,0,0,0,0,2,0,0,0,0
Baskonia Vitoria-Gasteiz,"Clement Frisch, Luka Samanic, Markquis Nowell, Matteo Spagnolo, Timothe Luwawu-Cabarrot",Olympiacos Piraeus,"Evan Fournier, Nikola Milutinov, Saben Lee, Sasha Vezenkov, Tyler Dorsey",1,53,0.9,1.8,1,0,0,0,0,0,0,1,2,50,0,1,1,0,0,0,1,1,2,0,2,0,0,0,0,2,2,100,1,0,1,0,1,0,0,1,1.9,1.8,53.2,110.5,-57.3,110.5,53.2,57.3,-1,0,0,0,0,0,0,0,0,0,0,0,0,2,0,0,0,0,0,0,0,0,1,0,0,0,0,0,1,0,0,2,2
LDLC ASVEL Villeurbanne,"Bastien Vautier, David Lighty, Edwin Jackson, Glynn Watson, Melvin Ajinca",Valencia Basket,"Darius Thompson, Jaime Pradilla, Kameron Taylor, Nathan Reuvers, Omari Moore",1,40,0.7,1.7,2,1,2,50,0,0,0,0,0,0,0,0,0,1,1,0,0,0,1,0,0,0,0,0,0,1,1,100,0,1,1,0,0,0,1,0,2.0,1.4,100,69.4,30.6,69.4,100,-30.6,1,0,0,0,2,1,50,0,0,0,0,0,0,0,0,0,0,0,0,0,0,0,0,0,0,0,1,0,2,2,0,0,0
Fenerbahce Beko Istanbul,"Armando Bacot Jr., Bonzie Colson, Khem Birch, Nicolo Melli, Onuralp Bitim, Wade Baldwin Iv",Paris Basketball,"Derek Willis, Ismael Bako, Nadir Hifi, Sebastian Herrera, Yakuba Ouattara",1,48,0.8,1.7,3,1,1,100,0,0,0,1,1,100,0,1,1,1,0,0,0,0,0,0,1,0,0,0,0,0,0,0,0,0,0,0,0,0,1,1,1.4,2.0,208.3,0,208.3,0,208.3,-208.3,3,0,0,0,1,1,100,0,0,0,0,0,0,1,0,0,0,0,0,0,0,0,0,0,0,0,1,0,0,0,0,0,0
Fenerbahce Beko Istanbul,"Armando Bacot Jr., Bonzie Colson, Devon Hall, Khem Birch, Nicolo Melli",Paris Basketball,"Allan Dokossi, Amath M'Baye, Justin Robinson, Leopold Cavaliere, Sebastian Herrera",1,48,0.8,1.7,1,0,1,0,0,1,0,1,2,50,1,1,2,0,0,0,1,1,0,0,1,0,0,0,0,0,0,0,0,1,1,0,1,0,0,1,2.3,1.0,42.6,0,42.6,0,42.6,-42.6,1,0,0,0,0,0,0,1,0,0,0,0,0,1,0,0,0,0,0,0,0,0,1,0,0,0,0,0,0,1,0,0,0
Fenerbahce Beko Istanbul,"Armando Bacot Jr., Devon Hall, Khem Birch, Nicolo Melli, Talen Horton Tucker, Tarik Biberovic",Paris Basketball,"Allan Dokossi, Amath M'Baye, Daulton Hommes, Jeremy Morgan, Nadir Hifi",1,46,0.8,1.7,3,1,2,50,1,2,50,0,0,0,0,0,0,1,1,0,0,1,1,0,0,0,0,0,0,1,1,100,0,1,1,0,0,0,1,0,2.0,1.4,150,69.4,80.6,69.4,150,-80.6,2,0,0,0,0,0,0,2,1,50,0,0,0,0,0,0,0,0,0,0,0,0,0,0,0,0,1,0,0,0,0,0,0
Fenerbahce Beko Istanbul,"Armando Bacot Jr., Devon Hall, Khem Birch, Talen Horton Tucker, Tarik Biberovic, Wade Baldwin Iv",Paris Basketball,"Allan Dokossi, Daulton Hommes, Derek Willis, Justin Robinson, Yakuba Ouattara",1,54,0.9,1.7,2,1,2,50,0,1,0,0,0,0,0,1,1,1,0,0,0,2,2,1,1,100,0,0,0,0,1,0,0,1,1,0,0,0,0,0,2.0,1.4,100,138.9,-38.9,138.9,100,38.9,0,0,0,0,1,1,100,1,0,0,0,0,0,1,1,100,0,0,0,0,0,0,0,0,0,0,0,0,0,0,0,2,0
Virtus Bologna,"Daniel Hackett, Derrick Alston Jr., Luca Vildoza, Matthew Morgan, Mouhamet Diouf, Saliou Niang",Real Madrid,"Andres Feliz, Chuma Okeke, Mario Hezonja, Sergio Llull, Usman Garuba",1,28,0.5,1.7,3,1,1,100,1,1,100,0,0,0,0,1,1,0,0,0,0,0,2,0,0,0,0,0,0,2,3,66.7,0,0,0,0,0,0,1,0,1.0,2.3,300,86.2,213.8,86.2,300,-213.8,1,0,0,0,0,0,0,1,1,100,0,0,0,0,0,0,0,0,0,0,0,0,0,0,0,0,1,0,0,0,0,2,0
Virtus Bologna,"Alen Smailagic, Brandon Taylor, Carsen Edwards, Derrick Alston Jr., Karim Jallow",Real Madrid,"Alberto Abalde, Chuma Okeke, Facundo Campazzo, Mario Hezonja, Walter Tavares",1,68,1.1,1.7,2,1,3,33.3,0,1,0,0,0,0,1,1,2,0,0,1,0,0,0,0,3,0,0,1,0,0,0,0,1,1,2,0,0,0,0,0,1.9,1.4,103.6,0,103.6,0,103.6,-103.6,2,0,0,0,2,1,50,1,0,0,0,0,0,2,0,0,1,0,0,0,0,0,0,0,0,0,0,2,0,0,0,0,0
Panathinaikos AKTOR Athens,"Kendrick Nunn, Konstantinos Mitoglou, Nikolaos Rogkavopoulos, Omer Yurtseven, Tj Shorts",FC Bayern Munich,"Isiaha Mike, Stefan Jovic, Vladimir Lucic, Wenyen Gabriel, Xavier Rathan-Mayes",1,47,0.8,1.7,2,0,1,0,0,1,0,2,3,66.7,0,0,0,1,0,0,0,1,0,0,0,0,0,0,0,0,0,0,0,1,1,0,0,0,1,1,2.3,1.0,86.2,0,86.2,0,86.2,-86.2,2,0,0,0,0,0,0,1,0,0,0,0,0,0,0,0,0,0,0,0,0,0,0,0,0,0,1,2,0,0,0,0,0
Crvena Zvezda Meridianbet Belgrade,"Codi Miller-Mcintyre, Dejan Davidovac, Semi Ojeleye, Stefan Miljenovic, Tyson Carter",EA7 Emporio Armani Milan,"Armoni Brooks, Devin Booker, Giampaolo Ricci, Marko Guduric, Quinn Ellis",1,34,0.6,1.7,0,0,0,0,0,0,0,0,0,0,0,0,0,0,0,0,2,2,3,1,1,100,0,0,0,1,1,100,0,0,0,0,2,0,0,0,2.0,1.4,0,208.3,-208.3,208.3,0,208.3,-3,0,0,0,0,0,0,0,0,0,0,0,0,1,1,100,0,0,0,0,0,0,2,0,0,0,0,0,0,0,0,0,2
Anadolu Efes Istanbul,"Ercan Osmani, Isaia Cordinier, Jordan Loyd, Rolands Smits, Shane Larkin",Maccabi Rapyd Tel Aviv,"Jaylen Hoard, Lonnie Walker Iv, O'Shae J Brissett, Roman Sorkin, Tamir Blatt",1,53,0.9,1.7,1,0,0,0,0,0,0,1,1,100,0,1,1,0,0,0,1,0,2,1,2,50,0,1,0,0,0,0,0,0,0,1,0,0,0,1,1.4,2.0,69.4,100,-30.6,100,69.4,30.6,-1,0,0,0,0,0,0,0,0,0,0,0,0,1,1,100,1,0,0,0,0,0,1,0,0,0,0,0,0,0,0,0,0
Crvena Zvezda Meridianbet Belgrade,"Chima Moneke, Codi Miller-Mcintyre, Izundu Ebuka, Nikola Kalinic, Tyson Carter",EA7 Emporio Armani Milan,"Armoni Brooks, Devin Booker, Giampaolo Ricci, Marko Guduric, Niccolo Mannion",1,61,1.0,1.6,2,0,0,0,0,0,0,2,3,66.7,0,0,0,1,1,0,0,0,3,1,4,25,1,4,25,0,0,0,3,0,3,1,0,0,1,1,1.3,1.8,151.5,167.6,-16.1,167.6,151.5,16.1,-1,0,0,0,0,0,0,0,0,0,0,0,0,0,0,0,4,1,25,0,0,0,0,0,0,0,1,0,1,1,3,0,0
LDLC ASVEL Villeurbanne,"David Lighty, Edwin Jackson, Mbaye Ndiaye, Melvin Ajinca, Shaquille Harrison",Valencia Basket,"Darius Thompson, Jaime Pradilla, Josep Puerto, Matthew Costello, Omari Moore",1,65,1.1,1.5,0,0,2,0,0,1,0,0,0,0,1,1,2,0,0,0,0,0,2,1,2,50,0,1,0,0,0,0,0,1,1,1,0,0,0,0,0.9,2.0,0,100,-100,100,0,100,-2,0,0,0,1,0,0,1,0,0,0,0,0,1,1,100,1,0,0,0,0,0,0,0,0,0,0,0,0,0,0,0,0
LDLC ASVEL Villeurbanne,"Bastien Vautier, Mbaye Ndiaye, Melvin Ajinca, Nando De Colo, Shaquille Harrison",Valencia Basket,"Darius Thompson, Ike Iroegbu, Josep Puerto, Nathan Sestina, Neal Sako",1,50,0.8,1.5,0,0,0,0,0,0,0,0,0,0,0,0,0,0,0,0,1,0,3,1,2,50,1,1,100,0,0,0,0,0,0,1,1,0,0,1,1.0,2.0,0,150,-150,150,0,150,-3,0,0,0,0,0,0,0,0,0,0,0,0,1,0,0,1,1,100,0,0,0,1,0,0,0,0,0,0,0,0,0,3
LDLC ASVEL Villeurbanne,"Bastien Vautier, David Lighty, Edwin Jackson, Shaquille Harrison, Zachary Seljaas",Valencia Basket,"Jaime Pradilla, Kameron Taylor, Nathan Reuvers, Omari Moore, Sergio De Larrea",1,62,1.0,1.5,3,1,2,50,1,2,50,0,0,0,0,0,0,1,0,0,0,2,3,1,1,100,1,1,100,0,0,0,0,1,1,1,0,0,0,0,2.0,1.0,150,300,-150,300,150,150,0,0,0,0,0,0,0,2,1,50,0,0,0,0,0,0,1,1,100,0,0,0,0,0,0,0,0,0,0,0,0,0,0
LDLC ASVEL Villeurbanne,"Bodian Massa, David Lighty, Glynn Watson, Nando De Colo, Zachary Seljaas",Valencia Basket,"Ike Iroegbu, Josep Puerto, Matthew Costello, Nathan Sestina, Omari Moore",1,45,0.8,1.5,3,1,2,50,1,2,50,0,0,0,0,1,1,1,0,0,0,1,0,0,1,0,0,1,0,0,0,0,0,1,1,0,0,0,0,0,2.0,1.0,150,0,150,0,150,-150,3,0,0,0,0,0,0,2,1,50,0,0,0,0,0,0,1,0,0,0,0,0,0,0,0,0,0,0,0,0,0,0,0
Fenerbahce Beko Istanbul,"Armando Bacot Jr., Bonzie Colson, Nicolo Melli, Talen Horton Tucker, Tarik Biberovic, Wade Baldwin Iv",Paris Basketball,"Daulton Hommes, Derek Willis, Ismael Bako, Nadir Hifi, Yakuba Ouattara",1,58,1.0,1.5,2,1,2,50,0,1,0,0,0,0,0,0,0,1,1,0,0,1,0,0,0,0,0,0,0,0,0,0,0,1,1,0,0,0,1,0,2.0,1.0,100,0,100,0,100,-100,2,0,0,0,1,1,100,1,0,0,0,0,0,0,0,0,0,0,0,0,0,0,0,0,0,0,1,0,0,0,0,0,0
Fenerbahce Beko Istanbul,"Armando Bacot Jr., Devon Hall, Mikael Jantunen, Nicolo Melli, Tarik Biberovic, Wade Baldwin Iv",Paris Basketball,"Justin Robinson, Leopold Cavaliere, Mouhamed Faye, Sebastian Herrera, Yakuba Ouattara",1,44,0.7,1.5,2,1,2,50,0,1,0,0,0,0,0,1,1,0,0,0,0,0,0,0,1,0,0,1,0,0,0,0,0,1,1,0,0,0,0,1,2.0,1.0,100,0,100,0,100,-100,2,0,0,0,1,1,100,1,0,0,0,0,0,0,0,0,1,0,0,0,0,0,0,0,0,0,0,0,0,0,0,0,0
Fenerbahce Beko Istanbul,"Armando Bacot Jr., Devon Hall, Khem Birch, Mikael Jantunen, Talen Horton Tucker, Wade Baldwin Iv",Paris Basketball,"Allan Dokossi, Amath M'Baye, Daulton Hommes, Jeremy Morgan, Nadir Hifi",1,41,0.7,1.5,0,0,1,0,0,1,0,0,0,0,0,1,1,0,0,0,0,1,2,1,2,50,0,0,0,0,0,0,0,1,1,1,0,0,0,0,1.0,2.0,0,100,-100,100,0,100,-2,0,0,0,0,0,0,1,0,0,0,0,0,2,1,50,0,0,0,0,0,0,0,0,0,0,0,0,0,0,0,2,0
Fenerbahce Beko Istanbul,"Armando Bacot Jr., Khem Birch, Nicolo Melli, Onuralp Bitim, Tarik Biberovic, Wade Baldwin Iv",Paris Basketball,"Allan Dokossi, Amath M'Baye, Daulton Hommes, Jeremy Morgan, Nadir Hifi",1,69,1.1,1.5,3,1,1,100,1,1,100,0,0,0,0,0,0,1,0,0,0,0,3,1,1,100,1,1,100,0,0,0,0,0,0,1,0,0,1,1,1.0,2.0,300,150,150,150,300,-150,0,0,0,0,0,0,0,1,1,100,0,0,0,0,0,0,1,1,100,0,0,0,0,0,0,0,1,0,0,3,0,3,0
AS Monaco,"Daniel Theis, Elie Okobo, Jaron Blossomgame, Matthew Strazel, Nemanja Nedovic",Zalgiris Kaunas,"Edgaras Ulanovas, Ignas Brazdeikis, Maodo Lo, Moses Wright, Sylvain Francisco",1,44,0.7,1.5,0,0,1,0,0,0,0,0,0,0,0,0,0,0,0,0,0,0,2,1,2,50,0,1,0,0,0,0,0,1,1,0,0,0,0,0,1.0,2.0,0,100,-100,100,0,100,-2,0,0,0,1,0,0,0,0,0,0,0,0,1,1,100,1,0,0,0,0,0,0,0,0,0,0,0,0,0,0,0,0
AS Monaco,"Daniel Theis, Elie Okobo, Jaron Blossomgame, Matthew Strazel, Nemanja Nedovic",Zalgiris Kaunas,"Arnas Butkevicius, Deividas Sirvydis, Edgaras Ulanovas, Moses Wright, Sylvain Francisco",1,24,0.4,1.5,4,2,2,100,0,0,0,0,0,0,0,0,0,0,1,0,0,0,0,0,0,0,0,0,0,0,0,0,0,0,0,0,0,0,1,0,2.0,1.0,200,0,200,0,200,-200,4,0,0,0,2,2,100,0,0,0,0,0,0,0,0,0,0,0,0,0,0,0,0,0,0,0,1,0,2,2,0,0,0
AS Monaco,"Daniel Theis, Elie Okobo, Jaron Blossomgame, Matthew Strazel, Mike James",Zalgiris Kaunas,"Deividas Sirvydis, Dustin Sleva, Edgaras Ulanovas, Moses Wright, Sylvain Francisco",1,64,1.1,1.5,2,1,3,33.3,0,2,0,0,0,0,1,1,2,1,0,0,0,1,0,0,1,0,0,1,0,0,0,0,0,1,1,0,0,0,0,0,1.9,1.0,103.6,0,103.6,0,103.6,-103.6,2,0,0,0,1,1,100,2,0,0,0,0,0,0,0,0,1,0,0,0,0,0,0,0,0,0,0,0,0,0,0,0,0
AS Monaco,"Alpha Diallo, Kevarrius Hayes, Matthew Strazel, Mike James, Nikola Mirotic",Zalgiris Kaunas,"Dustin Sleva, Edgaras Ulanovas, Maodo Lo, Moses Wright, Sylvain Francisco",1,46,0.8,1.5,0,0,0,0,0,0,0,0,0,0,0,1,1,0,0,1,1,1,3,1,2,50,1,1,100,0,0,0,0,0,0,1,0,0,0,1,1.0,2.0,0,150,-150,150,0,150,-3,0,0,0,0,0,0,0,0,0,0,0,0,1,0,0,1,1,100,0,0,0,1,0,0,0,0,0,0,0,0,0,3
Virtus Bologna,"Aliou Diarra, Brandon Taylor, Carsen Edwards, Daniel Hackett, Derrick Alston Jr.",Real Madrid,"Andres Feliz, Bruno Fernando, Chuma Okeke, David Kraemer, Sergio Llull",1,51,0.8,1.5,2,1,2,50,0,1,0,0,0,0,0,0,0,1,0,0,0,0,2,1,1,100,0,0,0,0,0,0,0,1,1,0,0,0,0,0,2.0,1.0,100,200,-100,200,100,100,0,0,0,0,1,1,100,1,0,0,0,0,0,1,1,100,0,0,0,0,0,0,0,0,0,0,0,0,0,0,0,0,0
Baskonia Vitoria-Gasteiz,"Hamidou Diallo, Khalifa Diop, Tadas Sedekerskis, Timothe Luwawu-Cabarrot, Trent Forrest",Olympiacos Piraeus,"Kostas Papanikolaou, Nikola Milutinov, Saben Lee, Sasha Vezenkov, Tyson Ward",1,39,0.7,1.5,5,2,2,100,1,1,100,0,0,0,0,0,0,1,1,0,0,1,0,0,0,0,0,0,0,0,0,0,0,0,0,0,0,0,1,0,2.0,1.0,250,0,250,0,250,-250,5,0,0,0,1,1,100,1,1,100,0,0,0,0,0,0,0,0,0,0,0,0,0,0,0,0,1,3,2,5,0,0,0
Baskonia Vitoria-Gasteiz,"Clement Frisch, Khalifa Diop, Markus Howard, Timothe Luwawu-Cabarrot, Trent Forrest",Olympiacos Piraeus,"Donta Hall, Saben Lee, Sasha Vezenkov, Tyler Dorsey, Tyson Ward",1,56,0.9,1.5,2,1,2,50,0,1,0,0,0,0,0,0,0,1,0,0,0,1,2,1,2,50,0,0,0,0,0,0,1,1,2,0,0,0,0,0,2.0,0.9,100,215.1,-115.1,215.1,100,115.1,0,0,0,0,1,1,100,1,0,0,0,0,0,2,1,50,0,0,0,0,0,0,0,0,0,0,0,0,0,0,2,0,0
Baskonia Vitoria-Gasteiz,"Khalifa Diop, Markus Howard, Tadas Sedekerskis, Timothe Luwawu-Cabarrot, Trent Forrest",Olympiacos Piraeus,"Evan Fournier, Nikola Milutinov, Sasha Vezenkov, Thomas Walkup, Tyler Dorsey",1,66,1.1,1.5,2,1,2,50,0,1,0,0,0,0,0,0,0,1,0,0,0,1,2,1,2,50,0,1,0,0,0,0,1,1,2,0,0,0,0,0,2.0,0.9,100,215.1,-115.1,215.1,100,115.1,0,0,0,0,1,1,100,1,0,0,0,0,0,1,1,100,1,0,0,0,0,0,0,0,0,0,0,0,0,0,0,0,0
Panathinaikos AKTOR Athens,"Jerian Grant, Konstantinos Mitoglou, Kostas Sloukas, Marius Grigonis, Omer Yurtseven",FC Bayern Munich,"Andreas Obst, David Mccormack, Oscar Da Silva, Stefan Jovic, Xavier Rathan-Mayes",1,37,0.6,1.5,0,0,0,0,0,0,0,0,0,0,0,0,0,0,0,0,1,2,0,0,1,0,0,0,0,0,0,0,0,0,0,0,0,0,1,1,1.0,2.0,0,0,0,0,0,0,0,0,0,0,0,0,0,0,0,0,0,0,0,1,0,0,0,0,0,0,0,0,1,0,0,0,1,0,0,0,0,0,0
Crvena Zvezda Meridianbet Belgrade,"Codi Miller-Mcintyre, Dejan Davidovac, Izundu Ebuka, Jordan Nwora, Nikola Kalinic",EA7 Emporio Armani Milan,"Armoni Brooks, Josh Nebo, Niccolo Mannion, Shavon Shields, Zach Leday",1,53,0.9,1.5,2,1,2,50,0,0,0,0,0,0,0,0,0,1,0,0,0,1,2,1,1,100,0,0,0,0,0,0,0,1,1,1,0,0,0,0,2.0,1.0,100,200,-100,200,100,100,0,0,0,0,2,1,50,0,0,0,0,0,0,1,1,100,0,0,0,0,0,0,0,0,0,0,0,0,0,0,0,0,0
Anadolu Efes Istanbul,"Georgios Papagiannis, Isaia Cordinier, Rolands Smits, Sehmus Hazer, Shane Larkin",Maccabi Rapyd Tel Aviv,"Jaylen Hoard, Jeffrey Dowtin Jr, John Dibartolomeo, Marcio Santos, O'Shae J Brissett",1,34,0.6,1.5,2,1,1,100,0,0,0,0,0,0,0,1,1,0,0,0,1,0,0,0,1,0,0,0,0,0,0,0,0,0,0,0,0,0,0,0,2.0,1.0,100,0,100,0,100,-100,2,0,0,0,1,1,100,0,0,0,0,0,0,1,0,0,0,0,0,0,0,0,1,0,0,0,0,2,0,0,0,0,0
Dubai Basketball,"Davis Bertans, Dwayne Bacon, Dzanan Musa, Filip Petrusev, Mckinley Wright Iv",Partizan Mozzart Bet Belgrade,"Arijan Lakic, Duane Washington, Dylan Osetkowski, Jabari Parker, Sterling Brown",1,31,0.5,1.5,0,0,1,0,0,0,0,0,0,0,0,1,1,0,0,0,0,0,0,0,1,0,0,0,0,0,0,0,0,1,1,0,0,0,1,1,1.0,2.0,0,0,0,0,0,0,0,0,0,0,1,0,0,0,0,0,0,0,0,1,0,0,0,0,0,0,0,0,0,0,0,0,1,0,0,0,0,0,0
Dubai Basketball,"Awudu Abass, Dwayne Bacon, Filip Petrusev, Klemen Prepelic, Mckinley Wright Iv",Partizan Mozzart Bet Belgrade,"Carlik Jones, Isaac Bonga, Jabari Parker, Sterling Brown, Tyrique Jones",1,63,1.1,1.5,0,0,1,0,0,0,0,0,0,0,0,0,0,0,1,0,1,1,0,0,1,0,0,1,0,0,0,0,1,0,1,0,1,1,1,0,2.0,0.9,0,0,0,0,0,0,0,0,0,0,1,0,0,0,0,0,0,0,0,0,0,0,1,0,0,0,0,0,1,0,0,0,1,0,0,0,0,0,0
Dubai Basketball,"Dwayne Bacon, Dzanan Musa, Justin Anderson, Mckinley Wright Iv, Mfiondu Kabengele",Partizan Mozzart Bet Belgrade,"Carlik Jones, Isaac Bonga, Jabari Parker, Shake Milton, Tyrique Jones",1,56,0.9,1.5,4,2,2,100,0,0,0,0,0,0,0,0,0,0,0,0,0,1,0,0,0,0,0,0,0,0,0,0,0,0,0,0,0,0,1,0,2.0,1.0,200,0,200,0,200,-200,4,0,0,0,2,2,100,0,0,0,0,0,0,0,0,0,0,0,0,0,0,0,0,0,0,0,1,0,0,4,0,0,0
Dubai Basketball,"Davis Bertans, Filip Petrusev, Justin Anderson, Klemen Prepelic, Mckinley Wright Iv",Partizan Mozzart Bet Belgrade,"Duane Washington, Dylan Osetkowski, Isaac Bonga, Jabari Parker, Shake Milton",1,49,0.8,1.5,5,2,3,66.7,1,1,100,0,0,0,1,1,2,1,0,0,0,0,0,0,1,0,0,1,0,0,0,0,0,0,0,0,0,0,0,0,1.9,1.0,259.1,0,259.1,0,259.1,-259.1,5,0,0,0,2,1,50,1,1,100,0,0,0,0,0,0,1,0,0,0,0,0,0,0,0,0,0,2,0,0,0,0,0
Dubai Basketball,"Davis Bertans, Filip Petrusev, Justin Anderson, Klemen Prepelic, Mckinley Wright Iv",Partizan Mozzart Bet Belgrade,"Carlik Jones, Isaac Bonga, Jabari Parker, Sterling Brown, Tyrique Jones",1,100,1.7,1.5,0,0,3,0,0,2,0,0,0,0,1,1,2,0,0,0,0,2,0,0,1,0,0,1,0,0,0,0,0,2,2,0,0,0,0,1,1.9,1.0,0,0,0,0,0,0,0,0,0,0,1,0,0,2,0,0,0,0,0,0,0,0,1,0,0,0,0,0,0,0,0,0,0,0,0,0,0,0,0
Hapoel IBI Tel Aviv,"Collin Malcolm, Dan Oturu, Elijah Bryant, Tomer Ginat, Vasilije Micic",FC Barcelona,"Kevin Punter, Tomas Satoransky, Tornike Shengelia, Will Clyburn, Willy Hernangomez",1,67,1.1,1.5,2,1,2,50,0,0,0,0,0,0,0,0,0,1,0,0,0,2,0,0,0,0,0,0,0,0,0,0,0,0,0,0,0,0,1,0,2.0,1.0,100,0,100,0,100,-100,2,0,0,0,2,1,50,0,0,0,0,0,0,0,0,0,0,0,0,0,0,0,0,0,0,0,1,0,0,0,0,0,0
Hapoel IBI Tel Aviv,"Collin Malcolm, Dan Oturu, Elijah Bryant, Ish Wainright, Vasilije Micic",FC Barcelona,"Joel Parra, Kevin Punter, Tomas Satoransky, Will Clyburn, Youssoupha Fall",1,37,0.6,1.5,0,0,1,0,0,0,0,0,0,0,0,0,0,0,0,0,0,0,3,1,1,100,1,1,100,0,0,0,0,1,1,0,0,0,1,0,1.0,2.0,0,150,-150,150,0,150,-3,0,0,0,1,0,0,0,0,0,0,0,0,0,0,0,1,1,100,0,0,0,0,0,0,0,1,0,0,0,0,0,0
LDLC ASVEL Villeurbanne,"Bastien Vautier, Mbaye Ndiaye, Nando De Colo, Shaquille Harrison, Zachary Seljaas",Valencia Basket,"Darius Thompson, Ike Iroegbu, Jaime Pradilla, Kameron Taylor, Nathan Reuvers",1,25,0.4,1.4,1,0,0,0,0,0,0,1,2,50,0,0,0,1,0,0,1,1,2,1,1,100,0,0,0,0,0,0,0,0,0,0,0,0,0,0,1.9,1.0,53.2,200,-146.8,200,53.2,146.8,-1,0,0,0,0,0,0,0,0,0,0,0,0,1,1,100,0,0,0,0,0,0,1,0,0,0,0,0,0,0,0,0,0
LDLC ASVEL Villeurbanne,"Bodian Massa, David Lighty, Glynn Watson, Mbaye Ndiaye, Nando De Colo",Valencia Basket,"Ike Iroegbu, Jaime Pradilla, Josep Puerto, Matthew Costello, Omari Moore",1,38,0.6,1.4,0,0,1,0,0,0,0,0,0,0,0,0,0,0,0,0,0,0,5,1,1,100,1,1,100,2,2,100,0,1,1,2,0,0,0,0,1.0,1.9,0,266,-266,266,0,266,-5,0,0,0,1,0,0,0,0,0,0,0,0,0,0,0,1,1,100,0,0,0,0,0,0,0,0,0,0,0,0,2,0
Fenerbahce Beko Istanbul,"Armando Bacot Jr., Bonzie Colson, Devon Hall, Mikael Jantunen, Talen Horton Tucker",Paris Basketball,"Daulton Hommes, Derek Willis, Ismael Bako, Jeremy Morgan, Nadir Hifi",1,85,1.4,1.4,4,2,2,100,0,0,0,0,0,0,0,0,0,2,0,0,0,0,3,1,3,33.3,1,2,50,0,0,0,1,0,1,1,0,0,0,1,2.0,0.9,200,348.8,-148.8,348.8,200,148.8,1,0,0,0,2,2,100,0,0,0,0,0,0,1,0,0,2,1,50,0,0,0,0,0,0,0,0,0,0,0,3,0,0
Fenerbahce Beko Istanbul,"Armando Bacot Jr., Mikael Jantunen, Nicolo Melli, Talen Horton Tucker, Tarik Biberovic, Wade Baldwin Iv",Paris Basketball,"Allan Dokossi, Daulton Hommes, Derek Willis, Nadir Hifi, Yakuba Ouattara",1,13,0.2,1.4,3,1,1,100,1,1,100,0,0,0,0,0,0,1,0,0,0,0,2,0,0,0,0,0,0,2,2,100,0,0,0,0,0,0,1,0,1.0,1.9,300,106.4,193.6,106.4,300,-193.6,1,0,0,0,0,0,0,1,1,100,0,0,0,0,0,0,0,0,0,0,0,0,0,0,0,0,1,0,0,0,0,2,0
AS Monaco,"Daniel Theis, Elie Okobo, Matthew Strazel, Mike James, Nikola Mirotic",Zalgiris Kaunas,"Arnas Butkevicius, Edgaras Ulanovas, Moses Wright, Nigel Williams-Goss, Sylvain Francisco",1,33,0.6,1.4,0,0,1,0,0,1,0,0,0,0,0,0,0,0,0,0,0,0,5,1,1,100,1,1,100,2,2,100,0,1,1,2,0,0,0,0,1.0,1.9,0,266,-266,266,0,266,-5,0,0,0,0,0,0,1,0,0,0,0,0,0,0,0,1,1,100,0,0,0,0,0,0,0,0,0,0,0,0,2,0
Panathinaikos AKTOR Athens,"Jerian Grant, Konstantinos Mitoglou, Kostas Sloukas, Marius Grigonis, Omer Yurtseven",FC Bayern Munich,"Andreas Obst, David Mccormack, Isiaha Mike, Justinian Jessup, Stefan Jovic",1,87,1.4,1.4,2,1,2,50,0,1,0,0,0,0,0,0,0,1,0,0,0,0,2,1,3,33.3,0,0,0,0,0,0,1,0,1,1,0,0,0,1,2.0,0.9,100,232.6,-132.6,232.6,100,132.6,0,0,0,0,1,1,100,1,0,0,0,0,0,3,1,33.3,0,0,0,0,0,0,0,0,0,0,0,0,0,0,2,0,0
Panathinaikos AKTOR Athens,"Jerian Grant, Juancho Hernangomez, Kendrick Nunn, Nikolaos Rogkavopoulos, Richaun Holmes",FC Bayern Munich,"Niels Giffey, Stefan Jovic, Vladimir Lucic, Wenyen Gabriel, Xavier Rathan-Mayes",1,74,1.2,1.4,2,1,1,100,0,0,0,0,0,0,0,1,1,0,0,0,0,1,0,0,4,0,0,3,0,0,0,0,3,0,3,0,0,0,1,1,1.0,1.8,200,0,200,0,200,-200,2,0,0,0,1,1,100,0,0,0,0,0,0,1,0,0,3,0,0,0,0,0,0,0,0,0,1,0,0,2,0,0,0
Anadolu Efes Istanbul,"Ercan Osmani, Georgios Papagiannis, Isaia Cordinier, Jordan Loyd, Nick Weiler-Babb",Maccabi Rapyd Tel Aviv,"Jaylen Hoard, Jeffrey Dowtin Jr, Lonnie Walker Iv, Marcio Santos, William Rayman",1,52,0.9,1.4,2,1,3,33.3,0,1,0,0,0,0,1,0,1,0,0,0,0,0,0,0,1,0,0,1,0,0,0,0,0,0,0,0,0,0,1,2,0.9,2.0,232.6,0,232.6,0,232.6,-232.6,2,0,0,0,2,1,50,1,0,0,0,0,0,0,0,0,1,0,0,0,0,0,0,0,0,0,1,2,0,2,0,0,0
Anadolu Efes Istanbul,"Ercan Osmani, Isaia Cordinier, Jordan Loyd, Rolands Smits, Shane Larkin",Maccabi Rapyd Tel Aviv,"Jaylen Hoard, Jeffrey Dowtin Jr, Lonnie Walker Iv, O'Shae J Brissett, Roman Sorkin",1,31,0.5,1.4,4,1,1,100,0,0,0,2,2,100,0,0,0,1,1,0,0,0,0,0,0,0,0,0,0,0,0,0,0,0,0,0,0,0,1,0,1.9,1.0,212.8,0,212.8,0,212.8,-212.8,4,0,0,0,1,1,100,0,0,0,0,0,0,0,0,0,0,0,0,0,0,0,0,0,0,0,1,0,4,2,0,0,0
Anadolu Efes Istanbul,"Georgios Papagiannis, Jordan Loyd, Nick Weiler-Babb, Rolands Smits, Shane Larkin",Maccabi Rapyd Tel Aviv,"Jaylen Hoard, Jeffrey Dowtin Jr, Lonnie Walker Iv, Roman Sorkin, Tamir Blatt",1,30,0.5,1.4,3,1,1,100,0,0,0,1,1,100,0,0,0,1,0,0,0,0,3,1,1,100,0,0,0,1,1,100,0,0,0,0,0,0,0,0,1.4,1.4,208.3,208.3,0,208.3,208.3,0,0,0,0,0,1,1,100,0,0,0,0,0,0,1,1,100,0,0,0,0,0,0,0,0,0,0,0,0,0,0,0,0,0
Anadolu Efes Istanbul,"Ercan Osmani, Isaia Cordinier, Jordan Loyd, Rolands Smits, Shane Larkin",Maccabi Rapyd Tel Aviv,"Jaylen Hoard, John Dibartolomeo, Marcio Santos, O'Shae J Brissett, Tamir Blatt",1,45,0.8,1.4,3,1,1,100,1,1,100,0,0,0,0,1,1,1,0,0,0,0,2,0,1,0,0,0,0,2,2,100,0,0,0,1,0,0,0,1,1.0,1.9,300,106.4,193.6,106.4,300,-193.6,1,0,0,0,0,0,0,1,1,100,0,0,0,1,0,0,0,0,0,0,0,0,0,0,0,0,0,0,0,0,0,2,0
Dubai Basketball,"Davis Bertans, Dzanan Musa, Justin Anderson, Kenan Kamenjas, Kosta Kondic",Partizan Mozzart Bet Belgrade,"Duane Washington, Dylan Osetkowski, Isaac Bonga, Jabari Parker, Shake Milton",1,30,0.5,1.4,2,0,0,0,0,0,0,2,2,100,0,1,1,1,0,0,1,0,0,0,1,0,0,0,0,0,0,0,0,0,0,0,0,0,0,0,1.9,1.0,106.4,0,106.4,0,106.4,-106.4,2,0,0,0,0,0,0,0,0,0,0,0,0,1,0,0,0,0,0,0,0,0,1,0,0,0,0,0,0,0,0,0,0
Hapoel IBI Tel Aviv,"Antonio Blakeney, Collin Malcolm, Dan Oturu, Tomer Ginat, Vasilije Micic",FC Barcelona,"Kevin Punter, Tomas Satoransky, Tornike Shengelia, Will Clyburn, Willy Hernangomez",1,56,0.9,1.4,2,1,1,100,0,0,0,0,0,0,0,0,0,0,0,0,0,2,4,1,2,50,0,0,0,2,2,100,1,0,1,0,0,0,0,0,1.0,1.8,200,221,-21,221,200,21,-2,0,0,0,1,1,100,0,0,0,0,0,0,2,1,50,0,0,0,0,0,0,0,0,0,0,0,0,0,0,4,0,0
Anadolu Efes Istanbul,"Ercan Osmani, Georgios Papagiannis, Isaia Cordinier, Jordan Loyd, Sehmus Hazer",Maccabi Rapyd Tel Aviv,"Jeffrey Dowtin Jr, Lonnie Walker Iv, Marcio Santos, Tj Leaf, William Rayman",1,74,1.2,1.3,1,0,1,0,0,1,0,1,2,50,1,1,2,0,0,0,1,1,0,0,3,0,0,3,0,0,0,0,2,0,2,0,0,0,0,0,1.8,0.9,55.2,0,55.2,0,55.2,-55.2,1,0,0,0,0,0,0,1,0,0,0,0,0,0,0,0,3,0,0,0,0,0,1,0,0,0,0,0,0,0,0,0,0
LDLC ASVEL Villeurbanne,"Bastien Vautier, Edwin Jackson, Nando De Colo, Shaquille Harrison, Zachary Seljaas",Valencia Basket,"Darius Thompson, Kameron Taylor, Nathan Sestina, Neal Sako, Omari Moore",1,37,0.6,1.2,4,1,1,100,1,1,100,1,1,100,0,0,0,0,0,0,0,1,3,1,1,100,1,1,100,0,0,0,0,0,0,1,0,0,0,0,1.4,1.0,277.8,300,-22.2,300,277.8,22.2,1,0,0,0,0,0,0,1,1,100,0,0,0,0,0,0,1,1,100,0,0,0,0,0,0,0,0,0,0,0,0,3,0
LDLC ASVEL Villeurbanne,"Bodian Massa, David Lighty, Glynn Watson, Mbaye Ndiaye, Nando De Colo",Valencia Basket,"Jaime Pradilla, Kameron Taylor, Matthew Costello, Omari Moore, Sergio De Larrea",1,30,0.5,1.2,3,1,1,100,0,0,0,1,1,100,0,0,0,0,1,0,0,0,0,0,0,0,0,0,0,0,0,0,0,0,0,0,0,0,1,1,1.4,1.0,208.3,0,208.3,0,208.3,-208.3,3,0,0,0,1,1,100,0,0,0,0,0,0,0,0,0,0,0,0,0,0,0,0,0,0,0,1,0,2,2,0,0,0
Fenerbahce Beko Istanbul,"Armando Bacot Jr., Devon Hall, Khem Birch, Nicolo Melli, Wade Baldwin Iv",Paris Basketball,"Daulton Hommes, Derek Willis, Jeremy Morgan, Justin Robinson, Leopold Cavaliere",1,29,0.5,1.2,3,1,1,100,1,1,100,0,0,0,0,1,1,1,0,0,0,1,0,0,1,0,0,0,0,0,2,0,1,0,1,0,0,0,0,0,1.0,1.3,300,0,300,0,300,-300,3,0,0,0,0,0,0,1,1,100,0,0,0,1,0,0,0,0,0,0,0,0,0,0,0,0,0,0,0,0,0,0,0
Fenerbahce Beko Istanbul,"Armando Bacot Jr., Devon Hall, Nicolo Melli, Onuralp Bitim, Talen Horton Tucker, Tarik Biberovic",Paris Basketball,"Daulton Hommes, Derek Willis, Jeremy Morgan, Mouhamed Faye, Nadir Hifi",1,19,0.3,1.2,0,0,0,0,0,0,0,0,0,0,0,0,0,0,0,0,1,1,3,1,1,100,0,0,0,1,1,100,0,0,0,0,1,0,0,0,1.0,1.4,0,208.3,-208.3,208.3,0,208.3,-3,0,0,0,0,0,0,0,0,0,0,0,0,1,1,100,0,0,0,0,0,0,1,0,0,0,0,0,0,0,0,2,2
Crvena Zvezda Meridianbet Belgrade,"Dejan Davidovac, Jasiel Rivero, Jordan Nwora, Nikola Kalinic, Stefan Miljenovic",EA7 Emporio Armani Milan,"Armoni Brooks, Josh Nebo, Niccolo Mannion, Shavon Shields, Zach Leday",1,40,0.7,1.2,3,1,1,100,1,1,100,0,0,0,0,0,0,1,0,0,0,0,3,1,1,100,0,0,0,1,1,100,0,0,0,1,0,0,0,0,1.0,1.4,300,208.3,91.7,208.3,300,-91.7,0,0,0,0,0,0,0,1,1,100,0,0,0,1,1,100,0,0,0,0,0,0,0,0,0,0,0,0,0,0,0,0,0
LDLC ASVEL Villeurbanne,"Bodian Massa, David Lighty, Glynn Watson, Mbaye Ndiaye, Nando De Colo",Valencia Basket,"Ike Iroegbu, Jaime Pradilla, Kameron Taylor, Matthew Costello, Omari Moore",1,64,1.1,1.1,0,0,2,0,0,1,0,0,0,0,1,1,2,0,0,0,0,2,1,0,1,0,0,0,0,1,2,50,1,1,2,0,0,0,0,0,0.9,1.3,0,74.3,-74.3,74.3,0,74.3,-1,0,0,0,1,0,0,1,0,0,0,0,0,1,0,0,0,0,0,0,0,0,0,0,0,0,0,0,0,0,0,0,0
Baskonia Vitoria-Gasteiz,"Hamidou Diallo, Khalifa Diop, Tadas Sedekerskis, Timothe Luwawu-Cabarrot, Trent Forrest",Olympiacos Piraeus,"Kostas Papanikolaou, Nikola Milutinov, Sasha Vezenkov, Thomas Walkup, Tyson Ward",1,32,0.5,1.1,2,0,1,0,0,1,0,2,3,66.7,1,0,1,1,1,0,0,0,0,0,0,0,0,0,0,0,0,0,0,0,0,0,0,0,1,0,1.3,1.0,160,0,160,0,160,-160,2,0,0,0,0,0,0,1,0,0,0,0,0,0,0,0,0,0,0,0,0,0,0,0,0,0,1,0,0,0,0,0,0
LDLC ASVEL Villeurbanne,"Bastien Vautier, Mbaye Ndiaye, Melvin Ajinca, Nando De Colo, Shaquille Harrison",Valencia Basket,"Darius Thompson, Kameron Taylor, Nathan Reuvers, Nathan Sestina, Omari Moore",1,46,0.8,1.0,2,1,1,100,0,0,0,0,0,0,0,0,0,1,0,0,0,1,3,1,1,100,1,1,100,0,0,0,0,1,1,1,0,0,0,0,1.0,1.0,200,300,-100,300,200,100,-1,0,0,0,1,1,100,0,0,0,0,0,0,0,0,0,1,1,100,0,0,0,0,0,0,0,0,0,0,0,0,0,0
LDLC ASVEL Villeurbanne,"Bastien Vautier, Melvin Ajinca, Nando De Colo, Shaquille Harrison, Zachary Seljaas",Valencia Basket,"Darius Thompson, Kameron Taylor, Nathan Sestina, Neal Sako, Omari Moore",1,32,0.5,1.0,2,1,1,100,0,0,0,0,0,0,0,0,0,0,0,0,0,0,2,1,2,50,0,1,0,0,0,0,1,0,1,0,0,0,0,1,1.0,0.9,200,215.1,-15.1,215.1,200,15.1,0,0,0,0,1,1,100,0,0,0,0,0,0,1,1,100,1,0,0,0,0,0,0,0,0,0,0,0,0,0,2,0,0
LDLC ASVEL Villeurbanne,"Bodian Massa, David Lighty, Mbaye Ndiaye, Nando De Colo, Shaquille Harrison",Valencia Basket,"Jaime Pradilla, Kameron Taylor, Nathan Reuvers, Omari Moore, Sergio De Larrea",1,24,0.4,1.0,0,0,0,0,0,0,0,0,0,0,0,0,0,0,0,0,1,1,2,1,1,100,0,0,0,0,0,0,0,0,0,0,0,0,0,0,1.0,1.0,0,200,-200,200,0,200,-2,0,0,0,0,0,0,0,0,0,0,0,0,1,1,100,0,0,0,0,0,0,1,0,0,0,0,0,0,0,0,0,0
Fenerbahce Beko Istanbul,"Armando Bacot Jr., Bonzie Colson, Nicolo Melli, Tarik Biberovic, Wade Baldwin Iv",Paris Basketball,"Daulton Hommes, Derek Willis, Ismael Bako, Jeremy Morgan, Nadir Hifi",1,41,0.7,1.0,2,1,1,100,0,0,0,0,0,0,0,0,0,1,0,0,0,0,3,1,1,100,1,1,100,0,0,0,0,0,0,0,0,0,0,0,1.0,1.0,200,300,-100,300,200,100,-1,0,0,0,1,1,100,0,0,0,0,0,0,0,0,0,1,1,100,0,0,0,1,0,0,0,0,0,0,0,0,0,0
Fenerbahce Beko Istanbul,"Armando Bacot Jr., Bonzie Colson, Mikael Jantunen, Onuralp Bitim, Wade Baldwin Iv",Paris Basketball,"Derek Willis, Justin Robinson, Mouhamed Faye, Sebastian Herrera, Yakuba Ouattara",1,39,0.7,1.0,2,1,1,100,0,0,0,0,0,0,0,1,1,0,0,1,0,1,0,0,1,0,0,0,0,0,0,0,0,0,0,0,0,0,0,1,1.0,1.0,200,0,200,0,200,-200,2,0,0,0,1,1,100,0,0,0,0,0,0,1,0,0,0,0,0,0,0,0,0,0,0,0,0,0,0,0,0,0,0
Fenerbahce Beko Istanbul,"Armando Bacot Jr., Devon Hall, Mikael Jantunen, Onuralp Bitim, Talen Horton Tucker",Paris Basketball,"Amath M'Baye, Justin Robinson, Mouhamed Faye, Sebastian Herrera, Yakuba Ouattara",1,34,0.6,1.0,0,0,0,0,0,0,0,0,0,0,0,1,1,0,0,0,1,1,0,0,1,0,0,0,0,0,0,0,0,0,0,0,0,0,0,1,1.0,1.0,0,0,0,0,0,0,0,0,0,0,0,0,0,0,0,0,0,0,0,1,0,0,0,0,0,0,0,0,1,0,0,0,0,0,0,0,0,0,0
AS Monaco,"Alpha Diallo, Kevarrius Hayes, Matthew Strazel, Mike James, Nikola Mirotic",Zalgiris Kaunas,"Azuolas Tubelis, Ignas Brazdeikis, Maodo Lo, Moses Wright, Sylvain Francisco",1,25,0.4,1.0,0,0,0,0,0,0,0,0,0,0,0,0,0,0,0,0,1,1,3,1,1,100,1,1,100,0,0,0,0,0,0,1,0,0,0,0,1.0,1.0,0,300,-300,300,0,300,-3,0,0,0,0,0,0,0,0,0,0,0,0,0,0,0,1,1,100,0,0,0,1,0,0,0,0,0,0,0,0,0,0
AS Monaco,"Daniel Theis, Elie Okobo, Jaron Blossomgame, Matthew Strazel, Nemanja Nedovic",Zalgiris Kaunas,"Deividas Sirvydis, Edgaras Ulanovas, Ignas Brazdeikis, Laurynas Birutis, Sylvain Francisco",1,28,0.5,1.0,0,0,1,0,0,0,0,0,0,0,0,1,1,0,0,1,0,0,0,0,2,0,0,0,0,0,0,0,1,1,2,0,0,0,0,1,1.0,0.9,0,0,0,0,0,0,0,0,0,0,1,0,0,0,0,0,0,0,0,2,0,0,0,0,0,0,0,0,0,0,0,0,0,0,0,0,0,0,0
AS Monaco,"Daniel Theis, Elie Okobo, Matthew Strazel, Mike James, Nikola Mirotic",Zalgiris Kaunas,"Deividas Sirvydis, Dustin Sleva, Edgaras Ulanovas, Moses Wright, Sylvain Francisco",1,27,0.5,1.0,0,0,0,0,0,0,0,0,0,0,0,0,0,0,0,0,1,0,2,1,2,50,0,0,0,0,0,0,1,0,1,0,0,0,0,0,1.0,0.9,0,215.1,-215.1,215.1,0,215.1,-2,0,0,0,0,0,0,0,0,0,0,0,0,2,1,50,0,0,0,0,0,0,1,0,0,0,0,0,0,0,2,0,0
AS Monaco,"Alpha Diallo, Daniel Theis, Elie Okobo, Matthew Strazel, Nikola Mirotic",Zalgiris Kaunas,"Arnas Butkevicius, Azuolas Tubelis, Ignas Brazdeikis, Maodo Lo, Moses Wright",1,32,0.5,1.0,3,1,1,100,1,1,100,0,0,0,0,0,0,1,0,0,0,0,0,0,1,0,0,0,0,0,0,0,0,0,0,0,0,0,0,0,1.0,1.0,300,0,300,0,300,-300,3,0,0,0,0,0,0,1,1,100,0,0,0,1,0,0,0,0,0,0,0,0,0,0,0,0,0,0,0,0,0,0,0
AS Monaco,"Alpha Diallo, Elie Okobo, Jaron Blossomgame, Mike James, Nikola Mirotic",Zalgiris Kaunas,"Azuolas Tubelis, Edgaras Ulanovas, Maodo Lo, Nigel Williams-Goss, Sylvain Francisco",1,45,0.8,1.0,2,1,1,100,0,0,0,0,0,0,0,0,0,1,0,0,0,1,2,1,1,100,0,0,0,0,0,0,0,0,0,0,0,0,0,0,1.0,1.0,200,200,0,200,200,0,0,0,0,0,1,1,100,0,0,0,0,0,0,1,1,100,0,0,0,0,0,0,0,0,0,0,0,0,0,0,0,0,0
Virtus Bologna,"Alen Smailagic, Alessandro Pajola, Carsen Edwards, Derrick Alston Jr., Karim Jallow, Saliou Niang",Real Madrid,"Alberto Abalde, Chuma Okeke, Facundo Campazzo, Mario Hezonja, Walter Tavares",1,31,0.5,1.0,0,0,1,0,0,1,0,0,0,0,0,0,0,0,0,0,0,0,0,0,1,0,0,1,0,0,0,0,0,1,1,0,0,0,0,0,1.0,1.0,0,0,0,0,0,0,0,0,0,0,0,0,0,1,0,0,0,0,0,0,0,0,1,0,0,0,0,0,0,0,0,0,0,0,0,0,0,0,0
Virtus Bologna,"Alen Smailagic, Brandon Taylor, Carsen Edwards, Derrick Alston Jr., Karim Jallow, Saliou Niang",Real Madrid,"Alberto Abalde, Facundo Campazzo, Gabriel Deck, Mario Hezonja, Walter Tavares",1,29,0.5,1.0,0,0,0,0,0,0,0,0,0,0,0,0,0,0,0,0,1,1,2,1,1,100,0,0,0,0,0,0,0,0,0,0,1,0,0,0,1.0,1.0,0,200,-200,200,0,200,-2,0,0,0,0,0,0,0,0,0,0,0,0,1,1,100,0,0,0,0,0,0,1,0,0,0,0,0,0,0,0,0,0
Virtus Bologna,"Aliou Diarra, Derrick Alston Jr., Karim Jallow, Luca Vildoza, Matthew Morgan, Saliou Niang",Real Madrid,"Bruno Fernando, Chuma Okeke, David Kraemer, Facundo Campazzo, Sergio Llull",1,31,0.5,1.0,0,0,1,0,0,0,0,0,0,0,0,0,0,0,0,0,0,1,0,0,1,0,0,1,0,0,0,0,0,1,1,0,0,0,0,1,1.0,1.0,0,0,0,0,0,0,0,0,0,0,1,0,0,0,0,0,0,0,0,0,0,0,1,0,0,0,0,0,0,0,0,0,0,0,0,0,0,0,0
Baskonia Vitoria-Gasteiz,"Hamidou Diallo, Luka Samanic, Tadas Sedekerskis, Timothe Luwawu-Cabarrot, Trent Forrest",Olympiacos Piraeus,"Kostas Papanikolaou, Nikola Milutinov, Saben Lee, Sasha Vezenkov, Tyson Ward",1,28,0.5,1.0,2,1,2,50,0,1,0,0,0,0,1,1,2,1,0,0,0,0,0,0,1,0,0,1,0,0,0,0,0,0,0,0,0,0,0,0,0.9,1.0,215.1,0,215.1,0,215.1,-215.1,2,0,0,0,1,1,100,1,0,0,0,0,0,0,0,0,1,0,0,0,0,0,0,0,0,0,0,2,0,0,0,0,0
Baskonia Vitoria-Gasteiz,"Hamidou Diallo, Luka Samanic, Markus Howard, Timothe Luwawu-Cabarrot, Trent Forrest",Olympiacos Piraeus,"Evan Fournier, Nikola Milutinov, Sasha Vezenkov, Thomas Walkup, Tyler Dorsey",1,59,1.0,1.0,2,1,2,50,0,1,0,0,0,0,1,0,1,1,0,0,0,0,3,1,1,100,1,1,100,0,0,0,0,0,0,0,0,0,0,2,0.9,1.0,215.1,300,-84.9,300,215.1,84.9,-1,0,0,0,1,1,100,1,0,0,0,0,0,0,0,0,1,1,100,0,0,0,0,0,0,0,0,2,0,0,0,0,0
Panathinaikos AKTOR Athens,"Jerian Grant, Juancho Hernangomez, Kendrick Nunn, Nikolaos Rogkavopoulos, Richaun Holmes",FC Bayern Munich,"Andreas Obst, Isiaha Mike, Kamar Baldwin, Vladimir Lucic, Wenyen Gabriel",1,41,0.7,1.0,0,0,2,0,0,0,0,0,0,0,1,0,1,0,0,0,0,1,0,0,0,0,0,0,0,0,0,0,0,1,1,0,0,0,1,0,0.9,1.0,0,0,0,0,0,0,0,0,0,0,2,0,0,0,0,0,0,0,0,0,0,0,0,0,0,0,0,0,0,0,0,0,1,0,0,0,0,0,0
Panathinaikos AKTOR Athens,"Jerian Grant, Konstantinos Mitoglou, Kostas Sloukas, Marius Grigonis, Omer Yurtseven",FC Bayern Munich,"David Mccormack, Oscar Da Silva, Stefan Jovic, Vladimir Lucic, Xavier Rathan-Mayes",1,35,0.6,1.0,2,1,1,100,0,0,0,0,0,0,0,1,1,1,0,0,0,2,0,0,1,0,0,0,0,0,0,0,0,0,0,0,0,0,0,0,1.0,1.0,200,0,200,0,200,-200,2,0,0,0,1,1,100,0,0,0,0,0,0,1,0,0,0,0,0,0,0,0,0,0,0,0,0,0,2,0,0,0,0
Crvena Zvezda Meridianbet Belgrade,"Codi Miller-Mcintyre, Izundu Ebuka, Jordan Nwora, Semi Ojeleye, Tyson Carter",EA7 Emporio Armani Milan,"Devin Booker, Leandro Bolmaro, Marko Guduric, Quinn Ellis, Zach Leday",1,27,0.5,1.0,0,0,1,0,0,0,0,0,0,0,0,0,0,0,0,0,0,0,0,0,0,0,0,0,0,0,0,0,0,0,0,0,0,0,1,0,1.0,1.0,0,0,0,0,0,0,0,0,0,0,1,0,0,0,0,0,0,0,0,0,0,0,0,0,0,0,0,0,0,0,0,0,1,0,0,0,0,0,0
Crvena Zvezda Meridianbet Belgrade,"Izundu Ebuka, Jordan Nwora, Semi Ojeleye, Stefan Miljenovic, Tyson Carter",EA7 Emporio Armani Milan,"Devin Booker, Leandro Bolmaro, Marko Guduric, Quinn Ellis, Vlatko Cancar",1,56,0.9,1.0,3,1,1,100,1,1,100,0,0,0,0,0,0,0,0,0,0,1,2,1,2,50,0,0,0,0,0,0,1,0,1,0,0,0,0,0,1.0,0.9,300,215.1,84.9,215.1,300,-84.9,1,0,0,0,0,0,0,1,1,100,0,0,0,2,1,50,0,0,0,0,0,0,0,0,0,0,0,0,0,3,2,0,0
Crvena Zvezda Meridianbet Belgrade,"Dejan Davidovac, Jasiel Rivero, Jordan Nwora, Stefan Miljenovic, Tyson Carter",EA7 Emporio Armani Milan,"Armoni Brooks, Josh Nebo, Niccolo Mannion, Shavon Shields, Zach Leday",1,38,0.6,1.0,2,1,1,100,0,0,0,0,0,0,0,0,0,0,0,0,0,1,2,1,1,100,0,0,0,0,0,0,0,0,0,1,0,0,0,0,1.0,1.0,200,200,0,200,200,0,0,0,0,0,1,1,100,0,0,0,0,0,0,1,1,100,0,0,0,0,0,0,0,0,0,0,0,0,0,2,0,0,0
Crvena Zvezda Meridianbet Belgrade,"Codi Miller-Mcintyre, Dejan Davidovac, Jasiel Rivero, Jordan Nwora, Nikola Kalinic",EA7 Emporio Armani Milan,"Armoni Brooks, Josh Nebo, Niccolo Mannion, Shavon Shields, Zach Leday",1,48,0.8,1.0,0,0,1,0,0,0,0,0,0,0,0,0,0,0,0,0,0,0,3,1,1,100,1,1,100,0,0,0,0,1,1,0,0,0,0,1,1.0,1.0,0,300,-300,300,0,300,-3,0,0,0,1,0,0,0,0,0,0,0,0,0,0,0,1,1,100,0,0,0,0,0,0,0,0,0,0,0,0,0,0
Crvena Zvezda Meridianbet Belgrade,"Chima Moneke, Codi Miller-Mcintyre, Izundu Ebuka, Stefan Miljenovic, Tyson Carter",EA7 Emporio Armani Milan,"Armoni Brooks, Devin Booker, Giampaolo Ricci, Marko Guduric, Quinn Ellis",1,25,0.4,1.0,2,1,1,100,0,0,0,0,0,0,0,0,0,0,0,0,0,0,0,0,1,0,0,0,0,0,0,0,0,0,0,0,0,0,0,1,1.0,1.0,200,0,200,0,200,-200,2,0,0,0,1,1,100,0,0,0,0,0,0,1,0,0,0,0,0,0,0,0,0,0,0,0,0,0,0,0,0,0,0
Crvena Zvezda Meridianbet Belgrade,"Chima Moneke, Codi Miller-Mcintyre, Jordan Nwora, Nikola Kalinic, Tyson Carter",EA7 Emporio Armani Milan,"Armoni Brooks, Josh Nebo, Niccolo Mannion, Shavon Shields, Zach Leday",1,61,1.0,1.0,0,0,1,0,0,1,0,0,0,0,0,1,1,0,0,0,0,1,0,0,1,0,0,1,0,0,0,0,0,1,1,0,0,0,0,0,1.0,1.0,0,0,0,0,0,0,0,0,0,0,0,0,0,1,0,0,0,0,0,0,0,0,1,0,0,0,0,0,0,0,0,0,0,0,0,0,0,0,0
Anadolu Efes Istanbul,"Cole Swider, Georgios Papagiannis, Jordan Loyd, Sehmus Hazer, Shane Larkin",Maccabi Rapyd Tel Aviv,"Jeffrey Dowtin Jr, John Dibartolomeo, Lonnie Walker Iv, Marcio Santos, Tj Leaf",1,35,0.6,1.0,0,0,0,0,0,0,0,0,0,0,0,1,1,0,0,0,1,0,0,0,1,0,0,1,0,0,0,0,0,0,0,0,1,0,0,1,1.0,1.0,0,0,0,0,0,0,0,0,0,0,0,0,0,0,0,0,0,0,0,0,0,0,1,0,0,0,0,0,1,0,0,0,0,0,0,0,0,0,0
Anadolu Efes Istanbul,"Ercan Osmani, Isaia Cordinier, Nick Weiler-Babb, Rolands Smits, Shane Larkin",Maccabi Rapyd Tel Aviv,"Jaylen Hoard, Jimmy Clark Iii, Roman Sorkin, Tamir Blatt, William Rayman",1,32,0.5,1.0,2,1,1,100,0,0,0,0,0,0,0,1,1,0,0,0,0,0,0,0,1,0,0,1,0,0,0,0,0,0,0,0,0,0,0,1,1.0,1.0,200,0,200,0,200,-200,2,0,0,0,1,1,100,0,0,0,0,0,0,0,0,0,1,0,0,0,0,0,0,0,0,0,0,0,0,0,0,0,0
Anadolu Efes Istanbul,"Georgios Papagiannis, Jordan Loyd, Nick Weiler-Babb, Rolands Smits, Shane Larkin",Maccabi Rapyd Tel Aviv,"Jaylen Hoard, Jimmy Clark Iii, Lonnie Walker Iv, Roman Sorkin, Tamir Blatt",1,65,1.1,1.0,3,1,1,100,1,1,100,0,0,0,0,0,0,0,0,0,0,1,2,1,1,100,0,0,0,0,0,0,0,0,0,0,0,0,0,0,1.0,1.0,300,200,100,200,300,-100,1,0,0,0,0,0,0,1,1,100,0,0,0,1,1,100,0,0,0,0,0,0,0,0,0,0,0,0,0,0,0,0,0
Anadolu Efes Istanbul,"Ercan Osmani, Georgios Papagiannis, Jordan Loyd, Nick Weiler-Babb, Shane Larkin",Maccabi Rapyd Tel Aviv,"Jaylen Hoard, Jimmy Clark Iii, Lonnie Walker Iv, Roman Sorkin, Tamir Blatt",1,21,0.3,1.0,2,1,1,100,0,0,0,0,0,0,0,1,1,0,0,0,0,0,0,0,1,0,0,1,0,0,0,0,0,0,0,0,0,0,0,1,1.0,1.0,200,0,200,0,200,-200,2,0,0,0,1,1,100,0,0,0,0,0,0,0,0,0,1,0,0,0,0,0,0,0,0,0,0,0,2,0,0,0,0
Dubai Basketball,"Dwayne Bacon, Dzanan Musa, Filip Petrusev, Mckinley Wright Iv, Nemanja Dangubic",Partizan Mozzart Bet Belgrade,"Carlik Jones, Dylan Osetkowski, Jabari Parker, Shake Milton, Sterling Brown",1,43,0.7,1.0,0,0,1,0,0,0,0,0,0,0,0,0,0,0,0,0,0,1,2,1,1,100,0,0,0,0,0,0,0,1,1,1,0,0,0,0,1.0,1.0,0,200,-200,200,0,200,-2,0,0,0,1,0,0,0,0,0,0,0,0,1,1,100,0,0,0,0,0,0,0,0,0,0,0,0,0,0,2,0,0
Dubai Basketball,"Dzanan Musa, Filip Petrusev, Justin Anderson, Kenan Kamenjas, Kosta Kondic",Partizan Mozzart Bet Belgrade,"Duane Washington, Dylan Osetkowski, Isaac Bonga, Jabari Parker, Shake Milton",1,49,0.8,1.0,0,0,1,0,0,0,0,0,0,0,0,1,1,0,0,0,0,1,0,0,1,0,0,0,0,0,0,0,0,1,1,0,0,0,0,0,1.0,1.0,0,0,0,0,0,0,0,0,0,0,1,0,0,0,0,0,0,0,0,1,0,0,0,0,0,0,0,0,0,0,0,0,0,0,0,0,0,0,0
Hapoel IBI Tel Aviv,"Dan Oturu, Elijah Bryant, Ish Wainright, Tomer Ginat, Vasilije Micic",FC Barcelona,"Dario Brizuela, Myles Cale, Tomas Satoransky, Tornike Shengelia, Willy Hernangomez",1,38,0.6,1.0,3,1,1,100,1,1,100,0,0,0,0,0,0,1,0,0,0,0,0,0,1,0,0,1,0,0,0,0,0,0,0,0,0,0,0,0,1.0,1.0,300,0,300,0,300,-300,3,0,0,0,0,0,0,1,1,100,0,0,0,0,0,0,1,0,0,0,0,0,0,0,0,0,0,0,0,3,0,0,0
Hapoel IBI Tel Aviv,"Dan Oturu, Elijah Bryant, Ish Wainright, Tomer Ginat, Vasilije Micic",FC Barcelona,"Dario Brizuela, Jan Vesely, Joel Parra, Myles Cale, Tomas Satoransky",1,31,0.5,1.0,0,0,0,0,0,0,0,0,0,0,0,1,1,0,0,0,1,0,0,0,1,0,0,0,0,0,0,0,0,0,0,0,0,0,0,0,1.0,1.0,0,0,0,0,0,0,0,0,0,0,0,0,0,0,0,0,0,0,0,1,0,0,0,0,0,0,0,0,1,0,0,0,0,0,0,0,0,0,0
Hapoel IBI Tel Aviv,"Collin Malcolm, Dan Oturu, Elijah Bryant, Ish Wainright, Vasilije Micic",FC Barcelona,"Jan Vesely, Joel Parra, Kevin Punter, Tomas Satoransky, Will Clyburn",1,20,0.3,1.0,2,1,1,100,0,0,0,0,0,0,0,1,1,0,0,1,0,0,0,0,1,0,0,0,0,0,0,0,0,0,0,0,0,0,0,0,1.0,1.0,200,0,200,0,200,-200,2,0,0,0,1,1,100,0,0,0,0,0,0,1,0,0,0,0,0,0,0,0,0,0,0,0,0,0,2,0,0,0,0
Hapoel IBI Tel Aviv,"Antonio Blakeney, Chris Jones, Dan Oturu, Elijah Bryant, Tomer Ginat",FC Barcelona,"Dario Brizuela, Joel Parra, Myles Cale, Nicolas Laprovittola, Youssoupha Fall",1,23,0.4,1.0,2,1,1,100,0,0,0,0,0,0,0,0,0,1,0,0,0,0,0,0,0,0,0,0,0,0,0,0,0,0,0,0,0,0,1,1,1.0,1.0,200,0,200,0,200,-200,2,0,0,0,1,1,100,0,0,0,0,0,0,0,0,0,0,0,0,0,0,0,0,0,0,0,1,0,0,0,0,0,0
LDLC ASVEL Villeurbanne,"Bastien Vautier, Mbaye Ndiaye, Nando De Colo, Shaquille Harrison, Zachary Seljaas",Valencia Basket,"Darius Thompson, Josep Puerto, Nathan Reuvers, Nathan Sestina, Omari Moore",1,38,0.6,0.9,2,1,4,25,0,1,0,0,0,0,3,1,4,0,0,0,0,0,0,0,1,0,0,1,0,0,0,0,0,0,0,0,0,0,0,1,0.8,1.0,253.2,0,253.2,0,253.2,-253.2,2,0,0,0,3,1,33.3,1,0,0,0,0,0,0,0,0,1,0,0,0,0,0,0,0,0,0,0,2,0,0,0,0,0
Fenerbahce Beko Istanbul,"Armando Bacot Jr., Bonzie Colson, Khem Birch, Mikael Jantunen, Onuralp Bitim, Wade Baldwin Iv",Paris Basketball,"Derek Willis, Ismael Bako, Nadir Hifi, Sebastian Herrera, Yakuba Ouattara",1,23,0.4,0.9,2,1,1,100,0,0,0,0,0,0,0,0,0,1,0,0,0,0,2,0,0,0,0,0,0,2,2,100,0,0,0,0,0,0,0,1,1.0,0.9,200,227.3,-27.3,227.3,200,27.3,0,0,0,0,1,1,100,0,0,0,0,0,0,0,0,0,0,0,0,0,0,0,0,0,0,0,0,0,0,0,0,0,0
Fenerbahce Beko Istanbul,"Armando Bacot Jr., Khem Birch, Nicolo Melli, Talen Horton Tucker, Tarik Biberovic, Wade Baldwin Iv",Paris Basketball,"Allan Dokossi, Amath M'Baye, Daulton Hommes, Jeremy Morgan, Nadir Hifi",1,32,0.5,0.9,2,0,0,0,0,0,0,2,2,100,0,0,0,0,0,0,0,0,3,1,2,50,1,2,50,0,0,0,1,0,1,0,0,0,0,1,0.9,0.9,227.3,322.6,-95.3,322.6,227.3,95.3,-1,0,0,0,0,0,0,0,0,0,0,0,0,0,0,0,2,1,50,0,0,0,0,0,0,0,0,0,0,0,3,0,0
Fenerbahce Beko Istanbul,"Armando Bacot Jr., Nicolo Melli, Onuralp Bitim, Talen Horton Tucker, Tarik Biberovic, Wade Baldwin Iv",Paris Basketball,"Allan Dokossi, Daulton Hommes, Derek Willis, Justin Robinson, Yakuba Ouattara",1,21,0.3,0.9,1,0,0,0,0,0,0,1,2,50,0,0,0,0,0,1,0,1,0,0,1,0,0,0,0,0,0,0,0,0,0,0,0,0,0,0,0.9,1.0,113.6,0,113.6,0,113.6,-113.6,1,0,0,0,0,0,0,0,0,0,0,0,0,1,0,0,0,0,0,0,0,0,0,0,0,0,0,0,0,0,0,0,0
AS Monaco,"Alpha Diallo, Elie Okobo, Kevarrius Hayes, Matthew Strazel, Mike James",Zalgiris Kaunas,"Arnas Butkevicius, Azuolas Tubelis, Edgaras Ulanovas, Nigel Williams-Goss, Sylvain Francisco",1,15,0.2,0.9,2,0,0,0,0,0,0,2,2,100,0,1,1,0,0,0,0,0,0,0,1,0,0,1,0,0,0,0,0,0,0,0,0,0,0,1,0.9,1.0,227.3,0,227.3,0,227.3,-227.3,2,0,0,0,0,0,0,0,0,0,0,0,0,0,0,0,1,0,0,0,0,0,0,0,0,0,0,0,2,0,0,0,0
Virtus Bologna,"Alen Smailagic, Alessandro Pajola, Derrick Alston Jr., Karim Jallow, Saliou Niang",Real Madrid,"Alberto Abalde, Facundo Campazzo, Gabriel Deck, Trey Lyles, Walter Tavares",1,20,0.3,0.9,0,0,0,0,0,0,0,0,2,0,0,0,0,0,0,0,0,0,0,0,1,0,0,0,0,0,0,0,0,1,1,0,0,0,0,0,0.9,1.0,0,0,0,0,0,0,0,0,0,0,0,0,0,0,0,0,0,0,0,1,0,0,0,0,0,0,0,0,0,0,0,0,0,0,0,0,0,0,0
Baskonia Vitoria-Gasteiz,"Hamidou Diallo, Luka Samanic, Matteo Spagnolo, Tadas Sedekerskis, Trent Forrest",Olympiacos Piraeus,"Alec Peters, Donta Hall, Evan Fournier, Saben Lee, Tyler Dorsey",1,10,0.2,0.9,2,0,0,0,0,0,0,2,2,100,0,0,0,0,0,0,0,0,2,1,1,100,0,0,0,0,0,0,0,0,0,1,0,0,0,1,0.9,1.0,227.3,200,27.3,200,227.3,-27.3,0,0,0,0,0,0,0,0,0,0,0,0,0,1,1,100,0,0,0,0,0,0,0,0,0,0,0,0,2,0,0,0,0
Baskonia Vitoria-Gasteiz,"Hamidou Diallo, Khalifa Diop, Markus Howard, Tadas Sedekerskis, Trent Forrest",Olympiacos Piraeus,"Alec Peters, Donta Hall, Thomas Walkup, Tyler Dorsey, Tyson Ward",1,46,0.8,0.9,3,1,2,50,1,2,50,0,0,0,1,0,1,1,0,0,0,1,2,0,0,0,0,0,0,2,2,100,0,0,0,1,0,0,0,0,0.9,0.9,322.6,227.3,95.3,227.3,322.6,-95.3,1,0,0,0,0,0,0,2,1,50,0,0,0,0,0,0,0,0,0,0,0,0,0,0,0,0,0,3,0,0,0,0,0
Panathinaikos AKTOR Athens,"Jerian Grant, Kendrick Nunn, Konstantinos Mitoglou, Marius Grigonis, Omer Yurtseven",FC Bayern Munich,"Andreas Obst, Isiaha Mike, Justinian Jessup, Stefan Jovic, Wenyen Gabriel",1,18,0.3,0.9,2,1,1,100,0,0,0,0,0,0,0,0,0,1,0,0,0,0,1,0,0,0,0,0,0,1,2,50,0,0,0,0,0,0,0,0,1.0,0.9,200,113.6,86.4,113.6,200,-86.4,1,0,0,0,1,1,100,0,0,0,0,0,0,0,0,0,0,0,0,0,0,0,0,0,0,0,0,0,0,0,1,0,0
Panathinaikos AKTOR Athens,"Jerian Grant, Konstantinos Mitoglou, Kostas Sloukas, Marius Grigonis, Omer Yurtseven",FC Bayern Munich,"Andreas Obst, David Mccormack, Justinian Jessup, Oscar Da Silva, Stefan Jovic",1,56,0.9,0.9,2,0,2,0,0,0,0,2,2,100,1,0,1,1,1,0,0,0,0,0,0,0,0,0,0,0,0,0,0,0,0,0,0,0,1,3,0.7,1.0,270.3,0,270.3,0,270.3,-270.3,2,0,0,0,2,0,0,0,0,0,0,0,0,0,0,0,0,0,0,0,0,0,0,0,0,0,1,0,0,0,0,0,0
Panathinaikos AKTOR Athens,"Jerian Grant, Juancho Hernangomez, Kendrick Nunn, Nikolaos Rogkavopoulos, Omer Yurtseven",FC Bayern Munich,"Andreas Obst, David Mccormack, Justinian Jessup, Kamar Baldwin, Niels Giffey",1,36,0.6,0.9,2,0,0,0,0,0,0,2,2,100,0,0,0,0,0,0,0,1,2,0,0,0,0,0,0,2,2,100,0,0,0,0,0,0,0,1,0.9,0.9,227.3,227.3,0,227.3,227.3,0,0,0,0,0,0,0,0,0,0,0,0,0,0,0,0,0,0,0,0,0,0,0,0,0,0,0,0,2,0,0,0,0,2
Dubai Basketball,"Dwayne Bacon, Dzanan Musa, Mckinley Wright Iv, Mfiondu Kabengele, Nemanja Dangubic",Partizan Mozzart Bet Belgrade,"Carlik Jones, Dylan Osetkowski, Isaac Bonga, Shake Milton, Vanja Marinkovic",1,61,1.0,0.9,2,1,1,100,0,0,0,0,0,0,0,1,1,0,0,0,0,3,1,0,0,0,0,0,0,1,2,50,0,0,0,0,0,0,0,1,1.0,0.9,200,113.6,86.4,113.6,200,-86.4,1,0,0,0,1,1,100,0,0,0,0,0,0,0,0,0,0,0,0,0,0,0,0,0,0,0,0,0,0,0,0,0,1
Hapoel IBI Tel Aviv,"Collin Malcolm, Dan Oturu, Elijah Bryant, Ish Wainright, Vasilije Micic",FC Barcelona,"Joel Parra, Kevin Punter, Nicolas Laprovittola, Will Clyburn, Youssoupha Fall",1,26,0.4,0.9,0,0,0,0,0,0,0,0,0,0,0,0,0,0,0,0,1,2,2,0,0,0,0,0,0,2,2,100,0,0,0,0,1,0,0,1,1.0,0.9,0,227.3,-227.3,227.3,0,227.3,-2,0,0,0,0,0,0,0,0,0,0,0,0,0,0,0,0,0,0,0,0,0,1,0,0,0,0,0,0,0,0,0,2
Anadolu Efes Istanbul,"Ercan Osmani, Georgios Papagiannis, Isaia Cordinier, Jordan Loyd, Shane Larkin",Maccabi Rapyd Tel Aviv,"Jeffrey Dowtin Jr, Lonnie Walker Iv, Marcio Santos, O'Shae J Brissett, Tj Leaf",1,30,0.5,0.7,0,0,1,0,0,1,0,0,0,0,0,0,0,0,0,0,0,1,1,0,0,0,0,0,0,1,1,100,0,1,1,1,0,0,0,0,1.0,0.4,0,227.3,-227.3,227.3,0,227.3,-1,0,0,0,0,0,0,1,0,0,0,0,0,0,0,0,0,0,0,0,0,0,0,0,0,0,0,0,0,0,0,0,0
Anadolu Efes Istanbul,"Ercan Osmani, Georgios Papagiannis, Jordan Loyd, Nick Weiler-Babb, Shane Larkin",Maccabi Rapyd Tel Aviv,"Jaylen Hoard, Jimmy Clark Iii, Marcio Santos, O'Shae J Brissett, Tamir Blatt",1,31,0.5,0.7,1,0,0,0,0,0,0,1,1,100,0,0,0,0,0,0,0,1,2,1,1,100,0,0,0,0,0,0,0,0,0,0,0,0,0,1,0.4,1.0,227.3,200,27.3,200,227.3,-27.3,-1,0,0,0,0,0,0,0,0,0,0,0,0,1,1,100,0,0,0,0,0,0,0,0,0,0,0,0,0,0,0,0,0
LDLC ASVEL Villeurbanne,"Bodian Massa, David Lighty, Edwin Jackson, Glynn Watson, Zachary Seljaas",Valencia Basket,"Darius Thompson, Ike Iroegbu, Josep Puerto, Matthew Costello, Neal Sako",1,25,0.4,0.6,0,0,0,0,0,0,0,0,0,0,0,0,0,0,0,0,0,0,0,0,1,0,0,0,0,0,0,0,0,0,0,0,0,0,0,0,0.1,1.0,0,0,0,0,0,0,0,0,0,0,0,0,0,0,0,0,0,0,0,1,0,0,0,0,0,0,0,0,0,0,0,0,0,0,0,0,0,0,0
LDLC ASVEL Villeurbanne,"Bodian Massa, David Lighty, Edwin Jackson, Glynn Watson, Zachary Seljaas",Valencia Basket,"Ike Iroegbu, Jaime Pradilla, Kameron Taylor, Nathan Reuvers, Sergio De Larrea",1,10,0.2,0.6,0,0,0,0,0,0,0,0,0,0,0,0,0,0,0,0,1,1,0,0,0,0,0,0,0,0,0,0,0,0,0,0,0,0,0,0,1.0,0.1,0,0,0,0,0,0,0,0,0,0,0,0,0,0,0,0,0,0,0,0,0,0,0,0,0,0,0,0,1,0,0,0,0,0,0,0,0,0,0
LDLC ASVEL Villeurbanne,"Bastien Vautier, Mbaye Ndiaye, Melvin Ajinca, Nando De Colo, Shaquille Harrison",Valencia Basket,"Darius Thompson, Josep Puerto, Nathan Sestina, Neal Sako, Omari Moore",1,18,0.3,0.6,0,0,0,0,0,0,0,0,0,0,0,0,0,0,1,0,0,0,0,0,0,0,0,0,0,0,0,0,0,0,0,0,0,0,1,1,0.1,1.0,0,0,0,0,0,0,0,0,0,0,0,0,0,0,0,0,0,0,0,0,0,0,0,0,0,0,0,0,0,0,0,0,1,0,0,0,0,0,0
LDLC ASVEL Villeurbanne,"Bastien Vautier, Glynn Watson, Mbaye Ndiaye, Shaquille Harrison, Zachary Seljaas",Valencia Basket,"Ike Iroegbu, Jaime Pradilla, Kameron Taylor, Nathan Reuvers, Sergio De Larrea",1,34,0.6,0.6,0,0,0,0,0,0,0,0,0,0,0,0,0,0,0,0,0,0,0,0,0,0,0,0,0,0,0,0,0,0,0,0,0,0,1,1,0.1,1.0,0,0,0,0,0,0,0,0,0,0,0,0,0,0,0,0,0,0,0,0,0,0,0,0,0,0,0,0,0,0,0,0,1,0,0,0,0,0,0
LDLC ASVEL Villeurbanne,"Glynn Watson, Mbaye Ndiaye, Melvin Ajinca, Shaquille Harrison, Zachary Seljaas",Valencia Basket,"Kameron Taylor, Nathan Reuvers, Nathan Sestina, Omari Moore, Sergio De Larrea",1,4,0.1,0.6,0,0,0,0,0,0,0,0,0,0,0,0,0,0,0,0,0,0,0,0,1,0,0,0,0,0,0,0,0,0,0,0,0,0,0,0,0.1,1.0,0,0,0,0,0,0,0,0,0,0,0,0,0,0,0,0,0,0,0,1,0,0,0,0,0,0,0,0,0,0,0,0,0,0,0,0,0,0,0
LDLC ASVEL Villeurbanne,"Edwin Jackson, Mbaye Ndiaye, Nando De Colo, Shaquille Harrison, Zachary Seljaas",Valencia Basket,"Ike Iroegbu, Josep Puerto, Matthew Costello, Nathan Sestina, Sergio De Larrea",1,24,0.4,0.6,0,0,0,0,0,0,0,0,0,0,0,0,0,0,0,0,1,1,0,0,0,0,0,0,0,0,0,0,0,0,0,0,1,0,0,0,1.0,0.1,0,0,0,0,0,0,0,0,0,0,0,0,0,0,0,0,0,0,0,0,0,0,0,0,0,0,0,0,1,0,0,0,0,0,0,0,0,0,0
LDLC ASVEL Villeurbanne,"Bastien Vautier, David Lighty, Edwin Jackson, Glynn Watson, Melvin Ajinca",Valencia Basket,"Darius Thompson, Jaime Pradilla, Josep Puerto, Matthew Costello, Omari Moore",1,26,0.4,0.6,0,0,0,0,0,0,0,0,0,0,0,0,0,0,0,0,0,0,3,1,1,100,1,1,100,0,0,0,0,0,0,1,0,0,0,1,0.1,1.0,0,300,-300,300,0,300,-3,0,0,0,0,0,0,0,0,0,0,0,0,0,0,0,1,1,100,0,0,0,0,0,0,0,0,0,0,0,0,0,0
LDLC ASVEL Villeurbanne,"David Lighty, Edwin Jackson, Melvin Ajinca, Shaquille Harrison, Zachary Seljaas",Valencia Basket,"Darius Thompson, Jaime Pradilla, Kameron Taylor, Nathan Reuvers, Omari Moore",1,18,0.3,0.6,0,0,0,0,0,0,0,0,0,0,0,0,0,0,0,0,0,0,0,0,0,0,0,0,0,0,0,0,0,0,0,0,0,0,1,1,0.1,1.0,0,0,0,0,0,0,0,0,0,0,0,0,0,0,0,0,0,0,0,0,0,0,0,0,0,0,0,0,0,0,0,0,1,0,0,0,0,0,0
LDLC ASVEL Villeurbanne,"Edwin Jackson, Melvin Ajinca, Nando De Colo, Shaquille Harrison, Zachary Seljaas",Valencia Basket,"Darius Thompson, Jaime Pradilla, Kameron Taylor, Nathan Reuvers, Omari Moore",1,7,0.1,0.6,2,1,1,100,0,0,0,0,0,0,0,0,0,0,0,0,0,0,0,0,0,0,0,0,0,0,0,0,0,0,0,0,0,0,0,0,1.0,0.1,200,0,200,0,200,-200,2,0,0,0,1,1,100,0,0,0,0,0,0,0,0,0,0,0,0,0,0,0,0,0,0,0,0,0,2,2,0,0,0
Fenerbahce Beko Istanbul,"Armando Bacot Jr., Khem Birch, Nicolo Melli, Tarik Biberovic, Wade Baldwin Iv",Paris Basketball,"Daulton Hommes, Derek Willis, Ismael Bako, Jeremy Morgan, Nadir Hifi",1,19,0.3,0.6,0,0,0,0,0,0,0,0,0,0,0,1,1,0,0,0,0,0,0,0,1,0,0,0,0,0,0,0,0,0,0,0,0,0,0,1,0.1,1.0,0,0,0,0,0,0,0,0,0,0,0,0,0,0,0,0,0,0,0,1,0,0,0,0,0,0,0,0,0,0,0,0,0,0,0,0,0,0,0
Fenerbahce Beko Istanbul,"Armando Bacot Jr., Khem Birch, Metecan Birsen, Onuralp Bitim, Tarik Biberovic, Wade Baldwin Iv",Paris Basketball,"Amath M'Baye, Jeremy Morgan, Justin Robinson, Nadir Hifi, Yakuba Ouattara",1,2,0.0,0.6,0,0,0,0,0,0,0,0,0,0,0,0,0,0,0,0,0,0,0,0,1,0,0,1,0,0,0,0,0,0,0,0,0,0,0,0,0.1,1.0,0,0,0,0,0,0,0,0,0,0,0,0,0,0,0,0,0,0,0,0,0,0,1,0,0,0,0,0,0,0,0,0,0,0,0,0,0,0,0
Fenerbahce Beko Istanbul,"Armando Bacot Jr., Bonzie Colson, Khem Birch, Nicolo Melli, Onuralp Bitim, Wade Baldwin Iv",Paris Basketball,"Allan Dokossi, Daulton Hommes, Jeremy Morgan, Leopold Cavaliere, Nadir Hifi",1,24,0.4,0.6,0,0,1,0,0,1,0,0,0,0,0,0,0,0,0,0,0,1,0,0,0,0,0,0,0,0,0,0,0,1,1,0,0,0,0,0,1.0,0.1,0,0,0,0,0,0,0,0,0,0,0,0,0,1,0,0,0,0,0,0,0,0,0,0,0,0,0,0,0,0,0,0,0,0,0,0,0,0,0
Fenerbahce Beko Istanbul,"Armando Bacot Jr., Onuralp Bitim, Talen Horton Tucker, Tarik Biberovic, Wade Baldwin Iv",Paris Basketball,"Allan Dokossi, Amath M'Baye, Justin Robinson, Sebastian Herrera, Yakuba Ouattara",1,11,0.2,0.6,0,0,0,0,0,0,0,0,0,0,0,0,0,0,0,0,0,0,0,0,1,0,0,1,0,0,0,0,0,0,0,0,0,0,0,1,0.1,1.0,0,0,0,0,0,0,0,0,0,0,0,0,0,0,0,0,0,0,0,0,0,0,1,0,0,0,0,0,0,0,0,0,0,0,0,0,0,0,0
Fenerbahce Beko Istanbul,"Armando Bacot Jr., Mikael Jantunen, Nicolo Melli, Talen Horton Tucker, Tarik Biberovic, Wade Baldwin Iv",Paris Basketball,"Allan Dokossi, Daulton Hommes, Derek Willis, Jeremy Morgan, Yakuba Ouattara",1,1,0.0,0.6,3,1,1,100,1,1,100,0,0,0,0,0,0,1,0,0,0,0,0,0,0,0,0,0,0,0,0,0,0,0,0,0,0,0,0,0,1.0,0.1,300,0,300,0,300,-300,3,0,0,0,0,0,0,1,1,100,0,0,0,0,0,0,0,0,0,0,0,0,0,0,0,0,0,0,3,3,0,0,0
Fenerbahce Beko Istanbul,"Armando Bacot Jr., Devon Hall, Metecan Birsen, Onuralp Bitim, Talen Horton Tucker",Paris Basketball,"Daulton Hommes, Ismael Bako, Leopold Cavaliere, Sebastian Herrera, Yakuba Ouattara",1,12,0.2,0.6,0,0,0,0,0,0,0,0,0,0,0,0,0,0,0,0,1,0,0,0,0,0,0,0,0,0,0,0,0,0,0,0,0,0,0,0,1.0,0.1,0,0,0,0,0,0,0,0,0,0,0,0,0,0,0,0,0,0,0,0,0,0,0,0,0,0,0,0,1,0,0,0,0,0,0,0,0,0,0
AS Monaco,"Daniel Theis, Elie Okobo, Jaron Blossomgame, Matthew Strazel, Nemanja Nedovic",Zalgiris Kaunas,"Arnas Butkevicius, Deividas Sirvydis, Edgaras Ulanovas, Laurynas Birutis, Sylvain Francisco",1,7,0.1,0.6,0,0,1,0,0,0,0,0,0,0,0,0,0,0,0,0,0,0,0,0,0,0,0,0,0,0,0,0,0,0,0,0,0,0,0,1,1.0,0.1,0,0,0,0,0,0,0,0,0,0,1,0,0,0,0,0,0,0,0,0,0,0,0,0,0,0,0,0,0,0,0,0,0,0,0,0,0,0,0
AS Monaco,"Alpha Diallo, Daniel Theis, Kevarrius Hayes, Mike James, Terry Tarpey",Zalgiris Kaunas,"Azuolas Tubelis, Deividas Sirvydis, Dustin Sleva, Nigel Williams-Goss, Sylvain Francisco",1,7,0.1,0.6,0,0,0,0,0,0,0,0,0,0,0,0,0,0,0,0,0,0,2,1,1,100,0,0,0,0,0,0,0,0,0,0,0,0,0,0,0.1,1.0,0,200,-200,200,0,200,-2,0,0,0,0,0,0,0,0,0,0,0,0,1,1,100,0,0,0,0,0,0,0,0,0,0,0,0,0,0,0,2,2
AS Monaco,"Alpha Diallo, Elie Okobo, Kevarrius Hayes, Matthew Strazel, Mike James",Zalgiris Kaunas,"Arnas Butkevicius, Edgaras Ulanovas, Moses Wright, Nigel Williams-Goss, Sylvain Francisco",1,45,0.8,0.6,0,0,0,0,0,0,0,0,0,0,0,0,0,0,0,0,1,0,0,0,0,0,0,0,0,0,0,0,0,0,0,0,1,0,0,1,1.0,0.1,0,0,0,0,0,0,0,0,0,0,0,0,0,0,0,0,0,0,0,0,0,0,0,0,0,0,0,0,1,0,0,0,0,0,0,0,0,0,0
AS Monaco,"Alpha Diallo, Jaron Blossomgame, Mike James, Nemanja Nedovic, Nikola Mirotic",Zalgiris Kaunas,"Arnas Butkevicius, Azuolas Tubelis, Edgaras Ulanovas, Maodo Lo, Nigel Williams-Goss",1,8,0.1,0.6,2,1,1,100,0,0,0,0,0,0,0,0,0,0,0,0,0,0,0,0,0,0,0,0,0,0,0,0,0,0,0,0,0,0,0,0,1.0,0.1,200,0,200,0,200,-200,2,0,0,0,1,1,100,0,0,0,0,0,0,0,0,0,0,0,0,0,0,0,0,0,0,0,0,0,2,2,0,0,0
Virtus Bologna,"Alen Smailagic, Derrick Alston Jr., Karim Jallow, Luca Vildoza, Matthew Morgan, Saliou Niang",Real Madrid,"Bruno Fernando, Chuma Okeke, Facundo Campazzo, Mario Hezonja, Sergio Llull",1,37,0.6,0.6,0,0,0,0,0,0,0,0,0,0,0,0,0,0,0,0,0,0,2,1,1,100,0,0,0,0,0,0,0,0,0,1,0,0,0,1,0.1,1.0,0,200,-200,200,0,200,-2,0,0,0,0,0,0,0,0,0,0,0,0,1,1,100,0,0,0,0,0,0,0,0,0,0,0,0,0,0,0,0,0
Baskonia Vitoria-Gasteiz,"Hamidou Diallo, Luka Samanic, Matteo Spagnolo, Stefan Joksimovic, Tadas Sedekerskis",Olympiacos Piraeus,"Alec Peters, Donta Hall, Evan Fournier, Saben Lee, Tyler Dorsey",1,1,0.0,0.6,0,0,0,0,0,0,0,0,0,0,0,0,0,0,0,0,0,0,0,0,1,0,0,1,0,0,0,0,0,0,0,0,0,0,0,0,0.1,1.0,0,0,0,0,0,0,0,0,0,0,0,0,0,0,0,0,0,0,0,0,0,0,1,0,0,0,0,0,0,0,0,0,0,0,0,0,0,0,0
Baskonia Vitoria-Gasteiz,"Hamidou Diallo, Luka Samanic, Markus Howard, Tadas Sedekerskis, Trent Forrest",Olympiacos Piraeus,"Donta Hall, Sasha Vezenkov, Thomas Walkup, Tyler Dorsey, Tyson Ward",1,19,0.3,0.6,2,1,1,100,0,0,0,0,0,0,0,0,0,1,0,0,0,0,0,0,0,0,0,0,0,0,0,0,0,0,0,0,0,0,0,1,1.0,0.1,200,0,200,0,200,-200,2,0,0,0,1,1,100,0,0,0,0,0,0,0,0,0,0,0,0,0,0,0,0,0,0,0,0,0,0,0,0,0,0
Baskonia Vitoria-Gasteiz,"Hamidou Diallo, Luka Samanic, Tadas Sedekerskis, Timothe Luwawu-Cabarrot, Trent Forrest",Olympiacos Piraeus,"Evan Fournier, Nikola Milutinov, Sasha Vezenkov, Thomas Walkup, Tyler Dorsey",1,21,0.3,0.6,0,0,0,0,0,0,0,0,0,0,0,0,0,0,0,0,0,0,3,1,1,100,1,1,100,0,0,0,0,0,0,1,0,0,0,0,0.1,1.0,0,300,-300,300,0,300,-3,0,0,0,0,0,0,0,0,0,0,0,0,0,0,0,1,1,100,0,0,0,0,0,0,0,0,0,0,0,3,0,0
Baskonia Vitoria-Gasteiz,"Hamidou Diallo, Markquis Nowell, Tadas Sedekerskis, Timothe Luwawu-Cabarrot, Trent Forrest",Olympiacos Piraeus,"Evan Fournier, Nikola Milutinov, Sasha Vezenkov, Thomas Walkup, Tyler Dorsey",1,14,0.2,0.6,0,0,0,0,0,0,0,0,0,0,0,0,0,0,0,0,0,0,2,1,1,100,0,0,0,0,0,0,0,0,0,1,0,0,0,0,0.1,1.0,0,200,-200,200,0,200,-2,0,0,0,0,0,0,0,0,0,0,0,0,1,1,100,0,0,0,0,0,0,0,0,0,0,0,0,0,0,0,0,0
Panathinaikos AKTOR Athens,"Jerian Grant, Kendrick Nunn, Konstantinos Mitoglou, Nikolaos Rogkavopoulos, Richaun Holmes",FC Bayern Munich,"Andreas Obst, Justinian Jessup, Niels Giffey, Stefan Jovic, Wenyen Gabriel",1,31,0.5,0.6,0,0,0,0,0,0,0,0,0,0,0,0,0,0,0,0,0,0,2,1,1,100,0,0,0,0,0,0,0,0,0,1,0,0,0,1,0.1,1.0,0,200,-200,200,0,200,-2,0,0,0,0,0,0,0,0,0,0,0,0,1,1,100,0,0,0,0,0,0,0,0,0,0,0,0,0,0,0,0,0
Panathinaikos AKTOR Athens,"Alexandros Samodurov, Jerian Grant, Kendrick Nunn, Kostas Sloukas, Omer Yurtseven",FC Bayern Munich,"Andreas Obst, Justinian Jessup, Kamar Baldwin, Niels Giffey, Wenyen Gabriel",1,2,0.0,0.6,0,0,0,0,0,0,0,0,0,0,0,0,0,0,0,1,0,0,0,0,1,0,0,1,0,0,0,0,0,0,0,0,0,0,0,0,0.1,1.0,0,0,0,0,0,0,0,0,0,0,0,0,0,0,0,0,0,0,0,0,0,0,1,0,0,0,0,0,0,0,0,0,0,0,0,0,0,0,0
Crvena Zvezda Meridianbet Belgrade,"Chima Moneke, Codi Miller-Mcintyre, Izundu Ebuka, Jordan Nwora, Nikola Kalinic",EA7 Emporio Armani Milan,"Josh Nebo, Marko Guduric, Quinn Ellis, Shavon Shields, Zach Leday",1,22,0.4,0.6,0,0,0,0,0,0,0,0,0,0,0,0,0,0,0,0,0,0,2,1,1,100,0,0,0,0,0,0,0,0,0,0,0,0,0,1,0.1,1.0,0,200,-200,200,0,200,-2,0,0,0,0,0,0,0,0,0,0,0,0,1,1,100,0,0,0,0,0,0,0,0,0,0,0,0,0,0,0,0,0
Crvena Zvezda Meridianbet Belgrade,"Dejan Davidovac, Izundu Ebuka, Semi Ojeleye, Stefan Miljenovic, Tyson Carter",EA7 Emporio Armani Milan,"Devin Booker, Marko Guduric, Niccolo Mannion, Shavon Shields, Vlatko Cancar",1,20,0.3,0.6,0,0,1,0,0,0,0,0,0,0,0,0,0,0,0,0,0,1,0,0,0,0,0,0,0,0,0,0,0,1,1,0,0,0,0,0,1.0,0.1,0,0,0,0,0,0,0,0,0,0,1,0,0,0,0,0,0,0,0,0,0,0,0,0,0,0,0,0,0,0,0,0,0,0,0,0,0,0,0
Crvena Zvezda Meridianbet Belgrade,"Dejan Davidovac, Jasiel Rivero, Semi Ojeleye, Stefan Miljenovic, Tyson Carter",EA7 Emporio Armani Milan,"Devin Booker, Marko Guduric, Niccolo Mannion, Shavon Shields, Vlatko Cancar",1,21,0.3,0.6,0,0,0,0,0,0,0,0,0,0,0,0,0,0,0,0,0,0,0,0,1,0,0,0,0,0,0,0,0,0,0,0,0,0,0,0,0.1,1.0,0,0,0,0,0,0,0,0,0,0,0,0,0,0,0,0,0,0,0,1,0,0,0,0,0,0,0,0,0,0,0,0,0,0,0,0,0,0,0
Crvena Zvezda Meridianbet Belgrade,"Dejan Davidovac, Jasiel Rivero, Semi Ojeleye, Stefan Miljenovic, Tyson Carter",EA7 Emporio Armani Milan,"Armoni Brooks, Devin Booker, Niccolo Mannion, Shavon Shields, Vlatko Cancar",1,7,0.1,0.6,0,0,0,0,0,0,0,0,0,0,0,0,0,0,0,0,0,0,0,0,0,0,0,0,0,0,0,0,0,0,0,0,0,0,1,1,0.1,1.0,0,0,0,0,0,0,0,0,0,0,0,0,0,0,0,0,0,0,0,0,0,0,0,0,0,0,0,0,0,0,0,0,1,0,0,0,0,0,0
Crvena Zvezda Meridianbet Belgrade,"Codi Miller-Mcintyre, Izundu Ebuka, Nikola Kalinic, Semi Ojeleye, Tyson Carter",EA7 Emporio Armani Milan,"Armoni Brooks, Josh Nebo, Leandro Bolmaro, Marko Guduric, Zach Leday",1,22,0.4,0.6,0,0,1,0,0,0,0,0,0,0,0,0,0,0,0,0,0,1,0,0,0,0,0,0,0,0,0,0,0,1,1,0,0,0,0,0,1.0,0.1,0,0,0,0,0,0,0,0,0,0,1,0,0,0,0,0,0,0,0,0,0,0,0,0,0,0,0,0,0,0,0,0,0,0,0,0,0,0,0
Crvena Zvezda Meridianbet Belgrade,"Chima Moneke, Dejan Davidovac, Jordan Nwora, Nikola Kalinic, Tyson Carter",EA7 Emporio Armani Milan,"Devin Booker, Giampaolo Ricci, Marko Guduric, Niccolo Mannion, Quinn Ellis",1,21,0.3,0.6,0,0,0,0,0,0,0,0,0,0,0,0,0,0,1,0,0,0,0,0,0,0,0,0,0,0,0,0,0,0,0,0,0,0,1,1,0.1,1.0,0,0,0,0,0,0,0,0,0,0,0,0,0,0,0,0,0,0,0,0,0,0,0,0,0,0,0,0,0,0,0,0,1,0,0,0,0,0,0
Crvena Zvezda Meridianbet Belgrade,"Dejan Davidovac, Jordan Nwora, Semi Ojeleye, Stefan Miljenovic, Tyson Carter",EA7 Emporio Armani Milan,"Armoni Brooks, Devin Booker, Giampaolo Ricci, Marko Guduric, Quinn Ellis",1,37,0.6,0.6,0,0,0,0,0,0,0,0,0,0,0,0,0,0,0,0,0,0,3,1,1,100,1,1,100,0,0,0,0,0,0,1,0,0,0,1,0.1,1.0,0,300,-300,300,0,300,-3,0,0,0,0,0,0,0,0,0,0,0,0,0,0,0,1,1,100,0,0,0,0,0,0,0,0,0,0,0,0,0,0
Anadolu Efes Istanbul,"Ercan Osmani, Georgios Papagiannis, Isaia Cordinier, Jordan Loyd, Nick Weiler-Babb",Maccabi Rapyd Tel Aviv,"Jaylen Hoard, Jimmy Clark Iii, O'Shae J Brissett, Roman Sorkin, Tamir Blatt",1,27,0.5,0.6,2,1,1,100,0,0,0,0,0,0,0,0,0,1,0,0,0,1,0,0,0,0,0,0,0,0,0,0,0,0,0,0,0,0,0,0,1.0,0.1,200,0,200,0,200,-200,2,0,0,0,1,1,100,0,0,0,0,0,0,0,0,0,0,0,0,0,0,0,0,0,0,0,0,0,0,0,0,0,0
Anadolu Efes Istanbul,"Ercan Osmani, Isaia Cordinier, Jordan Loyd, Kai Jones, Sehmus Hazer",Maccabi Rapyd Tel Aviv,"Jeffrey Dowtin Jr, John Dibartolomeo, Lonnie Walker Iv, Marcio Santos, Tj Leaf",1,16,0.3,0.6,0,0,0,0,0,0,0,0,0,0,0,0,0,0,0,0,0,0,2,1,1,100,0,0,0,0,0,0,0,0,0,0,0,0,0,0,0.1,1.0,0,200,-200,200,0,200,-2,0,0,0,0,0,0,0,0,0,0,0,0,1,1,100,0,0,0,0,0,0,0,0,0,0,0,0,0,0,0,0,2
Anadolu Efes Istanbul,"Georgios Papagiannis, Isaia Cordinier, Nick Weiler-Babb, Rolands Smits, Shane Larkin",Maccabi Rapyd Tel Aviv,"Jaylen Hoard, Jeffrey Dowtin Jr, John Dibartolomeo, O'Shae J Brissett, Roman Sorkin",1,27,0.5,0.6,0,0,0,0,0,0,0,0,0,0,0,1,1,0,0,0,0,0,0,0,1,0,0,1,0,0,0,0,0,0,0,0,0,0,0,1,0.1,1.0,0,0,0,0,0,0,0,0,0,0,0,0,0,0,0,0,0,0,0,0,0,0,1,0,0,0,0,0,0,0,0,0,0,0,0,0,0,0,0
Anadolu Efes Istanbul,"Georgios Papagiannis, Isaia Cordinier, Nick Weiler-Babb, Rolands Smits, Shane Larkin",Maccabi Rapyd Tel Aviv,"Jaylen Hoard, Jeffrey Dowtin Jr, Jimmy Clark Iii, O'Shae J Brissett, Roman Sorkin",1,23,0.4,0.6,0,0,1,0,0,1,0,0,0,0,0,0,0,0,0,0,0,1,0,0,0,0,0,0,0,0,0,0,0,1,1,0,0,0,0,0,1.0,0.1,0,0,0,0,0,0,0,0,0,0,0,0,0,1,0,0,0,0,0,0,0,0,0,0,0,0,0,0,0,0,0,0,0,0,0,0,0,0,0
Anadolu Efes Istanbul,"Ercan Osmani, Jordan Loyd, Kai Jones, Nick Weiler-Babb, Shane Larkin",Maccabi Rapyd Tel Aviv,"Jaylen Hoard, Jimmy Clark Iii, Roman Sorkin, Tamir Blatt, Uros Trifunovic",1,14,0.2,0.6,2,1,1,100,0,0,0,0,0,0,0,0,0,0,0,0,0,0,0,0,0,0,0,0,0,0,0,0,0,0,0,0,0,0,0,1,1.0,0.1,200,0,200,0,200,-200,2,0,0,0,1,1,100,0,0,0,0,0,0,0,0,0,0,0,0,0,0,0,0,0,0,0,0,0,0,2,0,0,0
Anadolu Efes Istanbul,"Georgios Papagiannis, Jordan Loyd, Nick Weiler-Babb, Rolands Smits, Shane Larkin",Maccabi Rapyd Tel Aviv,"Jeffrey Dowtin Jr, Lonnie Walker Iv, Marcio Santos, O'Shae J Brissett, Tj Leaf",1,20,0.3,0.6,3,1,1,100,1,1,100,0,0,0,0,0,0,0,0,0,0,0,0,0,0,0,0,0,0,0,0,0,0,0,0,0,0,0,0,0,1.0,0.1,300,0,300,0,300,-300,3,0,0,0,0,0,0,1,1,100,0,0,0,0,0,0,0,0,0,0,0,0,0,0,0,0,0,0,0,0,0,0,0
Anadolu Efes Istanbul,"Ercan Osmani, Isaia Cordinier, Jordan Loyd, Rolands Smits, Shane Larkin",Maccabi Rapyd Tel Aviv,"Jaylen Hoard, John Dibartolomeo, Lonnie Walker Iv, O'Shae J Brissett, Tamir Blatt",1,23,0.4,0.6,0,0,0,0,0,0,0,0,0,0,0,1,1,0,0,0,0,1,0,0,1,0,0,1,0,0,0,0,0,0,0,0,0,0,0,1,0.1,1.0,0,0,0,0,0,0,0,0,0,0,0,0,0,0,0,0,0,0,0,0,0,0,1,0,0,0,0,0,0,0,0,0,0,0,0,0,0,0,0
Dubai Basketball,"Awudu Abass, Dwayne Bacon, Filip Petrusev, Klemen Prepelic, Kosta Kondic",Partizan Mozzart Bet Belgrade,"Carlik Jones, Isaac Bonga, Jabari Parker, Shake Milton, Tyrique Jones",1,31,0.5,0.6,0,0,1,0,0,0,0,0,0,0,0,0,0,0,0,0,0,1,0,0,0,0,0,0,0,0,0,0,0,1,1,0,0,0,0,0,1.0,0.1,0,0,0,0,0,0,0,0,0,0,1,0,0,0,0,0,0,0,0,0,0,0,0,0,0,0,0,0,0,0,0,0,0,0,0,0,0,0,0
Dubai Basketball,"Awudu Abass, Filip Petrusev, Klemen Prepelic, Mckinley Wright Iv, Nemanja Dangubic",Partizan Mozzart Bet Belgrade,"Carlik Jones, Isaac Bonga, Shake Milton, Tyrique Jones, Vanja Marinkovic",1,7,0.1,0.6,0,0,0,0,0,0,0,0,0,0,0,0,0,0,0,0,0,0,0,0,1,0,0,0,0,0,0,0,0,0,0,0,0,0,0,0,0.1,1.0,0,0,0,0,0,0,0,0,0,0,0,0,0,0,0,0,0,0,0,1,0,0,0,0,0,0,0,0,0,0,0,0,0,0,0,0,0,0,0
Dubai Basketball,"Dzanan Musa, Filip Petrusev, Justin Anderson, Mckinley Wright Iv, Mfiondu Kabengele",Partizan Mozzart Bet Belgrade,"Carlik Jones, Isaac Bonga, Jabari Parker, Shake Milton, Tyrique Jones",1,10,0.2,0.6,0,0,0,0,0,0,0,0,0,0,0,0,0,0,0,0,0,0,0,0,0,0,0,0,0,0,0,0,0,0,0,0,0,0,1,1,0.1,1.0,0,0,0,0,0,0,0,0,0,0,0,0,0,0,0,0,0,0,0,0,0,0,0,0,0,0,0,0,0,0,0,0,1,0,0,0,0,0,0
Dubai Basketball,"Dzanan Musa, Filip Petrusev, Justin Anderson, Mckinley Wright Iv, Mfiondu Kabengele",Partizan Mozzart Bet Belgrade,"Carlik Jones, Dylan Osetkowski, Isaac Bonga, Jabari Parker, Shake Milton",1,17,0.3,0.6,0,0,1,0,0,0,0,0,0,0,0,0,0,0,0,0,0,0,0,0,0,0,0,0,0,0,0,0,0,0,0,0,0,0,0,0,1.0,0.1,0,0,0,0,0,0,0,0,0,0,1,0,0,0,0,0,0,0,0,0,0,0,0,0,0,0,0,0,0,0,0,0,0,0,0,0,0,0,0
Hapoel IBI Tel Aviv,"Antonio Blakeney, Collin Malcolm, Ish Wainright, Johnathan Motley, Vasilije Micic",FC Barcelona,"Jan Vesely, Joel Parra, Juani Marcos, Kevin Punter, Myles Cale",1,16,0.3,0.6,0,0,0,0,0,0,0,0,0,0,0,0,0,0,0,0,0,0,2,1,1,100,0,0,0,0,0,0,0,0,0,0,0,0,0,1,0.1,1.0,0,200,-200,200,0,200,-2,0,0,0,0,0,0,0,0,0,0,0,0,1,1,100,0,0,0,0,0,0,0,0,0,0,0,0,0,0,0,0,0
Hapoel IBI Tel Aviv,"Dan Oturu, Elijah Bryant, Ish Wainright, Johnathan Motley, Vasilije Micic",FC Barcelona,"Jan Vesely, Joel Parra, Myles Cale, Tomas Satoransky, Will Clyburn",1,31,0.5,0.6,2,1,1,100,0,0,0,0,0,0,0,0,0,1,0,0,0,1,0,0,0,0,0,0,0,0,0,0,0,0,0,0,0,0,0,0,1.0,0.1,200,0,200,0,200,-200,2,0,0,0,1,1,100,0,0,0,0,0,0,0,0,0,0,0,0,0,0,0,0,0,0,0,0,0,0,0,0,0,0
Hapoel IBI Tel Aviv,"Elijah Bryant, Ish Wainright, Johnathan Motley, Tai Odiase, Tomer Ginat",FC Barcelona,"Dario Brizuela, Joel Parra, Myles Cale, Nicolas Laprovittola, Youssoupha Fall",1,1,0.0,0.6,0,0,0,0,0,0,0,0,0,0,0,0,0,0,0,0,0,0,2,1,1,100,0,0,0,0,0,0,0,0,0,1,0,0,0,0,0.1,1.0,0,200,-200,200,0,200,-2,0,0,0,0,0,0,0,0,0,0,0,0,1,1,100,0,0,0,0,0,0,0,0,0,0,0,0,0,0,0,0,0
LDLC ASVEL Villeurbanne,"Bodian Massa, Glynn Watson, Mbaye Ndiaye, Melvin Ajinca, Nando De Colo",Valencia Basket,"Darius Thompson, Josep Puerto, Matthew Costello, Neal Sako, Omari Moore",1,18,0.3,0.5,0,0,0,0,0,0,0,0,0,0,0,1,1,0,0,0,0,0,0,0,2,0,0,0,0,0,0,0,1,0,1,0,0,0,0,1,0.1,0.9,0,0,0,0,0,0,0,0,0,0,0,0,0,0,0,0,0,0,0,2,0,0,0,0,0,0,0,0,0,0,0,0,0,0,0,0,0,0,0
AS Monaco,"Jaron Blossomgame, Kevarrius Hayes, Matthew Strazel, Nemanja Nedovic, Terry Tarpey",Zalgiris Kaunas,"Arnas Butkevicius, Azuolas Tubelis, Ignas Brazdeikis, Maodo Lo, Moses Wright",1,15,0.2,0.5,2,1,2,50,0,0,0,0,0,0,1,0,1,0,0,0,0,0,0,0,0,0,0,0,0,0,0,0,0,0,0,0,0,0,0,0,0.9,0.1,215.1,0,215.1,0,215.1,-215.1,2,0,0,0,2,1,50,0,0,0,0,0,0,0,0,0,0,0,0,0,0,0,0,0,0,0,0,2,0,2,0,0,0
AS Monaco,"Daniel Theis, Elie Okobo, Jaron Blossomgame, Matthew Strazel, Mike James",Zalgiris Kaunas,"Arnas Butkevicius, Deividas Sirvydis, Edgaras Ulanovas, Moses Wright, Sylvain Francisco",1,35,0.6,0.5,0,0,0,0,0,0,0,0,0,0,0,0,0,0,0,0,0,0,2,1,2,50,0,0,0,0,0,0,1,0,1,0,0,0,0,1,0.1,0.9,0,215.1,-215.1,215.1,0,215.1,-2,0,0,0,0,0,0,0,0,0,0,0,0,2,1,50,0,0,0,0,0,0,0,0,0,0,0,0,0,0,2,0,0
Panathinaikos AKTOR Athens,"Juancho Hernangomez, Kendrick Nunn, Nikolaos Rogkavopoulos, Richaun Holmes, Tj Shorts",FC Bayern Munich,"Andreas Obst, Isiaha Mike, Kamar Baldwin, Vladimir Lucic, Wenyen Gabriel",1,23,0.4,0.5,0,0,2,0,0,1,0,0,0,0,1,0,1,0,0,0,0,1,0,0,0,0,0,0,0,0,0,0,0,1,1,0,0,1,0,0,0.9,0.1,0,0,0,0,0,0,0,0,0,0,1,0,0,1,0,0,0,0,0,0,0,0,0,0,0,0,0,0,0,0,0,0,0,0,0,0,0,0,0
Panathinaikos AKTOR Athens,"Kendrick Nunn, Konstantinos Mitoglou, Kostas Sloukas, Nikolaos Rogkavopoulos, Omer Yurtseven",FC Bayern Munich,"Isiaha Mike, Stefan Jovic, Vladimir Lucic, Wenyen Gabriel, Xavier Rathan-Mayes",1,38,0.6,0.5,0,0,0,0,0,0,0,0,0,0,0,1,1,0,0,0,0,0,0,0,2,0,0,2,0,0,0,0,1,0,1,0,0,0,0,1,0.1,0.9,0,0,0,0,0,0,0,0,0,0,0,0,0,0,0,0,0,0,0,0,0,0,2,0,0,0,0,0,0,0,0,0,0,0,0,0,0,0,0
Hapoel IBI Tel Aviv,"Dan Oturu, Elijah Bryant, Ish Wainright, Tomer Ginat, Vasilije Micic",FC Barcelona,"Dario Brizuela, Joel Parra, Myles Cale, Tomas Satoransky, Willy Hernangomez",1,18,0.3,0.5,0,0,1,0,0,1,0,0,0,0,1,0,1,0,0,0,1,0,0,0,0,0,0,0,0,0,0,0,0,0,0,0,0,0,0,0,0.9,0.1,0,0,0,0,0,0,0,0,0,0,0,0,0,1,0,0,0,0,0,0,0,0,0,0,0,0,0,0,1,0,0,0,0,0,0,0,0,0,0
