Team,Lineup,GAMES,TOTAL_TIME,VS_STARTERS_MIN,PTS,FGM,FGA,FG%,3PM,3PA,3P%,FTM,FTA,FT%,OREB,DREB,REB,AST,STL,BLK,TOV,PF,POSS,PACE,PACE_FOR,PACE_VS,APL_OFF,APL_DEF,OFF_eFG%,OFF_TS%,OFF_AST%,OFF_OREB%,OFF_DREB%,OFF_TOV%,OFF_FT_RATE,OFF_3PA_RATE,OFF_RTG,PTS_VS,FGM_VS,FGA_VS,FG%_VS,3PM_VS,3PA_VS,3P%_VS,FTM_VS,FTA_VS,FT%_VS,OREB_VS,DREB_VS,REB_VS,AST_VS,STL_VS,BLK_VS,TOV_VS,PF_VS,POSS_VS,DEF_eFG%,DEF_TS%,DEF_TOV%,DEF_OREB%_VS,DEF_3PA_RATE,DEF_RTG,RIM_ATT,RIM_MADE,RIM%,OTD_2PT_ATT,OTD_2PT_MADE,OTD_2PT%,OTD_3PT_ATT,OTD_3PT_MADE,OTD_3PT%,PASS_TO,DRIBBLE_TO,DEFENSE_TO,MISC_TO,NET_RTG,RIM_ATT_VS,RIM_MADE_VS,RIM%_VS,OTD_2PT_ATT_VS,OTD_2PT_MADE_VS,OTD_2PT%_VS,OTD_3PT_ATT_VS,OTD_3PT_MADE_VS,OTD_3PT%_VS,PASS_TO_VS,DRIBBLE_TO_VS,DEFENSE_TO_VS,MISC_TO_VS,2ND_CHANCE_PTS,FAST_BREAK_PTS,PTS_OFF_TOV,2ND_CHANCE_PTS_VS,FAST_BREAK_PTS_VS,PTS_OFF_TOV_VS
Olympiacos Piraeus,"Evan Fournier, Nikola Milutinov, Sasha Vezenkov, Thomas Walkup, Tyler Dorsey",1,1101,7.1,53,17,40,42.5,5,19,26.3,14,15,93.3,13,16,29,6,3,0,3,4,34,74.3,73.3,75.4,32.8,31.8,48.8,56.9,35.3,65,80,5.4,37.5,47.5,157.7,30,11,33,33.3,5,19,26.3,3,3,100,4,7,11,7,2,2,5,13,35,40.9,43.7,12.7,20,57.6,86.7,0,0,0,21,12,57.1,19,5,26.3,0,0,0,3,71,0,0,0,14,6,42.9,19,5,26.3,0,0,0,5,18,10,7,7,5,8
Hapoel IBI Tel Aviv,"Collin Malcolm, Dan Oturu, Elijah Bryant, Ish Wainright, Vasilije Micic",1,725,7.0,28,12,22,54.5,4,9,44.4,0,0,0,3,5,8,6,4,1,4,4,23,73.7,75.4,72,31.8,33.3,63.6,63.6,50,30,71.4,12.5,0,40.9,122.9,29,11,18,61.1,5,7,71.4,2,2,100,2,7,9,6,4,0,5,4,22,75,76.8,20.9,28.6,38.9,133.4,0,0,0,13,8,61.5,9,4,44.4,0,0,0,4,-10.5,0,0,0,11,6,54.5,7,5,71.4,0,0,0,5,4,5,6,5,10,13
AS Monaco,"Alpha Diallo, Daniel Theis, Elie Okobo, Mike James, Nikola Mirotic",1,718,4.5,31,13,22,59.1,1,3,33.3,4,6,66.7,3,3,6,9,1,1,1,5,22,72.2,73.6,70.7,32.6,33.9,61.4,62.9,69.2,37.5,75,2.9,27.3,13.6,140.7,34,13,19,68.4,5,8,62.5,3,4,75,1,5,6,10,1,1,2,5,21,81.6,81.9,8.8,25,42.1,160.7,0,0,0,19,12,63.2,3,1,33.3,0,0,0,1,-20,0,0,0,11,8,72.7,8,5,62.5,0,0,0,2,2,10,4,3,0,3
Dubai Basketball,"Davis Bertans, Dwayne Bacon, Dzanan Musa, Mckinley Wright Iv, Mfiondu Kabengele",1,689,5.5,31,12,17,70.6,4,5,80,3,4,75,2,7,9,10,0,0,3,6,20,68.7,68.3,69.1,35.1,34.7,82.4,82.6,83.3,40,58.3,9.4,23.5,29.4,158,23,7,21,33.3,2,6,33.3,7,7,100,5,3,8,2,1,0,2,4,20,38.1,47.8,7.7,41.7,28.6,115.9,0,0,0,12,8,66.7,5,4,80,0,0,0,3,42.1,0,0,0,15,5,33.3,6,2,33.3,0,0,0,2,4,3,3,6,2,2
FC Bayern Munich,"Isiaha Mike, Stefan Jovic, Vladimir Lucic, Wenyen Gabriel, Xavier Rathan-Mayes",1,528,2.9,25,9,14,64.3,3,7,42.9,4,7,57.1,3,5,8,8,1,0,4,4,18,80.4,81.2,79.6,29.5,30.1,75,73.2,88.9,60,100,13.8,50,50,139.9,21,6,12,50,2,4,50,7,8,87.5,0,2,2,7,2,0,2,3,18,58.3,67.7,11.4,0,33.3,119.9,0,0,0,7,6,85.7,7,3,42.9,0,0,0,4,20,0,0,0,8,4,50,4,2,50,0,0,0,2,2,8,2,2,2,4
EA7 Emporio Armani Milan,"Josh Nebo, Leandro Bolmaro, Niccolo Mannion, Shavon Shields, Zach Leday",1,597,5.4,26,10,15,66.7,1,3,33.3,5,6,83.3,1,5,6,5,1,0,1,7,18,70.7,71.4,70.1,33.6,34.3,70,73.7,50,16.7,62.5,4.2,40,20,146.5,22,8,16,50,2,5,40,4,6,66.7,3,5,8,5,1,0,2,9,17,56.2,59,9.7,37.5,31.2,126.2,0,0,0,12,9,75,3,1,33.3,0,0,0,1,20.3,0,0,0,11,6,54.5,5,2,40,0,0,0,2,4,6,4,1,4,2
FC Barcelona,"Jan Vesely, Kevin Punter, Tomas Satoransky, Tornike Shengelia, Will Clyburn",1,703,4.0,29,13,19,68.4,3,6,50,0,2,0,6,8,14,7,0,1,4,4,18,63.6,62.7,64.4,38.3,37.3,76.3,72.9,53.8,85.7,80,13,10.5,31.6,157.8,25,10,20,50,5,8,62.5,0,0,0,2,1,3,4,3,1,1,6,19,62.5,62.5,4.8,20,40,132.6,0,0,0,13,10,76.9,6,3,50,0,0,0,4,25.2,0,0,0,12,5,41.7,8,5,62.5,0,0,0,1,14,7,5,2,0,7
Zalgiris Kaunas,"Dustin Sleva, Edgaras Ulanovas, Laurynas Birutis, Nigel Williams-Goss, Sylvain Francisco",1,544,4.5,18,8,15,53.3,1,3,33.3,1,2,50,1,7,8,6,2,0,2,4,17,75.4,73.4,77.5,32.7,31.0,56.7,56.7,75,16.7,87.5,8.4,13.3,20,108.2,15,6,15,40,1,4,25,2,4,50,1,5,6,4,1,1,2,7,18,43.3,44.7,10.7,12.5,26.7,85.4,0,0,0,12,7,58.3,3,1,33.3,0,0,0,2,22.8,0,0,0,11,5,45.5,4,1,25,0,0,0,2,2,2,4,0,2,2
Anadolu Efes Istanbul,"Ercan Osmani, Isaia Cordinier, Kai Jones, Nick Weiler-Babb, Shane Larkin",1,661,7.1,23,10,16,62.5,2,7,28.6,1,1,100,3,6,9,5,2,0,4,8,17,62.4,60.2,64.6,39.8,37.2,68.8,70,50,60,50,15.7,6.2,43.8,138.7,21,8,20,40,1,4,25,4,5,80,6,2,8,6,3,0,2,3,18,42.5,47.3,8.3,50,20,118.1,0,0,0,9,8,88.9,7,2,28.6,0,0,0,4,20.5,0,0,0,16,7,43.8,4,1,25,0,0,0,2,6,2,2,4,3,5
Anadolu Efes Istanbul,"Ercan Osmani, Isaia Cordinier, Jordan Loyd, Rolands Smits, Shane Larkin",1,547,0.0,21,8,13,61.5,2,6,33.3,3,5,60,1,5,6,5,2,0,3,3,17,79.5,75.9,83.2,31.6,28.9,69.2,69.1,62.5,16.7,83.3,12.9,38.5,46.2,121.3,16,5,12,41.7,2,5,40,4,5,80,1,5,6,5,1,1,6,4,19,50,56.3,29.7,16.7,41.7,84.4,0,0,0,7,6,85.7,6,2,33.3,0,0,0,3,36.9,0,0,0,7,3,42.9,5,2,40,0,0,0,6,2,6,9,0,7,0
FC Barcelona,"Kevin Punter, Tomas Satoransky, Tornike Shengelia, Will Clyburn, Willy Hernangomez",1,618,7.0,23,8,17,47.1,3,6,50,4,4,100,4,5,9,4,4,0,3,2,17,71,67.9,74.1,35.4,32.4,55.9,61.3,50,44.4,83.3,11.6,23.5,35.3,131.6,21,8,15,53.3,2,6,33.3,3,3,100,1,5,6,5,2,0,4,6,19,60,64.3,19.7,16.7,40,110.1,0,0,0,11,5,45.5,6,3,50,0,0,0,3,21.5,0,0,0,9,6,66.7,6,2,33.3,0,0,0,4,6,5,8,2,3,2
Panathinaikos AKTOR Athens,"Jerian Grant, Juancho Hernangomez, Kendrick Nunn, Nikolaos Rogkavopoulos, Richaun Holmes",1,555,0.0,17,7,16,43.8,1,5,20,2,2,100,3,3,6,6,2,0,2,2,16,66.6,67.8,65.5,35.4,36.6,46.9,50.4,85.7,33.3,33.3,8,12.5,31.2,108.5,13,6,17,35.3,1,8,12.5,0,0,0,6,6,12,2,1,0,6,6,15,38.2,38.2,26.1,66.7,47.1,85.8,0,0,0,11,6,54.5,5,1,20,0,0,0,2,22.7,0,0,0,9,5,55.6,8,1,12.5,0,0,0,6,0,2,4,4,3,2
Baskonia Vitoria-Gasteiz,"Hamidou Diallo, Khalifa Diop, Markus Howard, Tadas Sedekerskis, Trent Forrest",1,544,7.1,19,7,18,38.9,5,11,45.5,0,0,0,4,1,5,5,2,1,2,5,15,66.8,67.5,66.1,35.6,36.3,52.8,52.8,71.4,40,11.1,8,0,61.1,124.2,26,7,19,36.8,3,10,30,9,10,90,8,6,14,3,2,0,3,1,15,44.7,55.6,11.4,88.9,52.6,173.5,0,0,0,7,2,28.6,11,5,45.5,0,0,0,2,-49.2,0,0,0,9,4,44.4,10,3,30,0,0,0,3,8,6,9,9,6,2
Crvena Zvezda Meridianbet Belgrade,"Chima Moneke, Codi Miller-Mcintyre, Izundu Ebuka, Jordan Nwora, Nikola Kalinic",1,494,3.0,21,9,14,64.3,1,4,25,2,5,40,3,5,8,5,0,0,0,4,14,63,65.7,60.4,36.5,39.7,67.9,64.8,55.6,50,83.3,0,35.7,28.6,155.3,18,7,12,58.3,2,3,66.7,2,3,66.7,1,3,4,5,0,0,0,6,12,66.7,67.6,0,16.7,25,144.8,0,0,0,10,8,80,4,1,25,0,0,0,0,10.4,0,0,0,9,5,55.6,3,2,66.7,0,0,0,0,3,4,0,4,0,0
Maccabi Rapyd Tel Aviv,"Jaylen Hoard, Jimmy Clark Iii, O'Shae J Brissett, Roman Sorkin, Tamir Blatt",1,546,7.1,18,7,14,50,1,4,25,3,3,100,3,3,6,4,1,0,2,3,14,63,59.7,66.4,40.2,36.1,53.6,58.7,57.1,50,50,9.4,21.4,28.6,132.6,22,9,15,60,1,5,20,3,3,100,3,3,6,4,1,0,2,6,15,63.3,67.4,10.9,50,33.3,145.6,0,0,0,10,6,60,4,1,25,0,0,0,2,-13,0,0,0,10,8,80,5,1,20,0,0,0,2,4,2,4,6,0,2
Valencia Basket,"Darius Thompson, Jaime Pradilla, Kameron Taylor, Nathan Reuvers, Omari Moore",1,342,0.0,8,2,10,20,1,7,14.3,3,3,100,1,4,5,2,2,0,2,4,12,86.9,83.5,90.4,28.8,26.6,25,35.3,100,16.7,100,13.1,30,70,67.3,10,4,9,44.4,1,4,25,1,2,50,0,5,5,3,1,0,3,3,13,50,50.6,23.3,0,44.4,77.6,0,0,0,3,1,33.3,7,1,14.3,0,0,0,2,-10.4,0,0,0,5,3,60,4,1,25,0,0,0,3,2,0,2,0,5,4
AS Monaco,"Alpha Diallo, Jaron Blossomgame, Kevarrius Hayes, Matthew Strazel, Mike James",1,404,4.5,7,3,10,30,1,5,20,0,0,0,1,5,6,1,1,1,2,4,11,67.4,63.9,70.9,37.6,33.9,35,35,33.3,16.7,83.3,15.4,0,50,65.1,10,5,11,45.5,0,1,0,0,0,0,1,5,6,1,2,0,2,2,12,45.5,45.5,15.4,16.7,9.1,83.8,0,0,0,5,2,40,5,1,20,0,0,0,2,-18.7,0,0,0,10,5,50,1,0,0,0,0,0,2,0,0,2,2,2,4
Baskonia Vitoria-Gasteiz,"Khalifa Diop, Markus Howard, Tadas Sedekerskis, Timothe Luwawu-Cabarrot, Trent Forrest",1,328,0.7,20,8,13,61.5,3,7,42.9,1,1,100,3,4,7,6,0,1,1,3,11,73.3,82.2,64.5,29.2,37.2,73.1,74.4,75,60,80,4.9,7.7,53.8,178.1,10,4,9,44.4,0,2,0,2,2,100,1,2,3,2,1,0,0,2,9,44.4,50.6,0,20,22.2,113.5,0,0,0,6,5,83.3,7,3,42.9,0,0,0,1,64.6,0,0,0,7,4,57.1,2,0,0,0,0,0,0,4,8,0,0,2,2
Partizan Mozzart Bet Belgrade,"Arijan Lakic, Duane Washington, Dylan Osetkowski, Jabari Parker, Sterling Brown",1,370,5.5,10,3,11,27.3,2,4,50,2,2,100,2,2,4,2,1,0,2,2,11,72.4,74.2,70.6,32.4,34.0,36.4,42.1,66.7,28.6,100,12.6,18.2,36.4,87.5,19,7,9,77.8,4,4,100,1,2,50,0,5,5,6,0,0,1,3,11,100,96.2,9.2,0,44.4,174.6,0,0,0,7,1,14.3,4,2,50,0,0,0,2,-87.2,0,0,0,5,3,60,4,4,100,0,0,0,1,2,0,0,0,3,3
LDLC ASVEL Villeurbanne,"Bastien Vautier, Mbaye Ndiaye, Nando De Colo, Shaquille Harrison, Zachary Seljaas",1,237,0.0,10,3,9,33.3,1,3,33.3,3,4,75,3,4,7,1,1,1,2,1,10,83.8,96.7,70.9,24.8,33.9,38.9,46.5,33.3,50,100,14.5,44.4,33.3,104.7,4,2,6,33.3,0,2,0,0,0,0,0,3,3,1,0,2,1,3,7,33.3,33.3,14.3,0,33.3,57.1,0,0,0,6,2,33.3,3,1,33.3,0,0,0,2,47.6,0,0,0,4,2,50,2,0,0,0,0,0,1,2,5,3,0,2,0
Zalgiris Kaunas,"Azuolas Tubelis, Edgaras Ulanovas, Maodo Lo, Nigel Williams-Goss, Sylvain Francisco",1,254,0.0,9,3,8,37.5,1,3,33.3,2,3,66.7,1,1,2,2,0,1,2,1,10,88.5,98.5,78.4,24.4,30.6,43.8,48.3,66.7,16.7,50,15,37.5,37.5,86.3,13,6,10,60,0,2,0,1,1,100,1,5,6,3,1,0,0,3,8,60,62.3,0,50,20,156.6,0,0,0,5,2,40,3,1,33.3,0,0,0,2,-70.3,0,0,0,8,6,75,2,0,0,0,0,0,0,2,0,0,2,8,2
Panathinaikos AKTOR Athens,"Juancho Hernangomez, Kendrick Nunn, Nikolaos Rogkavopoulos, Richaun Holmes, Tj Shorts",1,322,2.2,12,4,10,40,1,3,33.3,3,3,100,1,1,2,3,1,0,0,2,10,70.2,74.8,65.7,32.1,36.5,45,53,75,20,50,0,30,30,119.6,12,5,7,71.4,1,2,50,1,2,50,1,4,5,6,0,2,2,4,9,78.6,76.1,20.2,50,28.6,136.2,0,0,0,7,3,42.9,3,1,33.3,0,0,0,0,-16.6,0,0,0,5,4,80,2,1,50,0,0,0,2,0,0,2,2,2,0
EA7 Emporio Armani Milan,"Armoni Brooks, Josh Nebo, Niccolo Mannion, Shavon Shields, Zach Leday",1,364,0.0,18,7,9,77.8,3,5,60,1,1,100,0,3,3,4,0,0,1,1,10,67.4,68.8,65.9,34.9,36.4,94.4,95.3,57.1,0,100,6.9,11.1,55.6,172.4,17,7,10,70,3,4,75,0,0,0,0,2,2,4,0,0,0,3,10,85,85,0,0,40,170,0,0,0,4,4,100,5,3,60,0,0,0,1,2.4,0,0,0,6,4,66.7,4,3,75,0,0,0,0,0,0,0,0,2,2
LDLC ASVEL Villeurbanne,"Bastien Vautier, Mbaye Ndiaye, Melvin Ajinca, Nando De Colo, Shaquille Harrison",1,321,3.6,8,4,9,44.4,0,2,0,0,0,0,2,2,4,2,2,0,2,2,9,69.3,66.2,72.3,36.2,33.2,44.4,44.4,50,40,40,15.4,0,22.2,90.3,14,5,10,50,3,5,60,1,2,50,3,3,6,4,2,0,2,2,10,65,64.3,15.5,60,50,144.8,0,0,0,7,4,57.1,2,0,0,0,0,0,2,-54.5,0,0,0,5,2,40,5,3,60,0,0,0,2,4,2,2,2,2,5
Crvena Zvezda Meridianbet Belgrade,"Chima Moneke, Codi Miller-Mcintyre, Jasiel Rivero, Jordan Nwora, Nikola Kalinic",1,322,5.4,8,3,8,37.5,1,2,50,1,1,100,1,3,4,2,1,0,2,3,9,73.8,69.8,77.8,34.4,30.8,43.8,47.4,66.7,20,100,16.1,12.5,25,85.4,14,6,9,66.7,1,3,33.3,1,1,100,0,4,4,4,1,0,1,2,10,72.2,74.2,9.6,0,33.3,134.1,0,0,0,6,2,33.3,2,1,50,0,0,0,2,-48.7,0,0,0,6,5,83.3,3,1,33.3,0,0,0,1,0,2,2,0,6,4
Partizan Mozzart Bet Belgrade,"Carlik Jones, Isaac Bonga, Shake Milton, Tyrique Jones, Vanja Marinkovic",1,413,0.0,14,6,11,54.5,2,2,100,0,0,0,2,3,5,4,0,1,1,0,9,57.1,54.2,59.9,44.3,40.1,63.6,63.6,66.7,50,60,6.2,0,18.2,150.1,14,6,12,50,1,2,50,1,2,50,2,2,4,3,1,0,0,0,10,54.2,54.3,0,40,16.7,135.8,0,0,0,9,4,44.4,2,2,100,0,0,0,1,14.4,0,0,0,10,5,50,2,1,50,0,0,0,0,6,2,0,2,0,2
Dubai Basketball,"Awudu Abass, Davis Bertans, Dzanan Musa, Filip Petrusev, Mckinley Wright Iv",1,353,0.0,13,6,10,60,1,1,100,0,0,0,1,2,3,3,1,0,0,0,9,60.5,60.7,60.2,39.5,39.8,65,65,50,25,50,0,0,10,145.6,14,6,10,60,2,2,100,0,0,0,2,3,5,4,0,1,1,0,9,70,70,9.1,50,20,158,0,0,0,9,5,55.6,1,1,100,0,0,0,0,-12.4,0,0,0,8,4,50,2,2,100,0,0,0,1,2,0,2,6,2,0
Paris Basketball,"Allan Dokossi, Amath M'Baye, Justin Robinson, Sebastian Herrera, Yakuba Ouattara",1,279,0.0,14,5,10,50,3,7,42.9,1,2,50,2,4,6,3,1,1,1,4,8,75.3,71.5,79.1,33.6,30.3,65,64.3,60,66.7,100,6.7,20,70,168.4,10,2,6,33.3,1,3,33.3,5,5,100,0,1,1,0,1,1,1,5,9,41.7,61,10.9,0,50,108.7,0,0,0,3,2,66.7,7,3,42.9,0,0,0,1,59.7,0,0,0,3,1,33.3,3,1,33.3,0,0,0,2,3,3,0,0,2,2
AS Monaco,"Daniel Theis, Elie Okobo, Matthew Strazel, Nemanja Nedovic, Nikola Mirotic",1,262,0.0,14,5,7,71.4,2,2,100,2,2,100,1,3,4,4,0,0,1,6,8,69.7,71.5,67.8,33.5,35.4,85.7,88.8,80,50,75,7.8,28.6,28.6,179.3,11,3,6,50,2,3,66.7,3,5,60,1,1,2,2,0,0,0,2,7,66.7,67.1,0,25,50,148.7,0,0,0,5,3,60,2,2,100,0,0,0,1,30.6,0,0,0,3,1,33.3,3,2,66.7,0,0,0,0,0,3,0,2,1,2
Real Madrid,"Bruno Fernando, David Kraemer, Facundo Campazzo, Gabriel Deck, Trey Lyles",1,290,0.0,10,4,6,66.7,0,1,0,2,2,100,1,4,5,2,0,0,2,0,8,65.1,64.6,65.6,37.1,36.6,66.7,72.7,50,50,80,18.4,33.3,16.7,128,9,4,9,44.4,1,3,33.3,0,0,0,1,1,2,1,1,0,0,3,8,50,50,0,20,33.3,113.5,0,0,0,5,4,80,1,0,0,0,0,0,2,14.5,0,0,0,6,3,50,3,1,33.3,0,0,0,0,0,4,2,2,2,5
Real Madrid,"Andres Feliz, Bruno Fernando, Chuma Okeke, David Kraemer, Sergio Llull",1,311,0.0,9,4,6,66.7,1,2,50,0,0,0,0,2,2,1,2,0,2,0,8,65.1,61.7,68.5,38.9,35.0,75,75,25,0,100,22.2,0,33.3,112.5,11,4,6,66.7,1,2,50,2,2,100,0,0,0,4,0,0,2,1,9,75,79.9,22.5,0,33.3,123.9,0,0,0,4,3,75,2,1,50,0,0,0,2,-11.4,0,0,0,4,3,75,2,1,50,0,0,0,2,0,5,5,0,2,3
FC Bayern Munich,"Isiaha Mike, Kamar Baldwin, Vladimir Lucic, Wenyen Gabriel, Xavier Rathan-Mayes",1,260,0.0,15,4,6,66.7,4,5,80,3,4,75,0,1,1,4,0,0,0,2,8,72.2,71.6,72.7,33.5,33.0,100,96.6,100,0,100,0,66.7,83.3,193.3,13,5,6,83.3,1,1,100,2,2,100,0,3,3,4,0,0,1,3,8,91.7,94.5,12.7,0,16.7,165,0,0,0,1,0,0,5,4,80,0,0,0,0,28.3,0,0,0,5,4,80,1,1,100,0,0,0,1,0,3,3,0,0,0
Panathinaikos AKTOR Athens,"Alexandros Samodurov, Kendrick Nunn, Kostas Sloukas, Nikolaos Rogkavopoulos, Omer Yurtseven",1,247,0.0,13,5,6,83.3,1,1,100,2,2,100,0,3,3,4,0,0,1,2,8,76,76.6,75.4,31.3,31.8,91.7,94.5,80,0,100,8.4,33.3,16.7,165,15,4,6,66.7,4,5,80,3,4,75,0,1,1,4,0,0,0,2,8,100,96.6,0,0,83.3,193.3,0,0,0,5,4,80,1,1,100,0,0,0,1,-28.3,0,0,0,1,0,0,5,4,80,0,0,0,0,0,0,0,0,3,3
EA7 Emporio Armani Milan,"Armoni Brooks, Devin Booker, Giampaolo Ricci, Marko Guduric, Quinn Ellis",1,236,0.0,14,5,8,62.5,3,4,75,1,2,50,1,1,2,2,3,0,0,2,8,74.7,79.4,70,30.2,34.3,81.2,78.8,40,33.3,100,0,25,50,179.3,6,2,3,66.7,0,0,0,2,2,100,0,2,2,0,0,0,3,3,7,66.7,77.3,43.6,0,0,87.2,0,0,0,4,2,50,4,3,75,0,0,0,0,92,0,0,0,3,2,66.7,0,0,0,0,0,0,3,2,3,2,0,2,2
Anadolu Efes Istanbul,"Ercan Osmani, Jordan Loyd, Kai Jones, Nick Weiler-Babb, Shane Larkin",1,190,1.9,6,2,8,25,0,2,0,2,2,100,1,1,2,1,0,0,0,1,8,80.9,98.7,63.2,24.3,38.0,25,33.8,50,16.7,100,0,25,25,76.8,8,3,4,75,2,3,66.7,0,0,0,0,5,5,2,0,0,1,2,5,100,100,20,0,75,160,0,0,0,6,2,33.3,2,0,0,0,0,0,0,-83.2,0,0,0,1,1,100,3,2,66.7,0,0,0,1,0,0,2,0,3,0
Maccabi Rapyd Tel Aviv,"Jaylen Hoard, Jimmy Clark Iii, Roman Sorkin, Tamir Blatt, William Rayman",1,251,3.9,6,2,9,22.2,1,3,33.3,1,2,50,3,1,4,3,2,0,1,2,8,76.8,77.2,76.5,31.1,31.4,27.8,30.4,150,37.5,100,7.2,22.2,33.3,74.3,9,4,6,66.7,1,2,50,0,0,0,0,5,5,3,1,0,2,3,8,75,75,25,0,33.3,112.5,0,0,0,6,1,16.7,3,1,33.3,0,0,0,1,-38.2,0,0,0,4,3,75,2,1,50,0,0,0,2,0,1,1,0,2,0
Partizan Mozzart Bet Belgrade,"Carlik Jones, Jabari Parker, Shake Milton, Sterling Brown, Tyrique Jones",1,283,4.7,10,3,7,42.9,0,1,0,4,4,100,1,2,3,0,0,0,1,3,8,68.5,70.7,66.2,34.0,36.2,42.9,57.1,0,33.3,66.7,10.2,57.1,14.3,120,10,4,7,57.1,0,1,0,2,2,100,1,2,3,3,0,0,1,2,8,57.1,63.5,11.3,33.3,14.3,128,0,0,0,6,3,50,1,0,0,0,0,0,1,-8,0,0,0,6,4,66.7,1,0,0,0,0,0,1,2,2,2,4,0,0
Partizan Mozzart Bet Belgrade,"Duane Washington, Dylan Osetkowski, Isaac Bonga, Jabari Parker, Shake Milton",1,279,0.0,6,3,9,33.3,0,2,0,0,0,0,1,1,2,1,0,0,0,1,8,69.7,68.2,71.2,35.2,33.7,33.3,33.3,33.3,16.7,50,0,0,22.2,75.7,12,4,7,57.1,2,3,66.7,2,2,100,1,5,6,2,0,0,2,1,8,71.4,76.1,20.2,50,42.9,145,0,0,0,7,3,42.9,2,0,0,0,0,0,0,-69.4,0,0,0,4,2,50,3,2,66.7,0,0,0,2,2,0,2,2,3,3
Partizan Mozzart Bet Belgrade,"Aleksej Pokusevski, Carlik Jones, Isaac Bonga, Sterling Brown, Tyrique Jones",1,276,0.0,11,4,7,57.1,2,2,100,1,2,50,1,4,5,4,0,0,1,3,8,63.2,67.9,58.4,35.3,41.1,71.4,69.8,100,33.3,80,7.8,28.6,28.6,140.8,4,2,8,25,0,3,0,0,0,0,1,2,3,1,0,0,0,1,7,25,25,0,20,37.5,59.6,0,0,0,5,2,40,2,2,100,0,0,0,1,81.3,0,0,0,5,2,40,3,0,0,0,0,0,0,0,4,0,0,0,0
Hapoel IBI Tel Aviv,"Antonio Blakeney, Chris Jones, Ish Wainright, Johnathan Motley, Tomer Ginat",1,241,0.0,14,5,7,71.4,1,2,50,3,3,100,1,2,3,2,0,1,1,0,8,76,82.2,69.8,29.2,34.4,78.6,84.1,40,50,66.7,8.8,42.9,28.6,169.7,11,4,8,50,2,5,40,1,1,100,1,1,2,2,1,0,0,3,7,62.5,65.2,0,33.3,62.5,156.8,0,0,0,5,4,80,2,1,50,0,0,0,1,12.9,0,0,0,3,2,66.7,5,2,40,0,0,0,0,2,0,0,2,5,0
Valencia Basket,"Kameron Taylor, Nathan Reuvers, Nathan Sestina, Omari Moore, Sergio De Larrea",1,230,3.6,8,3,8,37.5,1,3,33.3,1,2,50,3,2,5,2,1,0,1,0,7,67.8,69.6,66,34.5,36.4,43.8,45,66.7,60,50,8.4,25,37.5,119.9,6,3,8,37.5,0,2,0,0,0,0,2,2,4,1,1,0,1,1,6,37.5,37.5,11.1,50,25,94.9,0,0,0,5,2,40,3,1,33.3,0,0,0,1,25.1,0,0,0,6,3,50,2,0,0,0,0,0,1,2,2,2,4,2,2
LDLC ASVEL Villeurbanne,"Bodian Massa, Melvin Ajinca, Nando De Colo, Shaquille Harrison, Zachary Seljaas",1,183,0.0,5,2,5,40,1,3,33.3,0,0,0,0,3,3,1,0,0,2,3,7,93.6,91.8,95.4,26.1,25.2,50,50,50,0,75,25,0,60,71.4,7,2,8,25,1,5,20,2,2,100,1,2,3,2,2,0,0,1,7,31.2,39.4,0,25,62.5,96.2,0,0,0,2,1,50,3,1,33.3,0,0,0,2,-24.8,0,0,0,3,1,33.3,5,1,20,0,0,0,0,0,0,0,2,0,2
Valencia Basket,"Ike Iroegbu, Josep Puerto, Matthew Costello, Nathan Sestina, Sergio De Larrea",1,192,0.0,6,2,9,22.2,0,3,0,2,5,40,5,1,6,2,1,0,0,2,7,77.5,81.5,73.5,29.5,32.7,22.2,26.8,100,62.5,100,0,55.6,33.3,92,9,3,4,75,1,1,100,2,2,100,0,3,3,1,0,0,1,2,6,87.5,92.2,17,0,25,153.1,0,0,0,6,2,33.3,3,0,0,0,0,0,0,-61,0,0,0,3,2,66.7,1,1,100,0,0,0,1,4,0,2,0,0,0
Zalgiris Kaunas,"Azuolas Tubelis, Ignas Brazdeikis, Maodo Lo, Moses Wright, Nigel Williams-Goss",1,235,0.0,4,2,5,40,0,2,0,0,0,0,0,3,3,0,1,0,2,3,7,69.6,71.5,67.8,33.6,35.4,40,40,0,0,75,28.6,0,40,57.1,4,2,5,40,0,2,0,0,1,0,1,2,3,0,0,0,2,0,7,40,36.8,26.9,25,40,60.3,0,0,0,3,2,66.7,2,0,0,0,0,0,2,-3.1,0,0,0,3,2,66.7,2,0,0,0,0,0,2,0,0,0,0,0,2
AS Monaco,"Jaron Blossomgame, Kevarrius Hayes, Matthew Strazel, Nemanja Nedovic, Terry Tarpey",1,187,0.0,4,2,5,40,0,0,0,0,1,0,1,1,2,0,0,0,2,1,7,74.7,85.2,64.2,28.2,37.4,40,36.8,0,25,100,26.9,20,0,60.3,3,1,4,25,1,3,33.3,0,0,0,0,3,3,1,1,0,1,2,5,37.5,37.5,20,0,75,60,0,0,0,5,2,40,0,0,0,0,0,0,2,0.3,0,0,0,1,0,0,3,1,33.3,0,0,0,1,2,0,2,0,3,3
Virtus Bologna,"Aliou Diarra, Daniel Hackett, Derrick Alston Jr., Luca Vildoza, Matthew Morgan, Saliou Niang",1,238,0.0,9,4,9,44.4,1,3,33.3,0,0,0,2,2,4,1,1,0,0,4,7,67.1,69.2,65.1,34.7,36.9,50,50,25,40,66.7,0,0,33.3,131.2,4,1,5,20,0,2,0,2,2,100,1,3,4,0,0,0,2,0,6,20,34,25.4,33.3,40,62,0,0,0,6,3,50,3,1,33.3,0,0,0,0,69.2,0,0,0,3,1,33.3,2,0,0,0,0,0,2,2,2,5,0,2,0
Real Madrid,"Andres Feliz, Chuma Okeke, Mario Hezonja, Sergio Llull, Usman Garuba",1,213,0.0,6,2,6,33.3,0,2,0,2,3,66.7,1,2,3,0,0,0,1,0,7,81.5,84.1,78.9,28.5,30.4,33.3,41,0,20,100,12,50,33.3,80.4,11,5,7,71.4,1,1,100,0,0,0,0,4,4,2,0,1,0,1,7,78.6,78.6,0,0,14.3,157.1,0,0,0,4,2,50,2,0,0,0,0,0,1,-76.8,0,0,0,6,4,66.7,1,1,100,0,0,0,0,0,4,0,0,4,0
Virtus Bologna,"Brandon Taylor, Carsen Edwards, Daniel Hackett, Derrick Alston Jr., Mouhamet Diouf",1,243,0.0,10,3,5,60,1,1,100,3,3,100,0,2,2,3,0,0,1,0,7,70.7,72.3,69.1,33.2,34.7,70,79.1,100,0,100,9.7,60,20,136.6,5,2,7,28.6,1,4,25,0,0,0,0,2,2,1,1,0,0,3,7,35.7,35.7,0,0,57.1,71.4,0,0,0,4,2,50,1,1,100,0,0,0,1,65.2,0,0,0,3,1,33.3,4,1,25,0,0,0,0,0,4,0,0,3,3
Baskonia Vitoria-Gasteiz,"Clement Frisch, Luka Samanic, Markquis Nowell, Matteo Spagnolo, Timothe Luwawu-Cabarrot",1,178,2.1,6,2,4,50,1,2,50,1,2,50,0,3,3,1,0,1,2,4,7,94.8,92.8,96.8,25.9,24.8,62.5,61.5,50,0,60,25.4,50,50,87.2,9,3,8,37.5,0,0,0,3,3,100,2,2,4,0,2,0,0,1,7,37.5,48.3,0,40,0,125.3,0,0,0,2,1,50,2,1,50,0,0,0,2,-38.1,0,0,0,8,3,37.5,0,0,0,0,0,0,0,0,1,0,2,4,2
Olympiacos Piraeus,"Evan Fournier, Nikola Milutinov, Saben Lee, Sasha Vezenkov, Tyler Dorsey",1,215,0.0,9,2,7,28.6,0,1,0,5,5,100,3,1,4,0,1,0,1,1,7,77.4,78,76.8,30.8,31.2,28.6,48.9,0,60,100,9.8,71.4,14.3,128.8,9,3,4,75,2,3,66.7,1,2,50,0,2,2,2,1,0,2,1,7,100,92.2,29.1,0,75,130.8,0,0,0,6,2,33.3,1,0,0,0,0,0,1,-2.1,0,0,0,1,1,100,3,2,66.7,0,0,0,2,2,2,2,0,4,3
Panathinaikos AKTOR Athens,"Jerian Grant, Kendrick Nunn, Konstantinos Mitoglou, Nikolaos Rogkavopoulos, Richaun Holmes",1,212,0.0,7,3,5,60,0,1,0,1,1,100,0,3,3,2,1,0,2,1,7,92.4,84.2,100.5,28.5,23.9,60,64.3,66.7,0,100,21.2,20,20,94.1,11,4,7,57.1,1,2,50,2,2,100,0,2,2,4,1,0,1,1,9,64.3,69.8,11.3,0,28.6,123.9,0,0,0,4,3,75,1,0,0,0,0,0,2,-29.8,0,0,0,5,3,60,2,1,50,0,0,0,1,0,2,2,0,4,2
EA7 Emporio Armani Milan,"Giampaolo Ricci, Josh Nebo, Leandro Bolmaro, Niccolo Mannion, Shavon Shields",1,287,0.0,10,4,7,57.1,2,3,66.7,0,0,0,0,3,3,4,0,0,0,2,7,65.8,58.5,73,41.0,32.9,71.4,71.4,100,0,60,0,0,42.9,142.9,12,6,10,60,0,2,0,0,1,0,2,3,5,3,0,0,0,0,9,60,57.5,0,40,20,137.5,0,0,0,4,2,50,3,2,66.7,0,0,0,0,5.4,0,0,0,8,6,75,2,0,0,0,0,0,0,0,0,0,2,2,0
Maccabi Rapyd Tel Aviv,"Jeffrey Dowtin Jr, Lonnie Walker Iv, Marcio Santos, O'Shae J Brissett, Tj Leaf",1,246,0.0,5,1,4,25,1,4,25,2,2,100,0,2,2,2,2,2,2,1,7,75.4,67.1,83.6,35.8,28.7,37.5,51.2,200,0,66.7,22.5,50,100,72.7,12,4,8,50,4,7,57.1,0,0,0,1,3,4,2,2,0,2,1,9,75,75,20,33.3,87.5,140,0,0,0,0,0,0,4,1,25,0,0,0,2,-67.3,0,0,0,1,0,0,7,4,57.1,0,0,0,2,0,0,0,0,0,6
Partizan Mozzart Bet Belgrade,"Carlik Jones, Isaac Bonga, Jabari Parker, Sterling Brown, Tyrique Jones",1,320,0.0,8,1,5,20,0,4,0,6,6,100,3,2,5,1,2,1,3,2,7,59.6,55.7,63.4,43.1,37.9,20,52.4,100,75,66.7,25.8,120,80,107.7,10,3,7,42.9,2,4,50,2,2,100,1,1,2,3,3,0,2,5,8,57.1,63.5,20.2,33.3,57.1,118.3,0,0,0,1,1,100,4,0,0,0,0,0,3,-10.6,0,0,0,3,1,33.3,4,2,50,0,0,0,2,0,4,6,0,4,7
FC Barcelona,"Dario Brizuela, Joel Parra, Myles Cale, Nicolas Laprovittola, Youssoupha Fall",1,240,0.0,11,4,6,66.7,1,1,100,2,2,100,1,1,2,4,0,0,1,2,7,67.6,68.1,67.2,35.2,35.7,75,79.9,100,50,50,8.4,33.3,16.7,161.5,13,4,7,57.1,2,3,66.7,3,3,100,1,1,2,3,0,0,0,0,7,71.4,78.1,0,50,42.9,193.6,0,0,0,5,3,60,1,1,100,0,0,0,1,-32.1,0,0,0,4,2,50,3,2,66.7,0,0,0,0,2,4,0,3,0,3
Hapoel IBI Tel Aviv,"Antonio Blakeney, Chris Jones, Ish Wainright, Johnathan Motley, Vasilije Micic",1,215,0.0,10,3,5,60,2,3,66.7,2,2,100,0,1,1,1,1,1,1,5,7,65.9,76.8,55,31.2,43.6,80,85,33.3,0,50,12.7,40,60,145.3,7,3,5,60,1,2,50,0,0,0,1,2,3,2,0,0,1,1,5,70,70,16.7,50,40,142,0,0,0,2,1,50,3,2,66.7,0,0,0,1,3.4,0,0,0,3,2,66.7,2,1,50,0,0,0,1,0,0,0,3,0,2
Valencia Basket,"Darius Thompson, Jaime Pradilla, Josep Puerto, Matthew Costello, Omari Moore",1,223,0.0,11,4,9,44.4,3,7,42.9,0,0,0,3,3,6,3,0,0,0,1,6,57,62.3,51.8,38.5,46.4,61.1,61.1,75,60,75,0,0,77.8,190,4,1,5,20,0,1,0,2,2,100,1,2,3,1,0,0,0,1,5,20,34,0,25,20,83.2,0,0,0,2,1,50,7,3,42.9,0,0,0,0,106.8,0,0,0,4,1,25,1,0,0,0,0,0,0,6,0,0,2,0,2
Fenerbahce Beko Istanbul,"Armando Bacot Jr., Bonzie Colson, Devon Hall, Mikael Jantunen, Talen Horton Tucker",1,245,2.9,9,4,6,66.7,1,3,33.3,0,0,0,1,1,2,2,1,0,1,0,6,60.4,58.1,62.6,41.3,38.3,75,75,50,50,50,11.1,0,50,151.8,7,3,6,50,1,2,50,0,0,0,1,1,2,1,1,0,2,2,6,58.3,58.3,25,50,33.3,109.5,0,0,0,3,3,100,3,1,33.3,0,0,0,1,42.3,0,0,0,4,2,50,2,1,50,0,0,0,2,3,0,0,3,2,2
Paris Basketball,"Amath M'Baye, Justin Robinson, Mouhamed Faye, Sebastian Herrera, Yakuba Ouattara",1,197,2.9,4,2,4,50,0,0,0,0,0,0,0,1,1,0,1,0,2,2,6,66.6,73.1,60.1,32.8,40.0,50,50,0,0,50,33.3,0,0,66.7,5,2,4,50,1,3,33.3,0,0,0,1,2,3,0,1,0,2,1,5,62.5,62.5,33.3,50,75,101.4,0,0,0,4,2,50,0,0,0,0,0,0,2,-34.8,0,0,0,1,1,100,3,1,33.3,0,0,0,2,0,2,2,3,0,0
Fenerbahce Beko Istanbul,"Armando Bacot Jr., Khem Birch, Nicolo Melli, Tarik Biberovic, Wade Baldwin Iv",1,211,0.0,5,2,4,50,1,3,33.3,0,0,0,0,1,1,1,0,0,2,1,6,72.3,68.2,76.4,35.2,31.4,62.5,62.5,50,0,33.3,28.6,0,75,83.3,7,3,9,33.3,1,4,25,0,0,0,2,2,4,2,1,0,2,1,7,38.9,38.9,18.2,66.7,44.4,104.2,0,0,0,1,1,100,3,1,33.3,0,0,0,3,-20.8,0,0,0,5,2,40,4,1,25,0,0,0,2,0,0,0,2,5,5
Paris Basketball,"Daulton Hommes, Derek Willis, Jeremy Morgan, Mouhamed Faye, Nadir Hifi",1,182,0.0,11,4,6,66.7,2,3,66.7,1,1,100,2,1,3,0,2,0,2,1,6,80.3,83.1,77.5,28.9,31.0,83.3,85.4,0,100,100,23.7,16.7,50,174.6,8,3,3,100,1,1,100,1,2,50,0,0,0,3,1,0,2,1,6,116.7,103.1,34,0,33.3,136.1,0,0,0,3,2,66.7,3,2,66.7,0,0,0,2,38.5,0,0,0,2,2,100,1,1,100,0,0,0,2,2,5,5,0,2,2
Paris Basketball,"Allan Dokossi, Amath M'Baye, Daulton Hommes, Jeremy Morgan, Nadir Hifi",1,175,0.0,9,3,5,60,2,3,66.7,1,1,100,1,2,3,2,0,0,2,2,6,77.1,87.4,66.9,27.5,35.9,80,82.7,66.7,50,100,21.2,20,60,141.3,8,2,4,50,2,4,50,2,2,100,0,1,1,2,1,0,0,2,5,75,82,0,0,100,163.9,0,0,0,2,1,50,3,2,66.7,0,0,0,2,-22.6,0,0,0,0,0,0,4,2,50,0,0,0,0,3,5,0,0,0,3
Zalgiris Kaunas,"Dustin Sleva, Edgaras Ulanovas, Maodo Lo, Moses Wright, Sylvain Francisco",1,179,2.5,11,4,7,57.1,3,3,100,0,0,0,1,0,1,3,1,0,0,1,6,73.3,79.5,67,30.2,35.8,78.6,78.6,75,33.3,0,0,0,42.9,185.5,6,3,3,100,0,0,0,0,0,0,0,2,2,2,0,2,2,2,5,100,100,40,0,0,120,0,0,0,4,1,25,3,3,100,0,0,0,0,65.5,0,0,0,3,3,100,0,0,0,0,0,0,2,3,0,6,0,4,0
Zalgiris Kaunas,"Deividas Sirvydis, Dustin Sleva, Edgaras Ulanovas, Moses Wright, Sylvain Francisco",1,221,2.1,7,3,6,50,1,3,33.3,0,0,0,1,2,3,1,0,1,1,0,6,66.5,64.4,68.7,37.3,34.9,58.3,58.3,33.3,33.3,50,12.5,0,50,118,7,3,8,37.5,1,4,25,0,0,0,2,2,4,3,1,0,1,1,6,43.8,43.8,11.1,50,50,110.7,0,0,0,3,2,66.7,3,1,33.3,0,0,0,1,7.4,0,0,0,4,2,50,4,1,25,0,0,0,1,2,0,0,0,2,2
Virtus Bologna,"Derrick Alston Jr., Karim Jallow, Luca Vildoza, Matthew Morgan, Mouhamet Diouf, Saliou Niang",1,167,0.0,8,4,6,66.7,0,0,0,0,0,0,0,3,3,2,0,1,0,1,6,78.5,86.2,70.9,27.8,33.9,66.7,66.7,50,0,75,0,0,0,133.3,4,2,6,33.3,0,2,0,0,0,0,1,2,3,0,0,0,0,0,5,33.3,33.3,0,25,33.3,81.1,0,0,0,6,4,66.7,0,0,0,0,0,0,0,52.2,0,0,0,4,2,50,2,0,0,0,0,0,0,0,4,0,0,2,0
Virtus Bologna,"Alen Smailagic, Alessandro Pajola, Derrick Alston Jr., Karim Jallow, Matthew Morgan, Saliou Niang",1,243,0.0,5,2,7,28.6,1,4,25,0,1,0,1,0,1,2,1,0,0,3,6,48.5,60.3,36.7,39.8,65.3,35.7,33.6,100,25,0,0,14.3,57.1,81.9,4,2,6,33.3,0,2,0,0,0,0,1,3,4,1,0,1,2,3,4,33.3,33.3,25,100,33.3,107.5,0,0,0,3,1,33.3,4,1,25,0,0,0,0,-25.6,0,0,0,4,2,50,2,0,0,0,0,0,2,0,0,2,0,0,0
Virtus Bologna,"Alen Smailagic, Carsen Edwards, Derrick Alston Jr., Karim Jallow, Luca Vildoza, Saliou Niang",1,200,0.0,6,2,3,66.7,1,1,100,1,2,50,0,2,2,1,0,0,2,2,6,72.9,70.6,75.3,34.0,31.9,83.3,77.3,50,0,50,29.1,66.7,33.3,102,4,2,5,40,0,3,0,0,2,0,2,1,3,1,1,0,2,1,6,40,34,25.4,50,60,63.7,0,0,0,2,1,50,1,1,100,0,0,0,2,38.3,0,0,0,2,2,100,3,0,0,0,0,0,2,0,0,2,0,2,2
Olympiacos Piraeus,"Alec Peters, Donta Hall, Evan Fournier, Saben Lee, Tyler Dorsey",1,117,1.2,4,1,3,33.3,0,2,0,2,2,100,0,0,0,1,1,0,2,1,6,100.1,120.6,79.6,19.9,30.2,33.3,51.5,100,0,0,29.1,66.7,66.7,68,8,2,2,100,2,2,100,2,2,100,0,0,0,2,2,0,1,1,4,150,138.9,25.8,0,100,206.2,0,0,0,1,1,100,2,0,0,0,0,0,2,-138.2,0,0,0,0,0,0,2,2,100,0,0,0,1,0,0,2,0,8,6
FC Bayern Munich,"Andreas Obst, Justinian Jessup, Kamar Baldwin, Niels Giffey, Wenyen Gabriel",1,236,0.0,9,4,9,44.4,1,5,20,0,0,0,3,1,4,2,2,0,1,2,6,67.7,60.9,74.4,39.4,32.2,50,50,50,75,100,8.3,0,55.6,150.3,7,2,3,66.7,1,2,50,2,3,66.7,0,1,1,3,0,1,3,1,7,83.3,81,41,0,66.7,95.6,0,0,0,4,3,75,5,1,20,0,0,0,1,54.7,0,0,0,1,1,100,2,1,50,0,0,0,3,7,0,7,1,0,0
Panathinaikos AKTOR Athens,"Alexandros Samodurov, Jerian Grant, Kostas Sloukas, Marius Grigonis, Omer Yurtseven",1,138,0.0,6,3,6,50,0,1,0,0,0,0,0,3,3,2,0,2,0,1,6,95,104.3,85.7,23.0,28.0,50,50,66.7,0,75,0,0,16.7,100,2,1,5,20,0,2,0,0,0,0,1,1,2,1,0,0,1,4,5,20,20,16.7,25,40,40.6,0,0,0,5,3,60,1,0,0,0,0,0,0,59.4,0,0,0,3,1,33.3,2,0,0,0,0,0,1,0,0,2,0,0,0
Anadolu Efes Istanbul,"Ercan Osmani, Georgios Papagiannis, Isaia Cordinier, Jordan Loyd, Sehmus Hazer",1,239,0.0,7,2,5,40,2,4,50,1,2,50,1,3,4,1,2,0,2,1,6,58.1,63,53.2,38.1,45.1,60,59.5,50,50,60,22.5,40,80,111.6,1,0,5,0,0,5,0,1,1,100,2,1,3,0,1,1,2,0,5,0,9.2,26.9,40,100,18.9,0,0,0,1,0,0,4,2,50,0,0,0,2,92.7,0,0,0,0,0,0,5,0,0,0,0,0,2,0,0,3,0,0,0
Maccabi Rapyd Tel Aviv,"Jaylen Hoard, Jeffrey Dowtin Jr, Roman Sorkin, Tamir Blatt, Uros Trifunovic",1,191,0.0,10,4,6,66.7,2,4,50,0,0,0,1,0,1,3,0,0,1,1,6,76.1,74.5,77.7,32.2,30.9,83.3,83.3,75,50,0,10,0,66.7,168.6,11,4,6,66.7,0,1,0,3,3,100,1,1,2,0,0,0,1,0,6,66.7,75.1,12,100,16.7,178,0,0,0,2,2,100,4,2,50,0,0,0,1,-9.4,0,0,0,5,4,80,1,0,0,0,0,0,1,2,3,0,2,2,2
Hapoel IBI Tel Aviv,"Antonio Blakeney, Chris Jones, Elijah Bryant, Johnathan Motley, Tomer Ginat",1,185,0.0,11,3,6,50,2,3,66.7,3,3,100,1,1,2,2,0,0,0,0,6,62.6,74.1,51,32.4,47.1,66.7,75.1,66.7,50,50,0,50,50,192.5,7,3,5,60,1,1,100,0,0,0,1,1,2,2,0,0,0,1,4,70,70,0,50,20,178.1,0,0,0,3,1,33.3,3,2,66.7,0,0,0,0,14.4,0,0,0,4,2,50,1,1,100,0,0,0,0,3,0,3,2,2,0
FC Barcelona,"Joel Parra, Myles Cale, Nicolas Laprovittola, Tomas Satoransky, Youssoupha Fall",1,136,0.0,4,2,6,33.3,0,2,0,0,0,0,1,1,2,1,2,0,1,2,6,92.2,98.4,86.1,24.4,27.9,33.3,33.3,50,33.3,100,12.5,0,33.3,71.8,4,1,2,50,1,1,100,1,2,50,0,2,2,0,1,1,2,0,5,75,69.4,41,0,50,82,0,0,0,4,2,50,2,0,0,0,0,0,1,-10.2,0,0,0,1,0,0,1,1,100,0,0,0,2,2,2,2,0,1,1
Valencia Basket,"Darius Thompson, Josep Puerto, Matthew Costello, Neal Sako, Omari Moore",1,156,0.0,2,1,5,20,0,1,0,0,0,0,1,3,4,1,0,0,1,2,5,76.4,75.8,76.9,31.6,31.2,20,20,100,25,100,14.3,0,20,40.6,5,2,5,40,1,3,33.3,0,0,0,0,3,3,1,0,0,0,1,5,50,50,0,0,60,100,0,0,0,4,1,25,1,0,0,0,0,0,1,-59.4,0,0,0,2,1,50,3,1,33.3,0,0,0,0,0,0,0,0,0,0
LDLC ASVEL Villeurbanne,"Bodian Massa, Glynn Watson, Melvin Ajinca, Nando De Colo, Zachary Seljaas",1,134,0.0,5,2,5,40,1,3,33.3,0,0,0,0,2,2,1,0,0,0,1,5,80.6,89.6,71.6,26.8,33.5,50,50,50,0,100,0,0,60,100,2,1,3,33.3,0,1,0,0,0,0,0,3,3,1,0,0,1,1,4,33.3,33.3,25,0,33.3,50,0,0,0,2,1,50,3,1,33.3,0,0,0,0,50,0,0,0,2,1,50,1,0,0,0,0,0,1,0,0,0,0,0,0
LDLC ASVEL Villeurbanne,"Armel Traore, David Lighty, Edwin Jackson, Glynn Watson, Zachary Seljaas",1,187,0.0,4,2,6,33.3,0,2,0,0,0,0,1,1,2,0,0,0,0,1,5,66.6,58.7,74.6,40.9,32.2,33.3,33.3,0,33.3,50,0,0,33.3,87.5,4,1,3,33.3,0,1,0,2,2,100,1,2,3,1,0,0,3,3,6,33.3,51.5,43.6,50,33.3,68.8,0,0,0,4,2,50,2,0,0,0,0,0,0,18.6,0,0,0,2,1,50,1,0,0,0,0,0,3,2,0,4,2,0,0
Valencia Basket,"Darius Thompson, Jaime Pradilla, Josep Puerto, Nathan Reuvers, Omari Moore",1,171,0.0,4,2,4,50,0,1,0,0,0,0,0,4,4,2,0,3,1,1,5,76.4,70.2,82.5,34.2,29.1,50,50,100,0,100,14.3,0,25,80,4,1,5,20,0,2,0,2,2,100,0,2,2,0,0,1,0,0,6,20,34,0,0,40,68,0,0,0,3,2,66.7,1,0,0,0,0,0,1,12,0,0,0,3,1,33.3,2,0,0,0,0,0,0,0,4,0,0,2,0
LDLC ASVEL Villeurbanne,"Bodian Massa, David Lighty, Glynn Watson, Nando De Colo, Zachary Seljaas",1,132,0.0,5,2,4,50,1,2,50,0,0,0,0,2,2,1,0,0,1,1,5,89.2,90.9,87.5,26.4,27.4,62.5,62.5,50,0,66.7,16.7,0,50,100,6,2,5,40,1,3,33.3,1,2,50,1,2,3,1,1,0,0,0,5,50,51,0,33.3,60,124.7,0,0,0,2,1,50,2,1,50,0,0,0,1,-24.7,0,0,0,2,1,50,3,1,33.3,0,0,0,0,0,0,0,0,3,2
Paris Basketball,"Daulton Hommes, Derek Willis, Ismael Bako, Nadir Hifi, Yakuba Ouattara",1,193,0.0,2,0,4,0,0,2,0,2,2,100,2,1,3,0,1,0,3,1,5,73.6,62.5,84.7,38.4,28.3,0,20.5,0,66.7,50,38.1,50,50,39.8,11,4,6,66.7,2,4,50,1,2,50,1,1,2,4,2,0,1,2,7,83.3,79.9,12.7,50,66.7,161.5,0,0,0,2,0,0,2,0,0,0,0,0,3,-121.7,0,0,0,2,2,100,4,2,50,0,0,0,1,0,0,0,3,0,7
Fenerbahce Beko Istanbul,"Armando Bacot Jr., Devon Hall, Khem Birch, Nicolo Melli, Wade Baldwin Iv",1,148,0.0,3,1,4,25,1,3,33.3,0,0,0,0,2,2,1,0,0,1,1,5,83.1,81.1,85.1,29.6,28.2,37.5,37.5,100,0,66.7,16.7,0,75,60,6,2,5,40,1,2,50,1,3,33.3,1,3,4,2,1,0,0,0,5,50,47.5,0,33.3,40,114.3,0,0,0,1,0,0,3,1,33.3,0,0,0,1,-54.3,0,0,0,3,1,33.3,2,1,50,0,0,0,0,0,0,0,3,3,3
Fenerbahce Beko Istanbul,"Armando Bacot Jr., Bonzie Colson, Devon Hall, Nicolo Melli, Tarik Biberovic, Wade Baldwin Iv",1,165,0.0,8,3,5,60,2,2,100,0,0,0,1,0,1,3,1,0,1,0,5,63.4,71.7,55.1,33.5,43.5,80,80,100,50,0,11.1,0,40,162.3,5,2,5,40,1,2,50,0,0,0,2,1,3,0,1,0,2,0,4,50,50,28.6,100,40,131.9,0,0,0,3,1,33.3,2,2,100,0,0,0,1,30.3,0,0,0,3,1,33.3,2,1,50,0,0,0,2,0,0,3,0,0,0
AS Monaco,"Daniel Theis, Elie Okobo, Jaron Blossomgame, Matthew Strazel, Nemanja Nedovic",1,115,0.0,4,2,5,40,0,0,0,0,0,0,0,1,1,0,1,1,0,0,5,87.6,104.3,70.9,23.0,33.9,40,40,0,0,50,0,0,0,80,2,1,4,25,0,1,0,0,0,0,1,2,3,0,0,0,1,2,3,25,25,20,50,25,58.9,0,0,0,5,2,40,0,0,0,0,0,0,0,21.1,0,0,0,3,1,33.3,1,0,0,0,0,0,1,0,2,2,0,0,0
AS Monaco,"Alpha Diallo, Jaron Blossomgame, Mike James, Nemanja Nedovic, Nikola Mirotic",1,172,0.0,11,5,8,62.5,0,3,0,1,1,100,1,4,5,1,1,0,0,1,5,83.7,73,94.3,32.9,25.4,62.5,65.2,20,100,100,0,12.5,37.5,210.3,3,0,3,0,0,2,0,3,4,75,0,0,0,1,0,1,2,1,7,0,31.5,29.6,0,66.7,44.4,0,0,0,5,5,100,3,0,0,0,0,0,0,165.9,0,0,0,1,0,0,2,0,0,0,0,0,2,2,8,4,0,0,0
Real Madrid,"Alberto Abalde, Andres Feliz, Chuma Okeke, Mario Hezonja, Walter Tavares",1,204,3.4,7,3,3,100,0,0,0,1,2,50,0,2,2,1,0,1,1,3,5,50.7,57.4,44,41.8,54.5,100,90.2,33.3,0,50,17,66.7,0,143.4,5,1,5,20,1,4,25,2,2,100,2,1,3,1,0,0,0,1,4,30,42.5,0,50,80,133.7,0,0,0,3,3,100,0,0,0,0,0,0,1,9.8,0,0,0,1,0,0,4,1,25,0,0,0,0,0,0,0,2,0,0
Real Madrid,"Alberto Abalde, Chuma Okeke, Facundo Campazzo, Mario Hezonja, Walter Tavares",1,179,0.0,2,1,8,12.5,0,3,0,0,0,0,2,4,6,0,1,1,0,0,5,80,67.1,92.9,35.8,25.8,12.5,12.5,0,40,80,0,0,37.5,40,2,1,6,16.7,0,2,0,0,0,0,1,3,4,0,0,1,2,0,7,16.7,16.7,25,20,33.3,28.9,0,0,0,5,1,20,3,0,0,0,0,0,0,11.1,0,0,0,4,1,25,2,0,0,0,0,0,2,0,2,0,2,0,0
Virtus Bologna,"Alen Smailagic, Brandon Taylor, Carsen Edwards, Derrick Alston Jr., Karim Jallow",1,202,0.0,6,2,4,50,0,1,0,2,2,100,1,1,2,1,0,1,1,1,5,60.6,57.1,64.1,42.0,37.4,50,61.5,50,50,50,14.5,50,25,124.7,8,4,7,57.1,0,1,0,0,0,0,1,1,2,3,1,0,0,3,5,57.1,57.1,0,50,14.3,148.3,0,0,0,3,2,66.7,1,0,0,0,0,0,1,-23.5,0,0,0,6,4,66.7,1,0,0,0,0,0,0,2,0,0,0,2,2
Real Madrid,"Alberto Abalde, Facundo Campazzo, Gabriel Deck, Trey Lyles, Walter Tavares",1,187,0.0,8,4,5,80,0,0,0,0,0,0,0,1,1,3,1,0,0,3,5,56.2,64.2,48.3,37.4,49.7,80,80,75,0,100,0,0,0,160,4,1,1,100,0,0,0,2,4,50,0,0,0,1,0,0,1,1,4,100,72.5,26.6,0,0,106.4,0,0,0,5,4,80,0,0,0,0,0,0,0,53.6,0,0,0,1,1,100,0,0,0,0,0,0,1,0,2,2,0,0,0
Real Madrid,"Alberto Abalde, Facundo Campazzo, Gabriel Deck, Mario Hezonja, Walter Tavares",1,270,0.0,6,3,7,42.9,0,2,0,0,0,0,1,3,4,1,1,1,2,3,5,52.5,42,63.1,57.2,38.0,42.9,42.9,33.3,100,75,20,0,28.6,127.1,5,2,7,28.6,1,4,25,0,1,0,1,0,1,2,1,0,1,4,7,35.7,33.6,11.8,25,57.1,70.4,0,0,0,5,3,60,2,0,0,0,0,0,2,56.7,0,0,0,3,1,33.3,4,1,25,0,0,0,1,0,0,0,0,0,2
Baskonia Vitoria-Gasteiz,"Clement Frisch, Luka Samanic, Matteo Spagnolo, Timothe Luwawu-Cabarrot, Trent Forrest",1,145,0.0,8,3,4,75,2,3,66.7,0,0,0,0,1,1,2,1,0,1,0,5,80.6,82.8,78.5,29.0,30.6,100,100,66.7,0,33.3,14.3,0,75,160,6,2,5,40,0,1,0,2,2,100,2,1,3,0,0,0,1,0,5,40,51,14.5,66.7,20,126.6,0,0,0,1,1,100,3,2,66.7,0,0,0,1,33.4,0,0,0,4,2,50,1,0,0,0,0,0,1,0,3,3,2,0,0
Olympiacos Piraeus,"Alec Peters, Donta Hall, Saben Lee, Thomas Walkup, Tyson Ward",1,151,0.0,9,3,4,75,1,1,100,2,2,100,0,0,0,2,1,0,0,1,5,77.4,77.6,77.2,30.9,31.1,87.5,92.2,66.7,0,0,0,50,25,184.4,8,4,6,66.7,0,1,0,0,0,0,2,1,3,1,0,1,1,1,5,66.7,66.7,14.3,100,16.7,164.6,0,0,0,3,2,66.7,1,1,100,0,0,0,0,19.8,0,0,0,5,4,80,1,0,0,0,0,0,1,0,3,3,2,2,0
Baskonia Vitoria-Gasteiz,"Clement Frisch, Luka Samanic, Markquis Nowell, Timothe Luwawu-Cabarrot, Trent Forrest",1,156,2.6,5,2,3,66.7,1,2,50,0,0,0,0,0,0,1,2,0,2,2,5,74.5,76.9,72.2,31.2,33.3,83.3,83.3,50,0,0,33.3,0,66.7,100,6,1,2,50,0,1,0,4,4,100,1,1,2,1,0,0,2,0,5,50,79.8,34.7,100,50,127.9,0,0,0,1,1,100,2,1,50,0,0,0,2,-27.9,0,0,0,1,1,100,1,0,0,0,0,0,2,0,5,5,0,0,5
Baskonia Vitoria-Gasteiz,"Hamidou Diallo, Luka Samanic, Markus Howard, Tadas Sedekerskis, Trent Forrest",1,151,1.0,3,1,4,25,0,2,0,1,1,100,0,3,3,1,0,0,1,3,5,80.5,86.5,74.5,27.8,32.2,25,33.8,100,0,75,15.5,25,50,55.1,4,0,4,0,0,1,0,4,4,100,1,3,4,1,1,0,0,2,5,0,34.7,0,25,25,85.3,0,0,0,2,1,50,2,0,0,0,0,0,1,-30.1,0,0,0,3,0,0,1,0,0,0,0,0,0,0,0,0,0,0,0
FC Bayern Munich,"Andreas Obst, Isiaha Mike, Vladimir Lucic, Wenyen Gabriel, Xavier Rathan-Mayes",1,123,0.0,4,1,4,25,0,1,0,2,2,100,0,2,2,1,0,0,0,0,5,86.6,95.2,78,25.2,30.8,25,41,100,0,100,0,50,25,82,4,2,4,50,0,1,0,0,0,0,0,3,3,1,0,0,0,1,4,50,50,0,0,25,100,0,0,0,3,1,33.3,1,0,0,0,0,0,0,-18,0,0,0,3,2,66.7,1,0,0,0,0,0,0,0,2,0,0,0,0
Crvena Zvezda Meridianbet Belgrade,"Dejan Davidovac, Izundu Ebuka, Semi Ojeleye, Stefan Miljenovic, Tyson Carter",1,183,0.0,2,1,5,20,0,2,0,0,0,0,2,2,4,1,1,0,3,2,5,62.1,67.5,56.7,35.6,42.4,20,20,100,66.7,100,33.3,0,40,38.9,6,2,2,100,1,1,100,1,3,33.3,0,1,1,1,2,0,1,0,4,125,90.4,23.1,0,50,138.9,0,0,0,3,1,33.3,2,0,0,0,0,0,3,-100,0,0,0,1,1,100,1,1,100,0,0,0,1,0,0,0,0,0,5
Crvena Zvezda Meridianbet Belgrade,"Chima Moneke, Codi Miller-Mcintyre, Jordan Nwora, Nikola Kalinic, Tyson Carter",1,151,1.6,5,2,5,40,0,2,0,1,2,50,1,1,2,1,0,0,0,4,5,70.6,80.7,60.6,29.7,39.6,40,42.5,50,25,50,0,40,40,98.5,6,2,4,50,0,1,0,2,2,100,1,3,4,0,0,0,0,2,4,50,61.5,0,50,25,157.5,0,0,0,3,2,66.7,2,0,0,0,0,0,0,-59,0,0,0,3,2,66.7,1,0,0,0,0,0,0,0,0,0,0,0,0
EA7 Emporio Armani Milan,"Josh Nebo, Leandro Bolmaro, Marko Guduric, Shavon Shields, Zach Leday",1,192,0.0,8,2,5,40,0,0,0,4,4,100,2,4,6,0,0,0,0,0,5,62.9,57.7,68,41.6,35.3,40,59.2,0,66.7,100,0,80,0,173.2,4,2,5,40,0,2,0,0,1,0,0,1,1,0,0,0,0,2,5,40,36.8,0,0,40,73.5,0,0,0,5,2,40,0,0,0,0,0,0,0,99.6,0,0,0,3,2,66.7,2,0,0,0,0,0,0,4,0,0,0,2,0
Crvena Zvezda Meridianbet Belgrade,"Chima Moneke, Codi Miller-Mcintyre, Jordan Nwora, Semi Ojeleye, Tyson Carter",1,179,0.0,4,2,5,40,0,2,0,0,0,0,0,1,1,0,0,0,0,1,5,65,67,62.9,35.8,38.2,40,40,0,0,50,0,0,40,80,8,2,4,50,0,0,0,4,4,100,1,3,4,0,0,0,0,0,5,50,69.4,0,50,0,170.6,0,0,0,3,2,66.7,2,0,0,0,0,0,0,-90.6,0,0,0,4,2,50,0,0,0,0,0,0,0,0,2,0,4,0,0
Maccabi Rapyd Tel Aviv,"Jeffrey Dowtin Jr, John Dibartolomeo, Lonnie Walker Iv, Marcio Santos, Tj Leaf",1,139,0.0,9,4,6,66.7,0,1,0,1,1,100,1,1,2,3,2,0,0,1,5,69.8,92.7,47,25.9,51.1,66.7,69.9,75,50,20,0,16.7,16.7,167.6,0,0,5,0,0,3,0,0,0,0,4,1,5,0,0,0,2,2,3,0,0,28.6,80,60,0,0,0,0,5,4,80,1,0,0,0,0,0,0,167.6,0,0,0,2,0,0,3,0,0,0,0,0,2,2,0,4,0,0,0
Partizan Mozzart Bet Belgrade,"Carlik Jones, Dylan Osetkowski, Isaac Bonga, Shake Milton, Vanja Marinkovic",1,133,1.3,6,1,4,25,0,1,0,4,5,80,2,0,2,0,0,0,0,1,5,67.9,82.9,52.9,28.9,45.4,25,48.4,0,50,0,0,125,25,130.6,4,2,3,66.7,0,0,0,0,0,0,1,2,3,1,0,0,1,4,3,66.7,66.7,25,100,0,136.5,0,0,0,3,1,33.3,1,0,0,0,0,0,0,-5.9,0,0,0,3,2,66.7,0,0,0,0,0,0,1,2,2,1,0,0,0
Dubai Basketball,"Dwayne Bacon, Dzanan Musa, Filip Petrusev, Justin Anderson, Mckinley Wright Iv",1,205,0.0,2,1,6,16.7,0,2,0,0,0,0,1,1,2,1,0,0,0,1,5,63.3,57.7,68.8,41.6,34.9,16.7,16.7,100,20,100,0,0,33.3,40.6,8,3,4,75,1,1,100,1,2,50,0,4,4,3,0,0,1,2,6,87.5,82,17,0,25,136.1,0,0,0,4,1,25,2,0,0,0,0,0,0,-95.5,0,0,0,3,2,66.7,1,1,100,0,0,0,1,0,0,0,0,4,0
Hapoel IBI Tel Aviv,"Dan Oturu, Elijah Bryant, Ish Wainright, Tomer Ginat, Vasilije Micic",1,168,0.2,5,2,4,50,1,2,50,0,0,0,2,1,3,1,0,0,3,1,5,68.7,69.4,68,34.6,35.3,62.5,62.5,50,100,100,37.5,0,50,102.9,3,0,2,0,0,1,0,3,4,75,0,0,0,1,1,0,1,1,5,0,39.9,21,0,50,63,0,0,0,2,1,50,2,1,50,0,0,0,3,39.9,0,0,0,1,0,0,1,0,0,0,0,0,1,2,0,3,0,1,1
Hapoel IBI Tel Aviv,"Antonio Blakeney, Chris Jones, Johnathan Motley, Tomer Ginat, Vasilije Micic",1,136,0.0,4,1,2,50,1,1,100,1,2,50,0,2,2,0,1,1,2,0,5,92.2,86.1,98.4,27.9,24.4,75,69.4,0,0,66.7,41,100,50,82,4,2,6,33.3,0,2,0,0,0,0,1,1,2,1,2,0,1,2,6,33.3,33.3,14.3,33.3,33.3,71.8,0,0,0,1,0,0,1,1,100,0,0,0,2,10.2,0,0,0,4,2,50,2,0,0,0,0,0,1,0,1,1,2,2,2
Hapoel IBI Tel Aviv,"Chris Jones, Dan Oturu, Elijah Bryant, Ish Wainright, Vasilije Micic",1,162,0.0,7,3,5,60,1,1,100,0,0,0,0,0,0,0,1,0,0,0,5,58.7,74.1,43.4,32.4,55.3,70,70,0,0,0,0,0,20,140,2,1,2,50,0,1,0,0,0,0,1,2,3,1,0,0,2,1,3,50,50,50,100,50,68.3,0,0,0,4,2,50,1,1,100,0,0,0,0,71.7,0,0,0,1,1,100,1,0,0,0,0,0,2,0,0,5,0,0,0
Valencia Basket,"Ike Iroegbu, Jaime Pradilla, Kameron Taylor, Nathan Reuvers, Sergio De Larrea",1,118,0.0,2,0,1,0,0,1,0,2,2,100,0,2,2,1,0,0,2,2,4,70,78.9,61,30.4,39.3,0,53.2,0,0,100,41,200,100,51.5,0,0,2,0,0,1,0,0,0,0,0,1,1,0,0,0,1,2,3,0,0,33.3,0,50,0,0,0,0,0,0,0,1,0,0,0,0,0,2,51.5,0,0,0,1,0,0,1,0,0,0,0,0,1,0,0,0,0,0,0
LDLC ASVEL Villeurbanne,"Bastien Vautier, Glynn Watson, Mbaye Ndiaye, Shaquille Harrison, Zachary Seljaas",1,147,0.0,5,2,3,66.7,0,1,0,1,2,50,1,1,2,1,0,0,1,1,4,68.1,70.9,65.3,33.8,36.8,66.7,64.4,50,50,100,17,66.7,33.3,115.1,0,0,1,0,0,1,0,0,0,0,0,1,1,0,0,0,3,2,4,0,0,75,0,100,0,0,0,0,2,2,100,1,0,0,0,0,0,1,115.1,0,0,0,0,0,0,1,0,0,0,0,0,3,2,0,5,0,0,0
LDLC ASVEL Villeurbanne,"Bastien Vautier, David Lighty, Edwin Jackson, Glynn Watson, Zachary Seljaas",1,130,0.0,7,3,4,75,1,1,100,0,0,0,0,2,2,0,0,0,0,0,4,67.6,73.8,61.4,32.5,39.1,87.5,87.5,0,0,50,0,0,25,175,2,1,6,16.7,0,3,0,0,0,0,2,1,3,1,0,0,0,0,3,16.7,16.7,0,50,50,60.2,0,0,0,3,2,66.7,1,1,100,0,0,0,0,114.8,0,0,0,3,1,33.3,3,0,0,0,0,0,0,0,0,0,0,0,0
LDLC ASVEL Villeurbanne,"Bastien Vautier, David Lighty, Edwin Jackson, Glynn Watson, Melvin Ajinca",1,117,0.0,4,1,3,33.3,0,1,0,2,2,100,0,0,0,1,1,0,0,0,4,85.3,79.6,91.1,30.2,26.4,33.3,51.5,100,0,0,0,66.7,33.3,103.1,6,2,2,100,1,1,100,1,1,100,0,2,2,2,0,1,2,1,4,125,123,45,0,50,135.1,0,0,0,2,1,50,1,0,0,0,0,0,0,-32,0,0,0,1,1,100,1,1,100,0,0,0,2,0,2,2,0,2,0
LDLC ASVEL Villeurbanne,"Bastien Vautier, David Lighty, Edwin Jackson, Shaquille Harrison, Zachary Seljaas",1,127,0.0,4,1,3,33.3,1,3,33.3,1,2,50,0,2,2,2,0,0,0,2,4,65,73.3,56.7,32.7,42.3,50,51.5,200,0,100,0,66.7,100,103.1,3,1,3,33.3,1,3,33.3,0,0,0,0,2,2,1,0,0,0,2,3,50,50,0,0,100,100,0,0,0,0,0,0,3,1,33.3,0,0,0,0,3.1,0,0,0,0,0,0,3,1,33.3,0,0,0,0,0,1,0,0,0,0
Valencia Basket,"Darius Thompson, Josep Puerto, Matthew Costello, Nathan Sestina, Omari Moore",1,107,0.0,6,2,4,50,1,2,50,1,2,50,1,1,2,1,1,0,0,0,4,76.4,85.5,67.3,28.1,35.7,62.5,61.5,50,50,100,0,50,50,157.5,2,1,2,50,0,0,0,0,0,0,0,1,1,0,0,0,1,0,3,50,50,33.3,0,0,66.7,0,0,0,2,1,50,2,1,50,0,0,0,0,90.8,0,0,0,2,1,50,0,0,0,0,0,0,1,0,3,2,0,0,0
Paris Basketball,"Allan Dokossi, Amath M'Baye, Justin Robinson, Leopold Cavaliere, Yakuba Ouattara",1,83,0.0,2,1,3,33.3,0,1,0,0,0,0,0,1,1,1,1,0,1,0,4,101.2,115.7,86.7,20.8,27.7,33.3,33.3,100,0,100,20,0,33.3,50,3,1,2,50,1,2,50,0,0,0,0,0,0,1,0,0,1,0,3,75,75,33.3,0,100,100,0,0,0,2,1,50,1,0,0,0,0,0,1,-50,0,0,0,0,0,0,2,1,50,0,0,0,1,0,2,2,0,0,0
Paris Basketball,"Allan Dokossi, Daulton Hommes, Jeremy Morgan, Leopold Cavaliere, Nadir Hifi",1,108,0.0,3,1,3,33.3,1,2,50,0,0,0,0,3,3,1,0,0,1,1,4,100,88.9,111.1,27.0,21.6,50,50,100,0,100,20,0,66.7,75,3,1,5,20,1,3,33.3,0,0,0,0,2,2,1,1,0,0,2,5,30,30,0,0,60,60,0,0,0,1,0,0,2,1,50,0,0,0,1,15,0,0,0,2,0,0,3,1,33.3,0,0,0,0,0,0,0,0,0,0
Fenerbahce Beko Istanbul,"Armando Bacot Jr., Bonzie Colson, Devon Hall, Mikael Jantunen, Nicolo Melli, Wade Baldwin Iv",1,96,0.0,3,1,4,25,1,2,50,0,0,0,0,2,2,1,1,0,0,0,4,100,100,100,24.0,24.0,37.5,37.5,100,0,100,0,0,50,75,3,1,3,33.3,1,2,50,0,0,0,0,2,2,1,0,0,1,1,4,50,50,25,0,66.7,75,0,0,0,2,0,0,2,1,50,0,0,0,0,0,0,0,0,1,0,0,2,1,50,0,0,0,1,0,0,0,0,0,0
Fenerbahce Beko Istanbul,"Armando Bacot Jr., Devon Hall, Nicolo Melli, Onuralp Bitim, Talen Horton Tucker",1,140,0.0,3,1,4,25,1,3,33.3,0,0,0,0,0,0,0,0,0,0,1,4,66.3,68.6,64.1,35.0,37.4,37.5,37.5,0,0,0,0,0,75,75,10,3,5,60,3,5,60,1,2,50,2,3,5,2,0,0,0,0,4,90,85,0,100,100,267.4,0,0,0,1,0,0,3,1,33.3,0,0,0,0,-192.4,0,0,0,0,0,0,5,3,60,0,0,0,0,0,0,0,3,3,0
Paris Basketball,"Daulton Hommes, Derek Willis, Jeremy Morgan, Leopold Cavaliere, Nadir Hifi",1,119,0.0,6,2,4,50,1,2,50,1,1,100,0,3,3,2,1,0,0,0,4,85.1,89.5,80.7,26.8,29.8,62.5,67.6,100,0,100,0,25,50,135.1,0,0,3,0,0,2,0,0,0,0,0,1,1,0,0,0,1,0,4,0,0,25,0,66.7,0,0,0,0,2,1,50,2,1,50,0,0,0,0,135.1,0,0,0,1,0,0,2,0,0,0,0,0,1,3,3,3,0,0,0
Fenerbahce Beko Istanbul,"Armando Bacot Jr., Mikael Jantunen, Talen Horton Tucker, Tarik Biberovic, Wade Baldwin Iv",1,113,0.0,5,1,2,50,0,0,0,3,3,100,0,1,1,0,1,1,1,3,4,99,91.8,106.2,26.2,22.6,50,75.3,0,0,100,23.1,150,0,115.7,4,2,4,50,0,1,0,0,0,0,0,1,1,1,1,1,1,3,5,50,50,20,0,25,80,0,0,0,2,1,50,0,0,0,0,0,0,2,35.7,0,0,0,3,2,66.7,1,0,0,0,0,0,1,0,2,2,0,0,0
Paris Basketball,"Allan Dokossi, Amath M'Baye, Justin Robinson, Leopold Cavaliere, Sebastian Herrera",1,122,0.0,2,0,5,0,0,1,0,2,2,100,1,2,3,0,2,0,0,1,4,81.3,80.6,82,29.8,29.3,0,17,0,33.3,66.7,0,40,20,48.8,1,0,2,0,0,1,0,1,2,50,1,2,3,0,0,0,2,1,4,0,17.4,41,33.3,50,24,0,0,0,4,0,0,1,0,0,0,0,0,0,24.8,0,0,0,1,0,0,1,0,0,0,0,0,2,0,2,2,0,0,1
Fenerbahce Beko Istanbul,"Armando Bacot Jr., Devon Hall, Khem Birch, Talen Horton Tucker, Tarik Biberovic, Wade Baldwin Iv",1,99,0.0,2,1,3,33.3,0,1,0,0,0,0,0,3,3,1,0,0,1,3,4,88.7,97,80.5,24.8,29.8,33.3,33.3,100,0,100,20,0,33.3,50,2,1,2,50,0,1,0,0,3,0,0,2,2,0,1,0,0,0,3,50,30.1,0,0,50,60.2,0,0,0,2,1,50,1,0,0,0,0,0,1,-10.2,0,0,0,1,1,100,1,0,0,0,0,0,0,0,0,0,0,2,0
Zalgiris Kaunas,"Arnas Butkevicius, Azuolas Tubelis, Ignas Brazdeikis, Maodo Lo, Moses Wright",1,165,1.8,7,2,3,66.7,1,1,100,2,2,100,0,0,0,2,0,0,0,2,4,63.2,56.4,70,42.5,34.3,83.3,90.2,100,0,0,0,66.7,33.3,180.4,11,4,5,80,1,1,100,2,2,100,1,0,1,2,0,0,0,1,5,90,93.5,0,100,20,228.7,0,0,0,2,1,50,1,1,100,0,0,0,0,-48.3,0,0,0,4,3,75,1,1,100,0,0,0,0,0,0,0,2,0,2
Virtus Bologna,"Alen Smailagic, Alessandro Pajola, Carsen Edwards, Derrick Alston Jr., Karim Jallow",1,204,3.4,5,1,5,20,1,4,25,2,2,100,2,1,3,1,0,0,0,1,4,50.7,44,57.4,54.5,41.8,30,42.5,100,50,100,0,40,80,133.7,7,3,3,100,0,0,0,1,2,50,0,2,2,1,0,1,1,3,5,100,90.2,20.5,0,0,143.4,0,0,0,1,0,0,4,1,25,0,0,0,0,-9.8,0,0,0,3,3,100,0,0,0,0,0,0,1,2,0,0,0,0,0
Virtus Bologna,"Alen Smailagic, Alessandro Pajola, Carsen Edwards, Derrick Alston Jr., Karim Jallow, Saliou Niang",1,138,0.0,2,1,3,33.3,0,2,0,0,0,0,0,1,1,0,0,0,1,0,4,73,69.6,76.4,34.5,31.4,33.3,33.3,0,0,50,25,0,66.7,50,7,3,6,50,1,2,50,0,0,0,1,2,3,1,1,0,0,1,4,58.3,58.3,0,50,33.3,159.3,0,0,0,1,1,100,2,0,0,0,0,0,1,-109.3,0,0,0,4,2,50,2,1,50,0,0,0,0,0,0,0,2,0,2
Virtus Bologna,"Alessandro Pajola, Carsen Edwards, Derrick Alston Jr., Karim Jallow, Mouhamet Diouf, Saliou Niang",1,86,0.0,0,0,2,0,0,0,0,0,0,0,0,2,2,0,0,0,2,0,4,96.7,111.6,81.8,21.5,29.4,0,0,0,0,66.7,50,0,0,0,2,1,4,25,0,1,0,0,0,0,1,2,3,0,1,1,0,0,3,25,25,0,33.3,25,68.3,0,0,0,2,0,0,0,0,0,0,0,0,2,-68.3,0,0,0,3,1,33.3,1,0,0,0,0,0,0,0,0,0,0,2,0
Virtus Bologna,"Daniel Hackett, Derrick Alston Jr., Luca Vildoza, Matthew Morgan, Mouhamet Diouf, Saliou Niang",1,162,0.0,5,2,4,50,1,2,50,0,0,0,0,1,1,0,0,0,0,1,4,69,59.3,78.8,40.5,30.5,62.5,62.5,0,0,100,0,0,50,125,8,3,3,100,0,0,0,2,3,66.7,0,2,2,2,0,0,1,0,5,100,92.6,18.8,0,0,150.4,0,0,0,2,1,50,2,1,50,0,0,0,0,-25.4,0,0,0,3,3,100,0,0,0,0,0,0,1,0,0,0,0,4,2
Virtus Bologna,"Alen Smailagic, Brandon Taylor, Carsen Edwards, Derrick Alston Jr., Karim Jallow, Saliou Niang",1,136,0.0,2,1,2,50,0,1,0,0,1,0,0,1,1,1,0,0,2,2,4,69.1,78.4,59.9,30.6,40.1,50,41,100,0,50,36.8,50,50,45,5,2,5,40,1,3,33.3,0,0,0,1,1,2,0,1,0,0,0,3,50,50,0,50,60,147.3,0,0,0,1,1,100,1,0,0,0,0,0,2,-102.2,0,0,0,2,1,50,3,1,33.3,0,0,0,0,0,0,0,0,0,3
Real Madrid,"Andres Feliz, Chuma Okeke, Facundo Campazzo, Gabriel Deck, Walter Tavares",1,117,0.0,2,0,3,0,0,2,0,2,2,100,0,1,1,0,0,0,0,2,4,75.1,79.6,70.6,30.2,34.0,0,25.8,0,0,100,0,66.7,66.7,51.5,6,2,3,66.7,1,1,100,1,1,100,0,2,2,2,0,0,0,1,3,83.3,87.2,0,0,33.3,174.4,0,0,0,1,0,0,2,0,0,0,0,0,0,-122.9,0,0,0,2,1,50,1,1,100,0,0,0,0,0,0,2,0,2,0
Virtus Bologna,"Aliou Diarra, Derrick Alston Jr., Karim Jallow, Luca Vildoza, Matthew Morgan, Saliou Niang",1,136,0.0,5,2,3,66.7,1,1,100,0,0,0,0,0,0,2,0,0,1,2,4,70.6,70.6,70.6,34.0,34.0,83.3,83.3,100,0,0,16.7,0,33.3,125,2,1,2,50,0,1,0,0,0,0,0,1,1,0,1,0,2,1,4,50,50,50,0,50,50,0,0,0,2,1,50,1,1,100,0,0,0,1,75,0,0,0,1,1,100,1,0,0,0,0,0,2,0,0,3,0,2,2
Real Madrid,"Andres Feliz, Facundo Campazzo, Gabriel Deck, Mario Hezonja, Walter Tavares",1,166,0.0,7,3,6,50,1,3,33.3,0,0,0,1,1,2,1,1,0,0,0,4,71.1,63.5,78.7,37.8,30.5,58.3,58.3,33.3,50,100,0,0,50,159.3,5,2,3,66.7,1,2,50,0,1,0,0,1,1,1,0,0,2,1,5,83.3,72.7,36.8,0,66.7,91.9,0,0,0,3,2,66.7,3,1,33.3,0,0,0,0,67.4,0,0,0,1,1,100,2,1,50,0,0,0,2,0,2,5,0,0,0
Real Madrid,"Andres Feliz, Chuma Okeke, Facundo Campazzo, Gabriel Deck, Mario Hezonja",1,108,0.0,7,3,5,60,1,1,100,0,0,0,1,1,2,1,1,0,0,2,4,86.8,87.3,86.2,27.5,27.8,70,70,33.3,50,100,0,0,20,178.1,4,1,2,50,0,1,0,2,2,100,0,1,1,0,0,0,1,0,4,50,69.4,25.8,0,50,103.1,0,0,0,4,2,50,1,1,100,0,0,0,0,75,0,0,0,1,1,100,1,0,0,0,0,0,1,2,0,2,0,0,0
Olympiacos Piraeus,"Alec Peters, Donta Hall, Kostas Papanikolaou, Thomas Walkup, Tyson Ward",1,130,0.0,7,3,3,100,1,1,100,0,0,0,0,1,1,3,1,0,1,2,4,82,73.8,90.1,32.5,26.6,116.7,116.7,100,0,100,14.3,0,33.3,175,6,2,3,66.7,0,1,0,2,2,100,0,0,0,1,0,0,1,1,5,66.7,77.3,20.5,0,33.3,123,0,0,0,2,2,100,1,1,100,0,0,0,1,52,0,0,0,2,2,100,1,0,0,0,0,0,1,0,0,0,2,0,0
Baskonia Vitoria-Gasteiz,"Clement Frisch, Hamidou Diallo, Luka Samanic, Markquis Nowell, Matteo Spagnolo",1,116,0.0,4,2,3,66.7,0,1,0,0,0,0,0,0,0,1,0,0,1,1,4,82.8,82.8,82.8,29.0,29.0,66.7,66.7,50,0,0,20,0,33.3,100,7,3,3,100,1,1,100,0,0,0,0,1,1,3,1,0,1,2,4,116.7,116.7,25,0,33.3,175,0,0,0,2,2,100,1,0,0,0,0,0,1,-75,0,0,0,2,2,100,1,1,100,0,0,0,1,0,0,0,0,0,0
Baskonia Vitoria-Gasteiz,"Clement Frisch, Khalifa Diop, Markquis Nowell, Matteo Spagnolo, Timothe Luwawu-Cabarrot",1,112,0.0,4,1,4,25,1,2,50,1,1,100,1,1,2,0,0,0,1,0,4,77.9,82.2,73.7,29.2,32.6,37.5,45,0,50,100,18.4,25,50,104.3,5,2,3,66.7,0,0,0,1,1,100,0,1,1,2,1,0,0,2,3,66.7,72.7,0,0,0,145.3,0,0,0,2,0,0,2,1,50,0,0,0,1,-41,0,0,0,3,2,66.7,0,0,0,0,0,0,0,0,0,0,0,2,2
Olympiacos Piraeus,"Donta Hall, Saben Lee, Sasha Vezenkov, Tyler Dorsey, Tyson Ward",1,153,0.0,6,3,5,60,0,1,0,0,0,0,1,1,2,1,0,0,0,1,4,72.4,61.6,83.1,38.9,28.9,60,60,33.3,50,33.3,0,0,20,152.7,11,4,7,57.1,2,5,40,1,1,100,2,1,3,4,0,0,0,2,5,71.4,73.9,0,66.7,71.4,207.5,0,0,0,4,3,75,1,0,0,0,0,0,0,-54.9,0,0,0,2,2,100,5,2,40,0,0,0,0,2,0,0,2,3,0
Olympiacos Piraeus,"Alec Peters, Donta Hall, Thomas Walkup, Tyler Dorsey, Tyson Ward",1,136,0.8,4,0,2,0,0,0,0,4,4,100,0,1,1,2,1,0,0,1,4,59,66.4,51.7,36.2,46.4,0,53.2,0,0,50,0,200,0,106.4,3,1,3,33.3,1,3,33.3,0,0,0,1,2,3,1,0,0,1,2,3,50,50,25,50,100,102.4,0,0,0,2,0,0,0,0,0,0,0,0,0,4,0,0,0,0,0,0,3,1,33.3,0,0,0,1,0,0,0,3,0,0
FC Bayern Munich,"Andreas Obst, Justinian Jessup, Niels Giffey, Stefan Jovic, Wenyen Gabriel",1,125,0.0,7,2,3,66.7,0,1,0,3,4,75,1,1,2,3,0,0,0,2,4,67.3,70.8,63.7,33.9,37.7,66.7,73.5,150,100,100,0,133.3,33.3,189.7,6,2,2,100,0,0,0,2,3,66.7,0,0,0,0,0,0,0,3,3,100,90.4,0,0,0,180.7,0,0,0,2,2,100,1,0,0,0,0,0,0,9,0,0,0,2,2,100,0,0,0,0,0,0,0,0,0,0,0,0,0
Panathinaikos AKTOR Athens,"Jerian Grant, Konstantinos Mitoglou, Kostas Sloukas, Marius Grigonis, Omer Yurtseven",1,199,0.0,6,2,5,40,0,1,0,2,2,100,1,1,2,3,1,0,1,4,4,51.4,44.3,58.6,54.2,40.9,40,51,150,100,50,10.1,40,20,163.5,2,1,5,20,0,0,0,0,0,0,1,0,1,1,0,0,2,5,5,20,20,28.6,50,0,41.2,0,0,0,4,2,50,1,0,0,0,0,0,1,122.3,0,0,0,5,1,20,0,0,0,0,0,0,2,0,2,0,2,0,0
FC Bayern Munich,"Andreas Obst, David Mccormack, Niels Giffey, Vladimir Lucic, Xavier Rathan-Mayes",1,146,0.0,2,1,6,16.7,0,3,0,0,0,0,2,1,3,0,0,0,0,1,4,59,63.5,54.6,37.8,44.0,16.7,16.7,0,40,100,0,0,50,51.8,5,1,2,50,0,0,0,3,3,100,0,3,3,1,0,0,0,0,3,50,75.3,0,0,0,150.6,0,0,0,3,1,33.3,3,0,0,0,0,0,0,-98.8,0,0,0,2,1,50,0,0,0,0,0,0,0,0,0,0,0,2,0
FC Bayern Munich,"David Mccormack, Niels Giffey, Stefan Jovic, Vladimir Lucic, Xavier Rathan-Mayes",1,107,0.0,2,1,2,50,0,0,0,0,0,0,0,1,1,1,0,0,2,1,4,89.7,89.7,89.7,26.8,26.8,50,50,100,0,100,40,0,0,50,6,3,4,75,0,1,0,0,0,0,0,0,0,2,1,0,0,0,4,75,75,0,0,25,150,0,0,0,2,1,50,0,0,0,0,0,0,2,-100,0,0,0,3,3,100,1,0,0,0,0,0,0,0,0,0,0,2,2
Panathinaikos AKTOR Athens,"Jerian Grant, Juancho Hernangomez, Kendrick Nunn, Kostas Sloukas, Omer Yurtseven",1,114,0.0,4,1,1,100,1,1,100,1,2,50,0,0,0,2,0,0,2,1,4,70.9,81.7,60.2,29.4,39.9,150,106.4,200,0,0,34,200,100,103.1,7,3,5,60,1,2,50,0,0,0,2,0,2,2,1,0,0,0,3,70,70,0,100,40,244.8,0,0,0,0,0,0,1,1,100,0,0,0,2,-141.7,0,0,0,3,2,66.7,2,1,50,0,0,0,0,1,0,0,5,0,5
FC Bayern Munich,"Andreas Obst, David Mccormack, Isiaha Mike, Justinian Jessup, Kamar Baldwin",1,167,0.0,6,3,5,60,0,2,0,0,0,0,1,0,1,1,0,0,0,1,4,47.8,56.5,39.1,42.5,61.4,60,60,33.3,50,0,0,0,40,152.7,5,2,6,33.3,1,4,25,0,0,0,1,1,2,1,0,0,1,1,3,41.7,41.7,14.3,100,66.7,183.8,0,0,0,3,3,100,2,0,0,0,0,0,0,-31.2,0,0,0,2,1,50,4,1,25,0,0,0,1,0,0,2,0,0,0
EA7 Emporio Armani Milan,"Josh Nebo, Marko Guduric, Quinn Ellis, Shavon Shields, Zach Leday",1,105,0.0,2,1,3,33.3,0,2,0,0,0,0,0,0,0,0,2,0,1,1,4,90.6,91.4,89.8,26.2,26.7,33.3,33.3,0,0,0,25,0,66.7,50,4,2,3,66.7,0,1,0,0,0,0,1,2,3,2,1,0,2,0,4,66.7,66.7,40,100,33.3,101.8,0,0,0,1,1,100,2,0,0,0,0,0,1,-51.8,0,0,0,2,2,100,1,0,0,0,0,0,2,0,0,0,0,2,2
Crvena Zvezda Meridianbet Belgrade,"Codi Miller-Mcintyre, Izundu Ebuka, Jordan Nwora, Semi Ojeleye, Tyson Carter",1,114,0.0,4,2,4,50,0,1,0,0,0,0,1,2,3,2,1,0,2,0,4,82.7,81.3,84.2,29.5,28.5,50,50,100,100,100,25,0,25,103.6,0,0,2,0,0,2,0,0,0,0,0,0,0,0,2,0,2,0,4,0,0,50,0,100,0,0,0,0,3,2,66.7,1,0,0,0,0,0,2,103.6,0,0,0,0,0,0,2,0,0,0,0,0,2,0,2,2,0,0,0
Crvena Zvezda Meridianbet Belgrade,"Codi Miller-Mcintyre, Dejan Davidovac, Izundu Ebuka, Nikola Kalinic, Tyson Carter",1,147,0.0,10,4,4,100,2,2,100,0,0,0,0,1,1,2,0,0,0,0,4,73.5,65.3,81.6,36.8,29.4,125,125,50,0,100,0,0,50,250,8,3,4,75,2,3,66.7,0,0,0,0,0,0,1,0,0,1,0,5,100,100,20,0,75,160,0,0,0,2,2,100,2,2,100,0,0,0,0,90,0,0,0,1,1,100,3,2,66.7,0,0,0,1,0,2,0,0,0,0
EA7 Emporio Armani Milan,"Josh Nebo, Leandro Bolmaro, Marko Guduric, Quinn Ellis, Zach Leday",1,83,0.0,3,1,3,33.3,0,1,0,1,2,50,0,1,1,1,0,0,0,0,4,85,112.2,57.8,21.4,41.5,33.3,38.7,100,0,100,0,66.7,33.3,77.3,2,1,2,50,0,0,0,0,0,0,0,1,1,0,0,0,0,0,2,50,50,0,0,0,100,0,0,0,2,1,50,1,0,0,0,0,0,0,-22.7,0,0,0,2,1,50,0,0,0,0,0,0,0,0,1,0,0,0,0
Crvena Zvezda Meridianbet Belgrade,"Chima Moneke, Codi Miller-Mcintyre, Izundu Ebuka, Nikola Kalinic, Tyson Carter",1,141,0.0,8,3,3,100,0,0,0,2,3,66.7,0,1,1,4,2,0,0,0,4,69,73.5,64.5,32.6,37.2,100,92.6,133.3,0,25,0,100,0,185.2,3,1,5,20,1,5,20,0,0,0,3,0,3,1,0,0,2,1,4,30,30,28.6,75,100,79.2,0,0,0,3,3,100,0,0,0,0,0,0,0,106,0,0,0,0,0,0,5,1,20,0,0,0,2,0,3,5,3,0,0
Maccabi Rapyd Tel Aviv,"Jaylen Hoard, Jeffrey Dowtin Jr, John Dibartolomeo, O'Shae J Brissett, Roman Sorkin",1,114,0.0,2,0,3,0,0,2,0,2,2,100,0,2,2,0,0,0,0,1,4,72.4,81.7,63.2,29.4,38.0,0,25.8,0,0,100,0,66.7,66.7,51.5,3,1,3,33.3,1,3,33.3,0,0,0,0,2,2,1,0,0,0,1,3,50,50,0,0,100,100,0,0,0,1,0,0,2,0,0,0,0,0,0,-48.5,0,0,0,0,0,0,3,1,33.3,0,0,0,0,0,2,0,0,0,3
Maccabi Rapyd Tel Aviv,"Jaylen Hoard, Jeffrey Dowtin Jr, Jimmy Clark Iii, O'Shae J Brissett, Roman Sorkin",1,106,0.0,5,2,4,50,0,0,0,1,1,100,0,3,3,1,0,0,0,1,4,83.4,100.5,66.3,23.9,36.2,50,56.3,50,0,75,0,25,0,112.6,0,0,4,0,0,1,0,0,0,0,1,1,2,0,0,1,0,2,3,0,0,0,25,25,0,0,0,0,4,2,50,0,0,0,0,0,0,0,112.6,0,0,0,3,0,0,1,0,0,0,0,0,0,0,0,0,0,0,0
Anadolu Efes Istanbul,"Ercan Osmani, Isaia Cordinier, Jordan Loyd, Kai Jones, Shane Larkin",1,89,0.0,5,1,2,50,0,0,0,3,3,100,0,1,1,0,0,0,1,0,4,97.8,116.5,79,20.6,30.4,50,75.3,0,0,50,23.1,150,0,115.7,5,2,4,50,1,3,33.3,0,0,0,1,0,1,1,0,0,0,1,3,62.5,62.5,0,50,75,170.6,0,0,0,2,1,50,0,0,0,0,0,0,1,-54.9,0,0,0,1,1,100,3,1,33.3,0,0,0,0,0,2,0,2,0,0
Maccabi Rapyd Tel Aviv,"Jaylen Hoard, Jeffrey Dowtin Jr, Lonnie Walker Iv, Marcio Santos, O'Shae J Brissett",1,87,0.0,5,2,3,66.7,1,1,100,0,1,0,1,2,3,1,1,1,2,1,4,101.7,120.6,82.8,19.9,29.0,83.3,72.7,50,100,100,31.1,33.3,33.3,114.4,0,0,2,0,0,1,0,0,0,0,0,0,0,0,0,0,1,1,3,0,0,33.3,0,50,0,0,0,0,2,1,50,1,1,100,0,0,0,2,114.4,0,0,0,1,0,0,1,0,0,0,0,0,1,0,0,0,0,0,0
Maccabi Rapyd Tel Aviv,"Jaylen Hoard, John Dibartolomeo, Marcio Santos, O'Shae J Brissett, Tamir Blatt",1,129,0.0,7,2,3,66.7,1,1,100,2,2,100,0,3,3,2,0,0,0,1,4,72.7,72.2,73.1,33.2,32.8,83.3,90.2,100,0,75,0,66.7,33.3,180.4,3,1,5,20,1,3,33.3,0,0,0,1,1,2,1,0,0,0,1,4,30,30,0,25,60,76.3,0,0,0,2,1,50,1,1,100,0,0,0,0,104.1,0,0,0,2,0,0,3,1,33.3,0,0,0,0,0,5,0,0,0,0
Dubai Basketball,"Davis Bertans, Dwayne Bacon, Dzanan Musa, Filip Petrusev, Mckinley Wright Iv",1,124,0.7,3,1,5,20,1,2,50,0,0,0,1,1,2,0,1,0,0,0,4,81.8,69.2,94.5,34.7,25.4,30,30,0,33.3,100,0,0,40,84,4,1,2,50,0,0,0,2,2,100,0,2,2,1,0,0,2,2,5,50,69.4,41,0,0,82,0,0,0,3,0,0,2,1,50,0,0,0,0,2,0,0,0,2,1,50,0,0,0,0,0,0,2,0,0,0,0,4,0
Dubai Basketball,"Davis Bertans, Filip Petrusev, Justin Anderson, Klemen Prepelic, Mckinley Wright Iv",1,132,0.0,5,2,6,33.3,1,3,33.3,0,0,0,2,2,4,1,0,0,0,2,4,53.3,70.2,36.4,34.2,66.0,41.7,41.7,50,50,100,0,0,50,129.5,0,0,2,0,0,2,0,0,0,0,0,2,2,0,0,0,0,1,2,0,0,0,0,100,0,0,0,0,3,1,33.3,3,1,33.3,0,0,0,0,129.5,0,0,0,0,0,0,2,0,0,0,0,0,0,2,0,0,0,0,0
Dubai Basketball,"Davis Bertans, Dzanan Musa, Filip Petrusev, Justin Anderson, Mckinley Wright Iv",1,150,0.0,7,3,4,75,1,2,50,0,0,0,0,1,1,2,2,0,0,0,4,69.4,64,74.7,37.5,32.1,87.5,87.5,66.7,0,25,0,0,50,175,5,1,5,20,1,3,33.3,2,2,100,3,0,3,1,0,0,2,1,5,30,42.5,25.4,75,60,107.1,0,0,0,2,2,100,2,1,50,0,0,0,0,67.9,0,0,0,2,0,0,3,1,33.3,0,0,0,2,0,2,5,0,2,0
Dubai Basketball,"Davis Bertans, Dwayne Bacon, Dzanan Musa, Klemen Prepelic, Mckinley Wright Iv",1,95,0.0,7,2,2,100,1,1,100,2,2,100,0,0,0,2,0,0,1,0,4,86,98,74,24.5,32.4,125,121.5,100,0,0,17,100,50,180.4,7,3,4,75,1,2,50,0,0,0,1,0,1,2,1,0,0,1,3,87.5,87.5,0,100,50,238.9,0,0,0,1,1,100,1,1,100,0,0,0,1,-58.5,0,0,0,2,2,100,2,1,50,0,0,0,0,0,0,0,2,2,2
Hapoel IBI Tel Aviv,"Antonio Blakeney, Chris Jones, Collin Malcolm, Ish Wainright, Johnathan Motley",1,127,0.0,9,4,5,80,1,2,50,0,0,0,1,1,2,2,1,1,0,1,4,74.9,74.3,75.6,32.3,31.8,90,90,50,100,100,0,0,40,229,5,2,3,66.7,1,2,50,0,0,0,0,0,0,1,0,0,1,1,4,83.3,83.3,25,0,66.7,125,0,0,0,3,3,100,2,1,50,0,0,0,0,104,0,0,0,1,1,100,2,1,50,0,0,0,1,2,2,2,0,0,0
FC Barcelona,"Jan Vesely, Joel Parra, Juani Marcos, Myles Cale, Nicolas Laprovittola",1,127,0.0,5,2,3,66.7,1,2,50,0,0,0,0,0,0,1,0,0,1,1,4,74.9,75.6,74.3,31.8,32.3,83.3,83.3,50,0,0,20,0,66.7,125,9,4,5,80,1,2,50,0,0,0,1,1,2,2,1,1,0,1,4,90,90,0,100,40,229,0,0,0,1,1,100,2,1,50,0,0,0,1,-104,0,0,0,3,3,100,2,1,50,0,0,0,0,0,0,0,2,2,2
FC Barcelona,"Dario Brizuela, Jan Vesely, Joel Parra, Myles Cale, Nicolas Laprovittola",1,159,0.0,4,1,4,25,1,3,33.3,1,1,100,0,0,0,0,1,0,0,2,4,80.7,67,94.3,35.8,25.4,37.5,45,0,0,0,0,25,75,90.1,12,4,5,80,1,2,50,3,3,100,1,2,3,2,0,1,1,0,6,90,94.9,13.7,100,40,192,0,0,0,1,0,0,3,1,33.3,0,0,0,0,-101.9,0,0,0,3,3,100,2,1,50,0,0,0,1,0,3,0,2,0,0
LDLC ASVEL Villeurbanne,"Bodian Massa, David Lighty, Edwin Jackson, Glynn Watson, Zachary Seljaas",1,98,0.0,3,1,2,50,1,2,50,0,0,0,0,1,1,1,0,0,1,2,3,78.9,73.5,84.2,32.7,28.5,75,75,100,0,100,25,0,100,100,4,1,3,33.3,1,1,100,1,1,100,0,1,1,0,0,0,0,0,3,50,58.1,0,0,33.3,116.3,0,0,0,0,0,0,2,1,50,0,0,0,1,-16.3,0,0,0,2,0,0,1,1,100,0,0,0,0,0,0,0,0,3,0
Valencia Basket,"Ike Iroegbu, Jaime Pradilla, Kameron Taylor, Matthew Costello, Sergio De Larrea",1,112,0.0,2,1,2,50,0,0,0,0,0,0,1,0,1,0,0,0,2,2,3,51.3,62.8,39.9,38.2,60.2,50,50,0,100,0,50,0,0,68.3,4,2,4,50,0,1,0,0,0,0,1,0,1,0,0,0,0,0,2,50,50,0,100,25,215.1,0,0,0,2,1,50,0,0,0,0,0,0,2,-146.8,0,0,0,3,2,66.7,1,0,0,0,0,0,0,2,0,0,2,0,4
LDLC ASVEL Villeurbanne,"David Lighty, Mbaye Ndiaye, Melvin Ajinca, Nando De Colo, Shaquille Harrison",1,134,0.0,2,1,3,33.3,0,0,0,0,0,0,0,1,1,1,0,0,0,1,3,51.9,53.7,50,44.7,48.0,33.3,33.3,100,0,25,0,0,0,66.7,6,2,6,33.3,2,5,40,0,0,0,3,2,5,1,0,0,0,0,3,50,50,0,75,83.3,215.1,0,0,0,3,1,33.3,0,0,0,0,0,0,0,-148.4,0,0,0,1,0,0,5,2,40,0,0,0,0,2,0,0,6,0,0
Valencia Basket,"Isaac Nogues, Jaime Pradilla, Kameron Taylor, Nathan Reuvers, Sergio De Larrea",1,126,0.0,0,0,1,0,0,1,0,0,0,0,0,1,1,0,0,0,2,1,3,70,57.1,82.8,42.0,29.0,0,0,0,0,50,66.7,0,100,0,5,2,3,66.7,0,1,0,1,2,50,1,1,2,1,0,0,1,1,4,66.7,64.4,20.5,50,33.3,115.1,0,0,0,0,0,0,1,0,0,0,0,0,2,-115.1,0,0,0,2,2,100,1,0,0,0,0,0,1,0,0,0,2,0,5
LDLC ASVEL Villeurbanne,"Bodian Massa, David Lighty, Glynn Watson, Mbaye Ndiaye, Nando De Colo",1,142,0.0,3,1,4,25,0,1,0,1,1,100,1,1,2,0,1,0,0,2,3,64.2,57,71.4,42.1,33.6,25,33.8,0,33.3,50,0,25,25,89,6,1,2,50,1,1,100,3,4,75,1,2,3,2,0,0,1,1,4,75,79.8,21,50,50,142,0,0,0,3,1,33.3,1,0,0,0,0,0,0,-53,0,0,0,1,0,0,1,1,100,0,0,0,1,0,2,2,0,2,0
Paris Basketball,"Daulton Hommes, Derek Willis, Ismael Bako, Jeremy Morgan, Nadir Hifi",1,135,1.2,6,2,5,40,2,3,66.7,0,0,0,1,0,1,1,0,0,0,2,3,56.8,60.4,53.3,39.8,45.0,60,60,50,50,0,0,0,60,176.7,6,3,3,100,0,0,0,0,0,0,0,1,1,3,0,0,0,0,3,100,100,0,0,0,200,0,0,0,2,0,0,3,2,66.7,0,0,0,0,-23.3,0,0,0,3,3,100,0,0,0,0,0,0,1,3,0,0,0,0,0
Paris Basketball,"Allan Dokossi, Amath M'Baye, Jeremy Morgan, Justin Robinson, Leopold Cavaliere",1,114,0.0,5,2,5,40,1,3,33.3,0,0,0,2,1,3,1,0,0,1,0,3,60.9,58.7,63.2,40.9,38.0,50,50,50,100,100,14.3,0,60,179.2,2,1,2,50,0,1,0,0,0,0,0,0,0,0,0,0,1,1,3,50,50,33.3,0,50,66.7,0,0,0,2,1,50,3,1,33.3,0,0,0,1,112.5,0,0,0,1,1,100,1,0,0,0,0,0,2,2,3,3,0,0,0
Fenerbahce Beko Istanbul,"Armando Bacot Jr., Devon Hall, Khem Birch, Metecan Birsen, Onuralp Bitim, Wade Baldwin Iv",1,26,0.0,5,1,1,100,0,0,0,3,4,75,0,1,1,1,0,0,0,1,3,170.3,254.8,85.8,9.4,28.0,100,90.6,100,0,50,0,400,0,181.2,0,0,2,0,0,0,0,0,0,0,1,0,1,0,0,0,0,1,1,0,0,0,50,0,0,0,0,0,1,1,100,0,0,0,0,0,0,0,181.2,0,0,0,2,0,0,0,0,0,0,0,0,0,0,2,0,0,0,0
Paris Basketball,"Derek Willis, Justin Robinson, Mouhamed Faye, Sebastian Herrera, Yakuba Ouattara",1,85,0.0,0,0,2,0,0,0,0,0,0,0,0,2,2,0,0,0,1,1,3,84.7,84.7,84.7,28.3,28.3,0,0,0,0,100,33.3,0,0,0,2,1,3,33.3,0,2,0,0,0,0,0,1,1,0,0,1,0,1,3,33.3,33.3,0,0,66.7,66.7,0,0,0,2,0,0,0,0,0,0,0,0,1,-66.7,0,0,0,1,1,100,2,0,0,0,0,0,0,0,0,0,0,0,0
Paris Basketball,"Derek Willis, Ismael Bako, Nadir Hifi, Sebastian Herrera, Yakuba Ouattara",1,92,0.0,2,0,1,0,0,0,0,2,2,100,0,0,0,0,0,0,1,2,3,69.4,75.1,63.7,31.9,37.7,0,53.2,0,0,0,34.7,200,0,69.4,5,2,2,100,0,0,0,1,1,100,0,1,1,2,0,0,0,0,2,100,102.5,0,0,0,204.9,0,0,0,1,0,0,0,0,0,0,0,0,1,-135.5,0,0,0,2,2,100,0,0,0,0,0,0,0,0,0,0,0,0,0
Fenerbahce Beko Istanbul,"Armando Bacot Jr., Devon Hall, Khem Birch, Nicolo Melli, Talen Horton Tucker",1,90,0.0,5,2,2,100,1,1,100,0,0,0,0,0,0,2,1,0,1,0,3,78.1,80,76.3,30.0,31.5,125,125,100,0,0,20,0,50,166.7,2,1,3,33.3,0,1,0,0,0,0,2,0,2,0,1,0,2,0,3,33.3,33.3,40,100,33.3,69.9,0,0,0,1,1,100,1,1,100,0,0,0,1,96.7,0,0,0,2,1,50,1,0,0,0,0,0,2,0,2,2,2,0,0
Paris Basketball,"Justin Robinson, Leopold Cavaliere, Mouhamed Faye, Sebastian Herrera, Yakuba Ouattara",1,103,0.0,5,2,3,66.7,1,2,50,0,0,0,0,2,2,0,0,0,0,1,3,80.7,69.9,91.6,34.3,26.2,83.3,83.3,0,0,66.7,0,0,66.7,166.7,5,2,5,40,1,2,50,0,0,0,1,1,2,1,0,0,0,0,4,50,50,0,33.3,40,127.2,0,0,0,1,1,100,2,1,50,0,0,0,0,39.4,0,0,0,3,1,33.3,2,1,50,0,0,0,0,0,0,0,0,0,0
Paris Basketball,"Leopold Cavaliere, Mouhamed Faye, Nadir Hifi, Sebastian Herrera, Yakuba Ouattara",1,79,0.0,0,0,2,0,0,0,0,0,0,0,0,2,2,0,0,0,1,1,3,82.6,91.1,74.1,26.3,32.4,0,0,0,0,100,33.3,0,0,0,2,1,2,50,0,1,0,0,1,0,0,1,1,0,0,1,0,0,2,50,41,0,0,50,82,0,0,0,2,0,0,0,0,0,0,0,0,1,-82,0,0,0,1,1,100,1,0,0,0,0,0,0,0,0,0,0,0,0
Zalgiris Kaunas,"Azuolas Tubelis, Ignas Brazdeikis, Maodo Lo, Moses Wright, Sylvain Francisco",1,79,0.0,6,2,3,66.7,2,2,100,0,0,0,0,2,2,2,0,0,0,0,3,91.1,91.1,91.1,26.3,26.3,100,100,100,0,100,0,0,66.7,200,0,0,2,0,0,0,0,0,0,0,0,0,0,0,0,0,1,2,3,0,0,33.3,0,0,0,0,0,0,1,0,0,2,2,100,0,0,0,0,200,0,0,0,2,0,0,0,0,0,0,0,0,1,0,3,3,0,0,0
AS Monaco,"Alpha Diallo, Daniel Theis, Mike James, Nikola Mirotic, Terry Tarpey",1,78,0.0,2,1,2,50,0,1,0,0,0,0,0,1,1,0,0,0,1,0,3,76.9,92.3,61.5,26.0,39.0,50,50,0,0,100,33.3,0,50,66.7,2,1,2,50,0,1,0,0,0,0,0,1,1,1,0,0,0,0,2,50,50,0,0,50,100,0,0,0,1,1,100,1,0,0,0,0,0,1,-33.3,0,0,0,1,1,100,1,0,0,0,0,0,0,0,0,0,0,0,0
Zalgiris Kaunas,"Arnas Butkevicius, Edgaras Ulanovas, Ignas Brazdeikis, Maodo Lo, Moses Wright",1,96,0.0,4,1,2,50,1,2,50,1,2,50,0,0,0,0,0,0,0,0,3,73.5,72,75,33.3,32.0,75,69.4,0,0,0,0,100,100,138.9,7,3,3,100,1,1,100,0,0,0,0,1,1,1,0,0,0,1,3,116.7,116.7,0,0,33.3,233.3,0,0,0,0,0,0,2,1,50,0,0,0,0,-94.4,0,0,0,2,2,100,1,1,100,0,0,0,0,0,1,0,0,3,0
Zalgiris Kaunas,"Dustin Sleva, Edgaras Ulanovas, Moses Wright, Nigel Williams-Goss, Sylvain Francisco",1,110,0.0,5,1,2,50,1,1,100,2,2,100,0,1,1,1,0,0,0,1,3,64.1,62.8,65.5,38.2,36.7,75,86.8,100,0,100,0,100,50,173.6,5,2,3,66.7,1,1,100,0,0,0,0,1,1,2,0,0,0,2,3,83.3,83.3,0,0,33.3,166.7,0,0,0,1,0,0,1,1,100,0,0,0,0,6.9,0,0,0,2,1,50,1,1,100,0,0,0,0,2,0,0,0,0,0
AS Monaco,"Alpha Diallo, Elie Okobo, Jaron Blossomgame, Kevarrius Hayes, Mike James",1,91,0.0,2,1,3,33.3,0,0,0,0,0,0,0,2,2,1,0,0,0,1,3,88.7,79.1,98.3,30.3,24.4,33.3,33.3,100,0,66.7,0,0,0,66.7,5,2,4,50,1,1,100,0,1,0,1,1,2,1,0,0,0,0,4,62.5,56.3,0,33.3,25,134.2,0,0,0,3,1,33.3,0,0,0,0,0,0,0,-67.5,0,0,0,3,1,33.3,1,1,100,0,0,0,0,0,2,0,2,0,0
Baskonia Vitoria-Gasteiz,"Luka Samanic, Markquis Nowell, Markus Howard, Tadas Sedekerskis, Timothe Luwawu-Cabarrot",1,72,1.2,0,0,2,0,0,1,0,0,0,0,0,2,2,0,0,0,1,1,3,100,100,100,24.0,24.0,0,0,0,0,100,33.3,0,50,0,2,1,3,33.3,0,2,0,0,0,0,0,1,1,1,1,0,0,0,3,33.3,33.3,0,0,66.7,66.7,0,0,0,1,0,0,1,0,0,0,0,0,1,-66.7,0,0,0,1,1,100,2,0,0,0,0,0,0,0,0,0,2,0,2
Olympiacos Piraeus,"Alec Peters, Donta Hall, Saben Lee, Tyler Dorsey, Tyson Ward",1,91,0.0,2,1,3,33.3,0,0,0,0,0,0,0,1,1,1,1,0,0,1,3,79.1,79.1,79.1,30.3,30.3,33.3,33.3,100,0,100,0,0,0,66.7,3,1,2,50,1,2,50,0,0,0,0,2,2,1,0,0,1,0,3,75,75,33.3,0,100,100,0,0,0,3,1,33.3,0,0,0,0,0,0,0,-33.3,0,0,0,0,0,0,2,1,50,0,0,0,1,0,2,2,0,3,0
Baskonia Vitoria-Gasteiz,"Hamidou Diallo, Khalifa Diop, Tadas Sedekerskis, Timothe Luwawu-Cabarrot, Trent Forrest",1,128,0.8,7,2,3,66.7,1,2,50,2,3,66.7,1,0,1,2,2,0,0,1,3,57.5,60.9,54,39.4,44.4,83.3,81,100,100,0,0,100,66.7,215.4,2,0,0,0,0,0,0,2,2,100,0,0,0,0,0,0,2,0,3,0,113.6,69.4,0,0,69.4,0,0,0,1,1,100,2,1,50,0,0,0,0,145.9,0,0,0,0,0,0,0,0,0,0,0,0,2,3,2,5,2,0,0
Baskonia Vitoria-Gasteiz,"Luka Samanic, Markus Howard, Tadas Sedekerskis, Timothe Luwawu-Cabarrot, Trent Forrest",1,75,1.2,3,1,3,33.3,1,3,33.3,0,0,0,0,1,1,1,0,0,0,1,3,96,96,96,25.0,25.0,50,50,100,0,100,0,0,100,100,2,1,3,33.3,0,2,0,0,0,0,0,2,2,0,0,0,0,1,3,33.3,33.3,0,0,66.7,66.7,0,0,0,0,0,0,3,1,33.3,0,0,0,0,33.3,0,0,0,1,1,100,2,0,0,0,0,0,0,0,0,0,0,2,0
Olympiacos Piraeus,"Donta Hall, Evan Fournier, Saben Lee, Sasha Vezenkov, Tyler Dorsey",1,112,0.0,4,2,3,66.7,0,0,0,0,0,0,0,1,1,2,1,0,0,2,3,82.7,64.3,101,37.3,23.8,66.7,66.7,100,0,50,0,0,0,133.3,5,1,4,25,1,2,50,2,3,66.7,1,1,2,1,0,0,1,0,5,37.5,47,15.8,50,50,106,0,0,0,3,2,66.7,0,0,0,0,0,0,0,27.3,0,0,0,2,0,0,2,1,50,0,0,0,1,0,2,2,0,0,0
FC Bayern Munich,"Isiaha Mike, Leon Kratzer, Stefan Jovic, Vladimir Lucic, Xavier Rathan-Mayes",1,132,2.2,2,1,3,33.3,0,1,0,0,0,0,1,2,3,1,0,1,1,3,3,63,53.3,72.7,45.1,33.0,33.3,33.3,100,50,100,20,0,33.3,68.3,2,1,4,25,0,1,0,0,0,0,0,1,1,1,1,0,0,0,4,25,25,0,0,25,50,0,0,0,2,1,50,1,0,0,0,0,0,1,18.3,0,0,0,3,1,33.3,1,0,0,0,0,0,0,2,0,0,0,0,0
Panathinaikos AKTOR Athens,"Jerian Grant, Kendrick Nunn, Konstantinos Mitoglou, Marius Grigonis, Omer Yurtseven",1,135,0.0,6,3,3,100,0,0,0,0,1,0,0,0,0,1,0,0,0,2,3,62.3,61.2,63.5,39.2,37.8,100,87.2,33.3,0,0,0,33.3,0,174.4,6,1,2,50,0,1,0,4,6,66.7,1,1,2,2,0,0,0,1,4,50,64.7,0,100,50,168.1,0,0,0,3,3,100,0,0,0,0,0,0,0,6.4,0,0,0,1,1,100,1,0,0,0,0,0,0,0,0,0,1,0,0
Panathinaikos AKTOR Athens,"Alexandros Samodurov, Kendrick Nunn, Nikolaos Rogkavopoulos, Omer Yurtseven, Tj Shorts",1,146,0.0,5,1,2,50,0,0,0,3,3,100,0,3,3,1,0,0,0,0,3,59,54.6,63.5,44.0,37.8,50,75.3,100,0,60,0,150,0,150.6,2,1,6,16.7,0,3,0,0,0,0,2,1,3,0,0,0,0,1,4,16.7,16.7,0,40,50,51.8,0,0,0,2,1,50,0,0,0,0,0,0,0,98.8,0,0,0,3,1,33.3,3,0,0,0,0,0,0,0,2,0,0,0,0
FC Bayern Munich,"Andreas Obst, David Mccormack, Justinian Jessup, Kamar Baldwin, Niels Giffey",1,125,0.0,4,1,2,50,0,0,0,2,2,100,0,0,0,1,0,0,0,2,3,54,55.3,52.6,43.4,45.6,50,69.4,100,0,0,0,100,0,138.9,4,1,3,33.3,0,2,0,2,2,100,2,0,2,1,0,0,1,1,3,33.3,51.5,20.5,100,66.7,146,0,0,0,2,1,50,0,0,0,0,0,0,0,-7.1,0,0,0,1,1,100,2,0,0,0,0,0,1,0,0,2,2,0,0
FC Bayern Munich,"Andreas Obst, Isiaha Mike, Justinian Jessup, Kamar Baldwin, Wenyen Gabriel",1,72,0.0,0,0,2,0,0,0,0,0,0,0,0,1,1,0,0,0,1,3,3,100,100,100,24.0,24.0,0,0,0,0,100,33.3,0,0,0,4,2,3,66.7,0,0,0,0,0,0,0,2,2,2,0,2,0,0,3,66.7,66.7,0,0,0,133.3,0,0,0,2,0,0,0,0,0,0,0,0,1,-133.3,0,0,0,3,2,66.7,0,0,0,0,0,0,0,0,0,0,0,0,2
EA7 Emporio Armani Milan,"Devin Booker, Leandro Bolmaro, Marko Guduric, Quinn Ellis, Vlatko Cancar",1,127,0.0,6,2,3,66.7,1,1,100,1,2,50,1,0,1,1,1,0,0,0,3,58.6,63.2,54,38.0,44.4,83.3,77.3,50,50,0,0,66.7,33.3,179.4,5,2,4,50,1,2,50,0,0,0,1,1,2,1,0,0,1,1,3,62.5,62.5,20,100,50,174.8,0,0,0,2,1,50,1,1,100,0,0,0,0,4.5,0,0,0,2,1,50,2,1,50,0,0,0,1,2,0,3,0,0,3
EA7 Emporio Armani Milan,"Armoni Brooks, Devin Booker, Niccolo Mannion, Shavon Shields, Vlatko Cancar",1,85,0.0,0,0,0,0,0,0,0,0,0,0,0,1,1,0,0,0,3,1,3,69.6,84.7,54.5,28.3,44.0,0,0,0,0,50,100,0,0,0,2,1,3,33.3,0,0,0,0,0,0,1,0,1,0,1,0,0,0,2,33.3,33.3,0,50,0,103.6,0,0,0,0,0,0,0,0,0,0,0,0,3,-103.6,0,0,0,3,1,33.3,0,0,0,0,0,0,0,0,0,0,0,0,2
Crvena Zvezda Meridianbet Belgrade,"Dejan Davidovac, Jasiel Rivero, Jordan Nwora, Stefan Miljenovic, Tyson Carter",1,92,0.0,4,2,4,50,0,0,0,0,0,0,1,0,1,0,1,0,0,1,3,77.3,76.4,78.3,31.4,30.7,50,50,0,50,0,0,0,0,136.5,2,1,1,100,0,0,0,0,0,0,0,1,1,1,0,0,2,0,3,100,100,66.7,0,0,66.7,0,0,0,4,2,50,0,0,0,0,0,0,0,69.9,0,0,0,1,1,100,0,0,0,0,0,0,2,0,0,4,0,0,0
Crvena Zvezda Meridianbet Belgrade,"Codi Miller-Mcintyre, Izundu Ebuka, Nikola Kalinic, Semi Ojeleye, Tyson Carter",1,91,0.0,2,1,3,33.3,0,0,0,0,0,0,0,1,1,0,0,0,0,1,3,90.7,79.1,102.3,30.3,23.5,33.3,33.3,0,0,100,0,0,0,66.7,3,1,3,33.3,0,1,0,1,2,50,0,2,2,1,0,0,0,0,4,33.3,38.7,0,0,33.3,77.3,0,0,0,3,1,33.3,0,0,0,0,0,0,0,-10.7,0,0,0,2,1,50,1,0,0,0,0,0,0,0,0,0,0,1,0
Crvena Zvezda Meridianbet Belgrade,"Dejan Davidovac, Jordan Nwora, Nikola Kalinic, Semi Ojeleye, Tyson Carter",1,138,0.0,2,1,2,50,0,0,0,0,0,0,0,2,2,0,0,0,1,1,3,67.2,52.2,82.2,46.0,29.2,50,50,0,0,66.7,33.3,0,0,66.7,8,3,5,60,2,3,66.7,0,1,0,1,1,2,1,1,0,0,0,5,80,73.5,0,33.3,60,169.3,0,0,0,2,1,50,0,0,0,0,0,0,1,-102.6,0,0,0,2,1,50,3,2,66.7,0,0,0,0,0,0,0,2,3,0
Anadolu Efes Istanbul,"Georgios Papagiannis, Jordan Loyd, Nick Weiler-Babb, Rolands Smits, Shane Larkin",1,115,0.0,9,3,3,100,2,2,100,1,1,100,0,0,0,1,0,0,0,1,3,61.4,71.8,50.9,33.4,47.1,133.3,130.8,33.3,0,0,0,33.3,66.7,261.6,5,2,2,100,0,0,0,1,1,100,0,0,0,0,0,0,0,0,2,100,102.5,0,0,0,204.9,0,0,0,1,1,100,2,2,100,0,0,0,0,56.7,0,0,0,2,2,100,0,0,0,0,0,0,0,0,0,0,0,0,0
Maccabi Rapyd Tel Aviv,"Jaylen Hoard, John Dibartolomeo, O'Shae J Brissett, Roman Sorkin, Tamir Blatt",1,103,0.0,0,0,1,0,0,0,0,0,0,0,0,1,1,0,0,0,2,0,3,80.2,69.9,90.4,34.3,26.5,0,0,0,0,100,66.7,0,0,0,4,2,2,100,0,0,0,0,2,0,0,1,1,2,1,0,1,0,4,100,69.4,25.8,0,0,103.1,0,0,0,1,0,0,0,0,0,0,0,0,2,-103.1,0,0,0,2,2,100,0,0,0,0,0,0,1,0,0,0,0,2,2
Dubai Basketball,"Awudu Abass, Dwayne Bacon, Filip Petrusev, Klemen Prepelic, Kosta Kondic",1,108,0.0,3,1,2,50,1,1,100,0,0,0,0,0,0,1,0,0,1,3,3,64,66.7,61.3,36.0,39.1,75,75,100,0,0,25,0,50,100,6,1,1,100,0,0,0,4,4,100,0,1,1,1,1,0,0,1,3,100,108.7,0,0,0,217.4,0,0,0,1,0,0,1,1,100,0,0,0,1,-117.4,0,0,0,1,1,100,0,0,0,0,0,0,0,0,0,0,0,2,6
Partizan Mozzart Bet Belgrade,"Carlik Jones, Isaac Bonga, Jabari Parker, Shake Milton, Tyrique Jones",1,65,0.0,0,0,0,0,0,0,0,0,2,0,0,1,1,0,0,0,2,2,3,108.6,106.3,110.8,22.6,21.7,0,0,0,0,100,69.4,0,0,0,4,2,3,66.7,0,0,0,0,0,0,0,0,0,0,0,0,0,2,3,66.7,66.7,0,0,0,133.3,0,0,0,0,0,0,0,0,0,0,0,0,2,-133.3,0,0,0,3,2,66.7,0,0,0,0,0,0,0,0,0,0,0,0,4
Dubai Basketball,"Dzanan Musa, Filip Petrusev, Justin Anderson, Mckinley Wright Iv, Mfiondu Kabengele",1,134,0.0,5,2,3,66.7,1,1,100,0,0,0,0,1,1,0,0,0,0,0,3,62.1,53.7,70.4,44.7,34.1,83.3,83.3,0,0,50,0,0,33.3,166.7,4,2,4,50,0,1,0,0,0,0,1,0,1,0,0,0,1,2,4,50,50,20,50,25,101.8,0,0,0,2,1,50,1,1,100,0,0,0,0,64.9,0,0,0,3,2,66.7,1,0,0,0,0,0,1,0,3,3,2,0,0
Partizan Mozzart Bet Belgrade,"Aleksej Pokusevski, Carlik Jones, Isaac Bonga, Shake Milton, Tyrique Jones",1,95,0.0,7,3,4,75,1,2,50,0,0,0,1,0,1,2,1,0,0,1,3,86,74,98,32.4,24.5,87.5,87.5,66.7,100,0,0,0,50,238.9,7,2,2,100,1,1,100,2,2,100,0,0,0,2,0,0,1,0,4,125,121.5,25.8,0,50,180.4,0,0,0,2,2,100,2,1,50,0,0,0,0,58.5,0,0,0,1,1,100,1,1,100,0,0,0,1,2,2,2,0,0,0
Hapoel IBI Tel Aviv,"Antonio Blakeney, Chris Jones, Collin Malcolm, Johnathan Motley, Tomer Ginat",1,65,1.1,3,0,1,0,0,1,0,3,3,100,0,1,1,1,0,0,1,1,3,95.6,122.6,68.7,19.6,34.9,0,64.7,0,0,33.3,23.1,300,100,90.4,2,1,4,25,0,1,0,0,0,0,2,1,3,0,1,0,0,0,2,25,25,0,66.7,25,107.5,0,0,0,0,0,0,1,0,0,0,0,0,1,-17.2,0,0,0,3,1,33.3,1,0,0,0,0,0,0,0,0,0,2,0,0
FC Barcelona,"Joel Parra, Kevin Punter, Nicolas Laprovittola, Will Clyburn, Youssoupha Fall",1,80,0.4,2,0,2,0,0,2,0,2,2,100,0,1,1,0,1,0,0,1,3,101.4,86.4,116.4,27.8,20.6,0,34.7,0,0,100,0,100,100,69.4,4,1,2,50,0,0,0,2,2,100,0,2,2,1,0,0,1,3,4,50,69.4,25.8,0,0,103.1,0,0,0,0,0,0,2,0,0,0,0,0,0,-33.6,0,0,0,2,1,50,0,0,0,0,0,0,1,0,0,2,0,0,0
Hapoel IBI Tel Aviv,"Chris Jones, Collin Malcolm, Dan Oturu, Elijah Bryant, Ish Wainright",1,58,0.0,4,1,2,50,0,0,0,2,2,100,0,2,2,1,0,0,0,1,3,101,119.2,82.8,20.1,29.0,50,69.4,100,0,100,0,100,0,138.9,0,0,2,0,0,2,0,0,0,0,0,1,1,0,0,0,0,0,2,0,0,0,0,100,0,0,0,0,2,1,50,0,0,0,0,0,0,0,138.9,0,0,0,0,0,0,2,0,0,0,0,0,0,0,0,0,0,0,0
Valencia Basket,"Darius Thompson, Ike Iroegbu, Josep Puerto, Matthew Costello, Nathan Reuvers",1,51,0.0,3,1,2,50,1,1,100,0,0,0,0,1,1,0,0,0,0,0,2,94.1,94.1,94.1,25.5,25.5,75,75,0,0,100,0,0,50,150,3,1,2,50,1,2,50,0,0,0,0,1,1,1,0,0,0,1,2,75,75,0,0,100,150,0,0,0,1,0,0,1,1,100,0,0,0,0,0,0,0,0,0,0,0,2,1,50,0,0,0,0,0,3,0,0,0,0
LDLC ASVEL Villeurbanne,"David Lighty, Edwin Jackson, Glynn Watson, Mbaye Ndiaye, Zachary Seljaas",1,69,0.0,4,0,0,0,0,0,0,4,4,100,0,1,1,1,0,0,0,1,2,93.1,61.2,125,39.2,19.2,0,113.6,0,0,25,0,0,0,227.3,4,1,3,33.3,0,0,0,2,5,40,3,0,3,1,0,0,0,3,4,33.3,38.5,0,75,0,111.3,0,0,0,0,0,0,0,0,0,0,0,0,0,116,0,0,0,3,1,33.3,0,0,0,0,0,0,0,0,0,2,4,0,2
Valencia Basket,"Darius Thompson, Ike Iroegbu, Josep Puerto, Nathan Sestina, Neal Sako",1,38,0.6,3,1,2,50,1,1,100,0,0,0,0,0,0,1,1,0,0,1,2,94.7,126.3,63.2,19.0,38.0,75,75,100,0,0,0,0,50,150,0,0,0,0,0,0,0,0,0,0,0,0,0,0,0,0,1,0,1,0,0,100,0,0,0,0,0,0,1,0,0,1,1,100,0,0,0,0,150,0,0,0,0,0,0,0,0,0,0,0,0,1,0,0,3,0,0,0
Valencia Basket,"Darius Thompson, Ike Iroegbu, Kameron Taylor, Nathan Sestina, Neal Sako",1,42,0.0,0,0,1,0,0,0,0,0,0,0,0,0,0,0,0,0,1,1,2,110.9,114.3,107.4,21.0,22.3,0,0,0,0,0,50,0,0,0,5,1,1,100,1,1,100,2,2,100,0,1,1,0,1,0,0,0,2,150,133,0,0,100,266,0,0,0,1,0,0,0,0,0,0,0,0,1,-266,0,0,0,0,0,0,1,1,100,0,0,0,0,0,0,0,0,3,3
Valencia Basket,"Darius Thompson, Kameron Taylor, Nathan Sestina, Neal Sako, Omari Moore",1,69,0.0,5,2,3,66.7,1,2,50,0,0,0,1,0,1,1,0,0,0,1,2,76,67.1,84.9,35.8,28.3,83.3,83.3,50,100,0,0,0,66.7,259.1,6,2,2,100,1,1,100,1,1,100,0,0,0,0,0,0,0,1,2,125,123,0,0,50,245.9,0,0,0,1,1,100,2,1,50,0,0,0,0,13.2,0,0,0,1,1,100,1,1,100,0,0,0,0,2,3,0,0,0,0
Valencia Basket,"Jaime Pradilla, Kameron Taylor, Nathan Reuvers, Omari Moore, Sergio De Larrea",1,70,0.0,5,2,2,100,1,1,100,0,0,0,0,1,1,1,0,0,0,0,2,85.7,68.6,102.9,35.0,23.3,125,125,50,0,100,0,0,50,250,3,1,2,50,1,2,50,0,0,0,0,0,0,1,0,0,1,3,3,75,75,33.3,0,100,100,0,0,0,1,1,100,1,1,100,0,0,0,0,150,0,0,0,0,0,0,2,1,50,0,0,0,1,0,0,0,0,0,0
Valencia Basket,"Ike Iroegbu, Jaime Pradilla, Josep Puerto, Matthew Costello, Omari Moore",1,58,0.0,5,1,1,100,1,1,100,2,2,100,0,1,1,2,0,0,0,0,2,59.6,77.8,41.4,30.9,58.0,150,133,200,0,100,0,200,100,266,0,0,1,0,0,0,0,0,0,0,0,0,0,0,0,0,0,0,1,0,0,0,0,0,0,0,0,0,0,0,0,1,1,100,0,0,0,0,266,0,0,0,1,0,0,0,0,0,0,0,0,0,0,2,0,0,0,0
Fenerbahce Beko Istanbul,"Armando Bacot Jr., Devon Hall, Mikael Jantunen, Nicolo Melli, Talen Horton Tucker, Tarik Biberovic",1,68,0.0,4,1,2,50,1,2,50,1,2,50,1,1,2,1,0,0,0,1,2,65.1,63.9,66.4,37.6,36.2,75,69.4,100,100,100,0,100,100,221,2,0,1,0,0,1,0,2,2,100,0,0,0,0,0,0,0,1,2,0,53.2,0,0,100,106.4,0,0,0,0,0,0,2,1,50,0,0,0,0,114.6,0,0,0,0,0,0,1,0,0,0,0,0,0,3,0,4,0,0,0
Fenerbahce Beko Istanbul,"Armando Bacot Jr., Mikael Jantunen, Onuralp Bitim, Tarik Biberovic, Wade Baldwin Iv",1,38,0.0,0,0,2,0,0,2,0,0,0,0,0,0,0,0,0,0,0,0,2,126.3,126.3,126.3,19.0,19.0,0,0,0,0,0,0,0,100,0,0,0,1,0,0,0,0,0,0,0,0,2,2,0,0,0,1,0,2,0,0,50,0,0,0,0,0,0,0,0,0,2,0,0,0,0,0,0,0,0,0,0,1,0,0,0,0,0,0,0,0,1,0,0,0,0,0,0
Fenerbahce Beko Istanbul,"Armando Bacot Jr., Bonzie Colson, Khem Birch, Nicolo Melli, Onuralp Bitim, Wade Baldwin Iv",1,74,0.0,3,1,2,50,0,1,0,1,1,100,0,1,1,1,0,0,0,1,2,72,79.1,64.9,30.3,37.0,50,61.5,100,0,100,0,50,50,123,0,0,1,0,0,0,0,0,0,0,0,1,1,0,0,0,1,1,2,0,0,50,0,0,0,0,0,0,1,1,100,1,0,0,0,0,0,0,123,0,0,0,1,0,0,0,0,0,0,0,0,1,0,0,0,0,0,0
Fenerbahce Beko Istanbul,"Armando Bacot Jr., Devon Hall, Mikael Jantunen, Onuralp Bitim, Talen Horton Tucker",1,32,0.4,2,0,0,0,0,0,0,2,2,100,0,1,1,0,0,0,1,2,2,108,141,75,17.0,32.0,0,113.6,0,0,100,53.2,0,0,106.4,0,0,1,0,0,0,0,0,0,0,0,0,0,0,0,0,0,1,1,0,0,0,0,0,0,0,0,0,0,0,0,0,0,0,0,0,0,1,106.4,0,0,0,1,0,0,0,0,0,0,0,0,0,0,0,0,0,0,0
Fenerbahce Beko Istanbul,"Armando Bacot Jr., Onuralp Bitim, Talen Horton Tucker, Tarik Biberovic, Wade Baldwin Iv",1,84,0.0,3,1,1,100,0,0,0,1,2,50,0,0,0,1,0,0,0,0,2,69.7,53.7,85.7,44.7,28.0,100,79.8,100,0,0,0,200,0,159.6,6,2,3,66.7,2,3,66.7,0,0,0,0,1,1,0,0,0,0,2,3,100,100,0,0,100,200,0,0,0,1,1,100,0,0,0,0,0,0,0,-40.4,0,0,0,0,0,0,3,2,66.7,0,0,0,0,0,0,0,0,3,3
Fenerbahce Beko Istanbul,"Armando Bacot Jr., Bonzie Colson, Devon Hall, Khem Birch, Nicolo Melli",1,30,0.0,1,0,1,0,0,1,0,1,2,50,1,1,2,0,0,0,1,1,2,133.8,187.6,80,12.8,30.0,0,26.6,0,50,100,34.7,200,100,42.6,0,0,1,0,0,0,0,0,0,0,0,1,1,0,1,0,0,1,1,0,0,0,0,0,0,0,0,0,0,0,0,1,0,0,0,0,0,1,42.6,0,0,0,1,0,0,0,0,0,0,0,0,0,0,0,1,0,0,0
Fenerbahce Beko Istanbul,"Armando Bacot Jr., Bonzie Colson, Devon Hall, Nicolo Melli, Tarik Biberovic",1,76,0.0,0,0,1,0,0,0,0,0,0,0,0,1,1,0,0,0,1,0,2,60.9,63.2,58.7,38.0,40.9,0,0,0,0,50,50,0,0,0,0,0,4,0,0,1,0,0,0,0,1,1,2,0,1,0,0,0,2,0,0,0,50,25,0,0,0,0,1,0,0,0,0,0,0,0,0,1,0,0,0,0,3,0,0,1,0,0,0,0,0,0,0,0,0,0,0,0
Fenerbahce Beko Istanbul,"Armando Bacot Jr., Bonzie Colson, Nicolo Melli, Talen Horton Tucker, Tarik Biberovic, Wade Baldwin Iv",1,42,0.0,2,1,2,50,0,1,0,0,0,0,0,0,0,1,1,0,0,1,2,85.7,114.3,57.1,21.0,42.0,50,50,100,0,0,0,0,50,100,0,0,0,0,0,0,0,0,0,0,0,1,1,0,0,0,1,0,1,0,0,100,0,0,0,0,0,0,1,1,100,1,0,0,0,0,0,0,100,0,0,0,0,0,0,0,0,0,0,0,0,1,0,0,0,0,0,0
Paris Basketball,"Allan Dokossi, Daulton Hommes, Derek Willis, Nadir Hifi, Yakuba Ouattara",1,13,0.0,2,0,0,0,0,0,0,2,2,100,0,0,0,0,0,0,1,0,2,265.8,347.1,184.6,6.9,13.0,0,113.6,0,0,0,53.2,0,0,106.4,3,1,1,100,1,1,100,0,0,0,0,0,0,1,0,0,0,0,1,150,150,0,0,100,300,0,0,0,0,0,0,0,0,0,0,0,0,1,-193.6,0,0,0,0,0,0,1,1,100,0,0,0,0,0,2,0,0,0,0
Fenerbahce Beko Istanbul,"Armando Bacot Jr., Mikael Jantunen, Nicolo Melli, Talen Horton Tucker, Tarik Biberovic, Wade Baldwin Iv",1,17,0.0,6,2,2,100,2,2,100,0,0,0,0,0,0,2,0,0,0,0,2,273.9,282.4,265.4,8.5,9.0,150,150,100,0,0,0,0,100,300,2,0,0,0,0,0,0,2,2,100,0,0,0,0,0,0,1,0,2,0,113.6,53.2,0,0,106.4,0,0,0,0,0,0,2,2,100,0,0,0,0,193.6,0,0,0,0,0,0,0,0,0,0,0,0,1,0,3,3,0,2,0
Fenerbahce Beko Istanbul,"Armando Bacot Jr., Devon Hall, Mikael Jantunen, Nicolo Melli, Tarik Biberovic, Wade Baldwin Iv",1,21,0.0,2,1,2,50,0,1,0,0,0,0,0,1,1,0,0,0,0,0,2,171.4,228.6,114.3,10.5,21.0,50,50,0,0,100,0,0,50,100,0,0,1,0,0,1,0,0,0,0,0,1,1,0,0,0,0,1,1,0,0,0,0,100,0,0,0,0,1,1,100,1,0,0,0,0,0,0,100,0,0,0,0,0,0,1,0,0,0,0,0,0,0,0,0,0,0,0
Fenerbahce Beko Istanbul,"Armando Bacot Jr., Devon Hall, Khem Birch, Mikael Jantunen, Tarik Biberovic, Wade Baldwin Iv",1,79,0.0,2,1,2,50,0,1,0,0,1,0,0,1,1,0,0,1,0,0,2,82.6,74.1,91.1,32.4,26.3,50,41,0,0,100,0,50,50,82,0,0,2,0,0,0,0,0,0,0,0,2,2,0,0,0,1,1,3,0,0,33.3,0,0,0,0,0,0,1,1,100,1,0,0,0,0,0,0,82,0,0,0,2,0,0,0,0,0,0,0,0,1,0,0,0,0,0,0
Fenerbahce Beko Istanbul,"Armando Bacot Jr., Devon Hall, Khem Birch, Nicolo Melli, Talen Horton Tucker, Tarik Biberovic",1,53,0.0,3,1,2,50,1,2,50,0,0,0,0,0,0,1,1,0,0,1,2,77.9,90.6,65.2,26.5,36.8,75,75,100,0,0,0,0,100,150,1,0,0,0,0,0,0,1,1,100,0,1,1,0,0,0,1,0,1,0,113.6,69.4,0,0,69.4,0,0,0,0,0,0,2,1,50,0,0,0,0,80.6,0,0,0,0,0,0,0,0,0,0,0,0,1,0,0,0,0,0,0
Paris Basketball,"Allan Dokossi, Daulton Hommes, Derek Willis, Justin Robinson, Yakuba Ouattara",1,75,0.0,2,1,2,50,0,0,0,0,1,0,0,1,1,0,0,0,0,0,2,85.1,78.1,92.2,30.7,26.0,50,41,0,0,100,0,50,0,82,3,1,2,50,0,1,0,1,2,50,0,1,1,1,0,1,0,3,3,50,52.1,0,0,50,104.2,0,0,0,2,1,50,0,0,0,0,0,0,0,-22.2,0,0,0,1,1,100,1,0,0,0,0,0,0,0,2,0,0,0,0
Paris Basketball,"Allan Dokossi, Derek Willis, Justin Robinson, Nadir Hifi, Yakuba Ouattara",1,55,0.0,1,0,1,0,0,0,0,1,2,50,0,0,0,0,0,0,0,0,2,84.7,82,87.3,29.3,27.5,0,26.6,0,0,0,0,200,0,53.2,5,2,2,100,1,1,100,0,0,0,0,1,1,2,0,0,0,0,2,125,125,0,0,50,250,0,0,0,1,0,0,0,0,0,0,0,0,0,-196.8,0,0,0,1,1,100,1,1,100,0,0,0,0,0,0,0,0,0,0
Fenerbahce Beko Istanbul,"Armando Bacot Jr., Devon Hall, Mikael Jantunen, Nicolo Melli, Talen Horton Tucker, Wade Baldwin Iv",1,55,0.0,5,2,2,100,1,1,100,0,0,0,0,1,1,2,0,0,0,0,2,84.7,87.3,82,27.5,29.3,125,125,100,0,100,0,0,50,250,1,0,1,0,0,0,0,1,2,50,0,0,0,0,0,0,0,0,2,0,26.6,0,0,0,53.2,0,0,0,1,1,100,1,1,100,0,0,0,0,196.8,0,0,0,1,0,0,0,0,0,0,0,0,0,0,0,0,0,0,0
Paris Basketball,"Derek Willis, Ismael Bako, Justin Robinson, Sebastian Herrera, Yakuba Ouattara",1,59,0.0,0,0,1,0,0,1,0,0,2,0,0,1,1,0,1,0,0,0,2,78.9,76.5,81.4,31.4,29.5,0,0,0,0,100,0,200,100,0,0,0,1,0,0,0,0,0,0,0,0,2,2,0,0,0,1,2,2,0,0,50,0,0,0,0,0,0,0,0,0,1,0,0,0,0,0,0,0,0,0,0,1,0,0,0,0,0,0,0,0,1,0,0,0,0,0,0
AS Monaco,"Alpha Diallo, Kevarrius Hayes, Matthew Strazel, Mike James, Nikola Mirotic",1,50,0.0,0,0,0,0,0,0,0,0,0,0,0,1,1,0,0,1,2,2,2,120,96,144,25.0,16.7,0,0,0,0,100,100,0,0,0,6,2,3,66.7,2,2,100,0,0,0,0,0,0,2,0,0,0,1,3,100,100,0,0,66.7,200,0,0,0,0,0,0,0,0,0,0,0,0,2,-200,0,0,0,1,0,0,2,2,100,0,0,0,0,0,0,0,0,0,3
Zalgiris Kaunas,"Edgaras Ulanovas, Ignas Brazdeikis, Maodo Lo, Moses Wright, Sylvain Francisco",1,49,0.0,2,1,2,50,0,1,0,0,0,0,0,1,1,0,0,0,0,0,2,73.5,98,49,24.5,49.0,50,50,0,0,100,0,0,50,100,0,0,1,0,0,0,0,0,0,0,0,0,0,0,0,0,0,0,1,0,0,0,0,0,0,0,0,0,1,1,100,1,0,0,0,0,0,0,100,0,0,0,1,0,0,0,0,0,0,0,0,0,0,0,0,0,0,0
Zalgiris Kaunas,"Arnas Butkevicius, Deividas Sirvydis, Edgaras Ulanovas, Moses Wright, Sylvain Francisco",1,62,0.0,2,1,2,50,0,0,0,0,0,0,1,0,1,0,0,0,1,1,2,76.1,74.7,77.4,32.1,31.0,50,50,0,100,0,33.3,0,0,103.6,4,2,2,100,0,0,0,0,0,0,0,0,0,0,1,0,0,0,2,100,100,0,0,0,200,0,0,0,2,1,50,0,0,0,0,0,0,1,-96.4,0,0,0,2,2,100,0,0,0,0,0,0,0,2,0,0,0,2,2
AS Monaco,"Daniel Theis, Elie Okobo, Jaron Blossomgame, Matthew Strazel, Mike James",1,95,0.0,2,1,3,33.3,0,2,0,0,0,0,1,1,2,1,0,0,0,1,2,48.8,48.8,48.8,49.2,49.2,33.3,33.3,100,50,50,0,0,66.7,103.6,2,1,3,33.3,0,1,0,0,0,0,1,1,2,0,0,0,0,1,2,33.3,33.3,0,50,33.3,103.6,0,0,0,1,1,100,2,0,0,0,0,0,0,0,0,0,0,2,1,50,1,0,0,0,0,0,0,0,0,0,2,0,0
AS Monaco,"Daniel Theis, Elie Okobo, Matthew Strazel, Mike James, Nikola Mirotic",1,80,0.0,0,0,1,0,0,1,0,0,0,0,0,0,0,0,0,0,1,0,2,72.1,60,84.3,40.0,28.5,0,0,0,0,0,50,0,100,0,7,2,3,66.7,1,1,100,2,2,100,1,1,2,2,0,0,0,0,3,83.3,90.2,0,100,33.3,249.1,0,0,0,0,0,0,1,0,0,0,0,0,1,-249.1,0,0,0,2,1,50,1,1,100,0,0,0,0,0,0,0,2,2,0
Zalgiris Kaunas,"Azuolas Tubelis, Deividas Sirvydis, Dustin Sleva, Edgaras Ulanovas, Nigel Williams-Goss",1,78,0.0,2,1,2,50,0,1,0,0,0,0,0,1,1,1,0,0,0,0,2,76.9,61.5,92.3,39.0,26.0,50,50,100,0,100,0,0,50,100,2,1,2,50,0,1,0,0,0,0,0,1,1,0,0,0,1,0,3,50,50,33.3,0,50,66.7,0,0,0,1,1,100,1,0,0,0,0,0,0,33.3,0,0,0,1,1,100,1,0,0,0,0,0,1,0,0,0,0,0,0
Zalgiris Kaunas,"Dustin Sleva, Edgaras Ulanovas, Ignas Brazdeikis, Maodo Lo, Moses Wright",1,62,1.0,2,1,2,50,0,1,0,0,0,0,0,0,0,0,0,0,0,0,2,76.1,77.4,74.7,31.0,32.1,50,50,0,0,0,0,0,50,100,4,2,3,66.7,0,0,0,0,0,0,1,0,1,1,0,0,0,0,2,66.7,66.7,0,100,0,207.3,0,0,0,1,1,100,1,0,0,0,0,0,0,-107.3,0,0,0,3,2,66.7,0,0,0,0,0,0,0,0,0,0,2,2,0
Zalgiris Kaunas,"Arnas Butkevicius, Edgaras Ulanovas, Maodo Lo, Moses Wright, Nigel Williams-Goss",1,56,0.0,2,1,2,50,0,0,0,0,1,0,1,0,1,1,0,0,0,1,2,79.6,81.6,77.6,29.4,30.9,50,41,100,50,0,0,50,0,105,2,0,1,0,0,0,0,2,2,100,1,1,2,1,0,0,1,3,2,0,53.2,34.7,100,0,110.5,0,0,0,2,1,50,0,0,0,0,0,0,0,-5.5,0,0,0,1,0,0,0,0,0,0,0,0,1,0,0,2,0,0,0
Zalgiris Kaunas,"Arnas Butkevicius, Edgaras Ulanovas, Moses Wright, Nigel Williams-Goss, Sylvain Francisco",1,87,0.0,5,1,1,100,1,1,100,2,2,100,0,1,1,2,1,0,0,1,2,53.5,51.9,55.2,46.3,43.5,150,133,200,0,100,0,200,100,266,0,0,1,0,0,1,0,0,0,0,0,0,0,0,0,0,1,0,2,0,0,50,0,100,0,0,0,0,0,0,0,1,1,100,0,0,0,0,266,0,0,0,0,0,0,1,0,0,0,0,0,1,0,2,0,0,0,0
AS Monaco,"Alpha Diallo, Elie Okobo, Kevarrius Hayes, Matthew Strazel, Mike James",1,56,0.0,2,0,0,0,0,0,0,2,2,100,0,1,1,0,0,0,1,0,2,61.7,80.6,42.9,29.8,56.0,0,113.6,0,0,100,53.2,0,0,106.4,0,0,1,0,0,1,0,0,0,0,0,0,0,0,1,0,0,2,1,0,0,0,0,100,0,0,0,0,0,0,0,0,0,0,0,0,0,1,106.4,0,0,0,0,0,0,1,0,0,0,0,0,0,0,2,0,0,0,0
Real Madrid,"Andres Feliz, Mario Hezonja, Sergio Llull, Trey Lyles, Usman Garuba",1,64,0.0,0,0,2,0,0,1,0,0,0,0,0,1,1,0,0,0,0,0,2,73.7,75,72.4,32.0,33.2,0,0,0,0,50,0,0,50,0,2,1,3,33.3,0,1,0,0,0,0,1,1,2,0,0,0,0,2,2,33.3,33.3,0,50,33.3,103.6,0,0,0,1,0,0,1,0,0,0,0,0,0,-103.6,0,0,0,2,1,50,1,0,0,0,0,0,0,0,0,0,0,0,0
Real Madrid,"Andres Feliz, Chuma Okeke, Mario Hezonja, Sergio Llull, Walter Tavares",1,87,0.0,2,1,2,50,0,1,0,0,0,0,0,0,0,1,0,0,0,1,2,55.2,55.2,55.2,43.5,43.5,50,50,100,0,0,0,0,50,100,5,2,2,100,1,1,100,0,0,0,0,1,1,0,0,0,0,1,2,125,125,0,0,50,250,0,0,0,1,1,100,1,0,0,0,0,0,0,-150,0,0,0,1,1,100,1,1,100,0,0,0,0,0,0,0,0,0,0
Virtus Bologna,"Alen Smailagic, Brandon Taylor, Derrick Alston Jr., Karim Jallow, Matthew Morgan",1,87,0.0,5,2,2,100,1,1,100,0,0,0,0,1,1,0,0,0,0,1,2,55.2,55.2,55.2,43.5,43.5,125,125,0,0,100,0,0,50,250,2,1,2,50,0,1,0,0,0,0,0,0,0,1,0,0,0,1,2,50,50,0,0,50,100,0,0,0,1,1,100,1,1,100,0,0,0,0,150,0,0,0,1,1,100,1,0,0,0,0,0,0,0,0,0,0,0,0
Virtus Bologna,"Aliou Diarra, Brandon Taylor, Carsen Edwards, Daniel Hackett, Derrick Alston Jr.",1,58,0.0,2,1,2,50,0,1,0,0,0,0,0,0,0,1,0,0,0,0,2,62.1,82.8,41.4,29.0,58.0,50,50,100,0,0,0,0,50,100,2,1,1,100,0,0,0,0,0,0,0,1,1,0,0,0,0,0,1,100,100,0,0,0,200,0,0,0,1,1,100,1,0,0,0,0,0,0,-100,0,0,0,1,1,100,0,0,0,0,0,0,0,0,0,0,0,0,0
Real Madrid,"Chuma Okeke, Facundo Campazzo, Mario Hezonja, Sergio Llull, Walter Tavares",1,80,0.0,0,0,2,0,0,2,0,0,2,0,2,0,2,0,0,0,1,0,2,65,73.6,56.4,32.6,42.6,0,0,0,66.7,0,25.8,100,100,0,1,0,0,0,0,0,0,1,2,50,0,1,1,0,0,0,1,2,2,0,56.8,53.2,0,0,53.2,0,0,0,0,0,0,2,0,0,0,0,0,1,-53.2,0,0,0,0,0,0,0,0,0,0,0,0,1,0,0,0,0,0,0
Real Madrid,"Facundo Campazzo, Gabriel Deck, Mario Hezonja, Sergio Llull, Walter Tavares",1,63,0.0,0,0,1,0,0,1,0,0,0,0,0,1,1,0,0,0,1,1,2,76.2,76.2,76.2,31.5,31.5,0,0,0,0,100,50,0,100,0,2,1,2,50,0,0,0,0,0,0,0,1,1,1,0,0,0,0,2,50,50,0,0,0,100,0,0,0,0,0,0,1,0,0,0,0,0,1,-100,0,0,0,2,1,50,0,0,0,0,0,0,0,0,0,0,0,0,2
Virtus Bologna,"Alen Smailagic, Alessandro Pajola, Daniel Hackett, Derrick Alston Jr., Matthew Morgan, Saliou Niang",1,10,0.0,4,0,0,0,0,0,0,4,4,100,0,1,1,0,0,0,0,0,2,451.2,422.4,480,5.7,5.0,0,113.6,0,0,100,0,0,0,227.3,0,0,2,0,0,1,0,0,0,0,0,0,0,0,0,0,0,1,2,0,0,0,0,50,0,0,0,0,0,0,0,0,0,0,0,0,0,0,227.3,0,0,0,1,0,0,1,0,0,0,0,0,0,0,2,0,0,0,0
Real Madrid,"Andres Feliz, Facundo Campazzo, Gabriel Deck, Mario Hezonja, Sergio Llull",1,6,0.0,0,0,2,0,0,1,0,0,0,0,0,0,0,0,0,0,0,1,2,576,800,352,3.0,6.8,0,0,0,0,0,0,0,50,0,2,0,0,0,0,0,0,2,2,100,0,1,1,0,0,0,0,0,1,0,113.6,0,0,0,227.3,0,0,0,1,0,0,1,0,0,0,0,0,0,-227.3,0,0,0,0,0,0,0,0,0,0,0,0,0,0,0,0,0,2,0
Baskonia Vitoria-Gasteiz,"Hamidou Diallo, Khalifa Diop, Markquis Nowell, Tadas Sedekerskis, Trent Forrest",1,62,0.0,2,1,2,50,0,1,0,0,0,0,1,0,1,0,0,0,1,0,2,95.4,74.7,116.1,32.1,20.7,50,50,0,100,0,33.3,0,50,103.6,7,3,3,100,1,1,100,0,0,0,0,0,0,2,1,0,0,1,3,116.7,116.7,0,0,33.3,233.3,0,0,0,1,1,100,1,0,0,0,0,0,1,-129.7,0,0,0,2,2,100,1,1,100,0,0,0,0,0,0,0,0,3,3
Olympiacos Piraeus,"Alec Peters, Kostas Papanikolaou, Nikola Milutinov, Thomas Walkup, Tyson Ward",1,70,0.0,2,0,1,0,0,0,0,2,2,100,0,1,1,0,0,0,0,0,2,66.5,64.5,68.6,37.2,35.0,0,53.2,0,0,100,0,200,0,106.4,2,1,2,50,0,0,0,0,0,0,0,1,1,0,0,0,0,1,2,50,50,0,0,0,100,0,0,0,1,0,0,0,0,0,0,0,0,0,6.4,0,0,0,2,1,50,0,0,0,0,0,0,0,0,0,0,0,0,0
Baskonia Vitoria-Gasteiz,"Clement Frisch, Hamidou Diallo, Luka Samanic, Markquis Nowell, Timothe Luwawu-Cabarrot",1,70,0.0,2,1,2,50,0,0,0,0,0,0,0,1,1,0,0,0,0,1,2,66.5,68.6,64.5,35.0,37.2,50,50,0,0,100,0,0,0,100,2,0,1,0,0,0,0,2,2,100,0,1,1,0,0,0,0,0,2,0,53.2,0,0,0,106.4,0,0,0,2,1,50,0,0,0,0,0,0,0,-6.4,0,0,0,1,0,0,0,0,0,0,0,0,0,0,0,0,0,0,0
Olympiacos Piraeus,"Kostas Papanikolaou, Nikola Milutinov, Sasha Vezenkov, Thomas Walkup, Tyson Ward",1,40,0.0,2,0,0,0,0,0,0,2,2,100,0,0,0,1,0,0,1,1,2,93.9,112.8,75,21.3,32.0,0,113.6,0,0,0,34.7,0,0,106.4,2,0,1,0,0,1,0,2,3,66.7,1,0,1,1,1,0,0,0,1,0,43.1,0,100,100,160,0,0,0,0,0,0,0,0,0,0,0,0,1,-53.6,0,0,0,0,0,0,1,0,0,0,0,0,0,0,0,0,0,0,0
Olympiacos Piraeus,"Kostas Papanikolaou, Nikola Milutinov, Saben Lee, Sasha Vezenkov, Tyson Ward",1,79,0.0,0,0,1,0,0,1,0,0,0,0,0,0,0,0,0,0,1,0,2,74.9,60.8,89,39.5,27.0,0,0,0,0,0,50,0,100,0,7,3,4,75,1,2,50,0,0,0,1,1,2,2,1,0,0,1,3,87.5,87.5,0,100,50,238.9,0,0,0,0,0,0,1,0,0,0,0,0,1,-238.9,0,0,0,2,2,100,2,1,50,0,0,0,0,0,0,0,5,2,5
Baskonia Vitoria-Gasteiz,"Clement Frisch, Khalifa Diop, Markus Howard, Timothe Luwawu-Cabarrot, Trent Forrest",1,48,0.0,2,1,2,50,0,1,0,0,0,0,0,0,0,1,0,0,0,1,2,73.2,100,46.5,24.0,51.6,50,50,100,0,0,0,0,50,100,2,1,2,50,0,0,0,0,0,0,1,1,2,0,0,0,0,0,1,50,50,0,100,0,215.1,0,0,0,1,1,100,1,0,0,0,0,0,0,-115.1,0,0,0,2,1,50,0,0,0,0,0,0,0,0,0,0,2,0,0
FC Bayern Munich,"Andreas Obst, David Mccormack, Oscar Da Silva, Stefan Jovic, Xavier Rathan-Mayes",1,26,0.0,0,0,1,0,0,0,0,0,0,0,0,0,0,0,0,0,1,1,2,138.5,184.6,92.3,13.0,26.0,0,0,0,0,0,50,0,0,0,0,0,0,0,0,0,0,0,0,0,0,0,0,0,0,0,1,2,1,0,0,100,0,0,0,0,0,0,1,0,0,0,0,0,0,0,0,1,0,0,0,0,0,0,0,0,0,0,0,0,0,1,0,0,0,0,0,0
FC Bayern Munich,"Niels Giffey, Stefan Jovic, Vladimir Lucic, Wenyen Gabriel, Xavier Rathan-Mayes",1,81,0.0,0,0,4,0,0,3,0,0,0,0,3,0,3,0,0,0,1,1,2,41.3,53,29.6,45.3,81.0,0,0,0,75,0,20,0,75,0,2,1,1,100,0,0,0,0,0,0,0,1,1,0,0,0,0,1,1,100,100,0,0,0,200,0,0,0,1,0,0,3,0,0,0,0,0,1,-200,0,0,0,1,1,100,0,0,0,0,0,0,0,0,0,0,0,0,2
Panathinaikos AKTOR Athens,"Alexandros Samodurov, Kendrick Nunn, Kostas Sloukas, Omer Yurtseven, Tj Shorts",1,101,0.0,3,1,3,33.3,1,3,33.3,0,0,0,1,0,1,1,0,0,1,0,2,45.9,44.2,47.5,54.3,50.5,50,50,100,100,0,20,0,100,161.3,4,2,2,100,0,0,0,0,0,0,0,0,0,0,0,0,0,0,2,100,100,0,0,0,200,0,0,0,0,0,0,3,1,33.3,0,0,0,1,-38.7,0,0,0,2,2,100,0,0,0,0,0,0,0,0,0,0,0,0,2
Panathinaikos AKTOR Athens,"Kendrick Nunn, Konstantinos Mitoglou, Nikolaos Rogkavopoulos, Omer Yurtseven, Tj Shorts",1,47,0.0,2,0,1,0,0,1,0,2,3,66.7,0,0,0,1,0,0,0,1,2,84.8,118.5,51.1,20.3,47.0,0,43.1,0,0,0,0,300,100,86.2,0,0,0,0,0,0,0,0,0,0,0,1,1,0,0,0,1,1,1,0,0,100,0,0,0,0,0,0,0,0,0,1,0,0,0,0,0,0,86.2,0,0,0,0,0,0,0,0,0,0,0,0,1,2,0,0,0,0,0
Panathinaikos AKTOR Athens,"Kendrick Nunn, Konstantinos Mitoglou, Nikolaos Rogkavopoulos, Richaun Holmes, Tj Shorts",1,65,0.0,2,1,2,50,0,1,0,0,0,0,0,0,0,1,0,0,0,1,2,77.5,73.8,81.2,32.5,29.5,50,50,100,0,0,0,0,50,100,3,0,0,0,0,0,0,3,5,60,0,0,0,1,0,0,0,0,2,0,68.2,0,0,0,136.4,0,0,0,1,1,100,1,0,0,0,0,0,0,-36.4,0,0,0,0,0,0,0,0,0,0,0,0,0,0,0,0,0,1,0
EA7 Emporio Armani Milan,"Devin Booker, Marko Guduric, Quinn Ellis, Shavon Shields, Vlatko Cancar",1,69,0.0,2,1,1,100,0,0,0,0,1,0,0,0,0,0,1,0,1,0,2,76,84.9,67.1,28.3,35.8,100,69.4,0,0,0,41,100,0,82,0,0,1,0,0,1,0,0,0,0,1,1,2,0,1,0,2,1,2,0,0,66.7,100,100,0,0,0,0,1,1,100,0,0,0,0,0,0,1,82,0,0,0,0,0,0,1,0,0,0,0,0,2,0,0,2,0,0,0
Crvena Zvezda Meridianbet Belgrade,"Codi Miller-Mcintyre, Dejan Davidovac, Izundu Ebuka, Jordan Nwora, Nikola Kalinic",1,57,0.0,2,1,2,50,0,0,0,0,0,0,0,0,0,1,0,0,0,1,2,63.2,84.2,42.1,28.5,57.0,50,50,100,0,0,0,0,0,100,2,1,1,100,0,0,0,0,0,0,0,1,1,1,0,0,0,0,1,100,100,0,0,0,200,0,0,0,2,1,50,0,0,0,0,0,0,0,-100,0,0,0,1,1,100,0,0,0,0,0,0,0,0,0,0,0,0,0
Crvena Zvezda Meridianbet Belgrade,"Codi Miller-Mcintyre, Dejan Davidovac, Semi Ojeleye, Stefan Miljenovic, Tyson Carter",1,32,0.0,0,0,0,0,0,0,0,0,0,0,0,0,0,0,0,0,2,2,2,129,150,108,16.0,22.2,0,0,0,0,0,100,0,0,0,3,1,1,100,0,0,0,1,1,100,0,0,0,0,2,0,0,0,1,100,104.2,0,0,0,208.3,0,0,0,0,0,0,0,0,0,0,0,0,2,-208.3,0,0,0,1,1,100,0,0,0,0,0,0,0,0,0,0,0,0,2
EA7 Emporio Armani Milan,"Armoni Brooks, Devin Booker, Giampaolo Ricci, Marko Guduric, Niccolo Mannion",1,78,0.0,3,1,4,25,1,4,25,0,0,0,3,0,3,1,0,0,1,1,2,47.8,55.1,40.6,43.6,59.1,37.5,37.5,100,100,0,16.7,0,100,167.6,2,0,0,0,0,0,0,2,3,66.7,0,0,0,1,1,0,0,0,1,0,75.8,0,0,0,151.5,0,0,0,0,0,0,4,1,25,0,0,0,1,16.1,0,0,0,0,0,0,0,0,0,0,0,0,0,3,0,0,0,1,1
EA7 Emporio Armani Milan,"Armoni Brooks, Devin Booker, Marko Guduric, Niccolo Mannion, Zach Leday",1,63,0.0,0,0,1,0,0,1,0,0,0,0,0,0,0,0,0,0,1,0,2,95.2,76.2,114.3,31.5,21.0,0,0,0,0,0,50,0,100,0,6,3,3,100,0,0,0,0,0,0,0,1,1,3,1,0,0,0,3,100,100,0,0,0,200,0,0,0,0,0,0,1,0,0,0,0,0,1,-200,0,0,0,3,3,100,0,0,0,0,0,0,0,0,0,0,0,2,4
EA7 Emporio Armani Milan,"Josh Nebo, Leandro Bolmaro, Niccolo Mannion, Quinn Ellis, Zach Leday",1,32,0.0,0,0,0,0,0,0,0,0,0,0,0,1,1,0,0,0,2,0,2,150,150,150,16.0,16.0,0,0,0,0,100,100,0,0,0,0,0,2,0,0,2,0,0,0,0,0,0,0,0,1,0,0,0,2,0,0,0,0,100,0,0,0,0,0,0,0,0,0,0,0,0,0,2,0,0,0,0,0,0,0,2,0,0,0,0,0,0,0,0,0,0,0,0
Crvena Zvezda Meridianbet Belgrade,"Chima Moneke, Jordan Nwora, Ognjen Radosic, Semi Ojeleye, Tyson Carter",1,32,0.0,0,0,2,0,0,2,0,0,0,0,0,0,0,0,1,0,0,0,2,150,150,150,16.0,16.0,0,0,0,0,0,0,0,100,0,0,0,0,0,0,0,0,0,0,0,0,1,1,0,0,0,2,0,2,0,0,100,0,0,0,0,0,0,0,0,0,2,0,0,0,0,0,0,0,0,0,0,0,0,0,0,0,0,0,0,0,2,0,0,0,0,0,0
Anadolu Efes Istanbul,"Ercan Osmani, Georgios Papagiannis, Isaia Cordinier, Jordan Loyd, Nick Weiler-Babb",1,82,0.0,4,2,4,50,0,1,0,0,0,0,1,0,1,1,0,0,0,1,2,69.4,54.4,84.3,44.1,28.5,50,50,50,100,0,0,0,25,215.1,2,0,1,0,0,1,0,2,2,100,0,0,0,0,0,0,1,3,3,0,53.2,34.7,0,100,69.4,0,0,0,3,2,66.7,1,0,0,0,0,0,0,145.6,0,0,0,0,0,0,1,0,0,0,0,0,1,2,0,2,0,2,0
Maccabi Rapyd Tel Aviv,"Jaylen Hoard, Jeffrey Dowtin Jr, Lonnie Walker Iv, O'Shae J Brissett, Roman Sorkin",1,62,0.0,2,0,0,0,0,0,0,2,2,100,0,0,0,0,0,0,1,0,2,72.8,72.8,72.8,33.0,33.0,0,113.6,0,0,0,53.2,0,0,106.4,4,1,1,100,0,0,0,2,2,100,0,0,0,1,1,0,0,0,2,100,106.4,0,0,0,212.8,0,0,0,0,0,0,0,0,0,0,0,0,1,-106.4,0,0,0,1,1,100,0,0,0,0,0,0,0,0,2,0,0,4,2
Maccabi Rapyd Tel Aviv,"Jaylen Hoard, Jeffrey Dowtin Jr, Lonnie Walker Iv, Marcio Santos, William Rayman",1,62,0.0,0,0,1,0,0,1,0,0,0,0,0,0,0,0,0,0,1,2,2,55.4,77.4,33.3,31.0,72.1,0,0,0,0,0,50,0,100,0,2,1,3,33.3,0,1,0,0,0,0,1,0,1,0,0,0,0,0,1,33.3,33.3,0,100,33.3,232.6,0,0,0,0,0,0,1,0,0,0,0,0,1,-232.6,0,0,0,2,1,50,1,0,0,0,0,0,0,0,0,0,2,0,2
Anadolu Efes Istanbul,"Cole Swider, Erkan Yilmaz, Georgios Papagiannis, Jordan Loyd, Sehmus Hazer",1,97,0.0,0,0,2,0,0,2,0,0,0,0,1,0,1,0,0,0,1,2,2,65.6,47.8,83.4,50.3,28.8,0,0,0,50,0,33.3,0,100,0,7,3,4,75,0,0,0,1,1,100,1,1,2,3,1,0,0,0,3,75,78.8,0,100,0,207.7,0,0,0,0,0,0,2,0,0,0,0,0,1,-207.7,0,0,0,4,3,75,0,0,0,0,0,0,0,0,0,0,2,0,2
Anadolu Efes Istanbul,"Georgios Papagiannis, Isaia Cordinier, Rolands Smits, Sehmus Hazer, Shane Larkin",1,55,0.0,2,1,4,25,0,1,0,0,0,0,3,1,4,0,0,0,1,0,2,60.9,78.1,43.6,30.7,55.0,25,25,0,100,100,20,0,25,111.7,0,0,1,0,0,0,0,0,0,0,0,0,0,0,0,0,0,0,1,0,0,0,0,0,0,0,0,0,3,1,33.3,1,0,0,0,0,0,1,111.7,0,0,0,1,0,0,0,0,0,0,0,0,0,2,0,0,0,0,0
Anadolu Efes Istanbul,"Isaia Cordinier, Kai Jones, Nick Weiler-Babb, Rolands Smits, Shane Larkin",1,83,0.0,0,0,3,0,0,0,0,0,0,0,1,1,2,0,0,1,0,1,2,92.1,55.8,128.4,43.0,18.7,0,0,0,33.3,100,0,0,0,0,5,2,4,50,0,0,0,1,1,100,0,2,2,1,0,0,0,1,4,50,56.3,0,0,0,112.6,0,0,0,3,0,0,0,0,0,0,0,0,0,-112.6,0,0,0,4,2,50,0,0,0,0,0,0,0,0,0,0,0,0,0
Maccabi Rapyd Tel Aviv,"Jaylen Hoard, Lonnie Walker Iv, O'Shae J Brissett, Roman Sorkin, Tamir Blatt",1,53,0.0,2,1,2,50,0,1,0,0,0,0,0,0,0,1,0,0,0,1,2,77.9,90.6,65.2,26.5,36.8,50,50,100,0,0,0,0,50,100,1,0,0,0,0,0,0,1,1,100,0,1,1,0,0,0,1,0,1,0,113.6,69.4,0,0,69.4,0,0,0,1,1,100,1,0,0,0,0,0,0,30.6,0,0,0,0,0,0,0,0,0,0,0,0,1,0,0,0,0,0,0
Anadolu Efes Istanbul,"Georgios Papagiannis, Nick Weiler-Babb, Rolands Smits, Sehmus Hazer, Shane Larkin",1,67,0.0,3,1,2,50,1,2,50,0,0,0,1,1,2,1,0,0,1,0,2,70.4,69.1,71.6,34.7,33.5,75,75,100,100,100,25,0,100,155.4,3,1,2,50,1,2,50,0,0,0,0,0,0,1,1,1,0,1,2,75,75,0,0,100,150,0,0,0,0,0,0,2,1,50,0,0,0,1,5.4,0,0,0,0,0,0,2,1,50,0,0,0,0,0,0,3,0,0,0
Maccabi Rapyd Tel Aviv,"Jaylen Hoard, Jimmy Clark Iii, Lonnie Walker Iv, Roman Sorkin, Tamir Blatt",1,64,0.0,2,1,2,50,0,1,0,0,0,0,0,0,0,0,0,0,0,1,2,75,75,75,32.0,32.0,50,50,0,0,0,0,0,50,100,5,2,2,100,1,1,100,0,0,0,0,1,1,0,0,0,0,1,2,125,125,0,0,50,250,0,0,0,1,1,100,1,0,0,0,0,0,0,-150,0,0,0,1,1,100,1,1,100,0,0,0,0,0,0,0,0,2,0
Partizan Mozzart Bet Belgrade,"Arijan Lakic, Carlik Jones, Jabari Parker, Sterling Brown, Tyrique Jones",1,47,0.0,2,1,1,100,0,0,0,0,0,0,0,1,1,1,0,0,1,1,2,102.1,102.1,102.1,23.5,23.5,100,100,100,0,100,33.3,0,0,100,3,1,2,50,1,1,100,0,0,0,0,0,0,0,1,0,0,0,2,75,75,0,0,50,150,0,0,0,1,1,100,0,0,0,0,0,0,1,-50,0,0,0,1,0,0,1,1,100,0,0,0,0,0,2,0,0,0,0
Dubai Basketball,"Awudu Abass, Dwayne Bacon, Filip Petrusev, Klemen Prepelic, Mckinley Wright Iv",1,48,0.0,0,0,1,0,0,0,0,0,0,0,0,0,0,0,1,0,1,1,2,73.2,100,46.5,24.0,51.6,0,0,0,0,0,50,0,0,0,0,0,1,0,0,1,0,0,0,0,1,0,1,0,1,1,1,0,1,0,0,50,100,100,0,0,0,0,1,0,0,0,0,0,0,0,0,1,0,0,0,0,0,0,0,1,0,0,0,0,0,1,0,0,0,0,0,0
Dubai Basketball,"Dwayne Bacon, Dzanan Musa, Filip Petrusev, Mckinley Wright Iv, Nemanja Dangubic",1,75,0.0,2,1,4,25,0,1,0,0,0,0,2,0,2,0,0,0,0,1,2,44.6,59.5,29.8,40.3,80.6,25,25,0,66.7,0,0,0,25,107.5,2,1,2,50,0,0,0,0,0,0,1,1,2,1,0,0,0,0,1,50,50,0,100,0,215.1,0,0,0,3,1,33.3,1,0,0,0,0,0,0,-107.5,0,0,0,2,1,50,0,0,0,0,0,0,0,2,0,0,2,0,0
Dubai Basketball,"Dwayne Bacon, Dzanan Musa, Justin Anderson, Mckinley Wright Iv, Mfiondu Kabengele",1,45,0.0,4,2,2,100,0,0,0,0,0,0,0,0,0,0,0,0,0,1,2,80,106.7,53.3,22.5,45.0,100,100,0,0,0,0,0,0,200,0,0,0,0,0,0,0,0,0,0,0,0,0,0,0,0,1,0,1,0,0,100,0,0,0,0,0,0,2,2,100,0,0,0,0,0,0,0,200,0,0,0,0,0,0,0,0,0,0,0,0,1,0,0,4,0,0,0
Dubai Basketball,"Davis Bertans, Dzanan Musa, Justin Anderson, Kenan Kamenjas, Kosta Kondic",1,56,0.0,2,0,0,0,0,0,0,2,2,100,0,1,1,1,0,0,1,0,2,61.7,80.6,42.9,29.8,56.0,0,113.6,0,0,100,34.7,0,0,106.4,0,0,1,0,0,0,0,0,0,0,0,0,0,0,0,0,0,0,1,0,0,0,0,0,0,0,0,0,0,0,0,0,0,0,0,0,0,1,106.4,0,0,0,1,0,0,0,0,0,0,0,0,0,0,0,0,0,0,0
Dubai Basketball,"Filip Petrusev, Justin Anderson, Kenan Kamenjas, Klemen Prepelic, Kosta Kondic",1,48,0.0,0,0,1,0,0,1,0,0,0,0,0,1,1,0,0,0,1,0,2,100,100,100,24.0,24.0,0,0,0,0,100,50,0,100,0,2,1,2,50,0,0,0,0,0,0,0,0,0,1,0,0,0,0,2,50,50,0,0,0,100,0,0,0,0,0,0,1,0,0,0,0,0,1,-100,0,0,0,2,1,50,0,0,0,0,0,0,0,0,0,0,0,0,2
Hapoel IBI Tel Aviv,"Collin Malcolm, Dan Oturu, Elijah Bryant, Tomer Ginat, Vasilije Micic",1,50,0.8,2,1,2,50,0,0,0,0,0,0,0,0,0,1,0,0,0,2,2,72,96,48,25.0,50.0,50,50,100,0,0,0,0,0,100,0,0,0,0,0,0,0,0,0,0,0,0,0,0,0,0,1,0,1,0,0,100,0,0,0,0,0,0,2,1,50,0,0,0,0,0,0,0,100,0,0,0,0,0,0,0,0,0,0,0,0,1,0,0,0,0,0,0
FC Barcelona,"Kevin Punter, Myles Cale, Tomas Satoransky, Tornike Shengelia, Willy Hernangomez",1,60,0.0,1,0,0,0,0,0,0,1,2,50,0,0,0,1,1,0,1,1,2,76.2,75.2,77.2,31.9,31.1,0,56.8,0,0,0,34.7,0,0,53.2,2,1,2,50,0,0,0,0,0,0,1,0,1,0,0,0,1,1,2,50,50,33.3,100,0,103.6,0,0,0,0,0,0,0,0,0,0,0,0,1,-50.4,0,0,0,2,1,50,0,0,0,0,0,0,1,0,1,1,2,0,0
FC Barcelona,"Dario Brizuela, Jan Vesely, Joel Parra, Myles Cale, Tomas Satoransky",1,51,0.0,2,0,2,0,0,1,0,2,2,100,1,0,1,0,0,0,0,0,2,66.1,85.2,47.1,28.2,51.0,0,34.7,0,50,0,0,100,50,110.5,0,0,0,0,0,0,0,0,0,0,0,1,1,0,0,0,1,1,1,0,0,100,0,0,0,0,0,0,1,0,0,1,0,0,0,0,0,0,110.5,0,0,0,0,0,0,0,0,0,0,0,0,1,2,0,2,0,0,0
FC Barcelona,"Joel Parra, Kevin Punter, Tomas Satoransky, Will Clyburn, Youssoupha Fall",1,25,0.4,3,1,1,100,1,1,100,0,0,0,0,1,1,0,0,0,1,0,2,144,192,96,12.5,25.0,150,150,0,0,100,50,0,100,150,0,0,1,0,0,0,0,0,0,0,0,0,0,0,0,0,0,0,1,0,0,0,0,0,0,0,0,0,0,0,0,1,1,100,0,0,0,1,150,0,0,0,1,0,0,0,0,0,0,0,0,0,0,0,0,0,0,0
Valencia Basket,"Darius Thompson, Kameron Taylor, Nathan Reuvers, Nathan Sestina, Omari Moore",1,53,0.9,3,1,1,100,1,1,100,0,0,0,0,1,1,1,0,0,0,0,1,45.3,45.3,45.3,53.0,53.0,150,150,100,0,100,0,0,100,300,2,1,1,100,0,0,0,0,0,0,0,0,0,1,0,0,0,1,1,100,100,0,0,0,200,0,0,0,0,0,0,1,1,100,0,0,0,0,100,0,0,0,1,1,100,0,0,0,0,0,0,0,0,0,0,0,0,0
Valencia Basket,"Darius Thompson, Ike Iroegbu, Josep Puerto, Matthew Costello, Neal Sako",1,15,0.0,0,0,1,0,0,0,0,0,0,0,0,0,0,0,0,0,0,0,1,88,160,16,15.0,150.0,0,0,0,0,0,0,0,0,0,0,0,0,0,0,0,0,0,0,0,0,0,0,0,0,0,0,0,0,0,0,0,0,0,0,0,0,0,1,0,0,0,0,0,0,0,0,0,0,0,0,0,0,0,0,0,0,0,0,0,0,0,0,0,0,0,0,0
LDLC ASVEL Villeurbanne,"David Lighty, Edwin Jackson, Mbaye Ndiaye, Melvin Ajinca, Shaquille Harrison",1,66,0.0,0,0,2,0,0,1,0,0,0,0,1,1,2,0,0,0,0,0,1,53.3,33.8,72.7,71.0,33.0,0,0,0,50,100,0,0,50,0,2,1,2,50,0,1,0,0,0,0,0,1,1,1,0,0,0,0,2,50,50,0,0,50,100,0,0,0,1,0,0,1,0,0,0,0,0,0,-100,0,0,0,1,1,100,1,0,0,0,0,0,0,0,0,0,0,0,0
Valencia Basket,"Darius Thompson, Josep Puerto, Nathan Sestina, Neal Sako, Omari Moore",1,12,0.2,0,0,0,0,0,0,0,0,0,0,0,0,0,0,0,0,1,1,1,110,200,20,12.0,120.0,0,0,0,0,0,100,0,0,0,0,0,0,0,0,0,0,0,0,0,0,0,0,0,1,0,0,0,0,0,0,0,0,0,0,0,0,0,0,0,0,0,0,0,0,0,0,1,0,0,0,0,0,0,0,0,0,0,0,0,0,0,0,0,0,0,0,0
Valencia Basket,"Darius Thompson, Ike Iroegbu, Jaime Pradilla, Kameron Taylor, Nathan Reuvers",1,38,0.0,2,1,1,100,0,0,0,0,0,0,0,0,0,0,0,0,0,0,1,90.9,63.2,118.7,38.0,20.2,100,100,0,0,0,0,0,0,200,1,0,0,0,0,0,0,1,2,50,0,0,0,1,0,0,1,1,2,0,56.8,53.2,0,0,53.2,0,0,0,1,1,100,0,0,0,0,0,0,0,146.8,0,0,0,0,0,0,0,0,0,0,0,0,1,0,0,0,0,0,0
LDLC ASVEL Villeurbanne,"Bastien Vautier, Melvin Ajinca, Nando De Colo, Shaquille Harrison, Zachary Seljaas",1,32,0.0,2,1,1,100,0,0,0,0,0,0,0,0,0,0,0,0,0,0,1,72.4,75,69.8,32.0,34.4,100,100,0,0,0,0,0,0,200,2,1,2,50,0,1,0,0,0,0,1,0,1,0,0,0,0,1,1,50,50,0,100,50,215.1,0,0,0,1,1,100,0,0,0,0,0,0,0,-15.1,0,0,0,1,1,100,1,0,0,0,0,0,0,0,0,0,2,0,0
LDLC ASVEL Villeurbanne,"Bastien Vautier, Edwin Jackson, Nando De Colo, Shaquille Harrison, Zachary Seljaas",1,37,0.0,4,1,1,100,1,1,100,1,1,100,0,0,0,0,0,0,0,1,1,79.1,93.4,64.9,25.7,37.0,150,138.9,0,0,0,0,100,100,277.8,3,1,1,100,1,1,100,0,0,0,0,0,0,1,0,0,0,0,1,150,150,0,0,100,300,0,0,0,0,0,0,1,1,100,0,0,0,0,-22.2,0,0,0,0,0,0,1,1,100,0,0,0,0,0,0,0,0,3,0
Valencia Basket,"Josep Puerto, Matthew Costello, Nathan Sestina, Omari Moore, Sergio De Larrea",1,20,0.0,2,0,0,0,0,0,0,2,2,100,0,0,0,0,0,0,0,0,1,58.8,105.6,12,22.7,200.0,0,113.6,0,0,0,0,0,0,227.3,0,0,0,0,0,0,0,0,0,0,0,0,0,0,0,0,0,0,0,0,0,0,0,0,0,0,0,0,0,0,0,0,0,0,0,0,0,0,227.3,0,0,0,0,0,0,0,0,0,0,0,0,0,0,0,0,0,0,0
LDLC ASVEL Villeurbanne,"Edwin Jackson, Mbaye Ndiaye, Nando De Colo, Shaquille Harrison, Zachary Seljaas",1,24,0.0,0,0,0,0,0,0,0,0,0,0,0,0,0,0,0,0,1,1,1,94,100,88,24.0,27.3,0,0,0,0,0,100,0,0,0,2,0,0,0,0,0,0,2,2,100,0,0,0,0,1,0,0,0,1,0,113.6,0,0,0,227.3,0,0,0,0,0,0,0,0,0,0,0,0,1,-227.3,0,0,0,0,0,0,0,0,0,0,0,0,0,0,0,0,0,0,0
LDLC ASVEL Villeurbanne,"Edwin Jackson, Melvin Ajinca, Nando De Colo, Shaquille Harrison, Zachary Seljaas",1,14,0.0,2,1,1,100,0,0,0,0,0,0,0,0,0,0,0,0,0,0,1,94.3,171.4,17.1,14.0,140.0,100,100,0,0,0,0,0,0,200,0,0,0,0,0,0,0,0,0,0,0,0,0,0,0,0,0,0,0,0,0,0,0,0,0,0,0,0,1,1,100,0,0,0,0,0,0,0,200,0,0,0,0,0,0,0,0,0,0,0,0,0,0,2,2,0,0,0
LDLC ASVEL Villeurbanne,"Bodian Massa, David Lighty, Mbaye Ndiaye, Nando De Colo, Shaquille Harrison",1,23,0.0,0,0,0,0,0,0,0,0,0,0,0,0,0,0,0,0,1,1,1,104.3,104.3,104.3,23.0,23.0,0,0,0,0,0,100,0,0,0,2,1,1,100,0,0,0,0,0,0,0,0,0,0,0,0,0,0,1,100,100,0,0,0,200,0,0,0,0,0,0,0,0,0,0,0,0,1,-200,0,0,0,1,1,100,0,0,0,0,0,0,0,0,0,0,0,0,0
Valencia Basket,"Jaime Pradilla, Kameron Taylor, Matthew Costello, Omari Moore, Sergio De Larrea",1,28,0.0,0,0,0,0,0,0,0,0,0,0,0,0,0,0,0,0,1,1,1,104.6,85.7,123.4,28.0,19.4,0,0,0,0,0,100,0,0,0,3,1,1,100,0,0,0,1,1,100,0,0,0,0,1,0,0,0,1,100,104.2,0,0,0,208.3,0,0,0,0,0,0,0,0,0,0,0,0,1,-208.3,0,0,0,1,1,100,0,0,0,0,0,0,0,0,0,0,0,2,2
Valencia Basket,"Ike Iroegbu, Jaime Pradilla, Kameron Taylor, Matthew Costello, Omari Moore",1,56,0.0,1,0,1,0,0,0,0,1,2,50,1,1,2,0,0,0,0,0,1,48.7,57.6,39.9,41.6,60.2,0,26.6,0,50,50,0,200,0,74.3,0,0,2,0,0,1,0,0,0,0,1,1,2,0,0,0,0,2,1,0,0,0,50,50,0,0,0,0,1,0,0,0,0,0,0,0,0,0,74.3,0,0,0,1,0,0,1,0,0,0,0,0,0,0,0,0,0,0,0
Valencia Basket,"Ike Iroegbu, Josep Puerto, Matthew Costello, Nathan Sestina, Omari Moore",1,25,0.0,0,0,1,0,0,1,0,0,0,0,0,1,1,0,0,0,0,0,1,144,96,192,25.0,12.5,0,0,0,0,100,0,0,100,0,3,1,2,50,1,2,50,0,0,0,0,1,1,1,0,0,0,1,2,75,75,0,0,100,150,0,0,0,0,0,0,1,0,0,0,0,0,0,-150,0,0,0,0,0,0,2,1,50,0,0,0,0,0,0,0,0,0,0
Valencia Basket,"Darius Thompson, Josep Puerto, Nathan Reuvers, Nathan Sestina, Omari Moore",1,33,0.0,0,0,1,0,0,1,0,0,0,0,0,0,0,0,0,0,0,1,1,65.1,72.7,57.5,33.0,41.8,0,0,0,0,0,0,0,100,0,2,1,4,25,0,1,0,0,0,0,3,1,4,0,0,0,0,0,1,25,25,0,100,25,253.2,0,0,0,0,0,0,1,0,0,0,0,0,0,-253.2,0,0,0,3,1,33.3,1,0,0,0,0,0,0,0,0,0,2,0,0
Valencia Basket,"Darius Thompson, Josep Puerto, Kameron Taylor, Nathan Reuvers, Omari Moore",1,2,0.0,1,0,0,0,0,0,0,1,2,50,0,0,0,1,0,0,0,0,1,588,1056,120,2.3,20.0,0,56.8,0,0,0,0,0,0,113.6,0,0,0,0,0,0,0,0,0,0,0,0,0,0,0,0,0,1,0,0,0,0,0,0,0,0,0,0,0,0,0,0,0,0,0,0,0,0,113.6,0,0,0,0,0,0,0,0,0,0,0,0,0,0,0,0,0,0,0
Fenerbahce Beko Istanbul,"Armando Bacot Jr., Bonzie Colson, Nicolo Melli, Tarik Biberovic, Wade Baldwin Iv",1,48,0.0,2,1,1,100,0,0,0,0,0,0,0,0,0,1,0,0,0,0,1,50,50,50,48.0,48.0,100,100,100,0,0,0,0,0,200,3,1,1,100,1,1,100,0,0,0,0,0,0,0,0,0,0,0,1,150,150,0,0,100,300,0,0,0,1,1,100,0,0,0,0,0,0,1,-100,0,0,0,0,0,0,1,1,100,0,0,0,0,0,0,0,0,0,0
Paris Basketball,"Amath M'Baye, Ismael Bako, Jeremy Morgan, Nadir Hifi, Yakuba Ouattara",1,26,0.0,0,0,2,0,0,0,0,0,0,0,1,0,1,0,0,0,0,1,1,170.3,85.8,254.8,28.0,9.4,0,0,0,50,0,0,0,0,0,5,1,1,100,0,0,0,3,4,75,0,1,1,1,0,0,0,1,3,100,90.6,0,0,0,181.2,0,0,0,2,0,0,0,0,0,0,0,0,0,-181.2,0,0,0,1,1,100,0,0,0,0,0,0,0,0,0,0,0,2,0
Paris Basketball,"Amath M'Baye, Jeremy Morgan, Justin Robinson, Nadir Hifi, Yakuba Ouattara",1,22,0.0,0,0,1,0,0,1,0,0,0,0,0,0,0,0,0,0,0,0,1,60,109.1,10.9,22.0,220.0,0,0,0,0,0,0,0,100,0,0,0,0,0,0,0,0,0,0,0,0,0,0,0,0,0,0,0,0,0,0,0,0,0,0,0,0,0,0,0,0,1,0,0,0,0,0,0,0,0,0,0,0,0,0,0,0,0,0,0,0,0,0,0,0,0,0,0
Fenerbahce Beko Istanbul,"Armando Bacot Jr., Bonzie Colson, Mikael Jantunen, Onuralp Bitim, Wade Baldwin Iv",1,47,0.0,2,1,1,100,0,0,0,0,0,0,0,1,1,0,0,1,0,1,1,51.1,51.1,51.1,47.0,47.0,100,100,0,0,100,0,0,0,200,0,0,1,0,0,0,0,0,0,0,0,0,0,0,0,0,0,1,1,0,0,0,0,0,0,0,0,0,1,1,100,0,0,0,0,0,0,0,200,0,0,0,1,0,0,0,0,0,0,0,0,0,0,0,0,0,0,0
Fenerbahce Beko Istanbul,"Armando Bacot Jr., Bonzie Colson, Khem Birch, Mikael Jantunen, Onuralp Bitim, Wade Baldwin Iv",1,23,0.0,2,1,1,100,0,0,0,0,0,0,0,0,0,1,0,0,0,1,1,98.1,104.3,91.8,23.0,26.1,100,100,100,0,0,0,0,0,200,2,0,0,0,0,0,0,2,2,100,0,0,0,0,0,0,0,1,1,0,113.6,0,0,0,227.3,0,0,0,1,1,100,0,0,0,0,0,0,0,-27.3,0,0,0,0,0,0,0,0,0,0,0,0,0,0,0,0,0,0,0
Paris Basketball,"Daulton Hommes, Derek Willis, Jeremy Morgan, Justin Robinson, Leopold Cavaliere",1,29,0.0,0,0,1,0,0,0,0,0,2,0,1,0,1,0,0,0,0,0,1,97,111.3,82.8,21.6,29.0,0,0,0,50,0,0,200,0,0,3,1,1,100,1,1,100,0,0,0,0,1,1,1,0,0,0,1,1,150,150,0,0,100,300,0,0,0,1,0,0,0,0,0,0,0,0,0,-300,0,0,0,0,0,0,1,1,100,0,0,0,0,0,0,0,0,0,0
Fenerbahce Beko Istanbul,"Armando Bacot Jr., Devon Hall, Nicolo Melli, Onuralp Bitim, Talen Horton Tucker, Tarik Biberovic",1,27,0.0,0,0,0,0,0,0,0,0,0,0,0,0,0,0,0,0,1,1,1,108.4,88.9,128,27.0,18.8,0,0,0,0,0,100,0,0,0,3,1,1,100,0,0,0,1,1,100,0,0,0,0,1,0,0,0,1,100,104.2,0,0,0,208.3,0,0,0,0,0,0,0,0,0,0,0,0,1,-208.3,0,0,0,1,1,100,0,0,0,0,0,0,0,0,0,0,0,2,2
Fenerbahce Beko Istanbul,"Armando Bacot Jr., Devon Hall, Khem Birch, Mikael Jantunen, Talen Horton Tucker, Wade Baldwin Iv",1,28,0.0,0,0,1,0,0,1,0,0,0,0,0,1,1,0,0,0,0,1,1,128.6,85.7,171.4,28.0,14.0,0,0,0,0,100,0,0,100,0,2,1,2,50,0,0,0,0,0,0,0,1,1,1,0,0,0,0,2,50,50,0,0,0,100,0,0,0,0,0,0,1,0,0,0,0,0,0,-100,0,0,0,2,1,50,0,0,0,0,0,0,0,0,0,0,0,2,0
Fenerbahce Beko Istanbul,"Armando Bacot Jr., Khem Birch, Nicolo Melli, Talen Horton Tucker, Tarik Biberovic, Wade Baldwin Iv",1,41,0.0,2,0,0,0,0,0,0,2,2,100,0,0,0,0,0,0,0,0,1,53,51.5,54.4,46.6,44.1,0,113.6,0,0,0,0,0,0,227.3,3,1,2,50,1,2,50,0,0,0,1,0,1,0,0,0,0,1,1,75,75,0,100,100,322.6,0,0,0,0,0,0,0,0,0,0,0,0,0,-95.3,0,0,0,0,0,0,2,1,50,0,0,0,0,0,0,0,3,0,0
Fenerbahce Beko Istanbul,"Armando Bacot Jr., Khem Birch, Nicolo Melli, Onuralp Bitim, Tarik Biberovic, Wade Baldwin Iv",1,53,0.0,3,1,1,100,1,1,100,0,0,0,0,0,0,1,0,0,0,0,1,67.9,45.3,90.6,53.0,26.5,150,150,100,0,0,0,0,100,300,3,1,1,100,1,1,100,0,0,0,0,0,0,1,0,0,1,1,2,150,150,50,0,100,150,0,0,0,0,0,0,1,1,100,0,0,0,0,150,0,0,0,0,0,0,1,1,100,0,0,0,1,0,0,3,0,3,0
Fenerbahce Beko Istanbul,"Armando Bacot Jr., Nicolo Melli, Onuralp Bitim, Talen Horton Tucker, Tarik Biberovic, Wade Baldwin Iv",1,35,0.0,1,0,0,0,0,0,0,1,2,50,0,0,0,0,0,1,0,1,1,64.5,60.3,68.6,39.8,35.0,0,56.8,0,0,0,0,0,0,113.6,0,0,1,0,0,0,0,0,0,0,0,0,0,0,0,0,0,0,1,0,0,0,0,0,0,0,0,0,0,0,0,0,0,0,0,0,0,0,113.6,0,0,0,1,0,0,0,0,0,0,0,0,0,0,0,0,0,0,0
Paris Basketball,"Daulton Hommes, Ismael Bako, Justin Robinson, Sebastian Herrera, Yakuba Ouattara",1,16,0.0,1,0,0,0,0,0,0,1,2,50,0,0,0,0,0,0,0,0,1,73.5,132,15,18.2,160.0,0,56.8,0,0,0,0,0,0,113.6,0,0,0,0,0,0,0,0,0,0,0,1,1,0,0,0,0,0,0,0,0,0,0,0,0,0,0,0,0,0,0,0,0,0,0,0,0,0,113.6,0,0,0,0,0,0,0,0,0,0,0,0,0,0,1,1,0,0,0
Fenerbahce Beko Istanbul,"Armando Bacot Jr., Devon Hall, Metecan Birsen, Onuralp Bitim, Talen Horton Tucker",1,12,0.0,0,0,0,0,0,0,0,0,0,0,0,0,0,0,0,0,1,0,1,110,200,20,12.0,120.0,0,0,0,0,0,100,0,0,0,0,0,0,0,0,0,0,0,0,0,0,0,0,0,0,0,0,0,0,0,0,0,0,0,0,0,0,0,0,0,0,0,0,0,0,0,0,1,0,0,0,0,0,0,0,0,0,0,0,0,0,0,0,0,0,0,0,0
Paris Basketball,"Daulton Hommes, Ismael Bako, Leopold Cavaliere, Sebastian Herrera, Yakuba Ouattara",1,34,0.0,0,0,1,0,0,0,0,0,0,0,0,0,0,0,0,0,0,0,1,105.9,70.6,141.2,34.0,17.0,0,0,0,0,0,0,0,0,0,3,1,1,100,1,1,100,0,0,0,0,0,0,1,0,0,1,0,2,150,150,50,0,100,150,0,0,0,1,0,0,0,0,0,0,0,0,0,-150,0,0,0,0,0,0,1,1,100,0,0,0,1,0,0,0,0,0,0
Fenerbahce Beko Istanbul,"Armando Bacot Jr., Devon Hall, Metecan Birsen, Onuralp Bitim, Tarik Biberovic",1,22,0.0,3,1,1,100,1,1,100,0,0,0,0,0,0,1,0,0,0,0,1,109.1,109.1,109.1,22.0,22.0,150,150,100,0,0,0,0,100,300,0,0,1,0,0,0,0,0,0,0,0,0,0,0,0,0,0,0,1,0,0,0,0,0,0,0,0,0,0,0,0,1,1,100,0,0,0,0,300,0,0,0,1,0,0,0,0,0,0,0,0,0,0,0,0,0,0,0
Zalgiris Kaunas,"Deividas Sirvydis, Edgaras Ulanovas, Ignas Brazdeikis, Laurynas Birutis, Sylvain Francisco",1,23,0.0,0,0,2,0,0,0,0,0,0,0,1,1,2,0,0,0,0,1,1,100.7,97,104.3,24.7,23.0,0,0,0,50,100,0,0,0,0,0,0,1,0,0,0,0,0,0,0,0,1,1,0,0,1,0,0,1,0,0,0,0,0,0,0,0,0,2,0,0,0,0,0,0,0,0,0,0,0,0,0,1,0,0,0,0,0,0,0,0,0,0,0,0,0,0,0
Zalgiris Kaunas,"Azuolas Tubelis, Deividas Sirvydis, Dustin Sleva, Nigel Williams-Goss, Sylvain Francisco",1,18,0.0,2,1,1,100,0,0,0,0,0,0,0,0,0,0,0,0,0,0,1,73.3,133.3,13.3,18.0,180.0,100,100,0,0,0,0,0,0,200,0,0,0,0,0,0,0,0,0,0,0,0,0,0,0,0,0,0,0,0,0,0,0,0,0,0,0,0,1,1,100,0,0,0,0,0,0,0,200,0,0,0,0,0,0,0,0,0,0,0,0,0,0,2,2,0,0,0
AS Monaco,"Alpha Diallo, Daniel Theis, Elie Okobo, Matthew Strazel, Nikola Mirotic",1,33,0.0,3,1,1,100,1,1,100,0,0,0,0,0,0,1,0,0,0,0,1,72.7,72.7,72.7,33.0,33.0,150,150,100,0,0,0,0,100,300,0,0,1,0,0,0,0,0,0,0,0,0,0,0,0,0,0,0,1,0,0,0,0,0,0,0,0,0,0,0,0,1,1,100,0,0,0,0,300,0,0,0,1,0,0,0,0,0,0,0,0,0,0,0,0,0,0,0
Zalgiris Kaunas,"Arnas Butkevicius, Azuolas Tubelis, Edgaras Ulanovas, Nigel Williams-Goss, Sylvain Francisco",1,23,0.0,0,0,1,0,0,1,0,0,0,0,0,0,0,0,0,0,0,1,1,98.1,104.3,91.8,23.0,26.1,0,0,0,0,0,0,0,100,0,2,0,0,0,0,0,0,2,2,100,0,1,1,0,0,0,0,0,1,0,113.6,0,0,0,227.3,0,0,0,0,0,0,1,0,0,0,0,0,0,-227.3,0,0,0,0,0,0,0,0,0,0,0,0,0,0,0,0,0,2,0
AS Monaco,"Alpha Diallo, Elie Okobo, Jaron Blossomgame, Mike James, Nikola Mirotic",1,30,0.0,2,1,1,100,0,0,0,0,0,0,0,0,0,1,0,0,0,1,1,80,80,80,30.0,30.0,100,100,100,0,0,0,0,0,200,2,1,1,100,0,0,0,0,0,0,0,0,0,0,0,0,0,0,1,100,100,0,0,0,200,0,0,0,1,1,100,0,0,0,0,0,0,0,0,0,0,0,1,1,100,0,0,0,0,0,0,0,0,0,0,0,0,0
Zalgiris Kaunas,"Arnas Butkevicius, Azuolas Tubelis, Edgaras Ulanovas, Maodo Lo, Nigel Williams-Goss",1,39,0.0,1,0,0,0,0,0,0,1,2,50,0,0,0,0,0,0,0,0,1,88.6,54.2,123.1,44.3,19.5,0,56.8,0,0,0,0,0,0,113.6,2,1,2,50,0,1,0,0,0,0,0,1,1,0,0,0,0,0,2,50,50,0,0,50,100,0,0,0,0,0,0,0,0,0,0,0,0,0,13.6,0,0,0,1,1,100,1,0,0,0,0,0,0,0,0,0,0,2,2
Virtus Bologna,"Alen Smailagic, Alessandro Pajola, Derrick Alston Jr., Karim Jallow, Saliou Niang",1,44,0.0,0,0,0,0,0,0,0,0,2,0,0,0,0,0,0,0,0,0,1,51.3,48,54.5,50.0,44.0,0,0,0,0,0,0,0,0,0,0,0,1,0,0,0,0,0,0,0,0,1,1,0,0,0,0,0,1,0,0,0,0,0,0,0,0,0,0,0,0,0,0,0,0,0,0,0,0,0,0,0,1,0,0,0,0,0,0,0,0,0,0,0,0,0,0,0
Real Madrid,"Bruno Fernando, Chuma Okeke, David Kraemer, Facundo Campazzo, Sergio Llull",1,31,0.0,0,0,1,0,0,1,0,0,0,0,0,1,1,0,0,0,0,1,1,77.4,77.4,77.4,31.0,31.0,0,0,0,0,100,0,0,100,0,0,0,1,0,0,0,0,0,0,0,0,0,0,0,0,0,0,1,1,0,0,0,0,0,0,0,0,0,0,0,0,1,0,0,0,0,0,0,0,0,0,0,1,0,0,0,0,0,0,0,0,0,0,0,0,0,0,0
Real Madrid,"Bruno Fernando, Chuma Okeke, Facundo Campazzo, Mario Hezonja, Sergio Llull",1,23,0.0,2,1,1,100,0,0,0,0,0,0,0,0,0,1,0,0,0,1,1,57.4,104.3,10.4,23.0,230.0,100,100,100,0,0,0,0,0,200,0,0,0,0,0,0,0,0,0,0,0,0,0,0,0,0,0,0,0,0,0,0,0,0,0,0,0,0,1,1,100,0,0,0,0,0,0,0,200,0,0,0,0,0,0,0,0,0,0,0,0,0,0,0,0,0,0,0
Baskonia Vitoria-Gasteiz,"Hamidou Diallo, Luka Samanic, Matteo Spagnolo, Tadas Sedekerskis, Trent Forrest",1,5,0.0,2,0,0,0,0,0,0,2,2,100,0,0,0,0,0,0,0,0,1,451.2,422.4,480,5.7,5.0,0,113.6,0,0,0,0,0,0,227.3,2,1,1,100,0,0,0,0,0,0,0,0,0,1,0,0,0,1,1,100,100,0,0,0,200,0,0,0,0,0,0,0,0,0,0,0,0,0,27.3,0,0,0,1,1,100,0,0,0,0,0,0,0,0,2,0,0,0,0
Baskonia Vitoria-Gasteiz,"Clement Frisch, Hamidou Diallo, Luka Samanic, Markquis Nowell, Trent Forrest",1,14,0.0,2,0,0,0,0,0,0,2,2,100,0,0,0,0,0,0,0,0,1,84,150.9,17.1,15.9,140.0,0,113.6,0,0,0,0,0,0,227.3,0,0,0,0,0,0,0,0,0,0,0,0,0,0,0,0,0,0,0,0,0,0,0,0,0,0,0,0,0,0,0,0,0,0,0,0,0,0,227.3,0,0,0,0,0,0,0,0,0,0,0,0,0,2,0,0,0,0,0
Baskonia Vitoria-Gasteiz,"Hamidou Diallo, Luka Samanic, Tadas Sedekerskis, Timothe Luwawu-Cabarrot, Trent Forrest",1,64,0.6,2,1,2,50,0,1,0,0,0,0,1,1,2,1,0,0,0,0,1,53.6,34.9,72.4,68.8,33.2,50,50,100,100,50,0,0,50,215.1,3,1,3,33.3,1,3,33.3,0,0,0,1,0,1,1,0,0,0,0,2,50,50,0,50,100,155.4,0,0,0,1,1,100,1,0,0,0,0,0,0,59.6,0,0,0,0,0,0,3,1,33.3,0,0,0,0,2,0,0,3,0,0
Baskonia Vitoria-Gasteiz,"Clement Frisch, Hamidou Diallo, Khalifa Diop, Matteo Spagnolo, Timothe Luwawu-Cabarrot",1,3,0.0,1,0,0,0,0,0,0,1,2,50,0,0,0,1,0,0,0,0,1,392,704,80,3.4,30.0,0,56.8,0,0,0,0,0,0,113.6,0,0,0,0,0,0,0,0,0,0,0,0,0,0,0,0,0,0,0,0,0,0,0,0,0,0,0,0,0,0,0,0,0,0,0,0,0,0,113.6,0,0,0,0,0,0,0,0,0,0,0,0,0,0,0,0,0,0,0
Baskonia Vitoria-Gasteiz,"Hamidou Diallo, Luka Samanic, Markus Howard, Timothe Luwawu-Cabarrot, Trent Forrest",1,42,0.7,2,1,2,50,0,1,0,0,0,0,1,0,1,1,0,0,0,0,1,55.1,53.1,57.1,45.2,42.0,50,50,100,100,0,0,0,50,215.1,3,1,1,100,1,1,100,0,0,0,0,0,0,0,0,0,0,2,1,150,150,0,0,100,300,0,0,0,1,1,100,1,0,0,0,0,0,0,-84.9,0,0,0,0,0,0,1,1,100,0,0,0,0,2,0,0,0,0,0
Baskonia Vitoria-Gasteiz,"Hamidou Diallo, Luka Samanic, Markquis Nowell, Timothe Luwawu-Cabarrot, Trent Forrest",1,14,0.2,2,0,0,0,0,0,0,2,2,100,0,0,0,0,0,0,0,0,1,84,150.9,17.1,15.9,140.0,0,113.6,0,0,0,0,0,0,227.3,0,0,0,0,0,0,0,0,0,0,0,0,0,0,0,0,0,0,0,0,0,0,0,0,0,0,0,0,0,0,0,0,0,0,0,0,0,0,227.3,0,0,0,0,0,0,0,0,0,0,0,0,0,0,0,0,0,0,0
FC Bayern Munich,"Andreas Obst, Isiaha Mike, Kamar Baldwin, Vladimir Lucic, Wenyen Gabriel",1,53,0.2,0,0,0,0,0,0,0,0,0,0,0,2,2,0,0,1,1,0,1,64.8,45.3,84.2,53.0,28.5,0,0,0,0,50,100,0,0,0,0,0,4,0,0,1,0,0,0,0,2,0,2,0,0,0,0,2,2,0,0,0,50,25,0,0,0,0,0,0,0,0,0,0,0,0,0,1,0,0,0,0,3,0,0,1,0,0,0,0,0,0,0,0,0,0,0,0
Panathinaikos AKTOR Athens,"Jerian Grant, Kendrick Nunn, Konstantinos Mitoglou, Nikolaos Rogkavopoulos, Omer Yurtseven",1,15,0.0,2,0,0,0,0,0,0,2,2,100,0,0,0,0,0,0,0,1,1,78.4,140.8,16,17.0,150.0,0,113.6,0,0,0,0,0,0,227.3,0,0,0,0,0,0,0,0,0,0,0,0,0,0,0,0,0,0,0,0,0,0,0,0,0,0,0,0,0,0,0,0,0,0,0,0,0,0,227.3,0,0,0,0,0,0,0,0,0,0,0,0,0,0,0,0,0,0,0
FC Bayern Munich,"Andreas Obst, Isiaha Mike, Justinian Jessup, Stefan Jovic, Wenyen Gabriel",1,42,0.0,1,0,0,0,0,0,0,1,2,50,0,0,0,0,0,0,0,0,1,53.7,50.3,57.1,47.7,42.0,0,56.8,0,0,0,0,0,0,113.6,2,1,1,100,0,0,0,0,0,0,0,0,0,1,0,0,0,0,1,100,100,0,0,0,200,0,0,0,0,0,0,0,0,0,0,0,0,0,-86.4,0,0,0,1,1,100,0,0,0,0,0,0,0,1,0,0,0,0,0
FC Bayern Munich,"Andreas Obst, David Mccormack, Isiaha Mike, Justinian Jessup, Stefan Jovic",1,70,0.0,2,1,3,33.3,0,0,0,0,0,0,1,0,1,1,0,0,0,1,1,49,29.5,68.6,81.4,35.0,33.3,33.3,100,100,0,0,0,0,232.6,2,1,2,50,0,1,0,0,0,0,0,0,0,1,0,0,0,0,2,50,50,0,0,50,100,0,0,0,3,1,33.3,0,0,0,0,0,0,0,132.6,0,0,0,1,1,100,1,0,0,0,0,0,0,2,0,0,0,0,0
FC Bayern Munich,"Andreas Obst, David Mccormack, Justinian Jessup, Oscar Da Silva, Stefan Jovic",1,60,0.0,0,0,0,0,0,0,0,0,0,0,0,0,0,0,0,0,1,3,1,34.8,40,29.6,60.0,81.1,0,0,0,0,0,100,0,0,0,2,0,2,0,0,0,0,2,2,100,1,0,1,1,1,0,0,0,1,0,34.7,0,100,0,270.3,0,0,0,0,0,0,0,0,0,0,0,0,1,-270.3,0,0,0,2,0,0,0,0,0,0,0,0,0,0,0,0,0,0,0
FC Bayern Munich,"David Mccormack, Oscar Da Silva, Stefan Jovic, Vladimir Lucic, Xavier Rathan-Mayes",1,43,0.0,0,0,1,0,0,0,0,0,0,0,0,0,0,0,0,0,0,0,1,55.8,55.8,55.8,43.0,43.0,0,0,0,0,0,0,0,0,0,2,1,1,100,0,0,0,0,0,0,0,1,1,1,0,0,0,2,1,100,100,0,0,0,200,0,0,0,1,0,0,0,0,0,0,0,0,0,-200,0,0,0,1,1,100,0,0,0,0,0,0,0,0,0,0,0,2,0
Panathinaikos AKTOR Athens,"Jerian Grant, Juancho Hernangomez, Kendrick Nunn, Nikolaos Rogkavopoulos, Omer Yurtseven",1,36,0.0,2,0,0,0,0,0,0,2,2,100,0,0,0,0,0,0,0,1,1,58.7,58.7,58.7,40.9,40.9,0,113.6,0,0,0,0,0,0,227.3,2,0,0,0,0,0,0,2,2,100,0,0,0,0,0,0,0,1,1,0,113.6,0,0,0,227.3,0,0,0,0,0,0,0,0,0,0,0,0,0,0,0,0,0,0,0,0,0,0,0,0,0,0,0,2,0,0,0,0,2
EA7 Emporio Armani Milan,"Devin Booker, Leandro Bolmaro, Marko Guduric, Quinn Ellis, Zach Leday",1,35,0.0,0,0,0,0,0,0,0,0,0,0,0,0,0,0,0,0,1,0,1,68.6,68.6,68.6,35.0,35.0,0,0,0,0,0,100,0,0,0,0,0,1,0,0,0,0,0,0,0,0,0,0,0,0,0,0,0,1,0,0,0,0,0,0,0,0,0,0,0,0,0,0,0,0,0,0,1,0,0,0,0,1,0,0,0,0,0,0,0,0,0,0,0,0,0,0,0
Crvena Zvezda Meridianbet Belgrade,"Izundu Ebuka, Jordan Nwora, Semi Ojeleye, Stefan Miljenovic, Tyson Carter",1,37,0.0,3,1,1,100,1,1,100,0,0,0,0,0,0,0,0,0,0,1,1,62.6,64.9,60.3,37.0,39.8,150,150,0,0,0,0,0,100,300,2,1,2,50,0,0,0,0,0,0,1,0,1,0,0,0,0,0,1,50,50,0,100,0,215.1,0,0,0,0,0,0,1,1,100,0,0,0,0,84.9,0,0,0,2,1,50,0,0,0,0,0,0,0,0,0,3,2,0,0
EA7 Emporio Armani Milan,"Devin Booker, Marko Guduric, Niccolo Mannion, Shavon Shields, Vlatko Cancar",1,35,0.0,0,0,1,0,0,0,0,0,0,0,0,1,1,0,0,0,0,0,1,68.6,68.6,68.6,35.0,35.0,0,0,0,0,100,0,0,0,0,0,0,1,0,0,0,0,0,0,0,0,0,0,0,0,0,0,1,1,0,0,0,0,0,0,0,0,0,1,0,0,0,0,0,0,0,0,0,0,0,0,0,1,0,0,0,0,0,0,0,0,0,0,0,0,0,0,0
Crvena Zvezda Meridianbet Belgrade,"Dejan Davidovac, Jasiel Rivero, Jordan Nwora, Nikola Kalinic, Stefan Miljenovic",1,56,0.0,3,1,1,100,1,1,100,0,0,0,0,0,0,1,0,0,0,0,1,52.3,42.9,61.7,56.0,38.9,150,150,100,0,0,0,0,100,300,3,1,1,100,0,0,0,1,1,100,0,0,0,1,0,0,0,0,1,100,104.2,0,0,0,208.3,0,0,0,0,0,0,1,1,100,0,0,0,0,91.7,0,0,0,1,1,100,0,0,0,0,0,0,0,0,0,0,0,0,0
Crvena Zvezda Meridianbet Belgrade,"Codi Miller-Mcintyre, Dejan Davidovac, Jasiel Rivero, Jordan Nwora, Nikola Kalinic",1,38,0.0,0,0,1,0,0,0,0,0,0,0,0,0,0,0,0,0,0,0,1,63.2,63.2,63.2,38.0,38.0,0,0,0,0,0,0,0,0,0,3,1,1,100,1,1,100,0,0,0,0,1,1,0,0,0,0,1,1,150,150,0,0,100,300,0,0,0,1,0,0,0,0,0,0,0,0,0,-300,0,0,0,0,0,0,1,1,100,0,0,0,0,0,0,0,0,0,0
EA7 Emporio Armani Milan,"Devin Booker, Giampaolo Ricci, Marko Guduric, Niccolo Mannion, Quinn Ellis",1,3,0.0,0,0,0,0,0,0,0,0,0,0,0,0,0,0,0,0,1,1,1,440,800,80,3.0,30.0,0,0,0,0,0,100,0,0,0,0,0,0,0,0,0,0,0,0,0,0,0,0,0,1,0,0,0,0,0,0,0,0,0,0,0,0,0,0,0,0,0,0,0,0,0,0,1,0,0,0,0,0,0,0,0,0,0,0,0,0,0,0,0,0,0,0,0
Crvena Zvezda Meridianbet Belgrade,"Chima Moneke, Dejan Davidovac, Jordan Nwora, Nikola Kalinic, Tyson Carter",1,23,0.0,2,0,0,0,0,0,0,2,2,100,0,0,0,0,1,0,0,0,1,98.1,91.8,104.3,26.1,23.0,0,113.6,0,0,0,0,0,0,227.3,0,0,0,0,0,0,0,0,0,0,0,0,0,0,0,0,1,1,1,0,0,100,0,0,0,0,0,0,0,0,0,0,0,0,0,0,0,0,227.3,0,0,0,0,0,0,0,0,0,0,0,0,1,0,2,2,0,0,0
Crvena Zvezda Meridianbet Belgrade,"Chima Moneke, Codi Miller-Mcintyre, Izundu Ebuka, Stefan Miljenovic, Tyson Carter",1,16,0.0,2,1,1,100,0,0,0,0,0,0,0,0,0,0,0,0,0,0,1,150,150,150,16.0,16.0,100,100,0,0,0,0,0,0,200,0,0,1,0,0,0,0,0,0,0,0,0,0,0,0,0,0,1,1,0,0,0,0,0,0,0,0,0,1,1,100,0,0,0,0,0,0,0,200,0,0,0,1,0,0,0,0,0,0,0,0,0,0,0,0,0,0,0
Maccabi Rapyd Tel Aviv,"Jeffrey Dowtin Jr, Lonnie Walker Iv, Marcio Santos, Tj Leaf, William Rayman",1,90,0.0,0,0,3,0,0,3,0,0,0,0,2,0,2,0,0,0,0,1,1,35.6,22.9,48.3,104.7,49.7,0,0,0,66.7,0,0,0,100,0,1,0,1,0,0,1,0,1,2,50,1,1,2,0,0,0,1,1,2,0,26.6,34.7,100,100,55.2,0,0,0,0,0,0,3,0,0,0,0,0,0,-55.2,0,0,0,0,0,0,1,0,0,0,0,0,1,0,0,0,0,0,0
Anadolu Efes Istanbul,"Cole Swider, Georgios Papagiannis, Jordan Loyd, Sehmus Hazer, Shane Larkin",1,27,0.0,0,0,0,0,0,0,0,0,0,0,0,1,1,0,0,0,1,0,1,88.9,88.9,88.9,27.0,27.0,0,0,0,0,100,100,0,0,0,0,0,1,0,0,1,0,0,0,0,0,0,0,0,1,0,0,1,1,0,0,0,0,100,0,0,0,0,0,0,0,0,0,0,0,0,0,1,0,0,0,0,0,0,0,1,0,0,0,0,0,0,0,0,0,0,0,0
Maccabi Rapyd Tel Aviv,"Jaylen Hoard, Jeffrey Dowtin Jr, John Dibartolomeo, Marcio Santos, O'Shae J Brissett",1,41,0.0,0,0,1,0,0,0,0,0,0,0,0,0,0,0,0,0,0,0,1,87.8,58.5,117.1,41.0,20.5,0,0,0,0,0,0,0,0,0,2,1,1,100,0,0,0,0,0,0,0,1,1,0,0,0,1,0,2,100,100,50,0,0,100,0,0,0,1,0,0,0,0,0,0,0,0,0,-100,0,0,0,1,1,100,0,0,0,0,0,0,1,0,0,0,2,0,0
Anadolu Efes Istanbul,"Georgios Papagiannis, Isaia Cordinier, Nick Weiler-Babb, Rolands Smits, Shane Larkin",1,45,0.0,0,0,1,0,0,1,0,0,0,0,0,1,1,0,0,0,0,1,1,53.3,53.3,53.3,45.0,45.0,0,0,0,0,100,0,0,100,0,0,0,1,0,0,1,0,0,0,0,0,1,1,0,0,0,0,1,1,0,0,0,0,100,0,0,0,0,0,0,0,1,0,0,0,0,0,0,0,0,0,0,0,0,0,1,0,0,0,0,0,0,0,0,0,0,0,0
Anadolu Efes Istanbul,"Ercan Osmani, Isaia Cordinier, Nick Weiler-Babb, Rolands Smits, Shane Larkin",1,18,0.0,2,1,1,100,0,0,0,0,0,0,0,1,1,0,0,0,0,0,1,133.3,133.3,133.3,18.0,18.0,100,100,0,0,100,0,0,0,200,0,0,1,0,0,1,0,0,0,0,0,0,0,0,0,0,0,1,1,0,0,0,0,100,0,0,0,0,1,1,100,0,0,0,0,0,0,0,200,0,0,0,0,0,0,1,0,0,0,0,0,0,0,0,0,0,0,0
Anadolu Efes Istanbul,"Ercan Osmani, Georgios Papagiannis, Isaia Cordinier, Jordan Loyd, Shane Larkin",1,21,0.0,0,0,1,0,0,1,0,0,0,0,0,0,0,0,0,0,0,1,1,82.3,114.3,50.3,21.0,47.7,0,0,0,0,0,0,0,100,0,1,0,0,0,0,0,0,1,1,100,0,1,1,1,0,0,0,0,0,0,113.6,0,0,0,227.3,0,0,0,0,0,0,1,0,0,0,0,0,0,-227.3,0,0,0,0,0,0,0,0,0,0,0,0,0,0,0,0,0,0,0
Maccabi Rapyd Tel Aviv,"Jaylen Hoard, Jeffrey Dowtin Jr, Lonnie Walker Iv, Roman Sorkin, Tamir Blatt",1,52,0.0,3,1,1,100,0,0,0,1,1,100,0,0,0,0,0,0,0,0,1,66.5,66.5,66.5,36.1,36.1,100,104.2,0,0,0,0,100,0,208.3,3,1,1,100,0,0,0,1,1,100,0,0,0,1,0,0,0,0,1,100,104.2,0,0,0,208.3,0,0,0,1,1,100,0,0,0,0,0,0,0,0,0,0,0,1,1,100,0,0,0,0,0,0,0,0,0,0,0,0,0
Anadolu Efes Istanbul,"Ercan Osmani, Georgios Papagiannis, Jordan Loyd, Nick Weiler-Babb, Shane Larkin",1,51,0.0,3,1,1,100,0,0,0,1,1,100,0,1,1,0,0,0,0,1,1,80.9,67.8,94.1,35.4,25.5,100,104.2,0,0,100,0,100,0,208.3,2,1,2,50,0,1,0,0,0,0,0,0,0,0,0,0,0,2,2,50,50,0,0,50,100,0,0,0,1,1,100,0,0,0,0,0,0,0,108.3,0,0,0,1,1,100,1,0,0,0,0,0,0,0,2,0,0,0,0
Maccabi Rapyd Tel Aviv,"Jaylen Hoard, Jimmy Clark Iii, Marcio Santos, O'Shae J Brissett, Tamir Blatt",1,41,0.0,2,1,1,100,0,0,0,0,0,0,0,0,0,0,0,0,0,1,1,42.1,58.5,25.8,41.0,93.2,100,100,0,0,0,0,0,0,200,1,0,0,0,0,0,0,1,1,100,0,0,0,0,0,0,0,1,0,0,113.6,0,0,0,227.3,0,0,0,1,1,100,0,0,0,0,0,0,0,-27.3,0,0,0,0,0,0,0,0,0,0,0,0,0,0,0,0,0,0,0
Maccabi Rapyd Tel Aviv,"Jaylen Hoard, John Dibartolomeo, Lonnie Walker Iv, O'Shae J Brissett, Tamir Blatt",1,11,0.0,0,0,1,0,0,1,0,0,0,0,0,0,0,0,0,0,0,1,1,120,218.2,21.8,11.0,110.0,0,0,0,0,0,0,0,100,0,0,0,0,0,0,0,0,0,0,0,0,1,1,0,0,0,0,1,0,0,0,0,0,0,0,0,0,0,0,0,0,1,0,0,0,0,0,0,0,0,0,0,0,0,0,0,0,0,0,0,0,0,0,0,0,0,0,0
Dubai Basketball,"Awudu Abass, Dwayne Bacon, Dzanan Musa, Filip Petrusev, Mckinley Wright Iv",1,20,0.0,2,0,0,0,0,0,0,2,2,100,0,0,0,0,0,0,0,0,1,58.8,105.6,12,22.7,200.0,0,113.6,0,0,0,0,0,0,227.3,0,0,0,0,0,0,0,0,0,0,0,0,0,0,0,0,0,0,0,0,0,0,0,0,0,0,0,0,0,0,0,0,0,0,0,0,0,0,227.3,0,0,0,0,0,0,0,0,0,0,0,0,0,0,2,2,0,0,0
Dubai Basketball,"Awudu Abass, Davis Bertans, Filip Petrusev, Klemen Prepelic, Nemanja Dangubic",1,2,0.0,1,0,0,0,0,0,0,1,2,50,0,0,0,0,0,0,0,0,1,588,1056,120,2.3,20.0,0,56.8,0,0,0,0,0,0,113.6,0,0,0,0,0,0,0,0,0,0,0,0,0,0,0,0,0,0,0,0,0,0,0,0,0,0,0,0,0,0,0,0,0,0,0,0,0,0,113.6,0,0,0,0,0,0,0,0,0,0,0,0,0,0,0,0,0,0,0
Dubai Basketball,"Dwayne Bacon, Dzanan Musa, Mckinley Wright Iv, Mfiondu Kabengele, Nemanja Dangubic",1,57,0.0,2,1,1,100,0,0,0,0,0,0,0,1,1,0,0,0,0,3,1,39.6,42.1,37.1,57.0,64.8,100,100,0,0,100,0,0,0,200,1,0,0,0,0,0,0,1,2,50,0,0,0,0,0,0,0,1,1,0,56.8,0,0,0,113.6,0,0,0,1,1,100,0,0,0,0,0,0,0,86.4,0,0,0,0,0,0,0,0,0,0,0,0,0,0,0,0,0,0,1
Partizan Mozzart Bet Belgrade,"Carlik Jones, Dylan Osetkowski, Jabari Parker, Shake Milton, Sterling Brown",1,29,0.0,2,1,1,100,0,0,0,0,0,0,0,1,1,1,0,0,0,0,1,82.8,82.8,82.8,29.0,29.0,100,100,100,0,100,0,0,0,200,0,0,1,0,0,0,0,0,0,0,0,0,0,0,0,0,0,1,1,0,0,0,0,0,0,0,0,0,1,1,100,0,0,0,0,0,0,0,200,0,0,0,1,0,0,0,0,0,0,0,0,0,2,0,0,0,0,0
Dubai Basketball,"Dzanan Musa, Filip Petrusev, Justin Anderson, Kenan Kamenjas, Kosta Kondic",1,37,0.0,0,0,1,0,0,0,0,0,0,0,0,1,1,0,0,0,0,1,1,64.9,64.9,64.9,37.0,37.0,0,0,0,0,100,0,0,0,0,0,0,1,0,0,0,0,0,0,0,0,1,1,0,0,0,0,0,1,0,0,0,0,0,0,0,0,0,1,0,0,0,0,0,0,0,0,0,0,0,0,0,1,0,0,0,0,0,0,0,0,0,0,0,0,0,0,0
FC Barcelona,"Jan Vesely, Joel Parra, Juani Marcos, Kevin Punter, Myles Cale",1,24,0.0,2,1,1,100,0,0,0,0,0,0,0,0,0,0,0,0,0,1,1,55,100,10,24.0,240.0,100,100,0,0,0,0,0,0,200,0,0,0,0,0,0,0,0,0,0,0,0,0,0,0,0,0,0,0,0,0,0,0,0,0,0,0,0,1,1,100,0,0,0,0,0,0,0,200,0,0,0,0,0,0,0,0,0,0,0,0,0,0,0,0,0,0,0
Hapoel IBI Tel Aviv,"Antonio Blakeney, Collin Malcolm, Dan Oturu, Tomer Ginat, Vasilije Micic",1,71,1.2,2,1,1,100,0,0,0,0,0,0,0,0,0,0,0,0,0,2,1,47.5,33.8,61.2,71.0,39.2,100,100,0,0,0,0,0,0,200,4,1,2,50,0,0,0,2,2,100,1,0,1,0,0,0,0,0,2,50,69.4,0,100,0,221,0,0,0,1,1,100,0,0,0,0,0,0,0,-21,0,0,0,2,1,50,0,0,0,0,0,0,0,0,0,0,4,0,0
FC Barcelona,"Dario Brizuela, Myles Cale, Tomas Satoransky, Tornike Shengelia, Willy Hernangomez",1,38,0.0,0,0,1,0,0,1,0,0,0,0,0,0,0,0,0,0,0,0,1,63.2,63.2,63.2,38.0,38.0,0,0,0,0,0,0,0,100,0,3,1,1,100,1,1,100,0,0,0,0,0,0,1,0,0,0,0,1,150,150,0,0,100,300,0,0,0,0,0,0,1,0,0,0,0,0,0,-300,0,0,0,0,0,0,1,1,100,0,0,0,0,0,0,0,0,0,3
Hapoel IBI Tel Aviv,"Dan Oturu, Elijah Bryant, Ish Wainright, Johnathan Motley, Vasilije Micic",1,33,0.0,2,1,1,100,0,0,0,0,0,0,0,0,0,1,0,0,0,2,1,65.8,72.7,58.9,33.0,40.7,100,100,100,0,0,0,0,0,200,2,0,1,0,0,1,0,2,2,100,1,0,1,0,0,0,0,0,1,0,53.2,0,100,100,246.9,0,0,0,1,1,100,0,0,0,0,0,0,0,-46.9,0,0,0,0,0,0,1,0,0,0,0,0,0,0,0,0,2,0,2
FC Barcelona,"Jan Vesely, Joel Parra, Myles Cale, Tomas Satoransky, Will Clyburn",1,17,0.0,1,0,0,0,0,0,0,1,2,50,0,0,0,0,0,0,0,0,1,132.7,124.2,141.2,19.3,17.0,0,56.8,0,0,0,0,0,0,113.6,2,1,1,100,0,0,0,0,0,0,0,0,0,1,0,0,0,1,1,100,100,0,0,0,200,0,0,0,0,0,0,0,0,0,0,0,0,0,-86.4,0,0,0,1,1,100,0,0,0,0,0,0,0,1,0,1,0,0,0
FC Barcelona,"Jan Vesely, Joel Parra, Kevin Punter, Tomas Satoransky, Will Clyburn",1,22,0.4,0,0,1,0,0,0,0,0,0,0,0,0,0,0,0,0,0,0,1,109.1,109.1,109.1,22.0,22.0,0,0,0,0,0,0,0,0,0,2,1,1,100,0,0,0,0,0,0,0,1,1,0,0,1,0,0,1,100,100,0,0,0,200,0,0,0,1,0,0,0,0,0,0,0,0,0,-200,0,0,0,1,1,100,0,0,0,0,0,0,0,0,0,0,0,2,0
Hapoel IBI Tel Aviv,"Antonio Blakeney, Chris Jones, Dan Oturu, Elijah Bryant, Tomer Ginat",1,15,0.0,2,1,1,100,0,0,0,0,0,0,0,0,0,1,0,0,0,0,1,160,160,160,15.0,15.0,100,100,100,0,0,0,0,0,200,0,0,0,0,0,0,0,0,0,0,0,0,0,0,0,0,1,1,1,0,0,100,0,0,0,0,0,0,1,1,100,0,0,0,0,0,0,0,200,0,0,0,0,0,0,0,0,0,0,0,0,1,0,0,0,0,0,0
Hapoel IBI Tel Aviv,"Antonio Blakeney, Chris Jones, Dan Oturu, Ish Wainright, Vasilije Micic",1,67,0.0,0,0,1,0,0,0,0,0,0,0,0,0,0,0,0,0,0,0,1,68.2,35.8,100.7,67.0,23.8,0,0,0,0,0,0,0,0,0,4,2,3,66.7,0,0,0,0,2,0,2,1,3,0,0,1,0,0,3,66.7,51.5,0,100,0,142.3,0,0,0,1,0,0,0,0,0,0,0,0,0,-142.3,0,0,0,3,2,66.7,0,0,0,0,0,0,0,0,0,0,4,0,0
FC Barcelona,"Dario Brizuela, Joel Parra, Juani Marcos, Myles Cale, Youssoupha Fall",1,42,0.0,0,0,0,0,0,0,0,0,0,0,0,0,0,0,0,0,1,0,1,85.7,57.1,114.3,42.0,21.0,0,0,0,0,0,100,0,0,0,4,2,2,100,0,0,0,0,0,0,0,0,0,0,1,0,0,0,2,100,100,0,0,0,200,0,0,0,0,0,0,0,0,0,0,0,0,1,-200,0,0,0,2,2,100,0,0,0,0,0,0,0,0,0,0,0,0,2
LDLC ASVEL Villeurbanne,"Bodian Massa, Glynn Watson, Mbaye Ndiaye, Melvin Ajinca, Nando De Colo",1,22,0.0,0,0,0,0,0,0,0,0,0,0,0,1,1,0,0,0,0,0,0,56.2,10.9,101.5,220.0,23.7,0,0,0,0,50,0,0,0,0,0,0,2,0,0,0,0,0,0,0,1,0,1,0,0,0,0,1,1,0,0,0,50,0,0,0,0,0,0,0,0,0,0,0,0,0,0,0,0,0,0,0,2,0,0,0,0,0,0,0,0,0,0,0,0,0,0,0
Valencia Basket,"Ike Iroegbu, Jaime Pradilla, Josep Puerto, Nathan Reuvers, Sergio De Larrea",1,10,0.0,1,0,0,0,0,0,0,1,1,100,0,0,0,0,0,0,0,0,0,64.8,105.6,24,22.7,100.0,0,113.6,0,0,0,0,0,0,227.3,0,0,0,0,0,0,0,0,0,0,0,0,0,0,0,0,0,0,0,0,0,0,0,0,0,0,0,0,0,0,0,0,0,0,0,0,0,0,227.3,0,0,0,0,0,0,0,0,0,0,0,0,0,0,0,0,0,0,0
LDLC ASVEL Villeurbanne,"Glynn Watson, Mbaye Ndiaye, Melvin Ajinca, Shaquille Harrison, Zachary Seljaas",1,12,0.2,0,0,0,0,0,0,0,0,0,0,0,0,0,0,0,0,0,0,0,110,20,200,120.0,12.0,0,0,0,0,0,0,0,0,0,0,0,1,0,0,0,0,0,0,0,0,0,0,0,0,0,0,0,1,0,0,0,0,0,0,0,0,0,0,0,0,0,0,0,0,0,0,0,0,0,0,0,1,0,0,0,0,0,0,0,0,0,0,0,0,0,0,0
LDLC ASVEL Villeurbanne,"David Lighty, Edwin Jackson, Melvin Ajinca, Shaquille Harrison, Zachary Seljaas",1,7,0.0,0,0,0,0,0,0,0,0,0,0,0,0,0,0,0,0,0,0,0,188.6,34.3,342.9,70.0,7.0,0,0,0,0,0,0,0,0,0,0,0,0,0,0,0,0,0,0,0,0,0,0,0,0,0,1,1,1,0,0,100,0,0,0,0,0,0,0,0,0,0,0,0,0,0,0,0,0,0,0,0,0,0,0,0,0,0,0,0,0,1,0,0,0,0,0,0
LDLC ASVEL Villeurbanne,"David Lighty, Mbaye Ndiaye, Nando De Colo, Shaquille Harrison, Zachary Seljaas",1,2,0.0,0,0,0,0,0,0,0,0,0,0,0,0,0,0,0,0,0,1,0,588,120,1056,20.0,2.3,0,0,0,0,0,0,0,0,0,1,0,0,0,0,0,0,1,2,50,0,0,0,1,0,0,0,0,1,0,56.8,0,0,0,113.6,0,0,0,0,0,0,0,0,0,0,0,0,0,-113.6,0,0,0,0,0,0,0,0,0,0,0,0,0,0,0,0,0,0,0
Fenerbahce Beko Istanbul,"Armando Bacot Jr., Khem Birch, Metecan Birsen, Onuralp Bitim, Tarik Biberovic, Wade Baldwin Iv",1,22,0.0,0,0,0,0,0,0,0,0,0,0,0,0,0,0,0,0,0,0,0,60,10.9,109.1,220.0,22.0,0,0,0,0,0,0,0,0,0,0,0,1,0,0,1,0,0,0,0,0,0,0,0,0,0,0,0,1,0,0,0,0,100,0,0,0,0,0,0,0,0,0,0,0,0,0,0,0,0,0,0,0,0,0,1,0,0,0,0,0,0,0,0,0,0,0,0
Fenerbahce Beko Istanbul,"Armando Bacot Jr., Bonzie Colson, Mikael Jantunen, Nicolo Melli, Onuralp Bitim, Wade Baldwin Iv",1,7,0.0,0,0,0,0,0,0,0,0,0,0,0,0,0,0,0,0,0,1,0,34.3,34.3,34.3,70.0,70.0,0,0,0,0,0,0,0,0,0,0,0,0,0,0,0,0,0,0,0,0,0,0,0,0,0,0,0,0,0,0,0,0,0,0,0,0,0,0,0,0,0,0,0,0,0,0,0,0,0,0,0,0,0,0,0,0,0,0,0,0,0,0,0,0,0,0,0
Fenerbahce Beko Istanbul,"Armando Bacot Jr., Bonzie Colson, Devon Hall, Nicolo Melli",1,16,0.0,0,0,0,0,0,0,0,0,0,0,0,0,0,0,0,0,0,0,0,73.5,15,132,160.0,18.2,0,0,0,0,0,0,0,0,0,2,0,0,0,0,0,0,2,2,100,0,0,0,0,0,0,0,0,1,0,113.6,0,0,0,227.3,0,0,0,0,0,0,0,0,0,0,0,0,0,-227.3,0,0,0,0,0,0,0,0,0,0,0,0,0,0,0,0,0,2,2
Paris Basketball,"Allan Dokossi, Daulton Hommes, Derek Willis, Jeremy Morgan, Yakuba Ouattara",1,4,0.0,0,0,0,0,0,0,0,0,0,0,0,0,0,0,0,0,0,0,0,330,60,600,40.0,4.0,0,0,0,0,0,0,0,0,0,3,1,1,100,1,1,100,0,0,0,0,0,0,1,0,0,0,0,1,150,150,0,0,100,300,0,0,0,0,0,0,0,0,0,0,0,0,0,-300,0,0,0,0,0,0,1,1,100,0,0,0,0,0,0,0,0,3,3
Fenerbahce Beko Istanbul,"Armando Bacot Jr., Devon Hall, Metecan Birsen, Onuralp Bitim, Talen Horton Tucker, Tarik Biberovic",1,16,0.0,0,0,0,0,0,0,0,0,0,0,0,1,1,0,0,0,0,0,0,73.5,15,132,160.0,18.2,0,0,0,0,100,0,0,0,0,1,0,0,0,0,0,0,1,2,50,0,0,0,0,0,0,0,0,1,0,56.8,0,0,0,113.6,0,0,0,0,0,0,0,0,0,0,0,0,0,-113.6,0,0,0,0,0,0,0,0,0,0,0,0,0,0,0,0,0,1,1
Zalgiris Kaunas,"Arnas Butkevicius, Deividas Sirvydis, Edgaras Ulanovas, Laurynas Birutis, Sylvain Francisco",1,9,0.0,0,0,0,0,0,0,0,0,0,0,0,0,0,0,0,0,0,1,0,146.7,26.7,266.7,90.0,9.0,0,0,0,0,0,0,0,0,0,0,0,1,0,0,0,0,0,0,0,0,0,0,0,0,0,0,0,1,0,0,0,0,0,0,0,0,0,0,0,0,0,0,0,0,0,0,0,0,0,0,0,1,0,0,0,0,0,0,0,0,0,0,0,0,0,0,0
AS Monaco,"Alpha Diallo, Daniel Theis, Kevarrius Hayes, Mike James, Terry Tarpey",1,18,0.0,0,0,0,0,0,0,0,0,0,0,0,0,0,0,0,0,0,0,0,73.3,13.3,133.3,180.0,18.0,0,0,0,0,0,0,0,0,0,2,1,1,100,0,0,0,0,0,0,0,0,0,0,0,0,0,0,1,100,100,0,0,0,200,0,0,0,0,0,0,0,0,0,0,0,0,0,-200,0,0,0,1,1,100,0,0,0,0,0,0,0,0,0,0,0,2,2
Virtus Bologna,"Brandon Taylor, Carsen Edwards, Derrick Alston Jr., Karim Jallow, Mouhamet Diouf",1,22,0.0,0,0,0,0,0,0,0,0,0,0,0,0,0,0,0,0,0,1,0,53.5,10.9,96,220.0,25.0,0,0,0,0,0,0,0,0,0,2,0,0,0,0,0,0,2,2,100,0,0,0,0,0,0,0,0,1,0,113.6,0,0,0,227.3,0,0,0,0,0,0,0,0,0,0,0,0,0,-227.3,0,0,0,0,0,0,0,0,0,0,0,0,0,0,0,0,0,0,2
Virtus Bologna,"Alen Smailagic, Derrick Alston Jr., Karim Jallow, Luca Vildoza, Matthew Morgan, Saliou Niang",1,23,0.0,0,0,0,0,0,0,0,0,0,0,0,0,0,0,0,0,0,0,0,57.4,10.4,104.3,230.0,23.0,0,0,0,0,0,0,0,0,0,2,1,1,100,0,0,0,0,0,0,0,0,0,1,0,0,0,1,1,100,100,0,0,0,200,0,0,0,0,0,0,0,0,0,0,0,0,0,-200,0,0,0,1,1,100,0,0,0,0,0,0,0,0,0,0,0,0,0
Baskonia Vitoria-Gasteiz,"Hamidou Diallo, Luka Samanic, Matteo Spagnolo, Stefan Joksimovic, Tadas Sedekerskis",1,40,0.0,0,0,0,0,0,0,0,0,0,0,0,0,0,0,0,0,0,0,0,33,6,60,400.0,40.0,0,0,0,0,0,0,0,0,0,0,0,1,0,0,1,0,0,0,0,0,0,0,0,0,0,0,0,1,0,0,0,0,100,0,0,0,0,0,0,0,0,0,0,0,0,0,0,0,0,0,0,0,0,0,1,0,0,0,0,0,0,0,0,0,0,0,0
Baskonia Vitoria-Gasteiz,"Hamidou Diallo, Khalifa Diop, Markquis Nowell, Tadas Sedekerskis, Timothe Luwawu-Cabarrot",1,8,0.0,0,0,0,0,0,0,0,0,0,0,0,0,0,0,0,0,0,0,0,147,30,264,80.0,9.1,0,0,0,0,0,0,0,0,0,2,0,0,0,0,0,0,2,2,100,0,0,0,1,0,0,0,1,1,0,113.6,0,0,0,227.3,0,0,0,0,0,0,0,0,0,0,0,0,0,-227.3,0,0,0,0,0,0,0,0,0,0,0,0,0,0,0,0,0,0,0
Baskonia Vitoria-Gasteiz,"Clement Frisch, Hamidou Diallo, Khalifa Diop, Rafa Villar, Timothe Luwawu-Cabarrot",1,14,0.0,0,0,0,0,0,0,0,0,0,0,0,0,0,0,0,0,0,0,0,17.1,17.1,17.1,140.0,140.0,0,0,0,0,0,0,0,0,0,0,0,0,0,0,0,0,0,0,0,0,0,0,0,0,0,0,0,0,0,0,0,0,0,0,0,0,0,0,0,0,0,0,0,0,0,0,0,0,0,0,0,0,0,0,0,0,0,0,0,0,0,0,0,0,0,0,0
Baskonia Vitoria-Gasteiz,"Hamidou Diallo, Markquis Nowell, Tadas Sedekerskis, Timothe Luwawu-Cabarrot, Trent Forrest",1,6,0.1,0,0,0,0,0,0,0,0,0,0,0,0,0,0,0,0,0,0,0,220,40,400,60.0,6.0,0,0,0,0,0,0,0,0,0,2,1,1,100,0,0,0,0,0,0,0,0,0,1,0,0,0,0,1,100,100,0,0,0,200,0,0,0,0,0,0,0,0,0,0,0,0,0,-200,0,0,0,1,1,100,0,0,0,0,0,0,0,0,0,0,0,0,0
Panathinaikos AKTOR Athens,"Alexandros Samodurov, Jerian Grant, Kendrick Nunn, Kostas Sloukas, Omer Yurtseven",1,26,0.0,0,0,0,0,0,0,0,0,0,0,0,0,0,0,0,1,0,0,0,50.8,9.2,92.3,260.0,26.0,0,0,0,0,0,0,0,0,0,0,0,1,0,0,1,0,0,0,0,0,0,0,0,0,0,0,0,1,0,0,0,0,100,0,0,0,0,0,0,0,0,0,0,0,0,0,0,0,0,0,0,0,0,0,1,0,0,0,0,0,0,0,0,0,0,0,0
Panathinaikos AKTOR Athens,"Kendrick Nunn, Konstantinos Mitoglou, Kostas Sloukas, Nikolaos Rogkavopoulos, Omer Yurtseven",1,38,0.0,0,0,0,0,0,0,0,0,0,0,0,1,1,0,0,0,0,1,0,32.5,6.3,58.7,380.0,40.9,0,0,0,0,50,0,0,0,0,0,0,2,0,0,2,0,0,0,0,1,0,1,0,0,0,0,1,1,0,0,0,50,100,0,0,0,0,0,0,0,0,0,0,0,0,0,0,0,0,0,0,0,0,0,2,0,0,0,0,0,0,0,0,0,0,0,0
Crvena Zvezda Meridianbet Belgrade,"Dejan Davidovac, Jasiel Rivero, Semi Ojeleye, Stefan Miljenovic, Tyson Carter",1,26,0.0,0,0,0,0,0,0,0,0,0,0,0,0,0,0,0,0,0,0,0,96.9,9.2,184.6,260.0,13.0,0,0,0,0,0,0,0,0,0,0,0,1,0,0,0,0,0,0,0,0,0,0,0,0,0,1,1,2,0,0,50,0,0,0,0,0,0,0,0,0,0,0,0,0,0,0,0,0,0,0,0,1,0,0,0,0,0,0,0,0,1,0,0,0,0,0,0
EA7 Emporio Armani Milan,"Armoni Brooks, Josh Nebo, Leandro Bolmaro, Marko Guduric, Zach Leday",1,8,0.0,0,0,0,0,0,0,0,0,0,0,0,1,1,0,0,0,0,0,0,165,30,300,80.0,8.0,0,0,0,0,100,0,0,0,0,0,0,1,0,0,0,0,0,0,0,0,0,0,0,0,0,0,1,1,0,0,0,0,0,0,0,0,0,0,0,0,0,0,0,0,0,0,0,0,0,0,0,1,0,0,0,0,0,0,0,0,0,0,0,0,0,0,0
Crvena Zvezda Meridianbet Belgrade,"Dejan Davidovac, Jordan Nwora, Semi Ojeleye, Stefan Miljenovic, Tyson Carter",1,30,0.0,0,0,0,0,0,0,0,0,0,0,0,0,0,0,0,0,0,0,0,44,8,80,300.0,30.0,0,0,0,0,0,0,0,0,0,3,1,1,100,1,1,100,0,0,0,0,0,0,1,0,0,0,1,1,150,150,0,0,100,300,0,0,0,0,0,0,0,0,0,0,0,0,0,-300,0,0,0,0,0,0,1,1,100,0,0,0,0,0,0,0,0,0,0
Anadolu Efes Istanbul,"Ercan Osmani, Isaia Cordinier, Jordan Loyd, Kai Jones, Sehmus Hazer",1,1,0.0,0,0,0,0,0,0,0,0,0,0,0,0,0,0,0,0,0,0,0,1320,240,2400,10.0,1.0,0,0,0,0,0,0,0,0,0,2,1,1,100,0,0,0,0,0,0,0,0,0,0,0,0,0,0,1,100,100,0,0,0,200,0,0,0,0,0,0,0,0,0,0,0,0,0,-200,0,0,0,1,1,100,0,0,0,0,0,0,0,0,0,0,0,0,2
Dubai Basketball,"Awudu Abass, Filip Petrusev, Klemen Prepelic, Mckinley Wright Iv, Nemanja Dangubic",1,21,0.0,0,0,0,0,0,0,0,0,0,0,0,0,0,0,0,0,0,0,0,62.9,11.4,114.3,210.0,21.0,0,0,0,0,0,0,0,0,0,0,0,1,0,0,0,0,0,0,0,0,0,0,0,0,0,0,0,1,0,0,0,0,0,0,0,0,0,0,0,0,0,0,0,0,0,0,0,0,0,0,0,1,0,0,0,0,0,0,0,0,0,0,0,0,0,0,0
Partizan Mozzart Bet Belgrade,"Carlik Jones, Dylan Osetkowski, Isaac Bonga, Shake Milton, Sterling Brown",1,46,0.0,0,0,1,0,0,0,0,0,0,0,1,0,1,0,0,0,0,0,0,25,5.2,44.9,460.0,53.5,0,0,0,100,0,0,0,0,0,2,1,3,33.3,0,1,0,0,0,0,2,0,2,0,0,0,0,0,1,33.3,33.3,0,100,33.3,232.6,0,0,0,1,0,0,0,0,0,0,0,0,0,-232.6,0,0,0,2,1,50,1,0,0,0,0,0,0,0,0,0,2,0,0
Partizan Mozzart Bet Belgrade,"Carlik Jones, Dylan Osetkowski, Isaac Bonga, Jabari Parker, Shake Milton",1,43,0.0,0,0,0,0,0,0,0,0,0,0,0,0,0,0,0,0,0,0,0,30.7,5.6,55.8,430.0,43.0,0,0,0,0,0,0,0,0,0,0,0,1,0,0,0,0,0,0,0,0,0,0,0,0,0,0,0,1,0,0,0,0,0,0,0,0,0,0,0,0,0,0,0,0,0,0,0,0,0,0,0,1,0,0,0,0,0,0,0,0,0,0,0,0,0,0,0
Hapoel IBI Tel Aviv,"Antonio Blakeney, Collin Malcolm, Ish Wainright, Johnathan Motley, Vasilije Micic",1,24,0.0,0,0,0,0,0,0,0,0,0,0,0,0,0,0,0,0,0,0,0,55,10,100,240.0,24.0,0,0,0,0,0,0,0,0,0,2,1,1,100,0,0,0,0,0,0,0,0,0,0,0,0,0,1,1,100,100,0,0,0,200,0,0,0,0,0,0,0,0,0,0,0,0,0,-200,0,0,0,1,1,100,0,0,0,0,0,0,0,0,0,0,0,0,0
FC Barcelona,"Dario Brizuela, Joel Parra, Myles Cale, Tomas Satoransky, Willy Hernangomez",1,24,0.0,0,0,0,0,0,0,0,0,0,0,0,0,0,0,0,0,0,0,0,51.5,10,93,240.0,25.8,0,0,0,0,0,0,0,0,0,0,0,1,0,0,1,0,0,0,0,1,0,1,0,0,0,1,0,1,0,0,50,100,100,0,0,0,0,0,0,0,0,0,0,0,0,0,0,0,0,0,0,0,0,0,1,0,0,0,0,0,1,0,0,0,0,0,0
Hapoel IBI Tel Aviv,"Antonio Blakeney, Dan Oturu, Elijah Bryant, Johnathan Motley, Vasilije Micic",1,4,0.0,0,0,0,0,0,0,0,0,0,0,0,0,0,0,0,0,0,0,0,294,60,528,40.0,4.5,0,0,0,0,0,0,0,0,0,1,0,0,0,0,0,0,1,2,50,0,0,0,0,0,0,0,0,1,0,56.8,0,0,0,113.6,0,0,0,0,0,0,0,0,0,0,0,0,0,-113.6,0,0,0,0,0,0,0,0,0,0,0,0,0,0,0,0,1,0,1
Hapoel IBI Tel Aviv,"Antonio Blakeney, Dan Oturu, Elijah Bryant, Tomer Ginat, Vasilije Micic",1,14,0.0,0,0,0,0,0,0,0,0,0,0,0,0,0,0,0,0,0,0,0,17.1,17.1,17.1,140.0,140.0,0,0,0,0,0,0,0,0,0,0,0,0,0,0,0,0,0,0,0,0,0,0,0,0,0,0,0,0,0,0,0,0,0,0,0,0,0,0,0,0,0,0,0,0,0,0,0,0,0,0,0,0,0,0,0,0,0,0,0,0,0,0,0,0,0,0,0
FC Barcelona,"Dario Brizuela, Joel Parra, Myles Cale, Tomas Satoransky, Will Clyburn",1,14,0.0,0,0,0,0,0,0,0,0,0,0,0,0,0,0,0,0,0,0,0,17.1,17.1,17.1,140.0,140.0,0,0,0,0,0,0,0,0,0,0,0,0,0,0,0,0,0,0,0,0,0,0,0,0,0,0,0,0,0,0,0,0,0,0,0,0,0,0,0,0,0,0,0,0,0,0,0,0,0,0,0,0,0,0,0,0,0,0,0,0,0,0,0,0,0,0,0
Hapoel IBI Tel Aviv,"Chris Jones, Collin Malcolm, Dan Oturu, Elijah Bryant, Tomer Ginat",1,19,0.0,0,0,0,0,0,0,0,0,0,0,0,0,0,0,0,0,0,0,0,61.9,12.6,111.2,190.0,21.6,0,0,0,0,0,0,0,0,0,2,0,0,0,0,0,0,2,2,100,0,0,0,1,0,0,0,0,1,0,113.6,0,0,0,227.3,0,0,0,0,0,0,0,0,0,0,0,0,0,-227.3,0,0,0,0,0,0,0,0,0,0,0,0,0,0,0,0,0,2,0
Hapoel IBI Tel Aviv,"Elijah Bryant, Ish Wainright, Johnathan Motley, Tai Odiase, Tomer Ginat",1,21,0.0,0,0,0,0,0,0,0,0,0,0,0,0,0,0,0,0,0,0,0,62.9,11.4,114.3,210.0,21.0,0,0,0,0,0,0,0,0,0,2,1,1,100,0,0,0,0,0,0,0,0,0,1,0,0,0,0,1,100,100,0,0,0,200,0,0,0,0,0,0,0,0,0,0,0,0,0,-200,0,0,0,1,1,100,0,0,0,0,0,0,0,0,0,0,0,0,0
FC Barcelona,"Jan Vesely, Kevin Punter, Myles Cale, Tomas Satoransky, Tornike Shengelia",1,8,0.0,0,0,0,0,0,0,0,0,0,0,0,0,0,0,0,0,0,0,0,147,30,264,80.0,9.1,0,0,0,0,0,0,0,0,0,2,0,0,0,0,0,0,2,2,100,0,0,0,0,0,0,0,0,1,0,113.6,0,0,0,227.3,0,0,0,0,0,0,0,0,0,0,0,0,0,-227.3,0,0,0,0,0,0,0,0,0,0,0,0,0,0,0,0,0,0,0
FC Barcelona,"Joel Parra, Juani Marcos, Kevin Punter, Myles Cale, Tornike Shengelia",1,12,0.0,0,0,0,0,0,0,0,0,0,0,0,0,0,0,0,0,0,0,0,20,20,20,120.0,120.0,0,0,0,0,0,0,0,0,0,0,0,0,0,0,0,0,0,0,0,0,0,0,0,0,0,0,0,0,0,0,0,0,0,0,0,0,0,0,0,0,0,0,0,0,0,0,0,0,0,0,0,0,0,0,0,0,0,0,0,0,0,0,0,0,0,0,0
