Team,Player_Name,Numbers_Worn,Name_Variations,Games,MPG,MIN,PTS,PPG,FGM,FGA,FG%,3PM,3PA,3P%,FTM,FTA,FT%,OREB,DREB,REB,AST,STL,BLK,TOV,PF,POSS,USG%,PTS/100,AST/100,REB/100,PTS_AST,TPC,TPC/G,TPC/100,CLUTCH_PTS,CLUTCH_PPG,CLUTCH_FGA,CLUTCH_FTA,CLUTCH_TS%,CLUTCH_USG,CLUTCH_GAMES,BPM,OBPM,DBPM,POSITION,ROLE,RIM_ATT,RIM_MADE,RIM%,OTD_2PT_ATT,OTD_2PT_MADE,OTD_2PT%,OTD_3PT_ATT,OTD_3PT_MADE,OTD_3PT%,UNAST_RIM_MADE,UNAST_3PT_MADE,PASS_TO,DRIBBLE_TO,DEFENSE_TO,MISC_TO,2ND_CHANCE_PTS,FAST_BREAK_PTS,PTS_OFF_TOV
Real Madrid,Mario Hezonja,11,Mario Hezonja,44,22.6,994.9,587.0,13.3,214.0,502.0,42.6,68.0,222.0,30.6,91.0,113.0,80.5,27.0,151.0,178.0,106.0,37.0,2.0,76.0,75.0,576.7,31.8,18.3,3.3,5.5,238,825.0,18.8,25.7,0,0,0,0,0,0.0,0,-0.09,-3.09,3.0,2.8,3.1,0.0,0.0,0,280.0,146.0,52.1,222.0,68.0,30.6,0.0,6.0,0.0,0.0,0.0,76.0,62.0,125.0,104.0
Real Madrid,Trey Lyles,0,Trey Lyles,44,20.2,890.0,565.0,12.8,188.0,368.0,51.1,68.0,148.0,45.9,121.0,154.0,78.6,45.0,145.0,190.0,64.0,23.0,20.0,54.0,76.0,427.0,26.3,17.6,2.0,5.9,128,693.0,15.8,21.6,0,0,0,0,0,0.0,0,5.61,1.23,4.39,3.9,2.2,0.0,0.0,0,220.0,120.0,54.5,148.0,68.0,45.9,0.0,5.0,0.0,0.0,0.0,54.0,71.0,108.0,95.0
Real Madrid,Facundo Campazzo,7,Facundo Campazzo,44,24.4,1073.1,528.0,12.0,159.0,364.0,43.7,96.0,228.0,42.1,114.0,135.0,84.4,13.0,71.0,84.0,224.0,50.0,0.0,90.0,94.0,480.4,24.5,16.4,7.0,2.6,523,1051.0,23.9,32.7,0,0,0,0,0,0.0,0,3.82,0.81,3.01,1.0,1.2,0.0,0.0,0,136.0,63.0,46.3,228.0,96.0,42.1,0.0,49.0,0.0,0.0,0.0,90.0,25.0,145.0,80.0
Valencia Basket,Nathan Reuvers,3,Nathan Reuvers,44,19.1,838.5,457.0,10.4,167.0,282.0,59.2,51.0,123.0,41.5,72.0,108.0,66.7,48.0,98.0,146.0,19.0,22.0,31.0,29.0,110.0,298.1,18.9,13.6,0.6,4.4,46,503.0,11.4,15.0,0,0,0,0,0,0.0,0,2.74,-1.57,4.31,4.3,2.9,0.0,0.0,0,159.0,116.0,73,123.0,51.0,41.5,0.0,0.0,0.0,0.0,0.0,29.0,47.0,107.0,58.0
Valencia Basket,Darius Thompson,13,Darius Thompson,44,18.8,828.6,395.0,9.0,143.0,304.0,47,68.0,169.0,40.2,41.0,48.0,85.4,36.0,46.0,82.0,137.0,42.0,12.0,44.0,75.0,319.8,20.5,11.8,4.1,2.4,301,696.0,15.8,20.8,0,0,0,0,0,0.0,0,5.15,0.43,4.72,1.8,2.0,0.0,0.0,0,135.0,75.0,55.6,169.0,68.0,40.2,0.0,30.0,0.0,0.0,0.0,44.0,37.0,130.0,77.0
Panathinaikos AKTOR Athens,Tj Shorts,0,Tj Shorts,44,15.7,692.6,350.0,8.0,135.0,297.0,45.5,14.0,48.0,29.2,66.0,92.0,71.7,6.0,52.0,58.0,126.0,27.0,0.0,43.0,66.0,359.5,28.7,11.0,3.9,1.8,282,632.0,14.4,19.8,0,0,0,0,0,0.0,0,-0.83,-2.89,2.07,1.4,2.2,0.0,0.0,0,249.0,121.0,48.6,48.0,14.0,29.2,0.0,2.0,0.0,0.0,0.0,43.0,20.0,77.0,77.0
Panathinaikos AKTOR Athens,Juancho Hernangomez,41,Juancho Hernangomez,44,24.5,1076.4,350.0,8.0,130.0,265.0,49.1,54.0,149.0,36.2,36.0,48.0,75,92.0,193.0,285.0,32.0,33.0,12.0,24.0,54.0,209.4,10.7,11.0,1.0,8.9,73,423.0,9.6,13.2,0,0,0,0,0,0.0,0,2.25,-0.24,2.5,4.8,4.2,0.0,0.0,0,116.0,76.0,65.5,149.0,54.0,36.2,0.0,0.0,0.0,0.0,0.0,24.0,84.0,47.0,59.0
Valencia Basket,Jaime Pradilla,4,Jaime Pradilla,44,19.5,858.4,298.0,6.8,123.0,232.0,53,32.0,90.0,35.6,20.0,27.0,74.1,57.0,124.0,181.0,83.0,28.0,6.0,56.0,64.0,233.2,14.4,8.9,2.5,5.4,203,501.0,11.4,15.0,0,0,0,0,0,0.0,0,0.71,-3.66,4.37,3.4,3.4,0.0,0.0,0,142.0,91.0,64.1,90.0,32.0,35.6,0.0,0.0,0.0,0.0,0.0,56.0,41.0,54.0,58.0
Olympiacos Piraeus,Tyler Dorsey,22,Tyler Dorsey,43,25.2,1082.2,682.0,15.9,224.0,502.0,44.6,107.0,277.0,38.6,127.0,161.0,78.9,22.0,77.0,99.0,111.0,31.0,4.0,82.0,80.0,607.5,30.7,21.5,3.5,3.1,227,909.0,21.1,28.7,0,0,0,0,0,0.0,0,2.12,-0.41,2.54,2.2,2.6,0.0,0.0,0,225.0,117.0,52,277.0,107.0,38.6,0.0,47.0,0.0,0.0,0.0,82.0,54.0,182.0,132.0
AS Monaco,Jaron Blossomgame,4,Jaron Blossomgame,43,23.7,1019.8,423.0,9.8,164.0,302.0,54.3,35.0,110.0,31.8,60.0,92.0,65.2,57.0,124.0,181.0,33.0,14.0,3.0,31.0,86.0,303.8,16.0,13.1,1.0,5.6,60,483.0,11.2,15.0,0,0,0,0,0,0.0,0,-1.61,-3.31,1.7,3.9,3.8,0.0,0.0,0,192.0,129.0,67.2,110.0,35.0,31.8,0.0,0.0,0.0,0.0,0.0,31.0,61.0,107.0,104.0
AS Monaco,Matthew Strazel,32,Matthew Strazel,43,24.3,1045.5,395.0,9.2,118.0,275.0,42.9,54.0,150.0,36,105.0,125.0,84,16.0,67.0,83.0,167.0,34.0,1.0,74.0,89.0,372.5,19.1,12.2,5.2,2.6,347,742.0,17.3,23.0,0,0,0,0,0,0.0,0,-0.74,-3.02,2.28,1.7,2.5,0.0,0.0,0,125.0,64.0,51.2,150.0,54.0,36,0.0,19.0,0.0,0.0,0.0,74.0,30.0,90.0,81.0
Olympiacos Piraeus,Alec Peters,25,Alec Peters,43,15.2,652.9,323.0,7.5,108.0,198.0,54.5,41.0,98.0,41.8,66.0,79.0,83.5,25.0,97.0,122.0,43.0,20.0,1.0,34.0,80.0,232.1,19.4,10.2,1.4,3.8,100,423.0,9.8,13.3,0,0,0,0,0,0.0,0,3.31,-1.51,4.82,3.4,2.8,0.0,0.0,0,100.0,67.0,67,98.0,41.0,41.8,0.0,2.0,0.0,0.0,0.0,34.0,33.0,38.0,50.0
Valencia Basket,Omari Moore,10,Omari Moore,43,17.3,741.8,323.0,7.5,119.0,267.0,44.6,31.0,97.0,32,54.0,74.0,73,32.0,58.0,90.0,124.0,22.0,3.0,60.0,49.0,314.5,22.5,9.6,3.7,2.7,268,591.0,13.7,17.6,0,0,0,0,0,0.0,0,-0.52,-3.25,2.73,2.1,2.7,0.0,0.0,0,170.0,88.0,51.8,97.0,31.0,32,0.0,11.0,0.0,0.0,0.0,60.0,46.0,71.0,65.0
Real Madrid,Chuma Okeke,8,Chuma Okeke,43,17.9,770.0,242.0,5.6,90.0,191.0,47.1,49.0,127.0,38.6,13.0,19.0,68.4,63.0,104.0,167.0,34.0,25.0,21.0,14.0,41.0,144.3,10.3,7.5,1.1,5.2,81,323.0,7.5,10.1,0,0,0,0,0,0.0,0,4.08,-0.18,4.26,4.0,4.2,0.0,0.0,0,64.0,41.0,64.1,127.0,49.0,38.6,0.0,2.0,0.0,0.0,0.0,14.0,56.0,40.0,41.0
Fenerbahce Beko Istanbul,Khem Birch,92,Khem Birch,43,16.5,711.4,166.0,3.9,61.0,97.0,62.9,0.0,0.0,0,44.0,65.0,67.7,65.0,106.0,171.0,19.0,14.0,16.0,43.0,134.0,99.5,7.8,5.4,0.6,5.5,45,211.0,4.9,6.8,0,0,0,0,0,0.0,0,-3.03,-7.41,4.38,4.9,4.3,0.0,0.0,0,97.0,61.0,62.9,0.0,0.0,0,0.0,0.0,0.0,0.0,0.0,43.0,64.0,13.0,19.0
Zalgiris Kaunas,Sylvain Francisco,3,Sylvain Francisco,42,27.8,1166.6,694.0,16.5,209.0,480.0,43.5,113.0,293.0,38.6,163.0,204.0,79.9,20.0,101.0,121.0,275.0,42.0,14.0,119.0,85.0,642.0,30.7,22.8,9.0,4.0,573,1267.0,30.2,41.7,0,0,0,0,0,0.0,0,6.36,3.37,2.99,1.4,1.0,0.0,0.0,0,187.0,96.0,51.3,293.0,113.0,38.6,0.0,74.0,0.0,0.0,0.0,119.0,77.0,175.0,139.0
Fenerbahce Beko Istanbul,Wade Baldwin Iv,2,Wade Baldwin Iv,42,25.8,1085.6,589.0,14.0,211.0,463.0,45.6,39.0,133.0,29.3,128.0,163.0,78.5,28.0,106.0,134.0,230.0,28.0,18.0,98.0,68.0,580.5,29.9,19.1,7.5,4.3,516,1105.0,26.3,35.9,0,0,0,0,0,0.0,0,3.92,0.5,3.42,1.7,1.0,0.0,0.0,0,330.0,172.0,52.1,133.0,39.0,29.3,0.0,26.0,0.0,0.0,0.0,98.0,57.0,118.0,95.0
Hapoel IBI Tel Aviv,Dan Oturu,25,Dan Oturu,42,23.9,1003.5,585.0,13.9,252.0,356.0,70.8,0.0,1.0,0,81.0,126.0,64.3,105.0,133.0,238.0,35.0,20.0,57.0,60.0,114.0,351.8,19.0,18.8,1.1,7.6,81,666.0,15.9,21.4,0,0,0,0,0,0.0,0,3.37,-0.7,4.06,5.0,2.4,0.0,0.0,0,355.0,252.0,71,1.0,0.0,0,0.0,0.0,0.0,0.0,0.0,60.0,125.0,90.0,85.0
Zalgiris Kaunas,Moses Wright,7,Moses Wright,42,23.6,992.8,555.0,13.2,217.0,361.0,60.1,11.0,36.0,30.6,110.0,150.0,73.3,100.0,172.0,272.0,35.0,26.0,37.0,64.0,86.0,375.4,21.1,18.3,1.2,8.9,74,629.0,15.0,20.7,0,0,0,0,0,0.0,0,2.45,-0.95,3.4,5.0,2.9,0.0,0.0,0,325.0,206.0,63.4,36.0,11.0,30.6,0.0,2.0,0.0,0.0,0.0,64.0,104.0,71.0,88.0
Zalgiris Kaunas,Azuolas Tubelis,10,Azuolas Tubelis,42,22.7,953.1,508.0,12.1,205.0,352.0,58.2,32.0,79.0,40.5,66.0,93.0,71,65.0,125.0,190.0,35.0,23.0,28.0,49.0,112.0,361.8,21.2,16.7,1.2,6.3,72,580.0,13.8,19.1,0,0,0,0,0,0.0,0,1.63,-1.83,3.46,4.6,3.0,0.0,0.0,0,273.0,173.0,63.4,79.0,32.0,40.5,0.0,1.0,0.0,0.0,0.0,49.0,73.0,114.0,115.0
AS Monaco,Alpha Diallo,11,Alpha Diallo,42,27.9,1172.3,500.0,11.9,187.0,382.0,49,44.0,140.0,31.4,82.0,103.0,79.6,62.0,122.0,184.0,57.0,57.0,19.0,44.0,100.0,392.9,18.0,15.5,1.8,5.7,107,607.0,14.5,18.8,0,0,0,0,0,0.0,0,0.61,-3.05,3.66,3.4,3.8,0.0,0.0,0,242.0,143.0,59.1,140.0,44.0,31.4,0.0,1.0,0.0,0.0,0.0,44.0,76.0,133.0,103.0
AS Monaco,Elie Okobo,0,Elie Okobo,42,25.6,1073.8,470.0,11.2,171.0,406.0,42.1,51.0,151.0,33.8,77.0,92.0,83.7,9.0,92.0,101.0,204.0,39.0,3.0,66.0,99.0,483.3,24.1,14.6,6.3,3.1,421,891.0,21.2,27.6,0,0,0,0,0,0.0,0,-0.69,-3.13,2.44,1.7,2.5,0.0,0.0,0,255.0,120.0,47.1,151.0,51.0,33.8,0.0,27.0,0.0,0.0,0.0,66.0,23.0,110.0,72.0
Hapoel IBI Tel Aviv,Chris Jones,1,Chris Jones,42,20.5,859.0,419.0,10.0,152.0,318.0,47.8,58.0,137.0,42.3,57.0,65.0,87.7,8.0,78.0,86.0,175.0,38.0,1.0,68.0,59.0,390.3,24.6,13.4,5.6,2.8,365,784.0,18.7,25.2,0,0,0,0,0,0.0,0,2.93,0.15,2.79,1.2,1.2,0.0,0.0,0,181.0,94.0,51.9,137.0,58.0,42.3,0.0,33.0,0.0,0.0,0.0,68.0,21.0,72.0,62.0
Panathinaikos AKTOR Athens,Jerian Grant,22,Jerian Grant,42,23.6,993.3,290.0,6.9,107.0,238.0,45,32.0,93.0,34.4,44.0,54.0,81.5,21.0,49.0,70.0,149.0,46.0,2.0,42.0,100.0,271.4,15.1,9.1,4.7,2.2,334,624.0,14.9,19.5,0,0,0,0,0,0.0,0,0.18,-3.22,3.4,1.4,2.9,0.0,0.0,0,145.0,75.0,51.7,93.0,32.0,34.4,0.0,10.0,0.0,0.0,0.0,42.0,10.0,48.0,57.0
Zalgiris Kaunas,Dustin Sleva,14,Dustin Sleva,42,18.3,769.3,282.0,6.7,93.0,222.0,41.9,49.0,120.0,40.8,47.0,63.0,74.6,54.0,88.0,142.0,44.0,24.0,4.0,25.0,124.0,211.9,15.4,9.3,1.4,4.7,107,389.0,9.3,12.8,0,0,0,0,0,0.0,0,-0.71,-3.92,3.21,3.6,4.0,0.0,0.0,0,102.0,44.0,43.1,120.0,49.0,40.8,0.0,0.0,0.0,0.0,0.0,25.0,63.0,36.0,37.0
Olympiacos Piraeus,Donta Hall,45,Donta Hall,42,13.8,579.9,259.0,6.2,101.0,132.0,76.5,0.0,1.0,0,57.0,75.0,76,66.0,109.0,175.0,24.0,17.0,33.0,20.0,66.0,114.2,10.8,8.2,0.8,5.5,49,308.0,7.3,9.7,0,0,0,0,0,0.0,0,6.54,0.42,6.12,5.0,2.9,0.0,0.0,0,131.0,101.0,77.1,1.0,0.0,0,0.0,0.0,0.0,0.0,0.0,20.0,60.0,44.0,43.0
Zalgiris Kaunas,Edgaras Ulanovas,92,Edgaras Ulanovas,42,18.6,779.2,231.0,5.5,67.0,151.0,44.4,26.0,63.0,41.3,71.0,88.0,80.7,34.0,58.0,92.0,62.0,13.0,3.0,18.0,75.0,166.8,11.9,7.6,2.0,3.0,134,365.0,8.7,12.0,0,0,0,0,0,0.0,0,-0.07,-3.15,3.08,2.9,3.7,0.0,0.0,0,88.0,41.0,46.6,63.0,26.0,41.3,0.0,1.0,0.0,0.0,0.0,18.0,47.0,36.0,35.0
Valencia Basket,Neal Sako,12,Neal Sako,42,13.4,561.6,198.0,4.7,84.0,142.0,59.2,0.0,0.0,0,30.0,79.0,38,75.0,86.0,161.0,27.0,12.0,17.0,33.0,82.0,129.4,12.2,5.9,0.8,4.8,64,262.0,6.2,7.8,0,0,0,0,0,0.0,0,-3.07,-6.18,3.11,5.0,4.2,0.0,0.0,0,142.0,84.0,59.2,0.0,0.0,0,0.0,0.0,0.0,0.0,0.0,33.0,43.0,34.0,29.0
Real Madrid,Alberto Abalde,6,Alberto Abalde,42,15.6,654.0,192.0,4.6,71.0,153.0,46.4,38.0,81.0,46.9,12.0,15.0,80,23.0,43.0,66.0,53.0,18.0,1.0,27.0,79.0,157.1,13.2,6.0,1.6,2.1,115,307.0,7.3,9.6,0,0,0,0,0,0.0,0,-0.69,-4.2,3.52,2.4,3.8,0.0,0.0,0,72.0,33.0,45.8,81.0,38.0,46.9,0.0,4.0,0.0,0.0,0.0,27.0,21.0,18.0,22.0
Hapoel IBI Tel Aviv,Ish Wainright,24,Ish Wainright,42,23.0,967.9,177.0,4.2,64.0,175.0,36.6,38.0,128.0,29.7,11.0,15.0,73.3,32.0,78.0,110.0,47.0,36.0,3.0,11.0,110.0,154.2,8.6,5.7,1.5,3.5,96,273.0,6.5,8.8,0,0,0,0,0,0.0,0,-1.49,-5.42,3.93,2.8,5.0,0.0,0.0,0,47.0,26.0,55.3,128.0,38.0,29.7,0.0,2.0,0.0,0.0,0.0,11.0,25.0,21.0,24.0
Fenerbahce Beko Istanbul,Talen Horton Tucker,8,Talen Horton Tucker,41,23.8,977.3,643.0,15.7,233.0,489.0,47.6,40.0,151.0,26.5,137.0,181.0,75.7,45.0,109.0,154.0,89.0,29.0,20.0,87.0,99.0,586.2,33.6,20.9,2.9,5.0,201,844.0,20.6,27.4,0,0,0,0,0,0.0,0,2.1,-1.75,3.85,3.1,2.1,0.0,0.0,0,338.0,193.0,57.1,151.0,40.0,26.5,0.0,16.0,0.0,0.0,0.0,87.0,54.0,151.0,112.0
Hapoel IBI Tel Aviv,Antonio Blakeney,2,Antonio Blakeney,41,22.7,929.4,541.0,13.2,182.0,396.0,46,90.0,225.0,40,87.0,103.0,84.5,20.0,75.0,95.0,40.0,15.0,11.0,42.0,55.0,444.8,25.9,17.4,1.3,3.0,82,623.0,15.2,20.0,0,0,0,0,0,0.0,0,1.17,-0.45,1.62,3.1,3.1,0.0,0.0,0,171.0,92.0,53.8,225.0,90.0,40,0.0,42.0,0.0,0.0,0.0,42.0,47.0,63.0,114.0
Fenerbahce Beko Istanbul,Tarik Biberovic,13,Tarik Biberovic,41,24.3,997.8,463.0,11.3,166.0,360.0,46.1,91.0,217.0,41.9,40.0,42.0,95.2,26.0,97.0,123.0,52.0,17.0,4.0,55.0,87.0,391.2,21.9,15.0,1.7,4.0,119,582.0,14.2,18.9,0,0,0,0,0,0.0,0,0.77,-2.07,2.84,3.0,3.0,0.0,0.0,0,143.0,75.0,52.4,217.0,91.0,41.9,0.0,11.0,0.0,0.0,0.0,55.0,43.0,57.0,66.0
Real Madrid,Gabriel Deck,14,Gabriel Deck,41,20.4,836.5,290.0,7.1,107.0,195.0,54.9,24.0,71.0,33.8,52.0,63.0,82.5,41.0,104.0,145.0,49.0,16.0,2.0,31.0,68.0,204.2,13.4,9.0,1.5,4.5,106,396.0,9.7,12.3,0,0,0,0,0,0.0,0,0.59,-3.01,3.6,3.3,3.6,0.0,0.0,0,124.0,83.0,66.9,71.0,24.0,33.8,0.0,2.0,0.0,0.0,0.0,31.0,40.0,57.0,49.0
Zalgiris Kaunas,Maodo Lo,12,Maodo Lo,41,18.0,738.9,287.0,7.0,97.0,219.0,44.3,45.0,115.0,39.1,48.0,60.0,80,19.0,60.0,79.0,100.0,20.0,2.0,54.0,54.0,269.2,20.3,9.4,3.3,2.6,216,503.0,12.3,16.5,0,0,0,0,0,0.0,0,0.19,-2.4,2.59,2.1,2.7,0.0,0.0,0,104.0,52.0,50,115.0,45.0,39.1,0.0,33.0,0.0,0.0,0.0,54.0,25.0,37.0,52.0
Real Madrid,Usman Garuba,16,Usman Garuba,41,12.2,499.8,210.0,5.1,88.0,139.0,63.3,3.0,5.0,60,31.0,47.0,66,47.0,63.0,110.0,21.0,30.0,27.0,28.0,75.0,135.1,14.8,6.5,0.7,3.4,45,255.0,6.2,7.9,0,0,0,0,0,0.0,0,3.3,-3.21,6.51,4.2,3.5,0.0,0.0,0,134.0,85.0,63.4,5.0,3.0,60,0.0,0.0,0.0,0.0,0.0,28.0,36.0,21.0,25.0
Zalgiris Kaunas,Ignas Brazdeikis,8,Ignas Brazdeikis,41,13.7,561.7,184.0,4.5,71.0,193.0,36.8,22.0,65.0,33.8,20.0,26.0,76.9,22.0,49.0,71.0,30.0,9.0,2.0,18.0,52.0,192.4,19.1,6.1,1.0,2.3,58,242.0,5.9,8.0,0,0,0,0,0,0.0,0,-5.47,-6.69,1.21,3.1,5.0,0.0,0.0,0,128.0,49.0,38.3,65.0,22.0,33.8,0.0,4.0,0.0,0.0,0.0,18.0,27.0,34.0,31.0
Zalgiris Kaunas,Laurynas Birutis,15,Laurynas Birutis,41,10.0,409.7,168.0,4.1,72.0,104.0,69.2,0.0,0.0,0,24.0,59.0,40.7,42.0,55.0,97.0,11.0,9.0,13.0,13.0,43.0,96.9,13.2,5.5,0.4,3.2,23,191.0,4.7,6.3,0,0,0,0,0,0.0,0,0.75,-2.31,3.06,5.0,3.7,0.0,0.0,0,104.0,72.0,69.2,0.0,0.0,0,0.0,0.0,0.0,0.0,0.0,13.0,37.0,22.0,26.0
Zalgiris Kaunas,Deividas Sirvydis,91,Deividas Sirvydis,41,8.1,331.3,114.0,2.8,39.0,108.0,36.1,22.0,74.0,29.7,14.0,15.0,93.3,9.0,30.0,39.0,24.0,9.0,2.0,15.0,27.0,115.8,19.5,3.8,0.8,1.3,37,151.0,3.7,5.0,0,0,0,0,0,0.0,0,-2.48,-4.77,2.29,2.8,4.3,0.0,0.0,0,34.0,17.0,50,74.0,22.0,29.7,0.0,6.0,0.0,0.0,0.0,15.0,17.0,25.0,38.0
AS Monaco,Juhann Begarin,23,Juhann Begarin,41,7.6,309.9,105.0,2.6,38.0,94.0,40.4,12.0,48.0,25,17.0,21.0,81,18.0,36.0,54.0,16.0,7.0,5.0,10.0,43.0,91.4,15.8,3.3,0.5,1.7,34,139.0,3.4,4.3,0,0,0,0,0,0.0,0,-3.68,-6.05,2.36,3.9,4.5,0.0,0.0,0,46.0,26.0,56.5,48.0,12.0,25,0.0,0.0,0.0,0.0,0.0,10.0,20.0,32.0,23.0
Valencia Basket,Kameron Taylor,1,Kameron Taylor,40,24.1,962.1,470.0,11.8,171.0,338.0,50.6,58.0,150.0,38.7,70.0,85.0,82.4,44.0,134.0,178.0,82.0,37.0,12.0,61.0,84.0,376.7,20.8,14.0,2.4,5.3,163,633.0,15.8,18.9,0,0,0,0,0,0.0,0,2.25,-2.34,4.59,3.3,2.8,0.0,0.0,0,188.0,113.0,60.1,150.0,58.0,38.7,0.0,11.0,0.0,0.0,0.0,61.0,60.0,137.0,104.0
Hapoel IBI Tel Aviv,Vasilije Micic,22,Vasilije Micic,40,24.1,963.8,460.0,11.5,156.0,377.0,41.4,63.0,204.0,30.9,85.0,95.0,89.5,8.0,105.0,113.0,169.0,36.0,0.0,106.0,102.0,496.1,27.9,14.8,5.4,3.6,354,814.0,20.4,26.1,0,0,0,0,0,0.0,0,-1.92,-4.02,2.1,1.7,2.1,0.0,0.0,0,173.0,93.0,53.8,204.0,63.0,30.9,0.0,42.0,0.0,0.0,0.0,106.0,18.0,81.0,98.0
Valencia Basket,Brancou Badio,0,Brancou Badio,40,20.5,819.8,446.0,11.2,156.0,366.0,42.6,71.0,211.0,33.6,63.0,73.0,86.3,32.0,71.0,103.0,90.0,24.0,7.0,62.0,84.0,411.0,26.6,13.3,2.7,3.1,199,645.0,16.1,19.3,0,0,0,0,0,0.0,0,-0.25,-3.0,2.76,2.7,2.9,0.0,0.0,0,155.0,85.0,54.8,211.0,71.0,33.6,0.0,24.0,0.0,0.0,0.0,62.0,60.0,84.0,67.0
Olympiacos Piraeus,Nikola Milutinov,33,Nikola Milutinov,40,21.5,861.4,407.0,10.2,141.0,211.0,66.8,0.0,3.0,0,125.0,160.0,78.1,126.0,161.0,287.0,54.0,24.0,23.0,28.0,25.0,176.1,11.2,12.8,1.7,9.0,125,532.0,13.3,16.8,0,0,0,0,0,0.0,0,7.8,3.27,4.52,5.0,2.8,0.0,0.0,0,208.0,141.0,67.8,3.0,0.0,0,0.0,0.0,0.0,0.0,0.0,28.0,103.0,46.0,64.0
Hapoel IBI Tel Aviv,Johnathan Motley,0,Johnathan Motley,40,12.8,512.4,290.0,7.2,107.0,174.0,61.5,20.0,41.0,48.8,56.0,77.0,72.7,26.0,57.0,83.0,32.0,9.0,6.0,40.0,82.0,213.0,22.5,9.3,1.0,2.7,72,362.0,9.1,11.6,0,0,0,0,0,0.0,0,0.44,-2.87,3.31,3.8,2.3,0.0,0.0,0,133.0,87.0,65.4,41.0,20.0,48.8,0.0,0.0,0.0,0.0,0.0,40.0,41.0,45.0,47.0
Fenerbahce Beko Istanbul,Bonzie Colson,50,Bonzie Colson,40,16.9,674.9,283.0,7.1,95.0,194.0,49,49.0,101.0,48.5,44.0,49.0,89.8,32.0,87.0,119.0,31.0,23.0,15.0,20.0,47.0,195.4,16.2,9.2,1.0,3.9,67,350.0,8.8,11.4,0,0,0,0,0,0.0,0,5.29,0.22,5.07,3.6,3.1,0.0,0.0,0,93.0,46.0,49.5,101.0,49.0,48.5,0.0,4.0,0.0,0.0,0.0,20.0,41.0,47.0,75.0
Hapoel IBI Tel Aviv,Collin Malcolm,17,Collin Malcolm,40,24.9,995.6,272.0,6.8,103.0,204.0,50.5,35.0,84.0,41.7,31.0,41.0,75.6,36.0,106.0,142.0,38.0,31.0,16.0,19.0,72.0,196.8,10.7,8.7,1.2,4.6,91,363.0,9.1,11.6,0,0,0,0,0,0.0,0,0.85,-3.1,3.94,3.5,4.3,0.0,0.0,0,120.0,68.0,56.7,84.0,35.0,41.7,0.0,4.0,0.0,0.0,0.0,19.0,36.0,75.0,52.0
AS Monaco,Kevarrius Hayes,13,Kevarrius Hayes,40,17.4,697.1,252.0,6.3,103.0,169.0,60.9,0.0,1.0,0,46.0,64.0,71.9,69.0,67.0,136.0,22.0,29.0,34.0,32.0,108.0,153.8,11.8,7.8,0.7,4.2,47,299.0,7.5,9.3,0,0,0,0,0,0.0,0,-0.9,-5.03,4.13,4.9,3.9,0.0,0.0,0,168.0,103.0,61.3,1.0,0.0,0,0.0,0.0,0.0,0.0,0.0,32.0,63.0,29.0,42.0
Valencia Basket,Matthew Costello,24,Matthew Costello,40,16.6,662.5,249.0,6.2,87.0,184.0,47.3,47.0,119.0,39.5,28.0,59.0,47.5,41.0,111.0,152.0,34.0,21.0,20.0,25.0,72.0,186.2,14.9,7.4,1.0,4.5,81,330.0,8.2,9.9,0,0,0,0,0,0.0,0,1.28,-3.18,4.47,4.4,3.9,0.0,0.0,0,65.0,40.0,61.5,119.0,47.0,39.5,0.0,1.0,0.0,0.0,0.0,25.0,35.0,77.0,40.0
FC Barcelona,Joel Parra,44,Joel Parra,40,18.7,746.2,224.0,5.6,85.0,175.0,48.6,20.0,68.0,29.4,34.0,43.0,79.1,49.0,88.0,137.0,39.0,21.0,5.0,22.0,69.0,160.2,12.1,7.8,1.4,4.8,83,307.0,7.7,10.7,0,0,0,0,0,0.0,0,-0.7,-3.86,3.16,3.9,4.0,0.0,0.0,0,107.0,65.0,60.7,68.0,20.0,29.4,0.0,0.0,0.0,0.0,0.0,22.0,40.0,43.0,33.0
FC Barcelona,Willy Hernangomez,14,Willy Hernangomez,40,13.2,528.0,218.0,5.5,75.0,147.0,51,1.0,4.0,25,67.0,102.0,65.7,56.0,94.0,150.0,18.0,13.0,14.0,41.0,77.0,169.8,18.1,7.6,0.6,5.2,43,261.0,6.5,9.1,0,0,0,0,0,0.0,0,-4.11,-6.56,2.45,5.0,4.0,0.0,0.0,0,143.0,74.0,51.7,4.0,1.0,25,0.0,0.0,0.0,0.0,0.0,41.0,64.0,25.0,33.0
Real Madrid,Sergio Llull,23,Sergio Llull,40,10.7,426.2,124.0,3.1,41.0,139.0,29.5,26.0,97.0,26.8,16.0,24.0,66.7,6.0,24.0,30.0,59.0,6.0,0.0,21.0,40.0,158.0,20.3,3.9,1.8,0.9,130,254.0,6.3,7.9,0,0,0,0,0,0.0,0,-5.48,-6.43,0.95,1.9,4.1,0.0,0.0,0,42.0,15.0,35.7,97.0,26.0,26.8,0.0,6.0,0.0,0.0,0.0,21.0,21.0,21.0,22.0
Olympiacos Piraeus,Sasha Vezenkov,14,Sasha Vezenkov,39,27.8,1085.6,740.0,19.0,258.0,477.0,54.1,70.0,173.0,40.5,154.0,173.0,89,55.0,195.0,250.0,49.0,22.0,4.0,44.0,34.0,520.4,26.2,23.3,1.5,7.9,116,856.0,21.9,27.0,0,0,0,0,0,0.0,0,6.53,2.96,3.57,4.0,2.4,0.0,0.0,0,304.0,188.0,61.8,173.0,70.0,40.5,0.0,8.0,0.0,0.0,0.0,44.0,121.0,144.0,152.0
AS Monaco,Mike James,55,Mike James,39,29.9,1167.5,640.0,16.4,200.0,473.0,42.3,55.0,168.0,32.7,185.0,215.0,86,15.0,121.0,136.0,252.0,34.0,4.0,98.0,74.0,624.6,28.7,19.8,7.8,4.2,539,1179.0,30.2,36.5,0,0,0,0,0,0.0,0,1.66,-0.62,2.28,1.8,1.5,0.0,0.0,0,305.0,145.0,47.5,168.0,55.0,32.7,0.0,33.0,0.0,0.0,0.0,98.0,33.0,173.0,122.0
FC Barcelona,Kevin Punter,0,Kevin Punter,39,27.2,1059.8,577.0,14.8,194.0,425.0,45.6,79.0,191.0,41.4,110.0,127.0,86.6,17.0,53.0,70.0,100.0,39.0,1.0,66.0,68.0,508.7,27.0,20.0,3.5,2.4,216,793.0,20.3,27.5,0,0,0,0,0,0.0,0,1.23,-0.92,2.14,1.9,2.3,0.0,0.0,0,234.0,115.0,49.1,191.0,79.0,41.4,0.0,25.0,0.0,0.0,0.0,66.0,43.0,95.0,112.0
Panathinaikos AKTOR Athens,Cedi Osman,6,Cedi Osman,39,27.3,1065.0,502.0,12.9,160.0,340.0,47.1,64.0,168.0,38.1,118.0,144.0,81.9,20.0,116.0,136.0,47.0,28.0,3.0,31.0,99.0,397.8,20.6,15.7,1.5,4.3,107,609.0,15.6,19.1,0,0,0,0,0,0.0,0,0.72,-2.01,2.73,3.1,3.3,0.0,0.0,0,172.0,96.0,55.8,168.0,64.0,38.1,0.0,8.0,0.0,0.0,0.0,31.0,54.0,129.0,140.0
Olympiacos Piraeus,Evan Fournier,94,Evan Fournier,39,21.9,855.5,454.0,11.6,152.0,375.0,40.5,87.0,236.0,36.9,63.0,78.0,80.8,17.0,64.0,81.0,114.0,30.0,2.0,67.0,83.0,440.9,28.2,14.3,3.6,2.6,211,665.0,17.1,21.0,0,0,0,0,0,0.0,0,0.66,-2.07,2.73,2.0,3.0,0.0,0.0,0,139.0,65.0,46.8,236.0,87.0,36.9,0.0,41.0,0.0,0.0,0.0,67.0,52.0,80.0,85.0
Real Madrid,Walter Tavares,22,Walter Tavares,39,22.8,887.5,373.0,9.6,142.0,206.0,68.9,0.0,0.0,0,89.0,122.0,73,99.0,159.0,258.0,22.0,22.0,72.0,64.0,96.0,215.7,13.3,11.6,0.7,8.0,55,428.0,11.0,13.3,0,0,0,0,0,0.0,0,2.62,-2.81,5.43,5.0,3.4,0.0,0.0,0,206.0,142.0,68.9,0.0,0.0,0,0.0,0.0,0.0,0.0,0.0,64.0,89.0,32.0,44.0
Real Madrid,Andres Feliz,24,Andres Feliz,39,16.7,649.4,268.0,6.9,103.0,214.0,48.1,35.0,85.0,41.2,27.0,37.0,73,34.0,65.0,99.0,77.0,23.0,1.0,36.0,77.0,223.0,18.8,8.3,2.4,3.1,167,435.0,11.2,13.5,0,0,0,0,0,0.0,0,1.25,-2.71,3.96,2.6,3.0,0.0,0.0,0,129.0,68.0,52.7,85.0,35.0,41.2,0.0,6.0,0.0,0.0,0.0,36.0,56.0,61.0,51.0
Panathinaikos AKTOR Athens,Konstantinos Mitoglou,44,Konstantinos Mitoglou,39,10.3,401.2,148.0,3.8,56.0,127.0,44.1,10.0,43.0,23.3,26.0,32.0,81.2,27.0,60.0,87.0,17.0,12.0,8.0,17.0,45.0,125.8,17.3,4.6,0.5,2.7,46,194.0,5.0,6.1,0,0,0,0,0,0.0,0,-2.1,-4.74,2.64,4.5,4.4,0.0,0.0,0,84.0,46.0,54.8,43.0,10.0,23.3,0.0,0.0,0.0,0.0,0.0,17.0,26.0,28.0,18.0
FC Barcelona,Miles Norris,5,Miles Norris,39,11.4,445.8,145.0,3.7,55.0,116.0,47.4,27.0,71.0,38,8.0,9.0,88.9,30.0,63.0,93.0,11.0,19.0,11.0,10.0,40.0,96.0,12.1,5.0,0.4,3.2,29,174.0,4.5,6.0,0,0,0,0,0,0.0,0,1.61,-2.04,3.65,4.7,4.2,0.0,0.0,0,45.0,28.0,62.2,71.0,27.0,38,0.0,2.0,0.0,0.0,0.0,10.0,16.0,38.0,26.0
FC Barcelona,Myles Cale,3,Myles Cale,39,13.2,515.9,111.0,2.8,41.0,104.0,39.4,16.0,55.0,29.1,13.0,17.0,76.5,26.0,39.0,65.0,24.0,17.0,5.0,9.0,62.0,90.7,9.9,3.9,0.8,2.3,51,162.0,4.2,5.6,0,0,0,0,0,0.0,0,-2.4,-5.82,3.42,3.4,4.8,0.0,0.0,0,49.0,25.0,51,55.0,16.0,29.1,0.0,1.0,0.0,0.0,0.0,9.0,9.0,22.0,25.0
AS Monaco,Terry Tarpey,22,Terry Tarpey,39,7.1,276.8,72.0,1.8,28.0,49.0,57.1,11.0,24.0,45.8,5.0,8.0,62.5,24.0,40.0,64.0,14.0,14.0,3.0,6.0,34.0,33.1,6.4,2.2,0.4,2.0,30,102.0,2.6,3.2,0,0,0,0,0,0.0,0,2.21,-2.45,4.67,4.0,4.0,0.0,0.0,0,25.0,17.0,68,24.0,11.0,45.8,0.0,1.0,0.0,0.0,0.0,6.0,13.0,27.0,29.0
Hapoel IBI Tel Aviv,Elijah Bryant,3,Elijah Bryant,38,29.5,1120.2,584.0,15.4,207.0,393.0,52.7,45.0,121.0,37.2,125.0,140.0,89.3,33.0,165.0,198.0,124.0,25.0,5.0,84.0,79.0,485.4,23.5,18.7,4.0,6.4,253,837.0,22.0,26.9,0,0,0,0,0,0.0,0,2.13,-1.39,3.52,3.2,2.1,0.0,0.0,0,272.0,162.0,59.6,121.0,45.0,37.2,0.0,17.0,0.0,0.0,0.0,84.0,47.0,100.0,122.0
Valencia Basket,Jean Montero,8,Jean Montero,38,23.0,873.7,546.0,14.4,172.0,411.0,41.8,68.0,210.0,32.4,134.0,152.0,88.2,30.0,84.0,114.0,184.0,40.0,13.0,53.0,53.0,480.8,29.3,16.3,5.5,3.4,390,936.0,24.6,28.0,0,0,0,0,0,0.0,0,7.22,2.57,4.65,1.9,1.3,0.0,0.0,0,201.0,104.0,51.7,210.0,68.0,32.4,0.0,38.0,0.0,0.0,0.0,53.0,77.0,158.0,114.0
Maccabi Rapyd Tel Aviv,Roman Sorkin,9,Roman Sorkin,38,22.9,870.5,513.0,13.5,198.0,384.0,51.6,31.0,91.0,34.1,86.0,105.0,81.9,64.0,95.0,159.0,66.0,22.0,24.0,44.0,84.0,393.8,23.9,17.6,2.3,5.5,149,662.0,17.4,22.8,0,0,0,0,0,0.0,0,1.46,-0.66,2.12,4.1,2.7,0.0,0.0,0,293.0,167.0,57,91.0,31.0,34.1,0.0,1.0,0.0,0.0,0.0,44.0,76.0,72.0,77.0
EA7 Emporio Armani Milan,Armoni Brooks,12,Armoni Brooks,38,22.5,856.6,496.0,13.1,176.0,388.0,45.4,102.0,245.0,41.6,42.0,51.0,82.4,28.0,106.0,134.0,54.0,23.0,10.0,36.0,93.0,401.7,26.2,18.1,2.0,4.9,123,619.0,16.3,22.6,0,0,0,0,0,0.0,0,2.29,0.4,1.89,3.5,2.9,0.0,0.0,0,143.0,74.0,51.7,245.0,102.0,41.6,0.0,39.0,0.0,0.0,0.0,36.0,55.0,86.0,107.0
Dubai Basketball,Mckinley Wright Iv,25,Mckinley Wright Iv,38,29.6,1123.0,482.0,12.7,172.0,333.0,51.7,28.0,74.0,37.8,110.0,129.0,85.3,16.0,86.0,102.0,232.0,37.0,7.0,76.0,105.0,431.8,20.9,17.1,8.2,3.6,481,963.0,25.3,34.2,0,0,0,0,0,0.0,0,1.28,-0.96,2.24,1.4,1.4,0.0,0.0,0,259.0,144.0,55.6,74.0,28.0,37.8,0.0,10.0,0.0,0.0,0.0,76.0,39.0,87.0,77.0
Crvena Zvezda Meridianbet Belgrade,Codi Miller-Mcintyre,0,Codi Miller-Mcintyre,38,31.0,1177.3,478.0,12.6,181.0,424.0,42.7,67.0,204.0,32.8,49.0,79.0,62,32.0,136.0,168.0,283.0,38.0,2.0,108.0,98.0,513.4,23.4,16.7,9.9,5.9,583,1061.0,27.9,37.1,0,0,0,0,0,0.0,0,1.03,-1.83,2.86,1.6,1.8,0.0,0.0,0,220.0,114.0,51.8,204.0,67.0,32.8,0.0,53.0,0.0,0.0,0.0,108.0,48.0,86.0,93.0
Dubai Basketball,Filip Petrusev,30,Filip Petrusev,38,23.5,892.9,440.0,11.6,144.0,263.0,54.8,13.0,33.0,39.4,139.0,171.0,81.3,45.0,138.0,183.0,58.0,23.0,16.0,42.0,72.0,321.8,19.6,15.6,2.1,6.5,118,558.0,14.7,19.8,0,0,0,0,0,0.0,0,1.96,-1.24,3.19,4.0,2.8,0.0,0.0,0,230.0,131.0,57,33.0,13.0,39.4,0.0,0.0,0.0,0.0,0.0,42.0,64.0,59.0,74.0
AS Monaco,Daniel Theis,10,Daniel Theis,38,20.5,779.9,367.0,9.7,142.0,241.0,58.9,16.0,59.0,27.1,67.0,83.0,80.7,63.0,128.0,191.0,33.0,17.0,32.0,35.0,111.0,239.5,16.5,11.4,1.0,5.9,72,439.0,11.6,13.6,0,0,0,0,0,0.0,0,0.74,-2.95,3.7,5.0,3.2,0.0,0.0,0,182.0,126.0,69.2,59.0,16.0,27.1,0.0,0.0,0.0,0.0,0.0,35.0,75.0,51.0,50.0
Panathinaikos AKTOR Athens,Kostas Sloukas,10,Kostas Sloukas,38,21.3,810.5,364.0,9.6,115.0,266.0,43.2,48.0,128.0,37.5,86.0,95.0,90.5,14.0,60.0,74.0,195.0,28.0,2.0,48.0,73.0,328.1,22.4,11.4,6.1,2.3,390,754.0,19.8,23.6,0,0,0,0,0,0.0,0,3.7,1.23,2.47,1.2,1.0,0.0,0.0,0,138.0,67.0,48.6,128.0,48.0,37.5,0.0,21.0,0.0,0.0,0.0,48.0,22.0,57.0,63.0
Real Madrid,Theo Maledon,12,Theo Maledon,38,17.0,646.5,356.0,9.4,103.0,226.0,45.6,24.0,75.0,32,126.0,145.0,86.9,17.0,67.0,84.0,112.0,20.0,3.0,51.0,76.0,310.8,26.3,11.1,3.5,2.6,232,588.0,15.5,18.3,0,0,0,0,0,0.0,0,2.76,-1.25,4.01,2.1,1.6,0.0,0.0,0,151.0,79.0,52.3,75.0,24.0,32,0.0,12.0,0.0,0.0,0.0,51.0,25.0,82.0,51.0
FC Barcelona,Dario Brizuela,8,Dario Brizuela,38,15.5,590.6,340.0,8.9,131.0,290.0,45.2,52.0,148.0,35.1,26.0,30.0,86.7,7.0,35.0,42.0,53.0,23.0,0.0,34.0,72.0,317.0,30.2,11.8,1.8,1.5,119,459.0,12.1,15.9,0,0,0,0,0,0.0,0,-0.65,-2.78,2.14,2.0,2.7,0.0,0.0,0,142.0,79.0,55.6,148.0,52.0,35.1,0.0,20.0,0.0,0.0,0.0,34.0,36.0,66.0,84.0
FC Barcelona,Jan Vesely,6,Jan Vesely,38,21.2,804.2,332.0,8.7,144.0,264.0,54.5,10.0,34.0,29.4,34.0,44.0,77.3,48.0,78.0,126.0,52.0,36.0,7.0,32.0,89.0,256.7,18.0,11.5,1.8,4.4,131,463.0,12.2,16.1,0,0,0,0,0,0.0,0,0.19,-3.79,3.98,3.4,3.4,0.0,0.0,0,230.0,134.0,58.3,34.0,10.0,29.4,0.0,1.0,0.0,0.0,0.0,32.0,78.0,22.0,68.0
Crvena Zvezda Meridianbet Belgrade,Semi Ojeleye,37,Semi Ojeleye,38,23.1,876.6,280.0,7.4,96.0,205.0,46.8,29.0,79.0,36.7,59.0,78.0,75.6,68.0,71.0,139.0,31.0,18.0,15.0,26.0,73.0,189.4,11.6,9.8,1.1,4.9,68,348.0,9.2,12.2,0,0,0,0,0,0.0,0,-0.3,-3.19,2.89,3.8,4.2,0.0,0.0,0,126.0,67.0,53.2,79.0,29.0,36.7,0.0,0.0,0.0,0.0,0.0,26.0,60.0,44.0,40.0
Maccabi Rapyd Tel Aviv,Tamir Blatt,45,Tamir Blatt,38,19.4,738.3,270.0,7.1,87.0,224.0,38.8,70.0,182.0,38.5,26.0,34.0,76.5,11.0,59.0,70.0,197.0,11.0,0.0,86.0,32.0,301.4,21.5,9.3,6.8,2.4,343,613.0,16.1,21.1,0,0,0,0,0,0.0,0,-1.65,-0.38,-1.28,1.2,1.3,0.0,0.0,0,42.0,17.0,40.5,182.0,70.0,38.5,0.0,34.0,0.0,0.0,0.0,86.0,36.0,42.0,35.0
Virtus Bologna,Saliou Niang,7,Saliou Niang,38,21.6,822.5,268.0,7.1,107.0,170.0,62.9,4.0,12.0,33.3,50.0,63.0,79.4,75.0,114.0,189.0,71.0,34.0,15.0,55.0,90.0,170.6,11.4,9.7,2.6,6.8,146,414.0,10.9,15.0,0,0,0,0,0,0.0,0,0.5,-3.87,4.37,4.2,3.0,0.0,0.0,0,158.0,103.0,65.2,12.0,4.0,33.3,0.0,0.0,0.0,0.0,0.0,55.0,60.0,57.0,56.0
Maccabi Rapyd Tel Aviv,Marcio Santos,3,Marcio Santos,38,13.7,520.4,256.0,6.7,75.0,152.0,49.3,24.0,60.0,40,82.0,102.0,80.4,26.0,34.0,60.0,24.0,21.0,12.0,38.0,117.0,200.5,20.3,8.8,0.8,2.1,48,304.0,8.0,10.5,0,0,0,0,0,0.0,0,-2.8,-5.57,2.77,3.5,3.1,0.0,0.0,0,92.0,51.0,55.4,60.0,24.0,40,0.0,1.0,0.0,0.0,0.0,38.0,40.0,43.0,47.0
Crvena Zvezda Meridianbet Belgrade,Nikola Kalinic,12,Nikola Kalinic,38,23.2,880.8,218.0,5.7,76.0,170.0,44.7,34.0,87.0,39.1,32.0,47.0,68.1,37.0,91.0,128.0,70.0,20.0,10.0,56.0,101.0,201.3,12.3,7.6,2.4,4.5,142,360.0,9.5,12.6,0,0,0,0,0,0.0,0,-1.96,-5.75,3.78,3.3,4.0,0.0,0.0,0,83.0,42.0,50.6,87.0,34.0,39.1,0.0,3.0,0.0,0.0,0.0,56.0,29.0,45.0,43.0
LDLC ASVEL Villeurbanne,Bastien Vautier,32,Bastien Vautier,38,12.7,481.9,215.0,5.7,80.0,154.0,51.9,0.0,0.0,0,55.0,82.0,67.1,46.0,57.0,103.0,28.0,17.0,7.0,36.0,99.0,172.9,19.7,7.7,1.0,3.7,66,281.0,7.4,10.1,0,0,0,0,0,0.0,0,-4.63,-7.68,3.05,4.3,3.2,0.0,0.0,0,154.0,80.0,51.9,0.0,0.0,0,0.0,0.0,0.0,0.0,0.0,36.0,42.0,23.0,36.0
Zalgiris Kaunas,Arnas Butkevicius,51,Arnas Butkevicius,38,18.0,685.2,200.0,5.3,71.0,128.0,55.5,39.0,77.0,50.6,19.0,23.0,82.6,22.0,77.0,99.0,46.0,34.0,9.0,16.0,73.0,126.8,10.3,6.6,1.5,3.3,97,297.0,7.8,9.8,0,0,0,0,0,0.0,0,4.08,-1.78,5.86,2.9,3.4,0.0,0.0,0,51.0,32.0,62.7,77.0,39.0,50.6,0.0,4.0,0.0,0.0,0.0,16.0,14.0,61.0,32.0
Valencia Basket,Josep Puerto,2,Josep Puerto,38,15.7,598.4,196.0,5.2,69.0,153.0,45.1,39.0,97.0,40.2,19.0,26.0,73.1,25.0,69.0,94.0,23.0,13.0,2.0,16.0,48.0,149.2,13.3,5.9,0.7,2.8,45,241.0,6.3,7.2,0,0,0,0,0,0.0,0,-1.01,-4.1,3.09,3.4,4.2,0.0,0.0,0,56.0,30.0,53.6,97.0,39.0,40.2,0.0,2.0,0.0,0.0,0.0,16.0,17.0,57.0,26.0
Paris Basketball,Mouhamed Faye,15,Mouhamed Faye,38,17.2,652.6,175.0,4.6,75.0,115.0,65.2,0.0,0.0,0,25.0,51.0,49,84.0,106.0,190.0,9.0,14.0,38.0,32.0,94.0,82.0,6.4,5.9,0.3,6.4,26,201.0,5.3,6.8,0,0,0,0,0,0.0,0,-2.2,-5.61,3.41,5.0,4.5,0.0,0.0,0,115.0,75.0,65.2,0.0,0.0,0,0.0,0.0,0.0,0.0,0.0,32.0,89.0,24.0,27.0
EA7 Emporio Armani Milan,Giampaolo Ricci,17,Giampaolo Ricci,38,16.4,622.8,171.0,4.5,64.0,134.0,47.8,40.0,95.0,42.1,3.0,4.0,75,31.0,70.0,101.0,24.0,20.0,8.0,8.0,88.0,108.2,9.7,6.2,0.9,3.7,51,222.0,5.8,8.1,0,0,0,0,0,0.0,0,0.24,-2.85,3.1,3.7,4.2,0.0,0.0,0,39.0,24.0,61.5,95.0,40.0,42.1,0.0,1.0,0.0,0.0,0.0,8.0,29.0,29.0,31.0
Maccabi Rapyd Tel Aviv,William Rayman,11,William Rayman,38,12.0,455.0,118.0,3.1,32.0,86.0,37.2,19.0,50.0,38,35.0,53.0,66,33.0,46.0,79.0,10.0,10.0,6.0,7.0,93.0,80.0,9.3,4.1,0.3,2.7,27,145.0,3.8,5.0,0,0,0,0,0,0.0,0,-5.05,-6.52,1.47,4.2,4.8,0.0,0.0,0,36.0,13.0,36.1,50.0,19.0,38,0.0,0.0,0.0,0.0,0.0,7.0,22.0,25.0,20.0
Olympiacos Piraeus,Kostas Papanikolaou,16,Kostas Papanikolaou,38,13.6,515.2,104.0,2.7,37.0,104.0,35.6,28.0,90.0,31.1,2.0,7.0,28.6,11.0,52.0,63.0,58.0,13.0,2.0,35.0,60.0,125.8,13.4,3.3,1.8,2.0,113,217.0,5.7,6.8,0,0,0,0,0,0.0,0,-2.42,-6.47,4.05,2.6,4.3,0.0,0.0,0,14.0,9.0,64.3,90.0,28.0,31.1,0.0,3.0,0.0,0.0,0.0,35.0,14.0,12.0,7.0
Paris Basketball,Nadir Hifi,2,Nadir Hifi,37,22.3,823.9,699.0,18.9,218.0,525.0,41.5,87.0,248.0,35.1,176.0,209.0,84.2,12.0,73.0,85.0,139.0,35.0,1.0,87.0,70.0,664.3,41.3,23.5,4.7,2.9,329,1028.0,27.8,34.6,0,0,0,0,0,0.0,0,4.03,2.07,1.96,1.5,1.0,0.0,0.0,0,277.0,131.0,47.3,248.0,87.0,35.1,0.0,57.0,0.0,0.0,0.0,87.0,72.0,237.0,132.0
Panathinaikos AKTOR Athens,Kendrick Nunn,25,Kendrick Nunn,37,29.7,1100.0,676.0,18.3,256.0,508.0,50.4,76.0,200.0,38,88.0,99.0,88.9,21.0,79.0,100.0,130.0,37.0,2.0,109.0,100.0,614.0,30.8,21.2,4.1,3.1,239,915.0,24.7,28.6,0,0,0,0,0,0.0,0,1.22,-0.74,1.96,2.0,1.7,0.0,0.0,0,308.0,180.0,58.4,200.0,76.0,38,0.0,29.0,0.0,0.0,0.0,109.0,58.0,119.0,131.0
Virtus Bologna,Derrick Alston Jr,21,Derrick Alston Jr,37,22.4,829.9,371.0,10.0,124.0,270.0,45.9,59.0,132.0,44.7,64.0,71.0,90.1,22.0,76.0,98.0,52.0,19.0,4.0,44.0,76.0,310.3,20.6,13.4,1.9,3.5,100,471.0,12.7,17.0,0,0,0,0,0,0.0,0,-1.45,-3.36,1.92,3.0,3.1,0.0,0.0,0,138.0,65.0,47.1,132.0,59.0,44.7,0.0,4.0,0.0,0.0,0.0,44.0,39.0,82.0,72.0
Partizan Mozzart Bet Belgrade,Isaac Bonga,17,Isaac Bonga,37,27.7,1025.4,360.0,9.7,122.0,253.0,48.2,31.0,99.0,31.3,85.0,104.0,81.7,60.0,146.0,206.0,56.0,35.0,20.0,46.0,78.0,273.4,14.8,13.3,2.1,7.6,117,477.0,12.9,17.6,0,0,0,0,0,0.0,0,-0.15,-3.78,3.63,4.2,3.5,0.0,0.0,0,154.0,91.0,59.1,99.0,31.0,31.3,0.0,0.0,0.0,0.0,0.0,46.0,59.0,87.0,69.0
FC Bayern Munich,Isiaha Mike,22,Isiaha Mike,37,22.4,828.2,354.0,9.6,137.0,295.0,46.4,51.0,122.0,41.8,29.0,40.0,72.5,33.0,112.0,145.0,54.0,28.0,13.0,40.0,106.0,306.8,20.5,12.8,2.0,5.3,120,474.0,12.8,17.2,0,0,0,0,0,0.0,0,-0.47,-4.4,3.93,3.9,3.4,0.0,0.0,0,173.0,86.0,49.7,122.0,51.0,41.8,0.0,7.0,0.0,0.0,0.0,40.0,40.0,84.0,78.0
Maccabi Rapyd Tel Aviv,Jimmy Clark Iii,2,Jimmy Clark Iii,37,19.7,729.6,352.0,9.5,132.0,318.0,41.5,44.0,143.0,30.8,44.0,55.0,80,21.0,46.0,67.0,160.0,48.0,4.0,75.0,96.0,380.4,27.5,12.1,5.5,2.3,336,688.0,18.6,23.7,0,0,0,0,0,0.0,0,-0.86,-2.57,1.71,1.1,2.0,0.0,0.0,0,175.0,88.0,50.3,143.0,44.0,30.8,0.0,23.0,0.0,0.0,0.0,75.0,32.0,83.0,81.0
FC Bayern Munich,Justinian Jessup,10,Justinian Jessup,37,19.3,714.9,304.0,8.2,111.0,231.0,48.1,52.0,137.0,38,30.0,31.0,96.8,22.0,67.0,89.0,51.0,28.0,7.0,24.0,67.0,236.8,18.3,11.0,1.8,3.2,106,410.0,11.1,14.9,0,0,0,0,0,0.0,0,2.18,-2.03,4.21,3.0,2.9,0.0,0.0,0,94.0,59.0,62.8,137.0,52.0,38,0.0,7.0,0.0,0.0,0.0,24.0,47.0,78.0,77.0
Anadolu Efes Istanbul,Nick Weiler-Babb,8,Nick Weiler-Babb,37,28.1,1040.2,276.0,7.5,90.0,221.0,40.7,51.0,139.0,36.7,45.0,61.0,73.8,27.0,92.0,119.0,174.0,44.0,2.0,58.0,97.0,267.7,14.6,10.4,6.6,4.5,379,655.0,17.7,24.7,0,0,0,0,0,0.0,0,-0.11,-3.88,3.77,1.8,2.4,0.0,0.0,0,82.0,39.0,47.6,139.0,51.0,36.7,0.0,30.0,0.0,0.0,0.0,58.0,22.0,36.0,45.0
Paris Basketball,Sebastian Herrera,7,Sebastian Herrera,37,16.0,591.2,272.0,7.4,89.0,223.0,39.9,68.0,182.0,37.4,26.0,29.0,89.7,16.0,39.0,55.0,38.0,20.0,2.0,21.0,72.0,231.1,20.0,9.2,1.3,1.9,82,354.0,9.6,11.9,0,0,0,0,0,0.0,0,-0.4,-2.78,2.38,2.5,3.3,0.0,0.0,0,41.0,21.0,51.2,182.0,68.0,37.4,0.0,6.0,0.0,0.0,0.0,21.0,23.0,89.0,57.0
FC Barcelona,Tomas Satoransky,13,Tomas Satoransky,37,24.9,921.7,259.0,7.0,90.0,183.0,49.2,46.0,94.0,48.9,33.0,45.0,73.3,30.0,94.0,124.0,158.0,27.0,5.0,51.0,71.0,214.8,13.1,9.0,5.5,4.3,357,616.0,16.6,21.4,0,0,0,0,0,0.0,0,2.25,-1.81,4.06,2.3,2.2,0.0,0.0,0,89.0,44.0,49.4,94.0,46.0,48.9,0.0,11.0,0.0,0.0,0.0,51.0,22.0,30.0,52.0
Olympiacos Piraeus,Thomas Walkup,0,Thomas Walkup,37,24.0,888.8,196.0,5.3,70.0,170.0,41.2,36.0,98.0,36.7,20.0,26.0,76.9,24.0,74.0,98.0,212.0,33.0,1.0,55.0,87.0,203.9,12.5,6.2,6.7,3.1,430,626.0,16.9,19.7,0,0,0,0,0,0.0,0,1.83,-2.5,4.34,1.4,2.6,0.0,0.0,0,72.0,34.0,47.2,98.0,36.0,36.7,0.0,9.0,0.0,0.0,0.0,55.0,17.0,21.0,33.0
Virtus Bologna,Karim Jallow,34,Karim Jallow,37,21.0,777.4,195.0,5.3,76.0,163.0,46.6,14.0,46.0,30.4,29.0,48.0,60.4,30.0,72.0,102.0,36.0,17.0,4.0,35.0,58.0,181.6,12.8,7.1,1.3,3.7,88,283.0,7.6,10.2,0,0,0,0,0,0.0,0,-4.8,-6.73,1.93,3.3,4.6,0.0,0.0,0,117.0,62.0,53,46.0,14.0,30.4,0.0,1.0,0.0,0.0,0.0,35.0,22.0,50.0,48.0
Hapoel IBI Tel Aviv,Tai Odiase,21,Tai Odiase,37,9.3,345.8,102.0,2.8,41.0,68.0,60.3,0.0,0.0,0,20.0,27.0,74.1,14.0,36.0,50.0,10.0,11.0,7.0,12.0,44.0,74.8,11.7,3.3,0.3,1.6,21,123.0,3.3,3.9,0,0,0,0,0,0.0,0,-1.41,-5.57,4.16,3.7,4.2,0.0,0.0,0,68.0,41.0,60.3,0.0,0.0,0,0.0,0.0,0.0,0.0,0.0,12.0,12.0,15.0,12.0
Virtus Bologna,Carsen Edwards,3,Carsen Edwards,36,25.4,915.3,623.0,17.3,225.0,571.0,39.4,90.0,282.0,31.9,83.0,104.0,79.8,12.0,69.0,81.0,84.0,31.0,3.0,92.0,66.0,668.9,40.2,22.5,3.0,2.9,167,790.0,21.9,28.6,0,0,0,0,0,0.0,0,-4.86,-4.39,-0.48,2.3,3.1,0.0,0.0,0,289.0,135.0,46.7,282.0,90.0,31.9,0.0,42.0,0.0,0.0,0.0,92.0,26.0,151.0,89.0
Paris Basketball,Justin Robinson,5,Justin Robinson,36,19.0,683.0,526.0,14.6,159.0,382.0,41.6,68.0,198.0,34.3,140.0,169.0,82.8,11.0,43.0,54.0,163.0,32.0,2.0,74.0,68.0,498.6,37.4,17.7,5.5,1.8,373,899.0,25.0,30.3,0,0,0,0,0,0.0,0,4.81,2.87,1.94,1.0,1.0,0.0,0.0,0,184.0,91.0,49.5,198.0,68.0,34.3,0.0,36.0,0.0,0.0,0.0,74.0,57.0,163.0,125.0
Dubai Basketball,Mfiondu Kabengele,17,Mfiondu Kabengele,36,22.2,801.0,511.0,14.2,197.0,350.0,56.3,21.0,65.0,32.3,96.0,117.0,82.1,72.0,146.0,218.0,43.0,26.0,26.0,36.0,93.0,350.9,23.8,18.2,1.5,7.7,103,614.0,17.1,21.8,0,0,0,0,0,0.0,0,4.02,0.86,3.16,5.0,2.4,0.0,0.0,0,285.0,176.0,61.8,65.0,21.0,32.3,0.0,2.0,0.0,0.0,0.0,36.0,83.0,69.0,65.0
Partizan Mozzart Bet Belgrade,Sterling Brown,12,Sterling Brown,36,28.1,1010.0,483.0,13.4,179.0,394.0,45.4,73.0,187.0,39,52.0,57.0,91.2,21.0,83.0,104.0,83.0,32.0,6.0,74.0,64.0,453.2,24.9,17.8,3.1,3.8,186,669.0,18.6,24.7,0,0,0,0,0,0.0,0,-1.3,-3.33,2.03,2.5,2.7,0.0,0.0,0,207.0,106.0,51.2,187.0,73.0,39,0.0,26.0,0.0,0.0,0.0,74.0,39.0,102.0,81.0
EA7 Emporio Armani Milan,Shavon Shields,31,Shavon Shields,36,26.1,941.4,443.0,12.3,149.0,337.0,44.2,67.0,179.0,37.4,78.0,89.0,87.6,24.0,88.0,112.0,95.0,25.0,3.0,50.0,69.0,386.1,22.9,16.1,3.5,4.1,217,660.0,18.3,24.1,0,0,0,0,0,0.0,0,0.36,-1.27,1.63,2.5,2.9,0.0,0.0,0,158.0,82.0,51.9,179.0,67.0,37.4,0.0,21.0,0.0,0.0,0.0,50.0,48.0,87.0,83.0
Maccabi Rapyd Tel Aviv,Jaylen Hoard,1,Jaylen Hoard,36,28.0,1008.4,411.0,11.4,151.0,286.0,52.8,14.0,46.0,30.4,95.0,110.0,86.4,78.0,169.0,247.0,45.0,30.0,9.0,38.0,60.0,282.6,14.8,14.1,1.5,8.5,115,526.0,14.6,18.1,0,0,0,0,0,0.0,0,-0.15,-1.94,1.8,4.4,3.6,0.0,0.0,0,240.0,137.0,57.1,46.0,14.0,30.4,0.0,0.0,0.0,0.0,0.0,38.0,72.0,68.0,84.0
Maccabi Rapyd Tel Aviv,O'Shae J Brissett,10,O'Shae J Brissett,36,24.6,885.2,314.0,8.7,99.0,229.0,43.2,32.0,100.0,32,84.0,102.0,82.4,64.0,120.0,184.0,29.0,32.0,10.0,32.0,101.0,232.2,13.8,10.8,1.0,6.3,65,379.0,10.5,13.0,0,0,0,0,0,0.0,0,-2.2,-4.02,1.81,4.1,4.2,0.0,0.0,0,129.0,67.0,51.9,100.0,32.0,32,0.0,4.0,0.0,0.0,0.0,32.0,76.0,67.0,61.0
EA7 Emporio Armani Milan,Quinn Ellis,3,Quinn Ellis,36,25.4,912.8,296.0,8.2,107.0,218.0,49.1,23.0,61.0,37.7,59.0,72.0,81.9,33.0,71.0,104.0,161.0,27.0,4.0,61.0,81.0,266.6,16.3,10.8,5.9,3.8,344,640.0,17.8,23.3,0,0,0,0,0,0.0,0,-0.01,-2.27,2.26,1.9,2.4,0.0,0.0,0,157.0,84.0,53.5,61.0,23.0,37.7,0.0,8.0,0.0,0.0,0.0,61.0,34.0,79.0,53.0
EA7 Emporio Armani Milan,Devin Booker,6,Devin Booker,36,20.0,718.3,296.0,8.2,107.0,215.0,49.8,16.0,56.0,28.6,66.0,87.0,75.9,53.0,74.0,127.0,32.0,12.0,5.0,33.0,69.0,223.9,17.4,10.8,1.2,4.6,83,379.0,10.5,13.8,0,0,0,0,0,0.0,0,-2.59,-3.53,0.95,3.9,3.9,0.0,0.0,0,159.0,91.0,57.2,56.0,16.0,28.6,0.0,0.0,0.0,0.0,0.0,33.0,57.0,45.0,46.0
Partizan Mozzart Bet Belgrade,Dylan Osetkowski,5,Dylan Osetkowski,36,19.0,684.0,242.0,6.7,84.0,192.0,43.8,38.0,103.0,36.9,36.0,40.0,90,32.0,65.0,97.0,36.0,34.0,4.0,13.0,75.0,183.0,14.8,8.9,1.3,3.6,84,326.0,9.1,12.0,0,0,0,0,0,0.0,0,0.22,-3.73,3.95,3.0,3.7,0.0,0.0,0,89.0,46.0,51.7,103.0,38.0,36.9,0.0,1.0,0.0,0.0,0.0,13.0,36.0,53.0,45.0
LDLC ASVEL Villeurbanne,Zachary Seljaas,1,Zachary Seljaas,36,20.2,727.5,241.0,6.7,79.0,222.0,35.6,51.0,169.0,30.2,32.0,35.0,91.4,33.0,74.0,107.0,41.0,15.0,1.0,11.0,77.0,206.8,15.6,8.6,1.5,3.8,78,319.0,8.9,11.4,0,0,0,0,0,0.0,0,-2.82,-4.71,1.89,3.3,4.0,0.0,0.0,0,53.0,28.0,52.8,169.0,51.0,30.2,0.0,3.0,0.0,0.0,0.0,11.0,44.0,60.0,67.0
FC Bayern Munich,Xavier Rathan-Mayes,4,Xavier Rathan-Mayes,36,13.5,487.2,233.0,6.5,83.0,240.0,34.6,33.0,129.0,25.6,34.0,48.0,70.8,9.0,46.0,55.0,59.0,14.0,3.0,35.0,55.0,275.6,31.3,8.5,2.1,2.0,125,358.0,9.9,13.0,0,0,0,0,0,0.0,0,-5.75,-7.17,1.42,2.6,3.7,0.0,0.0,0,111.0,50.0,45,129.0,33.0,25.6,0.0,22.0,0.0,0.0,0.0,35.0,22.0,38.0,49.0
FC Bayern Munich,Wenyen Gabriel,32,Wenyen Gabriel,36,16.9,610.0,220.0,6.1,98.0,177.0,55.4,2.0,11.0,18.2,22.0,49.0,44.9,62.0,65.0,127.0,29.0,22.0,25.0,54.0,101.0,182.9,16.6,8.0,1.1,4.6,66,286.0,7.9,10.4,0,0,0,0,0,0.0,0,-4.6,-8.45,3.85,5.0,3.9,0.0,0.0,0,166.0,96.0,57.8,11.0,2.0,18.2,0.0,0.0,0.0,0.0,0.0,54.0,37.0,41.0,34.0
FC Bayern Munich,Oscar Da Silva,1,Oscar Da Silva,36,15.5,557.0,216.0,6.0,90.0,151.0,59.6,3.0,16.0,18.8,33.0,36.0,91.7,59.0,67.0,126.0,30.0,19.0,12.0,27.0,60.0,129.4,12.9,7.8,1.1,4.6,63,279.0,7.8,10.1,0,0,0,0,0,0.0,0,0.7,-3.2,3.9,4.6,3.2,0.0,0.0,0,135.0,87.0,64.4,16.0,3.0,18.8,0.0,0.0,0.0,0.0,0.0,27.0,60.0,34.0,41.0
AS Monaco,Nemanja Nedovic,26,Nemanja Nedovic,36,13.1,470.4,214.0,5.9,74.0,159.0,46.5,40.0,98.0,40.8,26.0,30.0,86.7,8.0,34.0,42.0,48.0,19.0,4.0,23.0,71.0,179.7,20.5,6.6,1.5,1.3,87,301.0,8.4,9.3,0,0,0,0,0,0.0,0,0.74,-2.9,3.64,2.4,2.8,0.0,0.0,0,61.0,34.0,55.7,98.0,40.0,40.8,0.0,6.0,0.0,0.0,0.0,23.0,9.0,44.0,53.0
LDLC ASVEL Villeurbanne,Armel Traore,94,Armel Traore,36,15.9,572.2,209.0,5.8,86.0,153.0,56.2,21.0,60.0,35,16.0,24.0,66.7,48.0,78.0,126.0,18.0,16.0,13.0,37.0,66.0,146.5,14.0,7.5,0.6,4.5,36,245.0,6.8,8.8,0,0,0,0,0,0.0,0,-2.21,-4.97,2.76,4.7,3.5,0.0,0.0,0,93.0,65.0,69.9,60.0,21.0,35,0.0,0.0,0.0,0.0,0.0,37.0,32.0,36.0,52.0
Fenerbahce Beko Istanbul,Mikael Jantunen,18,Mikael Jantunen,36,18.6,669.0,189.0,5.2,57.0,148.0,38.5,29.0,90.0,32.2,46.0,53.0,86.8,39.0,75.0,114.0,24.0,15.0,8.0,24.0,113.0,150.1,12.6,6.1,0.8,3.7,54,243.0,6.8,7.9,0,0,0,0,0,0.0,0,-2.26,-6.16,3.9,3.8,4.4,0.0,0.0,0,58.0,28.0,48.3,90.0,29.0,32.2,0.0,1.0,0.0,0.0,0.0,24.0,29.0,14.0,25.0
Panathinaikos AKTOR Athens,Nikolaos Rogkavopoulos,17,Nikolaos Rogkavopoulos,36,11.6,418.9,189.0,5.2,69.0,149.0,46.3,26.0,81.0,32.1,25.0,28.0,89.3,22.0,47.0,69.0,16.0,7.0,3.0,11.0,47.0,144.3,19.0,5.9,0.5,2.2,38,227.0,6.3,7.1,0,0,0,0,0,0.0,0,-0.49,-2.32,1.83,3.8,3.7,0.0,0.0,0,68.0,43.0,63.2,81.0,26.0,32.1,0.0,0.0,0.0,0.0,0.0,11.0,36.0,35.0,34.0
LDLC ASVEL Villeurbanne,Bodian Massa,10,Bodian Massa,36,15.0,539.0,148.0,4.1,67.0,135.0,49.6,1.0,2.0,50,13.0,24.0,54.2,48.0,80.0,128.0,21.0,15.0,15.0,42.0,98.0,134.0,13.6,5.3,0.8,4.6,55,203.0,5.6,7.3,0,0,0,0,0,0.0,0,-7.36,-10.18,2.83,5.0,4.4,0.0,0.0,0,133.0,66.0,49.6,2.0,1.0,50,0.0,0.0,0.0,0.0,0.0,42.0,31.0,27.0,33.0
Anadolu Efes Istanbul,Kai Jones,88,Kai Jones,36,15.3,551.0,130.0,3.6,58.0,63.0,92.1,0.0,0.0,0,14.0,21.0,66.7,41.0,85.0,126.0,17.0,19.0,45.0,17.0,61.0,46.3,4.8,4.9,0.6,4.7,45,175.0,4.9,6.6,0,0,0,0,0,0.0,0,3.12,-3.51,6.64,5.0,3.6,0.0,0.0,0,63.0,58.0,92.1,0.0,0.0,0,0.0,0.0,0.0,0.0,0.0,17.0,20.0,29.0,36.0
Paris Basketball,Leopold Cavaliere,4,Leopold Cavaliere,36,14.0,503.6,112.0,3.1,48.0,99.0,48.5,7.0,27.0,25.9,9.0,16.0,56.2,39.0,75.0,114.0,28.0,17.0,2.0,17.0,57.0,80.7,8.2,3.8,0.9,3.8,68,180.0,5.0,6.1,0,0,0,0,0,0.0,0,-2.33,-5.8,3.47,3.8,4.5,0.0,0.0,0,72.0,41.0,56.9,27.0,7.0,25.9,0.0,0.0,0.0,0.0,0.0,17.0,16.0,35.0,33.0
Dubai Basketball,Awudu Abass,5,Awudu Abass,36,14.1,507.7,99.0,2.8,37.0,87.0,42.5,16.0,48.0,33.3,9.0,14.0,64.3,22.0,25.0,47.0,17.0,10.0,4.0,8.0,50.0,76.0,8.1,3.5,0.6,1.7,38,137.0,3.8,4.9,0,0,0,0,0,0.0,0,-3.18,-5.0,1.82,3.0,4.9,0.0,0.0,0,39.0,21.0,53.8,48.0,16.0,33.3,0.0,0.0,0.0,0.0,0.0,8.0,17.0,12.0,8.0
FC Bayern Munich,Andreas Obst,13,Andreas Obst,35,26.6,930.5,509.0,14.5,166.0,400.0,41.5,101.0,267.0,37.8,76.0,85.0,89.4,11.0,63.0,74.0,69.0,14.0,2.0,54.0,34.0,461.2,27.4,18.5,2.5,2.7,158,667.0,19.1,24.2,0,0,0,0,0,0.0,0,0.17,-0.96,1.13,2.4,2.6,0.0,0.0,0,133.0,65.0,48.9,267.0,101.0,37.8,0.0,34.0,0.0,0.0,0.0,54.0,63.0,105.0,89.0
Crvena Zvezda Meridianbet Belgrade,Chima Moneke,95,Chima Moneke,35,26.2,917.0,474.0,13.5,151.0,272.0,55.5,23.0,67.0,34.3,149.0,191.0,78,60.0,163.0,223.0,67.0,35.0,14.0,62.0,90.0,343.7,20.1,16.6,2.3,7.8,162,636.0,18.2,22.2,0,0,0,0,0,0.0,0,3.86,-1.18,5.04,4.1,2.4,0.0,0.0,0,205.0,128.0,62.4,67.0,23.0,34.3,0.0,4.0,0.0,0.0,0.0,62.0,50.0,141.0,83.0
Anadolu Efes Istanbul,Ercan Osmani,24,Ercan Osmani,35,24.1,844.3,370.0,10.6,142.0,270.0,52.6,34.0,81.0,42,52.0,66.0,78.8,42.0,119.0,161.0,46.0,17.0,5.0,71.0,84.0,314.9,21.1,13.9,1.7,6.1,108,478.0,13.7,18.0,0,0,0,0,0,0.0,0,-2.59,-5.08,2.49,4.0,3.0,0.0,0.0,0,189.0,108.0,57.1,81.0,34.0,42,0.0,5.0,0.0,0.0,0.0,71.0,64.0,47.0,92.0
EA7 Emporio Armani Milan,Marko Guduric,23,Marko Guduric,35,22.0,771.4,348.0,9.9,105.0,222.0,47.3,46.0,120.0,38.3,92.0,102.0,90.2,12.0,81.0,93.0,129.0,18.0,1.0,77.0,88.0,318.6,23.0,12.7,4.7,3.4,284,632.0,18.1,23.0,0,0,0,0,0,0.0,0,-0.22,-2.14,1.92,2.1,1.7,0.0,0.0,0,102.0,59.0,57.8,120.0,46.0,38.3,0.0,22.0,0.0,0.0,0.0,77.0,35.0,64.0,60.0
Fenerbahce Beko Istanbul,Devon Hall,20,Devon Hall,35,25.3,883.8,292.0,8.3,100.0,238.0,42,32.0,110.0,29.1,60.0,71.0,84.5,38.0,63.0,101.0,91.0,16.0,4.0,67.0,82.0,286.3,18.1,9.5,3.0,3.3,210,502.0,14.3,16.3,0,0,0,0,0,0.0,0,-2.27,-4.95,2.68,2.4,3.2,0.0,0.0,0,128.0,68.0,53.1,110.0,32.0,29.1,0.0,9.0,0.0,0.0,0.0,67.0,42.0,30.0,44.0
Fenerbahce Beko Istanbul,Nicolo Melli,4,Nicolo Melli,35,23.7,831.1,251.0,7.2,95.0,201.0,47.3,45.0,107.0,42.1,16.0,29.0,55.2,51.0,146.0,197.0,55.0,27.0,17.0,47.0,96.0,201.4,13.6,8.1,1.8,6.4,115,366.0,10.5,11.9,0,0,0,0,0,0.0,0,1.57,-3.67,5.24,4.1,3.7,0.0,0.0,0,94.0,50.0,53.2,107.0,45.0,42.1,0.0,3.0,0.0,0.0,0.0,47.0,46.0,21.0,53.0
Olympiacos Piraeus,Tyson Ward,3,Tyson Ward,35,19.1,668.1,247.0,7.1,87.0,192.0,45.3,19.0,72.0,26.4,54.0,79.0,68.4,25.0,76.0,101.0,82.0,19.0,5.0,39.0,84.0,231.1,18.9,7.8,2.6,3.2,170,417.0,11.9,13.1,0,0,0,0,0,0.0,0,-0.36,-4.86,4.51,2.9,3.6,0.0,0.0,0,120.0,68.0,56.7,72.0,19.0,26.4,0.0,2.0,0.0,0.0,0.0,39.0,38.0,78.0,57.0
Panathinaikos AKTOR Athens,Kenneth Faried,35,Kenneth Faried,35,13.1,460.1,202.0,5.8,82.0,135.0,60.7,0.0,1.0,0,38.0,58.0,65.5,65.0,73.0,138.0,10.0,12.0,22.0,32.0,66.0,122.4,14.7,6.3,0.3,4.3,22,224.0,6.4,7.0,0,0,0,0,0,0.0,0,-1.05,-3.73,2.67,5.0,3.7,0.0,0.0,0,134.0,82.0,61.2,1.0,0.0,0,0.0,0.0,0.0,0.0,0.0,32.0,47.0,20.0,39.0
LDLC ASVEL Villeurbanne,Melvin Ajinca,8,Melvin Ajinca,35,15.7,549.3,186.0,5.3,65.0,182.0,35.7,36.0,110.0,32.7,20.0,25.0,80,25.0,31.0,56.0,17.0,15.0,1.0,22.0,51.0,182.4,18.2,6.7,0.6,2.0,29,215.0,6.1,7.7,0,0,0,0,0,0.0,0,-5.63,-6.54,0.91,2.9,4.5,0.0,0.0,0,72.0,29.0,40.3,110.0,36.0,32.7,0.0,4.0,0.0,0.0,0.0,22.0,32.0,33.0,21.0
Anadolu Efes Istanbul,Cole Swider,21,Cole Swider,35,7.6,265.8,157.0,4.5,51.0,101.0,50.5,37.0,78.0,47.4,18.0,19.0,94.7,5.0,27.0,32.0,8.0,6.0,0.0,7.0,37.0,106.9,22.8,5.9,0.3,1.2,16,173.0,4.9,6.5,0,0,0,0,0,0.0,0,4.14,1.12,3.02,3.3,2.1,0.0,0.0,0,23.0,14.0,60.9,78.0,37.0,47.4,0.0,0.0,0.0,0.0,0.0,7.0,24.0,29.0,28.0
LDLC ASVEL Villeurbanne,David Lighty,23,David Lighty,35,17.5,612.8,140.0,4.0,53.0,128.0,41.4,21.0,64.0,32.8,13.0,18.0,72.2,26.0,36.0,62.0,38.0,12.0,2.0,18.0,56.0,122.8,11.0,5.0,1.4,2.2,74,214.0,6.1,7.7,0,0,0,0,0,0.0,0,-4.36,-6.36,2.01,2.8,4.2,0.0,0.0,0,64.0,32.0,50,64.0,21.0,32.8,0.0,0.0,0.0,0.0,0.0,18.0,27.0,31.0,29.0
Fenerbahce Beko Istanbul,Brandon Boston Jr,11,Brandon Boston Jr,35,9.5,331.3,135.0,3.9,50.0,110.0,45.5,15.0,46.0,32.6,20.0,26.0,76.9,20.0,26.0,46.0,8.0,13.0,5.0,11.0,37.0,107.9,18.2,4.4,0.3,1.5,19,154.0,4.4,5.0,0,0,0,0,0,0.0,0,0.05,-3.77,3.82,3.2,4.1,0.0,0.0,0,64.0,35.0,54.7,46.0,15.0,32.6,0.0,1.0,0.0,0.0,0.0,11.0,22.0,29.0,28.0
Dubai Basketball,Klemen Prepelic,7,Klemen Prepelic,35,10.4,363.1,97.0,2.8,26.0,70.0,37.1,18.0,56.0,32.1,27.0,34.0,79.4,4.0,27.0,31.0,49.0,12.0,0.0,20.0,68.0,96.9,14.5,3.4,1.7,1.1,90,187.0,5.3,6.6,0,0,0,0,0,0.0,0,-3.53,-6.27,2.75,2.0,3.3,0.0,0.0,0,14.0,8.0,57.1,56.0,18.0,32.1,0.0,5.0,0.0,0.0,0.0,20.0,20.0,24.0,15.0
FC Barcelona,Youssoupha Fall,19,Youssoupha Fall,35,3.9,134.8,52.0,1.5,22.0,32.0,68.8,0.0,0.0,0,8.0,13.0,61.5,15.0,25.0,40.0,4.0,2.0,3.0,3.0,15.0,24.7,10.3,1.8,0.1,1.4,10,62.0,1.8,2.2,0,0,0,0,0,0.0,0,1.29,-1.58,2.87,5.0,3.5,0.0,0.0,0,32.0,22.0,68.8,0.0,0.0,0,0.0,0.0,0.0,0.0,0.0,3.0,19.0,6.0,6.0
Virtus Bologna,Matthew Morgan,30,Matthew Morgan,34,19.9,677.8,458.0,13.5,134.0,287.0,46.7,62.0,169.0,36.7,128.0,140.0,91.4,7.0,47.0,54.0,76.0,11.0,0.0,50.0,59.0,375.9,30.5,16.6,2.8,2.0,144,602.0,17.7,21.8,0,0,0,0,0,0.0,0,2.53,1.07,1.46,2.2,1.1,0.0,0.0,0,118.0,72.0,61,169.0,62.0,36.7,0.0,14.0,0.0,0.0,0.0,50.0,38.0,127.0,103.0
FC Barcelona,Tornike Shengelia,23,Tornike Shengelia,34,24.9,848.2,422.0,12.4,152.0,283.0,53.7,23.0,63.0,36.5,95.0,116.0,81.9,51.0,106.0,157.0,90.0,26.0,11.0,62.0,97.0,331.2,22.0,14.7,3.1,5.5,203,625.0,18.4,21.7,0,0,0,0,0,0.0,0,2.13,-2.15,4.28,3.7,2.1,0.0,0.0,0,220.0,129.0,58.6,63.0,23.0,36.5,0.0,1.0,0.0,0.0,0.0,62.0,50.0,80.0,84.0
Paris Basketball,Amath M'Baye,22,Amath M'Baye,34,17.3,588.3,257.0,7.6,84.0,191.0,44,34.0,96.0,35.4,55.0,69.0,79.7,21.0,32.0,53.0,35.0,19.0,4.0,36.0,63.0,226.9,19.7,8.7,1.2,1.8,74,331.0,9.7,11.1,0,0,0,0,0,0.0,0,-2.52,-4.68,2.16,2.5,3.5,0.0,0.0,0,95.0,50.0,52.6,96.0,34.0,35.4,0.0,5.0,0.0,0.0,0.0,36.0,39.0,37.0,39.0
Anadolu Efes Istanbul,Rolands Smits,11,Rolands Smits,34,19.0,647.1,231.0,6.8,87.0,172.0,50.6,24.0,72.0,33.3,33.0,45.0,73.3,33.0,72.0,105.0,25.0,12.0,2.0,27.0,93.0,178.4,15.6,8.7,0.9,4.0,53,284.0,8.4,10.7,0,0,0,0,0,0.0,0,-3.56,-5.96,2.4,3.8,3.7,0.0,0.0,0,100.0,63.0,63,72.0,24.0,33.3,0.0,1.0,0.0,0.0,0.0,27.0,37.0,22.0,29.0
Valencia Basket,Braxton Key,7,Braxton Key,34,17.0,578.8,215.0,6.3,81.0,172.0,47.1,13.0,53.0,24.5,40.0,62.0,64.5,36.0,83.0,119.0,36.0,25.0,18.0,34.0,87.0,189.4,17.4,6.4,1.1,3.6,77,292.0,8.6,8.7,0,0,0,0,0,0.0,0,-1.9,-6.84,4.93,4.0,4.1,0.0,0.0,0,119.0,68.0,57.1,53.0,13.0,24.5,0.0,0.0,0.0,0.0,0.0,34.0,38.0,66.0,45.0
Paris Basketball,Yakuba Ouattara,24,Yakuba Ouattara,34,16.8,572.5,204.0,6.0,72.0,187.0,38.5,39.0,98.0,39.8,21.0,28.0,75,24.0,42.0,66.0,38.0,13.0,4.0,28.0,36.0,195.2,17.5,6.9,1.3,2.2,94,298.0,8.8,10.0,0,0,0,0,0,0.0,0,-2.95,-4.51,1.56,2.8,4.1,0.0,0.0,0,89.0,33.0,37.1,98.0,39.0,39.8,0.0,1.0,0.0,0.0,0.0,28.0,40.0,54.0,34.0
Dubai Basketball,Justin Anderson,10,Justin Anderson,34,22.8,774.9,202.0,5.9,69.0,148.0,46.6,36.0,88.0,40.9,28.0,32.0,87.5,26.0,73.0,99.0,43.0,14.0,18.0,21.0,85.0,150.8,10.6,7.2,1.5,3.5,79,281.0,8.3,10.0,0,0,0,0,0,0.0,0,-0.68,-3.64,2.96,3.6,4.1,0.0,0.0,0,60.0,33.0,55,88.0,36.0,40.9,0.0,5.0,0.0,0.0,0.0,21.0,40.0,24.0,34.0
Anadolu Efes Istanbul,Sehmus Hazer,2,Sehmus Hazer,34,12.7,431.8,186.0,5.5,67.0,164.0,40.9,18.0,61.0,29.5,34.0,45.0,75.6,8.0,23.0,31.0,34.0,12.0,0.0,28.0,37.0,195.6,25.7,7.0,1.3,1.2,80,266.0,7.8,10.0,0,0,0,0,0,0.0,0,-5.46,-6.47,1.01,2.2,3.6,0.0,0.0,0,103.0,49.0,47.6,61.0,18.0,29.5,0.0,4.0,0.0,0.0,0.0,28.0,16.0,35.0,41.0
Paris Basketball,Allan Dokossi,13,Allan Dokossi,34,16.2,549.9,170.0,5.0,76.0,106.0,71.7,0.0,0.0,0,18.0,44.0,40.9,68.0,118.0,186.0,53.0,42.0,5.0,61.0,83.0,113.6,10.6,5.7,1.8,6.3,133,303.0,8.9,10.2,0,0,0,0,0,0.0,0,0.49,-5.46,5.96,4.2,3.0,0.0,0.0,0,106.0,76.0,71.7,0.0,0.0,0,0.0,0.0,0.0,0.0,0.0,61.0,28.0,39.0,22.0
FC Bayern Munich,Niels Giffey,5,Niels Giffey,34,12.4,423.0,146.0,4.3,52.0,115.0,45.2,19.0,55.0,34.5,23.0,27.0,85.2,20.0,26.0,46.0,24.0,14.0,1.0,16.0,51.0,118.0,15.4,5.3,0.9,1.7,54,200.0,5.9,7.3,0,0,0,0,0,0.0,0,-2.08,-5.17,3.08,2.8,3.8,0.0,0.0,0,60.0,33.0,55,55.0,19.0,34.5,0.0,1.0,0.0,0.0,0.0,16.0,22.0,19.0,37.0
Dubai Basketball,Kenan Kamenjas,34,Kenan Kamenjas,34,8.9,304.1,115.0,3.4,45.0,82.0,54.9,0.0,2.0,0,25.0,37.0,67.6,35.0,59.0,94.0,15.0,9.0,1.0,17.0,37.0,77.1,13.8,4.1,0.5,3.3,36,151.0,4.4,5.4,0,0,0,0,0,0.0,0,-2.02,-3.81,1.78,4.7,3.9,0.0,0.0,0,80.0,45.0,56.2,2.0,0.0,0,0.0,0.0,0.0,0.0,0.0,17.0,10.0,12.0,14.0
Virtus Bologna,Daniel Hackett,23,Daniel Hackett,34,14.7,498.7,114.0,3.4,36.0,88.0,40.9,21.0,52.0,40.4,21.0,28.0,75,16.0,61.0,77.0,46.0,14.0,1.0,27.0,53.0,106.9,11.8,4.1,1.7,2.8,88,202.0,5.9,7.3,0,0,0,0,0,0.0,0,-2.9,-6.08,3.18,3.1,3.9,0.0,0.0,0,36.0,15.0,41.7,52.0,21.0,40.4,0.0,1.0,0.0,0.0,0.0,27.0,7.0,25.0,20.0
Fenerbahce Beko Istanbul,Onuralp Bitim,17,Onuralp Bitim,34,9.0,307.6,77.0,2.3,29.0,58.0,50,12.0,33.0,36.4,7.0,13.0,53.8,6.0,33.0,39.0,8.0,11.0,7.0,11.0,44.0,66.0,12.0,2.5,0.3,1.3,16,93.0,2.7,3.0,0,0,0,0,0,0.0,0,-0.74,-6.18,5.44,3.3,4.4,0.0,0.0,0,25.0,17.0,68,33.0,12.0,36.4,0.0,3.0,0.0,0.0,0.0,11.0,5.0,19.0,17.0
FC Barcelona,Juani Marcos,2,Juani Marcos,34,7.8,266.4,62.0,1.8,23.0,71.0,32.4,16.0,50.0,32,0.0,0.0,0,8.0,20.0,28.0,39.0,11.0,0.0,18.0,38.0,77.8,16.4,2.2,1.4,1.0,92,154.0,4.5,5.3,0,0,0,0,0,0.0,0,-3.94,-6.93,2.98,2.1,3.8,0.0,0.0,0,21.0,7.0,33.3,50.0,16.0,32,0.0,4.0,0.0,0.0,0.0,18.0,14.0,9.0,17.0
Crvena Zvezda Meridianbet Belgrade,Jordan Nwora,33,Jordan Nwora,33,27.2,896.9,562.0,17.0,198.0,420.0,47.1,62.0,171.0,36.3,104.0,129.0,80.6,22.0,126.0,148.0,52.0,38.0,9.0,76.0,65.0,509.5,30.5,19.6,1.8,5.2,99,661.0,20.0,23.1,0,0,0,0,0,0.0,0,1.54,-2.0,3.54,3.2,2.8,0.0,0.0,0,249.0,136.0,54.6,171.0,62.0,36.3,0.0,21.0,0.0,0.0,0.0,76.0,55.0,125.0,119.0
FC Barcelona,Will Clyburn,21,Will Clyburn,33,25.6,843.6,454.0,13.8,156.0,337.0,46.3,65.0,168.0,38.7,77.0,106.0,72.6,30.0,107.0,137.0,54.0,35.0,5.0,58.0,58.0,395.2,26.4,15.8,1.9,4.8,108,562.0,17.0,19.5,0,0,0,0,0,0.0,0,1.45,-1.67,3.12,3.3,2.9,0.0,0.0,0,169.0,91.0,53.8,168.0,65.0,38.7,0.0,21.0,0.0,0.0,0.0,58.0,51.0,96.0,108.0
Anadolu Efes Istanbul,Jordan Loyd,3,Jordan Loyd,33,23.5,777.0,381.0,11.5,116.0,287.0,40.4,53.0,152.0,34.9,96.0,112.0,85.7,20.0,63.0,83.0,61.0,21.0,3.0,42.0,80.0,343.9,25.1,14.3,2.3,3.1,129,510.0,15.5,19.2,0,0,0,0,0,0.0,0,-1.36,-3.56,2.2,2.7,2.8,0.0,0.0,0,135.0,63.0,46.7,152.0,53.0,34.9,0.0,10.0,0.0,0.0,0.0,42.0,46.0,72.0,71.0
FC Bayern Munich,Vladimir Lucic,11,Vladimir Lucic,33,23.2,764.6,265.0,8.0,86.0,183.0,47,27.0,78.0,34.6,66.0,76.0,86.8,27.0,98.0,125.0,49.0,17.0,2.0,28.0,63.0,208.7,15.1,9.6,1.8,4.5,106,371.0,11.2,13.5,0,0,0,0,0,0.0,0,-0.71,-4.16,3.45,3.4,3.4,0.0,0.0,0,105.0,59.0,56.2,78.0,27.0,34.6,0.0,2.0,0.0,0.0,0.0,28.0,24.0,64.0,49.0
Virtus Bologna,Mouhamet Diouf,35,Mouhamet Diouf,33,18.5,611.6,264.0,8.0,104.0,174.0,59.8,0.0,0.0,0,56.0,75.0,74.7,60.0,78.0,138.0,40.0,18.0,24.0,49.0,75.0,188.2,16.9,9.6,1.4,5.0,85,349.0,10.6,12.6,0,0,0,0,0,0.0,0,-1.13,-4.78,3.65,5.0,3.0,0.0,0.0,0,174.0,104.0,59.8,0.0,0.0,0,0.0,0.0,0.0,0.0,0.0,49.0,56.0,32.0,59.0
Crvena Zvezda Meridianbet Belgrade,Ebuka Izundu,15,Izundu Ebuka; Ebuka Izundu,33,14.0,462.3,257.0,7.8,106.0,148.0,71.6,0.0,0.0,0,45.0,59.0,76.3,78.0,58.0,136.0,12.0,14.0,18.0,20.0,83.0,111.3,12.9,9.0,0.4,4.8,24,281.0,8.5,9.8,0,0,0,0,0,0.0,0,3.72,-0.09,3.8,5.0,2.5,0.0,0.0,0,148.0,106.0,71.6,0.0,0.0,0,0.0,0.0,0.0,0.0,0.0,20.0,84.0,24.0,36.0
Valencia Basket,Sergio De Larrea,5,Sergio De Larrea,33,10.5,345.7,131.0,4.0,43.0,99.0,43.4,19.0,48.0,39.6,26.0,36.0,72.2,14.0,28.0,42.0,67.0,13.0,5.0,38.0,46.0,133.3,20.5,3.9,2.0,1.3,145,276.0,8.4,8.2,0,0,0,0,0,0.0,0,-0.47,-4.5,4.03,2.2,2.4,0.0,0.0,0,51.0,24.0,47.1,48.0,19.0,39.6,0.0,7.0,0.0,0.0,0.0,38.0,21.0,35.0,19.0
Anadolu Efes Istanbul,Erkan Yilmaz,33,Erkan Yilmaz,33,6.2,203.8,28.0,0.8,7.0,22.0,31.8,1.0,12.0,8.3,13.0,19.0,68.4,8.0,28.0,36.0,12.0,13.0,5.0,12.0,37.0,33.0,9.2,1.1,0.5,1.4,26,54.0,1.6,2.0,0,0,0,0,0,0.0,0,-3.68,-10.02,6.34,3.7,4.7,0.0,0.0,0,10.0,6.0,60,12.0,1.0,8.3,0.0,0.0,0.0,0.0,0.0,12.0,4.0,7.0,5.0
Panathinaikos AKTOR Athens,Panagiotis Kalaitzakis,5,Panagiotis Kalaitzakis,33,4.0,132.8,26.0,0.8,11.0,25.0,44,3.0,13.0,23.1,1.0,3.0,33.3,2.0,14.0,16.0,8.0,7.0,0.0,3.0,19.0,26.2,10.9,0.8,0.3,0.5,17,43.0,1.3,1.3,0,0,0,0,0,0.0,0,-2.35,-7.1,4.75,2.6,4.5,0.0,0.0,0,12.0,8.0,66.7,13.0,3.0,23.1,0.0,0.0,0.0,0.0,0.0,3.0,2.0,10.0,11.0
Partizan Mozzart Bet Belgrade,Bruno Fernando,24,Bruno Fernando,32,18.4,588.6,268.0,8.4,102.0,163.0,62.6,1.0,2.0,50,63.0,85.0,74.1,53.0,89.0,142.0,21.0,18.0,19.0,52.0,82.0,191.4,18.0,9.9,0.8,5.2,48,316.0,9.9,11.7,0,0,0,0,0,0.0,0,-2.28,-5.75,3.47,5.0,2.9,0.0,0.0,0,161.0,101.0,62.7,2.0,1.0,50,0.0,0.0,0.0,0.0,0.0,52.0,52.0,34.0,43.0
LDLC ASVEL Villeurbanne,Mbaye Ndiaye,24,Mbaye Ndiaye,32,23.6,756.8,246.0,7.7,98.0,194.0,50.5,13.0,72.0,18.1,37.0,67.0,55.2,55.0,100.0,155.0,40.0,37.0,45.0,46.0,69.0,205.9,14.9,8.8,1.4,5.6,88,334.0,10.4,12.0,0,0,0,0,0,0.0,0,-0.52,-5.47,4.95,5.0,3.8,0.0,0.0,0,122.0,85.0,69.7,72.0,13.0,18.1,0.0,0.0,0.0,0.0,0.0,46.0,54.0,73.0,63.0
Paris Basketball,Jeremy Morgan,20,Jeremy Morgan,32,17.7,566.8,168.0,5.2,58.0,133.0,43.6,41.0,97.0,42.3,11.0,14.0,78.6,31.0,48.0,79.0,49.0,26.0,6.0,25.0,67.0,127.8,11.5,5.7,1.7,2.7,115,283.0,8.8,9.5,0,0,0,0,0,0.0,0,0.55,-3.52,4.08,2.7,3.5,0.0,0.0,0,36.0,17.0,47.2,97.0,41.0,42.3,0.0,10.0,0.0,0.0,0.0,25.0,9.0,39.0,35.0
Maccabi Rapyd Tel Aviv,John Dibartolomeo,12,John Dibartolomeo,32,12.1,386.9,109.0,3.4,32.0,82.0,39,26.0,68.0,38.2,19.0,22.0,86.4,20.0,30.0,50.0,25.0,24.0,0.0,9.0,54.0,77.5,10.6,3.7,0.9,1.7,48,157.0,4.9,5.4,0,0,0,0,0,0.0,0,0.18,-3.52,3.7,2.5,4.0,0.0,0.0,0,14.0,6.0,42.9,68.0,26.0,38.2,0.0,4.0,0.0,0.0,0.0,9.0,22.0,34.0,31.0
Real Madrid,Alex Len,25,Alex Len,32,6.6,210.8,69.0,2.2,23.0,45.0,51.1,0.0,1.0,0,23.0,30.0,76.7,23.0,23.0,46.0,7.0,3.0,20.0,14.0,32.0,47.2,12.3,2.1,0.2,1.4,14,83.0,2.6,2.6,0,0,0,0,0,0.0,0,-1.3,-6.34,5.04,5.0,4.3,0.0,0.0,0,44.0,23.0,52.3,1.0,0.0,0,0.0,0.0,0.0,0.0,0.0,14.0,12.0,6.0,14.0
Fenerbahce Beko Istanbul,Armando Bacot Jr,0,Armando Bacot Jr,32,8.2,263.0,62.0,1.9,22.0,55.0,40,5.0,16.0,31.2,13.0,16.0,81.2,20.0,27.0,47.0,16.0,7.0,8.0,25.0,53.0,64.4,13.7,2.0,0.5,1.5,38,100.0,3.1,3.2,0,0,0,0,0,0.0,0,-5.27,-9.76,4.49,3.9,4.4,0.0,0.0,0,39.0,17.0,43.6,16.0,5.0,31.2,0.0,0.0,0.0,0.0,0.0,25.0,11.0,6.0,6.0
Fenerbahce Beko Istanbul,Metecan Birsen,1,Metecan Birsen,32,8.4,269.8,57.0,1.8,17.0,44.0,38.6,7.0,20.0,35,16.0,19.0,84.2,15.0,37.0,52.0,8.0,8.0,2.0,11.0,39.0,46.4,9.6,1.8,0.3,1.7,20,77.0,2.4,2.5,0,0,0,0,0,0.0,0,-2.4,-6.8,4.41,3.7,4.7,0.0,0.0,0,24.0,10.0,41.7,20.0,7.0,35,0.0,0.0,0.0,0.0,0.0,11.0,11.0,19.0,14.0
Crvena Zvezda Meridianbet Belgrade,Jared Butler,6,Jared Butler,31,19.9,618.1,408.0,13.2,148.0,340.0,43.5,56.0,164.0,34.1,56.0,69.0,81.2,19.0,48.0,67.0,114.0,21.0,1.0,59.0,81.0,393.9,34.2,14.3,4.0,2.3,234,642.0,20.7,22.4,0,0,0,0,0,0.0,0,2.2,-0.16,2.36,1.8,1.5,0.0,0.0,0,176.0,92.0,52.3,164.0,56.0,34.1,0.0,25.0,0.0,0.0,0.0,59.0,36.0,77.0,56.0
Zalgiris Kaunas,Nigel Williams-Goss,1,Nigel Williams-Goss,31,24.1,745.9,358.0,11.5,140.0,304.0,46.1,30.0,78.0,38.5,48.0,61.0,78.7,13.0,61.0,74.0,120.0,29.0,2.0,45.0,68.0,348.3,26.0,11.8,3.9,2.4,241,599.0,19.3,19.7,0,0,0,0,0,0.0,0,0.56,-2.42,2.98,1.7,2.5,0.0,0.0,0,226.0,110.0,48.7,78.0,30.0,38.5,0.0,8.0,0.0,0.0,0.0,45.0,35.0,76.0,63.0
AS Monaco,Nikola Mirotic,33,Nikola Mirotic,31,19.0,590.5,342.0,11.0,109.0,228.0,47.8,46.0,117.0,39.3,78.0,95.0,82.1,30.0,103.0,133.0,42.0,22.0,10.0,22.0,73.0,251.3,22.8,10.6,1.3,4.1,95,437.0,14.1,13.5,0,0,0,0,0,0.0,0,4.34,0.17,4.17,4.2,2.6,0.0,0.0,0,111.0,63.0,56.8,117.0,46.0,39.3,0.0,3.0,0.0,0.0,0.0,22.0,35.0,84.0,76.0
Virtus Bologna,Luca Vildoza,1,Luca Vildoza,31,21.3,659.6,235.0,7.6,85.0,188.0,45.2,36.0,103.0,35,29.0,35.0,82.9,11.0,57.0,68.0,136.0,43.0,0.0,45.0,65.0,227.9,19.0,8.5,4.9,2.5,294,529.0,17.1,19.1,0,0,0,0,0,0.0,0,1.39,-2.51,3.9,1.2,1.9,0.0,0.0,0,85.0,49.0,57.6,103.0,36.0,35,0.0,10.0,0.0,0.0,0.0,45.0,29.0,64.0,70.0
Virtus Bologna,Alen Smailagic,9,Alen Smailagic,31,16.5,511.1,229.0,7.4,81.0,171.0,47.4,29.0,83.0,34.9,38.0,50.0,76,23.0,55.0,78.0,29.0,19.0,6.0,25.0,57.0,187.2,20.1,8.3,1.0,2.8,75,304.0,9.8,11.0,0,0,0,0,0,0.0,0,-0.86,-3.71,2.85,3.5,3.4,0.0,0.0,0,88.0,52.0,59.1,83.0,29.0,34.9,0.0,2.0,0.0,0.0,0.0,25.0,33.0,18.0,34.0
LDLC ASVEL Villeurbanne,Shaquille Harrison,3,Shaquille Harrison,31,17.7,548.6,225.0,7.3,84.0,187.0,44.9,14.0,50.0,28,43.0,68.0,63.2,19.0,60.0,79.0,58.0,38.0,3.0,33.0,43.0,221.7,22.2,8.1,2.1,2.8,134,359.0,11.6,12.9,0,0,0,0,0,0.0,0,-0.06,-4.67,4.61,2.3,3.0,0.0,0.0,0,137.0,70.0,51.1,50.0,14.0,28,0.0,1.0,0.0,0.0,0.0,33.0,19.0,78.0,70.0
Maccabi Rapyd Tel Aviv,Jeffrey Dowtin Jr,21,Jeffrey Dowtin Jr,31,10.5,325.8,153.0,4.9,53.0,127.0,41.7,22.0,55.0,40,25.0,35.0,71.4,4.0,16.0,20.0,46.0,11.0,1.0,17.0,27.0,149.2,24.2,5.3,1.6,0.7,97,250.0,8.1,8.6,0,0,0,0,0,0.0,0,-1.4,-2.21,0.81,1.7,2.9,0.0,0.0,0,72.0,31.0,43.1,55.0,22.0,40,0.0,9.0,0.0,0.0,0.0,17.0,16.0,29.0,53.0
Partizan Mozzart Bet Belgrade,Nick Calathes,33,Nick Calathes,31,19.2,596.2,134.0,4.3,54.0,145.0,37.2,17.0,58.0,29.3,9.0,16.0,56.2,13.0,63.0,76.0,131.0,27.0,2.0,45.0,74.0,176.7,16.4,4.9,4.8,2.8,281,415.0,13.4,15.3,0,0,0,0,0,0.0,0,-3.37,-6.73,3.36,1.6,2.5,0.0,0.0,0,87.0,37.0,42.5,58.0,17.0,29.3,0.0,5.0,0.0,0.0,0.0,45.0,16.0,27.0,23.0
Virtus Bologna,Aliou Diarra,31,Aliou Diarra,31,9.6,298.0,126.0,4.1,55.0,80.0,68.8,0.0,0.0,0,16.0,29.0,55.2,37.0,50.0,87.0,20.0,7.0,17.0,16.0,53.0,68.9,12.7,4.6,0.7,3.1,43,169.0,5.5,6.1,0,0,0,0,0,0.0,0,1.01,-3.51,4.52,5.0,2.9,0.0,0.0,0,80.0,55.0,68.8,0.0,0.0,0,0.0,0.0,0.0,0.0,0.0,16.0,39.0,21.0,24.0
Partizan Mozzart Bet Belgrade,Aleksej Pokusevski,11,Aleksej Pokusevski,31,10.3,318.9,100.0,3.2,41.0,97.0,42.3,15.0,50.0,30,3.0,3.0,100,11.0,43.0,54.0,13.0,11.0,8.0,12.0,41.0,95.3,16.6,3.7,0.5,2.0,25,125.0,4.0,4.6,0,0,0,0,0,0.0,0,-3.43,-6.84,3.4,4.1,4.4,0.0,0.0,0,47.0,26.0,55.3,50.0,15.0,30,0.0,0.0,0.0,0.0,0.0,12.0,10.0,12.0,25.0
EA7 Emporio Armani Milan,Niccolo Mannion,1,Niccolo Mannion,31,8.2,254.0,93.0,3.0,36.0,92.0,39.1,16.0,44.0,36.4,5.0,9.0,55.6,1.0,13.0,14.0,45.0,2.0,0.0,24.0,26.0,114.2,25.1,3.4,1.6,0.5,81,174.0,5.6,6.3,0,0,0,0,0,0.0,0,-6.63,-5.41,-1.22,1.7,3.2,0.0,0.0,0,48.0,20.0,41.7,44.0,16.0,36.4,0.0,5.0,0.0,0.0,0.0,24.0,13.0,7.0,15.0
Partizan Mozzart Bet Belgrade,Arijan Lakic,19,Arijan Lakic,31,10.6,328.5,69.0,2.2,24.0,61.0,39.3,15.0,43.0,34.9,6.0,8.0,75,12.0,30.0,42.0,14.0,15.0,2.0,7.0,41.0,57.1,9.6,2.5,0.5,1.6,33,102.0,3.3,3.8,0,0,0,0,0,0.0,0,-2.47,-6.48,4.01,3.0,4.5,0.0,0.0,0,18.0,9.0,50,43.0,15.0,34.9,0.0,0.0,0.0,0.0,0.0,7.0,8.0,14.0,7.0
LDLC ASVEL Villeurbanne,Glynn Watson,30,Glynn Watson,30,25.6,767.2,426.0,14.2,150.0,329.0,45.6,64.0,152.0,42.1,62.0,74.0,83.8,12.0,59.0,71.0,93.0,27.0,2.0,42.0,81.0,375.9,26.9,15.3,3.3,2.5,211,637.0,21.2,22.8,0,0,0,0,0,0.0,0,1.81,-1.0,2.81,2.0,1.6,0.0,0.0,0,177.0,86.0,48.6,152.0,64.0,42.1,0.0,44.0,0.0,0.0,0.0,42.0,44.0,61.0,87.0
EA7 Emporio Armani Milan,Zach Leday,16,Zach Leday,30,24.6,738.7,394.0,13.1,127.0,251.0,50.6,51.0,103.0,49.5,89.0,108.0,82.4,26.0,100.0,126.0,27.0,15.0,10.0,29.0,49.0,289.5,21.9,14.4,1.0,4.6,49,443.0,14.8,16.1,0,0,0,0,0,0.0,0,2.19,0.27,1.92,4.0,3.0,0.0,0.0,0,148.0,76.0,51.4,103.0,51.0,49.5,0.0,1.0,0.0,0.0,0.0,29.0,42.0,80.0,53.0
Dubai Basketball,Davis Bertans,8,Davis Bertans,30,18.0,540.6,232.0,7.7,71.0,199.0,35.7,56.0,167.0,33.5,34.0,40.0,85,14.0,55.0,69.0,33.0,4.0,12.0,15.0,65.0,208.9,21.0,8.2,1.2,2.5,69,301.0,10.0,10.7,0,0,0,0,0,0.0,0,-1.66,-2.87,1.22,3.7,4.0,0.0,0.0,0,32.0,15.0,46.9,167.0,56.0,33.5,0.0,1.0,0.0,0.0,0.0,15.0,21.0,45.0,58.0
FC Bayern Munich,David Mccormack,33,David Mccormack,30,14.4,433.5,192.0,6.4,79.0,133.0,59.4,0.0,3.0,0,34.0,48.0,70.8,29.0,60.0,89.0,22.0,22.0,5.0,35.0,72.0,153.7,19.6,7.0,0.8,3.2,47,239.0,8.0,8.7,0,0,0,0,0,0.0,0,-2.07,-6.74,4.67,4.0,3.1,0.0,0.0,0,130.0,79.0,60.8,3.0,0.0,0,0.0,0.0,0.0,0.0,0.0,35.0,40.0,23.0,40.0
Crvena Zvezda Meridianbet Belgrade,Dejan Davidovac,7,Dejan Davidovac,30,10.0,299.0,55.0,1.8,21.0,38.0,55.3,5.0,12.0,41.7,8.0,11.0,72.7,17.0,27.0,44.0,9.0,9.0,2.0,5.0,36.0,29.6,5.3,1.9,0.3,1.5,13,68.0,2.3,2.4,0,0,0,0,0,0.0,0,-0.85,-5.1,4.25,3.3,4.6,0.0,0.0,0,26.0,16.0,61.5,12.0,5.0,41.7,0.0,0.0,0.0,0.0,0.0,5.0,16.0,8.0,12.0
EA7 Emporio Armani Milan,Bryant Dunston,42,Bryant Dunston,30,6.2,186.1,49.0,1.6,16.0,26.0,61.5,0.0,1.0,0,17.0,23.0,73.9,16.0,20.0,36.0,7.0,5.0,12.0,3.0,28.0,22.2,6.7,1.8,0.3,1.3,18,67.0,2.2,2.4,0,0,0,0,0,0.0,0,0.96,-3.39,4.35,5.0,4.1,0.0,0.0,0,25.0,16.0,64,1.0,0.0,0,0.0,0.0,0.0,0.0,0.0,3.0,8.0,0.0,5.0
Dubai Basketball,Dwayne Bacon,3,Dwayne Bacon,29,29.4,852.0,469.0,16.2,164.0,389.0,42.2,37.0,118.0,31.4,104.0,132.0,78.8,18.0,101.0,119.0,71.0,22.0,5.0,65.0,72.0,474.3,30.3,16.7,2.5,4.2,152,621.0,21.4,22.1,0,0,0,0,0,0.0,0,-3.91,-4.79,0.88,2.9,3.5,0.0,0.0,0,271.0,127.0,46.9,118.0,37.0,31.4,0.0,29.0,0.0,0.0,0.0,65.0,34.0,91.0,54.0
Maccabi Rapyd Tel Aviv,Lonnie Walker Iv,8,Lonnie Walker Iv,29,22.0,636.7,425.0,14.7,130.0,330.0,39.4,68.0,194.0,35.1,97.0,128.0,75.8,7.0,64.0,71.0,63.0,23.0,7.0,46.0,53.0,408.3,33.8,14.6,2.2,2.4,128,553.0,19.1,19.0,0,0,0,0,0,0.0,0,0.2,-0.92,1.12,2.6,2.6,0.0,0.0,0,136.0,62.0,45.6,194.0,68.0,35.1,0.0,40.0,0.0,0.0,0.0,46.0,33.0,108.0,68.0
EA7 Emporio Armani Milan,Leandro Bolmaro,10,Leandro Bolmaro,29,22.6,655.5,285.0,9.8,104.0,222.0,46.8,19.0,48.0,39.6,58.0,72.0,80.6,26.0,73.0,99.0,84.0,19.0,2.0,42.0,69.0,258.9,22.0,10.4,3.1,3.6,180,465.0,16.0,17.0,0,0,0,0,0,0.0,0,-1.0,-3.27,2.27,2.7,2.9,0.0,0.0,0,174.0,85.0,48.9,48.0,19.0,39.6,0.0,2.0,0.0,0.0,0.0,42.0,27.0,47.0,50.0
Anadolu Efes Istanbul,Isaia Cordinier,10,Isaia Cordinier,29,24.0,696.9,258.0,8.9,88.0,215.0,40.9,28.0,102.0,27.5,54.0,64.0,84.4,17.0,64.0,81.0,57.0,22.0,7.0,43.0,73.0,258.4,21.0,9.7,2.1,3.0,124,382.0,13.2,14.4,0,0,0,0,0,0.0,0,-3.32,-6.19,2.87,2.9,3.5,0.0,0.0,0,113.0,60.0,53.1,102.0,28.0,27.5,0.0,10.0,0.0,0.0,0.0,43.0,35.0,27.0,60.0
Crvena Zvezda Meridianbet Belgrade,Donatas Motiejunas,20,Donatas Motiejunas,29,11.4,330.4,163.0,5.6,61.0,102.0,59.8,5.0,14.0,35.7,36.0,60.0,60,21.0,27.0,48.0,20.0,8.0,0.0,19.0,30.0,121.3,19.7,5.7,0.7,1.7,35,198.0,6.8,6.9,0,0,0,0,0,0.0,0,0.24,-2.6,2.85,3.0,3.0,0.0,0.0,0,88.0,56.0,63.6,14.0,5.0,35.7,0.0,0.0,0.0,0.0,0.0,19.0,28.0,18.0,28.0
FC Bayern Munich,Johannes Voigtmann,7,Johannes Voigtmann,29,10.3,299.1,85.0,2.9,32.0,72.0,44.4,15.0,41.0,36.6,6.0,8.0,75,16.0,61.0,77.0,40.0,8.0,4.0,20.0,25.0,76.3,14.1,3.1,1.5,2.8,89,174.0,6.0,6.3,0,0,0,0,0,0.0,0,1.76,-3.57,5.32,4.1,3.1,0.0,0.0,0,31.0,17.0,54.8,41.0,15.0,36.6,0.0,1.0,0.0,0.0,0.0,20.0,12.0,7.0,16.0
FC Bayern Munich,Justus Hollatz,21,Justus Hollatz,29,14.9,433.4,77.0,2.7,26.0,62.0,41.9,14.0,31.0,45.2,11.0,15.0,73.3,19.0,38.0,57.0,74.0,23.0,0.0,26.0,58.0,72.6,9.3,2.8,2.7,2.1,167,244.0,8.4,8.9,0,0,0,0,0,0.0,0,-0.33,-5.54,5.2,1.9,3.0,0.0,0.0,0,31.0,12.0,38.7,31.0,14.0,45.2,0.0,8.0,0.0,0.0,0.0,26.0,7.0,15.0,10.0
Virtus Bologna,Nicola Akele,45,Nicola Akele,29,9.2,267.3,67.0,2.3,31.0,50.0,62,2.0,6.0,33.3,3.0,6.0,50,19.0,36.0,55.0,18.0,6.0,2.0,8.0,41.0,40.0,8.2,2.4,0.7,2.0,43,110.0,3.8,4.0,0,0,0,0,0,0.0,0,-2.23,-5.67,3.44,4.0,3.8,0.0,0.0,0,44.0,29.0,65.9,6.0,2.0,33.3,0.0,0.0,0.0,0.0,0.0,8.0,14.0,10.0,9.0
Paris Basketball,Derek Willis,35,Derek Willis,28,16.2,454.2,163.0,5.8,57.0,125.0,45.6,24.0,65.0,36.9,25.0,31.0,80.6,35.0,74.0,109.0,34.0,11.0,11.0,14.0,43.0,112.9,12.7,5.5,1.1,3.7,82,245.0,8.8,8.3,0,0,0,0,0,0.0,0,1.48,-2.2,3.68,4.3,3.5,0.0,0.0,0,60.0,33.0,55,65.0,24.0,36.9,0.0,2.0,0.0,0.0,0.0,14.0,42.0,39.0,40.0
Olympiacos Piraeus,Shaquielle Mckissic,77,Shaquielle Mckissic,28,11.1,311.7,116.0,4.1,39.0,86.0,45.3,10.0,39.0,25.6,28.0,44.0,63.6,7.0,25.0,32.0,39.0,19.0,0.0,10.0,30.0,104.0,18.3,3.7,1.2,1.0,87,203.0,7.2,6.4,0,0,0,0,0,0.0,0,2.42,-3.25,5.68,1.8,3.6,0.0,0.0,0,47.0,29.0,61.7,39.0,10.0,25.6,0.0,3.0,0.0,0.0,0.0,10.0,7.0,24.0,27.0
Crvena Zvezda Meridianbet Belgrade,Yago Dos Santos,99,Yago Dos Santos,28,9.2,258.3,65.0,2.3,19.0,79.0,24.1,11.0,52.0,21.2,16.0,18.0,88.9,3.0,16.0,19.0,54.0,6.0,0.0,28.0,36.0,107.4,22.3,2.3,1.9,0.7,112,177.0,6.3,6.2,0,0,0,0,0,0.0,0,-8.28,-8.85,0.57,1.6,3.3,0.0,0.0,0,27.0,8.0,29.6,52.0,11.0,21.2,0.0,6.0,0.0,0.0,0.0,28.0,8.0,20.0,18.0
Hapoel IBI Tel Aviv,Yam Madar,26,Yam Madar,28,5.5,155.3,50.0,1.8,15.0,53.0,28.3,4.0,25.0,16,16.0,19.0,84.2,4.0,13.0,17.0,22.0,9.0,1.0,6.0,17.0,60.8,21.2,1.6,0.7,0.5,48,98.0,3.5,3.1,0,0,0,0,0,0.0,0,-2.98,-6.52,3.54,2.0,3.9,0.0,0.0,0,28.0,11.0,39.3,25.0,4.0,16,0.0,1.0,0.0,0.0,0.0,6.0,9.0,12.0,4.0
Zalgiris Kaunas,Mantas Rubstavicius,17,Mantas Rubstavicius,28,2.6,73.5,31.0,1.1,9.0,25.0,36,7.0,16.0,43.8,6.0,6.0,100,2.0,8.0,10.0,3.0,1.0,0.0,4.0,13.0,28.5,21.6,1.0,0.1,0.3,7,38.0,1.4,1.3,0,0,0,0,0,0.0,0,-4.54,-6.13,1.6,3.3,4.0,0.0,0.0,0,9.0,2.0,22.2,16.0,7.0,43.8,0.0,1.0,0.0,0.0,0.0,4.0,3.0,3.0,0.0
Kosner Baskonia Vitoria-Gasteiz,Mamadi Diakite,1,Mamadi Diakite,27,21.0,566.7,263.0,9.7,97.0,179.0,54.2,24.0,68.0,35.3,45.0,53.0,84.9,38.0,86.0,124.0,32.0,24.0,32.0,45.0,71.0,200.9,18.9,12.7,1.5,6.0,68,331.0,12.3,16.0,0,0,0,0,0,0.0,0,0.86,-3.02,3.87,5.0,3.1,0.0,0.0,0,111.0,73.0,65.8,68.0,24.0,35.3,0.0,2.0,0.0,0.0,0.0,45.0,54.0,28.0,43.0
Kosner Baskonia Vitoria-Gasteiz,Clement Frisch,25,Clement Frisch,27,12.9,347.5,122.0,4.5,50.0,86.0,58.1,20.0,46.0,43.5,2.0,2.0,100,16.0,55.0,71.0,14.0,12.0,2.0,10.0,40.0,77.6,11.9,5.9,0.7,3.4,29,151.0,5.6,7.3,0,0,0,0,0,0.0,0,0.56,-2.11,2.67,3.9,3.6,0.0,0.0,0,40.0,30.0,75,46.0,20.0,43.5,0.0,0.0,0.0,0.0,0.0,10.0,15.0,31.0,41.0
Anadolu Efes Istanbul,Rodrigue Beaubois,1,Rodrigue Beaubois,27,9.6,260.5,108.0,4.0,44.0,93.0,47.3,15.0,42.0,35.7,5.0,5.0,100,2.0,24.0,26.0,23.0,12.0,4.0,10.0,19.0,99.1,21.6,4.1,0.9,1.0,55,163.0,6.0,6.1,0,0,0,0,0,0.0,0,1.31,-2.98,4.29,2.5,3.1,0.0,0.0,0,51.0,29.0,56.9,42.0,15.0,35.7,0.0,2.0,0.0,0.0,0.0,10.0,8.0,23.0,18.0
Panathinaikos AKTOR Athens,Marius Grigonis,40,Marius Grigonis,27,4.1,110.6,19.0,0.7,7.0,21.0,33.3,5.0,16.0,31.2,0.0,0.0,0,4.0,9.0,13.0,6.0,1.0,0.0,5.0,18.0,21.1,10.5,0.6,0.2,0.4,14,33.0,1.2,1.0,0,0,0,0,0,0.0,0,-6.74,-8.36,1.62,3.2,4.7,0.0,0.0,0,5.0,2.0,40,16.0,5.0,31.2,0.0,0.0,0.0,0.0,0.0,5.0,3.0,0.0,0.0
Paris Basketball,Jared Rhoden,8,Jared Rhoden,26,21.3,554.6,288.0,11.1,103.0,233.0,44.2,46.0,118.0,39,36.0,46.0,78.3,20.0,56.0,76.0,31.0,25.0,10.0,50.0,66.0,271.9,25.1,9.7,1.0,2.6,70,358.0,13.8,12.1,0,0,0,0,0,0.0,0,-1.82,-4.71,2.88,3.1,3.3,0.0,0.0,0,115.0,57.0,49.6,118.0,46.0,39,0.0,10.0,0.0,0.0,0.0,50.0,37.0,88.0,66.0
EA7 Emporio Armani Milan,Josh Nebo,32,Josh Nebo,26,21.5,560.2,265.0,10.2,98.0,145.0,67.6,0.0,1.0,0,69.0,104.0,66.3,56.0,86.0,142.0,14.0,7.0,22.0,28.0,48.0,156.2,15.6,9.7,0.5,5.2,36,301.0,11.6,11.0,0,0,0,0,0,0.0,0,0.77,-1.22,1.99,5.0,3.2,0.0,0.0,0,144.0,98.0,68.1,1.0,0.0,0,0.0,0.0,0.0,0.0,0.0,28.0,59.0,33.0,50.0
LDLC ASVEL Villeurbanne,Thomas Heurtel,7,Thomas Heurtel,26,18.7,486.7,229.0,8.8,81.0,193.0,42,30.0,81.0,37,37.0,46.0,80.4,2.0,36.0,38.0,134.0,12.0,0.0,67.0,38.0,267.1,30.1,8.2,4.8,1.4,285,514.0,19.8,18.4,0,0,0,0,0,0.0,0,-2.53,-2.16,-0.37,1.0,1.0,0.0,0.0,0,112.0,51.0,45.5,81.0,30.0,37,0.0,15.0,0.0,0.0,0.0,67.0,27.0,38.0,42.0
Kosner Baskonia Vitoria-Gasteiz,Matteo Spagnolo,10,Matteo Spagnolo,26,15.3,398.2,128.0,4.9,49.0,103.0,47.6,9.0,32.0,28.1,21.0,25.0,84,7.0,33.0,40.0,37.0,12.0,2.0,22.0,38.0,123.8,16.6,6.2,1.8,1.9,81,209.0,8.0,10.1,0,0,0,0,0,0.0,0,-3.7,-5.36,1.66,2.5,3.7,0.0,0.0,0,71.0,40.0,56.3,32.0,9.0,28.1,0.0,2.0,0.0,0.0,0.0,22.0,17.0,26.0,14.0
Crvena Zvezda Meridianbet Belgrade,Stefan Miljenovic,2,Stefan Miljenovic,26,3.4,89.5,29.0,1.1,6.0,19.0,31.6,3.0,10.0,30,14.0,17.0,82.4,1.0,9.0,10.0,9.0,3.0,1.0,4.0,17.0,28.3,17.0,1.0,0.3,0.3,18,47.0,1.8,1.6,0,0,0,0,0,0.0,0,-2.15,-6.94,4.79,2.8,3.7,0.0,0.0,0,9.0,3.0,33.3,10.0,3.0,30,0.0,0.0,0.0,0.0,0.0,4.0,3.0,10.0,5.0
LDLC ASVEL Villeurbanne,Adam Atamna,2,Adam Atamna,26,6.8,176.9,27.0,1.0,8.0,58.0,13.8,5.0,38.0,13.2,6.0,8.0,75,9.0,12.0,21.0,20.0,9.0,2.0,10.0,21.0,60.0,18.6,1.0,0.7,0.8,45,72.0,2.8,2.6,0,0,0,0,0,0.0,0,-10.77,-12.03,1.26,2.5,4.2,0.0,0.0,0,20.0,3.0,15,38.0,5.0,13.2,0.0,2.0,0.0,0.0,0.0,10.0,0.0,6.0,4.0
Hapoel IBI Tel Aviv,Bar Timor,10,Bar Timor,26,2.2,57.8,20.0,0.8,8.0,15.0,53.3,3.0,5.0,60,1.0,1.0,100,0.0,5.0,5.0,6.0,5.0,0.0,2.0,8.0,16.7,15.7,0.6,0.2,0.2,15,35.0,1.3,1.1,0,0,0,0,0,0.0,0,3.8,-3.41,7.21,2.0,3.4,0.0,0.0,0,10.0,5.0,50,5.0,3.0,60,0.0,0.0,0.0,0.0,0.0,2.0,3.0,4.0,2.0
Dubai Basketball,Nemanja Dangubic,2,Nemanja Dangubic,26,4.1,107.4,16.0,0.6,7.0,20.0,35,1.0,5.0,20,1.0,3.0,33.3,11.0,12.0,23.0,6.0,0.0,0.0,2.0,25.0,11.8,6.0,0.6,0.2,0.8,10,26.0,1.0,0.9,0,0,0,0,0,0.0,0,-8.43,-9.06,0.63,4.1,4.8,0.0,0.0,0,15.0,6.0,40,5.0,1.0,20,0.0,0.0,0.0,0.0,0.0,2.0,7.0,0.0,4.0
Kosner Baskonia Vitoria-Gasteiz,Timothe Luwawu-Cabarrot,9,Timothe Luwawu-Cabarrot,25,24.5,611.9,438.0,17.5,138.0,306.0,45.1,57.0,152.0,37.5,105.0,117.0,89.7,15.0,74.0,89.0,47.0,10.0,2.0,41.0,57.0,368.1,32.0,21.2,2.3,4.3,97,535.0,21.4,25.9,0,0,0,0,0,0.0,0,0.88,0.27,0.61,3.2,2.1,0.0,0.0,0,154.0,81.0,52.6,152.0,57.0,37.5,0.0,10.0,0.0,0.0,0.0,41.0,31.0,93.0,73.0
Kosner Baskonia Vitoria-Gasteiz,Kobi Simmons,2,Kobi Simmons,25,22.6,564.5,285.0,11.4,100.0,206.0,48.5,23.0,85.0,27.1,62.0,68.0,91.2,6.0,29.0,35.0,70.0,19.0,1.0,36.0,58.0,255.3,24.1,13.8,3.4,1.7,167,452.0,18.1,21.9,0,0,0,0,0,0.0,0,-1.64,-2.6,0.96,1.7,2.3,0.0,0.0,0,121.0,77.0,63.6,85.0,23.0,27.1,0.0,6.0,0.0,0.0,0.0,36.0,18.0,58.0,85.0
Anadolu Efes Istanbul,Pj Dozier,15,Pj Dozier,25,22.5,562.7,248.0,9.9,94.0,248.0,37.9,32.0,94.0,34,28.0,40.0,70,15.0,46.0,61.0,64.0,27.0,4.0,40.0,62.0,279.0,28.1,9.3,2.4,2.3,147,395.0,15.8,14.9,0,0,0,0,0,0.0,0,-3.89,-6.32,2.42,2.3,3.5,0.0,0.0,0,154.0,62.0,40.3,94.0,32.0,34,0.0,7.0,0.0,0.0,0.0,40.0,20.0,18.0,40.0
Kosner Baskonia Vitoria-Gasteiz,Trent Forrest,11,Trent Forrest,25,21.9,546.6,247.0,9.9,72.0,162.0,44.4,14.0,47.0,29.8,89.0,105.0,84.8,10.0,46.0,56.0,97.0,17.0,7.0,32.0,40.0,221.0,21.5,12.0,4.7,2.7,217,464.0,18.6,22.5,0,0,0,0,0,0.0,0,1.08,-1.06,2.14,2.0,1.9,0.0,0.0,0,115.0,58.0,50.4,47.0,14.0,29.8,0.0,5.0,0.0,0.0,0.0,32.0,19.0,65.0,42.0
Crvena Zvezda Meridianbet Belgrade,Ognjen Dobric,13,Ognjen Dobric,25,12.1,302.5,121.0,4.8,43.0,95.0,45.3,27.0,61.0,44.3,8.0,8.0,100,19.0,25.0,44.0,8.0,10.0,0.0,5.0,29.0,81.1,14.4,4.2,0.3,1.5,12,133.0,5.3,4.6,0,0,0,0,0,0.0,0,1.74,-1.24,2.98,3.1,3.9,0.0,0.0,0,34.0,16.0,47.1,61.0,27.0,44.3,0.0,0.0,0.0,0.0,0.0,5.0,22.0,34.0,29.0
Kosner Baskonia Vitoria-Gasteiz,Gytis Radzevicius,17,Gytis Radzevicius,25,17.7,442.9,118.0,4.7,46.0,91.0,50.5,14.0,40.0,35,12.0,14.0,85.7,22.0,38.0,60.0,15.0,7.0,2.0,8.0,41.0,79.8,9.6,5.7,0.7,2.9,39,157.0,6.3,7.6,0,0,0,0,0,0.0,0,-2.85,-3.95,1.1,3.4,4.4,0.0,0.0,0,51.0,32.0,62.7,40.0,14.0,35,0.0,2.0,0.0,0.0,0.0,8.0,13.0,24.0,26.0
Maccabi Rapyd Tel Aviv,Tj Leaf,22,Tj Leaf,24,18.2,436.9,219.0,9.1,87.0,142.0,61.3,5.0,12.0,41.7,40.0,47.0,85.1,47.0,65.0,112.0,26.0,10.0,11.0,11.0,39.0,121.6,14.7,7.5,0.9,3.9,55,274.0,11.4,9.4,0,0,0,0,0,0.0,0,3.12,0.78,2.34,4.9,2.8,0.0,0.0,0,130.0,82.0,63.1,12.0,5.0,41.7,0.0,0.0,0.0,0.0,0.0,11.0,63.0,30.0,47.0
Olympiacos Piraeus,Frank Ntilikina,1,Frank Ntilikina,24,16.4,393.8,109.0,4.5,37.0,97.0,38.1,19.0,52.0,36.5,16.0,19.0,84.2,11.0,15.0,26.0,39.0,11.0,10.0,30.0,70.0,119.4,16.6,3.4,1.2,0.8,74,183.0,7.6,5.8,0,0,0,0,0,0.0,0,-3.25,-7.46,4.22,2.9,4.2,0.0,0.0,0,45.0,18.0,40,52.0,19.0,36.5,0.0,4.0,0.0,0.0,0.0,30.0,15.0,6.0,25.0
Virtus Bologna,Alessandro Pajola,6,Alessandro Pajola,24,19.1,458.0,96.0,4.0,31.0,88.0,35.2,16.0,59.0,27.1,18.0,27.0,66.7,9.0,56.0,65.0,101.0,26.0,6.0,28.0,69.0,114.1,13.7,3.5,3.7,2.4,215,311.0,13.0,11.3,0,0,0,0,0,0.0,0,-0.08,-5.58,5.51,2.1,2.7,0.0,0.0,0,29.0,15.0,51.7,59.0,16.0,27.1,0.0,6.0,0.0,0.0,0.0,28.0,14.0,22.0,22.0
Partizan Mozzart Bet Belgrade,Mitar Bosnjakovic,8,Mitar Bosnjakovic,24,0.4,9.4,0.0,0.0,0.0,0.0,0,0.0,0.0,0,0.0,0.0,0,1.0,0.0,1.0,0.0,0.0,0.0,0.0,1.0,0.0,0.0,0.0,0.0,0.0,0,0.0,0.0,0.0,0,0,0,0,0,0.0,0,-7.25,-7.58,0.32,3.1,4.3,0.0,0.0,0,0.0,0.0,0,0.0,0.0,0,0.0,0.0,0.0,0.0,0.0,0.0,0.0,0.0,0.0
Partizan Mozzart Bet Belgrade,Duane Washington,4,Duane Washington,23,21.6,495.9,337.0,14.7,123.0,275.0,44.7,48.0,128.0,37.5,43.0,53.0,81.1,4.0,30.0,34.0,58.0,14.0,0.0,38.0,48.0,319.0,35.6,12.4,2.1,1.3,105,442.0,19.2,16.3,0,0,0,0,0,0.0,0,0.27,-0.88,1.16,1.9,1.6,0.0,0.0,0,147.0,75.0,51,128.0,48.0,37.5,0.0,29.0,0.0,0.0,0.0,38.0,19.0,71.0,72.0
Kosner Baskonia Vitoria-Gasteiz,Eugene Omoruyi,5,Eugene Omoruyi,23,20.2,465.2,246.0,10.7,75.0,175.0,42.9,21.0,66.0,31.8,75.0,96.0,78.1,35.0,51.0,86.0,43.0,14.0,4.0,45.0,46.0,218.2,25.0,11.9,2.1,4.2,86,332.0,14.4,16.1,0,0,0,0,0,0.0,0,-2.5,-3.38,0.88,3.5,3.0,0.0,0.0,0,109.0,54.0,49.5,66.0,21.0,31.8,0.0,1.0,0.0,0.0,0.0,45.0,43.0,39.0,59.0
Paris Basketball,Lamar Stevens,9,Lamar Stevens,23,20.0,459.1,215.0,9.3,79.0,171.0,46.2,20.0,48.0,41.7,37.0,47.0,78.7,22.0,55.0,77.0,19.0,7.0,14.0,24.0,52.0,185.9,20.7,7.2,0.6,2.6,41,256.0,11.1,8.6,0,0,0,0,0,0.0,0,-2.59,-4.98,2.39,4.1,3.7,0.0,0.0,0,123.0,59.0,48,48.0,20.0,41.7,0.0,0.0,0.0,0.0,0.0,24.0,30.0,62.0,36.0
Dubai Basketball,Aleksa Avramovic,4,Aleksa Avramovic,23,16.3,374.5,205.0,8.9,67.0,159.0,42.1,31.0,92.0,33.7,40.0,51.0,78.4,13.0,30.0,43.0,65.0,28.0,3.0,29.0,37.0,189.5,27.5,7.3,2.3,1.5,135,340.0,14.8,12.1,0,0,0,0,0,0.0,0,4.53,0.71,3.82,1.4,2.0,0.0,0.0,0,67.0,36.0,53.7,92.0,31.0,33.7,0.0,11.0,0.0,0.0,0.0,29.0,16.0,47.0,38.0
Partizan Mozzart Bet Belgrade,Shake Milton,2,Shake Milton,23,17.8,409.6,152.0,6.6,55.0,128.0,43,9.0,33.0,27.3,33.0,39.0,84.6,11.0,21.0,32.0,54.0,10.0,3.0,30.0,46.0,157.6,21.3,5.6,2.0,1.2,122,274.0,11.9,10.1,0,0,0,0,0,0.0,0,-4.51,-6.29,1.78,2.2,2.9,0.0,0.0,0,95.0,46.0,48.4,33.0,9.0,27.3,0.0,1.0,0.0,0.0,0.0,30.0,15.0,30.0,22.0
LDLC ASVEL Villeurbanne,Edwin Jackson,11,Edwin Jackson,23,14.4,330.2,137.0,6.0,49.0,121.0,40.5,25.0,61.0,41,14.0,21.0,66.7,4.0,18.0,22.0,27.0,1.0,1.0,20.0,37.0,140.4,23.3,4.9,1.0,0.8,53,190.0,8.3,6.8,0,0,0,0,0,0.0,0,-5.84,-6.05,0.21,2.6,3.3,0.0,0.0,0,60.0,24.0,40,61.0,25.0,41,0.0,4.0,0.0,0.0,0.0,20.0,13.0,14.0,17.0
Maccabi Rapyd Tel Aviv,Gur Lavi,4,Gur Lavi; Lavi Gur,23,7.3,168.8,59.0,2.6,23.0,38.0,60.5,5.0,12.0,41.7,8.0,10.0,80,9.0,17.0,26.0,5.0,5.0,1.0,12.0,25.0,43.6,13.6,2.0,0.2,0.9,14,73.0,3.2,2.5,0,0,0,0,0,0.0,0,-3.94,-5.85,1.91,3.5,3.8,0.0,0.0,0,26.0,18.0,69.2,12.0,5.0,41.7,0.0,0.0,0.0,0.0,0.0,12.0,8.0,11.0,14.0
Panathinaikos AKTOR Athens,Vassilis Toliopoulos,27,Vassilis Toliopoulos,23,4.2,95.6,52.0,2.3,16.0,47.0,34,11.0,32.0,34.4,9.0,9.0,100,2.0,4.0,6.0,11.0,2.0,0.0,2.0,12.0,48.9,28.3,1.6,0.3,0.2,24,76.0,3.3,2.4,0,0,0,0,0,0.0,0,-0.44,-1.35,0.91,2.3,3.4,0.0,0.0,0,15.0,5.0,33.3,32.0,11.0,34.4,0.0,6.0,0.0,0.0,0.0,2.0,3.0,10.0,10.0
Kosner Baskonia Vitoria-Gasteiz,Rafa Villar,4,Rafa Villar,23,5.3,122.6,13.0,0.6,5.0,12.0,41.7,0.0,4.0,0,3.0,3.0,100,3.0,12.0,15.0,10.0,6.0,1.0,2.0,24.0,11.8,5.1,0.6,0.5,0.7,19,32.0,1.4,1.5,0,0,0,0,0,0.0,0,-3.45,-7.94,4.49,2.8,4.5,0.0,0.0,0,8.0,5.0,62.5,4.0,0.0,0,0.0,0.0,0.0,0.0,0.0,2.0,0.0,8.0,2.0
Panathinaikos AKTOR Athens,Omer Yurtseven,77,Omer Yurtseven,22,10.9,240.4,119.0,5.4,47.0,74.0,63.5,0.0,0.0,0,25.0,31.0,80.6,25.0,41.0,66.0,12.0,8.0,12.0,14.0,38.0,73.6,16.9,3.7,0.4,2.1,29,148.0,6.7,4.6,0,0,0,0,0,0.0,0,2.73,-2.06,4.79,5.0,2.9,0.0,0.0,0,74.0,47.0,63.5,0.0,0.0,0,0.0,0.0,0.0,0.0,0.0,14.0,20.0,6.0,15.0
Paris Basketball,Daulton Hommes,34,Daulton Hommes,22,13.0,285.3,101.0,4.6,31.0,67.0,46.3,23.0,51.0,45.1,16.0,21.0,76.2,13.0,30.0,43.0,13.0,6.0,5.0,13.0,44.0,73.2,13.1,3.4,0.4,1.4,26,127.0,5.8,4.3,0,0,0,0,0,0.0,0,-1.15,-4.35,3.2,3.6,3.6,0.0,0.0,0,16.0,8.0,50,51.0,23.0,45.1,0.0,7.0,0.0,0.0,0.0,13.0,11.0,22.0,17.0
Zalgiris Kaunas,Dovydas Giedraitis,9,Dovydas Giedraitis,22,11.3,249.7,36.0,1.6,14.0,37.0,37.8,6.0,21.0,28.6,2.0,4.0,50,12.0,16.0,28.0,24.0,7.0,0.0,11.0,31.0,36.2,8.1,1.2,0.8,0.9,49,85.0,3.9,2.8,0,0,0,0,0,0.0,0,-3.11,-6.47,3.36,2.5,4.4,0.0,0.0,0,16.0,8.0,50,21.0,6.0,28.6,0.0,2.0,0.0,0.0,0.0,11.0,12.0,7.0,5.0
Valencia Basket,Isaac Nogues,32,Isaac Nogues,22,1.9,42.3,0.0,0.0,0.0,4.0,0,0.0,2.0,0,0.0,0.0,0,2.0,7.0,9.0,6.0,5.0,0.0,2.0,16.0,3.8,4.8,0.0,0.2,0.3,12,12.0,0.5,0.4,0,0,0,0,0,0.0,0,-5.11,-15.16,10.05,2.7,4.1,0.0,0.0,0,2.0,0.0,0,2.0,0.0,0,0.0,0.0,0.0,0.0,0.0,2.0,0.0,0.0,0.0
FC Barcelona,Nicolas Laprovittola,20,Nicolas Laprovittola,20,16.8,336.7,160.0,8.0,53.0,125.0,42.4,31.0,88.0,35.2,23.0,25.0,92,3.0,19.0,22.0,77.0,14.0,0.0,41.0,48.0,167.0,27.9,5.6,2.7,0.8,165,325.0,16.2,11.3,0,0,0,0,0,0.0,0,-0.5,-1.89,1.38,1.1,1.1,0.0,0.0,0,37.0,22.0,59.5,88.0,31.0,35.2,0.0,16.0,0.0,0.0,0.0,41.0,20.0,14.0,23.0
Kosner Baskonia Vitoria-Gasteiz,Rodions Kurucs,7,Rodions Kurucs,20,22.1,441.9,155.0,7.8,58.0,130.0,44.6,23.0,55.0,41.8,16.0,27.0,59.3,33.0,50.0,83.0,32.0,18.0,1.0,28.0,47.0,131.4,15.8,7.5,1.5,4.0,72,227.0,11.3,11.0,0,0,0,0,0,0.0,0,-2.51,-4.08,1.57,3.3,3.9,0.0,0.0,0,75.0,35.0,46.7,55.0,23.0,41.8,0.0,5.0,0.0,0.0,0.0,28.0,30.0,14.0,17.0
Panathinaikos AKTOR Athens,Richaun Holmes,8,Richaun Holmes,20,17.8,356.2,150.0,7.5,58.0,90.0,64.4,0.0,0.0,0,34.0,50.0,68,40.0,41.0,81.0,7.0,5.0,9.0,15.0,54.0,83.5,13.0,4.7,0.2,2.5,15,165.0,8.2,5.2,0,0,0,0,0,0.0,0,-1.41,-3.48,2.07,5.0,3.6,0.0,0.0,0,90.0,58.0,64.4,0.0,0.0,0,0.0,0.0,0.0,0.0,0.0,15.0,43.0,9.0,23.0
FC Bayern Munich,Stefan Jovic,16,Stefan Jovic,20,17.6,351.1,100.0,5.0,40.0,80.0,50,11.0,29.0,37.9,9.0,12.0,75,7.0,28.0,35.0,82.0,20.0,0.0,32.0,39.0,105.9,16.7,3.6,3.0,1.3,172,272.0,13.6,9.9,0,0,0,0,0,0.0,0,-0.18,-4.15,3.96,1.1,1.7,0.0,0.0,0,51.0,29.0,56.9,29.0,11.0,37.9,0.0,1.0,0.0,0.0,0.0,32.0,11.0,22.0,31.0
Dubai Basketball,Kosta Kondic,11,Kosta Kondic,20,9.4,188.0,71.0,3.5,22.0,54.0,40.7,12.0,38.0,31.6,15.0,17.0,88.2,5.0,15.0,20.0,17.0,12.0,0.0,7.0,34.0,60.9,17.6,2.5,0.6,0.7,33,104.0,5.2,3.7,0,0,0,0,0,0.0,0,-0.19,-4.44,4.26,2.1,3.5,0.0,0.0,0,16.0,10.0,62.5,38.0,12.0,31.6,0.0,2.0,0.0,0.0,0.0,7.0,6.0,24.0,20.0
Hapoel IBI Tel Aviv,Tyler Ennis,11,Tyler Ennis,20,4.2,83.7,45.0,2.2,12.0,29.0,41.4,9.0,18.0,50,12.0,15.0,80,2.0,6.0,8.0,6.0,3.0,0.0,6.0,15.0,38.0,24.6,1.4,0.2,0.3,14,59.0,3.0,1.9,0,0,0,0,0,0.0,0,-0.42,-3.3,2.88,2.7,3.1,0.0,0.0,0,11.0,3.0,27.3,18.0,9.0,50,0.0,3.0,0.0,0.0,0.0,6.0,6.0,7.0,2.0
Anadolu Efes Istanbul,David Mutaf,23,David Mutaf,20,2.5,49.8,26.0,1.3,10.0,20.0,50,5.0,11.0,45.5,1.0,2.0,50,1.0,1.0,2.0,4.0,0.0,0.0,3.0,8.0,22.0,25.0,1.0,0.2,0.1,9,35.0,1.8,1.3,0,0,0,0,0,0.0,0,-2.68,-3.42,0.74,2.6,3.0,0.0,0.0,0,9.0,5.0,55.6,11.0,5.0,45.5,0.0,2.0,0.0,0.0,0.0,3.0,5.0,0.0,6.0
EA7 Emporio Armani Milan,Stefano Tonut,7,Stefano Tonut,20,4.5,89.7,9.0,0.5,3.0,8.0,37.5,0.0,4.0,0,3.0,4.0,75,2.0,7.0,9.0,5.0,5.0,0.0,1.0,12.0,8.4,5.2,0.3,0.2,0.3,11,20.0,1.0,0.7,0,0,0,0,0,0.0,0,-2.4,-7.03,4.63,2.4,4.7,0.0,0.0,0,4.0,3.0,75,4.0,0.0,0,0.0,0.0,0.0,0.0,0.0,1.0,0.0,6.0,3.0
FC Bayern Munich,Leon Kratzer,8,Leon Kratzer,20,2.9,58.0,4.0,0.2,2.0,3.0,66.7,0.0,0.0,0,0.0,0.0,0,2.0,8.0,10.0,4.0,1.0,0.0,5.0,19.0,5.8,5.5,0.1,0.1,0.4,10,14.0,0.7,0.5,0,0,0,0,0,0.0,0,-10.72,-15.37,4.66,3.5,4.3,0.0,0.0,0,3.0,2.0,66.7,0.0,0.0,0,0.0,0.0,0.0,0.0,0.0,5.0,0.0,0.0,2.0
Kosner Baskonia Vitoria-Gasteiz,Markquis Nowell,3,Markquis Nowell,19,11.7,223.1,92.0,4.8,29.0,68.0,42.6,15.0,44.0,34.1,19.0,21.0,90.5,4.0,14.0,18.0,45.0,9.0,0.0,13.0,32.0,82.8,19.8,4.5,2.2,0.9,96,188.0,9.9,9.1,0,0,0,0,0,0.0,0,0.15,-1.65,1.8,1.5,1.9,0.0,0.0,0,24.0,14.0,58.3,44.0,15.0,34.1,0.0,8.0,0.0,0.0,0.0,13.0,3.0,13.0,6.0
Anadolu Efes Istanbul,Brice Dessert,13,Brice Dessert,19,11.6,219.7,90.0,4.7,41.0,60.0,68.3,0.0,0.0,0,8.0,15.0,53.3,23.0,20.0,43.0,6.0,7.0,9.0,15.0,28.0,56.3,14.5,3.4,0.2,1.6,13,103.0,5.4,3.9,0,0,0,0,0,0.0,0,-1.23,-4.78,3.55,4.7,3.3,0.0,0.0,0,60.0,41.0,68.3,0.0,0.0,0,0.0,0.0,0.0,0.0,0.0,15.0,20.0,14.0,12.0
Hapoel IBI Tel Aviv,Tomer Ginat,41,Tomer Ginat,19,7.2,137.2,46.0,2.4,20.0,42.0,47.6,1.0,10.0,10,5.0,13.0,38.5,3.0,23.0,26.0,9.0,6.0,1.0,6.0,19.0,48.7,19.2,1.5,0.3,0.8,21,67.0,3.5,2.1,0,0,0,0,0,0.0,0,-3.88,-7.94,4.06,3.4,4.5,0.0,0.0,0,32.0,19.0,59.4,10.0,1.0,10,0.0,0.0,0.0,0.0,0.0,6.0,0.0,4.0,7.0
Dubai Basketball,Dzanan Musa,13,Dzanan Musa,18,26.7,480.4,258.0,14.3,82.0,176.0,46.6,27.0,75.0,36,67.0,76.0,88.2,23.0,43.0,66.0,57.0,10.0,3.0,29.0,36.0,206.8,23.4,9.2,2.0,2.3,117,375.0,20.8,13.3,0,0,0,0,0,0.0,0,2.24,0.32,1.92,2.7,2.2,0.0,0.0,0,101.0,55.0,54.5,75.0,27.0,36,0.0,4.0,0.0,0.0,0.0,29.0,35.0,76.0,38.0
LDLC ASVEL Villeurbanne,Paul Eboua,0,Paul Eboua,18,18.8,337.7,137.0,7.6,45.0,95.0,47.4,19.0,47.0,40.4,28.0,43.0,65.1,29.0,48.0,77.0,5.0,2.0,3.0,14.0,49.0,95.0,15.4,4.9,0.2,2.8,12,149.0,8.3,5.3,0,0,0,0,0,0.0,0,-4.04,-4.88,0.83,4.8,3.7,0.0,0.0,0,48.0,26.0,54.2,47.0,19.0,40.4,0.0,1.0,0.0,0.0,0.0,14.0,24.0,16.0,36.0
Partizan Mozzart Bet Belgrade,Jabari Parker,22,Jabari Parker,18,14.7,264.2,113.0,6.3,42.0,101.0,41.6,11.0,36.0,30.6,18.0,19.0,94.7,11.0,23.0,34.0,7.0,2.0,1.0,12.0,29.0,105.9,22.2,4.2,0.3,1.3,17,130.0,7.2,4.8,0,0,0,0,0,0.0,0,-6.95,-7.18,0.23,3.5,4.2,0.0,0.0,0,65.0,31.0,47.7,36.0,11.0,30.6,0.0,0.0,0.0,0.0,0.0,12.0,6.0,14.0,24.0
Partizan Mozzart Bet Belgrade,Vanja Marinkovic,9,Vanja Marinkovic,18,21.1,380.5,113.0,6.3,38.0,100.0,38,23.0,68.0,33.8,14.0,18.0,77.8,6.0,23.0,29.0,13.0,10.0,1.0,11.0,31.0,108.4,15.8,4.2,0.5,1.1,32,145.0,8.1,5.4,0,0,0,0,0,0.0,0,-4.41,-6.23,1.82,2.7,4.4,0.0,0.0,0,32.0,15.0,46.9,68.0,23.0,33.8,0.0,0.0,0.0,0.0,0.0,11.0,19.0,29.0,23.0
Olympiacos Piraeus,Tyrique Jones,88,Tyrique Jones,18,13.3,239.5,106.0,5.9,36.0,53.0,67.9,0.0,0.0,0,34.0,50.0,68,26.0,34.0,60.0,18.0,16.0,7.0,16.0,38.0,62.4,14.3,3.3,0.6,1.9,39,145.0,8.1,4.6,0,0,0,0,0,0.0,0,5.26,-2.06,7.32,4.1,3.0,0.0,0.0,0,53.0,36.0,67.9,0.0,0.0,0,0.0,0.0,0.0,0.0,0.0,16.0,22.0,14.0,20.0
Kosner Baskonia Vitoria-Gasteiz,Markus Howard,0,Markus Howard,17,21.1,358.1,198.0,11.6,68.0,156.0,43.6,41.0,106.0,38.7,21.0,26.0,80.8,7.0,26.0,33.0,37.0,4.0,0.0,22.0,41.0,175.1,26.0,9.6,1.8,1.6,82,280.0,16.5,13.5,0,0,0,0,0,0.0,0,-1.59,-1.37,-0.23,2.5,2.6,0.0,0.0,0,50.0,27.0,54,106.0,41.0,38.7,0.0,12.0,0.0,0.0,0.0,22.0,22.0,37.0,37.0
FC Bayern Munich,Neno Dimitrijevic,0,Neno Dimitrijevic,17,19.6,333.8,176.0,10.4,59.0,115.0,51.3,16.0,36.0,44.4,42.0,51.0,82.4,5.0,32.0,37.0,66.0,13.0,1.0,41.0,23.0,166.5,27.6,6.4,2.4,1.3,140,316.0,18.6,11.5,0,0,0,0,0,0.0,0,2.28,-1.07,3.35,1.7,1.0,0.0,0.0,0,79.0,43.0,54.4,36.0,16.0,44.4,0.0,11.0,0.0,0.0,0.0,41.0,9.0,23.0,22.0
Fenerbahce Beko Istanbul,Nando De Colo,12,Nando De Colo,17,17.4,296.0,167.0,9.8,55.0,99.0,55.6,22.0,47.0,46.8,35.0,36.0,97.2,3.0,21.0,24.0,40.0,4.0,0.0,25.0,32.0,131.4,24.8,5.4,1.3,0.8,94,261.0,15.4,8.5,0,0,0,0,0,0.0,0,4.03,0.71,3.32,1.9,1.0,0.0,0.0,0,52.0,33.0,63.5,47.0,22.0,46.8,0.0,6.0,0.0,0.0,0.0,25.0,12.0,23.0,41.0
Partizan Mozzart Bet Belgrade,Tyrique Jones,88,Tyrique Jones,17,22.1,375.9,165.0,9.7,69.0,103.0,67,0.0,0.0,0,27.0,43.0,62.8,36.0,60.0,96.0,32.0,18.0,10.0,27.0,46.0,108.4,16.0,6.1,1.2,3.5,71,236.0,13.9,8.7,0,0,0,0,0,0.0,0,2.35,-2.96,5.31,4.6,2.3,0.0,0.0,0,103.0,69.0,67,0.0,0.0,0,0.0,0.0,0.0,0.0,0.0,27.0,33.0,22.0,21.0
Kosner Baskonia Vitoria-Gasteiz,Khalifa Diop,18,Khalifa Diop,17,17.0,288.2,70.0,4.1,29.0,42.0,69,0.0,0.0,0,12.0,18.0,66.7,36.0,44.0,80.0,12.0,10.0,8.0,17.0,45.0,29.7,5.5,3.4,0.6,3.9,33,103.0,6.1,5.0,0,0,0,0,0,0.0,0,-2.22,-4.78,2.57,5.0,4.1,0.0,0.0,0,42.0,29.0,69,0.0,0.0,0,0.0,0.0,0.0,0.0,0.0,17.0,16.0,11.0,17.0
Olympiacos Piraeus,Saben Lee,9,Saben Lee,17,7.4,125.5,37.0,2.2,12.0,29.0,41.4,4.0,11.0,36.4,9.0,11.0,81.8,0.0,4.0,4.0,15.0,4.0,1.0,14.0,13.0,45.9,20.0,1.2,0.5,0.1,37,74.0,4.4,2.3,0,0,0,0,0,0.0,0,-4.6,-7.41,2.81,2.0,3.8,0.0,0.0,0,18.0,8.0,44.4,11.0,4.0,36.4,0.0,0.0,0.0,0.0,0.0,14.0,0.0,5.0,6.0
Real Madrid,David Kramer,1,David Kramer,17,8.7,148.4,33.0,1.9,11.0,34.0,32.4,8.0,25.0,32,3.0,6.0,50,5.0,11.0,16.0,12.0,2.0,0.0,6.0,28.0,36.1,13.3,1.0,0.4,0.5,20,53.0,3.1,1.6,0,0,0,0,0,0.0,0,-5.85,-8.41,2.56,2.8,4.6,0.0,0.0,0,9.0,3.0,33.3,25.0,8.0,32,0.0,1.0,0.0,0.0,0.0,6.0,1.0,2.0,5.0
Paris Basketball,Joel Ayayi,11,Joel Ayayi,17,8.1,136.9,33.0,1.9,14.0,37.0,37.8,5.0,22.0,22.7,0.0,0.0,0,14.0,17.0,31.0,11.0,7.0,0.0,9.0,18.0,30.7,11.5,1.1,0.4,1.0,22,55.0,3.2,1.9,0,0,0,0,0,0.0,0,-3.54,-6.72,3.18,3.3,4.4,0.0,0.0,0,15.0,9.0,60,22.0,5.0,22.7,0.0,1.0,0.0,0.0,0.0,9.0,4.0,8.0,15.0
Panathinaikos AKTOR Athens,Nigel Hayes-Davis,11,Nigel Hayes-Davis,16,28.6,456.9,226.0,14.1,79.0,185.0,42.7,30.0,88.0,34.1,38.0,44.0,86.4,23.0,32.0,55.0,30.0,18.0,4.0,14.0,33.0,187.5,22.7,7.1,0.9,1.7,73,299.0,18.7,9.4,0,0,0,0,0,0.0,0,1.61,-0.9,2.5,2.8,3.5,0.0,0.0,0,97.0,49.0,50.5,88.0,30.0,34.1,0.0,5.0,0.0,0.0,0.0,14.0,26.0,35.0,19.0
Anadolu Efes Istanbul,Saben Lee,5,Saben Lee,16,20.5,327.7,180.0,11.2,57.0,125.0,45.6,12.0,43.0,27.9,54.0,72.0,75,6.0,21.0,27.0,49.0,14.0,0.0,19.0,23.0,162.9,28.2,6.8,1.8,1.0,112,292.0,18.2,11.0,0,0,0,0,0,0.0,0,2.01,-0.96,2.96,1.6,1.7,0.0,0.0,0,82.0,45.0,54.9,43.0,12.0,27.9,0.0,4.0,0.0,0.0,0.0,19.0,17.0,51.0,47.0
Maccabi Rapyd Tel Aviv,Iffe Lundberg,0,Iffe Lundberg,16,24.4,390.2,176.0,11.0,58.0,135.0,43,23.0,71.0,32.4,37.0,43.0,86,10.0,22.0,32.0,58.0,12.0,2.0,28.0,18.0,165.0,22.3,6.1,2.0,1.1,131,307.0,19.2,10.6,0,0,0,0,0,0.0,0,-0.25,-1.12,0.86,1.9,2.5,0.0,0.0,0,64.0,35.0,54.7,71.0,23.0,32.4,0.0,10.0,0.0,0.0,0.0,28.0,8.0,42.0,55.0
Olympiacos Piraeus,Cory Joseph,34,Cory Joseph,16,15.6,249.1,88.0,5.5,28.0,63.0,44.4,11.0,32.0,34.4,21.0,26.0,80.8,7.0,22.0,29.0,37.0,8.0,1.0,19.0,29.0,83.0,18.2,2.8,1.2,0.9,76,164.0,10.2,5.2,0,0,0,0,0,0.0,0,0.49,-3.9,4.39,2.3,3.1,0.0,0.0,0,31.0,17.0,54.8,32.0,11.0,34.4,0.0,2.0,0.0,0.0,0.0,19.0,16.0,8.0,16.0
Fenerbahce Beko Istanbul,Chris Silva,30,Chris Silva,16,8.7,139.2,70.0,4.4,27.0,44.0,61.4,0.0,0.0,0,16.0,18.0,88.9,13.0,14.0,27.0,6.0,5.0,2.0,15.0,30.0,51.8,20.8,2.3,0.2,0.9,15,85.0,5.3,2.8,0,0,0,0,0,0.0,0,-1.83,-6.37,4.54,3.7,2.9,0.0,0.0,0,44.0,27.0,61.4,0.0,0.0,0,0.0,0.0,0.0,0.0,0.0,15.0,12.0,2.0,10.0
Dubai Basketball,Taran Armstrong,22,Taran Armstrong,16,2.5,40.0,4.0,0.2,2.0,5.0,40,0.0,2.0,0,0.0,0.0,0,1.0,4.0,5.0,2.0,1.0,0.0,4.0,10.0,7.7,10.4,0.1,0.1,0.2,5,9.0,0.6,0.3,0,0,0,0,0,0.0,0,-12.45,-14.44,1.99,3.1,4.6,0.0,0.0,0,3.0,2.0,66.7,2.0,0.0,0,0.0,0.0,0.0,0.0,0.0,4.0,0.0,0.0,2.0
AS Monaco,David Michineau,6,David Michineau,16,0.6,8.9,2.0,0.1,1.0,4.0,25,0.0,1.0,0,0.0,0.0,0,0.0,0.0,0.0,2.0,1.0,0.0,2.0,1.0,5.8,34.6,0.1,0.1,0.0,3,5.0,0.3,0.2,0,0,0,0,0,0.0,0,-15.36,-17.14,1.78,2.4,3.9,0.0,0.0,0,3.0,1.0,33.3,1.0,0.0,0,0.0,0.0,0.0,0.0,0.0,2.0,0.0,0.0,0.0
LDLC ASVEL Villeurbanne,Braian Angola,6,Braian Angola,15,24.4,365.6,230.0,15.3,62.0,145.0,42.8,24.0,75.0,32,82.0,96.0,85.4,5.0,40.0,45.0,58.0,15.0,0.0,27.0,32.0,200.9,30.1,8.2,2.1,1.6,127,357.0,23.8,12.8,0,0,0,0,0,0.0,0,4.62,0.77,3.85,2.0,1.0,0.0,0.0,0,70.0,38.0,54.3,75.0,24.0,32,0.0,10.0,0.0,0.0,0.0,27.0,22.0,41.0,46.0
Partizan Mozzart Bet Belgrade,Tonye Jekiri,23,Tonye Jekiri,15,19.3,289.1,112.0,7.5,48.0,88.0,54.5,0.0,0.0,0,16.0,23.0,69.6,31.0,44.0,75.0,21.0,11.0,5.0,14.0,41.0,77.9,14.9,4.1,0.8,2.8,42,154.0,10.3,5.7,0,0,0,0,0,0.0,0,-1.02,-4.7,3.68,4.6,3.3,0.0,0.0,0,88.0,48.0,54.5,0.0,0.0,0,0.0,0.0,0.0,0.0,0.0,14.0,22.0,14.0,17.0
Virtus Bologna,Francesco Ferrari,24,Francesco Ferrari,15,7.7,115.1,27.0,1.8,7.0,20.0,35,2.0,11.0,18.2,11.0,13.0,84.6,10.0,16.0,26.0,6.0,0.0,2.0,3.0,13.0,18.0,8.6,1.0,0.2,0.9,15,42.0,2.8,1.5,0,0,0,0,0,0.0,0,-3.98,-5.58,1.6,4.5,4.4,0.0,0.0,0,9.0,5.0,55.6,11.0,2.0,18.2,0.0,0.0,0.0,0.0,0.0,3.0,4.0,4.0,2.0
Virtus Bologna,Brandon Taylor,11,Brandon Taylor,15,5.5,82.6,27.0,1.8,9.0,22.0,40.9,8.0,17.0,47.1,1.0,1.0,100,0.0,5.0,5.0,16.0,2.0,0.0,10.0,8.0,31.1,20.7,1.0,0.6,0.2,31,58.0,3.9,2.1,0,0,0,0,0,0.0,0,-3.06,-4.26,1.2,1.9,2.7,0.0,0.0,0,5.0,1.0,20,17.0,8.0,47.1,0.0,3.0,0.0,0.0,0.0,10.0,8.0,7.0,9.0
Fenerbahce Beko Istanbul,Melih Mahmutoglu,10,Melih Mahmutoglu,15,2.8,41.8,15.0,1.0,5.0,17.0,29.4,4.0,13.0,30.8,1.0,1.0,100,1.0,2.0,3.0,1.0,0.0,0.0,2.0,3.0,17.7,23.7,0.5,0.0,0.1,2,17.0,1.1,0.6,0,0,0,0,0,0.0,0,-8.04,-7.18,-0.86,2.9,4.7,0.0,0.0,0,4.0,1.0,25,13.0,4.0,30.8,0.0,0.0,0.0,0.0,0.0,2.0,0.0,3.0,0.0
Olympiacos Piraeus,Kostas Antetokounmpo,37,Kostas Antetokounmpo,15,1.5,22.7,6.0,0.4,3.0,4.0,75,0.0,0.0,0,0.0,2.0,0,3.0,3.0,6.0,4.0,0.0,0.0,1.0,5.0,2.8,6.7,0.2,0.1,0.2,9,15.0,1.0,0.5,0,0,0,0,0,0.0,0,1.67,-3.45,5.12,3.4,3.6,0.0,0.0,0,4.0,3.0,75,0.0,0.0,0,0.0,0.0,0.0,0.0,0.0,1.0,0.0,2.0,0.0
Hapoel IBI Tel Aviv,Guy Palatin,9,Guy Palatin,15,1.4,21.7,3.0,0.2,1.0,2.0,50,1.0,1.0,100,0.0,0.0,0,2.0,3.0,5.0,1.0,0.0,0.0,2.0,5.0,1.9,4.8,0.1,0.0,0.2,3,6.0,0.4,0.2,0,0,0,0,0,0.0,0,-6.82,-9.01,2.18,3.6,4.1,0.0,0.0,0,1.0,0.0,0,1.0,1.0,100,0.0,0.0,0.0,0.0,0.0,2.0,0.0,0.0,0.0
Partizan Mozzart Bet Belgrade,Miikka Muurinen,3,Miikka Muurinen,15,0.7,10.9,1.0,0.1,0.0,1.0,0,0.0,1.0,0,1.0,2.0,50,0.0,0.0,0.0,0.0,0.0,0.0,0.0,1.0,1.8,9.1,0.0,0.0,0.0,0,1.0,0.1,0.0,0,0,0,0,0,0.0,0,-13.04,-12.19,-0.85,2.9,4.4,0.0,0.0,0,0.0,0.0,0,1.0,0.0,0,0.0,0.0,0.0,0.0,0.0,0.0,1.0,0.0,0.0
Partizan Mozzart Bet Belgrade,Carlik Jones,1,Carlik Jones,14,28.1,392.9,221.0,15.8,77.0,168.0,45.8,12.0,41.0,29.3,55.0,61.0,90.2,11.0,32.0,43.0,65.0,11.0,4.0,25.0,29.0,200.5,28.3,8.2,2.4,1.6,151,372.0,26.6,13.7,0,0,0,0,0,0.0,0,2.1,-0.8,2.9,2.2,1.4,0.0,0.0,0,127.0,65.0,51.2,41.0,12.0,29.3,0.0,4.0,0.0,0.0,0.0,25.0,14.0,35.0,47.0
Panathinaikos AKTOR Athens,Mathias Lessort,26,Mathias Lessort,14,22.7,317.2,116.0,8.3,47.0,80.0,58.8,0.0,0.0,0,22.0,33.0,66.7,35.0,44.0,79.0,17.0,10.0,4.0,23.0,37.0,79.2,13.8,3.6,0.5,2.5,42,158.0,11.3,4.9,0,0,0,0,0,0.0,0,-1.33,-4.19,2.86,4.5,3.7,0.0,0.0,0,80.0,47.0,58.8,0.0,0.0,0,0.0,0.0,0.0,0.0,0.0,23.0,29.0,6.0,23.0
Anadolu Efes Istanbul,Vincent Poirier,17,Vincent Poirier,14,18.5,259.1,112.0,8.0,44.0,84.0,52.4,0.0,0.0,0,24.0,32.0,75,29.0,36.0,65.0,17.0,7.0,9.0,10.0,28.0,75.9,16.6,4.2,0.6,2.4,35,147.0,10.5,5.5,0,0,0,0,0,0.0,0,0.49,-2.96,3.45,5.0,3.3,0.0,0.0,0,84.0,44.0,52.4,0.0,0.0,0,0.0,0.0,0.0,0.0,0.0,10.0,21.0,12.0,15.0
Crvena Zvezda Meridianbet Belgrade,Joel Bolomboy,21,Joel Bolomboy,14,14.3,200.1,73.0,5.2,31.0,51.0,60.8,3.0,5.0,60,8.0,10.0,80,28.0,33.0,61.0,2.0,4.0,8.0,17.0,21.0,42.6,11.4,2.6,0.1,2.1,6,79.0,5.6,2.8,0,0,0,0,0,0.0,0,-1.64,-4.25,2.61,5.0,4.0,0.0,0.0,0,46.0,28.0,60.9,5.0,3.0,60,0.0,0.0,0.0,0.0,0.0,17.0,16.0,6.0,10.0
Dubai Basketball,Bruno Caboclo,51,Bruno Caboclo,14,10.0,140.0,69.0,4.9,26.0,35.0,74.3,8.0,10.0,80,9.0,13.0,69.2,12.0,22.0,34.0,5.0,0.0,8.0,5.0,32.0,32.4,12.6,2.5,0.2,1.2,12,81.0,5.8,2.9,0,0,0,0,0,0.0,0,3.25,-0.76,4.01,5.0,2.6,0.0,0.0,0,25.0,18.0,72,10.0,8.0,80,0.0,0.0,0.0,0.0,0.0,5.0,18.0,7.0,7.0
Hapoel IBI Tel Aviv,Kessler Edwards,15,Kessler Edwards,14,12.2,170.6,49.0,3.5,15.0,32.0,46.9,8.0,15.0,53.3,11.0,14.0,78.6,4.0,40.0,44.0,7.0,4.0,5.0,6.0,19.0,38.6,12.3,1.6,0.2,1.4,16,65.0,4.6,2.1,0,0,0,0,0,0.0,0,1.25,-3.53,4.77,4.9,4.1,0.0,0.0,0,17.0,7.0,41.2,15.0,8.0,53.3,0.0,0.0,0.0,0.0,0.0,6.0,2.0,13.0,6.0
Maccabi Rapyd Tel Aviv,Zachary Hankins,35,Zachary Hankins,14,7.4,103.0,46.0,3.3,20.0,26.0,76.9,0.0,0.0,0,6.0,9.0,66.7,13.0,10.0,23.0,4.0,0.0,4.0,5.0,22.0,21.1,10.8,1.6,0.1,0.8,9,55.0,3.9,1.9,0,0,0,0,0,0.0,0,-1.67,-3.67,2.0,4.9,3.1,0.0,0.0,0,26.0,20.0,76.9,0.0,0.0,0,0.0,0.0,0.0,0.0,0.0,5.0,14.0,0.0,6.0
Panathinaikos AKTOR Athens,Alexandros Samodurov,20,Alexandros Samodurov,14,5.7,80.3,34.0,2.4,14.0,23.0,60.9,4.0,12.0,33.3,2.0,3.0,66.7,2.0,7.0,9.0,4.0,1.0,6.0,3.0,6.0,24.3,16.7,1.1,0.1,0.3,8,42.0,3.0,1.3,0,0,0,0,0,0.0,0,4.54,-0.6,5.14,4.5,3.3,0.0,0.0,0,11.0,10.0,90.9,12.0,4.0,33.3,0.0,0.0,0.0,0.0,0.0,3.0,4.0,2.0,4.0
EA7 Emporio Armani Milan,Nathan Sestina,77,Nathan Sestina,14,5.8,81.5,31.0,2.2,13.0,30.0,43.3,3.0,19.0,15.8,2.0,2.0,100,3.0,5.0,8.0,3.0,4.0,0.0,0.0,13.0,26.8,18.3,1.1,0.1,0.3,7,38.0,2.7,1.4,0,0,0,0,0,0.0,0,-3.48,-5.79,2.31,2.6,4.5,0.0,0.0,0,11.0,10.0,90.9,19.0,3.0,15.8,0.0,0.0,0.0,0.0,0.0,0.0,2.0,16.0,13.0
EA7 Emporio Armani Milan,Diego Flaccadori,21,Diego Flaccadori,14,2.9,41.3,14.0,1.0,4.0,7.0,57.1,2.0,4.0,50,4.0,7.0,57.1,0.0,2.0,2.0,3.0,1.0,0.0,5.0,7.0,14.5,19.5,0.5,0.1,0.1,2,16.0,1.1,0.6,0,0,0,0,0,0.0,0,-6.68,-8.08,1.4,2.6,3.6,0.0,0.0,0,3.0,2.0,66.7,4.0,2.0,50,0.0,0.0,0.0,0.0,0.0,5.0,0.0,1.0,0.0
Olympiacos Piraeus,Giannoulis Larentzakis,5,Giannoulis Larentzakis,14,1.5,20.9,2.0,0.1,1.0,6.0,16.7,0.0,5.0,0,0.0,0.0,0,0.0,1.0,1.0,6.0,0.0,0.0,2.0,4.0,7.7,20.1,0.1,0.2,0.0,14,16.0,1.1,0.5,0,0,0,0,0,0.0,0,-12.0,-13.33,1.33,2.4,3.5,0.0,0.0,0,1.0,1.0,100,5.0,0.0,0,0.0,0.0,0.0,0.0,0.0,2.0,0.0,0.0,0.0
LDLC ASVEL Villeurbanne,Nando De Colo,12,Nando De Colo,13,20.6,268.4,177.0,13.6,48.0,96.0,50,22.0,55.0,40,59.0,60.0,98.3,3.0,24.0,27.0,61.0,13.0,1.0,36.0,21.0,149.2,30.5,6.3,2.2,1.0,129,306.0,23.5,11.0,0,0,0,0,0,0.0,0,7.62,3.57,4.05,1.3,1.0,0.0,0.0,0,41.0,26.0,63.4,55.0,22.0,40,0.0,13.0,0.0,0.0,0.0,36.0,27.0,38.0,43.0
LDLC ASVEL Villeurbanne,Mehdy Ngouama,16,Mehdy Ngouama,13,9.9,129.1,39.0,3.0,11.0,54.0,20.4,4.0,24.0,16.7,13.0,15.0,86.7,4.0,8.0,12.0,8.0,9.0,1.0,8.0,18.0,62.0,26.3,1.4,0.3,0.4,17,56.0,4.3,2.0,0,0,0,0,0,0.0,0,-11.38,-12.92,1.54,2.4,4.8,0.0,0.0,0,30.0,7.0,23.3,24.0,4.0,16.7,0.0,2.0,0.0,0.0,0.0,8.0,10.0,7.0,7.0
Hapoel IBI Tel Aviv,Levi Randolph,20,Levi Randolph,13,9.5,123.1,24.0,1.8,9.0,27.0,33.3,2.0,6.0,33.3,4.0,7.0,57.1,5.0,8.0,13.0,4.0,5.0,0.0,5.0,20.0,28.9,12.7,0.8,0.1,0.4,9,33.0,2.5,1.1,0,0,0,0,0,0.0,0,-7.48,-9.99,2.52,2.8,5.0,0.0,0.0,0,21.0,7.0,33.3,6.0,2.0,33.3,0.0,0.0,0.0,0.0,0.0,5.0,5.0,2.0,4.0
Paris Basketball,Enzo Shahrvin,18,Enzo Shahrvin,13,7.3,94.8,16.0,1.2,8.0,13.0,61.5,0.0,0.0,0,0.0,3.0,0,7.0,20.0,27.0,5.0,2.0,5.0,7.0,20.0,13.7,7.4,0.5,0.2,0.9,13,29.0,2.2,1.0,0,0,0,0,0,0.0,0,-4.65,-9.68,5.04,4.9,4.4,0.0,0.0,0,13.0,8.0,61.5,0.0,0.0,0,0.0,0.0,0.0,0.0,0.0,7.0,4.0,2.0,4.0
Partizan Mozzart Bet Belgrade,Aleksa Radanov,13,Aleksa Radanov,13,5.3,68.3,12.0,0.9,5.0,13.0,38.5,2.0,7.0,28.6,0.0,0.0,0,3.0,6.0,9.0,4.0,1.0,0.0,5.0,16.0,14.4,11.7,0.4,0.1,0.3,10,22.0,1.7,0.8,0,0,0,0,0,0.0,0,-10.66,-12.58,1.92,3.3,4.4,0.0,0.0,0,6.0,3.0,50,7.0,2.0,28.6,0.0,0.0,0.0,0.0,0.0,5.0,2.0,0.0,3.0
EA7 Emporio Armani Milan,Lorenzo Brown,2,Lorenzo Brown,12,14.5,173.7,70.0,5.8,29.0,64.0,45.3,7.0,20.0,35,5.0,5.0,100,2.0,16.0,18.0,32.0,11.0,1.0,15.0,16.0,76.0,24.4,2.6,1.2,0.7,61,131.0,10.9,4.8,0,0,0,0,0,0.0,0,-0.04,-3.26,3.22,1.5,2.8,0.0,0.0,0,44.0,22.0,50,20.0,7.0,35,0.0,2.0,0.0,0.0,0.0,15.0,8.0,19.0,17.0
Crvena Zvezda Meridianbet Belgrade,Tyson Carter,11,Tyson Carter,12,13.5,161.6,54.0,4.5,20.0,60.0,33.3,9.0,29.0,31,5.0,5.0,100,5.0,10.0,15.0,16.0,4.0,0.0,13.0,21.0,67.4,22.4,1.9,0.6,0.5,27,81.0,6.8,2.8,0,0,0,0,0,0.0,0,-7.08,-8.31,1.23,2.4,4.4,0.0,0.0,0,31.0,11.0,35.5,29.0,9.0,31,0.0,3.0,0.0,0.0,0.0,13.0,7.0,12.0,17.0
Crvena Zvezda Meridianbet Belgrade,Devonte Graham,4,Devonte Graham,12,6.6,79.7,21.0,1.8,7.0,30.0,23.3,6.0,24.0,25,1.0,5.0,20,2.0,7.0,9.0,8.0,2.0,1.0,6.0,6.0,34.8,23.4,0.7,0.3,0.3,20,41.0,3.4,1.4,0,0,0,0,0,0.0,0,-8.42,-9.07,0.65,2.8,4.4,0.0,0.0,0,6.0,1.0,16.7,24.0,6.0,25,0.0,3.0,0.0,0.0,0.0,6.0,3.0,8.0,9.0
Fenerbahce Beko Istanbul,Arturs Zagars,32,Arturs Zagars,12,4.7,56.4,17.0,1.4,4.0,11.0,36.4,1.0,4.0,25,8.0,10.0,80,0.0,1.0,1.0,8.0,3.0,0.0,5.0,4.0,19.6,19.4,0.6,0.3,0.0,15,32.0,2.7,1.0,0,0,0,0,0,0.0,0,-1.33,-5.18,3.85,1.5,3.3,0.0,0.0,0,7.0,3.0,42.9,4.0,1.0,25,0.0,1.0,0.0,0.0,0.0,5.0,0.0,3.0,2.0
Valencia Basket,Xabi Lopez-Arostegui,6,Xabi Lopez-Arostegui,12,7.1,84.7,17.0,1.4,5.0,21.0,23.8,3.0,14.0,21.4,4.0,5.0,80,2.0,7.0,9.0,7.0,2.0,0.0,6.0,11.0,26.1,16.4,0.5,0.2,0.3,15,32.0,2.7,1.0,0,0,0,0,0,0.0,0,-9.36,-11.21,1.86,2.7,4.6,0.0,0.0,0,7.0,2.0,28.6,14.0,3.0,21.4,0.0,0.0,0.0,0.0,0.0,6.0,2.0,2.0,2.0
Real Madrid,Gabriele Procida,9,Gabriele Procida,12,3.3,39.9,13.0,1.1,4.0,10.0,40,2.0,5.0,40,3.0,3.0,100,2.0,2.0,4.0,1.0,0.0,0.0,1.0,4.0,9.9,13.6,0.4,0.0,0.1,2,15.0,1.2,0.5,0,0,0,0,0,0.0,0,-3.67,-4.72,1.05,3.1,4.3,0.0,0.0,0,5.0,2.0,40,5.0,2.0,40,0.0,0.0,0.0,0.0,0.0,1.0,0.0,7.0,0.0
Virtus Bologna,Matteo Accorsi,8,Matteo Accorsi,12,2.1,25.3,6.0,0.5,3.0,8.0,37.5,0.0,5.0,0,0.0,0.0,0,1.0,2.0,3.0,1.0,2.0,0.0,0.0,4.0,6.7,14.6,0.2,0.0,0.1,2,8.0,0.7,0.3,0,0,0,0,0,0.0,0,-6.05,-9.92,3.87,2.8,4.5,0.0,0.0,0,3.0,3.0,100,5.0,0.0,0,0.0,0.0,0.0,0.0,0.0,0.0,0.0,6.0,4.0
Partizan Mozzart Bet Belgrade,Uros Mijailovic,10,Uros Mijailovic,12,1.0,12.2,0.0,0.0,0.0,1.0,0,0.0,0.0,0,0.0,0.0,0,0.0,1.0,1.0,0.0,0.0,0.0,1.0,5.0,1.9,8.7,0.0,0.0,0.0,0,0.0,0.0,0.0,0,0,0,0,0,0.0,0,-23.14,-23.62,0.48,3.2,4.4,0.0,0.0,0,1.0,0.0,0,0.0,0.0,0,0.0,0.0,0.0,0.0,0.0,1.0,0.0,0.0,0.0
Baskonia Vitoria-Gasteiz,Timothe Luwawu-Cabarrot,9,Timothe Luwawu-Cabarrot,11,27.5,302.8,219.0,19.9,72.0,135.0,53.3,39.0,81.0,48.1,36.0,40.0,90,5.0,30.0,35.0,21.0,13.0,2.0,22.0,33.0,162.8,28.3,26.2,2.5,4.2,47,266.0,24.2,31.9,0,0,0,0,0,0.0,0,4.72,2.2,2.52,2.7,1.4,0.0,0.0,0,54.0,33.0,61.1,81.0,39.0,48.1,0.0,4.0,0.0,0.0,0.0,22.0,28.0,34.0,43.0
Anadolu Efes Istanbul,Shane Larkin,0,Shane Larkin,11,30.1,331.2,167.0,15.2,56.0,121.0,46.3,25.0,58.0,43.1,30.0,33.0,90.9,5.0,20.0,25.0,47.0,3.0,0.0,26.0,10.0,150.3,25.7,6.3,1.8,0.9,102,269.0,24.5,10.1,0,0,0,0,0,0.0,0,0.68,-0.14,0.81,2.0,1.6,0.0,0.0,0,63.0,31.0,49.2,58.0,25.0,43.1,0.0,7.0,0.0,0.0,0.0,26.0,13.0,27.0,33.0
Baskonia Vitoria-Gasteiz,Hamidou Diallo,6,Hamidou Diallo,11,22.9,251.4,146.0,13.3,53.0,106.0,50,3.0,20.0,15,37.0,54.0,68.5,16.0,36.0,52.0,21.0,9.0,5.0,22.0,30.0,130.3,27.3,17.5,2.5,6.2,45,191.0,17.4,22.9,0,0,0,0,0,0.0,0,-3.34,-5.12,1.78,3.8,3.1,0.0,0.0,0,86.0,50.0,58.1,20.0,3.0,15,0.0,0.0,0.0,0.0,0.0,22.0,13.0,46.0,29.0
FC Bayern Munich,Spencer Dinwiddie,26,Spencer Dinwiddie,11,23.1,253.7,129.0,11.7,37.0,95.0,38.9,16.0,53.0,30.2,39.0,48.0,81.2,4.0,18.0,22.0,32.0,3.0,2.0,28.0,31.0,134.5,29.3,4.7,1.2,0.8,81,210.0,19.1,7.6,0,0,0,0,0,0.0,0,-4.15,-5.61,1.46,2.6,2.5,0.0,0.0,0,42.0,21.0,50,53.0,16.0,30.2,0.0,10.0,0.0,0.0,0.0,28.0,14.0,37.0,20.0
Baskonia Vitoria-Gasteiz,Tadas Sedekerskis,8,Tadas Sedekerskis,11,25.5,280.9,90.0,8.2,37.0,76.0,48.7,11.0,42.0,26.2,5.0,10.0,50,12.0,41.0,53.0,15.0,3.0,1.0,10.0,11.0,75.3,14.1,10.8,1.8,6.3,39,129.0,11.7,15.5,0,0,0,0,0,0.0,0,-3.56,-4.08,0.52,3.8,4.2,0.0,0.0,0,34.0,26.0,76.5,42.0,11.0,26.2,0.0,1.0,0.0,0.0,0.0,10.0,17.0,14.0,12.0
Baskonia Vitoria-Gasteiz,Matteo Spagnolo,10,Matteo Spagnolo,11,15.8,174.3,72.0,6.5,22.0,47.0,46.8,5.0,9.0,55.6,23.0,31.0,74.2,3.0,19.0,22.0,33.0,5.0,1.0,9.0,8.0,64.0,19.3,8.6,4.0,2.6,77,149.0,13.5,17.8,0,0,0,0,0,0.0,0,0.93,-1.38,2.31,2.2,2.4,0.0,0.0,0,38.0,17.0,44.7,9.0,5.0,55.6,0.0,1.0,0.0,0.0,0.0,9.0,5.0,19.0,18.0
Baskonia Vitoria-Gasteiz,Markquis Nowell,3,Markquis Nowell,11,16.3,179.8,67.0,6.1,25.0,64.0,39.1,11.0,41.0,26.8,6.0,10.0,60,2.0,11.0,13.0,39.0,9.0,0.0,15.0,21.0,78.1,22.9,8.0,4.7,1.6,83,150.0,13.6,18.0,0,0,0,0,0,0.0,0,-3.96,-4.74,0.78,1.3,2.8,0.0,0.0,0,23.0,14.0,60.9,41.0,11.0,26.8,0.0,1.0,0.0,0.0,0.0,15.0,7.0,21.0,14.0
Baskonia Vitoria-Gasteiz,Khalifa Diop,18,Khalifa Diop,11,16.4,180.3,42.0,3.8,18.0,26.0,69.2,0.0,0.0,0,6.0,14.0,42.9,17.0,20.0,37.0,6.0,4.0,9.0,9.0,30.0,23.2,6.8,5.0,0.7,4.4,14,56.0,5.1,6.7,0,0,0,0,0,0.0,0,-4.41,-6.99,2.59,4.7,4.3,0.0,0.0,0,26.0,18.0,69.2,0.0,0.0,0,0.0,0.0,0.0,0.0,0.0,9.0,8.0,3.0,4.0
Baskonia Vitoria-Gasteiz,Clement Frisch,25,Clement Frisch,11,9.3,101.9,36.0,3.3,12.0,28.0,42.9,8.0,20.0,40,4.0,4.0,100,4.0,17.0,21.0,3.0,0.0,2.0,1.0,11.0,25.7,13.3,4.3,0.4,2.5,2,38.0,3.5,4.6,0,0,0,0,0,0.0,0,-2.46,-3.17,0.71,4.3,4.1,0.0,0.0,0,8.0,4.0,50,20.0,8.0,40,0.0,0.0,0.0,0.0,0.0,1.0,0.0,13.0,3.0
Olympiacos Piraeus,Monte Morris,11,Monte Morris,11,8.4,92.3,13.0,1.2,3.0,17.0,17.6,0.0,7.0,0,7.0,12.0,58.3,2.0,8.0,10.0,11.0,1.0,1.0,4.0,8.0,23.3,13.8,0.4,0.3,0.3,24,37.0,3.4,1.2,0,0,0,0,0,0.0,0,-6.52,-9.13,2.6,2.9,4.3,0.0,0.0,0,10.0,3.0,30,7.0,0.0,0,0.0,0.0,0.0,0.0,0.0,4.0,0.0,4.0,6.0
EA7 Emporio Armani Milan,Ousmane Diop,25,Ousmane Diop,11,1.2,13.3,2.0,0.2,0.0,1.0,0,0.0,0.0,0,2.0,2.0,100,0.0,2.0,2.0,1.0,0.0,1.0,0.0,1.0,1.8,7.6,0.1,0.0,0.1,0,2.0,0.2,0.1,0,0,0,0,0,0.0,0,1.13,-3.87,5.0,3.6,4.1,0.0,0.0,0,1.0,0.0,0,0.0,0.0,0,0.0,0.0,0.0,0.0,0.0,0.0,0.0,0.0,0.0
Olympiacos Piraeus,Omiros Netzipoglou,21,Omiros Netzipoglou,11,1.3,14.5,2.0,0.2,1.0,5.0,20,0.0,1.0,0,0.0,0.0,0,2.0,0.0,2.0,0.0,0.0,0.0,0.0,4.0,2.9,10.8,0.1,0.0,0.1,0,2.0,0.2,0.1,0,0,0,0,0,0.0,0,-18.25,-15.6,-2.65,3.3,4.5,0.0,0.0,0,4.0,1.0,25,1.0,0.0,0,0.0,0.0,0.0,0.0,0.0,0.0,0.0,2.0,0.0
Partizan Mozzart Bet Belgrade,Cameron Payne,15,Cameron Payne,10,23.3,233.3,124.0,12.4,39.0,97.0,40.2,21.0,63.0,33.3,25.0,29.0,86.2,4.0,19.0,23.0,39.0,12.0,0.0,22.0,29.0,122.6,29.1,4.6,1.4,0.8,82,206.0,20.6,7.6,0,0,0,0,0,0.0,0,0.54,-2.38,2.92,1.7,1.7,0.0,0.0,0,34.0,18.0,52.9,63.0,21.0,33.3,0.0,11.0,0.0,0.0,0.0,22.0,12.0,29.0,17.0
Baskonia Vitoria-Gasteiz,Mamadi Diakite,1,Mamadi Diakite,10,14.7,146.6,48.0,4.8,21.0,37.0,56.8,2.0,9.0,22.2,4.0,6.0,66.7,14.0,18.0,32.0,8.0,3.0,14.0,11.0,28.0,35.2,12.6,5.7,1.0,3.8,17,65.0,6.5,7.8,0,0,0,0,0,0.0,0,-3.52,-7.47,3.95,5.0,4.0,0.0,0.0,0,28.0,19.0,67.9,9.0,2.0,22.2,0.0,0.0,0.0,0.0,0.0,11.0,7.0,11.0,0.0
Dubai Basketball,Sertac Sanli,15,Sertac Sanli,10,5.5,54.9,17.0,1.7,6.0,9.0,66.7,2.0,3.0,66.7,3.0,3.0,100,2.0,5.0,7.0,0.0,0.0,0.0,3.0,13.0,10.9,10.8,0.6,0.0,0.2,0,17.0,1.7,0.6,0,0,0,0,0,0.0,0,-6.56,-7.92,1.36,3.5,4.0,0.0,0.0,0,6.0,4.0,66.7,3.0,2.0,66.7,0.0,0.0,0.0,0.0,0.0,3.0,2.0,0.0,5.0
EA7 Emporio Armani Milan,Leonardo Tote,35,Leonardo Tote,10,1.7,17.2,8.0,0.8,4.0,5.0,80,0.0,0.0,0,0.0,1.0,0,2.0,2.0,4.0,1.0,0.0,0.0,1.0,1.0,4.3,13.8,0.3,0.0,0.1,0,8.0,0.8,0.3,0,0,0,0,0,0.0,0,1.44,0.36,1.08,3.4,3.6,0.0,0.0,0,5.0,4.0,80,0.0,0.0,0,0.0,0.0,0.0,0.0,0.0,1.0,2.0,0.0,0.0
FC Bayern Munich,Kamar Baldwin,44,Kamar Baldwin,9,16.3,146.9,60.0,6.7,22.0,58.0,37.9,6.0,22.0,27.3,10.0,11.0,90.9,3.0,14.0,17.0,22.0,8.0,0.0,10.0,19.0,67.0,25.3,2.2,0.8,0.6,47,107.0,11.9,3.9,0,0,0,0,0,0.0,0,-2.56,-6.4,3.84,2.1,3.3,0.0,0.0,0,36.0,16.0,44.4,22.0,6.0,27.3,0.0,1.0,0.0,0.0,0.0,10.0,13.0,19.0,6.0
Crvena Zvezda Meridianbet Belgrade,Jasiel Rivero,14,Jasiel Rivero,9,9.8,88.5,43.0,4.8,17.0,28.0,60.7,0.0,0.0,0,9.0,13.0,69.2,6.0,9.0,15.0,1.0,1.0,0.0,3.0,11.0,29.5,17.9,1.5,0.0,0.5,0,43.0,4.8,1.5,0,0,0,0,0,0.0,0,-2.07,-4.16,2.08,3.5,3.7,0.0,0.0,0,28.0,17.0,60.7,0.0,0.0,0,0.0,0.0,0.0,0.0,0.0,3.0,10.0,3.0,6.0
AS Monaco,Yoan Makoundou,5,Yoan Makoundou,9,4.2,37.5,31.0,3.4,10.0,14.0,71.4,0.0,1.0,0,11.0,12.0,91.7,1.0,8.0,9.0,0.0,2.0,1.0,2.0,5.0,19.5,27.8,1.0,0.0,0.3,0,31.0,3.4,1.0,0,0,0,0,0,0.0,0,8.52,1.73,6.79,3.9,2.5,0.0,0.0,0,13.0,10.0,76.9,1.0,0.0,0,0.0,0.0,0.0,0.0,0.0,2.0,2.0,18.0,12.0
Paris Basketball,Ismael Bako,21,Ismael Bako,9,9.3,83.3,23.0,2.6,8.0,13.0,61.5,0.0,0.0,0,7.0,16.0,43.8,7.0,10.0,17.0,1.0,3.0,6.0,6.0,15.0,18.3,11.2,0.8,0.0,0.6,3,26.0,2.9,0.9,0,0,0,0,0,0.0,0,-4.33,-8.77,4.43,4.6,4.5,0.0,0.0,0,13.0,8.0,61.5,0.0,0.0,0,0.0,0.0,0.0,0.0,0.0,6.0,3.0,5.0,3.0
Valencia Basket,Yankuba Sima,77,Yankuba Sima,9,5.5,49.5,19.0,2.1,7.0,15.0,46.7,1.0,3.0,33.3,4.0,8.0,50,6.0,3.0,9.0,1.0,1.0,1.0,4.0,16.0,15.9,17.0,0.6,0.0,0.3,10,29.0,3.2,0.9,0,0,0,0,0,0.0,0,-10.79,-12.54,1.75,3.8,4.4,0.0,0.0,0,12.0,6.0,50,3.0,1.0,33.3,0.0,0.0,0.0,0.0,0.0,4.0,5.0,1.0,5.0
FC Barcelona,Sayon Keita,41,Sayon Keita,9,5.7,51.6,15.0,1.7,7.0,12.0,58.3,0.0,0.0,0,1.0,2.0,50,4.0,5.0,9.0,1.0,3.0,1.0,4.0,7.0,12.4,13.5,0.5,0.0,0.3,3,18.0,2.0,0.6,0,0,0,0,0,0.0,0,-3.61,-7.68,4.07,3.6,4.3,0.0,0.0,0,12.0,7.0,58.3,0.0,0.0,0,0.0,0.0,0.0,0.0,0.0,4.0,6.0,0.0,2.0
Baskonia Vitoria-Gasteiz,Rafa Villar,4,Rafa Villar,9,5.1,45.6,6.0,0.7,3.0,5.0,60,0.0,1.0,0,0.0,0.0,0,1.0,0.0,1.0,5.0,1.0,0.0,1.0,8.0,4.8,5.5,0.7,0.6,0.1,11,17.0,1.9,2.0,0,0,0,0,0,0.0,0,-6.02,-7.86,1.84,2.3,4.0,0.0,0.0,0,4.0,3.0,75,1.0,0.0,0,0.0,0.0,0.0,0.0,0.0,1.0,0.0,2.0,2.0
Maccabi Rapyd Tel Aviv,Clifford Omoruyi,14,Clifford Omoruyi,9,1.8,16.1,2.0,0.2,0.0,2.0,0,0.0,0.0,0,2.0,2.0,100,4.0,1.0,5.0,0.0,0.0,0.0,1.0,2.0,0.0,0.0,0.1,0.0,0.2,0,2.0,0.2,0.1,0,0,0,0,0,0.0,0,-10.38,-6.92,-3.46,3.7,4.5,0.0,0.0,0,2.0,0.0,0,0.0,0.0,0,0.0,0.0,0.0,0.0,0.0,1.0,0.0,0.0,0.0
Dubai Basketball,Boogie Ellis,9,Boogie Ellis,8,11.1,88.8,52.0,6.5,15.0,34.0,44.1,5.0,13.0,38.5,17.0,21.0,81,4.0,6.0,10.0,6.0,3.0,0.0,3.0,14.0,40.6,24.8,1.8,0.2,0.4,15,67.0,8.4,2.4,0,0,0,0,0,0.0,0,0.13,-1.97,2.1,2.7,3.2,0.0,0.0,0,21.0,10.0,47.6,13.0,5.0,38.5,0.0,1.0,0.0,0.0,0.0,3.0,5.0,12.0,4.0
Crvena Zvezda Meridianbet Belgrade,Uros Plavsic,1,Uros Plavsic,8,4.4,35.5,7.0,0.9,2.0,7.0,28.6,0.0,0.0,0,3.0,6.0,50,5.0,6.0,11.0,3.0,1.0,0.0,4.0,10.0,8.3,12.5,0.2,0.1,0.4,5,12.0,1.5,0.4,0,0,0,0,0,0.0,0,-10.83,-13.2,2.37,3.7,4.4,0.0,0.0,0,7.0,2.0,28.6,0.0,0.0,0,0.0,0.0,0.0,0.0,0.0,4.0,5.0,0.0,2.0
Zalgiris Kaunas,Kajus Mikalauskas,4,Kajus Mikalauskas,8,2.3,18.1,5.0,0.6,2.0,5.0,40,1.0,3.0,33.3,0.0,0.0,0,0.0,1.0,1.0,5.0,2.0,0.0,1.0,2.0,5.8,17.7,0.2,0.2,0.0,10,15.0,1.9,0.5,0,0,0,0,0,0.0,0,7.92,-1.04,8.95,1.9,3.4,0.0,0.0,0,2.0,1.0,50,3.0,1.0,33.3,0.0,0.0,0.0,0.0,0.0,1.0,3.0,0.0,0.0
Kosner Baskonia Vitoria-Gasteiz,Stefan Joksimovic,77,Stefan Joksimovic,8,5.6,45.1,2.0,0.2,1.0,8.0,12.5,0.0,4.0,0,0.0,0.0,0,0.0,3.0,3.0,1.0,3.0,0.0,5.0,7.0,12.5,14.7,0.1,0.0,0.1,3,5.0,0.6,0.2,0,0,0,0,0,0.0,0,-15.98,-16.65,0.67,2.5,4.8,0.0,0.0,0,4.0,1.0,25,4.0,0.0,0,0.0,0.0,0.0,0.0,0.0,5.0,0.0,0.0,0.0
Fenerbahce Beko Istanbul,Scottie Wilbekin,3,Scottie Wilbekin,7,12.7,89.0,46.0,6.6,17.0,36.0,47.2,11.0,25.0,44,1.0,2.0,50,2.0,2.0,4.0,8.0,5.0,0.0,6.0,13.0,39.2,24.7,1.5,0.3,0.1,18,64.0,9.1,2.1,0,0,0,0,0,0.0,0,3.47,-0.84,4.31,1.7,2.7,0.0,0.0,0,11.0,6.0,54.5,25.0,11.0,44,0.0,5.0,0.0,0.0,0.0,6.0,1.0,6.0,13.0
Baskonia Vitoria-Gasteiz,Rodions Kurucs,7,Rodions Kurucs,7,15.4,108.1,39.0,5.6,15.0,26.0,57.7,1.0,7.0,14.3,8.0,9.0,88.9,5.0,8.0,13.0,8.0,5.0,0.0,13.0,23.0,36.4,17.8,4.7,1.0,1.6,13,52.0,7.4,6.2,0,0,0,0,0,0.0,0,-7.87,-9.85,1.98,2.8,3.5,0.0,0.0,0,19.0,14.0,73.7,7.0,1.0,14.3,0.0,0.0,0.0,0.0,0.0,13.0,2.0,10.0,6.0
Dubai Basketball,Matt Ryan,32,Matt Ryan,7,1.8,12.8,8.0,1.1,3.0,7.0,42.9,2.0,6.0,33.3,0.0,0.0,0,1.0,0.0,1.0,0.0,1.0,0.0,2.0,0.0,7.7,32.7,0.3,0.0,0.0,0,8.0,1.1,0.3,0,0,0,0,0,0.0,0,-1.76,-1.18,-0.58,2.7,4.0,0.0,0.0,0,1.0,1.0,100,6.0,2.0,33.3,0.0,0.0,0.0,0.0,0.0,2.0,0.0,0.0,0.0
Virtus Bologna,Matteo Baiocchi,2,Matteo Baiocchi,7,7.1,49.5,4.0,0.6,2.0,6.0,33.3,0.0,1.0,0,0.0,0.0,0,0.0,3.0,3.0,2.0,1.0,0.0,7.0,7.0,12.5,13.9,0.1,0.1,0.1,5,9.0,1.3,0.3,0,0,0,0,0,0.0,0,-15.66,-16.02,0.36,2.8,4.7,0.0,0.0,0,5.0,2.0,40,1.0,0.0,0,0.0,0.0,0.0,0.0,0.0,7.0,0.0,2.0,0.0
Baskonia Vitoria-Gasteiz,Kobi Simmons,2,Kobi Simmons,6,20.5,123.0,58.0,9.7,22.0,40.0,55,6.0,16.0,37.5,8.0,9.0,88.9,1.0,5.0,6.0,24.0,3.0,2.0,9.0,13.0,49.9,21.4,6.9,2.9,0.7,41,99.0,16.5,11.9,0,0,0,0,0,0.0,0,0.65,-1.06,1.7,1.9,1.9,0.0,0.0,0,24.0,16.0,66.7,16.0,6.0,37.5,0.0,3.0,0.0,0.0,0.0,9.0,5.0,13.0,4.0
Baskonia Vitoria-Gasteiz,Markus Howard,0,Markus Howard,6,19.5,116.7,41.0,6.8,15.0,51.0,29.4,11.0,43.0,25.6,0.0,0.0,0,1.0,3.0,4.0,12.0,6.0,0.0,6.0,13.0,53.8,24.3,4.9,1.4,0.5,20,61.0,10.2,7.3,0,0,0,0,0,0.0,0,-8.42,-7.89,-0.53,1.7,4.5,0.0,0.0,0,8.0,4.0,50,43.0,11.0,25.6,0.0,2.0,0.0,0.0,0.0,6.0,12.0,14.0,15.0
Kosner Baskonia Vitoria-Gasteiz,Vit Hrabar,33,Vit Hrabar,6,1.5,9.0,2.0,0.3,1.0,3.0,33.3,0.0,1.0,0,0.0,0.0,0,2.0,0.0,2.0,0.0,0.0,0.0,0.0,2.0,1.0,5.7,0.1,0.0,0.1,0,2.0,0.3,0.1,0,0,0,0,0,0.0,0,-12.84,-8.59,-4.25,3.3,4.3,0.0,0.0,0,2.0,1.0,50,1.0,0.0,0,0.0,0.0,0.0,0.0,0.0,0.0,0.0,0.0,0.0
Crvena Zvezda Meridianbet Belgrade,Ognjen Radosic,44,Ognjen Radosic,6,0.1,0.8,0.0,0.0,0.0,0.0,0,0.0,0.0,0,0.0,0.0,0,0.0,0.0,0.0,0.0,0.0,0.0,0.0,0.0,0.0,0.0,0.0,0.0,0.0,0,0.0,0.0,0.0,0,0,0,0,0,0.0,0,-5.84,-7.02,1.18,3.0,4.0,0,0,0,0,0,0,0,0,0,0,0,0,0,0,0,0,0,0
Baskonia Vitoria-Gasteiz,Luka Samanic,99,Luka Samanic,5,13.8,69.0,35.0,7.0,11.0,23.0,47.8,2.0,8.0,25,11.0,12.0,91.7,1.0,12.0,13.0,4.0,0.0,1.0,6.0,7.0,31.9,24.4,4.2,0.5,1.6,10,45.0,9.0,5.4,0,0,0,0,0,0.0,0,-5.28,-6.09,0.8,3.8,3.4,0.0,0.0,0,15.0,9.0,60,8.0,2.0,25,0.0,0.0,0.0,0.0,0.0,6.0,0.0,6.0,4.0
Real Madrid,Bruno Fernando,20,Bruno Fernando,5,10.4,52.1,22.0,4.4,10.0,15.0,66.7,0.0,0.0,0,2.0,3.0,66.7,5.0,12.0,17.0,4.0,1.0,1.0,6.0,13.0,16.6,17.5,0.7,0.1,0.5,10,32.0,6.4,1.0,0,0,0,0,0,0.0,0,-2.78,-7.89,5.12,4.2,3.4,0.0,0.0,0,15.0,10.0,66.7,0.0,0.0,0,0.0,0.0,0.0,0.0,0.0,6.0,4.0,0.0,2.0
Baskonia Vitoria-Gasteiz,Stefan Joksimovic,77,Stefan Joksimovic,5,4.0,20.2,5.0,1.0,2.0,6.0,33.3,1.0,4.0,25,0.0,0.0,0,0.0,3.0,3.0,2.0,0.0,0.0,1.0,2.0,6.7,17.5,0.6,0.2,0.4,6,11.0,2.2,1.3,0,0,0,0,0,0.0,0,-8.98,-8.78,-0.2,3.1,4.2,0.0,0.0,0,2.0,1.0,50,4.0,1.0,25,0.0,0.0,0.0,0.0,0.0,1.0,3.0,0.0,2.0
Real Madrid,Izan Almansa,13,Izan Almansa,5,1.9,9.6,2.0,0.4,1.0,1.0,100,0.0,0.0,0,0.0,0.0,0,0.0,0.0,0.0,0.0,0.0,0.0,1.0,3.0,1.9,10.9,0.1,0.0,0.0,0,2.0,0.4,0.1,0,0,0,0,0,0.0,0,-12.5,-14.68,2.19,3.0,4.1,0.0,0.0,0,1.0,1.0,100,0.0,0.0,0,0.0,0.0,0.0,0.0,0.0,1.0,0.0,2.0,0.0
Baskonia Vitoria-Gasteiz,Trent Forrest,11,Trent Forrest,4,24.5,98.0,46.0,11.5,14.0,34.0,41.2,2.0,10.0,20,16.0,17.0,94.1,7.0,12.0,19.0,23.0,4.0,1.0,5.0,7.0,37.9,20.4,5.5,2.8,2.3,55,101.0,25.2,12.1,0,0,0,0,0,0.0,0,4.32,0.65,3.67,2.6,2.3,0.0,0.0,0,24.0,12.0,50,10.0,2.0,20,0.0,2.0,0.0,0.0,0.0,5.0,11.0,9.0,5.0
Anadolu Efes Istanbul,Georgios Papagiannis,9,Georgios Papagiannis,4,14.2,56.6,9.0,2.2,4.0,11.0,36.4,1.0,3.0,33.3,0.0,0.0,0,5.0,10.0,15.0,3.0,1.0,3.0,1.0,3.0,6.7,6.7,0.3,0.1,0.6,7,16.0,4.0,0.6,0,0,0,0,0,0.0,0,-0.76,-4.43,3.67,4.7,4.6,0.0,0.0,0,8.0,3.0,37.5,3.0,1.0,33.3,0.0,0.0,0.0,0.0,0.0,1.0,2.0,0.0,0.0
FC Barcelona,Nikola Kusturica,43,Nikola Kusturica,4,0.3,1.1,0.0,0.0,0.0,1.0,0,0.0,0.0,0,0.0,0.0,0,0.0,0.0,0.0,0.0,0.0,0.0,0.0,0.0,1.0,47.6,0.0,0.0,0.0,0,0.0,0.0,0.0,0,0,0,0,0,0.0,0,-50.24,-34.33,-15.92,3.0,4.0,0.0,0.0,0,1.0,0.0,0,0.0,0.0,0,0.0,0.0,0.0,0.0,0.0,0.0,0.0,0.0,0.0
Panathinaikos AKTOR Athens,Ioannis Kouzeloglou,24,Ioannis Kouzeloglou,4,4.2,16.9,0.0,0.0,0.0,0.0,0,0.0,0.0,0,0.0,0.0,0,1.0,2.0,3.0,1.0,1.0,0.0,3.0,2.0,1.9,6.3,0.0,0.0,0.1,2,2.0,0.5,0.1,0,0,0,0,0,0.0,0,-8.74,-12.46,3.72,3.0,4.3,0.0,0.0,0,0.0,0.0,0,0.0,0.0,0,0.0,0.0,0.0,0.0,0.0,3.0,0.0,0.0,0.0
Valencia Basket,Nathan Sestina,77,Nathan Sestina,3,9.6,28.9,6.0,2.0,2.0,13.0,15.4,2.0,10.0,20,0.0,0.0,0,2.0,5.0,7.0,3.0,0.0,0.0,0.0,3.0,10.6,19.4,0.2,0.1,0.2,10,16.0,5.3,0.5,0,0,0,0,0,0.0,0,-11.31,-10.37,-0.94,3.4,4.2,0.0,0.0,0,3.0,0.0,0,10.0,2.0,20,0.0,0.0,0.0,0.0,0.0,0.0,0.0,3.0,3.0
Kosner Baskonia Vitoria-Gasteiz,Juom Maker Bol,21,Juom Maker Bol; Juom Bol,3,0.9,2.6,3.0,1.0,1.0,3.0,33.3,1.0,1.0,100,0.0,0.0,0,0.0,1.0,1.0,0.0,0.0,0.0,0.0,0.0,2.9,58.2,0.1,0.0,0.0,0,3.0,1.0,0.1,0,0,0,0,0,0.0,0,1.45,6.0,-4.55,3.2,4.0,0.0,0.0,0,2.0,0.0,0,1.0,1.0,100,0.0,1.0,0.0,0.0,0.0,0.0,0.0,0.0,0.0
Dubai Basketball,Danilo Andjusic,33,Danilo Andjusic,3,1.3,4.0,2.0,0.7,0.0,2.0,0,0.0,2.0,0,2.0,2.0,100,0.0,0.0,0.0,0.0,0.0,0.0,0.0,1.0,2.8,37.6,0.1,0.0,0.0,0,2.0,0.7,0.1,0,0,0,0,0,0.0,0,-23.17,-17.81,-5.35,3.0,4.1,0.0,0.0,0,0.0,0.0,0,2.0,0.0,0,0.0,0.0,0.0,0.0,0.0,0.0,0.0,0.0,0.0
Olympiacos Piraeus,Moustapha Fall,10,Moustapha Fall,3,4.5,13.4,0.0,0.0,0.0,0.0,0,0.0,0.0,0,0.0,0.0,0,1.0,2.0,3.0,5.0,0.0,2.0,0.0,0.0,0.0,0.0,0.0,0.2,0.1,11,11.0,3.7,0.3,0,0,0,0,0,0.0,0,22.56,7.49,15.07,3.7,3.4,0.0,0.0,0,0.0,0.0,0,0.0,0.0,0,0.0,0.0,0.0,0.0,0.0,0.0,0.0,0.0,0.0
Hapoel IBI Tel Aviv,Itay Segev,6,Itay Segev,3,1.0,3.0,0.0,0.0,0.0,1.0,0,0.0,0.0,0,0.0,0.0,0,0.0,0.0,0.0,0.0,0.0,0.0,0.0,2.0,1.0,17.4,0.0,0.0,0.0,0,0.0,0.0,0.0,0,0,0,0,0,0.0,0,-35.53,-32.83,-2.71,3.0,4.1,0.0,0.0,0,1.0,0.0,0,0.0,0.0,0,0.0,0.0,0.0,0.0,0.0,0.0,0.0,0.0,0.0
Kosner Baskonia Vitoria-Gasteiz,Tadas Sedekerskis,8,Tadas Sedekerskis,2,14.8,29.5,14.0,7.0,5.0,7.0,71.4,2.0,4.0,50,2.0,3.0,66.7,0.0,9.0,9.0,4.0,1.0,0.0,2.0,0.0,9.9,17.9,0.7,0.2,0.4,7,21.0,10.5,1.0,0,0,0,0,0,0.0,0,8.98,3.21,5.77,3.4,2.8,0.0,0.0,0,3.0,3.0,100,4.0,2.0,50,0.0,0.0,0.0,0.0,0.0,2.0,3.0,2.0,2.0
Kosner Baskonia Vitoria-Gasteiz,Hamidou Diallo,6,Hamidou Diallo,2,18.1,36.3,11.0,5.5,3.0,11.0,27.3,0.0,2.0,0,5.0,7.0,71.4,0.0,6.0,6.0,2.0,2.0,1.0,6.0,6.0,19.3,28.3,0.5,0.1,0.3,4,15.0,7.5,0.7,0,0,0,0,0,0.0,0,-14.74,-16.1,1.36,3.4,4.5,0.0,0.0,0,9.0,3.0,33.3,2.0,0.0,0,0.0,0.0,0.0,0.0,0.0,6.0,0.0,8.0,4.0
Valencia Basket,Ike Iroegbu,18,Ike Iroegbu,2,12.3,24.7,11.0,5.5,3.0,6.0,50,2.0,3.0,66.7,3.0,4.0,75,0.0,0.0,0.0,1.0,0.0,0.0,3.0,3.0,10.3,22.2,0.3,0.0,0.0,3,14.0,7.0,0.4,0,0,0,0,0,0.0,0,-6.51,-7.13,0.62,2.7,3.7,0.0,0.0,0,3.0,1.0,33.3,3.0,2.0,66.7,0.0,1.0,0.0,0.0,0.0,3.0,2.0,3.0,2.0
Maccabi Rapyd Tel Aviv,Uros Trifunovic,6,Uros Trifunovic,2,1.6,3.2,2.0,1.0,1.0,2.0,50,0.0,1.0,0,0.0,0.0,0,0.0,0.0,0.0,0.0,0.0,0.0,0.0,0.0,1.9,32.0,0.1,0.0,0.0,0,2.0,1.0,0.1,0,0,0,0,0,0.0,0,-7.84,-4.79,-3.05,2.9,4.0,0.0,0.0,0,1.0,1.0,100,1.0,0.0,0,0.0,0.0,0.0,0.0,0.0,0.0,0.0,0.0,0.0
Baskonia Vitoria-Gasteiz,Vit Hrabar,33,Vit Hrabar,2,0.6,1.2,0.0,0.0,0.0,0.0,0,0.0,0.0,0,0.0,0.0,0,0.0,0.0,0.0,0.0,0.0,0.0,0.0,0.0,0.0,0.0,0.0,0.0,0.0,0,0.0,0.0,0.0,0,0,0,0,0,0.0,0,-8.41,-7.58,-0.83,3.0,4.0,0,0,0,0,0,0,0,0,0,0,0,0,0,0,0,0,0,0
EA7 Emporio Armani Milan,Vlatko Cancar,0,Vlatko Cancar,2,7.7,15.4,0.0,0.0,0.0,1.0,0,0.0,0.0,0,0.0,0.0,0,0.0,0.0,0.0,0.0,0.0,0.0,2.0,2.0,2.9,10.4,0.0,0.0,0.0,0,0.0,0.0,0.0,0,0,0,0,0,0.0,0,-18.67,-16.37,-2.3,2.9,4.5,0.0,0.0,0,1.0,0.0,0,0.0,0.0,0,0.0,0.0,0.0,0.0,0.0,2.0,0.0,0.0,0.0
Crvena Zvezda Meridian Belgrade,Jared Butler,6,Jared Butler,1,22.1,22.1,21.0,21.0,7.0,12.0,58.3,7.0,9.0,77.8,0.0,0.0,0,0.0,2.0,2.0,4.0,0.0,1.0,2.0,1.0,13.4,33.6,29.0,5.5,2.8,8,29.0,29.0,40.0,0,0,0,0,0,0.0,0,26.23,17.98,8.24,3.6,2.0,0.0,0.0,0,3.0,0.0,0,9.0,7.0,77.8,0.0,3.0,0.0,0.0,0.0,2.0,3.0,6.0,6.0
Crvena Zvezda Meridian Belgrade,Jordan Nwora,33,Jordan Nwora,1,25.5,25.5,14.0,14.0,5.0,11.0,45.5,0.0,3.0,0,4.0,5.0,80,2.0,1.0,3.0,2.0,0.0,0.0,0.0,1.0,10.8,23.3,19.3,2.8,4.1,3,17.0,17.0,23.5,0,0,0,0,0,0.0,0,-0.37,-1.18,0.81,2.9,3.9,0.0,0.0,0,8.0,5.0,62.5,3.0,0.0,0,0.0,0.0,0.0,0.0,0.0,0.0,2.0,2.0,0.0
Crvena Zvezda Meridian Belgrade,Codi Miller-Mcintyre,0,Codi Miller-Mcintyre,1,29.2,29.2,12.0,12.0,5.0,9.0,55.6,2.0,5.0,40,0.0,2.0,0,0.0,6.0,6.0,6.0,0.0,0.0,1.0,1.0,10.4,19.8,16.6,8.3,8.3,15,27.0,27.0,37.3,0,0,0,0,0,0.0,0,6.71,1.32,5.39,2.9,3.2,0.0,0.0,0,4.0,3.0,75,5.0,2.0,40,0.0,2.0,0.0,0.0,0.0,1.0,2.0,2.0,3.0
Crvena Zvezda Meridian Belgrade,Chima Moneke,95,Chima Moneke,1,24.8,24.8,12.0,12.0,5.0,8.0,62.5,0.0,0.0,0,2.0,4.0,50,0.0,4.0,4.0,2.0,1.0,0.0,1.0,2.0,10.3,23.0,16.6,2.8,5.5,2,14.0,14.0,19.3,0,0,0,0,0,0.0,0,1.61,-3.92,5.53,2.8,3.7,0.0,0.0,0,8.0,5.0,62.5,0.0,0.0,0,0.0,0.0,0.0,0.0,0.0,1.0,0.0,6.0,4.0
Crvena Zvezda Meridian Belgrade,Nikola Kalinic,12,Nikola Kalinic,1,22.4,22.4,9.0,9.0,3.0,6.0,50,2.0,3.0,66.7,1.0,2.0,50,4.0,3.0,7.0,1.0,0.0,0.0,1.0,3.0,3.7,9.2,12.4,1.4,9.7,0,9.0,9.0,12.4,0,0,0,0,0,0.0,0,1.88,0.49,1.39,3.7,3.9,0.0,0.0,0,3.0,1.0,33.3,3.0,2.0,66.7,0.0,0.0,0.0,0.0,0.0,1.0,1.0,0.0,0.0
Crvena Zvezda Meridian Belgrade,Joel Bolomboy,21,Joel Bolomboy,1,16.6,16.6,9.0,9.0,4.0,8.0,50,0.0,0.0,0,1.0,3.0,33.3,2.0,5.0,7.0,2.0,2.0,0.0,0.0,2.0,7.0,23.3,12.4,2.8,9.7,5,14.0,14.0,19.3,0,0,0,0,0,0.0,0,8.34,-1.03,9.37,2.9,4.0,0.0,0.0,0,8.0,4.0,50,0.0,0.0,0,0.0,0.0,0.0,0.0,0.0,0.0,3.0,0.0,0.0
Crvena Zvezda Meridian Belgrade,Ebuka Izundu,15,Ebuka Izundu,1,12.5,12.5,6.0,6.0,1.0,2.0,50,0.0,0.0,0,4.0,5.0,80,1.0,3.0,4.0,0.0,0.0,0.0,0.0,2.0,3.1,13.5,8.3,0.0,5.5,0,6.0,6.0,8.3,0,0,0,0,0,0.0,0,1.1,-2.56,3.65,3.5,3.9,0.0,0.0,0,2.0,1.0,50,0.0,0.0,0,0.0,0.0,0.0,0.0,0.0,0.0,2.0,0.0,1.0
Crvena Zvezda Meridian Belgrade,Ognjen Dobric,13,Ognjen Dobric,1,10.0,10.0,3.0,3.0,1.0,2.0,50,1.0,1.0,100,0.0,0.0,0,0.0,0.0,0.0,0.0,0.0,0.0,0.0,3.0,1.9,10.6,4.1,0.0,0.0,0,3.0,3.0,4.1,0,0,0,0,0,0.0,0,-4.93,-7.6,2.67,3.0,4.1,0.0,0.0,0,1.0,0.0,0,1.0,1.0,100,0.0,0.0,0.0,0.0,0.0,0.0,0.0,0.0,0.0
Crvena Zvezda Meridian Belgrade,Donatas Motiejunas,20,Donatas Motiejunas,1,8.5,8.5,3.0,3.0,1.0,2.0,50,0.0,0.0,0,1.0,2.0,50,0.0,1.0,1.0,1.0,0.0,0.0,0.0,1.0,2.8,18.0,4.1,1.4,1.4,3,6.0,6.0,8.3,0,0,0,0,0,0.0,0,-1.71,-5.34,3.63,3.0,4.0,0.0,0.0,0,2.0,1.0,50,0.0,0.0,0,0.0,0.0,0.0,0.0,0.0,0.0,0.0,0.0,0.0
Partizan Mozzart Bet Belgrade,Mario Nakic,7,Mario Nakic,1,6.2,6.2,2.0,2.0,1.0,1.0,100,0.0,0.0,0,0.0,0.0,0,0.0,1.0,1.0,0.0,0.0,0.0,0.0,0.0,1.0,8.6,0.1,0.0,0.0,0,2.0,2.0,0.1,0,0,0,0,0,0.0,0,1.21,-2.11,3.33,3.1,3.9,0.0,0.0,0,1.0,1.0,100,0.0,0.0,0,0.0,0.0,0.0,0.0,0.0,0.0,0.0,2.0,0.0
Crvena Zvezda Meridian Belgrade,Semi Ojeleye,37,Semi Ojeleye,1,17.5,17.5,2.0,2.0,1.0,3.0,33.3,0.0,2.0,0,0.0,0.0,0,0.0,0.0,0.0,0.0,1.0,0.0,1.0,2.0,3.8,12.1,2.8,0.0,0.0,0,2.0,2.0,2.8,0,0,0,0,0,0.0,0,-9.52,-12.41,2.89,2.5,4.5,0.0,0.0,0,1.0,1.0,100,2.0,0.0,0,0.0,0.0,0.0,0.0,0.0,1.0,0.0,0.0,0.0
Real Madrid,David Kraemer,1,David Kraemer,1,10.3,10.3,2.0,2.0,1.0,2.0,50,0.0,0.0,0,0.0,0.0,0,0.0,1.0,1.0,0.0,1.0,0.0,0.0,0.0,1.9,10.2,0.1,0.0,0.0,20,22.0,22.0,0.7,0,0,0,0,0,0.0,0,1.47,-5.12,6.59,2.8,4.3,0.0,0.0,0,2.0,1.0,50,0.0,0.0,0,0.0,0.0,0.0,0.0,0.0,0.0,0.0,2.0,0.0
FC Barcelona,Juan Nunez,17,Juan Nunez,1,5.3,5.3,0.0,0.0,0.0,2.0,0,0.0,0.0,0,0.0,0.0,0,0.0,0.0,0.0,1.0,0.0,0.0,1.0,0.0,2.9,30.8,0.0,0.0,0.0,2,2.0,2.0,0.1,0,0,0,0,0,0.0,0,-27.37,-21.45,-5.92,2.8,3.9,0.0,0.0,0,2.0,0.0,0,0.0,0.0,0,0.0,0.0,0.0,0.0,0.0,1.0,0.0,0.0,0.0
Crvena Zvezda Meridian Belgrade,Yago Dos Santos,99,Yago Dos Santos,1,10.8,10.8,0.0,0.0,0.0,2.0,0,0.0,1.0,0,0.0,0.0,0,1.0,0.0,1.0,2.0,0.0,0.0,2.0,0.0,2.9,14.7,0.0,2.8,1.4,5,5.0,5.0,6.9,0,0,0,0,0,0.0,0,-14.4,-12.35,-2.05,2.8,3.9,0.0,0.0,0,1.0,0.0,0,1.0,0.0,0,0.0,0.0,0.0,0.0,0.0,2.0,0.0,0.0,0.0
Olympiacos Piraeus,Keenan Evans,2,Keenan Evans,1,2.0,2.0,0.0,0.0,0.0,0.0,0,0.0,0.0,0,0.0,0.0,0,0.0,0.0,0.0,0.0,0.0,0.0,0.0,0.0,0.0,0.0,0.0,0.0,0.0,0,0.0,0.0,0.0,0,0,0,0,0,0.0,0,-4.71,-6.47,1.76,3.0,4.1,0,0,0,0,0,0,0,0,0,0,0,0,0,0,0,0,0,0
Real Madrid,Gunars Grinvalds,33,Gunars Grinvalds,1,0.8,0.8,0.0,0.0,0.0,0.0,0,0.0,0.0,0,0.0,0.0,0,0.0,0.0,0.0,0.0,0.0,0.0,0.0,0.0,0.0,0.0,0.0,0.0,0.0,0,0.0,0.0,0.0,0,0,0,0,0,0.0,0,-5.41,-6.75,1.34,3.0,4.0,0,0,0,0,0,0,0,0,0,0,0,0,0,0,0,0,0,0
