Home_Team,Home_Lineup,Away_Team,Away_Lineup,Games,Total_Seconds,Minutes,Possessions,Home_PTS,Home_FGM,Home_FGA,Home_FG%,Home_3PM,Home_3PA,Home_3P%,Home_FTM,Home_FTA,Home_FT%,Home_OREB,Home_DREB,Home_REB,Home_AST,Home_STL,Home_BLK,Home_TOV,Home_PF,Away_PTS,Away_FGM,Away_FGA,Away_FG%,Away_3PM,Away_3PA,Away_3P%,Away_FTM,Away_FTA,Away_FT%,Away_OREB,Away_DREB,Away_REB,Away_AST,Away_STL,Away_BLK,Away_TOV,Away_PF,Home_POSS,Away_POSS,Home_OFF_RTG,Home_DEF_RTG,Home_NET_RTG,Away_OFF_RTG,Away_DEF_RTG,Away_NET_RTG,Point_Diff,Home_RIM_ATT,Home_RIM_MADE,Home_RIM%,Home_OTD_2PT_ATT,Home_OTD_2PT_MADE,Home_OTD_2PT%,Home_OTD_3PT_ATT,Home_OTD_3PT_MADE,Home_OTD_3PT%,Away_RIM_ATT,Away_RIM_MADE,Away_RIM%,Away_OTD_2PT_ATT,Away_OTD_2PT_MADE,Away_OTD_2PT%,Away_OTD_3PT_ATT,Away_OTD_3PT_MADE,Away_OTD_3PT%,Home_PASS_TO,Home_DRIBBLE_TO,Home_DEFENSE_TO,Home_MISC_TO,Away_PASS_TO,Away_DRIBBLE_TO,Away_DEFENSE_TO,Away_MISC_TO,Home_2ND_CHANCE_PTS,Home_FAST_BREAK_PTS,Home_PTS_OFF_TOV,Away_2ND_CHANCE_PTS,Away_FAST_BREAK_PTS,Away_PTS_OFF_TOV
Derby College Trailblazers EABL,"Casey Burr, Elias Norman, Elias Rice, Rohan Hobday, William Tallon",BMET City of Birmingham Rockets EABL,"George Angoy, Jonathan Agbeze, Jude Hyland, Larry Duru, Philip Basioudis",1,871,14.5,29.3,32,12,27,44.4,3,11,27.3,5,5,100,4,9,13,12,2,0,4,6,34,14,24,58.3,3,7,42.9,3,6,50,2,11,13,8,2,1,5,7,28.9,29.7,110.7,114.5,-3.8,114.5,110.7,3.8,-2,0,0,0,0,0,0,0,0,0,0,0,0,0,0,0,0,0,0,0,0,0,0,0,0,0,0,0,0,0,0,0,0
Charnwood College Riders EABL,"Davin Hanousek, Lewis Stevenson, Rudy Buckingham, Tristan Curran, Zavier Gleadell-Smith",Manchester Magic Academy EABL,"Harley Blake, Jack Odongo, Nathan Brown, Oluwademilade Babalola, Tarique Kamal Kazmi",1,646,10.8,21.3,13,6,20,30,1,7,14.3,0,0,0,3,7,10,2,3,1,3,2,21,9,16,56.2,1,4,25,2,4,50,1,10,11,6,2,0,6,2,19.5,22.8,66.5,92,-25.5,92,66.5,25.5,-8,0,0,0,0,0,0,0,0,0,0,0,0,0,0,0,0,0,0,0,0,0,0,0,0,0,0,0,0,0,0,0,0
Oaklands Wolves EABL,"Daniel Kostadinov, Dylan Gladstone, Enzo Da Cruz Fatuda, Gavin Mitchell, Liam Mcintosh",City of London Academy - Southwark EABL,"Andrew Nwokolo, Daniel Banjoko, David Banjoko, Jacob Hannick, Toby Gass",1,623,10.4,21.1,13,6,20,30,0,6,0,1,2,50,5,13,18,1,1,1,4,3,19,8,23,34.8,1,8,12.5,2,4,50,4,10,14,6,4,5,1,3,19.9,22.0,65.4,86.4,-21.1,86.4,65.4,21.1,-6,0,0,0,0,0,0,0,0,0,0,0,0,0,0,0,0,0,0,0,0,0,0,0,0,0,0,0,0,0,0,0,0
Oaklands Wolves EABL,"Daniel Kostadinov, Dylan Gladstone, Enzo Da Cruz Fatuda, Gavin Mitchell, Liam Mcintosh",Copleston High School EABL,"Angus Hickey, Isaac Little, Matthew Liddamore, Noah Wilkinson, Timothy Rafiu",1,547,9.1,18.9,32,14,26,53.8,4,7,57.1,0,1,0,10,12,22,8,1,0,3,0,10,4,17,23.5,2,10,20,0,0,0,0,2,2,4,2,3,2,3,18.7,19.0,170.8,52.6,118.1,52.6,170.8,-118.1,22,0,0,0,0,0,0,0,0,0,0,0,0,0,0,0,0,0,0,0,0,0,0,0,0,0,0,0,0,0,0,0,0
BMET City of Birmingham Rockets EABL,"George Angoy, Jonathan Agbeze, Jude Hyland, Larry Duru, Philip Basioudis",Copleston High School EABL,"Callum Fobister, Isaac Little, Matthew Liddamore, Noah Wilkinson, Timothy Rafiu",1,472,7.9,18.3,18,6,19,31.6,3,6,50,3,5,60,6,5,11,7,3,1,3,3,23,9,16,56.2,4,8,50,1,2,50,3,8,11,7,2,0,4,3,18.2,18.1,98.7,127.3,-28.6,127.3,98.7,28.6,-5,0,0,0,0,0,0,0,0,0,0,0,0,0,0,0,0,0,0,0,0,0,0,0,0,0,0,0,0,0,0,0,0
Myerscough College EABL,"Ayo Ibirinde, Cesar Sanchez Falette, Harry Sheehan, Olivier Esingle, Sayomi Latidan",Derby College Trailblazers EABL,"Casey Burr, Elias Norman, Elias Rice, Rohan Hobday, William Tallon",1,463,7.7,17.5,30,11,20,55,5,10,50,3,4,75,3,11,14,10,4,2,0,1,2,1,12,8.3,0,5,0,0,0,0,0,6,6,1,0,1,4,2,18.6,16.0,161.7,12.5,149.2,12.5,161.7,-149.2,28,0,0,0,0,0,0,0,0,0,0,0,0,0,0,0,0,0,0,0,0,0,0,0,0,0,0,0,0,0,0,0,0
SGS College EABL,"Dylan Lloyd, Imam Toure, Kevin Ramirez Mora, Luka Matthews, Marcos Perez Tosca",Copleston High School EABL,"Callum Fobister, Isaac Little, Matthew Liddamore, Noah Wilkinson, Timothy Rafiu",1,515,8.6,16.6,17,6,13,46.2,2,4,50,3,4,75,3,9,12,1,1,1,5,1,15,7,21,33.3,0,4,0,1,2,50,5,3,8,2,0,2,1,5,16.0,17.5,106.2,85.6,20.6,85.6,106.2,-20.6,2,0,0,0,0,0,0,0,0,0,0,0,0,0,0,0,0,0,0,0,0,0,0,0,0,0,0,0,0,0,0,0,0
Barking Abbey EABL,"Alaxanda Nwabueze, Amari Maitland, Joshua Mendes, Oskaras Visockas, Raphael Connolly",Oaklands Wolves EABL,"Daniel Kostadinov, Dylan Gladstone, Enzo Da Cruz Fatuda, Huxley Morrell, Liam Mcintosh",1,494,8.2,16.5,19,7,16,43.8,3,7,42.9,2,2,100,3,8,11,5,3,0,3,2,12,4,18,22.2,1,6,16.7,3,4,75,5,4,9,3,1,3,3,1,15.8,17.0,120.6,70.6,50,70.6,120.6,-50,7,0,0,0,0,0,0,0,0,0,0,0,0,0,0,0,0,0,0,0,0,0,0,0,0,0,0,0,0,0,0,0,0
Charnwood College Riders EABL,"Fahad Saeed, Luca Boothe, Tom Pearson, Tristan Curran, Zavier Gleadell-Smith",Oaklands Wolves EABL,"Daniel Kostadinov, Dylan Gladstone, Enzo Da Cruz Fatuda, Gavin Mitchell, Liam Mcintosh",1,528,8.8,15.4,28,12,18,66.7,3,4,75,1,2,50,3,4,7,8,2,0,0,4,16,7,12,58.3,1,3,33.3,1,2,50,1,2,3,3,0,1,4,2,15.0,15.8,186.3,101.2,85.1,101.2,186.3,-85.1,12,0,0,0,0,0,0,0,0,0,0,0,0,0,0,0,0,0,0,0,0,0,0,0,0,0,0,0,0,0,0,0,0
Charnwood College Riders EABL,"Asa Oyerinde, Pharrell Kattah, Rudy Buckingham, Stanley Morris, Tristan Curran",Derby College Trailblazers EABL,"Casey Burr, Elias Norman, Elias Rice, Rohan Hobday, William Tallon",1,511,8.5,15.1,9,4,14,28.6,1,7,14.3,0,2,0,3,8,11,2,1,0,2,2,11,4,17,23.5,1,3,33.3,2,4,50,5,8,13,2,1,1,2,2,14.0,15.4,64.5,71.4,-6.9,71.4,64.5,6.9,-2,0,0,0,0,0,0,0,0,0,0,0,0,0,0,0,0,0,0,0,0,0,0,0,0,0,0,0,0,0,0,0,0
Oaklands Wolves EABL,"Daniel Kostadinov, Enzo Da Cruz Fatuda, Gavin Mitchell, Huxley Morrell, Liam Mcintosh",Itchen College EABL,"Benjamin Cope, Dawid Cimochowski, Elijah Lotriet, Ethan Round, Jakub Ofman",1,372,6.2,14.3,14,7,13,53.8,0,4,0,0,0,0,2,3,5,3,3,2,4,1,20,9,20,45,2,6,33.3,0,0,0,8,2,10,7,3,1,3,2,13.8,14.4,101.5,138.5,-37,138.5,101.5,37,-6,0,0,0,0,0,0,0,0,0,0,0,0,0,0,0,0,0,0,0,0,0,0,0,0,0,0,0,0,0,0,0,0
BMET City of Birmingham Rockets EABL,"George Angoy, Issac Gisbourne, Jude Hyland, Larry Duru, Philip Basioudis",SGS College EABL,"Dylan Lloyd, Imam Toure, Kevin Ramirez Mora, Marcos Perez Tosca, Shaquan Nelson",1,330,5.5,14.2,14,6,11,54.5,1,2,50,1,2,50,1,6,7,2,1,0,4,1,13,4,12,33.3,4,6,66.7,1,2,50,1,4,5,3,1,1,2,2,14.8,13.7,94.5,95.2,-0.7,95.2,94.5,0.7,1,0,0,0,0,0,0,0,0,0,0,0,0,0,0,0,0,0,0,0,0,0,0,0,0,0,0,0,0,0,0,0,0
Itchen College EABL,"Benjamin Cope, Dawid Cimochowski, Elijah Lotriet, Ethan Round, Jakub Ofman",Charnwood College Riders EABL,"Davin Hanousek, Fahad Saeed, Pharrell Kattah, Tristan Curran, Zavier Gleadell-Smith",1,422,7.0,14.2,12,5,14,35.7,1,7,14.3,1,2,50,1,6,7,5,2,0,1,4,10,3,9,33.3,1,3,33.3,3,5,60,1,7,8,3,0,2,4,3,14.7,14.3,81.8,70,11.8,70,81.8,-11.8,2,0,0,0,0,0,0,0,0,0,0,0,0,0,0,0,0,0,0,0,0,0,0,0,0,0,0,0,0,0,0,0,0
City of London Academy - Southwark EABL,"Andrew Nwokolo, Daniel Banjoko, David Banjoko, Jacob Hannick, Toby Gass",Myerscough College EABL,"Cesar Sanchez Falette, Olivier Esingle, Salomi Latidan, Sayomi Latidan, Zach Trezvant",1,454,7.6,14.2,7,2,11,18.2,1,6,16.7,2,2,100,1,1,2,2,2,0,4,3,22,9,11,81.8,1,2,50,3,5,60,2,6,8,6,1,0,2,2,14.5,13.8,48.3,159.7,-111.5,159.7,48.3,111.5,-15,0,0,0,0,0,0,0,0,0,0,0,0,0,0,0,0,0,0,0,0,0,0,0,0,0,0,0,0,0,0,0,0
BMET City of Birmingham Rockets EABL,"Daniel Pittaway, Issac Gisbourne, Jude Hyland, Larry Duru, Philip Basioudis",Derby College Trailblazers EABL,"Casey Burr, Elias Norman, Julian Lemanski, Liyo Ngomti, Matheo Smith-Fjordland",1,335,5.6,14.1,6,2,10,20,1,4,25,1,4,25,3,4,7,2,0,0,5,2,20,8,15,53.3,4,7,57.1,0,1,0,3,6,9,7,4,0,2,3,13.9,14.2,43.1,140.5,-97.4,140.5,43.1,97.4,-14,0,0,0,0,0,0,0,0,0,0,0,0,0,0,0,0,0,0,0,0,0,0,0,0,0,0,0,0,0,0,0,0
Derby College Trailblazers EABL,"Casey Burr, Elias Norman, Elias Rice, Rohan Hobday, William Tallon",Manchester Magic Academy EABL,"Abraham Sagay Isiorho, Jack Walton, Lewis Clayton, Oluwademilade Babalola, Samy Sidi-Boumedine",1,401,6.7,13.7,12,4,10,40,1,4,25,3,6,50,3,4,7,4,1,0,4,2,17,8,12,66.7,1,3,33.3,0,0,0,0,4,4,5,4,0,2,3,13.9,14.0,86.4,121.4,-35,121.4,86.4,35,-5,0,0,0,0,0,0,0,0,0,0,0,0,0,0,0,0,0,0,0,0,0,0,0,0,0,0,0,0,0,0,0,0
Myerscough College EABL,"Ayo Ibirinde, Harry Sheehan, Jakub Bobkowski, Olivier Esingle, Sayomi Latidan",BMET City of Birmingham Rockets EABL,"George Angoy, Jonathan Agbeze, Jude Hyland, Larry Duru, Philip Basioudis",1,362,6.0,13.6,18,6,12,50,2,5,40,4,5,80,3,2,5,6,4,0,2,2,9,3,10,30,1,5,20,2,2,100,1,4,5,1,2,1,5,5,13.4,13.4,133.8,67.2,66.6,67.2,133.8,-66.6,9,0,0,0,0,0,0,0,0,0,0,0,0,0,0,0,0,0,0,0,0,0,0,0,0,0,0,0,0,0,0,0,0
HHS Reading Rockets EABL,"Ethan Harrington, James Waterhouse, Luca Bakary, Malachi Hassan-Taylor, Matthew Daines",Oaklands Wolves EABL,"Daniel Kostadinov, Dylan Gladstone, Enzo Da Cruz Fatuda, Gavin Mitchell, Liam Mcintosh",1,530,8.8,13.5,14,4,10,40,0,5,0,6,7,85.7,1,5,6,3,1,1,2,6,12,5,14,35.7,1,3,33.3,1,2,50,3,3,6,1,1,0,2,5,13.5,13.3,103.9,90.4,13.5,90.4,103.9,-13.5,2,0,0,0,0,0,0,0,0,0,0,0,0,0,0,0,0,0,0,0,0,0,0,0,0,0,0,0,0,0,0,0,0
Itchen College EABL,"Benjamin Cope, Dawid Cimochowski, Elijah Lotriet, Ethan Round, Javen Osei-Owusu",City of London Academy - Southwark EABL,"Andrew Nwokolo, Daniel Banjoko, Dante Patel, David Banjoko, Toby Gass",1,423,7.0,13.3,16,7,19,36.8,2,7,28.6,0,0,0,7,2,9,1,4,0,1,1,12,6,9,66.7,0,3,0,0,2,0,1,5,6,3,0,0,5,0,12.5,13.8,127.9,86.9,41,86.9,127.9,-41,4,0,0,0,0,0,0,0,0,0,0,0,0,0,0,0,0,0,0,0,0,0,0,0,0,0,0,0,0,0,0,0,0
Charnwood College Riders EABL,"Davin Hanousek, Luca Boothe, Rudy Buckingham, Tristan Curran, Zavier Gleadell-Smith",Manchester Magic Academy EABL,"Harley Blake, Jack Odongo, Nathan Brown, Oluwademilade Babalola, Tarique Kamal Kazmi",1,461,7.7,13.2,13,5,15,33.3,0,5,0,3,4,75,6,8,14,0,0,1,3,0,10,4,12,33.3,2,7,28.6,0,0,0,0,4,4,2,1,2,1,3,13.3,13.0,97.5,76.9,20.5,76.9,97.5,-20.5,3,0,0,0,0,0,0,0,0,0,0,0,0,0,0,0,0,0,0,0,0,0,0,0,0,0,0,0,0,0,0,0,0
Itchen College EABL,"Benjamin Cope, Dawid Cimochowski, Elijah Lotriet, Ethan Round, Jakub Ofman",Oaklands Wolves EABL,"Daniel Kostadinov, Dylan Gladstone, Enzo Da Cruz Fatuda, Gavin Mitchell, Liam Mcintosh",1,521,8.7,13.0,22,9,19,47.4,1,5,20,3,4,75,7,5,12,6,1,1,1,2,13,5,16,31.2,2,5,40,1,4,25,5,2,7,2,0,0,1,5,13.4,12.9,163.7,101,62.7,101,163.7,-62.7,9,0,0,0,0,0,0,0,0,0,0,0,0,0,0,0,0,0,0,0,0,0,0,0,0,0,0,0,0,0,0,0,0
Charnwood College Riders EABL,"Pharrell Kattah, Rudy Buckingham, Stanley Morris, Tom Pearson, Tristan Curran",SGS College EABL,"Dylan Lloyd, Imam Toure, Kevin Ramirez Mora, Marcos Perez Tosca, Shaquan Nelson",1,378,6.3,12.9,14,6,13,46.2,2,4,50,0,3,0,4,3,7,4,1,0,3,2,15,5,10,50,3,4,75,2,2,100,1,4,5,3,1,2,2,3,13.6,11.5,103.1,130,-26.8,130,103.1,26.8,-1,0,0,0,0,0,0,0,0,0,0,0,0,0,0,0,0,0,0,0,0,0,0,0,0,0,0,0,0,0,0,0,0
BMET City of Birmingham Rockets EABL,"George Angoy, Jonathan Agbeze, Jude Hyland, Larry Duru, Philip Basioudis",Charnwood College Riders EABL,"Davin Hanousek, Lewis Stevenson, Rudy Buckingham, Tristan Curran, Zavier Gleadell-Smith",1,387,6.5,12.9,13,6,14,42.9,0,1,0,1,2,50,4,0,4,1,3,1,3,2,13,6,13,46.2,1,5,20,0,0,0,3,5,8,4,2,3,5,3,14.1,10.5,92.4,123.7,-31.3,123.7,92.4,31.3,0,0,0,0,0,0,0,0,0,0,0,0,0,0,0,0,0,0,0,0,0,0,0,0,0,0,0,0,0,0,0,0,0
Copleston High School EABL,"Callum Fobister, Isaac Little, Matthew Liddamore, Noah Wilkinson, Timothy Rafiu",Itchen College EABL,"Benjamin Cope, Elijah Lotriet, Ethan Round, Jakub Ofman, Mason Yeates",1,297,5.0,12.9,0,0,8,0,0,5,0,0,0,0,0,4,4,0,1,0,5,4,14,5,12,41.7,2,8,25,2,2,100,2,8,10,4,3,0,2,0,13.0,12.4,0,113.1,-113.1,113.1,0,113.1,-14,0,0,0,0,0,0,0,0,0,0,0,0,0,0,0,0,0,0,0,0,0,0,0,0,0,0,0,0,0,0,0,0
Barking Abbey EABL,"Heath Parkin, Joshua Mendes, Kervy Mabaya, Micael Filho, Raphael Connolly",City of London Academy - Southwark EABL,"Andrew Nwokolo, Daniel Banjoko, David Banjoko, Jacob Hannick, Toby Gass",1,386,6.4,12.8,10,3,7,42.9,1,2,50,3,4,75,2,1,3,2,4,1,5,5,15,4,9,44.4,1,3,33.3,6,8,75,2,2,4,2,4,2,5,2,11.6,14.0,86.1,107.5,-21.4,107.5,86.1,21.4,-5,0,0,0,0,0,0,0,0,0,0,0,0,0,0,0,0,0,0,0,0,0,0,0,0,0,0,0,0,0,0,0,0
Manchester Magic Academy EABL,"Abraham Sagay Isiorho, Harley Blake, Jack Walton, Oluwademilade Babalola, Tom Richardson",Myerscough College EABL,"Cesar Sanchez Falette, Jakub Bobkowski, Olivier Esingle, Sayomi Latidan, Zach Trezvant",1,319,5.3,12.7,18,7,13,53.8,2,5,40,2,3,66.7,2,1,3,5,3,1,2,1,11,4,7,57.1,1,2,50,2,4,50,3,2,5,5,2,2,6,2,13.1,12.4,137.3,89.1,48.2,89.1,137.3,-48.2,7,0,0,0,0,0,0,0,0,0,0,0,0,0,0,0,0,0,0,0,0,0,0,0,0,0,0,0,0,0,0,0,0
City of London Academy - Southwark EABL,"Bilal Olowoshile, Dante Patel, David Banjoko, Jacob Hannick, Louis Thompson",Derby College Trailblazers EABL,"Casey Burr, Elias Norman, Elias Rice, Rohan Hobday, William Tallon",1,431,7.2,12.7,9,3,15,20,1,7,14.3,2,3,66.7,4,4,8,2,0,0,2,3,10,5,13,38.5,0,6,0,0,0,0,3,6,9,3,1,0,3,4,13.2,12.3,68.3,81.1,-12.8,81.1,68.3,12.8,-1,0,0,0,0,0,0,0,0,0,0,0,0,0,0,0,0,0,0,0,0,0,0,0,0,0,0,0,0,0,0,0,0
Manchester Magic Academy EABL,"Jack Walton, Nathan Brown, Oluwademilade Babalola, Tarique Kamal Kazmi, Tom Richardson",Derby College Trailblazers EABL,"Casey Burr, Elias Rice, Julian Lemanski, Rohan Hobday, William Tallon",1,382,6.4,12.6,15,7,16,43.8,1,2,50,0,0,0,4,4,8,2,2,1,1,2,15,7,12,58.3,1,2,50,0,2,0,2,4,6,5,0,1,2,0,12.2,13.1,123.1,114.5,8.6,114.5,123.1,-8.6,0,0,0,0,0,0,0,0,0,0,0,0,0,0,0,0,0,0,0,0,0,0,0,0,0,0,0,0,0,0,0,0,0
Copleston High School EABL,"Angus Hickey, Isaac Carty-Peters, Isaac Little, Matthew Liddamore, Noah Wilkinson",Oaklands Wolves EABL,"Daniel Kostadinov, Dylan Gladstone, Enzo Da Cruz Fatuda, Gavin Mitchell, Liam Mcintosh",1,347,5.8,12.5,14,5,10,50,3,7,42.9,1,1,100,0,5,5,4,1,0,2,4,10,5,12,41.7,0,3,0,0,1,0,3,5,8,0,0,1,3,2,12.4,12.6,112.5,79.2,33.4,79.2,112.5,-33.4,4,0,0,0,0,0,0,0,0,0,0,0,0,0,0,0,0,0,0,0,0,0,0,0,0,0,0,0,0,0,0,0,0
Derby College Trailblazers EABL,"Casey Burr, Elias Norman, Elias Rice, Rohan Hobday, William Tallon",SGS College EABL,"Dylan Lloyd, Imam Toure, Kevin Ramirez Mora, Marcos Perez Tosca, Shaquan Nelson",1,416,6.9,12.5,17,7,14,50,1,4,25,2,3,66.7,3,6,9,6,1,0,2,0,8,4,12,33.3,0,4,0,0,0,0,2,4,6,0,1,3,1,6,14.1,10.9,120.5,73.7,46.8,73.7,120.5,-46.8,9,0,0,0,0,0,0,0,0,0,0,0,0,0,0,0,0,0,0,0,0,0,0,0,0,0,0,0,0,0,0,0,0
Copleston High School EABL,"Callum Fobister, Isaac Little, Matthew Liddamore, Noah Wilkinson, Timothy Rafiu",City of London Academy - Southwark EABL,"Andrew Nwokolo, Daniel Banjoko, Dante Patel, David Banjoko, Louis Thompson",1,361,6.0,12.4,12,4,9,44.4,3,5,60,1,1,100,1,1,2,3,1,0,5,2,17,8,16,50,0,3,0,1,2,50,7,3,10,3,3,0,2,1,13.1,11.4,91.6,149.3,-57.7,149.3,91.6,57.7,-5,0,0,0,0,0,0,0,0,0,0,0,0,0,0,0,0,0,0,0,0,0,0,0,0,0,0,0,0,0,0,0,0
Manchester Magic Academy EABL,"Harley Blake, Jack Odongo, Oluwademilade Babalola, Samy Sidi-Boumedine, Tarique Kamal Kazmi",BMET City of Birmingham Rockets EABL,"Billy Rose, George Angoy, Jonathan Agbeze, Jude Hyland, Larry Duru",1,286,4.8,12.3,14,6,10,60,2,4,50,0,0,0,2,2,4,3,5,0,5,1,6,3,6,50,0,3,0,0,1,0,0,1,1,3,3,0,6,0,12.1,12.4,115.3,48.2,67,48.2,115.3,-67,8,0,0,0,0,0,0,0,0,0,0,0,0,0,0,0,0,0,0,0,0,0,0,0,0,0,0,0,0,0,0,0,0
Charnwood College Riders EABL,"Asa Oyerinde, Pharrell Kattah, Rudy Buckingham, Tristan Curran, Zavier Gleadell-Smith",BMET City of Birmingham Rockets EABL,"George Angoy, Jonathan Agbeze, Jude Hyland, Larry Duru, Philip Basioudis",1,383,6.4,12.2,12,3,11,27.3,0,2,0,6,8,75,3,5,8,2,2,0,2,1,7,3,12,25,1,5,20,0,0,0,2,4,6,1,1,0,2,4,12.9,11.2,93.4,62.2,31.1,62.2,93.4,-31.1,5,0,0,0,0,0,0,0,0,0,0,0,0,0,0,0,0,0,0,0,0,0,0,0,0,0,0,0,0,0,0,0,0
HHS Reading Rockets EABL,"Ethan Harrington, James Waterhouse, Luca Bakary, Malachi Hassan-Taylor, Matthew Daines",SGS College EABL,"Dylan Lloyd, Imam Toure, Kevin Ramirez Mora, Luka Matthews, Marcos Perez Tosca",1,343,5.7,12.0,12,6,10,60,0,1,0,0,0,0,1,3,4,1,3,3,3,0,9,4,11,36.4,1,6,16.7,0,0,0,1,1,2,3,3,1,4,1,10.9,13.1,110.5,68.6,41.9,68.6,110.5,-41.9,3,0,0,0,0,0,0,0,0,0,0,0,0,0,0,0,0,0,0,0,0,0,0,0,0,0,0,0,0,0,0,0,0
Oaklands Wolves EABL,"Daniel Kostadinov, Dylan Gladstone, Enzo Da Cruz Fatuda, Gavin Mitchell, Liam Mcintosh",HHS Reading Rockets EABL,"Ethan Harrington, James Waterhouse, Malachi Hassan-Taylor, Matthew Daines, Nicholas Dent",1,352,5.9,11.9,9,4,10,40,1,3,33.3,0,1,0,3,5,8,1,2,0,4,1,9,4,10,40,1,5,20,0,0,0,1,4,5,2,1,0,3,2,11.7,11.9,77,75.4,1.6,75.4,77,-1.6,0,0,0,0,0,0,0,0,0,0,0,0,0,0,0,0,0,0,0,0,0,0,0,0,0,0,0,0,0,0,0,0,0
BMET City of Birmingham Rockets EABL,"Billy Rose, George Angoy, Jonathan Agbeze, Larry Duru, Philip Basioudis",Manchester Magic Academy EABL,"Harley Blake, Jack Walton, Nathan Brown, Oluwademilade Babalola, Tarique Kamal Kazmi",1,325,5.4,11.5,4,2,7,28.6,0,1,0,0,0,0,0,4,4,0,2,0,4,0,12,6,10,60,0,2,0,0,0,0,0,4,4,3,3,0,2,1,11.0,12.0,36.4,100,-63.6,100,36.4,63.6,-8,0,0,0,0,0,0,0,0,0,0,0,0,0,0,0,0,0,0,0,0,0,0,0,0,0,0,0,0,0,0,0,0
Myerscough College EABL,"Cesar Sanchez Falette, Harry Sheehan, Olivier Esingle, Sayomi Latidan, Zach Trezvant",Barking Abbey EABL,"Amari Maitland, Joshua Mendes, Kervy Mabaya, Oskaras Visockas, Raphael Connolly",1,375,6.2,11.5,9,3,9,33.3,1,5,20,2,2,100,3,3,6,3,2,1,6,1,9,4,11,36.4,0,2,0,1,2,50,3,2,5,1,5,0,4,2,12.0,12.1,74.8,74.2,0.7,74.2,74.8,-0.7,0,0,0,0,0,0,0,0,0,0,0,0,0,0,0,0,0,0,0,0,0,0,0,0,0,0,0,0,0,0,0,0,0
Manchester Magic Academy EABL,"Harley Blake, Jack Odongo, Nathan Brown, Oluwademilade Babalola, Tarique Kamal Kazmi",Myerscough College EABL,"Cesar Sanchez Falette, Harry Sheehan, Olivier Esingle, Salomi Latidan, Zach Trezvant",1,407,6.8,11.4,13,5,11,45.5,3,5,60,0,0,0,1,2,3,4,2,2,2,2,15,6,18,33.3,2,10,20,1,2,50,7,5,12,4,0,0,2,2,11.9,10.9,109,137.7,-28.7,137.7,109,28.7,-2,0,0,0,0,0,0,0,0,0,0,0,0,0,0,0,0,0,0,0,0,0,0,0,0,0,0,0,0,0,0,0,0
Manchester Magic Academy EABL,"Abraham Isiorho, Jack Walton, Lewis Clayton, Oluwademilade Babalola, Tom Richardson",Myerscough College EABL,"Cesar Sanchez Falette, Harry Sheehan, Olivier Esingle, Sayomi Laditan, Zach Trezvant",1,203,3.4,11.4,4,2,9,22.2,0,3,0,0,0,0,0,1,1,2,3,1,3,2,10,4,5,80,0,0,0,2,4,50,0,5,5,3,3,1,4,1,12.0,10.8,33.3,92.9,-59.6,92.9,33.3,59.6,-6,0,0,0,0,0,0,0,0,0,0,0,0,0,0,0,0,0,0,0,0,0,0,0,0,0,0,0,0,0,0,0,0
Manchester Magic Academy EABL,"Jack Walton, Lewis Clayton, Oluwademilade Babalola, Tarique Kamal Kazmi, Tom Richardson",Itchen College EABL,"Benjamin Cope, Dawid Cimochowski, Elijah Lotriet, Ethan Round, Jakub Ofman",1,292,4.9,11.3,10,5,10,50,0,2,0,0,0,0,1,4,5,1,1,3,3,2,13,5,10,50,3,4,75,0,0,0,0,3,3,3,3,0,1,0,11.7,11.0,85.7,118.2,-32.4,118.2,85.7,32.4,-3,0,0,0,0,0,0,0,0,0,0,0,0,0,0,0,0,0,0,0,0,0,0,0,0,0,0,0,0,0,0,0,0
BMET City of Birmingham Rockets EABL,"George Angoy, Jonathan Agbeze, Jude Hyland, Larry Duru, Philip Basioudis",Myerscough College EABL,"Cesar Sanchez Falette, Harry Sheehan, Olivier Esingle, Salomi Latidan, Zach Trezvant",1,281,4.7,11.2,16,6,7,85.7,2,3,66.7,2,4,50,0,3,3,4,0,1,3,2,17,6,10,60,2,5,40,3,4,75,1,1,2,6,3,0,0,5,11.8,10.7,136.1,159,-23,159,136.1,23,-1,0,0,0,0,0,0,0,0,0,0,0,0,0,0,0,0,0,0,0,0,0,0,0,0,0,0,0,0,0,0,0,0
Myerscough College EABL,"Alex Cisse, Ayo Ibirinde, Fin Morgan, Jakub Bobkowski, Layjuan Farrell",Derby College Trailblazers EABL,"Elias Norman, George Pastor, Karim Zidonis, Rohan Hobday, William Tallon",1,238,4.0,10.9,10,4,11,36.4,1,6,16.7,1,1,100,3,4,7,2,0,0,2,4,18,5,9,55.6,2,3,66.7,6,7,85.7,0,3,3,4,1,0,0,1,9.7,12.1,103.1,149,-45.9,149,103.1,45.9,-8,0,0,0,0,0,0,0,0,0,0,0,0,0,0,0,0,0,0,0,0,0,0,0,0,0,0,0,0,0,0,0,0
SGS College EABL,"Imam Toure, Kevin Ramirez Mora, Luka Matthews, Marcos Perez Tosca, Shaquan Nelson",Derby College Trailblazers EABL,"Casey Burr, Elias Norman, Elias Rice, Liyo Ngomti, Rohan Hobday",1,293,4.9,10.7,18,6,8,75,3,3,100,3,4,75,0,3,3,5,1,2,1,1,13,6,11,54.5,1,3,33.3,0,0,0,1,2,3,5,1,0,1,2,10.8,10.7,167.3,121.9,45.4,121.9,167.3,-45.4,5,0,0,0,0,0,0,0,0,0,0,0,0,0,0,0,0,0,0,0,0,0,0,0,0,0,0,0,0,0,0,0,0
Itchen College EABL,"Benjamin Cope, Dawid Cimochowski, Elijah Lotriet, Ethan Round, Jakub Ofman",Barking Abbey EABL,"Amari Maitland, Joshua Mendes, Kervy Mabaya, Micael Filho, Raphael Connolly",1,333,5.5,10.7,6,2,9,22.2,0,3,0,2,2,100,2,5,7,2,1,1,3,0,11,4,9,44.4,3,3,100,0,0,0,0,4,4,4,2,0,2,1,10.4,11.0,57.8,100,-42.2,100,57.8,42.2,-5,0,0,0,0,0,0,0,0,0,0,0,0,0,0,0,0,0,0,0,0,0,0,0,0,0,0,0,0,0,0,0,0
HHS Reading Rockets EABL,"James Waterhouse, Luca Bakary, Malachi Hassan-Taylor, Matthew Daines, Nicholas Dent",City of London Academy - Southwark EABL,"Andrew Nwokolo, Daniel Banjoko, Dante Patel, David Banjoko, Toby Gass",1,314,5.2,10.4,16,7,9,77.8,2,3,66.7,0,0,0,0,3,3,7,2,0,2,5,11,4,6,66.7,1,1,100,2,4,50,0,2,2,2,1,0,2,0,11.0,9.8,145.5,112.7,32.7,112.7,145.5,-32.7,5,0,0,0,0,0,0,0,0,0,0,0,0,0,0,0,0,0,0,0,0,0,0,0,0,0,0,0,0,0,0,0,0
Manchester Magic Academy EABL,"Jack Walton, Lewis Clayton, Oluwademilade Babalola, Tarique Kamal Kazmi, Tom Richardson",Myerscough College EABL,"Cesar Sanchez Falette, Harry Sheehan, Olivier Esingle, Salomi Laditan, Zach Trezvant",1,250,4.2,10.3,8,4,8,50,0,3,0,0,0,0,0,6,6,2,0,1,2,3,9,3,11,27.3,1,4,25,2,2,100,1,4,5,4,2,0,0,0,10.0,10.7,80,84.5,-4.5,84.5,80,4.5,-1,0,0,0,0,0,0,0,0,0,0,0,0,0,0,0,0,0,0,0,0,0,0,0,0,0,0,0,0,0,0,0,0
BMET City of Birmingham Rockets EABL,"Daniel Pittaway, Issac Gisbourne, Jude Hyland, Larry Duru, Philip Basioudis",Derby College Trailblazers EABL,"Casey Burr, Elias Norman, George Pastor, Julian Lemanski, Liyo Ngomti",1,218,3.6,10.1,11,4,7,57.1,1,3,33.3,2,2,100,0,2,2,3,0,0,3,2,4,1,5,20,0,2,0,2,4,50,1,3,4,2,2,0,4,1,10.9,9.3,101.1,42.9,58.2,42.9,101.1,-58.2,7,0,0,0,0,0,0,0,0,0,0,0,0,0,0,0,0,0,0,0,0,0,0,0,0,0,0,0,0,0,0,0,0
Copleston High School EABL,"Isaac Carty-Peters, Isaac Little, Matthew Liddamore, Noah Wilkinson, Timothy Rafiu",HHS Reading Rockets EABL,"Ethan Harrington, James Waterhouse, Luca Bakary, Malachi Hassan-Taylor, Matthew Daines",1,236,3.9,10.0,5,2,7,28.6,0,1,0,1,1,100,0,4,4,2,3,1,2,1,2,1,8,12.5,0,3,0,0,0,0,1,5,6,1,1,0,4,1,9.4,10.5,53,19,33.9,19,53,-33.9,3,0,0,0,0,0,0,0,0,0,0,0,0,0,0,0,0,0,0,0,0,0,0,0,0,0,0,0,0,0,0,0,0
Itchen College EABL,"Benjamin Cope, Dawid Cimochowski, Elijah Lotriet, Ethan Round, Jakub Ofman",HHS Reading Rockets EABL,"Can Okumus, James Waterhouse, Luca Bakary, Malachi Hassan-Taylor, Nicholas Dent",1,225,3.8,10.0,11,5,8,62.5,1,2,50,0,0,0,0,3,3,3,4,0,2,0,3,1,4,25,1,2,50,0,0,0,0,2,2,0,2,1,6,2,10.0,10.0,110,30,80,30,110,-80,8,0,0,0,0,0,0,0,0,0,0,0,0,0,0,0,0,0,0,0,0,0,0,0,0,0,0,0,0,0,0,0,0
BMET City of Birmingham Rockets EABL,"George Angoy, Issac Gisbourne, Jude Hyland, Larry Duru, Patrick Walsh",Derby College Trailblazers EABL,"Casey Burr, Elias Norman, George Pastor, Julian Lemanski, William Tallon",1,223,3.7,9.9,8,4,10,40,0,3,0,0,0,0,2,3,5,1,1,1,2,1,11,5,12,41.7,1,2,50,0,0,0,2,4,6,2,2,0,1,0,9.9,10.0,81.1,110,-28.8,110,81.1,28.8,-3,0,0,0,0,0,0,0,0,0,0,0,0,0,0,0,0,0,0,0,0,0,0,0,0,0,0,0,0,0,0,0,0
Derby College Trailblazers EABL,"Casey Burr, Elias Norman, Elias Rice, George Pastor, Rohan Hobday",Charnwood College Riders EABL,"Pharrell Kattah, Rudy Buckingham, Stanley Morris, Tom Pearson, Tristan Curran",1,291,4.8,9.9,12,5,6,83.3,2,3,66.7,0,0,0,0,6,6,5,0,0,4,1,8,3,11,27.3,0,3,0,2,2,100,2,1,3,1,2,0,0,0,10.0,9.7,120,82.1,37.9,82.1,120,-37.9,4,0,0,0,0,0,0,0,0,0,0,0,0,0,0,0,0,0,0,0,0,0,0,0,0,0,0,0,0,0,0,0,0
SGS College EABL,"Dylan Lloyd, Imam Toure, Kevin Ramirez Mora, Marcos Perez Tosca, Shaquan Nelson",Myerscough College EABL,"Cesar Sanchez Falette, Harry Sheehan, Jakub Bobkowski, Sayomi Latidan, Zach Trezvant",1,325,5.4,9.8,16,6,11,54.5,4,5,80,0,0,0,1,2,3,5,2,0,0,1,6,3,6,50,0,2,0,0,0,0,1,2,3,3,0,2,5,1,9.2,9.9,173.6,60.4,113.2,60.4,173.6,-113.2,10,0,0,0,0,0,0,0,0,0,0,0,0,0,0,0,0,0,0,0,0,0,0,0,0,0,0,0,0,0,0,0,0
Derby College Trailblazers EABL,"Casey Burr, Elias Norman, George Pastor, Jarom Howlett, William Tallon",Charnwood College Riders EABL,"Davin Hanousek, Lewis Stevenson, Rudy Buckingham, Stanley Morris, Tristan Curran",1,245,4.1,9.8,9,4,8,50,1,4,25,0,0,0,1,3,4,3,0,0,3,2,10,4,9,44.4,0,2,0,2,4,50,3,2,5,0,2,0,2,3,9.6,10.1,94,99.2,-5.1,99.2,94,5.1,-1,0,0,0,0,0,0,0,0,0,0,0,0,0,0,0,0,0,0,0,0,0,0,0,0,0,0,0,0,0,0,0,0
Oaklands Wolves EABL,"Daniel Kostadinov, Dylan Gladstone, Enzo Da Cruz Fatuda, Gavin Mitchell, Liam Mcintosh",Barking Abbey EABL,"Joshua Mendes, Kervy Mabaya, Micael Filho, Oskaras Visockas, Raphael Connolly",1,300,5.0,9.8,15,6,8,75,3,4,75,0,2,0,1,3,4,4,0,0,2,1,12,4,9,44.4,2,5,40,2,2,100,1,1,2,4,1,0,1,1,9.8,9.5,152.9,125.8,27.2,125.8,152.9,-27.2,3,0,0,0,0,0,0,0,0,0,0,0,0,0,0,0,0,0,0,0,0,0,0,0,0,0,0,0,0,0,0,0,0
Copleston High School EABL,"Isaac Carty-Peters, Matthew Liddamore, Noah Wilkinson, Oliver Drane, Timothy Rafiu",Itchen College EABL,"George Andrews, Javen Osei-Owusu, Marley Edwards, Richard Radu, Thomas Blower",1,252,4.2,9.7,4,1,5,20,0,2,0,2,4,50,0,3,3,0,0,3,2,0,15,7,13,53.8,1,2,50,0,0,0,2,5,7,5,2,0,0,2,8.8,10.4,45.7,143.8,-98.1,143.8,45.7,98.1,-11,0,0,0,0,0,0,0,0,0,0,0,0,0,0,0,0,0,0,0,0,0,0,0,0,0,0,0,0,0,0,0,0
SGS College EABL,"Imam Toure, Kevin Ramirez Mora, Luka Matthews, Marcos Perez Tosca, Martin Alburo",Charnwood College Riders EABL,"Asa Oyerinde, Pharrell Kattah, Tom Pearson, Tristan Curran, Zavier Gleadell-Smith",1,315,5.2,9.6,4,2,12,16.7,0,3,0,0,0,0,5,5,10,1,1,0,2,3,6,2,9,22.2,0,2,0,2,3,66.7,2,5,7,2,1,2,2,5,8.6,10.2,46.2,58.9,-12.7,58.9,46.2,12.7,-2,0,0,0,0,0,0,0,0,0,0,0,0,0,0,0,0,0,0,0,0,0,0,0,0,0,0,0,0,0,0,0,0
Barking Abbey EABL,"Amari Maitland, Folarin Oguntuase, Joshua Mendes, Kervy Mabaya, Solomon Dobson Smith",HHS Reading Rockets EABL,"Ethan Harrington, James Waterhouse, Luca Bakary, Malachi Hassan-Taylor, Matthew Daines",1,208,3.5,9.5,10,5,8,62.5,0,0,0,0,0,0,0,4,4,4,3,0,2,0,3,1,5,20,1,4,25,0,0,0,0,2,2,1,1,0,4,2,10.0,9.0,100,33.3,66.7,33.3,100,-66.7,7,0,0,0,0,0,0,0,0,0,0,0,0,0,0,0,0,0,0,0,0,0,0,0,0,0,0,0,0,0,0,0,0
City of London Academy - Southwark EABL,"Bilal Olowoshile, Daniel Banjoko, David Banjoko, Jacob Hannick, Toby Gass",Itchen College EABL,"Benjamin Cope, Dawid Cimochowski, Elijah Lotriet, Ethan Round, Jakub Ofman",1,267,4.5,9.5,8,4,8,50,0,1,0,0,0,0,1,2,3,2,2,0,3,1,10,4,6,66.7,2,2,100,0,0,0,0,2,2,4,0,0,3,3,9.6,9.0,83.6,111.1,-27.5,111.1,83.6,27.5,-2,0,0,0,0,0,0,0,0,0,0,0,0,0,0,0,0,0,0,0,0,0,0,0,0,0,0,0,0,0,0,0,0
Myerscough College EABL,"Cesar Sanchez Falette, Harry Sheehan, Nathaniel Byfield, Sayomi Latidan, Zach Trezvant",SGS College EABL,"Imam Toure, Kevin Ramirez Mora, Luka Matthews, Marcos Perez Tosca, Shaquan Nelson",1,277,4.6,9.4,16,7,10,70,2,4,50,0,0,0,1,2,3,4,4,0,1,3,3,0,6,0,0,3,0,3,4,75,3,2,5,2,0,0,5,1,9.9,8.9,161.1,33.7,127.5,33.7,161.1,-127.5,13,0,0,0,0,0,0,0,0,0,0,0,0,0,0,0,0,0,0,0,0,0,0,0,0,0,0,0,0,0,0,0,0
Myerscough College EABL,"Cesar Sanchez Falette, Harry Sheehan, Olivier Esingle, Salomi Latidan, Zach Trezvant",Charnwood College Riders EABL,"Asa Oyerinde, Pharrell Kattah, Rudy Buckingham, Tristan Curran, Zavier Gleadell-Smith",1,275,4.6,9.4,11,5,9,55.6,1,2,50,0,0,0,2,3,5,3,1,1,2,1,8,3,7,42.9,0,0,0,2,2,100,0,2,2,0,2,0,2,1,8.9,9.9,124.2,81,43.2,81,124.2,-43.2,3,0,0,0,0,0,0,0,0,0,0,0,0,0,0,0,0,0,0,0,0,0,0,0,0,0,0,0,0,0,0,0,0
City of London Academy - Southwark EABL,"Andrew Nwokolo, Daniel Banjoko, David Banjoko, Jacob Hannick, Toby Gass",HHS Reading Rockets EABL,"Ethan Harrington, James Waterhouse, Luca Bakary, Malachi Hassan-Taylor, Matthew Daines",1,273,4.5,9.2,16,6,10,60,0,1,0,4,4,100,3,7,10,2,1,1,1,2,2,0,8,0,0,2,0,2,2,100,1,1,2,0,0,0,1,4,9.6,8.8,167.5,22.7,144.8,22.7,167.5,-144.8,14,0,0,0,0,0,0,0,0,0,0,0,0,0,0,0,0,0,0,0,0,0,0,0,0,0,0,0,0,0,0,0,0
Charnwood College Riders EABL,"Asa Oyerinde, James Hardy, Rudy Buckingham, Tristan Curran, Zavier Gleadell-Smith",BMET City of Birmingham Rockets EABL,"George Angoy, Jonathan Agbeze, Jude Hyland, Larry Duru, Philip Basioudis",1,299,5.0,9.2,15,6,12,50,3,7,42.9,0,0,0,2,6,8,2,0,0,0,0,6,3,9,33.3,0,3,0,0,0,0,0,3,3,2,0,0,0,0,9.4,9.0,159,66.7,92.4,66.7,159,-92.4,9,0,0,0,0,0,0,0,0,0,0,0,0,0,0,0,0,0,0,0,0,0,0,0,0,0,0,0,0,0,0,0,0
Itchen College EABL,"Benjamin Cope, Dawid Cimochowski, Elijah Lotriet, Ethan Round, Jakub Ofman",Copleston High School EABL,"Callum Fobister, Jaziah Mussington, Matthew Liddamore, Noah Wilkinson, Timothy Rafiu",1,244,4.1,9.1,18,8,10,80,2,3,66.7,0,0,0,1,2,3,4,2,0,0,2,13,5,8,62.5,2,4,50,1,1,100,1,1,2,3,0,1,2,1,8.9,9.4,201.6,138.7,62.8,138.7,201.6,-62.8,5,0,0,0,0,0,0,0,0,0,0,0,0,0,0,0,0,0,0,0,0,0,0,0,0,0,0,0,0,0,0,0,0
City of London Academy - Southwark EABL,"Andrew Nwokolo, Daniel Banjoko, Dante Patel, David Banjoko, Toby Gass",Oaklands Wolves EABL,"Daniel Kostadinov, Dylan Gladstone, Enzo Da Cruz Fatuda, Gavin Mitchell, Huxley Morrell",1,236,3.9,9.0,11,5,7,71.4,1,3,33.3,0,0,0,0,0,0,4,3,0,3,1,7,3,3,100,1,1,100,0,0,0,0,1,1,3,3,0,5,1,10.0,8.0,110,87.5,22.5,87.5,110,-22.5,4,0,0,0,0,0,0,0,0,0,0,0,0,0,0,0,0,0,0,0,0,0,0,0,0,0,0,0,0,0,0,0,0
Copleston High School EABL,"Angus Hickey, Isaac Carty-Peters, Isaac Little, Matthew Liddamore, Noah Wilkinson",Oaklands Wolves EABL,"Daniel Kostadinov, Dylan Gladstone, Enzo Da Cruz Fatuda, Guisepi Augenti, Liam Mcintosh",1,240,4.0,9.0,3,1,5,20,1,3,33.3,0,2,0,1,1,2,1,1,0,4,1,11,4,11,36.4,1,5,20,2,2,100,4,4,8,2,4,0,3,1,9.0,8.9,33.2,123.8,-90.5,123.8,33.2,90.5,-8,0,0,0,0,0,0,0,0,0,0,0,0,0,0,0,0,0,0,0,0,0,0,0,0,0,0,0,0,0,0,0,0
Copleston High School EABL,"Callum Fobister, Luke Read, Mason Wells, Matthew Liddamore, Noah Wilkinson",Oaklands Wolves EABL,"Daniel Kostadinov, Dylan Gladstone, Enzo Da Cruz Fatuda, Gavin Mitchell, Liam Mcintosh",1,178,3.0,8.9,4,1,6,16.7,0,2,0,2,3,66.7,2,4,6,0,0,1,3,3,11,4,6,66.7,0,1,0,3,5,60,0,4,4,3,3,0,1,1,8.5,9.2,46.9,119.6,-72.7,119.6,46.9,72.7,-7,0,0,0,0,0,0,0,0,0,0,0,0,0,0,0,0,0,0,0,0,0,0,0,0,0,0,0,0,0,0,0,0
SGS College EABL,"Dylan Lloyd, Imam Toure, Kevin Ramirez Mora, Marcos Perez Tosca, Martin Alburo",Manchester Magic Academy EABL,"Harley Blake, Jack Walton, Oluwademilade Babalola, Tarique Kamal Kazmi, Tom Richardson",1,285,4.8,8.9,8,4,9,44.4,0,2,0,0,0,0,1,4,5,3,1,0,1,0,10,4,9,44.4,2,4,50,0,0,0,1,4,5,2,0,0,1,2,8.9,8.9,89.6,112,-22.4,112,89.6,22.4,-2,0,0,0,0,0,0,0,0,0,0,0,0,0,0,0,0,0,0,0,0,0,0,0,0,0,0,0,0,0,0,0,0
Charnwood College Riders EABL,"Asa Oyerinde, Luca Boothe, Pharrell Kattah, Rudy Buckingham, Tristan Curran",Derby College Trailblazers EABL,"Casey Burr, Elias Rice, Jarom Howlett, Rohan Hobday, William Tallon",1,283,4.7,8.8,12,5,7,71.4,0,1,0,2,2,100,0,2,2,0,1,0,1,1,11,5,10,50,0,3,0,1,1,100,2,1,3,3,1,0,1,1,8.9,8.8,135.1,125.5,9.6,125.5,135.1,-9.6,1,0,0,0,0,0,0,0,0,0,0,0,0,0,0,0,0,0,0,0,0,0,0,0,0,0,0,0,0,0,0,0,0
Myerscough College EABL,"Fin Morgan, Jakub Bobkowski, Layjuan Farrell, Sayomi Latidan, Zach Trezvant",Derby College Trailblazers EABL,"Casey Burr, Finley Tuck, George Pastor, Julian Lemanski, Kaleel Otaye",1,230,3.8,8.7,10,4,7,57.1,2,3,66.7,0,0,0,1,5,6,3,1,0,3,0,3,1,7,14.3,1,4,25,0,0,0,0,1,1,1,3,0,2,0,8.4,9.0,119.1,33.3,85.8,33.3,119.1,-85.8,7,0,0,0,0,0,0,0,0,0,0,0,0,0,0,0,0,0,0,0,0,0,0,0,0,0,0,0,0,0,0,0,0
Charnwood College Riders EABL,"Asa Oyerinde, Fahad Saeed, Luca Boothe, Rudy Buckingham, Zavier Gleadell-Smith",SGS College EABL,"Antoine Bennett, Kayden Richards, Luka Matthews, Marcos Perez Tosca, Martin Alburo",1,178,3.0,8.4,4,2,6,33.3,0,1,0,0,1,0,0,3,3,1,2,1,2,1,5,2,5,40,0,0,0,1,1,100,0,5,5,1,1,1,3,1,8.4,8.4,47.4,59.2,-11.8,59.2,47.4,11.8,-1,0,0,0,0,0,0,0,0,0,0,0,0,0,0,0,0,0,0,0,0,0,0,0,0,0,0,0,0,0,0,0,0
Copleston High School EABL,"Isaac Carty-Peters, Isaac Little, Matthew Liddamore, Noah Wilkinson, Timothy Rafiu",HHS Reading Rockets EABL,"Can Okumus, Ethan Harrington, Luca Bakary, Matthew Daines, Nicholas Dent",1,259,4.3,8.4,7,3,8,37.5,1,3,33.3,0,0,0,1,3,4,3,1,0,2,1,6,3,8,37.5,0,2,0,0,0,0,2,4,6,2,2,0,2,1,8.9,7.9,78.4,76.3,2.1,76.3,78.4,-2.1,1,0,0,0,0,0,0,0,0,0,0,0,0,0,0,0,0,0,0,0,0,0,0,0,0,0,0,0,0,0,0,0,0
Derby College Trailblazers EABL,"Casey Burr, Elias Norman, Elias Rice, Rohan Hobday, William Tallon",Manchester Magic Academy EABL,"Jack Walton, Lewis Clayton, Oluwademilade Babalola, Tarique Kamal Kazmi, Tom Richardson",1,277,4.6,8.4,8,4,7,57.1,0,2,0,0,0,0,1,4,5,4,1,0,3,1,7,3,8,37.5,1,4,25,0,0,0,1,2,3,3,2,0,1,0,8.9,7.9,89.6,88.3,1.3,88.3,89.6,-1.3,1,0,0,0,0,0,0,0,0,0,0,0,0,0,0,0,0,0,0,0,0,0,0,0,0,0,0,0,0,0,0,0,0
Derby College Trailblazers EABL,"Casey Burr, Elias Norman, Elias Rice, Matheo Smith-Fjordland, Rohan Hobday",SGS College EABL,"Dylan Lloyd, Imam Toure, Kevin Ramirez Mora, Marcos Perez Tosca, Martin Alburo",1,271,4.5,8.4,11,3,6,50,1,2,50,4,5,80,2,4,6,1,2,0,2,1,3,1,7,14.3,0,3,0,1,2,50,2,1,3,1,0,0,3,3,8.1,8.7,136.5,34.3,102.2,34.3,136.5,-102.2,8,0,0,0,0,0,0,0,0,0,0,0,0,0,0,0,0,0,0,0,0,0,0,0,0,0,0,0,0,0,0,0,0
Myerscough College EABL,"Ayo Ibirinde, Cesar Sanchez Falette, Harry Sheehan, Olivier Esingle, Salomi Latidan",Charnwood College Riders EABL,"Asa Oyerinde, Pharrell Kattah, Rudy Buckingham, Tristan Curran, Zavier Gleadell-Smith",1,268,4.5,8.4,4,2,11,18.2,0,3,0,0,0,0,4,2,6,1,1,2,2,1,9,4,8,50,1,3,33.3,0,0,0,1,4,5,4,0,0,2,1,8.2,8.6,48.9,105,-56.1,105,48.9,56.1,-5,0,0,0,0,0,0,0,0,0,0,0,0,0,0,0,0,0,0,0,0,0,0,0,0,0,0,0,0,0,0,0,0
Charnwood College Riders EABL,"Asa Oyerinde, Pharrell Kattah, Tom Pearson, Tristan Curran, Zavier Gleadell-Smith",BMET City of Birmingham Rockets EABL,"George Angoy, Jonathan Agbeze, Jude Hyland, Larry Duru, Philip Basioudis",1,249,4.2,8.4,14,6,9,66.7,0,1,0,2,2,100,2,4,6,1,1,1,1,1,6,3,7,42.9,0,1,0,0,2,0,1,1,2,1,1,0,1,0,8.7,8.0,160.2,74.8,85.4,74.8,160.2,-85.4,8,0,0,0,0,0,0,0,0,0,0,0,0,0,0,0,0,0,0,0,0,0,0,0,0,0,0,0,0,0,0,0,0
Manchester Magic Academy EABL,"Jack Walton, Lewis Clayton, Oluwademilade Babalola, Tarique Kamal Kazmi, Tom Richardson",Oaklands Wolves EABL,"Daniel Kostadinov, Dylan Gladstone, Enzo Da Cruz Fatuda, Gavin Mitchell, Liam Mcintosh",1,221,3.7,8.4,12,5,9,55.6,2,4,50,0,0,0,2,5,7,3,1,1,2,1,3,1,7,14.3,1,4,25,0,0,0,1,2,3,1,1,1,2,0,8.9,7.9,135.4,37.8,97.6,37.8,135.4,-97.6,9,0,0,0,0,0,0,0,0,0,0,0,0,0,0,0,0,0,0,0,0,0,0,0,0,0,0,0,0,0,0,0,0
Charnwood College Riders EABL,"Pharrell Kattah, Rudy Buckingham, Stanley Morris, Tom Pearson, Tristan Curran",Myerscough College EABL,"Harry Sheehan, Junior Sanchez, Olivier Esingle, Solomi Laditan, Zach Trezvant",1,264,4.4,8.2,4,1,6,16.7,0,3,0,2,4,50,3,2,5,0,1,0,3,4,12,5,9,55.6,1,2,50,1,1,100,2,3,5,3,3,0,1,2,8.1,8.3,49.5,144.6,-95.1,144.6,49.5,95.1,-8,0,0,0,0,0,0,0,0,0,0,0,0,0,0,0,0,0,0,0,0,0,0,0,0,0,0,0,0,0,0,0,0
SGS College EABL,"Imam Toure, Kevin Ramirez Mora, Luka Matthews, Marcos Perez Tosca, Shaquan Nelson",BMET City of Birmingham Rockets EABL,"George Angoy, Jonathan Agbeze, Jude Hyland, Larry Duru, Philip Basioudis",1,250,4.2,8.2,8,3,8,37.5,2,4,50,0,0,0,2,2,4,2,3,0,3,3,5,2,5,40,1,1,100,0,2,0,2,2,4,1,2,0,4,0,8.3,8.3,96.1,60.4,35.7,60.4,96.1,-35.7,3,0,0,0,0,0,0,0,0,0,0,0,0,0,0,0,0,0,0,0,0,0,0,0,0,0,0,0,0,0,0,0,0
Charnwood College Riders EABL,"Luca Boothe, Pharrell Kattah, Tom Pearson, Tristan Curran, Zavier Gleadell-Smith",Oaklands Wolves EABL,"Daniel Kostadinov, Enzo Da Cruz Fatuda, Gavin Mitchell, Huxley Morrell, Liam Mcintosh",1,232,3.9,8.2,9,3,5,60,0,0,0,3,4,75,0,2,2,4,2,0,1,2,8,2,8,25,2,5,40,2,2,100,4,3,7,2,1,1,4,3,7.8,8.6,116,93,23,93,116,-23,1,0,0,0,0,0,0,0,0,0,0,0,0,0,0,0,0,0,0,0,0,0,0,0,0,0,0,0,0,0,0,0,0
BMET City of Birmingham Rockets EABL,"George Angoy, Issac Gisbourne, Jesse Ogbeide, Jude Hyland, Larry Duru",Derby College Trailblazers EABL,"Casey Burr, Elias Norman, Karim Zidonis, Liyo Ngomti, Matheo Smith-Fjordland",1,149,2.5,8.1,7,2,4,50,1,2,50,2,3,66.7,0,2,2,3,1,1,3,1,4,1,4,25,0,1,0,2,2,100,0,2,2,1,3,0,3,2,8.3,7.9,84.1,50.8,33.4,50.8,84.1,-33.4,3,0,0,0,0,0,0,0,0,0,0,0,0,0,0,0,0,0,0,0,0,0,0,0,0,0,0,0,0,0,0,0,0
Oaklands Wolves EABL,"Daniel Kostadinov, Ethan Ryan, Gavin Mitchell, Huxley Morrell, Tristan Mcintosh",Copleston High School EABL,"Callum Fobister, Elijah Tamakloe, Matthew Liddamore, Noah Wilkinson, Timothy Rafiu",1,142,2.4,8.1,9,3,9,33.3,1,4,25,2,2,100,1,2,3,2,1,0,1,0,9,4,6,66.7,1,1,100,0,0,0,0,3,3,0,1,0,1,0,9.3,7.0,97,128.6,-31.5,128.6,97,31.5,0,0,0,0,0,0,0,0,0,0,0,0,0,0,0,0,0,0,0,0,0,0,0,0,0,0,0,0,0,0,0,0,0
City of London Academy - Southwark EABL,"Barack Manfo-Marc, David Banjoko, Nyakeh Senessie, Ruben Cryer, Toby Gass",Copleston High School EABL,"Angus Hickey, Isaac Little, Matthew Liddamore, Oliver Drane, Timothy Rafiu",1,175,2.9,7.9,10,4,8,50,2,4,50,0,0,0,0,1,1,3,3,0,1,2,6,2,3,66.7,1,1,100,1,3,33.3,1,3,4,1,0,2,3,1,9.0,6.8,111.1,88.4,22.7,88.4,111.1,-22.7,4,0,0,0,0,0,0,0,0,0,0,0,0,0,0,0,0,0,0,0,0,0,0,0,0,0,0,0,0,0,0,0,0
BMET City of Birmingham Rockets EABL,"George Angoy, Jonathan Agbeze, Jude Hyland, Larry Duru, Patrick Walsh",Copleston High School EABL,"Elijah Tamakloe, Isaac Little, Matthew Liddamore, Noah Wilkinson, Timothy Rafiu",1,236,3.9,7.8,19,6,7,85.7,4,4,100,3,3,100,0,2,2,5,0,0,0,1,8,3,8,37.5,2,7,28.6,0,0,0,2,1,3,2,0,0,2,1,8.3,7.3,228.4,109.2,119.2,109.2,228.4,-119.2,11,0,0,0,0,0,0,0,0,0,0,0,0,0,0,0,0,0,0,0,0,0,0,0,0,0,0,0,0,0,0,0,0
Manchester Magic Academy EABL,"Jack Walton, Lewis Clayton, Nathan Brown, Oluwademilade Babalola, Tarique Kamal Kazmi",Derby College Trailblazers EABL,"Casey Burr, Elias Rice, Julian Lemanski, Rohan Hobday, William Tallon",1,216,3.6,7.7,7,3,7,42.9,0,0,0,1,1,100,1,2,3,2,1,0,2,0,5,2,5,40,1,1,100,0,0,0,1,3,4,2,1,1,3,1,8.4,6.9,83.6,72.2,11.5,72.2,83.6,-11.5,2,0,0,0,0,0,0,0,0,0,0,0,0,0,0,0,0,0,0,0,0,0,0,0,0,0,0,0,0,0,0,0,0
Derby College Trailblazers EABL,"Casey Burr, Elias Norman, George Pastor, Jarom Howlett, William Tallon",Charnwood College Riders EABL,"Lewis Stevenson, Rudy Buckingham, Tom Pearson, Tristan Curran, Zavier Gleadell-Smith",1,231,3.9,7.7,11,4,7,57.1,1,2,50,2,3,66.7,0,2,2,2,1,0,0,1,7,3,6,50,1,2,50,0,0,0,0,3,3,1,0,1,1,3,8.3,7.0,132.2,100,32.2,100,132.2,-32.2,4,0,0,0,0,0,0,0,0,0,0,0,0,0,0,0,0,0,0,0,0,0,0,0,0,0,0,0,0,0,0,0,0
Derby College Trailblazers EABL,"Casey Burr, Elias Norman, Elias Rice, Rohan Hobday, William Tallon",SGS College EABL,"Dylan Lloyd, Kayden Richards, Kevin Ramirez Mora, Marcos Perez Tosca, Martin Alburo",1,196,3.3,7.7,2,1,4,25,0,0,0,0,1,0,0,2,2,1,1,0,3,0,10,5,7,71.4,0,1,0,0,0,0,0,4,4,2,3,0,1,1,7.4,8.0,26.9,125,-98.1,125,26.9,98.1,-8,0,0,0,0,0,0,0,0,0,0,0,0,0,0,0,0,0,0,0,0,0,0,0,0,0,0,0,0,0,0,0,0
Charnwood College Riders EABL,"Pharrell Kattah, Rudy Buckingham, Stanley Morris, Tom Pearson, Tristan Curran",SGS College EABL,"Abubakar Odowa, Antoine Bennett, Kayden Richards, Kevin Ramirez Mora, Martin Alburo",1,188,3.1,7.5,12,5,8,62.5,2,3,66.7,0,0,0,0,1,1,4,3,0,0,0,4,2,4,50,0,0,0,0,0,0,0,3,3,1,0,0,3,0,8.0,7.0,150,57.1,92.9,57.1,150,-92.9,8,0,0,0,0,0,0,0,0,0,0,0,0,0,0,0,0,0,0,0,0,0,0,0,0,0,0,0,0,0,0,0,0
Manchester Magic Academy EABL,"Jack Walton, Lewis Clayton, Nathan Brown, Oluwademilade Babalola, Samy Sidi-Boumedine",Derby College Trailblazers EABL,"Casey Burr, Jarom Howlett, Matheo Smith-Fjordland, Rohan Hobday, William Tallon",1,169,2.8,7.5,13,5,6,83.3,3,3,100,0,0,0,0,3,3,5,1,0,1,0,4,2,5,40,0,0,0,0,0,0,0,1,1,1,0,0,3,0,7.0,8.0,185.7,50,135.7,50,185.7,-135.7,9,0,0,0,0,0,0,0,0,0,0,0,0,0,0,0,0,0,0,0,0,0,0,0,0,0,0,0,0,0,0,0,0
SGS College EABL,"Abubakar Odowa, Kayden Richards, Luka Matthews, Martin Alburo, Shaquan Nelson",BMET City of Birmingham Rockets EABL,"Billy Rose, Daniel Pittaway, Issac Gisbourne, Larry Duru, Patrick Walsh",1,161,2.7,7.5,4,2,5,40,0,0,0,0,0,0,0,1,1,1,2,0,3,0,4,2,4,50,0,1,0,0,0,0,0,2,2,0,3,0,3,2,8.0,7.0,50,57.1,-7.1,57.1,50,7.1,0,0,0,0,0,0,0,0,0,0,0,0,0,0,0,0,0,0,0,0,0,0,0,0,0,0,0,0,0,0,0,0,0
Barking Abbey EABL,"Alexanda Nwabueze, Heath Parkin, Joshua Mendes, Oskaras Visockas, Raphael Connolly",City of London Academy - Southwark EABL,"Andrew Nwokolo, Daniel Banjoko, Dante Patel, Jacob Hannick, Toby Gass",1,214,3.6,7.5,6,2,3,66.7,2,2,100,0,0,0,0,4,4,2,0,2,4,0,8,4,15,26.7,0,3,0,0,0,0,6,1,7,2,4,1,0,0,7.0,7.9,85.7,100.8,-15.1,100.8,85.7,15.1,-2,0,0,0,0,0,0,0,0,0,0,0,0,0,0,0,0,0,0,0,0,0,0,0,0,0,0,0,0,0,0,0,0
Barking Abbey EABL,"Amari Maitland, Folarin Oguntuase, Joshua Mendes, Raphael Connolly, Solomon Dobson Smith",HHS Reading Rockets EABL,"Ethan Harrington, James Waterhouse, Luca Bakary, Malachi Hassan-Taylor, Matthew Daines",1,202,3.4,7.4,8,4,7,57.1,0,1,0,0,1,0,1,1,2,1,2,0,1,3,5,1,3,33.3,1,2,50,2,3,66.7,1,3,4,1,1,0,4,1,7.6,7.2,104.7,69,35.8,69,104.7,-35.8,3,0,0,0,0,0,0,0,0,0,0,0,0,0,0,0,0,0,0,0,0,0,0,0,0,0,0,0,0,0,0,0,0
Derby College Trailblazers EABL,"Casey Burr, Elias Norman, Elias Rice, Rohan Hobday, William Tallon",Myerscough College EABL,"Cesar Sanchez Falette, Harry Sheehan, Olivier Esingle, Salomi Latidan, Zach Trezvant",1,199,3.3,7.4,7,2,6,33.3,1,3,33.3,2,2,100,1,4,5,2,3,1,1,0,2,1,5,20,0,1,0,0,0,0,0,3,3,0,0,0,3,1,6.8,8.0,102.8,25,77.8,25,102.8,-77.8,5,0,0,0,0,0,0,0,0,0,0,0,0,0,0,0,0,0,0,0,0,0,0,0,0,0,0,0,0,0,0,0,0
Oaklands Wolves EABL,"Ethan Ryan, Guisepi Augenti, Huxley Morrell, Kajus Gasperas, Zac Gribble",Copleston High School EABL,"Elijah Tamakloe, Isaac Little, Matthew Liddamore, Oliver Drane, Timothy Rafiu",1,205,3.4,7.4,3,1,4,25,1,2,50,0,0,0,0,2,2,1,1,0,3,0,8,4,8,50,0,1,0,0,0,0,2,3,5,1,3,0,2,0,7.0,7.9,42.9,101.8,-58.9,101.8,42.9,58.9,-5,0,0,0,0,0,0,0,0,0,0,0,0,0,0,0,0,0,0,0,0,0,0,0,0,0,0,0,0,0,0,0,0
City of London Academy - Southwark EABL,"Alex Morentin, Andrew Nwokolo, Daniel Banjoko, Dante Patel, Jacob Hannick",Copleston High School EABL,"Callum Fobister, Isaac Little, Matthew Liddamore, Noah Wilkinson, Timothy Rafiu",1,259,4.3,7.4,10,3,7,42.9,2,5,40,2,4,50,2,2,4,2,3,0,1,3,5,1,5,20,1,4,25,2,3,66.7,1,1,2,1,0,0,3,2,6.9,7.9,144.8,63.3,81.4,63.3,144.8,-81.4,5,0,0,0,0,0,0,0,0,0,0,0,0,0,0,0,0,0,0,0,0,0,0,0,0,0,0,0,0,0,0,0,0
Copleston High School EABL,"Angus Hickey, Callum Fobister, Matthew Liddamore, Noah Wilkinson, Timothy Rafiu",HHS Reading Rockets EABL,"Can Okumus, James Waterhouse, Joseph Mackinnon, Lazure Franicis, Matthew Daines",1,146,2.4,7.3,2,1,3,33.3,0,2,0,0,0,0,1,1,2,0,5,0,5,1,4,1,5,20,0,0,0,2,2,100,3,1,4,0,4,0,5,0,6.9,7.7,28.9,52.2,-23.3,52.2,28.9,23.3,-2,0,0,0,0,0,0,0,0,0,0,0,0,0,0,0,0,0,0,0,0,0,0,0,0,0,0,0,0,0,0,0,0
Itchen College EABL,"George Andrews, Javen Osei-Owusu, Mason Yeates, Richard Radu, Thomas Blower",Oaklands Wolves EABL,"Enzo Da Cruz Fatuda, Gavin Mitchell, Huxley Morrell, Liam Mcintosh, Tristan Mcintosh",1,233,3.9,7.3,10,3,5,60,1,2,50,3,3,100,0,1,1,3,0,0,1,2,12,4,5,80,1,1,100,3,5,60,0,1,1,2,1,0,0,1,7.3,7.2,136.6,166.7,-30.1,166.7,136.6,30.1,-2,0,0,0,0,0,0,0,0,0,0,0,0,0,0,0,0,0,0,0,0,0,0,0,0,0,0,0,0,0,0,0,0
Manchester Magic Academy EABL,"Abraham Sagay Isiorho, Jack Odongo, Jack Walton, Nathan Brown, Oluwademilade Babalola",Charnwood College Riders EABL,"Lewis Stevenson, Rudy Buckingham, Stanley Morris, Tom Pearson, Tristan Curran",1,201,3.4,7.2,5,2,5,40,0,1,0,1,1,100,1,1,2,0,3,0,3,2,4,2,3,66.7,0,1,0,0,0,0,0,2,2,1,2,0,4,1,7.4,7.0,67.8,57.1,10.7,57.1,67.8,-10.7,1,0,0,0,0,0,0,0,0,0,0,0,0,0,0,0,0,0,0,0,0,0,0,0,0,0,0,0,0,0,0,0,0
Derby College Trailblazers EABL,"Casey Burr, Elias Norman, Elias Rice, George Pastor, Rohan Hobday",Charnwood College Riders EABL,"Davin Hanousek, Lewis Stevenson, Rudy Buckingham, Stanley Morris, Tristan Curran",1,190,3.2,7.2,4,2,5,40,0,2,0,0,0,0,0,4,4,1,0,0,2,2,8,3,6,50,0,1,0,2,3,66.7,0,3,3,1,1,0,0,2,7.0,7.3,57.1,109.3,-52.1,109.3,57.1,52.1,-4,0,0,0,0,0,0,0,0,0,0,0,0,0,0,0,0,0,0,0,0,0,0,0,0,0,0,0,0,0,0,0,0
BMET City of Birmingham Rockets EABL,"George Angoy, Jude Hyland, Larry Duru, Philip Basioudis, Simba Chikukwa",Myerscough College EABL,"Alex Cisse, Fin Morgan, Layjuan Farrell, Olivier Esingle, Zach Trezvant",1,158,2.6,7.2,3,1,6,16.7,1,4,25,0,0,0,1,2,3,1,1,0,2,1,5,2,6,33.3,0,1,0,1,2,50,1,4,5,1,2,0,2,1,6.9,7.5,43.3,67.1,-23.8,67.1,43.3,23.8,-2,0,0,0,0,0,0,0,0,0,0,0,0,0,0,0,0,0,0,0,0,0,0,0,0,0,0,0,0,0,0,0,0
HHS Reading Rockets EABL,"Ethan Harrington, James Waterhouse, Joseph Mackinnon, Malachi Hassan-Taylor, Matthew Daines",Copleston High School EABL,"Callum Fobister, Isaac Little, Matthew Liddamore, Noah Wilkinson, Timothy Rafiu",1,204,3.4,7.2,9,4,7,57.1,1,3,33.3,0,1,0,2,2,4,2,1,1,2,1,7,3,7,42.9,1,2,50,0,0,0,1,2,3,2,2,0,1,1,7.8,6.6,114.9,106.5,8.4,106.5,114.9,-8.4,2,0,0,0,0,0,0,0,0,0,0,0,0,0,0,0,0,0,0,0,0,0,0,0,0,0,0,0,0,0,0,0,0
Barking Abbey EABL,"Alexanda Nwabueze, Heath Parkin, Joshua Mendes, Oskaras Visockas, Raphael Connolly",City of London Academy - Southwark EABL,"Andrew Nwokolo, Daniel Banjoko, David Banjoko, Jacob Hannick, Toby Gass",1,307,5.1,7.1,4,2,6,33.3,0,1,0,0,0,0,1,4,5,1,0,0,2,1,6,3,10,30,0,2,0,0,1,0,3,3,6,1,2,0,0,0,6.9,7.2,57.7,83,-25.3,83,57.7,25.3,-2,0,0,0,0,0,0,0,0,0,0,0,0,0,0,0,0,0,0,0,0,0,0,0,0,0,0,0,0,0,0,0,0
HHS Reading Rockets EABL,"Ethan Harrington, Joseph Mackinnon, Luca Bakary, Malachi Hassan-Taylor, Matthew Daines",BMET City of Birmingham Rockets EABL,"Abdou Camara, George Angoy, Jonathan Agbeze, Jude Hyland, Larry Duru",1,196,3.3,7.1,7,3,5,60,0,0,0,1,1,100,0,3,3,2,1,2,1,3,8,3,8,37.5,1,2,50,1,2,50,2,2,4,3,1,0,1,0,6.4,7.7,108.7,103.4,5.3,103.4,108.7,-5.3,-1,0,0,0,0,0,0,0,0,0,0,0,0,0,0,0,0,0,0,0,0,0,0,0,0,0,0,0,0,0,0,0,0
City of London Academy - Southwark EABL,"Andrew Nwokolo, Daniel Banjoko, David Banjoko, Jacob Hannick, Toby Gass",Barking Abbey EABL,"Amari Maitland, Joshua Mendes, Kervy Mabaya, Micael Filho, Raphael Connolly",1,207,3.5,7.0,4,2,6,33.3,0,3,0,0,1,0,1,2,3,1,1,0,2,3,4,0,4,0,0,0,0,4,4,100,1,4,5,0,1,0,2,2,7.6,6.3,52.7,63.2,-10.4,63.2,52.7,10.4,0,0,0,0,0,0,0,0,0,0,0,0,0,0,0,0,0,0,0,0,0,0,0,0,0,0,0,0,0,0,0,0,0
City of London Academy - Southwark EABL,"Andrew Nwokolo, Daniel Banjoko, Louis Thompson, Rafi Testfay, Toby Gass",Barking Abbey EABL,"Amari Maitland, Joshua Mendes, Kervy Mabaya, Micael Filho, Raphael Connolly",1,156,2.6,7.0,6,3,3,100,0,0,0,0,0,0,0,3,3,1,2,0,4,0,3,1,5,20,1,2,50,0,0,0,1,0,1,1,4,0,3,3,7.0,6.9,85.7,43.3,42.4,43.3,85.7,-42.4,3,0,0,0,0,0,0,0,0,0,0,0,0,0,0,0,0,0,0,0,0,0,0,0,0,0,0,0,0,0,0,0,0
Copleston High School EABL,"Callum Fobister, Elijah Tamakloe, Matthew Liddamore, Noah Wilkinson, Timothy Rafiu",Barking Abbey EABL,"Joshua Mendes, Kervy Mabaya, Micael Filho, Oskaras Visockas, Raphael Connolly",1,185,3.1,7.0,3,1,3,33.3,1,2,50,0,0,0,0,3,3,1,1,0,4,0,6,3,7,42.9,0,2,0,0,0,0,1,2,3,3,1,0,1,0,7.0,6.9,42.9,86.6,-43.7,86.6,42.9,43.7,-3,0,0,0,0,0,0,0,0,0,0,0,0,0,0,0,0,0,0,0,0,0,0,0,0,0,0,0,0,0,0,0,0
City of London Academy - Southwark EABL,"Alex Morentin, Andrew Nwokolo, Daniel Banjoko, Jacob Hannick, Toby Gass",Oaklands Wolves EABL,"Daniel Kostadinov, Dylan Gladstone, Enzo Da Cruz Fatuda, Gavin Mitchell, Huxley Morrell",1,202,3.4,7.0,4,2,5,40,0,3,0,0,0,0,0,3,3,0,2,2,2,0,4,2,5,40,0,0,0,0,0,0,0,3,3,1,1,0,2,1,7.0,7.0,57.1,57.1,0,57.1,57.1,0,0,0,0,0,0,0,0,0,0,0,0,0,0,0,0,0,0,0,0,0,0,0,0,0,0,0,0,0,0,0,0,0,0
Derby College Trailblazers EABL,"Casey Burr, Elias Norman, Elias Rice, Rohan Hobday, William Tallon",Manchester Magic Academy EABL,"Jack Walton, Lewis Clayton, Oluwademilade Babalola, Samy Sidi-Boumedine, Tarique Kamal Kazmi",1,170,2.8,7.0,4,2,6,33.3,0,1,0,0,0,0,1,1,2,0,2,0,2,1,4,2,5,40,0,2,0,0,0,0,0,2,2,1,1,2,2,1,6.6,7.0,60.9,57.1,3.7,57.1,60.9,-3.7,0,0,0,0,0,0,0,0,0,0,0,0,0,0,0,0,0,0,0,0,0,0,0,0,0,0,0,0,0,0,0,0,0
City of London Academy - Southwark EABL,"David Banjoko, Louis Thompson, Nyakeh Senessie, Rafi Testfay, Toby Gass",Copleston High School EABL,"Callum Fobister, Grant Millar, Isaac Little, Matthew Liddamore, Noah Wilkinson",1,191,3.2,7.0,7,2,7,28.6,1,3,33.3,2,2,100,1,1,2,2,1,0,1,1,5,2,4,50,1,3,33.3,0,0,0,0,2,2,1,1,0,3,2,7.1,7.0,98.6,71.4,27.2,71.4,98.6,-27.2,2,0,0,0,0,0,0,0,0,0,0,0,0,0,0,0,0,0,0,0,0,0,0,0,0,0,0,0,0,0,0,0,0
Derby College Trailblazers EABL,"George Pastor, Jarom Howlett, Julian Lemanski, Matheo Smith-Fjordland, William Tallon",SGS College EABL,"Abubakar Odowa, Kayden Richards, Marcos Perez Tosca, Martin Alburo, Zion Lawson",1,167,2.8,7.0,9,4,7,57.1,1,2,50,0,0,0,0,4,4,4,1,3,0,0,5,2,6,33.3,1,2,50,0,0,0,0,3,3,2,0,0,1,0,7.0,7.0,128.6,71.4,57.1,71.4,128.6,-57.1,4,0,0,0,0,0,0,0,0,0,0,0,0,0,0,0,0,0,0,0,0,0,0,0,0,0,0,0,0,0,0,0,0
Myerscough College EABL,"Cesar Sanchez Falette, Daniel Okhuoya, Fin Morgan, Olivier Esingle, Sayomi Latidan",Charnwood College Riders EABL,"Asa Oyerinde, Pharrell Kattah, Rudy Buckingham, Tristan Curran, Zavier Gleadell-Smith",1,190,3.2,7.0,4,2,7,28.6,0,2,0,0,0,0,0,5,5,2,0,1,0,1,2,1,6,16.7,0,1,0,0,2,0,1,5,6,0,0,0,1,0,7.0,7.0,57.1,28.6,28.5,28.6,57.1,-28.5,2,0,0,0,0,0,0,0,0,0,0,0,0,0,0,0,0,0,0,0,0,0,0,0,0,0,0,0,0,0,0,0,0
Myerscough College EABL,"Cesar Sanchez Falette, Harry Sheehan, Olivier Esingle, Sayomi Latidan, Zach Trezvant",Barking Abbey EABL,"Alaxanda Nwabueze, Joshua Mendes, Kervy Mabaya, Raphael Connolly, Solomon Dobson Smith",1,189,3.1,7.0,8,3,5,60,2,4,50,0,0,0,0,4,4,2,1,0,2,1,3,1,5,20,0,2,0,1,2,50,1,2,3,1,1,0,2,0,7.0,7.0,114.3,42.7,71.6,42.7,114.3,-71.6,5,0,0,0,0,0,0,0,0,0,0,0,0,0,0,0,0,0,0,0,0,0,0,0,0,0,0,0,0,0,0,0,0
HHS Reading Rockets EABL,"Ethan Harrington, Lazure Francis, Luca Bakary, Malachi Hassan-Taylor, Matthew Daines",Oaklands Wolves EABL,"Daniel Kostadinov, Dylan Gladstone, Enzo Da Cruz Fatuda, Huxley Morrell, Liam Mcintosh",1,192,3.2,6.9,10,4,7,57.1,0,1,0,2,2,100,1,1,2,3,3,0,1,0,6,2,4,50,2,2,100,0,0,0,1,2,3,2,1,0,3,2,7.8,5.9,128,101.2,26.9,101.2,128,-26.9,4,0,0,0,0,0,0,0,0,0,0,0,0,0,0,0,0,0,0,0,0,0,0,0,0,0,0,0,0,0,0,0,0
Manchester Magic Academy EABL,"Abraham Sagay Isiorho, David Allotey, Jack Walton, Tiego Weekes, Tom Richardson",BMET City of Birmingham Rockets EABL,"Abdou Camara, Jude Hyland, Larry Duru, Patrick Walsh, Philip Basioudis",1,130,2.2,6.9,9,3,4,75,1,2,50,2,2,100,0,3,3,3,2,0,2,3,3,1,3,33.3,0,1,0,1,2,50,0,1,1,0,1,0,3,1,6.9,6.9,130.8,43.6,87.2,43.6,130.8,-87.2,6,0,0,0,0,0,0,0,0,0,0,0,0,0,0,0,0,0,0,0,0,0,0,0,0,0,0,0,0,0,0,0,0
Derby College Trailblazers EABL,"Elias Norman, Elias Rice, Jarom Howlett, Kaleel Otaye, Liyo Ngomti, Rohan Hobday",Myerscough College EABL,"L. Roberts, Layjuan Farrell, Olivier Esingle, Salomi Latidan, Zach Trezvant",1,258,4.3,6.8,10,4,7,57.1,2,3,66.7,0,0,0,1,2,3,3,0,0,1,1,10,4,6,66.7,1,3,33.3,1,2,50,1,1,2,4,0,0,1,0,6.4,7.2,156.4,139.5,16.8,139.5,156.4,-16.8,0,0,0,0,0,0,0,0,0,0,0,0,0,0,0,0,0,0,0,0,0,0,0,0,0,0,0,0,0,0,0,0,0
Oaklands Wolves EABL,"Ethan Ryan, Gavin Mitchell, Huxley Morrell, Liam Mcintosh, Tristan Mcintosh",Copleston High School EABL,"Callum Fobister, Elijah Tamakloe, Isaac Little, Matthew Liddamore, Noah Wilkinson",1,175,2.9,6.8,7,3,6,50,1,1,100,0,0,0,1,4,5,3,0,2,2,2,5,2,8,25,0,1,0,1,2,50,2,2,4,0,1,0,0,0,6.9,6.7,101,74.2,26.8,74.2,101,-26.8,2,0,0,0,0,0,0,0,0,0,0,0,0,0,0,0,0,0,0,0,0,0,0,0,0,0,0,0,0,0,0,0,0
Myerscough College EABL,"Cesar Sanchez Falette, Harry Sheehan, Jakub Bobkowski, Sayomi Latidan, Zach Trezvant",Manchester Magic Academy EABL,"Harley Blake, Jack Odongo, Jack Walton, Oluwademilade Babalola, Tiego Weekes",1,184,3.1,6.7,4,1,7,14.3,0,1,0,2,4,50,4,2,6,0,1,1,2,0,2,1,4,25,0,0,0,0,0,0,0,2,2,1,2,0,3,4,6.5,7.0,61.7,28.6,33.2,28.6,61.7,-33.2,2,0,0,0,0,0,0,0,0,0,0,0,0,0,0,0,0,0,0,0,0,0,0,0,0,0,0,0,0,0,0,0,0
Oaklands Wolves EABL,"Daniel Kostadinov, Dylan Gladstone, Gavin Mitchell, Kajus Gasperas, Tristan Mcintosh",Itchen College EABL,"Ethan Round, Jakub Ofman, Mason Yeates, Richard Radu, Thomas Blower",1,182,3.0,6.7,5,2,7,28.6,0,3,0,1,2,50,2,3,5,0,1,0,1,1,7,2,7,28.6,1,1,100,2,2,100,2,3,5,0,1,0,1,1,6.7,6.7,74.2,103.9,-29.7,103.9,74.2,29.7,-2,0,0,0,0,0,0,0,0,0,0,0,0,0,0,0,0,0,0,0,0,0,0,0,0,0,0,0,0,0,0,0,0
City of London Academy - Southwark EABL,"Andrew Nwokolo, Daniel Banjoko, David Banjoko, Jacob Hannick, Toby Gass",HHS Reading Rockets EABL,"Ethan Harrington, Joseph Mackinnon, Luca Bakary, Malachi Hassan-Taylor, Matthew Daines",1,211,3.5,6.7,6,3,6,50,0,2,0,0,0,0,1,3,4,3,2,0,2,1,2,1,5,20,0,2,0,0,0,0,1,1,2,0,1,0,3,0,6.4,6.9,93.8,28.9,65,28.9,93.8,-65,4,0,0,0,0,0,0,0,0,0,0,0,0,0,0,0,0,0,0,0,0,0,0,0,0,0,0,0,0,0,0,0,0
Manchester Magic Academy EABL,"Allan Adetula, David Allotey, Harley Blake, Lewis Clayton, Samy Sidi-Boumedine",BMET City of Birmingham Rockets EABL,"Billy Rose, George Angoy, Jonathan Agbeze, Larry Duru, Philip Basioudis",1,144,2.4,6.7,2,1,4,25,0,2,0,0,0,0,0,2,2,0,2,0,3,1,5,2,5,40,1,3,33.3,0,1,0,1,2,3,2,2,1,2,1,7.0,6.4,28.6,78.5,-49.9,78.5,28.6,49.9,-3,0,0,0,0,0,0,0,0,0,0,0,0,0,0,0,0,0,0,0,0,0,0,0,0,0,0,0,0,0,0,0,0
SGS College EABL,"Imam Toure, Kevin Ramirez Mora, Luka Matthews, Marcos Perez Tosca, Martin Alburo",Charnwood College Riders EABL,"Okeri Hambira, Pharrell Kattah, Tom Pearson, Tristan Curran, Zavier Gleadell-Smith",1,147,2.5,6.6,7,1,4,25,1,2,50,4,4,100,1,2,3,2,0,1,2,2,7,3,5,60,0,1,0,1,1,100,0,2,2,2,2,0,1,1,6.7,6.4,104.6,108.7,-4.1,108.7,104.6,4.1,0,0,0,0,0,0,0,0,0,0,0,0,0,0,0,0,0,0,0,0,0,0,0,0,0,0,0,0,0,0,0,0,0
HHS Reading Rockets EABL,"Ethan Harrington, James Waterhouse, Luca Bakary, Malachi Hassan-Taylor, Matthew Daines",Itchen College EABL,"Benjamin Cope, Dawid Cimochowski, Elijah Lotriet, Ethan Round, Jakub Ofman",1,174,2.9,6.6,3,1,6,16.7,0,2,0,1,3,33.3,1,2,3,0,0,0,1,1,7,3,5,60,1,1,100,0,0,0,0,4,4,2,0,0,1,3,7.2,6.0,41.4,116.7,-75.3,116.7,41.4,75.3,-4,0,0,0,0,0,0,0,0,0,0,0,0,0,0,0,0,0,0,0,0,0,0,0,0,0,0,0,0,0,0,0,0
Manchester Magic Academy EABL,"Abraham Isiorho, Jack Walton, Lewis Clayton, Tiego Weekes, Tom Richardson",Myerscough College EABL,"Cesar Sanchez Falette, Daniel Okhuoya, Olivier Esingle, Sayomi Laditan, Zach Trezvant",1,159,2.6,6.6,7,3,5,60,1,2,50,0,1,0,1,0,1,3,0,0,2,2,4,2,2,100,0,0,0,0,1,0,1,2,3,1,1,0,4,2,6.7,6.4,104.1,62.1,42,62.1,104.1,-42,3,0,0,0,0,0,0,0,0,0,0,0,0,0,0,0,0,0,0,0,0,0,0,0,0,0,0,0,0,0,0,0,0
BMET City of Birmingham Rockets EABL,"George Angoy, Jonathan Agbeze, Jude Hyland, Larry Duru, Philip Basioudis",Myerscough College EABL,"Daniel Okhuoya, Harry Sheehan, Jakub Bobkowski, Olivier Esingle, Sayomi Latidan",1,149,2.5,6.5,6,3,4,75,0,1,0,0,0,0,0,1,1,2,1,0,2,0,8,4,6,66.7,0,1,0,0,0,0,1,1,2,1,1,0,2,1,6.0,6.9,100,115.4,-15.4,115.4,100,15.4,-2,0,0,0,0,0,0,0,0,0,0,0,0,0,0,0,0,0,0,0,0,0,0,0,0,0,0,0,0,0,0,0,0
Barking Abbey EABL,"Alexanda Nwabueze, Francesco Cole, Harry Egbayelo, Heath Parkin, Kimbe N'gabala",Copleston High School EABL,"Grant Millar, Isaac Little, Mason Wells, Noah Wilkinson, Timothy Rafiu",1,179,3.0,6.5,8,3,7,42.9,1,2,50,1,4,25,2,4,6,2,1,1,0,2,0,0,4,0,0,2,0,0,2,0,1,3,4,0,0,1,2,2,7.0,6.0,113.5,0,113.5,0,113.5,-113.5,8,0,0,0,0,0,0,0,0,0,0,0,0,0,0,0,0,0,0,0,0,0,0,0,0,0,0,0,0,0,0,0,0
SGS College EABL,"Dylan Lloyd, Jakub Grajcar, Luka Matthews, Martin Alburo, Zion Lawson",Copleston High School EABL,"Grant Millar, Luke Read, Matthew Liddamore, Noah Wilkinson, Timothy Rafiu",1,137,2.3,6.5,10,5,6,83.3,0,1,0,0,0,0,0,3,3,2,2,0,0,0,2,1,5,20,0,1,0,0,0,0,1,1,2,0,0,0,3,2,6.0,6.9,166.7,28.9,137.8,28.9,166.7,-137.8,8,0,0,0,0,0,0,0,0,0,0,0,0,0,0,0,0,0,0,0,0,0,0,0,0,0,0,0,0,0,0,0,0
HHS Reading Rockets EABL,"Can Okumus, Ethan Harrington, James Waterhouse, Luca Bakary, Matthew Daines",SGS College EABL,"Abubakar Odowa, Imam Toure, Kevin Ramirez Mora, Luka Matthews, Martin Alburo",1,139,2.3,6.5,4,2,6,33.3,0,1,0,0,0,0,0,1,1,1,3,0,0,1,6,3,5,60,0,2,0,0,1,0,2,3,5,1,0,1,3,0,6.0,7.0,66.7,85.6,-18.9,85.6,66.7,18.9,-2,0,0,0,0,0,0,0,0,0,0,0,0,0,0,0,0,0,0,0,0,0,0,0,0,0,0,0,0,0,0,0,0
Copleston High School EABL,"Angus Hickey, Isaac Little, Mason Wells, Matthew Liddamore, Noah Wilkinson",Barking Abbey EABL,"Ethan Albrecht, Francesco Cole, Kimbe N'gabala, Munyaradzi Myamutenha, Raphael Connolly",1,205,3.4,6.4,6,3,7,42.9,0,2,0,0,0,0,2,3,5,0,0,0,1,1,10,4,8,50,2,4,50,0,0,0,1,2,3,2,1,0,0,1,5.9,6.9,102.4,144.3,-41.9,144.3,102.4,41.9,-4,0,0,0,0,0,0,0,0,0,0,0,0,0,0,0,0,0,0,0,0,0,0,0,0,0,0,0,0,0,0,0,0
Charnwood College Riders EABL,"Asa Oyerinde, Fahad Saeed, Luca Boothe, Tristan Curran, Zavier Gleadell-Smith",SGS College EABL,"Antoine Bennett, Kayden Richards, Luka Matthews, Marcos Pospori, Martin Alburo",1,190,3.2,6.4,4,1,4,25,0,0,0,2,2,100,0,1,1,0,1,0,2,1,8,3,4,75,0,0,0,2,2,100,0,2,2,2,1,0,1,1,6.9,5.9,58.1,136.1,-77.9,136.1,58.1,77.9,-4,0,0,0,0,0,0,0,0,0,0,0,0,0,0,0,0,0,0,0,0,0,0,0,0,0,0,0,0,0,0,0,0
Myerscough College EABL,"Ayo Ibirinde, Cesar Sanchez Falette, Ivan Idemudia, Olivier Esingle, Salomi Latidan",BMET City of Birmingham Rockets EABL,"George Angoy, Jonathan Agbeze, Larry Duru, Philip Basioudis, Simba Chikukwa",1,183,3.0,6.4,4,2,5,40,0,0,0,0,0,0,2,2,4,1,3,0,3,0,5,2,4,50,1,2,50,0,0,0,0,1,1,1,2,0,3,1,5.9,7.0,68.3,71.4,-3.2,71.4,68.3,3.2,-1,0,0,0,0,0,0,0,0,0,0,0,0,0,0,0,0,0,0,0,0,0,0,0,0,0,0,0,0,0,0,0,0
Oaklands Wolves EABL,"Daniel Kostadinov, Dylan Gladstone, Enzo Da Cruz Fatuda, Gavin Mitchell, Liam Mcintosh",Barking Abbey EABL,"Joshua Mendes, Kervy Mabaya, Micael Filho, Munyaradzi Myamutenha, Raphael Connolly",1,185,3.1,6.4,9,3,6,50,2,4,50,1,2,50,1,4,5,3,0,0,0,0,2,1,7,14.3,0,3,0,0,0,0,0,2,2,1,0,1,0,1,5.8,7.0,154.9,28.6,126.3,28.6,154.9,-126.3,7,0,0,0,0,0,0,0,0,0,0,0,0,0,0,0,0,0,0,0,0,0,0,0,0,0,0,0,0,0,0,0,0
SGS College EABL,"Abubakar Odowa, Jakub Grajcar, Luka Matthews, Martin Alburo, Zion Lawson",Copleston High School EABL,"Callum Fobister, Grant Millar, Isaac Carty-Peters, Matthew Liddamore, Noah Wilkinson",1,180,3.0,6.4,3,1,5,20,1,1,100,0,4,0,1,1,2,1,2,0,1,2,2,1,4,25,0,2,0,0,0,0,2,4,6,0,1,1,4,2,6.9,5.9,43.5,34.1,9.3,34.1,43.5,-9.3,1,0,0,0,0,0,0,0,0,0,0,0,0,0,0,0,0,0,0,0,0,0,0,0,0,0,0,0,0,0,0,0,0
City of London Academy - Southwark EABL,"Andrew Nwokolo, Bilal Olowoshile, Daniel Banjoko, David Banjoko, Jacob Hannick",Myerscough College EABL,"Cesar Sanchez Falette, Olivier Esingle, Salomi Latidan, Sayomi Latidan, Zach Trezvant",1,152,2.5,6.4,4,1,3,33.3,0,0,0,2,2,100,0,2,2,0,0,0,3,1,6,3,5,60,0,1,0,0,0,0,0,1,1,1,1,1,1,0,6.9,6.0,58.1,100,-41.9,100,58.1,41.9,-2,0,0,0,0,0,0,0,0,0,0,0,0,0,0,0,0,0,0,0,0,0,0,0,0,0,0,0,0,0,0,0,0
City of London Academy - Southwark EABL,"Andrew Nwokolo, Daniel Banjoko, David Banjoko, Jacob Hannick, Toby Gass",Itchen College EABL,"Benjamin Cope, Dawid Cimochowski, Elijah Lotriet, Ethan Round, Jakub Ofman",1,154,2.6,6.3,9,3,5,60,0,1,0,3,4,75,1,2,3,2,1,1,1,0,2,1,5,20,0,2,0,0,0,0,0,1,1,1,1,0,1,3,6.7,6.0,134.5,33.3,101.2,33.3,134.5,-101.2,7,0,0,0,0,0,0,0,0,0,0,0,0,0,0,0,0,0,0,0,0,0,0,0,0,0,0,0,0,0,0,0,0
Itchen College EABL,"George Andrews, Javen Osei-Owusu, Marley Edwards, Richard Radu, Thomas Blower",Copleston High School EABL,"Callum Fobister, Jaziah Mussington, Matthew Liddamore, Noah Wilkinson, Timothy Rafiu",1,190,3.2,6.3,7,3,4,75,0,0,0,1,2,50,1,4,5,1,2,2,2,2,0,0,6,0,0,4,0,0,0,0,1,0,1,0,2,0,2,1,5.8,6.7,120.5,0,120.5,0,120.5,-120.5,7,0,0,0,0,0,0,0,0,0,0,0,0,0,0,0,0,0,0,0,0,0,0,0,0,0,0,0,0,0,0,0,0
Derby College Trailblazers EABL,"Casey Burr, Elias Norman, Elias Rice, Jarom Howlett, Kaleel Otaye, Rohan Hobday",Myerscough College EABL,"Cesar Sanchez Falette, Harry Sheehan, Olivier Esingle, Salomi Latidan, Zach Trezvant",1,234,3.9,6.3,4,2,6,33.3,0,2,0,0,0,0,0,3,3,1,0,1,0,3,6,1,6,16.7,0,2,0,4,4,100,2,4,6,0,0,0,1,0,6.0,6.6,66.7,90.6,-24,90.6,66.7,24,-2,0,0,0,0,0,0,0,0,0,0,0,0,0,0,0,0,0,0,0,0,0,0,0,0,0,0,0,0,0,0,0,0
Derby College Trailblazers EABL,"Jarom Howlett, Julian Lemanski, Liyo Ngomti, Rohan Hobday, William Tallon",Myerscough College EABL,"Cesar Sanchez Falette, Harry Sheehan, Olivier Esingle, Salomi Latidan, Zach Trezvant",1,156,2.6,6.3,3,1,3,33.3,1,2,50,0,0,0,0,2,2,1,1,0,3,2,8,3,5,60,1,2,50,1,3,33.3,1,2,3,1,1,1,1,0,6.0,6.6,50,121.1,-71.1,121.1,50,71.1,-5,0,0,0,0,0,0,0,0,0,0,0,0,0,0,0,0,0,0,0,0,0,0,0,0,0,0,0,0,0,0,0,0
Barking Abbey EABL,"Alaxanda Nwabueze, Kervy Mabaya, Malik Matser, Micael Filho, Raphael Connolly",HHS Reading Rockets EABL,"Ethan Harrington, James Waterhouse, Luca Bakary, Malachi Hassan-Taylor, Matthew Daines",1,221,3.7,6.2,5,2,5,40,0,3,0,1,1,100,0,4,4,0,1,1,1,2,2,1,5,20,0,2,0,0,0,0,0,3,3,0,0,0,1,2,6.4,6.0,77.6,33.3,44.3,33.3,77.6,-44.3,3,0,0,0,0,0,0,0,0,0,0,0,0,0,0,0,0,0,0,0,0,0,0,0,0,0,0,0,0,0,0,0,0
City of London Academy - Southwark EABL,"Andrew Nwokolo, Daniel Banjoko, David Banjoko, Jacob Hannick, Toby Gass",Itchen College EABL,"Benjamin Cope, Dawid Cimochowski, Elijah Lotriet, Ethan Round, Javen Osei-Owusu",1,201,3.4,6.2,5,2,7,28.6,0,4,0,1,1,100,2,1,3,1,2,1,0,1,5,2,4,50,1,2,50,0,0,0,0,3,3,1,0,0,3,4,5.3,7.0,94.3,71.4,22.9,71.4,94.3,-22.9,0,0,0,0,0,0,0,0,0,0,0,0,0,0,0,0,0,0,0,0,0,0,0,0,0,0,0,0,0,0,0,0,0
SGS College EABL,"Imam Toure, Kevin Ramirez Mora, Luka Matthews, Marcos Perez Tosca, Shaquan Nelson",Derby College Trailblazers EABL,"Casey Burr, Elias Norman, Elias Rice, Rohan Hobday, William Tallon",1,195,3.2,6.2,7,3,6,50,0,1,0,1,1,100,0,2,2,0,0,0,1,2,7,3,5,60,1,1,100,0,0,0,0,2,2,2,0,1,0,2,7.4,5.0,94.1,140,-45.9,140,94.1,45.9,0,0,0,0,0,0,0,0,0,0,0,0,0,0,0,0,0,0,0,0,0,0,0,0,0,0,0,0,0,0,0,0,0
Manchester Magic Academy EABL,"Harley Blake, Jack Walton, Nathan Brown, Oluwademilade Babalola, Tarique Kamal Kazmi",SGS College EABL,"Imam Toure, Kevin Ramirez Mora, Luka Matthews, Marcos Perez Tosca, Shaquan Nelson",1,174,2.9,6.2,6,3,6,50,0,2,0,0,0,0,1,0,1,1,3,0,1,0,7,3,3,100,1,1,100,0,0,0,0,1,1,2,0,0,4,1,5.4,7.0,111.2,100,11.2,100,111.2,-11.2,-1,0,0,0,0,0,0,0,0,0,0,0,0,0,0,0,0,0,0,0,0,0,0,0,0,0,0,0,0,0,0,0,0
Oaklands Wolves EABL,"Enzo Da Cruz Fatuda, Gavin Mitchell, Huxley Morrell, Liam Mcintosh, Tristan Mcintosh",Copleston High School EABL,"Isaac Little, Mason Wells, Matthew Liddamore, Noah Wilkinson, Timothy Rafiu",1,124,2.1,6.2,2,1,5,20,0,1,0,0,0,0,1,2,3,1,1,0,2,1,2,1,4,25,0,1,0,0,1,0,0,3,3,0,2,0,2,0,5.9,6.4,33.7,31.1,2.7,31.1,33.7,-2.7,0,0,0,0,0,0,0,0,0,0,0,0,0,0,0,0,0,0,0,0,0,0,0,0,0,0,0,0,0,0,0,0,0
Charnwood College Riders EABL,"Asa Oyerinde, Fahad Saeed, Pharrell Kattah, Rudy Buckingham, Tom Pearson",BMET City of Birmingham Rockets EABL,"George Angoy, Jonathan Agbeze, Jude Hyland, Larry Duru, Philip Basioudis",1,212,3.5,6.2,7,3,5,60,1,3,33.3,0,0,0,0,2,2,2,1,0,1,2,7,2,6,33.3,1,2,50,2,2,100,1,2,3,2,1,0,1,1,6.0,6.5,116.7,108.5,8.2,108.5,116.7,-8.2,0,0,0,0,0,0,0,0,0,0,0,0,0,0,0,0,0,0,0,0,0,0,0,0,0,0,0,0,0,0,0,0,0
Derby College Trailblazers EABL,"Casey Burr, Elias Rice, George Pastor, Julian Lemanski, William Tallon",BMET City of Birmingham Rockets EABL,"Daniel Pittaway, Jonathan Agbeze, Jude Hyland, Larry Duru, Philip Basioudis",1,166,2.8,6.1,9,4,7,57.1,1,4,25,0,0,0,1,1,2,3,1,0,0,2,5,2,3,66.7,0,1,0,1,2,50,0,1,1,2,0,0,3,0,5.4,6.9,166.8,72.7,94.1,72.7,166.8,-94.1,4,0,0,0,0,0,0,0,0,0,0,0,0,0,0,0,0,0,0,0,0,0,0,0,0,0,0,0,0,0,0,0,0
Manchester Magic Academy EABL,"Allan Adetula, Harley Blake, Jack Odongo, Oluwademilade Babalola, Tarique Kamal Kazmi",BMET City of Birmingham Rockets EABL,"Billy Rose, George Angoy, Guridat Singh, Issac Gisbourne, Simba Chikukwa",1,163,2.7,6.1,8,4,8,50,0,3,0,0,0,0,2,0,2,2,2,0,1,0,8,3,3,100,2,2,100,0,0,0,0,1,1,3,0,0,3,1,6.1,6.0,130.2,133.3,-3.2,133.3,130.2,3.2,0,0,0,0,0,0,0,0,0,0,0,0,0,0,0,0,0,0,0,0,0,0,0,0,0,0,0,0,0,0,0,0,0
Myerscough College EABL,"Fin Morgan, Jakub Bobkowski, Layjuan Farrell, Sayomi Latidan, Zach Trezvant",Derby College Trailblazers EABL,"Casey Burr, Elias Norman, George Pastor, Julian Lemanski, Kaleel Otaye",1,175,2.9,6.1,8,3,6,50,1,2,50,1,1,100,2,4,6,2,0,0,1,1,3,1,6,16.7,0,2,0,1,2,50,1,1,2,1,1,0,1,0,5.3,6.8,150.9,44.1,106.9,44.1,150.9,-106.9,5,0,0,0,0,0,0,0,0,0,0,0,0,0,0,0,0,0,0,0,0,0,0,0,0,0,0,0,0,0,0,0,0
Myerscough College EABL,"Alex Cisse, Daniel Okhuoya, Harry Sheehan, Olivier Esingle, Sayomi Latidan",Derby College Trailblazers EABL,"Elias Norman, Elias Rice, Finley Tuck, Karim Zidonis, William Tallon",1,155,2.6,6.1,14,6,7,85.7,1,1,100,1,1,100,1,3,4,2,3,0,0,1,0,0,2,0,0,1,0,0,2,0,0,0,0,0,0,0,3,2,6.4,5.9,219.8,0,219.8,0,219.8,-219.8,14,0,0,0,0,0,0,0,0,0,0,0,0,0,0,0,0,0,0,0,0,0,0,0,0,0,0,0,0,0,0,0,0
Manchester Magic Academy EABL,"Abraham Sagay Isiorho, Jack Odongo, Jack Walton, Oluwademilade Babalola, Tom Richardson",SGS College EABL,"Antoine Bennett, Dylan Lloyd, Kevin Ramirez Mora, Marcos Pospori, Martin Alburo",1,131,2.2,6.0,7,3,4,75,1,1,100,0,0,0,0,2,2,3,2,0,2,0,4,2,4,50,0,1,0,0,0,0,0,1,1,1,1,0,2,0,6.0,6.0,116.7,66.7,50,66.7,116.7,-50,3,0,0,0,0,0,0,0,0,0,0,0,0,0,0,0,0,0,0,0,0,0,0,0,0,0,0,0,0,0,0,0,0
Copleston High School EABL,"Elijah Tamakloe, Isaac Carty-Peters, Mason Wells, Matthew Liddamore, Noah Wilkinson",Oaklands Wolves EABL,"Daniel Kostadinov, Dylan Gladstone, Guisepi Augenti, Huxley Morrell, Zac Gribble",1,141,2.4,6.0,4,2,5,40,0,2,0,0,0,0,0,2,2,1,1,1,1,0,4,2,5,40,0,1,0,0,0,0,0,3,3,1,0,0,1,1,6.0,6.0,66.7,66.7,0,66.7,66.7,0,0,0,0,0,0,0,0,0,0,0,0,0,0,0,0,0,0,0,0,0,0,0,0,0,0,0,0,0,0,0,0,0,0
Manchester Magic Academy EABL,"Jack Walton, Lewis Clayton, Oluwademilade Babalola, Tarique Kamal Kazmi, Tom Richardson",BMET City of Birmingham Rockets EABL,"George Angoy, Jude Hyland, Larry Duru, Patrick Walsh, Philip Basioudis",1,142,2.4,6.0,10,4,5,80,2,2,100,0,0,0,1,3,4,3,3,0,2,0,0,0,3,0,0,1,0,0,0,0,0,0,0,0,2,0,3,0,5.9,6.0,168.6,0,168.6,0,168.6,-168.6,10,0,0,0,0,0,0,0,0,0,0,0,0,0,0,0,0,0,0,0,0,0,0,0,0,0,0,0,0,0,0,0,0
Manchester Magic Academy EABL,"Abraham Isiorho, Jack Odongo, Jack Walton, Oluwademilade Babalola, Samy Sidi-Boumedine",Myerscough College EABL,"Cesar Sanchez Falette, Harry Sheehan, Olivier Esingle, Salomi Laditan, Zach Trezvant",1,184,3.1,6.0,5,2,5,40,1,3,33.3,0,0,0,2,2,4,2,0,0,3,0,6,3,9,33.3,0,2,0,0,0,0,3,1,4,1,2,0,1,1,5.9,6.1,85.3,97.6,-12.3,97.6,85.3,12.3,-1,0,0,0,0,0,0,0,0,0,0,0,0,0,0,0,0,0,0,0,0,0,0,0,0,0,0,0,0,0,0,0,0
SGS College EABL,"Abubakar Odowa, Kayden Richards, Marcos Pospori, Martin Alburo, Shaquan Nelson",Myerscough College EABL,"Ayo Ibirinde, Cesar Sanchez Falette, Harry Sheehan, Olivier Esingle, Salomi Latidan",1,63,1.1,5.9,4,2,4,50,0,2,0,0,0,0,0,1,1,1,1,0,2,1,6,2,4,50,0,1,0,2,2,100,0,2,2,1,2,0,1,0,6.0,5.9,66.7,102,-35.4,102,66.7,35.4,-2,0,0,0,0,0,0,0,0,0,0,0,0,0,0,0,0,0,0,0,0,0,0,0,0,0,0,0,0,0,0,0,0
Manchester Magic Academy EABL,"Abraham Sagay Isiorho, Harley Blake, Jack Walton, Nathan Brown, Oluwademilade Babalola",Derby College Trailblazers EABL,"Casey Burr, Elias Rice, Julian Lemanski, Rohan Hobday, William Tallon",1,138,2.3,5.9,3,1,3,33.3,0,1,0,1,2,50,0,3,3,1,1,1,2,0,4,2,6,33.3,0,3,0,0,0,0,1,1,2,1,2,0,1,2,5.9,5.9,51,67.5,-16.4,67.5,51,16.4,-1,0,0,0,0,0,0,0,0,0,0,0,0,0,0,0,0,0,0,0,0,0,0,0,0,0,0,0,0,0,0,0,0
Manchester Magic Academy EABL,"Abraham Sagay Isiorho, Jack Odongo, Samy Sidi-Boumedine, Tiego Weekes, Tom Richardson",SGS College EABL,"Abubakar Odowa, Luka Matthews, Marcos Pospori, Martin Alburo, Washington Wewe",1,133,2.2,5.9,11,5,6,83.3,1,1,100,0,1,0,1,3,4,5,1,0,1,0,2,1,5,20,0,3,0,0,0,0,1,1,2,0,0,0,1,1,6.9,4.9,159.3,40.6,118.7,40.6,159.3,-118.7,9,0,0,0,0,0,0,0,0,0,0,0,0,0,0,0,0,0,0,0,0,0,0,0,0,0,0,0,0,0,0,0,0
Copleston High School EABL,"Callum Fobister, Isaac Carty-Peters, Matthew Liddamore, Noah Wilkinson, Timothy Rafiu",City of London Academy - Southwark EABL,"Alex Morentin, Barack Manfo-Marc, Nyakeh Senessie, Ruben Cryer, Sharmake Shirwac",1,197,3.3,5.9,5,2,6,33.3,1,5,20,0,0,0,0,3,3,1,0,0,0,1,7,3,8,37.5,1,5,20,0,0,0,2,3,5,1,0,0,0,0,6.0,5.9,83.3,119.5,-36.1,119.5,83.3,36.1,-2,0,0,0,0,0,0,0,0,0,0,0,0,0,0,0,0,0,0,0,0,0,0,0,0,0,0,0,0,0,0,0,0
SGS College EABL,"Dylan Lloyd, Imam Toure, Kevin Ramirez Mora, Marcos Perez Tosca, Martin Alburo",Manchester Magic Academy EABL,"Abraham Sagay Isiorho, Harley Blake, Jack Odongo, Jack Walton, Oluwademilade Babalola",1,202,3.4,5.9,3,1,4,25,1,3,33.3,0,0,0,0,3,3,1,0,1,2,2,4,2,7,28.6,0,1,0,0,0,0,2,2,4,1,1,0,1,0,6.0,5.9,50,68.3,-18.3,68.3,50,18.3,-1,0,0,0,0,0,0,0,0,0,0,0,0,0,0,0,0,0,0,0,0,0,0,0,0,0,0,0,0,0,0,0,0
Myerscough College EABL,"Fin Morgan, Jakub Bobkowski, Layjuan Farrell, Sayomi Latidan, Zach Trezvant",Derby College Trailblazers EABL,"Casey Burr, Elias Norman, George Pastor, Julian Lemanski, William Tallon",1,163,2.7,5.9,7,3,7,42.9,1,2,50,0,0,0,2,4,6,1,0,0,1,2,5,1,5,20,1,2,50,2,2,100,0,2,2,2,0,1,0,0,5.9,5.9,119.5,85,34.4,85,119.5,-34.4,2,0,0,0,0,0,0,0,0,0,0,0,0,0,0,0,0,0,0,0,0,0,0,0,0,0,0,0,0,0,0,0,0
Barking Abbey EABL,"Amari Maitland, Francesco Cole, Joshua Mendes, Micael Filho, Raphael Connolly",Oaklands Wolves EABL,"Daniel Kostadinov, Dylan Gladstone, Enzo Da Cruz Fatuda, Huxley Morrell, Liam Mcintosh",1,210,3.5,5.9,5,2,7,28.6,1,2,50,0,0,0,3,0,3,1,1,0,2,1,6,3,5,60,0,2,0,0,0,0,1,2,3,2,2,0,2,0,5.8,4.9,86.4,123.5,-37.1,123.5,86.4,37.1,-1,0,0,0,0,0,0,0,0,0,0,0,0,0,0,0,0,0,0,0,0,0,0,0,0,0,0,0,0,0,0,0,0
Myerscough College EABL,"Cesar Sanchez Falette, Harry Sheehan, Olivier Esingle, Sayomi Latidan, Zach Trezvant",Barking Abbey EABL,"Alaxanda Nwabueze, Joshua Mendes, Kervy Mabaya, Micael Filho, Oskaras Visockas",1,88,1.5,5.9,6,2,3,66.7,0,0,0,2,3,66.7,1,1,2,1,0,0,2,2,5,1,3,33.3,0,2,0,3,6,50,0,0,0,1,2,0,1,3,5.2,6.6,114.3,75.3,39,75.3,114.3,-39,1,0,0,0,0,0,0,0,0,0,0,0,0,0,0,0,0,0,0,0,0,0,0,0,0,0,0,0,0,0,0,0,0
Manchester Magic Academy EABL,"Jack Odongo, Jack Walton, Lewis Clayton, Oluwademilade Babalola, Tarique Kamal Kazmi",Oaklands Wolves EABL,"Daniel Kostadinov, Dylan Gladstone, Enzo Da Cruz Fatuda, Gavin Mitchell, Huxley Morrell",1,139,2.3,5.9,4,1,3,33.3,0,0,0,2,2,100,0,4,4,1,1,0,2,0,0,0,4,0,0,3,0,0,0,0,0,1,1,0,0,1,2,2,5.9,6.0,68,0,68,0,68,-68,4,0,0,0,0,0,0,0,0,0,0,0,0,0,0,0,0,0,0,0,0,0,0,0,0,0,0,0,0,0,0,0,0
Manchester Magic Academy EABL,"Jack Walton, Lewis Clayton, Nathan Brown, Oluwademilade Babalola, Tarique Kamal Kazmi",Myerscough College EABL,"Cesar Sanchez Falette, Harry Sheehan, Olivier Esingle, Salomi Laditan, Zach Trezvant",1,189,3.1,5.9,11,4,4,100,3,3,100,0,0,0,0,2,2,3,0,2,2,0,9,4,8,50,1,2,50,0,0,0,2,0,2,2,2,0,0,0,6.0,5.9,183.3,153.6,29.7,153.6,183.3,-29.7,2,0,0,0,0,0,0,0,0,0,0,0,0,0,0,0,0,0,0,0,0,0,0,0,0,0,0,0,0,0,0,0,0
Myerscough College EABL,"Ayo Ibirinde, Cesar Sanchez Falette, Harry Sheehan, Jakub Bobkowski, Olivier Esingle",Manchester Magic Academy EABL,"Abraham Sagay Isiorho, Harley Blake, Jack Walton, Samy Sidi-Boumedine, Tarique Kamal Kazmi",1,161,2.7,5.8,3,1,5,20,0,2,0,1,2,50,1,1,2,0,2,0,1,0,4,2,6,33.3,0,1,0,0,0,0,1,3,4,0,0,0,2,1,5.8,5.9,51.6,68.3,-16.6,68.3,51.6,16.6,-1,0,0,0,0,0,0,0,0,0,0,0,0,0,0,0,0,0,0,0,0,0,0,0,0,0,0,0,0,0,0,0,0
Copleston High School EABL,"Grant Millar, Isaac Carty-Peters, Matthew Liddamore, Noah Wilkinson, Timothy Rafiu",Barking Abbey EABL,"Ethan Albrecht, Francesco Cole, Kimbe N'gabala, Munyaradzi Myamutenha, William Harper",1,147,2.5,5.8,0,0,1,0,0,1,0,0,0,0,0,1,1,0,0,0,5,2,9,3,6,50,0,1,0,3,4,75,2,0,2,0,3,0,0,1,6.0,5.6,0,160.1,-160.1,160.1,0,160.1,-9,0,0,0,0,0,0,0,0,0,0,0,0,0,0,0,0,0,0,0,0,0,0,0,0,0,0,0,0,0,0,0,0
HHS Reading Rockets EABL,"Can Okumus, James Waterhouse, Malachi Hassan-Taylor, Matthew Daines, Saun Ejiofor",City of London Academy - Southwark EABL,"Andrew Nwokolo, Daniel Banjoko, Dante Patel, David Banjoko, Toby Gass",1,74,1.2,5.8,2,1,2,50,0,1,0,0,0,0,0,3,3,0,0,0,3,3,7,3,7,42.9,0,1,0,1,4,25,3,1,4,2,2,0,0,0,5.0,6.6,40,105.7,-65.7,105.7,40,65.7,-5,0,0,0,0,0,0,0,0,0,0,0,0,0,0,0,0,0,0,0,0,0,0,0,0,0,0,0,0,0,0,0,0
Charnwood College Riders EABL,"Luca Boothe, Pharrell Kattah, Rudy Buckingham, Tristan Curran, Zavier Gleadell-Smith",Myerscough College EABL,"Harry Sheehan, Junior Sanchez, Olivier Esingle, Solomi Laditan, Zach Trezvant",1,191,3.2,5.8,8,4,6,66.7,0,1,0,0,0,0,1,0,1,1,0,0,1,0,8,4,6,66.7,0,1,0,0,2,0,1,1,2,4,1,1,1,0,5.9,5.7,134.9,139.4,-4.5,139.4,134.9,4.5,0,0,0,0,0,0,0,0,0,0,0,0,0,0,0,0,0,0,0,0,0,0,0,0,0,0,0,0,0,0,0,0,0
Barking Abbey EABL,"Alexanda Nwabueze, Folarin Oguntuase, Kervy Mabaya, Kimbe N'gabala, Malik Matser",Copleston High School EABL,"Isaac Carty-Peters, Isaac Little, Matthew Liddamore, Oliver Drane, Timothy Rafiu",1,186,3.1,5.8,7,1,3,33.3,1,2,50,4,4,100,1,1,2,2,1,0,2,0,2,1,3,33.3,0,2,0,0,0,0,0,1,1,1,1,0,3,2,5.7,6.0,123,33.3,89.7,33.3,123,-89.7,5,0,0,0,0,0,0,0,0,0,0,0,0,0,0,0,0,0,0,0,0,0,0,0,0,0,0,0,0,0,0,0,0
City of London Academy - Southwark EABL,"Andrew Nwokolo, Daniel Banjoko, David Banjoko, Rafi Testfay, Toby Gass",Copleston High School EABL,"Callum Fobister, Isaac Little, Matthew Liddamore, Noah Wilkinson, Timothy Rafiu",1,150,2.5,5.8,5,1,4,25,1,2,50,2,4,50,2,0,2,1,1,0,2,1,10,4,4,100,2,2,100,0,0,0,0,1,1,2,2,0,2,2,5.6,6.0,89,166.7,-77.7,166.7,89,77.7,-5,0,0,0,0,0,0,0,0,0,0,0,0,0,0,0,0,0,0,0,0,0,0,0,0,0,0,0,0,0,0,0,0
HHS Reading Rockets EABL,"Ethan Harrington, Lazure Francis, Luca Bakary, Malachi Hassan-Taylor, Matthew Daines",BMET City of Birmingham Rockets EABL,"George Angoy, Jonathan Agbeze, Jude Hyland, Larry Duru, Philip Basioudis",1,174,2.9,5.8,4,2,5,40,0,2,0,0,0,0,1,1,2,2,1,0,2,2,6,2,5,40,1,1,100,1,2,50,2,2,4,1,2,0,2,1,5.9,5.7,67.5,104.5,-37.1,104.5,67.5,37.1,-2,0,0,0,0,0,0,0,0,0,0,0,0,0,0,0,0,0,0,0,0,0,0,0,0,0,0,0,0,0,0,0,0
City of London Academy - Southwark EABL,"Andrew Nwokolo, Dante Patel, David Banjoko, Louis Thompson, Toby Gass",Derby College Trailblazers EABL,"Casey Burr, Elias Norman, George Pastor, Jarom Howlett, William Tallon",1,140,2.3,5.8,6,3,5,60,0,0,0,0,3,0,3,2,5,1,3,0,2,0,0,0,3,0,0,1,0,0,0,0,1,1,2,0,2,0,3,3,6.7,4.9,89.4,0,89.4,0,89.4,-89.4,6,0,0,0,0,0,0,0,0,0,0,0,0,0,0,0,0,0,0,0,0,0,0,0,0,0,0,0,0,0,0,0,0
Manchester Magic Academy EABL,"David Allotey, Jack Odongo, Jack Walton, Oluwademilade Babalola, Tarique Kamal Kazmi",Oaklands Wolves EABL,"Daniel Kostadinov, Dylan Gladstone, Enzo Da Cruz Fatuda, Gavin Mitchell, Liam Mcintosh",1,197,3.3,5.8,1,0,3,0,0,0,0,1,4,25,1,2,3,1,1,0,2,0,8,3,9,33.3,2,4,50,0,0,0,4,3,7,1,2,0,1,2,6.0,5.7,16.8,139.9,-123.1,139.9,16.8,123.1,-7,0,0,0,0,0,0,0,0,0,0,0,0,0,0,0,0,0,0,0,0,0,0,0,0,0,0,0,0,0,0,0,0
Oaklands Wolves EABL,"Daniel Kostadinov, Dylan Gladstone, Ethan Ryan, Huxley Morrell, Tristan Mcintosh",Copleston High School EABL,"Callum Fobister, Isaac Little, Matthew Liddamore, Oliver Drane, Timothy Rafiu",1,143,2.4,5.7,11,4,9,44.4,1,3,33.3,2,2,100,4,2,6,2,1,0,0,1,6,2,4,50,0,1,0,2,2,100,0,1,1,0,0,0,1,1,5.6,5.9,196.4,102,94.4,102,196.4,-94.4,5,0,0,0,0,0,0,0,0,0,0,0,0,0,0,0,0,0,0,0,0,0,0,0,0,0,0,0,0,0,0,0,0
HHS Reading Rockets EABL,"Ethan Harrington, James Waterhouse, Joseph Mackinnon, Malachi Hassan-Taylor, Matthew Daines",BMET City of Birmingham Rockets EABL,"George Angoy, Jonathan Agbeze, Jude Hyland, Larry Duru, Philip Basioudis",1,205,3.4,5.7,7,3,4,75,1,1,100,0,0,0,0,1,1,1,0,0,1,2,8,3,6,50,1,1,100,1,1,100,2,1,3,2,0,0,2,0,5.0,6.3,140,127,13,127,140,-13,-1,0,0,0,0,0,0,0,0,0,0,0,0,0,0,0,0,0,0,0,0,0,0,0,0,0,0,0,0,0,0,0,0
Copleston High School EABL,"Callum Fobister, Elijah Tamakloe, Matthew Liddamore, Noah Wilkinson, Timothy Rafiu",Barking Abbey EABL,"Joshua Mendes, Kervy Mabaya, Oskaras Visockas, Raphael Connolly, Solomon Dobson Smith",1,233,3.9,5.6,2,0,2,0,0,1,0,2,3,66.7,0,2,2,0,0,1,3,2,7,2,9,22.2,1,6,16.7,2,2,100,4,2,6,2,2,1,0,2,6.3,4.9,31.6,143.2,-111.6,143.2,31.6,111.6,-5,0,0,0,0,0,0,0,0,0,0,0,0,0,0,0,0,0,0,0,0,0,0,0,0,0,0,0,0,0,0,0,0
Oaklands Wolves EABL,"Daniel Kostadinov, Dylan Gladstone, Enzo Da Cruz Fatuda, Gavin Mitchell, Huxley Morrell",Barking Abbey EABL,"Alaxanda Nwabueze, Joshua Mendes, Kervy Mabaya, Munyaradzi Myamutenha, Oskaras Visockas",1,169,2.8,5.6,5,2,6,33.3,0,3,0,1,4,25,4,3,7,2,0,1,2,0,2,1,8,12.5,0,2,0,0,0,0,3,2,5,0,0,0,0,1,6.9,4.3,72.4,47,25.4,47,72.4,-25.4,3,0,0,0,0,0,0,0,0,0,0,0,0,0,0,0,0,0,0,0,0,0,0,0,0,0,0,0,0,0,0,0,0
Copleston High School EABL,"Isaac Carty-Peters, Isaac Little, Matthew Liddamore, Noah Wilkinson, Timothy Rafiu",Itchen College EABL,"Benjamin Cope, Elijah Lotriet, Ethan Round, Jakub Ofman, Mason Yeates",1,137,2.3,5.6,4,2,4,50,0,0,0,0,0,0,0,1,1,1,0,0,1,1,14,4,5,80,3,3,100,3,4,75,1,2,3,2,1,0,0,1,5.0,6.2,80,224.9,-144.9,224.9,80,144.9,-10,0,0,0,0,0,0,0,0,0,0,0,0,0,0,0,0,0,0,0,0,0,0,0,0,0,0,0,0,0,0,0,0
Manchester Magic Academy EABL,"Allan Adetula, David Allotey, Harley Blake, Samy Sidi-Boumedine, Tiego Weekes",BMET City of Birmingham Rockets EABL,"George Angoy, Jonathan Agbeze, Jude Hyland, Larry Duru, Philip Basioudis",1,116,1.9,5.6,5,2,4,50,0,1,0,1,1,100,1,0,1,1,0,0,2,1,7,3,4,75,1,1,100,0,2,0,2,1,3,2,2,0,2,1,5.4,5.8,93.1,120.5,-27.4,120.5,93.1,27.4,-2,0,0,0,0,0,0,0,0,0,0,0,0,0,0,0,0,0,0,0,0,0,0,0,0,0,0,0,0,0,0,0,0
Copleston High School EABL,"Callum Fobister, Elijah Tamakloe, Isaac Little, Matthew Liddamore, Timothy Rafiu",City of London Academy - Southwark EABL,"Alex Morentin, Barack Manfo-Marc, Nyakeh Senessie, Ruben Cryer, Sharmake Shirwac",1,160,2.7,5.6,7,3,6,50,0,1,0,1,2,50,1,2,3,2,3,0,0,0,0,0,2,0,0,1,0,0,0,0,0,1,1,0,0,0,4,1,5.3,6.0,132.7,0,132.7,0,132.7,-132.7,7,0,0,0,0,0,0,0,0,0,0,0,0,0,0,0,0,0,0,0,0,0,0,0,0,0,0,0,0,0,0,0,0
Manchester Magic Academy EABL,"Jack Walton, Lewis Clayton, Oluwademilade Babalola, Tarique Kamal Kazmi, Tom Richardson",Oaklands Wolves EABL,"Daniel Kostadinov, Enzo Da Cruz Fatuda, Gavin Mitchell, Huxley Morrell, Liam Mcintosh",1,174,2.9,5.6,5,2,6,33.3,1,3,33.3,0,0,0,1,0,1,2,1,1,1,1,7,3,6,50,0,3,0,1,2,50,3,2,5,1,1,0,2,1,5.6,5.7,89.7,123.5,-33.7,123.5,89.7,33.7,-2,0,0,0,0,0,0,0,0,0,0,0,0,0,0,0,0,0,0,0,0,0,0,0,0,0,0,0,0,0,0,0,0
Manchester Magic Academy EABL,"Jack Walton, Lewis Clayton, Oluwademilade Babalola, Samy Sidi-Boumedine, Tarique Kamal Kazmi",Itchen College EABL,"Ethan Round, Javen Osei-Owusu, Mason Yeates, Richard Radu, Thomas Blower",1,191,3.2,5.6,8,3,3,100,2,2,100,0,0,0,0,1,1,3,1,0,3,1,6,3,7,42.9,0,4,0,0,1,0,3,0,3,2,1,0,1,0,6.0,5.2,133.3,114.7,18.6,114.7,133.3,-18.6,2,0,0,0,0,0,0,0,0,0,0,0,0,0,0,0,0,0,0,0,0,0,0,0,0,0,0,0,0,0,0,0,0
Barking Abbey EABL,"Francesco Cole, Kervy Mabaya, Micael Filho, Munyaradzi Myamutenha, Solomon Dobson Smith",HHS Reading Rockets EABL,"Lazure Franicis, Malachi Hassan-Taylor, Matthew Daines, Nicholas Dent, Saun Ejiofor",1,143,2.4,5.5,6,3,3,100,0,0,0,0,0,0,0,2,2,3,1,0,2,0,3,1,3,33.3,1,2,50,0,0,0,0,0,0,1,1,0,3,0,5.0,6.0,120,50,70,50,120,-70,3,0,0,0,0,0,0,0,0,0,0,0,0,0,0,0,0,0,0,0,0,0,0,0,0,0,0,0,0,0,0,0,0
Itchen College EABL,"Alvin Ben-Uloko, Benjamin Cope, Ethan Round, Leo Diala-Bevan, Thomas Blower",Copleston High School EABL,"Grant Millar, Isaac Little, Jaziah Mussington, Noah Wilkinson, Timothy Rafiu",1,104,1.7,5.5,2,1,5,20,0,2,0,0,0,0,1,2,3,0,1,0,2,0,2,1,3,33.3,0,0,0,0,0,0,0,3,3,0,1,0,2,0,5.9,5.0,33.7,40,-6.3,40,33.7,6.3,0,0,0,0,0,0,0,0,0,0,0,0,0,0,0,0,0,0,0,0,0,0,0,0,0,0,0,0,0,0,0,0,0
HHS Reading Rockets EABL,"Ethan Harrington, Luca Bakary, Malachi Hassan-Taylor, Matthew Daines, Nicholas Dent",City of London Academy - Southwark EABL,"Andrew Nwokolo, Daniel Banjoko, Dante Patel, David Banjoko, Toby Gass",1,188,3.1,5.5,6,1,3,33.3,1,1,100,3,6,50,0,1,1,2,1,0,0,2,8,4,4,100,0,0,0,0,1,0,0,4,4,2,0,0,1,3,5.6,5.4,106.4,147.1,-40.7,147.1,106.4,40.7,-2,0,0,0,0,0,0,0,0,0,0,0,0,0,0,0,0,0,0,0,0,0,0,0,0,0,0,0,0,0,0,0,0
BMET City of Birmingham Rockets EABL,"Daniel Pittaway, Jaheim Kesto, Jesse Ogbeide, Larry Duru, Patrick Walsh",Manchester Magic Academy EABL,"Lewis Clayton, Nathan Brown, Samy Sidi-Boumedine, Tiego Weekes, Tom Richardson",1,120,2.0,5.5,0,0,2,0,0,0,0,0,0,0,0,2,2,0,1,0,4,1,4,2,4,50,0,1,0,0,0,0,0,2,2,1,4,0,1,2,6.0,5.0,0,80,-80,80,0,80,-4,0,0,0,0,0,0,0,0,0,0,0,0,0,0,0,0,0,0,0,0,0,0,0,0,0,0,0,0,0,0,0,0
Copleston High School EABL,"Callum Fobister, Isaac Little, Matthew Liddamore, Noah Wilkinson, Timothy Rafiu",HHS Reading Rockets EABL,"Aydan Moloney, Luca Bakary, Malachi Hassan-Taylor, Matthew Daines, Saun Ejiofor",1,162,2.7,5.5,9,4,6,66.7,1,2,50,0,2,0,1,1,2,2,3,0,0,1,0,0,2,0,0,1,0,0,0,0,1,2,3,0,0,0,4,1,6.2,4.9,145.9,0,145.9,0,145.9,-145.9,9,0,0,0,0,0,0,0,0,0,0,0,0,0,0,0,0,0,0,0,0,0,0,0,0,0,0,0,0,0,0,0,0
Derby College Trailblazers EABL,"Casey Burr, Elias Norman, Elias Rice, Rohan Hobday, William Tallon",Charnwood College Riders EABL,"Pharrell Kattah, Rudy Buckingham, Tom Pearson, Tristan Curran, Zavier Gleadell-Smith",1,203,3.4,5.5,5,2,6,33.3,1,1,100,0,0,0,1,2,3,2,2,0,1,0,0,0,2,0,0,0,0,0,0,0,0,3,3,0,1,0,3,0,5.9,5.0,84.3,0,84.3,0,84.3,-84.3,5,0,0,0,0,0,0,0,0,0,0,0,0,0,0,0,0,0,0,0,0,0,0,0,0,0,0,0,0,0,0,0,0
Itchen College EABL,"Benjamin Cope, Ethan Round, George Andrews, Javen Osei-Owusu, Mason Yeates",HHS Reading Rockets EABL,"Can Okumus, Ethan Harrington, James Waterhouse, Joseph Mackinnon, Lazure Franicis",1,137,2.3,5.5,7,3,6,50,1,4,25,0,0,0,0,3,3,0,2,0,0,0,0,0,3,0,0,1,0,0,0,0,0,2,2,0,0,0,2,0,6.0,5.0,116.7,0,116.7,0,116.7,-116.7,7,0,0,0,0,0,0,0,0,0,0,0,0,0,0,0,0,0,0,0,0,0,0,0,0,0,0,0,0,0,0,0,0
Derby College Trailblazers EABL,"Elias Rice, George Pastor, Julian Lemanski, Liyo Ngomti, William Tallon",BMET City of Birmingham Rockets EABL,"Billy Rose, Daniel Pittaway, George Angoy, Issac Gisbourne, Larry Duru",1,161,2.7,5.5,8,3,6,50,2,4,50,0,0,0,0,2,2,3,0,0,0,0,7,3,5,60,1,3,33.3,0,0,0,0,2,2,1,0,0,0,1,6.0,5.0,133.3,140,-6.7,140,133.3,6.7,1,0,0,0,0,0,0,0,0,0,0,0,0,0,0,0,0,0,0,0,0,0,0,0,0,0,0,0,0,0,0,0,0
Copleston High School EABL,"Isaac Carty-Peters, Isaac Little, Matthew Liddamore, Noah Wilkinson, Oliver Drane",Itchen College EABL,"Benjamin Cope, Elijah Lotriet, Ethan Round, Jakub Ofman, Mason Yeates",1,140,2.3,5.5,4,2,4,50,0,1,0,0,0,0,0,1,1,0,1,1,1,1,6,3,5,60,0,0,0,0,0,0,0,2,2,2,1,0,1,1,5.0,6.0,80,100,-20,100,80,20,-2,0,0,0,0,0,0,0,0,0,0,0,0,0,0,0,0,0,0,0,0,0,0,0,0,0,0,0,0,0,0,0,0
Manchester Magic Academy EABL,"Harley Blake, Jack Odongo, Jack Walton, Nathan Brown, Oluwademilade Babalola",Myerscough College EABL,"Cesar Sanchez Falette, Jakub Bobkowski, Olivier Esingle, Salomi Latidan, Zach Trezvant",1,168,2.8,5.5,2,1,3,33.3,0,1,0,0,2,0,0,1,1,1,1,1,2,1,4,2,6,33.3,0,1,0,0,0,0,2,2,4,0,1,0,2,1,5.9,5.1,34,77.7,-43.7,77.7,34,43.7,-2,0,0,0,0,0,0,0,0,0,0,0,0,0,0,0,0,0,0,0,0,0,0,0,0,0,0,0,0,0,0,0,0
Copleston High School EABL,"Callum Fobister, Grant Millar, Isaac Little, Noah Wilkinson, Timothy Rafiu",City of London Academy - Southwark EABL,"Alex Morentin, Andrew Nwokolo, Daniel Banjoko, David Banjoko, Jacob Hannick",1,118,2.0,5.5,3,1,2,50,1,2,50,0,0,0,0,1,1,1,1,0,4,1,4,2,4,50,0,2,0,0,0,0,1,1,2,1,3,0,2,0,6.0,4.9,50,81.1,-31.1,81.1,50,31.1,-1,0,0,0,0,0,0,0,0,0,0,0,0,0,0,0,0,0,0,0,0,0,0,0,0,0,0,0,0,0,0,0,0
BMET City of Birmingham Rockets EABL,"Abdou Camara, Billy Rose, George Angoy, Jesse Ogbeide, Philip Basioudis",Derby College Trailblazers EABL,"Casey Burr, Elias Norman, Elias Rice, Jarom Howlett, William Tallon",1,160,2.7,5.4,5,2,7,28.6,1,5,20,0,0,0,3,3,6,1,1,1,2,2,4,1,5,20,0,2,0,2,2,100,1,1,2,1,2,0,1,0,5.0,5.8,100.3,68.8,31.4,68.8,100.3,-31.4,1,0,0,0,0,0,0,0,0,0,0,0,0,0,0,0,0,0,0,0,0,0,0,0,0,0,0,0,0,0,0,0,0
Manchester Magic Academy EABL,"Jack Odongo, Jack Walton, Nathan Brown, Oluwademilade Babalola, Tiego Weekes",Charnwood College Riders EABL,"Davin Hanousek, Fahad Saeed, Luca Boothe, Rudy Buckingham, Tristan Curran",1,135,2.2,5.4,6,3,4,75,0,1,0,0,0,0,0,1,1,2,1,0,1,1,9,2,3,66.7,2,3,66.7,3,4,75,0,1,1,1,0,0,1,1,5.0,5.8,120,156.2,-36.2,156.2,120,36.2,-3,0,0,0,0,0,0,0,0,0,0,0,0,0,0,0,0,0,0,0,0,0,0,0,0,0,0,0,0,0,0,0,0
Itchen College EABL,"George Andrews, Javen Osei-Owusu, Marley Edwards, Richard Radu, Thomas Blower",Copleston High School EABL,"Angus Hickey, Isaac Little, Jaziah Mussington, Mason Wells, Timothy Rafiu",1,149,2.5,5.4,4,1,3,33.3,0,0,0,2,2,100,0,2,2,1,1,0,2,0,5,2,4,50,1,2,50,0,0,0,0,2,2,1,1,1,1,0,5.9,5.0,68,100,-32,100,68,32,-1,0,0,0,0,0,0,0,0,0,0,0,0,0,0,0,0,0,0,0,0,0,0,0,0,0,0,0,0,0,0,0,0
BMET City of Birmingham Rockets EABL,"Daniel Pittaway, Jonathan Agbeze, Larry Duru, Patrick Walsh, Philip Basioudis",Manchester Magic Academy EABL,"David Allotey, Jack Walton, Lewis Clayton, Nathan Brown, Oluwademilade Babalola",1,123,2.0,5.4,9,3,4,75,1,1,100,2,2,100,0,2,2,2,1,0,1,0,6,2,4,50,2,2,100,0,0,0,0,0,0,2,1,0,1,1,5.9,5.0,153.1,120,33.1,120,153.1,-33.1,3,0,0,0,0,0,0,0,0,0,0,0,0,0,0,0,0,0,0,0,0,0,0,0,0,0,0,0,0,0,0,0,0
BMET City of Birmingham Rockets EABL,"Abdou Camara, Billy Rose, Guridat Singh, Jonathan Agbeze, Philip Basioudis",Manchester Magic Academy EABL,"Jack Walton, Lewis Clayton, Samy Sidi-Boumedine, Tiego Weekes, Tom Richardson",1,171,2.9,5.4,3,1,5,20,1,4,25,0,0,0,0,1,1,1,1,0,0,0,10,4,7,57.1,2,4,50,0,0,0,2,4,6,3,0,0,1,1,5.0,5.9,60,170.6,-110.6,170.6,60,110.6,-7,0,0,0,0,0,0,0,0,0,0,0,0,0,0,0,0,0,0,0,0,0,0,0,0,0,0,0,0,0,0,0,0
BMET City of Birmingham Rockets EABL,"George Angoy, Jesse Ogbeide, Jonathan Agbeze, Larry Duru, Patrick Walsh",Manchester Magic Academy EABL,"David Allotey, Harley Blake, Nathan Brown, Oluwademilade Babalola, Tom Richardson",1,126,2.1,5.4,3,1,3,33.3,0,0,0,1,2,50,0,3,3,0,1,0,2,1,2,1,5,20,0,2,0,0,0,0,1,2,3,0,2,0,1,0,5.9,4.9,51,40.6,10.5,40.6,51,-10.5,1,0,0,0,0,0,0,0,0,0,0,0,0,0,0,0,0,0,0,0,0,0,0,0,0,0,0,0,0,0,0,0,0
SGS College EABL,"Dylan Lloyd, Kayden Richards, Kevin Ramirez Mora, Marcos Perez Tosca, Martin Alburo",Derby College Trailblazers EABL,"Casey Burr, Elias Norman, Elias Rice, Rohan Hobday, William Tallon",1,120,2.0,5.4,7,3,4,75,0,0,0,1,2,50,0,0,0,1,4,0,1,0,2,1,1,100,0,0,0,0,0,0,0,1,1,1,0,0,4,0,5.9,5.0,119,40,79,40,119,-79,5,0,0,0,0,0,0,0,0,0,0,0,0,0,0,0,0,0,0,0,0,0,0,0,0,0,0,0,0,0,0,0,0
SGS College EABL,"Dylan Lloyd, Kayden Richards, Kevin Ramirez Mora, Marcos Perez Tosca, Martin Alburo",Derby College Trailblazers EABL,"Casey Burr, George Pastor, Jarom Howlett, Matheo Smith-Fjordland, William Tallon",1,156,2.6,5.4,6,3,9,33.3,0,2,0,0,0,0,3,1,4,0,2,0,0,0,4,2,3,66.7,0,1,0,0,0,0,0,3,3,2,0,0,2,0,5.8,5.0,103.6,80,23.6,80,103.6,-23.6,2,0,0,0,0,0,0,0,0,0,0,0,0,0,0,0,0,0,0,0,0,0,0,0,0,0,0,0,0,0,0,0,0
Derby College Trailblazers EABL,"Casey Burr, Elias Norman, George Pastor, Jarom Howlett, William Tallon",Charnwood College Riders EABL,"Davin Hanousek, Lewis Stevenson, Rudy Buckingham, Tristan Curran, Zavier Gleadell-Smith",1,212,3.5,5.4,7,2,4,50,0,1,0,3,5,60,2,1,3,2,0,1,0,2,7,2,6,33.3,0,1,0,3,4,75,1,2,3,0,0,0,0,2,5.1,5.6,136.5,124.6,11.9,124.6,136.5,-11.9,0,0,0,0,0,0,0,0,0,0,0,0,0,0,0,0,0,0,0,0,0,0,0,0,0,0,0,0,0,0,0,0,0
Derby College Trailblazers EABL,"Casey Burr, Elias Norman, George Pastor, Jarom Howlett, William Tallon",Charnwood College Riders EABL,"Davin Hanousek, Rudy Buckingham, Tom Pearson, Tristan Curran, Zavier Gleadell-Smith",1,149,2.5,5.4,8,4,5,80,0,1,0,0,0,0,0,1,1,2,0,0,1,2,12,4,4,100,3,3,100,1,2,50,0,1,1,3,0,0,0,0,6.0,4.9,133.3,245.9,-112.6,245.9,133.3,112.6,-4,0,0,0,0,0,0,0,0,0,0,0,0,0,0,0,0,0,0,0,0,0,0,0,0,0,0,0,0,0,0,0,0
Manchester Magic Academy EABL,"Jack Odongo, Jack Walton, Nathan Brown, Oluwademilade Babalola, Tarique Kamal Kazmi",SGS College EABL,"Imam Toure, Kevin Ramirez Mora, Luka Matthews, Marcos Perez Tosca, Shaquan Nelson",1,198,3.3,5.4,9,4,4,100,1,1,100,0,0,0,0,2,2,3,0,0,1,1,5,2,3,66.7,0,1,0,1,2,50,0,0,0,0,0,0,2,0,5.0,5.9,180,85,95,85,180,-95,4,0,0,0,0,0,0,0,0,0,0,0,0,0,0,0,0,0,0,0,0,0,0,0,0,0,0,0,0,0,0,0,0
Oaklands Wolves EABL,"Daniel Kostadinov, Gavin Mitchell, Huxley Morrell, Liam Mcintosh, Tristan Mcintosh",Copleston High School EABL,"Angus Hickey, Isaac Little, Matthew Liddamore, Noah Wilkinson, Timothy Rafiu",1,168,2.8,5.4,12,5,8,62.5,1,2,50,1,2,50,4,2,6,2,1,1,0,1,3,1,3,33.3,0,1,0,1,2,50,1,0,1,1,0,0,2,2,5.7,5.2,211.6,58.1,153.6,58.1,211.6,-153.6,9,0,0,0,0,0,0,0,0,0,0,0,0,0,0,0,0,0,0,0,0,0,0,0,0,0,0,0,0,0,0,0,0
Copleston High School EABL,"Isaac Little, Matthew Liddamore, Noah Wilkinson, Oliver Drane, Timothy Rafiu",Itchen College EABL,"Benjamin Cope, Elijah Lotriet, George Andrews, Jakub Ofman, Mason Yeates",1,208,3.5,5.4,2,1,6,16.7,0,3,0,0,0,0,1,2,3,0,0,0,0,1,9,3,6,50,2,4,50,1,2,50,1,4,5,2,0,0,0,1,4.9,5.8,40.6,154.9,-114.3,154.9,40.6,114.3,-7,0,0,0,0,0,0,0,0,0,0,0,0,0,0,0,0,0,0,0,0,0,0,0,0,0,0,0,0,0,0,0,0
Copleston High School EABL,"Isaac Carty-Peters, Isaac Little, Matthew Liddamore, Noah Wilkinson, Oliver Drane",Itchen College EABL,"Benjamin Cope, Elijah Lotriet, Ethan Round, Jakub Ofman, Leo Diala-Bevan",1,155,2.6,5.4,6,2,5,40,1,3,33.3,1,2,50,0,3,3,1,1,0,0,2,0,0,2,0,0,0,0,0,2,0,0,2,2,0,0,0,2,2,5.9,4.9,102,0,102,0,102,-102,6,0,0,0,0,0,0,0,0,0,0,0,0,0,0,0,0,0,0,0,0,0,0,0,0,0,0,0,0,0,0,0,0
Barking Abbey EABL,"Alexanda Nwabueze, Folarin Oguntuase, Joshua Mendes, Micael Filho, Oskaras Visockas",Copleston High School EABL,"Isaac Carty-Peters, Isaac Little, Matthew Liddamore, Noah Wilkinson, Timothy Rafiu",1,155,2.6,5.4,2,1,4,25,0,1,0,0,0,0,1,2,3,1,1,0,3,1,3,1,3,33.3,0,1,0,1,2,50,0,2,2,1,1,1,1,0,5.9,4.9,33.7,61.5,-27.7,61.5,33.7,27.7,-1,0,0,0,0,0,0,0,0,0,0,0,0,0,0,0,0,0,0,0,0,0,0,0,0,0,0,0,0,0,0,0,0
Barking Abbey EABL,"Alexanda Nwabueze, Amari Maitland, Joshua Mendes, Kervy Mabaya, Oskaras Visockas",Itchen College EABL,"Ethan Round, Marley Edwards, Mason Yeates, Richard Radu, Thomas Blower",1,172,2.9,5.4,5,2,4,50,0,2,0,1,2,50,1,1,2,0,1,0,2,1,4,2,4,50,0,0,0,0,0,0,1,1,2,1,2,0,2,1,5.8,4.9,86.1,81.1,4.9,81.1,86.1,-4.9,1,0,0,0,0,0,0,0,0,0,0,0,0,0,0,0,0,0,0,0,0,0,0,0,0,0,0,0,0,0,0,0,0
City of London Academy - Southwark EABL,"Andrew Nwokolo, Barack Manfo-Marc, Daniel Banjoko, Dante Patel, Ruben Cryer",Copleston High School EABL,"Callum Fobister, Grant Millar, Isaac Little, Matthew Liddamore, Noah Wilkinson",1,166,2.8,5.4,4,2,6,33.3,0,3,0,0,0,0,3,1,4,1,2,0,2,0,4,2,4,50,0,2,0,0,0,0,0,1,1,1,1,0,2,1,4.8,6.0,83.5,66.7,16.8,66.7,83.5,-16.8,0,0,0,0,0,0,0,0,0,0,0,0,0,0,0,0,0,0,0,0,0,0,0,0,0,0,0,0,0,0,0,0,0
Copleston High School EABL,"Callum Fobister, Isaac Little, Matthew Liddamore, Noah Wilkinson, Timothy Rafiu",City of London Academy - Southwark EABL,"Daniel Banjoko, Dante Patel, David Banjoko, Louis Thompson, Sharmake Shirwac",1,141,2.4,5.4,2,1,4,25,0,2,0,0,0,0,1,1,2,0,1,1,2,1,7,3,5,60,0,0,0,1,2,50,1,2,3,1,2,0,1,1,4.9,5.8,40.6,120.5,-79.9,120.5,40.6,79.9,-5,0,0,0,0,0,0,0,0,0,0,0,0,0,0,0,0,0,0,0,0,0,0,0,0,0,0,0,0,0,0,0,0
HHS Reading Rockets EABL,"Ethan Harrington, Lazure Francis, Luca Bakary, Malachi Hassan-Taylor, Matthew Daines",Copleston High School EABL,"Callum Fobister, Isaac Little, Matthew Liddamore, Noah Wilkinson, Timothy Rafiu",1,194,3.2,5.4,0,0,7,0,0,5,0,0,0,0,2,1,3,0,1,0,1,1,4,2,6,33.3,0,3,0,0,0,0,1,5,6,1,1,0,1,1,5.9,4.9,0,82.3,-82.3,82.3,0,82.3,-4,0,0,0,0,0,0,0,0,0,0,0,0,0,0,0,0,0,0,0,0,0,0,0,0,0,0,0,0,0,0,0,0
HHS Reading Rockets EABL,"Ethan Harrington, Joseph Mackinnon, Luca Bakary, Malachi Hassan-Taylor, Matthew Daines",BMET City of Birmingham Rockets EABL,"Abdou Camara, Billy Rose, George Angoy, Jude Hyland, Larry Duru",1,162,2.7,5.4,7,2,5,40,1,2,50,2,2,100,0,4,4,2,1,0,0,0,0,0,4,0,0,3,0,0,0,0,0,3,3,0,0,0,1,2,5.9,5.0,119,0,119,0,119,-119,7,0,0,0,0,0,0,0,0,0,0,0,0,0,0,0,0,0,0,0,0,0,0,0,0,0,0,0,0,0,0,0,0
BMET City of Birmingham Rockets EABL,"Billy Rose, George Angoy, Jonathan Agbeze, Larry Duru, Philip Basioudis",Copleston High School EABL,"Callum Fobister, Elijah Tamakloe, Isaac Carty-Peters, Matthew Liddamore, Timothy Rafiu",1,137,2.3,5.4,2,1,5,20,0,3,0,0,0,0,0,1,1,0,2,0,1,0,4,2,5,40,0,0,0,0,0,0,2,3,5,1,1,0,2,0,6.0,4.9,33.3,82.3,-49,82.3,33.3,49,-2,0,0,0,0,0,0,0,0,0,0,0,0,0,0,0,0,0,0,0,0,0,0,0,0,0,0,0,0,0,0,0,0
BMET City of Birmingham Rockets EABL,"George Angoy, Issac Gisbourne, Jude Hyland, Larry Duru, Philip Basioudis",Copleston High School EABL,"Callum Fobister, Isaac Little, Matthew Liddamore, Noah Wilkinson, Timothy Rafiu",1,179,3.0,5.4,7,3,8,37.5,1,4,25,0,0,0,3,2,5,2,0,0,0,0,2,1,5,20,0,3,0,0,0,0,0,2,2,1,0,0,1,1,4.8,6.0,146.1,33.3,112.8,33.3,146.1,-112.8,5,0,0,0,0,0,0,0,0,0,0,0,0,0,0,0,0,0,0,0,0,0,0,0,0,0,0,0,0,0,0,0,0
Barking Abbey EABL,"Francesco Cole, Joshua Mendes, Micael Filho, Munyaradzi Myamutenha, Raphael Connolly",HHS Reading Rockets EABL,"Can Okumus, Ethan Harrington, Lazure Franicis, Luca Bakary, Matthew Daines",1,235,3.9,5.3,0,0,4,0,0,2,0,0,0,0,1,3,4,0,0,0,3,1,2,1,6,16.7,0,0,0,0,0,0,1,1,2,1,3,0,1,0,4.9,5.7,0,35.3,-35.3,35.3,0,35.3,-2,0,0,0,0,0,0,0,0,0,0,0,0,0,0,0,0,0,0,0,0,0,0,0,0,0,0,0,0,0,0,0,0
Copleston High School EABL,"Angus Hickey, Callum Fobister, Matthew Liddamore, Noah Wilkinson, Oliver Drane",Barking Abbey EABL,"Joshua Mendes, Kervy Mabaya, Micael Filho, Oskaras Visockas, Solomon Dobson Smith",1,149,2.5,5.3,0,0,2,0,0,2,0,0,0,0,0,0,0,0,0,0,3,1,8,3,6,50,0,2,0,2,2,100,3,2,5,3,3,0,2,1,5.0,5.7,0,141.1,-141.1,141.1,0,141.1,-8,0,0,0,0,0,0,0,0,0,0,0,0,0,0,0,0,0,0,0,0,0,0,0,0,0,0,0,0,0,0,0,0
Copleston High School EABL,"Angus Hickey, Callum Fobister, Elijah Tamakloe, Matthew Liddamore, Noah Wilkinson",Oaklands Wolves EABL,"Gavin Mitchell, Huxley Morrell, Kajus Gasperas, Liam Mcintosh, Tristan Mcintosh",1,102,1.7,5.3,4,2,3,66.7,0,1,0,0,0,0,1,2,3,1,0,0,3,2,7,2,4,50,0,0,0,3,4,75,0,0,0,1,3,0,0,0,4.9,5.8,81.1,121.5,-40.4,121.5,81.1,40.4,-3,0,0,0,0,0,0,0,0,0,0,0,0,0,0,0,0,0,0,0,0,0,0,0,0,0,0,0,0,0,0,0,0
Oaklands Wolves EABL,"Enzo Da Cruz Fatuda, Gavin Mitchell, Huxley Morrell, Liam Mcintosh, Tristan Mcintosh",HHS Reading Rockets EABL,"Ethan Harrington, James Waterhouse, Malachi Hassan-Taylor, Matthew Daines, Nicholas Dent",1,146,2.4,5.3,8,2,4,50,0,0,0,4,4,100,0,3,3,2,0,0,0,0,4,2,6,33.3,0,2,0,0,0,0,1,2,3,1,0,0,0,1,5.8,4.9,138.9,81.1,57.8,81.1,138.9,-57.8,4,0,0,0,0,0,0,0,0,0,0,0,0,0,0,0,0,0,0,0,0,0,0,0,0,0,0,0,0,0,0,0,0
HHS Reading Rockets EABL,"Aydan Moloney, Can Okumus, Ethan Harrington, James Waterhouse, Matthew Daines",Copleston High School EABL,"Callum Fobister, Grant Millar, Isaac Little, Matthew Liddamore, Noah Wilkinson",1,118,2.0,5.3,6,2,3,66.7,1,1,100,1,2,50,0,2,2,1,0,0,1,1,3,0,3,0,0,2,0,3,4,75,0,2,2,0,1,0,1,2,4.9,5.8,123,52.1,70.9,52.1,123,-70.9,3,0,0,0,0,0,0,0,0,0,0,0,0,0,0,0,0,0,0,0,0,0,0,0,0,0,0,0,0,0,0,0,0
Manchester Magic Academy EABL,"Abraham Isiorho, Jack Odongo, Lewis Clayton, Nathan Brown, Oluwademilade Babalola",Myerscough College EABL,"Ayo Ibirinde, Cesar Sanchez Falette, Jakub Bobkowski, Salomi Laditan, Sayomi Laditan",1,188,3.1,5.3,0,0,6,0,0,4,0,0,0,0,1,2,3,0,0,0,0,3,4,2,5,40,0,1,0,0,5,0,2,5,7,0,0,0,0,1,4.9,5.6,0,71.5,-71.5,71.5,0,71.5,-4,0,0,0,0,0,0,0,0,0,0,0,0,0,0,0,0,0,0,0,0,0,0,0,0,0,0,0,0,0,0,0,0
City of London Academy - Southwark EABL,"Andrew Nwokolo, Daniel Banjoko, David Banjoko, Jacob Hannick, Toby Gass",Itchen College EABL,"Benjamin Cope, Ethan Round, George Andrews, Jakub Ofman, Marley Edwards",1,143,2.4,5.2,7,3,4,75,0,1,0,1,2,50,1,1,2,0,1,0,2,2,2,0,2,0,0,1,0,2,4,50,1,0,1,0,2,0,2,2,5.8,4.7,120.5,42.6,77.8,42.6,120.5,-77.8,5,0,0,0,0,0,0,0,0,0,0,0,0,0,0,0,0,0,0,0,0,0,0,0,0,0,0,0,0,0,0,0,0
Myerscough College EABL,"Daniel Okhuoya, Harry Sheehan, Olivier Esingle, Sayomi Latidan, Zach Trezvant",Manchester Magic Academy EABL,"Abraham Sagay Isiorho, Harley Blake, Jack Walton, Oluwademilade Babalola, Samy Sidi-Boumedine",1,123,2.0,5.2,0,0,6,0,0,1,0,0,0,0,3,3,6,0,0,1,2,0,5,2,7,28.6,1,3,33.3,0,0,0,1,3,4,2,2,0,0,1,4.8,5.7,0,88.3,-88.3,88.3,0,88.3,-5,0,0,0,0,0,0,0,0,0,0,0,0,0,0,0,0,0,0,0,0,0,0,0,0,0,0,0,0,0,0,0,0
City of London Academy - Southwark EABL,"Andrew Nwokolo, David Banjoko, Louis Thompson, Rafi Testfay, Toby Gass",Barking Abbey EABL,"Amari Maitland, Joshua Mendes, Kervy Mabaya, Micael Filho, Raphael Connolly",1,174,2.9,5.2,4,1,2,50,0,1,0,2,2,100,0,2,2,0,1,0,2,0,4,2,6,33.3,0,3,0,0,0,0,1,1,2,1,1,0,1,1,4.9,5.6,82,71.8,10.2,71.8,82,-10.2,0,0,0,0,0,0,0,0,0,0,0,0,0,0,0,0,0,0,0,0,0,0,0,0,0,0,0,0,0,0,0,0,0
Oaklands Wolves EABL,"Daniel Kostadinov, Dylan Gladstone, Enzo Da Cruz Fatuda, Gavin Mitchell, Huxley Morrell",Barking Abbey EABL,"Amari Maitland, Joshua Mendes, Micael Filho, Munyaradzi Myamutenha, Oskaras Visockas",1,135,2.2,5.2,4,2,6,33.3,0,2,0,0,0,0,2,3,5,2,0,1,1,0,4,1,5,20,1,3,33.3,1,1,100,0,2,2,1,1,0,0,1,4.9,5.4,82.3,73.5,8.8,73.5,82.3,-8.8,0,0,0,0,0,0,0,0,0,0,0,0,0,0,0,0,0,0,0,0,0,0,0,0,0,0,0,0,0,0,0,0,0
Barking Abbey EABL,"Francesco Cole, Heath Parkin, Joshua Mendes, Kimbe N'gabala, Micael Filho",Copleston High School EABL,"Callum Fobister, Isaac Little, Matthew Liddamore, Noah Wilkinson, Timothy Rafiu",1,116,1.9,5.2,3,0,2,0,0,1,0,3,3,100,0,2,2,1,2,1,2,1,0,0,2,0,0,1,0,0,2,0,1,1,2,0,1,0,3,1,5.3,5.2,56.4,0,56.4,0,56.4,-56.4,3,0,0,0,0,0,0,0,0,0,0,0,0,0,0,0,0,0,0,0,0,0,0,0,0,0,0,0,0,0,0,0,0
HHS Reading Rockets EABL,"Can Okumus, Ethan Harrington, Joseph Mackinnon, Luca Bakary, Matthew Daines",Copleston High School EABL,"Isaac Carty-Peters, Isaac Little, Matthew Liddamore, Noah Wilkinson, Timothy Rafiu",1,139,2.3,5.2,5,2,3,66.7,0,0,0,1,2,50,1,3,4,1,2,0,2,0,0,0,3,0,0,1,0,0,0,0,0,1,1,0,2,0,2,1,5.3,5.0,93.5,0,93.5,0,93.5,-93.5,5,0,0,0,0,0,0,0,0,0,0,0,0,0,0,0,0,0,0,0,0,0,0,0,0,0,0,0,0,0,0,0,0
Manchester Magic Academy EABL,"Abraham Isiorho, Harley Blake, Jack Odongo, Jack Walton, Oluwademilade Babalola",Itchen College EABL,"Benjamin Cope, Ethan Round, Javen Osei-Owusu, Mason Yeates, Thomas Blower",1,142,2.4,5.2,8,3,4,75,2,2,100,0,0,0,0,2,2,2,0,0,1,1,5,1,3,33.3,0,0,0,3,3,100,0,1,1,1,1,0,1,0,5.0,5.3,160,94,66,94,160,-66,3,0,0,0,0,0,0,0,0,0,0,0,0,0,0,0,0,0,0,0,0,0,0,0,0,0,0,0,0,0,0,0,0
Manchester Magic Academy EABL,"Abraham Isiorho, Harley Blake, Jack Walton, Lewis Clayton, Oluwademilade Babalola",Itchen College EABL,"Dawid Cimochowski, Elijah Lotriet, Ethan Round, Jakub Ofman, Thomas Blower",1,154,2.6,5.2,7,2,5,40,2,2,100,1,1,100,0,1,1,2,1,1,0,1,5,2,4,50,1,2,50,0,0,0,1,3,4,1,0,0,2,2,5.4,4.9,128.7,101.4,27.3,101.4,128.7,-27.3,2,0,0,0,0,0,0,0,0,0,0,0,0,0,0,0,0,0,0,0,0,0,0,0,0,0,0,0,0,0,0,0,0
Copleston High School EABL,"Callum Fobister, Isaac Carty-Peters, Matthew Liddamore, Noah Wilkinson, Timothy Rafiu",Barking Abbey EABL,"Joshua Mendes, Kervy Mabaya, Micael Filho, Solomon Dobson Smith, William Harper",1,113,1.9,5.1,0,0,2,0,0,1,0,0,0,0,0,1,1,0,0,1,3,2,9,2,7,28.6,1,5,20,4,5,80,3,2,5,1,2,0,0,1,5.0,5.2,0,173.5,-173.5,173.5,0,173.5,-9,0,0,0,0,0,0,0,0,0,0,0,0,0,0,0,0,0,0,0,0,0,0,0,0,0,0,0,0,0,0,0,0
Charnwood College Riders EABL,"Fahad Saeed, Luca Boothe, Rudy Buckingham, Tristan Curran, Zavier Gleadell-Smith",Myerscough College EABL,"Harry Sheehan, Junior Sanchez, Nathaniel Byfield, Solomi Laditan, Zach Trezvant",1,149,2.5,5.1,4,2,6,33.3,0,2,0,0,0,0,2,0,2,0,2,0,1,0,3,1,2,50,0,1,0,1,1,100,0,2,2,1,1,0,3,1,4.9,5.4,82.3,55.1,27.2,55.1,82.3,-27.2,1,0,0,0,0,0,0,0,0,0,0,0,0,0,0,0,0,0,0,0,0,0,0,0,0,0,0,0,0,0,0,0,0
Myerscough College EABL,"Alex Cisse, Ayo Ibirinde, Cesar Sanchez Falette, Harry Sheehan, Olivier Esingle",Derby College Trailblazers EABL,"Casey Burr, Elias Norman, Elias Rice, Rohan Hobday, William Tallon",1,114,1.9,5.1,2,1,4,25,0,3,0,0,2,0,1,2,3,0,1,2,1,0,3,1,4,25,1,1,100,0,0,0,0,4,4,1,0,0,1,1,5.2,5.0,38.2,60,-21.8,60,38.2,21.8,-1,0,0,0,0,0,0,0,0,0,0,0,0,0,0,0,0,0,0,0,0,0,0,0,0,0,0,0,0,0,0,0,0
Manchester Magic Academy EABL,"Jack Odongo, Jack Walton, Lewis Clayton, Nathan Brown, Oluwademilade Babalola",Charnwood College Riders EABL,"Davin Hanousek, Fahad Saeed, Luca Boothe, Rudy Buckingham, Tom Pearson",1,118,2.0,5.0,4,2,5,40,0,2,0,0,0,0,0,0,0,1,4,0,0,0,3,1,1,100,1,1,100,0,0,0,0,3,3,0,0,0,4,1,5.0,5.0,80,60,20,60,80,-20,1,0,0,0,0,0,0,0,0,0,0,0,0,0,0,0,0,0,0,0,0,0,0,0,0,0,0,0,0,0,0,0,0
Charnwood College Riders EABL,"Luca Boothe, Pharrell Kattah, Tom Pearson, Tristan Curran, Zavier Gleadell-Smith",SGS College EABL,"Dylan Lloyd, Imam Toure, Kevin Ramirez Mora, Marcos Pospori, Martin Alburo",1,153,2.5,5.0,6,3,4,75,0,0,0,0,0,0,0,0,0,2,0,0,1,0,5,2,3,66.7,1,1,100,0,0,0,1,1,2,1,1,0,3,0,5.0,4.9,120,101.4,18.6,101.4,120,-18.6,1,0,0,0,0,0,0,0,0,0,0,0,0,0,0,0,0,0,0,0,0,0,0,0,0,0,0,0,0,0,0,0,0
Myerscough College EABL,"Cesar Sanchez Falette, Daniel Okhuoya, Fin Morgan, Nathaniel Byfield, Salomi Latidan",BMET City of Birmingham Rockets EABL,"George Angoy, Jesse Ogbeide, Jonathan Agbeze, Larry Duru, Philip Basioudis",1,131,2.2,5.0,6,3,5,60,0,1,0,0,0,0,0,2,2,3,2,0,0,0,2,1,3,33.3,0,1,0,0,0,0,0,2,2,0,0,0,2,0,5.0,5.0,120,40,80,40,120,-80,4,0,0,0,0,0,0,0,0,0,0,0,0,0,0,0,0,0,0,0,0,0,0,0,0,0,0,0,0,0,0,0,0
BMET City of Birmingham Rockets EABL,"Billy Rose, George Angoy, Larry Duru, Patrick Walsh, Philip Basioudis",Manchester Magic Academy EABL,"Harley Blake, Lewis Clayton, Oluwademilade Babalola, Samy Sidi-Boumedine, Tiego Weekes",1,107,1.8,5.0,3,1,3,33.3,1,3,33.3,0,0,0,0,0,0,1,0,0,2,0,8,4,5,80,0,1,0,0,0,0,1,2,3,2,2,0,1,1,5.0,4.9,60,162.3,-102.3,162.3,60,102.3,-5,0,0,0,0,0,0,0,0,0,0,0,0,0,0,0,0,0,0,0,0,0,0,0,0,0,0,0,0,0,0,0,0
BMET City of Birmingham Rockets EABL,"Billy Rose, Jonathan Agbeze, Larry Duru, Patrick Walsh, Philip Basioudis",Manchester Magic Academy EABL,"David Allotey, Jack Walton, Nathan Brown, Oluwademilade Babalola, Tiego Weekes",1,136,2.3,5.0,5,2,4,50,1,3,33.3,0,0,0,1,0,1,2,1,0,2,0,6,2,2,100,2,2,100,0,0,0,0,1,1,2,0,1,3,1,4.9,5.0,101.4,120,-18.6,120,101.4,18.6,-1,0,0,0,0,0,0,0,0,0,0,0,0,0,0,0,0,0,0,0,0,0,0,0,0,0,0,0,0,0,0,0,0
BMET City of Birmingham Rockets EABL,"George Angoy, Jonathan Agbeze, Larry Duru, Patrick Walsh, Philip Basioudis",Manchester Magic Academy EABL,"Harley Blake, Jack Walton, Nathan Brown, Oluwademilade Babalola, Tarique Kamal Kazmi",1,124,2.1,5.0,6,2,4,50,2,3,66.7,0,0,0,0,0,0,2,0,0,1,0,4,2,3,66.7,0,0,0,0,0,0,0,2,2,2,1,0,2,1,5.0,5.0,120,80,40,80,120,-40,2,0,0,0,0,0,0,0,0,0,0,0,0,0,0,0,0,0,0,0,0,0,0,0,0,0,0,0,0,0,0,0,0
Derby College Trailblazers EABL,"Casey Burr, Elias Norman, Elias Rice, Rohan Hobday, William Tallon",Charnwood College Riders EABL,"Pharrell Kattah, Rudy Buckingham, Stanley Morris, Tom Pearson, Tristan Curran",1,114,1.9,5.0,6,2,3,66.7,2,2,100,0,0,0,0,1,1,2,1,0,2,0,5,2,3,66.7,1,2,50,0,0,0,0,1,1,2,2,0,2,0,5.0,5.0,120,100,20,100,120,-20,1,0,0,0,0,0,0,0,0,0,0,0,0,0,0,0,0,0,0,0,0,0,0,0,0,0,0,0,0,0,0,0,0
BMET City of Birmingham Rockets EABL,"George Angoy, Guridat Singh, Jonathan Agbeze, Larry Duru, Philip Basioudis",Charnwood College Riders EABL,"Asa Oyerinde, Fahad Saeed, Lewis Stevenson, Pharrell Kattah, Tom Pearson",1,109,1.8,5.0,5,2,4,50,1,1,100,0,0,0,1,1,2,1,1,0,2,1,0,0,2,0,0,0,0,0,0,0,0,1,1,0,2,0,3,0,4.9,5.0,101.4,0,101.4,0,101.4,-101.4,5,0,0,0,0,0,0,0,0,0,0,0,0,0,0,0,0,0,0,0,0,0,0,0,0,0,0,0,0,0,0,0,0
Charnwood College Riders EABL,"Davin Hanousek, Lewis Stevenson, Okeri Hambira, Rudy Buckingham, Stanley Morris",Derby College Trailblazers EABL,"Casey Burr, Elias Rice, George Pastor, Julian Lemanski, William Tallon",1,107,1.8,5.0,2,1,4,25,0,2,0,0,0,0,0,2,2,0,1,0,1,0,5,2,5,40,1,2,50,0,0,0,1,2,3,2,1,0,1,0,5.0,4.9,40,101.4,-61.4,101.4,40,61.4,-3,0,0,0,0,0,0,0,0,0,0,0,0,0,0,0,0,0,0,0,0,0,0,0,0,0,0,0,0,0,0,0,0
Oaklands Wolves EABL,"Enzo Da Cruz Fatuda, Ethan Ryan, Gavin Mitchell, Huxley Morrell, Tristan Mcintosh",HHS Reading Rockets EABL,"Can Okumus, James Waterhouse, Joseph Mackinnon, Matthew Daines, Nicholas Dent",1,147,2.5,5.0,6,2,4,50,1,1,100,1,1,100,0,0,0,1,2,0,1,2,6,3,8,37.5,0,2,0,0,0,0,4,2,6,0,1,0,2,2,5.4,4.6,110.3,129,-18.7,129,110.3,18.7,0,0,0,0,0,0,0,0,0,0,0,0,0,0,0,0,0,0,0,0,0,0,0,0,0,0,0,0,0,0,0,0,0
Oaklands Wolves EABL,"Daniel Kostadinov, Dylan Gladstone, Enzo Da Cruz Fatuda, Huxley Morrell, Liam Mcintosh",HHS Reading Rockets EABL,"Can Okumus, Ethan Harrington, James Waterhouse, Malachi Hassan-Taylor, Matthew Daines",1,80,1.3,5.0,9,3,5,60,2,3,66.7,1,2,50,1,2,3,2,0,0,0,1,4,1,3,33.3,1,2,50,1,2,50,0,2,2,1,0,0,1,0,5.2,4.9,174.2,82,92.2,82,174.2,-92.2,5,0,0,0,0,0,0,0,0,0,0,0,0,0,0,0,0,0,0,0,0,0,0,0,0,0,0,0,0,0,0,0,0
Derby College Trailblazers EABL,"Casey Burr, Elias Norman, Julian Lemanski, L. Ngomti, Rohan Hobday",Manchester Magic Academy EABL,"Abraham Sagay Isiorho, Harley Blake, Jack Walton, Lewis Clayton, Oluwademilade Babalola",1,127,2.1,5.0,4,2,3,66.7,0,1,0,0,0,0,0,4,4,1,0,0,2,1,2,1,6,16.7,0,2,0,0,0,0,1,1,2,0,2,0,0,1,5.0,4.9,80,40.6,39.4,40.6,80,-39.4,2,0,0,0,0,0,0,0,0,0,0,0,0,0,0,0,0,0,0,0,0,0,0,0,0,0,0,0,0,0,0,0,0
City of London Academy - Southwark EABL,"Daniel Banjoko, David Banjoko, Rafi Testfay, Ruben Cryer, Toby Gass",Copleston High School EABL,"Isaac Little, Luke Read, Matthew Liddamore, Noah Wilkinson, Timothy Rafiu",1,61,1.0,5.0,9,4,5,80,1,2,50,0,0,0,0,0,0,2,3,0,0,0,0,0,0,0,0,0,0,0,0,0,0,1,1,0,0,0,5,0,5.0,5.0,180,0,180,0,180,-180,9,0,0,0,0,0,0,0,0,0,0,0,0,0,0,0,0,0,0,0,0,0,0,0,0,0,0,0,0,0,0,0,0
Derby College Trailblazers EABL,"Casey Burr, Elias Norman, Elias Rice, George Pastor, William Tallon",SGS College EABL,"Dylan Lloyd, Kayden Richards, Kevin Ramirez Mora, Marcos Perez Tosca, Martin Alburo",1,130,2.2,5.0,7,3,4,75,1,2,50,0,0,0,0,1,1,3,0,0,1,1,5,2,4,50,1,2,50,0,0,0,0,1,1,1,1,0,1,0,5.0,5.0,140,100,40,100,140,-40,2,0,0,0,0,0,0,0,0,0,0,0,0,0,0,0,0,0,0,0,0,0,0,0,0,0,0,0,0,0,0,0,0
Manchester Magic Academy EABL,"Jack Walton, Lewis Clayton, Oluwademilade Babalola, Tarique Kamal Kazmi, Tom Richardson",BMET City of Birmingham Rockets EABL,"George Angoy, Issac Gisbourne, Jude Hyland, Larry Duru, Patrick Walsh",1,142,2.4,5.0,11,4,5,80,3,4,75,0,0,0,1,3,4,4,1,0,1,0,2,1,4,25,0,0,0,0,0,0,0,0,0,1,0,0,1,1,4.9,5.0,223.1,40,183.1,40,223.1,-183.1,9,0,0,0,0,0,0,0,0,0,0,0,0,0,0,0,0,0,0,0,0,0,0,0,0,0,0,0,0,0,0,0,0
Manchester Magic Academy EABL,"Allan Adetula, Harley Blake, Jack Odongo, Samy Sidi-Boumedine, Tiego Weekes",BMET City of Birmingham Rockets EABL,"Abdou Camara, George Angoy, Jonathan Agbeze, Larry Duru, Philip Basioudis",1,148,2.5,5.0,2,1,4,25,0,1,0,0,0,0,1,4,5,1,0,0,2,0,0,0,4,0,0,2,0,0,0,0,0,2,2,0,2,1,1,0,4.9,5.0,40.6,0,40.6,0,40.6,-40.6,2,0,0,0,0,0,0,0,0,0,0,0,0,0,0,0,0,0,0,0,0,0,0,0,0,0,0,0,0,0,0,0,0
Manchester Magic Academy EABL,"Abraham Sagay Isiorho, Jack Walton, Lewis Clayton, Oluwademilade Babalola, Tom Richardson",BMET City of Birmingham Rockets EABL,"Abdou Camara, Billy Rose, George Angoy, Patrick Walsh, Simba Chikukwa",1,111,1.9,5.0,9,4,4,100,1,1,100,0,0,0,0,1,1,4,3,0,1,1,3,1,2,50,1,1,100,0,0,0,0,0,0,0,0,0,3,0,5.0,5.0,180,60,120,60,180,-120,6,0,0,0,0,0,0,0,0,0,0,0,0,0,0,0,0,0,0,0,0,0,0,0,0,0,0,0,0,0,0,0,0
HHS Reading Rockets EABL,"Ethan Harrington, James Waterhouse, Luca Bakary, Malachi Hassan-Taylor, Matthew Daines",Barking Abbey EABL,"Alaxanda Nwabueze, Amari Maitland, Joshua Mendes, Oskaras Visockas, Raphael Connolly",1,180,3.0,5.0,5,2,5,40,1,2,50,0,2,0,1,3,4,0,0,0,0,0,4,2,5,40,0,0,0,0,0,0,0,3,3,1,0,0,0,2,5.1,5.0,98.5,80,18.5,80,98.5,-18.5,1,0,0,0,0,0,0,0,0,0,0,0,0,0,0,0,0,0,0,0,0,0,0,0,0,0,0,0,0,0,0,0,0
Copleston High School EABL,"Callum Fobister, Isaac Carty-Peters, Matthew Liddamore, Noah Wilkinson, Timothy Rafiu",City of London Academy - Southwark EABL,"Andrew Nwokolo, Daniel Banjoko, David Banjoko, Louis Thompson, Rafi Testfay",1,139,2.3,5.0,0,0,5,0,0,1,0,0,0,0,1,1,2,0,1,0,1,0,5,2,3,66.7,1,1,100,0,0,0,0,4,4,1,0,0,2,0,4.9,5.0,0,100,-100,100,0,100,-5,0,0,0,0,0,0,0,0,0,0,0,0,0,0,0,0,0,0,0,0,0,0,0,0,0,0,0,0,0,0,0,0
SGS College EABL,"Kevin Ramirez Mora, Luka Matthews, Marcos Perez Tosca, Ryan Cabrera, Zion Lawson",Manchester Magic Academy EABL,"Abraham Sagay Isiorho, Allan Adetula, Jack Odongo, Oluwademilade Babalola, Tom Richardson",1,109,1.8,5.0,0,0,5,0,0,2,0,0,0,0,0,5,5,0,0,0,0,0,0,0,6,0,0,2,0,0,0,0,1,5,6,0,0,3,0,1,5.0,4.9,0,0,0,0,0,0,0,0,0,0,0,0,0,0,0,0,0,0,0,0,0,0,0,0,0,0,0,0,0,0,0,0,0,0,0,0,0,0,0
HHS Reading Rockets EABL,"Can Okumus, Joseph Mackinnon, Lazure Francis, Malachi Hassan-Taylor, Matthew Daines",Itchen College EABL,"George Andrews, Marley Edwards, Reuel Matthias, Richard Radu, Thomas Blower",1,121,2.0,5.0,2,1,5,20,0,1,0,0,0,0,0,1,1,1,0,0,1,0,3,1,2,50,1,1,100,0,0,0,0,2,2,1,0,0,2,1,6.0,4.0,33.3,75,-41.7,75,33.3,41.7,-1,0,0,0,0,0,0,0,0,0,0,0,0,0,0,0,0,0,0,0,0,0,0,0,0,0,0,0,0,0,0,0,0
Manchester Magic Academy EABL,"Abraham Isiorho, Jack Odongo, Nathan Brown, Oluwademilade Babalola, Tiego Weekes",Itchen College EABL,"Benjamin Cope, Dawid Cimochowski, Elijah Lotriet, Ethan Round, Jakub Ofman",1,137,2.3,5.0,0,0,3,0,0,0,0,0,0,0,0,1,1,0,2,0,2,1,5,2,4,50,1,3,33.3,0,0,0,1,3,4,2,2,0,2,0,5.0,4.9,0,101.4,-101.4,101.4,0,101.4,-5,0,0,0,0,0,0,0,0,0,0,0,0,0,0,0,0,0,0,0,0,0,0,0,0,0,0,0,0,0,0,0,0
Manchester Magic Academy EABL,"Jack Odongo, Jack Walton, Oluwademilade Babalola, Tarique Kamal Kazmi, Tom Richardson",Itchen College EABL,"Benjamin Cope, Dawid Cimochowski, Elijah Lotriet, Ethan Round, Jakub Ofman",1,178,3.0,5.0,0,0,4,0,0,1,0,0,0,0,0,3,3,0,0,0,2,0,2,1,5,20,0,2,0,0,0,0,1,4,5,0,1,1,0,0,6.0,3.9,0,50.9,-50.9,50.9,0,50.9,-2,0,0,0,0,0,0,0,0,0,0,0,0,0,0,0,0,0,0,0,0,0,0,0,0,0,0,0,0,0,0,0,0
Charnwood College Riders EABL,"Luca Boothe, Pharrell Kattah, Tom Pearson, Tristan Curran, Zavier Gleadell-Smith",Oaklands Wolves EABL,"Daniel Kostadinov, Dylan Gladstone, Enzo Da Cruz Fatuda, Gavin Mitchell, Huxley Morrell",1,145,2.4,5.0,4,2,4,50,0,1,0,0,0,0,1,3,4,1,2,0,2,0,0,0,3,0,0,0,0,0,0,0,0,1,1,0,2,0,2,0,4.9,5.0,81.1,0,81.1,0,81.1,-81.1,4,0,0,0,0,0,0,0,0,0,0,0,0,0,0,0,0,0,0,0,0,0,0,0,0,0,0,0,0,0,0,0,0
BMET City of Birmingham Rockets EABL,"George Angoy, Issac Gisbourne, J. Agbeze, Jude Hyland, Larry Duru",SGS College EABL,"Dylan Lloyd, Kayden Richards, Kevin Ramirez Mora, Martin Alburo, Shaquan Nelson",1,100,1.7,4.9,4,2,3,66.7,0,0,0,0,0,0,1,1,2,2,1,0,3,1,5,2,3,66.7,0,0,0,1,2,50,0,0,0,2,2,0,1,0,4.9,4.9,81.1,102.5,-21.3,102.5,81.1,21.3,-1,0,0,0,0,0,0,0,0,0,0,0,0,0,0,0,0,0,0,0,0,0,0,0,0,0,0,0,0,0,0,0,0
BMET City of Birmingham Rockets EABL,"George Angoy, Issac Gisbourne, Jude Hyland, Larry Duru, Philip Basioudis",SGS College EABL,"Kayden Richards, Marcos Perez Tosca, Marcos Pospori, Martin Alburo, Tekai Wallace-Gayle",1,114,1.9,4.9,6,2,3,66.7,2,3,66.7,0,2,0,0,2,2,2,1,0,1,0,6,2,5,40,2,3,66.7,0,0,0,1,2,3,0,1,0,1,1,4.9,4.9,123,121.7,1.2,121.7,123,-1.2,0,0,0,0,0,0,0,0,0,0,0,0,0,0,0,0,0,0,0,0,0,0,0,0,0,0,0,0,0,0,0,0,0
Itchen College EABL,"Benjamin Cope, Dawid Cimochowski, Elijah Lotriet, Ethan Round, Jakub Ofman",Copleston High School EABL,"Angus Hickey, Isaac Little, Mason Wells, Matthew Liddamore, Noah Wilkinson",1,146,2.4,4.9,4,2,6,33.3,0,1,0,0,0,0,1,2,3,2,2,1,1,0,0,0,2,0,0,1,0,0,0,0,0,1,1,0,1,0,3,0,4.9,5.0,82.3,0,82.3,0,82.3,-82.3,4,0,0,0,0,0,0,0,0,0,0,0,0,0,0,0,0,0,0,0,0,0,0,0,0,0,0,0,0,0,0,0,0
Itchen College EABL,"Alvin Ben-Uloko, George Andrews, Marley Edwards, Richard Radu, Thomas Blower",Copleston High School EABL,"Callum Fobister, Jaziah Mussington, Mason Wells, Matthew Liddamore, Timothy Rafiu",1,128,2.1,4.9,8,3,3,100,0,0,0,2,2,100,0,2,2,2,2,0,1,1,2,1,2,50,0,1,0,0,2,0,0,0,0,0,0,0,2,0,4.9,4.9,163.9,41,123,41,163.9,-123,6,0,0,0,0,0,0,0,0,0,0,0,0,0,0,0,0,0,0,0,0,0,0,0,0,0,0,0,0,0,0,0,0
Copleston High School EABL,"Angus Hickey, Callum Fobister, Matthew Liddamore, Noah Wilkinson, Timothy Rafiu",Barking Abbey EABL,"Joshua Mendes, Kervy Mabaya, Micael Filho, Raphael Connolly, Solomon Dobson Smith",1,121,2.0,4.9,2,1,4,25,0,3,0,0,0,0,0,3,3,1,1,0,2,1,0,0,5,0,0,3,0,0,0,0,2,2,4,0,2,0,1,0,6.0,3.9,33.3,0,33.3,0,33.3,-33.3,2,0,0,0,0,0,0,0,0,0,0,0,0,0,0,0,0,0,0,0,0,0,0,0,0,0,0,0,0,0,0,0,0
Charnwood College Riders EABL,"Asa Oyerinde, Harrison Mcglone, Pharrell Kattah, Rudy Buckingham, Tom Pearson",SGS College EABL,"Antoine Bennett, Kayden Richards, Marcos Perez Tosca, Martin Alburo, Shaquan Nelson",1,163,2.7,4.9,7,3,6,50,0,3,0,1,1,100,1,2,3,2,0,0,0,0,6,3,5,60,0,2,0,0,0,0,0,1,1,1,0,0,0,1,4.8,5.0,144.8,120,24.8,120,144.8,-24.8,1,0,0,0,0,0,0,0,0,0,0,0,0,0,0,0,0,0,0,0,0,0,0,0,0,0,0,0,0,0,0,0,0
Oaklands Wolves EABL,"Daniel Kostadinov, Enzo Da Cruz Fatuda, Ethan Ryan, Gavin Mitchell, Liam Mcintosh",Itchen College EABL,"Benjamin Cope, George Andrews, Javen Osei-Owusu, Mason Yeates, Thomas Blower",1,133,2.2,4.9,4,1,2,50,0,1,0,2,4,50,0,0,0,0,2,0,1,0,7,3,3,100,1,1,100,0,0,0,0,2,2,1,0,0,2,3,4.8,5.0,84,140,-56,140,84,56,-3,0,0,0,0,0,0,0,0,0,0,0,0,0,0,0,0,0,0,0,0,0,0,0,0,0,0,0,0,0,0,0,0
SGS College EABL,"Imam Toure, Kevin Ramirez Mora, Luka Matthews, Marcos Perez Tosca, Shaquan Nelson",Derby College Trailblazers EABL,"Casey Burr, George Pastor, Jarom Howlett, Matheo Smith-Fjordland, William Tallon",1,117,1.9,4.9,1,0,4,0,0,1,0,1,2,50,0,2,2,0,0,0,0,1,7,2,4,50,2,2,100,1,2,50,0,4,4,2,0,1,0,1,4.9,4.9,20.5,143.4,-123,143.4,20.5,123,-6,0,0,0,0,0,0,0,0,0,0,0,0,0,0,0,0,0,0,0,0,0,0,0,0,0,0,0,0,0,0,0,0
BMET City of Birmingham Rockets EABL,"Guridat Singh, Jonathan Agbeze, Jude Hyland, Larry Duru, Philip Basioudis",Charnwood College Riders EABL,"Asa Oyerinde, Davin Hanousek, Lewis Stevenson, Pharrell Kattah, Tom Pearson",1,140,2.3,4.9,6,1,2,50,1,2,50,3,4,75,0,2,2,1,1,0,1,1,3,1,3,33.3,1,2,50,0,0,0,0,2,2,1,0,0,2,2,4.8,5.0,126.1,60,66.1,60,126.1,-66.1,3,0,0,0,0,0,0,0,0,0,0,0,0,0,0,0,0,0,0,0,0,0,0,0,0,0,0,0,0,0,0,0,0
Itchen College EABL,"Benjamin Cope, Elijah Lotriet, Ethan Round, Jakub Ofman, Marley Edwards",HHS Reading Rockets EABL,"Can Okumus, Ethan Harrington, Joseph Mackinnon, Luca Bakary, Malachi Hassan-Taylor",1,185,3.1,4.9,3,0,5,0,0,2,0,3,3,100,1,3,4,0,0,0,0,0,3,1,4,25,0,2,0,1,2,50,0,3,3,0,0,0,0,1,5.0,4.9,60.2,61.5,-1.3,61.5,60.2,1.3,0,0,0,0,0,0,0,0,0,0,0,0,0,0,0,0,0,0,0,0,0,0,0,0,0,0,0,0,0,0,0,0,0
Derby College Trailblazers EABL,"Casey Burr, Elias Norman, Kaleel Otaye, Liyo Ngomti, Matheo Smith-Fjordland",Myerscough College EABL,"Ayo Ibirinde, Cesar Sanchez Falette, L. Roberts, Layjuan Farrell, Nathaniel Byfield",1,135,2.2,4.9,6,2,2,100,1,1,100,1,2,50,0,0,0,2,0,0,2,0,10,5,5,100,0,0,0,0,0,0,0,0,0,3,2,0,0,2,4.9,5.0,123,200,-77,200,123,77,-4,0,0,0,0,0,0,0,0,0,0,0,0,0,0,0,0,0,0,0,0,0,0,0,0,0,0,0,0,0,0,0,0
Copleston High School EABL,"Callum Fobister, Isaac Carty-Peters, Isaac Little, Matthew Liddamore, Noah Wilkinson",Oaklands Wolves EABL,"Dylan Gladstone, Enzo Da Cruz Fatuda, Huxley Morrell, Liam Mcintosh, Tristan Mcintosh",1,72,1.2,4.9,2,1,3,33.3,0,1,0,0,0,0,0,0,0,1,3,0,2,0,3,1,3,33.3,0,1,0,1,2,50,2,2,4,1,0,0,3,1,5.0,4.7,40,63.3,-23.3,63.3,40,23.3,-1,0,0,0,0,0,0,0,0,0,0,0,0,0,0,0,0,0,0,0,0,0,0,0,0,0,0,0,0,0,0,0,0
Myerscough College EABL,"Cesar Sanchez Falette, Daniel Okhuoya, Fin Morgan, Jakub Bobkowski, Sayomi Latidan",SGS College EABL,"Antoine Bennett, Dylan Lloyd, Kayden Richards, Marcos Pospori, Martin Alburo",1,164,2.7,4.9,4,2,7,28.6,0,1,0,0,0,0,4,1,5,0,0,0,2,0,4,2,3,66.7,0,1,0,0,0,0,0,1,1,1,0,0,2,0,4.7,5.0,84.7,80,4.7,80,84.7,-4.7,0,0,0,0,0,0,0,0,0,0,0,0,0,0,0,0,0,0,0,0,0,0,0,0,0,0,0,0,0,0,0,0,0
Oaklands Wolves EABL,"Daniel Kostadinov, Dylan Gladstone, Enzo Da Cruz Fatuda, Gavin Mitchell, Huxley Morrell",HHS Reading Rockets EABL,"A. King, Can Okumus, Joseph Mackinnon, Matthew Daines, Nicholas Dent",1,154,2.6,4.9,0,0,2,0,0,1,0,0,0,0,0,3,3,0,0,0,3,0,4,2,9,22.2,0,3,0,0,0,0,4,2,6,2,2,0,0,1,5.0,4.7,0,84.7,-84.7,84.7,0,84.7,-4,0,0,0,0,0,0,0,0,0,0,0,0,0,0,0,0,0,0,0,0,0,0,0,0,0,0,0,0,0,0,0,0
Oaklands Wolves EABL,"Daniel Kostadinov, Dylan Gladstone, Enzo Da Cruz Fatuda, Liam Mcintosh, Tristan Mcintosh",HHS Reading Rockets EABL,"Can Okumus, James Waterhouse, Joseph Mackinnon, Malachi Hassan-Taylor, Matthew Daines",1,139,2.3,4.9,4,1,7,14.3,0,2,0,2,2,100,3,1,4,0,2,1,1,1,4,2,5,40,0,2,0,0,0,0,2,2,4,2,1,0,2,1,5.0,4.9,79.6,82.3,-2.8,82.3,79.6,2.8,0,0,0,0,0,0,0,0,0,0,0,0,0,0,0,0,0,0,0,0,0,0,0,0,0,0,0,0,0,0,0,0,0
SGS College EABL,"Abubakar Odowa, Dylan Lloyd, Kayden Richards, Shaquan Nelson, Zion Lawson",Charnwood College Riders EABL,"Andrew Young, James Hardy, Lewis Stevenson, Stanley Morris, Tom Pearson",1,118,2.0,4.9,4,2,5,40,0,0,0,0,2,0,0,0,0,1,1,0,0,0,6,3,3,100,0,0,0,0,0,0,0,2,2,1,0,0,1,1,5.9,4.0,68,150,-82,150,68,82,-2,0,0,0,0,0,0,0,0,0,0,0,0,0,0,0,0,0,0,0,0,0,0,0,0,0,0,0,0,0,0,0,0
Charnwood College Riders EABL,"Fahad Saeed, James Hardy, Tom Pearson, Tristan Curran, Zavier Gleadell-Smith",BMET City of Birmingham Rockets EABL,"Abdou Camara, Jonathan Agbeze, Larry Duru, Patrick Walsh, Philip Basioudis",1,145,2.4,4.9,4,2,5,40,0,1,0,0,0,0,0,0,0,2,1,0,0,2,10,3,4,75,3,4,75,1,2,50,2,2,4,3,0,0,1,0,5.0,4.8,80,207.9,-127.9,207.9,80,127.9,-6,0,0,0,0,0,0,0,0,0,0,0,0,0,0,0,0,0,0,0,0,0,0,0,0,0,0,0,0,0,0,0,0
HHS Reading Rockets EABL,"Aydan Moloney, Joseph Mackinnon, Lazure Francis, Malachi Hassan-Taylor, Matthew Daines",Itchen College EABL,"Ethan Round, Javen Osei-Owusu, Marley Edwards, Richard Radu, Thomas Blower",1,133,2.2,4.9,3,1,1,100,0,0,0,1,2,50,0,1,1,0,1,1,3,0,3,1,3,33.3,1,1,100,0,0,0,1,1,2,0,3,0,3,1,4.9,4.9,61.5,60.9,0.6,60.9,61.5,-0.6,0,0,0,0,0,0,0,0,0,0,0,0,0,0,0,0,0,0,0,0,0,0,0,0,0,0,0,0,0,0,0,0,0
HHS Reading Rockets EABL,"Ethan Harrington, Lazure Francis, Luca Bakary, Malachi Hassan-Taylor, Matthew Daines",Copleston High School EABL,"Isaac Carty-Peters, Isaac Little, Mason Wells, Matthew Liddamore, Timothy Rafiu",1,129,2.1,4.9,3,1,4,25,1,3,33.3,0,0,0,1,1,2,1,2,0,2,0,3,1,3,33.3,1,1,100,0,0,0,1,2,3,1,1,0,3,0,4.9,4.9,60.9,60.9,0,60.9,60.9,0,0,0,0,0,0,0,0,0,0,0,0,0,0,0,0,0,0,0,0,0,0,0,0,0,0,0,0,0,0,0,0,0,0
SGS College EABL,"Dylan Lloyd, Imam Toure, Kevin Ramirez Mora, Luka Matthews, Marcos Perez Tosca",Copleston High School EABL,"Callum Fobister, Elijah Tamakloe, Matthew Liddamore, Noah Wilkinson, Timothy Rafiu",1,116,1.9,4.9,0,0,4,0,0,1,0,0,0,0,1,2,3,0,0,0,2,0,4,2,4,50,0,0,0,0,2,0,1,2,3,2,2,1,1,0,4.6,5.2,0,77.4,-77.4,77.4,0,77.4,-4,0,0,0,0,0,0,0,0,0,0,0,0,0,0,0,0,0,0,0,0,0,0,0,0,0,0,0,0,0,0,0,0
Manchester Magic Academy EABL,"Jack Odongo, Jack Walton, Lewis Clayton, Oluwademilade Babalola, Tarique Kamal Kazmi",Oaklands Wolves EABL,"Daniel Kostadinov, Enzo Da Cruz Fatuda, Gavin Mitchell, Liam Mcintosh, Stanley Mills",1,171,2.9,4.9,2,1,5,20,0,3,0,0,0,0,1,3,4,1,0,0,0,2,5,2,5,40,1,4,25,0,4,0,1,3,4,2,0,0,0,0,3.9,6.0,50.9,83.9,-33,83.9,50.9,33,-3,0,0,0,0,0,0,0,0,0,0,0,0,0,0,0,0,0,0,0,0,0,0,0,0,0,0,0,0,0,0,0,0
Copleston High School EABL,"Angus Hickey, Isaac Little, Mason Wells, Matthew Liddamore, Noah Wilkinson",Barking Abbey EABL,"Francesco Cole, Micael Filho, Munyaradzi Myamutenha, Oskaras Visockas, Raphael Connolly",1,86,1.4,4.8,4,2,3,66.7,0,0,0,0,0,0,1,0,1,1,1,0,3,2,7,2,2,100,0,0,0,3,4,75,0,0,0,0,2,0,1,0,4.9,4.8,81.1,147.1,-65.9,147.1,81.1,65.9,-3,0,0,0,0,0,0,0,0,0,0,0,0,0,0,0,0,0,0,0,0,0,0,0,0,0,0,0,0,0,0,0,0
Itchen College EABL,"Benjamin Cope, Elijah Lotriet, Ethan Round, Jakub Ofman, Mason Yeates",HHS Reading Rockets EABL,"Can Okumus, Ethan Harrington, Luca Bakary, Malachi Hassan-Taylor, Nicholas Dent",1,131,2.2,4.8,7,2,3,66.7,1,2,50,2,2,100,0,3,3,1,1,0,1,1,1,0,4,0,0,1,0,1,2,50,1,1,2,0,0,0,1,0,4.9,4.8,143.4,20.8,122.7,20.8,143.4,-122.7,6,0,0,0,0,0,0,0,0,0,0,0,0,0,0,0,0,0,0,0,0,0,0,0,0,0,0,0,0,0,0,0,0
Itchen College EABL,"George Andrews, Javen Osei-Owusu, Marley Edwards, Richard Radu, Thomas Blower",HHS Reading Rockets EABL,"Can Okumus, Ethan Harrington, James Waterhouse, Joseph Mackinnon, Lazure Franicis",1,80,1.3,4.8,6,2,3,66.7,0,0,0,2,2,100,0,2,2,2,1,0,1,1,2,0,2,0,0,2,0,2,4,50,0,0,0,1,0,0,1,1,4.9,4.8,123,42,80.9,42,123,-80.9,4,0,0,0,0,0,0,0,0,0,0,0,0,0,0,0,0,0,0,0,0,0,0,0,0,0,0,0,0,0,0,0,0
Manchester Magic Academy EABL,"Jack Odongo, Jack Styzcen-O'keefe, Nathan Brown, Tarique Kamal Kazmi, Tiego Weekes",SGS College EABL,"Abubakar Odowa, Marcos Pospori, Martin Alburo, Reuben Roach, Washington Wewe",1,124,2.1,4.8,2,0,3,0,0,1,0,2,4,50,1,3,4,2,0,0,1,0,4,2,6,33.3,0,2,0,0,0,0,1,2,3,1,1,0,0,1,4.7,4.9,42.6,81.1,-38.5,81.1,42.6,38.5,-2,0,0,0,0,0,0,0,0,0,0,0,0,0,0,0,0,0,0,0,0,0,0,0,0,0,0,0,0,0,0,0,0
Myerscough College EABL,"Daniel Okhuoya, Fin Morgan, Jakub Bobkowski, Olivier Esingle, Sayomi Latidan",SGS College EABL,"Antoine Bennett, Dylan Lloyd, Kayden Richards, Marcos Pospori, Martin Alburo",1,136,2.3,4.8,8,4,5,80,0,0,0,0,1,0,2,2,4,2,0,0,1,1,3,1,3,33.3,0,1,0,1,2,50,1,0,1,0,1,0,1,1,5.4,4.2,149,72,77,72,149,-77,5,0,0,0,0,0,0,0,0,0,0,0,0,0,0,0,0,0,0,0,0,0,0,0,0,0,0,0,0,0,0,0,0
Myerscough College EABL,"Daniel Okhuoya, Fin Morgan, Ivan Idemudia, Jakub Bobkowski, Olivier Esingle",SGS College EABL,"Imam Toure, Luka Matthews, Marcos Perez Tosca, Marcos Pospori, Shaquan Nelson",1,110,1.8,4.8,0,0,2,0,0,0,0,0,0,0,0,2,2,0,0,1,3,3,4,1,5,20,0,0,0,2,4,50,2,2,4,0,2,0,0,0,5.0,4.6,0,86.6,-86.6,86.6,0,86.6,-4,0,0,0,0,0,0,0,0,0,0,0,0,0,0,0,0,0,0,0,0,0,0,0,0,0,0,0,0,0,0,0,0
SGS College EABL,"Kayden Richards, Luka Matthews, Martin Alburo, Shaquan Nelson, Zion Lawson",Charnwood College Riders EABL,"Andrew Young, Lewis Stevenson, Pharrell Kattah, Tristan Curran, Zavier Gleadell-Smith",1,130,2.2,4.8,2,1,6,16.7,0,1,0,0,0,0,1,1,2,1,0,0,0,0,6,3,4,75,0,0,0,0,0,0,0,3,3,2,0,0,1,2,4.7,5.0,42.9,120,-77.1,120,42.9,77.1,-4,0,0,0,0,0,0,0,0,0,0,0,0,0,0,0,0,0,0,0,0,0,0,0,0,0,0,0,0,0,0,0,0
Barking Abbey EABL,"Folarin Oguntuase, Francesco Cole, Kervy Mabaya, Kimbe N'gabala, Oskaras Visockas",Copleston High School EABL,"Isaac Carty-Peters, Isaac Little, Matthew Liddamore, Noah Wilkinson, Timothy Rafiu",1,104,1.7,4.8,4,1,5,20,0,0,0,2,2,100,2,1,3,1,3,0,1,1,0,0,1,0,0,1,0,0,2,0,0,2,2,0,1,0,3,0,4.7,4.9,84.4,0,84.4,0,84.4,-84.4,4,0,0,0,0,0,0,0,0,0,0,0,0,0,0,0,0,0,0,0,0,0,0,0,0,0,0,0,0,0,0,0,0
Manchester Magic Academy EABL,"Abraham Sagay Isiorho, David Allotey, Jack Odongo, Jack Walton, Tarique Kamal Kazmi",BMET City of Birmingham Rockets EABL,"Abdou Camara, Billy Rose, Guridat Singh, Issac Gisbourne, Patrick Walsh",1,118,2.0,4.8,6,2,5,40,0,3,0,2,2,100,1,1,2,2,3,0,0,1,0,0,0,0,0,0,0,0,2,0,0,2,2,0,0,0,4,1,4.8,4.9,124.7,0,124.7,0,124.7,-124.7,6,0,0,0,0,0,0,0,0,0,0,0,0,0,0,0,0,0,0,0,0,0,0,0,0,0,0,0,0,0,0,0,0
Itchen College EABL,"George Andrews, Javen Osei-Owusu, Mason Yeates, Richard Radu, Thomas Blower",Charnwood College Riders EABL,"Fahad Saeed, James Hardy, Okeri Hambira, Tom Pearson, Zavier Gleadell-Smith",1,118,2.0,4.8,3,0,3,0,0,2,0,3,4,75,0,2,2,2,1,1,0,1,2,1,2,50,0,0,0,0,2,0,0,3,3,1,0,0,2,1,4.8,4.9,63,41,22,41,63,-22,1,0,0,0,0,0,0,0,0,0,0,0,0,0,0,0,0,0,0,0,0,0,0,0,0,0,0,0,0,0,0,0,0
City of London Academy - Southwark EABL,"Andrew Nwokolo, Daniel Banjoko, Jacob Hannick, Ruben Cryer, Toby Gass",Derby College Trailblazers EABL,"Casey Burr, Elias Norman, Elias Rice, Rohan Hobday, William Tallon",1,136,2.3,4.8,0,0,4,0,0,1,0,0,0,0,1,2,3,0,1,1,2,0,2,1,5,20,0,0,0,0,0,0,1,3,4,0,1,1,1,0,4.9,4.6,0,43.7,-43.7,43.7,0,43.7,-2,0,0,0,0,0,0,0,0,0,0,0,0,0,0,0,0,0,0,0,0,0,0,0,0,0,0,0,0,0,0,0,0
BMET City of Birmingham Rockets EABL,"Billy Rose, George Angoy, J. Agbeze, Larry Duru, Patrick Walsh",SGS College EABL,"Dylan Lloyd, Imam Toure, Marcos Perez Tosca, Marcos Pospori, Shaquan Nelson",1,154,2.6,4.7,6,3,5,60,0,0,0,0,0,0,0,1,1,2,1,0,0,1,4,2,5,40,0,0,0,0,0,0,1,2,3,0,0,0,1,0,5.0,4.4,120,91,29,91,120,-29,2,0,0,0,0,0,0,0,0,0,0,0,0,0,0,0,0,0,0,0,0,0,0,0,0,0,0,0,0,0,0,0,0
Copleston High School EABL,"Callum Fobister, Elijah Tamakloe, Isaac Little, Matthew Liddamore, Timothy Rafiu",Barking Abbey EABL,"Francesco Cole, Henry Mclauchlan, Joshua Mendes, Solomon Dobson Smith, William Harper",1,104,1.7,4.7,8,3,4,75,1,1,100,1,1,100,0,2,2,0,2,0,0,0,0,0,4,0,0,3,0,0,0,0,2,1,3,0,0,1,3,0,4.4,4.9,180.2,0,180.2,0,180.2,-180.2,8,0,0,0,0,0,0,0,0,0,0,0,0,0,0,0,0,0,0,0,0,0,0,0,0,0,0,0,0,0,0,0,0
Charnwood College Riders EABL,"Asa Oyerinde, Lewis Stevenson, Luca Boothe, Tristan Curran, Zavier Gleadell-Smith",Myerscough College EABL,"Harry Sheehan, Junior Sanchez, Olivier Esingle, Solomi Laditan, Zach Trezvant",1,138,2.3,4.7,6,2,5,40,1,2,50,1,1,100,1,0,1,0,1,0,0,0,6,2,2,100,2,2,100,0,0,0,0,2,2,2,0,0,3,1,4.4,5.0,137.3,120,17.3,120,137.3,-17.3,0,0,0,0,0,0,0,0,0,0,0,0,0,0,0,0,0,0,0,0,0,0,0,0,0,0,0,0,0,0,0,0,0
SGS College EABL,"Antoine Bennett, Dylan Lloyd, Kayden Richards, Luka Matthews, Marcos Perez Tosca",Derby College Trailblazers EABL,"Casey Burr, Elias Norman, George Pastor, Jarom Howlett, William Tallon",1,103,1.7,4.7,5,1,3,33.3,0,1,0,3,3,100,0,3,3,0,1,1,0,0,0,0,4,0,0,2,0,0,0,0,0,2,2,0,0,0,1,2,4.3,5.0,115.7,0,115.7,0,115.7,-115.7,5,0,0,0,0,0,0,0,0,0,0,0,0,0,0,0,0,0,0,0,0,0,0,0,0,0,0,0,0,0,0,0,0
Myerscough College EABL,"Cesar Sanchez Falette, Harry Sheehan, Jakub Bobkowski, Sayomi Latidan, Zach Trezvant",SGS College EABL,"Imam Toure, Kevin Ramirez Mora, Luka Matthews, Marcos Perez Tosca, Shaquan Nelson",1,96,1.6,4.7,7,3,4,75,0,0,0,1,1,100,0,1,1,3,1,0,1,0,0,0,2,0,0,1,0,0,0,0,0,1,1,0,0,0,2,0,5.4,4.0,128.7,0,128.7,0,128.7,-128.7,7,0,0,0,0,0,0,0,0,0,0,0,0,0,0,0,0,0,0,0,0,0,0,0,0,0,0,0,0,0,0,0,0
Charnwood College Riders EABL,"Asa Oyerinde, Davin Hanousek, Pharrell Kattah, Rudy Buckingham, Stanley Morris",Derby College Trailblazers EABL,"Elias Norman, Elias Rice, George Pastor, Rohan Hobday, William Tallon",1,148,2.5,4.7,5,2,3,66.7,1,1,100,0,0,0,0,1,1,1,0,0,1,1,7,2,3,66.7,0,0,0,3,3,100,0,1,1,3,0,0,1,0,4.0,5.3,125,131.6,-6.6,131.6,125,6.6,-2,0,0,0,0,0,0,0,0,0,0,0,0,0,0,0,0,0,0,0,0,0,0,0,0,0,0,0,0,0,0,0,0
BMET City of Birmingham Rockets EABL,"George Angoy, Jude Hyland, Larry Duru, Patrick Walsh, Philip Basioudis",Myerscough College EABL,"Alex Cisse, Daniel Okhuoya, Harry Sheehan, Jakub Bobkowski, Salomi Latidan",1,105,1.8,4.7,1,0,1,0,0,0,0,1,2,50,0,0,0,0,0,0,2,1,9,3,3,100,2,2,100,1,1,100,0,1,1,1,1,0,2,1,3.9,5.4,25.8,165.4,-139.7,165.4,25.8,139.7,-8,0,0,0,0,0,0,0,0,0,0,0,0,0,0,0,0,0,0,0,0,0,0,0,0,0,0,0,0,0,0,0,0
City of London Academy - Southwark EABL,"Barack Manfo-Marc, Louis Thompson, Nyakeh Senessie, Ruben Cryer, Toby Gass",Copleston High School EABL,"Angus Hickey, Isaac Little, Matthew Liddamore, Oliver Drane, Timothy Rafiu",1,113,1.9,4.7,5,2,5,40,1,3,33.3,0,0,0,0,1,1,2,2,1,0,1,3,1,2,50,0,0,0,1,1,100,0,2,2,1,0,0,2,0,5.0,4.4,100,67.6,32.4,67.6,100,-32.4,2,0,0,0,0,0,0,0,0,0,0,0,0,0,0,0,0,0,0,0,0,0,0,0,0,0,0,0,0,0,0,0,0
Barking Abbey EABL,"Alexanda Nwabueze, Heath Parkin, Joshua Mendes, Micael Filho, Raphael Connolly",City of London Academy - Southwark EABL,"Bilal Olowoshile, Daniel Banjoko, Dante Patel, David Banjoko, Toby Gass",1,96,1.6,4.7,2,1,1,100,0,0,0,0,0,0,0,1,1,0,0,0,3,1,7,3,5,60,0,0,0,1,1,100,0,0,0,1,3,0,0,0,4.0,5.4,50,128.7,-78.7,128.7,50,78.7,-5,0,0,0,0,0,0,0,0,0,0,0,0,0,0,0,0,0,0,0,0,0,0,0,0,0,0,0,0,0,0,0,0
Itchen College EABL,"Dawid Cimochowski, Elijah Lotriet, Jakub Ofman, Richard Radu, Thomas Blower",Barking Abbey EABL,"Amari Maitland, Joshua Mendes, Kervy Mabaya, Micael Filho, Raphael Connolly",1,109,1.8,4.7,1,0,2,0,0,1,0,1,1,100,0,4,4,0,0,1,2,1,0,0,4,0,0,2,0,0,2,0,1,2,3,0,2,0,1,1,4.4,5.0,22.5,0,22.5,0,22.5,-22.5,1,0,0,0,0,0,0,0,0,0,0,0,0,0,0,0,0,0,0,0,0,0,0,0,0,0,0,0,0,0,0,0,0
HHS Reading Rockets EABL,"Aydan Moloney, Can Okumus, Ethan Harrington, James Waterhouse, Malachi Hassan-Taylor",Copleston High School EABL,"Callum Fobister, Elijah Tamakloe, Isaac Little, Matthew Liddamore, Timothy Rafiu",1,102,1.7,4.7,4,2,2,100,0,0,0,0,2,0,1,1,2,1,0,0,2,1,6,2,3,66.7,1,1,100,1,1,100,0,0,0,1,1,0,1,1,4.9,4.4,82,135.1,-53.2,135.1,82,53.2,-2,0,0,0,0,0,0,0,0,0,0,0,0,0,0,0,0,0,0,0,0,0,0,0,0,0,0,0,0,0,0,0,0
HHS Reading Rockets EABL,"Aydan Moloney, James Waterhouse, Joseph Mackinnon, Malachi Hassan-Taylor, Matthew Daines",SGS College EABL,"Dylan Lloyd, Imam Toure, Kevin Ramirez Mora, Marcos Perez Tosca, Tekai Wallace-Gayle",1,120,2.0,4.7,2,1,2,50,0,0,0,0,0,0,0,1,1,1,0,0,2,1,10,4,5,80,1,1,100,1,1,100,0,1,1,3,2,1,0,0,4.0,5.4,50,183.8,-133.8,183.8,50,133.8,-8,0,0,0,0,0,0,0,0,0,0,0,0,0,0,0,0,0,0,0,0,0,0,0,0,0,0,0,0,0,0,0,0
Barking Abbey EABL,"Folarin Oguntuase, Joshua Mendes, Kervy Mabaya, Micael Filho, Solomon Dobson Smith",HHS Reading Rockets EABL,"Ethan Harrington, James Waterhouse, Malachi Hassan-Taylor, Matthew Daines, Nicholas Dent",1,211,3.5,4.6,7,2,5,40,1,4,25,2,2,100,2,2,4,2,1,1,1,1,4,1,5,20,0,1,0,2,2,100,1,0,1,1,1,0,1,1,3.7,5.5,190.7,73.3,117.4,73.3,190.7,-117.4,3,0,0,0,0,0,0,0,0,0,0,0,0,0,0,0,0,0,0,0,0,0,0,0,0,0,0,0,0,0,0,0,0
Copleston High School EABL,"Angus Hickey, Callum Fobister, Elijah Tamakloe, Isaac Little, Matthew Liddamore",HHS Reading Rockets EABL,"Ethan Harrington, Joseph Mackinnon, Luca Bakary, Matthew Daines, Saun Ejiofor",1,141,2.4,4.6,3,1,5,20,0,2,0,1,2,50,2,1,3,0,2,0,0,0,0,0,1,0,0,1,0,0,0,0,0,3,3,0,0,0,4,1,4.2,5.0,72,0,72,0,72,-72,3,0,0,0,0,0,0,0,0,0,0,0,0,0,0,0,0,0,0,0,0,0,0,0,0,0,0,0,0,0,0,0,0
BMET City of Birmingham Rockets EABL,"George Angoy, Jonathan Agbeze, Jude Hyland, Larry Duru, Philip Basioudis",Charnwood College Riders EABL,"Fahad Saeed, Pharrell Kattah, Rudy Buckingham, Tristan Curran, Zavier Gleadell-Smith",1,142,2.4,4.6,5,2,7,28.6,1,2,50,0,0,0,2,1,3,1,0,0,0,2,3,1,3,33.3,0,1,0,1,2,50,1,2,3,1,0,1,2,0,4.3,4.8,115.6,62.4,53.2,62.4,115.6,-53.2,2,0,0,0,0,0,0,0,0,0,0,0,0,0,0,0,0,0,0,0,0,0,0,0,0,0,0,0,0,0,0,0,0
Copleston High School EABL,"Isaac Carty-Peters, Luke Read, Mason Wells, Matthew Liddamore, Noah Wilkinson",Oaklands Wolves EABL,"Enzo Da Cruz Fatuda, Ethan Ryan, Gavin Mitchell, Huxley Morrell, Tristan Mcintosh",1,114,1.9,4.6,4,2,4,50,0,0,0,0,0,0,0,2,2,0,0,1,1,1,5,2,7,28.6,0,2,0,1,1,100,3,1,4,1,1,0,0,1,5.0,4.2,80,118.2,-38.2,118.2,80,38.2,-1,0,0,0,0,0,0,0,0,0,0,0,0,0,0,0,0,0,0,0,0,0,0,0,0,0,0,0,0,0,0,0,0
Derby College Trailblazers EABL,"Casey Burr, Elias Norman, Elias Rice, George Pastor, Rohan Hobday",BMET City of Birmingham Rockets EABL,"George Angoy, Jonathan Agbeze, Jude Hyland, Larry Duru, Philip Basioudis",1,162,2.7,4.6,6,2,5,40,0,1,0,2,2,100,1,1,2,2,0,0,0,2,8,3,5,60,1,2,50,1,3,33.3,2,1,3,2,0,1,0,1,4.3,4.9,140.4,163.5,-23.1,163.5,140.4,23.1,-2,0,0,0,0,0,0,0,0,0,0,0,0,0,0,0,0,0,0,0,0,0,0,0,0,0,0,0,0,0,0,0,0
SGS College EABL,"Kayden Richards, Kevin Ramirez Mora, Luka Matthews, Marcos Perez Tosca, Shaquan Nelson",BMET City of Birmingham Rockets EABL,"George Angoy, Jonathan Agbeze, Jude Hyland, Larry Duru, Philip Basioudis",1,149,2.5,4.6,5,2,5,40,1,4,25,0,0,0,1,2,3,2,0,0,1,2,7,3,4,75,1,1,100,0,2,0,0,1,1,2,1,0,0,1,4.4,4.9,113.8,143.4,-29.7,143.4,113.8,29.7,-2,0,0,0,0,0,0,0,0,0,0,0,0,0,0,0,0,0,0,0,0,0,0,0,0,0,0,0,0,0,0,0,0
City of London Academy - Southwark EABL,"Andrew Nwokolo, Bilal Olowoshile, Daniel Banjoko, Dante Patel, David Banjoko",HHS Reading Rockets EABL,"Aydan Moloney, Ethan Harrington, James Waterhouse, Luca Bakary, Matthew Daines",1,129,2.1,4.6,3,1,4,25,0,1,0,1,2,50,2,0,2,0,1,0,2,1,4,2,2,100,0,0,0,0,0,0,0,2,2,2,0,1,2,0,5.3,4.0,56.9,100,-43.1,100,56.9,43.1,-1,0,0,0,0,0,0,0,0,0,0,0,0,0,0,0,0,0,0,0,0,0,0,0,0,0,0,0,0,0,0,0,0
Myerscough College EABL,"Ayo Ibirinde, Cesar Sanchez Falette, Harry Sheehan, Jakub Bobkowski, Zach Trezvant",Derby College Trailblazers EABL,"Casey Burr, Elias Rice, Julian Lemanski, Rohan Hobday, William Tallon",1,130,2.2,4.6,6,3,7,42.9,0,1,0,0,0,0,2,3,5,1,1,0,1,0,0,0,3,0,0,2,0,0,0,0,0,1,1,0,0,1,1,0,5.1,4.0,116.6,0,116.6,0,116.6,-116.6,6,0,0,0,0,0,0,0,0,0,0,0,0,0,0,0,0,0,0,0,0,0,0,0,0,0,0,0,0,0,0,0,0
Myerscough College EABL,"Alex Cisse, Daniel Okhuoya, Fin Morgan, Jakub Bobkowski, Layjuan Farrell",Derby College Trailblazers EABL,"Casey Burr, Elias Rice, Finley Tuck, George Pastor, Kaleel Otaye",1,165,2.8,4.6,9,3,6,50,3,5,60,0,0,0,1,2,3,3,0,0,0,2,5,2,4,50,0,1,0,1,2,50,0,1,1,2,0,0,0,0,4.4,4.9,204.8,102.5,102.3,102.5,204.8,-102.3,4,0,0,0,0,0,0,0,0,0,0,0,0,0,0,0,0,0,0,0,0,0,0,0,0,0,0,0,0,0,0,0,0
Barking Abbey EABL,"Amari Maitland, Joshua Mendes, Micael Filho, Munyaradzi Myamutenha, Raphael Connolly",HHS Reading Rockets EABL,"Ethan Harrington, Lazure Franicis, Luca Bakary, Malachi Hassan-Taylor, Matthew Daines",1,102,1.7,4.5,4,2,4,50,0,2,0,0,0,0,0,1,1,0,1,0,0,1,2,1,3,33.3,0,1,0,0,0,0,0,1,1,0,0,0,2,0,4.0,5.0,100,40,60,40,100,-60,2,0,0,0,0,0,0,0,0,0,0,0,0,0,0,0,0,0,0,0,0,0,0,0,0,0,0,0,0,0,0,0,0
Myerscough College EABL,"Cesar Sanchez Falette, Harry Sheehan, Jakub Bobkowski, Sayomi Latidan, Zach Trezvant",Manchester Magic Academy EABL,"Abraham Sagay Isiorho, Harley Blake, Jack Odongo, Jack Walton, Oluwademilade Babalola",1,137,2.3,4.5,2,1,2,50,0,1,0,0,0,0,0,0,0,1,2,0,2,0,2,1,1,100,0,0,0,0,0,0,0,0,0,1,1,0,4,1,4.0,5.0,50,40,10,40,50,-10,0,0,0,0,0,0,0,0,0,0,0,0,0,0,0,0,0,0,0,0,0,0,0,0,0,0,0,0,0,0,0,0,0
Manchester Magic Academy EABL,"Jack Walton, Lewis Clayton, Nathan Brown, Oluwademilade Babalola, Samy Sidi-Boumedine",Derby College Trailblazers EABL,"Casey Burr, Elias Rice, Matheo Smith-Fjordland, Rohan Hobday, William Tallon",1,125,2.1,4.5,4,2,3,66.7,0,0,0,0,0,0,0,1,1,1,1,1,1,0,4,2,3,66.7,0,0,0,0,0,0,0,1,1,1,0,0,2,1,4.0,5.0,100,80,20,80,100,-20,0,0,0,0,0,0,0,0,0,0,0,0,0,0,0,0,0,0,0,0,0,0,0,0,0,0,0,0,0,0,0,0,0
Itchen College EABL,"Benjamin Cope, Dawid Cimochowski, Elijah Lotriet, Jakub Ofman, Thomas Blower",HHS Reading Rockets EABL,"Can Okumus, Ethan Harrington, James Waterhouse, Malachi Hassan-Taylor, Nicholas Dent",1,107,1.8,4.5,5,2,3,66.7,1,1,100,0,0,0,1,1,2,2,2,0,2,1,4,2,3,66.7,0,1,0,0,0,0,0,0,0,0,2,0,2,0,3.9,5.0,127.2,80,47.2,80,127.2,-47.2,1,0,0,0,0,0,0,0,0,0,0,0,0,0,0,0,0,0,0,0,0,0,0,0,0,0,0,0,0,0,0,0,0
Derby College Trailblazers EABL,"Casey Burr, Elias Norman, Elias Rice, George Pastor, Jarom Howlett, Matheo Smith-Fjordland",Myerscough College EABL,"Daniel Okhuoya, Layjuan Farrell, Olivier Esingle, Salomi Latidan, Zach Trezvant",1,76,1.3,4.5,0,0,2,0,0,2,0,0,0,0,0,1,1,0,0,0,2,0,8,4,6,66.7,0,1,0,0,0,0,1,2,3,2,1,0,0,0,4.0,4.9,0,162.3,-162.3,162.3,0,162.3,-8,0,0,0,0,0,0,0,0,0,0,0,0,0,0,0,0,0,0,0,0,0,0,0,0,0,0,0,0,0,0,0,0
Manchester Magic Academy EABL,"David Allotey, Jack Walton, Oluwademilade Babalola, Samy Sidi-Boumedine, Tom Richardson",SGS College EABL,"Dylan Lloyd, Imam Toure, Luka Matthews, Marcos Pospori, Shaquan Nelson",1,69,1.1,4.5,9,4,6,66.7,1,1,100,0,0,0,1,0,1,2,3,0,0,0,2,1,1,100,0,0,0,0,0,0,0,1,1,1,0,0,3,0,4.9,4.0,182.6,50,132.6,50,182.6,-132.6,7,0,0,0,0,0,0,0,0,0,0,0,0,0,0,0,0,0,0,0,0,0,0,0,0,0,0,0,0,0,0,0,0
Oaklands Wolves EABL,"Dylan Gladstone, Guisepi Augenti, Kajus Gasperas, Tristan Mcintosh, Zac Gribble",Copleston High School EABL,"Isaac Little, Matthew Liddamore, Noah Wilkinson, Oliver Drane, Timothy Rafiu",1,87,1.4,4.5,6,2,3,66.7,2,3,66.7,0,0,0,0,2,2,2,0,1,2,0,2,1,3,33.3,0,1,0,0,0,0,0,0,0,1,1,0,1,0,5.0,4.0,120,50,70,50,120,-70,4,0,0,0,0,0,0,0,0,0,0,0,0,0,0,0,0,0,0,0,0,0,0,0,0,0,0,0,0,0,0,0,0
SGS College EABL,"Kayden Richards, Kevin Ramirez Mora, Luka Matthews, Marcos Perez Tosca, Martin Alburo",BMET City of Birmingham Rockets EABL,"George Angoy, Jonathan Agbeze, Jude Hyland, Larry Duru, Philip Basioudis",1,115,1.9,4.5,2,1,4,25,0,2,0,0,0,0,1,1,2,0,0,1,1,0,6,3,5,60,0,1,0,0,0,0,0,2,2,1,1,1,0,0,3.9,5.0,50.9,120,-69.1,120,50.9,69.1,-4,0,0,0,0,0,0,0,0,0,0,0,0,0,0,0,0,0,0,0,0,0,0,0,0,0,0,0,0,0,0,0,0
SGS College EABL,"Imam Toure, Kevin Ramirez Mora, Luka Matthews, Marcos Perez Tosca, Martin Alburo",Charnwood College Riders EABL,"Asa Oyerinde, Fahad Saeed, Okeri Hambira, Pharrell Kattah, Tom Pearson",1,109,1.8,4.5,5,2,4,50,1,2,50,0,0,0,1,1,2,1,1,0,2,0,2,1,2,50,0,0,0,0,0,0,0,1,1,1,1,0,2,1,4.9,4.0,101.4,50,51.4,50,101.4,-51.4,3,0,0,0,0,0,0,0,0,0,0,0,0,0,0,0,0,0,0,0,0,0,0,0,0,0,0,0,0,0,0,0,0
Barking Abbey EABL,"Alexanda Nwabueze, Harry Egbayelo, Kervy Mabaya, Micael Filho, Oskaras Visockas",Copleston High School EABL,"Angus Hickey, Grant Millar, Isaac Little, Noah Wilkinson, Timothy Rafiu",1,109,1.8,4.5,2,1,2,50,0,1,0,0,0,0,0,3,3,0,0,1,2,0,3,1,4,25,1,3,33.3,0,0,0,0,1,1,0,2,0,1,1,4.0,5.0,50,60,-10,60,50,10,-1,0,0,0,0,0,0,0,0,0,0,0,0,0,0,0,0,0,0,0,0,0,0,0,0,0,0,0,0,0,0,0,0
Barking Abbey EABL,"Heath Parkin, Joshua Mendes, Micael Filho, Oskaras Visockas, Raphael Connolly",Copleston High School EABL,"Callum Fobister, Isaac Little, Matthew Liddamore, Noah Wilkinson, Timothy Rafiu",1,147,2.5,4.5,4,2,4,50,0,2,0,0,0,0,0,0,0,0,1,0,1,0,7,3,3,100,1,1,100,0,0,0,0,1,1,3,0,0,1,1,5.0,4.0,80,175,-95,175,80,95,-3,0,0,0,0,0,0,0,0,0,0,0,0,0,0,0,0,0,0,0,0,0,0,0,0,0,0,0,0,0,0,0,0
Barking Abbey EABL,"Alexanda Nwabueze, Joshua Mendes, Kimbe N'gabala, Micael Filho, Raphael Connolly",City of London Academy - Southwark EABL,"Andrew Nwokolo, Daniel Banjoko, Dante Patel, Jacob Hannick, Toby Gass",1,73,1.2,4.5,5,2,6,33.3,0,2,0,1,2,50,1,0,1,1,3,0,1,0,4,2,3,66.7,0,0,0,0,1,0,1,0,1,1,1,0,3,0,3.6,5.4,138.9,74.5,64.4,74.5,138.9,-64.4,1,0,0,0,0,0,0,0,0,0,0,0,0,0,0,0,0,0,0,0,0,0,0,0,0,0,0,0,0,0,0,0,0
Barking Abbey EABL,"Alexanda Nwabueze, Joshua Mendes, Micael Filho, Oskaras Visockas, Raphael Connolly",City of London Academy - Southwark EABL,"Bilal Olowoshile, Daniel Banjoko, David Banjoko, Jacob Hannick, Toby Gass",1,115,1.9,4.5,3,1,3,33.3,1,1,100,0,0,0,0,1,1,1,1,1,1,0,0,0,4,0,0,3,0,0,0,0,0,1,1,0,1,1,1,1,4.0,5.0,75,0,75,0,75,-75,3,0,0,0,0,0,0,0,0,0,0,0,0,0,0,0,0,0,0,0,0,0,0,0,0,0,0,0,0,0,0,0,0
Itchen College EABL,"Benjamin Cope, Dawid Cimochowski, Elijah Lotriet, Ethan Round, Jakub Ofman",Barking Abbey EABL,"Joshua Mendes, Kervy Mabaya, Micael Filho, Oskaras Visockas, Raphael Connolly",1,130,2.2,4.5,2,1,3,33.3,0,0,0,0,0,0,0,0,0,1,2,0,1,1,5,2,2,100,1,1,100,0,0,0,0,2,2,1,0,0,3,1,4.0,5.0,50,100,-50,100,50,50,-3,0,0,0,0,0,0,0,0,0,0,0,0,0,0,0,0,0,0,0,0,0,0,0,0,0,0,0,0,0,0,0,0
Derby College Trailblazers EABL,"Casey Burr, Elias Norman, George Pastor, Jarom Howlett, William Tallon",SGS College EABL,"Dylan Lloyd, Imam Toure, Kevin Ramirez Mora, Marcos Perez Tosca, Ryan Cabrera",1,91,1.5,4.5,6,3,4,75,0,0,0,0,0,0,0,1,1,2,1,0,1,0,5,2,3,66.7,1,1,100,0,0,0,0,1,1,1,0,0,1,0,5.0,4.0,120,125,-5,125,120,5,1,0,0,0,0,0,0,0,0,0,0,0,0,0,0,0,0,0,0,0,0,0,0,0,0,0,0,0,0,0,0,0,0
HHS Reading Rockets EABL,"Ethan Harrington, Joseph Mackinnon, Lazure Francis, Malachi Hassan-Taylor, Matthew Daines",Itchen College EABL,"Benjamin Cope, Dawid Cimochowski, Elijah Lotriet, Ethan Round, Jakub Ofman",1,109,1.8,4.5,0,0,4,0,0,2,0,0,0,0,0,1,1,0,1,0,0,0,4,2,3,66.7,0,0,0,0,0,0,0,4,4,2,0,0,2,1,4.0,5.0,0,80,-80,80,0,80,-4,0,0,0,0,0,0,0,0,0,0,0,0,0,0,0,0,0,0,0,0,0,0,0,0,0,0,0,0,0,0,0,0
HHS Reading Rockets EABL,"Ethan Harrington, James Waterhouse, Joseph Mackinnon, Malachi Hassan-Taylor, Matthew Daines",Copleston High School EABL,"Callum Fobister, Isaac Carty-Peters, Isaac Little, Matthew Liddamore, Timothy Rafiu",1,96,1.6,4.5,3,1,4,25,1,1,100,0,0,0,0,1,1,0,3,1,0,0,0,0,2,0,0,1,0,0,0,0,1,3,4,0,0,0,4,0,4.0,4.9,75,0,75,0,75,-75,3,0,0,0,0,0,0,0,0,0,0,0,0,0,0,0,0,0,0,0,0,0,0,0,0,0,0,0,0,0,0,0,0
SGS College EABL,"Dylan Lloyd, Imam Toure, Kevin Ramirez Mora, Luka Matthews, Marcos Perez Tosca",Copleston High School EABL,"Callum Fobister, Isaac Little, Luke Read, Noah Wilkinson, Timothy Rafiu",1,145,2.4,4.5,7,3,4,75,1,1,100,0,3,0,2,0,2,1,1,0,1,0,9,3,6,50,3,5,60,0,0,0,2,0,2,3,1,0,1,1,5.2,3.8,133.3,237.5,-104.1,237.5,133.3,104.1,-2,0,0,0,0,0,0,0,0,0,0,0,0,0,0,0,0,0,0,0,0,0,0,0,0,0,0,0,0,0,0,0,0
HHS Reading Rockets EABL,"Ethan Harrington, James Waterhouse, Joseph Mackinnon, Malachi Hassan-Taylor, Matthew Daines",SGS College EABL,"Dylan Lloyd, Imam Toure, Kevin Ramirez Mora, Luka Matthews, Marcos Perez Tosca",1,134,2.2,4.5,4,2,6,33.3,0,1,0,0,1,0,1,2,3,2,0,0,0,2,4,0,3,0,0,0,0,4,4,100,1,3,4,0,0,0,0,2,5.4,3.7,74.5,108.4,-33.9,108.4,74.5,33.9,0,0,0,0,0,0,0,0,0,0,0,0,0,0,0,0,0,0,0,0,0,0,0,0,0,0,0,0,0,0,0,0,0
City of London Academy - Southwark EABL,"Andrew Nwokolo, Daniel Banjoko, Dante Patel, Jacob Hannick, Toby Gass",Myerscough College EABL,"Cesar Sanchez Falette, Jakub Bobkowski, Olivier Esingle, Salomi Latidan, Zach Trezvant",1,115,1.9,4.5,5,2,2,100,1,1,100,0,0,0,0,1,1,2,1,0,3,0,2,1,2,50,0,0,0,0,0,0,0,0,0,0,1,0,2,0,5.0,4.0,100,50,50,50,100,-50,3,0,0,0,0,0,0,0,0,0,0,0,0,0,0,0,0,0,0,0,0,0,0,0,0,0,0,0,0,0,0,0,0
Manchester Magic Academy EABL,"Abraham Isiorho, Jack Odongo, Jack Walton, Oluwademilade Babalola, Samy Sidi-Boumedine",Myerscough College EABL,"Cesar Sanchez Falette, Harry Sheehan, Olivier Esingle, Sayomi Laditan, Zach Trezvant",1,151,2.5,4.5,4,2,4,50,0,1,0,0,0,0,0,0,0,1,1,0,0,2,6,3,8,37.5,0,2,0,0,1,0,4,2,6,0,0,0,2,0,4.0,5.1,100,117.9,-17.9,117.9,100,17.9,-2,0,0,0,0,0,0,0,0,0,0,0,0,0,0,0,0,0,0,0,0,0,0,0,0,0,0,0,0,0,0,0,0
SGS College EABL,"Dylan Lloyd, Imam Toure, Kevin Ramirez Mora, Marcos Perez Tosca, Shaquan Nelson",Myerscough College EABL,"Ayo Ibirinde, Cesar Sanchez Falette, Fin Morgan, Harry Sheehan, Olivier Esingle",1,111,1.9,4.4,0,0,4,0,0,3,0,0,0,0,2,1,3,0,0,0,3,0,7,3,4,75,1,1,100,0,0,0,0,2,2,2,2,1,0,0,4.9,4.0,0,175,-175,175,0,175,-7,0,0,0,0,0,0,0,0,0,0,0,0,0,0,0,0,0,0,0,0,0,0,0,0,0,0,0,0,0,0,0,0
Itchen College EABL,"Benjamin Cope, George Andrews, Javen Osei-Owusu, Marley Edwards, Thomas Blower",Copleston High School EABL,"Angus Hickey, Callum Fobister, Jaziah Mussington, Matthew Liddamore, Timothy Rafiu",1,128,2.1,4.4,4,2,5,40,0,2,0,0,0,0,2,0,2,1,1,0,1,0,7,3,3,100,1,1,100,0,0,0,0,1,1,0,1,0,2,0,3.9,5.0,103.6,140,-36.4,140,103.6,36.4,-3,0,0,0,0,0,0,0,0,0,0,0,0,0,0,0,0,0,0,0,0,0,0,0,0,0,0,0,0,0,0,0,0
Copleston High School EABL,"Angus Hickey, Elijah Tamakloe, Matthew Liddamore, Noah Wilkinson, Oliver Drane",Barking Abbey EABL,"Ethan Albrecht, Joshua Mendes, Kimbe N'gabala, Micael Filho, Raphael Connolly",1,116,1.9,4.4,5,1,3,33.3,1,2,50,2,2,100,0,0,0,0,0,0,1,0,7,3,3,100,1,1,100,0,0,0,0,2,2,1,1,0,1,1,4.9,4.0,102.5,175,-72.5,175,102.5,72.5,-2,0,0,0,0,0,0,0,0,0,0,0,0,0,0,0,0,0,0,0,0,0,0,0,0,0,0,0,0,0,0,0,0
Charnwood College Riders EABL,"Davincy Stephens, Luca Boothe, Rudy Buckingham, Tristan Curran, Zavier Gleadell-Smith",SGS College EABL,"Kayden Richards, Luka Matthews, Marcos Perez Tosca, Marcos Pospori, Martin Alburo",1,66,1.1,4.4,7,3,5,60,0,1,0,1,4,25,3,2,5,2,1,0,0,2,2,1,3,33.3,0,1,0,0,1,0,1,1,2,1,0,0,1,2,5.2,3.7,135.8,53.7,82.1,53.7,135.8,-82.1,5,0,0,0,0,0,0,0,0,0,0,0,0,0,0,0,0,0,0,0,0,0,0,0,0,0,0,0,0,0,0,0,0
BMET City of Birmingham Rockets EABL,"Daniel Pittaway, Jaheim Kesto, Jesse Ogbeide, Larry Duru, Patrick Walsh",Manchester Magic Academy EABL,"David Allotey, Nathan Brown, Oluwademilade Babalola, Samy Sidi-Boumedine, Tom Richardson",1,100,1.7,4.4,5,2,3,66.7,0,1,0,1,2,50,1,2,3,1,0,0,1,2,3,1,4,25,0,0,0,1,1,100,1,1,2,0,1,0,1,0,4.3,4.4,115.1,68.6,46.4,68.6,115.1,-46.4,2,0,0,0,0,0,0,0,0,0,0,0,0,0,0,0,0,0,0,0,0,0,0,0,0,0,0,0,0,0,0,0,0
Copleston High School EABL,"Angus Hickey, Isaac Carty-Peters, Isaac Little, Noah Wilkinson, Timothy Rafiu",HHS Reading Rockets EABL,"Can Okumus, Ethan Harrington, Luca Bakary, Matthew Daines, Nicholas Dent",1,137,2.3,4.4,0,0,4,0,0,4,0,0,0,0,2,0,2,0,0,0,3,2,7,3,3,100,1,1,100,0,0,0,0,2,2,3,2,0,1,0,4.9,4.0,0,175,-175,175,0,175,-7,0,0,0,0,0,0,0,0,0,0,0,0,0,0,0,0,0,0,0,0,0,0,0,0,0,0,0,0,0,0,0,0
SGS College EABL,"Imam Toure, Luka Matthews, Marcos Perez Tosca, Marcos Pospori, Shaquan Nelson",Derby College Trailblazers EABL,"Elias Norman, George Pastor, Jarom Howlett, Matheo Smith-Fjordland, William Tallon",1,112,1.9,4.4,3,1,3,33.3,0,1,0,1,2,50,0,2,2,0,1,0,0,0,2,1,4,25,0,0,0,0,0,0,1,3,4,0,0,0,2,1,3.9,4.9,77.3,40.6,36.8,40.6,77.3,-36.8,1,0,0,0,0,0,0,0,0,0,0,0,0,0,0,0,0,0,0,0,0,0,0,0,0,0,0,0,0,0,0,0,0
Derby College Trailblazers EABL,"Casey Burr, Elias Rice, George Pastor, Jarom Howlett, William Tallon",Charnwood College Riders EABL,"Lewis Stevenson, Rudy Buckingham, Tom Pearson, Tristan Curran, Zavier Gleadell-Smith",1,131,2.2,4.4,4,2,5,40,0,2,0,0,0,0,1,2,3,0,0,0,0,1,4,2,3,66.7,0,1,0,0,2,0,0,2,2,1,0,0,1,0,3.9,4.9,101.8,82,19.8,82,101.8,-19.8,0,0,0,0,0,0,0,0,0,0,0,0,0,0,0,0,0,0,0,0,0,0,0,0,0,0,0,0,0,0,0,0,0
Oaklands Wolves EABL,"Daniel Kostadinov, Dylan Gladstone, Enzo Da Cruz Fatuda, Gavin Mitchell, Huxley Morrell",Barking Abbey EABL,"Folarin Oguntuase, Joshua Mendes, Micael Filho, Oskaras Visockas, Raphael Connolly",1,154,2.6,4.4,5,2,4,50,1,3,33.3,0,0,0,0,1,1,1,0,0,0,1,7,3,5,60,0,1,0,1,2,50,1,2,3,1,0,0,0,0,4.0,4.8,125,145.5,-20.5,145.5,125,20.5,-2,0,0,0,0,0,0,0,0,0,0,0,0,0,0,0,0,0,0,0,0,0,0,0,0,0,0,0,0,0,0,0,0
Itchen College EABL,"Benjamin Cope, Dawid Cimochowski, Ethan Round, Marley Edwards, Reuel Matthias",City of London Academy - Southwark EABL,"Andrew Nwokolo, Daniel Banjoko, Dante Patel, David Banjoko, Toby Gass",1,106,1.8,4.4,9,2,2,100,1,1,100,4,4,100,0,1,1,2,1,0,1,0,2,1,3,33.3,0,2,0,0,0,0,0,0,0,1,0,0,1,1,4.8,4.0,189.1,50,139.1,50,189.1,-139.1,7,0,0,0,0,0,0,0,0,0,0,0,0,0,0,0,0,0,0,0,0,0,0,0,0,0,0,0,0,0,0,0,0
Myerscough College EABL,"Harry Sheehan, Nathaniel Byfield, Olivier Esingle, Sayomi Latidan, Zach Trezvant",SGS College EABL,"Dylan Lloyd, Imam Toure, Marcos Perez Tosca, Marcos Pospori, Martin Alburo",1,132,2.2,4.4,5,2,4,50,1,2,50,0,0,0,0,2,2,2,0,0,0,1,2,0,3,0,0,2,0,2,2,100,0,2,2,0,0,0,1,0,4.0,4.9,125,41,84,41,125,-84,3,0,0,0,0,0,0,0,0,0,0,0,0,0,0,0,0,0,0,0,0,0,0,0,0,0,0,0,0,0,0,0,0
Myerscough College EABL,"Harry Sheehan, Layjuan Farrell, Nathaniel Byfield, Sayomi Latidan, Zach Trezvant",SGS College EABL,"Dylan Lloyd, Imam Toure, Kevin Ramirez Mora, Martin Alburo, Shaquan Nelson",1,151,2.5,4.4,7,3,3,100,1,1,100,0,0,0,0,1,1,3,1,0,2,1,4,1,2,50,0,0,0,2,2,100,0,0,0,1,0,0,1,0,5.0,3.9,140,103.1,36.9,103.1,140,-36.9,3,0,0,0,0,0,0,0,0,0,0,0,0,0,0,0,0,0,0,0,0,0,0,0,0,0,0,0,0,0,0,0,0
Oaklands Wolves EABL,"Dylan Gladstone, Enzo Da Cruz Fatuda, Huxley Morrell, Liam Mcintosh, Tristan Mcintosh",Copleston High School EABL,"Callum Fobister, Elijah Tamakloe, Matthew Liddamore, Noah Wilkinson, Timothy Rafiu",1,135,2.2,4.4,8,3,4,75,2,2,100,0,0,0,0,0,0,0,0,0,0,1,10,4,5,80,1,2,50,1,2,50,1,1,2,1,0,0,0,0,4.0,4.8,200,207.9,-7.9,207.9,200,7.9,-2,0,0,0,0,0,0,0,0,0,0,0,0,0,0,0,0,0,0,0,0,0,0,0,0,0,0,0,0,0,0,0,0
Copleston High School EABL,"Elijah Tamakloe, Isaac Carty-Peters, Matthew Liddamore, Noah Wilkinson, Timothy Rafiu",Itchen College EABL,"Benjamin Cope, Javen Osei-Owusu, Marley Edwards, Richard Radu, Thomas Blower",1,120,2.0,4.4,4,1,3,33.3,0,2,0,2,2,100,1,0,1,0,1,0,2,1,4,2,3,66.7,0,1,0,0,0,0,0,1,1,0,2,0,1,2,4.8,4.0,83.2,100,-16.8,100,83.2,16.8,0,0,0,0,0,0,0,0,0,0,0,0,0,0,0,0,0,0,0,0,0,0,0,0,0,0,0,0,0,0,0,0,0
BMET City of Birmingham Rockets EABL,"George Angoy, Issac Gisbourne, Jonathan Agbeze, Larry Duru, Philip Basioudis",Myerscough College EABL,"Fin Morgan, Layjuan Farrell, Olivier Esingle, Sayomi Latidan, Zach Trezvant",1,98,1.6,4.4,2,1,2,50,0,0,0,0,1,0,0,0,0,1,1,0,2,1,7,3,3,100,0,0,0,1,1,100,0,1,1,1,2,0,1,2,4.4,4.4,45,157.7,-112.6,157.7,45,112.6,-5,0,0,0,0,0,0,0,0,0,0,0,0,0,0,0,0,0,0,0,0,0,0,0,0,0,0,0,0,0,0,0,0
BMET City of Birmingham Rockets EABL,"Billy Rose, Daniel Pittaway, Jude Hyland, Larry Duru, Patrick Walsh",Myerscough College EABL,"Ayo Ibirinde, Daniel Okhuoya, Fin Morgan, Jakub Bobkowski, Layjuan Farrell",1,150,2.5,4.4,3,1,4,25,1,3,33.3,0,0,0,0,3,3,0,0,0,0,1,3,1,3,33.3,0,2,0,1,2,50,0,3,3,2,0,0,1,0,4.0,4.9,75,61.5,13.5,61.5,75,-13.5,0,0,0,0,0,0,0,0,0,0,0,0,0,0,0,0,0,0,0,0,0,0,0,0,0,0,0,0,0,0,0,0,0
Barking Abbey EABL,"Amari Maitland, Joshua Mendes, Kervy Mabaya, Micael Filho, Raphael Connolly",Itchen College EABL,"Benjamin Cope, Dawid Cimochowski, Elijah Lotriet, Ethan Round, Jakub Ofman",1,150,2.5,4.4,4,1,4,25,0,1,0,2,2,100,0,2,2,1,1,1,0,0,3,1,3,33.3,1,2,50,0,0,0,0,2,2,1,0,0,1,1,4.9,4.0,82,75,7,75,82,-7,1,0,0,0,0,0,0,0,0,0,0,0,0,0,0,0,0,0,0,0,0,0,0,0,0,0,0,0,0,0,0,0,0
HHS Reading Rockets EABL,"Can Okumus, James Waterhouse, Luca Bakary, Malachi Hassan-Taylor, Matthew Daines",Oaklands Wolves EABL,"Daniel Kostadinov, Dylan Gladstone, Enzo Da Cruz Fatuda, Huxley Morrell, Liam Mcintosh",1,141,2.4,4.4,2,1,4,25,0,1,0,0,0,0,0,2,2,0,0,1,1,1,4,1,3,33.3,0,1,0,2,2,100,0,2,2,1,0,0,0,0,5.0,3.9,40,103.1,-63.1,103.1,40,63.1,-2,0,0,0,0,0,0,0,0,0,0,0,0,0,0,0,0,0,0,0,0,0,0,0,0,0,0,0,0,0,0,0,0
HHS Reading Rockets EABL,"Ethan Harrington, James Waterhouse, Luca Bakary, Malachi Hassan-Taylor, Matthew Daines",Oaklands Wolves EABL,"Daniel Kostadinov, Dylan Gladstone, Enzo Da Cruz Fatuda, Huxley Morrell, Tristan Mcintosh",1,128,2.1,4.4,4,2,6,33.3,0,1,0,0,0,0,2,3,5,1,0,1,0,0,0,0,4,0,0,3,0,0,0,0,0,2,2,0,0,0,1,0,3.9,5.0,103.6,0,103.6,0,103.6,-103.6,4,0,0,0,0,0,0,0,0,0,0,0,0,0,0,0,0,0,0,0,0,0,0,0,0,0,0,0,0,0,0,0,0
Itchen College EABL,"Dawid Cimochowski, Elijah Lotriet, Ethan Round, Jakub Ofman, Richard Radu",Barking Abbey EABL,"Alaxanda Nwabueze, Joshua Mendes, Kervy Mabaya, Micael Filho, Raphael Connolly",1,97,1.6,4.4,2,1,2,50,0,0,0,0,0,0,0,1,1,1,1,0,3,2,2,0,1,0,0,0,0,2,2,100,0,1,1,0,2,0,2,0,5.0,3.9,40,51.5,-11.5,51.5,40,11.5,0,0,0,0,0,0,0,0,0,0,0,0,0,0,0,0,0,0,0,0,0,0,0,0,0,0,0,0,0,0,0,0,0
Oaklands Wolves EABL,"Daniel Kostadinov, Dylan Gladstone, Enzo Da Cruz Fatuda, Gavin Mitchell, Liam Mcintosh",City of London Academy - Southwark EABL,"Andrew Nwokolo, Bilal Olowoshile, Jacob Hannick, Ruben Cryer, Sharmake Shirwac",1,168,2.8,4.4,3,1,5,20,1,4,25,0,0,0,2,1,3,1,1,0,1,0,7,3,5,60,1,3,33.3,0,0,0,1,2,3,3,1,0,1,0,3.9,4.9,77.7,142,-64.3,142,77.7,64.3,-4,0,0,0,0,0,0,0,0,0,0,0,0,0,0,0,0,0,0,0,0,0,0,0,0,0,0,0,0,0,0,0,0
Oaklands Wolves EABL,"Daniel Kostadinov, Enzo Da Cruz Fatuda, Ethan Ryan, Gavin Mitchell, Liam Mcintosh",City of London Academy - Southwark EABL,"Dante Patel, David Banjoko, Louis Thompson, Rafi Testfay, Toby Gass",1,128,2.1,4.4,3,1,2,50,0,1,0,1,2,50,0,1,1,0,1,0,1,0,5,2,4,50,1,2,50,0,0,0,0,1,1,2,1,0,1,2,3.9,5.0,77.3,100,-22.7,100,77.3,22.7,-2,0,0,0,0,0,0,0,0,0,0,0,0,0,0,0,0,0,0,0,0,0,0,0,0,0,0,0,0,0,0,0,0
Charnwood College Riders EABL,"Asa Oyerinde, Rudy Buckingham, Tom Pearson, Tristan Curran, Zavier Gleadell-Smith",BMET City of Birmingham Rockets EABL,"George Angoy, Jonathan Agbeze, Jude Hyland, Larry Duru, Philip Basioudis",1,123,2.0,4.4,0,0,5,0,0,0,0,0,0,0,1,2,3,0,0,0,0,1,5,2,5,40,0,1,0,1,2,50,1,4,5,2,0,1,0,2,3.9,4.8,0,104,-104,104,0,104,-5,0,0,0,0,0,0,0,0,0,0,0,0,0,0,0,0,0,0,0,0,0,0,0,0,0,0,0,0,0,0,0,0
Myerscough College EABL,"Cesar Sanchez Falette, Jakub Bobkowski, Olivier Esingle, Sayomi Latidan, Zach Trezvant",Derby College Trailblazers EABL,"Casey Burr, Elias Norman, George Pastor, Julian Lemanski, William Tallon",1,108,1.8,4.4,5,2,3,66.7,1,2,50,0,0,0,0,2,2,2,0,1,1,2,2,0,2,0,0,0,0,2,4,50,0,1,1,0,0,0,1,2,4.0,4.8,125,42,83,42,125,-83,3,0,0,0,0,0,0,0,0,0,0,0,0,0,0,0,0,0,0,0,0,0,0,0,0,0,0,0,0,0,0,0,0
Manchester Magic Academy EABL,"Abraham Isiorho, Jack Odongo, Jack Walton, Lewis Clayton, Oluwademilade Babalola",Oaklands Wolves EABL,"Daniel Kostadinov, Enzo Da Cruz Fatuda, Gavin Mitchell, Huxley Morrell, Liam Mcintosh",1,158,2.6,4.4,4,2,5,40,0,0,0,0,2,0,1,2,3,2,0,0,0,0,2,1,6,16.7,0,2,0,0,0,0,3,3,6,0,0,1,1,1,5.1,3.8,78.8,52.8,26,52.8,78.8,-26,2,0,0,0,0,0,0,0,0,0,0,0,0,0,0,0,0,0,0,0,0,0,0,0,0,0,0,0,0,0,0,0,0
Charnwood College Riders EABL,"Lewis Stevenson, Luca Boothe, Rudy Buckingham, Tristan Curran, Zavier Gleadell-Smith",Myerscough College EABL,"Harry Sheehan, Junior Sanchez, Olivier Esingle, Solomi Laditan, Zach Trezvant",1,158,2.6,4.3,7,2,2,100,0,0,0,3,4,75,0,1,1,1,0,0,1,0,6,3,6,50,0,0,0,0,0,0,2,1,3,2,0,0,0,3,4.8,3.9,147.1,155.4,-8.4,155.4,147.1,8.4,1,0,0,0,0,0,0,0,0,0,0,0,0,0,0,0,0,0,0,0,0,0,0,0,0,0,0,0,0,0,0,0,0
City of London Academy - Southwark EABL,"Andrew Nwokolo, Bilal Olowoshile, Dante Patel, David Banjoko, Ruben Nunn",Oaklands Wolves EABL,"Daniel Kostadinov, Dylan Gladstone, Enzo Da Cruz Fatuda, Gavin Mitchell, Huxley Morrell",1,164,2.7,4.3,7,3,5,60,1,2,50,0,0,0,1,2,3,3,0,0,1,0,2,1,5,20,0,1,0,0,0,0,1,1,2,0,0,0,0,0,4.9,3.6,142,56,86,56,142,-86,5,0,0,0,0,0,0,0,0,0,0,0,0,0,0,0,0,0,0,0,0,0,0,0,0,0,0,0,0,0,0,0,0
Copleston High School EABL,"Harry Hodgson, Isaac Little, Mason Wells, Matthew Liddamore, Noah Wilkinson",Itchen College EABL,"George Andrews, Marley Edwards, Reuel Matthias, Richard Radu, Thomas Blower",1,85,1.4,4.3,2,1,3,33.3,0,1,0,0,0,0,1,0,1,0,1,0,3,3,4,1,1,100,0,0,0,2,4,50,0,1,1,0,2,0,1,0,4.9,3.8,40.6,106.4,-65.8,106.4,40.6,65.8,-2,0,0,0,0,0,0,0,0,0,0,0,0,0,0,0,0,0,0,0,0,0,0,0,0,0,0,0,0,0,0,0,0
Charnwood College Riders EABL,"Asa Oyerinde, Luca Boothe, Pharrell Kattah, Rudy Buckingham, Tristan Curran",Derby College Trailblazers EABL,"Casey Burr, George Pastor, Jarom Howlett, Julian Lemanski, Liyo Ngomti",1,119,2.0,4.3,7,1,3,33.3,1,1,100,4,4,100,0,0,0,1,1,0,0,0,4,2,4,50,0,1,0,0,0,0,2,1,3,0,0,0,2,1,4.8,3.9,147.1,103.6,43.4,103.6,147.1,-43.4,3,0,0,0,0,0,0,0,0,0,0,0,0,0,0,0,0,0,0,0,0,0,0,0,0,0,0,0,0,0,0,0,0
Oaklands Wolves EABL,"Dylan Gladstone, Gavin Mitchell, Huxley Morrell, Liam Mcintosh, Tristan Mcintosh",HHS Reading Rockets EABL,"A. King, Can Okumus, Ethan Harrington, Joseph Mackinnon, Malachi Hassan-Taylor",1,93,1.6,4.3,6,2,4,50,0,0,0,2,2,100,1,2,3,1,1,1,0,0,5,2,6,33.3,1,3,33.3,0,0,0,2,1,3,1,0,0,1,1,3.8,4.9,157.5,102.9,54.6,102.9,157.5,-54.6,1,0,0,0,0,0,0,0,0,0,0,0,0,0,0,0,0,0,0,0,0,0,0,0,0,0,0,0,0,0,0,0,0
Myerscough College EABL,"Ayo Ibirinde, Harry Sheehan, Layjuan Farrell, Olivier Esingle, Salomi Latidan",Charnwood College Riders EABL,"Luca Boothe, Pharrell Kattah, Rudy Buckingham, Tristan Curran, Zavier Gleadell-Smith",1,92,1.5,4.3,5,2,4,50,1,1,100,0,0,0,2,1,3,1,0,0,2,2,7,1,2,50,1,2,50,4,4,100,0,0,0,1,1,1,1,0,3.9,4.8,129.5,147.1,-17.5,147.1,129.5,17.5,-2,0,0,0,0,0,0,0,0,0,0,0,0,0,0,0,0,0,0,0,0,0,0,0,0,0,0,0,0,0,0,0,0
Copleston High School EABL,"Callum Fobister, Isaac Carty-Peters, Isaac Little, Matthew Liddamore, Timothy Rafiu",City of London Academy - Southwark EABL,"Alex Morentin, Daniel Banjoko, Dante Patel, David Banjoko, Sharmake Shirwac",1,114,1.9,4.3,4,2,7,28.6,0,4,0,0,0,0,3,0,3,0,0,0,1,1,4,1,1,100,0,0,0,2,2,100,0,2,2,1,1,0,2,1,4.8,3.9,83.5,103.1,-19.6,103.1,83.5,19.6,0,0,0,0,0,0,0,0,0,0,0,0,0,0,0,0,0,0,0,0,0,0,0,0,0,0,0,0,0,0,0,0,0
HHS Reading Rockets EABL,"Ethan Harrington, James Waterhouse, Lazure Francis, Malachi Hassan-Taylor, Matthew Daines",Copleston High School EABL,"Callum Fobister, Isaac Little, Matthew Liddamore, Noah Wilkinson, Timothy Rafiu",1,116,1.9,4.3,2,1,5,20,0,4,0,0,1,0,2,1,3,1,0,0,0,1,4,1,3,33.3,0,2,0,2,2,100,0,3,3,0,0,0,1,1,3.7,4.9,53.6,82,-28.3,82,53.6,28.3,-2,0,0,0,0,0,0,0,0,0,0,0,0,0,0,0,0,0,0,0,0,0,0,0,0,0,0,0,0,0,0,0,0
Charnwood College Riders EABL,"Fahad Saeed, Luca Boothe, Pharrell Kattah, Tristan Curran, Zavier Gleadell-Smith",Oaklands Wolves EABL,"Daniel Kostadinov, Dylan Gladstone, Enzo Da Cruz Fatuda, Gavin Mitchell, Liam Mcintosh",1,160,2.7,4.3,4,2,5,40,0,1,0,0,0,0,2,3,5,1,0,2,2,0,5,2,7,28.6,1,3,33.3,0,0,0,2,0,2,0,1,0,0,1,3.8,4.9,105.5,102.9,2.7,102.9,105.5,-2.7,-1,0,0,0,0,0,0,0,0,0,0,0,0,0,0,0,0,0,0,0,0,0,0,0,0,0,0,0,0,0,0,0,0
Charnwood College Riders EABL,"Fahad Saeed, Pharrell Kattah, Tom Pearson, Tristan Curran, Zavier Gleadell-Smith",Oaklands Wolves EABL,"Dylan Gladstone, Gavin Mitchell, Huxley Morrell, Liam Mcintosh, Tristan Mcintosh",1,91,1.5,4.3,7,3,5,60,0,1,0,1,1,100,1,0,1,1,1,0,0,2,3,0,0,0,0,0,0,3,3,100,0,1,1,0,0,0,3,1,4.4,4.3,160.2,69.4,90.7,69.4,160.2,-90.7,4,0,0,0,0,0,0,0,0,0,0,0,0,0,0,0,0,0,0,0,0,0,0,0,0,0,0,0,0,0,0,0,0
Manchester Magic Academy EABL,"Jack Odongo, Jack Walton, Lewis Clayton, Nathan Brown, Tiego Weekes",Charnwood College Riders EABL,"Asa Oyerinde, Davin Hanousek, Davincy Stephens, Luca Boothe, Tristan Curran",1,83,1.4,4.2,3,1,3,33.3,0,1,0,1,2,50,0,0,0,1,1,0,0,1,5,2,2,100,0,0,0,1,1,100,0,3,3,0,0,1,2,0,3.9,4.4,77.3,112.6,-35.3,112.6,77.3,35.3,-2,0,0,0,0,0,0,0,0,0,0,0,0,0,0,0,0,0,0,0,0,0,0,0,0,0,0,0,0,0,0,0,0
BMET City of Birmingham Rockets EABL,"George Angoy, Issac Gisbourne, Jude Hyland, Larry Duru, Philip Basioudis",SGS College EABL,"Dylan Lloyd, Imam Toure, Marcos Perez Tosca, Marcos Pospori, Shaquan Nelson",1,116,1.9,4.2,4,2,4,50,0,2,0,0,0,0,0,1,1,1,2,0,0,1,0,0,1,0,0,0,0,0,2,0,1,1,2,0,0,0,3,0,4.0,4.3,100,0,100,0,100,-100,4,0,0,0,0,0,0,0,0,0,0,0,0,0,0,0,0,0,0,0,0,0,0,0,0,0,0,0,0,0,0,0,0
Charnwood College Riders EABL,"Asa Oyerinde, Lewis Stevenson, Rudy Buckingham, Tristan Curran, Zavier Gleadell-Smith",Myerscough College EABL,"Harry Sheehan, Jakub Bobkowski, Junior Sanchez, Olivier Esingle, Zach Trezvant",1,136,2.3,4.2,4,2,4,50,0,0,0,0,0,0,1,0,1,2,0,0,1,2,8,2,5,40,1,1,100,3,4,75,3,1,4,2,1,1,1,0,3.9,4.5,101.8,175.8,-74,175.8,101.8,74,-4,0,0,0,0,0,0,0,0,0,0,0,0,0,0,0,0,0,0,0,0,0,0,0,0,0,0,0,0,0,0,0,0
Derby College Trailblazers EABL,"Elias Norman, Jarom Howlett, Liyo Ngomti, Rohan Hobday, William Tallon",Charnwood College Riders EABL,"Pharrell Kattah, Rudy Buckingham, Tom Pearson, Tristan Curran, Zavier Gleadell-Smith",1,146,2.4,4.2,1,0,3,0,0,0,0,1,1,100,0,1,1,0,0,0,1,3,5,1,2,50,1,1,100,2,2,100,0,3,3,1,1,1,1,0,4.4,3.9,22.5,128.9,-106.3,128.9,22.5,106.3,-4,0,0,0,0,0,0,0,0,0,0,0,0,0,0,0,0,0,0,0,0,0,0,0,0,0,0,0,0,0,0,0,0
BMET City of Birmingham Rockets EABL,"Jonathan Agbeze, Jude Hyland, Larry Duru, Patrick Walsh, Philip Basioudis",Charnwood College Riders EABL,"Davin Hanousek, Pharrell Kattah, Rudy Buckingham, Tristan Curran, Zavier Gleadell-Smith",1,120,2.0,4.2,5,2,6,33.3,1,3,33.3,0,0,0,2,0,2,1,0,1,0,0,10,4,8,50,1,2,50,1,2,50,4,2,6,1,0,0,0,3,3.9,4.6,129.5,217.4,-87.9,217.4,129.5,87.9,-5,0,0,0,0,0,0,0,0,0,0,0,0,0,0,0,0,0,0,0,0,0,0,0,0,0,0,0,0,0,0,0,0
Manchester Magic Academy EABL,"Harley Blake, Jack Walton, Nathan Brown, Oluwademilade Babalola, Tarique Kamal Kazmi",SGS College EABL,"Antoine Bennett, Dylan Lloyd, Kevin Ramirez Mora, Marcos Perez Tosca, Shaquan Nelson",1,146,2.4,4.2,6,3,4,75,0,0,0,0,0,0,0,1,1,2,1,1,0,0,4,2,5,40,0,1,0,0,0,0,1,1,2,0,0,0,1,0,4.0,4.4,150,91,59,91,150,-59,2,0,0,0,0,0,0,0,0,0,0,0,0,0,0,0,0,0,0,0,0,0,0,0,0,0,0,0,0,0,0,0,0
Itchen College EABL,"Benjamin Cope, Ethan Round, Jakub Ofman, Mason Yeates, Richard Radu",Barking Abbey EABL,"Alaxanda Nwabueze, Amari Maitland, Joshua Mendes, Kervy Mabaya, Micael Filho",1,115,1.9,4.2,0,0,3,0,0,2,0,0,0,0,0,1,1,0,1,0,1,0,4,2,3,66.7,0,1,0,0,2,0,1,3,4,2,1,0,1,0,4.0,4.3,0,92.1,-92.1,92.1,0,92.1,-4,0,0,0,0,0,0,0,0,0,0,0,0,0,0,0,0,0,0,0,0,0,0,0,0,0,0,0,0,0,0,0,0
Derby College Trailblazers EABL,"Casey Burr, Elias Norman, Elias Rice, Rohan Hobday, William Tallon",SGS College EABL,"Dylan Lloyd, Imam Toure, Kevin Ramirez Mora, Marcos Perez Tosca, Martin Alburo",1,122,2.0,4.2,3,1,4,25,0,1,0,1,1,100,1,1,2,0,1,0,1,1,3,1,3,33.3,1,2,50,0,0,0,0,2,2,1,1,0,1,0,4.4,4.0,68.6,75,-6.4,75,68.6,6.4,0,0,0,0,0,0,0,0,0,0,0,0,0,0,0,0,0,0,0,0,0,0,0,0,0,0,0,0,0,0,0,0,0
Myerscough College EABL,"Fin Morgan, Jakub Bobkowski, Olivier Esingle, Sayomi Latidan, Zach Trezvant",Barking Abbey EABL,"Kervy Mabaya, Micael Filho, Oskaras Visockas, Raphael Connolly, Solomon Dobson Smith",1,120,2.0,4.2,5,2,5,40,0,2,0,1,1,100,1,3,4,1,0,0,0,0,3,1,5,20,1,2,50,0,0,0,1,2,3,1,0,0,0,1,4.4,3.9,114.4,76.3,38.1,76.3,114.4,-38.1,2,0,0,0,0,0,0,0,0,0,0,0,0,0,0,0,0,0,0,0,0,0,0,0,0,0,0,0,0,0,0,0,0
BMET City of Birmingham Rockets EABL,"Abdou Camara, George Angoy, Jonathan Agbeze, Jude Hyland, Philip Basioudis",Copleston High School EABL,"Callum Fobister, Grant Millar, Matthew Liddamore, Noah Wilkinson, Timothy Rafiu",1,192,3.2,4.2,6,2,8,25,2,5,40,0,0,0,4,0,4,2,0,0,1,1,12,4,8,50,4,7,57.1,0,0,0,3,2,5,4,1,0,0,0,4.7,3.7,127.1,322.6,-195.5,322.6,127.1,195.5,-6,0,0,0,0,0,0,0,0,0,0,0,0,0,0,0,0,0,0,0,0,0,0,0,0,0,0,0,0,0,0,0,0
BMET City of Birmingham Rockets EABL,"Billy Rose, George Angoy, Jude Hyland, Larry Duru, Philip Basioudis",Copleston High School EABL,"Callum Fobister, Elijah Tamakloe, Isaac Little, Matthew Liddamore, Noah Wilkinson",1,96,1.6,4.2,5,2,5,40,1,1,100,0,0,0,0,1,1,2,0,0,0,1,6,2,3,66.7,2,3,66.7,0,2,0,1,2,3,1,0,1,0,0,5.0,3.3,100,179.4,-79.4,179.4,100,79.4,-1,0,0,0,0,0,0,0,0,0,0,0,0,0,0,0,0,0,0,0,0,0,0,0,0,0,0,0,0,0,0,0,0
Manchester Magic Academy EABL,"Abraham Isiorho, Jack Walton, Lewis Clayton, Oluwademilade Babalola, Tom Richardson",Myerscough College EABL,"Cesar Sanchez Falette, Harry Sheehan, Olivier Esingle, Salomi Laditan, Zach Trezvant",1,106,1.8,4.2,5,2,4,50,0,0,0,1,1,100,2,0,2,1,1,1,2,0,4,2,3,66.7,0,0,0,0,0,0,0,0,0,1,1,0,1,2,4.3,4.0,116.3,100,16.3,100,116.3,-16.3,1,0,0,0,0,0,0,0,0,0,0,0,0,0,0,0,0,0,0,0,0,0,0,0,0,0,0,0,0,0,0,0,0
BMET City of Birmingham Rockets EABL,"Abdou Camara, Billy Rose, J. Agbeze, Larry Duru, Patrick Walsh",SGS College EABL,"Abubakar Odowa, Dylan Lloyd, Kayden Richards, Marcos Pospori, Martin Alburo",1,122,2.0,4.1,4,2,5,40,0,0,0,0,0,0,2,2,4,1,0,0,1,0,4,2,7,28.6,0,5,0,0,0,0,2,1,3,2,1,0,0,0,3.9,4.3,103.6,92.5,11.1,92.5,103.6,-11.1,0,0,0,0,0,0,0,0,0,0,0,0,0,0,0,0,0,0,0,0,0,0,0,0,0,0,0,0,0,0,0,0,0
Myerscough College EABL,"Harry Sheehan, Jakub Bobkowski, Olivier Esingle, Sayomi Latidan, Zach Trezvant",Manchester Magic Academy EABL,"David Allotey, Jack Walton, Oluwademilade Babalola, Samy Sidi-Boumedine, Tarique Kamal Kazmi",1,186,3.1,4.1,5,1,3,33.3,1,2,50,2,2,100,1,1,2,2,1,0,1,0,5,2,5,40,1,2,50,0,0,0,1,0,1,0,1,0,2,1,2.7,5.4,182.5,92.7,89.8,92.7,182.5,-89.8,0,0,0,0,0,0,0,0,0,0,0,0,0,0,0,0,0,0,0,0,0,0,0,0,0,0,0,0,0,0,0,0,0
Charnwood College Riders EABL,"Davin Hanousek, Davincy Stephens, Lewis Stevenson, Luca Boothe, Zavier Gleadell-Smith",Myerscough College EABL,"Ayo Ibirinde, Blake Gordon, Harry Sheehan, Jakub Bobkowski, Sayomi Laditan",1,106,1.8,4.1,4,1,2,50,1,1,100,1,2,50,0,1,1,1,0,0,1,2,6,2,4,50,0,2,0,2,3,66.7,1,0,1,1,0,0,0,1,3.9,4.2,103.1,141.2,-38.1,141.2,103.1,38.1,-2,0,0,0,0,0,0,0,0,0,0,0,0,0,0,0,0,0,0,0,0,0,0,0,0,0,0,0,0,0,0,0,0
Oaklands Wolves EABL,"Daniel Kostadinov, Enzo Da Cruz Fatuda, Ethan Ryan, Gavin Mitchell, Huxley Morrell",Barking Abbey EABL,"Amari Maitland, Joshua Mendes, Kervy Mabaya, Micael Filho, Raphael Connolly",1,97,1.6,4.1,7,2,3,66.7,0,0,0,3,3,100,0,1,1,2,0,0,0,0,6,3,5,60,0,0,0,0,0,0,1,1,2,2,0,0,0,0,4.3,3.9,162,152.7,9.4,152.7,162,-9.4,1,0,0,0,0,0,0,0,0,0,0,0,0,0,0,0,0,0,0,0,0,0,0,0,0,0,0,0,0,0,0,0,0
Itchen College EABL,"Benjamin Cope, Ethan Round, Javen Osei-Owusu, Mason Yeates, Reuel Matthias",City of London Academy - Southwark EABL,"Andrew Nwokolo, Daniel Banjoko, Nyakeh Senessie, Rafi Testfay, Toby Gass",1,129,2.1,4.1,5,2,6,33.3,0,2,0,1,1,100,2,1,3,1,0,0,0,0,5,2,2,100,0,0,0,1,2,50,0,2,2,1,0,0,1,1,4.3,3.9,116.3,128.9,-12.6,128.9,116.3,12.6,0,0,0,0,0,0,0,0,0,0,0,0,0,0,0,0,0,0,0,0,0,0,0,0,0,0,0,0,0,0,0,0,0
SGS College EABL,"Dylan Lloyd, Imam Toure, Kevin Ramirez Mora, Marcos Perez Tosca, Ryan Cabrera",Manchester Magic Academy EABL,"Allan Adetula, Jack Walton, Oluwademilade Babalola, Tarique Kamal Kazmi, Tom Richardson",1,98,1.6,4.1,3,1,2,50,1,2,50,0,0,0,0,3,3,1,0,0,2,1,1,0,2,0,0,2,0,1,4,25,1,1,2,0,1,0,1,0,4.0,4.2,75,23.7,51.3,23.7,75,-51.3,2,0,0,0,0,0,0,0,0,0,0,0,0,0,0,0,0,0,0,0,0,0,0,0,0,0,0,0,0,0,0,0,0
HHS Reading Rockets EABL,"Aydan Moloney, Can Okumus, Ethan Harrington, Joseph Mackinnon, Matthew Daines",Itchen College EABL,"Benjamin Cope, Dawid Cimochowski, Javen Osei-Owusu, Richard Radu, Thomas Blower",1,129,2.1,4.1,2,1,3,33.3,0,1,0,0,2,0,0,1,1,1,0,0,0,1,5,2,3,66.7,0,0,0,1,2,50,1,3,4,0,0,0,1,1,3.9,4.3,51.5,115.1,-63.5,115.1,51.5,63.5,-3,0,0,0,0,0,0,0,0,0,0,0,0,0,0,0,0,0,0,0,0,0,0,0,0,0,0,0,0,0,0,0,0
Manchester Magic Academy EABL,"Abraham Isiorho, Harley Blake, Jack Walton, Lewis Clayton, Oluwademilade Babalola",Itchen College EABL,"Benjamin Cope, Ethan Round, Javen Osei-Owusu, Marley Edwards, Thomas Blower",1,152,2.5,4.1,8,3,4,75,0,0,0,2,2,100,0,2,2,0,0,0,0,2,2,1,6,16.7,0,2,0,0,0,0,2,1,3,0,0,0,0,1,4.9,3.3,163.9,60.2,103.8,60.2,163.9,-103.8,6,0,0,0,0,0,0,0,0,0,0,0,0,0,0,0,0,0,0,0,0,0,0,0,0,0,0,0,0,0,0,0,0
Manchester Magic Academy EABL,"Jack Odongo, Jack Walton, Lewis Clayton, Nathan Brown, Oluwademilade Babalola",Charnwood College Riders EABL,"Lewis Stevenson, Rudy Buckingham, Stanley Morris, Tom Pearson, Tristan Curran",1,96,1.6,4.0,7,3,3,100,1,1,100,0,0,0,0,0,0,2,1,0,1,0,0,0,2,0,0,2,0,0,0,0,0,0,0,0,0,0,2,2,4.0,4.0,175,0,175,0,175,-175,7,0,0,0,0,0,0,0,0,0,0,0,0,0,0,0,0,0,0,0,0,0,0,0,0,0,0,0,0,0,0,0,0
Manchester Magic Academy EABL,"Jack Odongo, Jack Walton, Lewis Clayton, Nathan Brown, Oluwademilade Babalola",Charnwood College Riders EABL,"Fahad Saeed, Luca Boothe, Rudy Buckingham, Tom Pearson, Tristan Curran",1,71,1.2,4.0,6,3,3,100,0,0,0,0,0,0,0,0,0,2,4,0,1,0,0,0,0,0,0,0,0,0,0,0,0,0,0,0,0,0,4,1,4.0,4.0,150,0,150,0,150,-150,6,0,0,0,0,0,0,0,0,0,0,0,0,0,0,0,0,0,0,0,0,0,0,0,0,0,0,0,0,0,0,0,0
Manchester Magic Academy EABL,"Harley Blake, Jack Odongo, Nathan Brown, Oluwademilade Babalola, Samy Sidi-Boumedine",Charnwood College Riders EABL,"Asa Oyerinde, Pharrell Kattah, Rudy Buckingham, Tom Pearson, Tristan Curran",1,123,2.0,4.0,7,3,4,75,1,2,50,0,0,0,0,2,2,2,0,0,0,1,3,1,3,33.3,1,3,33.3,0,0,0,0,0,0,1,0,0,1,0,4.0,4.0,175,75,100,75,175,-100,4,0,0,0,0,0,0,0,0,0,0,0,0,0,0,0,0,0,0,0,0,0,0,0,0,0,0,0,0,0,0,0,0
SGS College EABL,"Abubakar Odowa, Imam Toure, Kevin Ramirez Mora, Marcos Perez Tosca, Shaquan Nelson",Myerscough College EABL,"Aboyomi Aiyedun, Ashton Scott, Fin Morgan, Layjuan Farrell, Sayomi Latidan",1,79,1.3,4.0,6,3,5,60,0,0,0,0,0,0,1,3,4,2,0,2,0,0,0,0,4,0,0,1,0,0,0,0,0,1,1,0,0,0,0,0,3.9,4.0,152.7,0,152.7,0,152.7,-152.7,6,0,0,0,0,0,0,0,0,0,0,0,0,0,0,0,0,0,0,0,0,0,0,0,0,0,0,0,0,0,0,0,0
Barking Abbey EABL,"Amari Maitland, Joshua Mendes, Kervy Mabaya, Micael Filho, Raphael Connolly",HHS Reading Rockets EABL,"Lazure Franicis, Luca Bakary, Malachi Hassan-Taylor, Matthew Daines, Nicholas Dent",1,121,2.0,4.0,6,3,4,75,0,0,0,0,0,0,0,1,1,2,2,0,0,0,3,1,3,33.3,1,2,50,0,0,0,1,1,2,0,0,1,2,1,4.0,3.9,150,76.3,73.7,76.3,150,-73.7,3,0,0,0,0,0,0,0,0,0,0,0,0,0,0,0,0,0,0,0,0,0,0,0,0,0,0,0,0,0,0,0,0
Itchen College EABL,"Benjamin Cope, Elijah Lotriet, Ethan Round, Jakub Ofman, Leo Diala-Bevan",Copleston High School EABL,"Angus Hickey, Callum Fobister, Jaziah Mussington, Matthew Liddamore, Timothy Rafiu",1,96,1.6,4.0,5,2,2,100,1,1,100,0,0,0,0,0,0,2,1,0,3,0,5,2,2,100,1,1,100,0,0,0,0,0,0,2,0,0,1,2,5.0,3.0,100,166.7,-66.7,166.7,100,66.7,0,0,0,0,0,0,0,0,0,0,0,0,0,0,0,0,0,0,0,0,0,0,0,0,0,0,0,0,0,0,0,0,0
City of London Academy - Southwark EABL,"Andrew Nwokolo, Daniel Banjoko, David Banjoko, Rafi Testfay, Toby Gass",Barking Abbey EABL,"Amari Maitland, Joshua Mendes, Micael Filho, Raphael Connolly, Solomon Dobson Smith",1,147,2.5,4.0,2,1,1,100,0,0,0,0,0,0,0,2,2,1,0,0,3,0,2,1,3,33.3,0,0,0,0,0,0,0,0,0,0,0,0,1,1,4.0,4.0,50,50,0,50,50,0,0,0,0,0,0,0,0,0,0,0,0,0,0,0,0,0,0,0,0,0,0,0,0,0,0,0,0,0,0,0,0,0,0
Copleston High School EABL,"Callum Fobister, Grant Millar, Isaac Carty-Peters, Matthew Liddamore, Noah Wilkinson",Barking Abbey EABL,"Henry Mclauchlan, Joshua Mendes, Kervy Mabaya, Micael Filho, Oskaras Visockas",1,123,2.0,4.0,3,1,2,50,1,2,50,0,0,0,0,1,1,1,0,0,2,0,4,2,4,50,0,1,0,0,0,0,0,0,0,2,2,0,0,0,4.0,4.0,75,100,-25,100,75,25,-1,0,0,0,0,0,0,0,0,0,0,0,0,0,0,0,0,0,0,0,0,0,0,0,0,0,0,0,0,0,0,0,0
HHS Reading Rockets EABL,"Aydan Moloney, Malachi Hassan-Taylor, Matthew Daines, Nicholas Dent, Saun Ejiofor",City of London Academy - Southwark EABL,"Alex Morentin, Bilal Olowoshile, Nyakeh Senessie, Rafi Testfay, Sharmake Shirwac",1,105,1.8,4.0,5,2,2,100,0,0,0,1,2,50,0,2,2,2,1,1,1,2,1,0,2,0,0,0,0,1,2,50,1,0,1,0,0,0,2,1,3.9,4.2,128.9,24,104.9,24,128.9,-104.9,4,0,0,0,0,0,0,0,0,0,0,0,0,0,0,0,0,0,0,0,0,0,0,0,0,0,0,0,0,0,0,0,0
HHS Reading Rockets EABL,"Aydan Moloney, Joseph Mackinnon, Malachi Hassan-Taylor, Matthew Daines, Saun Ejiofor",City of London Academy - Southwark EABL,"Andrew Nwokolo, Daniel Banjoko, David Banjoko, Rafi Testfay, Toby Gass",1,78,1.3,4.0,0,0,3,0,0,2,0,0,0,0,0,1,1,0,1,0,1,0,4,2,3,66.7,0,0,0,0,0,0,0,3,3,1,0,0,1,0,4.0,4.0,0,100,-100,100,0,100,-4,0,0,0,0,0,0,0,0,0,0,0,0,0,0,0,0,0,0,0,0,0,0,0,0,0,0,0,0,0,0,0,0
HHS Reading Rockets EABL,"James Waterhouse, Malachi Hassan-Taylor, Matthew Daines, Nicholas Dent, Saun Ejiofor",City of London Academy - Southwark EABL,"Andrew Nwokolo, Daniel Banjoko, Dante Patel, David Banjoko, Toby Gass",1,119,2.0,4.0,2,1,5,20,0,1,0,0,0,0,1,0,1,0,0,0,0,1,6,3,3,100,0,0,0,0,0,0,0,3,3,2,0,0,1,0,3.9,4.0,50.9,150,-99.1,150,50.9,99.1,-4,0,0,0,0,0,0,0,0,0,0,0,0,0,0,0,0,0,0,0,0,0,0,0,0,0,0,0,0,0,0,0,0
Copleston High School EABL,"Callum Fobister, Isaac Carty-Peters, Isaac Little, Matthew Liddamore, Timothy Rafiu",HHS Reading Rockets EABL,"Lazure Franicis, Luca Bakary, Malachi Hassan-Taylor, Matthew Daines, Nicholas Dent",1,102,1.7,4.0,0,0,1,0,0,1,0,0,0,0,0,1,1,0,1,0,3,0,5,2,3,66.7,1,2,50,0,0,0,0,1,1,1,2,0,1,1,4.0,4.0,0,125,-125,125,0,125,-5,0,0,0,0,0,0,0,0,0,0,0,0,0,0,0,0,0,0,0,0,0,0,0,0,0,0,0,0,0,0,0,0
Charnwood College Riders EABL,"Fahad Saeed, Luca Boothe, Rudy Buckingham, Tristan Curran, Zavier Gleadell-Smith",Myerscough College EABL,"Harry Sheehan, Junior Sanchez, Olivier Esingle, Solomi Laditan, Zach Trezvant",1,116,1.9,4.0,7,3,3,100,1,1,100,0,0,0,0,0,0,1,1,0,1,1,6,3,3,100,0,0,0,0,0,0,0,0,0,2,0,0,1,0,4.0,4.0,175,150,25,150,175,-25,1,0,0,0,0,0,0,0,0,0,0,0,0,0,0,0,0,0,0,0,0,0,0,0,0,0,0,0,0,0,0,0,0
Charnwood College Riders EABL,"Asa Oyerinde, Lewis Stevenson, Luca Boothe, Tristan Curran, Zavier Gleadell-Smith",Myerscough College EABL,"Ayo Ibirinde, Blake Gordon, Harry Sheehan, Jakub Bobkowski, Junior Sanchez",1,121,2.0,4.0,2,1,4,25,0,2,0,0,0,0,1,2,3,1,0,0,1,0,0,0,3,0,0,2,0,0,0,0,0,2,2,0,1,0,1,0,3.9,4.0,50.9,0,50.9,0,50.9,-50.9,2,0,0,0,0,0,0,0,0,0,0,0,0,0,0,0,0,0,0,0,0,0,0,0,0,0,0,0,0,0,0,0,0
City of London Academy - Southwark EABL,"Andrew Nwokolo, Bilal Olowoshile, Daniel Banjoko, Dante Patel, David Banjoko",Oaklands Wolves EABL,"Daniel Kostadinov, Enzo Da Cruz Fatuda, Gavin Mitchell, Huxley Morrell, Zac Gribble",1,136,2.3,4.0,0,0,3,0,0,1,0,0,0,0,0,2,2,0,1,0,1,0,0,0,2,0,0,0,0,0,0,0,0,3,3,0,1,0,2,0,4.0,4.0,0,0,0,0,0,0,0,0,0,0,0,0,0,0,0,0,0,0,0,0,0,0,0,0,0,0,0,0,0,0,0,0,0,0,0,0,0,0,0
Derby College Trailblazers EABL,"Casey Burr, Elias Rice, Julian Lemanski, Kaleel Otaye, William Tallon",Myerscough College EABL,"Cesar Sanchez Falette, Harry Sheehan, Olivier Esingle, Salomi Latidan, Zach Trezvant",1,97,1.6,4.0,0,0,1,0,0,1,0,0,0,0,0,2,2,0,0,0,3,0,4,2,4,50,0,2,0,0,0,0,0,1,1,1,2,0,0,0,4.0,4.0,0,100,-100,100,0,100,-4,0,0,0,0,0,0,0,0,0,0,0,0,0,0,0,0,0,0,0,0,0,0,0,0,0,0,0,0,0,0,0,0
Manchester Magic Academy EABL,"Abraham Sagay Isiorho, Jack Odongo, Jack Walton, Nathan Brown, Oluwademilade Babalola",SGS College EABL,"Antoine Bennett, Dylan Lloyd, Kevin Ramirez Mora, Martin Alburo, Shaquan Nelson",1,43,0.7,4.0,8,4,4,100,0,0,0,0,0,0,0,0,0,3,4,0,0,0,0,0,0,0,0,0,0,0,0,0,0,0,0,0,0,0,4,0,4.0,4.0,200,0,200,0,200,-200,8,0,0,0,0,0,0,0,0,0,0,0,0,0,0,0,0,0,0,0,0,0,0,0,0,0,0,0,0,0,0,0,0
Itchen College EABL,"Dawid Cimochowski, Ethan Round, Marley Edwards, Richard Radu, Thomas Blower",City of London Academy - Southwark EABL,"David Banjoko, Nyakeh Senessie, Rafi Testfay, Ruben Cryer, Toby Gass",1,101,1.7,4.0,0,0,1,0,0,1,0,0,0,0,0,1,1,0,1,0,3,0,4,2,4,50,0,1,0,0,0,0,1,1,2,0,2,0,1,0,4.0,3.9,0,101.8,-101.8,101.8,0,101.8,-4,0,0,0,0,0,0,0,0,0,0,0,0,0,0,0,0,0,0,0,0,0,0,0,0,0,0,0,0,0,0,0,0
SGS College EABL,"Abubakar Odowa, Imam Toure, Kevin Ramirez Mora, Marcos Perez Tosca, Martin Alburo",BMET City of Birmingham Rockets EABL,"Daniel Pittaway, George Angoy, Jude Hyland, Larry Duru, Philip Basioudis",1,109,1.8,4.0,2,1,3,33.3,0,1,0,0,0,0,0,2,2,1,1,0,1,1,3,1,4,25,1,3,33.3,0,0,0,1,1,2,1,0,0,1,1,4.0,3.9,50,76.3,-26.3,76.3,50,26.3,-1,0,0,0,0,0,0,0,0,0,0,0,0,0,0,0,0,0,0,0,0,0,0,0,0,0,0,0,0,0,0,0,0
BMET City of Birmingham Rockets EABL,"Daniel Pittaway, Jonathan Agbeze, Jude Hyland, Larry Duru, Philip Basioudis",Myerscough College EABL,"Fin Morgan, Layjuan Farrell, Olivier Esingle, Sayomi Latidan, Zach Trezvant",1,78,1.3,4.0,3,1,3,33.3,1,1,100,0,0,0,0,0,0,1,0,0,1,0,8,4,5,80,0,0,0,0,0,0,1,2,3,1,1,1,0,0,4.0,3.9,75,203.6,-128.6,203.6,75,128.6,-5,0,0,0,0,0,0,0,0,0,0,0,0,0,0,0,0,0,0,0,0,0,0,0,0,0,0,0,0,0,0,0,0
SGS College EABL,"Dylan Lloyd, Imam Toure, Kevin Ramirez Mora, Martin Alburo, Shaquan Nelson",Charnwood College Riders EABL,"Asa Oyerinde, Lewis Stevenson, Okeri Hambira, Tom Pearson, Zavier Gleadell-Smith",1,110,1.8,4.0,0,0,2,0,0,0,0,0,0,0,0,2,2,0,1,0,2,0,2,1,3,33.3,0,1,0,0,0,0,0,2,2,1,2,0,1,0,4.0,4.0,0,50,-50,50,0,50,-2,0,0,0,0,0,0,0,0,0,0,0,0,0,0,0,0,0,0,0,0,0,0,0,0,0,0,0,0,0,0,0,0
Derby College Trailblazers EABL,"Casey Burr, Elias Norman, George Pastor, Jarom Howlett, Liyo Ngomti",SGS College EABL,"Abubakar Odowa, Imam Toure, Marcos Perez Tosca, Ryan Cabrera, Zion Lawson",1,97,1.6,4.0,4,2,3,66.7,0,0,0,0,0,0,0,1,1,2,1,0,1,0,2,1,3,33.3,0,0,0,0,0,0,1,1,2,1,1,0,2,0,4.0,3.9,100,50.9,49.1,50.9,100,-49.1,2,0,0,0,0,0,0,0,0,0,0,0,0,0,0,0,0,0,0,0,0,0,0,0,0,0,0,0,0,0,0,0,0
Manchester Magic Academy EABL,"Abraham Sagay Isiorho, Jack Walton, Lewis Clayton, Oluwademilade Babalola, Tom Richardson",BMET City of Birmingham Rockets EABL,"Jonathan Agbeze, Jude Hyland, Larry Duru, Philip Basioudis, Simba Chikukwa",1,100,1.7,4.0,10,4,4,100,2,2,100,0,0,0,0,2,2,4,1,0,0,0,0,0,2,0,0,1,0,0,0,0,0,0,0,0,0,0,2,0,4.0,4.0,250,0,250,0,250,-250,10,0,0,0,0,0,0,0,0,0,0,0,0,0,0,0,0,0,0,0,0,0,0,0,0,0,0,0,0,0,0,0,0
SGS College EABL,"Abubakar Odowa, Dylan Lloyd, Imam Toure, Marcos Perez Tosca, Ryan Cabrera",Manchester Magic Academy EABL,"Abraham Sagay Isiorho, Allan Adetula, David Allotey, Jack Walton, Tarique Kamal Kazmi",1,128,2.1,4.0,2,1,4,25,0,0,0,0,0,0,1,2,3,0,1,0,1,0,3,1,3,33.3,1,2,50,0,0,0,0,2,2,1,1,0,1,2,3.9,4.0,50.9,75,-24.1,75,50.9,24.1,-1,0,0,0,0,0,0,0,0,0,0,0,0,0,0,0,0,0,0,0,0,0,0,0,0,0,0,0,0,0,0,0,0
SGS College EABL,"Dylan Lloyd, Imam Toure, Kevin Ramirez Mora, Marcos Perez Tosca, Reuben Roach",Copleston High School EABL,"Callum Fobister, Isaac Little, Matthew Liddamore, Oliver Drane, Timothy Rafiu",1,150,2.5,4.0,5,2,5,40,1,3,33.3,0,0,0,2,2,4,0,0,0,1,0,4,2,8,25,0,2,0,0,0,0,3,1,4,0,0,0,0,0,3.9,4.1,129.5,96.4,33.1,96.4,129.5,-33.1,1,0,0,0,0,0,0,0,0,0,0,0,0,0,0,0,0,0,0,0,0,0,0,0,0,0,0,0,0,0,0,0,0
HHS Reading Rockets EABL,"Can Okumus, James Waterhouse, Luca Bakary, Malachi Hassan-Taylor, Matthew Daines",BMET City of Birmingham Rockets EABL,"Billy Rose, Jonathan Agbeze, Jude Hyland, Larry Duru, Philip Basioudis",1,122,2.0,4.0,6,3,5,60,0,1,0,0,0,0,1,3,4,2,0,1,0,0,2,1,4,25,0,1,0,0,0,0,0,1,1,0,0,0,0,0,3.9,4.0,152.7,50,102.7,50,152.7,-102.7,4,0,0,0,0,0,0,0,0,0,0,0,0,0,0,0,0,0,0,0,0,0,0,0,0,0,0,0,0,0,0,0,0
Manchester Magic Academy EABL,"David Allotey, Harley Blake, Jack Walton, Oluwademilade Babalola, Tarique Kamal Kazmi",Oaklands Wolves EABL,"Dylan Gladstone, Enzo Da Cruz Fatuda, Huxley Morrell, Liam Mcintosh, Stanley Mills",1,132,2.2,4.0,10,4,4,100,2,2,100,0,0,0,0,1,1,3,1,0,0,0,4,2,3,66.7,0,0,0,0,0,0,0,0,0,0,0,0,1,0,4.0,4.0,250,100,150,100,250,-150,6,0,0,0,0,0,0,0,0,0,0,0,0,0,0,0,0,0,0,0,0,0,0,0,0,0,0,0,0,0,0,0,0
HHS Reading Rockets EABL,"Can Okumus, Ethan Harrington, Luca Bakary, Malachi Hassan-Taylor, Matthew Daines",SGS College EABL,"Imam Toure, Luka Matthews, Marcos Perez Tosca, Martin Alburo, Zion Lawson",1,101,1.7,4.0,2,1,4,25,0,3,0,0,0,0,0,1,1,1,1,0,0,0,5,2,3,66.7,1,1,100,0,0,0,0,3,3,1,0,0,1,1,4.0,4.0,50,125,-75,125,50,75,-3,0,0,0,0,0,0,0,0,0,0,0,0,0,0,0,0,0,0,0,0,0,0,0,0,0,0,0,0,0,0,0,0
BMET City of Birmingham Rockets EABL,"George Angoy, Issac Gisbourne, Jude Hyland, Larry Duru, Patrick Walsh",Derby College Trailblazers EABL,"Casey Burr, Elias Norman, Julian Lemanski, Liyo Ngomti, Matheo Smith-Fjordland",1,81,1.4,3.9,2,1,2,50,0,0,0,0,0,0,1,2,3,0,0,0,3,0,2,1,4,25,0,0,0,0,0,0,1,0,1,0,2,0,1,0,3.9,3.9,50.9,50.9,0,50.9,50.9,0,0,0,0,0,0,0,0,0,0,0,0,0,0,0,0,0,0,0,0,0,0,0,0,0,0,0,0,0,0,0,0,0,0
Manchester Magic Academy EABL,"Jack Odongo, Jack Walton, Nathan Brown, Oluwademilade Babalola, Samy Sidi-Boumedine",Charnwood College Riders EABL,"Davin Hanousek, Luca Boothe, Stanley Morris, Tom Pearson, Tristan Curran",1,115,1.9,3.9,0,0,2,0,0,0,0,0,2,0,0,2,2,0,0,0,1,0,0,0,3,0,0,3,0,0,0,0,1,3,4,0,1,0,2,1,3.9,3.9,0,0,0,0,0,0,0,0,0,0,0,0,0,0,0,0,0,0,0,0,0,0,0,0,0,0,0,0,0,0,0,0,0,0,0,0,0,0,0
City of London Academy - Southwark EABL,"Daniel Banjoko, Dante Patel, Nyakeh Senessie, Riley Nunn, Toby Gass",Itchen College EABL,"Benjamin Cope, Ethan Round, Javen Osei-Owusu, Mason Yeates, Thomas Blower",1,113,1.9,3.9,0,0,3,0,0,0,0,0,0,0,1,2,3,0,0,0,1,2,3,1,4,25,0,1,0,1,2,50,1,2,3,1,0,0,1,0,2.9,4.8,0,62.4,-62.4,62.4,0,62.4,-3,0,0,0,0,0,0,0,0,0,0,0,0,0,0,0,0,0,0,0,0,0,0,0,0,0,0,0,0,0,0,0,0
Itchen College EABL,"Benjamin Cope, Dawid Cimochowski, Elijah Lotriet, Ethan Round, Jakub Ofman",Copleston High School EABL,"Jaziah Mussington, Mason Wells, Matthew Liddamore, Noah Wilkinson, Timothy Rafiu",1,162,2.7,3.9,8,3,3,100,1,1,100,1,2,50,0,1,1,2,1,0,0,0,5,2,5,40,1,3,33.3,0,0,0,2,1,3,1,0,0,1,2,3.9,3.9,206.2,129.5,76.7,129.5,206.2,-76.7,3,0,0,0,0,0,0,0,0,0,0,0,0,0,0,0,0,0,0,0,0,0,0,0,0,0,0,0,0,0,0,0,0
Myerscough College EABL,"Fin Morgan, Harry Sheehan, Nate Byfield, Olivier Esingle, Sayomi Latidan",Manchester Magic Academy EABL,"Harley Blake, Jack Walton, Oluwademilade Babalola, Samy Sidi-Boumedine, Tarique Kamal Kazmi",1,130,2.2,3.9,0,0,4,0,0,1,0,0,0,0,2,1,3,0,0,0,1,0,9,3,4,75,1,1,100,2,2,100,0,2,2,3,1,0,0,1,2.9,4.9,0,184.4,-184.4,184.4,0,184.4,-9,0,0,0,0,0,0,0,0,0,0,0,0,0,0,0,0,0,0,0,0,0,0,0,0,0,0,0,0,0,0,0,0
City of London Academy - Southwark EABL,"Daniel Banjoko, Dante Patel, Rafi Testfay, Sharmake Shirwac, Toby Gass",Barking Abbey EABL,"Amari Maitland, Folarin Oguntuase, Kervy Mabaya, Raphael Connolly, Solomon Dobson Smith",1,125,2.1,3.9,3,1,3,33.3,0,0,0,1,2,50,2,0,2,1,0,0,2,1,7,3,5,60,1,3,33.3,0,1,0,1,1,2,3,0,0,0,0,4.5,3.3,67.4,212.1,-144.8,212.1,67.4,144.8,-4,0,0,0,0,0,0,0,0,0,0,0,0,0,0,0,0,0,0,0,0,0,0,0,0,0,0,0,0,0,0,0,0
Manchester Magic Academy EABL,"Abraham Sagay Isiorho, Harley Blake, Jack Walton, Nathan Brown, Oluwademilade Babalola",Derby College Trailblazers EABL,"Casey Burr, Elias Rice, Liyo Ngomti, Matheo Smith-Fjordland, Rohan Hobday",1,165,2.8,3.9,7,3,4,75,1,1,100,0,0,0,0,0,0,2,1,0,0,1,6,2,2,100,0,0,0,2,2,100,0,1,1,0,0,0,1,0,4.0,3.9,175,154.6,20.4,154.6,175,-20.4,1,0,0,0,0,0,0,0,0,0,0,0,0,0,0,0,0,0,0,0,0,0,0,0,0,0,0,0,0,0,0,0,0
Myerscough College EABL,"Cesar Sanchez Falette, Fin Morgan, Nathaniel Byfield, Salomi Latidan, Zach Trezvant",BMET City of Birmingham Rockets EABL,"Abdou Camara, Daniel Pittaway, Jesse Ogbeide, Jonathan Agbeze, Philip Basioudis",1,139,2.3,3.9,7,3,5,60,1,2,50,0,0,0,2,2,4,1,0,1,1,0,3,1,4,25,1,3,33.3,0,0,0,0,0,0,1,0,1,0,0,3.9,4.0,181.3,75,106.3,75,181.3,-106.3,4,0,0,0,0,0,0,0,0,0,0,0,0,0,0,0,0,0,0,0,0,0,0,0,0,0,0,0,0,0,0,0,0
Myerscough College EABL,"Harry Sheehan, Ivan Idemudia, Jakub Bobkowski, Salomi Latidan, Zach Trezvant",BMET City of Birmingham Rockets EABL,"Abdou Camara, Daniel Pittaway, Jonathan Agbeze, Patrick Walsh, Philip Basioudis",1,90,1.5,3.9,4,1,3,33.3,0,1,0,2,2,100,1,0,1,1,1,0,1,0,6,2,2,100,2,2,100,0,0,0,0,1,1,1,0,0,2,0,3.8,4.0,105,150,-45,150,105,45,-2,0,0,0,0,0,0,0,0,0,0,0,0,0,0,0,0,0,0,0,0,0,0,0,0,0,0,0,0,0,0,0,0
Oaklands Wolves EABL,"Daniel Kostadinov, Enzo Da Cruz Fatuda, Gavin Mitchell, Liam Mcintosh, Tristan Mcintosh",Itchen College EABL,"Benjamin Cope, Elijah Lotriet, Ethan Round, Marley Edwards, Thomas Blower",1,108,1.8,3.9,5,2,2,100,1,1,100,0,2,0,0,0,0,1,1,0,1,0,7,3,3,100,1,1,100,0,0,0,0,1,1,2,0,0,1,1,3.9,4.0,128.9,175,-46.1,175,128.9,46.1,-2,0,0,0,0,0,0,0,0,0,0,0,0,0,0,0,0,0,0,0,0,0,0,0,0,0,0,0,0,0,0,0,0
Charnwood College Riders EABL,"Lewis Stevenson, Luca Boothe, Rudy Buckingham, Tristan Curran, Zavier Gleadell-Smith",Myerscough College EABL,"Harry Sheehan, Jakub Bobkowski, Junior Sanchez, Olivier Esingle, Zach Trezvant",1,98,1.6,3.9,3,1,4,25,0,2,0,1,2,50,1,2,3,0,1,0,0,2,2,1,4,25,0,3,0,0,0,0,1,2,3,0,0,0,1,2,3.8,3.9,78.7,50.9,27.8,50.9,78.7,-27.8,1,0,0,0,0,0,0,0,0,0,0,0,0,0,0,0,0,0,0,0,0,0,0,0,0,0,0,0,0,0,0,0,0
Itchen College EABL,"Ethan Round, George Andrews, Javen Osei-Owusu, Mason Yeates, Thomas Blower",HHS Reading Rockets EABL,"Can Okumus, James Waterhouse, Joseph Mackinnon, Lazure Franicis, Nicholas Dent",1,91,1.5,3.9,4,1,2,50,0,0,0,2,2,100,1,0,1,0,1,0,2,0,2,1,1,100,0,0,0,0,0,0,0,0,0,1,2,0,3,2,3.8,4.0,105,50,55,50,105,-55,2,0,0,0,0,0,0,0,0,0,0,0,0,0,0,0,0,0,0,0,0,0,0,0,0,0,0,0,0,0,0,0,0
Itchen College EABL,"Benjamin Cope, Dawid Cimochowski, Elijah Lotriet, Ethan Round, Jakub Ofman",HHS Reading Rockets EABL,"Can Okumus, Ethan Harrington, James Waterhouse, Luca Bakary, Malachi Hassan-Taylor",1,58,1.0,3.9,5,2,2,100,1,1,100,0,0,0,0,0,0,1,1,0,2,2,3,1,1,100,0,0,0,1,2,50,0,0,0,2,1,0,2,0,4.0,3.9,125,77.3,47.7,77.3,125,-47.7,2,0,0,0,0,0,0,0,0,0,0,0,0,0,0,0,0,0,0,0,0,0,0,0,0,0,0,0,0,0,0,0,0
Itchen College EABL,"Elijah Lotriet, George Andrews, Javen Osei-Owusu, Marley Edwards, Richard Radu",HHS Reading Rockets EABL,"Can Okumus, Ethan Harrington, James Waterhouse, Joseph Mackinnon, Lazure Franicis",1,150,2.5,3.9,8,3,4,75,0,1,0,2,2,100,1,1,2,2,0,0,0,1,7,3,5,60,1,2,50,0,0,0,1,0,1,1,0,0,0,1,3.8,3.9,210,178.1,31.9,178.1,210,-31.9,1,0,0,0,0,0,0,0,0,0,0,0,0,0,0,0,0,0,0,0,0,0,0,0,0,0,0,0,0,0,0,0,0
Oaklands Wolves EABL,"Daniel Kostadinov, Dylan Gladstone, Enzo Da Cruz Fatuda, Gavin Mitchell, Liam Mcintosh",Barking Abbey EABL,"Joshua Mendes, Kervy Mabaya, Micael Filho, Munyaradzi Myamutenha, Oskaras Visockas",1,124,2.1,3.9,3,1,2,50,0,0,0,1,2,50,0,2,2,1,0,0,1,0,3,1,3,33.3,1,2,50,0,0,0,0,1,1,1,0,0,1,2,3.9,4.0,77.3,75,2.3,75,77.3,-2.3,0,0,0,0,0,0,0,0,0,0,0,0,0,0,0,0,0,0,0,0,0,0,0,0,0,0,0,0,0,0,0,0,0
Copleston High School EABL,"Angus Hickey, Isaac Carty-Peters, Isaac Little, Matthew Liddamore, Noah Wilkinson",Oaklands Wolves EABL,"Enzo Da Cruz Fatuda, Ethan Ryan, Gavin Mitchell, Huxley Morrell, Liam Mcintosh",1,91,1.5,3.9,4,1,2,50,0,0,0,2,2,100,0,3,3,0,0,1,1,0,2,1,4,25,0,1,0,0,0,0,0,1,1,1,0,1,0,2,3.9,4.0,103.1,50,53.1,50,103.1,-53.1,2,0,0,0,0,0,0,0,0,0,0,0,0,0,0,0,0,0,0,0,0,0,0,0,0,0,0,0,0,0,0,0,0
Charnwood College Riders EABL,"Davin Hanousek, Lewis Stevenson, Rudy Buckingham, Tristan Curran, Zavier Gleadell-Smith",Manchester Magic Academy EABL,"Jack Odongo, Nathan Brown, Oluwademilade Babalola, Tarique Kamal Kazmi, Tom Richardson",1,111,1.9,3.9,6,2,3,66.7,1,2,50,1,2,50,0,2,2,0,0,0,0,0,4,2,4,50,0,2,0,0,0,0,0,2,2,1,0,0,0,0,3.9,4.0,154.6,100,54.6,100,154.6,-54.6,2,0,0,0,0,0,0,0,0,0,0,0,0,0,0,0,0,0,0,0,0,0,0,0,0,0,0,0,0,0,0,0,0
Derby College Trailblazers EABL,"Elias Rice, George Pastor, Julian Lemanski, Liyo Ngomti, William Tallon",BMET City of Birmingham Rockets EABL,"Jonathan Agbeze, Jude Hyland, Larry Duru, Patrick Walsh, Philip Basioudis",1,94,1.6,3.9,4,2,4,50,0,1,0,0,2,0,1,3,4,1,0,0,0,0,0,0,3,0,0,2,0,0,0,0,0,1,1,0,0,0,1,1,3.8,4.0,105,0,105,0,105,-105,4,0,0,0,0,0,0,0,0,0,0,0,0,0,0,0,0,0,0,0,0,0,0,0,0,0,0,0,0,0,0,0,0
Myerscough College EABL,"Daniel Okhuoya, Fin Morgan, Ivan Idemudia, Jakub Bobkowski, Olivier Esingle",SGS College EABL,"Antoine Bennett, Dylan Lloyd, Kayden Richards, Marcos Pospori, Martin Alburo",1,86,1.4,3.9,6,3,4,75,0,1,0,0,0,0,0,0,0,1,1,1,0,1,2,0,2,0,0,0,0,2,2,100,0,1,1,0,0,0,1,0,4.0,3.9,150,51.5,98.5,51.5,150,-98.5,4,0,0,0,0,0,0,0,0,0,0,0,0,0,0,0,0,0,0,0,0,0,0,0,0,0,0,0,0,0,0,0,0
Charnwood College Riders EABL,"Lewis Stevenson, Luca Boothe, Pharrell Kattah, Tom Pearson, Tristan Curran",Derby College Trailblazers EABL,"Casey Burr, Elias Norman, Jarom Howlett, Liyo Ngomti, William Tallon",1,73,1.2,3.9,6,2,4,50,1,1,100,1,2,50,1,0,1,2,3,0,0,0,0,0,1,0,0,0,0,0,0,0,0,1,1,0,0,2,3,0,3.8,4.0,157.5,0,157.5,0,157.5,-157.5,6,0,0,0,0,0,0,0,0,0,0,0,0,0,0,0,0,0,0,0,0,0,0,0,0,0,0,0,0,0,0,0,0
Charnwood College Riders EABL,"Lewis Stevenson, Pharrell Kattah, Rudy Buckingham, Tom Pearson, Tristan Curran",Derby College Trailblazers EABL,"Casey Burr, Elias Norman, George Pastor, Jarom Howlett, Liyo Ngomti",1,79,1.3,3.9,0,0,2,0,0,1,0,0,0,0,1,0,1,0,0,0,2,0,6,2,2,100,1,1,100,1,2,50,0,1,1,1,1,0,2,0,2.9,4.9,0,123,-123,123,0,123,-6,0,0,0,0,0,0,0,0,0,0,0,0,0,0,0,0,0,0,0,0,0,0,0,0,0,0,0,0,0,0,0,0
SGS College EABL,"Kayden Richards, Luka Matthews, Marcos Perez Tosca, Martin Alburo, Zion Lawson",BMET City of Birmingham Rockets EABL,"Daniel Pittaway, George Angoy, Jonathan Agbeze, Jude Hyland, Larry Duru",1,62,1.0,3.9,4,1,3,33.3,0,2,0,2,2,100,1,0,1,0,1,0,1,1,4,2,3,66.7,0,0,0,0,0,0,1,1,2,0,1,0,2,0,3.8,3.9,105,101.8,3.2,101.8,105,-3.2,0,0,0,0,0,0,0,0,0,0,0,0,0,0,0,0,0,0,0,0,0,0,0,0,0,0,0,0,0,0,0,0,0
SGS College EABL,"Kayden Richards, Luka Matthews, Marcos Perez Tosca, Shaquan Nelson, Zion Lawson",BMET City of Birmingham Rockets EABL,"George Angoy, Jude Hyland, Larry Duru, Patrick Walsh, Simba Chikukwa",1,98,1.6,3.9,2,1,2,50,0,0,0,0,0,0,0,3,3,1,0,0,2,2,3,1,3,33.3,0,1,0,1,2,50,0,1,1,0,2,0,0,0,4.0,3.9,50,77.3,-27.3,77.3,50,27.3,-1,0,0,0,0,0,0,0,0,0,0,0,0,0,0,0,0,0,0,0,0,0,0,0,0,0,0,0,0,0,0,0,0
SGS College EABL,"Imam Toure, Luka Matthews, Marcos Perez Tosca, Martin Alburo, Shaquan Nelson",BMET City of Birmingham Rockets EABL,"George Angoy, Jude Hyland, Larry Duru, Patrick Walsh, Philip Basioudis",1,109,1.8,3.9,2,0,3,0,0,0,0,2,4,50,1,3,4,0,0,1,0,3,2,0,5,0,0,3,0,2,4,50,3,3,6,0,0,0,0,2,4.0,4.1,50.5,49,1.6,49,50.5,-1.6,0,0,0,0,0,0,0,0,0,0,0,0,0,0,0,0,0,0,0,0,0,0,0,0,0,0,0,0,0,0,0,0,0
Oaklands Wolves EABL,"Daniel Kostadinov, Dylan Gladstone, Enzo Da Cruz Fatuda, Gavin Mitchell, Liam Mcintosh",HHS Reading Rockets EABL,"Ethan Harrington, James Waterhouse, Joseph Mackinnon, Malachi Hassan-Taylor, Matthew Daines",1,112,1.9,3.9,10,4,4,100,1,1,100,1,2,50,1,2,3,3,0,0,0,1,0,0,2,0,0,2,0,0,0,0,0,0,0,0,0,0,1,0,4.9,3.0,204.9,0,204.9,0,204.9,-204.9,10,0,0,0,0,0,0,0,0,0,0,0,0,0,0,0,0,0,0,0,0,0,0,0,0,0,0,0,0,0,0,0,0
Oaklands Wolves EABL,"Daniel Kostadinov, Dylan Gladstone, Gavin Mitchell, Huxley Morrell, Tristan Mcintosh",HHS Reading Rockets EABL,"Can Okumus, James Waterhouse, Joseph Mackinnon, Matthew Daines, Nicholas Dent",1,84,1.4,3.9,2,1,2,50,0,0,0,0,0,0,1,2,3,0,0,0,3,0,5,2,5,40,1,1,100,0,0,0,1,0,1,1,2,0,0,0,3.9,3.9,50.9,127.2,-76.3,127.2,50.9,76.3,-3,0,0,0,0,0,0,0,0,0,0,0,0,0,0,0,0,0,0,0,0,0,0,0,0,0,0,0,0,0,0,0,0
BMET City of Birmingham Rockets EABL,"Billy Rose, Daniel Pittaway, Jude Hyland, Larry Duru, Patrick Walsh",Myerscough College EABL,"Alex Cisse, Ayo Ibirinde, Fin Morgan, Jakub Bobkowski, Layjuan Farrell",1,90,1.5,3.9,3,1,4,25,1,2,50,0,0,0,1,2,3,1,0,1,1,0,3,1,4,25,1,1,100,0,0,0,1,2,3,1,1,0,1,1,3.9,3.9,76.3,76.3,0,76.3,76.3,0,0,0,0,0,0,0,0,0,0,0,0,0,0,0,0,0,0,0,0,0,0,0,0,0,0,0,0,0,0,0,0,0,0
Derby College Trailblazers EABL,"Casey Burr, Elias Norman, Elias Rice, George Pastor, William Tallon",Manchester Magic Academy EABL,"Jack Walton, Lewis Clayton, Oluwademilade Babalola, Samy Sidi-Boumedine, Tarique Kamal Kazmi",1,138,2.3,3.9,4,2,2,100,0,0,0,0,0,0,0,1,1,0,0,1,2,0,0,0,4,0,0,2,0,0,0,0,3,0,3,0,2,0,3,0,4.0,3.8,100,0,100,0,100,-100,4,0,0,0,0,0,0,0,0,0,0,0,0,0,0,0,0,0,0,0,0,0,0,0,0,0,0,0,0,0,0,0,0
Barking Abbey EABL,"Alexanda Nwabueze, Folarin Oguntuase, Kervy Mabaya, Malik Matser, Oskaras Visockas",Copleston High School EABL,"Callum Fobister, Isaac Little, Matthew Liddamore, Noah Wilkinson, Timothy Rafiu",1,91,1.5,3.9,6,2,2,100,1,1,100,1,2,50,0,2,2,1,1,0,1,0,0,0,2,0,0,1,0,0,0,0,0,0,0,0,1,0,2,1,3.9,4.0,154.6,0,154.6,0,154.6,-154.6,6,0,0,0,0,0,0,0,0,0,0,0,0,0,0,0,0,0,0,0,0,0,0,0,0,0,0,0,0,0,0,0,0
Barking Abbey EABL,"Amari Maitland, Joshua Mendes, Kervy Mabaya, Oskaras Visockas, Raphael Connolly",Itchen College EABL,"Benjamin Cope, Dawid Cimochowski, Elijah Lotriet, Ethan Round, Jakub Ofman",1,137,2.3,3.9,5,2,4,50,1,2,50,0,0,0,1,1,2,1,1,1,1,2,2,1,5,20,0,1,0,0,0,0,1,1,2,1,1,0,1,1,3.9,3.9,127.2,51.8,75.4,51.8,127.2,-75.4,3,0,0,0,0,0,0,0,0,0,0,0,0,0,0,0,0,0,0,0,0,0,0,0,0,0,0,0,0,0,0,0,0
Barking Abbey EABL,"Alexanda Nwabueze, Joshua Mendes, Kervy Mabaya, Micael Filho, Raphael Connolly",Itchen College EABL,"Elijah Lotriet, Ethan Round, Marley Edwards, Mason Yeates, Richard Radu",1,101,1.7,3.9,3,1,4,25,1,4,25,0,0,0,1,1,2,1,2,0,1,0,2,1,3,33.3,0,1,0,0,0,0,1,2,3,0,1,0,2,0,3.9,3.9,76.3,50.9,25.4,50.9,76.3,-25.4,1,0,0,0,0,0,0,0,0,0,0,0,0,0,0,0,0,0,0,0,0,0,0,0,0,0,0,0,0,0,0,0,0
HHS Reading Rockets EABL,"Ethan Harrington, Joseph Mackinnon, Luca Bakary, Malachi Hassan-Taylor, Matthew Daines",Oaklands Wolves EABL,"Daniel Kostadinov, Enzo Da Cruz Fatuda, Ethan Ryan, Gavin Mitchell, Huxley Morrell",1,148,2.5,3.9,4,2,4,50,0,1,0,0,0,0,0,0,0,1,2,1,0,0,4,2,6,33.3,0,3,0,0,0,0,3,2,5,0,0,0,2,1,4.0,3.7,100,107.5,-7.5,107.5,100,7.5,0,0,0,0,0,0,0,0,0,0,0,0,0,0,0,0,0,0,0,0,0,0,0,0,0,0,0,0,0,0,0,0,0
Itchen College EABL,"Benjamin Cope, Elijah Lotriet, Ethan Round, Jakub Ofman, Mason Yeates",Barking Abbey EABL,"Alaxanda Nwabueze, Joshua Mendes, Kervy Mabaya, Micael Filho, Oskaras Visockas",1,93,1.6,3.9,5,1,3,33.3,1,1,100,2,2,100,0,2,2,2,0,0,0,2,2,1,5,20,0,3,0,0,1,0,1,1,2,0,0,1,0,1,3.9,4.0,128.9,49.8,79,49.8,128.9,-79,3,0,0,0,0,0,0,0,0,0,0,0,0,0,0,0,0,0,0,0,0,0,0,0,0,0,0,0,0,0,0,0,0
Itchen College EABL,"Benjamin Cope, Dawid Cimochowski, Elijah Lotriet, Ethan Round, Jakub Ofman",Barking Abbey EABL,"Alaxanda Nwabueze, Amari Maitland, Joshua Mendes, Kervy Mabaya, Raphael Connolly",1,60,1.0,3.9,2,0,1,0,0,0,0,2,2,100,0,1,1,0,0,0,2,0,7,2,3,66.7,1,2,50,2,2,100,0,1,1,1,1,0,0,1,3.9,3.9,51.5,180.4,-128.9,180.4,51.5,128.9,-5,0,0,0,0,0,0,0,0,0,0,0,0,0,0,0,0,0,0,0,0,0,0,0,0,0,0,0,0,0,0,0,0
Oaklands Wolves EABL,"Daniel Kostadinov, Enzo Da Cruz Fatuda, Ethan Ryan, Gavin Mitchell, Liam Mcintosh",City of London Academy - Southwark EABL,"Andrew Nwokolo, Dante Patel, David Banjoko, Louis Thompson, Ruben Cryer",1,138,2.3,3.9,3,1,4,25,1,3,33.3,0,0,0,0,1,1,1,0,0,0,0,5,2,6,33.3,1,3,33.3,0,0,0,3,3,6,1,0,0,1,0,4.0,3.8,75,131.9,-56.9,131.9,75,56.9,-2,0,0,0,0,0,0,0,0,0,0,0,0,0,0,0,0,0,0,0,0,0,0,0,0,0,0,0,0,0,0,0,0
HHS Reading Rockets EABL,"Can Okumus, Ethan Harrington, James Waterhouse, Joseph Mackinnon, Malachi Hassan-Taylor",Barking Abbey EABL,"Kervy Mabaya, Kimbe N'gabala, Oskaras Visockas, Raphael Connolly, Solomon Dobson Smith",1,121,2.0,3.9,2,1,1,100,0,0,0,0,1,0,0,1,1,0,0,0,2,1,8,3,4,75,1,2,50,1,1,100,0,1,1,2,1,0,0,1,3.4,4.4,58.1,180.2,-122,180.2,58.1,122,-6,0,0,0,0,0,0,0,0,0,0,0,0,0,0,0,0,0,0,0,0,0,0,0,0,0,0,0,0,0,0,0,0
SGS College EABL,"Dylan Lloyd, Imam Toure, Kevin Ramirez Mora, Luka Matthews, Marcos Perez Tosca",Manchester Magic Academy EABL,"Abraham Sagay Isiorho, Jack Odongo, Jack Walton, Oluwademilade Babalola, Tom Richardson",1,76,1.3,3.9,2,0,3,0,0,0,0,2,2,100,0,1,1,0,0,0,0,0,6,3,5,60,0,0,0,0,0,0,1,2,3,0,0,0,0,0,3.9,3.9,51.5,152.7,-101.1,152.7,51.5,101.1,-4,0,0,0,0,0,0,0,0,0,0,0,0,0,0,0,0,0,0,0,0,0,0,0,0,0,0,0,0,0,0,0,0
SGS College EABL,"Abubakar Odowa, Kayden Richards, Martin Alburo, Zion Lawson",Manchester Magic Academy EABL,"Abraham Sagay Isiorho, David Allotey, Harley Blake, Jack Odongo, Jack Walton",1,139,2.3,3.9,4,2,5,40,0,0,0,0,0,0,1,0,1,0,0,0,0,0,9,4,5,80,1,2,50,0,0,0,1,2,3,2,0,0,0,0,3.9,3.9,101.8,229,-127.2,229,101.8,127.2,-5,0,0,0,0,0,0,0,0,0,0,0,0,0,0,0,0,0,0,0,0,0,0,0,0,0,0,0,0,0,0,0,0
SGS College EABL,"Kayden Richards, Kevin Ramirez Mora, Luka Matthews, Marcos Perez Tosca, Zion Lawson",Manchester Magic Academy EABL,"David Allotey, Jack Walton, Oluwademilade Babalola, Tarique Kamal Kazmi, Tom Richardson",1,113,1.9,3.9,6,3,6,50,0,0,0,0,0,0,2,0,2,1,1,0,0,0,5,2,3,66.7,1,1,100,0,0,0,0,1,1,1,0,0,1,0,3.9,4.0,155.4,125,30.4,125,155.4,-30.4,1,0,0,0,0,0,0,0,0,0,0,0,0,0,0,0,0,0,0,0,0,0,0,0,0,0,0,0,0,0,0,0,0
Barking Abbey EABL,"Alaxanda Nwabueze, Kervy Mabaya, Micael Filho, Raphael Connolly, Solomon Dobson Smith",Oaklands Wolves EABL,"Blaine Thompson, Daniel Kostadinov, Enzo Da Cruz Fatuda, Liam Mcintosh, Tristan Mcintosh",1,104,1.7,3.9,5,2,5,40,1,2,50,0,0,0,1,1,2,1,1,0,0,0,2,1,3,33.3,0,0,0,0,0,0,1,2,3,0,0,0,2,0,3.9,3.9,127.2,50.9,76.3,50.9,127.2,-76.3,3,0,0,0,0,0,0,0,0,0,0,0,0,0,0,0,0,0,0,0,0,0,0,0,0,0,0,0,0,0,0,0,0
HHS Reading Rockets EABL,"Can Okumus, Ethan Harrington, James Waterhouse, Malachi Hassan-Taylor, Matthew Daines",Itchen College EABL,"Elijah Lotriet, Ethan Round, Jakub Ofman, Marley Edwards, Richard Radu",1,72,1.2,3.9,0,0,2,0,0,1,0,0,0,0,0,1,1,0,0,0,1,1,6,2,3,66.7,0,1,0,2,2,100,0,2,2,1,1,0,1,1,3.0,4.9,0,123,-123,123,0,123,-6,0,0,0,0,0,0,0,0,0,0,0,0,0,0,0,0,0,0,0,0,0,0,0,0,0,0,0,0,0,0,0,0
BMET City of Birmingham Rockets EABL,"Billy Rose, George Angoy, Jonathan Agbeze, Larry Duru, Philip Basioudis",Copleston High School EABL,"Callum Fobister, Isaac Little, Matthew Liddamore, Noah Wilkinson, Timothy Rafiu",1,96,1.6,3.9,2,1,5,20,0,2,0,0,0,0,1,3,4,0,1,1,0,0,0,0,4,0,0,3,0,0,0,0,1,3,4,0,0,0,1,0,3.9,3.9,50.9,0,50.9,0,50.9,-50.9,2,0,0,0,0,0,0,0,0,0,0,0,0,0,0,0,0,0,0,0,0,0,0,0,0,0,0,0,0,0,0,0,0
Manchester Magic Academy EABL,"Abraham Isiorho, Jack Walton, Lewis Clayton, Oluwademilade Babalola, Samy Sidi-Boumedine",Itchen College EABL,"Benjamin Cope, Elijah Lotriet, Ethan Round, Jakub Ofman, Mason Yeates",1,116,1.9,3.9,3,1,3,33.3,0,1,0,1,1,100,0,1,1,1,1,0,0,1,2,1,4,25,0,0,0,0,0,0,1,2,3,0,0,0,2,0,3.4,4.4,87.2,45.5,41.7,45.5,87.2,-41.7,1,0,0,0,0,0,0,0,0,0,0,0,0,0,0,0,0,0,0,0,0,0,0,0,0,0,0,0,0,0,0,0,0
SGS College EABL,"Abubakar Odowa, Antoine Bennett, Imam Toure, Marcos Pospori, Shaquan Nelson",Derby College Trailblazers EABL,"George Pastor, Jarom Howlett, Julian Lemanski, Matheo Smith-Fjordland, William Tallon",1,121,2.0,3.8,6,3,3,100,0,0,0,0,0,0,0,0,0,2,0,0,0,1,11,4,7,57.1,2,4,50,1,2,50,4,0,4,2,0,0,0,2,3.0,4.7,200,235.5,-35.5,235.5,200,35.5,-5,0,0,0,0,0,0,0,0,0,0,0,0,0,0,0,0,0,0,0,0,0,0,0,0,0,0,0,0,0,0,0,0
SGS College EABL,"Antoine Bennett, Dylan Lloyd, Kayden Richards, Marcos Pospori, Shaquan Nelson",Derby College Trailblazers EABL,"Elias Norman, George Pastor, Jarom Howlett, Matheo Smith-Fjordland, William Tallon",1,130,2.2,3.8,0,0,3,0,0,2,0,0,2,0,0,0,0,0,1,0,1,1,4,1,3,33.3,0,1,0,2,2,100,1,3,4,0,1,0,1,1,4.9,2.7,0,146,-146,146,0,146,-4,0,0,0,0,0,0,0,0,0,0,0,0,0,0,0,0,0,0,0,0,0,0,0,0,0,0,0,0,0,0,0,0
BMET City of Birmingham Rockets EABL,"Abdou Camara, Billy Rose, Jonathan Agbeze, Patrick Walsh, Philip Basioudis",Charnwood College Riders EABL,"Asa Oyerinde, Fahad Saeed, Luca Boothe, Pharrell Kattah, Tom Pearson",1,94,1.6,3.8,2,0,4,0,0,3,0,2,2,100,3,0,3,0,0,0,2,0,4,2,3,66.7,0,0,0,0,0,0,0,1,1,0,0,1,1,1,3.7,4.0,54.5,100,-45.5,100,54.5,45.5,-2,0,0,0,0,0,0,0,0,0,0,0,0,0,0,0,0,0,0,0,0,0,0,0,0,0,0,0,0,0,0,0,0
Itchen College EABL,"Elijah Lotriet, Ethan Round, Marley Edwards, Mason Yeates, Richard Radu",City of London Academy - Southwark EABL,"Andrew Nwokolo, Daniel Banjoko, Dante Patel, David Banjoko, Toby Gass",1,157,2.6,3.8,7,3,6,50,1,4,25,0,0,0,2,0,2,2,1,0,0,1,7,2,3,66.7,1,2,50,2,2,100,1,1,2,2,0,0,1,0,3.9,3.8,181.3,183.7,-2.4,183.7,181.3,2.4,0,0,0,0,0,0,0,0,0,0,0,0,0,0,0,0,0,0,0,0,0,0,0,0,0,0,0,0,0,0,0,0,0
Itchen College EABL,"Benjamin Cope, Ethan Round, George Andrews, Javen Osei-Owusu, Mason Yeates",Oaklands Wolves EABL,"Blaine Thompson, Dylan Gladstone, Enzo Da Cruz Fatuda, Huxley Morrell, Kajus Gasperas",1,142,2.4,3.8,2,1,5,20,0,1,0,0,1,0,2,0,2,0,2,0,1,0,3,1,2,50,1,1,100,0,0,0,1,3,4,1,1,0,2,1,4.7,2.9,42.3,102.4,-60.1,102.4,42.3,60.1,-1,0,0,0,0,0,0,0,0,0,0,0,0,0,0,0,0,0,0,0,0,0,0,0,0,0,0,0,0,0,0,0,0
Myerscough College EABL,"Alex Cisse, Daniel Okhuoya, Fin Morgan, Jakub Bobkowski, Layjuan Farrell",Derby College Trailblazers EABL,"Casey Burr, Elias Rice, George Pastor, Rohan Hobday, William Tallon",1,114,1.9,3.8,2,1,3,33.3,0,2,0,0,0,0,1,3,4,1,1,0,1,1,2,1,4,25,0,2,0,0,1,0,1,1,2,1,0,0,1,0,2.9,4.6,68.3,43.1,25.1,43.1,68.3,-25.1,0,0,0,0,0,0,0,0,0,0,0,0,0,0,0,0,0,0,0,0,0,0,0,0,0,0,0,0,0,0,0,0,0
Barking Abbey EABL,"Joshua Mendes, Micael Filho, Oskaras Visockas, Raphael Connolly, Solomon Dobson Smith",Oaklands Wolves EABL,"Daniel Kostadinov, Dylan Gladstone, Enzo Da Cruz Fatuda, Liam Mcintosh, Tristan Mcintosh",1,130,2.2,3.8,2,1,3,33.3,0,1,0,0,0,0,0,2,2,0,0,0,1,0,2,1,5,20,0,3,0,0,0,0,1,2,3,0,0,0,0,0,4.0,3.6,50,56,-6,56,50,6,0,0,0,0,0,0,0,0,0,0,0,0,0,0,0,0,0,0,0,0,0,0,0,0,0,0,0,0,0,0,0,0,0
Myerscough College EABL,"Fin Morgan, Jakub Bobkowski, Olivier Esingle, Sayomi Latidan, Zach Trezvant",Barking Abbey EABL,"Joshua Mendes, Kervy Mabaya, Micael Filho, Oskaras Visockas, Raphael Connolly",1,129,2.1,3.8,7,3,6,50,1,2,50,0,0,0,3,2,5,0,1,3,1,0,2,1,5,20,0,1,0,0,0,0,2,0,2,1,1,0,1,0,3.8,3.9,184.7,51.8,132.9,51.8,184.7,-132.9,5,0,0,0,0,0,0,0,0,0,0,0,0,0,0,0,0,0,0,0,0,0,0,0,0,0,0,0,0,0,0,0,0
Charnwood College Riders EABL,"Fahad Saeed, James Hardy, Okeri Hambira, Pharrell Kattah, Tristan Curran",Oaklands Wolves EABL,"Daniel Kostadinov, Enzo Da Cruz Fatuda, Ethan Ryan, Gavin Mitchell, Stanley Mills",1,129,2.1,3.8,0,0,5,0,0,2,0,0,0,0,1,1,2,0,1,0,0,0,4,2,3,66.7,0,1,0,0,0,0,0,3,3,1,0,1,1,1,3.7,4.0,0,100,-100,100,0,100,-4,0,0,0,0,0,0,0,0,0,0,0,0,0,0,0,0,0,0,0,0,0,0,0,0,0,0,0,0,0,0,0,0
City of London Academy - Southwark EABL,"Andrew Nwokolo, Bilal Olowoshile, Dante Patel, Jacob Hannick, Louis Thompson",Myerscough College EABL,"Cesar Sanchez Falette, Daniel Okhuoya, Fin Morgan, Jakub Bobkowski, Salomi Latidan",1,125,2.1,3.8,4,1,3,33.3,0,1,0,2,4,50,1,1,2,0,0,1,0,1,2,0,3,0,0,1,0,2,2,100,0,1,1,0,0,0,0,1,3.7,3.9,108.4,51.5,56.9,51.5,108.4,-56.9,2,0,0,0,0,0,0,0,0,0,0,0,0,0,0,0,0,0,0,0,0,0,0,0,0,0,0,0,0,0,0,0,0
BMET City of Birmingham Rockets EABL,"Daniel Pittaway, Issac Gisbourne, Jude Hyland, Larry Duru, Philip Basioudis",Derby College Trailblazers EABL,"Casey Burr, Elias Norman, Elias Rice, Liyo Ngomti, Matheo Smith-Fjordland",1,70,1.2,3.7,5,2,3,66.7,1,2,50,0,1,0,0,1,1,2,1,0,0,0,3,1,2,50,1,2,50,0,0,0,0,2,2,1,0,0,2,1,3.4,4.0,145.3,75,70.3,75,145.3,-70.3,2,0,0,0,0,0,0,0,0,0,0,0,0,0,0,0,0,0,0,0,0,0,0,0,0,0,0,0,0,0,0,0,0
BMET City of Birmingham Rockets EABL,"Billy Rose, Daniel Pittaway, George Angoy, Jesse Ogbeide, Philip Basioudis",Derby College Trailblazers EABL,"Dovydas Kilmas, Elias Rice, George Pastor, Jarom Howlett, William Tallon",1,84,1.4,3.7,3,1,2,50,0,0,0,1,1,100,0,1,1,1,0,1,1,0,4,2,4,50,0,1,0,0,0,0,0,1,1,2,0,0,0,2,3.4,4.0,87.2,100,-12.8,100,87.2,12.8,-1,0,0,0,0,0,0,0,0,0,0,0,0,0,0,0,0,0,0,0,0,0,0,0,0,0,0,0,0,0,0,0,0
City of London Academy - Southwark EABL,"Andrew Nwokolo, Dante Patel, David Banjoko, Nyakeh Senessie, Toby Gass",Itchen College EABL,"Benjamin Cope, Ethan Round, Jakub Ofman, Mason Yeates, Thomas Blower",1,67,1.1,3.7,5,2,2,100,0,0,0,1,2,50,0,2,2,1,0,0,0,2,7,3,4,75,1,1,100,0,2,0,1,0,1,1,0,0,0,1,2.9,4.5,173.6,154.8,18.9,154.8,173.6,-18.9,-2,0,0,0,0,0,0,0,0,0,0,0,0,0,0,0,0,0,0,0,0,0,0,0,0,0,0,0,0,0,0,0,0
Copleston High School EABL,"Angus Hickey, Callum Fobister, Isaac Little, Matthew Liddamore, Timothy Rafiu",Barking Abbey EABL,"Francesco Cole, Joshua Mendes, Micael Filho, Munyaradzi Myamutenha, Solomon Dobson Smith",1,72,1.2,3.7,0,0,0,0,0,0,0,0,0,0,0,0,0,0,1,0,3,1,9,3,3,100,2,2,100,1,1,100,0,0,0,2,1,0,1,1,3.0,4.4,0,202.7,-202.7,202.7,0,202.7,-9,0,0,0,0,0,0,0,0,0,0,0,0,0,0,0,0,0,0,0,0,0,0,0,0,0,0,0,0,0,0,0,0
Charnwood College Riders EABL,"Asa Oyerinde, Fahad Saeed, Luca Boothe, Rudy Buckingham, Zavier Gleadell-Smith",SGS College EABL,"Dylan Lloyd, Kayden Richards, Kevin Ramirez Mora, Marcos Pospori, Martin Alburo",1,82,1.4,3.7,6,1,4,25,0,1,0,4,4,100,3,1,4,0,1,0,1,1,5,1,2,50,1,1,100,2,2,100,0,0,0,1,1,1,1,2,3.5,3.9,169,128.9,40.1,128.9,169,-40.1,1,0,0,0,0,0,0,0,0,0,0,0,0,0,0,0,0,0,0,0,0,0,0,0,0,0,0,0,0,0,0,0,0
Manchester Magic Academy EABL,"Jack Walton, Lewis Clayton, Oluwademilade Babalola, Samy Sidi-Boumedine, Tom Richardson",Derby College Trailblazers EABL,"Casey Burr, Elias Rice, Matheo Smith-Fjordland, Rohan Hobday, William Tallon",1,92,1.5,3.7,0,0,3,0,0,1,0,0,0,0,0,2,2,0,0,0,1,1,3,1,3,33.3,0,2,0,1,1,100,0,2,2,1,0,0,0,0,4.0,3.4,0,87.2,-87.2,87.2,0,87.2,-3,0,0,0,0,0,0,0,0,0,0,0,0,0,0,0,0,0,0,0,0,0,0,0,0,0,0,0,0,0,0,0,0
Myerscough College EABL,"Cesar Sanchez Falette, Daniel Okhuoya, Fin Morgan, Nathaniel Byfield, Salomi Latidan",BMET City of Birmingham Rockets EABL,"Daniel Pittaway, Guridat Singh, Jude Hyland, Larry Duru, Patrick Walsh",1,118,2.0,3.7,3,1,5,20,1,4,25,0,2,0,4,1,5,1,0,0,1,0,5,2,3,66.7,1,2,50,0,0,0,0,1,1,2,0,0,1,1,3.5,4.0,86.8,125,-38.2,125,86.8,38.2,-2,0,0,0,0,0,0,0,0,0,0,0,0,0,0,0,0,0,0,0,0,0,0,0,0,0,0,0,0,0,0,0,0
SGS College EABL,"Dylan Lloyd, Kayden Richards, Kevin Ramirez Mora, Marcos Perez Tosca, Martin Alburo",Derby College Trailblazers EABL,"Casey Burr, Elias Norman, Elias Rice, Liyo Ngomti, Rohan Hobday",1,109,1.8,3.7,5,2,5,40,0,1,0,1,1,100,2,3,5,0,0,0,0,1,3,1,4,25,1,2,50,0,0,0,0,1,1,1,0,0,0,2,3.3,4.0,151.5,75,76.5,75,151.5,-76.5,2,0,0,0,0,0,0,0,0,0,0,0,0,0,0,0,0,0,0,0,0,0,0,0,0,0,0,0,0,0,0,0,0
City of London Academy - Southwark EABL,"Andrew Nwokolo, Daniel Banjoko, David Banjoko, Jacob Hannick, Toby Gass",Oaklands Wolves EABL,"Daniel Kostadinov, Dylan Gladstone, Enzo Da Cruz Fatuda, Gavin Mitchell, Liam Mcintosh",1,113,1.9,3.7,3,1,4,25,0,2,0,1,2,50,3,0,3,0,1,0,0,2,3,1,3,33.3,1,3,33.3,0,0,0,0,1,1,1,0,0,2,2,2.5,5.0,121.3,60,61.3,60,121.3,-61.3,0,0,0,0,0,0,0,0,0,0,0,0,0,0,0,0,0,0,0,0,0,0,0,0,0,0,0,0,0,0,0,0,0
Derby College Trailblazers EABL,"Casey Burr, Elias Norman, Elias Rice, George Pastor, Jarom Howlett, Matheo Smith-Fjordland",Myerscough College EABL,"Ayo Ibirinde, Daniel Okhuoya, Jakub Bobkowski, Nathaniel Byfield, Sayomi Latidan",1,104,1.7,3.7,3,1,4,25,1,3,33.3,0,0,0,0,2,2,1,1,0,0,1,1,0,3,0,0,1,0,1,1,100,1,3,4,0,0,0,1,0,4.0,3.4,75,29.7,45.3,29.7,75,-45.3,2,0,0,0,0,0,0,0,0,0,0,0,0,0,0,0,0,0,0,0,0,0,0,0,0,0,0,0,0,0,0,0,0
Oaklands Wolves EABL,"Dylan Gladstone, Enzo Da Cruz Fatuda, Gavin Mitchell, Huxley Morrell, Tristan Mcintosh",Barking Abbey EABL,"Alaxanda Nwabueze, Amari Maitland, Joshua Mendes, Micael Filho, Raphael Connolly",1,99,1.6,3.7,2,1,3,33.3,0,2,0,0,0,0,0,0,0,0,1,0,0,1,7,3,5,60,0,1,0,1,1,100,2,2,4,0,0,0,1,0,3.0,4.3,66.7,162.8,-96.1,162.8,66.7,96.1,-5,0,0,0,0,0,0,0,0,0,0,0,0,0,0,0,0,0,0,0,0,0,0,0,0,0,0,0,0,0,0,0,0
SGS College EABL,"Kayden Richards, Luka Matthews, Marcos Perez Tosca, Martin Alburo, Shaquan Nelson",BMET City of Birmingham Rockets EABL,"George Angoy, Jude Hyland, Larry Duru, Philip Basioudis, Simba Chikukwa",1,94,1.6,3.7,2,1,3,33.3,0,1,0,0,0,0,1,1,2,1,0,0,1,0,5,2,4,50,0,0,0,1,2,50,2,1,3,1,1,0,1,0,2.9,4.5,68.3,112.3,-44,112.3,68.3,44,-3,0,0,0,0,0,0,0,0,0,0,0,0,0,0,0,0,0,0,0,0,0,0,0,0,0,0,0,0,0,0,0,0
BMET City of Birmingham Rockets EABL,"Daniel Pittaway, George Angoy, Jonathan Agbeze, Jude Hyland, Larry Duru",Myerscough College EABL,"Cesar Sanchez Falette, Harry Sheehan, Olivier Esingle, Salomi Latidan, Zach Trezvant",1,140,2.3,3.7,0,0,4,0,0,2,0,0,0,0,1,1,2,0,2,0,1,0,0,0,4,0,0,4,0,0,0,0,3,2,5,0,1,0,3,0,3.6,3.8,0,0,0,0,0,0,0,0,0,0,0,0,0,0,0,0,0,0,0,0,0,0,0,0,0,0,0,0,0,0,0,0,0,0,0,0,0,0,0
SGS College EABL,"Abubakar Odowa, Dylan Lloyd, Kayden Richards, Shaquan Nelson, Zion Lawson",Charnwood College Riders EABL,"Andrew Young, James Hardy, Lewis Stevenson, Okeri Hambira, Stanley Morris",1,126,2.1,3.7,3,1,3,33.3,0,1,0,1,2,50,0,2,2,0,0,0,0,1,4,1,7,14.3,0,1,0,2,2,100,4,2,6,0,0,0,0,1,3.9,3.6,77.3,111.1,-33.8,111.1,77.3,33.8,-1,0,0,0,0,0,0,0,0,0,0,0,0,0,0,0,0,0,0,0,0,0,0,0,0,0,0,0,0,0,0,0,0
HHS Reading Rockets EABL,"Can Okumus, Ethan Harrington, James Waterhouse, Joseph Mackinnon, Malachi Hassan-Taylor",Barking Abbey EABL,"Folarin Oguntuase, Francesco Cole, Harry Egbayelo, Kimbe N'gabala, Solomon Dobson Smith",1,136,2.3,3.7,3,1,5,20,0,0,0,1,3,33.3,2,3,5,1,1,0,0,1,1,0,2,0,0,1,0,1,2,50,0,1,1,0,0,0,1,1,3.5,3.9,86.5,25.8,60.8,25.8,86.5,-60.8,2,0,0,0,0,0,0,0,0,0,0,0,0,0,0,0,0,0,0,0,0,0,0,0,0,0,0,0,0,0,0,0,0
Barking Abbey EABL,"Amari Maitland, Kervy Mabaya, Kimbe N'gabala, Raphael Connolly, Solomon Dobson Smith",Oaklands Wolves EABL,"Daniel Kostadinov, Dylan Gladstone, Enzo Da Cruz Fatuda, Huxley Morrell, Liam Mcintosh",1,145,2.4,3.7,5,2,3,66.7,1,2,50,0,0,0,0,0,0,1,0,0,0,1,8,3,4,75,1,1,100,1,1,100,0,1,1,1,0,0,0,0,3.0,4.4,166.7,180.2,-13.5,180.2,166.7,13.5,-3,0,0,0,0,0,0,0,0,0,0,0,0,0,0,0,0,0,0,0,0,0,0,0,0,0,0,0,0,0,0,0,0
City of London Academy - Southwark EABL,"Andrew Nwokolo, Daniel Banjoko, Dante Patel, David Banjoko, Louis Thompson",Derby College Trailblazers EABL,"Casey Burr, Elias Rice, George Pastor, Liyo Ngomti, William Tallon",1,69,1.1,3.7,8,3,4,75,1,1,100,1,2,50,1,1,2,2,1,0,0,0,2,1,2,50,0,0,0,0,0,0,0,1,1,1,0,0,1,2,4.3,3.0,184.1,66.7,117.5,66.7,184.1,-117.5,6,0,0,0,0,0,0,0,0,0,0,0,0,0,0,0,0,0,0,0,0,0,0,0,0,0,0,0,0,0,0,0,0
BMET City of Birmingham Rockets EABL,"George Angoy, Jonathan Agbeze, Jude Hyland, Larry Duru, Philip Basioudis",Copleston High School EABL,"Grant Millar, Isaac Little, Matthew Liddamore, Noah Wilkinson, Timothy Rafiu",1,62,1.0,3.7,1,0,1,0,0,0,0,1,3,33.3,0,2,2,0,0,0,1,0,3,1,3,33.3,1,3,33.3,0,0,0,0,1,1,1,0,0,1,2,3.3,4.0,30.1,75,-44.9,75,30.1,44.9,-2,0,0,0,0,0,0,0,0,0,0,0,0,0,0,0,0,0,0,0,0,0,0,0,0,0,0,0,0,0,0,0,0
Charnwood College Riders EABL,"Davincy Stephens, Fahad Saeed, James Hardy, Pharrell Kattah, Tristan Curran",Oaklands Wolves EABL,"Daniel Kostadinov, Enzo Da Cruz Fatuda, Gavin Mitchell, Liam Mcintosh, Tristan Mcintosh",1,108,1.8,3.7,4,2,5,40,0,0,0,0,0,0,1,1,2,0,1,0,0,1,4,1,2,50,1,2,50,1,1,100,0,2,2,1,0,0,1,0,3.9,3.4,101.8,116.3,-14.5,116.3,101.8,14.5,0,0,0,0,0,0,0,0,0,0,0,0,0,0,0,0,0,0,0,0,0,0,0,0,0,0,0,0,0,0,0,0,0
BMET City of Birmingham Rockets EABL,"Billy Rose, George Angoy, J. Agbeze, Larry Duru, Patrick Walsh",SGS College EABL,"Abubakar Odowa, Dylan Lloyd, Imam Toure, Marcos Perez Tosca, Shaquan Nelson",1,71,1.2,3.6,5,2,3,66.7,0,1,0,1,1,100,1,1,2,0,0,0,2,0,4,2,4,50,0,0,0,0,0,0,1,0,1,0,1,0,0,1,4.4,2.9,114.4,136.5,-22.1,136.5,114.4,22.1,1,0,0,0,0,0,0,0,0,0,0,0,0,0,0,0,0,0,0,0,0,0,0,0,0,0,0,0,0,0,0,0,0
City of London Academy - Southwark EABL,"Andrew Nwokolo, Daniel Banjoko, Dante Patel, David Banjoko, Toby Gass",Barking Abbey EABL,"Amari Maitland, Folarin Oguntuase, Joshua Mendes, Micael Filho, Raphael Connolly",1,146,2.4,3.6,2,1,6,16.7,0,4,0,0,0,0,3,1,4,1,0,0,1,1,5,1,2,50,0,1,0,3,4,75,1,1,2,0,0,0,1,1,3.0,4.2,66.9,118.3,-51.4,118.3,66.9,51.4,-3,0,0,0,0,0,0,0,0,0,0,0,0,0,0,0,0,0,0,0,0,0,0,0,0,0,0,0,0,0,0,0,0
Manchester Magic Academy EABL,"Abraham Sagay Isiorho, Harley Blake, Jack Walton, Lewis Clayton, Samy Sidi-Boumedine",Derby College Trailblazers EABL,"Casey Burr, George Pastor, Jarom Howlett, Liyo Ngomti, Matheo Smith-Fjordland",1,88,1.5,3.6,5,2,2,100,0,0,0,1,2,50,0,2,2,3,0,0,1,3,2,1,4,25,0,1,0,0,2,0,2,1,3,0,0,0,0,1,3.9,3.3,128.9,61.1,67.8,61.1,128.9,-67.8,3,0,0,0,0,0,0,0,0,0,0,0,0,0,0,0,0,0,0,0,0,0,0,0,0,0,0,0,0,0,0,0,0
Copleston High School EABL,"Isaac Carty-Peters, Isaac Little, Matthew Liddamore, Noah Wilkinson, Timothy Rafiu",HHS Reading Rockets EABL,"Can Okumus, Lazure Franicis, Luca Bakary, Matthew Daines, Nicholas Dent",1,79,1.3,3.6,0,0,1,0,0,0,0,0,0,0,1,1,2,0,1,0,3,1,5,2,3,66.7,0,0,0,1,2,50,1,0,1,0,0,0,1,0,2.9,4.3,0,115.1,-115.1,115.1,0,115.1,-5,0,0,0,0,0,0,0,0,0,0,0,0,0,0,0,0,0,0,0,0,0,0,0,0,0,0,0,0,0,0,0,0
SGS College EABL,"Antoine Bennett, Dylan Lloyd, Kevin Ramirez Mora, Martin Alburo, Washington Wewe",Derby College Trailblazers EABL,"Elias Norman, George Pastor, Jarom Howlett, Matheo Smith-Fjordland, William Tallon",1,122,2.0,3.6,3,1,2,50,1,1,100,0,0,0,0,1,1,0,0,1,1,1,7,2,4,50,0,0,0,3,3,100,1,1,2,1,0,0,0,1,3.0,4.2,100,164.7,-64.7,164.7,100,64.7,-4,0,0,0,0,0,0,0,0,0,0,0,0,0,0,0,0,0,0,0,0,0,0,0,0,0,0,0,0,0,0,0,0
BMET City of Birmingham Rockets EABL,"Abdou Camara, Billy Rose, George Angoy, Jonathan Agbeze, Patrick Walsh",Charnwood College Riders EABL,"Asa Oyerinde, Fahad Saeed, Pharrell Kattah, Tom Pearson, Tristan Curran",1,62,1.0,3.6,0,0,0,0,0,0,0,0,2,0,0,1,1,0,1,0,2,1,4,2,3,66.7,0,0,0,0,2,0,1,1,2,1,2,0,1,1,2.9,4.3,0,92.1,-92.1,92.1,0,92.1,-4,0,0,0,0,0,0,0,0,0,0,0,0,0,0,0,0,0,0,0,0,0,0,0,0,0,0,0,0,0,0,0,0
Derby College Trailblazers EABL,"George Pastor, Jarom Howlett, Julian Lemanski, Liyo Ngomti, Rohan Hobday",Myerscough College EABL,"Ayo Ibirinde, Cesar Sanchez Falette, Jakub Bobkowski, Nathaniel Byfield, Sayomi Latidan",1,154,2.6,3.6,0,0,3,0,0,0,0,0,0,0,0,0,0,0,1,0,1,2,2,0,1,0,0,1,0,2,3,66.7,1,2,3,0,1,0,2,0,4.0,3.2,0,61.5,-61.5,61.5,0,61.5,-2,0,0,0,0,0,0,0,0,0,0,0,0,0,0,0,0,0,0,0,0,0,0,0,0,0,0,0,0,0,0,0,0
Derby College Trailblazers EABL,"Elias Norman, Elias Rice, George Pastor, Liyo Ngomti, William Tallon",BMET City of Birmingham Rockets EABL,"George Angoy, Jonathan Agbeze, Jude Hyland, Larry Duru, Philip Basioudis",1,105,1.8,3.6,2,1,3,33.3,0,1,0,0,0,0,1,2,3,1,0,0,2,1,4,1,4,25,1,2,50,1,2,50,2,1,3,1,1,0,0,1,3.9,3.3,50.9,122.1,-71.2,122.1,50.9,71.2,-2,0,0,0,0,0,0,0,0,0,0,0,0,0,0,0,0,0,0,0,0,0,0,0,0,0,0,0,0,0,0,0,0
BMET City of Birmingham Rockets EABL,"Jonathan Agbeze, Jude Hyland, Larry Duru, Philip Basioudis, Simba Chikukwa",Myerscough College EABL,"Cesar Sanchez Falette, Daniel Okhuoya, Harry Sheehan, Jakub Bobkowski, Sayomi Latidan",1,115,1.9,3.6,3,1,4,25,1,2,50,0,0,0,0,0,0,1,0,1,0,2,7,3,6,50,0,1,0,1,1,100,2,3,5,0,0,1,0,0,4.0,3.2,75,216.7,-141.7,216.7,75,141.7,-4,0,0,0,0,0,0,0,0,0,0,0,0,0,0,0,0,0,0,0,0,0,0,0,0,0,0,0,0,0,0,0,0
BMET City of Birmingham Rockets EABL,"Abdou Camara, Jonathan Agbeze, Jude Hyland, Philip Basioudis, Simba Chikukwa",Myerscough College EABL,"Daniel Okhuoya, Fin Morgan, Harry Sheehan, Jakub Bobkowski, Sayomi Latidan",1,85,1.4,3.6,2,1,5,20,0,1,0,0,1,0,3,0,3,0,0,0,2,0,7,3,3,100,1,1,100,0,0,0,0,1,1,2,2,0,0,1,4.2,3.0,47.3,233.3,-186.1,233.3,47.3,186.1,-5,0,0,0,0,0,0,0,0,0,0,0,0,0,0,0,0,0,0,0,0,0,0,0,0,0,0,0,0,0,0,0,0
City of London Academy - Southwark EABL,"Andrew Nwokolo, Louis Thompson, Nyakeh Senessie, Rafi Testfay, Ruben Cryer",Copleston High School EABL,"Callum Fobister, Grant Millar, Isaac Little, Matthew Liddamore, Noah Wilkinson",1,127,2.1,3.6,5,2,3,66.7,1,1,100,0,0,0,0,1,1,2,0,0,1,1,4,1,4,25,0,2,0,2,2,100,1,1,2,0,0,0,0,0,4.0,3.3,125,122.1,2.9,122.1,125,-2.9,1,0,0,0,0,0,0,0,0,0,0,0,0,0,0,0,0,0,0,0,0,0,0,0,0,0,0,0,0,0,0,0,0
City of London Academy - Southwark EABL,"Alex Morentin, Andrew Nwokolo, Daniel Banjoko, David Banjoko, Toby Gass",Copleston High School EABL,"Angus Hickey, Callum Fobister, Grant Millar, Matthew Liddamore, Noah Wilkinson",1,185,3.1,3.6,4,1,3,33.3,0,2,0,2,3,66.7,2,1,3,1,2,1,1,1,0,0,2,0,0,1,0,0,0,0,0,0,0,0,0,0,2,1,3.2,4.0,125.8,0,125.8,0,125.8,-125.8,4,0,0,0,0,0,0,0,0,0,0,0,0,0,0,0,0,0,0,0,0,0,0,0,0,0,0,0,0,0,0,0,0
HHS Reading Rockets EABL,"Ethan Harrington, James Waterhouse, Joseph Mackinnon, Malachi Hassan-Taylor, Matthew Daines",Oaklands Wolves EABL,"Enzo Da Cruz Fatuda, Gavin Mitchell, Huxley Morrell, Liam Mcintosh, Tristan Mcintosh",1,102,1.7,3.6,3,1,4,25,1,2,50,0,0,0,1,0,1,1,1,0,1,1,3,1,1,100,0,0,0,1,2,50,0,1,1,0,1,0,2,0,3.4,3.9,88.4,77.3,11,77.3,88.4,-11,0,0,0,0,0,0,0,0,0,0,0,0,0,0,0,0,0,0,0,0,0,0,0,0,0,0,0,0,0,0,0,0,0
Manchester Magic Academy EABL,"Abraham Sagay Isiorho, Allan Adetula, Jack Odongo, Samy Sidi-Boumedine, Tarique Kamal Kazmi",BMET City of Birmingham Rockets EABL,"Abdou Camara, Jonathan Agbeze, Jude Hyland, Patrick Walsh, Simba Chikukwa",1,60,1.0,3.6,0,0,1,0,0,0,0,0,2,0,1,1,2,0,2,1,2,0,0,0,1,0,0,0,0,0,2,0,0,1,1,0,1,0,2,1,3.3,3.9,0,0,0,0,0,0,0,0,0,0,0,0,0,0,0,0,0,0,0,0,0,0,0,0,0,0,0,0,0,0,0,0,0,0,0,0,0,0,0
Myerscough College EABL,"Cesar Sanchez Falette, Harry Sheehan, Olivier Esingle, Salomi Latidan, Zach Trezvant",Charnwood College Riders EABL,"Asa Oyerinde, James Hardy, Tom Pearson, Tristan Curran, Zavier Gleadell-Smith",1,80,1.3,3.6,6,1,1,100,0,0,0,4,5,80,1,1,2,0,0,0,1,0,6,2,3,66.7,2,3,66.7,0,0,0,0,0,0,2,1,0,0,3,4.2,3.0,142.9,200,-57.1,200,142.9,57.1,0,0,0,0,0,0,0,0,0,0,0,0,0,0,0,0,0,0,0,0,0,0,0,0,0,0,0,0,0,0,0,0,0
HHS Reading Rockets EABL,"Aydan Moloney, James Waterhouse, Luca Bakary, Malachi Hassan-Taylor, Matthew Daines",Barking Abbey EABL,"Alaxanda Nwabueze, Joshua Mendes, Kervy Mabaya, Micael Filho, Oskaras Visockas",1,73,1.2,3.6,4,1,1,100,1,1,100,1,2,50,0,1,1,2,0,0,1,2,6,2,3,66.7,0,0,0,2,3,66.7,0,1,1,1,1,0,0,0,2.9,4.3,138.9,138.9,0,138.9,138.9,0,-2,0,0,0,0,0,0,0,0,0,0,0,0,0,0,0,0,0,0,0,0,0,0,0,0,0,0,0,0,0,0,0,0
HHS Reading Rockets EABL,"Ethan Harrington, James Waterhouse, Lazure Francis, Malachi Hassan-Taylor, Matthew Daines",BMET City of Birmingham Rockets EABL,"Billy Rose, Jonathan Agbeze, Jude Hyland, Larry Duru, Philip Basioudis",1,118,2.0,3.6,1,0,2,0,0,1,0,1,1,100,0,3,3,0,0,0,1,0,2,1,6,16.7,0,5,0,0,0,0,2,1,3,0,1,0,0,2,3.4,3.9,29.1,51.8,-22.7,51.8,29.1,22.7,-1,0,0,0,0,0,0,0,0,0,0,0,0,0,0,0,0,0,0,0,0,0,0,0,0,0,0,0,0,0,0,0,0
Itchen College EABL,"Benjamin Cope, Dawid Cimochowski, Elijah Lotriet, Ethan Round, Jakub Ofman",Charnwood College Riders EABL,"Fahad Saeed, James Hardy, Pharrell Kattah, Tristan Curran, Zavier Gleadell-Smith",1,108,1.8,3.6,3,1,1,100,0,0,0,1,3,33.3,0,2,2,1,0,0,1,1,4,1,4,25,0,2,0,2,2,100,1,1,2,0,1,0,0,2,3.3,3.8,90.4,105,-14.6,105,90.4,14.6,-1,0,0,0,0,0,0,0,0,0,0,0,0,0,0,0,0,0,0,0,0,0,0,0,0,0,0,0,0,0,0,0,0
City of London Academy - Southwark EABL,"Andrew Nwokolo, Dante Patel, David Banjoko, Jacob Hannick, Toby Gass",Derby College Trailblazers EABL,"Casey Burr, Elias Norman, Elias Rice, Rohan Hobday, William Tallon",1,119,2.0,3.6,2,1,3,33.3,0,0,0,0,0,0,1,2,3,0,0,1,1,0,5,2,5,40,0,1,0,1,1,100,1,1,2,2,0,0,0,0,2.9,4.4,68.3,114.4,-46.2,114.4,68.3,46.2,-3,0,0,0,0,0,0,0,0,0,0,0,0,0,0,0,0,0,0,0,0,0,0,0,0,0,0,0,0,0,0,0,0
City of London Academy - Southwark EABL,"Bilal Olowoshile, Daniel Banjoko, Dante Patel, Jacob Hannick, Louis Thompson",Myerscough College EABL,"Cesar Sanchez Falette, Daniel Okhuoya, Fin Morgan, Jakub Bobkowski, Sayomi Latidan",1,149,2.5,3.6,2,1,2,50,0,1,0,0,0,0,0,0,0,1,1,0,1,2,5,2,3,66.7,0,1,0,1,3,33.3,1,1,2,0,1,0,1,0,3.0,4.2,66.7,117.6,-51,117.6,66.7,51,-3,0,0,0,0,0,0,0,0,0,0,0,0,0,0,0,0,0,0,0,0,0,0,0,0,0,0,0,0,0,0,0,0
Manchester Magic Academy EABL,"Harley Blake, Jack Walton, Nathan Brown, Oluwademilade Babalola, Samy Sidi-Boumedine",Charnwood College Riders EABL,"Davin Hanousek, Luca Boothe, Rudy Buckingham, Stanley Morris, Tom Pearson",1,126,2.1,3.5,4,2,3,66.7,0,1,0,0,0,0,0,0,0,1,0,0,1,0,7,3,4,75,1,1,100,0,0,0,1,1,2,1,1,0,0,1,4.0,2.9,100,238.9,-138.9,238.9,100,138.9,-3,0,0,0,0,0,0,0,0,0,0,0,0,0,0,0,0,0,0,0,0,0,0,0,0,0,0,0,0,0,0,0,0
SGS College EABL,"Dylan Lloyd, Imam Toure, Kevin Ramirez Mora, Marcos Perez Tosca, Martin Alburo",Myerscough College EABL,"Cesar Sanchez Falette, Jakub Bobkowski, Olivier Esingle, Salomi Latidan, Zach Trezvant",1,9,0.1,3.5,3,1,4,25,1,2,50,0,0,0,0,1,1,1,0,0,0,0,2,1,2,50,0,0,0,0,0,0,0,1,1,0,0,1,1,0,4.0,3.0,75,66.7,8.3,66.7,75,-8.3,1,0,0,0,0,0,0,0,0,0,0,0,0,0,0,0,0,0,0,0,0,0,0,0,0,0,0,0,0,0,0,0,0
City of London Academy - Southwark EABL,"Andrew Nwokolo, Dante Patel, David Banjoko, Sharmake Shirwac, Toby Gass",Itchen College EABL,"Benjamin Cope, Elijah Lotriet, Ethan Round, Javen Osei-Owusu, Mason Yeates",1,75,1.2,3.5,6,3,5,60,0,2,0,0,0,0,1,0,1,1,1,0,0,0,0,0,0,0,0,0,0,0,0,0,0,1,1,0,0,0,3,1,3.9,3.0,152.7,0,152.7,0,152.7,-152.7,6,0,0,0,0,0,0,0,0,0,0,0,0,0,0,0,0,0,0,0,0,0,0,0,0,0,0,0,0,0,0,0,0
BMET City of Birmingham Rockets EABL,"Abdou Camara, Billy Rose, J. Agbeze, Larry Duru, Patrick Walsh",SGS College EABL,"Abubakar Odowa, Dylan Lloyd, Imam Toure, Marcos Pospori, Martin Alburo",1,78,1.3,3.5,2,1,1,100,0,0,0,0,0,0,0,2,2,1,1,1,2,0,2,1,3,33.3,0,0,0,0,0,0,0,0,0,1,1,0,1,1,3.0,4.0,66.7,50,16.7,50,66.7,-16.7,0,0,0,0,0,0,0,0,0,0,0,0,0,0,0,0,0,0,0,0,0,0,0,0,0,0,0,0,0,0,0,0,0
BMET City of Birmingham Rockets EABL,"George Angoy, Issac Gisbourne, Jude Hyland, Larry Duru, Philip Basioudis",SGS College EABL,"Abubakar Odowa, Imam Toure, Kevin Ramirez Mora, Marcos Perez Tosca, Shaquan Nelson",1,98,1.6,3.5,7,3,3,100,1,1,100,0,0,0,0,1,1,1,0,1,0,0,5,2,3,66.7,1,1,100,0,0,0,0,0,0,1,0,0,1,1,3.0,4.0,233.3,125,108.3,125,233.3,-108.3,2,0,0,0,0,0,0,0,0,0,0,0,0,0,0,0,0,0,0,0,0,0,0,0,0,0,0,0,0,0,0,0,0
BMET City of Birmingham Rockets EABL,"George Angoy, Issac Gisbourne, J. Agbeze, Larry Duru, Philip Basioudis",SGS College EABL,"Abubakar Odowa, Dylan Lloyd, Kevin Ramirez Mora, Marcos Pospori, Martin Alburo",1,50,0.8,3.5,2,1,2,50,0,0,0,0,0,0,0,1,1,0,0,0,1,0,8,3,4,75,2,3,66.7,0,0,0,0,0,0,2,1,0,0,0,3.0,4.0,66.7,200,-133.3,200,66.7,133.3,-6,0,0,0,0,0,0,0,0,0,0,0,0,0,0,0,0,0,0,0,0,0,0,0,0,0,0,0,0,0,0,0,0
Itchen College EABL,"Benjamin Cope, Dawid Cimochowski, Elijah Lotriet, Ethan Round, Jakub Ofman",Copleston High School EABL,"Angus Hickey, Isaac Little, Jaziah Mussington, Mason Wells, Timothy Rafiu",1,100,1.7,3.5,6,3,4,75,0,1,0,0,0,0,0,1,1,1,0,0,0,0,0,0,1,0,0,0,0,0,0,0,0,0,0,0,0,0,2,0,4.0,3.0,150,0,150,0,150,-150,6,0,0,0,0,0,0,0,0,0,0,0,0,0,0,0,0,0,0,0,0,0,0,0,0,0,0,0,0,0,0,0,0
Myerscough College EABL,"Ayo Ibirinde, Daniel Okhuoya, Harry Sheehan, Nate Byfield, Olivier Esingle",Manchester Magic Academy EABL,"David Allotey, Jack Walton, Oluwademilade Babalola, Samy Sidi-Boumedine, Tarique Kamal Kazmi",1,81,1.4,3.5,2,1,3,33.3,0,2,0,0,0,0,0,0,0,0,1,0,0,0,4,2,3,66.7,0,1,0,0,0,0,0,2,2,1,0,0,1,0,3.0,4.0,66.7,100,-33.3,100,66.7,33.3,-2,0,0,0,0,0,0,0,0,0,0,0,0,0,0,0,0,0,0,0,0,0,0,0,0,0,0,0,0,0,0,0,0
Myerscough College EABL,"Cesar Sanchez Falette, Daniel Okhuoya, Harry Sheehan, Jakub Bobkowski, Sayomi Latidan",Manchester Magic Academy EABL,"Abraham Sagay Isiorho, Harley Blake, Jack Odongo, Jack Walton, Oluwademilade Babalola",1,92,1.5,3.5,3,1,3,33.3,0,0,0,1,2,50,1,0,1,1,1,0,1,1,3,1,2,50,1,1,100,0,0,0,1,2,3,1,0,0,2,1,4.2,2.9,72,102.4,-30.4,102.4,72,30.4,0,0,0,0,0,0,0,0,0,0,0,0,0,0,0,0,0,0,0,0,0,0,0,0,0,0,0,0,0,0,0,0,0
City of London Academy - Southwark EABL,"Andrew Nwokolo, Daniel Banjoko, Dante Patel, David Banjoko, Toby Gass",Barking Abbey EABL,"Amari Maitland, Joshua Mendes, Kervy Mabaya, Raphael Connolly, Solomon Dobson Smith",1,94,1.6,3.5,2,1,2,50,0,0,0,0,0,0,0,2,2,0,1,1,2,1,0,0,2,0,0,1,0,0,0,0,0,1,1,0,2,0,1,0,4.0,3.0,50,0,50,0,50,-50,2,0,0,0,0,0,0,0,0,0,0,0,0,0,0,0,0,0,0,0,0,0,0,0,0,0,0,0,0,0,0,0,0
Charnwood College Riders EABL,"Fahad Saeed, Rudy Buckingham, Stanley Morris, Tom Pearson, Tristan Curran",SGS College EABL,"Dylan Lloyd, Imam Toure, Kevin Ramirez Mora, Marcos Perez Tosca, Shaquan Nelson",1,20,0.3,3.5,2,1,3,33.3,0,1,0,0,0,0,1,1,2,0,2,0,2,0,0,0,1,0,0,0,0,0,0,0,0,1,1,0,1,0,2,0,3.9,3.0,50.9,0,50.9,0,50.9,-50.9,2,0,0,0,0,0,0,0,0,0,0,0,0,0,0,0,0,0,0,0,0,0,0,0,0,0,0,0,0,0,0,0,0
Myerscough College EABL,"Cesar Sanchez Falette, Fin Morgan, Nathaniel Byfield, Salomi Latidan, Zach Trezvant",BMET City of Birmingham Rockets EABL,"George Angoy, Guridat Singh, Jude Hyland, Larry Duru, Patrick Walsh",1,103,1.7,3.5,8,3,5,60,2,3,66.7,0,0,0,1,1,2,3,1,0,0,0,3,1,2,50,1,1,100,0,0,0,0,1,1,1,0,0,1,0,3.9,3.0,203.6,100,103.6,100,203.6,-103.6,5,0,0,0,0,0,0,0,0,0,0,0,0,0,0,0,0,0,0,0,0,0,0,0,0,0,0,0,0,0,0,0,0
HHS Reading Rockets EABL,"Ethan Harrington, Joseph Mackinnon, Malachi Hassan-Taylor, Matthew Daines, Saun Ejiofor",City of London Academy - Southwark EABL,"Andrew Nwokolo, Daniel Banjoko, Dante Patel, David Banjoko, Toby Gass",1,78,1.3,3.5,0,0,2,0,0,2,0,0,0,0,0,0,0,0,0,1,1,0,6,3,4,75,0,0,0,0,0,0,0,2,2,1,1,0,0,0,3.0,4.0,0,150,-150,150,0,150,-6,0,0,0,0,0,0,0,0,0,0,0,0,0,0,0,0,0,0,0,0,0,0,0,0,0,0,0,0,0,0,0,0
Oaklands Wolves EABL,"Enzo Da Cruz Fatuda, Ethan Ryan, Gavin Mitchell, Liam Mcintosh, Tristan Mcintosh",Itchen College EABL,"Benjamin Cope, Dawid Cimochowski, Elijah Lotriet, George Andrews, Jakub Ofman",1,94,1.6,3.5,3,1,3,33.3,1,2,50,0,0,0,0,2,2,1,0,0,1,0,2,1,3,33.3,0,0,0,0,0,0,0,2,2,1,0,0,0,1,4.0,3.0,75,66.7,8.3,66.7,75,-8.3,1,0,0,0,0,0,0,0,0,0,0,0,0,0,0,0,0,0,0,0,0,0,0,0,0,0,0,0,0,0,0,0,0
BMET City of Birmingham Rockets EABL,"Jaheim Kesto, Jonathan Agbeze, Larry Duru, Patrick Walsh, Philip Basioudis",Manchester Magic Academy EABL,"Jack Walton, Lewis Clayton, Oluwademilade Babalola, Samy Sidi-Boumedine, Tom Richardson",1,63,1.1,3.5,5,2,2,100,1,1,100,0,0,0,0,1,1,0,2,0,2,0,0,0,1,0,0,1,0,0,0,0,0,0,0,0,1,0,2,1,4.0,3.0,125,0,125,0,125,-125,5,0,0,0,0,0,0,0,0,0,0,0,0,0,0,0,0,0,0,0,0,0,0,0,0,0,0,0,0,0,0,0,0
City of London Academy - Southwark EABL,"Andrew Nwokolo, Daniel Banjoko, David Banjoko, Jacob Hannick, Toby Gass",Oaklands Wolves EABL,"Daniel Kostadinov, Dylan Gladstone, Enzo Da Cruz Fatuda, Gavin Mitchell, Huxley Morrell",1,79,1.3,3.5,11,5,6,83.3,1,1,100,0,0,0,1,1,2,5,1,0,0,0,0,0,1,0,0,1,0,0,0,0,0,0,0,0,0,0,1,1,4.9,2.0,223.1,0,223.1,0,223.1,-223.1,11,0,0,0,0,0,0,0,0,0,0,0,0,0,0,0,0,0,0,0,0,0,0,0,0,0,0,0,0,0,0,0,0
City of London Academy - Southwark EABL,"Andrew Nwokolo, Barack Manfo-Marc, Daniel Banjoko, Rafi Testfay, Sharmake Shirwac",Oaklands Wolves EABL,"Daniel Kostadinov, Dylan Gladstone, Gavin Mitchell, Liam Mcintosh, Tristan Mcintosh",1,119,2.0,3.5,4,2,4,50,0,1,0,0,0,0,1,1,2,1,1,0,1,0,2,1,2,50,0,1,0,0,0,0,0,1,1,0,1,0,1,0,3.9,3.0,101.8,66.7,35.1,66.7,101.8,-35.1,2,0,0,0,0,0,0,0,0,0,0,0,0,0,0,0,0,0,0,0,0,0,0,0,0,0,0,0,0,0,0,0,0
BMET City of Birmingham Rockets EABL,"Billy Rose, George Angoy, Jonathan Agbeze, Larry Duru, Philip Basioudis",Charnwood College Riders EABL,"Luca Boothe, Pharrell Kattah, Tom Pearson, Tristan Curran, Zavier Gleadell-Smith",1,71,1.2,3.5,0,0,1,0,0,0,0,0,0,0,0,0,0,0,0,0,2,0,4,2,3,66.7,0,0,0,0,0,0,0,1,1,1,2,0,1,1,3.0,4.0,0,100,-100,100,0,100,-4,0,0,0,0,0,0,0,0,0,0,0,0,0,0,0,0,0,0,0,0,0,0,0,0,0,0,0,0,0,0,0,0
BMET City of Birmingham Rockets EABL,"Abdou Camara, Billy Rose, George Angoy, Larry Duru, Patrick Walsh",Charnwood College Riders EABL,"Davin Hanousek, Luca Boothe, Rudy Buckingham, Tristan Curran, Zavier Gleadell-Smith",1,66,1.1,3.5,0,0,0,0,0,0,0,0,0,0,0,1,1,0,1,1,3,0,2,1,3,33.3,0,1,0,0,0,0,0,0,0,1,2,0,1,0,3.0,4.0,0,50,-50,50,0,50,-2,0,0,0,0,0,0,0,0,0,0,0,0,0,0,0,0,0,0,0,0,0,0,0,0,0,0,0,0,0,0,0,0
Derby College Trailblazers EABL,"Casey Burr, Elias Norman, Jarom Howlett, Liyo Ngomti, Rohan Hobday",Myerscough College EABL,"Ayo Ibirinde, Cesar Sanchez Falette, Harry Sheehan, Jakub Bobkowski, Sayomi Latidan",1,103,1.7,3.5,2,1,4,25,0,1,0,0,0,0,0,0,0,0,1,0,0,0,4,2,2,100,0,0,0,0,0,0,0,3,3,2,0,0,1,1,4.0,3.0,50,133.3,-83.3,133.3,50,83.3,-2,0,0,0,0,0,0,0,0,0,0,0,0,0,0,0,0,0,0,0,0,0,0,0,0,0,0,0,0,0,0,0,0
Oaklands Wolves EABL,"Daniel Kostadinov, Dylan Gladstone, Gavin Mitchell, Liam Mcintosh, Tristan Mcintosh",Barking Abbey EABL,"Amari Maitland, Joshua Mendes, Kervy Mabaya, Micael Filho, Oskaras Visockas",1,120,2.0,3.5,5,2,4,50,1,3,33.3,0,0,0,1,2,3,1,0,0,1,1,0,0,2,0,0,1,0,0,2,0,1,1,2,0,1,0,1,0,3.9,3.2,127.2,0,127.2,0,127.2,-127.2,5,0,0,0,0,0,0,0,0,0,0,0,0,0,0,0,0,0,0,0,0,0,0,0,0,0,0,0,0,0,0,0,0
Copleston High School EABL,"Isaac Carty-Peters, Isaac Little, Matthew Liddamore, Noah Wilkinson, Oliver Drane",Itchen College EABL,"George Andrews, Javen Osei-Owusu, Marley Edwards, Richard Radu, Thomas Blower",1,114,1.9,3.5,7,3,3,100,1,1,100,0,0,0,0,1,1,3,0,0,1,0,2,1,3,33.3,0,2,0,0,0,0,1,0,1,1,0,0,1,0,4.0,2.9,175,68.3,106.7,68.3,175,-106.7,5,0,0,0,0,0,0,0,0,0,0,0,0,0,0,0,0,0,0,0,0,0,0,0,0,0,0,0,0,0,0,0,0
Charnwood College Riders EABL,"Archer Pilkington, Davin Hanousek, Lewis Stevenson, Luca Boothe, Okeri Hambira",Derby College Trailblazers EABL,"Casey Burr, Dovydas Kilmas, George Pastor, Jarom Howlett, Julian Lemanski",1,96,1.6,3.5,7,1,3,33.3,1,2,50,4,6,66.7,2,1,3,3,0,0,0,1,1,0,1,0,0,1,0,1,2,50,0,1,1,0,0,1,1,3,4.2,2.9,166.1,34.7,131.4,34.7,166.1,-131.4,6,0,0,0,0,0,0,0,0,0,0,0,0,0,0,0,0,0,0,0,0,0,0,0,0,0,0,0,0,0,0,0,0
Charnwood College Riders EABL,"Asa Oyerinde, Lewis Stevenson, Pharrell Kattah, Rudy Buckingham, Tom Pearson",Derby College Trailblazers EABL,"Elias Rice, George Pastor, Jarom Howlett, Karim Zidonis, Liyo Ngomti",1,114,1.9,3.5,6,3,3,100,0,0,0,0,0,0,0,2,2,0,1,0,1,1,0,0,2,0,0,2,0,0,0,0,0,0,0,0,0,0,1,0,4.0,3.0,150,0,150,0,150,-150,6,0,0,0,0,0,0,0,0,0,0,0,0,0,0,0,0,0,0,0,0,0,0,0,0,0,0,0,0,0,0,0,0
BMET City of Birmingham Rockets EABL,"Daniel Pittaway, George Angoy, Jonathan Agbeze, Jude Hyland, Larry Duru",Myerscough College EABL,"Ayo Ibirinde, Cesar Sanchez Falette, Harry Sheehan, Jakub Bobkowski, Salomi Latidan",1,103,1.7,3.5,2,1,2,50,0,0,0,0,0,0,0,1,1,1,1,0,2,1,2,1,3,33.3,0,1,0,0,0,0,1,1,2,0,1,1,1,0,4.0,2.9,50,68.3,-18.3,68.3,50,18.3,0,0,0,0,0,0,0,0,0,0,0,0,0,0,0,0,0,0,0,0,0,0,0,0,0,0,0,0,0,0,0,0,0
SGS College EABL,"Abubakar Odowa, Dylan Lloyd, Kayden Richards, Marcos Perez Tosca, Shaquan Nelson",Charnwood College Riders EABL,"James Hardy, Lewis Stevenson, Okeri Hambira, Tristan Curran, Zavier Gleadell-Smith",1,83,1.4,3.5,2,1,2,50,0,1,0,0,0,0,1,1,2,0,0,1,2,0,4,2,4,50,0,0,0,0,0,0,0,0,0,1,1,0,0,0,2.9,4.0,68.3,100,-31.7,100,68.3,31.7,-2,0,0,0,0,0,0,0,0,0,0,0,0,0,0,0,0,0,0,0,0,0,0,0,0,0,0,0,0,0,0,0,0
Barking Abbey EABL,"Joshua Mendes, Kervy Mabaya, Micael Filho, Oskaras Visockas, Raphael Connolly",Copleston High School EABL,"Isaac Carty-Peters, Isaac Little, Matthew Liddamore, Noah Wilkinson, Timothy Rafiu",1,66,1.1,3.5,2,1,2,50,0,0,0,0,0,0,0,0,0,1,2,0,2,0,2,1,1,100,0,0,0,0,0,0,0,1,1,1,0,0,2,0,4.0,3.0,50,66.7,-16.7,66.7,50,16.7,0,0,0,0,0,0,0,0,0,0,0,0,0,0,0,0,0,0,0,0,0,0,0,0,0,0,0,0,0,0,0,0,0
Barking Abbey EABL,"Folarin Oguntuase, Francesco Cole, Kervy Mabaya, Kimbe N'gabala, Malik Matser",Copleston High School EABL,"Isaac Carty-Peters, Isaac Little, Matthew Liddamore, Noah Wilkinson, Timothy Rafiu",1,96,1.6,3.5,2,1,4,25,0,0,0,0,0,0,1,0,1,0,2,0,0,0,2,1,1,100,0,0,0,0,0,0,0,2,2,1,0,0,3,0,2.9,4.0,68.3,50,18.3,50,68.3,-18.3,0,0,0,0,0,0,0,0,0,0,0,0,0,0,0,0,0,0,0,0,0,0,0,0,0,0,0,0,0,0,0,0,0
City of London Academy - Southwark EABL,"Alex Morentin, Bilal Olowoshile, Daniel Banjoko, Dante Patel, Louis Thompson",HHS Reading Rockets EABL,"Ethan Harrington, James Waterhouse, Luca Bakary, Malachi Hassan-Taylor, Matthew Daines",1,122,2.0,3.5,2,1,2,50,0,0,0,0,0,0,0,1,1,0,1,0,1,0,4,2,3,66.7,0,0,0,0,0,0,0,1,1,0,1,0,1,1,3.0,4.0,66.7,100,-33.3,100,66.7,33.3,-2,0,0,0,0,0,0,0,0,0,0,0,0,0,0,0,0,0,0,0,0,0,0,0,0,0,0,0,0,0,0,0,0
City of London Academy - Southwark EABL,"Alex Morentin, Louis Thompson, Rafi Testfay, Ruben Cryer, Sharmake Shirwac",HHS Reading Rockets EABL,"Aydan Moloney, Can Okumus, James Waterhouse, Luca Bakary, Malachi Hassan-Taylor",1,100,1.7,3.5,5,2,4,50,1,1,100,0,0,0,0,1,1,2,1,1,0,0,3,1,2,50,1,1,100,0,0,0,0,2,2,1,0,0,1,0,4.0,3.0,125,100,25,100,125,-25,2,0,0,0,0,0,0,0,0,0,0,0,0,0,0,0,0,0,0,0,0,0,0,0,0,0,0,0,0,0,0,0,0
Barking Abbey EABL,"Amari Maitland, Joshua Mendes, Kervy Mabaya, Micael Filho, Raphael Connolly",Itchen College EABL,"Benjamin Cope, Dawid Cimochowski, Ethan Round, Jakub Ofman, Thomas Blower",1,113,1.9,3.5,0,0,1,0,0,0,0,0,0,0,0,0,0,0,0,0,2,0,9,4,4,100,1,1,100,0,0,0,0,1,1,3,0,0,0,0,3.0,4.0,0,225,-225,225,0,225,-9,0,0,0,0,0,0,0,0,0,0,0,0,0,0,0,0,0,0,0,0,0,0,0,0,0,0,0,0,0,0,0,0
City of London Academy - Southwark EABL,"Barack Manfo-Marc, Louis Thompson, Nyakeh Senessie, Rafi Testfay, Ruben Cryer",Copleston High School EABL,"Angus Hickey, Grant Millar, Matthew Liddamore, Noah Wilkinson, Timothy Rafiu",1,124,2.1,3.5,2,1,3,33.3,0,2,0,0,0,0,0,1,1,0,0,0,0,0,9,3,4,75,3,4,75,0,0,0,0,1,1,3,0,0,0,0,3.0,4.0,66.7,225,-158.3,225,66.7,158.3,-7,0,0,0,0,0,0,0,0,0,0,0,0,0,0,0,0,0,0,0,0,0,0,0,0,0,0,0,0,0,0,0,0
HHS Reading Rockets EABL,"Ethan Harrington, James Waterhouse, Joseph Mackinnon, Malachi Hassan-Taylor, Matthew Daines",Oaklands Wolves EABL,"Daniel Kostadinov, Enzo Da Cruz Fatuda, Gavin Mitchell, Huxley Morrell, Tristan Mcintosh",1,118,2.0,3.5,5,2,3,66.7,1,2,50,0,0,0,0,1,1,1,1,0,1,0,3,1,2,50,1,2,50,0,0,0,0,1,1,1,0,0,1,1,4.0,3.0,125,100,25,100,125,-25,2,0,0,0,0,0,0,0,0,0,0,0,0,0,0,0,0,0,0,0,0,0,0,0,0,0,0,0,0,0,0,0,0
Itchen College EABL,"Dawid Cimochowski, Elijah Lotriet, Jakub Ofman, Richard Radu, Thomas Blower",Barking Abbey EABL,"Amari Maitland, Joshua Mendes, Micael Filho, Oskaras Visockas, Raphael Connolly",1,94,1.6,3.5,5,2,4,50,1,2,50,0,0,0,0,1,1,2,0,0,0,0,2,1,2,50,0,0,0,0,0,0,0,2,2,1,0,0,1,1,4.0,3.0,125,66.7,58.3,66.7,125,-58.3,3,0,0,0,0,0,0,0,0,0,0,0,0,0,0,0,0,0,0,0,0,0,0,0,0,0,0,0,0,0,0,0,0
Itchen College EABL,"Benjamin Cope, Dawid Cimochowski, Elijah Lotriet, Ethan Round, Javen Osei-Owusu",Barking Abbey EABL,"Amari Maitland, Joshua Mendes, Kervy Mabaya, Oskaras Visockas, Raphael Connolly",1,75,1.2,3.5,3,1,2,50,1,1,100,0,0,0,0,1,1,1,1,0,1,0,2,1,2,50,0,1,0,0,0,0,0,1,1,1,0,1,2,1,3.0,4.0,100,50,50,50,100,-50,1,0,0,0,0,0,0,0,0,0,0,0,0,0,0,0,0,0,0,0,0,0,0,0,0,0,0,0,0,0,0,0,0
Derby College Trailblazers EABL,"Elias Norman, George Pastor, Jarom Howlett, Liyo Ngomti, William Tallon",SGS College EABL,"Dylan Lloyd, Kayden Richards, Kevin Ramirez Mora, Marcos Perez Tosca, Martin Alburo",1,124,2.1,3.5,5,2,3,66.7,1,2,50,0,0,0,0,2,2,2,0,0,0,2,4,2,4,50,0,0,0,0,0,0,0,1,1,0,0,0,0,0,3.0,4.0,166.7,100,66.7,100,166.7,-66.7,1,0,0,0,0,0,0,0,0,0,0,0,0,0,0,0,0,0,0,0,0,0,0,0,0,0,0,0,0,0,0,0,0
Myerscough College EABL,"Cesar Sanchez Falette, Harry Sheehan, Olivier Esingle, Salomi Latidan, Zach Trezvant",Charnwood College Riders EABL,"Pharrell Kattah, Rudy Buckingham, Tom Pearson, Tristan Curran, Zavier Gleadell-Smith",1,100,1.7,3.5,2,1,2,50,0,1,0,0,0,0,0,1,1,1,0,0,2,0,4,2,3,66.7,0,1,0,0,0,0,0,1,1,0,1,0,0,0,4.0,3.0,50,133.3,-83.3,133.3,50,83.3,-2,0,0,0,0,0,0,0,0,0,0,0,0,0,0,0,0,0,0,0,0,0,0,0,0,0,0,0,0,0,0,0,0
HHS Reading Rockets EABL,"Aydan Moloney, James Waterhouse, Luca Bakary, Malachi Hassan-Taylor, Matthew Daines",Barking Abbey EABL,"Alaxanda Nwabueze, Joshua Mendes, Micael Filho, Oskaras Visockas, Raphael Connolly",1,125,2.1,3.5,0,0,4,0,0,1,0,0,0,0,0,0,0,0,0,1,0,1,7,3,4,75,1,1,100,0,0,0,1,4,5,2,0,0,0,0,4.0,2.9,0,238.9,-238.9,238.9,0,238.9,-7,0,0,0,0,0,0,0,0,0,0,0,0,0,0,0,0,0,0,0,0,0,0,0,0,0,0,0,0,0,0,0,0
Copleston High School EABL,"Callum Fobister, Isaac Carty-Peters, Isaac Little, Matthew Liddamore, Timothy Rafiu",City of London Academy - Southwark EABL,"Alex Morentin, Andrew Nwokolo, David Banjoko, Jacob Hannick, Sharmake Shirwac",1,97,1.6,3.5,0,0,3,0,0,1,0,0,0,0,0,2,2,0,0,1,1,0,3,1,3,33.3,1,2,50,0,0,0,0,3,3,1,0,0,0,1,4.0,3.0,0,100,-100,100,0,100,-3,0,0,0,0,0,0,0,0,0,0,0,0,0,0,0,0,0,0,0,0,0,0,0,0,0,0,0,0,0,0,0,0
Charnwood College Riders EABL,"Asa Oyerinde, Pharrell Kattah, Rudy Buckingham, Tristan Curran, Zavier Gleadell-Smith",BMET City of Birmingham Rockets EABL,"Abdou Camara, Jonathan Agbeze, Patrick Walsh, Philip Basioudis, Simba Chikukwa",1,100,1.7,3.5,5,2,3,66.7,1,1,100,0,0,0,0,2,2,2,0,0,0,2,2,1,4,25,0,0,0,0,0,0,0,1,1,0,0,0,0,0,3.0,4.0,166.7,50,116.7,50,166.7,-116.7,3,0,0,0,0,0,0,0,0,0,0,0,0,0,0,0,0,0,0,0,0,0,0,0,0,0,0,0,0,0,0,0,0
Charnwood College Riders EABL,"Fahad Saeed, James Hardy, Pharrell Kattah, Tom Pearson, Tristan Curran",BMET City of Birmingham Rockets EABL,"Abdou Camara, Jonathan Agbeze, Larry Duru, Patrick Walsh, Philip Basioudis",1,73,1.2,3.5,0,0,4,0,0,1,0,0,0,0,0,1,1,0,2,0,0,0,0,0,1,0,0,1,0,0,0,0,0,3,3,0,0,2,2,0,4.0,3.0,0,0,0,0,0,0,0,0,0,0,0,0,0,0,0,0,0,0,0,0,0,0,0,0,0,0,0,0,0,0,0,0,0,0,0,0,0,0,0
HHS Reading Rockets EABL,"Can Okumus, James Waterhouse, Lazure Francis, Malachi Hassan-Taylor, Matthew Daines",Itchen College EABL,"Benjamin Cope, Dawid Cimochowski, Elijah Lotriet, Marley Edwards, Richard Radu",1,105,1.8,3.5,0,0,3,0,0,0,0,0,0,0,0,0,0,0,1,0,0,0,5,2,3,66.7,1,2,50,0,0,0,1,3,4,1,0,0,2,0,3.0,3.9,0,127.2,-127.2,127.2,0,127.2,-5,0,0,0,0,0,0,0,0,0,0,0,0,0,0,0,0,0,0,0,0,0,0,0,0,0,0,0,0,0,0,0,0
HHS Reading Rockets EABL,"Ethan Harrington, James Waterhouse, Lazure Francis, Malachi Hassan-Taylor, Matthew Daines",Copleston High School EABL,"Isaac Carty-Peters, Isaac Little, Matthew Liddamore, Noah Wilkinson, Timothy Rafiu",1,109,1.8,3.5,0,0,4,0,0,3,0,0,0,0,0,1,1,0,0,0,0,0,3,1,2,50,1,2,50,0,0,0,0,3,3,1,0,0,1,0,4.0,3.0,0,100,-100,100,0,100,-3,0,0,0,0,0,0,0,0,0,0,0,0,0,0,0,0,0,0,0,0,0,0,0,0,0,0,0,0,0,0,0,0
Itchen College EABL,"Benjamin Cope, Elijah Lotriet, Ethan Round, Javen Osei-Owusu, Mason Yeates",Charnwood College Riders EABL,"Fahad Saeed, James Hardy, Pharrell Kattah, Tom Pearson, Tristan Curran",1,98,1.6,3.5,4,2,4,50,0,0,0,0,0,0,1,1,2,1,0,0,0,1,6,3,4,75,0,1,0,0,0,0,0,1,1,0,0,0,0,0,2.9,4.0,136.5,150,-13.5,150,136.5,13.5,-2,0,0,0,0,0,0,0,0,0,0,0,0,0,0,0,0,0,0,0,0,0,0,0,0,0,0,0,0,0,0,0,0
City of London Academy - Southwark EABL,"Andrew Nwokolo, Daniel Banjoko, David Banjoko, Jacob Hannick, Toby Gass",Derby College Trailblazers EABL,"Elias Norman, Elias Rice, George Pastor, Liyo Ngomti, William Tallon",1,123,2.0,3.5,7,3,3,100,1,1,100,0,0,0,0,3,3,3,0,2,0,1,0,0,4,0,0,2,0,0,0,0,0,0,0,0,0,0,0,0,3.0,4.0,233.3,0,233.3,0,233.3,-233.3,7,0,0,0,0,0,0,0,0,0,0,0,0,0,0,0,0,0,0,0,0,0,0,0,0,0,0,0,0,0,0,0,0
Manchester Magic Academy EABL,"Abraham Isiorho, Harley Blake, Jack Walton, Lewis Clayton, Oluwademilade Babalola",Itchen College EABL,"Ethan Round, Javen Osei-Owusu, Mason Yeates, Richard Radu, Thomas Blower",1,121,2.0,3.5,4,2,4,50,0,1,0,0,0,0,0,2,2,1,1,1,0,0,0,0,2,0,0,0,0,0,0,0,0,1,1,0,0,0,1,1,4.0,3.0,100,0,100,0,100,-100,4,0,0,0,0,0,0,0,0,0,0,0,0,0,0,0,0,0,0,0,0,0,0,0,0,0,0,0,0,0,0,0,0
HHS Reading Rockets EABL,"Ethan Harrington, James Waterhouse, Joseph Mackinnon, Malachi Hassan-Taylor, Matthew Daines",SGS College EABL,"Jakub Grajcar, Kevin Ramirez Mora, Luka Matthews, Marcos Perez Tosca, Zion Lawson",1,65,1.1,3.5,6,3,3,100,0,0,0,0,0,0,0,2,2,2,0,1,1,0,2,1,3,33.3,0,1,0,0,0,0,0,0,0,0,1,0,0,0,4.0,3.0,150,66.7,83.3,66.7,150,-83.3,4,0,0,0,0,0,0,0,0,0,0,0,0,0,0,0,0,0,0,0,0,0,0,0,0,0,0,0,0,0,0,0,0
HHS Reading Rockets EABL,"Can Okumus, Ethan Harrington, James Waterhouse, Malachi Hassan-Taylor, Matthew Daines",SGS College EABL,"Imam Toure, Kevin Ramirez Mora, Marcos Perez Tosca, Tekai Wallace-Gayle, Zion Lawson",1,69,1.1,3.5,0,0,3,0,0,1,0,0,0,0,0,0,0,0,3,0,1,0,0,0,0,0,0,0,0,0,0,0,0,1,1,0,1,0,3,1,4.0,3.0,0,0,0,0,0,0,0,0,0,0,0,0,0,0,0,0,0,0,0,0,0,0,0,0,0,0,0,0,0,0,0,0,0,0,0,0,0,0,0
BMET City of Birmingham Rockets EABL,"Billy Rose, George Angoy, Jaheim Kesto, Jesse Ogbeide, Larry Duru",Derby College Trailblazers EABL,"Casey Burr, Elias Rice, Jarom Howlett, Matheo Smith-Fjordland, William Tallon",1,102,1.7,3.4,0,0,2,0,0,1,0,0,0,0,1,1,2,0,0,0,3,1,4,1,3,33.3,0,0,0,2,2,100,1,1,2,0,3,0,0,0,3.9,2.8,0,142.3,-142.3,142.3,0,142.3,-4,0,0,0,0,0,0,0,0,0,0,0,0,0,0,0,0,0,0,0,0,0,0,0,0,0,0,0,0,0,0,0,0
SGS College EABL,"Abubakar Odowa, Dylan Lloyd, Imam Toure, Marcos Perez Tosca, Martin Alburo",Myerscough College EABL,"Fin Morgan, Layjuan Farrell, Olivier Esingle, Salomi Latidan, Zach Trezvant",1,91,1.5,3.4,5,2,4,50,1,2,50,0,0,0,0,1,1,1,0,0,0,0,3,1,4,25,0,1,0,1,2,50,2,1,3,1,0,1,0,1,4.0,2.7,125,109.5,15.5,109.5,125,-15.5,2,0,0,0,0,0,0,0,0,0,0,0,0,0,0,0,0,0,0,0,0,0,0,0,0,0,0,0,0,0,0,0,0
SGS College EABL,"Imam Toure, Marcos Perez Tosca, Marcos Pospori, Martin Alburo, Shaquan Nelson",Myerscough College EABL,"Ayo Ibirinde, Cesar Sanchez Falette, Fin Morgan, Harry Sheehan, Olivier Esingle",1,43,0.7,3.4,0,0,3,0,0,1,0,0,0,0,0,0,0,0,1,0,0,0,6,2,2,100,1,1,100,1,2,50,0,3,3,1,0,1,1,0,3.0,3.9,0,154.6,-154.6,154.6,0,154.6,-6,0,0,0,0,0,0,0,0,0,0,0,0,0,0,0,0,0,0,0,0,0,0,0,0,0,0,0,0,0,0,0,0
BMET City of Birmingham Rockets EABL,"Abdou Camara, George Angoy, J. Agbeze, Jude Hyland, Philip Basioudis",SGS College EABL,"Abubakar Odowa, Kayden Richards, Marcos Pospori, Martin Alburo, Shaquan Nelson",1,77,1.3,3.4,0,0,1,0,0,1,0,0,0,0,0,3,3,0,0,0,3,1,1,0,2,0,0,0,0,1,2,50,0,1,1,0,2,0,0,0,4.0,2.9,0,34.7,-34.7,34.7,0,34.7,-1,0,0,0,0,0,0,0,0,0,0,0,0,0,0,0,0,0,0,0,0,0,0,0,0,0,0,0,0,0,0,0,0
Itchen College EABL,"Dawid Cimochowski, Elijah Lotriet, George Andrews, Jakub Ofman, Richard Radu",Copleston High School EABL,"Jaziah Mussington, Mason Wells, Matthew Liddamore, Noah Wilkinson, Timothy Rafiu",1,106,1.8,3.4,6,3,7,42.9,0,0,0,0,0,0,3,1,4,1,2,0,0,0,0,0,1,0,0,0,0,0,0,0,0,1,1,0,0,0,2,0,3.8,3.0,158.3,0,158.3,0,158.3,-158.3,6,0,0,0,0,0,0,0,0,0,0,0,0,0,0,0,0,0,0,0,0,0,0,0,0,0,0,0,0,0,0,0,0
Myerscough College EABL,"Ayo Ibirinde, Cesar Sanchez Falette, Daniel Okhuoya, Nate Byfield, Olivier Esingle",Manchester Magic Academy EABL,"Jack Odongo, Jack Walton, Oluwademilade Babalola, Samy Sidi-Boumedine, Tarique Kamal Kazmi",1,95,1.6,3.4,4,1,3,33.3,0,2,0,2,2,100,1,1,2,0,0,1,1,0,3,1,3,33.3,1,2,50,0,0,0,0,1,1,1,0,0,0,0,3.8,3.0,105,100,5,100,105,-5,1,0,0,0,0,0,0,0,0,0,0,0,0,0,0,0,0,0,0,0,0,0,0,0,0,0,0,0,0,0,0,0,0
City of London Academy - Southwark EABL,"Daniel Banjoko, Dante Patel, Nyakeh Senessie, Rafi Testfay, Sharmake Shirwac",Barking Abbey EABL,"Amari Maitland, Joshua Mendes, Kervy Mabaya, Micael Filho, Raphael Connolly",1,138,2.3,3.4,5,2,3,66.7,1,1,100,0,0,0,0,3,3,2,0,0,0,0,2,1,6,16.7,0,2,0,0,0,0,2,1,3,0,0,0,0,2,3.0,3.9,166.7,51.8,114.9,51.8,166.7,-114.9,3,0,0,0,0,0,0,0,0,0,0,0,0,0,0,0,0,0,0,0,0,0,0,0,0,0,0,0,0,0,0,0,0
Manchester Magic Academy EABL,"David Allotey, Jack Walton, Lewis Clayton, Nathan Brown, Tarique Kamal Kazmi",Derby College Trailblazers EABL,"Elias Rice, Julian Lemanski, Matheo Smith-Fjordland, Rohan Hobday, William Tallon",1,98,1.6,3.4,3,1,1,100,1,1,100,0,0,0,0,0,0,1,0,0,2,0,4,1,2,50,1,1,100,1,2,50,1,0,1,2,1,0,2,1,3.0,3.8,100,105,-5,105,100,5,-1,0,0,0,0,0,0,0,0,0,0,0,0,0,0,0,0,0,0,0,0,0,0,0,0,0,0,0,0,0,0,0,0
HHS Reading Rockets EABL,"James Waterhouse, Joseph Mackinnon, Lazure Francis, Malachi Hassan-Taylor, Matthew Daines",City of London Academy - Southwark EABL,"Bilal Olowoshile, David Banjoko, Rafi Testfay, Ruben Cryer, Sharmake Shirwac",1,85,1.4,3.4,2,0,0,0,0,0,0,2,2,100,0,0,0,1,0,0,2,0,2,1,1,100,0,0,0,0,0,0,0,0,0,1,1,0,3,1,2.9,4.0,69.4,50,19.4,50,69.4,-19.4,0,0,0,0,0,0,0,0,0,0,0,0,0,0,0,0,0,0,0,0,0,0,0,0,0,0,0,0,0,0,0,0,0
HHS Reading Rockets EABL,"Can Okumus, Joseph Mackinnon, Lazure Francis, Luca Bakary, Malachi Hassan-Taylor",City of London Academy - Southwark EABL,"Alex Morentin, Bilal Olowoshile, Rafi Testfay, Ruben Cryer, Sharmake Shirwac",1,112,1.9,3.4,7,3,5,60,1,2,50,0,0,0,1,0,1,2,0,0,0,0,2,1,3,33.3,0,1,0,0,0,0,1,1,2,0,0,0,2,0,3.9,2.9,178.1,69.9,108.2,69.9,178.1,-108.2,5,0,0,0,0,0,0,0,0,0,0,0,0,0,0,0,0,0,0,0,0,0,0,0,0,0,0,0,0,0,0,0,0
Oaklands Wolves EABL,"Daniel Kostadinov, Dylan Gladstone, Enzo Da Cruz Fatuda, Gavin Mitchell, Huxley Morrell",Itchen College EABL,"Benjamin Cope, Ethan Round, Javen Osei-Owusu, Mason Yeates, Thomas Blower",1,89,1.5,3.4,0,0,3,0,0,1,0,0,0,0,0,1,1,0,0,0,0,0,8,2,3,66.7,2,2,100,2,2,100,0,3,3,2,0,0,0,0,3.0,3.9,0,206.2,-206.2,206.2,0,206.2,-8,0,0,0,0,0,0,0,0,0,0,0,0,0,0,0,0,0,0,0,0,0,0,0,0,0,0,0,0,0,0,0,0
Derby College Trailblazers EABL,"Casey Burr, George Pastor, Jarom Howlett, Matheo Smith-Fjordland, William Tallon",Charnwood College Riders EABL,"Asa Oyerinde, Davin Hanousek, Davincy Stephens, Lewis Stevenson, Zavier Gleadell-Smith",1,100,1.7,3.4,0,0,4,0,0,2,0,0,0,0,2,2,4,0,0,0,1,1,4,1,2,50,1,1,100,1,2,50,0,2,2,1,0,1,1,0,2.9,3.9,0,103.1,-103.1,103.1,0,103.1,-4,0,0,0,0,0,0,0,0,0,0,0,0,0,0,0,0,0,0,0,0,0,0,0,0,0,0,0,0,0,0,0,0
BMET City of Birmingham Rockets EABL,"George Angoy, Jonathan Agbeze, Jude Hyland, Larry Duru, Philip Basioudis",Charnwood College Riders EABL,"Lewis Stevenson, Pharrell Kattah, Rudy Buckingham, Tristan Curran, Zavier Gleadell-Smith",1,106,1.8,3.4,6,3,4,75,0,0,0,0,0,0,0,1,1,1,0,0,0,3,1,0,0,0,0,0,0,1,4,25,0,1,1,0,0,0,1,1,4.0,2.8,150,36.2,113.8,36.2,150,-113.8,5,0,0,0,0,0,0,0,0,0,0,0,0,0,0,0,0,0,0,0,0,0,0,0,0,0,0,0,0,0,0,0,0
Manchester Magic Academy EABL,"Harley Blake, Jack Walton, Nathan Brown, Oluwademilade Babalola, Tarique Kamal Kazmi",SGS College EABL,"Dylan Lloyd, Kevin Ramirez Mora, Luka Matthews, Marcos Perez Tosca, Shaquan Nelson",1,71,1.2,3.4,1,0,1,0,0,1,0,1,2,50,0,2,2,0,0,1,2,0,3,1,3,33.3,1,1,100,0,0,0,0,1,1,1,1,0,0,0,3.9,3.0,25.8,100,-74.2,100,25.8,74.2,-2,0,0,0,0,0,0,0,0,0,0,0,0,0,0,0,0,0,0,0,0,0,0,0,0,0,0,0,0,0,0,0,0
Manchester Magic Academy EABL,"Jack Styzcen-O'keefe, Nathan Brown, Samy Sidi-Boumedine, Tarique Kamal Kazmi, Tiego Weekes",SGS College EABL,"Dylan Lloyd, Kevin Ramirez Mora, Marcos Perez Tosca, Marcos Pospori, Martin Alburo",1,101,1.7,3.4,4,1,2,50,0,1,0,2,2,100,0,0,0,1,0,0,1,0,7,3,4,75,1,2,50,0,0,0,1,1,2,1,0,0,0,0,3.9,2.9,103.1,238.9,-135.8,238.9,103.1,135.8,-3,0,0,0,0,0,0,0,0,0,0,0,0,0,0,0,0,0,0,0,0,0,0,0,0,0,0,0,0,0,0,0,0
Oaklands Wolves EABL,"Enzo Da Cruz Fatuda, Gavin Mitchell, Huxley Morrell, Liam Mcintosh, Tristan Mcintosh",Barking Abbey EABL,"Amari Maitland, Folarin Oguntuase, Kervy Mabaya, Munyaradzi Myamutenha, Oskaras Visockas",1,120,2.0,3.4,5,2,3,66.7,1,2,50,0,0,0,1,2,3,1,0,0,1,1,0,0,3,0,0,0,0,0,2,0,0,0,0,0,1,0,0,1,2.9,3.9,170.6,0,170.6,0,170.6,-170.6,5,0,0,0,0,0,0,0,0,0,0,0,0,0,0,0,0,0,0,0,0,0,0,0,0,0,0,0,0,0,0,0,0
Copleston High School EABL,"Elijah Tamakloe, Isaac Carty-Peters, Isaac Little, Matthew Liddamore, Noah Wilkinson",Oaklands Wolves EABL,"Dylan Gladstone, Guisepi Augenti, Huxley Morrell, Kajus Gasperas, Zac Gribble",1,59,1.0,3.4,4,1,2,50,0,1,0,2,2,100,1,1,2,1,0,2,1,0,3,1,3,33.3,1,1,100,0,0,0,0,0,0,1,0,0,1,1,2.8,4.0,142.3,75,67.3,75,142.3,-67.3,1,0,0,0,0,0,0,0,0,0,0,0,0,0,0,0,0,0,0,0,0,0,0,0,0,0,0,0,0,0,0,0,0
Derby College Trailblazers EABL,"Elias Rice, George Pastor, Julian Lemanski, Liyo Ngomti, William Tallon",BMET City of Birmingham Rockets EABL,"Daniel Pittaway, Jonathan Agbeze, Jude Hyland, Larry Duru, Philip Basioudis",1,81,1.4,3.4,2,1,2,50,0,1,0,0,0,0,0,0,0,1,0,0,1,1,3,1,2,50,0,1,0,1,2,50,0,1,1,1,1,0,1,0,3.0,3.9,66.7,77.3,-10.7,77.3,66.7,10.7,-1,0,0,0,0,0,0,0,0,0,0,0,0,0,0,0,0,0,0,0,0,0,0,0,0,0,0,0,0,0,0,0,0
Myerscough College EABL,"Harry Sheehan, Ivan Idemudia, Layjuan Farrell, Nathaniel Byfield, Olivier Esingle",SGS College EABL,"Antoine Bennett, Imam Toure, Luka Matthews, Marcos Perez Tosca, Martin Alburo",1,81,1.4,3.4,1,0,2,0,0,1,0,1,2,50,0,3,3,0,0,0,1,0,0,0,3,0,0,2,0,0,0,0,0,3,3,0,0,0,0,0,3.9,3.0,25.8,0,25.8,0,25.8,-25.8,1,0,0,0,0,0,0,0,0,0,0,0,0,0,0,0,0,0,0,0,0,0,0,0,0,0,0,0,0,0,0,0,0
Oaklands Wolves EABL,"Daniel Kostadinov, Dylan Gladstone, Enzo Da Cruz Fatuda, Gavin Mitchell, Liam Mcintosh",Copleston High School EABL,"Elijah Tamakloe, Isaac Little, Luke Read, Matthew Liddamore, Noah Wilkinson",1,99,1.6,3.4,8,3,4,75,1,2,50,1,2,50,1,0,1,3,1,0,0,0,0,0,1,0,0,0,0,0,0,0,0,0,0,0,0,0,2,0,3.8,3.0,210,0,210,0,210,-210,8,0,0,0,0,0,0,0,0,0,0,0,0,0,0,0,0,0,0,0,0,0,0,0,0,0,0,0,0,0,0,0,0
Copleston High School EABL,"Callum Fobister, Isaac Little, Matthew Liddamore, Noah Wilkinson, Timothy Rafiu",Itchen College EABL,"Benjamin Cope, Elijah Lotriet, Ethan Round, Jakub Ofman, Richard Radu",1,135,2.2,3.4,2,1,5,20,0,1,0,0,0,0,2,2,4,0,0,1,0,0,5,2,6,33.3,1,1,100,0,0,0,2,2,4,1,0,0,0,0,2.9,3.9,69.9,129.5,-59.6,129.5,69.9,59.6,-3,0,0,0,0,0,0,0,0,0,0,0,0,0,0,0,0,0,0,0,0,0,0,0,0,0,0,0,0,0,0,0,0
Oaklands Wolves EABL,"Daniel Kostadinov, Dylan Gladstone, Enzo Da Cruz Fatuda, Huxley Morrell, Liam Mcintosh",HHS Reading Rockets EABL,"Can Okumus, James Waterhouse, Malachi Hassan-Taylor, Matthew Daines, Nicholas Dent",1,120,2.0,3.4,6,3,4,75,0,1,0,0,0,0,1,1,2,2,1,0,0,0,5,2,4,50,1,2,50,0,0,0,1,0,1,1,0,0,1,0,2.9,3.9,204.8,127.2,77.6,127.2,204.8,-77.6,1,0,0,0,0,0,0,0,0,0,0,0,0,0,0,0,0,0,0,0,0,0,0,0,0,0,0,0,0,0,0,0,0
BMET City of Birmingham Rockets EABL,"Abdou Camara, Billy Rose, Daniel Pittaway, Guridat Singh, Simba Chikukwa",Myerscough College EABL,"Daniel Okhuoya, Fin Morgan, Jakub Bobkowski, Layjuan Farrell, Sayomi Latidan",1,110,1.8,3.4,1,0,0,0,0,0,0,1,2,50,0,0,0,0,0,0,2,1,7,2,2,100,1,1,100,2,2,100,0,0,0,2,0,0,1,1,2.9,3.9,34.7,180.4,-145.7,180.4,34.7,145.7,-6,0,0,0,0,0,0,0,0,0,0,0,0,0,0,0,0,0,0,0,0,0,0,0,0,0,0,0,0,0,0,0,0
BMET City of Birmingham Rockets EABL,"Daniel Pittaway, George Angoy, Jude Hyland, Larry Duru, Patrick Walsh",Myerscough College EABL,"Alex Cisse, Ayo Ibirinde, Fin Morgan, Jakub Bobkowski, Layjuan Farrell",1,71,1.2,3.4,0,0,2,0,0,0,0,0,0,0,0,2,2,0,0,0,2,1,2,0,2,0,0,1,0,2,2,100,0,2,2,0,1,0,0,0,4.0,2.9,0,69.4,-69.4,69.4,0,69.4,-2,0,0,0,0,0,0,0,0,0,0,0,0,0,0,0,0,0,0,0,0,0,0,0,0,0,0,0,0,0,0,0,0
Itchen College EABL,"Benjamin Cope, Ethan Round, George Andrews, Jakub Ofman, Mason Yeates",Oaklands Wolves EABL,"Enzo Da Cruz Fatuda, Gavin Mitchell, Huxley Morrell, Liam Mcintosh, Tristan Mcintosh",1,124,2.1,3.4,2,1,3,33.3,0,0,0,0,0,0,0,1,1,1,1,0,0,1,4,1,2,50,0,1,0,2,2,100,0,2,2,1,0,0,1,1,3.0,3.9,66.7,103.1,-36.4,103.1,66.7,36.4,-2,0,0,0,0,0,0,0,0,0,0,0,0,0,0,0,0,0,0,0,0,0,0,0,0,0,0,0,0,0,0,0,0
Itchen College EABL,"Benjamin Cope, Dawid Cimochowski, Elijah Lotriet, Ethan Round, Marley Edwards",Oaklands Wolves EABL,"Daniel Kostadinov, Dylan Gladstone, Enzo Da Cruz Fatuda, Liam Mcintosh, Tristan Mcintosh",1,92,1.5,3.4,5,2,4,50,0,1,0,1,2,50,0,2,2,3,0,0,0,0,0,0,2,0,0,1,0,0,0,0,0,1,1,0,0,0,0,2,4.9,2.0,102.5,0,102.5,0,102.5,-102.5,5,0,0,0,0,0,0,0,0,0,0,0,0,0,0,0,0,0,0,0,0,0,0,0,0,0,0,0,0,0,0,0,0
Itchen College EABL,"Benjamin Cope, Elijah Lotriet, Ethan Round, Jakub Ofman, Mason Yeates",Oaklands Wolves EABL,"Dylan Gladstone, Enzo Da Cruz Fatuda, Gavin Mitchell, Huxley Morrell, Liam Mcintosh",1,75,1.2,3.4,4,2,5,40,0,1,0,0,0,0,2,0,2,0,1,0,0,1,5,2,2,100,0,0,0,1,2,50,0,1,1,1,0,0,1,1,2.9,3.9,139.9,128.9,11,128.9,139.9,-11,-1,0,0,0,0,0,0,0,0,0,0,0,0,0,0,0,0,0,0,0,0,0,0,0,0,0,0,0,0,0,0,0,0
Derby College Trailblazers EABL,"Casey Burr, Elias Norman, Elias Rice, Kaleel Otaye, William Tallon",Manchester Magic Academy EABL,"David Allotey, Jack Walton, Oluwademilade Babalola, Tarique Kamal Kazmi, Tom Richardson",1,65,1.1,3.4,0,0,2,0,0,2,0,0,0,0,0,0,0,0,1,0,1,0,5,2,2,100,0,0,0,1,2,50,0,2,2,1,1,0,1,0,3.0,3.9,0,128.9,-128.9,128.9,0,128.9,-5,0,0,0,0,0,0,0,0,0,0,0,0,0,0,0,0,0,0,0,0,0,0,0,0,0,0,0,0,0,0,0,0
Barking Abbey EABL,"Alexanda Nwabueze, Folarin Oguntuase, Joshua Mendes, Micael Filho, Oskaras Visockas",Copleston High School EABL,"Callum Fobister, Isaac Little, Matthew Liddamore, Noah Wilkinson, Timothy Rafiu",1,99,1.6,3.4,2,1,4,25,0,2,0,0,1,0,2,1,3,0,0,0,1,0,0,0,2,0,0,1,0,0,0,0,0,2,2,0,0,0,1,1,3.8,3.0,52.2,0,52.2,0,52.2,-52.2,2,0,0,0,0,0,0,0,0,0,0,0,0,0,0,0,0,0,0,0,0,0,0,0,0,0,0,0,0,0,0,0,0
City of London Academy - Southwark EABL,"Bilal Olowoshile, Daniel Banjoko, Dante Patel, Louis Thompson, Sharmake Shirwac",HHS Reading Rockets EABL,"Aydan Moloney, Ethan Harrington, James Waterhouse, Luca Bakary, Matthew Daines",1,159,2.6,3.4,4,2,3,66.7,0,0,0,0,0,0,1,3,4,1,0,0,1,0,2,1,5,20,0,1,0,0,0,0,1,0,1,0,1,0,0,1,2.9,3.9,136.5,50.9,85.6,50.9,136.5,-85.6,2,0,0,0,0,0,0,0,0,0,0,0,0,0,0,0,0,0,0,0,0,0,0,0,0,0,0,0,0,0,0,0,0
Barking Abbey EABL,"Amari Maitland, Joshua Mendes, Kimbe N'gabala, Oskaras Visockas, Raphael Connolly",Itchen College EABL,"Benjamin Cope, Dawid Cimochowski, Ethan Round, George Andrews, Jakub Ofman",1,119,2.0,3.4,2,1,6,16.7,0,3,0,0,0,0,2,2,4,0,0,0,0,1,2,1,3,33.3,0,1,0,0,0,0,0,3,3,0,0,0,0,0,3.9,3.0,51.8,66.7,-14.9,66.7,51.8,14.9,0,0,0,0,0,0,0,0,0,0,0,0,0,0,0,0,0,0,0,0,0,0,0,0,0,0,0,0,0,0,0,0,0
Barking Abbey EABL,"Alexanda Nwabueze, Amari Maitland, Joshua Mendes, Oskaras Visockas, Raphael Connolly",Itchen College EABL,"Ethan Round, Javen Osei-Owusu, Mason Yeates, Richard Radu, Thomas Blower",1,59,1.0,3.4,1,0,1,0,0,1,0,1,2,50,0,2,2,0,1,1,2,1,1,0,1,0,0,0,0,1,2,50,0,1,1,0,2,0,1,0,3.9,2.9,25.8,34.7,-8.9,34.7,25.8,8.9,0,0,0,0,0,0,0,0,0,0,0,0,0,0,0,0,0,0,0,0,0,0,0,0,0,0,0,0,0,0,0,0,0
City of London Academy - Southwark EABL,"Daniel Banjoko, Dante Patel, Jacob Hannick, Louis Thompson, Toby Gass",Copleston High School EABL,"Callum Fobister, Elijah Tamakloe, Grant Millar, Matthew Liddamore, Noah Wilkinson",1,75,1.2,3.4,4,2,3,66.7,0,1,0,0,2,0,2,1,3,0,0,0,1,0,0,0,1,0,0,1,0,0,0,0,0,0,0,0,0,0,2,0,3.8,3.0,105,0,105,0,105,-105,4,0,0,0,0,0,0,0,0,0,0,0,0,0,0,0,0,0,0,0,0,0,0,0,0,0,0,0,0,0,0,0,0
Derby College Trailblazers EABL,"Elias Norman, George Pastor, Jarom Howlett, Liyo Ngomti, Matheo Smith-Fjordland",SGS College EABL,"Abubakar Odowa, Kayden Richards, Martin Alburo, Shaquan Nelson, Zion Lawson",1,132,2.2,3.4,6,3,3,100,0,0,0,0,0,0,0,0,0,3,1,1,0,1,4,1,3,33.3,0,0,0,2,2,100,1,0,1,0,0,0,2,0,3.0,3.7,200,107,93,107,200,-93,2,0,0,0,0,0,0,0,0,0,0,0,0,0,0,0,0,0,0,0,0,0,0,0,0,0,0,0,0,0,0,0,0
Derby College Trailblazers EABL,"Casey Burr, Elias Norman, Elias Rice, Matheo Smith-Fjordland, Rohan Hobday",SGS College EABL,"Dylan Lloyd, Kayden Richards, Kevin Ramirez Mora, Marcos Perez Tosca, Martin Alburo",1,68,1.1,3.4,6,2,4,50,0,0,0,2,3,66.7,2,0,2,1,1,0,0,1,4,1,1,100,0,0,0,2,2,100,0,1,1,1,0,0,1,3,3.9,2.9,154.1,138.9,15.2,138.9,154.1,-15.2,2,0,0,0,0,0,0,0,0,0,0,0,0,0,0,0,0,0,0,0,0,0,0,0,0,0,0,0,0,0,0,0,0
Oaklands Wolves EABL,"Daniel Kostadinov, Gavin Mitchell, Huxley Morrell, Liam Mcintosh, Tristan Mcintosh",City of London Academy - Southwark EABL,"Alex Morentin, Bilal Olowoshile, Louis Thompson, Rafi Testfay, Ruben Cryer",1,130,2.2,3.4,4,2,4,50,0,1,0,0,0,0,0,2,2,2,0,0,0,1,2,1,5,20,0,2,0,0,0,0,2,2,4,1,0,0,0,2,4.0,2.9,100,69.9,30.1,69.9,100,-30.1,2,0,0,0,0,0,0,0,0,0,0,0,0,0,0,0,0,0,0,0,0,0,0,0,0,0,0,0,0,0,0,0,0
HHS Reading Rockets EABL,"Aydan Moloney, Can Okumus, Ethan Harrington, Luca Bakary, Matthew Daines",Barking Abbey EABL,"Amari Maitland, Kervy Mabaya, Micael Filho, Oskaras Visockas, Raphael Connolly",1,72,1.2,3.4,2,1,2,50,0,0,0,0,0,0,0,1,1,0,0,0,1,1,4,1,3,33.3,0,0,0,2,2,100,0,1,1,1,1,0,0,1,3.0,3.9,66.7,103.1,-36.4,103.1,66.7,36.4,-2,0,0,0,0,0,0,0,0,0,0,0,0,0,0,0,0,0,0,0,0,0,0,0,0,0,0,0,0,0,0,0,0
Copleston High School EABL,"Callum Fobister, Isaac Carty-Peters, Isaac Little, Matthew Liddamore, Timothy Rafiu",City of London Academy - Southwark EABL,"Alex Morentin, Andrew Nwokolo, David Banjoko, Jacob Hannick, Louis Thompson",1,54,0.9,3.4,0,0,0,0,0,0,0,0,2,0,0,0,0,0,0,0,2,2,8,3,3,100,0,0,0,2,2,100,0,1,1,2,2,0,0,1,2.9,3.9,0,206.2,-206.2,206.2,0,206.2,-8,0,0,0,0,0,0,0,0,0,0,0,0,0,0,0,0,0,0,0,0,0,0,0,0,0,0,0,0,0,0,0,0
SGS College EABL,"Dylan Lloyd, Imam Toure, Luka Matthews, Martin Alburo, Zion Lawson",Manchester Magic Academy EABL,"David Allotey, Harley Blake, Tarique Kamal Kazmi, Tiego Weekes, Tom Richardson",1,67,1.1,3.4,4,1,3,33.3,0,2,0,2,2,100,0,1,1,1,1,0,0,0,2,1,3,33.3,0,2,0,0,0,0,1,1,2,0,0,0,1,0,3.9,2.9,103.1,68.3,34.8,68.3,103.1,-34.8,2,0,0,0,0,0,0,0,0,0,0,0,0,0,0,0,0,0,0,0,0,0,0,0,0,0,0,0,0,0,0,0,0
Barking Abbey EABL,"Alaxanda Nwabueze, Amari Maitland, Joshua Mendes, Kervy Mabaya, Oskaras Visockas",Oaklands Wolves EABL,"Daniel Kostadinov, Dylan Gladstone, Enzo Da Cruz Fatuda, Huxley Morrell, Liam Mcintosh",1,145,2.4,3.4,2,1,5,20,0,2,0,0,0,0,3,1,4,0,0,1,1,0,5,2,4,50,1,2,50,0,0,0,0,1,1,1,1,1,0,1,2.8,4.0,71.7,125,-53.3,125,71.7,53.3,-3,0,0,0,0,0,0,0,0,0,0,0,0,0,0,0,0,0,0,0,0,0,0,0,0,0,0,0,0,0,0,0,0
HHS Reading Rockets EABL,"Ethan Harrington, James Waterhouse, Lazure Francis, Malachi Hassan-Taylor, Matthew Daines",BMET City of Birmingham Rockets EABL,"George Angoy, Jonathan Agbeze, Jude Hyland, Larry Duru, Philip Basioudis",1,127,2.1,3.4,5,2,5,40,1,2,50,0,0,0,2,2,4,1,1,0,1,1,0,0,2,0,0,0,0,0,0,0,0,1,1,0,1,0,1,2,3.9,3.0,129.5,0,129.5,0,129.5,-129.5,5,0,0,0,0,0,0,0,0,0,0,0,0,0,0,0,0,0,0,0,0,0,0,0,0,0,0,0,0,0,0,0,0
HHS Reading Rockets EABL,"Can Okumus, Ethan Harrington, James Waterhouse, Luca Bakary, Matthew Daines",BMET City of Birmingham Rockets EABL,"Billy Rose, George Angoy, Larry Duru, Philip Basioudis, Simba Chikukwa",1,82,1.4,3.4,4,2,2,100,0,0,0,0,0,0,0,1,1,0,0,2,1,0,4,2,6,33.3,0,1,0,0,0,0,1,0,1,1,1,0,0,0,3.0,3.9,133.3,103.6,29.7,103.6,133.3,-29.7,0,0,0,0,0,0,0,0,0,0,0,0,0,0,0,0,0,0,0,0,0,0,0,0,0,0,0,0,0,0,0,0,0
Itchen College EABL,"Ethan Round, Jakub Ofman, Mason Yeates, Richard Radu, Thomas Blower",Charnwood College Riders EABL,"James Hardy, Okeri Hambira, Pharrell Kattah, Stanley Morris, Tom Pearson",1,80,1.3,3.4,1,0,3,0,0,0,0,1,2,50,1,1,2,0,0,0,1,0,0,0,2,0,0,1,0,0,0,0,0,2,2,0,0,0,1,1,3.8,3.0,26.2,0,26.2,0,26.2,-26.2,1,0,0,0,0,0,0,0,0,0,0,0,0,0,0,0,0,0,0,0,0,0,0,0,0,0,0,0,0,0,0,0,0
Itchen College EABL,"Ethan Round, Javen Osei-Owusu, Mason Yeates, Richard Radu, Thomas Blower",Charnwood College Riders EABL,"Fahad Saeed, James Hardy, Okeri Hambira, Tom Pearson, Zavier Gleadell-Smith",1,108,1.8,3.4,7,3,4,75,1,1,100,0,0,0,1,3,4,1,0,0,0,1,0,0,2,0,0,0,0,0,2,0,0,0,0,0,0,0,1,1,2.9,3.9,238.9,0,238.9,0,238.9,-238.9,7,0,0,0,0,0,0,0,0,0,0,0,0,0,0,0,0,0,0,0,0,0,0,0,0,0,0,0,0,0,0,0,0
Itchen College EABL,"Benjamin Cope, Elijah Lotriet, Ethan Round, Jakub Ofman, Mason Yeates",Charnwood College Riders EABL,"Davin Hanousek, Pharrell Kattah, Tom Pearson, Tristan Curran, Zavier Gleadell-Smith",1,89,1.5,3.4,2,1,2,50,0,0,0,0,0,0,0,3,3,1,0,0,1,1,1,0,2,0,0,0,0,1,2,50,0,1,1,0,1,0,1,0,3.0,3.9,66.7,25.8,40.9,25.8,66.7,-40.9,1,0,0,0,0,0,0,0,0,0,0,0,0,0,0,0,0,0,0,0,0,0,0,0,0,0,0,0,0,0,0,0,0
Manchester Magic Academy EABL,"Abraham Isiorho, Harley Blake, Jack Odongo, Jack Walton, Oluwademilade Babalola",Oaklands Wolves EABL,"Enzo Da Cruz Fatuda, Gavin Mitchell, Huxley Morrell, Liam Mcintosh, Tristan Mcintosh",1,77,1.3,3.4,4,2,3,66.7,0,0,0,0,0,0,0,0,0,2,2,0,0,1,2,0,1,0,0,0,0,2,2,100,1,1,2,0,0,0,3,0,3.0,3.8,133.3,52.5,80.8,52.5,133.3,-80.8,2,0,0,0,0,0,0,0,0,0,0,0,0,0,0,0,0,0,0,0,0,0,0,0,0,0,0,0,0,0,0,0,0
Manchester Magic Academy EABL,"Abraham Isiorho, Harley Blake, Lewis Clayton, Oluwademilade Babalola, Tom Richardson",Oaklands Wolves EABL,"Daniel Kostadinov, Gavin Mitchell, Huxley Morrell, Liam Mcintosh, Tristan Mcintosh",1,99,1.6,3.4,3,1,3,33.3,1,1,100,0,0,0,0,1,1,1,0,0,0,1,6,1,2,50,0,1,0,4,4,100,0,2,2,1,0,0,0,0,3.0,3.8,100,159.6,-59.6,159.6,100,59.6,-3,0,0,0,0,0,0,0,0,0,0,0,0,0,0,0,0,0,0,0,0,0,0,0,0,0,0,0,0,0,0,0,0
Manchester Magic Academy EABL,"Abraham Isiorho, Jack Walton, Lewis Clayton, Oluwademilade Babalola, Samy Sidi-Boumedine",Myerscough College EABL,"Cesar Sanchez Falette, Harry Sheehan, Jakub Bobkowski, Olivier Esingle, Sayomi Laditan",1,79,1.3,3.4,6,3,4,75,0,0,0,0,0,0,0,1,1,2,1,0,0,0,2,0,1,0,0,1,0,2,2,100,0,0,0,0,0,0,1,0,4.0,2.9,150,69.4,80.6,69.4,150,-80.6,4,0,0,0,0,0,0,0,0,0,0,0,0,0,0,0,0,0,0,0,0,0,0,0,0,0,0,0,0,0,0,0,0
SGS College EABL,"Che Benjamin, Dylan Lloyd, Kayden Richards, Marcos Perez Tosca, Shaquan Nelson",Myerscough College EABL,"Harry Sheehan, Jakub Bobkowski, Olivier Esingle, Sayomi Latidan, Zach Trezvant",1,29,0.5,3.3,0,0,0,0,0,0,0,0,0,0,0,1,1,0,0,0,3,2,5,0,1,0,0,1,0,5,7,71.4,1,0,1,1,1,0,0,0,3.0,3.5,0,141,-141,141,0,141,-5,0,0,0,0,0,0,0,0,0,0,0,0,0,0,0,0,0,0,0,0,0,0,0,0,0,0,0,0,0,0,0,0
SGS College EABL,"Dylan Lloyd, Marcos Pospori, Martin Alburo, Tekai Wallace-Gayle, Washington Wewe",Myerscough College EABL,"Ashton Scott, Ayo Ibirinde, Cesar Sanchez Falette, Harry Sheehan, Jakub Bobkowski",1,110,1.8,3.3,3,1,1,100,0,0,0,1,2,50,0,0,0,1,0,0,1,1,7,3,4,75,0,1,0,1,2,50,2,0,2,2,1,0,0,1,2.9,3.8,104.2,183.7,-79.6,183.7,104.2,79.6,-4,0,0,0,0,0,0,0,0,0,0,0,0,0,0,0,0,0,0,0,0,0,0,0,0,0,0,0,0,0,0,0,0
City of London Academy - Southwark EABL,"Andrew Nwokolo, Daniel Banjoko, David Banjoko, Jacob Hannick, Toby Gass",Itchen College EABL,"Benjamin Cope, Ethan Round, Jakub Ofman, Javen Osei-Owusu, Marley Edwards",1,78,1.3,3.3,1,0,1,0,0,0,0,1,3,33.3,0,1,1,0,0,1,1,2,3,1,2,50,1,1,100,0,2,0,1,1,2,1,0,0,1,1,3.3,3.3,30.1,89.7,-59.6,89.7,30.1,59.6,-2,0,0,0,0,0,0,0,0,0,0,0,0,0,0,0,0,0,0,0,0,0,0,0,0,0,0,0,0,0,0,0,0
Copleston High School EABL,"Callum Fobister, Isaac Carty-Peters, Isaac Little, Matthew Liddamore, Timothy Rafiu",HHS Reading Rockets EABL,"James Waterhouse, Lazure Franicis, Malachi Hassan-Taylor, Matthew Daines, Nicholas Dent",1,75,1.2,3.3,4,0,1,0,0,0,0,4,4,100,0,1,1,0,2,0,0,0,2,1,3,33.3,0,1,0,0,0,0,1,1,2,0,0,0,2,2,2.8,3.9,144.9,50.9,94,50.9,144.9,-94,2,0,0,0,0,0,0,0,0,0,0,0,0,0,0,0,0,0,0,0,0,0,0,0,0,0,0,0,0,0,0,0,0
Copleston High School EABL,"Isaac Carty-Peters, Isaac Little, Luke Read, Matthew Liddamore, Noah Wilkinson",Oaklands Wolves EABL,"Daniel Kostadinov, Dylan Gladstone, Enzo Da Cruz Fatuda, Gavin Mitchell, Liam Mcintosh",1,73,1.2,3.3,2,1,4,25,0,1,0,0,0,0,1,1,2,0,0,0,0,1,7,1,3,33.3,1,2,50,4,4,100,1,2,3,1,0,0,0,1,2.9,3.7,68.3,189.7,-121.4,189.7,68.3,121.4,-5,0,0,0,0,0,0,0,0,0,0,0,0,0,0,0,0,0,0,0,0,0,0,0,0,0,0,0,0,0,0,0,0
Manchester Magic Academy EABL,"Abraham Sagay Isiorho, David Allotey, Jack Odongo, Jack Walton, Tiego Weekes",Myerscough College EABL,"Ayo Ibirinde, Harry Sheehan, Jakub Bobkowski, Olivier Esingle, Sayomi Latidan",1,121,2.0,3.3,2,0,3,0,0,1,0,2,2,100,0,0,0,0,0,0,0,1,3,1,2,50,0,1,0,1,2,50,1,2,3,1,0,0,1,1,3.9,2.8,51.5,106.8,-55.2,106.8,51.5,55.2,-1,0,0,0,0,0,0,0,0,0,0,0,0,0,0,0,0,0,0,0,0,0,0,0,0,0,0,0,0,0,0,0,0
City of London Academy - Southwark EABL,"Alex Morentin, Andrew Nwokolo, Dante Patel, Louis Thompson, Rafi Testfay",Copleston High School EABL,"Callum Fobister, Elijah Tamakloe, Luke Read, Matthew Liddamore, Noah Wilkinson",1,92,1.5,3.3,6,2,3,66.7,1,1,100,1,2,50,0,0,0,2,1,0,0,1,1,0,2,0,0,2,0,1,2,50,1,1,2,0,0,1,2,1,3.9,2.7,154.6,36.5,118.1,36.5,154.6,-118.1,5,0,0,0,0,0,0,0,0,0,0,0,0,0,0,0,0,0,0,0,0,0,0,0,0,0,0,0,0,0,0,0,0
HHS Reading Rockets EABL,"Ethan Harrington, James Waterhouse, Joseph Mackinnon, Malachi Hassan-Taylor, Matthew Daines",Copleston High School EABL,"Callum Fobister, Grant Millar, Isaac Little, Matthew Liddamore, Timothy Rafiu",1,157,2.6,3.3,2,1,4,25,0,1,0,0,0,0,1,2,3,1,0,0,0,2,5,1,5,20,1,2,50,2,2,100,2,2,4,0,0,0,0,0,2.9,3.7,68.3,133.7,-65.4,133.7,68.3,65.4,-3,0,0,0,0,0,0,0,0,0,0,0,0,0,0,0,0,0,0,0,0,0,0,0,0,0,0,0,0,0,0,0,0
Myerscough College EABL,"Cesar Sanchez Falette, Harry Sheehan, Jakub Bobkowski, Sayomi Latidan, Zach Trezvant",Barking Abbey EABL,"Alaxanda Nwabueze, Amari Maitland, Folarin Oguntuase, Kervy Mabaya, Oskaras Visockas",1,150,2.5,3.3,7,2,4,50,1,3,33.3,2,2,100,1,1,2,1,0,1,0,1,6,2,5,40,2,4,50,0,0,0,2,1,3,2,0,0,0,0,3.8,2.9,183.7,209.8,-26.1,209.8,183.7,26.1,1,0,0,0,0,0,0,0,0,0,0,0,0,0,0,0,0,0,0,0,0,0,0,0,0,0,0,0,0,0,0,0,0
BMET City of Birmingham Rockets EABL,"Jonathan Agbeze, Jude Hyland, Larry Duru, Patrick Walsh, Philip Basioudis",Copleston High School EABL,"Elijah Tamakloe, Isaac Little, Matthew Liddamore, Noah Wilkinson, Timothy Rafiu",1,82,1.4,3.3,2,0,3,0,0,0,0,2,2,100,0,1,1,0,0,0,0,2,1,0,1,0,0,1,0,1,4,25,0,2,2,0,0,1,0,1,3.9,2.8,51.5,36.2,15.3,36.2,51.5,-15.3,1,0,0,0,0,0,0,0,0,0,0,0,0,0,0,0,0,0,0,0,0,0,0,0,0,0,0,0,0,0,0,0,0
Manchester Magic Academy EABL,"Harley Blake, Jack Odongo, Jack Walton, Oluwademilade Babalola, Tarique Kamal Kazmi",Itchen College EABL,"Benjamin Cope, Dawid Cimochowski, Ethan Round, Jakub Ofman, Thomas Blower",1,96,1.6,3.3,3,1,4,25,0,1,0,1,1,100,1,2,3,0,0,0,0,1,2,1,3,33.3,0,1,0,0,2,0,1,2,3,0,0,0,0,1,3.4,3.2,89,63.2,25.9,63.2,89,-25.9,1,0,0,0,0,0,0,0,0,0,0,0,0,0,0,0,0,0,0,0,0,0,0,0,0,0,0,0,0,0,0,0,0
City of London Academy - Southwark EABL,"Bilal Olowoshile, Daniel Banjoko, Dante Patel, Jacob Hannick, Toby Gass",Myerscough College EABL,"Cesar Sanchez Falette, Daniel Okhuoya, Fin Morgan, Jakub Bobkowski, Sayomi Latidan",1,113,1.9,3.3,9,2,2,100,1,1,100,4,4,100,0,0,0,2,1,0,0,1,4,2,4,50,0,0,0,0,0,0,1,0,1,1,0,0,1,2,3.8,2.9,239.4,139.9,99.5,139.9,239.4,-99.5,5,0,0,0,0,0,0,0,0,0,0,0,0,0,0,0,0,0,0,0,0,0,0,0,0,0,0,0,0,0,0,0,0
Manchester Magic Academy EABL,"Abraham Isiorho, Jack Odongo, Jack Walton, Nathan Brown, Oluwademilade Babalola",Myerscough College EABL,"Cesar Sanchez Falette, Fin Morgan, Jakub Bobkowski, Sayomi Laditan, Zach Trezvant",1,97,1.6,3.3,1,0,3,0,0,2,0,1,2,50,1,1,2,1,1,1,1,1,2,1,4,25,0,1,0,0,0,0,2,2,4,0,1,0,1,0,3.8,2.9,26.2,69.9,-43.7,69.9,26.2,43.7,-1,0,0,0,0,0,0,0,0,0,0,0,0,0,0,0,0,0,0,0,0,0,0,0,0,0,0,0,0,0,0,0,0
Manchester Magic Academy EABL,"Abraham Isiorho, Harley Blake, Jack Odongo, Jack Walton, Oluwademilade Babalola",Myerscough College EABL,"Harry Sheehan, Jakub Bobkowski, Olivier Esingle, Salomi Laditan, Sayomi Laditan",1,85,1.4,3.3,0,0,2,0,0,0,0,0,0,0,0,0,0,0,0,0,1,3,6,1,1,100,0,0,0,4,6,66.7,0,2,2,0,1,1,0,3,3.0,3.6,0,164.8,-164.8,164.8,0,164.8,-6,0,0,0,0,0,0,0,0,0,0,0,0,0,0,0,0,0,0,0,0,0,0,0,0,0,0,0,0,0,0,0,0
BMET City of Birmingham Rockets EABL,"George Angoy, Issac Gisbourne, Jude Hyland, Larry Duru, Philip Basioudis",Derby College Trailblazers EABL,"Casey Burr, Elias Norman, Julian Lemanski, Liyo Ngomti, Matheo Smith-Fjordland",1,65,1.1,3.2,0,0,3,0,0,2,0,0,0,0,1,0,1,0,0,0,2,0,6,3,3,100,0,0,0,0,0,0,0,1,1,2,2,0,0,1,3.4,3.0,0,200,-200,200,0,200,-6,0,0,0,0,0,0,0,0,0,0,0,0,0,0,0,0,0,0,0,0,0,0,0,0,0,0,0,0,0,0,0,0
Manchester Magic Academy EABL,"Abraham Sagay Isiorho, Harley Blake, Jack Odongo, Jack Walton, Oluwademilade Babalola",Charnwood College Riders EABL,"Lewis Stevenson, Rudy Buckingham, Stanley Morris, Tom Pearson, Tristan Curran",1,86,1.4,3.2,3,1,2,50,1,1,100,0,0,0,0,1,1,1,0,1,1,0,5,2,5,40,1,2,50,0,0,0,1,1,2,1,0,0,0,0,3.0,3.4,100,147.3,-47.3,147.3,100,47.3,-2,0,0,0,0,0,0,0,0,0,0,0,0,0,0,0,0,0,0,0,0,0,0,0,0,0,0,0,0,0,0,0,0
City of London Academy - Southwark EABL,"Andrew Nwokolo, Dante Patel, David Banjoko, Sharmake Shirwac, Toby Gass",Itchen College EABL,"Alvin Ben-Uloko, Benjamin Cope, Elijah Lotriet, Ethan Round, Javen Osei-Owusu",1,67,1.1,3.2,1,0,0,0,0,0,0,1,1,100,0,1,1,0,0,0,3,1,4,2,3,66.7,0,0,0,0,0,0,0,0,0,1,2,0,0,0,3.4,3.0,29.1,133.3,-104.3,133.3,29.1,104.3,-3,0,0,0,0,0,0,0,0,0,0,0,0,0,0,0,0,0,0,0,0,0,0,0,0,0,0,0,0,0,0,0,0
City of London Academy - Southwark EABL,"Andrew Nwokolo, Daniel Banjoko, David Banjoko, Rafi Testfay, Toby Gass",Barking Abbey EABL,"Amari Maitland, Joshua Mendes, Kervy Mabaya, Micael Filho, Raphael Connolly",1,90,1.5,3.2,3,1,3,33.3,0,0,0,1,1,100,1,1,2,1,0,0,1,0,2,1,3,33.3,0,1,0,0,0,0,0,1,1,1,0,0,0,2,3.4,3.0,89,66.7,22.4,66.7,89,-22.4,1,0,0,0,0,0,0,0,0,0,0,0,0,0,0,0,0,0,0,0,0,0,0,0,0,0,0,0,0,0,0,0,0
Manchester Magic Academy EABL,"Harley Blake, Jack Walton, Nathan Brown, Oluwademilade Babalola, Tarique Kamal Kazmi",Derby College Trailblazers EABL,"Casey Burr, Elias Rice, Julian Lemanski, Rohan Hobday, William Tallon",1,76,1.3,3.2,0,0,1,0,0,0,0,0,0,0,0,1,1,0,0,0,2,1,5,1,2,50,0,1,0,3,3,100,0,1,1,1,2,0,0,0,3.0,3.3,0,150.6,-150.6,150.6,0,150.6,-5,0,0,0,0,0,0,0,0,0,0,0,0,0,0,0,0,0,0,0,0,0,0,0,0,0,0,0,0,0,0,0,0
Manchester Magic Academy EABL,"Jack Walton, Lewis Clayton, Oluwademilade Babalola, Samy Sidi-Boumedine, Tarique Kamal Kazmi",Derby College Trailblazers EABL,"Casey Burr, Elias Rice, Matheo Smith-Fjordland, Rohan Hobday, William Tallon",1,54,0.9,3.2,0,0,2,0,0,0,0,0,0,0,0,1,1,0,0,0,1,1,6,3,3,100,0,0,0,0,1,0,0,2,2,3,1,2,0,0,3.0,3.4,0,174.4,-174.4,174.4,0,174.4,-6,0,0,0,0,0,0,0,0,0,0,0,0,0,0,0,0,0,0,0,0,0,0,0,0,0,0,0,0,0,0,0,0
Myerscough College EABL,"Fin Morgan, Harry Sheehan, Olivier Esingle, Salomi Latidan, Zach Trezvant",BMET City of Birmingham Rockets EABL,"Abdou Camara, Daniel Pittaway, Guridat Singh, Jude Hyland, Patrick Walsh",1,70,1.2,3.2,3,1,2,50,0,1,0,1,1,100,0,1,1,1,1,0,1,0,0,0,1,0,0,0,0,0,0,0,0,1,1,0,1,0,2,1,3.4,3.0,87.2,0,87.2,0,87.2,-87.2,3,0,0,0,0,0,0,0,0,0,0,0,0,0,0,0,0,0,0,0,0,0,0,0,0,0,0,0,0,0,0,0,0
SGS College EABL,"Antoine Bennett, Dylan Lloyd, Kayden Richards, Marcos Pospori, Martin Alburo",Derby College Trailblazers EABL,"Elias Rice, George Pastor, Julian Lemanski, Matheo Smith-Fjordland, William Tallon",1,63,1.1,3.2,5,2,3,66.7,0,0,0,1,1,100,0,2,2,0,0,0,0,0,2,1,4,25,0,1,0,0,0,0,1,1,2,1,0,0,0,2,3.4,2.9,145.3,68.3,77.1,68.3,145.3,-77.1,3,0,0,0,0,0,0,0,0,0,0,0,0,0,0,0,0,0,0,0,0,0,0,0,0,0,0,0,0,0,0,0,0
Derby College Trailblazers EABL,"Casey Burr, Elias Norman, Elias Rice, George Pastor, Rohan Hobday",Charnwood College Riders EABL,"Pharrell Kattah, Rudy Buckingham, Tom Pearson, Tristan Curran, Zavier Gleadell-Smith",1,131,2.2,3.2,2,1,3,33.3,0,0,0,0,0,0,0,2,2,0,0,0,0,2,2,1,3,33.3,0,2,0,0,1,0,0,2,2,0,0,0,0,0,3.0,3.4,66.7,58.1,8.5,58.1,66.7,-8.5,0,0,0,0,0,0,0,0,0,0,0,0,0,0,0,0,0,0,0,0,0,0,0,0,0,0,0,0,0,0,0,0,0
Derby College Trailblazers EABL,"George Pastor, Jarom Howlett, Liyo Ngomti, Matheo Smith-Fjordland, William Tallon",Charnwood College Riders EABL,"Asa Oyerinde, Davin Hanousek, Davincy Stephens, Lewis Stevenson, Zavier Gleadell-Smith",1,86,1.4,3.2,3,1,3,33.3,0,1,0,1,1,100,1,0,1,1,1,0,2,0,0,0,1,0,0,1,0,0,0,0,0,1,1,0,1,0,1,1,4.4,2.0,68.6,0,68.6,0,68.6,-68.6,3,0,0,0,0,0,0,0,0,0,0,0,0,0,0,0,0,0,0,0,0,0,0,0,0,0,0,0,0,0,0,0,0
BMET City of Birmingham Rockets EABL,"George Angoy, Guridat Singh, Jonathan Agbeze, Jude Hyland, Larry Duru",Charnwood College Riders EABL,"Asa Oyerinde, Rudy Buckingham, Tom Pearson, Tristan Curran, Zavier Gleadell-Smith",1,85,1.4,3.2,2,1,4,25,0,1,0,0,0,0,1,2,3,1,0,1,1,0,2,1,4,25,0,1,0,0,0,0,1,1,2,1,1,1,0,1,3.4,2.9,58.9,68.3,-9.3,68.3,58.9,9.3,0,0,0,0,0,0,0,0,0,0,0,0,0,0,0,0,0,0,0,0,0,0,0,0,0,0,0,0,0,0,0,0,0
Itchen College EABL,"Dawid Cimochowski, George Andrews, Javen Osei-Owusu, Richard Radu, Thomas Blower",HHS Reading Rockets EABL,"Can Okumus, James Waterhouse, Lazure Franicis, Luca Bakary, Nicholas Dent",1,115,1.9,3.2,4,2,2,100,0,0,0,0,1,0,1,0,1,2,0,0,1,1,3,1,1,100,0,0,0,1,2,50,0,0,0,1,0,0,1,0,3.4,2.9,116.3,104.2,12.1,104.2,116.3,-12.1,1,0,0,0,0,0,0,0,0,0,0,0,0,0,0,0,0,0,0,0,0,0,0,0,0,0,0,0,0,0,0,0,0
Oaklands Wolves EABL,"Daniel Kostadinov, Enzo Da Cruz Fatuda, Gavin Mitchell, Huxley Morrell, Liam Mcintosh",Barking Abbey EABL,"Amari Maitland, Kervy Mabaya, Micael Filho, Munyaradzi Myamutenha, Raphael Connolly",1,83,1.4,3.2,2,1,3,33.3,0,0,0,0,0,0,1,2,3,0,0,0,1,1,3,1,3,33.3,0,1,0,1,1,100,0,1,1,1,1,0,0,0,2.9,3.4,68.3,87.2,-18.9,87.2,68.3,18.9,-1,0,0,0,0,0,0,0,0,0,0,0,0,0,0,0,0,0,0,0,0,0,0,0,0,0,0,0,0,0,0,0,0
Derby College Trailblazers EABL,"Elias Norman, George Pastor, Jarom Howlett, Liyo Ngomti, William Tallon",BMET City of Birmingham Rockets EABL,"Daniel Pittaway, George Angoy, Jude Hyland, Larry Duru, Patrick Walsh",1,95,1.6,3.2,4,2,3,66.7,0,1,0,0,0,0,0,0,0,2,0,0,0,1,5,1,1,100,0,0,0,3,3,100,0,1,1,1,0,0,1,0,3.0,3.3,133.3,150.6,-17.3,150.6,133.3,17.3,-1,0,0,0,0,0,0,0,0,0,0,0,0,0,0,0,0,0,0,0,0,0,0,0,0,0,0,0,0,0,0,0,0
Myerscough College EABL,"Harry Sheehan, Nathaniel Byfield, Olivier Esingle, Sayomi Latidan, Zach Trezvant",SGS College EABL,"Imam Toure, Kevin Ramirez Mora, Luka Matthews, Marcos Perez Tosca, Shaquan Nelson",1,127,2.1,3.2,2,1,3,33.3,0,1,0,0,2,0,3,2,5,1,0,0,2,1,1,0,3,0,0,1,0,1,2,50,1,0,1,0,1,1,1,1,3.7,3.8,53.5,26.2,27.2,26.2,53.5,-27.2,1,0,0,0,0,0,0,0,0,0,0,0,0,0,0,0,0,0,0,0,0,0,0,0,0,0,0,0,0,0,0,0,0
Manchester Magic Academy EABL,"Harley Blake, Jack Odongo, Jack Walton, Oluwademilade Babalola, Tom Richardson",Myerscough College EABL,"Cesar Sanchez Falette, Nathaniel Byfield, Olivier Esingle, Salomi Latidan, Zach Trezvant",1,117,1.9,3.2,5,2,3,66.7,1,1,100,0,0,0,0,1,1,1,0,0,0,2,5,2,3,66.7,0,0,0,1,1,100,0,1,1,1,0,0,0,2,3.0,3.4,166.7,145.3,21.3,145.3,166.7,-21.3,0,0,0,0,0,0,0,0,0,0,0,0,0,0,0,0,0,0,0,0,0,0,0,0,0,0,0,0,0,0,0,0,0
SGS College EABL,"Kayden Richards, Kevin Ramirez Mora, Marcos Perez Tosca, Martin Alburo, Ryan Cabrera",BMET City of Birmingham Rockets EABL,"George Angoy, Jude Hyland, Larry Duru, Patrick Walsh, Philip Basioudis",1,95,1.6,3.2,4,2,4,50,0,1,0,0,0,0,2,2,4,1,0,0,1,0,2,1,5,20,0,3,0,0,0,0,1,0,1,1,0,0,0,0,2.9,3.6,139.9,56,83.9,56,139.9,-83.9,2,0,0,0,0,0,0,0,0,0,0,0,0,0,0,0,0,0,0,0,0,0,0,0,0,0,0,0,0,0,0,0,0
Itchen College EABL,"Benjamin Cope, George Andrews, Jakub Ofman, Mason Yeates, Thomas Blower",Oaklands Wolves EABL,"Dylan Gladstone, Enzo Da Cruz Fatuda, Gavin Mitchell, Huxley Morrell, Liam Mcintosh",1,102,1.7,3.2,2,1,3,33.3,0,1,0,0,0,0,0,0,0,0,0,0,0,1,5,2,2,100,0,0,0,1,1,100,0,2,2,0,0,0,1,0,3.0,3.4,66.7,145.3,-78.7,145.3,66.7,78.7,-3,0,0,0,0,0,0,0,0,0,0,0,0,0,0,0,0,0,0,0,0,0,0,0,0,0,0,0,0,0,0,0,0
Derby College Trailblazers EABL,"Casey Burr, Elias Norman, Elias Rice, Rohan Hobday, William Tallon",Manchester Magic Academy EABL,"David Allotey, Jack Walton, Oluwademilade Babalola, Tarique Kamal Kazmi, Tom Richardson",1,128,2.1,3.2,5,2,3,66.7,0,0,0,1,1,100,0,0,0,2,0,0,1,0,6,2,2,100,2,2,100,0,0,0,0,0,0,2,0,1,0,0,4.4,2.0,112.6,300,-187.4,300,112.6,187.4,-1,0,0,0,0,0,0,0,0,0,0,0,0,0,0,0,0,0,0,0,0,0,0,0,0,0,0,0,0,0,0,0,0
SGS College EABL,"Dylan Lloyd, Imam Toure, Luka Matthews, Marcos Perez Tosca, Martin Alburo",Charnwood College Riders EABL,"Andrew Young, Fahad Saeed, Pharrell Kattah, Tristan Curran, Zavier Gleadell-Smith",1,88,1.5,3.2,5,2,3,66.7,0,1,0,1,1,100,0,1,1,2,1,0,0,0,2,1,3,33.3,0,1,0,0,0,0,1,1,2,0,0,0,1,1,3.4,2.9,145.3,68.3,77.1,68.3,145.3,-77.1,3,0,0,0,0,0,0,0,0,0,0,0,0,0,0,0,0,0,0,0,0,0,0,0,0,0,0,0,0,0,0,0,0
SGS College EABL,"Dylan Lloyd, Kevin Ramirez Mora, Luka Matthews, Marcos Perez Tosca, Shaquan Nelson",Charnwood College Riders EABL,"Andrew Young, Asa Oyerinde, Lewis Stevenson, Tristan Curran, Zavier Gleadell-Smith",1,71,1.2,3.2,3,1,3,33.3,1,2,50,0,0,0,1,4,5,1,0,1,1,0,0,0,3,0,0,0,0,0,1,0,0,1,1,0,1,0,0,1,2.9,3.4,102.4,0,102.4,0,102.4,-102.4,3,0,0,0,0,0,0,0,0,0,0,0,0,0,0,0,0,0,0,0,0,0,0,0,0,0,0,0,0,0,0,0,0
City of London Academy - Southwark EABL,"Andrew Nwokolo, Bilal Olowoshile, Jacob Hannick, Louis Thompson, Ruben Cryer",HHS Reading Rockets EABL,"Aydan Moloney, James Waterhouse, Luca Bakary, Malachi Hassan-Taylor, Matthew Daines",1,107,1.8,3.2,3,1,3,33.3,0,1,0,1,1,100,0,1,1,1,0,0,0,0,6,2,3,66.7,2,2,100,0,0,0,0,2,2,1,0,0,0,1,3.4,3.0,87.2,200,-112.8,200,87.2,112.8,-3,0,0,0,0,0,0,0,0,0,0,0,0,0,0,0,0,0,0,0,0,0,0,0,0,0,0,0,0,0,0,0,0
HHS Reading Rockets EABL,"Can Okumus, Joseph Mackinnon, Luca Bakary, Malachi Hassan-Taylor, Matthew Daines",Barking Abbey EABL,"Joshua Mendes, Kervy Mabaya, Micael Filho, Oskaras Visockas, Solomon Dobson Smith",1,77,1.3,3.2,1,0,0,0,0,0,0,1,1,100,0,0,0,0,0,0,3,0,7,3,3,100,1,1,100,0,0,0,0,0,0,1,2,0,0,0,3.4,3.0,29.1,233.3,-204.3,233.3,29.1,204.3,-6,0,0,0,0,0,0,0,0,0,0,0,0,0,0,0,0,0,0,0,0,0,0,0,0,0,0,0,0,0,0,0,0
Copleston High School EABL,"Callum Fobister, Isaac Little, Matthew Liddamore, Noah Wilkinson, Timothy Rafiu",City of London Academy - Southwark EABL,"Daniel Banjoko, David Banjoko, Louis Thompson, Rafi Testfay, Sharmake Shirwac",1,63,1.1,3.2,3,1,1,100,0,0,0,1,1,100,0,2,2,0,1,1,2,0,0,0,2,0,0,0,0,0,0,0,0,0,0,0,1,0,1,0,3.4,3.0,87.2,0,87.2,0,87.2,-87.2,3,0,0,0,0,0,0,0,0,0,0,0,0,0,0,0,0,0,0,0,0,0,0,0,0,0,0,0,0,0,0,0,0
SGS College EABL,"Dylan Lloyd, Kayden Richards, Kevin Ramirez Mora, Marcos Perez Tosca, Martin Alburo",Manchester Magic Academy EABL,"Abraham Sagay Isiorho, Harley Blake, Jack Odongo, Jack Walton, Oluwademilade Babalola",1,89,1.5,3.2,0,0,2,0,0,1,0,0,0,0,0,1,1,0,0,0,1,0,5,2,4,50,0,1,0,1,1,100,1,2,3,0,1,0,0,0,3.0,3.4,0,148.4,-148.4,148.4,0,148.4,-5,0,0,0,0,0,0,0,0,0,0,0,0,0,0,0,0,0,0,0,0,0,0,0,0,0,0,0,0,0,0,0,0
Barking Abbey EABL,"Alaxanda Nwabueze, Kervy Mabaya, Micael Filho, Oskaras Visockas, Solomon Dobson Smith",Oaklands Wolves EABL,"Blaine Thompson, Daniel Kostadinov, Dylan Gladstone, Enzo Da Cruz Fatuda, Tristan Mcintosh",1,128,2.1,3.2,0,0,4,0,0,1,0,0,0,0,1,1,2,0,1,0,1,1,3,1,4,25,1,1,100,0,0,0,2,2,4,1,1,0,1,0,3.6,2.9,0,104.9,-104.9,104.9,0,104.9,-3,0,0,0,0,0,0,0,0,0,0,0,0,0,0,0,0,0,0,0,0,0,0,0,0,0,0,0,0,0,0,0,0
SGS College EABL,"Abubakar Odowa, Dylan Lloyd, Kayden Richards, Marcos Pospori, Shaquan Nelson",Myerscough College EABL,"Aboyomi Aiyedun, Ashton Scott, Jakub Bobkowski, Olivier Esingle, Salomi Latidan",1,28,0.5,3.1,4,1,3,33.3,0,2,0,2,2,100,1,1,2,0,1,0,0,0,3,1,3,33.3,0,0,0,1,2,50,2,1,3,0,0,0,1,1,2.8,3.5,142.3,86.9,55.5,86.9,142.3,-55.5,1,0,0,0,0,0,0,0,0,0,0,0,0,0,0,0,0,0,0,0,0,0,0,0,0,0,0,0,0,0,0,0,0
SGS College EABL,"Dylan Lloyd, Imam Toure, Kevin Ramirez Mora, Marcos Perez Tosca, Shaquan Nelson",Myerscough College EABL,"Ashton Scott, Fin Morgan, Layjuan Farrell, Salomi Latidan, Sayomi Latidan",1,115,1.9,3.1,2,0,1,0,0,0,0,2,2,100,0,1,1,0,0,0,1,1,5,2,3,66.7,0,0,0,1,2,50,1,1,2,1,1,0,0,0,2.9,3.3,69.4,149.5,-80,149.5,69.4,80,-3,0,0,0,0,0,0,0,0,0,0,0,0,0,0,0,0,0,0,0,0,0,0,0,0,0,0,0,0,0,0,0,0
Barking Abbey EABL,"Alaxanda Nwabueze, Francesco Cole, Harry Egbayelo, Malik Matser, Munyaradzi Myamutenha",HHS Reading Rockets EABL,"Can Okumus, Joseph Mackinnon, Lazure Franicis, Malachi Hassan-Taylor, Saun Ejiofor",1,70,1.2,3.1,0,0,1,0,0,0,0,0,2,0,0,0,0,0,1,0,1,1,4,1,1,100,0,0,0,2,3,66.7,0,1,1,0,0,0,1,2,2.9,3.3,0,120.5,-120.5,120.5,0,120.5,-4,0,0,0,0,0,0,0,0,0,0,0,0,0,0,0,0,0,0,0,0,0,0,0,0,0,0,0,0,0,0,0,0
Copleston High School EABL,"Isaac Carty-Peters, Isaac Little, Matthew Liddamore, Noah Wilkinson, Timothy Rafiu",HHS Reading Rockets EABL,"Can Okumus, James Waterhouse, Malachi Hassan-Taylor, Matthew Daines, Nicholas Dent",1,68,1.1,3.1,3,1,3,33.3,1,2,50,0,0,0,1,1,2,1,0,0,1,1,3,1,4,25,0,0,0,1,1,100,2,1,3,0,1,0,1,0,2.9,3.3,102.4,90.9,11.5,90.9,102.4,-11.5,0,0,0,0,0,0,0,0,0,0,0,0,0,0,0,0,0,0,0,0,0,0,0,0,0,0,0,0,0,0,0,0,0
Charnwood College Riders EABL,"Davin Hanousek, Lewis Stevenson, Rudy Buckingham, Stanley Morris, Tristan Curran",Myerscough College EABL,"Daniel Okhuoya, Harry Sheehan, Olivier Esingle, Sayomi Laditan, Zach Trezvant",1,97,1.6,3.1,2,1,3,33.3,0,0,0,0,0,0,1,2,3,0,0,0,1,1,2,0,2,0,0,1,0,2,3,66.7,0,1,1,0,0,0,0,0,2.9,3.3,68.3,60.2,8,60.2,68.3,-8,0,0,0,0,0,0,0,0,0,0,0,0,0,0,0,0,0,0,0,0,0,0,0,0,0,0,0,0,0,0,0,0,0
Derby College Trailblazers EABL,"Jarom Howlett, Julian Lemanski, Liyo Ngomti, Rohan Hobday, William Tallon",Myerscough College EABL,"Ayo Ibirinde, Daniel Okhuoya, Jakub Bobkowski, Layjuan Farrell, Nathaniel Byfield",1,75,1.2,3.1,5,1,1,100,0,0,0,3,5,60,0,2,2,1,0,0,0,0,2,1,3,33.3,0,2,0,0,0,0,0,1,1,0,0,0,0,3,3.2,3.0,156.2,66.7,89.6,66.7,156.2,-89.6,3,0,0,0,0,0,0,0,0,0,0,0,0,0,0,0,0,0,0,0,0,0,0,0,0,0,0,0,0,0,0,0,0
Copleston High School EABL,"Isaac Carty-Peters, Isaac Little, Matthew Liddamore, Noah Wilkinson, Timothy Rafiu",Itchen College EABL,"Ethan Round, Javen Osei-Owusu, Marley Edwards, Richard Radu, Thomas Blower",1,101,1.7,3.1,3,1,4,25,0,0,0,1,4,25,3,0,3,0,1,0,1,1,2,1,3,33.3,0,0,0,0,0,0,2,1,3,0,0,1,1,1,4.4,1.9,68.9,107.5,-38.6,107.5,68.9,38.6,1,0,0,0,0,0,0,0,0,0,0,0,0,0,0,0,0,0,0,0,0,0,0,0,0,0,0,0,0,0,0,0,0
SGS College EABL,"Kayden Richards, Luka Matthews, Marcos Perez Tosca, Shaquan Nelson, Zion Lawson",BMET City of Birmingham Rockets EABL,"Jude Hyland, Larry Duru, Patrick Walsh, Philip Basioudis, Simba Chikukwa",1,63,1.1,3.1,0,0,1,0,0,0,0,0,2,0,0,1,1,0,0,0,1,1,4,1,2,50,0,1,0,2,3,66.7,0,2,2,0,0,0,0,1,2.9,3.3,0,120.5,-120.5,120.5,0,120.5,-4,0,0,0,0,0,0,0,0,0,0,0,0,0,0,0,0,0,0,0,0,0,0,0,0,0,0,0,0,0,0,0,0
SGS College EABL,"Abubakar Odowa, Dylan Lloyd, Kayden Richards, Kevin Ramirez Mora, Shaquan Nelson",Charnwood College Riders EABL,"Andrew Young, James Hardy, Lewis Stevenson, Stanley Morris, Tom Pearson",1,78,1.3,3.1,1,0,2,0,0,0,0,1,2,50,1,3,4,0,0,0,1,0,0,0,3,0,0,2,0,0,0,0,0,2,2,0,0,0,0,0,3.2,3.0,31.6,0,31.6,0,31.6,-31.6,1,0,0,0,0,0,0,0,0,0,0,0,0,0,0,0,0,0,0,0,0,0,0,0,0,0,0,0,0,0,0,0,0
Manchester Magic Academy EABL,"Abraham Sagay Isiorho, Harley Blake, Jack Odongo, Lewis Clayton, Oluwademilade Babalola",BMET City of Birmingham Rockets EABL,"Abdou Camara, Jonathan Agbeze, Jude Hyland, Larry Duru, Philip Basioudis",1,80,1.3,3.1,1,0,3,0,0,2,0,1,2,50,2,1,3,1,1,0,1,0,0,0,1,0,0,0,0,0,0,0,0,2,2,0,1,1,2,0,3.3,3.0,30.5,0,30.5,0,30.5,-30.5,1,0,0,0,0,0,0,0,0,0,0,0,0,0,0,0,0,0,0,0,0,0,0,0,0,0,0,0,0,0,0,0,0
Copleston High School EABL,"Angus Hickey, Callum Fobister, Isaac Little, Matthew Liddamore, Noah Wilkinson",City of London Academy - Southwark EABL,"Andrew Nwokolo, Nyakeh Senessie, Rafi Testfay, Ruben Cryer, Sharmake Shirwac",1,98,1.6,3.1,2,1,4,25,0,3,0,0,0,0,2,2,4,0,0,0,1,1,3,1,4,25,0,0,0,1,1,100,1,1,2,0,0,0,0,0,2.9,3.4,69.9,89,-19.1,89,69.9,19.1,-1,0,0,0,0,0,0,0,0,0,0,0,0,0,0,0,0,0,0,0,0,0,0,0,0,0,0,0,0,0,0,0,0
HHS Reading Rockets EABL,"Can Okumus, Ethan Harrington, James Waterhouse, Malachi Hassan-Taylor, Matthew Daines",Itchen College EABL,"Benjamin Cope, Dawid Cimochowski, Elijah Lotriet, Ethan Round, Jakub Ofman",1,72,1.2,3.1,3,1,3,33.3,0,2,0,1,1,100,0,0,0,1,0,0,0,1,4,2,4,50,0,1,0,0,0,0,2,2,4,1,0,0,1,1,3.4,2.9,87.2,139.9,-52.7,139.9,87.2,52.7,-1,0,0,0,0,0,0,0,0,0,0,0,0,0,0,0,0,0,0,0,0,0,0,0,0,0,0,0,0,0,0,0,0
SGS College EABL,"Abubakar Odowa, Jakub Grajcar, Kevin Ramirez Mora, Martin Alburo, Zion Lawson",Copleston High School EABL,"Isaac Little, Luke Read, Matthew Liddamore, Noah Wilkinson, Timothy Rafiu",1,89,1.5,3.1,0,0,3,0,0,2,0,0,0,0,1,1,2,0,0,0,1,2,5,2,3,66.7,0,0,0,1,2,50,1,2,3,0,1,0,0,0,2.9,3.3,0,149.5,-149.5,149.5,0,149.5,-5,0,0,0,0,0,0,0,0,0,0,0,0,0,0,0,0,0,0,0,0,0,0,0,0,0,0,0,0,0,0,0,0
HHS Reading Rockets EABL,"Aydan Moloney, Joseph Mackinnon, Luca Bakary, Malachi Hassan-Taylor, Matthew Daines",BMET City of Birmingham Rockets EABL,"Billy Rose, Jonathan Agbeze, Larry Duru, Philip Basioudis, Simba Chikukwa",1,106,1.8,3.1,2,1,3,33.3,0,1,0,0,1,0,2,1,3,1,0,0,1,1,4,1,2,50,0,0,0,2,4,50,1,1,2,1,1,0,0,2,3.0,3.2,66.4,124,-57.7,124,66.4,57.7,-2,0,0,0,0,0,0,0,0,0,0,0,0,0,0,0,0,0,0,0,0,0,0,0,0,0,0,0,0,0,0,0,0
BMET City of Birmingham Rockets EABL,"George Angoy, Issac Gisbourne, Jude Hyland, Larry Duru, Philip Basioudis",Derby College Trailblazers EABL,"Casey Burr, Elias Norman, Elias Rice, George Pastor, Jarom Howlett",1,66,1.1,3.0,2,1,3,33.3,0,0,0,0,0,0,0,0,0,0,1,1,0,0,2,1,2,50,0,0,0,0,0,0,0,2,2,0,0,0,1,0,3.0,3.0,66.7,66.7,0,66.7,66.7,0,0,0,0,0,0,0,0,0,0,0,0,0,0,0,0,0,0,0,0,0,0,0,0,0,0,0,0,0,0,0,0,0,0
BMET City of Birmingham Rockets EABL,"Billy Rose, George Angoy, Jesse Ogbeide, Jude Hyland, Larry Duru",Derby College Trailblazers EABL,"Elias Norman, Karim Zidonis, Matheo Smith-Fjordland, Oskar Krysa, William Tallon",1,62,1.0,3.0,0,0,3,0,0,1,0,0,0,0,0,0,0,0,1,0,0,0,5,2,2,100,1,1,100,0,0,0,0,3,3,2,0,0,1,0,3.0,3.0,0,166.7,-166.7,166.7,0,166.7,-5,0,0,0,0,0,0,0,0,0,0,0,0,0,0,0,0,0,0,0,0,0,0,0,0,0,0,0,0,0,0,0,0
Manchester Magic Academy EABL,"Harley Blake, Jack Walton, Lewis Clayton, Oluwademilade Babalola, Tiego Weekes",Charnwood College Riders EABL,"Asa Oyerinde, Davin Hanousek, Fahad Saeed, Luca Boothe, Pharrell Kattah",1,63,1.1,3.0,7,3,3,100,1,1,100,0,0,0,0,1,1,3,1,0,0,0,0,0,1,0,0,0,0,0,0,0,0,0,0,0,0,0,2,1,3.0,3.0,233.3,0,233.3,0,233.3,-233.3,7,0,0,0,0,0,0,0,0,0,0,0,0,0,0,0,0,0,0,0,0,0,0,0,0,0,0,0,0,0,0,0,0
Manchester Magic Academy EABL,"David Allotey, Jack Odongo, Nathan Brown, Samy Sidi-Boumedine, Tarique Kamal Kazmi",Charnwood College Riders EABL,"Pharrell Kattah, Rudy Buckingham, Stanley Morris, Tom Pearson, Tristan Curran",1,111,1.9,3.0,2,1,2,50,0,0,0,0,0,0,0,1,1,1,0,1,1,0,0,0,2,0,0,0,0,0,0,0,0,1,1,0,0,0,1,0,3.0,3.0,66.7,0,66.7,0,66.7,-66.7,2,0,0,0,0,0,0,0,0,0,0,0,0,0,0,0,0,0,0,0,0,0,0,0,0,0,0,0,0,0,0,0,0
Manchester Magic Academy EABL,"Jack Odongo, Jack Walton, Nathan Brown, Oluwademilade Babalola, Samy Sidi-Boumedine",Charnwood College Riders EABL,"Davin Hanousek, Fahad Saeed, Stanley Morris, Tom Pearson, Tristan Curran",1,113,1.9,3.0,3,1,2,50,1,2,50,0,0,0,0,1,1,1,0,0,1,0,2,1,3,33.3,0,2,0,0,0,0,1,1,2,0,0,0,1,0,3.0,2.9,100,68.3,31.7,68.3,100,-31.7,1,0,0,0,0,0,0,0,0,0,0,0,0,0,0,0,0,0,0,0,0,0,0,0,0,0,0,0,0,0,0,0,0
SGS College EABL,"Dylan Lloyd, Kayden Richards, Marcos Perez Tosca, Marcos Pospori, Shaquan Nelson",Myerscough College EABL,"Ayo Ibirinde, Cesar Sanchez Falette, Harry Sheehan, Olivier Esingle, Salomi Latidan",1,101,1.7,3.0,2,1,1,100,0,0,0,0,0,0,0,0,0,0,1,0,2,0,2,1,2,50,0,1,0,0,0,0,0,0,0,0,1,0,1,0,3.0,3.0,66.7,66.7,0,66.7,66.7,0,0,0,0,0,0,0,0,0,0,0,0,0,0,0,0,0,0,0,0,0,0,0,0,0,0,0,0,0,0,0,0,0,0
SGS College EABL,"Dylan Lloyd, Imam Toure, Marcos Perez Tosca, Marcos Pospori, Martin Alburo",Myerscough College EABL,"Cesar Sanchez Falette, Fin Morgan, Harry Sheehan, Olivier Esingle, Sayomi Latidan",1,51,0.8,3.0,0,0,1,0,0,1,0,0,0,0,0,1,1,0,0,0,2,0,4,2,3,66.7,0,1,0,0,0,0,0,1,1,2,2,0,0,1,3.0,3.0,0,133.3,-133.3,133.3,0,133.3,-4,0,0,0,0,0,0,0,0,0,0,0,0,0,0,0,0,0,0,0,0,0,0,0,0,0,0,0,0,0,0,0,0
BMET City of Birmingham Rockets EABL,"Abdou Camara, J. Agbeze, Jude Hyland, Larry Duru, Philip Basioudis",SGS College EABL,"Abubakar Odowa, Marcos Perez Tosca, Marcos Pospori, Martin Alburo, Washington Wewe",1,44,0.7,3.0,2,1,1,100,0,0,0,0,0,0,0,0,0,0,0,0,2,0,4,2,3,66.7,0,1,0,0,0,0,0,0,0,0,1,0,0,0,3.0,3.0,66.7,133.3,-66.7,133.3,66.7,66.7,-2,0,0,0,0,0,0,0,0,0,0,0,0,0,0,0,0,0,0,0,0,0,0,0,0,0,0,0,0,0,0,0,0
Myerscough College EABL,"Cesar Sanchez Falette, Harry Sheehan, Jakub Bobkowski, Sayomi Latidan, Zach Trezvant",Manchester Magic Academy EABL,"David Allotey, Harley Blake, Jack Walton, Oluwademilade Babalola, Samy Sidi-Boumedine",1,74,1.2,3.0,0,0,1,0,0,1,0,0,0,0,0,0,0,0,0,0,2,0,7,3,3,100,1,1,100,0,0,0,0,1,1,1,2,0,0,0,3.0,3.0,0,233.3,-233.3,233.3,0,233.3,-7,0,0,0,0,0,0,0,0,0,0,0,0,0,0,0,0,0,0,0,0,0,0,0,0,0,0,0,0,0,0,0,0
Myerscough College EABL,"Daniel Okhuoya, Harry Sheehan, Jakub Bobkowski, Olivier Esingle, Sayomi Latidan",Manchester Magic Academy EABL,"Abraham Sagay Isiorho, Harley Blake, Jack Odongo, Jack Walton, Oluwademilade Babalola",1,62,1.0,3.0,2,1,3,33.3,0,1,0,0,0,0,1,1,2,1,0,1,1,1,2,1,2,50,0,0,0,0,0,0,0,1,1,1,0,1,1,0,2.9,3.0,68.3,66.7,1.6,66.7,68.3,-1.6,0,0,0,0,0,0,0,0,0,0,0,0,0,0,0,0,0,0,0,0,0,0,0,0,0,0,0,0,0,0,0,0,0
City of London Academy - Southwark EABL,"Daniel Banjoko, Dante Patel, Louis Thompson, Rafi Testfay, Toby Gass",Barking Abbey EABL,"Amari Maitland, Folarin Oguntuase, Joshua Mendes, Kervy Mabaya, Raphael Connolly",1,86,1.4,3.0,0,0,1,0,0,0,0,0,0,0,1,0,1,0,2,0,3,0,0,0,0,0,0,0,0,0,0,0,0,0,0,0,1,0,3,0,2.9,3.0,0,0,0,0,0,0,0,0,0,0,0,0,0,0,0,0,0,0,0,0,0,0,0,0,0,0,0,0,0,0,0,0,0,0,0,0,0,0,0
Copleston High School EABL,"Elijah Tamakloe, Isaac Little, Matthew Liddamore, Noah Wilkinson, Timothy Rafiu",Barking Abbey EABL,"Francesco Cole, Kervy Mabaya, Munyaradzi Myamutenha, Raphael Connolly, Solomon Dobson Smith",1,62,1.0,3.0,0,0,1,0,0,1,0,0,0,0,0,1,1,0,0,0,2,0,2,1,2,50,0,0,0,0,0,0,0,1,1,1,1,0,1,2,3.0,3.0,0,66.7,-66.7,66.7,0,66.7,-2,0,0,0,0,0,0,0,0,0,0,0,0,0,0,0,0,0,0,0,0,0,0,0,0,0,0,0,0,0,0,0,0
Myerscough College EABL,"Harry Sheehan, Jakub Bobkowski, Olivier Esingle, Sayomi Latidan, Zach Trezvant",BMET City of Birmingham Rockets EABL,"Abdou Camara, Daniel Pittaway, Jonathan Agbeze, Patrick Walsh, Philip Basioudis",1,50,0.8,3.0,5,2,2,100,1,1,100,0,0,0,0,1,1,2,0,1,0,1,6,2,3,66.7,2,2,100,0,0,0,0,0,0,2,0,0,1,0,2.0,4.0,250,150,100,150,250,-100,-1,0,0,0,0,0,0,0,0,0,0,0,0,0,0,0,0,0,0,0,0,0,0,0,0,0,0,0,0,0,0,0,0
Copleston High School EABL,"Callum Fobister, Isaac Carty-Peters, Matthew Liddamore, Noah Wilkinson, Timothy Rafiu",HHS Reading Rockets EABL,"Ethan Harrington, Luca Bakary, Malachi Hassan-Taylor, Matthew Daines, Nicholas Dent",1,45,0.8,3.0,2,1,3,33.3,0,0,0,0,0,0,0,1,1,1,0,0,0,0,2,1,2,50,0,0,0,0,0,0,0,2,2,0,0,0,1,0,3.0,3.0,66.7,66.7,0,66.7,66.7,0,0,0,0,0,0,0,0,0,0,0,0,0,0,0,0,0,0,0,0,0,0,0,0,0,0,0,0,0,0,0,0,0,0
Charnwood College Riders EABL,"Asa Oyerinde, Pharrell Kattah, Rudy Buckingham, Stanley Morris, Tristan Curran",Myerscough College EABL,"Harry Sheehan, Junior Sanchez, Olivier Esingle, Solomi Laditan, Zach Trezvant",1,83,1.4,3.0,2,1,2,50,0,1,0,0,0,0,0,0,0,0,0,0,1,1,3,1,2,50,1,2,50,0,0,0,0,1,1,0,0,0,1,0,3.0,3.0,66.7,100,-33.3,100,66.7,33.3,-1,0,0,0,0,0,0,0,0,0,0,0,0,0,0,0,0,0,0,0,0,0,0,0,0,0,0,0,0,0,0,0,0
SGS College EABL,"Imam Toure, Kevin Ramirez Mora, Luka Matthews, Marcos Perez Tosca, Shaquan Nelson",Derby College Trailblazers EABL,"Casey Burr, Elias Norman, George Pastor, Jarom Howlett, William Tallon",1,62,1.0,3.0,2,1,3,33.3,0,1,0,0,0,0,0,1,1,0,1,1,0,0,0,0,2,0,0,0,0,0,0,0,0,2,2,0,0,0,1,0,3.0,3.0,66.7,0,66.7,0,66.7,-66.7,2,0,0,0,0,0,0,0,0,0,0,0,0,0,0,0,0,0,0,0,0,0,0,0,0,0,0,0,0,0,0,0,0
SGS College EABL,"Antoine Bennett, Dylan Lloyd, Kayden Richards, Luka Matthews, Marcos Perez Tosca",Derby College Trailblazers EABL,"Casey Burr, George Pastor, Jarom Howlett, Matheo Smith-Fjordland, William Tallon",1,91,1.5,3.0,2,1,2,50,0,0,0,0,0,0,0,1,1,0,1,0,1,0,0,0,1,0,0,0,0,0,0,0,0,1,1,0,0,1,2,1,3.0,3.0,66.7,0,66.7,0,66.7,-66.7,2,0,0,0,0,0,0,0,0,0,0,0,0,0,0,0,0,0,0,0,0,0,0,0,0,0,0,0,0,0,0,0,0
Derby College Trailblazers EABL,"Casey Burr, Elias Rice, Jarom Howlett, Rohan Hobday, William Tallon",Charnwood College Riders EABL,"Davin Hanousek, Lewis Stevenson, Stanley Morris, Tom Pearson, Tristan Curran",1,92,1.5,3.0,2,1,3,33.3,0,0,0,0,0,0,0,1,1,1,0,0,0,0,4,2,3,66.7,0,0,0,0,0,0,0,2,2,0,0,0,0,1,3.0,3.0,66.7,133.3,-66.7,133.3,66.7,66.7,-2,0,0,0,0,0,0,0,0,0,0,0,0,0,0,0,0,0,0,0,0,0,0,0,0,0,0,0,0,0,0,0,0
BMET City of Birmingham Rockets EABL,"George Angoy, Jonathan Agbeze, Jude Hyland, Larry Duru, Philip Basioudis",Charnwood College Riders EABL,"Asa Oyerinde, Fahad Saeed, Lewis Stevenson, Rudy Buckingham, Tristan Curran",1,63,1.1,3.0,4,2,3,66.7,0,1,0,0,0,0,0,1,1,1,0,0,0,0,2,1,2,50,0,1,0,0,0,0,0,1,1,1,0,0,1,0,3.0,3.0,133.3,66.7,66.7,66.7,133.3,-66.7,2,0,0,0,0,0,0,0,0,0,0,0,0,0,0,0,0,0,0,0,0,0,0,0,0,0,0,0,0,0,0,0,0
Itchen College EABL,"Benjamin Cope, Dawid Cimochowski, Ethan Round, Jakub Ofman, Thomas Blower",HHS Reading Rockets EABL,"Can Okumus, Ethan Harrington, James Waterhouse, Lazure Franicis, Malachi Hassan-Taylor",1,95,1.6,3.0,5,2,3,66.7,1,1,100,0,0,0,0,1,1,2,1,1,0,0,2,1,2,50,0,0,0,0,0,0,0,1,1,0,0,0,1,1,3.0,3.0,166.7,66.7,100,66.7,166.7,-100,3,0,0,0,0,0,0,0,0,0,0,0,0,0,0,0,0,0,0,0,0,0,0,0,0,0,0,0,0,0,0,0,0
Derby College Trailblazers EABL,"Casey Burr, George Pastor, Jarom Howlett, Liyo Ngomti, William Tallon",Myerscough College EABL,"Ayo Ibirinde, Cesar Sanchez Falette, Harry Sheehan, Jakub Bobkowski, Sayomi Latidan",1,66,1.1,3.0,0,0,3,0,0,1,0,0,0,0,0,0,0,0,2,0,0,0,2,1,1,100,0,0,0,0,0,0,0,3,3,0,0,0,2,1,3.0,3.0,0,66.7,-66.7,66.7,0,66.7,-2,0,0,0,0,0,0,0,0,0,0,0,0,0,0,0,0,0,0,0,0,0,0,0,0,0,0,0,0,0,0,0,0
Itchen College EABL,"Benjamin Cope, Dawid Cimochowski, Elijah Lotriet, Ethan Round, Javen Osei-Owusu",City of London Academy - Southwark EABL,"Andrew Nwokolo, Daniel Banjoko, David Banjoko, Rafi Testfay, Sharmake Shirwac",1,70,1.2,3.0,4,2,4,50,0,1,0,0,0,0,1,1,2,1,1,0,0,1,0,0,1,0,0,0,0,0,0,0,0,1,1,0,0,0,2,0,2.9,3.0,136.5,0,136.5,0,136.5,-136.5,4,0,0,0,0,0,0,0,0,0,0,0,0,0,0,0,0,0,0,0,0,0,0,0,0,0,0,0,0,0,0,0,0
Itchen College EABL,"Elijah Lotriet, Ethan Round, Javen Osei-Owusu, Mason Yeates, Richard Radu",City of London Academy - Southwark EABL,"Andrew Nwokolo, Daniel Banjoko, Dante Patel, David Banjoko, Toby Gass",1,117,1.9,3.0,0,0,1,0,0,1,0,0,0,0,0,1,1,0,0,0,2,2,3,1,3,33.3,1,1,100,0,0,0,1,1,2,1,1,0,1,0,3.0,2.9,0,102.4,-102.4,102.4,0,102.4,-3,0,0,0,0,0,0,0,0,0,0,0,0,0,0,0,0,0,0,0,0,0,0,0,0,0,0,0,0,0,0,0,0
Itchen College EABL,"Benjamin Cope, Dawid Cimochowski, Ethan Round, Marley Edwards, Richard Radu",City of London Academy - Southwark EABL,"Andrew Nwokolo, Daniel Banjoko, Dante Patel, Ruben Cryer, Toby Gass",1,98,1.6,3.0,2,1,3,33.3,0,1,0,0,0,0,0,1,1,0,1,0,0,0,3,1,2,50,1,2,50,0,0,0,0,2,2,1,0,0,1,0,3.0,3.0,66.7,100,-33.3,100,66.7,33.3,-1,0,0,0,0,0,0,0,0,0,0,0,0,0,0,0,0,0,0,0,0,0,0,0,0,0,0,0,0,0,0,0,0
Charnwood College Riders EABL,"Asa Oyerinde, Luca Boothe, Pharrell Kattah, Stanley Morris, Tristan Curran",Manchester Magic Academy EABL,"Harley Blake, Nathan Brown, Oluwademilade Babalola, Tarique Kamal Kazmi, Tom Richardson",1,72,1.2,3.0,2,1,2,50,0,0,0,0,0,0,0,0,0,1,0,0,1,0,2,1,1,100,0,0,0,0,0,0,0,1,1,1,1,0,2,0,3.0,3.0,66.7,66.7,0,66.7,66.7,0,0,0,0,0,0,0,0,0,0,0,0,0,0,0,0,0,0,0,0,0,0,0,0,0,0,0,0,0,0,0,0,0,0
Charnwood College Riders EABL,"Davin Hanousek, Luca Boothe, Rudy Buckingham, Tristan Curran, Zavier Gleadell-Smith",Manchester Magic Academy EABL,"Abraham Sagay Isiorho, David Allotey, Jack Odongo, Oluwademilade Babalola, Tom Richardson",1,56,0.9,3.0,2,1,3,33.3,0,1,0,0,0,0,1,1,2,0,1,0,1,1,0,0,1,0,0,1,0,0,0,0,0,1,1,0,1,0,2,0,2.9,3.0,68.3,0,68.3,0,68.3,-68.3,2,0,0,0,0,0,0,0,0,0,0,0,0,0,0,0,0,0,0,0,0,0,0,0,0,0,0,0,0,0,0,0,0
Derby College Trailblazers EABL,"Elias Norman, George Pastor, Julian Lemanski, Kaleel Otaye, Liyo Ngomti",BMET City of Birmingham Rockets EABL,"Billy Rose, George Angoy, Guridat Singh, Jonathan Agbeze, Larry Duru",1,91,1.5,3.0,6,2,2,100,2,2,100,0,0,0,0,1,1,2,0,0,1,0,4,2,4,50,0,2,0,0,0,0,1,0,1,1,0,0,0,0,3.0,2.9,200,136.5,63.5,136.5,200,-63.5,2,0,0,0,0,0,0,0,0,0,0,0,0,0,0,0,0,0,0,0,0,0,0,0,0,0,0,0,0,0,0,0,0
Myerscough College EABL,"Cesar Sanchez Falette, Daniel Okhuoya, Fin Morgan, Jakub Bobkowski, Sayomi Latidan",SGS College EABL,"Antoine Bennett, Dylan Lloyd, Imam Toure, Marcos Pospori, Shaquan Nelson",1,83,1.4,3.0,4,2,4,50,0,0,0,0,0,0,1,1,2,1,2,0,0,0,0,0,1,0,0,0,0,0,0,0,0,1,1,0,0,0,2,0,2.9,3.0,136.5,0,136.5,0,136.5,-136.5,4,0,0,0,0,0,0,0,0,0,0,0,0,0,0,0,0,0,0,0,0,0,0,0,0,0,0,0,0,0,0,0,0
Myerscough College EABL,"Cesar Sanchez Falette, Harry Sheehan, Jakub Bobkowski, Sayomi Latidan, Zach Trezvant",SGS College EABL,"Dylan Lloyd, Kayden Richards, Kevin Ramirez Mora, Marcos Perez Tosca, Martin Alburo",1,101,1.7,3.0,5,2,2,100,1,1,100,0,0,0,0,0,0,2,2,0,1,0,0,0,1,0,0,0,0,0,0,0,0,0,0,0,1,0,2,0,3.0,3.0,166.7,0,166.7,0,166.7,-166.7,5,0,0,0,0,0,0,0,0,0,0,0,0,0,0,0,0,0,0,0,0,0,0,0,0,0,0,0,0,0,0,0,0
Oaklands Wolves EABL,"Daniel Kostadinov, Dylan Gladstone, Enzo Da Cruz Fatuda, Guisepi Augenti, Liam Mcintosh",Copleston High School EABL,"Elijah Tamakloe, Isaac Little, Matthew Liddamore, Oliver Drane, Timothy Rafiu",1,72,1.2,3.0,0,0,2,0,0,1,0,0,0,0,0,0,0,0,1,0,1,0,0,0,2,0,0,2,0,0,0,0,0,2,2,0,1,0,1,2,3.0,3.0,0,0,0,0,0,0,0,0,0,0,0,0,0,0,0,0,0,0,0,0,0,0,0,0,0,0,0,0,0,0,0,0,0,0,0,0,0,0,0
Copleston High School EABL,"Callum Fobister, Isaac Little, Matthew Liddamore, Noah Wilkinson, Timothy Rafiu",Itchen College EABL,"Benjamin Cope, Elijah Lotriet, Ethan Round, Javen Osei-Owusu, Mason Yeates",1,111,1.9,3.0,3,1,3,33.3,1,2,50,0,0,0,0,0,0,1,0,0,0,0,8,3,3,100,2,2,100,0,0,0,0,2,2,2,0,1,0,0,3.0,3.0,100,266.7,-166.7,266.7,100,166.7,-5,0,0,0,0,0,0,0,0,0,0,0,0,0,0,0,0,0,0,0,0,0,0,0,0,0,0,0,0,0,0,0,0
Charnwood College Riders EABL,"Asa Oyerinde, Lewis Stevenson, Pharrell Kattah, Rudy Buckingham, Tom Pearson",Derby College Trailblazers EABL,"Casey Burr, Elias Norman, George Pastor, Jarom Howlett, Liyo Ngomti",1,74,1.2,3.0,0,0,3,0,0,1,0,0,0,0,1,1,2,0,1,0,1,1,2,1,2,50,0,1,0,0,0,0,0,2,2,0,1,0,1,0,2.9,3.0,0,66.7,-66.7,66.7,0,66.7,-2,0,0,0,0,0,0,0,0,0,0,0,0,0,0,0,0,0,0,0,0,0,0,0,0,0,0,0,0,0,0,0,0
SGS College EABL,"Kayden Richards, Kevin Ramirez Mora, Marcos Perez Tosca, Martin Alburo, Shaquan Nelson",BMET City of Birmingham Rockets EABL,"Jude Hyland, Larry Duru, Patrick Walsh, Philip Basioudis, Simba Chikukwa",1,110,1.8,3.0,2,1,4,25,0,2,0,0,0,0,1,1,2,0,0,0,0,0,2,1,2,50,0,1,0,0,0,0,0,2,2,1,0,0,1,0,2.9,3.0,68.3,66.7,1.6,66.7,68.3,-1.6,0,0,0,0,0,0,0,0,0,0,0,0,0,0,0,0,0,0,0,0,0,0,0,0,0,0,0,0,0,0,0,0,0
BMET City of Birmingham Rockets EABL,"George Angoy, Jonathan Agbeze, Jude Hyland, Larry Duru, Philip Basioudis",Myerscough College EABL,"Ayo Ibirinde, Cesar Sanchez Falette, Harry Sheehan, Jakub Bobkowski, Salomi Latidan",1,103,1.7,3.0,4,2,6,33.3,0,1,0,0,0,0,2,0,2,0,1,0,0,1,2,0,1,0,0,0,0,2,2,100,1,1,2,1,0,1,2,0,3.1,2.8,127.1,71.2,55.9,71.2,127.1,-55.9,2,0,0,0,0,0,0,0,0,0,0,0,0,0,0,0,0,0,0,0,0,0,0,0,0,0,0,0,0,0,0,0,0
BMET City of Birmingham Rockets EABL,"George Angoy, Jonathan Agbeze, Jude Hyland, Larry Duru, Patrick Walsh",Myerscough College EABL,"Alex Cisse, Daniel Okhuoya, Harry Sheehan, Jakub Bobkowski, Salomi Latidan",1,86,1.4,3.0,2,1,2,50,0,0,0,0,0,0,1,1,2,0,0,0,2,0,4,2,3,66.7,0,0,0,0,0,0,0,0,0,1,2,0,0,0,2.9,3.0,68.3,133.3,-65.1,133.3,68.3,65.1,-2,0,0,0,0,0,0,0,0,0,0,0,0,0,0,0,0,0,0,0,0,0,0,0,0,0,0,0,0,0,0,0,0
Itchen College EABL,"Benjamin Cope, Dawid Cimochowski, Ethan Round, Marley Edwards, Thomas Blower",Oaklands Wolves EABL,"Daniel Kostadinov, Enzo Da Cruz Fatuda, Gavin Mitchell, Huxley Morrell, Liam Mcintosh",1,96,1.6,3.0,4,1,2,50,0,0,0,2,2,100,0,2,2,2,1,0,0,1,0,0,2,0,0,1,0,0,2,0,1,1,2,0,0,0,1,1,2.9,3.2,138.9,0,138.9,0,138.9,-138.9,4,0,0,0,0,0,0,0,0,0,0,0,0,0,0,0,0,0,0,0,0,0,0,0,0,0,0,0,0,0,0,0,0
Derby College Trailblazers EABL,"Casey Burr, Elias Norman, George Pastor, Julian Lemanski, L. Ngomti",Manchester Magic Academy EABL,"Abraham Sagay Isiorho, Harley Blake, Jack Walton, Oluwademilade Babalola, Samy Sidi-Boumedine",1,100,1.7,3.0,5,2,3,66.7,1,1,100,0,0,0,0,2,2,1,0,0,0,0,2,1,3,33.3,0,0,0,0,0,0,0,1,1,1,0,0,0,0,3.0,3.0,166.7,66.7,100,66.7,166.7,-100,3,0,0,0,0,0,0,0,0,0,0,0,0,0,0,0,0,0,0,0,0,0,0,0,0,0,0,0,0,0,0,0,0
Derby College Trailblazers EABL,"Elias Norman, Elias Rice, Kaleel Otaye, Matheo Smith-Fjordland, William Tallon",Manchester Magic Academy EABL,"Abraham Sagay Isiorho, Jack Walton, Lewis Clayton, Oluwademilade Babalola, Samy Sidi-Boumedine",1,93,1.6,3.0,2,1,2,50,0,0,0,0,0,0,0,1,1,1,0,0,1,0,5,2,3,66.7,1,1,100,0,0,0,0,1,1,2,1,0,0,1,3.0,3.0,66.7,166.7,-100,166.7,66.7,100,-3,0,0,0,0,0,0,0,0,0,0,0,0,0,0,0,0,0,0,0,0,0,0,0,0,0,0,0,0,0,0,0,0
SGS College EABL,"Dylan Lloyd, Kevin Ramirez Mora, Luka Matthews, Marcos Perez Tosca, Shaquan Nelson",Charnwood College Riders EABL,"Asa Oyerinde, Pharrell Kattah, Stanley Morris, Tom Pearson, Tristan Curran",1,78,1.3,3.0,3,1,2,50,1,2,50,0,0,0,0,1,1,1,0,0,1,1,4,2,3,66.7,0,0,0,0,0,0,0,1,1,2,0,0,0,0,3.0,3.0,100,133.3,-33.3,133.3,100,33.3,-1,0,0,0,0,0,0,0,0,0,0,0,0,0,0,0,0,0,0,0,0,0,0,0,0,0,0,0,0,0,0,0,0
HHS Reading Rockets EABL,"Joseph Mackinnon, Lazure Francis, Luca Bakary, Malachi Hassan-Taylor, Matthew Daines",Oaklands Wolves EABL,"Enzo Da Cruz Fatuda, Gavin Mitchell, Huxley Morrell, Liam Mcintosh, Tristan Mcintosh",1,117,1.9,3.0,2,1,4,25,0,1,0,0,0,0,2,2,4,0,0,0,1,2,2,0,2,0,0,1,0,2,4,50,1,1,2,0,1,0,0,0,2.9,3.0,69.9,65.6,4.3,65.6,69.9,-4.3,0,0,0,0,0,0,0,0,0,0,0,0,0,0,0,0,0,0,0,0,0,0,0,0,0,0,0,0,0,0,0,0,0
Barking Abbey EABL,"Alexanda Nwabueze, Heath Parkin, Joshua Mendes, Oskaras Visockas, Raphael Connolly",City of London Academy - Southwark EABL,"Bilal Olowoshile, Daniel Banjoko, Jacob Hannick, Ruben Cryer, Toby Gass",1,93,1.6,3.0,3,1,4,25,1,2,50,0,0,0,1,0,1,1,0,0,0,0,0,0,1,0,0,0,0,0,0,0,0,2,2,0,0,0,2,0,2.9,3.0,102.4,0,102.4,0,102.4,-102.4,3,0,0,0,0,0,0,0,0,0,0,0,0,0,0,0,0,0,0,0,0,0,0,0,0,0,0,0,0,0,0,0,0
Itchen College EABL,"Benjamin Cope, Elijah Lotriet, Ethan Round, Javen Osei-Owusu, Mason Yeates",Barking Abbey EABL,"Alaxanda Nwabueze, Joshua Mendes, Kervy Mabaya, Oskaras Visockas, Raphael Connolly",1,71,1.2,3.0,4,2,2,100,0,0,0,0,0,0,0,1,1,2,0,0,1,2,5,2,3,66.7,1,2,50,0,1,0,1,0,1,1,0,0,0,0,3.0,2.9,133.3,172.1,-38.8,172.1,133.3,38.8,-1,0,0,0,0,0,0,0,0,0,0,0,0,0,0,0,0,0,0,0,0,0,0,0,0,0,0,0,0,0,0,0,0
Derby College Trailblazers EABL,"George Pastor, Jarom Howlett, Julian Lemanski, Matheo Smith-Fjordland, William Tallon",SGS College EABL,"Dylan Lloyd, Kayden Richards, Martin Alburo, Shaquan Nelson, Zion Lawson",1,86,1.4,3.0,2,1,4,25,0,2,0,0,0,0,1,0,1,0,2,0,0,0,2,1,1,100,0,0,0,0,0,0,0,2,2,1,0,0,2,0,2.9,3.0,68.3,66.7,1.6,66.7,68.3,-1.6,0,0,0,0,0,0,0,0,0,0,0,0,0,0,0,0,0,0,0,0,0,0,0,0,0,0,0,0,0,0,0,0,0
Manchester Magic Academy EABL,"Abraham Sagay Isiorho, David Allotey, Jack Walton, Tarique Kamal Kazmi, Tom Richardson",BMET City of Birmingham Rockets EABL,"Abdou Camara, Billy Rose, Guridat Singh, Issac Gisbourne, Patrick Walsh",1,50,0.8,3.0,0,0,2,0,0,0,0,0,0,0,0,0,0,0,1,0,1,0,2,1,1,100,0,0,0,0,0,0,0,2,2,1,0,1,2,0,3.0,3.0,0,66.7,-66.7,66.7,0,66.7,-2,0,0,0,0,0,0,0,0,0,0,0,0,0,0,0,0,0,0,0,0,0,0,0,0,0,0,0,0,0,0,0,0
Manchester Magic Academy EABL,"Allan Adetula, David Allotey, Jack Walton, Tiego Weekes, Tom Richardson",BMET City of Birmingham Rockets EABL,"George Angoy, Jonathan Agbeze, Larry Duru, Patrick Walsh, Philip Basioudis",1,77,1.3,3.0,3,1,2,50,1,2,50,0,0,0,0,1,1,1,0,0,1,0,4,2,4,50,0,0,0,0,0,0,1,0,1,0,1,0,0,0,3.0,2.9,100,136.5,-36.5,136.5,100,36.5,-1,0,0,0,0,0,0,0,0,0,0,0,0,0,0,0,0,0,0,0,0,0,0,0,0,0,0,0,0,0,0,0,0
Myerscough College EABL,"Fin Morgan, Harry Sheehan, Jakub Bobkowski, Sayomi Latidan, Zach Trezvant",Charnwood College Riders EABL,"Andrew Young, Asa Oyerinde, Lewis Stevenson, Luca Boothe, Stanley Morris",1,82,1.4,3.0,4,2,3,66.7,0,1,0,0,0,0,0,0,0,1,1,0,0,0,6,2,2,100,2,2,100,0,0,0,0,0,0,2,0,0,1,0,3.0,3.0,133.3,200,-66.7,200,133.3,66.7,-2,0,0,0,0,0,0,0,0,0,0,0,0,0,0,0,0,0,0,0,0,0,0,0,0,0,0,0,0,0,0,0,0
Oaklands Wolves EABL,"Daniel Kostadinov, Dylan Gladstone, Enzo Da Cruz Fatuda, Gavin Mitchell, Tristan Mcintosh",City of London Academy - Southwark EABL,"Daniel Banjoko, Jacob Hannick, Ruben Cryer, Sharmake Shirwac, Toby Gass",1,102,1.7,3.0,2,1,4,25,0,0,0,0,0,0,1,1,2,0,0,0,0,0,0,0,2,0,0,2,0,0,0,0,0,2,2,0,0,0,1,0,2.9,3.0,68.3,0,68.3,0,68.3,-68.3,2,0,0,0,0,0,0,0,0,0,0,0,0,0,0,0,0,0,0,0,0,0,0,0,0,0,0,0,0,0,0,0,0
Oaklands Wolves EABL,"Daniel Kostadinov, Dylan Gladstone, Enzo Da Cruz Fatuda, Gavin Mitchell, Huxley Morrell",City of London Academy - Southwark EABL,"Andrew Nwokolo, Dante Patel, David Banjoko, Rafi Testfay, Toby Gass",1,78,1.3,3.0,3,1,1,100,1,1,100,0,0,0,0,0,0,1,0,0,2,0,4,2,2,100,0,0,0,0,0,0,0,0,0,1,0,0,1,0,3.0,3.0,100,133.3,-33.3,133.3,100,33.3,-1,0,0,0,0,0,0,0,0,0,0,0,0,0,0,0,0,0,0,0,0,0,0,0,0,0,0,0,0,0,0,0,0
HHS Reading Rockets EABL,"Aydan Moloney, Can Okumus, James Waterhouse, Joseph Mackinnon, Matthew Daines",Barking Abbey EABL,"Amari Maitland, Kervy Mabaya, Micael Filho, Oskaras Visockas, Raphael Connolly",1,92,1.5,3.0,3,1,3,33.3,1,1,100,0,0,0,0,1,1,1,1,0,0,1,2,1,3,33.3,0,0,0,0,0,0,1,2,3,0,0,0,1,0,3.0,2.9,100,68.3,31.7,68.3,100,-31.7,1,0,0,0,0,0,0,0,0,0,0,0,0,0,0,0,0,0,0,0,0,0,0,0,0,0,0,0,0,0,0,0,0
Copleston High School EABL,"Callum Fobister, Matthew Liddamore, Noah Wilkinson, Oliver Drane, Timothy Rafiu",City of London Academy - Southwark EABL,"Andrew Nwokolo, Nyakeh Senessie, Rafi Testfay, Ruben Cryer, Sharmake Shirwac",1,75,1.2,3.0,0,0,3,0,0,2,0,0,0,0,0,1,1,0,1,0,0,0,2,1,3,33.3,0,2,0,0,0,0,1,3,4,0,0,0,1,0,3.0,2.9,0,68.3,-68.3,68.3,0,68.3,-2,0,0,0,0,0,0,0,0,0,0,0,0,0,0,0,0,0,0,0,0,0,0,0,0,0,0,0,0,0,0,0,0
Barking Abbey EABL,"Francesco Cole, Joshua Mendes, Micael Filho, Raphael Connolly, Solomon Dobson Smith",Oaklands Wolves EABL,"Daniel Kostadinov, Dylan Gladstone, Enzo Da Cruz Fatuda, Ethan Ryan, Huxley Morrell",1,91,1.5,3.0,4,2,3,66.7,0,0,0,0,0,0,0,1,1,1,1,0,0,1,3,1,2,50,1,2,50,0,0,0,0,1,1,0,0,0,1,0,3.0,3.0,133.3,100,33.3,100,133.3,-33.3,1,0,0,0,0,0,0,0,0,0,0,0,0,0,0,0,0,0,0,0,0,0,0,0,0,0,0,0,0,0,0,0,0
HHS Reading Rockets EABL,"Ethan Harrington, James Waterhouse, Lazure Francis, Malachi Hassan-Taylor, Matthew Daines",Itchen College EABL,"Benjamin Cope, Dawid Cimochowski, Elijah Lotriet, Marley Edwards, Richard Radu",1,80,1.3,3.0,2,1,3,33.3,0,0,0,0,0,0,0,1,1,1,1,0,0,1,2,1,3,33.3,0,0,0,0,0,0,1,2,3,0,0,0,1,0,3.0,2.9,66.7,68.3,-1.6,68.3,66.7,1.6,0,0,0,0,0,0,0,0,0,0,0,0,0,0,0,0,0,0,0,0,0,0,0,0,0,0,0,0,0,0,0,0,0
HHS Reading Rockets EABL,"Ethan Harrington, James Waterhouse, Luca Bakary, Malachi Hassan-Taylor, Matthew Daines",Copleston High School EABL,"Callum Fobister, Isaac Little, Matthew Liddamore, Oliver Drane, Timothy Rafiu",1,90,1.5,3.0,3,1,1,100,1,1,100,0,0,0,0,1,1,0,1,0,2,0,0,0,1,0,0,1,0,0,0,0,0,0,0,0,0,0,2,0,3.0,3.0,100,0,100,0,100,-100,3,0,0,0,0,0,0,0,0,0,0,0,0,0,0,0,0,0,0,0,0,0,0,0,0,0,0,0,0,0,0,0,0
Myerscough College EABL,"Cesar Sanchez Falette, Harry Sheehan, Olivier Esingle, Sayomi Latidan, Zach Trezvant",Barking Abbey EABL,"Alaxanda Nwabueze, Amari Maitland, Folarin Oguntuase, Joshua Mendes, Solomon Dobson Smith",1,119,2.0,3.0,6,2,3,66.7,2,3,66.7,0,0,0,0,1,1,2,0,0,0,0,5,2,4,50,1,2,50,0,0,0,1,1,2,1,0,0,0,1,3.0,2.9,200,170.6,29.4,170.6,200,-29.4,1,0,0,0,0,0,0,0,0,0,0,0,0,0,0,0,0,0,0,0,0,0,0,0,0,0,0,0,0,0,0,0,0
SGS College EABL,"Abubakar Odowa, Dylan Lloyd, Imam Toure, Kevin Ramirez Mora, Marcos Perez Tosca",Copleston High School EABL,"Callum Fobister, Isaac Little, Matthew Liddamore, Noah Wilkinson, Oliver Drane",1,76,1.3,3.0,5,2,2,100,1,1,100,0,0,0,0,1,1,0,0,0,1,0,4,2,3,66.7,0,1,0,0,0,0,0,0,0,0,0,0,0,0,3.0,3.0,166.7,133.3,33.3,133.3,166.7,-33.3,1,0,0,0,0,0,0,0,0,0,0,0,0,0,0,0,0,0,0,0,0,0,0,0,0,0,0,0,0,0,0,0,0
HHS Reading Rockets EABL,"Can Okumus, Ethan Harrington, Luca Bakary, Malachi Hassan-Taylor, Matthew Daines",BMET City of Birmingham Rockets EABL,"Abdou Camara, George Angoy, Jonathan Agbeze, Jude Hyland, Philip Basioudis",1,76,1.3,3.0,3,1,1,100,1,1,100,0,0,0,0,1,1,1,0,0,2,1,3,1,3,33.3,1,2,50,0,0,0,0,0,0,1,1,0,0,1,3.0,3.0,100,100,0,100,100,0,0,0,0,0,0,0,0,0,0,0,0,0,0,0,0,0,0,0,0,0,0,0,0,0,0,0,0,0,0,0,0,0,0
Itchen College EABL,"Benjamin Cope, Ethan Round, Jakub Ofman, Javen Osei-Owusu, Mason Yeates",Charnwood College Riders EABL,"Davin Hanousek, Fahad Saeed, Okeri Hambira, Tristan Curran, Zavier Gleadell-Smith",1,113,1.9,3.0,3,1,3,33.3,1,1,100,0,0,0,0,0,0,1,1,0,0,0,4,2,2,100,0,0,0,0,0,0,0,2,2,0,0,0,1,1,3.0,3.0,100,133.3,-33.3,133.3,100,33.3,-1,0,0,0,0,0,0,0,0,0,0,0,0,0,0,0,0,0,0,0,0,0,0,0,0,0,0,0,0,0,0,0,0
Manchester Magic Academy EABL,"Abraham Isiorho, Harley Blake, Lewis Clayton, Oluwademilade Babalola, Tom Richardson",Oaklands Wolves EABL,"Daniel Kostadinov, Enzo Da Cruz Fatuda, Gavin Mitchell, Liam Mcintosh, Stanley Mills",1,98,1.6,3.0,0,0,2,0,0,2,0,0,0,0,0,0,0,0,1,0,2,0,3,1,2,50,1,2,50,0,0,0,1,2,3,1,1,0,1,0,4.0,1.9,0,155.4,-155.4,155.4,0,155.4,-3,0,0,0,0,0,0,0,0,0,0,0,0,0,0,0,0,0,0,0,0,0,0,0,0,0,0,0,0,0,0,0,0
Manchester Magic Academy EABL,"Abraham Isiorho, David Allotey, Harley Blake, Jack Walton, Oluwademilade Babalola",Oaklands Wolves EABL,"Daniel Kostadinov, Dylan Gladstone, Enzo Da Cruz Fatuda, Gavin Mitchell, Huxley Morrell",1,93,1.6,3.0,3,1,3,33.3,1,2,50,0,0,0,0,1,1,1,0,0,0,0,2,1,3,33.3,0,2,0,0,0,0,1,2,3,1,0,0,1,0,3.0,2.9,100,68.3,31.7,68.3,100,-31.7,1,0,0,0,0,0,0,0,0,0,0,0,0,0,0,0,0,0,0,0,0,0,0,0,0,0,0,0,0,0,0,0,0
BMET City of Birmingham Rockets EABL,"Billy Rose, Issac Gisbourne, Jonathan Agbeze, Larry Duru, Philip Basioudis",Copleston High School EABL,"Callum Fobister, Elijah Tamakloe, Isaac Little, Matthew Liddamore, Timothy Rafiu",1,88,1.5,3.0,3,1,2,50,1,2,50,0,0,0,0,2,2,1,0,0,1,0,2,1,3,33.3,0,1,0,0,0,0,0,1,1,1,1,0,0,1,3.0,3.0,100,66.7,33.3,66.7,100,-33.3,1,0,0,0,0,0,0,0,0,0,0,0,0,0,0,0,0,0,0,0,0,0,0,0,0,0,0,0,0,0,0,0,0
BMET City of Birmingham Rockets EABL,"George Angoy, Issac Gisbourne, Jude Hyland, Larry Duru, Philip Basioudis",Copleston High School EABL,"Callum Fobister, Elijah Tamakloe, Isaac Little, Matthew Liddamore, Noah Wilkinson",1,72,1.2,3.0,5,2,2,100,1,1,100,0,0,0,0,0,0,1,0,0,1,0,8,3,3,100,2,2,100,0,0,0,0,0,0,2,0,0,0,1,3.0,3.0,166.7,266.7,-100,266.7,166.7,100,-3,0,0,0,0,0,0,0,0,0,0,0,0,0,0,0,0,0,0,0,0,0,0,0,0,0,0,0,0,0,0,0,0
Manchester Magic Academy EABL,"Abraham Isiorho, Harley Blake, Jack Odongo, Jack Walton, Oluwademilade Babalola",Itchen College EABL,"Dawid Cimochowski, Ethan Round, Jakub Ofman, Javen Osei-Owusu, Thomas Blower",1,71,1.2,3.0,3,1,2,50,0,0,0,1,2,50,0,2,2,1,0,2,0,0,1,0,6,0,0,4,0,1,2,50,3,2,5,0,0,0,0,2,2.9,3.0,104.2,33,71.1,33,104.2,-71.1,2,0,0,0,0,0,0,0,0,0,0,0,0,0,0,0,0,0,0,0,0,0,0,0,0,0,0,0,0,0,0,0,0
Charnwood College Riders EABL,"Fahad Saeed, Luca Boothe, Tom Pearson, Tristan Curran, Zavier Gleadell-Smith",Oaklands Wolves EABL,"Dylan Gladstone, Gavin Mitchell, Huxley Morrell, Liam Mcintosh, Tristan Mcintosh",1,73,1.2,3.0,0,0,2,0,0,1,0,0,0,0,0,3,3,0,0,0,1,1,0,0,3,0,0,1,0,0,0,0,0,1,1,0,0,0,0,0,3.0,3.0,0,0,0,0,0,0,0,0,0,0,0,0,0,0,0,0,0,0,0,0,0,0,0,0,0,0,0,0,0,0,0,0,0,0,0,0,0,0,0
HHS Reading Rockets EABL,"Aydan Moloney, Ethan Harrington, James Waterhouse, Malachi Hassan-Taylor, Matthew Daines",SGS College EABL,"Imam Toure, Kevin Ramirez Mora, Marcos Perez Tosca, Tekai Wallace-Gayle, Zion Lawson",1,67,1.1,3.0,0,0,2,0,0,0,0,0,0,0,0,0,0,0,0,0,1,0,6,3,3,100,0,0,0,0,0,0,0,2,2,3,1,1,0,0,3.0,3.0,0,200,-200,200,0,200,-6,0,0,0,0,0,0,0,0,0,0,0,0,0,0,0,0,0,0,0,0,0,0,0,0,0,0,0,0,0,0,0,0
HHS Reading Rockets EABL,"Can Okumus, Joseph Mackinnon, Luca Bakary, Malachi Hassan-Taylor, Matthew Daines",SGS College EABL,"Abubakar Odowa, Jakub Grajcar, Kevin Ramirez Mora, Martin Alburo, Zion Lawson",1,84,1.4,3.0,4,2,2,100,0,0,0,0,0,0,0,2,2,2,0,0,1,0,3,1,3,33.3,1,2,50,0,0,0,0,0,0,1,0,0,0,0,3.0,3.0,133.3,100,33.3,100,133.3,-33.3,1,0,0,0,0,0,0,0,0,0,0,0,0,0,0,0,0,0,0,0,0,0,0,0,0,0,0,0,0,0,0,0,0
BMET City of Birmingham Rockets EABL,"Billy Rose, George Angoy, Issac Gisbourne, Larry Duru, Philip Basioudis",Derby College Trailblazers EABL,"Casey Burr, Elias Norman, Elias Rice, Jarom Howlett, William Tallon",1,93,1.6,2.9,2,1,3,33.3,0,1,0,0,0,0,1,2,3,1,0,0,1,1,3,1,4,25,1,2,50,0,0,0,1,1,2,1,1,0,0,0,2.9,2.9,68.3,102.4,-34.1,102.4,68.3,34.1,-1,0,0,0,0,0,0,0,0,0,0,0,0,0,0,0,0,0,0,0,0,0,0,0,0,0,0,0,0,0,0,0,0
SGS College EABL,"Dylan Lloyd, Kayden Richards, Marcos Pospori, Martin Alburo, Shaquan Nelson",Myerscough College EABL,"Cesar Sanchez Falette, Harry Sheehan, Jakub Bobkowski, Sayomi Latidan, Zach Trezvant",1,49,0.8,2.9,2,1,3,33.3,0,0,0,0,0,0,0,0,0,0,1,0,0,1,1,0,0,0,0,0,0,1,2,50,0,2,2,0,0,0,2,1,3.0,2.9,66.7,34.7,31.9,34.7,66.7,-31.9,1,0,0,0,0,0,0,0,0,0,0,0,0,0,0,0,0,0,0,0,0,0,0,0,0,0,0,0,0,0,0,0,0
SGS College EABL,"Abubakar Odowa, Dylan Lloyd, Marcos Pospori, Martin Alburo, Washington Wewe",Myerscough College EABL,"Aboyomi Aiyedun, Ashton Scott, Cesar Sanchez Falette, Jakub Bobkowski, Salomi Latidan",1,21,0.3,2.9,0,0,1,0,0,0,0,0,0,0,0,0,0,0,2,0,2,2,0,0,0,0,0,0,0,0,2,0,1,1,2,0,1,0,2,0,3.0,2.9,0,0,0,0,0,0,0,0,0,0,0,0,0,0,0,0,0,0,0,0,0,0,0,0,0,0,0,0,0,0,0,0,0,0,0,0,0,0,0
Barking Abbey EABL,"Francesco Cole, Joshua Mendes, Micael Filho, Munyaradzi Myamutenha, Raphael Connolly",HHS Reading Rockets EABL,"Can Okumus, Ethan Harrington, Joseph Mackinnon, Malachi Hassan-Taylor, Saun Ejiofor",1,92,1.5,2.9,4,2,3,66.7,0,0,0,0,0,0,0,1,1,0,2,0,0,0,0,0,3,0,0,1,0,0,0,0,2,1,3,0,0,0,2,0,3.0,2.9,133.3,0,133.3,0,133.3,-133.3,4,0,0,0,0,0,0,0,0,0,0,0,0,0,0,0,0,0,0,0,0,0,0,0,0,0,0,0,0,0,0,0,0
BMET City of Birmingham Rockets EABL,"George Angoy, J. Agbeze, Jude Hyland, Larry Duru, Philip Basioudis",SGS College EABL,"Kayden Richards, Kevin Ramirez Mora, Marcos Perez Tosca, Martin Alburo, Shaiq Wahid",1,99,1.6,2.9,4,1,2,50,0,1,0,2,2,100,0,2,2,1,0,0,0,1,1,0,2,0,0,1,0,1,2,50,0,1,1,0,0,0,0,2,2.9,2.9,138.9,34.7,104.2,34.7,138.9,-104.2,3,0,0,0,0,0,0,0,0,0,0,0,0,0,0,0,0,0,0,0,0,0,0,0,0,0,0,0,0,0,0,0,0
Myerscough College EABL,"Cesar Sanchez Falette, Daniel Okhuoya, Harry Sheehan, Jakub Bobkowski, Olivier Esingle",Manchester Magic Academy EABL,"Abraham Sagay Isiorho, Harley Blake, Jack Odongo, Jack Walton, Tiego Weekes",1,59,1.0,2.9,1,0,1,0,0,0,0,1,2,50,0,2,2,0,0,0,1,0,0,0,2,0,0,0,0,0,0,0,0,1,1,0,0,0,1,2,2.9,3.0,34.7,0,34.7,0,34.7,-34.7,1,0,0,0,0,0,0,0,0,0,0,0,0,0,0,0,0,0,0,0,0,0,0,0,0,0,0,0,0,0,0,0,0
Myerscough College EABL,"Ayo Ibirinde, Cesar Sanchez Falette, Harry Sheehan, Jakub Bobkowski, Olivier Esingle",Manchester Magic Academy EABL,"Abraham Sagay Isiorho, Harley Blake, Jack Walton, Oluwademilade Babalola, Samy Sidi-Boumedine",1,110,1.8,2.9,3,1,8,12.5,0,2,0,1,2,50,4,1,5,1,1,1,0,0,2,1,2,50,0,0,0,0,0,0,0,1,1,1,0,1,1,2,2.9,3.0,103.9,66.7,37.2,66.7,103.9,-37.2,1,0,0,0,0,0,0,0,0,0,0,0,0,0,0,0,0,0,0,0,0,0,0,0,0,0,0,0,0,0,0,0,0
City of London Academy - Southwark EABL,"Daniel Banjoko, Jacob Hannick, Louis Thompson, Ruben Cryer, Toby Gass",Barking Abbey EABL,"Amari Maitland, Joshua Mendes, Micael Filho, Raphael Connolly, Solomon Dobson Smith",1,130,2.2,2.9,2,1,3,33.3,0,0,0,0,0,0,0,1,1,1,0,0,0,1,4,1,2,50,1,2,50,1,2,50,0,2,2,1,0,0,0,0,3.0,2.9,66.7,138.9,-72.2,138.9,66.7,72.2,-2,0,0,0,0,0,0,0,0,0,0,0,0,0,0,0,0,0,0,0,0,0,0,0,0,0,0,0,0,0,0,0,0
City of London Academy - Southwark EABL,"Dante Patel, David Banjoko, Louis Thompson, Rafi Testfay, Toby Gass",Barking Abbey EABL,"Amari Maitland, Folarin Oguntuase, Joshua Mendes, Kervy Mabaya, Raphael Connolly",1,90,1.5,2.9,2,1,3,33.3,0,0,0,0,0,0,1,1,2,1,1,0,1,0,2,1,3,33.3,0,1,0,0,0,0,1,1,2,0,1,0,1,1,2.9,2.9,68.3,68.3,0,68.3,68.3,0,0,0,0,0,0,0,0,0,0,0,0,0,0,0,0,0,0,0,0,0,0,0,0,0,0,0,0,0,0,0,0,0,0
City of London Academy - Southwark EABL,"Andrew Nwokolo, Daniel Banjoko, David Banjoko, Rafi Testfay, Toby Gass",Barking Abbey EABL,"Amari Maitland, Folarin Oguntuase, Joshua Mendes, Raphael Connolly, Solomon Dobson Smith",1,27,0.5,2.9,2,0,0,0,0,0,0,2,4,50,0,0,0,0,2,0,0,0,0,0,2,0,0,2,0,0,0,0,0,1,1,0,0,0,2,2,1.8,4.0,113.6,0,113.6,0,113.6,-113.6,2,0,0,0,0,0,0,0,0,0,0,0,0,0,0,0,0,0,0,0,0,0,0,0,0,0,0,0,0,0,0,0,0
Copleston High School EABL,"Angus Hickey, Isaac Little, Matthew Liddamore, Noah Wilkinson, Timothy Rafiu",Barking Abbey EABL,"Francesco Cole, Micael Filho, Munyaradzi Myamutenha, Oskaras Visockas, Raphael Connolly",1,78,1.3,2.9,0,0,3,0,0,1,0,0,0,0,0,0,0,0,0,0,1,1,5,1,2,50,1,2,50,2,2,100,1,2,3,1,0,0,0,1,4.0,1.8,0,276.2,-276.2,276.2,0,276.2,-5,0,0,0,0,0,0,0,0,0,0,0,0,0,0,0,0,0,0,0,0,0,0,0,0,0,0,0,0,0,0,0,0
Manchester Magic Academy EABL,"Harley Blake, Lewis Clayton, Nathan Brown, Oluwademilade Babalola, Samy Sidi-Boumedine",Derby College Trailblazers EABL,"Casey Burr, Elias Rice, Matheo Smith-Fjordland, Rohan Hobday, William Tallon",1,81,1.4,2.9,4,1,2,50,0,0,0,2,2,100,0,0,0,1,1,0,0,1,2,1,2,50,0,1,0,0,0,0,1,1,2,0,0,0,2,1,2.9,2.9,138.9,68.3,70.6,68.3,138.9,-70.6,2,0,0,0,0,0,0,0,0,0,0,0,0,0,0,0,0,0,0,0,0,0,0,0,0,0,0,0,0,0,0,0,0
Myerscough College EABL,"Ayo Ibirinde, Daniel Okhuoya, Nathaniel Byfield, Olivier Esingle, Sayomi Latidan",BMET City of Birmingham Rockets EABL,"Jonathan Agbeze, Jude Hyland, Larry Duru, Patrick Walsh, Philip Basioudis",1,63,1.1,2.9,2,1,2,50,0,1,0,0,0,0,0,3,3,1,0,0,1,1,2,1,2,50,0,1,0,0,2,0,0,1,1,1,0,0,0,0,3.0,2.9,66.7,69.4,-2.8,69.4,66.7,2.8,0,0,0,0,0,0,0,0,0,0,0,0,0,0,0,0,0,0,0,0,0,0,0,0,0,0,0,0,0,0,0,0,0
HHS Reading Rockets EABL,"Aydan Moloney, Can Okumus, Ethan Harrington, Luca Bakary, Saun Ejiofor",City of London Academy - Southwark EABL,"Andrew Nwokolo, Daniel Banjoko, Dante Patel, David Banjoko, Toby Gass",1,93,1.6,2.9,4,2,3,66.7,0,0,0,0,0,0,1,1,2,1,0,0,1,1,0,0,2,0,0,0,0,0,0,0,1,0,1,0,0,0,2,0,2.9,2.9,136.5,0,136.5,0,136.5,-136.5,4,0,0,0,0,0,0,0,0,0,0,0,0,0,0,0,0,0,0,0,0,0,0,0,0,0,0,0,0,0,0,0,0
Oaklands Wolves EABL,"Dylan Gladstone, Enzo Da Cruz Fatuda, Gavin Mitchell, Guisepi Augenti, Liam Mcintosh",Itchen College EABL,"Benjamin Cope, Dawid Cimochowski, Elijah Lotriet, George Andrews, Javen Osei-Owusu",1,99,1.6,2.9,0,0,3,0,0,3,0,0,0,0,1,1,2,0,1,1,1,1,0,0,3,0,0,1,0,0,0,0,2,2,4,0,1,0,2,0,2.9,2.9,0,0,0,0,0,0,0,0,0,0,0,0,0,0,0,0,0,0,0,0,0,0,0,0,0,0,0,0,0,0,0,0,0,0,0,0,0,0,0
Oaklands Wolves EABL,"Daniel Kostadinov, Enzo Da Cruz Fatuda, Gavin Mitchell, Kajus Gasperas, Liam Mcintosh",Itchen College EABL,"Benjamin Cope, Dawid Cimochowski, Ethan Round, Jakub Ofman, Thomas Blower",1,78,1.3,2.9,3,1,2,50,1,1,100,0,0,0,0,0,0,1,0,0,1,1,4,1,1,100,0,0,0,2,2,100,0,1,1,1,1,0,1,1,3.0,2.9,100,138.9,-38.9,138.9,100,38.9,-1,0,0,0,0,0,0,0,0,0,0,0,0,0,0,0,0,0,0,0,0,0,0,0,0,0,0,0,0,0,0,0,0
Copleston High School EABL,"Callum Fobister, Isaac Carty-Peters, Matthew Liddamore, Noah Wilkinson, Timothy Rafiu",HHS Reading Rockets EABL,"Can Okumus, Ethan Harrington, Luca Bakary, Matthew Daines, Nicholas Dent",1,82,1.4,2.9,2,1,2,50,0,0,0,0,0,0,0,1,1,0,0,0,1,1,4,1,2,50,0,1,0,2,2,100,0,1,1,0,1,0,0,0,3.0,2.9,66.7,138.9,-72.2,138.9,66.7,72.2,-2,0,0,0,0,0,0,0,0,0,0,0,0,0,0,0,0,0,0,0,0,0,0,0,0,0,0,0,0,0,0,0,0
Copleston High School EABL,"Angus Hickey, Callum Fobister, Isaac Little, Noah Wilkinson, Timothy Rafiu",HHS Reading Rockets EABL,"Aydan Moloney, Ethan Harrington, Luca Bakary, Matthew Daines, Saun Ejiofor",1,131,2.2,2.9,4,2,4,50,0,1,0,0,0,0,1,0,1,0,1,0,0,1,4,2,4,50,0,2,0,0,0,0,1,1,2,1,0,0,1,0,2.9,2.9,136.5,139.9,-3.3,139.9,136.5,3.3,0,0,0,0,0,0,0,0,0,0,0,0,0,0,0,0,0,0,0,0,0,0,0,0,0,0,0,0,0,0,0,0,0
Copleston High School EABL,"Angus Hickey, Callum Fobister, Elijah Tamakloe, Isaac Little, Matthew Liddamore",HHS Reading Rockets EABL,"Joseph Mackinnon, Lazure Franicis, Luca Bakary, Matthew Daines, Nicholas Dent",1,112,1.9,2.9,0,0,1,0,0,0,0,0,0,0,0,3,3,0,0,1,2,1,0,0,6,0,0,3,0,0,0,0,3,1,4,0,1,1,0,1,3.0,2.8,0,0,0,0,0,0,0,0,0,0,0,0,0,0,0,0,0,0,0,0,0,0,0,0,0,0,0,0,0,0,0,0,0,0,0,0,0,0,0
SGS College EABL,"Imam Toure, Kevin Ramirez Mora, Luka Matthews, Marcos Perez Tosca, Shaquan Nelson",Derby College Trailblazers EABL,"Casey Burr, Elias Norman, Jarom Howlett, Rohan Hobday, William Tallon",1,75,1.2,2.9,2,1,3,33.3,0,1,0,0,0,0,1,1,2,0,0,1,1,0,6,2,4,50,2,3,66.7,0,0,0,1,1,2,2,1,0,0,1,2.9,2.9,68.3,204.8,-136.5,204.8,68.3,136.5,-4,0,0,0,0,0,0,0,0,0,0,0,0,0,0,0,0,0,0,0,0,0,0,0,0,0,0,0,0,0,0,0,0
BMET City of Birmingham Rockets EABL,"George Angoy, Jonathan Agbeze, Jude Hyland, Larry Duru, Philip Basioudis",Charnwood College Riders EABL,"Asa Oyerinde, Davin Hanousek, Fahad Saeed, Pharrell Kattah, Tom Pearson",1,75,1.2,2.9,2,0,1,0,0,0,0,2,2,100,0,1,1,0,0,0,1,0,2,1,2,50,0,1,0,0,0,0,0,1,1,1,1,0,1,1,2.9,3.0,69.4,66.7,2.8,66.7,69.4,-2.8,0,0,0,0,0,0,0,0,0,0,0,0,0,0,0,0,0,0,0,0,0,0,0,0,0,0,0,0,0,0,0,0,0
Itchen College EABL,"Benjamin Cope, Dawid Cimochowski, Jakub Ofman, Richard Radu, Thomas Blower",HHS Reading Rockets EABL,"Can Okumus, Joseph Mackinnon, Lazure Franicis, Luca Bakary, Malachi Hassan-Taylor",1,41,0.7,2.9,0,0,2,0,0,0,0,0,0,0,1,2,3,0,1,0,2,1,0,0,3,0,0,0,0,0,0,0,1,1,2,0,0,0,1,0,2.9,2.9,0,0,0,0,0,0,0,0,0,0,0,0,0,0,0,0,0,0,0,0,0,0,0,0,0,0,0,0,0,0,0,0,0,0,0,0,0,0,0
Derby College Trailblazers EABL,"Casey Burr, Elias Norman, Elias Rice, Rohan Hobday, William Tallon",Myerscough College EABL,"Cesar Sanchez Falette, Harry Sheehan, Nathaniel Byfield, Salomi Latidan, Zach Trezvant",1,79,1.3,2.9,2,1,3,33.3,0,0,0,0,0,0,1,1,2,1,0,0,1,1,2,0,1,0,0,0,0,2,2,100,0,1,1,0,1,0,1,0,2.9,2.9,68.3,69.4,-1.2,69.4,68.3,1.2,0,0,0,0,0,0,0,0,0,0,0,0,0,0,0,0,0,0,0,0,0,0,0,0,0,0,0,0,0,0,0,0,0
Manchester Magic Academy EABL,"David Allotey, Harley Blake, Jack Walton, Oluwademilade Babalola, Tiego Weekes",SGS College EABL,"Imam Toure, Kevin Ramirez Mora, Luka Matthews, Marcos Perez Tosca, Shaquan Nelson",1,110,1.8,2.9,0,0,2,0,0,2,0,0,2,0,0,1,1,0,1,0,0,2,2,1,3,33.3,0,1,0,0,0,0,1,2,3,0,0,0,1,1,2.9,2.9,0,68.3,-68.3,68.3,0,68.3,-2,0,0,0,0,0,0,0,0,0,0,0,0,0,0,0,0,0,0,0,0,0,0,0,0,0,0,0,0,0,0,0,0
Oaklands Wolves EABL,"Daniel Kostadinov, Dylan Gladstone, Enzo Da Cruz Fatuda, Gavin Mitchell, Liam Mcintosh",Barking Abbey EABL,"Amari Maitland, Joshua Mendes, Kervy Mabaya, Oskaras Visockas, Raphael Connolly",1,89,1.5,2.9,2,1,3,33.3,0,0,0,0,0,0,0,3,3,0,0,1,0,1,0,0,5,0,0,2,0,0,0,0,2,2,4,0,0,2,0,2,3.0,2.9,66.7,0,66.7,0,66.7,-66.7,2,0,0,0,0,0,0,0,0,0,0,0,0,0,0,0,0,0,0,0,0,0,0,0,0,0,0,0,0,0,0,0,0
Oaklands Wolves EABL,"Daniel Kostadinov, Dylan Gladstone, Enzo Da Cruz Fatuda, Gavin Mitchell, Liam Mcintosh",Barking Abbey EABL,"Kervy Mabaya, Micael Filho, Munyaradzi Myamutenha, Oskaras Visockas, Raphael Connolly",1,71,1.2,2.9,7,3,3,100,1,1,100,0,2,0,1,2,3,2,0,0,0,0,0,0,3,0,0,3,0,0,0,0,1,0,1,0,0,0,0,0,3.9,1.9,180.4,0,180.4,0,180.4,-180.4,7,0,0,0,0,0,0,0,0,0,0,0,0,0,0,0,0,0,0,0,0,0,0,0,0,0,0,0,0,0,0,0,0
Itchen College EABL,"Benjamin Cope, Elijah Lotriet, Ethan Round, Marley Edwards, Mason Yeates",City of London Academy - Southwark EABL,"Andrew Nwokolo, Dante Patel, David Banjoko, Rafi Testfay, Toby Gass",1,107,1.8,2.9,4,2,5,40,0,1,0,0,0,0,2,0,2,0,0,0,0,0,6,3,4,75,0,0,0,0,0,0,1,1,2,0,0,0,0,1,2.9,2.9,139.9,204.8,-64.9,204.8,139.9,64.9,-2,0,0,0,0,0,0,0,0,0,0,0,0,0,0,0,0,0,0,0,0,0,0,0,0,0,0,0,0,0,0,0,0
Itchen College EABL,"Elijah Lotriet, Ethan Round, Marley Edwards, Mason Yeates, Richard Radu",City of London Academy - Southwark EABL,"Daniel Banjoko, David Banjoko, Rafi Testfay, Sharmake Shirwac, Toby Gass",1,94,1.6,2.9,4,2,5,40,0,0,0,0,0,0,2,0,2,1,0,0,0,1,4,2,4,50,0,2,0,0,0,0,2,1,3,0,0,0,1,1,2.9,2.9,139.9,139.9,0,139.9,139.9,0,0,0,0,0,0,0,0,0,0,0,0,0,0,0,0,0,0,0,0,0,0,0,0,0,0,0,0,0,0,0,0,0,0
Itchen College EABL,"Benjamin Cope, Dawid Cimochowski, Elijah Lotriet, Javen Osei-Owusu, Richard Radu",City of London Academy - Southwark EABL,"Andrew Nwokolo, Dante Patel, David Banjoko, Sharmake Shirwac, Toby Gass",1,79,1.3,2.9,6,2,2,100,0,0,0,2,2,100,0,2,2,1,0,1,0,0,2,1,3,33.3,0,0,0,0,0,0,0,0,0,1,0,0,0,2,2.9,3.0,208.3,66.7,141.7,66.7,208.3,-141.7,4,0,0,0,0,0,0,0,0,0,0,0,0,0,0,0,0,0,0,0,0,0,0,0,0,0,0,0,0,0,0,0,0
Charnwood College Riders EABL,"Asa Oyerinde, Davin Hanousek, Fahad Saeed, Luca Boothe, Stanley Morris",Manchester Magic Academy EABL,"Abraham Sagay Isiorho, Harley Blake, Jack Odongo, Tiego Weekes, Tom Richardson",1,68,1.1,2.9,2,0,0,0,0,0,0,2,2,100,0,0,0,0,1,0,2,0,4,2,3,66.7,0,0,0,0,0,0,1,0,1,0,1,0,1,0,2.9,2.9,69.4,136.5,-67.1,136.5,69.4,67.1,-2,0,0,0,0,0,0,0,0,0,0,0,0,0,0,0,0,0,0,0,0,0,0,0,0,0,0,0,0,0,0,0,0
Derby College Trailblazers EABL,"Casey Burr, Jarom Howlett, Karim Zidonis, Liyo Ngomti, Rohan Hobday",BMET City of Birmingham Rockets EABL,"George Angoy, Jonathan Agbeze, Jude Hyland, Larry Duru, Philip Basioudis",1,89,1.5,2.9,0,0,2,0,0,0,0,0,0,0,0,0,0,0,1,0,1,1,0,0,0,0,0,0,0,0,2,0,0,2,2,0,1,0,2,0,3.0,2.9,0,0,0,0,0,0,0,0,0,0,0,0,0,0,0,0,0,0,0,0,0,0,0,0,0,0,0,0,0,0,0,0,0,0,0,0,0,0,0
Myerscough College EABL,"Harry Sheehan, Nathaniel Byfield, Olivier Esingle, Sayomi Latidan, Zach Trezvant",SGS College EABL,"Antoine Bennett, Dylan Lloyd, Imam Toure, Marcos Perez Tosca, Martin Alburo",1,81,1.4,2.9,1,0,0,0,0,0,0,1,2,50,0,0,0,0,1,0,2,1,3,1,1,100,0,0,0,1,2,50,0,0,0,1,1,0,1,1,2.9,2.9,34.7,104.2,-69.4,104.2,34.7,69.4,-2,0,0,0,0,0,0,0,0,0,0,0,0,0,0,0,0,0,0,0,0,0,0,0,0,0,0,0,0,0,0,0,0
Manchester Magic Academy EABL,"Abraham Sagay Isiorho, Harley Blake, Jack Odongo, Jack Walton, Lewis Clayton",Myerscough College EABL,"Ayo Ibirinde, Cesar Sanchez Falette, Fin Morgan, Olivier Esingle, Sayomi Latidan",1,87,1.4,2.9,2,1,1,100,0,0,0,0,0,0,0,1,1,1,0,1,2,1,4,1,4,25,0,0,0,2,2,100,2,0,2,1,1,0,0,0,3.0,2.7,66.7,146,-79.3,146,66.7,79.3,-2,0,0,0,0,0,0,0,0,0,0,0,0,0,0,0,0,0,0,0,0,0,0,0,0,0,0,0,0,0,0,0,0
SGS College EABL,"Abubakar Odowa, Kayden Richards, Kevin Ramirez Mora, Marcos Perez Tosca, Martin Alburo",BMET City of Birmingham Rockets EABL,"Issac Gisbourne, Jonathan Agbeze, Jude Hyland, Larry Duru, Philip Basioudis",1,82,1.4,2.9,5,2,3,66.7,0,1,0,1,2,50,1,0,1,1,1,0,0,0,2,1,1,100,0,0,0,0,0,0,0,0,0,0,0,0,2,2,2.8,3.0,177.9,66.7,111.3,66.7,177.9,-111.3,3,0,0,0,0,0,0,0,0,0,0,0,0,0,0,0,0,0,0,0,0,0,0,0,0,0,0,0,0,0,0,0,0
SGS College EABL,"Abubakar Odowa, Kevin Ramirez Mora, Luka Matthews, Martin Alburo, Shaquan Nelson",BMET City of Birmingham Rockets EABL,"Abdou Camara, Issac Gisbourne, Jude Hyland, Larry Duru, Philip Basioudis",1,50,0.8,2.9,0,0,2,0,0,0,0,0,0,0,0,1,1,0,2,0,1,2,0,0,0,0,0,0,0,0,2,0,0,2,2,0,0,0,2,0,3.0,2.9,0,0,0,0,0,0,0,0,0,0,0,0,0,0,0,0,0,0,0,0,0,0,0,0,0,0,0,0,0,0,0,0,0,0,0,0,0,0,0
Oaklands Wolves EABL,"Daniel Kostadinov, Dylan Gladstone, Enzo Da Cruz Fatuda, Ethan Ryan, Tristan Mcintosh",HHS Reading Rockets EABL,"Can Okumus, Ethan Harrington, James Waterhouse, Joseph Mackinnon, Matthew Daines",1,98,1.6,2.9,3,1,4,25,1,1,100,0,0,0,2,1,3,1,0,1,1,1,2,1,2,50,0,0,0,0,2,0,0,1,1,0,1,1,0,0,2.9,2.9,104.9,69.4,35.5,69.4,104.9,-35.5,1,0,0,0,0,0,0,0,0,0,0,0,0,0,0,0,0,0,0,0,0,0,0,0,0,0,0,0,0,0,0,0,0
Itchen College EABL,"George Andrews, Javen Osei-Owusu, Marley Edwards, Richard Radu, Thomas Blower",Oaklands Wolves EABL,"Enzo Da Cruz Fatuda, Ethan Ryan, Huxley Morrell, Liam Mcintosh, Zac Gribble",1,25,0.4,2.9,0,0,2,0,0,0,0,0,0,0,0,0,0,0,1,0,1,1,1,0,0,0,0,0,0,1,2,50,0,2,2,0,1,0,2,0,3.0,2.9,0,34.7,-34.7,34.7,0,34.7,-1,0,0,0,0,0,0,0,0,0,0,0,0,0,0,0,0,0,0,0,0,0,0,0,0,0,0,0,0,0,0,0,0
Derby College Trailblazers EABL,"Casey Burr, Elias Norman, Elias Rice, Matheo Smith-Fjordland, William Tallon",Manchester Magic Academy EABL,"Abraham Sagay Isiorho, Jack Walton, Lewis Clayton, Samy Sidi-Boumedine, Tarique Kamal Kazmi",1,91,1.5,2.9,5,2,3,66.7,1,2,50,0,0,0,0,0,0,1,0,0,0,0,4,2,4,50,0,0,0,0,0,0,2,1,3,1,0,0,1,1,3.0,2.9,166.7,139.9,26.8,139.9,166.7,-26.8,1,0,0,0,0,0,0,0,0,0,0,0,0,0,0,0,0,0,0,0,0,0,0,0,0,0,0,0,0,0,0,0,0
Derby College Trailblazers EABL,"Elias Rice, George Pastor, Kaleel Otaye, L. Ngomti, Matheo Smith-Fjordland",Manchester Magic Academy EABL,"Abraham Sagay Isiorho, Harley Blake, Jack Walton, Samy Sidi-Boumedine, Tom Richardson",1,103,1.7,2.9,1,0,1,0,0,0,0,1,2,50,0,1,1,0,0,0,1,0,4,2,3,66.7,0,0,0,0,0,0,0,1,1,2,1,0,0,1,2.9,3.0,34.7,133.3,-98.6,133.3,34.7,98.6,-3,0,0,0,0,0,0,0,0,0,0,0,0,0,0,0,0,0,0,0,0,0,0,0,0,0,0,0,0,0,0,0,0
City of London Academy - Southwark EABL,"Andrew Nwokolo, Bilal Olowoshile, Daniel Banjoko, Dante Patel, Ruben Cryer",HHS Reading Rockets EABL,"Alfie King, Joseph Mackinnon, Luca Bakary, Malachi Hassan-Taylor, Matthew Daines",1,99,1.6,2.9,4,1,1,100,0,0,0,2,2,100,0,2,2,0,1,0,1,0,0,0,2,0,0,0,0,0,0,0,0,0,0,0,0,0,1,2,2.9,3.0,138.9,0,138.9,0,138.9,-138.9,4,0,0,0,0,0,0,0,0,0,0,0,0,0,0,0,0,0,0,0,0,0,0,0,0,0,0,0,0,0,0,0,0
Barking Abbey EABL,"Amari Maitland, Joshua Mendes, Micael Filho, Oskaras Visockas, Raphael Connolly",Itchen College EABL,"Benjamin Cope, Dawid Cimochowski, Elijah Lotriet, Ethan Round, Jakub Ofman",1,82,1.4,2.9,6,2,2,100,2,2,100,0,0,0,0,0,0,1,1,0,1,0,4,1,1,100,0,0,0,2,2,100,0,0,0,0,0,0,1,0,3.0,2.9,200,138.9,61.1,138.9,200,-61.1,2,0,0,0,0,0,0,0,0,0,0,0,0,0,0,0,0,0,0,0,0,0,0,0,0,0,0,0,0,0,0,0,0
Barking Abbey EABL,"Alexanda Nwabueze, Heath Parkin, Joshua Mendes, Kimbe N'gabala, Micael Filho",City of London Academy - Southwark EABL,"Andrew Nwokolo, David Banjoko, Jacob Hannick, Louis Thompson, Toby Gass",1,114,1.9,2.9,2,0,1,0,0,1,0,2,2,100,0,0,0,0,0,1,1,2,8,3,9,33.3,1,4,25,1,1,100,4,1,5,1,1,0,0,1,2.9,3.0,69.4,264.9,-195.5,264.9,69.4,195.5,-6,0,0,0,0,0,0,0,0,0,0,0,0,0,0,0,0,0,0,0,0,0,0,0,0,0,0,0,0,0,0,0,0
HHS Reading Rockets EABL,"Can Okumus, Ethan Harrington, James Waterhouse, Luca Bakary, Matthew Daines",Barking Abbey EABL,"Folarin Oguntuase, Kervy Mabaya, Kimbe N'gabala, Oskaras Visockas, Solomon Dobson Smith",1,66,1.1,2.9,2,0,1,0,0,0,0,2,4,50,0,0,0,0,2,0,0,1,0,0,0,0,0,0,0,0,0,0,0,2,2,0,0,1,3,2,2.8,3.0,72.5,0,72.5,0,72.5,-72.5,2,0,0,0,0,0,0,0,0,0,0,0,0,0,0,0,0,0,0,0,0,0,0,0,0,0,0,0,0,0,0,0,0
HHS Reading Rockets EABL,"Can Okumus, James Waterhouse, Joseph Mackinnon, Malachi Hassan-Taylor, Matthew Daines",Barking Abbey EABL,"Folarin Oguntuase, Francesco Cole, Harry Egbayelo, Kimbe N'gabala, Solomon Dobson Smith",1,70,1.2,2.9,4,2,3,66.7,0,0,0,0,1,0,0,0,0,1,1,0,0,0,3,1,1,100,0,0,0,1,1,100,0,2,2,0,0,0,1,2,3.4,2.4,116.3,123,-6.7,123,116.3,6.7,1,0,0,0,0,0,0,0,0,0,0,0,0,0,0,0,0,0,0,0,0,0,0,0,0,0,0,0,0,0,0,0,0
SGS College EABL,"Abubakar Odowa, Kayden Richards, Kevin Ramirez Mora, Luka Matthews, Marcos Perez Tosca",Manchester Magic Academy EABL,"Abraham Sagay Isiorho, David Allotey, Jack Odongo, Jack Walton, Oluwademilade Babalola",1,73,1.2,2.9,2,1,4,25,0,2,0,0,1,0,2,1,3,0,0,1,1,1,3,1,2,50,1,1,100,0,0,0,0,2,2,1,1,0,0,1,3.8,2.0,52.2,150,-97.8,150,52.2,97.8,-1,0,0,0,0,0,0,0,0,0,0,0,0,0,0,0,0,0,0,0,0,0,0,0,0,0,0,0,0,0,0,0,0
Charnwood College Riders EABL,"Asa Oyerinde, Pharrell Kattah, Tom Pearson, Tristan Curran, Zavier Gleadell-Smith",BMET City of Birmingham Rockets EABL,"Jonathan Agbeze, Jude Hyland, Larry Duru, Patrick Walsh, Philip Basioudis",1,132,2.2,2.9,4,2,4,50,0,1,0,0,0,0,1,1,2,1,1,0,0,0,5,2,3,66.7,1,1,100,0,0,0,0,0,0,1,0,0,1,1,1.9,4.0,215.1,125,90.1,125,215.1,-90.1,-1,0,0,0,0,0,0,0,0,0,0,0,0,0,0,0,0,0,0,0,0,0,0,0,0,0,0,0,0,0,0,0,0
Barking Abbey EABL,"Joshua Mendes, Kervy Mabaya, Micael Filho, Oskaras Visockas, Solomon Dobson Smith",Oaklands Wolves EABL,"Dylan Gladstone, Enzo Da Cruz Fatuda, Huxley Morrell, Liam Mcintosh, Tristan Mcintosh",1,86,1.4,2.9,4,1,2,50,0,1,0,2,2,100,0,0,0,0,0,0,0,0,3,1,2,50,1,1,100,0,0,0,0,1,1,1,0,0,1,0,2.9,3.0,138.9,100,38.9,100,138.9,-38.9,1,0,0,0,0,0,0,0,0,0,0,0,0,0,0,0,0,0,0,0,0,0,0,0,0,0,0,0,0,0,0,0,0
Barking Abbey EABL,"Joshua Mendes, Kervy Mabaya, Kimbe N'gabala, Micael Filho, Raphael Connolly",Oaklands Wolves EABL,"Daniel Kostadinov, Dylan Gladstone, Enzo Da Cruz Fatuda, Liam Mcintosh, Tristan Mcintosh",1,68,1.1,2.9,4,1,1,100,0,0,0,2,4,50,0,1,1,1,0,0,0,0,3,1,5,20,0,2,0,1,2,50,2,0,2,0,0,0,0,6,2.8,3.0,144.9,99.1,45.8,99.1,144.9,-45.8,1,0,0,0,0,0,0,0,0,0,0,0,0,0,0,0,0,0,0,0,0,0,0,0,0,0,0,0,0,0,0,0,0
HHS Reading Rockets EABL,"Can Okumus, James Waterhouse, Luca Bakary, Malachi Hassan-Taylor, Matthew Daines",Copleston High School EABL,"Callum Fobister, Isaac Carty-Peters, Isaac Little, Matthew Liddamore, Timothy Rafiu",1,97,1.6,2.9,0,0,4,0,0,1,0,0,0,0,0,2,2,0,0,0,0,1,0,0,4,0,0,1,0,0,0,0,2,2,4,0,0,1,0,1,4.0,1.9,0,0,0,0,0,0,0,0,0,0,0,0,0,0,0,0,0,0,0,0,0,0,0,0,0,0,0,0,0,0,0,0,0,0,0,0,0,0,0
HHS Reading Rockets EABL,"Can Okumus, Ethan Harrington, James Waterhouse, Lazure Francis, Malachi Hassan-Taylor",Copleston High School EABL,"Isaac Little, Matthew Liddamore, Noah Wilkinson, Oliver Drane, Timothy Rafiu",1,89,1.5,2.9,4,1,1,100,0,0,0,2,2,100,0,1,1,1,1,0,1,0,0,0,1,0,0,1,0,0,0,0,0,0,0,0,1,0,2,1,2.9,3.0,138.9,0,138.9,0,138.9,-138.9,4,0,0,0,0,0,0,0,0,0,0,0,0,0,0,0,0,0,0,0,0,0,0,0,0,0,0,0,0,0,0,0,0
HHS Reading Rockets EABL,"Can Okumus, James Waterhouse, Luca Bakary, Malachi Hassan-Taylor, Matthew Daines",BMET City of Birmingham Rockets EABL,"George Angoy, Jonathan Agbeze, Jude Hyland, Larry Duru, Philip Basioudis",1,139,2.3,2.9,2,1,3,33.3,0,0,0,0,0,0,1,2,3,1,0,0,1,1,2,1,4,25,0,2,0,0,0,0,1,1,2,0,1,0,0,0,2.9,2.9,68.3,68.3,0,68.3,68.3,0,0,0,0,0,0,0,0,0,0,0,0,0,0,0,0,0,0,0,0,0,0,0,0,0,0,0,0,0,0,0,0,0,0
HHS Reading Rockets EABL,"Aydan Moloney, Ethan Harrington, James Waterhouse, Luca Bakary, Matthew Daines",BMET City of Birmingham Rockets EABL,"Abdou Camara, Billy Rose, Guridat Singh, Jonathan Agbeze, Patrick Walsh",1,74,1.2,2.9,2,1,3,33.3,0,0,0,0,0,0,1,2,3,0,0,0,1,1,0,0,1,0,0,0,0,0,2,0,0,1,1,0,0,0,1,2,2.9,2.9,68.3,0,68.3,0,68.3,-68.3,2,0,0,0,0,0,0,0,0,0,0,0,0,0,0,0,0,0,0,0,0,0,0,0,0,0,0,0,0,0,0,0,0
Itchen College EABL,"Ethan Round, Jakub Ofman, Javen Osei-Owusu, Mason Yeates, Richard Radu",Charnwood College Riders EABL,"Fahad Saeed, Okeri Hambira, Tom Pearson, Tristan Curran, Zavier Gleadell-Smith",1,59,1.0,2.9,2,0,0,0,0,0,0,2,2,100,0,1,1,0,0,0,2,0,6,2,3,66.7,2,2,100,0,0,0,0,0,0,1,1,0,0,0,2.9,3.0,69.4,200,-130.6,200,69.4,130.6,-4,0,0,0,0,0,0,0,0,0,0,0,0,0,0,0,0,0,0,0,0,0,0,0,0,0,0,0,0,0,0,0,0
Itchen College EABL,"Benjamin Cope, Dawid Cimochowski, Elijah Lotriet, Ethan Round, Jakub Ofman",Charnwood College Riders EABL,"Davin Hanousek, Fahad Saeed, Okeri Hambira, Pharrell Kattah, Zavier Gleadell-Smith",1,55,0.9,2.9,4,1,2,50,0,1,0,2,2,100,0,1,1,1,1,0,1,0,0,0,1,0,0,0,0,0,0,0,0,1,1,0,1,0,1,1,3.9,2.0,103.1,0,103.1,0,103.1,-103.1,4,0,0,0,0,0,0,0,0,0,0,0,0,0,0,0,0,0,0,0,0,0,0,0,0,0,0,0,0,0,0,0,0
Manchester Magic Academy EABL,"Abraham Isiorho, Harley Blake, Jack Walton, Lewis Clayton, Oluwademilade Babalola",Oaklands Wolves EABL,"Daniel Kostadinov, Dylan Gladstone, Enzo Da Cruz Fatuda, Gavin Mitchell, Liam Mcintosh",1,110,1.8,2.9,4,2,3,66.7,0,1,0,0,0,0,0,0,0,2,0,1,0,1,5,2,4,50,0,1,0,1,2,50,1,1,2,0,0,0,0,0,3.0,2.7,133.3,182.5,-49.1,182.5,133.3,49.1,-1,0,0,0,0,0,0,0,0,0,0,0,0,0,0,0,0,0,0,0,0,0,0,0,0,0,0,0,0,0,0,0,0
Manchester Magic Academy EABL,"Abraham Isiorho, Harley Blake, Jack Odongo, Oluwademilade Babalola, Tom Richardson",Oaklands Wolves EABL,"Daniel Kostadinov, Dylan Gladstone, Enzo Da Cruz Fatuda, Gavin Mitchell, Liam Mcintosh",1,111,1.9,2.9,2,1,1,100,0,0,0,0,2,0,0,0,0,1,0,0,0,2,5,2,3,66.7,0,0,0,1,2,50,0,1,1,2,0,0,0,1,1.9,3.9,106.4,128.9,-22.5,128.9,106.4,22.5,-3,0,0,0,0,0,0,0,0,0,0,0,0,0,0,0,0,0,0,0,0,0,0,0,0,0,0,0,0,0,0,0,0
BMET City of Birmingham Rockets EABL,"Billy Rose, George Angoy, Issac Gisbourne, Larry Duru, Simba Chikukwa",Copleston High School EABL,"Callum Fobister, Elijah Tamakloe, Isaac Carty-Peters, Isaac Little, Matthew Liddamore",1,84,1.4,2.9,2,1,3,33.3,0,1,0,0,0,0,0,2,2,1,0,1,0,1,1,0,3,0,0,2,0,1,2,50,1,2,3,1,0,0,0,1,3.0,2.8,66.7,35.6,31.1,35.6,66.7,-31.1,1,0,0,0,0,0,0,0,0,0,0,0,0,0,0,0,0,0,0,0,0,0,0,0,0,0,0,0,0,0,0,0,0
Manchester Magic Academy EABL,"Jack Odongo, Jack Walton, Tarique Kamal Kazmi, Tiego Weekes, Tom Richardson",Itchen College EABL,"Benjamin Cope, Dawid Cimochowski, Ethan Round, Javen Osei-Owusu, Thomas Blower",1,79,1.3,2.9,4,1,2,50,0,1,0,2,2,100,0,1,1,2,0,0,0,0,4,2,5,40,0,2,0,0,0,0,2,1,3,0,0,0,0,2,2.9,2.9,138.9,139.9,-1,139.9,138.9,1,0,0,0,0,0,0,0,0,0,0,0,0,0,0,0,0,0,0,0,0,0,0,0,0,0,0,0,0,0,0,0,0,0
Manchester Magic Academy EABL,"Abraham Isiorho, Harley Blake, Jack Walton, Lewis Clayton, Oluwademilade Babalola",Itchen College EABL,"Benjamin Cope, Dawid Cimochowski, Ethan Round, Jakub Ofman, Thomas Blower",1,68,1.1,2.9,4,2,3,66.7,0,0,0,0,0,0,0,0,0,1,1,0,0,0,4,1,1,100,0,0,0,2,2,100,0,1,1,1,0,0,1,1,3.0,2.9,133.3,138.9,-5.6,138.9,133.3,5.6,0,0,0,0,0,0,0,0,0,0,0,0,0,0,0,0,0,0,0,0,0,0,0,0,0,0,0,0,0,0,0,0,0
Manchester Magic Academy EABL,"Abraham Isiorho, Harley Blake, Jack Odongo, Jack Walton, Oluwademilade Babalola",Itchen College EABL,"Benjamin Cope, Ethan Round, Jakub Ofman, Javen Osei-Owusu, Marley Edwards",1,78,1.3,2.9,7,2,2,100,1,1,100,2,4,50,0,0,0,2,0,0,0,1,2,1,1,100,0,0,0,0,0,0,0,0,0,1,0,0,1,1,3.8,2.0,186.2,100,86.2,100,186.2,-86.2,5,0,0,0,0,0,0,0,0,0,0,0,0,0,0,0,0,0,0,0,0,0,0,0,0,0,0,0,0,0,0,0,0
Charnwood College Riders EABL,"Davincy Stephens, James Hardy, Okeri Hambira, Pharrell Kattah, Tom Pearson",Oaklands Wolves EABL,"Enzo Da Cruz Fatuda, Ethan Ryan, Gavin Mitchell, Huxley Morrell, Liam Mcintosh",1,101,1.7,2.9,4,2,5,40,0,0,0,0,0,0,2,0,2,0,2,0,0,0,0,0,1,0,0,1,0,0,0,0,0,1,1,0,0,0,2,0,2.9,3.0,139.9,0,139.9,0,139.9,-139.9,4,0,0,0,0,0,0,0,0,0,0,0,0,0,0,0,0,0,0,0,0,0,0,0,0,0,0,0,0,0,0,0,0
HHS Reading Rockets EABL,"Ethan Harrington, James Waterhouse, Luca Bakary, Malachi Hassan-Taylor, Matthew Daines",SGS College EABL,"Imam Toure, Luka Matthews, Marcos Perez Tosca, Martin Alburo, Zion Lawson",1,54,0.9,2.9,1,0,0,0,0,0,0,1,2,50,0,1,1,1,0,0,2,0,4,2,3,66.7,0,0,0,0,0,0,0,0,0,1,2,0,0,0,2.9,3.0,34.7,133.3,-98.6,133.3,34.7,98.6,-3,0,0,0,0,0,0,0,0,0,0,0,0,0,0,0,0,0,0,0,0,0,0,0,0,0,0,0,0,0,0,0,0
HHS Reading Rockets EABL,"Aydan Moloney, Joseph Mackinnon, Luca Bakary, Malachi Hassan-Taylor, Matthew Daines",SGS College EABL,"Dylan Lloyd, Jakub Grajcar, Kevin Ramirez Mora, Marcos Perez Tosca, Tekai Wallace-Gayle",1,129,2.1,2.9,6,3,5,60,0,0,0,0,0,0,1,3,4,2,0,0,0,0,0,0,4,0,0,2,0,0,0,0,1,0,1,0,0,0,0,0,2.9,2.9,209.8,0,209.8,0,209.8,-209.8,6,0,0,0,0,0,0,0,0,0,0,0,0,0,0,0,0,0,0,0,0,0,0,0,0,0,0,0,0,0,0,0,0
HHS Reading Rockets EABL,"Aydan Moloney, Ethan Harrington, James Waterhouse, Malachi Hassan-Taylor, Matthew Daines",SGS College EABL,"Imam Toure, Luka Matthews, Marcos Perez Tosca, Martin Alburo, Zion Lawson",1,67,1.1,2.9,0,0,2,0,0,0,0,0,0,0,0,1,1,0,0,1,1,1,2,0,2,0,0,1,0,2,2,100,1,1,2,0,0,0,1,0,3.0,2.8,0,71.2,-71.2,71.2,0,71.2,-2,0,0,0,0,0,0,0,0,0,0,0,0,0,0,0,0,0,0,0,0,0,0,0,0,0,0,0,0,0,0,0,0
City of London Academy - Southwark EABL,"Andrew Nwokolo, Daniel Banjoko, Dante Patel, Jacob Hannick, Toby Gass",Myerscough College EABL,"Ayo Ibirinde, Jakub Bobkowski, Olivier Esingle, Salomi Latidan, Sayomi Latidan",1,109,1.8,2.9,4,1,2,50,0,0,0,2,2,100,0,1,1,1,0,0,1,1,0,0,2,0,0,0,0,0,0,0,1,1,2,0,1,0,1,0,3.9,1.9,103.1,0,103.1,0,103.1,-103.1,4,0,0,0,0,0,0,0,0,0,0,0,0,0,0,0,0,0,0,0,0,0,0,0,0,0,0,0,0,0,0,0,0
Manchester Magic Academy EABL,"Abraham Isiorho, Jack Walton, Oluwademilade Babalola, Tiego Weekes, Tom Richardson",Myerscough College EABL,"Cesar Sanchez Falette, Leon Heidenreich Roberts, Olivier Esingle, Sayomi Laditan, Zach Trezvant",1,86,1.4,2.9,1,0,1,0,0,0,0,1,2,50,0,1,1,0,1,1,1,0,2,1,4,25,0,1,0,0,0,0,2,2,4,0,1,0,1,2,2.9,2.9,34.7,69.9,-35.2,69.9,34.7,35.2,-1,0,0,0,0,0,0,0,0,0,0,0,0,0,0,0,0,0,0,0,0,0,0,0,0,0,0,0,0,0,0,0,0
SGS College EABL,"Dylan Lloyd, Kayden Richards, Marcos Pospori, Martin Alburo, Tekai Wallace-Gayle",Myerscough College EABL,"Ayo Ibirinde, Cesar Sanchez Falette, Harry Sheehan, Jakub Bobkowski, Sayomi Latidan",1,148,2.5,2.8,2,1,6,16.7,0,3,0,0,0,0,3,0,3,0,1,0,0,0,4,1,1,100,0,0,0,2,2,100,0,2,2,0,0,1,1,0,2.8,2.9,71.7,138.9,-67.2,138.9,71.7,67.2,-2,0,0,0,0,0,0,0,0,0,0,0,0,0,0,0,0,0,0,0,0,0,0,0,0,0,0,0,0,0,0,0,0
Barking Abbey EABL,"Amari Maitland, Harry Egbayelo, Micael Filho, Munyaradzi Myamutenha, Raphael Connolly",HHS Reading Rockets EABL,"Can Okumus, Ethan Harrington, Luca Bakary, Malachi Hassan-Taylor, Matthew Daines",1,83,1.4,2.8,2,0,2,0,0,1,0,2,2,100,0,0,0,1,0,0,0,0,6,2,4,50,0,1,0,2,2,100,2,2,4,0,0,1,0,1,2.9,2.7,69.4,219,-149.5,219,69.4,149.5,-4,0,0,0,0,0,0,0,0,0,0,0,0,0,0,0,0,0,0,0,0,0,0,0,0,0,0,0,0,0,0,0,0
City of London Academy - Southwark EABL,"Andrew Nwokolo, Bilal Olowoshile, Daniel Banjoko, Dante Patel, Nyakeh Senessie",Itchen College EABL,"Benjamin Cope, Ethan Round, Javen Osei-Owusu, Mason Yeates, Thomas Blower",1,83,1.4,2.8,4,1,1,100,1,1,100,1,2,50,0,1,1,1,1,0,0,3,2,1,3,33.3,0,0,0,0,3,0,3,1,4,1,0,0,1,1,1.9,3.7,212.8,53.8,158.9,53.8,212.8,-158.9,2,0,0,0,0,0,0,0,0,0,0,0,0,0,0,0,0,0,0,0,0,0,0,0,0,0,0,0,0,0,0,0,0
City of London Academy - Southwark EABL,"Andrew Nwokolo, Daniel Banjoko, David Banjoko, Jacob Hannick, Toby Gass",Itchen College EABL,"Benjamin Cope, George Andrews, Javen Osei-Owusu, Marley Edwards, Richard Radu",1,61,1.0,2.8,2,0,1,0,0,0,0,2,2,100,1,0,1,0,0,0,2,0,4,1,2,50,0,0,0,2,2,100,0,0,0,0,1,1,0,1,2.8,2.9,71.2,138.9,-67.7,138.9,71.2,67.7,-2,0,0,0,0,0,0,0,0,0,0,0,0,0,0,0,0,0,0,0,0,0,0,0,0,0,0,0,0,0,0,0,0
City of London Academy - Southwark EABL,"Andrew Nwokolo, Bilal Olowoshile, Dante Patel, David Banjoko, Riley Nunn",Itchen College EABL,"Benjamin Cope, Ethan Round, Javen Osei-Owusu, Marley Edwards, Thomas Blower",1,70,1.2,2.8,4,0,1,0,0,0,0,4,4,100,1,1,2,0,0,0,1,1,2,0,1,0,0,1,0,2,2,100,0,0,0,0,1,0,1,2,2.7,2.9,148.7,69.4,79.3,69.4,148.7,-79.3,2,0,0,0,0,0,0,0,0,0,0,0,0,0,0,0,0,0,0,0,0,0,0,0,0,0,0,0,0,0,0,0,0
BMET City of Birmingham Rockets EABL,"George Angoy, Issac Gisbourne, J. Agbeze, Larry Duru, Philip Basioudis",SGS College EABL,"Dylan Lloyd, Imam Toure, Kevin Ramirez Mora, Marcos Perez Tosca, Martin Alburo",1,65,1.1,2.8,4,1,1,100,0,0,0,2,2,100,0,0,0,0,0,0,1,2,3,0,1,0,0,1,0,3,4,75,1,0,1,1,1,0,1,1,2.9,2.7,138.9,111.5,27.4,111.5,138.9,-27.4,1,0,0,0,0,0,0,0,0,0,0,0,0,0,0,0,0,0,0,0,0,0,0,0,0,0,0,0,0,0,0,0,0
Myerscough College EABL,"Cesar Sanchez Falette, Jakub Bobkowski, Olivier Esingle, Sayomi Latidan, Zach Trezvant",Manchester Magic Academy EABL,"David Allotey, Harley Blake, Jack Walton, Oluwademilade Babalola, Samy Sidi-Boumedine",1,112,1.9,2.8,4,1,2,50,0,0,0,2,4,50,1,0,1,1,1,0,0,0,5,2,3,66.7,1,2,50,0,0,0,1,0,1,1,0,0,1,3,2.7,2.9,148.7,170.6,-21.9,170.6,148.7,21.9,-1,0,0,0,0,0,0,0,0,0,0,0,0,0,0,0,0,0,0,0,0,0,0,0,0,0,0,0,0,0,0,0,0
Copleston High School EABL,"Callum Fobister, Isaac Little, Matthew Liddamore, Noah Wilkinson, Timothy Rafiu",Barking Abbey EABL,"Joshua Mendes, Kervy Mabaya, Munyaradzi Myamutenha, Solomon Dobson Smith, William Harper",1,114,1.9,2.8,4,2,2,100,0,0,0,0,0,0,0,1,1,1,0,0,1,1,4,2,8,25,0,3,0,0,0,0,5,0,5,1,1,0,0,1,3.0,2.6,133.3,150.9,-17.6,150.9,133.3,17.6,0,0,0,0,0,0,0,0,0,0,0,0,0,0,0,0,0,0,0,0,0,0,0,0,0,0,0,0,0,0,0,0,0
Charnwood College Riders EABL,"Asa Oyerinde, Pharrell Kattah, Rudy Buckingham, Stanley Morris, Tristan Curran",SGS College EABL,"Kevin Ramirez Mora, Luka Matthews, Marcos Perez Tosca, Shaquan Nelson, Washington Wewe",1,75,1.2,2.8,1,0,1,0,0,0,0,1,2,50,0,1,1,0,0,0,1,1,4,1,3,33.3,0,0,0,2,2,100,1,1,2,0,0,1,0,1,2.9,2.8,34.7,142.3,-107.6,142.3,34.7,107.6,-3,0,0,0,0,0,0,0,0,0,0,0,0,0,0,0,0,0,0,0,0,0,0,0,0,0,0,0,0,0,0,0,0
HHS Reading Rockets EABL,"Ethan Harrington, James Waterhouse, Luca Bakary, Malachi Hassan-Taylor, Matthew Daines",City of London Academy - Southwark EABL,"Alex Morentin, Andrew Nwokolo, Daniel Banjoko, Dante Patel, Toby Gass",1,67,1.1,2.8,0,0,2,0,0,1,0,0,0,0,0,0,0,0,0,0,0,1,7,2,3,66.7,1,2,50,2,4,50,2,2,4,1,0,0,0,0,2.0,3.7,0,189.7,-189.7,189.7,0,189.7,-7,0,0,0,0,0,0,0,0,0,0,0,0,0,0,0,0,0,0,0,0,0,0,0,0,0,0,0,0,0,0,0,0
Charnwood College Riders EABL,"Lewis Stevenson, Luca Boothe, Rudy Buckingham, Tristan Curran, Zavier Gleadell-Smith",Myerscough College EABL,"Ayo Ibirinde, Harry Sheehan, Jakub Bobkowski, Junior Sanchez, Sayomi Laditan",1,84,1.4,2.8,1,0,3,0,0,1,0,1,2,50,2,1,3,0,1,1,1,1,0,0,3,0,0,0,0,0,0,0,2,1,3,0,1,0,2,1,2.7,2.9,36.5,0,36.5,0,36.5,-36.5,1,0,0,0,0,0,0,0,0,0,0,0,0,0,0,0,0,0,0,0,0,0,0,0,0,0,0,0,0,0,0,0,0
Oaklands Wolves EABL,"Daniel Kostadinov, Enzo Da Cruz Fatuda, Gavin Mitchell, Liam Mcintosh, Tristan Mcintosh",HHS Reading Rockets EABL,"Ethan Harrington, Joseph Mackinnon, Malachi Hassan-Taylor, Matthew Daines, Nicholas Dent",1,114,1.9,2.8,5,2,7,28.6,1,2,50,0,0,0,5,2,7,0,0,0,1,0,2,1,3,33.3,0,0,0,0,0,0,0,0,0,0,1,0,0,1,2.6,3.0,188.7,66.7,122,66.7,188.7,-122,3,0,0,0,0,0,0,0,0,0,0,0,0,0,0,0,0,0,0,0,0,0,0,0,0,0,0,0,0,0,0,0,0
Itchen College EABL,"Benjamin Cope, Ethan Round, George Andrews, Javen Osei-Owusu, Mason Yeates",Oaklands Wolves EABL,"Daniel Kostadinov, Gavin Mitchell, Huxley Morrell, Liam Mcintosh, Tristan Mcintosh",1,83,1.4,2.8,6,3,6,50,0,0,0,0,0,0,3,1,4,0,0,0,0,1,3,1,2,50,0,1,0,1,2,50,0,0,0,0,0,1,0,0,2.8,2.9,215.1,104.2,110.9,104.2,215.1,-110.9,3,0,0,0,0,0,0,0,0,0,0,0,0,0,0,0,0,0,0,0,0,0,0,0,0,0,0,0,0,0,0,0,0
HHS Reading Rockets EABL,"Ethan Harrington, James Waterhouse, Lazure Francis, Malachi Hassan-Taylor, Matthew Daines",Copleston High School EABL,"Callum Fobister, Grant Millar, Isaac Little, Matthew Liddamore, Noah Wilkinson",1,63,1.1,2.8,3,1,3,33.3,0,1,0,1,2,50,2,2,4,0,0,0,1,0,0,0,3,0,0,2,0,0,0,0,1,0,1,0,0,0,1,1,2.7,2.9,109.5,0,109.5,0,109.5,-109.5,3,0,0,0,0,0,0,0,0,0,0,0,0,0,0,0,0,0,0,0,0,0,0,0,0,0,0,0,0,0,0,0,0
HHS Reading Rockets EABL,"Aydan Moloney, Can Okumus, Ethan Harrington, Luca Bakary, Matthew Daines",BMET City of Birmingham Rockets EABL,"George Angoy, Jude Hyland, Larry Duru, Philip Basioudis, Simba Chikukwa",1,76,1.3,2.8,2,1,5,20,0,0,0,0,0,0,1,1,2,0,0,0,0,2,0,0,1,0,0,1,0,0,0,0,0,2,2,0,0,1,1,0,3.6,2.0,56,0,56,0,56,-56,2,0,0,0,0,0,0,0,0,0,0,0,0,0,0,0,0,0,0,0,0,0,0,0,0,0,0,0,0,0,0,0,0
Manchester Magic Academy EABL,"Jack Odongo, Jack Walton, Nathan Brown, Oluwademilade Babalola, Tarique Kamal Kazmi",Charnwood College Riders EABL,"Davin Hanousek, Davincy Stephens, Lewis Stevenson, Luca Boothe, Tristan Curran",1,88,1.5,2.7,0,0,3,0,0,1,0,0,0,0,1,0,1,0,0,0,2,1,5,2,2,100,1,1,100,0,0,0,0,1,1,1,1,1,0,0,3.4,2.0,0,250,-250,250,0,250,-5,0,0,0,0,0,0,0,0,0,0,0,0,0,0,0,0,0,0,0,0,0,0,0,0,0,0,0,0,0,0,0,0
Manchester Magic Academy EABL,"Jack Odongo, Jack Walton, Nathan Brown, Oluwademilade Babalola, Samy Sidi-Boumedine",Charnwood College Riders EABL,"Fahad Saeed, Luca Boothe, Rudy Buckingham, Stanley Morris, Tristan Curran",1,73,1.2,2.7,2,1,2,50,0,1,0,0,1,0,0,0,0,1,0,0,0,0,4,2,3,66.7,0,0,0,0,0,0,1,2,3,0,0,0,1,1,2.4,2.9,82,136.5,-54.6,136.5,82,54.6,-2,0,0,0,0,0,0,0,0,0,0,0,0,0,0,0,0,0,0,0,0,0,0,0,0,0,0,0,0,0,0,0,0
Charnwood College Riders EABL,"Luca Boothe, Pharrell Kattah, Tom Pearson, Tristan Curran, Zavier Gleadell-Smith",SGS College EABL,"Dylan Lloyd, Imam Toure, Kevin Ramirez Mora, Luka Matthews, Marcos Perez Tosca",1,84,1.4,2.7,4,2,3,66.7,0,1,0,0,2,0,1,0,1,1,1,0,0,1,3,1,1,100,1,1,100,0,0,0,0,1,1,1,0,0,1,1,3.3,2.0,119.6,150,-30.4,150,119.6,30.4,1,0,0,0,0,0,0,0,0,0,0,0,0,0,0,0,0,0,0,0,0,0,0,0,0,0,0,0,0,0,0,0,0
Manchester Magic Academy EABL,"Jack Walton, Lewis Clayton, Nathan Brown, Oluwademilade Babalola, Samy Sidi-Boumedine",Derby College Trailblazers EABL,"Casey Burr, Elias Rice, Liyo Ngomti, Matheo Smith-Fjordland, Rohan Hobday",1,55,0.9,2.7,6,2,2,100,1,1,100,1,3,33.3,0,0,0,1,1,0,0,1,2,1,1,100,0,0,0,0,0,0,0,2,2,1,0,0,1,1,3.3,2.0,180.7,100,80.7,100,180.7,-80.7,4,0,0,0,0,0,0,0,0,0,0,0,0,0,0,0,0,0,0,0,0,0,0,0,0,0,0,0,0,0,0,0,0
Myerscough College EABL,"Ayo Ibirinde, Harry Sheehan, Jakub Bobkowski, Olivier Esingle, Sayomi Latidan",BMET City of Birmingham Rockets EABL,"Daniel Pittaway, George Angoy, Jude Hyland, Larry Duru, Philip Basioudis",1,83,1.4,2.7,7,2,6,33.3,1,2,50,2,4,50,5,0,5,1,0,0,0,1,0,0,1,0,0,1,0,0,0,0,0,0,0,0,0,0,1,1,3.5,2.0,201.1,0,201.1,0,201.1,-201.1,7,0,0,0,0,0,0,0,0,0,0,0,0,0,0,0,0,0,0,0,0,0,0,0,0,0,0,0,0,0,0,0,0
BMET City of Birmingham Rockets EABL,"Abdou Camara, Guridat Singh, Jaheim Kesto, Patrick Walsh, Philip Basioudis",Manchester Magic Academy EABL,"Harley Blake, Lewis Clayton, Samy Sidi-Boumedine, Tarique Kamal Kazmi, Tom Richardson",1,92,1.5,2.7,0,0,2,0,0,2,0,0,0,0,0,2,2,0,0,0,1,1,1,0,4,0,0,2,0,1,2,50,3,1,4,1,0,0,0,0,3.0,2.3,0,43.3,-43.3,43.3,0,43.3,-1,0,0,0,0,0,0,0,0,0,0,0,0,0,0,0,0,0,0,0,0,0,0,0,0,0,0,0,0,0,0,0,0
Copleston High School EABL,"Callum Fobister, Isaac Carty-Peters, Matthew Liddamore, Noah Wilkinson, Timothy Rafiu",HHS Reading Rockets EABL,"Ethan Harrington, James Waterhouse, Luca Bakary, Malachi Hassan-Taylor, Matthew Daines",1,56,0.9,2.7,2,1,1,100,0,0,0,0,0,0,0,1,1,1,1,0,1,1,3,1,2,50,0,0,0,1,1,100,0,0,0,1,0,0,1,0,2.0,3.4,100,87.2,12.8,87.2,100,-12.8,-1,0,0,0,0,0,0,0,0,0,0,0,0,0,0,0,0,0,0,0,0,0,0,0,0,0,0,0,0,0,0,0,0
Itchen College EABL,"Benjamin Cope, Dawid Cimochowski, Elijah Lotriet, Ethan Round, Javen Osei-Owusu",HHS Reading Rockets EABL,"Can Okumus, Ethan Harrington, James Waterhouse, Malachi Hassan-Taylor, Nicholas Dent",1,66,1.1,2.7,3,1,2,50,0,1,0,1,1,100,0,1,1,1,0,0,1,0,2,1,2,50,0,1,0,0,0,0,0,1,1,0,1,0,0,1,3.4,2.0,87.2,100,-12.8,100,87.2,12.8,1,0,0,0,0,0,0,0,0,0,0,0,0,0,0,0,0,0,0,0,0,0,0,0,0,0,0,0,0,0,0,0,0
Copleston High School EABL,"Isaac Carty-Peters, Luke Read, Mason Wells, Matthew Liddamore, Noah Wilkinson",Oaklands Wolves EABL,"Enzo Da Cruz Fatuda, Ethan Ryan, Gavin Mitchell, Liam Mcintosh, Tristan Mcintosh",1,81,1.4,2.7,3,1,4,25,1,1,100,0,0,0,1,2,3,1,1,0,0,0,0,0,3,0,0,0,0,0,0,0,1,1,2,0,0,0,1,0,2.4,2.9,125.3,0,125.3,0,125.3,-125.3,3,0,0,0,0,0,0,0,0,0,0,0,0,0,0,0,0,0,0,0,0,0,0,0,0,0,0,0,0,0,0,0,0
Derby College Trailblazers EABL,"Casey Burr, Elias Norman, Julian Lemanski, Kaleel Otaye, Liyo Ngomti",BMET City of Birmingham Rockets EABL,"Billy Rose, George Angoy, Guridat Singh, Jonathan Agbeze, Larry Duru",1,74,1.2,2.7,2,1,4,25,0,2,0,0,0,0,1,2,3,1,1,0,0,0,0,0,2,0,0,2,0,0,0,0,0,1,1,0,0,0,1,0,2.4,3.0,83.5,0,83.5,0,83.5,-83.5,2,0,0,0,0,0,0,0,0,0,0,0,0,0,0,0,0,0,0,0,0,0,0,0,0,0,0,0,0,0,0,0,0
Myerscough College EABL,"Daniel Okhuoya, Fin Morgan, Jakub Bobkowski, Layjuan Farrell, Nathaniel Byfield",SGS College EABL,"Imam Toure, Luka Matthews, Marcos Pospori, Martin Alburo, Shaquan Nelson",1,123,2.0,2.7,1,0,2,0,0,2,0,1,2,50,1,0,1,1,1,0,2,1,2,1,6,16.7,0,1,0,0,0,0,5,1,6,0,1,0,1,0,3.8,1.6,26.2,121.2,-95,121.2,26.2,95,-1,0,0,0,0,0,0,0,0,0,0,0,0,0,0,0,0,0,0,0,0,0,0,0,0,0,0,0,0,0,0,0,0
SGS College EABL,"Dylan Lloyd, Imam Toure, Luka Matthews, Marcos Perez Tosca, Martin Alburo",Charnwood College Riders EABL,"Fahad Saeed, Okeri Hambira, Pharrell Kattah, Stanley Morris, Tristan Curran",1,62,1.0,2.7,2,1,2,50,0,1,0,0,1,0,0,1,1,0,1,2,0,0,0,0,2,0,0,0,0,0,0,0,0,1,1,0,0,0,1,2,2.4,3.0,82,0,82,0,82,-82,2,0,0,0,0,0,0,0,0,0,0,0,0,0,0,0,0,0,0,0,0,0,0,0,0,0,0,0,0,0,0,0,0
SGS College EABL,"Kevin Ramirez Mora, Luka Matthews, Marcos Perez Tosca, Martin Alburo, Washington Wewe",Charnwood College Riders EABL,"Asa Oyerinde, Fahad Saeed, Okeri Hambira, Pharrell Kattah, Tom Pearson",1,92,1.5,2.7,2,1,3,33.3,0,0,0,0,0,0,1,1,2,0,0,0,0,1,5,2,4,50,0,1,0,1,2,50,2,1,3,2,0,0,0,1,1.9,3.5,103.6,144.8,-41.2,144.8,103.6,41.2,-3,0,0,0,0,0,0,0,0,0,0,0,0,0,0,0,0,0,0,0,0,0,0,0,0,0,0,0,0,0,0,0,0
Barking Abbey EABL,"Alexanda Nwabueze, Heath Parkin, Malik Matser, Oskaras Visockas, Raphael Connolly",Copleston High School EABL,"Grant Millar, Isaac Little, Matthew Liddamore, Noah Wilkinson, Timothy Rafiu",1,77,1.3,2.7,3,1,2,50,0,1,0,1,2,50,1,1,2,0,0,1,0,0,0,0,2,0,0,1,0,0,0,0,0,1,1,0,0,0,1,2,2.3,3.0,127.9,0,127.9,0,127.9,-127.9,3,0,0,0,0,0,0,0,0,0,0,0,0,0,0,0,0,0,0,0,0,0,0,0,0,0,0,0,0,0,0,0,0
Barking Abbey EABL,"Amari Maitland, Joshua Mendes, Kervy Mabaya, Micael Filho, Raphael Connolly",Itchen College EABL,"Benjamin Cope, Dawid Cimochowski, Ethan Round, Marley Edwards, Richard Radu",1,77,1.3,2.7,4,1,2,50,0,1,0,2,3,66.7,0,0,0,0,2,0,0,1,0,0,0,0,0,0,0,0,0,0,0,0,0,0,0,0,2,1,3.3,2.0,120.5,0,120.5,0,120.5,-120.5,4,0,0,0,0,0,0,0,0,0,0,0,0,0,0,0,0,0,0,0,0,0,0,0,0,0,0,0,0,0,0,0,0
HHS Reading Rockets EABL,"Alfie King, Ethan Harrington, Lazure Francis, Luca Bakary, Matthew Daines",Oaklands Wolves EABL,"Dylan Gladstone, Enzo Da Cruz Fatuda, Gavin Mitchell, Liam Mcintosh, Tristan Mcintosh",1,101,1.7,2.7,2,1,2,50,0,0,0,0,0,0,0,0,0,0,0,0,1,2,4,1,1,100,1,1,100,1,1,100,0,1,1,1,0,0,1,0,3.0,2.4,66.7,163.9,-97.3,163.9,66.7,97.3,-2,0,0,0,0,0,0,0,0,0,0,0,0,0,0,0,0,0,0,0,0,0,0,0,0,0,0,0,0,0,0,0,0
Manchester Magic Academy EABL,"Abraham Sagay Isiorho, David Allotey, Jack Odongo, Samy Sidi-Boumedine, Tiego Weekes",BMET City of Birmingham Rockets EABL,"Abdou Camara, Jonathan Agbeze, Jude Hyland, Larry Duru, Patrick Walsh",1,50,0.8,2.7,0,0,2,0,0,1,0,0,0,0,0,2,2,0,0,0,1,2,2,1,1,100,0,0,0,0,3,0,0,0,0,1,1,0,0,0,3.0,2.3,0,86.2,-86.2,86.2,0,86.2,-2,0,0,0,0,0,0,0,0,0,0,0,0,0,0,0,0,0,0,0,0,0,0,0,0,0,0,0,0,0,0,0,0
Oaklands Wolves EABL,"Daniel Kostadinov, Gavin Mitchell, Huxley Morrell, Liam Mcintosh, Tristan Mcintosh",City of London Academy - Southwark EABL,"Bilal Olowoshile, Louis Thompson, Rafi Testfay, Ruben Cryer, Sharmake Shirwac",1,95,1.6,2.7,4,1,1,100,1,1,100,1,1,100,0,1,1,1,0,0,1,0,6,2,3,66.7,2,2,100,0,0,0,0,0,0,2,0,0,0,1,2.4,3.0,163.9,200,-36.1,200,163.9,36.1,-2,0,0,0,0,0,0,0,0,0,0,0,0,0,0,0,0,0,0,0,0,0,0,0,0,0,0,0,0,0,0,0,0
Oaklands Wolves EABL,"Dylan Gladstone, Enzo Da Cruz Fatuda, Gavin Mitchell, Huxley Morrell, Tristan Mcintosh",City of London Academy - Southwark EABL,"Bilal Olowoshile, Daniel Banjoko, Dante Patel, Jacob Hannick, Toby Gass",1,94,1.6,2.7,3,1,1,100,1,1,100,0,0,0,0,0,0,1,1,0,2,1,3,1,2,50,0,0,0,1,1,100,1,0,1,0,2,0,1,0,3.0,2.4,100,126.6,-26.6,126.6,100,26.6,0,0,0,0,0,0,0,0,0,0,0,0,0,0,0,0,0,0,0,0,0,0,0,0,0,0,0,0,0,0,0,0,0
HHS Reading Rockets EABL,"Ethan Harrington, James Waterhouse, Luca Bakary, Malachi Hassan-Taylor, Matthew Daines",Barking Abbey EABL,"Amari Maitland, Joshua Mendes, Kervy Mabaya, Micael Filho, Raphael Connolly",1,24,0.4,2.7,0,0,1,0,0,0,0,0,0,0,0,0,0,0,0,0,2,2,5,2,2,100,0,0,0,1,1,100,0,1,1,1,1,1,0,0,3.0,2.4,0,204.9,-204.9,204.9,0,204.9,-5,0,0,0,0,0,0,0,0,0,0,0,0,0,0,0,0,0,0,0,0,0,0,0,0,0,0,0,0,0,0,0,0
HHS Reading Rockets EABL,"Can Okumus, Ethan Harrington, Lazure Francis, Luca Bakary, Matthew Daines",Barking Abbey EABL,"Alaxanda Nwabueze, Folarin Oguntuase, Kimbe N'gabala, Raphael Connolly, Solomon Dobson Smith",1,82,1.4,2.7,3,1,2,50,0,0,0,1,1,100,0,1,1,1,0,0,0,0,0,0,2,0,0,1,0,0,0,0,0,1,1,0,0,0,1,0,2.4,3.0,123,0,123,0,123,-123,3,0,0,0,0,0,0,0,0,0,0,0,0,0,0,0,0,0,0,0,0,0,0,0,0,0,0,0,0,0,0,0,0
SGS College EABL,"Abubakar Odowa, Dylan Lloyd, Imam Toure, Kevin Ramirez Mora, Marcos Perez Tosca",Manchester Magic Academy EABL,"Allan Adetula, David Allotey, Harley Blake, Tiego Weekes, Tom Richardson",1,64,1.1,2.7,0,0,1,0,0,0,0,0,0,0,0,1,1,0,1,0,1,1,2,1,2,50,0,1,0,0,1,0,0,1,1,1,0,0,1,0,2.0,3.4,0,58.1,-58.1,58.1,0,58.1,-2,0,0,0,0,0,0,0,0,0,0,0,0,0,0,0,0,0,0,0,0,0,0,0,0,0,0,0,0,0,0,0,0
HHS Reading Rockets EABL,"Can Okumus, Ethan Harrington, James Waterhouse, Malachi Hassan-Taylor, Matthew Daines",BMET City of Birmingham Rockets EABL,"Abdou Camara, George Angoy, Jude Hyland, Philip Basioudis, Simba Chikukwa",1,66,1.1,2.7,4,1,2,50,1,2,50,1,3,33.3,0,0,0,1,0,0,0,0,3,1,1,100,1,1,100,0,0,0,0,2,2,1,0,0,1,0,3.3,2.0,120.5,150,-29.5,150,120.5,29.5,1,0,0,0,0,0,0,0,0,0,0,0,0,0,0,0,0,0,0,0,0,0,0,0,0,0,0,0,0,0,0,0,0
Manchester Magic Academy EABL,"David Allotey, Harley Blake, Jack Walton, Oluwademilade Babalola, Tarique Kamal Kazmi",Oaklands Wolves EABL,"Daniel Kostadinov, Dylan Gladstone, Gavin Mitchell, Huxley Morrell, Tristan Mcintosh",1,116,1.9,2.7,0,0,4,0,0,3,0,0,0,0,1,0,1,0,0,0,0,0,2,1,3,33.3,0,0,0,0,0,0,2,2,4,0,0,0,2,1,2.6,2.9,0,69.9,-69.9,69.9,0,69.9,-2,0,0,0,0,0,0,0,0,0,0,0,0,0,0,0,0,0,0,0,0,0,0,0,0,0,0,0,0,0,0,0,0
BMET City of Birmingham Rockets EABL,"George Angoy, Jonathan Agbeze, Jude Hyland, Larry Duru, Philip Basioudis",Copleston High School EABL,"Elijah Tamakloe, Grant Millar, Isaac Little, Matthew Liddamore, Noah Wilkinson",1,48,0.8,2.7,4,1,1,100,0,0,0,2,3,66.7,0,1,1,1,1,0,0,0,0,0,2,0,0,2,0,0,0,0,0,1,1,0,0,0,1,1,2.3,3.0,172.4,0,172.4,0,172.4,-172.4,4,0,0,0,0,0,0,0,0,0,0,0,0,0,0,0,0,0,0,0,0,0,0,0,0,0,0,0,0,0,0,0,0
SGS College EABL,"Dylan Lloyd, Imam Toure, Marcos Perez Tosca, Marcos Pospori, Shaquan Nelson",Myerscough College EABL,"Cesar Sanchez Falette, Harry Sheehan, Jakub Bobkowski, Salomi Latidan, Sayomi Latidan",1,81,1.4,2.6,2,1,2,50,0,0,0,0,0,0,0,2,2,1,0,0,0,2,0,0,5,0,0,2,0,0,4,0,4,1,5,0,0,0,0,0,2.0,3.2,100,0,100,0,100,-100,2,0,0,0,0,0,0,0,0,0,0,0,0,0,0,0,0,0,0,0,0,0,0,0,0,0,0,0,0,0,0,0,0
City of London Academy - Southwark EABL,"Daniel Banjoko, Dante Patel, David Banjoko, Louis Thompson, Toby Gass",Barking Abbey EABL,"Amari Maitland, Folarin Oguntuase, Joshua Mendes, Micael Filho, Raphael Connolly",1,89,1.5,2.6,2,1,5,20,0,0,0,0,0,0,2,0,2,0,2,0,0,1,0,0,0,0,0,0,0,0,0,0,0,1,1,0,0,0,3,0,2.1,3.0,93.2,0,93.2,0,93.2,-93.2,2,0,0,0,0,0,0,0,0,0,0,0,0,0,0,0,0,0,0,0,0,0,0,0,0,0,0,0,0,0,0,0,0
Manchester Magic Academy EABL,"Jack Walton, Lewis Clayton, Oluwademilade Babalola, Samy Sidi-Boumedine, Tom Richardson",Derby College Trailblazers EABL,"Casey Burr, Elias Rice, Jarom Howlett, Julian Lemanski, Rohan Hobday",1,90,1.5,2.6,4,2,3,66.7,0,1,0,0,2,0,1,2,3,1,0,2,0,0,0,0,4,0,0,1,0,0,0,0,2,1,3,0,0,0,0,1,3.3,1.9,119.6,0,119.6,0,119.6,-119.6,4,0,0,0,0,0,0,0,0,0,0,0,0,0,0,0,0,0,0,0,0,0,0,0,0,0,0,0,0,0,0,0,0
HHS Reading Rockets EABL,"Can Okumus, James Waterhouse, Lazure Francis, Luca Bakary, Matthew Daines",City of London Academy - Southwark EABL,"Alex Morentin, Bilal Olowoshile, David Banjoko, Rafi Testfay, Ruben Cryer",1,75,1.2,2.6,0,0,2,0,0,1,0,0,0,0,0,2,2,0,0,0,1,1,0,0,2,0,0,2,0,0,2,0,1,0,1,0,0,0,0,0,3.0,2.2,0,0,0,0,0,0,0,0,0,0,0,0,0,0,0,0,0,0,0,0,0,0,0,0,0,0,0,0,0,0,0,0,0,0,0,0,0,0,0
Charnwood College Riders EABL,"Lewis Stevenson, Luca Boothe, Rudy Buckingham, Tristan Curran, Zavier Gleadell-Smith",Myerscough College EABL,"Harry Sheehan, Jakub Bobkowski, Junior Sanchez, Sayomi Laditan, Zach Trezvant",1,52,0.9,2.6,5,2,3,66.7,0,1,0,1,2,50,1,1,2,1,1,0,0,0,0,0,3,0,0,2,0,0,0,0,2,1,3,0,0,0,1,0,3.3,1.9,149.5,0,149.5,0,149.5,-149.5,5,0,0,0,0,0,0,0,0,0,0,0,0,0,0,0,0,0,0,0,0,0,0,0,0,0,0,0,0,0,0,0,0
BMET City of Birmingham Rockets EABL,"George Angoy, Jonathan Agbeze, Jude Hyland, Larry Duru, Philip Basioudis",Charnwood College Riders EABL,"Asa Oyerinde, Fahad Saeed, Luca Boothe, Pharrell Kattah, Tristan Curran",1,81,1.4,2.6,6,1,1,100,0,0,0,4,5,80,1,0,1,1,1,0,0,0,0,0,0,0,0,0,0,0,0,0,0,0,0,0,0,0,2,4,3.2,2.0,187.5,0,187.5,0,187.5,-187.5,6,0,0,0,0,0,0,0,0,0,0,0,0,0,0,0,0,0,0,0,0,0,0,0,0,0,0,0,0,0,0,0,0
Itchen College EABL,"Dawid Cimochowski, Elijah Lotriet, Ethan Round, Marley Edwards, Richard Radu",City of London Academy - Southwark EABL,"Alex Morentin, Andrew Nwokolo, Daniel Banjoko, Rafi Testfay, Ruben Cryer",1,76,1.3,2.6,5,1,1,100,0,0,0,3,5,60,0,1,1,0,1,0,0,0,0,0,1,0,0,1,0,0,0,0,0,1,1,0,0,0,1,2,3.2,2.0,156.2,0,156.2,0,156.2,-156.2,5,0,0,0,0,0,0,0,0,0,0,0,0,0,0,0,0,0,0,0,0,0,0,0,0,0,0,0,0,0,0,0,0
Charnwood College Riders EABL,"Lewis Stevenson, Luca Boothe, Pharrell Kattah, Tom Pearson, Tristan Curran",Derby College Trailblazers EABL,"Casey Burr, Dovydas Kilmas, George Pastor, Jarom Howlett, Liyo Ngomti",1,81,1.4,2.6,1,0,4,0,0,1,0,1,2,50,3,0,3,0,0,0,0,1,3,1,1,100,0,0,0,1,2,50,0,2,2,2,0,0,1,2,2.3,2.9,43.3,104.2,-60.9,104.2,43.3,60.9,-2,0,0,0,0,0,0,0,0,0,0,0,0,0,0,0,0,0,0,0,0,0,0,0,0,0,0,0,0,0,0,0,0
Itchen College EABL,"Dawid Cimochowski, Elijah Lotriet, Jakub Ofman, Richard Radu, Thomas Blower",Barking Abbey EABL,"Amari Maitland, Joshua Mendes, Oskaras Visockas, Raphael Connolly, Solomon Dobson Smith",1,98,1.6,2.6,7,2,3,66.7,2,3,66.7,1,1,100,0,0,0,2,0,0,0,2,3,0,0,0,0,0,0,3,4,75,1,1,2,0,0,0,0,1,3.4,1.8,203.5,170.5,33,170.5,203.5,-33,4,0,0,0,0,0,0,0,0,0,0,0,0,0,0,0,0,0,0,0,0,0,0,0,0,0,0,0,0,0,0,0,0
Derby College Trailblazers EABL,"Elias Norman, George Pastor, Jarom Howlett, Matheo Smith-Fjordland, William Tallon",SGS College EABL,"Dylan Lloyd, Kayden Richards, Kevin Ramirez Mora, Marcos Perez Tosca, Martin Alburo",1,69,1.1,2.6,0,0,0,0,0,0,0,0,0,0,0,0,0,0,0,0,2,1,6,2,3,66.7,0,0,0,2,3,66.7,1,0,1,1,1,0,0,1,2.0,3.2,0,184.6,-184.6,184.6,0,184.6,-6,0,0,0,0,0,0,0,0,0,0,0,0,0,0,0,0,0,0,0,0,0,0,0,0,0,0,0,0,0,0,0,0
BMET City of Birmingham Rockets EABL,"Billy Rose, George Angoy, Jesse Ogbeide, Larry Duru, Philip Basioudis",Derby College Trailblazers EABL,"Elias Norman, Elias Rice, Karim Zidonis, Oskar Krysa, William Tallon",1,56,0.9,2.5,2,1,2,50,0,1,0,0,0,0,0,0,0,0,1,0,0,0,3,1,2,50,1,1,100,0,0,0,1,1,2,0,0,0,2,0,2.0,2.9,100,102.4,-2.4,102.4,100,2.4,-1,0,0,0,0,0,0,0,0,0,0,0,0,0,0,0,0,0,0,0,0,0,0,0,0,0,0,0,0,0,0,0,0
BMET City of Birmingham Rockets EABL,"Issac Gisbourne, Jaheim Kesto, Jesse Ogbeide, Larry Duru, Patrick Walsh",Derby College Trailblazers EABL,"Casey Burr, Julian Lemanski, Karim Zidonis, Liyo Ngomti, Matheo Smith-Fjordland",1,55,0.9,2.5,2,1,2,50,0,1,0,0,0,0,1,1,2,1,1,0,1,0,0,0,1,0,0,0,0,0,0,0,0,0,0,0,1,0,2,0,1.9,3.0,103.6,0,103.6,0,103.6,-103.6,2,0,0,0,0,0,0,0,0,0,0,0,0,0,0,0,0,0,0,0,0,0,0,0,0,0,0,0,0,0,0,0,0
SGS College EABL,"Abubakar Odowa, Imam Toure, Marcos Perez Tosca, Marcos Pospori, Martin Alburo",Myerscough College EABL,"Fin Morgan, Layjuan Farrell, Olivier Esingle, Salomi Latidan, Zach Trezvant",1,43,0.7,2.5,3,1,2,50,1,2,50,0,0,0,0,1,1,1,1,0,1,1,0,0,1,0,0,0,0,0,0,0,0,1,1,0,1,0,1,0,3.0,2.0,100,0,100,0,100,-100,3,0,0,0,0,0,0,0,0,0,0,0,0,0,0,0,0,0,0,0,0,0,0,0,0,0,0,0,0,0,0,0,0
BMET City of Birmingham Rockets EABL,"George Angoy, J. Agbeze, Jude Hyland, Larry Duru, Philip Basioudis",SGS College EABL,"Dylan Lloyd, Kayden Richards, Marcos Pospori, Martin Alburo, Shaquan Nelson",1,67,1.1,2.5,5,2,2,100,1,1,100,0,0,0,0,1,1,0,1,0,1,1,0,0,2,0,0,1,0,0,0,0,1,0,1,0,0,0,1,0,3.0,1.9,166.7,0,166.7,0,166.7,-166.7,5,0,0,0,0,0,0,0,0,0,0,0,0,0,0,0,0,0,0,0,0,0,0,0,0,0,0,0,0,0,0,0,0
BMET City of Birmingham Rockets EABL,"Abdou Camara, George Angoy, J. Agbeze, Larry Duru, Philip Basioudis",SGS College EABL,"Abubakar Odowa, Marcos Perez Tosca, Marcos Pospori, Martin Alburo, Washington Wewe",1,58,1.0,2.5,3,1,2,50,1,1,100,0,0,0,0,0,0,0,0,0,1,0,2,1,1,100,0,0,0,0,0,0,0,1,1,0,1,0,1,0,3.0,2.0,100,100,0,100,100,0,1,0,0,0,0,0,0,0,0,0,0,0,0,0,0,0,0,0,0,0,0,0,0,0,0,0,0,0,0,0,0,0,0
BMET City of Birmingham Rockets EABL,"George Angoy, Issac Gisbourne, J. Agbeze, Larry Duru, Philip Basioudis",SGS College EABL,"Abubakar Odowa, Imam Toure, Marcos Perez Tosca, Marcos Pospori, Martin Alburo",1,80,1.3,2.5,5,2,2,100,1,1,100,0,0,0,0,2,2,1,0,1,1,1,0,0,2,0,0,0,0,0,0,0,0,0,0,0,0,0,0,0,3.0,2.0,166.7,0,166.7,0,166.7,-166.7,5,0,0,0,0,0,0,0,0,0,0,0,0,0,0,0,0,0,0,0,0,0,0,0,0,0,0,0,0,0,0,0,0
Itchen College EABL,"Alvin Ben-Uloko, Benjamin Cope, Elijah Lotriet, Ethan Round, Leo Diala-Bevan",Copleston High School EABL,"Grant Millar, Jaziah Mussington, Mason Wells, Noah Wilkinson, Timothy Rafiu",1,44,0.7,2.5,3,1,3,33.3,1,1,100,0,0,0,0,0,0,1,1,0,0,0,2,1,1,100,0,0,0,0,0,0,0,1,1,1,0,1,1,0,3.0,2.0,100,100,0,100,100,0,1,0,0,0,0,0,0,0,0,0,0,0,0,0,0,0,0,0,0,0,0,0,0,0,0,0,0,0,0,0,0,0,0
Itchen College EABL,"Elijah Lotriet, George Andrews, Jakub Ofman, Leo Diala-Bevan, Richard Radu",Copleston High School EABL,"Angus Hickey, Callum Fobister, Isaac Little, Matthew Liddamore, Noah Wilkinson",1,68,1.1,2.5,2,1,2,50,0,0,0,0,0,0,0,2,2,1,0,0,0,0,0,0,2,0,0,0,0,0,0,0,0,1,1,0,0,0,1,0,2.0,3.0,100,0,100,0,100,-100,2,0,0,0,0,0,0,0,0,0,0,0,0,0,0,0,0,0,0,0,0,0,0,0,0,0,0,0,0,0,0,0,0
Itchen College EABL,"George Andrews, Javen Osei-Owusu, Marley Edwards, Richard Radu, Thomas Blower",Copleston High School EABL,"Callum Fobister, Jaziah Mussington, Mason Wells, Matthew Liddamore, Timothy Rafiu",1,72,1.2,2.5,0,0,1,0,0,0,0,0,0,0,0,1,1,0,0,0,1,0,4,2,3,66.7,0,1,0,0,0,0,0,1,1,2,1,0,0,1,2.0,3.0,0,133.3,-133.3,133.3,0,133.3,-4,0,0,0,0,0,0,0,0,0,0,0,0,0,0,0,0,0,0,0,0,0,0,0,0,0,0,0,0,0,0,0,0
Myerscough College EABL,"Harry Sheehan, Jakub Bobkowski, Olivier Esingle, Sayomi Latidan, Zach Trezvant",Manchester Magic Academy EABL,"Jack Odongo, Jack Walton, Oluwademilade Babalola, Samy Sidi-Boumedine, Tarique Kamal Kazmi",1,76,1.3,2.5,6,3,3,100,0,0,0,0,0,0,0,2,2,2,0,0,0,0,0,0,2,0,0,1,0,0,0,0,0,0,0,0,0,0,0,0,3.0,2.0,200,0,200,0,200,-200,6,0,0,0,0,0,0,0,0,0,0,0,0,0,0,0,0,0,0,0,0,0,0,0,0,0,0,0,0,0,0,0,0
City of London Academy - Southwark EABL,"Daniel Banjoko, David Banjoko, Louis Thompson, Rafi Testfay, Toby Gass",Barking Abbey EABL,"Amari Maitland, Folarin Oguntuase, Joshua Mendes, Micael Filho, Raphael Connolly",1,85,1.4,2.5,0,0,2,0,0,0,0,0,0,0,0,0,0,0,0,0,1,0,5,2,2,100,1,1,100,0,0,0,0,2,2,1,0,0,0,0,3.0,2.0,0,250,-250,250,0,250,-5,0,0,0,0,0,0,0,0,0,0,0,0,0,0,0,0,0,0,0,0,0,0,0,0,0,0,0,0,0,0,0,0
City of London Academy - Southwark EABL,"Andrew Nwokolo, Daniel Banjoko, David Banjoko, Rafi Testfay, Toby Gass",Barking Abbey EABL,"Amari Maitland, Joshua Mendes, Kervy Mabaya, Raphael Connolly, Solomon Dobson Smith",1,80,1.3,2.5,3,1,1,100,0,0,0,1,2,50,0,2,2,1,0,0,0,2,2,0,4,0,0,2,0,2,4,50,3,0,3,0,0,0,0,1,1.9,3.2,159.6,62.7,96.9,62.7,159.6,-96.9,1,0,0,0,0,0,0,0,0,0,0,0,0,0,0,0,0,0,0,0,0,0,0,0,0,0,0,0,0,0,0,0,0
Copleston High School EABL,"Callum Fobister, Elijah Tamakloe, Isaac Little, Matthew Liddamore, Timothy Rafiu",Barking Abbey EABL,"Joshua Mendes, Kervy Mabaya, Micael Filho, Oskaras Visockas, Raphael Connolly",1,74,1.2,2.5,0,0,2,0,0,1,0,0,0,0,0,1,1,0,0,0,0,0,4,2,3,66.7,0,0,0,0,0,0,0,2,2,0,0,0,0,0,2.0,3.0,0,133.3,-133.3,133.3,0,133.3,-4,0,0,0,0,0,0,0,0,0,0,0,0,0,0,0,0,0,0,0,0,0,0,0,0,0,0,0,0,0,0,0,0
Copleston High School EABL,"Callum Fobister, Elijah Tamakloe, Isaac Little, Matthew Liddamore, Timothy Rafiu",Barking Abbey EABL,"Henry Mclauchlan, Joshua Mendes, Micael Filho, Oskaras Visockas, William Harper",1,60,1.0,2.5,2,1,3,33.3,0,2,0,0,0,0,0,1,1,0,0,0,0,0,0,0,1,0,0,1,0,0,0,0,0,2,2,0,0,0,1,1,3.0,2.0,66.7,0,66.7,0,66.7,-66.7,2,0,0,0,0,0,0,0,0,0,0,0,0,0,0,0,0,0,0,0,0,0,0,0,0,0,0,0,0,0,0,0,0
Charnwood College Riders EABL,"Asa Oyerinde, Fahad Saeed, Rudy Buckingham, Tristan Curran, Zavier Gleadell-Smith",SGS College EABL,"Antoine Bennett, Imam Toure, Kevin Ramirez Mora, Luka Matthews, Martin Alburo",1,78,1.3,2.5,4,2,3,66.7,0,0,0,0,0,0,1,1,2,1,0,1,0,1,2,1,3,33.3,0,1,0,0,0,0,0,0,0,1,0,0,0,1,1.9,3.0,207.3,66.7,140.6,66.7,207.3,-140.6,2,0,0,0,0,0,0,0,0,0,0,0,0,0,0,0,0,0,0,0,0,0,0,0,0,0,0,0,0,0,0,0,0
Manchester Magic Academy EABL,"Jack Walton, Lewis Clayton, Nathan Brown, Oluwademilade Babalola, Tarique Kamal Kazmi",Derby College Trailblazers EABL,"Casey Burr, Elias Rice, Liyo Ngomti, Rohan Hobday, William Tallon",1,69,1.1,2.5,2,1,2,50,0,0,0,0,0,0,0,2,2,0,0,0,1,0,0,0,2,0,0,2,0,0,0,0,0,0,0,0,0,0,0,0,3.0,2.0,66.7,0,66.7,0,66.7,-66.7,2,0,0,0,0,0,0,0,0,0,0,0,0,0,0,0,0,0,0,0,0,0,0,0,0,0,0,0,0,0,0,0,0
Myerscough College EABL,"Cesar Sanchez Falette, Harry Sheehan, Olivier Esingle, Salomi Latidan, Zach Trezvant",BMET City of Birmingham Rockets EABL,"Daniel Pittaway, George Angoy, Jonathan Agbeze, Jude Hyland, Larry Duru",1,48,0.8,2.5,0,0,1,0,0,1,0,0,0,0,0,1,1,0,0,0,1,1,0,0,2,0,0,0,0,0,0,0,0,1,1,0,1,0,1,0,2.0,3.0,0,0,0,0,0,0,0,0,0,0,0,0,0,0,0,0,0,0,0,0,0,0,0,0,0,0,0,0,0,0,0,0,0,0,0,0,0,0,0
Myerscough College EABL,"Cesar Sanchez Falette, Daniel Okhuoya, Nathaniel Byfield, Sayomi Latidan, Zach Trezvant",BMET City of Birmingham Rockets EABL,"George Angoy, Guridat Singh, Jude Hyland, Larry Duru, Patrick Walsh",1,68,1.1,2.5,5,2,3,66.7,1,1,100,0,0,0,1,1,2,2,1,0,0,1,2,1,2,50,0,1,0,0,0,0,0,0,0,0,0,0,1,0,1.9,3.0,259.1,66.7,192.4,66.7,259.1,-192.4,3,0,0,0,0,0,0,0,0,0,0,0,0,0,0,0,0,0,0,0,0,0,0,0,0,0,0,0,0,0,0,0,0
Myerscough College EABL,"Daniel Okhuoya, Fin Morgan, Harry Sheehan, Ivan Idemudia, Nathaniel Byfield",BMET City of Birmingham Rockets EABL,"Abdou Camara, Daniel Pittaway, Guridat Singh, Jesse Ogbeide, Simba Chikukwa",1,79,1.3,2.5,2,1,2,50,0,1,0,0,0,0,0,3,3,1,0,0,0,0,0,0,3,0,0,1,0,0,0,0,0,1,1,0,0,0,0,0,2.0,3.0,100,0,100,0,100,-100,2,0,0,0,0,0,0,0,0,0,0,0,0,0,0,0,0,0,0,0,0,0,0,0,0,0,0,0,0,0,0,0,0
HHS Reading Rockets EABL,"Ethan Harrington, James Waterhouse, Luca Bakary, Malachi Hassan-Taylor, Matthew Daines",City of London Academy - Southwark EABL,"Alex Morentin, Bilal Olowoshile, Daniel Banjoko, Dante Patel, Rafi Testfay",1,88,1.5,2.5,0,0,1,0,0,0,0,0,0,0,0,0,0,0,0,0,1,0,0,0,0,0,0,0,0,0,0,0,0,1,1,0,1,0,3,0,2.0,3.0,0,0,0,0,0,0,0,0,0,0,0,0,0,0,0,0,0,0,0,0,0,0,0,0,0,0,0,0,0,0,0,0,0,0,0,0,0,0,0
HHS Reading Rockets EABL,"James Waterhouse, Lazure Francis, Malachi Hassan-Taylor, Matthew Daines, Saun Ejiofor",City of London Academy - Southwark EABL,"David Banjoko, Rafi Testfay, Ruben Cryer, Sharmake Shirwac, Toby Gass",1,63,1.1,2.5,2,1,2,50,0,1,0,0,0,0,0,1,1,0,1,0,0,0,2,1,2,50,0,0,0,0,0,0,0,1,1,1,0,0,1,0,2.0,3.0,100,66.7,33.3,66.7,100,-33.3,0,0,0,0,0,0,0,0,0,0,0,0,0,0,0,0,0,0,0,0,0,0,0,0,0,0,0,0,0,0,0,0,0
Oaklands Wolves EABL,"Daniel Kostadinov, Dylan Gladstone, Gavin Mitchell, Huxley Morrell, Tristan Mcintosh",Itchen College EABL,"Benjamin Cope, Ethan Round, Javen Osei-Owusu, Mason Yeates, Thomas Blower",1,52,0.9,2.5,2,1,1,100,0,0,0,0,0,0,0,1,1,0,0,0,2,0,0,0,1,0,0,1,0,0,0,0,0,0,0,0,1,0,1,1,3.0,2.0,66.7,0,66.7,0,66.7,-66.7,2,0,0,0,0,0,0,0,0,0,0,0,0,0,0,0,0,0,0,0,0,0,0,0,0,0,0,0,0,0,0,0,0
Oaklands Wolves EABL,"Enzo Da Cruz Fatuda, Gavin Mitchell, Huxley Morrell, Liam Mcintosh, Tristan Mcintosh",Itchen College EABL,"Elijah Lotriet, Ethan Round, Jakub Ofman, Mason Yeates, Thomas Blower",1,57,0.9,2.5,3,1,2,50,0,0,0,1,1,100,1,2,3,1,0,0,1,1,2,1,3,33.3,0,0,0,0,1,0,1,0,1,0,1,0,0,2,2.4,2.7,126.6,73.3,53.2,73.3,126.6,-53.2,1,0,0,0,0,0,0,0,0,0,0,0,0,0,0,0,0,0,0,0,0,0,0,0,0,0,0,0,0,0,0,0,0
Oaklands Wolves EABL,"Daniel Kostadinov, Dylan Gladstone, Enzo Da Cruz Fatuda, Guisepi Augenti, Liam Mcintosh",Itchen College EABL,"Benjamin Cope, Elijah Lotriet, Ethan Round, Jakub Ofman, Mason Yeates",1,76,1.3,2.5,5,2,2,100,1,1,100,0,0,0,0,0,0,1,0,0,1,0,4,2,2,100,0,0,0,0,0,0,0,0,0,0,0,0,0,0,3.0,2.0,166.7,200,-33.3,200,166.7,33.3,1,0,0,0,0,0,0,0,0,0,0,0,0,0,0,0,0,0,0,0,0,0,0,0,0,0,0,0,0,0,0,0,0
BMET City of Birmingham Rockets EABL,"Abdou Camara, George Angoy, Guridat Singh, Jonathan Agbeze, Patrick Walsh",Manchester Magic Academy EABL,"Harley Blake, Lewis Clayton, Samy Sidi-Boumedine, Tarique Kamal Kazmi, Tom Richardson",1,43,0.7,2.5,2,1,2,50,0,1,0,0,0,0,1,1,2,0,0,0,2,0,2,1,2,50,0,0,0,0,0,0,0,0,0,0,2,0,0,2,2.9,2.0,68.3,100,-31.7,100,68.3,31.7,0,0,0,0,0,0,0,0,0,0,0,0,0,0,0,0,0,0,0,0,0,0,0,0,0,0,0,0,0,0,0,0,0
BMET City of Birmingham Rockets EABL,"Daniel Pittaway, Jonathan Agbeze, Larry Duru, Patrick Walsh, Philip Basioudis",Manchester Magic Academy EABL,"David Allotey, Harley Blake, Lewis Clayton, Samy Sidi-Boumedine, Tarique Kamal Kazmi",1,92,1.5,2.5,4,2,2,100,0,0,0,0,0,0,0,0,0,1,1,0,0,0,4,2,2,100,0,0,0,0,0,0,0,0,0,2,0,0,1,0,2.0,3.0,200,133.3,66.7,133.3,200,-66.7,0,0,0,0,0,0,0,0,0,0,0,0,0,0,0,0,0,0,0,0,0,0,0,0,0,0,0,0,0,0,0,0,0
BMET City of Birmingham Rockets EABL,"Daniel Pittaway, George Angoy, Larry Duru, Patrick Walsh, Philip Basioudis",Manchester Magic Academy EABL,"Harley Blake, Jack Walton, Nathan Brown, Oluwademilade Babalola, Tarique Kamal Kazmi",1,99,1.6,2.5,2,1,1,100,0,0,0,0,0,0,0,1,1,0,0,0,1,0,6,2,3,66.7,2,3,66.7,0,0,0,0,0,0,2,1,0,0,1,2.0,3.0,100,200,-100,200,100,100,-4,0,0,0,0,0,0,0,0,0,0,0,0,0,0,0,0,0,0,0,0,0,0,0,0,0,0,0,0,0,0,0,0
BMET City of Birmingham Rockets EABL,"George Angoy, Jonathan Agbeze, Larry Duru, Patrick Walsh, Philip Basioudis",Manchester Magic Academy EABL,"Harley Blake, Jack Walton, Oluwademilade Babalola, Samy Sidi-Boumedine, Tarique Kamal Kazmi",1,49,0.8,2.5,0,0,2,0,0,2,0,0,0,0,0,1,1,0,0,0,0,0,3,1,2,50,1,2,50,0,0,0,0,2,2,1,0,0,1,1,2.0,3.0,0,100,-100,100,0,100,-3,0,0,0,0,0,0,0,0,0,0,0,0,0,0,0,0,0,0,0,0,0,0,0,0,0,0,0,0,0,0,0,0
BMET City of Birmingham Rockets EABL,"Billy Rose, Guridat Singh, Larry Duru, Patrick Walsh, Philip Basioudis",Manchester Magic Academy EABL,"Jack Walton, Lewis Clayton, Samy Sidi-Boumedine, Tarique Kamal Kazmi, Tom Richardson",1,56,0.9,2.5,0,0,1,0,0,0,0,0,0,0,1,1,2,0,0,0,2,0,5,2,3,66.7,1,2,50,0,0,0,0,0,0,2,2,0,0,0,1.9,3.0,0,166.7,-166.7,166.7,0,166.7,-5,0,0,0,0,0,0,0,0,0,0,0,0,0,0,0,0,0,0,0,0,0,0,0,0,0,0,0,0,0,0,0,0
Copleston High School EABL,"Isaac Carty-Peters, Isaac Little, Matthew Liddamore, Noah Wilkinson, Timothy Rafiu",HHS Reading Rockets EABL,"Can Okumus, Luca Bakary, Malachi Hassan-Taylor, Matthew Daines, Nicholas Dent",1,48,0.8,2.5,5,2,3,66.7,1,2,50,0,0,0,0,0,0,2,1,0,0,0,2,1,1,100,0,0,0,0,0,0,0,1,1,1,0,0,1,0,3.0,2.0,166.7,100,66.7,100,166.7,-66.7,3,0,0,0,0,0,0,0,0,0,0,0,0,0,0,0,0,0,0,0,0,0,0,0,0,0,0,0,0,0,0,0,0
Charnwood College Riders EABL,"Davin Hanousek, Lewis Stevenson, Rudy Buckingham, Stanley Morris, Tristan Curran",Myerscough College EABL,"Harry Sheehan, Junior Sanchez, Olivier Esingle, Solomi Laditan, Zach Trezvant",1,41,0.7,2.5,0,0,3,0,0,2,0,0,0,0,0,0,0,0,0,0,0,0,5,2,2,100,1,1,100,0,0,0,0,2,2,1,0,0,0,1,3.0,2.0,0,250,-250,250,0,250,-5,0,0,0,0,0,0,0,0,0,0,0,0,0,0,0,0,0,0,0,0,0,0,0,0,0,0,0,0,0,0,0,0
Charnwood College Riders EABL,"Asa Oyerinde, Lewis Stevenson, Rudy Buckingham, Tristan Curran, Zavier Gleadell-Smith",Myerscough College EABL,"Ayo Ibirinde, Blake Gordon, Harry Sheehan, Jakub Bobkowski, Junior Sanchez",1,87,1.4,2.5,4,2,3,66.7,0,0,0,0,0,0,0,1,1,1,0,0,0,0,2,1,2,50,0,1,0,0,0,0,0,1,1,0,0,0,0,0,3.0,2.0,133.3,100,33.3,100,133.3,-33.3,2,0,0,0,0,0,0,0,0,0,0,0,0,0,0,0,0,0,0,0,0,0,0,0,0,0,0,0,0,0,0,0,0
SGS College EABL,"Antoine Bennett, Dylan Lloyd, Kayden Richards, Marcos Pospori, Martin Alburo",Derby College Trailblazers EABL,"Elias Norman, George Pastor, Jarom Howlett, Matheo Smith-Fjordland, William Tallon",1,57,0.9,2.5,0,0,1,0,0,1,0,0,0,0,0,1,1,0,0,0,1,0,4,2,3,66.7,0,0,0,0,0,0,0,1,1,0,1,0,0,0,2.0,3.0,0,133.3,-133.3,133.3,0,133.3,-4,0,0,0,0,0,0,0,0,0,0,0,0,0,0,0,0,0,0,0,0,0,0,0,0,0,0,0,0,0,0,0,0
City of London Academy - Southwark EABL,"Alex Morentin, Andrew Nwokolo, Barack Manfo-Marc, Bilal Olowoshile, Dante Patel",Oaklands Wolves EABL,"Enzo Da Cruz Fatuda, Gavin Mitchell, Huxley Morrell, Tristan Mcintosh, Zac Gribble",1,77,1.3,2.5,2,1,2,50,0,0,0,0,0,0,0,2,2,0,0,0,0,0,0,0,3,0,0,3,0,0,0,0,0,1,1,0,0,0,0,0,2.0,3.0,100,0,100,0,100,-100,2,0,0,0,0,0,0,0,0,0,0,0,0,0,0,0,0,0,0,0,0,0,0,0,0,0,0,0,0,0,0,0,0
City of London Academy - Southwark EABL,"Barack Manfo-Marc, Dante Patel, David Banjoko, Sharmake Shirwac, Toby Gass",Oaklands Wolves EABL,"Gavin Mitchell, Guisepi Augenti, Kajus Gasperas, Liam Mcintosh, Zac Gribble",1,115,1.9,2.5,4,2,3,66.7,0,0,0,0,0,0,0,1,1,2,0,0,0,0,2,1,2,50,0,1,0,0,0,0,0,1,1,0,0,1,0,0,3.0,2.0,133.3,100,33.3,100,133.3,-33.3,2,0,0,0,0,0,0,0,0,0,0,0,0,0,0,0,0,0,0,0,0,0,0,0,0,0,0,0,0,0,0,0,0
City of London Academy - Southwark EABL,"Alex Morentin, Barack Manfo-Marc, Dante Patel, Ruben Nunn, Sharmake Shirwac",Oaklands Wolves EABL,"Daniel Kostadinov, Dylan Gladstone, Guisepi Augenti, Kajus Gasperas, Liam Mcintosh",1,53,0.9,2.5,2,1,2,50,0,1,0,0,0,0,0,0,0,0,1,0,1,0,2,1,1,100,0,0,0,0,0,0,0,1,1,1,1,0,1,0,3.0,2.0,66.7,100,-33.3,100,66.7,33.3,0,0,0,0,0,0,0,0,0,0,0,0,0,0,0,0,0,0,0,0,0,0,0,0,0,0,0,0,0,0,0,0,0
Derby College Trailblazers EABL,"Casey Burr, Elias Norman, George Pastor, Jarom Howlett, William Tallon",Charnwood College Riders EABL,"Asa Oyerinde, Davincy Stephens, Lewis Stevenson, Stanley Morris, Tom Pearson",1,85,1.4,2.5,3,1,1,100,1,1,100,0,0,0,0,1,1,1,1,0,1,0,0,0,1,0,0,0,0,0,0,0,0,0,0,0,1,0,2,0,2.0,3.0,150,0,150,0,150,-150,3,0,0,0,0,0,0,0,0,0,0,0,0,0,0,0,0,0,0,0,0,0,0,0,0,0,0,0,0,0,0,0,0
Itchen College EABL,"Benjamin Cope, Elijah Lotriet, Ethan Round, Javen Osei-Owusu, Mason Yeates",HHS Reading Rockets EABL,"Ethan Harrington, Joseph Mackinnon, Lazure Franicis, Luca Bakary, Malachi Hassan-Taylor",1,45,0.8,2.5,0,0,2,0,0,1,0,0,0,0,0,1,1,0,0,0,0,0,2,1,3,33.3,0,1,0,0,0,0,0,2,2,1,0,0,0,0,2.0,3.0,0,66.7,-66.7,66.7,0,66.7,-2,0,0,0,0,0,0,0,0,0,0,0,0,0,0,0,0,0,0,0,0,0,0,0,0,0,0,0,0,0,0,0,0
Itchen College EABL,"Benjamin Cope, Elijah Lotriet, Ethan Round, Javen Osei-Owusu, Mason Yeates",HHS Reading Rockets EABL,"Can Okumus, Ethan Harrington, James Waterhouse, Malachi Hassan-Taylor, Nicholas Dent",1,80,1.3,2.5,0,0,2,0,0,0,0,0,0,0,0,0,0,0,0,0,0,0,6,2,2,100,2,2,100,0,0,0,0,2,2,1,0,0,1,0,2.0,3.0,0,200,-200,200,0,200,-6,0,0,0,0,0,0,0,0,0,0,0,0,0,0,0,0,0,0,0,0,0,0,0,0,0,0,0,0,0,0,0,0
Itchen College EABL,"Alvin Ben-Uloko, Benjamin Cope, George Andrews, Mason Yeates, Richard Radu",HHS Reading Rockets EABL,"Can Okumus, Ethan Harrington, James Waterhouse, Joseph Mackinnon, Malachi Hassan-Taylor",1,70,1.2,2.5,2,1,2,50,0,0,0,0,0,0,0,1,1,1,0,0,0,0,2,1,3,33.3,0,1,0,0,0,0,0,1,1,0,0,0,0,0,2.0,3.0,100,66.7,33.3,66.7,100,-33.3,0,0,0,0,0,0,0,0,0,0,0,0,0,0,0,0,0,0,0,0,0,0,0,0,0,0,0,0,0,0,0,0,0
Derby College Trailblazers EABL,"George Pastor, Jarom Howlett, Julian Lemanski, Liyo Ngomti, William Tallon",Myerscough College EABL,"Ayo Ibirinde, Daniel Okhuoya, Jakub Bobkowski, Nathaniel Byfield, Sayomi Latidan",1,50,0.8,2.5,2,0,1,0,0,1,0,2,3,66.7,0,1,1,0,0,0,0,2,1,0,1,0,0,0,0,1,4,25,0,1,1,0,0,0,0,1,2.3,2.8,86.2,36.2,50,36.2,86.2,-50,1,0,0,0,0,0,0,0,0,0,0,0,0,0,0,0,0,0,0,0,0,0,0,0,0,0,0,0,0,0,0,0,0
Manchester Magic Academy EABL,"Abraham Sagay Isiorho, Jack Odongo, Samy Sidi-Boumedine, Tiego Weekes, Tom Richardson",SGS College EABL,"Abubakar Odowa, Imam Toure, Luka Matthews, Marcos Perez Tosca, Marcos Pospori",1,72,1.2,2.5,4,2,2,100,0,0,0,0,0,0,0,0,0,1,1,0,0,0,5,2,2,100,1,1,100,0,0,0,0,0,0,2,0,0,1,1,2.0,3.0,200,166.7,33.3,166.7,200,-33.3,-1,0,0,0,0,0,0,0,0,0,0,0,0,0,0,0,0,0,0,0,0,0,0,0,0,0,0,0,0,0,0,0,0
Manchester Magic Academy EABL,"Abraham Sagay Isiorho, Harley Blake, Jack Odongo, Samy Sidi-Boumedine, Tom Richardson",SGS College EABL,"Abubakar Odowa, Antoine Bennett, Dylan Lloyd, Kevin Ramirez Mora, Martin Alburo",1,71,1.2,2.5,3,1,2,50,1,1,100,0,0,0,0,0,0,1,0,0,1,1,4,2,2,100,0,0,0,0,0,0,0,1,1,1,0,1,0,0,3.0,2.0,100,200,-100,200,100,100,-1,0,0,0,0,0,0,0,0,0,0,0,0,0,0,0,0,0,0,0,0,0,0,0,0,0,0,0,0,0,0,0,0
Copleston High School EABL,"Callum Fobister, Luke Read, Mason Wells, Matthew Liddamore, Noah Wilkinson",Oaklands Wolves EABL,"Daniel Kostadinov, Gavin Mitchell, Huxley Morrell, Liam Mcintosh, Tristan Mcintosh",1,58,1.0,2.5,0,0,2,0,0,1,0,0,0,0,0,1,1,0,0,0,1,0,2,1,2,50,0,0,0,0,0,0,0,2,2,0,1,0,0,0,3.0,2.0,0,100,-100,100,0,100,-2,0,0,0,0,0,0,0,0,0,0,0,0,0,0,0,0,0,0,0,0,0,0,0,0,0,0,0,0,0,0,0,0
Charnwood College Riders EABL,"Davin Hanousek, Lewis Stevenson, Luca Boothe, Stanley Morris, Tristan Curran",Manchester Magic Academy EABL,"Abraham Sagay Isiorho, Harley Blake, Jack Odongo, Tiego Weekes, Tom Richardson",1,47,0.8,2.5,4,2,2,100,0,0,0,0,0,0,0,1,1,2,1,0,1,0,0,0,1,0,0,0,0,0,0,0,0,0,0,0,1,0,1,1,3.0,2.0,133.3,0,133.3,0,133.3,-133.3,4,0,0,0,0,0,0,0,0,0,0,0,0,0,0,0,0,0,0,0,0,0,0,0,0,0,0,0,0,0,0,0,0
Charnwood College Riders EABL,"Davin Hanousek, Lewis Stevenson, Rudy Buckingham, Stanley Morris, Tristan Curran",Manchester Magic Academy EABL,"Abraham Sagay Isiorho, Harley Blake, Jack Odongo, Nathan Brown, Oluwademilade Babalola",1,70,1.2,2.5,2,1,3,33.3,0,0,0,0,0,0,1,0,1,1,0,0,0,0,7,3,3,100,1,1,100,0,0,0,0,1,1,3,0,2,0,0,1.9,3.0,103.6,233.3,-129.7,233.3,103.6,129.7,-5,0,0,0,0,0,0,0,0,0,0,0,0,0,0,0,0,0,0,0,0,0,0,0,0,0,0,0,0,0,0,0,0
Charnwood College Riders EABL,"Davin Hanousek, Luca Boothe, Rudy Buckingham, Tristan Curran, Zavier Gleadell-Smith",Manchester Magic Academy EABL,"Abraham Sagay Isiorho, David Allotey, Jack Odongo, Tarique Kamal Kazmi, Tom Richardson",1,84,1.4,2.5,5,2,3,66.7,1,1,100,0,0,0,0,1,1,2,0,0,0,0,3,1,2,50,1,1,100,0,0,0,0,1,1,1,0,0,0,1,3.0,2.0,166.7,150,16.7,150,166.7,-16.7,2,0,0,0,0,0,0,0,0,0,0,0,0,0,0,0,0,0,0,0,0,0,0,0,0,0,0,0,0,0,0,0,0
Derby College Trailblazers EABL,"Casey Burr, Elias Norman, Jarom Howlett, Liyo Ngomti, Rohan Hobday",BMET City of Birmingham Rockets EABL,"George Angoy, Jonathan Agbeze, Jude Hyland, Larry Duru, Philip Basioudis",1,49,0.8,2.5,3,1,1,100,1,1,100,0,0,0,0,1,1,1,0,0,1,0,4,2,3,66.7,0,1,0,0,0,0,0,0,0,1,1,0,0,0,2.0,3.0,150,133.3,16.7,133.3,150,-16.7,-1,0,0,0,0,0,0,0,0,0,0,0,0,0,0,0,0,0,0,0,0,0,0,0,0,0,0,0,0,0,0,0,0
Derby College Trailblazers EABL,"George Pastor, Jarom Howlett, Julian Lemanski, Liyo Ngomti, William Tallon",BMET City of Birmingham Rockets EABL,"Jonathan Agbeze, Jude Hyland, Larry Duru, Patrick Walsh, Philip Basioudis",1,66,1.1,2.5,3,1,3,33.3,1,2,50,0,0,0,0,1,1,0,0,0,0,0,2,1,2,50,0,1,0,0,0,0,0,0,0,0,0,0,0,0,3.0,2.0,100,100,0,100,100,0,1,0,0,0,0,0,0,0,0,0,0,0,0,0,0,0,0,0,0,0,0,0,0,0,0,0,0,0,0,0,0,0,0
Derby College Trailblazers EABL,"Elias Norman, Elias Rice, George Pastor, Liyo Ngomti, Rohan Hobday",BMET City of Birmingham Rockets EABL,"George Angoy, Jonathan Agbeze, Jude Hyland, Larry Duru, Philip Basioudis",1,79,1.3,2.5,0,0,3,0,0,0,0,0,0,0,1,0,1,0,0,0,0,0,7,3,3,100,1,1,100,0,0,0,0,2,2,3,0,0,0,0,1.9,3.0,0,233.3,-233.3,233.3,0,233.3,-7,0,0,0,0,0,0,0,0,0,0,0,0,0,0,0,0,0,0,0,0,0,0,0,0,0,0,0,0,0,0,0,0
Charnwood College Riders EABL,"Asa Oyerinde, Lewis Stevenson, Luca Boothe, Pharrell Kattah, Tom Pearson",Derby College Trailblazers EABL,"Elias Norman, Elias Rice, Karim Zidonis, Rohan Hobday, William Tallon",1,69,1.1,2.5,0,0,2,0,0,1,0,0,0,0,0,1,1,0,0,0,0,0,4,2,3,66.7,0,0,0,0,0,0,0,2,2,2,0,0,0,0,2.0,3.0,0,133.3,-133.3,133.3,0,133.3,-4,0,0,0,0,0,0,0,0,0,0,0,0,0,0,0,0,0,0,0,0,0,0,0,0,0,0,0,0,0,0,0,0
Charnwood College Riders EABL,"Davin Hanousek, Lewis Stevenson, Luca Boothe, Pharrell Kattah, Tristan Curran",Derby College Trailblazers EABL,"Casey Burr, Elias Rice, George Pastor, Jarom Howlett, Rohan Hobday",1,63,1.1,2.5,2,1,2,50,0,0,0,0,0,0,0,1,1,1,0,0,0,0,4,2,3,66.7,0,0,0,0,0,0,0,0,0,2,0,0,0,1,2.0,3.0,100,133.3,-33.3,133.3,100,33.3,-2,0,0,0,0,0,0,0,0,0,0,0,0,0,0,0,0,0,0,0,0,0,0,0,0,0,0,0,0,0,0,0,0
Manchester Magic Academy EABL,"Abraham Sagay Isiorho, Jack Walton, Lewis Clayton, Oluwademilade Babalola, Samy Sidi-Boumedine",Myerscough College EABL,"Cesar Sanchez Falette, Daniel Okhuoya, Jakub Bobkowski, Olivier Esingle, Sayomi Latidan",1,77,1.3,2.5,0,0,4,0,0,3,0,0,0,0,1,1,2,0,0,0,0,1,2,1,2,50,0,1,0,0,0,0,0,3,3,1,0,0,0,0,2.9,2.0,0,100,-100,100,0,100,-2,0,0,0,0,0,0,0,0,0,0,0,0,0,0,0,0,0,0,0,0,0,0,0,0,0,0,0,0,0,0,0,0
SGS College EABL,"Imam Toure, Luka Matthews, Marcos Perez Tosca, Martin Alburo, Ryan Cabrera",BMET City of Birmingham Rockets EABL,"George Angoy, Jonathan Agbeze, Jude Hyland, Larry Duru, Patrick Walsh",1,60,1.0,2.5,6,2,2,100,2,2,100,0,0,0,0,2,2,2,0,0,1,0,0,0,3,0,0,1,0,0,0,0,1,0,1,0,1,0,0,0,3.0,1.9,200,0,200,0,200,-200,6,0,0,0,0,0,0,0,0,0,0,0,0,0,0,0,0,0,0,0,0,0,0,0,0,0,0,0,0,0,0,0,0
SGS College EABL,"Imam Toure, Kevin Ramirez Mora, Luka Matthews, Marcos Perez Tosca, Shaquan Nelson",BMET City of Birmingham Rockets EABL,"Daniel Pittaway, George Angoy, Jude Hyland, Larry Duru, Philip Basioudis",1,62,1.0,2.5,5,2,2,100,1,1,100,0,0,0,0,0,0,2,2,0,0,1,2,1,1,100,0,0,0,0,0,0,0,0,0,1,0,0,2,0,2.0,3.0,250,66.7,183.3,66.7,250,-183.3,3,0,0,0,0,0,0,0,0,0,0,0,0,0,0,0,0,0,0,0,0,0,0,0,0,0,0,0,0,0,0,0,0
BMET City of Birmingham Rockets EABL,"Daniel Pittaway, Jonathan Agbeze, Jude Hyland, Larry Duru, Philip Basioudis",Myerscough College EABL,"Fin Morgan, Jakub Bobkowski, Olivier Esingle, Sayomi Latidan, Zach Trezvant",1,68,1.1,2.5,0,0,1,0,0,1,0,0,0,0,0,2,2,0,0,0,1,0,2,1,4,25,0,3,0,0,0,0,1,1,2,0,1,0,0,0,2.0,2.9,0,68.3,-68.3,68.3,0,68.3,-2,0,0,0,0,0,0,0,0,0,0,0,0,0,0,0,0,0,0,0,0,0,0,0,0,0,0,0,0,0,0,0,0
BMET City of Birmingham Rockets EABL,"Abdou Camara, Billy Rose, Guridat Singh, Issac Gisbourne, Patrick Walsh",Myerscough College EABL,"Alex Cisse, Cesar Sanchez Falette, Daniel Okhuoya, Fin Morgan, Layjuan Farrell",1,53,0.9,2.5,0,0,1,0,0,1,0,0,0,0,0,0,0,0,1,0,2,0,2,1,1,100,0,0,0,0,0,0,0,1,1,0,2,0,1,0,3.0,2.0,0,100,-100,100,0,100,-2,0,0,0,0,0,0,0,0,0,0,0,0,0,0,0,0,0,0,0,0,0,0,0,0,0,0,0,0,0,0,0,0
Itchen College EABL,"Benjamin Cope, Dawid Cimochowski, Elijah Lotriet, Ethan Round, Javen Osei-Owusu",Oaklands Wolves EABL,"Daniel Kostadinov, Dylan Gladstone, Enzo Da Cruz Fatuda, Gavin Mitchell, Liam Mcintosh",1,60,1.0,2.5,2,1,2,50,0,1,0,0,0,0,0,2,2,1,0,0,1,0,0,0,2,0,0,1,0,0,0,0,0,0,0,0,0,0,0,0,3.0,2.0,66.7,0,66.7,0,66.7,-66.7,2,0,0,0,0,0,0,0,0,0,0,0,0,0,0,0,0,0,0,0,0,0,0,0,0,0,0,0,0,0,0,0,0
Itchen College EABL,"Benjamin Cope, Elijah Lotriet, Ethan Round, Javen Osei-Owusu, Mason Yeates",Oaklands Wolves EABL,"Daniel Kostadinov, Dylan Gladstone, Enzo Da Cruz Fatuda, Gavin Mitchell, Liam Mcintosh",1,30,0.5,2.5,5,2,3,66.7,1,1,100,0,0,0,1,2,3,0,0,0,1,0,0,0,2,0,0,2,0,0,0,0,0,0,0,0,0,0,0,0,2.9,2.0,170.6,0,170.6,0,170.6,-170.6,5,0,0,0,0,0,0,0,0,0,0,0,0,0,0,0,0,0,0,0,0,0,0,0,0,0,0,0,0,0,0,0,0
Itchen College EABL,"Benjamin Cope, Ethan Round, George Andrews, Javen Osei-Owusu, Mason Yeates",Oaklands Wolves EABL,"Enzo Da Cruz Fatuda, Gavin Mitchell, Huxley Morrell, Liam Mcintosh, Tristan Mcintosh",1,65,1.1,2.5,2,1,2,50,0,0,0,0,0,0,0,1,1,1,1,0,1,0,0,0,1,0,0,0,0,0,0,0,0,1,1,0,0,0,1,0,3.0,2.0,66.7,0,66.7,0,66.7,-66.7,2,0,0,0,0,0,0,0,0,0,0,0,0,0,0,0,0,0,0,0,0,0,0,0,0,0,0,0,0,0,0,0,0
Itchen College EABL,"George Andrews, Leo Diala-Bevan, Marley Edwards, Richard Radu, Thomas Blower",Oaklands Wolves EABL,"Blaine Thompson, Enzo Da Cruz Fatuda, Ethan Ryan, Kajus Gasperas, Zac Gribble",1,88,1.5,2.5,2,1,2,50,0,0,0,0,0,0,1,0,1,1,0,0,2,0,5,2,2,100,1,1,100,0,0,0,0,0,0,2,0,0,0,0,2.9,2.0,68.3,250,-181.7,250,68.3,181.7,-3,0,0,0,0,0,0,0,0,0,0,0,0,0,0,0,0,0,0,0,0,0,0,0,0,0,0,0,0,0,0,0,0
Derby College Trailblazers EABL,"Casey Burr, George Pastor, Julian Lemanski, L. Ngomti, Matheo Smith-Fjordland",Manchester Magic Academy EABL,"Abraham Sagay Isiorho, Harley Blake, Lewis Clayton, Oluwademilade Babalola, Samy Sidi-Boumedine",1,67,1.1,2.5,0,0,3,0,0,1,0,0,0,0,1,2,3,0,0,1,1,1,0,0,4,0,0,1,0,0,0,0,1,1,2,0,1,1,0,0,2.4,2.6,0,0,0,0,0,0,0,0,0,0,0,0,0,0,0,0,0,0,0,0,0,0,0,0,0,0,0,0,0,0,0,0,0,0,0,0,0,0,0
SGS College EABL,"Dylan Lloyd, Imam Toure, Luka Matthews, Marcos Perez Tosca, Martin Alburo",Charnwood College Riders EABL,"Andrew Young, Asa Oyerinde, Lewis Stevenson, Tristan Curran, Zavier Gleadell-Smith",1,105,1.8,2.5,3,1,2,50,1,2,50,0,0,0,0,0,0,1,0,0,0,1,6,3,3,100,0,0,0,0,0,0,0,0,0,1,0,0,0,0,2.0,3.0,150,200,-50,200,150,50,-3,0,0,0,0,0,0,0,0,0,0,0,0,0,0,0,0,0,0,0,0,0,0,0,0,0,0,0,0,0,0,0,0
Barking Abbey EABL,"Alexanda Nwabueze, Francesco Cole, Heath Parkin, Malik Matser, Raphael Connolly",Copleston High School EABL,"Grant Millar, Isaac Little, Matthew Liddamore, Noah Wilkinson, Timothy Rafiu",1,77,1.3,2.5,0,0,1,0,0,1,0,0,0,0,0,0,0,0,1,0,2,0,0,0,0,0,0,0,0,0,0,0,0,1,1,0,1,0,2,0,3.0,2.0,0,0,0,0,0,0,0,0,0,0,0,0,0,0,0,0,0,0,0,0,0,0,0,0,0,0,0,0,0,0,0,0,0,0,0,0,0,0,0
Barking Abbey EABL,"Alexanda Nwabueze, Francesco Cole, Heath Parkin, Kimbe N'gabala, Raphael Connolly",Copleston High School EABL,"Grant Millar, Isaac Little, Matthew Liddamore, Noah Wilkinson, Timothy Rafiu",1,53,0.9,2.5,2,1,2,50,0,0,0,0,0,0,0,0,0,0,2,0,0,0,0,0,1,0,0,1,0,0,0,0,0,1,1,0,0,0,2,1,2.0,3.0,100,0,100,0,100,-100,2,0,0,0,0,0,0,0,0,0,0,0,0,0,0,0,0,0,0,0,0,0,0,0,0,0,0,0,0,0,0,0,0
City of London Academy - Southwark EABL,"Alex Morentin, Andrew Nwokolo, Bilal Olowoshile, Dante Patel, Louis Thompson",HHS Reading Rockets EABL,"Ethan Harrington, James Waterhouse, Luca Bakary, Malachi Hassan-Taylor, Matthew Daines",1,85,1.4,2.5,5,2,2,100,1,1,100,0,0,0,0,0,0,2,0,0,1,0,2,1,1,100,0,0,0,0,0,0,0,0,0,0,0,0,1,0,3.0,2.0,166.7,100,66.7,100,166.7,-66.7,3,0,0,0,0,0,0,0,0,0,0,0,0,0,0,0,0,0,0,0,0,0,0,0,0,0,0,0,0,0,0,0,0
City of London Academy - Southwark EABL,"Bilal Olowoshile, David Banjoko, Louis Thompson, Rafi Testfay, Sharmake Shirwac",HHS Reading Rockets EABL,"Joseph Mackinnon, Lazure Franicis, Luca Bakary, Malachi Hassan-Taylor, Matthew Daines",1,113,1.9,2.5,0,0,1,0,0,1,0,0,0,0,0,0,0,0,0,0,1,0,4,2,3,66.7,0,1,0,0,0,0,1,1,2,0,0,0,1,0,2.0,2.9,0,136.5,-136.5,136.5,0,136.5,-4,0,0,0,0,0,0,0,0,0,0,0,0,0,0,0,0,0,0,0,0,0,0,0,0,0,0,0,0,0,0,0,0
Barking Abbey EABL,"Alexanda Nwabueze, Joshua Mendes, Kervy Mabaya, Micael Filho, Oskaras Visockas",Itchen College EABL,"Ethan Round, Javen Osei-Owusu, Mason Yeates, Richard Radu, Thomas Blower",1,99,1.6,2.5,0,0,1,0,0,1,0,0,0,0,0,0,0,0,1,0,1,0,6,2,2,100,2,2,100,0,0,0,0,1,1,2,1,0,1,1,2.0,3.0,0,200,-200,200,0,200,-6,0,0,0,0,0,0,0,0,0,0,0,0,0,0,0,0,0,0,0,0,0,0,0,0,0,0,0,0,0,0,0,0
Barking Abbey EABL,"Alexanda Nwabueze, Amari Maitland, Kervy Mabaya, Oskaras Visockas, Raphael Connolly",Itchen College EABL,"Elijah Lotriet, Javen Osei-Owusu, Mason Yeates, Richard Radu, Thomas Blower",1,74,1.2,2.5,5,2,4,50,1,3,33.3,0,0,0,1,2,3,1,1,0,0,1,2,0,0,0,0,0,0,2,5,40,0,0,0,0,0,0,1,0,1.9,3.2,268.8,62.5,206.3,62.5,268.8,-206.3,3,0,0,0,0,0,0,0,0,0,0,0,0,0,0,0,0,0,0,0,0,0,0,0,0,0,0,0,0,0,0,0,0
Barking Abbey EABL,"Amari Maitland, Joshua Mendes, Kervy Mabaya, Micael Filho, Oskaras Visockas",Itchen College EABL,"Benjamin Cope, Elijah Lotriet, Ethan Round, Marley Edwards, Mason Yeates",1,67,1.1,2.5,0,0,1,0,0,0,0,0,0,0,0,1,1,0,2,0,1,0,0,0,2,0,0,1,0,0,0,0,1,1,2,0,0,0,2,0,2.0,2.9,0,0,0,0,0,0,0,0,0,0,0,0,0,0,0,0,0,0,0,0,0,0,0,0,0,0,0,0,0,0,0,0,0,0,0,0,0,0,0
Barking Abbey EABL,"Alexanda Nwabueze, Amari Maitland, Joshua Mendes, Kimbe N'gabala, Raphael Connolly",Itchen College EABL,"Elijah Lotriet, Ethan Round, Marley Edwards, Mason Yeates, Richard Radu",1,102,1.7,2.5,4,2,3,66.7,0,1,0,0,0,0,0,0,0,1,0,0,0,0,4,2,2,100,0,0,0,0,0,0,0,1,1,2,0,0,0,0,3.0,2.0,133.3,200,-66.7,200,133.3,66.7,0,0,0,0,0,0,0,0,0,0,0,0,0,0,0,0,0,0,0,0,0,0,0,0,0,0,0,0,0,0,0,0,0
Itchen College EABL,"Benjamin Cope, Ethan Round, George Andrews, Javen Osei-Owusu, Mason Yeates",Barking Abbey EABL,"Alaxanda Nwabueze, Amari Maitland, Joshua Mendes, Oskaras Visockas, Raphael Connolly",1,55,0.9,2.5,2,1,2,50,0,0,0,0,0,0,0,1,1,1,1,0,1,0,0,0,1,0,0,1,0,0,0,0,0,1,1,0,1,1,1,0,3.0,2.0,66.7,0,66.7,0,66.7,-66.7,2,0,0,0,0,0,0,0,0,0,0,0,0,0,0,0,0,0,0,0,0,0,0,0,0,0,0,0,0,0,0,0,0
Myerscough College EABL,"Fin Morgan, Jakub Bobkowski, Olivier Esingle, Sayomi Latidan, Zach Trezvant",Charnwood College Riders EABL,"Andrew Young, Lewis Stevenson, Luca Boothe, Stanley Morris, Tom Pearson",1,74,1.2,2.5,0,0,1,0,0,0,0,0,0,0,0,1,1,0,1,1,1,0,2,1,2,50,0,0,0,0,0,0,0,1,1,0,1,0,1,0,2.0,3.0,0,66.7,-66.7,66.7,0,66.7,-2,0,0,0,0,0,0,0,0,0,0,0,0,0,0,0,0,0,0,0,0,0,0,0,0,0,0,0,0,0,0,0,0
Myerscough College EABL,"Cesar Sanchez Falette, Harry Sheehan, Olivier Esingle, Salomi Latidan, Zach Trezvant",Charnwood College Riders EABL,"Luca Boothe, Pharrell Kattah, Rudy Buckingham, Tristan Curran, Zavier Gleadell-Smith",1,55,0.9,2.5,0,0,2,0,0,2,0,0,0,0,0,1,1,0,0,0,0,0,2,1,2,50,0,0,0,0,0,0,0,2,2,1,0,0,1,0,2.0,3.0,0,66.7,-66.7,66.7,0,66.7,-2,0,0,0,0,0,0,0,0,0,0,0,0,0,0,0,0,0,0,0,0,0,0,0,0,0,0,0,0,0,0,0,0
Myerscough College EABL,"Fin Morgan, Jakub Bobkowski, Olivier Esingle, Salomi Latidan, Zach Trezvant",Charnwood College Riders EABL,"Pharrell Kattah, Rudy Buckingham, Tom Pearson, Tristan Curran, Zavier Gleadell-Smith",1,109,1.8,2.5,2,1,2,50,0,0,0,0,0,0,1,1,2,0,0,0,2,1,2,1,8,12.5,0,2,0,0,0,0,4,0,4,0,2,0,0,0,2.9,2.0,68.3,99.6,-31.3,99.6,68.3,31.3,0,0,0,0,0,0,0,0,0,0,0,0,0,0,0,0,0,0,0,0,0,0,0,0,0,0,0,0,0,0,0,0,0
Myerscough College EABL,"Cesar Sanchez Falette, Harry Sheehan, Olivier Esingle, Salomi Latidan, Zach Trezvant",Charnwood College Riders EABL,"James Hardy, Luca Boothe, Tom Pearson, Tristan Curran, Zavier Gleadell-Smith",1,132,2.2,2.5,2,1,5,20,0,1,0,0,0,0,3,2,5,0,0,0,1,1,2,1,4,25,0,2,0,0,2,0,2,0,2,0,0,0,0,0,1.7,3.3,116.3,61.1,55.2,61.1,116.3,-55.2,0,0,0,0,0,0,0,0,0,0,0,0,0,0,0,0,0,0,0,0,0,0,0,0,0,0,0,0,0,0,0,0,0
Oaklands Wolves EABL,"Dylan Gladstone, Enzo Da Cruz Fatuda, Gavin Mitchell, Huxley Morrell, Tristan Mcintosh",City of London Academy - Southwark EABL,"Bilal Olowoshile, Daniel Banjoko, Louis Thompson, Rafi Testfay, Ruben Cryer",1,80,1.3,2.5,4,2,2,100,0,0,0,0,0,0,0,2,2,0,0,0,0,0,0,0,3,0,0,1,0,0,0,0,0,0,0,0,0,0,0,1,2.0,3.0,200,0,200,0,200,-200,4,0,0,0,0,0,0,0,0,0,0,0,0,0,0,0,0,0,0,0,0,0,0,0,0,0,0,0,0,0,0,0,0
Oaklands Wolves EABL,"Blaine Thompson, Daniel Kostadinov, Dylan Gladstone, Huxley Morrell, Tristan Mcintosh",City of London Academy - Southwark EABL,"Alex Morentin, Bilal Olowoshile, Jacob Hannick, Ruben Cryer, Sharmake Shirwac",1,83,1.4,2.5,2,1,2,50,0,0,0,0,0,0,0,0,0,0,0,0,0,0,4,2,2,100,0,0,0,0,0,0,0,1,1,2,0,0,1,0,2.0,3.0,100,133.3,-33.3,133.3,100,33.3,-2,0,0,0,0,0,0,0,0,0,0,0,0,0,0,0,0,0,0,0,0,0,0,0,0,0,0,0,0,0,0,0,0
HHS Reading Rockets EABL,"Can Okumus, Ethan Harrington, James Waterhouse, Lazure Francis, Matthew Daines",Barking Abbey EABL,"Folarin Oguntuase, Joshua Mendes, Oskaras Visockas, Raphael Connolly, Solomon Dobson Smith",1,111,1.9,2.5,0,0,3,0,0,2,0,0,0,0,0,1,1,0,0,0,0,0,2,1,2,50,0,0,0,0,0,0,0,1,1,1,0,0,0,0,3.0,2.0,0,100,-100,100,0,100,-2,0,0,0,0,0,0,0,0,0,0,0,0,0,0,0,0,0,0,0,0,0,0,0,0,0,0,0,0,0,0,0,0
HHS Reading Rockets EABL,"Ethan Harrington, James Waterhouse, Joseph Mackinnon, Lazure Francis, Matthew Daines",Barking Abbey EABL,"Francesco Cole, Kervy Mabaya, Micael Filho, Oskaras Visockas, Raphael Connolly",1,94,1.6,2.5,0,0,3,0,0,2,0,0,0,0,0,2,2,0,0,0,0,0,0,0,2,0,0,2,0,0,0,0,0,2,2,0,0,0,0,0,3.0,2.0,0,0,0,0,0,0,0,0,0,0,0,0,0,0,0,0,0,0,0,0,0,0,0,0,0,0,0,0,0,0,0,0,0,0,0,0,0,0,0
Copleston High School EABL,"Angus Hickey, Callum Fobister, Matthew Liddamore, Noah Wilkinson, Oliver Drane",City of London Academy - Southwark EABL,"Andrew Nwokolo, Nyakeh Senessie, Rafi Testfay, Ruben Cryer, Sharmake Shirwac",1,17,0.3,2.5,0,0,0,0,0,0,0,0,0,0,0,1,1,0,0,0,3,0,2,1,2,50,0,1,0,0,0,0,0,0,0,0,1,0,0,0,3.0,2.0,0,100,-100,100,0,100,-2,0,0,0,0,0,0,0,0,0,0,0,0,0,0,0,0,0,0,0,0,0,0,0,0,0,0,0,0,0,0,0,0
SGS College EABL,"Abubakar Odowa, Kayden Richards, Marcos Pospori, Martin Alburo, Zion Lawson",Manchester Magic Academy EABL,"Abraham Sagay Isiorho, David Allotey, Harley Blake, Jack Odongo, Oluwademilade Babalola",1,74,1.2,2.5,2,1,1,100,0,0,0,0,0,0,0,1,1,1,0,0,2,1,2,1,2,50,0,0,0,0,0,0,0,0,0,0,2,0,0,0,3.0,2.0,66.7,100,-33.3,100,66.7,33.3,0,0,0,0,0,0,0,0,0,0,0,0,0,0,0,0,0,0,0,0,0,0,0,0,0,0,0,0,0,0,0,0,0
SGS College EABL,"Dylan Lloyd, Imam Toure, Kevin Ramirez Mora, Marcos Perez Tosca, Ryan Cabrera",Manchester Magic Academy EABL,"Harley Blake, Jack Walton, Oluwademilade Babalola, Tarique Kamal Kazmi, Tiego Weekes",1,61,1.0,2.5,0,0,2,0,0,2,0,0,0,0,0,1,1,0,0,0,0,0,0,0,1,0,0,0,0,0,0,0,0,2,2,0,0,0,2,0,2.0,3.0,0,0,0,0,0,0,0,0,0,0,0,0,0,0,0,0,0,0,0,0,0,0,0,0,0,0,0,0,0,0,0,0,0,0,0,0,0,0,0
Charnwood College Riders EABL,"Asa Oyerinde, Fahad Saeed, James Hardy, Pharrell Kattah, Rudy Buckingham",BMET City of Birmingham Rockets EABL,"Jonathan Agbeze, Jude Hyland, Larry Duru, Philip Basioudis, Simba Chikukwa",1,61,1.0,2.5,0,0,1,0,0,1,0,0,0,0,0,0,0,0,1,0,2,0,2,1,1,100,0,0,0,0,0,0,0,0,0,1,2,0,1,0,3.0,2.0,0,100,-100,100,0,100,-2,0,0,0,0,0,0,0,0,0,0,0,0,0,0,0,0,0,0,0,0,0,0,0,0,0,0,0,0,0,0,0,0
Charnwood College Riders EABL,"Fahad Saeed, Pharrell Kattah, Rudy Buckingham, Tom Pearson, Tristan Curran",BMET City of Birmingham Rockets EABL,"Abdou Camara, Jonathan Agbeze, Larry Duru, Patrick Walsh, Philip Basioudis",1,61,1.0,2.5,7,3,3,100,1,1,100,0,0,0,0,1,1,2,1,0,0,0,0,0,1,0,0,1,0,0,0,0,0,0,0,0,0,0,1,0,3.0,2.0,233.3,0,233.3,0,233.3,-233.3,7,0,0,0,0,0,0,0,0,0,0,0,0,0,0,0,0,0,0,0,0,0,0,0,0,0,0,0,0,0,0,0,0
HHS Reading Rockets EABL,"Ethan Harrington, Joseph Mackinnon, Lazure Francis, Malachi Hassan-Taylor, Matthew Daines",Itchen College EABL,"Dawid Cimochowski, Elijah Lotriet, Jakub Ofman, Richard Radu, Thomas Blower",1,109,1.8,2.5,4,2,2,100,0,0,0,0,0,0,0,1,1,0,0,0,1,1,2,1,6,16.7,0,2,0,0,0,0,3,0,3,0,0,0,0,0,3.0,2.0,133.3,100.6,32.7,100.6,133.3,-32.7,2,0,0,0,0,0,0,0,0,0,0,0,0,0,0,0,0,0,0,0,0,0,0,0,0,0,0,0,0,0,0,0,0
HHS Reading Rockets EABL,"Can Okumus, Ethan Harrington, James Waterhouse, Malachi Hassan-Taylor, Matthew Daines",Itchen College EABL,"Elijah Lotriet, Ethan Round, Javen Osei-Owusu, Marley Edwards, Richard Radu",1,66,1.1,2.5,0,0,2,0,0,0,0,0,0,0,0,0,0,0,0,0,0,0,0,0,1,0,0,0,0,0,0,0,0,2,2,0,0,0,2,1,2.0,3.0,0,0,0,0,0,0,0,0,0,0,0,0,0,0,0,0,0,0,0,0,0,0,0,0,0,0,0,0,0,0,0,0,0,0,0,0,0,0,0
HHS Reading Rockets EABL,"Aydan Moloney, Can Okumus, Ethan Harrington, Joseph Mackinnon, Lazure Francis",Itchen College EABL,"Benjamin Cope, Elijah Lotriet, Ethan Round, Javen Osei-Owusu, Mason Yeates",1,50,0.8,2.5,0,0,1,0,0,0,0,0,0,0,0,2,2,0,0,0,1,0,0,0,3,0,0,0,0,0,0,0,1,1,2,0,1,0,1,0,2.0,2.9,0,0,0,0,0,0,0,0,0,0,0,0,0,0,0,0,0,0,0,0,0,0,0,0,0,0,0,0,0,0,0,0,0,0,0,0,0,0,0
Myerscough College EABL,"Cesar Sanchez Falette, Harry Sheehan, Olivier Esingle, Sayomi Latidan, Zach Trezvant",Barking Abbey EABL,"Amari Maitland, Joshua Mendes, Kervy Mabaya, Raphael Connolly, Solomon Dobson Smith",1,49,0.8,2.5,4,2,4,50,0,1,0,0,0,0,1,0,1,1,2,0,0,0,0,0,0,0,0,0,0,0,0,0,0,1,1,0,0,0,2,0,2.9,2.0,136.5,0,136.5,0,136.5,-136.5,4,0,0,0,0,0,0,0,0,0,0,0,0,0,0,0,0,0,0,0,0,0,0,0,0,0,0,0,0,0,0,0,0
Myerscough College EABL,"Ayo Ibirinde, Cesar Sanchez Falette, Harry Sheehan, Jakub Bobkowski, Sayomi Latidan",Barking Abbey EABL,"Alaxanda Nwabueze, Amari Maitland, Folarin Oguntuase, Joshua Mendes, Raphael Connolly",1,73,1.2,2.5,2,1,2,50,0,0,0,0,0,0,0,1,1,1,0,0,1,0,2,1,2,50,0,0,0,0,0,0,0,1,1,0,1,0,0,0,3.0,2.0,66.7,100,-33.3,100,66.7,33.3,0,0,0,0,0,0,0,0,0,0,0,0,0,0,0,0,0,0,0,0,0,0,0,0,0,0,0,0,0,0,0,0,0
Myerscough College EABL,"Cesar Sanchez Falette, Harry Sheehan, Olivier Esingle, Sayomi Latidan, Sayomi Latidan",Barking Abbey EABL,"Alaxanda Nwabueze, Joshua Mendes, Kervy Mabaya, Micael Filho, Oskaras Visockas",1,96,1.6,2.5,2,1,2,50,0,1,0,0,0,0,0,1,1,1,0,0,1,2,3,1,2,50,1,2,50,0,0,0,0,1,1,1,1,0,0,0,3.0,2.0,66.7,150,-83.3,150,66.7,83.3,-1,0,0,0,0,0,0,0,0,0,0,0,0,0,0,0,0,0,0,0,0,0,0,0,0,0,0,0,0,0,0,0,0
SGS College EABL,"Dylan Lloyd, Jakub Grajcar, Kevin Ramirez Mora, Luka Matthews, Marcos Perez Tosca",Copleston High School EABL,"Callum Fobister, Luke Read, Matthew Liddamore, Noah Wilkinson, Timothy Rafiu",1,108,1.8,2.5,5,2,6,33.3,1,2,50,0,0,0,3,1,4,1,0,0,0,2,2,0,2,0,0,0,0,2,3,66.7,1,1,2,0,0,0,0,0,2.8,2.2,179.2,88.9,90.3,88.9,179.2,-90.3,3,0,0,0,0,0,0,0,0,0,0,0,0,0,0,0,0,0,0,0,0,0,0,0,0,0,0,0,0,0,0,0,0
City of London Academy - Southwark EABL,"Alex Morentin, Bilal Olowoshile, Daniel Banjoko, Rafi Testfay, Ruben Cryer",Derby College Trailblazers EABL,"Casey Burr, Elias Norman, Elias Rice, Karim Zidonis, Rohan Hobday",1,95,1.6,2.5,5,2,4,50,1,2,50,0,0,0,0,0,0,1,0,0,0,0,2,1,1,100,0,0,0,0,0,0,0,0,0,1,0,0,0,0,4.0,1.0,125,200,-75,200,125,75,3,0,0,0,0,0,0,0,0,0,0,0,0,0,0,0,0,0,0,0,0,0,0,0,0,0,0,0,0,0,0,0,0
BMET City of Birmingham Rockets EABL,"Billy Rose, George Angoy, Jonathan Agbeze, Larry Duru, Philip Basioudis",Copleston High School EABL,"Callum Fobister, Elijah Tamakloe, Isaac Little, Matthew Liddamore, Timothy Rafiu",1,59,1.0,2.5,2,1,2,50,0,1,0,0,0,0,0,1,1,1,0,0,0,0,2,1,3,33.3,0,0,0,0,0,0,0,1,1,1,0,0,0,0,2.0,3.0,100,66.7,33.3,66.7,100,-33.3,0,0,0,0,0,0,0,0,0,0,0,0,0,0,0,0,0,0,0,0,0,0,0,0,0,0,0,0,0,0,0,0,0
BMET City of Birmingham Rockets EABL,"Billy Rose, George Angoy, Jonathan Agbeze, Larry Duru, Philip Basioudis",Copleston High School EABL,"Callum Fobister, Elijah Tamakloe, Isaac Little, Matthew Liddamore, Noah Wilkinson",1,121,2.0,2.5,0,0,3,0,0,2,0,0,0,0,1,0,1,0,0,0,0,1,4,2,3,66.7,0,1,0,0,0,0,0,2,2,0,0,0,0,0,1.9,3.0,0,133.3,-133.3,133.3,0,133.3,-4,0,0,0,0,0,0,0,0,0,0,0,0,0,0,0,0,0,0,0,0,0,0,0,0,0,0,0,0,0,0,0,0
BMET City of Birmingham Rockets EABL,"George Angoy, Jonathan Agbeze, Jude Hyland, Larry Duru, Philip Basioudis",Copleston High School EABL,"Elijah Tamakloe, Isaac Little, Matthew Liddamore, Noah Wilkinson, Timothy Rafiu",1,59,1.0,2.5,0,0,2,0,0,2,0,0,0,0,0,1,1,0,1,0,1,0,0,0,1,0,0,0,0,0,0,0,0,2,2,0,0,0,1,0,3.0,2.0,0,0,0,0,0,0,0,0,0,0,0,0,0,0,0,0,0,0,0,0,0,0,0,0,0,0,0,0,0,0,0,0,0,0,0,0,0,0,0
Manchester Magic Academy EABL,"Jack Odongo, Jack Walton, Tarique Kamal Kazmi, Tiego Weekes, Tom Richardson",Itchen College EABL,"Benjamin Cope, Dawid Cimochowski, Elijah Lotriet, Ethan Round, Jakub Ofman",1,50,0.8,2.5,0,0,1,0,0,0,0,0,0,0,0,1,1,0,0,0,1,0,0,0,1,0,0,0,0,0,0,0,0,1,1,0,0,0,2,0,2.0,3.0,0,0,0,0,0,0,0,0,0,0,0,0,0,0,0,0,0,0,0,0,0,0,0,0,0,0,0,0,0,0,0,0,0,0,0,0,0,0,0
Manchester Magic Academy EABL,"Abraham Isiorho, Harley Blake, Jack Walton, Lewis Clayton, Oluwademilade Babalola",Itchen College EABL,"Benjamin Cope, Dawid Cimochowski, Elijah Lotriet, Jakub Ofman, Thomas Blower",1,61,1.0,2.5,6,3,4,75,0,1,0,0,0,0,1,0,1,1,2,0,0,0,0,0,0,0,0,0,0,0,0,0,0,0,0,0,0,0,2,1,2.9,2.0,204.8,0,204.8,0,204.8,-204.8,6,0,0,0,0,0,0,0,0,0,0,0,0,0,0,0,0,0,0,0,0,0,0,0,0,0,0,0,0,0,0,0,0
Charnwood College Riders EABL,"Fahad Saeed, James Hardy, Pharrell Kattah, Tom Pearson, Zavier Gleadell-Smith",Oaklands Wolves EABL,"Dylan Gladstone, Gavin Mitchell, Huxley Morrell, Liam Mcintosh, Tristan Mcintosh",1,82,1.4,2.5,0,0,1,0,0,0,0,0,0,0,0,2,2,0,0,1,1,0,2,1,4,25,0,1,0,0,0,0,1,1,2,0,1,0,0,1,2.0,2.9,0,68.3,-68.3,68.3,0,68.3,-2,0,0,0,0,0,0,0,0,0,0,0,0,0,0,0,0,0,0,0,0,0,0,0,0,0,0,0,0,0,0,0,0
HHS Reading Rockets EABL,"Ethan Harrington, James Waterhouse, Joseph Mackinnon, Malachi Hassan-Taylor, Matthew Daines",SGS College EABL,"Abubakar Odowa, Jakub Grajcar, Kevin Ramirez Mora, Marcos Perez Tosca, Zion Lawson",1,70,1.2,2.5,4,2,2,100,0,0,0,0,0,0,0,0,0,2,2,0,0,0,0,0,0,0,0,0,0,0,0,0,0,0,0,0,0,0,3,0,2.0,3.0,200,0,200,0,200,-200,4,0,0,0,0,0,0,0,0,0,0,0,0,0,0,0,0,0,0,0,0,0,0,0,0,0,0,0,0,0,0,0,0
HHS Reading Rockets EABL,"Ethan Harrington, Joseph Mackinnon, Luca Bakary, Malachi Hassan-Taylor, Matthew Daines",SGS College EABL,"Abubakar Odowa, Imam Toure, Luka Matthews, Martin Alburo, Zion Lawson",1,71,1.2,2.5,2,1,3,33.3,0,1,0,0,0,0,1,0,1,0,0,0,0,0,5,2,2,100,1,1,100,0,0,0,0,1,1,0,0,0,1,1,1.9,3.0,103.6,166.7,-63,166.7,103.6,63,-3,0,0,0,0,0,0,0,0,0,0,0,0,0,0,0,0,0,0,0,0,0,0,0,0,0,0,0,0,0,0,0,0
HHS Reading Rockets EABL,"Aydan Moloney, Ethan Harrington, James Waterhouse, Malachi Hassan-Taylor, Matthew Daines",SGS College EABL,"Dylan Lloyd, Imam Toure, Luka Matthews, Marcos Perez Tosca, Martin Alburo",1,75,1.2,2.5,2,1,1,100,0,0,0,0,0,0,0,1,1,1,0,0,2,0,2,1,3,33.3,0,1,0,0,0,0,1,0,1,0,1,0,0,0,3.0,1.9,66.7,103.6,-37,103.6,66.7,37,0,0,0,0,0,0,0,0,0,0,0,0,0,0,0,0,0,0,0,0,0,0,0,0,0,0,0,0,0,0,0,0,0
City of London Academy - Southwark EABL,"Andrew Nwokolo, Daniel Banjoko, Dante Patel, Louis Thompson, Toby Gass",Myerscough College EABL,"Ayo Ibirinde, Daniel Okhuoya, Jakub Bobkowski, Olivier Esingle, Salomi Latidan",1,60,1.0,2.5,2,1,2,50,0,0,0,0,0,0,0,1,1,1,1,0,0,0,0,0,2,0,0,0,0,0,0,0,0,1,1,0,0,0,1,0,2.0,3.0,100,0,100,0,100,-100,2,0,0,0,0,0,0,0,0,0,0,0,0,0,0,0,0,0,0,0,0,0,0,0,0,0,0,0,0,0,0,0,0
Manchester Magic Academy EABL,"Jack Odongo, Jack Walton, Lewis Clayton, Oluwademilade Babalola, Tarique Kamal Kazmi",Myerscough College EABL,"Cesar Sanchez Falette, Harry Sheehan, Olivier Esingle, Salomi Laditan, Zach Trezvant",1,44,0.7,2.5,0,0,1,0,0,0,0,0,0,0,0,1,1,0,0,0,1,0,0,0,1,0,0,0,0,0,0,0,0,1,1,0,1,0,2,0,2.0,3.0,0,0,0,0,0,0,0,0,0,0,0,0,0,0,0,0,0,0,0,0,0,0,0,0,0,0,0,0,0,0,0,0,0,0,0,0,0,0,0
Manchester Magic Academy EABL,"Harley Blake, Jack Walton, Lewis Clayton, Oluwademilade Babalola, Tiego Weekes",Charnwood College Riders EABL,"Asa Oyerinde, Davin Hanousek, Fahad Saeed, Luca Boothe, Rudy Buckingham",1,51,0.8,2.4,2,0,1,0,0,0,0,2,2,100,0,0,0,1,0,0,1,0,5,2,2,100,1,1,100,0,0,0,0,0,0,1,1,0,0,0,2.9,2.0,69.4,250,-180.6,250,69.4,180.6,-3,0,0,0,0,0,0,0,0,0,0,0,0,0,0,0,0,0,0,0,0,0,0,0,0,0,0,0,0,0,0,0,0
Manchester Magic Academy EABL,"Harley Blake, Jack Odongo, Nathan Brown, Oluwademilade Babalola, Samy Sidi-Boumedine",Charnwood College Riders EABL,"Asa Oyerinde, Davin Hanousek, Pharrell Kattah, Rudy Buckingham, Tristan Curran",1,52,0.9,2.4,6,2,2,100,1,1,100,1,2,50,0,0,0,0,1,0,0,0,2,1,1,100,0,0,0,0,0,0,0,0,0,0,0,0,1,0,2.9,2.0,208.3,100,108.3,100,208.3,-108.3,4,0,0,0,0,0,0,0,0,0,0,0,0,0,0,0,0,0,0,0,0,0,0,0,0,0,0,0,0,0,0,0,0
SGS College EABL,"Abubakar Odowa, Kayden Richards, Marcos Pospori, Martin Alburo, Shaquan Nelson",Myerscough College EABL,"Cesar Sanchez Falette, Harry Sheehan, Jakub Bobkowski, Salomi Latidan, Sayomi Latidan",1,80,1.3,2.4,0,0,2,0,0,0,0,0,0,0,1,0,1,0,1,0,1,0,4,1,1,100,0,0,0,2,2,100,0,1,1,0,1,0,1,0,1.9,2.9,0,138.9,-138.9,138.9,0,138.9,-4,0,0,0,0,0,0,0,0,0,0,0,0,0,0,0,0,0,0,0,0,0,0,0,0,0,0,0,0,0,0,0,0
City of London Academy - Southwark EABL,"Andrew Nwokolo, Bilal Olowoshile, Daniel Banjoko, Dante Patel, Jacob Hannick",Itchen College EABL,"Dawid Cimochowski, Ethan Round, Jakub Ofman, Javen Osei-Owusu, Thomas Blower",1,83,1.4,2.4,0,0,3,0,0,1,0,0,0,0,0,0,0,0,0,0,0,2,3,0,0,0,0,0,0,3,4,75,0,1,1,0,0,0,0,1,3.0,1.8,0,170.5,-170.5,170.5,0,170.5,-3,0,0,0,0,0,0,0,0,0,0,0,0,0,0,0,0,0,0,0,0,0,0,0,0,0,0,0,0,0,0,0,0
City of London Academy - Southwark EABL,"Bilal Olowoshile, Daniel Banjoko, David Banjoko, Jacob Hannick, Toby Gass",Itchen College EABL,"Dawid Cimochowski, Elijah Lotriet, Ethan Round, Jakub Ofman, Thomas Blower",1,106,1.8,2.4,4,2,4,50,0,1,0,0,0,0,1,1,2,1,1,0,0,0,2,1,4,25,0,3,0,0,0,0,2,0,2,0,0,0,1,0,1.9,2.9,215.1,69.9,145.1,69.9,215.1,-145.1,2,0,0,0,0,0,0,0,0,0,0,0,0,0,0,0,0,0,0,0,0,0,0,0,0,0,0,0,0,0,0,0,0
City of London Academy - Southwark EABL,"Andrew Nwokolo, Daniel Banjoko, David Banjoko, Jacob Hannick, Toby Gass",Itchen College EABL,"Benjamin Cope, Elijah Lotriet, Ethan Round, Javen Osei-Owusu, Mason Yeates",1,53,0.9,2.4,3,1,1,100,0,0,0,1,2,50,1,0,1,1,0,1,1,1,2,1,2,50,0,1,0,0,0,0,0,0,0,0,1,0,0,0,2.9,2.0,104.2,100,4.2,100,104.2,-4.2,1,0,0,0,0,0,0,0,0,0,0,0,0,0,0,0,0,0,0,0,0,0,0,0,0,0,0,0,0,0,0,0,0
BMET City of Birmingham Rockets EABL,"George Angoy, Issac Gisbourne, J. Agbeze, Larry Duru, Philip Basioudis",SGS College EABL,"Kayden Richards, Kevin Ramirez Mora, Marcos Pospori, Martin Alburo, Shaquan Nelson",1,69,1.1,2.4,0,0,0,0,0,0,0,0,2,0,0,1,1,0,0,0,1,1,4,1,2,50,0,1,0,2,2,100,0,1,1,2,0,0,0,1,1.9,2.9,0,138.9,-138.9,138.9,0,138.9,-4,0,0,0,0,0,0,0,0,0,0,0,0,0,0,0,0,0,0,0,0,0,0,0,0,0,0,0,0,0,0,0,0
Itchen College EABL,"Benjamin Cope, Ethan Round, Javen Osei-Owusu, Marley Edwards, Thomas Blower",Copleston High School EABL,"Elijah Tamakloe, Isaac Little, Jaziah Mussington, Matthew Liddamore, Timothy Rafiu",1,58,1.0,2.4,5,2,3,66.7,0,1,0,1,2,50,1,0,1,0,1,0,0,0,0,0,0,0,0,0,0,0,0,0,0,0,0,0,0,0,2,1,2.8,2.0,177.9,0,177.9,0,177.9,-177.9,5,0,0,0,0,0,0,0,0,0,0,0,0,0,0,0,0,0,0,0,0,0,0,0,0,0,0,0,0,0,0,0,0
Itchen College EABL,"George Andrews, Javen Osei-Owusu, Marley Edwards, Richard Radu, Thomas Blower",Copleston High School EABL,"Callum Fobister, Mason Wells, Matthew Liddamore, Noah Wilkinson, Timothy Rafiu",1,29,0.5,2.4,1,0,2,0,0,0,0,1,2,50,1,1,2,1,0,1,1,0,2,1,3,33.3,0,1,0,0,0,0,1,1,2,0,0,0,0,0,2.8,1.9,35.6,103.6,-68,103.6,35.6,68,-1,0,0,0,0,0,0,0,0,0,0,0,0,0,0,0,0,0,0,0,0,0,0,0,0,0,0,0,0,0,0,0,0
City of London Academy - Southwark EABL,"Alex Morentin, Andrew Nwokolo, Daniel Banjoko, Jacob Hannick, Toby Gass",Barking Abbey EABL,"Amari Maitland, Joshua Mendes, Kervy Mabaya, Micael Filho, Raphael Connolly",1,76,1.3,2.4,2,1,2,50,0,0,0,0,0,0,0,1,1,0,0,0,0,3,4,1,2,50,0,0,0,2,3,66.7,1,1,2,0,0,1,0,0,2.0,2.8,100,143.6,-43.6,143.6,100,43.6,-2,0,0,0,0,0,0,0,0,0,0,0,0,0,0,0,0,0,0,0,0,0,0,0,0,0,0,0,0,0,0,0,0
Copleston High School EABL,"Angus Hickey, Callum Fobister, Matthew Liddamore, Noah Wilkinson, Timothy Rafiu",Barking Abbey EABL,"Joshua Mendes, Kervy Mabaya, Oskaras Visockas, Raphael Connolly, Solomon Dobson Smith",1,37,0.6,2.4,0,0,1,0,0,1,0,0,0,0,0,1,1,0,0,0,1,0,2,0,1,0,0,1,0,2,2,100,0,1,1,0,0,0,1,0,2.0,2.9,0,69.4,-69.4,69.4,0,69.4,-2,0,0,0,0,0,0,0,0,0,0,0,0,0,0,0,0,0,0,0,0,0,0,0,0,0,0,0,0,0,0,0,0
Manchester Magic Academy EABL,"Abraham Sagay Isiorho, Harley Blake, Lewis Clayton, Nathan Brown, Oluwademilade Babalola",Derby College Trailblazers EABL,"Casey Burr, George Pastor, Jarom Howlett, Liyo Ngomti, Matheo Smith-Fjordland",1,47,0.8,2.4,4,1,1,100,0,0,0,2,2,100,0,0,0,1,0,0,1,0,3,1,1,100,1,1,100,0,0,0,0,0,0,1,1,0,1,1,2.9,2.0,138.9,150,-11.1,150,138.9,11.1,1,0,0,0,0,0,0,0,0,0,0,0,0,0,0,0,0,0,0,0,0,0,0,0,0,0,0,0,0,0,0,0,0
Myerscough College EABL,"Cesar Sanchez Falette, Fin Morgan, Harry Sheehan, Salomi Latidan, Zach Trezvant",BMET City of Birmingham Rockets EABL,"Abdou Camara, Daniel Pittaway, Jesse Ogbeide, Jonathan Agbeze, Philip Basioudis",1,48,0.8,2.4,0,0,3,0,0,2,0,0,2,0,1,1,2,0,0,0,0,0,0,0,1,0,0,0,0,0,0,0,0,2,2,0,0,1,1,0,2.8,2.0,0,0,0,0,0,0,0,0,0,0,0,0,0,0,0,0,0,0,0,0,0,0,0,0,0,0,0,0,0,0,0,0,0,0,0,0,0,0,0
Myerscough College EABL,"Cesar Sanchez Falette, Daniel Okhuoya, Harry Sheehan, Nathaniel Byfield, Zach Trezvant",BMET City of Birmingham Rockets EABL,"Abdou Camara, Daniel Pittaway, Jude Hyland, Larry Duru, Patrick Walsh",1,69,1.1,2.4,0,0,3,0,0,2,0,0,0,0,1,1,2,0,0,0,1,1,2,0,1,0,0,1,0,2,2,100,0,2,2,0,1,0,0,0,2.9,1.9,0,106.4,-106.4,106.4,0,106.4,-2,0,0,0,0,0,0,0,0,0,0,0,0,0,0,0,0,0,0,0,0,0,0,0,0,0,0,0,0,0,0,0,0
HHS Reading Rockets EABL,"Aydan Moloney, Ethan Harrington, Joseph Mackinnon, Matthew Daines, Saun Ejiofor",City of London Academy - Southwark EABL,"Andrew Nwokolo, Daniel Banjoko, Dante Patel, Rafi Testfay, Toby Gass",1,79,1.3,2.4,0,0,0,0,0,0,0,0,0,0,0,2,2,0,0,0,2,0,3,1,2,50,0,0,0,1,2,50,0,0,0,1,0,0,0,0,2.0,2.9,0,104.2,-104.2,104.2,0,104.2,-3,0,0,0,0,0,0,0,0,0,0,0,0,0,0,0,0,0,0,0,0,0,0,0,0,0,0,0,0,0,0,0,0
Oaklands Wolves EABL,"Daniel Kostadinov, Enzo Da Cruz Fatuda, Gavin Mitchell, Liam Mcintosh, Tristan Mcintosh",Itchen College EABL,"Benjamin Cope, Elijah Lotriet, Ethan Round, Jakub Ofman, Mason Yeates",1,48,0.8,2.4,0,0,2,0,0,1,0,0,0,0,0,1,1,0,0,0,0,0,4,1,2,50,0,1,0,2,2,100,0,2,2,0,0,0,0,1,2.0,2.9,0,138.9,-138.9,138.9,0,138.9,-4,0,0,0,0,0,0,0,0,0,0,0,0,0,0,0,0,0,0,0,0,0,0,0,0,0,0,0,0,0,0,0,0
Oaklands Wolves EABL,"Ethan Ryan, Gavin Mitchell, Huxley Morrell, Liam Mcintosh, Tristan Mcintosh",Itchen College EABL,"Elijah Lotriet, Ethan Round, Jakub Ofman, Javen Osei-Owusu, Marley Edwards",1,68,1.1,2.4,3,1,1,100,0,0,0,1,2,50,0,1,1,2,1,0,1,0,0,0,1,0,0,0,0,0,0,0,0,0,0,0,0,0,1,1,2.9,2.0,104.2,0,104.2,0,104.2,-104.2,3,0,0,0,0,0,0,0,0,0,0,0,0,0,0,0,0,0,0,0,0,0,0,0,0,0,0,0,0,0,0,0,0
Charnwood College Riders EABL,"Asa Oyerinde, Lewis Stevenson, Luca Boothe, Tristan Curran, Zavier Gleadell-Smith",Myerscough College EABL,"Ayo Ibirinde, Blake Gordon, Jakub Bobkowski, Junior Sanchez, Sayomi Laditan",1,63,1.1,2.4,2,1,2,50,0,1,0,0,0,0,0,1,1,1,0,0,0,0,1,0,1,0,0,1,0,1,2,50,0,1,1,0,0,0,1,0,2.0,2.9,100,34.7,65.3,34.7,100,-65.3,1,0,0,0,0,0,0,0,0,0,0,0,0,0,0,0,0,0,0,0,0,0,0,0,0,0,0,0,0,0,0,0,0
City of London Academy - Southwark EABL,"Alex Morentin, Andrew Nwokolo, Barack Manfo-Marc, Bilal Olowoshile, Dante Patel",Oaklands Wolves EABL,"Daniel Kostadinov, Dylan Gladstone, Enzo Da Cruz Fatuda, Huxley Morrell, Zac Gribble",1,78,1.3,2.4,0,0,1,0,0,1,0,0,0,0,0,1,1,0,0,1,1,1,4,2,5,40,0,1,0,0,0,0,2,1,3,2,1,0,0,0,2.0,2.9,0,139.9,-139.9,139.9,0,139.9,-4,0,0,0,0,0,0,0,0,0,0,0,0,0,0,0,0,0,0,0,0,0,0,0,0,0,0,0,0,0,0,0,0
City of London Academy - Southwark EABL,"Andrew Nwokolo, Barack Manfo-Marc, Bilal Olowoshile, Dante Patel, David Banjoko",Oaklands Wolves EABL,"Daniel Kostadinov, Dylan Gladstone, Enzo Da Cruz Fatuda, Gavin Mitchell, Huxley Morrell",1,25,0.4,2.4,4,1,1,100,0,0,0,2,2,100,0,1,1,1,0,0,0,1,2,1,2,50,0,0,0,0,2,0,0,0,0,1,0,0,0,1,1.9,2.9,212.8,69.4,143.3,69.4,212.8,-143.3,2,0,0,0,0,0,0,0,0,0,0,0,0,0,0,0,0,0,0,0,0,0,0,0,0,0,0,0,0,0,0,0,0
City of London Academy - Southwark EABL,"Barack Manfo-Marc, Daniel Banjoko, Dante Patel, Sharmake Shirwac, Toby Gass",Oaklands Wolves EABL,"Gavin Mitchell, Kajus Gasperas, Liam Mcintosh, Tristan Mcintosh, Zac Gribble",1,70,1.2,2.4,4,1,2,50,0,0,0,2,2,100,0,1,1,0,0,0,0,0,2,1,2,50,0,1,0,0,0,0,0,0,0,0,0,1,0,0,2.9,2.0,138.9,100,38.9,100,138.9,-38.9,2,0,0,0,0,0,0,0,0,0,0,0,0,0,0,0,0,0,0,0,0,0,0,0,0,0,0,0,0,0,0,0,0
Derby College Trailblazers EABL,"Casey Burr, Elias Norman, George Pastor, Jarom Howlett, William Tallon",Charnwood College Riders EABL,"Davincy Stephens, Rudy Buckingham, Tom Pearson, Tristan Curran, Zavier Gleadell-Smith",1,68,1.1,2.4,2,0,2,0,0,1,0,2,2,100,0,1,1,0,0,0,0,0,2,1,2,50,0,1,0,0,0,0,0,2,2,0,0,0,0,1,2.9,2.0,69.4,100,-30.6,100,69.4,30.6,0,0,0,0,0,0,0,0,0,0,0,0,0,0,0,0,0,0,0,0,0,0,0,0,0,0,0,0,0,0,0,0,0
Derby College Trailblazers EABL,"Casey Burr, Elias Norman, George Pastor, Jarom Howlett, William Tallon",Charnwood College Riders EABL,"Davin Hanousek, Davincy Stephens, Rudy Buckingham, Tristan Curran, Zavier Gleadell-Smith",1,60,1.0,2.4,3,1,2,50,1,2,50,0,0,0,0,1,1,1,1,0,0,1,2,0,1,0,0,0,0,2,2,100,0,1,1,0,0,0,1,0,2.0,2.9,150,69.4,80.6,69.4,150,-80.6,1,0,0,0,0,0,0,0,0,0,0,0,0,0,0,0,0,0,0,0,0,0,0,0,0,0,0,0,0,0,0,0,0
BMET City of Birmingham Rockets EABL,"Abdou Camara, George Angoy, Jude Hyland, Larry Duru, Patrick Walsh",Charnwood College Riders EABL,"Davin Hanousek, Luca Boothe, Rudy Buckingham, Tristan Curran, Zavier Gleadell-Smith",1,62,1.0,2.4,0,0,1,0,0,0,0,0,0,0,0,0,0,0,1,0,1,1,3,1,1,100,0,0,0,1,2,50,1,0,1,1,1,0,1,1,2.0,2.9,0,104.2,-104.2,104.2,0,104.2,-3,0,0,0,0,0,0,0,0,0,0,0,0,0,0,0,0,0,0,0,0,0,0,0,0,0,0,0,0,0,0,0,0
BMET City of Birmingham Rockets EABL,"Abdou Camara, George Angoy, Guridat Singh, Jonathan Agbeze, Patrick Walsh",Charnwood College Riders EABL,"Asa Oyerinde, Fahad Saeed, Lewis Stevenson, Pharrell Kattah, Tom Pearson",1,52,0.9,2.4,0,0,1,0,0,1,0,0,2,0,0,1,1,0,0,0,1,0,2,1,2,50,0,0,0,0,0,0,0,2,2,0,1,0,0,1,2.9,2.0,0,100,-100,100,0,100,-2,0,0,0,0,0,0,0,0,0,0,0,0,0,0,0,0,0,0,0,0,0,0,0,0,0,0,0,0,0,0,0,0
BMET City of Birmingham Rockets EABL,"George Angoy, Guridat Singh, Jonathan Agbeze, Larry Duru, Philip Basioudis",Charnwood College Riders EABL,"Luca Boothe, Pharrell Kattah, Rudy Buckingham, Tristan Curran, Zavier Gleadell-Smith",1,54,0.9,2.4,2,1,2,50,0,0,0,0,0,0,1,0,1,0,0,0,1,1,5,1,1,100,1,1,100,2,2,100,0,0,0,2,0,0,1,0,1.9,2.9,103.6,173.6,-70,173.6,103.6,70,-3,0,0,0,0,0,0,0,0,0,0,0,0,0,0,0,0,0,0,0,0,0,0,0,0,0,0,0,0,0,0,0,0
BMET City of Birmingham Rockets EABL,"Jonathan Agbeze, Jude Hyland, Larry Duru, Patrick Walsh, Philip Basioudis",Charnwood College Riders EABL,"Davin Hanousek, Fahad Saeed, Pharrell Kattah, Rudy Buckingham, Tristan Curran",1,32,0.5,2.4,6,2,2,100,1,1,100,1,2,50,0,2,2,1,0,0,0,1,0,0,1,0,0,0,0,0,2,0,0,1,1,0,0,0,0,0,2.9,1.9,208.3,0,208.3,0,208.3,-208.3,6,0,0,0,0,0,0,0,0,0,0,0,0,0,0,0,0,0,0,0,0,0,0,0,0,0,0,0,0,0,0,0,0
Derby College Trailblazers EABL,"Casey Burr, Daniel Barima, Elias Norman, George Pastor, Jarom Howlett, Matheo Smith-Fjordland",Myerscough College EABL,"Ayo Ibirinde, Daniel Okhuoya, Jakub Bobkowski, Nathaniel Byfield, Sayomi Latidan",1,44,0.7,2.4,0,0,1,0,0,0,0,0,0,0,0,0,0,0,0,0,1,1,5,2,3,66.7,0,1,0,1,2,50,1,1,2,1,1,0,0,0,2.0,2.8,0,177.9,-177.9,177.9,0,177.9,-5,0,0,0,0,0,0,0,0,0,0,0,0,0,0,0,0,0,0,0,0,0,0,0,0,0,0,0,0,0,0,0,0
Manchester Magic Academy EABL,"Abraham Sagay Isiorho, Harley Blake, Jack Odongo, Nathan Brown, Tom Richardson",SGS College EABL,"Antoine Bennett, Dylan Lloyd, Imam Toure, Marcos Perez Tosca, Martin Alburo",1,61,1.0,2.4,0,0,2,0,0,0,0,0,0,0,0,1,1,0,1,0,0,1,1,0,1,0,0,0,0,1,2,50,0,2,2,1,0,0,1,0,2.0,2.9,0,34.7,-34.7,34.7,0,34.7,-1,0,0,0,0,0,0,0,0,0,0,0,0,0,0,0,0,0,0,0,0,0,0,0,0,0,0,0,0,0,0,0,0
Manchester Magic Academy EABL,"David Allotey, Jack Styzcen-O'keefe, Oluwademilade Babalola, Samy Sidi-Boumedine, Tiego Weekes",SGS College EABL,"Dylan Lloyd, Imam Toure, Luka Matthews, Marcos Perez Tosca, Shaquan Nelson",1,42,0.7,2.4,1,0,2,0,0,1,0,1,2,50,0,0,0,0,0,0,0,0,0,0,1,0,0,1,0,0,0,0,0,1,1,0,0,0,1,1,2.9,2.0,34.7,0,34.7,0,34.7,-34.7,1,0,0,0,0,0,0,0,0,0,0,0,0,0,0,0,0,0,0,0,0,0,0,0,0,0,0,0,0,0,0,0,0
Manchester Magic Academy EABL,"Jack Odongo, Jack Styzcen-O'keefe, Nathan Brown, Tarique Kamal Kazmi, Tiego Weekes",SGS College EABL,"Abubakar Odowa, Kevin Ramirez Mora, Marcos Pospori, Martin Alburo, Reuben Roach",1,39,0.7,2.4,0,0,1,0,0,0,0,0,0,0,0,1,1,0,1,0,1,0,3,1,1,100,1,1,100,0,2,0,0,1,1,1,1,0,1,1,2.0,2.9,0,104.2,-104.2,104.2,0,104.2,-3,0,0,0,0,0,0,0,0,0,0,0,0,0,0,0,0,0,0,0,0,0,0,0,0,0,0,0,0,0,0,0,0
Oaklands Wolves EABL,"Daniel Kostadinov, Dylan Gladstone, Enzo Da Cruz Fatuda, Gavin Mitchell, Liam Mcintosh",Barking Abbey EABL,"Folarin Oguntuase, Joshua Mendes, Micael Filho, Oskaras Visockas, Raphael Connolly",1,65,1.1,2.4,0,0,2,0,0,1,0,0,0,0,0,1,1,0,0,0,0,0,2,1,5,20,0,1,0,0,0,0,1,2,3,0,0,0,0,0,2.0,2.9,0,69.9,-69.9,69.9,0,69.9,-2,0,0,0,0,0,0,0,0,0,0,0,0,0,0,0,0,0,0,0,0,0,0,0,0,0,0,0,0,0,0,0,0
Oaklands Wolves EABL,"Daniel Kostadinov, Dylan Gladstone, Enzo Da Cruz Fatuda, Ethan Ryan, Gavin Mitchell",Barking Abbey EABL,"Joshua Mendes, Kervy Mabaya, Micael Filho, Oskaras Visockas, Raphael Connolly",1,91,1.5,2.4,0,0,0,0,0,0,0,0,0,0,0,1,1,0,0,0,2,0,2,1,4,25,0,2,0,0,0,0,2,0,2,1,1,0,1,0,2.0,2.9,0,69.9,-69.9,69.9,0,69.9,-2,0,0,0,0,0,0,0,0,0,0,0,0,0,0,0,0,0,0,0,0,0,0,0,0,0,0,0,0,0,0,0,0
Copleston High School EABL,"Elijah Tamakloe, Isaac Carty-Peters, Luke Read, Matthew Liddamore, Noah Wilkinson",Oaklands Wolves EABL,"Daniel Kostadinov, Dylan Gladstone, Enzo Da Cruz Fatuda, Gavin Mitchell, Tristan Mcintosh",1,76,1.3,2.4,0,0,0,0,0,0,0,0,2,0,0,2,2,0,0,0,2,1,0,0,2,0,0,2,0,0,0,0,0,1,1,0,1,0,0,1,2.9,2.0,0,0,0,0,0,0,0,0,0,0,0,0,0,0,0,0,0,0,0,0,0,0,0,0,0,0,0,0,0,0,0,0,0,0,0,0,0,0,0
Copleston High School EABL,"Angus Hickey, Elijah Tamakloe, Isaac Carty-Peters, Isaac Little, Noah Wilkinson",Oaklands Wolves EABL,"Blaine Thompson, Dylan Gladstone, Enzo Da Cruz Fatuda, Kajus Gasperas, Liam Mcintosh",1,68,1.1,2.4,3,1,1,100,1,1,100,0,2,0,1,0,1,1,0,0,1,0,2,1,2,50,0,0,0,0,0,0,1,0,1,0,0,0,1,0,2.9,1.9,104.2,103.6,0.5,103.6,104.2,-0.5,1,0,0,0,0,0,0,0,0,0,0,0,0,0,0,0,0,0,0,0,0,0,0,0,0,0,0,0,0,0,0,0,0
Copleston High School EABL,"Angus Hickey, Elijah Tamakloe, Isaac Carty-Peters, Isaac Little, Noah Wilkinson",Oaklands Wolves EABL,"Blaine Thompson, Daniel Kostadinov, Enzo Da Cruz Fatuda, Gavin Mitchell, Liam Mcintosh",1,84,1.4,2.4,2,1,2,50,0,1,0,0,0,0,0,0,0,0,1,0,0,1,3,1,1,100,0,0,0,1,2,50,0,1,1,0,0,0,1,1,2.0,2.9,100,104.2,-4.2,104.2,100,4.2,-1,0,0,0,0,0,0,0,0,0,0,0,0,0,0,0,0,0,0,0,0,0,0,0,0,0,0,0,0,0,0,0,0
Copleston High School EABL,"Angus Hickey, Callum Fobister, Isaac Carty-Peters, Isaac Little, Noah Wilkinson",Oaklands Wolves EABL,"Daniel Kostadinov, Enzo Da Cruz Fatuda, Gavin Mitchell, Huxley Morrell, Liam Mcintosh",1,100,1.7,2.4,3,1,3,33.3,1,2,50,0,0,0,0,1,1,1,0,2,0,0,2,1,4,25,0,0,0,0,0,0,2,0,2,0,0,0,0,0,3.0,1.9,100,107.5,-7.5,107.5,100,7.5,1,0,0,0,0,0,0,0,0,0,0,0,0,0,0,0,0,0,0,0,0,0,0,0,0,0,0,0,0,0,0,0,0
Itchen College EABL,"Benjamin Cope, Dawid Cimochowski, Elijah Lotriet, Marley Edwards, Richard Radu",City of London Academy - Southwark EABL,"Andrew Nwokolo, Dante Patel, David Banjoko, Sharmake Shirwac, Toby Gass",1,66,1.1,2.4,3,1,3,33.3,0,2,0,1,2,50,1,0,1,0,0,0,0,0,3,1,1,100,1,1,100,0,0,0,0,1,1,1,0,0,1,0,2.8,2.0,106.8,150,-43.2,150,106.8,43.2,0,0,0,0,0,0,0,0,0,0,0,0,0,0,0,0,0,0,0,0,0,0,0,0,0,0,0,0,0,0,0,0,0
Itchen College EABL,"Benjamin Cope, Dawid Cimochowski, Elijah Lotriet, Ethan Round, Marley Edwards",City of London Academy - Southwark EABL,"Andrew Nwokolo, Daniel Banjoko, Dante Patel, Ruben Cryer, Toby Gass",1,75,1.2,2.4,0,0,0,0,0,0,0,0,0,0,0,1,1,0,1,1,2,1,1,0,2,0,0,0,0,1,2,50,1,0,1,0,1,0,1,0,2.0,2.8,0,35.6,-35.6,35.6,0,35.6,-1,0,0,0,0,0,0,0,0,0,0,0,0,0,0,0,0,0,0,0,0,0,0,0,0,0,0,0,0,0,0,0,0
Charnwood College Riders EABL,"Fahad Saeed, Rudy Buckingham, Tom Pearson, Tristan Curran, Zavier Gleadell-Smith",Manchester Magic Academy EABL,"Abraham Sagay Isiorho, Harley Blake, Jack Odongo, Nathan Brown, Oluwademilade Babalola",1,55,0.9,2.4,4,2,3,66.7,0,1,0,0,0,0,0,0,0,0,0,0,0,2,3,1,1,100,0,0,0,1,2,50,0,1,1,0,0,0,0,0,3.0,1.9,133.3,159.6,-26.2,159.6,133.3,26.2,1,0,0,0,0,0,0,0,0,0,0,0,0,0,0,0,0,0,0,0,0,0,0,0,0,0,0,0,0,0,0,0,0
Charnwood College Riders EABL,"Fahad Saeed, Luca Boothe, Rudy Buckingham, Stanley Morris, Tristan Curran",Manchester Magic Academy EABL,"Harley Blake, Jack Odongo, Nathan Brown, Oluwademilade Babalola, Tarique Kamal Kazmi",1,39,0.7,2.4,0,0,1,0,0,1,0,0,0,0,0,1,1,0,0,0,1,0,3,1,2,50,0,0,0,1,2,50,0,1,1,0,1,0,0,0,2.0,2.9,0,104.2,-104.2,104.2,0,104.2,-3,0,0,0,0,0,0,0,0,0,0,0,0,0,0,0,0,0,0,0,0,0,0,0,0,0,0,0,0,0,0,0,0
Derby College Trailblazers EABL,"Casey Burr, Elias Norman, Jarom Howlett, Liyo Ngomti, Rohan Hobday",BMET City of Birmingham Rockets EABL,"Abdou Camara, George Angoy, Jonathan Agbeze, Jude Hyland, Philip Basioudis",1,61,1.0,2.4,6,2,2,100,1,1,100,1,2,50,0,1,1,1,0,0,0,0,0,0,1,0,0,0,0,0,0,0,0,0,0,0,0,0,1,0,2.9,2.0,208.3,0,208.3,0,208.3,-208.3,6,0,0,0,0,0,0,0,0,0,0,0,0,0,0,0,0,0,0,0,0,0,0,0,0,0,0,0,0,0,0,0,0
Myerscough College EABL,"Daniel Okhuoya, Fin Morgan, Layjuan Farrell, Nathaniel Byfield, Sayomi Latidan",SGS College EABL,"Imam Toure, Luka Matthews, Marcos Pospori, Martin Alburo, Shaquan Nelson",1,70,1.2,2.4,0,0,1,0,0,0,0,0,0,0,0,1,1,0,0,0,1,1,1,0,1,0,0,1,0,1,4,25,0,1,1,1,0,0,0,0,2.0,2.8,0,36.2,-36.2,36.2,0,36.2,-1,0,0,0,0,0,0,0,0,0,0,0,0,0,0,0,0,0,0,0,0,0,0,0,0,0,0,0,0,0,0,0,0
Oaklands Wolves EABL,"Daniel Kostadinov, Enzo Da Cruz Fatuda, Gavin Mitchell, Guisepi Augenti, Liam Mcintosh",Copleston High School EABL,"Isaac Little, Luke Read, Mason Wells, Matthew Liddamore, Noah Wilkinson",1,43,0.7,2.4,5,2,3,66.7,1,2,50,0,0,0,0,2,2,1,0,0,0,1,1,0,1,0,0,0,0,1,2,50,0,1,1,0,0,0,0,0,3.0,1.9,166.7,53.2,113.5,53.2,166.7,-113.5,4,0,0,0,0,0,0,0,0,0,0,0,0,0,0,0,0,0,0,0,0,0,0,0,0,0,0,0,0,0,0,0,0
Copleston High School EABL,"Isaac Carty-Peters, Isaac Little, Mason Wells, Matthew Liddamore, Noah Wilkinson",Itchen College EABL,"Benjamin Cope, Ethan Round, George Andrews, Javen Osei-Owusu, Marley Edwards",1,57,0.9,2.4,2,1,2,50,0,1,0,0,0,0,0,1,1,0,0,1,0,0,2,0,2,0,0,1,0,2,2,100,0,1,1,0,0,0,0,0,2.0,2.9,100,69.4,30.6,69.4,100,-30.6,0,0,0,0,0,0,0,0,0,0,0,0,0,0,0,0,0,0,0,0,0,0,0,0,0,0,0,0,0,0,0,0,0
Charnwood College Riders EABL,"Davin Hanousek, Pharrell Kattah, Rudy Buckingham, Stanley Morris, Tristan Curran",Derby College Trailblazers EABL,"Casey Burr, Elias Norman, George Pastor, Jarom Howlett, Liyo Ngomti",1,78,1.3,2.4,2,1,2,50,0,0,0,0,0,0,0,1,1,1,0,1,1,1,2,1,4,25,0,0,0,0,0,0,2,1,3,0,1,0,0,0,3.0,1.9,66.7,107.5,-40.9,107.5,66.7,40.9,0,0,0,0,0,0,0,0,0,0,0,0,0,0,0,0,0,0,0,0,0,0,0,0,0,0,0,0,0,0,0,0,0
Charnwood College Riders EABL,"Asa Oyerinde, Lewis Stevenson, Pharrell Kattah, Rudy Buckingham, Tristan Curran",Derby College Trailblazers EABL,"Casey Burr, George Pastor, Jarom Howlett, Julian Lemanski, Liyo Ngomti",1,88,1.5,2.4,2,0,2,0,0,1,0,2,2,100,1,2,3,0,0,0,0,0,2,1,3,33.3,0,1,0,0,0,0,0,1,1,1,0,0,0,3,1.8,3.0,110.5,66.7,43.8,66.7,110.5,-43.8,0,0,0,0,0,0,0,0,0,0,0,0,0,0,0,0,0,0,0,0,0,0,0,0,0,0,0,0,0,0,0,0,0
Manchester Magic Academy EABL,"Jack Walton, Lewis Clayton, Nathan Brown, Samy Sidi-Boumedine, Tarique Kamal Kazmi",Myerscough College EABL,"Jakub Bobkowski, Olivier Esingle, Salomi Latidan, Sayomi Latidan, Zach Trezvant",1,77,1.3,2.4,0,0,2,0,0,1,0,0,0,0,0,1,1,0,0,1,0,0,2,1,4,25,0,2,0,0,0,0,2,2,4,0,0,0,1,0,2.0,2.9,0,69.9,-69.9,69.9,0,69.9,-2,0,0,0,0,0,0,0,0,0,0,0,0,0,0,0,0,0,0,0,0,0,0,0,0,0,0,0,0,0,0,0,0
SGS College EABL,"Abubakar Odowa, Kayden Richards, Luka Matthews, Martin Alburo, Shaquan Nelson",BMET City of Birmingham Rockets EABL,"Abdou Camara, George Angoy, Issac Gisbourne, Larry Duru, Philip Basioudis",1,49,0.8,2.4,2,1,4,25,0,2,0,0,0,0,2,0,2,0,2,0,0,0,1,0,0,0,0,0,0,1,2,50,0,1,1,0,0,0,2,0,1.9,2.9,107.5,34.7,72.8,34.7,107.5,-72.8,1,0,0,0,0,0,0,0,0,0,0,0,0,0,0,0,0,0,0,0,0,0,0,0,0,0,0,0,0,0,0,0,0
SGS College EABL,"Kayden Richards, Luka Matthews, Marcos Perez Tosca, Shaquan Nelson, Zion Lawson",BMET City of Birmingham Rockets EABL,"Daniel Pittaway, George Angoy, Jonathan Agbeze, Jude Hyland, Larry Duru",1,64,1.1,2.4,0,0,2,0,0,1,0,0,0,0,1,0,1,0,1,0,1,1,4,2,3,66.7,0,1,0,0,0,0,1,1,2,1,1,0,1,1,1.9,2.9,0,136.5,-136.5,136.5,0,136.5,-4,0,0,0,0,0,0,0,0,0,0,0,0,0,0,0,0,0,0,0,0,0,0,0,0,0,0,0,0,0,0,0,0
SGS College EABL,"Imam Toure, Luka Matthews, Marcos Perez Tosca, Martin Alburo, Ryan Cabrera",BMET City of Birmingham Rockets EABL,"George Angoy, Jude Hyland, Larry Duru, Patrick Walsh, Philip Basioudis",1,66,1.1,2.4,2,1,4,25,0,2,0,0,1,0,2,0,2,0,1,0,0,1,0,0,0,0,0,0,0,0,0,0,0,2,2,0,0,0,2,1,2.8,2.0,70.5,0,70.5,0,70.5,-70.5,2,0,0,0,0,0,0,0,0,0,0,0,0,0,0,0,0,0,0,0,0,0,0,0,0,0,0,0,0,0,0,0,0
Oaklands Wolves EABL,"Dylan Gladstone, Enzo Da Cruz Fatuda, Ethan Ryan, Huxley Morrell, Kajus Gasperas",HHS Reading Rockets EABL,"A. King, Ethan Harrington, Malachi Hassan-Taylor, Matthew Daines, Nicholas Dent",1,95,1.6,2.4,0,0,2,0,0,2,0,0,0,0,2,2,4,0,1,0,2,0,0,0,2,0,0,1,0,0,0,0,0,0,0,0,2,1,1,0,1.9,3.0,0,0,0,0,0,0,0,0,0,0,0,0,0,0,0,0,0,0,0,0,0,0,0,0,0,0,0,0,0,0,0,0,0,0,0,0,0,0,0
BMET City of Birmingham Rockets EABL,"George Angoy, Jonathan Agbeze, Jude Hyland, Larry Duru, Philip Basioudis",Myerscough College EABL,"Alex Cisse, Daniel Okhuoya, Harry Sheehan, Jakub Bobkowski, Salomi Latidan",1,42,0.7,2.4,1,0,0,0,0,0,0,1,2,50,0,1,1,0,0,0,2,0,0,0,1,0,0,1,0,0,0,0,0,0,0,0,1,0,1,1,2.9,2.0,34.7,0,34.7,0,34.7,-34.7,1,0,0,0,0,0,0,0,0,0,0,0,0,0,0,0,0,0,0,0,0,0,0,0,0,0,0,0,0,0,0,0,0
Itchen College EABL,"Dawid Cimochowski, Elijah Lotriet, Jakub Ofman, Richard Radu, Thomas Blower",Oaklands Wolves EABL,"Daniel Kostadinov, Dylan Gladstone, Enzo Da Cruz Fatuda, Ethan Ryan, Liam Mcintosh",1,81,1.4,2.4,2,1,2,50,0,1,0,0,0,0,0,1,1,1,0,0,0,0,4,2,5,40,0,3,0,0,0,0,2,1,3,0,0,0,0,0,2.0,2.9,100,139.9,-39.9,139.9,100,39.9,-2,0,0,0,0,0,0,0,0,0,0,0,0,0,0,0,0,0,0,0,0,0,0,0,0,0,0,0,0,0,0,0,0
SGS College EABL,"Abubakar Odowa, Kayden Richards, Kevin Ramirez Mora, Marcos Perez Tosca, Shaquan Nelson",Charnwood College Riders EABL,"Andrew Young, James Hardy, Lewis Stevenson, Stanley Morris, Tom Pearson",1,74,1.2,2.4,2,0,1,0,0,0,0,2,2,100,0,1,1,0,2,0,0,0,0,0,1,0,0,1,0,0,0,0,0,1,1,0,0,0,2,2,1.9,3.0,106.4,0,106.4,0,106.4,-106.4,2,0,0,0,0,0,0,0,0,0,0,0,0,0,0,0,0,0,0,0,0,0,0,0,0,0,0,0,0,0,0,0,0
City of London Academy - Southwark EABL,"Andrew Nwokolo, Bilal Olowoshile, Daniel Banjoko, Jacob Hannick, Ruben Cryer",HHS Reading Rockets EABL,"James Waterhouse, Joseph Mackinnon, Lazure Franicis, Malachi Hassan-Taylor, Matthew Daines",1,89,1.5,2.4,5,1,1,100,1,1,100,2,2,100,0,1,1,1,0,0,1,0,3,1,2,50,1,1,100,0,0,0,0,0,0,1,1,0,0,3,2.9,2.0,173.6,150,23.6,150,173.6,-23.6,2,0,0,0,0,0,0,0,0,0,0,0,0,0,0,0,0,0,0,0,0,0,0,0,0,0,0,0,0,0,0,0,0
Barking Abbey EABL,"Alexanda Nwabueze, Amari Maitland, Kervy Mabaya, Oskaras Visockas, Raphael Connolly",Itchen College EABL,"Ethan Round, Javen Osei-Owusu, Mason Yeates, Richard Radu, Thomas Blower",1,57,0.9,2.4,1,0,1,0,0,1,0,1,2,50,0,1,1,0,0,1,0,1,2,1,3,33.3,0,1,0,0,0,0,0,1,1,1,0,0,0,1,1.9,3.0,53.2,66.7,-13.5,66.7,53.2,13.5,-1,0,0,0,0,0,0,0,0,0,0,0,0,0,0,0,0,0,0,0,0,0,0,0,0,0,0,0,0,0,0,0,0
Barking Abbey EABL,"Joshua Mendes, Kervy Mabaya, Kimbe N'gabala, Micael Filho, Raphael Connolly",Itchen College EABL,"Benjamin Cope, Elijah Lotriet, Ethan Round, Marley Edwards, Mason Yeates",1,109,1.8,2.4,0,0,4,0,0,1,0,0,0,0,2,1,3,0,0,0,1,1,3,1,2,50,1,1,100,0,0,0,0,2,2,1,0,2,0,0,2.9,2.0,0,150,-150,150,0,150,-3,0,0,0,0,0,0,0,0,0,0,0,0,0,0,0,0,0,0,0,0,0,0,0,0,0,0,0,0,0,0,0,0
City of London Academy - Southwark EABL,"Alex Morentin, Andrew Nwokolo, Dante Patel, Louis Thompson, Rafi Testfay",Copleston High School EABL,"Callum Fobister, Isaac Little, Luke Read, Matthew Liddamore, Noah Wilkinson",1,105,1.8,2.4,4,1,2,50,1,1,100,1,2,50,1,1,2,1,0,0,0,0,5,2,3,66.7,1,2,50,0,0,0,0,0,0,1,0,0,0,2,1.8,3.0,221,166.7,54.3,166.7,221,-54.3,-1,0,0,0,0,0,0,0,0,0,0,0,0,0,0,0,0,0,0,0,0,0,0,0,0,0,0,0,0,0,0,0,0
City of London Academy - Southwark EABL,"Alex Morentin, Dante Patel, Louis Thompson, Rafi Testfay, Ruben Cryer",Copleston High School EABL,"Angus Hickey, Grant Millar, Matthew Liddamore, Noah Wilkinson, Timothy Rafiu",1,64,1.1,2.4,0,0,2,0,0,0,0,0,0,0,0,1,1,0,0,0,0,2,3,1,2,50,0,0,0,1,3,33.3,1,2,3,1,0,0,0,0,2.0,2.8,0,107.7,-107.7,107.7,0,107.7,-3,0,0,0,0,0,0,0,0,0,0,0,0,0,0,0,0,0,0,0,0,0,0,0,0,0,0,0,0,0,0,0,0
HHS Reading Rockets EABL,"James Waterhouse, Lazure Francis, Luca Bakary, Malachi Hassan-Taylor, Matthew Daines",Oaklands Wolves EABL,"Daniel Kostadinov, Dylan Gladstone, Gavin Mitchell, Liam Mcintosh, Tristan Mcintosh",1,56,0.9,2.4,0,0,2,0,0,1,0,0,0,0,0,0,0,0,1,0,0,0,2,0,0,0,0,0,0,2,2,100,0,2,2,0,0,0,2,0,2.0,2.9,0,69.4,-69.4,69.4,0,69.4,-2,0,0,0,0,0,0,0,0,0,0,0,0,0,0,0,0,0,0,0,0,0,0,0,0,0,0,0,0,0,0,0,0
HHS Reading Rockets EABL,"Aydan Moloney, Can Okumus, James Waterhouse, Luca Bakary, Matthew Daines",Oaklands Wolves EABL,"Daniel Kostadinov, Enzo Da Cruz Fatuda, Ethan Ryan, Gavin Mitchell, Liam Mcintosh",1,70,1.2,2.4,1,0,2,0,0,1,0,1,2,50,0,1,1,0,0,0,0,0,0,0,2,0,0,0,0,0,0,0,1,2,3,0,0,0,1,1,2.9,1.9,34.7,0,34.7,0,34.7,-34.7,1,0,0,0,0,0,0,0,0,0,0,0,0,0,0,0,0,0,0,0,0,0,0,0,0,0,0,0,0,0,0,0,0
HHS Reading Rockets EABL,"Ethan Harrington, James Waterhouse, Lazure Francis, Malachi Hassan-Taylor, Matthew Daines",Oaklands Wolves EABL,"Daniel Kostadinov, Dylan Gladstone, Enzo Da Cruz Fatuda, Gavin Mitchell, Liam Mcintosh",1,91,1.5,2.4,0,0,2,0,0,0,0,0,0,0,0,1,1,0,0,1,0,0,4,2,5,40,0,0,0,0,0,0,2,2,4,0,0,1,0,0,2.0,2.9,0,139.9,-139.9,139.9,0,139.9,-4,0,0,0,0,0,0,0,0,0,0,0,0,0,0,0,0,0,0,0,0,0,0,0,0,0,0,0,0,0,0,0,0
Barking Abbey EABL,"Alexanda Nwabueze, Heath Parkin, Joshua Mendes, Micael Filho, Oskaras Visockas",City of London Academy - Southwark EABL,"Andrew Nwokolo, Bilal Olowoshile, Daniel Banjoko, Jacob Hannick, Toby Gass",1,64,1.1,2.4,4,1,1,100,0,0,0,2,2,100,0,2,2,1,1,1,0,0,0,0,2,0,0,0,0,0,0,0,0,0,0,0,0,0,1,2,1.9,3.0,212.8,0,212.8,0,212.8,-212.8,4,0,0,0,0,0,0,0,0,0,0,0,0,0,0,0,0,0,0,0,0,0,0,0,0,0,0,0,0,0,0,0,0
Barking Abbey EABL,"Alexanda Nwabueze, Joshua Mendes, Micael Filho, Oskaras Visockas, Raphael Connolly",City of London Academy - Southwark EABL,"Andrew Nwokolo, Daniel Banjoko, David Banjoko, Ruben Cryer, Toby Gass",1,85,1.4,2.4,0,0,2,0,0,2,0,0,0,0,1,1,2,0,0,0,2,1,0,0,1,0,0,1,0,0,0,0,0,0,0,0,2,0,2,0,1.9,3.0,0,0,0,0,0,0,0,0,0,0,0,0,0,0,0,0,0,0,0,0,0,0,0,0,0,0,0,0,0,0,0,0,0,0,0,0,0,0,0
Itchen College EABL,"Benjamin Cope, Dawid Cimochowski, Ethan Round, Jakub Ofman, Richard Radu",Barking Abbey EABL,"Alaxanda Nwabueze, Joshua Mendes, Kervy Mabaya, Micael Filho, Raphael Connolly",1,81,1.4,2.4,1,0,2,0,0,0,0,1,2,50,0,2,2,0,0,1,0,0,0,0,2,0,0,1,0,0,0,0,0,1,1,0,0,1,0,1,2.9,2.0,34.7,0,34.7,0,34.7,-34.7,1,0,0,0,0,0,0,0,0,0,0,0,0,0,0,0,0,0,0,0,0,0,0,0,0,0,0,0,0,0,0,0,0
Derby College Trailblazers EABL,"Elias Norman, Elias Rice, Julian Lemanski, Kaleel Otaye, William Tallon",SGS College EABL,"Dylan Lloyd, J. Grajcar, Kevin Ramirez Mora, Marcos Perez Tosca, Martin Alburo",1,90,1.5,2.4,2,1,2,50,0,0,0,0,0,0,0,0,0,1,0,0,0,0,7,3,5,60,1,1,100,0,0,0,2,1,3,0,0,0,0,0,2.0,2.9,100,244.8,-144.8,244.8,100,144.8,-5,0,0,0,0,0,0,0,0,0,0,0,0,0,0,0,0,0,0,0,0,0,0,0,0,0,0,0,0,0,0,0,0
Manchester Magic Academy EABL,"Abraham Sagay Isiorho, Jack Odongo, Jack Walton, Lewis Clayton, Oluwademilade Babalola",BMET City of Birmingham Rockets EABL,"Jonathan Agbeze, Jude Hyland, Larry Duru, Philip Basioudis, Simba Chikukwa",1,56,0.9,2.4,2,0,1,0,0,1,0,2,2,100,0,0,0,1,0,0,1,0,4,2,3,66.7,0,0,0,0,0,0,1,0,1,1,0,0,0,1,2.9,1.9,69.4,207.3,-137.8,207.3,69.4,137.8,-2,0,0,0,0,0,0,0,0,0,0,0,0,0,0,0,0,0,0,0,0,0,0,0,0,0,0,0,0,0,0,0,0
HHS Reading Rockets EABL,"Can Okumus, Ethan Harrington, James Waterhouse, Lazure Francis, Matthew Daines",Barking Abbey EABL,"Harry Egbayelo, Joshua Mendes, Oskaras Visockas, Raphael Connolly, Solomon Dobson Smith",1,71,1.2,2.4,3,1,1,100,0,0,0,1,2,50,0,0,0,2,0,0,1,0,4,2,2,100,0,0,0,0,0,0,0,0,0,0,0,0,0,0,2.9,2.0,104.2,200,-95.8,200,104.2,95.8,-1,0,0,0,0,0,0,0,0,0,0,0,0,0,0,0,0,0,0,0,0,0,0,0,0,0,0,0,0,0,0,0,0
Copleston High School EABL,"Callum Fobister, Isaac Carty-Peters, Noah Wilkinson, Oliver Drane, Timothy Rafiu",City of London Academy - Southwark EABL,"Alex Morentin, Barack Manfo-Marc, Jacob Hannick, Nyakeh Senessie, Sharmake Shirwac",1,32,0.5,2.4,0,0,2,0,0,1,0,0,0,0,1,1,2,0,0,1,1,0,0,0,2,0,0,1,0,0,2,0,0,1,1,0,1,1,0,0,1.9,2.9,0,0,0,0,0,0,0,0,0,0,0,0,0,0,0,0,0,0,0,0,0,0,0,0,0,0,0,0,0,0,0,0,0,0,0,0,0,0,0
Copleston High School EABL,"Callum Fobister, Isaac Little, Matthew Liddamore, Noah Wilkinson, Timothy Rafiu",City of London Academy - Southwark EABL,"Andrew Nwokolo, Daniel Banjoko, David Banjoko, Louis Thompson, Rafi Testfay",1,102,1.7,2.4,4,2,6,33.3,0,0,0,0,0,0,3,1,4,1,2,0,0,0,0,0,1,0,0,0,0,0,0,0,0,0,0,0,0,0,2,1,1.7,3.0,232.6,0,232.6,0,232.6,-232.6,4,0,0,0,0,0,0,0,0,0,0,0,0,0,0,0,0,0,0,0,0,0,0,0,0,0,0,0,0,0,0,0,0
SGS College EABL,"Dylan Lloyd, Imam Toure, Kevin Ramirez Mora, Luka Matthews, Marcos Perez Tosca",Manchester Magic Academy EABL,"Allan Adetula, Jack Odongo, Oluwademilade Babalola, Tarique Kamal Kazmi, Tom Richardson",1,119,2.0,2.4,3,1,2,50,1,1,100,0,0,0,0,0,0,1,0,1,0,0,6,3,7,42.9,0,2,0,0,0,0,3,1,4,1,0,0,0,1,2.0,2.7,150,220.6,-70.6,220.6,150,70.6,-3,0,0,0,0,0,0,0,0,0,0,0,0,0,0,0,0,0,0,0,0,0,0,0,0,0,0,0,0,0,0,0,0
SGS College EABL,"Kayden Richards, Kevin Ramirez Mora, Luka Matthews, Marcos Perez Tosca, Zion Lawson",Manchester Magic Academy EABL,"David Allotey, Jack Walton, Tarique Kamal Kazmi, Tiego Weekes, Tom Richardson",1,50,0.8,2.4,0,0,2,0,0,2,0,0,0,0,1,0,1,0,0,0,2,1,3,1,1,100,0,0,0,1,2,50,0,1,1,1,1,0,0,0,2.9,1.9,0,159.6,-159.6,159.6,0,159.6,-3,0,0,0,0,0,0,0,0,0,0,0,0,0,0,0,0,0,0,0,0,0,0,0,0,0,0,0,0,0,0,0,0
Charnwood College Riders EABL,"Fahad Saeed, James Hardy, Pharrell Kattah, Rudy Buckingham, Tristan Curran",BMET City of Birmingham Rockets EABL,"Abdou Camara, Jude Hyland, Patrick Walsh, Philip Basioudis, Simba Chikukwa",1,80,1.3,2.4,0,0,2,0,0,2,0,0,0,0,0,2,2,0,0,0,0,2,1,0,0,0,0,0,0,1,4,25,0,2,2,0,0,0,1,0,2.0,2.8,0,36.2,-36.2,36.2,0,36.2,-1,0,0,0,0,0,0,0,0,0,0,0,0,0,0,0,0,0,0,0,0,0,0,0,0,0,0,0,0,0,0,0,0
Barking Abbey EABL,"Amari Maitland, Joshua Mendes, Kervy Mabaya, Kimbe N'gabala, Solomon Dobson Smith",Oaklands Wolves EABL,"Daniel Kostadinov, Dylan Gladstone, Enzo Da Cruz Fatuda, Huxley Morrell, Liam Mcintosh",1,79,1.3,2.4,5,1,2,50,1,1,100,2,2,100,0,0,0,1,1,0,0,1,2,1,1,100,0,0,0,0,0,0,0,1,1,1,0,0,1,1,2.9,2.0,173.6,100,73.6,100,173.6,-73.6,3,0,0,0,0,0,0,0,0,0,0,0,0,0,0,0,0,0,0,0,0,0,0,0,0,0,0,0,0,0,0,0,0
HHS Reading Rockets EABL,"Aydan Moloney, Can Okumus, Ethan Harrington, Joseph Mackinnon, Lazure Francis",Itchen College EABL,"Benjamin Cope, Ethan Round, Javen Osei-Owusu, Mason Yeates, Richard Radu",1,98,1.6,2.4,2,1,4,25,0,0,0,0,0,0,1,0,1,0,1,0,0,1,3,1,3,33.3,1,3,33.3,0,0,0,2,2,4,0,0,0,1,0,2.9,1.9,68.3,161.3,-93,161.3,68.3,93,-1,0,0,0,0,0,0,0,0,0,0,0,0,0,0,0,0,0,0,0,0,0,0,0,0,0,0,0,0,0,0,0,0
HHS Reading Rockets EABL,"Can Okumus, James Waterhouse, Joseph Mackinnon, Lazure Francis, Matthew Daines",Itchen College EABL,"George Andrews, Marley Edwards, Mason Yeates, Reuel Matthias, Thomas Blower",1,66,1.1,2.4,2,1,1,100,0,0,0,0,0,0,0,0,0,1,0,0,2,1,4,1,1,100,0,0,0,2,2,100,0,0,0,0,1,0,0,0,3.0,1.9,66.7,212.8,-146.1,212.8,66.7,146.1,-2,0,0,0,0,0,0,0,0,0,0,0,0,0,0,0,0,0,0,0,0,0,0,0,0,0,0,0,0,0,0,0,0
HHS Reading Rockets EABL,"Can Okumus, Ethan Harrington, James Waterhouse, Malachi Hassan-Taylor, Matthew Daines",Copleston High School EABL,"Callum Fobister, Grant Millar, Isaac Carty-Peters, Isaac Little, Matthew Liddamore",1,105,1.8,2.4,2,1,3,33.3,0,1,0,0,0,0,0,0,0,0,1,0,0,1,2,1,4,25,0,2,0,0,0,0,3,1,4,0,0,0,1,0,3.0,1.8,66.7,111.7,-45.1,111.7,66.7,45.1,0,0,0,0,0,0,0,0,0,0,0,0,0,0,0,0,0,0,0,0,0,0,0,0,0,0,0,0,0,0,0,0,0
HHS Reading Rockets EABL,"Ethan Harrington, James Waterhouse, Lazure Francis, Malachi Hassan-Taylor, Matthew Daines",Copleston High School EABL,"Grant Millar, Isaac Carty-Peters, Isaac Little, Matthew Liddamore, Timothy Rafiu",1,57,0.9,2.4,0,0,1,0,0,0,0,0,0,0,0,0,0,0,0,0,0,0,4,1,2,50,0,0,0,2,2,100,0,1,1,1,0,0,1,0,1.0,3.9,0,103.1,-103.1,103.1,0,103.1,-4,0,0,0,0,0,0,0,0,0,0,0,0,0,0,0,0,0,0,0,0,0,0,0,0,0,0,0,0,0,0,0,0
SGS College EABL,"Dylan Lloyd, Imam Toure, Luka Matthews, Martin Alburo, Zion Lawson",Copleston High School EABL,"Callum Fobister, Isaac Little, Luke Read, Matthew Liddamore, Timothy Rafiu",1,42,0.7,2.4,2,1,1,100,0,0,0,0,0,0,0,1,1,1,0,0,1,0,2,1,3,33.3,0,0,0,0,2,0,1,0,1,0,0,0,0,0,2.0,2.8,100,71.2,28.8,71.2,100,-28.8,0,0,0,0,0,0,0,0,0,0,0,0,0,0,0,0,0,0,0,0,0,0,0,0,0,0,0,0,0,0,0,0,0
HHS Reading Rockets EABL,"Can Okumus, Ethan Harrington, James Waterhouse, Malachi Hassan-Taylor, Matthew Daines",BMET City of Birmingham Rockets EABL,"Abdou Camara, George Angoy, Jonathan Agbeze, Jude Hyland, Philip Basioudis",1,75,1.2,2.4,0,0,2,0,0,1,0,0,0,0,0,1,1,0,0,0,0,1,3,1,1,100,0,0,0,1,4,25,0,2,2,0,0,0,0,1,2.0,2.8,0,108.7,-108.7,108.7,0,108.7,-3,0,0,0,0,0,0,0,0,0,0,0,0,0,0,0,0,0,0,0,0,0,0,0,0,0,0,0,0,0,0,0,0
HHS Reading Rockets EABL,"Aydan Moloney, Can Okumus, Ethan Harrington, Luca Bakary, Matthew Daines",BMET City of Birmingham Rockets EABL,"Billy Rose, George Angoy, Larry Duru, Philip Basioudis, Simba Chikukwa",1,45,0.8,2.4,3,1,1,100,1,1,100,0,0,0,0,1,1,1,0,0,1,1,3,1,2,50,0,0,0,1,2,50,0,0,0,0,1,0,0,1,2.0,2.9,150,104.2,45.8,104.2,150,-45.8,0,0,0,0,0,0,0,0,0,0,0,0,0,0,0,0,0,0,0,0,0,0,0,0,0,0,0,0,0,0,0,0,0
HHS Reading Rockets EABL,"Ethan Harrington, James Waterhouse, Luca Bakary, Malachi Hassan-Taylor, Matthew Daines",BMET City of Birmingham Rockets EABL,"George Angoy, Jonathan Agbeze, Jude Hyland, Larry Duru, Philip Basioudis",1,53,0.9,2.4,0,0,1,0,0,0,0,0,0,0,0,3,3,0,0,0,1,1,0,0,1,0,0,0,0,0,4,0,0,1,1,0,1,0,0,1,2.0,2.8,0,0,0,0,0,0,0,0,0,0,0,0,0,0,0,0,0,0,0,0,0,0,0,0,0,0,0,0,0,0,0,0,0,0,0,0,0,0,0
Itchen College EABL,"Benjamin Cope, Ethan Round, George Andrews, Javen Osei-Owusu, Mason Yeates",Charnwood College Riders EABL,"Davin Hanousek, Fahad Saeed, Tom Pearson, Tristan Curran, Zavier Gleadell-Smith",1,84,1.4,2.4,3,1,3,33.3,0,2,0,1,2,50,1,1,2,1,0,0,0,0,2,1,3,33.3,0,0,0,0,0,0,1,1,2,0,0,0,0,1,2.8,1.9,106.8,103.6,3.1,103.6,106.8,-3.1,1,0,0,0,0,0,0,0,0,0,0,0,0,0,0,0,0,0,0,0,0,0,0,0,0,0,0,0,0,0,0,0,0
Itchen College EABL,"George Andrews, Javen Osei-Owusu, Mason Yeates, Richard Radu, Thomas Blower",Charnwood College Riders EABL,"James Hardy, Okeri Hambira, Pharrell Kattah, Tom Pearson, Zavier Gleadell-Smith",1,60,1.0,2.4,3,1,1,100,0,0,0,1,1,100,0,0,0,0,0,0,1,1,5,2,2,100,0,0,0,1,1,100,0,0,0,0,1,0,0,1,2.4,2.4,123,204.9,-82,204.9,123,82,-2,0,0,0,0,0,0,0,0,0,0,0,0,0,0,0,0,0,0,0,0,0,0,0,0,0,0,0,0,0,0,0,0
Manchester Magic Academy EABL,"Abraham Isiorho, David Allotey, Harley Blake, Jack Odongo, Oluwademilade Babalola",Oaklands Wolves EABL,"Daniel Kostadinov, Dylan Gladstone, Enzo Da Cruz Fatuda, Gavin Mitchell, Liam Mcintosh",1,76,1.3,2.4,2,1,5,20,0,2,0,0,0,0,2,0,2,1,0,0,0,0,3,1,1,100,1,1,100,0,0,0,0,2,2,1,0,0,1,0,2.9,2.0,69.9,150,-80.1,150,69.9,80.1,-1,0,0,0,0,0,0,0,0,0,0,0,0,0,0,0,0,0,0,0,0,0,0,0,0,0,0,0,0,0,0,0,0
HHS Reading Rockets EABL,"Aydan Moloney, Can Okumus, Ethan Harrington, Luca Bakary, Malachi Hassan-Taylor",SGS College EABL,"Abubakar Odowa, Imam Toure, Kevin Ramirez Mora, Martin Alburo, Zion Lawson",1,70,1.2,2.4,5,1,1,100,0,0,0,3,4,75,0,1,1,1,0,0,0,0,0,0,1,0,0,1,0,0,0,0,0,0,0,0,0,0,1,1,2.8,2.0,181.2,0,181.2,0,181.2,-181.2,5,0,0,0,0,0,0,0,0,0,0,0,0,0,0,0,0,0,0,0,0,0,0,0,0,0,0,0,0,0,0,0,0
HHS Reading Rockets EABL,"Aydan Moloney, Joseph Mackinnon, Luca Bakary, Malachi Hassan-Taylor, Matthew Daines",SGS College EABL,"Dylan Lloyd, Imam Toure, Luka Matthews, Marcos Perez Tosca, Martin Alburo",1,77,1.3,2.4,0,0,3,0,0,2,0,0,0,0,1,1,2,0,0,0,0,1,5,2,2,100,1,1,100,0,2,0,0,2,2,2,0,1,0,0,1.9,2.9,0,173.6,-173.6,173.6,0,173.6,-5,0,0,0,0,0,0,0,0,0,0,0,0,0,0,0,0,0,0,0,0,0,0,0,0,0,0,0,0,0,0,0,0
City of London Academy - Southwark EABL,"Andrew Nwokolo, Daniel Banjoko, Dante Patel, Louis Thompson, Toby Gass",Myerscough College EABL,"Cesar Sanchez Falette, Olivier Esingle, Salomi Latidan, Sayomi Latidan, Zach Trezvant",1,81,1.4,2.4,3,1,4,25,0,2,0,1,2,50,1,0,1,0,0,0,0,0,4,2,2,100,0,0,0,0,0,0,0,1,1,1,0,0,0,2,3.3,2.0,91.6,200,-108.4,200,91.6,108.4,-1,0,0,0,0,0,0,0,0,0,0,0,0,0,0,0,0,0,0,0,0,0,0,0,0,0,0,0,0,0,0,0,0
City of London Academy - Southwark EABL,"Andrew Nwokolo, Bilal Olowoshile, Daniel Banjoko, David Banjoko, Jacob Hannick",Myerscough College EABL,"Cesar Sanchez Falette, Jakub Bobkowski, Olivier Esingle, Salomi Latidan, Sayomi Latidan",1,118,2.0,2.4,4,2,4,50,0,0,0,0,0,0,2,1,3,1,0,0,0,0,5,2,4,50,1,2,50,0,0,0,1,0,1,0,0,0,0,1,1.9,2.9,215.1,170.6,44.4,170.6,215.1,-44.4,-1,0,0,0,0,0,0,0,0,0,0,0,0,0,0,0,0,0,0,0,0,0,0,0,0,0,0,0,0,0,0,0,0
Manchester Magic Academy EABL,"Abraham Isiorho, Jack Odongo, Jack Walton, Oluwademilade Babalola, Tom Richardson",Myerscough College EABL,"Cesar Sanchez Falette, Harry Sheehan, Olivier Esingle, Salomi Laditan, Sayomi Laditan",1,57,0.9,2.4,0,0,1,0,0,1,0,0,0,0,0,0,0,0,1,0,1,0,4,1,2,50,0,0,0,2,2,100,1,0,1,0,0,0,1,1,2.0,2.8,0,142.3,-142.3,142.3,0,142.3,-4,0,0,0,0,0,0,0,0,0,0,0,0,0,0,0,0,0,0,0,0,0,0,0,0,0,0,0,0,0,0,0,0
Manchester Magic Academy EABL,"Abraham Isiorho, Jack Odongo, Jack Walton, Oluwademilade Babalola, Tom Richardson",Myerscough College EABL,"Cesar Sanchez Falette, Harry Sheehan, Jakub Bobkowski, Salomi Laditan, Sayomi Laditan",1,79,1.3,2.4,0,0,1,0,0,0,0,0,2,0,0,1,1,0,0,1,1,2,3,1,4,25,1,4,25,0,0,0,2,2,4,1,0,0,0,0,2.9,1.9,0,161.3,-161.3,161.3,0,161.3,-3,0,0,0,0,0,0,0,0,0,0,0,0,0,0,0,0,0,0,0,0,0,0,0,0,0,0,0,0,0,0,0,0
Manchester Magic Academy EABL,"Abraham Sagay Isiorho, Jack Walton, Nathan Brown, Oluwademilade Babalola, Samy Sidi-Boumedine",Derby College Trailblazers EABL,"Casey Burr, Elias Rice, Liyo Ngomti, Matheo Smith-Fjordland, Rohan Hobday",1,95,1.6,2.3,0,0,4,0,0,1,0,0,0,0,3,0,3,0,0,1,0,0,5,2,4,50,0,1,0,1,2,50,3,1,4,0,0,0,1,0,0.8,3.7,0,133.7,-133.7,133.7,0,133.7,-5,0,0,0,0,0,0,0,0,0,0,0,0,0,0,0,0,0,0,0,0,0,0,0,0,0,0,0,0,0,0,0,0
Charnwood College Riders EABL,"Asa Oyerinde, Luca Boothe, Pharrell Kattah, Rudy Buckingham, Tristan Curran",Derby College Trailblazers EABL,"Casey Burr, Elias Rice, George Pastor, Jarom Howlett, William Tallon",1,46,0.8,2.3,6,0,0,0,0,0,0,6,6,100,0,2,2,0,0,0,0,0,0,0,2,0,0,1,0,0,0,0,0,0,0,0,0,0,0,2,2.6,2.0,227.3,0,227.3,0,227.3,-227.3,6,0,0,0,0,0,0,0,0,0,0,0,0,0,0,0,0,0,0,0,0,0,0,0,0,0,0,0,0,0,0,0,0
Manchester Magic Academy EABL,"Abraham Sagay Isiorho, Jack Walton, Lewis Clayton, Samy Sidi-Boumedine, Tom Richardson",Myerscough College EABL,"Ayo Ibirinde, Cesar Sanchez Falette, Fin Morgan, Jakub Bobkowski, Olivier Esingle",1,104,1.7,2.3,1,0,0,0,0,0,0,1,2,50,0,1,1,0,0,0,1,2,1,0,3,0,0,2,0,1,2,50,2,1,3,0,0,0,1,1,1.9,2.7,53.2,36.5,16.7,36.5,53.2,-16.7,0,0,0,0,0,0,0,0,0,0,0,0,0,0,0,0,0,0,0,0,0,0,0,0,0,0,0,0,0,0,0,0,0
SGS College EABL,"Abubakar Odowa, Imam Toure, Kevin Ramirez Mora, Marcos Perez Tosca, Shaquan Nelson",BMET City of Birmingham Rockets EABL,"Daniel Pittaway, George Angoy, Jude Hyland, Larry Duru, Philip Basioudis",1,78,1.3,2.3,5,2,3,66.7,1,2,50,0,0,0,1,2,3,2,0,0,0,1,1,0,4,0,0,2,0,1,3,33.3,3,0,3,0,0,0,0,0,1.9,2.8,259.1,36.3,222.7,36.3,259.1,-222.7,4,0,0,0,0,0,0,0,0,0,0,0,0,0,0,0,0,0,0,0,0,0,0,0,0,0,0,0,0,0,0,0,0
SGS College EABL,"Dylan Lloyd, Imam Toure, Kevin Ramirez Mora, Marcos Perez Tosca, Martin Alburo",Charnwood College Riders EABL,"Asa Oyerinde, Okeri Hambira, Pharrell Kattah, Tom Pearson, Zavier Gleadell-Smith",1,48,0.8,2.3,0,0,1,0,0,0,0,0,0,0,0,2,2,0,0,0,1,1,2,0,5,0,0,0,0,2,2,100,3,1,4,0,1,0,0,0,2.0,2.7,0,74.9,-74.9,74.9,0,74.9,-2,0,0,0,0,0,0,0,0,0,0,0,0,0,0,0,0,0,0,0,0,0,0,0,0,0,0,0,0,0,0,0,0
Barking Abbey EABL,"Amari Maitland, Joshua Mendes, Kervy Mabaya, Micael Filho, Oskaras Visockas",Itchen College EABL,"Benjamin Cope, Dawid Cimochowski, Ethan Round, Jakub Ofman, Thomas Blower",1,88,1.5,2.3,6,1,4,25,0,0,0,4,4,100,3,1,4,1,1,0,0,0,0,0,1,0,0,1,0,0,0,0,0,0,0,0,0,0,1,2,2.5,2.0,235.3,0,235.3,0,235.3,-235.3,6,0,0,0,0,0,0,0,0,0,0,0,0,0,0,0,0,0,0,0,0,0,0,0,0,0,0,0,0,0,0,0,0
City of London Academy - Southwark EABL,"Andrew Nwokolo, Daniel Banjoko, David Banjoko, Rafi Testfay, Ruben Cryer",Copleston High School EABL,"Callum Fobister, Isaac Little, Luke Read, Matthew Liddamore, Noah Wilkinson",1,79,1.3,2.3,4,1,4,25,0,2,0,2,2,100,1,2,3,0,0,0,0,1,1,0,1,0,0,1,0,1,2,50,0,0,0,0,0,0,1,1,1.7,2.9,239.5,34.7,204.8,34.7,239.5,-204.8,3,0,0,0,0,0,0,0,0,0,0,0,0,0,0,0,0,0,0,0,0,0,0,0,0,0,0,0,0,0,0,0,0
SGS College EABL,"Abubakar Odowa, Imam Toure, Kevin Ramirez Mora, Marcos Perez Tosca, Zion Lawson",Copleston High School EABL,"Isaac Little, Luke Read, Matthew Liddamore, Noah Wilkinson, Timothy Rafiu",1,89,1.5,2.3,0,0,4,0,0,3,0,0,0,0,1,0,1,0,0,0,0,0,4,2,2,100,0,0,0,0,0,0,0,2,2,1,0,0,0,0,2.6,2.0,0,200,-200,200,0,200,-4,0,0,0,0,0,0,0,0,0,0,0,0,0,0,0,0,0,0,0,0,0,0,0,0,0,0,0,0,0,0,0,0
SGS College EABL,"Abubakar Odowa, Dylan Lloyd, Marcos Pospori, Martin Alburo, Washington Wewe",Myerscough College EABL,"Aboyomi Aiyedun, Ashton Scott, Ayo Ibirinde, Cesar Sanchez Falette, Jakub Bobkowski",1,94,1.6,2.2,0,0,2,0,0,0,0,0,0,0,1,2,3,0,0,0,1,0,2,1,2,50,0,1,0,0,1,0,0,1,1,0,1,0,0,0,1.9,2.4,0,82,-82,82,0,82,-2,0,0,0,0,0,0,0,0,0,0,0,0,0,0,0,0,0,0,0,0,0,0,0,0,0,0,0,0,0,0,0,0
Itchen College EABL,"Benjamin Cope, Elijah Lotriet, Ethan Round, Jakub Ofman, Marley Edwards",Copleston High School EABL,"Isaac Little, Jaziah Mussington, Matthew Liddamore, Noah Wilkinson, Timothy Rafiu",1,64,1.1,2.2,3,1,3,33.3,1,2,50,0,0,0,1,1,2,1,0,0,0,0,1,0,1,0,0,1,0,1,1,100,0,1,1,0,0,0,1,1,1.9,2.4,155.4,41,114.5,41,155.4,-114.5,2,0,0,0,0,0,0,0,0,0,0,0,0,0,0,0,0,0,0,0,0,0,0,0,0,0,0,0,0,0,0,0,0
Charnwood College Riders EABL,"Harrison Mcglone, Pharrell Kattah, Rudy Buckingham, Tom Pearson, Tristan Curran",SGS College EABL,"Antoine Bennett, Kayden Richards, Kevin Ramirez Mora, Marcos Perez Tosca, Martin Alburo",1,43,0.7,2.2,3,1,2,50,0,0,0,1,1,100,0,0,0,2,1,0,0,0,3,1,1,100,1,1,100,0,0,0,0,1,1,1,0,0,1,0,2.4,2.0,123,150,-27,150,123,27,0,0,0,0,0,0,0,0,0,0,0,0,0,0,0,0,0,0,0,0,0,0,0,0,0,0,0,0,0,0,0,0,0
Myerscough College EABL,"Fin Morgan, Harry Sheehan, Ivan Idemudia, Olivier Esingle, Zach Trezvant",BMET City of Birmingham Rockets EABL,"Abdou Camara, Daniel Pittaway, Guridat Singh, Jude Hyland, Patrick Walsh",1,74,1.2,2.2,3,1,4,25,0,2,0,1,2,50,3,1,4,0,1,0,0,0,0,0,1,0,0,0,0,0,0,0,0,1,1,0,0,0,1,1,2.5,2.0,121.3,0,121.3,0,121.3,-121.3,3,0,0,0,0,0,0,0,0,0,0,0,0,0,0,0,0,0,0,0,0,0,0,0,0,0,0,0,0,0,0,0,0
Oaklands Wolves EABL,"Daniel Kostadinov, Dylan Gladstone, Enzo Da Cruz Fatuda, Liam Mcintosh, Tristan Mcintosh",Itchen College EABL,"Benjamin Cope, Ethan Round, Javen Osei-Owusu, Mason Yeates, Thomas Blower",1,63,1.1,2.2,2,1,1,100,0,0,0,0,1,0,0,1,1,1,0,0,1,0,2,1,2,50,0,0,0,0,0,0,0,0,0,0,1,0,0,1,2.4,2.0,82,100,-18,100,82,18,0,0,0,0,0,0,0,0,0,0,0,0,0,0,0,0,0,0,0,0,0,0,0,0,0,0,0,0,0,0,0,0,0
BMET City of Birmingham Rockets EABL,"Abdou Camara, George Angoy, Guridat Singh, Jonathan Agbeze, Patrick Walsh",Manchester Magic Academy EABL,"David Allotey, Harley Blake, Jack Walton, Tarique Kamal Kazmi, Tiego Weekes",1,53,0.9,2.2,3,1,2,50,1,1,100,0,1,0,1,1,2,1,1,1,1,0,0,0,1,0,0,0,0,0,0,0,0,0,0,0,1,0,1,1,2.4,2.0,126.6,0,126.6,0,126.6,-126.6,3,0,0,0,0,0,0,0,0,0,0,0,0,0,0,0,0,0,0,0,0,0,0,0,0,0,0,0,0,0,0,0,0
SGS College EABL,"Antoine Bennett, Dylan Lloyd, Kayden Richards, Marcos Pospori, Martin Alburo",Derby College Trailblazers EABL,"Casey Burr, Elias Rice, George Pastor, Matheo Smith-Fjordland, William Tallon",1,70,1.2,2.2,2,1,2,50,0,0,0,0,0,0,0,0,0,0,0,0,0,1,2,1,2,50,0,1,0,0,1,0,1,1,2,0,0,0,1,0,2.0,2.4,100,84.4,15.6,84.4,100,-15.6,0,0,0,0,0,0,0,0,0,0,0,0,0,0,0,0,0,0,0,0,0,0,0,0,0,0,0,0,0,0,0,0,0
SGS College EABL,"Imam Toure, Kevin Ramirez Mora, Luka Matthews, Marcos Perez Tosca, Shaquan Nelson",Derby College Trailblazers EABL,"Casey Burr, Elias Norman, Jarom Howlett, Liyo Ngomti, Rohan Hobday",1,67,1.1,2.2,5,2,2,100,1,1,100,0,1,0,0,1,1,1,0,0,0,1,2,1,2,50,0,1,0,0,0,0,0,1,1,1,0,0,0,0,2.4,2.0,204.9,100,104.9,100,204.9,-104.9,3,0,0,0,0,0,0,0,0,0,0,0,0,0,0,0,0,0,0,0,0,0,0,0,0,0,0,0,0,0,0,0,0
City of London Academy - Southwark EABL,"Alex Morentin, Barack Manfo-Marc, Dante Patel, Ruben Nunn, Sharmake Shirwac",Oaklands Wolves EABL,"Daniel Kostadinov, Dylan Gladstone, Guisepi Augenti, Kajus Gasperas, Zac Gribble",1,65,1.1,2.2,2,1,2,50,0,0,0,0,1,0,0,1,1,0,1,0,0,0,0,0,1,0,0,0,0,0,0,0,0,1,1,0,0,1,1,1,2.4,2.0,82,0,82,0,82,-82,2,0,0,0,0,0,0,0,0,0,0,0,0,0,0,0,0,0,0,0,0,0,0,0,0,0,0,0,0,0,0,0,0
BMET City of Birmingham Rockets EABL,"Billy Rose, George Angoy, Jonathan Agbeze, Larry Duru, Philip Basioudis",Charnwood College Riders EABL,"Lewis Stevenson, Rudy Buckingham, Tom Pearson, Tristan Curran, Zavier Gleadell-Smith",1,62,1.0,2.2,2,1,2,50,0,0,0,0,0,0,0,1,1,1,0,0,0,1,3,0,1,0,0,1,0,3,3,100,0,0,0,1,0,0,0,0,2.0,2.3,100,129.3,-29.3,129.3,100,29.3,-1,0,0,0,0,0,0,0,0,0,0,0,0,0,0,0,0,0,0,0,0,0,0,0,0,0,0,0,0,0,0,0,0
Oaklands Wolves EABL,"Enzo Da Cruz Fatuda, Ethan Ryan, Gavin Mitchell, Huxley Morrell, Liam Mcintosh",Copleston High School EABL,"Callum Fobister, Elijah Tamakloe, Luke Read, Matthew Liddamore, Noah Wilkinson",1,71,1.2,2.2,5,2,3,66.7,0,1,0,1,1,100,1,0,1,1,1,0,0,0,0,0,1,0,0,0,0,0,0,0,0,0,0,0,0,0,1,2,2.4,2.0,211,0,211,0,211,-211,5,0,0,0,0,0,0,0,0,0,0,0,0,0,0,0,0,0,0,0,0,0,0,0,0,0,0,0,0,0,0,0,0
Charnwood College Riders EABL,"Lewis Stevenson, Luca Boothe, Pharrell Kattah, Tom Pearson, Tristan Curran",Derby College Trailblazers EABL,"Casey Burr, George Pastor, Jarom Howlett, Liyo Ngomti, William Tallon",1,32,0.5,2.2,2,0,1,0,0,0,0,2,3,66.7,0,2,2,0,0,0,0,0,0,0,2,0,0,1,0,0,0,0,0,1,1,0,0,1,0,1,2.3,2.0,86.2,0,86.2,0,86.2,-86.2,2,0,0,0,0,0,0,0,0,0,0,0,0,0,0,0,0,0,0,0,0,0,0,0,0,0,0,0,0,0,0,0,0
Manchester Magic Academy EABL,"Harley Blake, Jack Walton, Nathan Brown, Oluwademilade Babalola, Tom Richardson",Myerscough College EABL,"Nathaniel Byfield, Olivier Esingle, Salomi Latidan, Sayomi Latidan, Zach Trezvant",1,61,1.0,2.2,3,1,2,50,1,2,50,0,0,0,0,1,1,1,0,0,0,0,1,0,1,0,0,0,0,1,1,100,0,1,1,0,0,0,1,0,2.0,2.4,150,41,109,41,150,-109,2,0,0,0,0,0,0,0,0,0,0,0,0,0,0,0,0,0,0,0,0,0,0,0,0,0,0,0,0,0,0,0,0
SGS College EABL,"Kayden Richards, Luka Matthews, Marcos Perez Tosca, Shaquan Nelson, Zion Lawson",BMET City of Birmingham Rockets EABL,"Daniel Pittaway, George Angoy, Issac Gisbourne, Larry Duru, Philip Basioudis",1,86,1.4,2.2,3,1,2,50,0,1,0,1,2,50,1,0,1,0,0,0,0,0,2,1,1,100,0,0,0,0,0,0,0,1,1,1,0,0,1,1,2.3,2.0,127.9,100,27.9,100,127.9,-27.9,1,0,0,0,0,0,0,0,0,0,0,0,0,0,0,0,0,0,0,0,0,0,0,0,0,0,0,0,0,0,0,0,0
Oaklands Wolves EABL,"Dylan Gladstone, Gavin Mitchell, Huxley Morrell, Liam Mcintosh, Tristan Mcintosh",HHS Reading Rockets EABL,"Can Okumus, Ethan Harrington, Joseph Mackinnon, Malachi Hassan-Taylor, Matthew Daines",1,50,0.8,2.2,3,0,1,0,0,0,0,3,3,100,0,1,1,0,0,0,0,0,0,0,2,0,0,1,0,0,0,0,0,1,1,0,0,0,0,2,2.3,2.0,129.3,0,129.3,0,129.3,-129.3,3,0,0,0,0,0,0,0,0,0,0,0,0,0,0,0,0,0,0,0,0,0,0,0,0,0,0,0,0,0,0,0,0
Derby College Trailblazers EABL,"Casey Burr, Elias Norman, Elias Rice, Rohan Hobday, William Tallon",Manchester Magic Academy EABL,"Harley Blake, Jack Walton, Lewis Clayton, Oluwademilade Babalola, Tom Richardson",1,106,1.8,2.2,5,2,2,100,1,1,100,0,0,0,0,0,0,1,0,0,0,0,5,2,4,50,0,1,0,1,1,100,2,0,2,1,0,0,0,1,2.0,2.3,250,217.4,32.6,217.4,250,-32.6,0,0,0,0,0,0,0,0,0,0,0,0,0,0,0,0,0,0,0,0,0,0,0,0,0,0,0,0,0,0,0,0,0
Derby College Trailblazers EABL,"Elias Rice, George Pastor, L. Ngomti, Matheo Smith-Fjordland, William Tallon",Manchester Magic Academy EABL,"Harley Blake, Oluwademilade Babalola, Samy Sidi-Boumedine, Tiego Weekes, Tom Richardson",1,59,1.0,2.2,0,0,2,0,0,0,0,0,0,0,0,0,0,0,0,0,0,1,3,1,2,50,0,0,0,1,1,100,0,2,2,0,0,0,0,1,2.0,2.4,0,123,-123,123,0,123,-3,0,0,0,0,0,0,0,0,0,0,0,0,0,0,0,0,0,0,0,0,0,0,0,0,0,0,0,0,0,0,0,0
Barking Abbey EABL,"Alexanda Nwabueze, Harry Egbayelo, Malik Matser, Micael Filho, Raphael Connolly",Copleston High School EABL,"Angus Hickey, Grant Millar, Isaac Little, Noah Wilkinson, Timothy Rafiu",1,67,1.1,2.2,0,0,1,0,0,0,0,0,2,0,1,1,2,0,1,0,0,0,0,0,2,0,0,1,0,0,0,0,0,1,1,0,0,0,1,2,1.3,3.0,0,0,0,0,0,0,0,0,0,0,0,0,0,0,0,0,0,0,0,0,0,0,0,0,0,0,0,0,0,0,0,0,0,0,0,0,0,0,0
HHS Reading Rockets EABL,"Ethan Harrington, James Waterhouse, Joseph Mackinnon, Malachi Hassan-Taylor, Matthew Daines",Oaklands Wolves EABL,"Daniel Kostadinov, Enzo Da Cruz Fatuda, Gavin Mitchell, Liam Mcintosh, Tristan Mcintosh",1,54,0.9,2.2,3,1,1,100,0,0,0,1,1,100,0,0,0,0,1,0,0,0,3,1,2,50,1,1,100,0,0,0,0,0,0,1,0,0,1,2,1.4,3.0,208.3,100,108.3,100,208.3,-108.3,0,0,0,0,0,0,0,0,0,0,0,0,0,0,0,0,0,0,0,0,0,0,0,0,0,0,0,0,0,0,0,0,0
Itchen College EABL,"Benjamin Cope, Dawid Cimochowski, Ethan Round, Jakub Ofman, Richard Radu",Barking Abbey EABL,"Amari Maitland, Joshua Mendes, Kervy Mabaya, Oskaras Visockas, Raphael Connolly",1,80,1.3,2.2,0,0,3,0,0,1,0,0,0,0,1,1,2,0,0,0,1,0,0,0,2,0,0,1,0,0,0,0,1,1,2,0,0,2,1,0,2.4,1.9,0,0,0,0,0,0,0,0,0,0,0,0,0,0,0,0,0,0,0,0,0,0,0,0,0,0,0,0,0,0,0,0,0,0,0,0,0,0,0
HHS Reading Rockets EABL,"Ethan Harrington, James Waterhouse, Luca Bakary, Malachi Hassan-Taylor, Matthew Daines",Barking Abbey EABL,"Amari Maitland, Francesco Cole, Kervy Mabaya, Micael Filho, Raphael Connolly",1,70,1.2,2.2,2,1,2,50,0,0,0,0,0,0,0,1,1,1,1,0,0,1,0,0,2,0,0,1,0,0,2,0,2,1,3,0,0,0,1,1,2.0,2.5,100,0,100,0,100,-100,2,0,0,0,0,0,0,0,0,0,0,0,0,0,0,0,0,0,0,0,0,0,0,0,0,0,0,0,0,0,0,0,0
HHS Reading Rockets EABL,"Ethan Harrington, James Waterhouse, Lazure Francis, Luca Bakary, Matthew Daines",Barking Abbey EABL,"Alaxanda Nwabueze, Amari Maitland, Francesco Cole, Joshua Mendes, Raphael Connolly",1,26,0.4,2.2,2,1,2,50,0,0,0,0,1,0,0,0,0,1,1,0,0,0,2,1,1,100,0,0,0,0,0,0,0,2,2,0,0,0,1,1,2.4,2.0,82,100,-18,100,82,18,0,0,0,0,0,0,0,0,0,0,0,0,0,0,0,0,0,0,0,0,0,0,0,0,0,0,0,0,0,0,0,0,0
Copleston High School EABL,"Callum Fobister, Isaac Carty-Peters, Isaac Little, Noah Wilkinson, Timothy Rafiu",City of London Academy - Southwark EABL,"Alex Morentin, Barack Manfo-Marc, Jacob Hannick, Nyakeh Senessie, Sharmake Shirwac",1,55,0.9,2.2,5,1,1,100,0,0,0,3,3,100,0,1,1,1,0,0,0,1,0,0,2,0,0,1,0,0,0,0,0,0,0,0,0,0,0,1,2.3,2.0,215.5,0,215.5,0,215.5,-215.5,5,0,0,0,0,0,0,0,0,0,0,0,0,0,0,0,0,0,0,0,0,0,0,0,0,0,0,0,0,0,0,0,0
Charnwood College Riders EABL,"Asa Oyerinde, Pharrell Kattah, Rudy Buckingham, Tristan Curran, Zavier Gleadell-Smith",BMET City of Birmingham Rockets EABL,"George Angoy, Jude Hyland, Larry Duru, Philip Basioudis, Simba Chikukwa",1,53,0.9,2.2,2,1,2,50,0,0,0,0,0,0,0,1,1,1,0,0,0,0,1,0,2,0,0,1,0,1,1,100,0,1,1,0,0,0,0,1,2.0,2.4,100,41,59,41,100,-59,1,0,0,0,0,0,0,0,0,0,0,0,0,0,0,0,0,0,0,0,0,0,0,0,0,0,0,0,0,0,0,0,0
HHS Reading Rockets EABL,"Ethan Harrington, James Waterhouse, Lazure Francis, Malachi Hassan-Taylor, Matthew Daines",Itchen College EABL,"Benjamin Cope, Elijah Lotriet, Ethan Round, Jakub Ofman, Mason Yeates",1,37,0.6,2.2,0,0,0,0,0,0,0,0,0,0,0,1,1,0,0,0,2,2,4,1,1,100,0,0,0,2,3,66.7,0,0,0,1,2,0,0,0,2.0,2.3,0,172.4,-172.4,172.4,0,172.4,-4,0,0,0,0,0,0,0,0,0,0,0,0,0,0,0,0,0,0,0,0,0,0,0,0,0,0,0,0,0,0,0,0
HHS Reading Rockets EABL,"Aydan Moloney, Can Okumus, James Waterhouse, Lazure Francis, Matthew Daines",Itchen College EABL,"Benjamin Cope, Dawid Cimochowski, Ethan Round, Jakub Ofman, Thomas Blower",1,33,0.6,2.2,4,1,1,100,1,1,100,1,2,50,0,0,0,2,0,0,0,1,5,2,2,100,0,0,0,1,1,100,0,1,1,0,0,0,0,0,1.9,2.4,212.8,204.9,7.8,204.9,212.8,-7.8,-1,0,0,0,0,0,0,0,0,0,0,0,0,0,0,0,0,0,0,0,0,0,0,0,0,0,0,0,0,0,0,0,0
HHS Reading Rockets EABL,"Aydan Moloney, Can Okumus, James Waterhouse, Joseph Mackinnon, Matthew Daines",Itchen College EABL,"George Andrews, Marley Edwards, Mason Yeates, Reuel Matthias, Thomas Blower",1,50,0.8,2.2,0,0,1,0,0,0,0,0,0,0,0,1,1,0,0,0,1,0,1,0,1,0,0,0,0,1,1,100,0,1,1,0,0,0,1,0,2.0,2.4,0,41,-41,41,0,41,-1,0,0,0,0,0,0,0,0,0,0,0,0,0,0,0,0,0,0,0,0,0,0,0,0,0,0,0,0,0,0,0,0
Myerscough College EABL,"Cesar Sanchez Falette, Harry Sheehan, Jakub Bobkowski, Sayomi Latidan, Zach Trezvant",Barking Abbey EABL,"Amari Maitland, Joshua Mendes, Kervy Mabaya, Oskaras Visockas, Raphael Connolly",1,56,0.9,2.2,2,0,1,0,0,0,0,2,2,100,0,1,1,1,0,0,0,1,3,1,2,50,0,1,0,1,1,100,0,1,1,1,0,0,0,1,1.9,2.4,106.4,123,-16.6,123,106.4,16.6,-1,0,0,0,0,0,0,0,0,0,0,0,0,0,0,0,0,0,0,0,0,0,0,0,0,0,0,0,0,0,0,0,0
City of London Academy - Southwark EABL,"Andrew Nwokolo, Jacob Hannick, Louis Thompson, Rafi Testfay, Toby Gass",Derby College Trailblazers EABL,"Casey Burr, George Pastor, Jarom Howlett, Julian Lemanski, William Tallon",1,40,0.7,2.2,0,0,2,0,0,0,0,0,1,0,0,1,1,0,1,0,0,1,0,0,2,0,0,2,0,0,0,0,1,3,4,0,0,1,1,0,2.4,1.9,0,0,0,0,0,0,0,0,0,0,0,0,0,0,0,0,0,0,0,0,0,0,0,0,0,0,0,0,0,0,0,0,0,0,0,0,0,0,0
Manchester Magic Academy EABL,"Abraham Isiorho, Jack Odongo, Jack Walton, Lewis Clayton, Oluwademilade Babalola",Oaklands Wolves EABL,"Daniel Kostadinov, Enzo Da Cruz Fatuda, Gavin Mitchell, Huxley Morrell, Stanley Mills",1,76,1.3,2.2,5,2,4,50,0,0,0,1,1,100,2,0,2,0,0,0,0,0,3,1,1,100,1,1,100,0,0,0,0,0,0,1,0,0,1,1,2.3,2.0,217.4,150,67.4,150,217.4,-67.4,2,0,0,0,0,0,0,0,0,0,0,0,0,0,0,0,0,0,0,0,0,0,0,0,0,0,0,0,0,0,0,0,0
HHS Reading Rockets EABL,"Can Okumus, Ethan Harrington, Luca Bakary, Malachi Hassan-Taylor, Matthew Daines",SGS College EABL,"Dylan Lloyd, Imam Toure, Luka Matthews, Marcos Perez Tosca, Zion Lawson",1,62,1.0,2.2,4,1,3,33.3,1,2,50,1,1,100,1,1,2,1,0,0,0,0,3,1,2,50,1,2,50,0,0,0,0,1,1,1,0,1,0,0,2.4,2.0,168.8,150,18.8,150,168.8,-18.8,1,0,0,0,0,0,0,0,0,0,0,0,0,0,0,0,0,0,0,0,0,0,0,0,0,0,0,0,0,0,0,0,0
City of London Academy - Southwark EABL,"Andrew Nwokolo, Daniel Banjoko, Jacob Hannick, Louis Thompson, Toby Gass",Myerscough College EABL,"Ayo Ibirinde, Jakub Bobkowski, Olivier Esingle, Salomi Latidan, Sayomi Latidan",1,38,0.6,2.2,2,0,0,0,0,0,0,2,3,66.7,0,1,1,0,0,0,1,0,0,0,1,0,0,0,0,0,0,0,0,0,0,0,1,0,1,1,2.3,2.0,86.2,0,86.2,0,86.2,-86.2,2,0,0,0,0,0,0,0,0,0,0,0,0,0,0,0,0,0,0,0,0,0,0,0,0,0,0,0,0,0,0,0,0
Barking Abbey EABL,"Alaxanda Nwabueze, Francesco Cole, Harry Egbayelo, Malik Matser, Munyaradzi Myamutenha",HHS Reading Rockets EABL,"Can Okumus, Lazure Franicis, Luca Bakary, Malachi Hassan-Taylor, Saun Ejiofor",1,76,1.3,2.1,0,0,2,0,0,0,0,0,0,0,1,0,1,0,0,0,1,3,5,1,1,100,1,1,100,2,3,66.7,0,1,1,0,0,0,0,0,1.9,2.3,0,215.5,-215.5,215.5,0,215.5,-5,0,0,0,0,0,0,0,0,0,0,0,0,0,0,0,0,0,0,0,0,0,0,0,0,0,0,0,0,0,0,0,0
BMET City of Birmingham Rockets EABL,"George Angoy, Issac Gisbourne, Jude Hyland, Larry Duru, Philip Basioudis",SGS College EABL,"Dylan Lloyd, Kayden Richards, Marcos Perez Tosca, Marcos Pospori, Shaquan Nelson",1,70,1.2,2.1,3,1,3,33.3,0,0,0,1,1,100,2,1,3,0,0,0,1,1,4,1,1,100,1,1,100,1,2,50,0,0,0,1,0,0,0,1,2.3,1.9,130.4,212.8,-82.3,212.8,130.4,82.3,-1,0,0,0,0,0,0,0,0,0,0,0,0,0,0,0,0,0,0,0,0,0,0,0,0,0,0,0,0,0,0,0,0
Myerscough College EABL,"Cesar Sanchez Falette, Harry Sheehan, Olivier Esingle, Salomi Latidan, Zach Trezvant",BMET City of Birmingham Rockets EABL,"Daniel Pittaway, Jesse Ogbeide, Jonathan Agbeze, Larry Duru, Philip Basioudis",1,60,1.0,2.1,0,0,2,0,0,0,0,0,0,0,0,0,0,0,0,0,0,1,2,1,3,33.3,0,1,0,0,1,0,3,2,5,1,0,0,1,0,2.0,2.3,0,87,-87,87,0,87,-2,0,0,0,0,0,0,0,0,0,0,0,0,0,0,0,0,0,0,0,0,0,0,0,0,0,0,0,0,0,0,0,0
Oaklands Wolves EABL,"Daniel Kostadinov, Dylan Gladstone, Ethan Ryan, Huxley Morrell, Tristan Mcintosh",Copleston High School EABL,"Callum Fobister, Elijah Tamakloe, Isaac Little, Matthew Liddamore, Noah Wilkinson",1,48,0.8,2.1,5,2,3,66.7,1,1,100,0,0,0,1,1,2,1,0,0,0,1,3,0,1,0,0,0,0,3,3,100,0,0,0,0,0,0,0,0,1.9,2.3,259.1,129.3,129.8,129.3,259.1,-129.8,2,0,0,0,0,0,0,0,0,0,0,0,0,0,0,0,0,0,0,0,0,0,0,0,0,0,0,0,0,0,0,0,0
Manchester Magic Academy EABL,"Abraham Sagay Isiorho, David Allotey, Harley Blake, Jack Odongo, Oluwademilade Babalola",Myerscough College EABL,"Ayo Ibirinde, Cesar Sanchez Falette, Harry Sheehan, Olivier Esingle, Sayomi Latidan",1,56,0.9,2.1,1,0,3,0,0,2,0,1,2,50,2,0,2,1,1,0,0,0,0,0,0,0,0,0,0,0,0,0,0,2,2,0,0,0,2,1,2.3,2.0,44,0,44,0,44,-44,1,0,0,0,0,0,0,0,0,0,0,0,0,0,0,0,0,0,0,0,0,0,0,0,0,0,0,0,0,0,0,0,0
Manchester Magic Academy EABL,"Abraham Sagay Isiorho, Nathan Brown, Oluwademilade Babalola, Samy Sidi-Boumedine, Tom Richardson",Myerscough College EABL,"Ayo Ibirinde, Fin Morgan, Harry Sheehan, Jakub Bobkowski, Salomi Latidan",1,69,1.1,2.1,2,0,3,0,0,2,0,2,2,100,1,0,1,0,0,0,0,0,3,1,2,50,1,1,100,0,0,0,0,1,1,1,0,1,0,0,2.3,2.0,87.9,150,-62.1,150,87.9,62.1,-1,0,0,0,0,0,0,0,0,0,0,0,0,0,0,0,0,0,0,0,0,0,0,0,0,0,0,0,0,0,0,0,0
Manchester Magic Academy EABL,"Abraham Sagay Isiorho, Harley Blake, Jack Odongo, Nathan Brown, Oluwademilade Babalola",Myerscough College EABL,"Ayo Ibirinde, Fin Morgan, Harry Sheehan, Jakub Bobkowski, Salomi Latidan",1,93,1.6,2.1,2,1,1,100,0,0,0,0,0,0,0,1,1,1,0,0,1,1,2,0,3,0,0,1,0,2,2,100,1,0,1,0,1,0,0,0,2.0,2.3,100,87.9,12.1,87.9,100,-12.1,0,0,0,0,0,0,0,0,0,0,0,0,0,0,0,0,0,0,0,0,0,0,0,0,0,0,0,0,0,0,0,0,0
SGS College EABL,"Abubakar Odowa, Dylan Lloyd, Kevin Ramirez Mora, Shaquan Nelson, Zion Lawson",Charnwood College Riders EABL,"Asa Oyerinde, Pharrell Kattah, Stanley Morris, Tom Pearson, Tristan Curran",1,81,1.4,2.1,2,0,2,0,0,0,0,2,2,100,1,0,1,0,1,0,0,0,3,1,1,100,0,0,0,1,1,100,0,1,1,1,0,0,1,1,1.8,2.4,110.5,123,-12.5,123,110.5,12.5,-1,0,0,0,0,0,0,0,0,0,0,0,0,0,0,0,0,0,0,0,0,0,0,0,0,0,0,0,0,0,0,0,0
Barking Abbey EABL,"Alexanda Nwabueze, Francesco Cole, Harry Egbayelo, Kervy Mabaya, Kimbe N'gabala",Copleston High School EABL,"Isaac Carty-Peters, Isaac Little, Matthew Liddamore, Oliver Drane, Timothy Rafiu",1,46,0.8,2.1,2,1,2,50,0,0,0,0,1,0,0,0,0,0,0,0,0,1,2,1,3,33.3,0,0,0,0,0,0,2,2,4,0,0,0,1,1,2.4,1.9,82,107.5,-25.6,107.5,82,25.6,0,0,0,0,0,0,0,0,0,0,0,0,0,0,0,0,0,0,0,0,0,0,0,0,0,0,0,0,0,0,0,0,0
Barking Abbey EABL,"Alexanda Nwabueze, Amari Maitland, Joshua Mendes, Oskaras Visockas, Raphael Connolly",Itchen College EABL,"Elijah Lotriet, Ethan Round, Marley Edwards, Mason Yeates, Richard Radu",1,55,0.9,2.1,5,2,2,100,1,1,100,0,0,0,0,0,0,0,0,0,0,1,5,0,0,0,0,0,0,5,5,100,0,0,0,0,0,0,0,0,2.0,2.2,250,227.3,22.7,227.3,250,-22.7,0,0,0,0,0,0,0,0,0,0,0,0,0,0,0,0,0,0,0,0,0,0,0,0,0,0,0,0,0,0,0,0,0
Oaklands Wolves EABL,"Daniel Kostadinov, Dylan Gladstone, Enzo Da Cruz Fatuda, Gavin Mitchell, Tristan Mcintosh",City of London Academy - Southwark EABL,"Andrew Nwokolo, Bilal Olowoshile, Daniel Banjoko, Jacob Hannick, Ruben Cryer",1,71,1.2,2.1,1,0,3,0,0,1,0,1,2,50,1,1,2,0,0,0,0,0,2,1,2,50,0,1,0,0,0,0,0,1,1,0,0,0,0,1,2.3,2.0,44,100,-56,100,44,56,-1,0,0,0,0,0,0,0,0,0,0,0,0,0,0,0,0,0,0,0,0,0,0,0,0,0,0,0,0,0,0,0,0
Barking Abbey EABL,"Francesco Cole, Kervy Mabaya, Micael Filho, Oskaras Visockas, Raphael Connolly",Oaklands Wolves EABL,"Daniel Kostadinov, Dylan Gladstone, Enzo Da Cruz Fatuda, Huxley Morrell, Liam Mcintosh",1,68,1.1,2.1,5,2,2,100,0,0,0,1,1,100,0,0,0,1,0,0,0,0,4,1,3,33.3,0,1,0,2,2,100,1,0,1,0,0,0,0,1,2.4,1.7,204.9,229.9,-25,229.9,204.9,25,1,0,0,0,0,0,0,0,0,0,0,0,0,0,0,0,0,0,0,0,0,0,0,0,0,0,0,0,0,0,0,0,0
Itchen College EABL,"Benjamin Cope, Dawid Cimochowski, Elijah Lotriet, Ethan Round, Jakub Ofman",Charnwood College Riders EABL,"James Hardy, Pharrell Kattah, Tom Pearson, Tristan Curran, Zavier Gleadell-Smith",1,66,1.1,2.1,5,2,3,66.7,1,2,50,0,0,0,1,1,2,2,0,0,0,1,3,1,1,100,0,0,0,1,3,33.3,0,0,0,0,0,0,0,0,1.9,2.3,259.1,129.3,129.8,129.3,259.1,-129.8,2,0,0,0,0,0,0,0,0,0,0,0,0,0,0,0,0,0,0,0,0,0,0,0,0,0,0,0,0,0,0,0,0
City of London Academy - Southwark EABL,"Bilal Olowoshile, Jacob Hannick, Louis Thompson, Rafi Testfay, Sharmake Shirwac",Derby College Trailblazers EABL,"Casey Burr, George Pastor, Jarom Howlett, Julian Lemanski, Liyo Ngomti",1,108,1.8,2.1,5,2,4,50,0,1,0,1,1,100,2,0,2,0,0,0,0,1,5,2,3,66.7,1,1,100,0,0,0,1,0,1,2,0,0,0,1,2.3,1.9,217.4,259.1,-41.7,259.1,217.4,41.7,0,0,0,0,0,0,0,0,0,0,0,0,0,0,0,0,0,0,0,0,0,0,0,0,0,0,0,0,0,0,0,0,0
BMET City of Birmingham Rockets EABL,"George Angoy, Guridat Singh, Jaheim Kesto, Jude Hyland, Larry Duru",Derby College Trailblazers EABL,"Casey Burr, Elias Rice, Jarom Howlett, Matheo Smith-Fjordland, William Tallon",1,62,1.0,2.0,2,1,2,50,0,1,0,0,0,0,0,0,0,0,0,0,0,0,3,1,2,50,1,2,50,0,0,0,0,1,1,1,0,0,0,1,2.0,2.0,100,150,-50,150,100,50,-1,0,0,0,0,0,0,0,0,0,0,0,0,0,0,0,0,0,0,0,0,0,0,0,0,0,0,0,0,0,0,0,0
BMET City of Birmingham Rockets EABL,"George Angoy, Guridat Singh, Jude Hyland, Larry Duru, Philip Basioudis",Derby College Trailblazers EABL,"Elias Norman, Elias Rice, Liyo Ngomti, Matheo Smith-Fjordland, William Tallon",1,59,1.0,2.0,0,0,1,0,0,0,0,0,0,0,0,0,0,0,0,0,1,0,4,2,2,100,0,0,0,0,0,0,0,1,1,1,0,0,0,0,2.0,2.0,0,200,-200,200,0,200,-4,0,0,0,0,0,0,0,0,0,0,0,0,0,0,0,0,0,0,0,0,0,0,0,0,0,0,0,0,0,0,0,0
BMET City of Birmingham Rockets EABL,"Billy Rose, George Angoy, Jesse Ogbeide, Jude Hyland, Larry Duru",Derby College Trailblazers EABL,"Casey Burr, Elias Norman, Karim Zidonis, Matheo Smith-Fjordland, Oskar Krysa",1,54,0.9,2.0,4,2,2,100,0,0,0,0,0,0,0,1,1,1,1,0,0,0,0,0,1,0,0,1,0,0,0,0,0,0,0,0,0,0,1,0,2.0,2.0,200,0,200,0,200,-200,4,0,0,0,0,0,0,0,0,0,0,0,0,0,0,0,0,0,0,0,0,0,0,0,0,0,0,0,0,0,0,0,0
Manchester Magic Academy EABL,"David Allotey, Jack Odongo, Jack Walton, Nathan Brown, Tarique Kamal Kazmi",Charnwood College Riders EABL,"Davincy Stephens, Luca Boothe, Rudy Buckingham, Tom Pearson, Tristan Curran",1,55,0.9,2.0,3,1,2,50,1,2,50,0,0,0,0,1,1,1,0,0,0,0,0,0,1,0,0,0,0,0,0,0,0,1,1,0,0,0,1,0,2.0,2.0,150,0,150,0,150,-150,3,0,0,0,0,0,0,0,0,0,0,0,0,0,0,0,0,0,0,0,0,0,0,0,0,0,0,0,0,0,0,0,0
Manchester Magic Academy EABL,"Harley Blake, Jack Odongo, Jack Walton, Nathan Brown, Tiego Weekes",Charnwood College Riders EABL,"Asa Oyerinde, Davin Hanousek, Davincy Stephens, Luca Boothe, Tristan Curran",1,55,0.9,2.0,2,1,2,50,0,0,0,0,0,0,0,0,0,1,1,0,0,1,0,0,0,0,0,0,0,0,0,0,0,1,1,0,0,0,2,0,2.0,2.0,100,0,100,0,100,-100,2,0,0,0,0,0,0,0,0,0,0,0,0,0,0,0,0,0,0,0,0,0,0,0,0,0,0,0,0,0,0,0,0
SGS College EABL,"Abubakar Odowa, Imam Toure, Marcos Perez Tosca, Marcos Pospori, Martin Alburo",Myerscough College EABL,"Harry Sheehan, Jakub Bobkowski, Olivier Esingle, Salomi Latidan, Zach Trezvant",1,89,1.5,2.0,3,1,2,50,1,2,50,0,0,0,0,1,1,0,0,0,0,0,0,0,2,0,0,1,0,0,0,0,1,1,2,0,0,0,1,0,2.0,1.9,150,0,150,0,150,-150,3,0,0,0,0,0,0,0,0,0,0,0,0,0,0,0,0,0,0,0,0,0,0,0,0,0,0,0,0,0,0,0,0
Barking Abbey EABL,"Amari Maitland, Folarin Oguntuase, Joshua Mendes, Kervy Mabaya, Micael Filho",HHS Reading Rockets EABL,"Ethan Harrington, James Waterhouse, Lazure Franicis, Matthew Daines, Nicholas Dent",1,54,0.9,2.0,2,1,1,100,0,0,0,0,0,0,0,0,0,1,1,0,1,1,2,1,1,100,0,0,0,0,0,0,0,0,0,1,0,0,1,0,2.0,2.0,100,100,0,100,100,0,0,0,0,0,0,0,0,0,0,0,0,0,0,0,0,0,0,0,0,0,0,0,0,0,0,0,0,0,0,0,0,0,0
Barking Abbey EABL,"Amari Maitland, Folarin Oguntuase, Joshua Mendes, Kervy Mabaya, Micael Filho",HHS Reading Rockets EABL,"Ethan Harrington, James Waterhouse, Malachi Hassan-Taylor, Matthew Daines, Nicholas Dent",1,54,0.9,2.0,0,0,1,0,0,0,0,0,0,0,0,1,1,0,0,0,1,0,2,1,3,33.3,0,0,0,0,0,0,1,1,2,0,0,0,0,0,2.0,1.9,0,103.6,-103.6,103.6,0,103.6,-2,0,0,0,0,0,0,0,0,0,0,0,0,0,0,0,0,0,0,0,0,0,0,0,0,0,0,0,0,0,0,0,0
Barking Abbey EABL,"Francesco Cole, Joshua Mendes, Micael Filho, Munyaradzi Myamutenha, Raphael Connolly",HHS Reading Rockets EABL,"Can Okumus, Ethan Harrington, Joseph Mackinnon, Lazure Franicis, Luca Bakary",1,42,0.7,2.0,2,1,2,50,0,0,0,0,0,0,0,0,0,1,1,0,0,0,2,1,1,100,0,0,0,0,0,0,0,1,1,0,0,0,1,0,2.0,2.0,100,100,0,100,100,0,0,0,0,0,0,0,0,0,0,0,0,0,0,0,0,0,0,0,0,0,0,0,0,0,0,0,0,0,0,0,0,0,0
Barking Abbey EABL,"Alaxanda Nwabueze, Francesco Cole, Harry Egbayelo, Malik Matser, Munyaradzi Myamutenha",HHS Reading Rockets EABL,"Lazure Franicis, Luca Bakary, Malachi Hassan-Taylor, Matthew Daines, Saun Ejiofor",1,26,0.4,2.0,0,0,2,0,0,1,0,0,0,0,0,2,2,0,0,0,0,1,0,0,2,0,0,1,0,0,0,0,0,1,1,0,0,0,0,0,2.0,2.0,0,0,0,0,0,0,0,0,0,0,0,0,0,0,0,0,0,0,0,0,0,0,0,0,0,0,0,0,0,0,0,0,0,0,0,0,0,0,0
City of London Academy - Southwark EABL,"Bilal Olowoshile, Daniel Banjoko, David Banjoko, Jacob Hannick, Toby Gass",Itchen College EABL,"Alvin Ben-Uloko, Benjamin Cope, Elijah Lotriet, Ethan Round, Javen Osei-Owusu",1,51,0.8,2.0,4,2,2,100,0,0,0,0,0,0,0,2,2,2,0,0,0,0,0,0,2,0,0,2,0,0,0,0,0,0,0,0,0,0,0,1,2.0,2.0,200,0,200,0,200,-200,4,0,0,0,0,0,0,0,0,0,0,0,0,0,0,0,0,0,0,0,0,0,0,0,0,0,0,0,0,0,0,0,0
City of London Academy - Southwark EABL,"Andrew Nwokolo, Daniel Banjoko, David Banjoko, Jacob Hannick, Toby Gass",Itchen College EABL,"Benjamin Cope, Ethan Round, Javen Osei-Owusu, Mason Yeates, Thomas Blower",1,71,1.2,2.0,0,0,3,0,0,1,0,0,0,0,1,1,2,0,0,0,0,0,2,1,2,50,0,0,0,0,0,0,0,2,2,1,0,0,0,0,1.9,2.0,0,100,-100,100,0,100,-2,0,0,0,0,0,0,0,0,0,0,0,0,0,0,0,0,0,0,0,0,0,0,0,0,0,0,0,0,0,0,0,0
City of London Academy - Southwark EABL,"Andrew Nwokolo, Daniel Banjoko, David Banjoko, Jacob Hannick, Toby Gass",Itchen College EABL,"Dawid Cimochowski, Elijah Lotriet, Ethan Round, Javen Osei-Owusu, Thomas Blower",1,27,0.5,2.0,0,0,0,0,0,0,0,0,0,0,0,0,0,0,1,0,2,0,0,0,0,0,0,0,0,0,0,0,0,0,0,0,1,0,2,0,2.0,2.0,0,0,0,0,0,0,0,0,0,0,0,0,0,0,0,0,0,0,0,0,0,0,0,0,0,0,0,0,0,0,0,0,0,0,0,0,0,0,0
BMET City of Birmingham Rockets EABL,"George Angoy, Issac Gisbourne, Jude Hyland, Larry Duru, Philip Basioudis",SGS College EABL,"Imam Toure, Kevin Ramirez Mora, Marcos Perez Tosca, Marcos Pospori, Martin Alburo",1,62,1.0,2.0,0,0,2,0,0,1,0,0,0,0,0,1,1,0,0,0,0,0,0,0,1,0,0,0,0,0,0,0,0,2,2,0,0,0,1,0,2.0,2.0,0,0,0,0,0,0,0,0,0,0,0,0,0,0,0,0,0,0,0,0,0,0,0,0,0,0,0,0,0,0,0,0,0,0,0,0,0,0,0
BMET City of Birmingham Rockets EABL,"Abdou Camara, George Angoy, J. Agbeze, Jude Hyland, Patrick Walsh",SGS College EABL,"Abubakar Odowa, Dylan Lloyd, Kayden Richards, Marcos Pospori, Martin Alburo",1,30,0.5,2.0,0,0,0,0,0,0,0,0,0,0,0,1,1,0,0,0,2,0,0,0,1,0,0,0,0,0,0,0,0,0,0,0,2,0,1,0,2.0,2.0,0,0,0,0,0,0,0,0,0,0,0,0,0,0,0,0,0,0,0,0,0,0,0,0,0,0,0,0,0,0,0,0,0,0,0,0,0,0,0
BMET City of Birmingham Rockets EABL,"George Angoy, Issac Gisbourne, J. Agbeze, Larry Duru, Philip Basioudis",SGS College EABL,"Dylan Lloyd, Imam Toure, Kevin Ramirez Mora, Martin Alburo, Shaquan Nelson",1,67,1.1,2.0,5,2,2,100,1,1,100,0,0,0,0,1,1,1,0,0,0,0,0,0,1,0,0,0,0,0,0,0,0,0,0,0,0,0,1,0,2.0,2.0,250,0,250,0,250,-250,5,0,0,0,0,0,0,0,0,0,0,0,0,0,0,0,0,0,0,0,0,0,0,0,0,0,0,0,0,0,0,0,0
Itchen College EABL,"Elijah Lotriet, George Andrews, Javen Osei-Owusu, Marley Edwards, Richard Radu",Copleston High School EABL,"Angus Hickey, Callum Fobister, Isaac Little, Jaziah Mussington, Mason Wells",1,45,0.8,2.0,2,1,1,100,0,0,0,0,0,0,0,1,1,1,1,0,1,0,0,0,1,0,0,1,0,0,0,0,0,0,0,0,1,0,1,0,2.0,2.0,100,0,100,0,100,-100,2,0,0,0,0,0,0,0,0,0,0,0,0,0,0,0,0,0,0,0,0,0,0,0,0,0,0,0,0,0,0,0,0
Itchen College EABL,"Elijah Lotriet, Ethan Round, George Andrews, Jakub Ofman, Leo Diala-Bevan",Copleston High School EABL,"Angus Hickey, Callum Fobister, Isaac Little, Matthew Liddamore, Noah Wilkinson",1,80,1.3,2.0,4,2,2,100,0,0,0,0,0,0,0,1,1,1,0,0,0,0,2,1,2,50,0,0,0,0,0,0,0,0,0,0,0,0,0,0,2.0,2.0,200,100,100,100,200,-100,2,0,0,0,0,0,0,0,0,0,0,0,0,0,0,0,0,0,0,0,0,0,0,0,0,0,0,0,0,0,0,0,0
Myerscough College EABL,"Fin Morgan, Nate Byfield, Olivier Esingle, Sayomi Latidan, Zach Trezvant",Manchester Magic Academy EABL,"David Allotey, Harley Blake, Jack Walton, Oluwademilade Babalola, Samy Sidi-Boumedine",1,79,1.3,2.0,4,2,2,100,0,0,0,0,0,0,0,0,0,2,2,0,0,1,0,0,0,0,0,0,0,0,0,0,0,0,0,0,0,0,2,0,2.0,2.0,200,0,200,0,200,-200,4,0,0,0,0,0,0,0,0,0,0,0,0,0,0,0,0,0,0,0,0,0,0,0,0,0,0,0,0,0,0,0,0
Myerscough College EABL,"Ayo Ibirinde, Cesar Sanchez Falette, Harry Sheehan, Olivier Esingle, Sayomi Latidan",Manchester Magic Academy EABL,"Abraham Sagay Isiorho, Harley Blake, Jack Walton, Oluwademilade Babalola, Samy Sidi-Boumedine",1,41,0.7,2.0,0,0,1,0,0,1,0,0,0,0,0,0,0,0,0,0,1,0,4,2,2,100,0,0,0,0,0,0,0,1,1,0,1,0,0,0,2.0,2.0,0,200,-200,200,0,200,-4,0,0,0,0,0,0,0,0,0,0,0,0,0,0,0,0,0,0,0,0,0,0,0,0,0,0,0,0,0,0,0,0
City of London Academy - Southwark EABL,"Daniel Banjoko, Louis Thompson, Rafi Testfay, Ruben Cryer, Toby Gass",Barking Abbey EABL,"Folarin Oguntuase, Joshua Mendes, Kervy Mabaya, Micael Filho, Solomon Dobson Smith",1,97,1.6,2.0,0,0,0,0,0,0,0,0,0,0,0,1,1,0,0,0,2,0,0,0,1,0,0,1,0,0,0,0,0,0,0,0,2,0,1,2,2.0,2.0,0,0,0,0,0,0,0,0,0,0,0,0,0,0,0,0,0,0,0,0,0,0,0,0,0,0,0,0,0,0,0,0,0,0,0,0,0,0,0
City of London Academy - Southwark EABL,"Andrew Nwokolo, Daniel Banjoko, David Banjoko, Rafi Testfay, Toby Gass",Barking Abbey EABL,"Amari Maitland, Folarin Oguntuase, Joshua Mendes, Micael Filho, Raphael Connolly",1,54,0.9,2.0,2,1,3,33.3,0,1,0,0,0,0,1,0,1,1,1,0,0,0,2,1,1,100,0,0,0,0,0,0,0,1,1,0,0,0,1,0,1.9,2.0,103.6,100,3.6,100,103.6,-3.6,0,0,0,0,0,0,0,0,0,0,0,0,0,0,0,0,0,0,0,0,0,0,0,0,0,0,0,0,0,0,0,0,0
Copleston High School EABL,"Angus Hickey, Elijah Tamakloe, Matthew Liddamore, Noah Wilkinson, Oliver Drane",Barking Abbey EABL,"Ethan Albrecht, Kervy Mabaya, Munyaradzi Myamutenha, Raphael Connolly, Solomon Dobson Smith",1,59,1.0,2.0,0,0,1,0,0,1,0,0,0,0,0,1,1,0,0,0,1,0,2,1,3,33.3,0,1,0,0,0,0,1,0,1,0,1,0,0,2,2.0,1.9,0,103.6,-103.6,103.6,0,103.6,-2,0,0,0,0,0,0,0,0,0,0,0,0,0,0,0,0,0,0,0,0,0,0,0,0,0,0,0,0,0,0,0,0
Copleston High School EABL,"Angus Hickey, Elijah Tamakloe, Matthew Liddamore, Noah Wilkinson, Oliver Drane",Barking Abbey EABL,"Joshua Mendes, Kimbe N'gabala, Micael Filho, Oskaras Visockas, Raphael Connolly",1,75,1.2,2.0,0,0,2,0,0,1,0,0,0,0,0,0,0,0,0,0,0,0,4,2,2,100,0,0,0,0,0,0,0,1,1,0,0,0,0,0,2.0,2.0,0,200,-200,200,0,200,-4,0,0,0,0,0,0,0,0,0,0,0,0,0,0,0,0,0,0,0,0,0,0,0,0,0,0,0,0,0,0,0,0
Charnwood College Riders EABL,"Luca Boothe, Pharrell Kattah, Tom Pearson, Tristan Curran, Zavier Gleadell-Smith",SGS College EABL,"Dylan Lloyd, Imam Toure, Kayden Richards, Luka Matthews, Marcos Perez Tosca",1,52,0.9,2.0,2,1,1,100,0,0,0,0,0,0,0,1,1,0,1,0,1,0,0,0,1,0,0,0,0,0,0,0,0,0,0,0,0,0,1,0,2.0,2.0,100,0,100,0,100,-100,2,0,0,0,0,0,0,0,0,0,0,0,0,0,0,0,0,0,0,0,0,0,0,0,0,0,0,0,0,0,0,0,0
Charnwood College Riders EABL,"Harrison Mcglone, Pharrell Kattah, Rudy Buckingham, Tom Pearson, Tristan Curran",SGS College EABL,"Dylan Lloyd, Kayden Richards, Kevin Ramirez Mora, Marcos Perez Tosca, Martin Alburo",1,25,0.4,2.0,0,0,1,0,0,1,0,0,0,0,1,0,1,0,1,0,1,0,4,2,2,100,0,0,0,0,0,0,0,0,0,1,1,0,1,0,0.9,3.0,0,133.3,-133.3,133.3,0,133.3,-4,0,0,0,0,0,0,0,0,0,0,0,0,0,0,0,0,0,0,0,0,0,0,0,0,0,0,0,0,0,0,0,0
Myerscough College EABL,"Ayo Ibirinde, Harry Sheehan, Jakub Bobkowski, Olivier Esingle, Sayomi Latidan",BMET City of Birmingham Rockets EABL,"Jonathan Agbeze, Jude Hyland, Larry Duru, Patrick Walsh, Philip Basioudis",1,66,1.1,2.0,3,1,2,50,1,2,50,0,0,0,0,0,0,1,1,0,0,1,2,1,1,100,0,0,0,0,0,0,0,1,1,0,0,0,1,0,2.0,2.0,150,100,50,100,150,-50,1,0,0,0,0,0,0,0,0,0,0,0,0,0,0,0,0,0,0,0,0,0,0,0,0,0,0,0,0,0,0,0,0
HHS Reading Rockets EABL,"Aydan Moloney, Ethan Harrington, Joseph Mackinnon, Matthew Daines, Saun Ejiofor",City of London Academy - Southwark EABL,"Andrew Nwokolo, Daniel Banjoko, David Banjoko, Rafi Testfay, Toby Gass",1,38,0.6,2.0,0,0,0,0,0,0,0,0,0,0,0,0,0,0,0,1,2,1,2,1,2,50,0,0,0,0,0,0,0,0,0,1,1,0,0,1,2.0,2.0,0,100,-100,100,0,100,-2,0,0,0,0,0,0,0,0,0,0,0,0,0,0,0,0,0,0,0,0,0,0,0,0,0,0,0,0,0,0,0,0
HHS Reading Rockets EABL,"James Waterhouse, Luca Bakary, Malachi Hassan-Taylor, Matthew Daines, Nicholas Dent",City of London Academy - Southwark EABL,"Andrew Nwokolo, Daniel Banjoko, David Banjoko, Ruben Cryer, Sharmake Shirwac",1,57,0.9,2.0,4,1,3,33.3,0,0,0,2,3,66.7,2,0,2,0,0,0,0,0,4,1,1,100,0,0,0,2,2,100,0,0,0,1,0,0,0,2,2.2,1.9,183.5,212.8,-29.3,212.8,183.5,29.3,0,0,0,0,0,0,0,0,0,0,0,0,0,0,0,0,0,0,0,0,0,0,0,0,0,0,0,0,0,0,0,0,0
HHS Reading Rockets EABL,"Can Okumus, Lazure Francis, Luca Bakary, Malachi Hassan-Taylor, Nicholas Dent",City of London Academy - Southwark EABL,"Bilal Olowoshile, Daniel Banjoko, David Banjoko, Ruben Cryer, Sharmake Shirwac",1,58,1.0,2.0,0,0,1,0,0,0,0,0,0,0,0,0,0,0,1,0,0,0,0,0,1,0,0,0,0,0,0,0,0,1,1,0,0,0,2,0,1.0,3.0,0,0,0,0,0,0,0,0,0,0,0,0,0,0,0,0,0,0,0,0,0,0,0,0,0,0,0,0,0,0,0,0,0,0,0,0,0,0,0
HHS Reading Rockets EABL,"Can Okumus, Lazure Francis, Luca Bakary, Malachi Hassan-Taylor, Nicholas Dent",City of London Academy - Southwark EABL,"Alex Morentin, Bilal Olowoshile, Daniel Ekwukoma, Ruben Cryer, Sharmake Shirwac",1,70,1.2,2.0,0,0,2,0,0,1,0,0,0,0,0,0,0,0,0,0,0,0,0,0,1,0,0,0,0,0,0,0,1,1,2,0,0,0,2,0,2.0,1.9,0,0,0,0,0,0,0,0,0,0,0,0,0,0,0,0,0,0,0,0,0,0,0,0,0,0,0,0,0,0,0,0,0,0,0,0,0,0,0
Oaklands Wolves EABL,"Ethan Ryan, Gavin Mitchell, Huxley Morrell, Liam Mcintosh, Tristan Mcintosh",Itchen College EABL,"Benjamin Cope, Ethan Round, Javen Osei-Owusu, Mason Yeates, Thomas Blower",1,62,1.0,2.0,3,1,2,50,1,1,100,0,0,0,0,2,2,1,0,0,0,0,0,0,3,0,0,0,0,0,0,0,1,1,2,0,0,0,0,1,2.0,1.9,150,0,150,0,150,-150,3,0,0,0,0,0,0,0,0,0,0,0,0,0,0,0,0,0,0,0,0,0,0,0,0,0,0,0,0,0,0,0,0
BMET City of Birmingham Rockets EABL,"Billy Rose, Guridat Singh, Larry Duru, Patrick Walsh, Philip Basioudis",Manchester Magic Academy EABL,"Harley Blake, Jack Walton, Lewis Clayton, Samy Sidi-Boumedine, Tarique Kamal Kazmi",1,33,0.6,2.0,0,0,0,0,0,0,0,0,0,0,0,1,1,0,1,0,2,0,0,0,1,0,0,0,0,0,0,0,0,0,0,0,1,0,1,0,2.0,2.0,0,0,0,0,0,0,0,0,0,0,0,0,0,0,0,0,0,0,0,0,0,0,0,0,0,0,0,0,0,0,0,0,0,0,0,0,0,0,0
Copleston High School EABL,"Elijah Tamakloe, Isaac Carty-Peters, Isaac Little, Matthew Liddamore, Timothy Rafiu",HHS Reading Rockets EABL,"Can Okumus, James Waterhouse, Joseph Mackinnon, Malachi Hassan-Taylor, Matthew Daines",1,31,0.5,2.0,0,0,2,0,0,1,0,0,0,0,0,1,1,0,0,0,1,1,0,0,1,0,0,0,0,0,0,0,0,1,1,0,1,1,0,0,3.0,1.0,0,0,0,0,0,0,0,0,0,0,0,0,0,0,0,0,0,0,0,0,0,0,0,0,0,0,0,0,0,0,0,0,0,0,0,0,0,0,0
Copleston High School EABL,"Angus Hickey, Isaac Carty-Peters, Isaac Little, Noah Wilkinson, Timothy Rafiu",HHS Reading Rockets EABL,"Aydan Moloney, Ethan Harrington, Luca Bakary, Matthew Daines, Saun Ejiofor",1,74,1.2,2.0,0,0,2,0,0,1,0,0,0,0,0,0,0,0,0,0,0,0,2,1,1,100,0,0,0,0,0,0,0,2,2,1,0,0,1,0,2.0,2.0,0,100,-100,100,0,100,-2,0,0,0,0,0,0,0,0,0,0,0,0,0,0,0,0,0,0,0,0,0,0,0,0,0,0,0,0,0,0,0,0
Copleston High School EABL,"Angus Hickey, Isaac Carty-Peters, Isaac Little, Noah Wilkinson, Timothy Rafiu",HHS Reading Rockets EABL,"Can Okumus, Ethan Harrington, Luca Bakary, Matthew Daines, Saun Ejiofor",1,57,0.9,2.0,2,1,1,100,0,0,0,0,0,0,0,0,0,0,0,0,1,0,4,2,2,100,0,0,0,0,0,0,0,0,0,0,0,0,0,0,2.0,2.0,100,200,-100,200,100,100,-2,0,0,0,0,0,0,0,0,0,0,0,0,0,0,0,0,0,0,0,0,0,0,0,0,0,0,0,0,0,0,0,0
Copleston High School EABL,"Isaac Carty-Peters, Isaac Little, Matthew Liddamore, Noah Wilkinson, Timothy Rafiu",HHS Reading Rockets EABL,"Can Okumus, Ethan Harrington, Joseph Mackinnon, Luca Bakary, Matthew Daines",1,54,0.9,2.0,0,0,4,0,0,3,0,0,0,0,2,1,3,0,1,0,1,1,1,0,0,0,0,0,0,1,2,50,0,1,1,0,0,0,1,0,2.1,1.9,0,53.2,-53.2,53.2,0,53.2,-1,0,0,0,0,0,0,0,0,0,0,0,0,0,0,0,0,0,0,0,0,0,0,0,0,0,0,0,0,0,0,0,0
Charnwood College Riders EABL,"Asa Oyerinde, Lewis Stevenson, Luca Boothe, Tristan Curran, Zavier Gleadell-Smith",Myerscough College EABL,"Blake Gordon, Jakub Bobkowski, Olivier Esingle, Sayomi Laditan, Zach Trezvant",1,34,0.6,2.0,5,2,2,100,1,1,100,0,0,0,0,1,1,2,1,0,0,0,0,0,1,0,0,0,0,0,0,0,0,0,0,0,0,0,1,0,2.0,2.0,250,0,250,0,250,-250,5,0,0,0,0,0,0,0,0,0,0,0,0,0,0,0,0,0,0,0,0,0,0,0,0,0,0,0,0,0,0,0,0
SGS College EABL,"Abubakar Odowa, Imam Toure, Luka Matthews, Marcos Pospori, Shaquan Nelson",Derby College Trailblazers EABL,"George Pastor, Jarom Howlett, Julian Lemanski, Matheo Smith-Fjordland, William Tallon",1,42,0.7,2.0,0,0,1,0,0,0,0,0,0,0,0,2,2,0,0,0,1,0,0,0,2,0,0,0,0,0,0,0,0,0,0,0,0,1,0,2,2.0,2.0,0,0,0,0,0,0,0,0,0,0,0,0,0,0,0,0,0,0,0,0,0,0,0,0,0,0,0,0,0,0,0,0,0,0,0,0,0,0,0
SGS College EABL,"Antoine Bennett, Imam Toure, Kevin Ramirez Mora, Marcos Perez Tosca, Martin Alburo",Derby College Trailblazers EABL,"Casey Burr, Elias Norman, Elias Rice, George Pastor, William Tallon",1,16,0.3,2.0,2,1,2,50,0,0,0,0,0,0,0,0,0,0,1,0,0,0,2,1,1,100,0,0,0,0,0,0,0,1,1,1,0,0,1,0,2.0,2.0,100,100,0,100,100,0,0,0,0,0,0,0,0,0,0,0,0,0,0,0,0,0,0,0,0,0,0,0,0,0,0,0,0,0,0,0,0,0,0
Derby College Trailblazers EABL,"Elias Norman, George Pastor, Jarom Howlett, Liyo Ngomti, William Tallon",Charnwood College Riders EABL,"Asa Oyerinde, Davin Hanousek, Davincy Stephens, Lewis Stevenson, Zavier Gleadell-Smith",1,58,1.0,2.0,5,2,2,100,1,1,100,0,0,0,0,2,2,2,0,0,0,0,0,0,2,0,0,1,0,0,0,0,0,0,0,0,0,0,0,1,2.0,2.0,250,0,250,0,250,-250,5,0,0,0,0,0,0,0,0,0,0,0,0,0,0,0,0,0,0,0,0,0,0,0,0,0,0,0,0,0,0,0,0
Derby College Trailblazers EABL,"Casey Burr, Elias Norman, Jarom Howlett, Rohan Hobday, William Tallon",Charnwood College Riders EABL,"Pharrell Kattah, Rudy Buckingham, Stanley Morris, Tom Pearson, Tristan Curran",1,26,0.4,2.0,0,0,1,0,0,0,0,0,0,0,1,1,2,0,0,0,1,0,3,1,2,50,1,2,50,0,0,0,0,0,0,1,1,0,1,0,0.9,3.0,0,100,-100,100,0,100,-3,0,0,0,0,0,0,0,0,0,0,0,0,0,0,0,0,0,0,0,0,0,0,0,0,0,0,0,0,0,0,0,0
Derby College Trailblazers EABL,"Casey Burr, Elias Norman, George Pastor, Jarom Howlett, William Tallon",Charnwood College Riders EABL,"Davincy Stephens, Lewis Stevenson, Tom Pearson, Tristan Curran, Zavier Gleadell-Smith",1,44,0.7,2.0,2,1,2,50,0,0,0,0,0,0,0,0,0,1,1,0,0,1,0,0,0,0,0,0,0,0,0,0,0,1,1,0,0,0,2,0,2.0,2.0,100,0,100,0,100,-100,2,0,0,0,0,0,0,0,0,0,0,0,0,0,0,0,0,0,0,0,0,0,0,0,0,0,0,0,0,0,0,0,0
Derby College Trailblazers EABL,"Casey Burr, Elias Norman, Elias Rice, Rohan Hobday, William Tallon",Charnwood College Riders EABL,"Davin Hanousek, Lewis Stevenson, Rudy Buckingham, Stanley Morris, Tom Pearson",1,104,1.7,2.0,0,0,1,0,0,0,0,0,0,0,0,0,0,0,0,0,1,0,3,1,2,50,1,2,50,0,0,0,0,0,0,1,0,0,0,0,2.0,2.0,0,150,-150,150,0,150,-3,0,0,0,0,0,0,0,0,0,0,0,0,0,0,0,0,0,0,0,0,0,0,0,0,0,0,0,0,0,0,0,0
BMET City of Birmingham Rockets EABL,"Billy Rose, Jonathan Agbeze, Larry Duru, Patrick Walsh, Philip Basioudis",Charnwood College Riders EABL,"Fahad Saeed, Luca Boothe, Pharrell Kattah, Tom Pearson, Tristan Curran",1,51,0.8,2.0,0,0,1,0,0,1,0,0,0,0,0,0,0,0,0,0,1,1,4,2,2,100,0,0,0,0,0,0,0,1,1,1,1,0,0,1,2.0,2.0,0,200,-200,200,0,200,-4,0,0,0,0,0,0,0,0,0,0,0,0,0,0,0,0,0,0,0,0,0,0,0,0,0,0,0,0,0,0,0,0
BMET City of Birmingham Rockets EABL,"George Angoy, Guridat Singh, Jonathan Agbeze, Jude Hyland, Larry Duru",Charnwood College Riders EABL,"Asa Oyerinde, Fahad Saeed, Pharrell Kattah, Tom Pearson, Tristan Curran",1,49,0.8,2.0,0,0,2,0,0,1,0,0,0,0,0,0,0,0,0,0,0,0,5,2,2,100,1,1,100,0,0,0,0,2,2,1,0,0,0,0,2.0,2.0,0,250,-250,250,0,250,-5,0,0,0,0,0,0,0,0,0,0,0,0,0,0,0,0,0,0,0,0,0,0,0,0,0,0,0,0,0,0,0,0
Itchen College EABL,"Elijah Lotriet, Ethan Round, Javen Osei-Owusu, Mason Yeates, Thomas Blower",HHS Reading Rockets EABL,"Ethan Harrington, James Waterhouse, Joseph Mackinnon, Lazure Franicis, Malachi Hassan-Taylor",1,72,1.2,2.0,2,1,1,100,0,0,0,0,0,0,0,1,1,0,1,0,1,0,0,0,2,0,0,1,0,0,0,0,1,0,1,0,1,0,1,1,2.0,1.9,100,0,100,0,100,-100,2,0,0,0,0,0,0,0,0,0,0,0,0,0,0,0,0,0,0,0,0,0,0,0,0,0,0,0,0,0,0,0,0
Itchen College EABL,"Benjamin Cope, Dawid Cimochowski, Ethan Round, Jakub Ofman, Thomas Blower",HHS Reading Rockets EABL,"Can Okumus, Ethan Harrington, Joseph Mackinnon, Luca Bakary, Malachi Hassan-Taylor",1,58,1.0,2.0,4,2,2,100,0,0,0,0,0,0,0,2,2,1,0,0,0,1,0,0,2,0,0,0,0,0,0,0,0,0,0,0,0,0,0,0,2.0,2.0,200,0,200,0,200,-200,4,0,0,0,0,0,0,0,0,0,0,0,0,0,0,0,0,0,0,0,0,0,0,0,0,0,0,0,0,0,0,0,0
Itchen College EABL,"Benjamin Cope, Elijah Lotriet, Ethan Round, Jakub Ofman, Marley Edwards",HHS Reading Rockets EABL,"Can Okumus, Ethan Harrington, James Waterhouse, Joseph Mackinnon, Lazure Franicis",1,105,1.8,2.0,7,3,3,100,1,1,100,0,0,0,0,1,1,2,0,0,0,1,0,0,1,0,0,0,0,0,0,0,0,0,0,0,0,0,0,0,3.0,1.0,233.3,0,233.3,0,233.3,-233.3,7,0,0,0,0,0,0,0,0,0,0,0,0,0,0,0,0,0,0,0,0,0,0,0,0,0,0,0,0,0,0,0,0
Derby College Trailblazers EABL,"Elias Norman, Elias Rice, George Pastor, Jarom Howlett, Kaleel Otaye, Matheo Smith-Fjordland",Myerscough College EABL,"Daniel Okhuoya, Layjuan Farrell, Olivier Esingle, Salomi Latidan, Zach Trezvant",1,61,1.0,2.0,0,0,1,0,0,0,0,0,0,0,0,0,0,0,0,0,1,0,4,2,3,66.7,0,1,0,0,0,0,1,1,2,2,1,0,0,0,2.0,1.9,0,207.3,-207.3,207.3,0,207.3,-4,0,0,0,0,0,0,0,0,0,0,0,0,0,0,0,0,0,0,0,0,0,0,0,0,0,0,0,0,0,0,0,0
Derby College Trailblazers EABL,"Casey Burr, Elias Norman, Elias Rice, Kaleel Otaye, William Tallon",Myerscough College EABL,"Cesar Sanchez Falette, Harry Sheehan, L. Roberts, Olivier Esingle, Zach Trezvant",1,53,0.9,2.0,0,0,1,0,0,0,0,0,0,0,0,0,0,0,1,0,1,0,3,1,2,50,1,2,50,0,0,0,1,1,2,1,1,0,1,1,2.0,1.9,0,155.4,-155.4,155.4,0,155.4,-3,0,0,0,0,0,0,0,0,0,0,0,0,0,0,0,0,0,0,0,0,0,0,0,0,0,0,0,0,0,0,0,0
Derby College Trailblazers EABL,"Casey Burr, Elias Norman, Kaleel Otaye, Matheo Smith-Fjordland, William Tallon",Myerscough College EABL,"Ayo Ibirinde, Cesar Sanchez Falette, L. Roberts, Layjuan Farrell, Nathaniel Byfield",1,54,0.9,2.0,0,0,3,0,0,1,0,0,0,0,1,0,1,0,1,0,0,0,2,1,1,100,0,0,0,0,0,0,0,2,2,1,0,0,1,0,1.9,2.0,0,100,-100,100,0,100,-2,0,0,0,0,0,0,0,0,0,0,0,0,0,0,0,0,0,0,0,0,0,0,0,0,0,0,0,0,0,0,0,0
Manchester Magic Academy EABL,"Abraham Sagay Isiorho, Harley Blake, Samy Sidi-Boumedine, Tiego Weekes, Tom Richardson",SGS College EABL,"Abubakar Odowa, Imam Toure, Kevin Ramirez Mora, Luka Matthews, Marcos Perez Tosca",1,31,0.5,2.0,0,0,3,0,0,2,0,0,0,0,1,0,1,0,1,0,0,1,2,1,1,100,0,0,0,0,0,0,0,2,2,1,0,0,1,0,1.9,2.0,0,100,-100,100,0,100,-2,0,0,0,0,0,0,0,0,0,0,0,0,0,0,0,0,0,0,0,0,0,0,0,0,0,0,0,0,0,0,0,0
Manchester Magic Academy EABL,"Abraham Sagay Isiorho, Jack Odongo, Jack Walton, Nathan Brown, Oluwademilade Babalola",SGS College EABL,"Dylan Lloyd, Imam Toure, Luka Matthews, Marcos Perez Tosca, Martin Alburo",1,68,1.1,2.0,2,1,2,50,0,1,0,0,0,0,0,0,0,1,0,0,0,0,0,0,1,0,0,0,0,0,0,0,0,1,1,0,0,0,1,0,2.0,2.0,100,0,100,0,100,-100,2,0,0,0,0,0,0,0,0,0,0,0,0,0,0,0,0,0,0,0,0,0,0,0,0,0,0,0,0,0,0,0,0
Oaklands Wolves EABL,"Daniel Kostadinov, Dylan Gladstone, Enzo Da Cruz Fatuda, Gavin Mitchell, Huxley Morrell",Barking Abbey EABL,"Alaxanda Nwabueze, Folarin Oguntuase, Joshua Mendes, Micael Filho, Raphael Connolly",1,89,1.5,2.0,2,1,2,50,0,1,0,0,0,0,0,1,1,1,1,0,0,0,0,0,2,0,0,2,0,0,0,0,1,0,1,0,0,0,1,1,2.0,1.9,100,0,100,0,100,-100,2,0,0,0,0,0,0,0,0,0,0,0,0,0,0,0,0,0,0,0,0,0,0,0,0,0,0,0,0,0,0,0,0
Oaklands Wolves EABL,"Daniel Kostadinov, Dylan Gladstone, Enzo Da Cruz Fatuda, Gavin Mitchell, Huxley Morrell",Barking Abbey EABL,"Amari Maitland, Folarin Oguntuase, Joshua Mendes, Kervy Mabaya, Raphael Connolly",1,52,0.9,2.0,3,1,2,50,1,2,50,0,1,0,1,0,1,1,0,0,0,0,0,0,0,0,0,0,0,0,0,0,0,1,1,0,0,0,2,0,1.9,2.0,157.5,0,157.5,0,157.5,-157.5,3,0,0,0,0,0,0,0,0,0,0,0,0,0,0,0,0,0,0,0,0,0,0,0,0,0,0,0,0,0,0,0,0
Copleston High School EABL,"Angus Hickey, Callum Fobister, Isaac Carty-Peters, Isaac Little, Noah Wilkinson",Oaklands Wolves EABL,"Blaine Thompson, Daniel Kostadinov, Enzo Da Cruz Fatuda, Gavin Mitchell, Liam Mcintosh",1,42,0.7,2.0,6,2,2,100,2,2,100,0,0,0,0,1,1,1,0,1,0,0,0,0,2,0,0,1,0,0,0,0,1,0,1,0,0,0,1,0,2.0,1.9,300,0,300,0,300,-300,6,0,0,0,0,0,0,0,0,0,0,0,0,0,0,0,0,0,0,0,0,0,0,0,0,0,0,0,0,0,0,0,0
Itchen College EABL,"Benjamin Cope, Dawid Cimochowski, Elijah Lotriet, Ethan Round, Javen Osei-Owusu",City of London Academy - Southwark EABL,"Andrew Nwokolo, David Banjoko, Rafi Testfay, Sharmake Shirwac, Toby Gass",1,92,1.5,2.0,2,1,2,50,0,0,0,0,0,0,1,1,2,0,0,0,1,1,2,1,2,50,0,0,0,0,0,0,0,0,0,0,1,0,0,0,1.9,2.0,103.6,100,3.6,100,103.6,-3.6,0,0,0,0,0,0,0,0,0,0,0,0,0,0,0,0,0,0,0,0,0,0,0,0,0,0,0,0,0,0,0,0,0
Itchen College EABL,"Dawid Cimochowski, Ethan Round, Marley Edwards, Richard Radu, Thomas Blower",City of London Academy - Southwark EABL,"Dante Patel, David Banjoko, Jaaron Mcpherson, Ruben Cryer, Toby Gass",1,84,1.4,2.0,0,0,2,0,0,0,0,0,0,0,0,1,1,0,0,0,0,0,2,1,2,50,0,0,0,0,0,0,0,1,1,0,0,0,0,0,2.0,2.0,0,100,-100,100,0,100,-2,0,0,0,0,0,0,0,0,0,0,0,0,0,0,0,0,0,0,0,0,0,0,0,0,0,0,0,0,0,0,0,0
Charnwood College Riders EABL,"Davin Hanousek, Fahad Saeed, Tom Pearson, Tristan Curran, Zavier Gleadell-Smith",Manchester Magic Academy EABL,"Abraham Sagay Isiorho, David Allotey, Nathan Brown, Oluwademilade Babalola, Tom Richardson",1,66,1.1,2.0,2,1,2,50,0,1,0,0,0,0,0,2,2,1,0,0,0,0,0,0,2,0,0,1,0,0,0,0,0,1,1,0,0,0,0,0,2.0,2.0,100,0,100,0,100,-100,2,0,0,0,0,0,0,0,0,0,0,0,0,0,0,0,0,0,0,0,0,0,0,0,0,0,0,0,0,0,0,0,0
Derby College Trailblazers EABL,"Elias Norman, George Pastor, Jarom Howlett, Liyo Ngomti, Rohan Hobday",BMET City of Birmingham Rockets EABL,"Daniel Pittaway, George Angoy, Jude Hyland, Larry Duru, Patrick Walsh",1,65,1.1,2.0,2,1,2,50,0,0,0,0,0,0,0,0,0,0,1,0,0,0,0,0,1,0,0,1,0,0,0,0,0,1,1,0,0,0,1,0,2.0,2.0,100,0,100,0,100,-100,2,0,0,0,0,0,0,0,0,0,0,0,0,0,0,0,0,0,0,0,0,0,0,0,0,0,0,0,0,0,0,0,0
Myerscough College EABL,"Harry Sheehan, Ivan Idemudia, Nathaniel Byfield, Sayomi Latidan, Sayomi Latidan",SGS College EABL,"Dylan Lloyd, Imam Toure, Kevin Ramirez Mora, Martin Alburo, Shaquan Nelson",1,60,1.0,2.0,2,1,1,100,0,0,0,0,0,0,0,0,0,1,1,0,1,1,2,1,1,100,0,0,0,0,0,0,0,0,0,1,1,0,1,0,2.0,2.0,100,100,0,100,100,0,0,0,0,0,0,0,0,0,0,0,0,0,0,0,0,0,0,0,0,0,0,0,0,0,0,0,0,0,0,0,0,0,0
Charnwood College Riders EABL,"Davin Hanousek, Lewis Stevenson, Luca Boothe, Okeri Hambira, Pharrell Kattah",Derby College Trailblazers EABL,"Elias Rice, George Pastor, Jarom Howlett, Liyo Ngomti, Rohan Hobday",1,48,0.8,2.0,0,0,1,0,0,0,0,0,0,0,0,1,1,0,0,0,1,0,2,1,2,50,0,1,0,0,0,0,0,1,1,1,0,0,0,0,2.0,2.0,0,100,-100,100,0,100,-2,0,0,0,0,0,0,0,0,0,0,0,0,0,0,0,0,0,0,0,0,0,0,0,0,0,0,0,0,0,0,0,0
Manchester Magic Academy EABL,"Harley Blake, Jack Odongo, Nathan Brown, Oluwademilade Babalola, Tarique Kamal Kazmi",Myerscough College EABL,"Cesar Sanchez Falette, Harry Sheehan, Olivier Esingle, Sayomi Latidan, Zach Trezvant",1,59,1.0,2.0,3,1,2,50,1,1,100,0,0,0,0,0,0,1,0,0,0,1,5,2,2,100,1,1,100,0,0,0,0,1,1,2,0,0,0,0,2.0,2.0,150,250,-100,250,150,100,-2,0,0,0,0,0,0,0,0,0,0,0,0,0,0,0,0,0,0,0,0,0,0,0,0,0,0,0,0,0,0,0,0
Manchester Magic Academy EABL,"David Allotey, Harley Blake, Jack Odongo, Oluwademilade Babalola, Tom Richardson",Myerscough College EABL,"Cesar Sanchez Falette, Harry Sheehan, Nathaniel Byfield, Salomi Latidan, Zach Trezvant",1,54,0.9,2.0,0,0,2,0,0,1,0,0,0,0,0,0,0,0,0,0,0,1,2,1,2,50,0,0,0,0,0,0,1,2,3,0,0,0,1,0,2.0,1.9,0,103.6,-103.6,103.6,0,103.6,-2,0,0,0,0,0,0,0,0,0,0,0,0,0,0,0,0,0,0,0,0,0,0,0,0,0,0,0,0,0,0,0,0
Manchester Magic Academy EABL,"Harley Blake, Jack Odongo, Jack Walton, Oluwademilade Babalola, Tarique Kamal Kazmi",Myerscough College EABL,"Cesar Sanchez Falette, Daniel Okhuoya, Harry Sheehan, Olivier Esingle, Sayomi Latidan",1,31,0.5,2.0,4,2,3,66.7,0,0,0,0,0,0,0,0,0,2,1,0,0,1,0,0,0,0,0,0,0,0,0,0,0,0,0,0,0,1,1,0,3.0,1.0,133.3,0,133.3,0,133.3,-133.3,4,0,0,0,0,0,0,0,0,0,0,0,0,0,0,0,0,0,0,0,0,0,0,0,0,0,0,0,0,0,0,0,0
SGS College EABL,"Abubakar Odowa, Kayden Richards, Luka Matthews, Marcos Perez Tosca, Martin Alburo",BMET City of Birmingham Rockets EABL,"Billy Rose, Daniel Pittaway, Issac Gisbourne, Larry Duru, Patrick Walsh",1,36,0.6,2.0,5,2,2,100,1,1,100,0,0,0,0,1,1,1,0,0,0,0,0,0,1,0,0,0,0,0,0,0,0,0,0,0,0,0,1,0,2.0,2.0,250,0,250,0,250,-250,5,0,0,0,0,0,0,0,0,0,0,0,0,0,0,0,0,0,0,0,0,0,0,0,0,0,0,0,0,0,0,0,0
Itchen College EABL,"Dawid Cimochowski, Elijah Lotriet, Ethan Round, Marley Edwards, Thomas Blower",Oaklands Wolves EABL,"Daniel Kostadinov, Dylan Gladstone, Enzo Da Cruz Fatuda, Gavin Mitchell, Liam Mcintosh",1,49,0.8,2.0,2,1,1,100,0,0,0,0,0,0,0,0,0,1,0,0,1,0,2,1,1,100,0,0,0,0,0,0,0,0,0,0,1,0,1,1,2.0,2.0,100,100,0,100,100,0,0,0,0,0,0,0,0,0,0,0,0,0,0,0,0,0,0,0,0,0,0,0,0,0,0,0,0,0,0,0,0,0,0
Derby College Trailblazers EABL,"Casey Burr, Julian Lemanski, L. Ngomti, Matheo Smith-Fjordland, William Tallon",Manchester Magic Academy EABL,"Abraham Sagay Isiorho, Jack Walton, Lewis Clayton, Samy Sidi-Boumedine, Tarique Kamal Kazmi",1,50,0.8,2.0,0,0,1,0,0,0,0,0,0,0,0,0,0,0,1,0,1,0,3,1,2,50,1,2,50,0,0,0,1,1,2,1,1,0,1,0,2.0,1.9,0,155.4,-155.4,155.4,0,155.4,-3,0,0,0,0,0,0,0,0,0,0,0,0,0,0,0,0,0,0,0,0,0,0,0,0,0,0,0,0,0,0,0,0
SGS College EABL,"Abubakar Odowa, Imam Toure, Luka Matthews, Shaquan Nelson, Zion Lawson",Charnwood College Riders EABL,"Andrew Young, Fahad Saeed, James Hardy, Lewis Stevenson, Okeri Hambira",1,23,0.4,2.0,0,0,1,0,0,0,0,0,0,0,0,1,1,0,0,0,1,0,2,1,2,50,0,0,0,0,0,0,0,1,1,1,1,0,0,1,2.0,2.0,0,100,-100,100,0,100,-2,0,0,0,0,0,0,0,0,0,0,0,0,0,0,0,0,0,0,0,0,0,0,0,0,0,0,0,0,0,0,0,0
Barking Abbey EABL,"Francesco Cole, Joshua Mendes, Malik Matser, Micael Filho, Raphael Connolly",Copleston High School EABL,"Elijah Tamakloe, Isaac Carty-Peters, Matthew Liddamore, Noah Wilkinson, Timothy Rafiu",1,47,0.8,2.0,0,0,1,0,0,1,0,0,0,0,0,0,0,0,2,0,1,1,0,0,0,0,0,0,0,0,0,0,0,1,1,0,1,0,2,0,2.0,2.0,0,0,0,0,0,0,0,0,0,0,0,0,0,0,0,0,0,0,0,0,0,0,0,0,0,0,0,0,0,0,0,0,0,0,0,0,0,0,0
Barking Abbey EABL,"Alexanda Nwabueze, Francesco Cole, Heath Parkin, Kervy Mabaya, Kimbe N'gabala",Copleston High School EABL,"Callum Fobister, Isaac Little, Matthew Liddamore, Noah Wilkinson, Timothy Rafiu",1,64,1.1,2.0,0,0,3,0,0,2,0,0,0,0,1,2,3,0,0,1,0,1,0,0,2,0,0,0,0,0,0,0,0,2,2,0,0,0,0,0,1.9,2.0,0,0,0,0,0,0,0,0,0,0,0,0,0,0,0,0,0,0,0,0,0,0,0,0,0,0,0,0,0,0,0,0,0,0,0,0,0,0,0
City of London Academy - Southwark EABL,"Daniel Banjoko, Jacob Hannick, Rafi Testfay, Sharmake Shirwac, Toby Gass",HHS Reading Rockets EABL,"Ethan Harrington, James Waterhouse, Luca Bakary, Malachi Hassan-Taylor, Matthew Daines",1,110,1.8,2.0,2,1,2,50,0,0,0,0,0,0,1,1,2,0,0,0,1,0,2,1,2,50,0,1,0,0,0,0,0,0,0,1,0,1,0,1,1.9,2.0,103.6,100,3.6,100,103.6,-3.6,0,0,0,0,0,0,0,0,0,0,0,0,0,0,0,0,0,0,0,0,0,0,0,0,0,0,0,0,0,0,0,0,0
City of London Academy - Southwark EABL,"Andrew Nwokolo, Bilal Olowoshile, Daniel Banjoko, Dante Patel, Ruben Cryer",HHS Reading Rockets EABL,"Can Okumus, Joseph Mackinnon, Luca Bakary, Malachi Hassan-Taylor, Matthew Daines",1,51,0.8,2.0,2,1,1,100,0,0,0,0,0,0,0,1,1,1,0,0,1,0,0,0,1,0,0,1,0,0,0,0,0,0,0,0,0,0,1,0,2.0,2.0,100,0,100,0,100,-100,2,0,0,0,0,0,0,0,0,0,0,0,0,0,0,0,0,0,0,0,0,0,0,0,0,0,0,0,0,0,0,0,0
City of London Academy - Southwark EABL,"Andrew Nwokolo, Bilal Olowoshile, David Banjoko, Jacob Hannick, Louis Thompson",HHS Reading Rockets EABL,"Joseph Mackinnon, Lazure Franicis, Luca Bakary, Malachi Hassan-Taylor, Matthew Daines",1,77,1.3,2.0,2,1,2,50,0,1,0,0,0,0,0,2,2,1,0,0,0,0,0,0,2,0,0,1,0,0,0,0,0,1,1,0,0,0,0,0,2.0,2.0,100,0,100,0,100,-100,2,0,0,0,0,0,0,0,0,0,0,0,0,0,0,0,0,0,0,0,0,0,0,0,0,0,0,0,0,0,0,0,0
Barking Abbey EABL,"Alexanda Nwabueze, Amari Maitland, Joshua Mendes, Kervy Mabaya, Kimbe N'gabala",Itchen College EABL,"Benjamin Cope, Dawid Cimochowski, Elijah Lotriet, Ethan Round, Jakub Ofman",1,41,0.7,2.0,0,0,1,0,0,0,0,0,0,0,1,1,2,0,1,0,1,1,0,0,2,0,0,1,0,0,0,0,0,0,0,0,1,0,1,1,0.9,3.0,0,0,0,0,0,0,0,0,0,0,0,0,0,0,0,0,0,0,0,0,0,0,0,0,0,0,0,0,0,0,0,0,0,0,0,0,0,0,0
Barking Abbey EABL,"Alexanda Nwabueze, Joshua Mendes, Kervy Mabaya, Micael Filho, Raphael Connolly",Itchen College EABL,"Benjamin Cope, Elijah Lotriet, Ethan Round, Marley Edwards, Mason Yeates",1,47,0.8,2.0,2,1,2,50,0,0,0,0,0,0,0,2,2,1,0,2,0,0,0,0,2,0,0,0,0,0,0,0,0,1,1,0,0,0,0,0,2.0,2.0,100,0,100,0,100,-100,2,0,0,0,0,0,0,0,0,0,0,0,0,0,0,0,0,0,0,0,0,0,0,0,0,0,0,0,0,0,0,0,0
HHS Reading Rockets EABL,"Joseph Mackinnon, Lazure Francis, Luca Bakary, Malachi Hassan-Taylor, Matthew Daines",Oaklands Wolves EABL,"Daniel Kostadinov, Gavin Mitchell, Huxley Morrell, Liam Mcintosh, Tristan Mcintosh",1,38,0.6,2.0,4,2,2,100,0,0,0,0,0,0,0,0,0,0,1,0,0,0,0,0,0,0,0,0,0,0,0,0,0,0,0,0,0,0,2,0,2.0,2.0,200,0,200,0,200,-200,4,0,0,0,0,0,0,0,0,0,0,0,0,0,0,0,0,0,0,0,0,0,0,0,0,0,0,0,0,0,0,0,0
Barking Abbey EABL,"Alexanda Nwabueze, Heath Parkin, Kervy Mabaya, Kimbe N'gabala, Oskaras Visockas",City of London Academy - Southwark EABL,"Alex Morentin, Bilal Olowoshile, Daniel Banjoko, David Banjoko, Jacob Hannick",1,4,0.1,2.0,0,0,2,0,0,2,0,0,0,0,0,0,0,0,1,1,0,0,0,0,1,0,0,0,0,0,0,0,0,2,2,0,0,0,1,0,2.0,2.0,0,0,0,0,0,0,0,0,0,0,0,0,0,0,0,0,0,0,0,0,0,0,0,0,0,0,0,0,0,0,0,0,0,0,0,0,0,0,0
Barking Abbey EABL,"Alexanda Nwabueze, Joshua Mendes, Kimbe N'gabala, Oskaras Visockas",City of London Academy - Southwark EABL,"Alex Morentin, Bilal Olowoshile, Daniel Banjoko, Dante Patel, Toby Gass",1,15,0.2,2.0,5,2,2,100,1,1,100,0,0,0,0,1,1,2,0,0,0,1,0,0,1,0,0,1,0,0,0,0,0,0,0,0,0,0,1,0,2.0,2.0,250,0,250,0,250,-250,5,0,0,0,0,0,0,0,0,0,0,0,0,0,0,0,0,0,0,0,0,0,0,0,0,0,0,0,0,0,0,0,0
Barking Abbey EABL,"Alexanda Nwabueze, Heath Parkin, Joshua Mendes, Oskaras Visockas, Raphael Connolly",City of London Academy - Southwark EABL,"Andrew Nwokolo, Bilal Olowoshile, Daniel Banjoko, Jacob Hannick, Toby Gass",1,70,1.2,2.0,0,0,2,0,0,0,0,0,0,0,0,1,1,0,0,0,0,1,2,1,2,50,0,0,0,0,0,0,0,2,2,0,0,0,0,0,2.0,2.0,0,100,-100,100,0,100,-2,0,0,0,0,0,0,0,0,0,0,0,0,0,0,0,0,0,0,0,0,0,0,0,0,0,0,0,0,0,0,0,0
Derby College Trailblazers EABL,"George Pastor, Jarom Howlett, Julian Lemanski, Matheo Smith-Fjordland, William Tallon",SGS College EABL,"Dylan Lloyd, Kayden Richards, Kevin Ramirez Mora, Martin Alburo, Shaquan Nelson",1,51,0.8,2.0,2,1,2,50,0,1,0,0,0,0,0,0,0,0,0,0,0,1,2,1,1,100,0,0,0,0,0,0,0,1,1,1,0,0,1,0,2.0,2.0,100,100,0,100,100,0,0,0,0,0,0,0,0,0,0,0,0,0,0,0,0,0,0,0,0,0,0,0,0,0,0,0,0,0,0,0,0,0,0
Manchester Magic Academy EABL,"Allan Adetula, David Allotey, Jack Walton, Lewis Clayton, Tiego Weekes",BMET City of Birmingham Rockets EABL,"George Angoy, Jonathan Agbeze, Larry Duru, Patrick Walsh, Philip Basioudis",1,57,0.9,2.0,4,2,3,66.7,0,1,0,0,0,0,1,1,2,1,1,0,0,0,0,0,1,0,0,1,0,0,0,0,0,0,0,0,0,0,1,0,1.9,2.0,207.3,0,207.3,0,207.3,-207.3,4,0,0,0,0,0,0,0,0,0,0,0,0,0,0,0,0,0,0,0,0,0,0,0,0,0,0,0,0,0,0,0,0
Manchester Magic Academy EABL,"Allan Adetula, David Allotey, Jack Walton, Tiego Weekes, Tom Richardson",BMET City of Birmingham Rockets EABL,"Abdou Camara, Jude Hyland, Larry Duru, Patrick Walsh, Philip Basioudis",1,36,0.6,2.0,2,1,2,50,0,1,0,0,0,0,0,0,0,1,1,0,0,0,3,1,1,100,1,1,100,0,0,0,0,0,0,1,0,0,1,0,2.0,2.0,100,150,-50,150,100,50,-1,0,0,0,0,0,0,0,0,0,0,0,0,0,0,0,0,0,0,0,0,0,0,0,0,0,0,0,0,0,0,0,0
Myerscough College EABL,"Cesar Sanchez Falette, Harry Sheehan, Olivier Esingle, Salomi Latidan, Zach Trezvant",Charnwood College Riders EABL,"Luca Boothe, Rudy Buckingham, Tom Pearson, Tristan Curran, Zavier Gleadell-Smith",1,45,0.8,2.0,6,2,2,100,2,2,100,0,0,0,0,0,0,2,2,0,0,0,0,0,0,0,0,0,0,0,0,0,0,0,0,0,0,0,2,1,2.0,2.0,300,0,300,0,300,-300,6,0,0,0,0,0,0,0,0,0,0,0,0,0,0,0,0,0,0,0,0,0,0,0,0,0,0,0,0,0,0,0,0
Myerscough College EABL,"Fin Morgan, Harry Sheehan, Jakub Bobkowski, Sayomi Latidan, Zach Trezvant",Charnwood College Riders EABL,"Andrew Young, Asa Oyerinde, Lewis Stevenson, Rudy Buckingham, Stanley Morris",1,52,0.9,2.0,2,1,1,100,0,0,0,0,0,0,0,1,1,1,0,0,1,1,0,0,1,0,0,1,0,0,0,0,0,0,0,0,0,0,1,0,2.0,2.0,100,0,100,0,100,-100,2,0,0,0,0,0,0,0,0,0,0,0,0,0,0,0,0,0,0,0,0,0,0,0,0,0,0,0,0,0,0,0,0
Myerscough College EABL,"Fin Morgan, Harry Sheehan, Jakub Bobkowski, Sayomi Latidan, Zach Trezvant",Charnwood College Riders EABL,"Andrew Young, Asa Oyerinde, Lewis Stevenson, Rudy Buckingham, Zavier Gleadell-Smith",1,47,0.8,2.0,4,2,3,66.7,0,0,0,0,0,0,1,0,1,0,1,0,0,0,0,0,0,0,0,0,0,0,0,0,0,0,0,0,0,0,2,0,1.9,2.0,207.3,0,207.3,0,207.3,-207.3,4,0,0,0,0,0,0,0,0,0,0,0,0,0,0,0,0,0,0,0,0,0,0,0,0,0,0,0,0,0,0,0,0
Myerscough College EABL,"Cesar Sanchez Falette, Jakub Bobkowski, Olivier Esingle, Salomi Latidan, Zach Trezvant",Charnwood College Riders EABL,"Luca Boothe, Rudy Buckingham, Tom Pearson, Tristan Curran, Zavier Gleadell-Smith",1,32,0.5,2.0,0,0,1,0,0,0,0,0,0,0,0,1,1,0,0,1,1,0,2,1,2,50,0,0,0,0,0,0,0,1,1,1,1,0,0,0,2.0,2.0,0,100,-100,100,0,100,-2,0,0,0,0,0,0,0,0,0,0,0,0,0,0,0,0,0,0,0,0,0,0,0,0,0,0,0,0,0,0,0,0
Oaklands Wolves EABL,"Dylan Gladstone, Enzo Da Cruz Fatuda, Gavin Mitchell, Liam Mcintosh, Tristan Mcintosh",City of London Academy - Southwark EABL,"Andrew Nwokolo, Daniel Banjoko, Dante Patel, Jacob Hannick, Toby Gass",1,62,1.0,2.0,0,0,2,0,0,0,0,0,0,0,0,0,0,0,0,0,0,0,2,1,2,50,0,0,0,0,0,0,1,2,3,0,0,0,1,0,2.0,1.9,0,103.6,-103.6,103.6,0,103.6,-2,0,0,0,0,0,0,0,0,0,0,0,0,0,0,0,0,0,0,0,0,0,0,0,0,0,0,0,0,0,0,0,0
HHS Reading Rockets EABL,"Can Okumus, James Waterhouse, Joseph Mackinnon, Malachi Hassan-Taylor, Matthew Daines",Barking Abbey EABL,"Amari Maitland, Folarin Oguntuase, Francesco Cole, Micael Filho, Solomon Dobson Smith",1,37,0.6,2.0,0,0,2,0,0,2,0,0,0,0,0,1,1,0,0,0,0,0,0,0,2,0,0,0,0,0,0,0,1,2,3,0,0,0,1,0,2.0,1.9,0,0,0,0,0,0,0,0,0,0,0,0,0,0,0,0,0,0,0,0,0,0,0,0,0,0,0,0,0,0,0,0,0,0,0,0,0,0,0
Copleston High School EABL,"Callum Fobister, Grant Millar, Isaac Carty-Peters, Isaac Little, Timothy Rafiu",City of London Academy - Southwark EABL,"Alex Morentin, Daniel Banjoko, David Banjoko, Jacob Hannick, Sharmake Shirwac",1,49,0.8,2.0,2,1,2,50,0,1,0,0,0,0,0,1,1,1,0,0,0,0,0,0,1,0,0,0,0,0,0,0,0,1,1,0,0,0,1,0,2.0,2.0,100,0,100,0,100,-100,2,0,0,0,0,0,0,0,0,0,0,0,0,0,0,0,0,0,0,0,0,0,0,0,0,0,0,0,0,0,0,0,0
Copleston High School EABL,"Callum Fobister, Isaac Carty-Peters, Isaac Little, Matthew Liddamore, Timothy Rafiu",City of London Academy - Southwark EABL,"Alex Morentin, Barack Manfo-Marc, Jacob Hannick, Nyakeh Senessie, Sharmake Shirwac",1,71,1.2,2.0,0,0,3,0,0,1,0,0,0,0,1,0,1,0,0,0,0,1,2,1,1,100,0,0,0,0,0,0,0,2,2,0,0,0,1,0,1.9,2.0,0,100,-100,100,0,100,-2,0,0,0,0,0,0,0,0,0,0,0,0,0,0,0,0,0,0,0,0,0,0,0,0,0,0,0,0,0,0,0,0
Copleston High School EABL,"Elijah Tamakloe, Isaac Little, Matthew Liddamore, Oliver Drane, Timothy Rafiu",City of London Academy - Southwark EABL,"Alex Morentin, Andrew Nwokolo, Daniel Banjoko, Rafi Testfay, Sharmake Shirwac",1,51,0.8,2.0,0,0,1,0,0,1,0,0,0,0,0,2,2,0,0,0,1,0,0,0,3,0,0,2,0,0,0,0,1,1,2,0,1,0,0,0,2.0,1.9,0,0,0,0,0,0,0,0,0,0,0,0,0,0,0,0,0,0,0,0,0,0,0,0,0,0,0,0,0,0,0,0,0,0,0,0,0,0,0
SGS College EABL,"Abubakar Odowa, Dylan Lloyd, Imam Toure, Kevin Ramirez Mora, Marcos Perez Tosca",Manchester Magic Academy EABL,"Allan Adetula, Harley Blake, Jack Odongo, Tiego Weekes, Tom Richardson",1,75,1.2,2.0,0,0,2,0,0,2,0,0,0,0,0,1,1,0,0,0,0,0,0,0,2,0,0,2,0,0,0,0,0,1,1,0,0,0,0,0,2.0,2.0,0,0,0,0,0,0,0,0,0,0,0,0,0,0,0,0,0,0,0,0,0,0,0,0,0,0,0,0,0,0,0,0,0,0,0,0,0,0,0
SGS College EABL,"Imam Toure, Kevin Ramirez Mora, Marcos Perez Tosca, Ryan Cabrera, Zion Lawson",Manchester Magic Academy EABL,"Abraham Sagay Isiorho, Allan Adetula, Jack Odongo, Oluwademilade Babalola, Tom Richardson",1,64,1.1,2.0,0,0,2,0,0,0,0,0,0,0,0,0,0,0,0,0,0,0,2,1,1,100,0,0,0,0,0,0,0,1,1,0,0,0,1,1,2.0,2.0,0,100,-100,100,0,100,-2,0,0,0,0,0,0,0,0,0,0,0,0,0,0,0,0,0,0,0,0,0,0,0,0,0,0,0,0,0,0,0,0
Charnwood College Riders EABL,"Pharrell Kattah, Rudy Buckingham, Tom Pearson, Tristan Curran, Zavier Gleadell-Smith",BMET City of Birmingham Rockets EABL,"Jonathan Agbeze, Jude Hyland, Larry Duru, Philip Basioudis, Simba Chikukwa",1,35,0.6,2.0,2,1,2,50,0,1,0,0,0,0,1,1,2,0,1,0,1,0,0,0,1,0,0,1,0,0,0,0,0,0,0,0,1,0,1,1,1.9,2.0,103.6,0,103.6,0,103.6,-103.6,2,0,0,0,0,0,0,0,0,0,0,0,0,0,0,0,0,0,0,0,0,0,0,0,0,0,0,0,0,0,0,0,0
Charnwood College Riders EABL,"Asa Oyerinde, Fahad Saeed, James Hardy, Pharrell Kattah, Rudy Buckingham",BMET City of Birmingham Rockets EABL,"Abdou Camara, Jonathan Agbeze, Jude Hyland, Philip Basioudis, Simba Chikukwa",1,45,0.8,2.0,0,0,2,0,0,1,0,0,0,0,0,0,0,0,0,0,0,0,3,1,1,100,1,1,100,0,0,0,0,1,1,1,0,0,1,0,2.0,2.0,0,150,-150,150,0,150,-3,0,0,0,0,0,0,0,0,0,0,0,0,0,0,0,0,0,0,0,0,0,0,0,0,0,0,0,0,0,0,0,0
Myerscough College EABL,"Alex Cisse, Daniel Okhuoya, Fin Morgan, Jakub Bobkowski, Layjuan Farrell",Derby College Trailblazers EABL,"Casey Burr, Elias Rice, Finley Tuck, George Pastor, Rohan Hobday",1,45,0.8,2.0,5,2,2,100,1,1,100,0,0,0,0,1,1,1,1,0,0,0,0,0,2,0,0,1,0,0,0,0,1,0,1,0,0,0,1,0,2.0,1.9,250,0,250,0,250,-250,5,0,0,0,0,0,0,0,0,0,0,0,0,0,0,0,0,0,0,0,0,0,0,0,0,0,0,0,0,0,0,0,0
HHS Reading Rockets EABL,"Ethan Harrington, James Waterhouse, Luca Bakary, Malachi Hassan-Taylor, Matthew Daines",Itchen College EABL,"Benjamin Cope, Elijah Lotriet, Ethan Round, Jakub Ofman, Mason Yeates",1,54,0.9,2.0,2,1,1,100,0,0,0,0,0,0,0,0,0,0,0,0,1,0,6,2,2,100,2,2,100,0,0,0,0,0,0,2,0,0,0,0,2.0,2.0,100,300,-200,300,100,200,-4,0,0,0,0,0,0,0,0,0,0,0,0,0,0,0,0,0,0,0,0,0,0,0,0,0,0,0,0,0,0,0,0
HHS Reading Rockets EABL,"Ethan Harrington, Joseph Mackinnon, Lazure Francis, Malachi Hassan-Taylor, Matthew Daines",Itchen College EABL,"Benjamin Cope, Elijah Lotriet, Ethan Round, George Andrews, Mason Yeates",1,66,1.1,2.0,0,0,0,0,0,0,0,0,0,0,0,0,0,0,0,0,2,1,2,1,2,50,0,1,0,0,0,0,0,0,0,1,2,0,0,1,2.0,2.0,0,100,-100,100,0,100,-2,0,0,0,0,0,0,0,0,0,0,0,0,0,0,0,0,0,0,0,0,0,0,0,0,0,0,0,0,0,0,0,0
HHS Reading Rockets EABL,"Can Okumus, Ethan Harrington, Joseph Mackinnon, Luca Bakary, Matthew Daines",Copleston High School EABL,"Callum Fobister, Isaac Carty-Peters, Isaac Little, Matthew Liddamore, Timothy Rafiu",1,64,1.1,2.0,0,0,1,0,0,1,0,0,0,0,0,1,1,0,1,0,1,0,0,0,2,0,0,2,0,0,0,0,1,0,1,0,1,0,1,1,2.0,1.9,0,0,0,0,0,0,0,0,0,0,0,0,0,0,0,0,0,0,0,0,0,0,0,0,0,0,0,0,0,0,0,0,0,0,0,0,0,0,0
HHS Reading Rockets EABL,"Aydan Moloney, Can Okumus, Ethan Harrington, James Waterhouse, Matthew Daines",Copleston High School EABL,"Callum Fobister, Grant Millar, Isaac Carty-Peters, Isaac Little, Matthew Liddamore",1,108,1.8,2.0,2,1,2,50,0,0,0,0,0,0,0,1,1,1,1,0,0,0,0,0,1,0,0,1,0,0,0,0,0,1,1,0,0,0,1,0,2.0,2.0,100,0,100,0,100,-100,2,0,0,0,0,0,0,0,0,0,0,0,0,0,0,0,0,0,0,0,0,0,0,0,0,0,0,0,0,0,0,0,0
HHS Reading Rockets EABL,"Alfie King, Ethan Harrington, Joseph Mackinnon, Malachi Hassan-Taylor, Matthew Daines",Copleston High School EABL,"Callum Fobister, Elijah Tamakloe, Isaac Carty-Peters, Matthew Liddamore, Timothy Rafiu",1,44,0.7,2.0,3,1,1,100,1,1,100,0,0,0,0,0,0,1,0,0,1,0,5,2,3,66.7,1,2,50,0,0,0,1,0,1,1,1,0,0,1,2.0,1.9,150,259.1,-109.1,259.1,150,109.1,-2,0,0,0,0,0,0,0,0,0,0,0,0,0,0,0,0,0,0,0,0,0,0,0,0,0,0,0,0,0,0,0,0
SGS College EABL,"Abubakar Odowa, Dylan Lloyd, Jakub Grajcar, Kevin Ramirez Mora, Marcos Perez Tosca",Copleston High School EABL,"Callum Fobister, Isaac Little, Matthew Liddamore, Noah Wilkinson, Oliver Drane",1,73,1.2,2.0,0,0,2,0,0,2,0,0,0,0,0,2,2,0,0,0,0,0,0,0,3,0,0,2,0,0,0,0,1,2,3,0,0,0,0,0,2.0,1.9,0,0,0,0,0,0,0,0,0,0,0,0,0,0,0,0,0,0,0,0,0,0,0,0,0,0,0,0,0,0,0,0,0,0,0,0,0,0,0
SGS College EABL,"Imam Toure, Kevin Ramirez Mora, Martin Alburo, Reuben Roach, Tekai Wallace-Gayle",Copleston High School EABL,"Angus Hickey, Callum Fobister, Isaac Little, Matthew Liddamore, Timothy Rafiu",1,49,0.8,2.0,0,0,2,0,0,0,0,0,0,0,0,1,1,0,0,0,0,1,0,0,1,0,0,1,0,0,0,0,0,2,2,0,0,0,1,1,2.0,2.0,0,0,0,0,0,0,0,0,0,0,0,0,0,0,0,0,0,0,0,0,0,0,0,0,0,0,0,0,0,0,0,0,0,0,0,0,0,0,0
SGS College EABL,"Abubakar Odowa, Jakub Grajcar, Luka Matthews, Martin Alburo, Zion Lawson",Copleston High School EABL,"Isaac Little, Luke Read, Matthew Liddamore, Noah Wilkinson, Timothy Rafiu",1,48,0.8,2.0,5,2,2,100,1,1,100,0,0,0,0,1,1,1,0,0,0,0,2,1,2,50,0,0,0,0,0,0,0,0,0,0,0,0,0,1,2.0,2.0,250,100,150,100,250,-150,3,0,0,0,0,0,0,0,0,0,0,0,0,0,0,0,0,0,0,0,0,0,0,0,0,0,0,0,0,0,0,0,0
SGS College EABL,"Dylan Lloyd, Jakub Grajcar, Kevin Ramirez Mora, Luka Matthews, Marcos Perez Tosca",Copleston High School EABL,"Callum Fobister, Luke Read, Mason Wells, Matthew Liddamore, Timothy Rafiu",1,66,1.1,2.0,5,2,2,100,1,1,100,0,0,0,0,1,1,1,1,0,0,0,0,0,2,0,0,0,0,0,0,0,1,0,1,0,0,0,1,1,2.0,1.9,250,0,250,0,250,-250,5,0,0,0,0,0,0,0,0,0,0,0,0,0,0,0,0,0,0,0,0,0,0,0,0,0,0,0,0,0,0,0,0
Itchen College EABL,"Benjamin Cope, Dawid Cimochowski, Ethan Round, Jakub Ofman, Thomas Blower",Charnwood College Riders EABL,"Davincy Stephens, James Hardy, Okeri Hambira, Stanley Morris, Tristan Curran",1,57,0.9,2.0,2,1,3,33.3,0,1,0,0,0,0,1,1,2,1,1,0,0,0,0,0,1,0,0,1,0,0,0,0,0,1,1,0,0,0,1,1,1.9,2.0,103.6,0,103.6,0,103.6,-103.6,2,0,0,0,0,0,0,0,0,0,0,0,0,0,0,0,0,0,0,0,0,0,0,0,0,0,0,0,0,0,0,0,0
Itchen College EABL,"Benjamin Cope, Elijah Lotriet, Ethan Round, Javen Osei-Owusu, Mason Yeates",Charnwood College Riders EABL,"Davin Hanousek, Fahad Saeed, Okeri Hambira, Pharrell Kattah, Zavier Gleadell-Smith",1,15,0.2,2.0,2,1,1,100,0,0,0,0,0,0,0,1,1,0,1,0,1,0,0,0,1,0,0,1,0,0,0,0,0,0,0,0,0,0,1,0,2.0,2.0,100,0,100,0,100,-100,2,0,0,0,0,0,0,0,0,0,0,0,0,0,0,0,0,0,0,0,0,0,0,0,0,0,0,0,0,0,0,0,0
Itchen College EABL,"Benjamin Cope, Elijah Lotriet, Ethan Round, Javen Osei-Owusu, Mason Yeates",Charnwood College Riders EABL,"Davin Hanousek, Fahad Saeed, Pharrell Kattah, Tom Pearson, Tristan Curran",1,71,1.2,2.0,3,1,2,50,1,2,50,0,0,0,0,1,1,1,0,0,0,2,0,0,1,0,0,0,0,0,0,0,0,1,1,0,0,0,1,1,2.0,2.0,150,0,150,0,150,-150,3,0,0,0,0,0,0,0,0,0,0,0,0,0,0,0,0,0,0,0,0,0,0,0,0,0,0,0,0,0,0,0,0
City of London Academy - Southwark EABL,"Andrew Nwokolo, Daniel Banjoko, Dante Patel, David Banjoko, Toby Gass",Derby College Trailblazers EABL,"Casey Burr, Elias Norman, Elias Rice, George Pastor, William Tallon",1,61,1.0,2.0,4,2,2,100,0,0,0,0,0,0,0,1,1,1,1,0,0,0,0,0,1,0,0,0,0,0,0,0,0,0,0,0,0,0,1,0,2.0,2.0,200,0,200,0,200,-200,4,0,0,0,0,0,0,0,0,0,0,0,0,0,0,0,0,0,0,0,0,0,0,0,0,0,0,0,0,0,0,0,0
City of London Academy - Southwark EABL,"Bilal Olowoshile, Daniel Banjoko, Louis Thompson, Rafi Testfay, Sharmake Shirwac",Derby College Trailblazers EABL,"Casey Burr, George Pastor, Jarom Howlett, Julian Lemanski, Liyo Ngomti",1,45,0.8,2.0,2,1,2,50,0,0,0,0,0,0,0,0,0,1,0,0,0,0,0,0,1,0,0,0,0,0,0,0,0,1,1,0,0,1,1,1,2.0,2.0,100,0,100,0,100,-100,2,0,0,0,0,0,0,0,0,0,0,0,0,0,0,0,0,0,0,0,0,0,0,0,0,0,0,0,0,0,0,0,0
City of London Academy - Southwark EABL,"Andrew Nwokolo, Daniel Banjoko, Jacob Hannick, Ruben Cryer, Toby Gass",Derby College Trailblazers EABL,"Casey Burr, Elias Norman, Jarom Howlett, Rohan Hobday, William Tallon",1,51,0.8,2.0,0,0,3,0,0,0,0,0,0,0,1,1,2,0,0,0,0,0,2,1,2,50,0,0,0,0,0,0,0,2,2,1,0,0,0,0,1.9,2.0,0,100,-100,100,0,100,-2,0,0,0,0,0,0,0,0,0,0,0,0,0,0,0,0,0,0,0,0,0,0,0,0,0,0,0,0,0,0,0,0
City of London Academy - Southwark EABL,"Bilal Olowoshile, Dante Patel, Louis Thompson, Ruben Cryer, Toby Gass",Derby College Trailblazers EABL,"Casey Burr, Elias Norman, George Pastor, Jarom Howlett, William Tallon",1,86,1.4,2.0,2,1,2,50,0,0,0,0,0,0,0,0,0,1,0,0,0,0,4,2,3,66.7,0,0,0,0,0,0,1,1,2,0,0,0,0,0,2.0,1.9,100,207.3,-107.3,207.3,100,107.3,-2,0,0,0,0,0,0,0,0,0,0,0,0,0,0,0,0,0,0,0,0,0,0,0,0,0,0,0,0,0,0,0,0
City of London Academy - Southwark EABL,"Bilal Olowoshile, Dante Patel, David Banjoko, Louis Thompson, Toby Gass",Derby College Trailblazers EABL,"Casey Burr, Elias Norman, George Pastor, Jarom Howlett, William Tallon",1,100,1.7,2.0,2,1,2,50,0,0,0,0,0,0,0,1,1,0,0,0,0,0,2,1,2,50,0,1,0,0,0,0,0,0,0,0,0,1,0,1,2.0,2.0,100,100,0,100,100,0,0,0,0,0,0,0,0,0,0,0,0,0,0,0,0,0,0,0,0,0,0,0,0,0,0,0,0,0,0,0,0,0,0
Manchester Magic Academy EABL,"Harley Blake, Jack Odongo, Jack Walton, Tarique Kamal Kazmi, Tiego Weekes",Itchen College EABL,"Ethan Round, Javen Osei-Owusu, Mason Yeates, Richard Radu, Thomas Blower",1,62,1.0,2.0,2,1,2,50,0,0,0,0,0,0,0,0,0,1,0,0,0,0,5,2,2,100,1,1,100,0,0,0,0,1,1,1,0,1,0,0,2.0,2.0,100,250,-150,250,100,150,-3,0,0,0,0,0,0,0,0,0,0,0,0,0,0,0,0,0,0,0,0,0,0,0,0,0,0,0,0,0,0,0,0
Charnwood College Riders EABL,"Luca Boothe, Pharrell Kattah, Tom Pearson, Tristan Curran, Zavier Gleadell-Smith",Oaklands Wolves EABL,"Dylan Gladstone, Enzo Da Cruz Fatuda, Gavin Mitchell, Huxley Morrell, Liam Mcintosh",1,49,0.8,2.0,2,1,2,50,0,1,0,0,0,0,0,1,1,0,0,0,0,1,2,1,2,50,0,1,0,0,0,0,0,0,0,0,0,0,0,0,2.0,2.0,100,100,0,100,100,0,0,0,0,0,0,0,0,0,0,0,0,0,0,0,0,0,0,0,0,0,0,0,0,0,0,0,0,0,0,0,0,0,0
HHS Reading Rockets EABL,"Can Okumus, James Waterhouse, Luca Bakary, Malachi Hassan-Taylor, Matthew Daines",SGS College EABL,"Abubakar Odowa, Imam Toure, Luka Matthews, Martin Alburo, Zion Lawson",1,47,0.8,2.0,4,2,2,100,0,0,0,0,0,0,0,1,1,1,0,0,0,0,0,0,2,0,0,0,0,0,0,0,0,0,0,0,0,0,0,1,2.0,2.0,200,0,200,0,200,-200,4,0,0,0,0,0,0,0,0,0,0,0,0,0,0,0,0,0,0,0,0,0,0,0,0,0,0,0,0,0,0,0,0
City of London Academy - Southwark EABL,"Andrew Nwokolo, Bilal Olowoshile, Dante Patel, David Banjoko, Louis Thompson",Myerscough College EABL,"Cesar Sanchez Falette, Olivier Esingle, Salomi Latidan, Sayomi Latidan, Zach Trezvant",1,58,1.0,2.0,0,0,1,0,0,1,0,0,0,0,0,1,1,0,0,0,1,0,3,1,2,50,1,1,100,0,0,0,0,0,0,1,1,0,0,0,2.0,2.0,0,150,-150,150,0,150,-3,0,0,0,0,0,0,0,0,0,0,0,0,0,0,0,0,0,0,0,0,0,0,0,0,0,0,0,0,0,0,0,0
BMET City of Birmingham Rockets EABL,"George Angoy, Guridat Singh, Jude Hyland, Larry Duru, Philip Basioudis",Derby College Trailblazers EABL,"Elias Rice, Jarom Howlett, Liyo Ngomti, Matheo Smith-Fjordland, William Tallon",1,61,1.0,1.9,0,0,1,0,0,0,0,0,2,0,0,0,0,0,0,0,0,0,5,2,3,66.7,1,2,50,0,0,0,1,2,3,1,0,0,0,0,1.9,1.9,0,259.1,-259.1,259.1,0,259.1,-5,0,0,0,0,0,0,0,0,0,0,0,0,0,0,0,0,0,0,0,0,0,0,0,0,0,0,0,0,0,0,0,0
BMET City of Birmingham Rockets EABL,"Billy Rose, George Angoy, Jesse Ogbeide, Larry Duru, Philip Basioudis",Derby College Trailblazers EABL,"Dovydas Kilmas, Elias Rice, Jarom Howlett, Oskar Krysa, William Tallon",1,67,1.1,1.9,3,1,4,25,1,2,50,0,0,0,2,2,4,1,0,1,0,0,0,0,2,0,0,0,0,0,0,0,0,1,1,0,0,1,0,0,1.9,2.0,161.3,0,161.3,0,161.3,-161.3,3,0,0,0,0,0,0,0,0,0,0,0,0,0,0,0,0,0,0,0,0,0,0,0,0,0,0,0,0,0,0,0,0
Manchester Magic Academy EABL,"Harley Blake, Lewis Clayton, Oluwademilade Babalola, Samy Sidi-Boumedine, Tiego Weekes",Charnwood College Riders EABL,"Asa Oyerinde, Luca Boothe, Pharrell Kattah, Stanley Morris, Tristan Curran",1,49,0.8,1.9,2,1,3,33.3,0,0,0,0,0,0,1,1,2,0,0,0,0,2,3,1,1,100,0,0,0,1,2,50,0,1,1,0,0,1,0,0,1.9,1.9,103.6,159.6,-55.9,159.6,103.6,55.9,-1,0,0,0,0,0,0,0,0,0,0,0,0,0,0,0,0,0,0,0,0,0,0,0,0,0,0,0,0,0,0,0,0
SGS College EABL,"Abubakar Odowa, Kayden Richards, Marcos Pospori, Martin Alburo, Shaquan Nelson",Myerscough College EABL,"Cesar Sanchez Falette, Fin Morgan, Harry Sheehan, Jakub Bobkowski, Salomi Latidan",1,72,1.2,1.9,2,1,1,100,0,0,0,0,0,0,0,0,0,0,0,0,0,1,6,2,3,66.7,1,2,50,1,2,50,2,0,2,1,0,0,0,1,1.0,2.8,200,213.5,-13.5,213.5,200,13.5,-4,0,0,0,0,0,0,0,0,0,0,0,0,0,0,0,0,0,0,0,0,0,0,0,0,0,0,0,0,0,0,0,0
SGS College EABL,"Dylan Lloyd, Imam Toure, Kevin Ramirez Mora, Marcos Perez Tosca, Shaquan Nelson",Myerscough College EABL,"Cesar Sanchez Falette, Fin Morgan, Harry Sheehan, Olivier Esingle, Sayomi Latidan",1,32,0.5,1.9,1,0,2,0,0,1,0,1,2,50,1,1,2,0,0,0,0,0,2,1,2,50,0,0,0,0,0,0,0,1,1,0,0,0,0,1,1.8,2.0,55.2,100,-44.8,100,55.2,44.8,-1,0,0,0,0,0,0,0,0,0,0,0,0,0,0,0,0,0,0,0,0,0,0,0,0,0,0,0,0,0,0,0,0
City of London Academy - Southwark EABL,"Bilal Olowoshile, Daniel Banjoko, David Banjoko, Jacob Hannick, Toby Gass",Itchen College EABL,"Benjamin Cope, Ethan Round, Jakub Ofman, Mason Yeates, Thomas Blower",1,61,1.0,1.9,1,0,1,0,0,1,0,1,2,50,0,0,0,0,0,1,0,0,3,1,2,50,1,1,100,0,0,0,0,2,2,1,0,0,0,0,1.9,2.0,53.2,150,-96.8,150,53.2,96.8,-2,0,0,0,0,0,0,0,0,0,0,0,0,0,0,0,0,0,0,0,0,0,0,0,0,0,0,0,0,0,0,0,0
BMET City of Birmingham Rockets EABL,"Abdou Camara, George Angoy, Issac Gisbourne, Jude Hyland, Philip Basioudis",SGS College EABL,"Abubakar Odowa, Kayden Richards, Marcos Perez Tosca, Marcos Pospori, Martin Alburo",1,56,0.9,1.9,0,0,1,0,0,0,0,0,0,0,0,0,0,0,0,0,1,1,0,0,0,0,0,0,0,0,2,0,0,1,1,0,0,0,1,0,2.0,1.9,0,0,0,0,0,0,0,0,0,0,0,0,0,0,0,0,0,0,0,0,0,0,0,0,0,0,0,0,0,0,0,0,0,0,0,0,0,0,0
Myerscough College EABL,"Ayo Ibirinde, Cesar Sanchez Falette, Jakub Bobkowski, Olivier Esingle, Sayomi Latidan",Manchester Magic Academy EABL,"Jack Odongo, Jack Walton, Oluwademilade Babalola, Samy Sidi-Boumedine, Tarique Kamal Kazmi",1,46,0.8,1.9,3,1,2,50,0,0,0,1,2,50,1,0,1,1,0,0,0,0,2,1,1,100,0,0,0,0,0,0,0,0,0,1,0,0,1,0,1.8,2.0,165.7,100,65.7,100,165.7,-65.7,1,0,0,0,0,0,0,0,0,0,0,0,0,0,0,0,0,0,0,0,0,0,0,0,0,0,0,0,0,0,0,0,0
Myerscough College EABL,"Cesar Sanchez Falette, Daniel Okhuoya, Jakub Bobkowski, Nate Byfield, Sayomi Latidan",Manchester Magic Academy EABL,"Harley Blake, Jack Odongo, Oluwademilade Babalola, Samy Sidi-Boumedine, Tiego Weekes",1,63,1.1,1.9,4,1,1,100,0,0,0,2,2,100,0,0,0,1,1,0,0,1,3,1,1,100,1,1,100,0,0,0,0,0,0,1,0,0,1,1,1.9,2.0,212.8,150,62.8,150,212.8,-62.8,1,0,0,0,0,0,0,0,0,0,0,0,0,0,0,0,0,0,0,0,0,0,0,0,0,0,0,0,0,0,0,0,0
Myerscough College EABL,"Fin Morgan, Harry Sheehan, Nate Byfield, Olivier Esingle, Sayomi Latidan",Manchester Magic Academy EABL,"David Allotey, Harley Blake, Jack Walton, Oluwademilade Babalola, Samy Sidi-Boumedine",1,58,1.0,1.9,4,2,3,66.7,0,1,0,0,0,0,1,0,1,0,1,0,0,1,2,0,1,0,0,0,0,2,2,100,1,0,1,0,0,0,1,0,1.9,1.8,207.3,110.5,96.8,110.5,207.3,-96.8,2,0,0,0,0,0,0,0,0,0,0,0,0,0,0,0,0,0,0,0,0,0,0,0,0,0,0,0,0,0,0,0,0
Charnwood College Riders EABL,"Pharrell Kattah, Rudy Buckingham, Tom Pearson, Tristan Curran, Zavier Gleadell-Smith",SGS College EABL,"Abubakar Odowa, Dylan Lloyd, Imam Toure, Kevin Ramirez Mora, Marcos Perez Tosca",1,81,1.4,1.9,2,1,3,33.3,0,1,0,0,0,0,1,1,2,1,0,0,1,1,1,0,1,0,0,0,0,1,2,50,0,0,0,0,1,0,0,0,1.9,1.9,107.5,53.2,54.3,53.2,107.5,-54.3,1,0,0,0,0,0,0,0,0,0,0,0,0,0,0,0,0,0,0,0,0,0,0,0,0,0,0,0,0,0,0,0,0
Charnwood College Riders EABL,"Pharrell Kattah, Rudy Buckingham, Stanley Morris, Tom Pearson, Tristan Curran",SGS College EABL,"Dylan Lloyd, Kevin Ramirez Mora, Marcos Perez Tosca, Shaquan Nelson, Washington Wewe",1,63,1.1,1.9,0,0,1,0,0,0,0,0,0,0,0,1,1,0,0,0,1,0,0,0,3,0,0,0,0,0,0,0,2,1,3,0,0,1,1,0,2.0,1.9,0,0,0,0,0,0,0,0,0,0,0,0,0,0,0,0,0,0,0,0,0,0,0,0,0,0,0,0,0,0,0,0,0,0,0,0,0,0,0
Charnwood College Riders EABL,"Asa Oyerinde, Pharrell Kattah, Rudy Buckingham, Tristan Curran, Zavier Gleadell-Smith",SGS College EABL,"Antoine Bennett, Imam Toure, Luka Matthews, Marcos Perez Tosca, Shaquan Nelson",1,47,0.8,1.9,4,2,4,50,0,0,0,0,0,0,2,1,3,0,0,0,0,1,4,1,1,100,0,0,0,2,2,100,0,0,0,0,0,0,0,0,1.9,1.9,215.1,212.8,2.3,212.8,215.1,-2.3,0,0,0,0,0,0,0,0,0,0,0,0,0,0,0,0,0,0,0,0,0,0,0,0,0,0,0,0,0,0,0,0,0
Myerscough College EABL,"Cesar Sanchez Falette, Harry Sheehan, Jakub Bobkowski, Sayomi Latidan, Zach Trezvant",BMET City of Birmingham Rockets EABL,"Daniel Pittaway, Jonathan Agbeze, Larry Duru, Patrick Walsh, Philip Basioudis",1,56,0.9,1.9,4,2,3,66.7,0,1,0,0,0,0,1,1,2,1,0,0,0,1,2,1,2,50,0,0,0,0,1,0,1,0,1,0,0,0,0,1,1.9,1.9,207.3,105,102.3,105,207.3,-102.3,2,0,0,0,0,0,0,0,0,0,0,0,0,0,0,0,0,0,0,0,0,0,0,0,0,0,0,0,0,0,0,0,0
Myerscough College EABL,"Cesar Sanchez Falette, Daniel Okhuoya, Harry Sheehan, Jakub Bobkowski, Zach Trezvant",BMET City of Birmingham Rockets EABL,"Abdou Camara, Daniel Pittaway, Jude Hyland, Larry Duru, Patrick Walsh",1,53,0.9,1.9,0,0,1,0,0,0,0,0,0,0,0,0,0,0,1,0,1,1,2,0,0,0,0,0,0,2,2,100,0,1,1,0,1,0,1,0,2.0,1.9,0,106.4,-106.4,106.4,0,106.4,-2,0,0,0,0,0,0,0,0,0,0,0,0,0,0,0,0,0,0,0,0,0,0,0,0,0,0,0,0,0,0,0,0
HHS Reading Rockets EABL,"Can Okumus, Malachi Hassan-Taylor, Matthew Daines, Nicholas Dent, Saun Ejiofor",City of London Academy - Southwark EABL,"Alex Morentin, Bilal Olowoshile, Nyakeh Senessie, Rafi Testfay, Sharmake Shirwac",1,32,0.5,1.9,0,0,1,0,0,1,0,0,0,0,0,0,0,0,1,0,1,1,1,0,0,0,0,0,0,1,2,50,0,0,0,0,0,0,1,0,2.0,1.9,0,53.2,-53.2,53.2,0,53.2,-1,0,0,0,0,0,0,0,0,0,0,0,0,0,0,0,0,0,0,0,0,0,0,0,0,0,0,0,0,0,0,0,0
Oaklands Wolves EABL,"Daniel Kostadinov, Dylan Gladstone, Enzo Da Cruz Fatuda, Gavin Mitchell, Guisepi Augenti",Itchen College EABL,"Benjamin Cope, Dawid Cimochowski, Elijah Lotriet, Ethan Round, Javen Osei-Owusu",1,43,0.7,1.9,0,0,1,0,0,1,0,0,0,0,0,2,2,0,0,1,1,0,0,0,1,0,0,0,0,0,2,0,0,1,1,0,0,0,0,0,2.0,1.9,0,0,0,0,0,0,0,0,0,0,0,0,0,0,0,0,0,0,0,0,0,0,0,0,0,0,0,0,0,0,0,0,0,0,0,0,0,0,0
Oaklands Wolves EABL,"Daniel Kostadinov, Enzo Da Cruz Fatuda, Gavin Mitchell, Huxley Morrell, Kajus Gasperas",Itchen College EABL,"Benjamin Cope, Dawid Cimochowski, Ethan Round, Jakub Ofman, Thomas Blower",1,44,0.7,1.9,1,0,0,0,0,0,0,1,2,50,0,0,0,0,0,0,1,1,2,0,0,0,0,0,0,2,2,100,0,1,1,0,0,0,1,0,1.9,1.9,53.2,106.4,-53.2,106.4,53.2,53.2,-1,0,0,0,0,0,0,0,0,0,0,0,0,0,0,0,0,0,0,0,0,0,0,0,0,0,0,0,0,0,0,0,0
Oaklands Wolves EABL,"Dylan Gladstone, Ethan Ryan, Guisepi Augenti, Kajus Gasperas, Zac Gribble",Itchen College EABL,"Elijah Lotriet, George Andrews, Mason Yeates, Richard Radu, Sonny Wood",1,41,0.7,1.9,0,0,0,0,0,0,0,0,2,0,0,0,0,0,0,0,1,0,4,2,2,100,0,0,0,0,0,0,0,1,1,1,1,0,0,1,1.9,2.0,0,200,-200,200,0,200,-4,0,0,0,0,0,0,0,0,0,0,0,0,0,0,0,0,0,0,0,0,0,0,0,0,0,0,0,0,0,0,0,0
BMET City of Birmingham Rockets EABL,"Daniel Pittaway, Jaheim Kesto, Jesse Ogbeide, Larry Duru, Patrick Walsh",Manchester Magic Academy EABL,"David Allotey, Nathan Brown, Samy Sidi-Boumedine, Tiego Weekes, Tom Richardson",1,48,0.8,1.9,2,1,1,100,0,0,0,0,2,0,1,0,1,0,0,0,0,0,4,1,1,100,1,1,100,1,2,50,0,0,0,0,0,0,0,2,1.9,1.9,106.4,212.8,-106.4,212.8,106.4,106.4,-2,0,0,0,0,0,0,0,0,0,0,0,0,0,0,0,0,0,0,0,0,0,0,0,0,0,0,0,0,0,0,0,0
SGS College EABL,"Imam Toure, Kevin Ramirez Mora, Luka Matthews, Marcos Pospori, Shaquan Nelson",Derby College Trailblazers EABL,"Casey Burr, Elias Norman, George Pastor, Jarom Howlett, William Tallon",1,35,0.6,1.9,2,0,1,0,0,1,0,2,2,100,1,0,1,0,0,0,1,0,2,1,1,100,0,0,0,0,0,0,0,0,0,0,1,0,1,1,1.8,2.0,110.5,100,10.5,100,110.5,-10.5,0,0,0,0,0,0,0,0,0,0,0,0,0,0,0,0,0,0,0,0,0,0,0,0,0,0,0,0,0,0,0,0,0
SGS College EABL,"Dylan Lloyd, Kayden Richards, Kevin Ramirez Mora, Marcos Perez Tosca, Martin Alburo",Derby College Trailblazers EABL,"Casey Burr, Elias Norman, Elias Rice, Kaleel Otaye, Liyo Ngomti",1,54,0.9,1.9,1,0,0,0,0,0,0,1,2,50,0,1,1,0,1,0,1,0,0,0,3,0,0,1,0,0,0,0,2,1,3,0,0,0,1,1,1.9,1.9,53.2,0,53.2,0,53.2,-53.2,1,0,0,0,0,0,0,0,0,0,0,0,0,0,0,0,0,0,0,0,0,0,0,0,0,0,0,0,0,0,0,0,0
City of London Academy - Southwark EABL,"Alex Morentin, Bilal Olowoshile, Daniel Banjoko, David Banjoko, Jacob Hannick",Oaklands Wolves EABL,"Daniel Kostadinov, Dylan Gladstone, Gavin Mitchell, Liam Mcintosh, Tristan Mcintosh",1,75,1.2,1.9,2,1,2,50,0,1,0,0,0,0,1,1,2,0,0,1,1,0,2,1,3,33.3,0,1,0,0,0,0,1,0,1,0,1,0,0,1,1.9,1.9,103.6,103.6,0,103.6,103.6,0,0,0,0,0,0,0,0,0,0,0,0,0,0,0,0,0,0,0,0,0,0,0,0,0,0,0,0,0,0,0,0,0,0
City of London Academy - Southwark EABL,"Andrew Nwokolo, Daniel Banjoko, David Banjoko, Rafi Testfay, Toby Gass",Oaklands Wolves EABL,"Daniel Kostadinov, Gavin Mitchell, Guisepi Augenti, Huxley Morrell, Liam Mcintosh",1,71,1.2,1.9,0,0,1,0,0,1,0,0,2,0,0,1,1,0,0,0,0,0,2,1,3,33.3,0,1,0,0,0,0,1,2,3,0,0,0,0,1,1.9,1.9,0,103.6,-103.6,103.6,0,103.6,-2,0,0,0,0,0,0,0,0,0,0,0,0,0,0,0,0,0,0,0,0,0,0,0,0,0,0,0,0,0,0,0,0
City of London Academy - Southwark EABL,"Alex Morentin, Barack Manfo-Marc, Dante Patel, Ruben Nunn, Sharmake Shirwac",Oaklands Wolves EABL,"Daniel Kostadinov, Dylan Gladstone, Kajus Gasperas, Liam Mcintosh, Tristan Mcintosh",1,46,0.8,1.9,2,1,3,33.3,0,0,0,0,0,0,1,0,1,0,2,0,0,0,0,0,1,0,0,1,0,0,0,0,1,1,2,0,0,0,2,1,1.9,1.9,103.6,0,103.6,0,103.6,-103.6,2,0,0,0,0,0,0,0,0,0,0,0,0,0,0,0,0,0,0,0,0,0,0,0,0,0,0,0,0,0,0,0,0
BMET City of Birmingham Rockets EABL,"Guridat Singh, Jonathan Agbeze, Jude Hyland, Larry Duru, Philip Basioudis",Charnwood College Riders EABL,"Davin Hanousek, Lewis Stevenson, Pharrell Kattah, Rudy Buckingham, Tom Pearson",1,42,0.7,1.9,4,2,2,100,0,0,0,0,0,0,0,0,0,1,0,0,0,1,2,0,0,0,0,0,0,2,2,100,0,0,0,1,0,0,1,1,2.0,1.9,200,106.4,93.6,106.4,200,-93.6,2,0,0,0,0,0,0,0,0,0,0,0,0,0,0,0,0,0,0,0,0,0,0,0,0,0,0,0,0,0,0,0,0
BMET City of Birmingham Rockets EABL,"George Angoy, Guridat Singh, Jude Hyland, Larry Duru, Philip Basioudis",Charnwood College Riders EABL,"Luca Boothe, Pharrell Kattah, Rudy Buckingham, Tristan Curran, Zavier Gleadell-Smith",1,82,1.4,1.9,1,0,1,0,0,1,0,1,2,50,0,0,0,1,0,0,0,0,5,2,3,66.7,1,2,50,0,0,0,1,2,3,1,0,0,0,1,1.9,1.9,53.2,259.1,-205.9,259.1,53.2,205.9,-4,0,0,0,0,0,0,0,0,0,0,0,0,0,0,0,0,0,0,0,0,0,0,0,0,0,0,0,0,0,0,0,0
Itchen College EABL,"Dawid Cimochowski, Elijah Lotriet, Jakub Ofman, Richard Radu, Thomas Blower",HHS Reading Rockets EABL,"Can Okumus, Ethan Harrington, James Waterhouse, Luca Bakary, Malachi Hassan-Taylor",1,36,0.6,1.9,3,1,1,100,1,1,100,0,0,0,0,0,0,1,0,0,1,2,2,1,1,100,0,0,0,0,2,0,1,0,1,0,1,0,0,0,2.0,1.9,150,106.4,43.6,106.4,150,-43.6,1,0,0,0,0,0,0,0,0,0,0,0,0,0,0,0,0,0,0,0,0,0,0,0,0,0,0,0,0,0,0,0,0
Itchen College EABL,"Elijah Lotriet, Ethan Round, Javen Osei-Owusu, Mason Yeates, Thomas Blower",HHS Reading Rockets EABL,"Can Okumus, Joseph Mackinnon, Lazure Franicis, Luca Bakary, Nicholas Dent",1,60,1.0,1.9,2,0,2,0,0,0,0,2,2,100,1,1,2,0,0,0,0,2,0,0,1,0,0,0,0,0,0,0,0,1,1,0,0,0,1,0,1.8,2.0,110.5,0,110.5,0,110.5,-110.5,2,0,0,0,0,0,0,0,0,0,0,0,0,0,0,0,0,0,0,0,0,0,0,0,0,0,0,0,0,0,0,0,0
Derby College Trailblazers EABL,"Casey Burr, Jarom Howlett, Liyo Ngomti, Rohan Hobday, William Tallon",Myerscough College EABL,"Ayo Ibirinde, Cesar Sanchez Falette, Harry Sheehan, Jakub Bobkowski, Sayomi Latidan",1,28,0.5,1.9,0,0,1,0,0,1,0,0,0,0,0,0,0,0,1,0,0,2,2,0,0,0,0,0,0,2,4,50,1,1,2,0,0,0,1,0,1.0,2.8,0,72.5,-72.5,72.5,0,72.5,-2,0,0,0,0,0,0,0,0,0,0,0,0,0,0,0,0,0,0,0,0,0,0,0,0,0,0,0,0,0,0,0,0
Manchester Magic Academy EABL,"David Allotey, Harley Blake, Jack Walton, Nathan Brown, Oluwademilade Babalola",SGS College EABL,"Antoine Bennett, Dylan Lloyd, Kevin Ramirez Mora, Marcos Perez Tosca, Shaquan Nelson",1,41,0.7,1.9,0,0,0,0,0,0,0,0,0,0,0,0,0,0,0,0,2,1,4,1,1,100,0,0,0,2,2,100,0,0,0,1,2,0,0,0,2.0,1.9,0,212.8,-212.8,212.8,0,212.8,-4,0,0,0,0,0,0,0,0,0,0,0,0,0,0,0,0,0,0,0,0,0,0,0,0,0,0,0,0,0,0,0,0
Manchester Magic Academy EABL,"Abraham Sagay Isiorho, David Allotey, Jack Walton, Samy Sidi-Boumedine, Tom Richardson",SGS College EABL,"Abubakar Odowa, Imam Toure, Marcos Pospori, Martin Alburo, Reuben Roach",1,69,1.1,1.9,3,1,4,25,1,2,50,0,0,0,2,1,3,1,1,0,0,0,0,0,1,0,0,0,0,0,0,0,0,1,1,0,0,0,1,0,1.9,2.0,161.3,0,161.3,0,161.3,-161.3,3,0,0,0,0,0,0,0,0,0,0,0,0,0,0,0,0,0,0,0,0,0,0,0,0,0,0,0,0,0,0,0,0
Oaklands Wolves EABL,"Daniel Kostadinov, Dylan Gladstone, Enzo Da Cruz Fatuda, Gavin Mitchell, Huxley Morrell",Barking Abbey EABL,"Alaxanda Nwabueze, Folarin Oguntuase, Kervy Mabaya, Munyaradzi Myamutenha, Raphael Connolly",1,52,0.9,1.9,2,0,1,0,0,0,0,2,2,100,0,0,0,0,2,0,0,0,0,0,2,0,0,1,0,0,0,0,2,1,3,0,0,0,2,1,1.9,1.9,106.4,0,106.4,0,106.4,-106.4,2,0,0,0,0,0,0,0,0,0,0,0,0,0,0,0,0,0,0,0,0,0,0,0,0,0,0,0,0,0,0,0,0
Oaklands Wolves EABL,"Daniel Kostadinov, Dylan Gladstone, Gavin Mitchell, Liam Mcintosh, Tristan Mcintosh",Barking Abbey EABL,"Amari Maitland, Kervy Mabaya, Micael Filho, Oskaras Visockas, Raphael Connolly",1,94,1.6,1.9,2,1,2,50,0,0,0,0,0,0,1,1,2,0,0,1,1,1,2,0,2,0,0,1,0,2,2,100,1,0,1,0,1,0,0,0,1.9,1.8,103.6,110.5,-6.9,110.5,103.6,6.9,0,0,0,0,0,0,0,0,0,0,0,0,0,0,0,0,0,0,0,0,0,0,0,0,0,0,0,0,0,0,0,0,0
Copleston High School EABL,"Grant Millar, Isaac Carty-Peters, Luke Read, Matthew Liddamore, Noah Wilkinson",Oaklands Wolves EABL,"Daniel Kostadinov, Dylan Gladstone, Enzo Da Cruz Fatuda, Gavin Mitchell, Tristan Mcintosh",1,36,0.6,1.9,0,0,1,0,0,1,0,0,0,0,0,0,0,0,0,0,1,1,3,0,0,0,0,0,0,3,4,75,0,1,1,0,0,0,0,0,2.0,1.8,0,170.5,-170.5,170.5,0,170.5,-3,0,0,0,0,0,0,0,0,0,0,0,0,0,0,0,0,0,0,0,0,0,0,0,0,0,0,0,0,0,0,0,0
Copleston High School EABL,"Angus Hickey, Callum Fobister, Mason Wells, Matthew Liddamore, Noah Wilkinson",Oaklands Wolves EABL,"Daniel Kostadinov, Gavin Mitchell, Huxley Morrell, Liam Mcintosh, Tristan Mcintosh",1,50,0.8,1.9,3,1,1,100,1,1,100,0,0,0,0,0,0,1,0,0,1,1,4,1,2,50,0,1,0,2,2,100,1,0,1,1,1,0,0,0,2.0,1.8,150,221,-71,221,150,71,-1,0,0,0,0,0,0,0,0,0,0,0,0,0,0,0,0,0,0,0,0,0,0,0,0,0,0,0,0,0,0,0,0
Itchen College EABL,"Benjamin Cope, Elijah Lotriet, Ethan Round, Javen Osei-Owusu, Mason Yeates",City of London Academy - Southwark EABL,"Daniel Banjoko, Dante Patel, David Banjoko, Sharmake Shirwac, Toby Gass",1,47,0.8,1.9,0,0,2,0,0,1,0,0,0,0,0,1,1,0,0,0,0,1,1,0,2,0,0,1,0,1,2,50,1,2,3,0,0,0,0,0,2.0,1.8,0,55.2,-55.2,55.2,0,55.2,-1,0,0,0,0,0,0,0,0,0,0,0,0,0,0,0,0,0,0,0,0,0,0,0,0,0,0,0,0,0,0,0,0
Itchen College EABL,"Dawid Cimochowski, Elijah Lotriet, Ethan Round, Javen Osei-Owusu, Richard Radu",City of London Academy - Southwark EABL,"Andrew Nwokolo, Daniel Banjoko, Dante Patel, David Banjoko, Toby Gass",1,17,0.3,1.9,0,0,0,0,0,0,0,0,0,0,0,0,0,0,0,0,2,1,3,1,1,100,0,0,0,1,2,50,0,0,0,2,1,0,0,0,2.0,1.9,0,159.6,-159.6,159.6,0,159.6,-3,0,0,0,0,0,0,0,0,0,0,0,0,0,0,0,0,0,0,0,0,0,0,0,0,0,0,0,0,0,0,0,0
Charnwood College Riders EABL,"Asa Oyerinde, Davin Hanousek, Fahad Saeed, Luca Boothe, Stanley Morris",Manchester Magic Academy EABL,"Abraham Sagay Isiorho, David Allotey, Harley Blake, Tiego Weekes, Tom Richardson",1,53,0.9,1.9,4,1,1,100,0,0,0,2,2,100,0,0,0,0,1,0,0,0,2,1,1,100,0,0,0,0,0,0,0,0,0,1,0,0,1,1,1.9,2.0,212.8,100,112.8,100,212.8,-112.8,2,0,0,0,0,0,0,0,0,0,0,0,0,0,0,0,0,0,0,0,0,0,0,0,0,0,0,0,0,0,0,0,0
Myerscough College EABL,"Daniel Okhuoya, Harry Sheehan, Jakub Bobkowski, Olivier Esingle, Sayomi Latidan",SGS College EABL,"Antoine Bennett, Dylan Lloyd, Kayden Richards, Marcos Pospori, Martin Alburo",1,47,0.8,1.9,4,2,2,100,0,0,0,0,0,0,0,2,2,1,0,0,0,0,1,0,1,0,0,0,0,1,2,50,0,0,0,0,0,0,0,0,2.0,1.9,200,53.2,146.8,53.2,200,-146.8,3,0,0,0,0,0,0,0,0,0,0,0,0,0,0,0,0,0,0,0,0,0,0,0,0,0,0,0,0,0,0,0,0
Copleston High School EABL,"Harry Hodgson, Isaac Little, Mason Wells, Matthew Liddamore, Noah Wilkinson",Itchen College EABL,"George Andrews, Leo Diala-Bevan, Reuel Matthias, Richard Radu, Thomas Blower",1,33,0.6,1.9,2,0,1,0,0,1,0,2,2,100,0,1,1,0,0,1,0,0,1,0,1,0,0,0,0,1,2,50,0,1,1,0,0,0,0,1,1.9,1.9,106.4,53.2,53.2,53.2,106.4,-53.2,1,0,0,0,0,0,0,0,0,0,0,0,0,0,0,0,0,0,0,0,0,0,0,0,0,0,0,0,0,0,0,0,0
Manchester Magic Academy EABL,"Jack Walton, Lewis Clayton, Oluwademilade Babalola, Samy Sidi-Boumedine, Tarique Kamal Kazmi",Myerscough College EABL,"Cesar Sanchez Falette, Daniel Okhuoya, Jakub Bobkowski, Olivier Esingle, Sayomi Latidan",1,38,0.6,1.9,0,0,1,0,0,1,0,0,0,0,0,0,0,0,0,0,0,0,6,2,2,100,1,1,100,1,2,50,1,1,2,1,0,0,0,0,1.0,2.9,0,208.3,-208.3,208.3,0,208.3,-6,0,0,0,0,0,0,0,0,0,0,0,0,0,0,0,0,0,0,0,0,0,0,0,0,0,0,0,0,0,0,0,0
Manchester Magic Academy EABL,"Harley Blake, Jack Walton, Nathan Brown, Tarique Kamal Kazmi, Tom Richardson",Myerscough College EABL,"Jakub Bobkowski, Olivier Esingle, Salomi Latidan, Sayomi Latidan, Zach Trezvant",1,23,0.4,1.9,0,0,2,0,0,0,0,0,0,0,0,0,0,0,1,0,0,1,2,1,3,33.3,0,1,0,0,0,0,2,2,4,0,0,0,1,0,2.0,1.9,0,107.5,-107.5,107.5,0,107.5,-2,0,0,0,0,0,0,0,0,0,0,0,0,0,0,0,0,0,0,0,0,0,0,0,0,0,0,0,0,0,0,0,0
SGS College EABL,"Abubakar Odowa, Kevin Ramirez Mora, Luka Matthews, Martin Alburo, Shaquan Nelson",BMET City of Birmingham Rockets EABL,"Abdou Camara, Issac Gisbourne, Jonathan Agbeze, Jude Hyland, Philip Basioudis",1,38,0.6,1.9,4,1,2,50,0,0,0,2,2,100,1,1,2,1,0,1,0,0,0,0,1,0,0,0,0,0,0,0,0,0,0,0,0,0,1,1,1.8,2.0,221,0,221,0,221,-221,4,0,0,0,0,0,0,0,0,0,0,0,0,0,0,0,0,0,0,0,0,0,0,0,0,0,0,0,0,0,0,0,0
Oaklands Wolves EABL,"Daniel Kostadinov, Dylan Gladstone, Enzo Da Cruz Fatuda, Gavin Mitchell, Tristan Mcintosh",HHS Reading Rockets EABL,"Can Okumus, Ethan Harrington, Joseph Mackinnon, Matthew Daines, Nicholas Dent",1,62,1.0,1.9,0,0,1,0,0,0,0,0,0,0,0,0,0,0,0,0,1,1,3,1,1,100,0,0,0,1,2,50,0,1,1,0,1,0,0,0,2.0,1.9,0,159.6,-159.6,159.6,0,159.6,-3,0,0,0,0,0,0,0,0,0,0,0,0,0,0,0,0,0,0,0,0,0,0,0,0,0,0,0,0,0,0,0,0
BMET City of Birmingham Rockets EABL,"George Angoy, Issac Gisbourne, Jonathan Agbeze, Larry Duru, Philip Basioudis",Myerscough College EABL,"Ayo Ibirinde, Cesar Sanchez Falette, Fin Morgan, Harry Sheehan, Layjuan Farrell",1,46,0.8,1.9,0,0,1,0,0,1,0,0,2,0,0,0,0,0,0,0,0,0,2,1,1,100,0,0,0,0,0,0,0,2,2,1,0,0,1,0,1.9,2.0,0,100,-100,100,0,100,-2,0,0,0,0,0,0,0,0,0,0,0,0,0,0,0,0,0,0,0,0,0,0,0,0,0,0,0,0,0,0,0,0
SGS College EABL,"Abubakar Odowa, Imam Toure, Luka Matthews, Shaquan Nelson, Zion Lawson",Charnwood College Riders EABL,"Andrew Young, Fahad Saeed, Harrison Mcglone, James Hardy, Pharrell Kattah",1,45,0.8,1.9,0,0,1,0,0,1,0,0,2,0,0,1,1,0,0,1,0,0,2,1,2,50,0,1,0,0,0,0,0,2,2,1,0,0,0,0,1.9,2.0,0,100,-100,100,0,100,-2,0,0,0,0,0,0,0,0,0,0,0,0,0,0,0,0,0,0,0,0,0,0,0,0,0,0,0,0,0,0,0,0
SGS College EABL,"Imam Toure, Kevin Ramirez Mora, Luka Matthews, Marcos Perez Tosca, Shaquan Nelson",Charnwood College Riders EABL,"Okeri Hambira, Pharrell Kattah, Stanley Morris, Tom Pearson, Tristan Curran",1,106,1.8,1.9,0,0,3,0,0,0,0,0,0,0,2,1,3,0,0,0,0,0,6,2,5,40,2,4,50,0,0,0,2,1,3,2,0,0,0,1,0.9,2.9,0,209.8,-209.8,209.8,0,209.8,-6,0,0,0,0,0,0,0,0,0,0,0,0,0,0,0,0,0,0,0,0,0,0,0,0,0,0,0,0,0,0,0,0
Barking Abbey EABL,"Alexanda Nwabueze, Harry Egbayelo, Micael Filho, Oskaras Visockas, Raphael Connolly",Copleston High School EABL,"Angus Hickey, Grant Millar, Isaac Little, Noah Wilkinson, Timothy Rafiu",1,63,1.1,1.9,1,0,1,0,0,1,0,1,2,50,2,0,2,0,0,0,2,1,2,1,1,100,0,0,0,0,0,0,0,0,0,0,2,0,0,0,2.8,1.0,35.6,200,-164.4,200,35.6,164.4,-1,0,0,0,0,0,0,0,0,0,0,0,0,0,0,0,0,0,0,0,0,0,0,0,0,0,0,0,0,0,0,0,0
Barking Abbey EABL,"Alexanda Nwabueze, Francesco Cole, Harry Egbayelo, Heath Parkin, Kimbe N'gabala",Copleston High School EABL,"Grant Millar, Mason Wells, Noah Wilkinson, Oliver Drane, Timothy Rafiu",1,53,0.9,1.9,3,1,1,100,0,0,0,1,2,50,0,2,2,1,0,0,0,0,0,0,3,0,0,2,0,0,0,0,1,1,2,0,0,0,0,0,1.9,1.9,159.6,0,159.6,0,159.6,-159.6,3,0,0,0,0,0,0,0,0,0,0,0,0,0,0,0,0,0,0,0,0,0,0,0,0,0,0,0,0,0,0,0,0
City of London Academy - Southwark EABL,"Andrew Nwokolo, Daniel Banjoko, Dante Patel, David Banjoko, Toby Gass",HHS Reading Rockets EABL,"Ethan Harrington, James Waterhouse, Luca Bakary, Malachi Hassan-Taylor, Matthew Daines",1,31,0.5,1.9,4,2,2,100,0,0,0,0,1,0,1,0,1,1,0,0,0,1,3,1,1,100,0,0,0,1,1,100,0,0,0,0,0,0,0,0,2.4,1.4,163.9,208.3,-44.4,208.3,163.9,44.4,1,0,0,0,0,0,0,0,0,0,0,0,0,0,0,0,0,0,0,0,0,0,0,0,0,0,0,0,0,0,0,0,0
City of London Academy - Southwark EABL,"Alex Morentin, Andrew Nwokolo, Bilal Olowoshile, Dante Patel, Louis Thompson",HHS Reading Rockets EABL,"Ethan Harrington, James Waterhouse, Joseph Mackinnon, Lazure Franicis, Matthew Daines",1,89,1.5,1.9,0,0,2,0,0,0,0,0,2,0,2,1,3,0,0,0,0,1,3,1,1,100,1,1,100,0,1,0,0,1,1,0,0,0,1,1,1.5,2.4,0,123,-123,123,0,123,-3,0,0,0,0,0,0,0,0,0,0,0,0,0,0,0,0,0,0,0,0,0,0,0,0,0,0,0,0,0,0,0,0
Barking Abbey EABL,"Alexanda Nwabueze, Joshua Mendes, Micael Filho, Oskaras Visockas, Raphael Connolly",Itchen College EABL,"Ethan Round, Javen Osei-Owusu, Mason Yeates, Richard Radu, Thomas Blower",1,104,1.7,1.9,3,1,2,50,0,1,0,1,2,50,1,1,2,0,0,0,0,0,2,1,3,33.3,0,2,0,0,0,0,1,0,1,0,0,0,0,1,1.8,1.9,165.7,103.6,62.1,103.6,165.7,-62.1,1,0,0,0,0,0,0,0,0,0,0,0,0,0,0,0,0,0,0,0,0,0,0,0,0,0,0,0,0,0,0,0,0
Barking Abbey EABL,"Alexanda Nwabueze, Joshua Mendes, Kervy Mabaya, Micael Filho, Oskaras Visockas",Itchen College EABL,"Benjamin Cope, Elijah Lotriet, Ethan Round, Marley Edwards, Mason Yeates",1,48,0.8,1.9,3,1,1,100,0,0,0,1,2,50,0,0,0,0,0,0,0,0,2,1,1,100,0,0,0,0,0,0,0,1,1,0,0,0,1,0,1.9,2.0,159.6,100,59.6,100,159.6,-59.6,1,0,0,0,0,0,0,0,0,0,0,0,0,0,0,0,0,0,0,0,0,0,0,0,0,0,0,0,0,0,0,0,0
City of London Academy - Southwark EABL,"Andrew Nwokolo, Daniel Banjoko, Jacob Hannick, Ruben Cryer, Toby Gass",Copleston High School EABL,"Callum Fobister, Grant Millar, Matthew Liddamore, Noah Wilkinson, Timothy Rafiu",1,71,1.2,1.9,2,1,4,25,0,2,0,0,0,0,3,1,4,0,1,1,1,0,0,0,1,0,0,0,0,0,0,0,0,0,0,0,0,0,1,2,1.8,2.0,111.7,0,111.7,0,111.7,-111.7,2,0,0,0,0,0,0,0,0,0,0,0,0,0,0,0,0,0,0,0,0,0,0,0,0,0,0,0,0,0,0,0,0
City of London Academy - Southwark EABL,"Alex Morentin, Andrew Nwokolo, Dante Patel, Jacob Hannick, Louis Thompson",Copleston High School EABL,"Callum Fobister, Elijah Tamakloe, Grant Millar, Matthew Liddamore, Noah Wilkinson",1,72,1.2,1.9,0,0,1,0,0,0,0,0,0,0,0,0,0,0,1,0,2,0,0,0,2,0,0,2,0,0,0,0,1,0,1,0,1,0,1,0,3.0,0.9,0,0,0,0,0,0,0,0,0,0,0,0,0,0,0,0,0,0,0,0,0,0,0,0,0,0,0,0,0,0,0,0,0,0,0,0,0,0,0
HHS Reading Rockets EABL,"Can Okumus, James Waterhouse, Joseph Mackinnon, Malachi Hassan-Taylor, Matthew Daines",Oaklands Wolves EABL,"Daniel Kostadinov, Enzo Da Cruz Fatuda, Ethan Ryan, Gavin Mitchell, Liam Mcintosh",1,78,1.3,1.9,0,0,2,0,0,0,0,0,0,0,0,0,0,0,0,0,0,0,4,2,4,50,0,1,0,0,0,0,2,2,4,1,0,1,0,0,2.0,1.9,0,215.1,-215.1,215.1,0,215.1,-4,0,0,0,0,0,0,0,0,0,0,0,0,0,0,0,0,0,0,0,0,0,0,0,0,0,0,0,0,0,0,0,0
Barking Abbey EABL,"Alexanda Nwabueze, Heath Parkin, Joshua Mendes, Kimbe N'gabala, Oskaras Visockas",City of London Academy - Southwark EABL,"Bilal Olowoshile, Daniel Banjoko, Jacob Hannick, Ruben Cryer, Toby Gass",1,40,0.7,1.9,3,1,2,50,1,2,50,0,0,0,0,1,1,1,0,0,0,0,3,1,1,100,0,0,0,1,2,50,0,0,0,2,0,0,0,0,2.0,1.9,150,159.6,-9.6,159.6,150,9.6,0,0,0,0,0,0,0,0,0,0,0,0,0,0,0,0,0,0,0,0,0,0,0,0,0,0,0,0,0,0,0,0,0
Barking Abbey EABL,"Alexanda Nwabueze, Joshua Mendes, Micael Filho, Oskaras Visockas, Raphael Connolly",City of London Academy - Southwark EABL,"Andrew Nwokolo, Bilal Olowoshile, Daniel Banjoko, David Banjoko, Toby Gass",1,43,0.7,1.9,1,0,1,0,0,0,0,1,2,50,0,0,0,0,1,0,1,0,0,0,0,0,0,0,0,0,0,0,0,1,1,0,0,0,1,0,2.9,1.0,34.7,0,34.7,0,34.7,-34.7,1,0,0,0,0,0,0,0,0,0,0,0,0,0,0,0,0,0,0,0,0,0,0,0,0,0,0,0,0,0,0,0,0
Itchen College EABL,"Ethan Round, George Andrews, Jakub Ofman, Mason Yeates, Richard Radu",Barking Abbey EABL,"Alaxanda Nwabueze, Amari Maitland, Folarin Oguntuase, Oskaras Visockas, Raphael Connolly",1,89,1.5,1.9,3,1,3,33.3,1,2,50,0,0,0,0,0,0,1,1,0,0,0,0,0,4,0,0,2,0,0,0,0,2,2,4,0,0,0,1,0,3.0,0.7,100,0,100,0,100,-100,3,0,0,0,0,0,0,0,0,0,0,0,0,0,0,0,0,0,0,0,0,0,0,0,0,0,0,0,0,0,0,0,0
Itchen College EABL,"Benjamin Cope, Ethan Round, Jakub Ofman, Javen Osei-Owusu, Mason Yeates",Barking Abbey EABL,"Amari Maitland, Joshua Mendes, Micael Filho, Raphael Connolly, Solomon Dobson Smith",1,57,0.9,1.9,5,1,1,100,1,1,100,2,2,100,0,0,0,1,0,0,0,0,6,2,2,100,2,2,100,0,0,0,0,0,0,1,0,0,0,0,1.9,2.0,266,300,-34,300,266,34,-1,0,0,0,0,0,0,0,0,0,0,0,0,0,0,0,0,0,0,0,0,0,0,0,0,0,0,0,0,0,0,0,0
Itchen College EABL,"Dawid Cimochowski, Ethan Round, Jakub Ofman, Richard Radu, Thomas Blower",Barking Abbey EABL,"Amari Maitland, Joshua Mendes, Kervy Mabaya, Oskaras Visockas, Raphael Connolly",1,57,0.9,1.9,2,1,1,100,0,0,0,0,0,0,0,0,0,1,0,0,1,1,3,1,1,100,0,0,0,1,2,50,0,0,0,0,1,0,0,0,2.0,1.9,100,159.6,-59.6,159.6,100,59.6,-1,0,0,0,0,0,0,0,0,0,0,0,0,0,0,0,0,0,0,0,0,0,0,0,0,0,0,0,0,0,0,0,0
Derby College Trailblazers EABL,"Casey Burr, George Pastor, Jarom Howlett, Liyo Ngomti, Matheo Smith-Fjordland",SGS College EABL,"Abubakar Odowa, Imam Toure, Marcos Perez Tosca, Ryan Cabrera, Zion Lawson",1,68,1.1,1.9,0,0,2,0,0,0,0,0,0,0,0,1,1,0,0,0,0,2,2,0,1,0,0,1,0,2,2,100,0,2,2,0,0,0,0,0,2.0,1.9,0,106.4,-106.4,106.4,0,106.4,-2,0,0,0,0,0,0,0,0,0,0,0,0,0,0,0,0,0,0,0,0,0,0,0,0,0,0,0,0,0,0,0,0
Myerscough College EABL,"Cesar Sanchez Falette, Harry Sheehan, Jakub Bobkowski, Sayomi Latidan, Zach Trezvant",Charnwood College Riders EABL,"Pharrell Kattah, Rudy Buckingham, Tom Pearson, Tristan Curran, Zavier Gleadell-Smith",1,68,1.1,1.9,1,0,0,0,0,0,0,1,2,50,0,0,0,0,1,0,1,0,0,0,0,0,0,0,0,0,0,0,0,0,0,0,0,0,2,0,1.9,2.0,53.2,0,53.2,0,53.2,-53.2,1,0,0,0,0,0,0,0,0,0,0,0,0,0,0,0,0,0,0,0,0,0,0,0,0,0,0,0,0,0,0,0,0
Oaklands Wolves EABL,"Dylan Gladstone, Enzo Da Cruz Fatuda, Gavin Mitchell, Huxley Morrell, Tristan Mcintosh",City of London Academy - Southwark EABL,"Andrew Nwokolo, Bilal Olowoshile, Daniel Banjoko, Dante Patel, David Banjoko",1,71,1.2,1.9,0,0,2,0,0,2,0,0,0,0,1,1,2,0,0,0,1,0,2,1,3,33.3,0,1,0,0,0,0,1,1,2,1,1,0,0,0,1.9,1.9,0,103.6,-103.6,103.6,0,103.6,-2,0,0,0,0,0,0,0,0,0,0,0,0,0,0,0,0,0,0,0,0,0,0,0,0,0,0,0,0,0,0,0,0
Oaklands Wolves EABL,"Daniel Kostadinov, Dylan Gladstone, Enzo Da Cruz Fatuda, Gavin Mitchell, Huxley Morrell",City of London Academy - Southwark EABL,"Andrew Nwokolo, Daniel Banjoko, Dante Patel, Jacob Hannick, Toby Gass",1,12,0.2,1.9,0,0,0,0,0,0,0,0,0,0,0,0,0,0,0,0,2,1,4,1,1,100,0,0,0,2,2,100,0,0,0,1,2,0,0,0,2.0,1.9,0,212.8,-212.8,212.8,0,212.8,-4,0,0,0,0,0,0,0,0,0,0,0,0,0,0,0,0,0,0,0,0,0,0,0,0,0,0,0,0,0,0,0,0
Oaklands Wolves EABL,"Daniel Kostadinov, Dylan Gladstone, Enzo Da Cruz Fatuda, Gavin Mitchell, Tristan Mcintosh",City of London Academy - Southwark EABL,"Andrew Nwokolo, Bilal Olowoshile, Daniel Banjoko, Dante Patel, Ruben Cryer",1,59,1.0,1.9,1,0,1,0,0,0,0,1,2,50,0,1,1,0,1,0,0,0,0,0,2,0,0,0,0,0,0,0,1,1,2,0,0,0,1,1,1.9,1.9,53.2,0,53.2,0,53.2,-53.2,1,0,0,0,0,0,0,0,0,0,0,0,0,0,0,0,0,0,0,0,0,0,0,0,0,0,0,0,0,0,0,0,0
HHS Reading Rockets EABL,"Alfie King, Can Okumus, Lazure Francis, Luca Bakary, Matthew Daines",Barking Abbey EABL,"Folarin Oguntuase, Kervy Mabaya, Micael Filho, Oskaras Visockas, Solomon Dobson Smith",1,67,1.1,1.9,1,0,1,0,0,1,0,1,2,50,0,0,0,1,0,0,0,0,2,1,2,50,0,0,0,0,0,0,0,1,1,1,0,0,0,1,1.9,2.0,53.2,100,-46.8,100,53.2,46.8,-1,0,0,0,0,0,0,0,0,0,0,0,0,0,0,0,0,0,0,0,0,0,0,0,0,0,0,0,0,0,0,0,0
Copleston High School EABL,"Callum Fobister, Grant Millar, Isaac Carty-Peters, Isaac Little, Timothy Rafiu",City of London Academy - Southwark EABL,"Alex Morentin, Daniel Banjoko, Jacob Hannick, Nyakeh Senessie, Sharmake Shirwac",1,65,1.1,1.9,3,1,1,100,1,1,100,0,0,0,0,1,1,1,0,0,1,1,3,1,1,100,0,0,0,1,2,50,0,0,0,0,1,0,0,1,2.0,1.9,150,159.6,-9.6,159.6,150,9.6,0,0,0,0,0,0,0,0,0,0,0,0,0,0,0,0,0,0,0,0,0,0,0,0,0,0,0,0,0,0,0,0,0
SGS College EABL,"Abubakar Odowa, Kayden Richards, Kevin Ramirez Mora, Luka Matthews, Martin Alburo",Manchester Magic Academy EABL,"Abraham Sagay Isiorho, David Allotey, Jack Odongo, Jack Walton, Oluwademilade Babalola",1,38,0.6,1.9,0,0,1,0,0,0,0,0,0,0,0,1,1,0,0,0,1,0,1,0,1,0,0,1,0,1,2,50,0,1,1,0,0,0,0,0,2.0,1.9,0,53.2,-53.2,53.2,0,53.2,-1,0,0,0,0,0,0,0,0,0,0,0,0,0,0,0,0,0,0,0,0,0,0,0,0,0,0,0,0,0,0,0,0
SGS College EABL,"Abubakar Odowa, Dylan Lloyd, Imam Toure, Kevin Ramirez Mora, Martin Alburo",Manchester Magic Academy EABL,"Allan Adetula, David Allotey, Harley Blake, Tiego Weekes, Tom Richardson",1,81,1.4,1.9,4,2,4,50,0,2,0,0,0,0,1,2,3,1,0,0,0,0,0,0,2,0,0,0,0,0,0,0,0,0,0,0,0,0,0,0,1.9,2.0,215.1,0,215.1,0,215.1,-215.1,4,0,0,0,0,0,0,0,0,0,0,0,0,0,0,0,0,0,0,0,0,0,0,0,0,0,0,0,0,0,0,0,0
Charnwood College Riders EABL,"Andrew Young, Fahad Saeed, Pharrell Kattah, Rudy Buckingham, Tom Pearson",BMET City of Birmingham Rockets EABL,"Jonathan Agbeze, Jude Hyland, Larry Duru, Philip Basioudis, Simba Chikukwa",1,34,0.6,1.9,1,0,0,0,0,0,0,1,2,50,0,0,0,1,0,0,1,1,3,1,1,100,0,0,0,1,2,50,0,0,0,0,1,0,0,1,1.9,1.9,53.2,159.6,-106.4,159.6,53.2,106.4,-2,0,0,0,0,0,0,0,0,0,0,0,0,0,0,0,0,0,0,0,0,0,0,0,0,0,0,0,0,0,0,0,0
Myerscough College EABL,"Cesar Sanchez Falette, Jakub Bobkowski, Olivier Esingle, Sayomi Latidan, Zach Trezvant",Derby College Trailblazers EABL,"Casey Burr, Elias Norman, George Pastor, Julian Lemanski, Kaleel Otaye",1,48,0.8,1.9,3,1,2,50,1,2,50,0,2,0,1,1,2,1,1,0,0,0,0,0,1,0,0,1,0,0,0,0,0,0,0,0,0,0,1,1,1.8,2.0,165.7,0,165.7,0,165.7,-165.7,3,0,0,0,0,0,0,0,0,0,0,0,0,0,0,0,0,0,0,0,0,0,0,0,0,0,0,0,0,0,0,0,0
Barking Abbey EABL,"Kervy Mabaya, Micael Filho, Oskaras Visockas, Raphael Connolly, Solomon Dobson Smith",Oaklands Wolves EABL,"Blaine Thompson, Enzo Da Cruz Fatuda, Huxley Morrell, Liam Mcintosh, Tristan Mcintosh",1,49,0.8,1.9,0,0,2,0,0,1,0,0,0,0,0,1,1,0,0,1,0,1,1,0,1,0,0,0,0,1,2,50,0,2,2,0,0,0,0,0,2.0,1.9,0,53.2,-53.2,53.2,0,53.2,-1,0,0,0,0,0,0,0,0,0,0,0,0,0,0,0,0,0,0,0,0,0,0,0,0,0,0,0,0,0,0,0,0
Barking Abbey EABL,"Alaxanda Nwabueze, Joshua Mendes, Kervy Mabaya, Micael Filho, Oskaras Visockas",Oaklands Wolves EABL,"Blaine Thompson, Dylan Gladstone, Enzo Da Cruz Fatuda, Liam Mcintosh, Tristan Mcintosh",1,30,0.5,1.9,3,1,1,100,1,1,100,0,0,0,0,2,2,1,0,0,1,0,0,0,1,0,0,0,0,0,2,0,0,0,0,0,0,0,0,0,2.0,1.9,150,0,150,0,150,-150,3,0,0,0,0,0,0,0,0,0,0,0,0,0,0,0,0,0,0,0,0,0,0,0,0,0,0,0,0,0,0,0,0
Barking Abbey EABL,"Joshua Mendes, Micael Filho, Oskaras Visockas, Raphael Connolly, Solomon Dobson Smith",Oaklands Wolves EABL,"Blaine Thompson, Daniel Kostadinov, Dylan Gladstone, Enzo Da Cruz Fatuda, Tristan Mcintosh",1,104,1.7,1.9,0,0,3,0,0,1,0,0,0,0,1,0,1,0,0,0,0,0,1,0,1,0,0,1,0,1,2,50,0,2,2,0,0,0,0,0,1.9,1.9,0,53.2,-53.2,53.2,0,53.2,-1,0,0,0,0,0,0,0,0,0,0,0,0,0,0,0,0,0,0,0,0,0,0,0,0,0,0,0,0,0,0,0,0
HHS Reading Rockets EABL,"Can Okumus, Ethan Harrington, James Waterhouse, Joseph Mackinnon, Lazure Francis",Itchen College EABL,"Elijah Lotriet, Ethan Round, Javen Osei-Owusu, Mason Yeates, Richard Radu",1,49,0.8,1.9,4,1,1,100,1,1,100,1,2,50,0,0,0,0,0,0,0,1,4,2,3,66.7,0,0,0,0,0,0,1,1,2,1,0,0,0,0,1.9,1.9,212.8,207.3,5.5,207.3,212.8,-5.5,0,0,0,0,0,0,0,0,0,0,0,0,0,0,0,0,0,0,0,0,0,0,0,0,0,0,0,0,0,0,0,0,0
HHS Reading Rockets EABL,"Ethan Harrington, James Waterhouse, Lazure Francis, Malachi Hassan-Taylor, Matthew Daines",Itchen College EABL,"Benjamin Cope, Dawid Cimochowski, Elijah Lotriet, Ethan Round, Jakub Ofman",1,54,0.9,1.9,2,1,2,50,0,0,0,0,0,0,0,0,0,0,0,0,0,1,5,1,1,100,1,1,100,2,2,100,0,1,1,1,0,0,0,0,2.0,1.9,100,266,-166,266,100,166,-3,0,0,0,0,0,0,0,0,0,0,0,0,0,0,0,0,0,0,0,0,0,0,0,0,0,0,0,0,0,0,0,0
HHS Reading Rockets EABL,"Aydan Moloney, Can Okumus, Ethan Harrington, Joseph Mackinnon, Lazure Francis",Itchen College EABL,"Ethan Round, Javen Osei-Owusu, Mason Yeates, Richard Radu, Thomas Blower",1,51,0.8,1.9,2,1,1,100,0,0,0,0,0,0,0,1,1,1,0,0,1,1,2,0,1,0,0,0,0,2,2,100,0,0,0,0,1,0,0,0,2.0,1.9,100,106.4,-6.4,106.4,100,6.4,0,0,0,0,0,0,0,0,0,0,0,0,0,0,0,0,0,0,0,0,0,0,0,0,0,0,0,0,0,0,0,0,0
HHS Reading Rockets EABL,"Aydan Moloney, Can Okumus, Ethan Harrington, James Waterhouse, Lazure Francis",Itchen College EABL,"Elijah Lotriet, Javen Osei-Owusu, Mason Yeates, Richard Radu, Thomas Blower",1,48,0.8,1.9,2,0,1,0,0,1,0,2,2,100,0,0,0,0,0,0,0,0,2,1,1,100,0,0,0,0,0,0,0,1,1,1,0,0,1,2,1.9,2.0,106.4,100,6.4,100,106.4,-6.4,0,0,0,0,0,0,0,0,0,0,0,0,0,0,0,0,0,0,0,0,0,0,0,0,0,0,0,0,0,0,0,0,0
HHS Reading Rockets EABL,"Aydan Moloney, Can Okumus, Ethan Harrington, James Waterhouse, Lazure Francis",Itchen College EABL,"Elijah Lotriet, Marley Edwards, Mason Yeates, Richard Radu, Thomas Blower",1,32,0.5,1.9,1,0,1,0,0,0,0,1,2,50,0,1,1,0,1,0,0,0,0,0,1,0,0,1,0,0,0,0,0,2,2,0,0,0,1,0,1.9,2.0,53.2,0,53.2,0,53.2,-53.2,1,0,0,0,0,0,0,0,0,0,0,0,0,0,0,0,0,0,0,0,0,0,0,0,0,0,0,0,0,0,0,0,0
HHS Reading Rockets EABL,"Ethan Harrington, James Waterhouse, Lazure Francis, Malachi Hassan-Taylor, Matthew Daines",Copleston High School EABL,"Callum Fobister, Isaac Little, Mason Wells, Matthew Liddamore, Timothy Rafiu",1,66,1.1,1.9,0,0,2,0,0,1,0,0,0,0,1,1,2,0,0,0,2,0,0,0,1,0,0,1,0,0,0,0,0,0,0,0,1,0,1,0,1.9,2.0,0,0,0,0,0,0,0,0,0,0,0,0,0,0,0,0,0,0,0,0,0,0,0,0,0,0,0,0,0,0,0,0,0,0,0,0,0,0,0
Myerscough College EABL,"Ayo Ibirinde, Cesar Sanchez Falette, Harry Sheehan, Olivier Esingle, Sayomi Latidan",Barking Abbey EABL,"Alaxanda Nwabueze, Kervy Mabaya, Oskaras Visockas, Raphael Connolly, Solomon Dobson Smith",1,71,1.2,1.9,2,0,1,0,0,1,0,2,2,100,0,0,0,0,0,0,0,0,3,1,1,100,1,1,100,0,0,0,0,1,1,1,0,0,1,1,1.9,2.0,106.4,150,-43.6,150,106.4,43.6,-1,0,0,0,0,0,0,0,0,0,0,0,0,0,0,0,0,0,0,0,0,0,0,0,0,0,0,0,0,0,0,0,0
Myerscough College EABL,"Cesar Sanchez Falette, Harry Sheehan, Olivier Esingle, Sayomi Latidan, Zach Trezvant",Barking Abbey EABL,"Alaxanda Nwabueze, Amari Maitland, Joshua Mendes, Kervy Mabaya, Oskaras Visockas",1,39,0.7,1.9,0,0,1,0,0,0,0,0,0,0,0,0,0,0,0,0,0,1,2,0,1,0,0,1,0,2,4,50,0,1,1,1,0,0,0,0,1.0,2.8,0,72.5,-72.5,72.5,0,72.5,-2,0,0,0,0,0,0,0,0,0,0,0,0,0,0,0,0,0,0,0,0,0,0,0,0,0,0,0,0,0,0,0,0
SGS College EABL,"Kevin Ramirez Mora, Luka Matthews, Martin Alburo, Tekai Wallace-Gayle, Washington Wewe",Copleston High School EABL,"Angus Hickey, Callum Fobister, Isaac Little, Matthew Liddamore, Timothy Rafiu",1,66,1.1,1.9,0,0,3,0,0,1,0,0,0,0,2,0,2,0,0,0,1,1,3,1,2,50,1,1,100,0,0,0,0,1,1,1,0,1,0,0,1.9,2.0,0,150,-150,150,0,150,-3,0,0,0,0,0,0,0,0,0,0,0,0,0,0,0,0,0,0,0,0,0,0,0,0,0,0,0,0,0,0,0,0
SGS College EABL,"Abubakar Odowa, Jakub Grajcar, Luka Matthews, Martin Alburo, Zion Lawson",Copleston High School EABL,"Grant Millar, Luke Read, Matthew Liddamore, Noah Wilkinson, Timothy Rafiu",1,53,0.9,1.9,0,0,2,0,0,1,0,0,1,0,1,0,1,0,0,0,0,0,3,1,1,100,1,1,100,0,0,0,0,2,2,1,0,0,1,0,1.7,2.0,0,150,-150,150,0,150,-3,0,0,0,0,0,0,0,0,0,0,0,0,0,0,0,0,0,0,0,0,0,0,0,0,0,0,0,0,0,0,0,0
SGS College EABL,"Dylan Lloyd, Jakub Grajcar, Kevin Ramirez Mora, Marcos Perez Tosca, Martin Alburo",Copleston High School EABL,"Callum Fobister, Luke Read, Mason Wells, Matthew Liddamore, Timothy Rafiu",1,67,1.1,1.9,2,0,1,0,0,0,0,2,2,100,1,2,3,0,0,0,1,0,0,0,2,0,0,1,0,0,0,0,0,0,0,0,1,0,0,0,1.8,2.0,110.5,0,110.5,0,110.5,-110.5,2,0,0,0,0,0,0,0,0,0,0,0,0,0,0,0,0,0,0,0,0,0,0,0,0,0,0,0,0,0,0,0,0
Itchen College EABL,"Elijah Lotriet, Ethan Round, Jakub Ofman, Mason Yeates, Richard Radu",Charnwood College Riders EABL,"Fahad Saeed, Okeri Hambira, Tom Pearson, Tristan Curran, Zavier Gleadell-Smith",1,86,1.4,1.9,2,0,3,0,0,2,0,2,2,100,2,2,4,1,0,1,0,0,0,0,2,0,0,2,0,0,0,0,0,1,1,0,0,0,0,2,1.7,2.0,114.9,0,114.9,0,114.9,-114.9,2,0,0,0,0,0,0,0,0,0,0,0,0,0,0,0,0,0,0,0,0,0,0,0,0,0,0,0,0,0,0,0,0
City of London Academy - Southwark EABL,"Andrew Nwokolo, Dante Patel, David Banjoko, Jacob Hannick, Toby Gass",Derby College Trailblazers EABL,"Casey Burr, George Pastor, Jarom Howlett, Julian Lemanski, William Tallon",1,73,1.2,1.9,3,1,1,100,1,1,100,0,0,0,0,1,1,1,1,0,1,1,0,0,3,0,0,0,0,0,0,0,2,0,2,0,1,0,1,0,2.0,1.9,150,0,150,0,150,-150,3,0,0,0,0,0,0,0,0,0,0,0,0,0,0,0,0,0,0,0,0,0,0,0,0,0,0,0,0,0,0,0,0
Manchester Magic Academy EABL,"Jack Odongo, Jack Walton, Oluwademilade Babalola, Tarique Kamal Kazmi, Tom Richardson",Oaklands Wolves EABL,"Daniel Kostadinov, Dylan Gladstone, Enzo Da Cruz Fatuda, Gavin Mitchell, Huxley Morrell",1,48,0.8,1.9,2,0,1,0,0,0,0,2,3,66.7,0,2,2,1,0,0,0,0,0,0,1,0,0,0,0,0,1,0,0,1,1,0,0,0,0,1,2.3,1.4,86.2,0,86.2,0,86.2,-86.2,2,0,0,0,0,0,0,0,0,0,0,0,0,0,0,0,0,0,0,0,0,0,0,0,0,0,0,0,0,0,0,0,0
BMET City of Birmingham Rockets EABL,"Billy Rose, George Angoy, Issac Gisbourne, Larry Duru, Simba Chikukwa",Copleston High School EABL,"Callum Fobister, Elijah Tamakloe, Isaac Carty-Peters, Matthew Liddamore, Timothy Rafiu",1,53,0.9,1.9,1,0,2,0,0,1,0,1,2,50,1,0,1,1,0,0,1,0,4,2,2,100,0,0,0,0,0,0,0,0,0,0,0,0,0,0,1.7,2.0,57.5,200,-142.5,200,57.5,142.5,-3,0,0,0,0,0,0,0,0,0,0,0,0,0,0,0,0,0,0,0,0,0,0,0,0,0,0,0,0,0,0,0,0
Manchester Magic Academy EABL,"Abraham Isiorho, Harley Blake, Jack Odongo, Jack Walton, Tiego Weekes",Itchen College EABL,"Dawid Cimochowski, Elijah Lotriet, Ethan Round, Javen Osei-Owusu, Richard Radu",1,70,1.2,1.9,2,0,1,0,0,0,0,2,2,100,0,0,0,1,0,0,0,0,3,1,2,50,1,2,50,0,0,0,0,0,0,1,0,0,0,1,1.9,2.0,106.4,150,-43.6,150,106.4,43.6,-1,0,0,0,0,0,0,0,0,0,0,0,0,0,0,0,0,0,0,0,0,0,0,0,0,0,0,0,0,0,0,0,0
Charnwood College Riders EABL,"Fahad Saeed, James Hardy, Pharrell Kattah, Tristan Curran, Zavier Gleadell-Smith",Oaklands Wolves EABL,"Dylan Gladstone, Gavin Mitchell, Huxley Morrell, Liam Mcintosh, Tristan Mcintosh",1,70,1.2,1.9,3,1,2,50,0,1,0,1,2,50,1,0,1,0,1,0,1,0,0,0,1,0,0,0,0,0,0,0,1,0,1,0,0,0,1,1,2.8,0.9,106.8,0,106.8,0,106.8,-106.8,3,0,0,0,0,0,0,0,0,0,0,0,0,0,0,0,0,0,0,0,0,0,0,0,0,0,0,0,0,0,0,0,0
HHS Reading Rockets EABL,"Ethan Harrington, James Waterhouse, Joseph Mackinnon, Malachi Hassan-Taylor, Matthew Daines",SGS College EABL,"Imam Toure, Kevin Ramirez Mora, Luka Matthews, Marcos Perez Tosca, Zion Lawson",1,31,0.5,1.9,4,1,1,100,1,1,100,1,2,50,0,1,1,0,0,0,0,0,0,0,1,0,0,1,0,0,0,0,0,0,0,0,0,0,1,1,1.9,2.0,212.8,0,212.8,0,212.8,-212.8,4,0,0,0,0,0,0,0,0,0,0,0,0,0,0,0,0,0,0,0,0,0,0,0,0,0,0,0,0,0,0,0,0
City of London Academy - Southwark EABL,"Andrew Nwokolo, Daniel Banjoko, Dante Patel, Louis Thompson, Toby Gass",Myerscough College EABL,"Ayo Ibirinde, Cesar Sanchez Falette, Olivier Esingle, Salomi Latidan, Sayomi Latidan",1,54,0.9,1.9,5,1,1,100,1,1,100,2,2,100,0,1,1,1,0,0,0,0,0,0,1,0,0,0,0,0,0,0,0,0,0,0,0,0,1,1,1.9,2.0,266,0,266,0,266,-266,5,0,0,0,0,0,0,0,0,0,0,0,0,0,0,0,0,0,0,0,0,0,0,0,0,0,0,0,0,0,0,0,0
City of London Academy - Southwark EABL,"Andrew Nwokolo, Daniel Banjoko, Dante Patel, David Banjoko, Toby Gass",Myerscough College EABL,"Cesar Sanchez Falette, Olivier Esingle, Salomi Latidan, Sayomi Latidan, Zach Trezvant",1,70,1.2,1.9,0,0,1,0,0,1,0,0,0,0,0,0,0,0,0,0,1,1,4,2,4,50,0,0,0,0,0,0,2,1,3,0,1,0,0,1,2.0,1.9,0,215.1,-215.1,215.1,0,215.1,-4,0,0,0,0,0,0,0,0,0,0,0,0,0,0,0,0,0,0,0,0,0,0,0,0,0,0,0,0,0,0,0,0
City of London Academy - Southwark EABL,"Andrew Nwokolo, Daniel Banjoko, Jacob Hannick, Louis Thompson, Toby Gass",Myerscough College EABL,"Cesar Sanchez Falette, Olivier Esingle, Salomi Latidan, Sayomi Latidan, Zach Trezvant",1,42,0.7,1.9,4,1,1,100,1,1,100,1,2,50,0,0,0,1,0,0,0,0,3,1,1,100,1,1,100,0,0,0,0,0,0,0,0,0,1,1,1.9,2.0,212.8,150,62.8,150,212.8,-62.8,1,0,0,0,0,0,0,0,0,0,0,0,0,0,0,0,0,0,0,0,0,0,0,0,0,0,0,0,0,0,0,0,0
City of London Academy - Southwark EABL,"Andrew Nwokolo, Daniel Banjoko, Jacob Hannick, Louis Thompson, Toby Gass",Myerscough College EABL,"Ayo Ibirinde, Cesar Sanchez Falette, Fin Morgan, Jakub Bobkowski, Salomi Latidan",1,78,1.3,1.9,0,0,1,0,0,0,0,0,2,0,0,0,0,0,0,0,0,0,2,1,2,50,0,0,0,0,0,0,0,2,2,0,0,0,0,0,1.9,2.0,0,100,-100,100,0,100,-2,0,0,0,0,0,0,0,0,0,0,0,0,0,0,0,0,0,0,0,0,0,0,0,0,0,0,0,0,0,0,0,0
City of London Academy - Southwark EABL,"Andrew Nwokolo, Bilal Olowoshile, Dante Patel, Jacob Hannick, Louis Thompson",Myerscough College EABL,"Cesar Sanchez Falette, Daniel Okhuoya, Fin Morgan, Jakub Bobkowski, Sayomi Latidan",1,37,0.6,1.9,1,0,0,0,0,0,0,1,2,50,0,0,0,0,0,0,1,0,0,0,1,0,0,1,0,0,0,0,0,1,1,0,1,0,1,0,1.9,2.0,53.2,0,53.2,0,53.2,-53.2,1,0,0,0,0,0,0,0,0,0,0,0,0,0,0,0,0,0,0,0,0,0,0,0,0,0,0,0,0,0,0,0,0
Manchester Magic Academy EABL,"Abraham Isiorho, Jack Walton, Lewis Clayton, Oluwademilade Babalola, Tom Richardson",Myerscough College EABL,"Ayo Ibirinde, Cesar Sanchez Falette, Harry Sheehan, Olivier Esingle, Salomi Laditan",1,33,0.6,1.9,4,1,1,100,1,1,100,1,2,50,0,0,0,1,1,0,1,0,0,0,0,0,0,0,0,0,0,0,0,0,0,0,1,0,1,0,2.9,1.0,138.9,0,138.9,0,138.9,-138.9,4,0,0,0,0,0,0,0,0,0,0,0,0,0,0,0,0,0,0,0,0,0,0,0,0,0,0,0,0,0,0,0,0
Manchester Magic Academy EABL,"Abraham Sagay Isiorho, Jack Odongo, Jack Walton, Nathan Brown, Oluwademilade Babalola",Charnwood College Riders EABL,"Asa Oyerinde, Davin Hanousek, Davincy Stephens, Lewis Stevenson, Luca Boothe",1,88,1.5,1.8,2,1,3,33.3,0,0,0,0,0,0,1,0,1,1,0,0,0,0,4,1,4,25,0,0,0,2,2,100,2,1,3,0,0,0,0,0,1.9,1.7,103.6,239.5,-135.9,239.5,103.6,135.9,-2,0,0,0,0,0,0,0,0,0,0,0,0,0,0,0,0,0,0,0,0,0,0,0,0,0,0,0,0,0,0,0,0
BMET City of Birmingham Rockets EABL,"George Angoy, J. Agbeze, Jude Hyland, Larry Duru, Philip Basioudis",SGS College EABL,"Abubakar Odowa, Dylan Lloyd, Kevin Ramirez Mora, Marcos Pospori, Martin Alburo",1,64,1.1,1.8,0,0,1,0,0,0,0,0,0,0,0,0,0,0,0,1,1,0,3,1,4,25,0,1,0,1,2,50,3,1,4,0,1,0,0,0,2.0,1.7,0,179.6,-179.6,179.6,0,179.6,-3,0,0,0,0,0,0,0,0,0,0,0,0,0,0,0,0,0,0,0,0,0,0,0,0,0,0,0,0,0,0,0,0
Copleston High School EABL,"Grant Millar, Isaac Carty-Peters, Matthew Liddamore, Noah Wilkinson, Timothy Rafiu",Barking Abbey EABL,"Ethan Albrecht, Francesco Cole, Henry Mclauchlan, Kimbe N'gabala, William Harper",1,38,0.6,1.8,2,0,0,0,0,0,0,2,4,50,0,0,0,0,0,0,0,0,2,1,2,50,0,1,0,0,0,0,1,1,2,0,0,0,1,2,1.8,1.9,113.6,103.6,10,103.6,113.6,-10,0,0,0,0,0,0,0,0,0,0,0,0,0,0,0,0,0,0,0,0,0,0,0,0,0,0,0,0,0,0,0,0,0
Derby College Trailblazers EABL,"Casey Burr, Elias Norman, Elias Rice, George Pastor, William Tallon",Myerscough College EABL,"Cesar Sanchez Falette, Harry Sheehan, Nathaniel Byfield, Salomi Latidan, Zach Trezvant",1,67,1.1,1.8,0,0,0,0,0,0,0,0,0,0,0,0,0,0,0,1,2,1,2,0,3,0,0,0,0,2,2,100,3,0,3,0,1,0,1,0,2.0,1.7,0,119.8,-119.8,119.8,0,119.8,-2,0,0,0,0,0,0,0,0,0,0,0,0,0,0,0,0,0,0,0,0,0,0,0,0,0,0,0,0,0,0,0,0
City of London Academy - Southwark EABL,"Bilal Olowoshile, Daniel Banjoko, Jacob Hannick, Rafi Testfay, Toby Gass",HHS Reading Rockets EABL,"Ethan Harrington, James Waterhouse, Joseph Mackinnon, Malachi Hassan-Taylor, Matthew Daines",1,111,1.9,1.8,2,1,5,20,0,2,0,0,0,0,2,0,2,1,0,0,1,1,4,1,1,100,0,0,0,2,2,100,0,0,0,0,0,0,0,0,1.7,1.9,116.3,212.8,-96.5,212.8,116.3,96.5,-2,0,0,0,0,0,0,0,0,0,0,0,0,0,0,0,0,0,0,0,0,0,0,0,0,0,0,0,0,0,0,0,0
Itchen College EABL,"Benjamin Cope, Elijah Lotriet, Ethan Round, Javen Osei-Owusu, Mason Yeates",Barking Abbey EABL,"Joshua Mendes, Kervy Mabaya, Micael Filho, Oskaras Visockas, Raphael Connolly",1,51,0.8,1.8,1,0,2,0,0,1,0,1,2,50,1,0,1,0,1,0,0,1,2,0,0,0,0,0,0,2,2,100,0,1,1,0,0,1,1,1,1.8,1.9,55.2,106.4,-51.1,106.4,55.2,51.1,-1,0,0,0,0,0,0,0,0,0,0,0,0,0,0,0,0,0,0,0,0,0,0,0,0,0,0,0,0,0,0,0,0
Oaklands Wolves EABL,"Blaine Thompson, Daniel Kostadinov, Ethan Ryan, Huxley Morrell, Tristan Mcintosh",City of London Academy - Southwark EABL,"Alex Morentin, Bilal Olowoshile, Rafi Testfay, Ruben Cryer, Sharmake Shirwac",1,59,1.0,1.8,2,0,1,0,0,0,0,2,2,100,0,0,0,0,0,0,0,1,1,0,1,0,0,1,0,1,2,50,1,1,2,0,0,0,1,0,1.9,1.8,106.4,55.2,51.1,55.2,106.4,-51.1,1,0,0,0,0,0,0,0,0,0,0,0,0,0,0,0,0,0,0,0,0,0,0,0,0,0,0,0,0,0,0,0,0
HHS Reading Rockets EABL,"Ethan Harrington, James Waterhouse, Luca Bakary, Malachi Hassan-Taylor, Matthew Daines",Barking Abbey EABL,"Amari Maitland, Francesco Cole, Joshua Mendes, Kervy Mabaya, Raphael Connolly",1,55,0.9,1.8,2,0,1,0,0,1,0,2,3,66.7,1,1,2,0,0,0,0,0,3,1,4,25,1,2,50,0,0,0,2,1,3,1,0,0,0,2,1.8,1.9,112,161.3,-49.2,161.3,112,49.2,-1,0,0,0,0,0,0,0,0,0,0,0,0,0,0,0,0,0,0,0,0,0,0,0,0,0,0,0,0,0,0,0,0
HHS Reading Rockets EABL,"Can Okumus, James Waterhouse, Lazure Francis, Malachi Hassan-Taylor, Matthew Daines",Itchen College EABL,"Elijah Lotriet, Ethan Round, George Andrews, Mason Yeates, Reuel Matthias",1,58,1.0,1.8,2,0,1,0,0,0,0,2,4,50,1,1,2,0,1,0,0,0,0,0,1,0,0,0,0,0,0,0,0,0,0,0,0,0,1,2,1.7,2.0,118.3,0,118.3,0,118.3,-118.3,2,0,0,0,0,0,0,0,0,0,0,0,0,0,0,0,0,0,0,0,0,0,0,0,0,0,0,0,0,0,0,0,0
SGS College EABL,"Dylan Lloyd, Jakub Grajcar, Luka Matthews, Martin Alburo, Zion Lawson",Copleston High School EABL,"Callum Fobister, Isaac Little, Luke Read, Matthew Liddamore, Timothy Rafiu",1,76,1.3,1.8,0,0,4,0,0,1,0,0,0,0,2,0,2,0,1,1,0,2,1,0,1,0,0,0,0,1,2,50,1,2,3,0,0,0,1,1,1.9,1.8,0,55.2,-55.2,55.2,0,55.2,-1,0,0,0,0,0,0,0,0,0,0,0,0,0,0,0,0,0,0,0,0,0,0,0,0,0,0,0,0,0,0,0,0
HHS Reading Rockets EABL,"Aydan Moloney, James Waterhouse, Joseph Mackinnon, Malachi Hassan-Taylor, Matthew Daines",BMET City of Birmingham Rockets EABL,"Billy Rose, Jonathan Agbeze, Larry Duru, Philip Basioudis, Simba Chikukwa",1,42,0.7,1.8,1,0,2,0,0,1,0,1,2,50,1,0,1,1,0,0,0,1,2,0,0,0,0,0,0,2,2,100,0,1,1,0,0,0,1,0,1.8,1.9,55.2,106.4,-51.1,106.4,55.2,51.1,-1,0,0,0,0,0,0,0,0,0,0,0,0,0,0,0,0,0,0,0,0,0,0,0,0,0,0,0,0,0,0,0,0
Barking Abbey EABL,"Amari Maitland, Folarin Oguntuase, Joshua Mendes, Kervy Mabaya, Micael Filho",HHS Reading Rockets EABL,"Lazure Franicis, Luca Bakary, Malachi Hassan-Taylor, Matthew Daines, Nicholas Dent",1,18,0.3,1.7,3,1,1,100,0,0,0,1,1,100,0,1,1,0,0,0,0,0,0,0,1,0,0,0,0,0,0,0,0,0,0,0,0,0,1,0,1.4,2.0,208.3,0,208.3,0,208.3,-208.3,3,0,0,0,0,0,0,0,0,0,0,0,0,0,0,0,0,0,0,0,0,0,0,0,0,0,0,0,0,0,0,0,0
Barking Abbey EABL,"Amari Maitland, Folarin Oguntuase, Joshua Mendes, Micael Filho, Raphael Connolly",HHS Reading Rockets EABL,"Ethan Harrington, Lazure Franicis, Luca Bakary, Matthew Daines, Nicholas Dent",1,48,0.8,1.7,0,0,0,0,0,0,0,0,0,0,0,1,1,0,0,0,1,1,3,1,2,50,0,1,0,1,1,100,0,0,0,0,0,0,0,0,1.0,2.4,0,123,-123,123,0,123,-3,0,0,0,0,0,0,0,0,0,0,0,0,0,0,0,0,0,0,0,0,0,0,0,0,0,0,0,0,0,0,0,0
City of London Academy - Southwark EABL,"Andrew Nwokolo, Daniel Banjoko, Jacob Hannick, Nyakeh Senessie, Toby Gass",Itchen College EABL,"Dawid Cimochowski, Ethan Round, George Andrews, Javen Osei-Owusu, Richard Radu",1,34,0.6,1.7,0,0,0,0,0,0,0,0,0,0,0,0,0,0,1,0,1,0,1,0,0,0,0,0,0,1,1,100,0,0,0,0,0,0,2,1,1.0,2.4,0,41,-41,41,0,41,-1,0,0,0,0,0,0,0,0,0,0,0,0,0,0,0,0,0,0,0,0,0,0,0,0,0,0,0,0,0,0,0,0
City of London Academy - Southwark EABL,"Andrew Nwokolo, Bilal Olowoshile, Dante Patel, David Banjoko, Riley Nunn",Itchen College EABL,"Ethan Round, Javen Osei-Owusu, Marley Edwards, Richard Radu, Thomas Blower",1,46,0.8,1.7,2,1,1,100,0,0,0,0,1,0,0,0,0,1,1,0,0,0,0,0,1,0,0,0,0,0,0,0,0,1,1,0,0,0,1,1,1.4,2.0,138.9,0,138.9,0,138.9,-138.9,2,0,0,0,0,0,0,0,0,0,0,0,0,0,0,0,0,0,0,0,0,0,0,0,0,0,0,0,0,0,0,0,0
Myerscough College EABL,"Cesar Sanchez Falette, Daniel Okhuoya, Harry Sheehan, Jakub Bobkowski, Olivier Esingle",Manchester Magic Academy EABL,"Abraham Sagay Isiorho, Harley Blake, Jack Odongo, Jack Walton, Tarique Kamal Kazmi",1,73,1.2,1.7,0,0,2,0,0,2,0,0,0,0,1,1,2,0,0,0,1,1,0,0,3,0,0,0,0,0,0,0,1,1,2,0,0,0,0,0,1.9,1.4,0,0,0,0,0,0,0,0,0,0,0,0,0,0,0,0,0,0,0,0,0,0,0,0,0,0,0,0,0,0,0,0,0,0,0,0,0,0,0
City of London Academy - Southwark EABL,"Alex Morentin, Daniel Banjoko, Jacob Hannick, Louis Thompson, Toby Gass",Barking Abbey EABL,"Amari Maitland, Joshua Mendes, Kervy Mabaya, Micael Filho, Raphael Connolly",1,26,0.4,1.7,2,1,1,100,0,0,0,0,0,0,0,1,1,1,0,0,0,1,3,1,2,50,0,0,0,1,1,100,0,0,0,1,0,0,0,0,1.0,2.4,200,123,77,123,200,-77,-1,0,0,0,0,0,0,0,0,0,0,0,0,0,0,0,0,0,0,0,0,0,0,0,0,0,0,0,0,0,0,0,0
City of London Academy - Southwark EABL,"Dante Patel, David Banjoko, Louis Thompson, Rafi Testfay, Toby Gass",Barking Abbey EABL,"Amari Maitland, Joshua Mendes, Kervy Mabaya, Micael Filho, Raphael Connolly",1,23,0.4,1.7,2,0,0,0,0,0,0,2,3,66.7,1,0,1,0,1,0,1,0,0,0,0,0,0,0,0,0,0,0,0,0,0,0,0,0,1,1,2.3,1.0,86.2,0,86.2,0,86.2,-86.2,2,0,0,0,0,0,0,0,0,0,0,0,0,0,0,0,0,0,0,0,0,0,0,0,0,0,0,0,0,0,0,0,0
City of London Academy - Southwark EABL,"Andrew Nwokolo, Daniel Banjoko, Dante Patel, David Banjoko, Toby Gass",Barking Abbey EABL,"Amari Maitland, Folarin Oguntuase, Joshua Mendes, Kervy Mabaya, Solomon Dobson Smith",1,37,0.6,1.7,3,1,1,100,0,0,0,1,1,100,0,1,1,1,0,0,0,0,0,0,1,0,0,1,0,0,0,0,0,0,0,0,0,0,1,1,1.4,2.0,208.3,0,208.3,0,208.3,-208.3,3,0,0,0,0,0,0,0,0,0,0,0,0,0,0,0,0,0,0,0,0,0,0,0,0,0,0,0,0,0,0,0,0
City of London Academy - Southwark EABL,"Andrew Nwokolo, Daniel Banjoko, Louis Thompson, Rafi Testfay, Toby Gass",Barking Abbey EABL,"Amari Maitland, Folarin Oguntuase, Joshua Mendes, Kervy Mabaya, Raphael Connolly",1,15,0.2,1.7,4,2,2,100,0,0,0,0,1,0,1,0,1,0,0,0,0,0,0,0,0,0,0,0,0,0,0,0,0,0,0,0,0,0,1,1,2.4,1.0,163.9,0,163.9,0,163.9,-163.9,4,0,0,0,0,0,0,0,0,0,0,0,0,0,0,0,0,0,0,0,0,0,0,0,0,0,0,0,0,0,0,0,0
City of London Academy - Southwark EABL,"Alex Morentin, Andrew Nwokolo, Bilal Olowoshile, David Banjoko, Jacob Hannick",Oaklands Wolves EABL,"Enzo Da Cruz Fatuda, Gavin Mitchell, Huxley Morrell, Tristan Mcintosh, Zac Gribble",1,31,0.5,1.7,3,1,2,50,0,1,0,1,1,100,0,1,1,0,0,0,0,1,0,0,1,0,0,0,0,0,0,0,0,1,1,0,0,0,0,1,2.4,1.0,123,0,123,0,123,-123,3,0,0,0,0,0,0,0,0,0,0,0,0,0,0,0,0,0,0,0,0,0,0,0,0,0,0,0,0,0,0,0,0
Derby College Trailblazers EABL,"Casey Burr, Elias Norman, George Pastor, Jarom Howlett, Rohan Hobday",Myerscough College EABL,"Cesar Sanchez Falette, Harry Sheehan, Nathaniel Byfield, Sayomi Latidan, Zach Trezvant",1,50,0.8,1.7,2,1,1,100,0,0,0,0,1,0,0,0,0,1,0,0,1,0,2,1,1,100,0,0,0,0,0,0,0,1,1,0,0,0,0,1,2.4,1.0,82,200,-118,200,82,118,0,0,0,0,0,0,0,0,0,0,0,0,0,0,0,0,0,0,0,0,0,0,0,0,0,0,0,0,0,0,0,0,0
Manchester Magic Academy EABL,"Abraham Sagay Isiorho, David Allotey, Harley Blake, Jack Walton, Tiego Weekes",SGS College EABL,"Abubakar Odowa, Imam Toure, Kevin Ramirez Mora, Luka Matthews, Marcos Perez Tosca",1,58,1.0,1.7,0,0,1,0,0,0,0,0,0,0,0,0,0,0,0,0,1,0,1,0,1,0,0,0,0,1,1,100,0,0,0,0,0,0,0,0,2.0,1.4,0,69.4,-69.4,69.4,0,69.4,-1,0,0,0,0,0,0,0,0,0,0,0,0,0,0,0,0,0,0,0,0,0,0,0,0,0,0,0,0,0,0,0,0
Oaklands Wolves EABL,"Daniel Kostadinov, Gavin Mitchell, Guisepi Augenti, Liam Mcintosh, Tristan Mcintosh",Copleston High School EABL,"Isaac Little, Luke Read, Mason Wells, Matthew Liddamore, Noah Wilkinson",1,40,0.7,1.7,3,0,0,0,0,0,0,3,3,100,0,1,1,1,1,0,0,0,0,0,1,0,0,0,0,0,0,0,0,0,0,0,0,0,1,2,1.3,2.0,227.3,0,227.3,0,227.3,-227.3,3,0,0,0,0,0,0,0,0,0,0,0,0,0,0,0,0,0,0,0,0,0,0,0,0,0,0,0,0,0,0,0,0
Oaklands Wolves EABL,"Dylan Gladstone, Enzo Da Cruz Fatuda, Ethan Ryan, Liam Mcintosh, Tristan Mcintosh",HHS Reading Rockets EABL,"Ethan Harrington, James Waterhouse, Malachi Hassan-Taylor, Matthew Daines, Nicholas Dent",1,87,1.4,1.7,1,0,4,0,0,1,0,1,4,25,4,0,4,0,0,0,0,1,2,1,1,100,0,0,0,0,0,0,0,1,1,0,0,0,0,2,2.3,1.0,42.8,200,-157.2,200,42.8,157.2,-1,0,0,0,0,0,0,0,0,0,0,0,0,0,0,0,0,0,0,0,0,0,0,0,0,0,0,0,0,0,0,0,0
Derby College Trailblazers EABL,"Casey Burr, Elias Norman, Elias Rice, Rohan Hobday, William Tallon",Manchester Magic Academy EABL,"Abraham Sagay Isiorho, Jack Walton, Lewis Clayton, Oluwademilade Babalola, Tom Richardson",1,29,0.5,1.7,3,1,1,100,0,0,0,1,1,100,0,1,1,1,0,0,0,0,3,1,1,100,0,0,0,1,2,50,0,0,0,0,0,0,0,1,1.4,1.9,208.3,159.6,48.8,159.6,208.3,-48.8,0,0,0,0,0,0,0,0,0,0,0,0,0,0,0,0,0,0,0,0,0,0,0,0,0,0,0,0,0,0,0,0,0
Derby College Trailblazers EABL,"Elias Norman, Elias Rice, Kaleel Otaye, Matheo Smith-Fjordland, William Tallon",Manchester Magic Academy EABL,"David Allotey, Jack Walton, Oluwademilade Babalola, Samy Sidi-Boumedine, Tom Richardson",1,40,0.7,1.7,4,1,1,100,1,1,100,1,3,33.3,0,1,1,2,0,0,0,1,0,0,1,0,0,0,0,0,0,0,0,0,0,0,0,0,0,0,2.3,1.0,172.4,0,172.4,0,172.4,-172.4,4,0,0,0,0,0,0,0,0,0,0,0,0,0,0,0,0,0,0,0,0,0,0,0,0,0,0,0,0,0,0,0,0
Barking Abbey EABL,"Alexanda Nwabueze, Joshua Mendes, Micael Filho, Oskaras Visockas, Raphael Connolly",City of London Academy - Southwark EABL,"Andrew Nwokolo, Daniel Banjoko, David Banjoko, Jacob Hannick, Toby Gass",1,76,1.3,1.7,0,0,1,0,0,0,0,0,0,0,0,1,1,0,0,0,0,1,1,0,2,0,0,2,0,1,2,50,2,1,3,0,0,0,1,0,1.0,2.5,0,40.8,-40.8,40.8,0,40.8,-1,0,0,0,0,0,0,0,0,0,0,0,0,0,0,0,0,0,0,0,0,0,0,0,0,0,0,0,0,0,0,0,0
HHS Reading Rockets EABL,"Can Okumus, Ethan Harrington, James Waterhouse, Lazure Francis, Matthew Daines",Barking Abbey EABL,"Amari Maitland, Folarin Oguntuase, Kervy Mabaya, Oskaras Visockas, Solomon Dobson Smith",1,102,1.7,1.7,4,0,0,0,0,0,0,4,4,100,0,0,0,0,0,0,0,0,5,2,6,33.3,1,3,33.3,0,0,0,3,0,3,0,0,0,0,2,1.8,1.7,227.3,290.7,-63.4,290.7,227.3,63.4,-1,0,0,0,0,0,0,0,0,0,0,0,0,0,0,0,0,0,0,0,0,0,0,0,0,0,0,0,0,0,0,0,0
Copleston High School EABL,"Callum Fobister, Grant Millar, Isaac Little, Noah Wilkinson, Timothy Rafiu",City of London Academy - Southwark EABL,"Andrew Nwokolo, Daniel Banjoko, Dante Patel, David Banjoko, Louis Thompson",1,12,0.2,1.7,0,0,0,0,0,0,0,0,0,0,0,0,0,0,0,0,1,1,5,1,1,100,0,0,0,3,3,100,0,0,0,0,1,0,0,0,1.0,2.3,0,215.5,-215.5,215.5,0,215.5,-5,0,0,0,0,0,0,0,0,0,0,0,0,0,0,0,0,0,0,0,0,0,0,0,0,0,0,0,0,0,0,0,0
HHS Reading Rockets EABL,"Can Okumus, Ethan Harrington, James Waterhouse, Lazure Francis, Matthew Daines",Copleston High School EABL,"Callum Fobister, Grant Millar, Isaac Little, Matthew Liddamore, Noah Wilkinson",1,50,0.8,1.7,2,1,3,33.3,0,0,0,0,0,0,1,1,2,0,0,1,0,1,0,0,3,0,0,0,0,0,0,0,1,1,2,0,0,0,0,0,1.9,1.4,103.6,0,103.6,0,103.6,-103.6,2,0,0,0,0,0,0,0,0,0,0,0,0,0,0,0,0,0,0,0,0,0,0,0,0,0,0,0,0,0,0,0,0
HHS Reading Rockets EABL,"Can Okumus, Ethan Harrington, James Waterhouse, Lazure Francis, Matthew Daines",BMET City of Birmingham Rockets EABL,"Billy Rose, Jonathan Agbeze, Larry Duru, Philip Basioudis, Simba Chikukwa",1,26,0.4,1.7,0,0,0,0,0,0,0,0,0,0,0,1,1,0,0,0,2,1,2,1,1,100,0,0,0,0,1,0,0,0,0,0,1,0,0,0,2.0,1.4,0,138.9,-138.9,138.9,0,138.9,-2,0,0,0,0,0,0,0,0,0,0,0,0,0,0,0,0,0,0,0,0,0,0,0,0,0,0,0,0,0,0,0,0
HHS Reading Rockets EABL,"Aydan Moloney, Can Okumus, Joseph Mackinnon, Luca Bakary, Matthew Daines",BMET City of Birmingham Rockets EABL,"Billy Rose, George Angoy, Larry Duru, Philip Basioudis, Simba Chikukwa",1,51,0.8,1.7,3,1,2,50,1,1,100,0,0,0,0,2,2,0,0,0,0,1,0,0,1,0,0,1,0,0,1,0,0,1,1,0,0,0,0,0,2.0,1.4,150,0,150,0,150,-150,3,0,0,0,0,0,0,0,0,0,0,0,0,0,0,0,0,0,0,0,0,0,0,0,0,0,0,0,0,0,0,0,0
Itchen College EABL,"Benjamin Cope, Dawid Cimochowski, Ethan Round, George Andrews, Jakub Ofman",Charnwood College Riders EABL,"Davin Hanousek, Fahad Saeed, Pharrell Kattah, Tristan Curran, Zavier Gleadell-Smith",1,16,0.3,1.7,0,0,1,0,0,1,0,0,0,0,0,0,0,0,0,0,0,0,3,0,0,0,0,0,0,3,3,100,0,1,1,0,0,0,1,1,1.0,2.3,0,129.3,-129.3,129.3,0,129.3,-3,0,0,0,0,0,0,0,0,0,0,0,0,0,0,0,0,0,0,0,0,0,0,0,0,0,0,0,0,0,0,0,0
City of London Academy - Southwark EABL,"Alex Morentin, Dante Patel, David Banjoko, Jacob Hannick, Toby Gass",Derby College Trailblazers EABL,"Finley Tuck, George Pastor, Jarom Howlett, Rohan Hobday, William Tallon",1,52,0.9,1.7,2,1,1,100,0,0,0,0,0,0,0,1,1,0,0,0,0,1,0,0,1,0,0,0,0,0,2,0,1,0,1,0,0,0,1,0,1.0,2.3,200,0,200,0,200,-200,2,0,0,0,0,0,0,0,0,0,0,0,0,0,0,0,0,0,0,0,0,0,0,0,0,0,0,0,0,0,0,0,0
Manchester Magic Academy EABL,"Abraham Isiorho, Harley Blake, Jack Odongo, Jack Walton, Oluwademilade Babalola",Oaklands Wolves EABL,"Daniel Kostadinov, Gavin Mitchell, Huxley Morrell, Liam Mcintosh, Tristan Mcintosh",1,27,0.5,1.7,4,2,2,100,0,0,0,0,1,0,0,0,0,2,0,0,0,0,0,0,0,0,0,0,0,0,0,0,0,1,1,0,0,0,1,1,2.4,1.0,163.9,0,163.9,0,163.9,-163.9,4,0,0,0,0,0,0,0,0,0,0,0,0,0,0,0,0,0,0,0,0,0,0,0,0,0,0,0,0,0,0,0,0
BMET City of Birmingham Rockets EABL,"George Angoy, Jonathan Agbeze, Jude Hyland, Larry Duru, Philip Basioudis",Copleston High School EABL,"Callum Fobister, Elijah Tamakloe, Grant Millar, Noah Wilkinson, Timothy Rafiu",1,26,0.4,1.7,4,2,2,100,0,0,0,0,1,0,1,1,2,1,0,0,0,0,0,0,1,0,0,0,0,0,0,0,0,0,0,0,0,0,0,0,2.4,1.0,163.9,0,163.9,0,163.9,-163.9,4,0,0,0,0,0,0,0,0,0,0,0,0,0,0,0,0,0,0,0,0,0,0,0,0,0,0,0,0,0,0,0,0
BMET City of Birmingham Rockets EABL,"George Angoy, Jonathan Agbeze, Jude Hyland, Larry Duru, Philip Basioudis",Copleston High School EABL,"Callum Fobister, Grant Millar, Isaac Little, Noah Wilkinson, Timothy Rafiu",1,55,0.9,1.7,3,1,1,100,0,0,0,1,1,100,0,0,0,0,0,0,0,0,6,2,3,66.7,2,2,100,0,0,0,1,0,1,2,0,0,0,0,1.4,1.9,208.3,310.9,-102.5,310.9,208.3,102.5,-3,0,0,0,0,0,0,0,0,0,0,0,0,0,0,0,0,0,0,0,0,0,0,0,0,0,0,0,0,0,0,0,0
BMET City of Birmingham Rockets EABL,"George Angoy, Jonathan Agbeze, Jude Hyland, Larry Duru, Philip Basioudis",Copleston High School EABL,"Callum Fobister, Elijah Tamakloe, Isaac Little, Matthew Liddamore, Noah Wilkinson",1,55,0.9,1.7,0,0,1,0,0,1,0,0,2,0,0,0,0,0,0,0,0,2,0,0,0,0,0,0,0,0,1,0,0,2,2,0,0,0,1,1,1.9,1.4,0,0,0,0,0,0,0,0,0,0,0,0,0,0,0,0,0,0,0,0,0,0,0,0,0,0,0,0,0,0,0,0,0,0,0,0,0,0,0
Manchester Magic Academy EABL,"Harley Blake, Jack Odongo, Jack Walton, Tarique Kamal Kazmi, Tiego Weekes",Itchen College EABL,"Benjamin Cope, Dawid Cimochowski, Ethan Round, Javen Osei-Owusu, Thomas Blower",1,31,0.5,1.7,0,0,0,0,0,0,0,0,1,0,0,0,0,0,0,0,1,0,2,1,1,100,0,0,0,0,0,0,0,1,1,1,1,0,1,0,1.4,2.0,0,100,-100,100,0,100,-2,0,0,0,0,0,0,0,0,0,0,0,0,0,0,0,0,0,0,0,0,0,0,0,0,0,0,0,0,0,0,0,0
City of London Academy - Southwark EABL,"Andrew Nwokolo, Dante Patel, David Banjoko, Jacob Hannick, Toby Gass",Myerscough College EABL,"Cesar Sanchez Falette, Jakub Bobkowski, Olivier Esingle, Salomi Latidan, Zach Trezvant",1,75,1.2,1.7,0,0,1,0,0,1,0,0,0,0,0,1,1,0,0,0,0,1,2,1,1,100,0,0,0,0,1,0,0,1,1,0,0,0,1,0,1.0,2.4,0,82,-82,82,0,82,-2,0,0,0,0,0,0,0,0,0,0,0,0,0,0,0,0,0,0,0,0,0,0,0,0,0,0,0,0,0,0,0,0
City of London Academy - Southwark EABL,"Barack Manfo-Marc, Daniel Banjoko, Rafi Testfay, Sharmake Shirwac, Toby Gass",Oaklands Wolves EABL,"Daniel Kostadinov, Dylan Gladstone, Enzo Da Cruz Fatuda, Gavin Mitchell, Liam Mcintosh",1,78,1.3,1.6,5,1,2,50,0,0,0,3,3,100,1,0,1,0,0,0,0,1,0,0,0,0,0,0,0,0,0,0,0,0,0,0,0,0,1,2,2.2,1.0,222.2,0,222.2,0,222.2,-222.2,5,0,0,0,0,0,0,0,0,0,0,0,0,0,0,0,0,0,0,0,0,0,0,0,0,0,0,0,0,0,0,0,0
Itchen College EABL,"Benjamin Cope, Dawid Cimochowski, Elijah Lotriet, Ethan Round, Jakub Ofman",Charnwood College Riders EABL,"Davin Hanousek, Fahad Saeed, Okeri Hambira, Tom Pearson, Zavier Gleadell-Smith",1,27,0.5,1.6,0,0,3,0,0,2,0,0,0,0,1,1,2,0,0,0,0,0,1,0,1,0,0,0,0,1,2,50,0,1,1,0,0,0,0,0,1.4,1.9,0,53.2,-53.2,53.2,0,53.2,-1,0,0,0,0,0,0,0,0,0,0,0,0,0,0,0,0,0,0,0,0,0,0,0,0,0,0,0,0,0,0,0,0
City of London Academy - Southwark EABL,"Alex Morentin, Dante Patel, David Banjoko, Ruben Cryer, Toby Gass",Derby College Trailblazers EABL,"Elias Rice, Finley Tuck, Kaleel Otaye, Rohan Hobday, William Tallon",1,65,1.1,1.6,2,1,3,33.3,0,1,0,0,0,0,1,0,1,0,0,0,1,1,4,1,1,100,1,1,100,1,1,100,0,0,0,1,0,0,0,0,1.9,1.4,107.5,277.8,-170.3,277.8,107.5,170.3,-2,0,0,0,0,0,0,0,0,0,0,0,0,0,0,0,0,0,0,0,0,0,0,0,0,0,0,0,0,0,0,0,0
City of London Academy - Southwark EABL,"Alex Morentin, Bilal Olowoshile, Louis Thompson, Rafi Testfay, Ruben Cryer",Derby College Trailblazers EABL,"Finley Tuck, Jarom Howlett, Julian Lemanski, Kaleel Otaye, Karim Zidonis",1,41,0.7,1.6,6,2,3,66.7,1,1,100,1,1,100,1,0,1,1,0,0,0,0,0,0,1,0,0,1,0,0,0,0,1,0,1,0,0,0,1,1,2.4,0.9,253.2,0,253.2,0,253.2,-253.2,6,0,0,0,0,0,0,0,0,0,0,0,0,0,0,0,0,0,0,0,0,0,0,0,0,0,0,0,0,0,0,0,0
BMET City of Birmingham Rockets EABL,"George Angoy, Issac Gisbourne, Jude Hyland, Larry Duru, Philip Basioudis",Derby College Trailblazers EABL,"Casey Burr, Elias Norman, Elias Rice, George Pastor, Liyo Ngomti",1,63,1.1,1.5,0,0,2,0,0,1,0,0,0,0,1,1,2,0,1,0,0,0,0,0,1,0,0,0,0,0,0,0,0,1,1,0,0,0,1,1,0.9,2.0,0,0,0,0,0,0,0,0,0,0,0,0,0,0,0,0,0,0,0,0,0,0,0,0,0,0,0,0,0,0,0,0,0,0,0,0,0,0,0
Manchester Magic Academy EABL,"David Allotey, Jack Odongo, Nathan Brown, Samy Sidi-Boumedine, Tarique Kamal Kazmi",Charnwood College Riders EABL,"Luca Boothe, Rudy Buckingham, Stanley Morris, Tom Pearson, Tristan Curran",1,54,0.9,1.5,0,0,1,0,0,1,0,0,0,0,0,0,0,0,0,0,0,0,5,2,3,66.7,1,1,100,0,0,0,1,1,2,2,0,0,0,0,1.0,1.9,0,259.1,-259.1,259.1,0,259.1,-5,0,0,0,0,0,0,0,0,0,0,0,0,0,0,0,0,0,0,0,0,0,0,0,0,0,0,0,0,0,0,0,0
Manchester Magic Academy EABL,"Abraham Sagay Isiorho, Jack Odongo, Jack Walton, Nathan Brown, Oluwademilade Babalola",Charnwood College Riders EABL,"Asa Oyerinde, Davin Hanousek, Davincy Stephens, Lewis Stevenson, Rudy Buckingham",1,28,0.5,1.5,0,0,1,0,0,0,0,0,0,0,0,0,0,0,0,0,0,0,2,1,1,100,0,0,0,0,0,0,0,1,1,1,0,0,1,0,1.0,2.0,0,100,-100,100,0,100,-2,0,0,0,0,0,0,0,0,0,0,0,0,0,0,0,0,0,0,0,0,0,0,0,0,0,0,0,0,0,0,0,0
Manchester Magic Academy EABL,"Abraham Sagay Isiorho, Harley Blake, Jack Odongo, Jack Walton, Oluwademilade Babalola",Charnwood College Riders EABL,"Asa Oyerinde, Davincy Stephens, Lewis Stevenson, Rudy Buckingham, Tristan Curran",1,59,1.0,1.5,0,0,2,0,0,1,0,0,0,0,0,0,0,0,0,0,0,0,2,1,1,100,0,0,0,0,0,0,0,2,2,0,0,0,0,0,2.0,1.0,0,200,-200,200,0,200,-2,0,0,0,0,0,0,0,0,0,0,0,0,0,0,0,0,0,0,0,0,0,0,0,0,0,0,0,0,0,0,0,0
SGS College EABL,"Abubakar Odowa, Kayden Richards, Marcos Perez Tosca, Marcos Pospori, Martin Alburo",Myerscough College EABL,"Cesar Sanchez Falette, Fin Morgan, Layjuan Farrell, Olivier Esingle, Salomi Latidan",1,20,0.3,1.5,0,0,2,0,0,0,0,0,0,0,0,0,0,0,0,0,0,0,2,1,1,100,0,0,0,0,0,0,0,2,2,0,0,1,0,0,2.0,1.0,0,200,-200,200,0,200,-2,0,0,0,0,0,0,0,0,0,0,0,0,0,0,0,0,0,0,0,0,0,0,0,0,0,0,0,0,0,0,0,0
SGS College EABL,"Abubakar Odowa, Kayden Richards, Marcos Perez Tosca, Marcos Pospori, Martin Alburo",Myerscough College EABL,"Fin Morgan, Layjuan Farrell, Olivier Esingle, Salomi Latidan, Zach Trezvant",1,31,0.5,1.5,0,0,0,0,0,0,0,0,0,0,0,1,1,0,0,0,1,0,0,0,1,0,0,0,0,0,0,0,0,0,0,0,1,0,1,0,1.0,2.0,0,0,0,0,0,0,0,0,0,0,0,0,0,0,0,0,0,0,0,0,0,0,0,0,0,0,0,0,0,0,0,0,0,0,0,0,0,0,0
SGS College EABL,"Dylan Lloyd, Imam Toure, Marcos Perez Tosca, Marcos Pospori, Martin Alburo",Myerscough College EABL,"Cesar Sanchez Falette, Jakub Bobkowski, Olivier Esingle, Salomi Latidan, Zach Trezvant",1,93,1.6,1.5,2,1,2,50,0,0,0,0,0,0,1,0,1,1,1,0,0,0,2,1,1,100,0,0,0,0,0,0,0,0,0,0,0,0,1,1,0.9,2.0,215.1,100,115.1,100,215.1,-115.1,0,0,0,0,0,0,0,0,0,0,0,0,0,0,0,0,0,0,0,0,0,0,0,0,0,0,0,0,0,0,0,0,0
Barking Abbey EABL,"Francesco Cole, Kervy Mabaya, Micael Filho, Munyaradzi Myamutenha, Raphael Connolly",HHS Reading Rockets EABL,"Lazure Franicis, Luca Bakary, Malachi Hassan-Taylor, Matthew Daines, Nicholas Dent",1,16,0.3,1.5,2,1,2,50,0,0,0,0,0,0,0,0,0,0,0,0,0,1,2,1,1,100,0,0,0,0,0,0,0,1,1,0,0,0,0,0,2.0,1.0,100,200,-100,200,100,100,0,0,0,0,0,0,0,0,0,0,0,0,0,0,0,0,0,0,0,0,0,0,0,0,0,0,0,0,0,0,0,0,0
City of London Academy - Southwark EABL,"Andrew Nwokolo, Bilal Olowoshile, Daniel Banjoko, David Banjoko, Jacob Hannick",Itchen College EABL,"Dawid Cimochowski, Elijah Lotriet, Ethan Round, Javen Osei-Owusu, Thomas Blower",1,36,0.6,1.5,0,0,0,0,0,0,0,0,0,0,0,0,0,0,0,0,2,0,2,1,2,50,0,0,0,0,0,0,1,0,1,0,1,0,0,0,2.0,0.9,0,215.1,-215.1,215.1,0,215.1,-2,0,0,0,0,0,0,0,0,0,0,0,0,0,0,0,0,0,0,0,0,0,0,0,0,0,0,0,0,0,0,0,0
BMET City of Birmingham Rockets EABL,"George Angoy, Issac Gisbourne, Jude Hyland, Larry Duru, Philip Basioudis",SGS College EABL,"Kayden Richards, Kevin Ramirez Mora, Marcos Perez Tosca, Martin Alburo, Tekai Wallace-Gayle",1,61,1.0,1.5,2,1,1,100,0,0,0,0,0,0,0,0,0,0,0,0,0,0,4,2,2,100,0,0,0,0,0,0,0,0,0,0,0,0,0,0,1.0,2.0,200,200,0,200,200,0,-2,0,0,0,0,0,0,0,0,0,0,0,0,0,0,0,0,0,0,0,0,0,0,0,0,0,0,0,0,0,0,0,0
BMET City of Birmingham Rockets EABL,"Abdou Camara, George Angoy, J. Agbeze, Jude Hyland, Philip Basioudis",SGS College EABL,"Dylan Lloyd, Kayden Richards, Marcos Pospori, Martin Alburo, Shaquan Nelson",1,20,0.3,1.5,0,0,0,0,0,0,0,0,0,0,0,0,0,0,1,0,1,0,2,1,2,50,0,0,0,0,0,0,1,0,1,0,1,0,1,0,1.0,1.9,0,103.6,-103.6,103.6,0,103.6,-2,0,0,0,0,0,0,0,0,0,0,0,0,0,0,0,0,0,0,0,0,0,0,0,0,0,0,0,0,0,0,0,0
BMET City of Birmingham Rockets EABL,"Abdou Camara, George Angoy, J. Agbeze, Jude Hyland, Philip Basioudis",SGS College EABL,"Abubakar Odowa, Marcos Perez Tosca, Marcos Pospori, Martin Alburo, Washington Wewe",1,50,0.8,1.5,0,0,0,0,0,0,0,0,0,0,0,1,1,0,0,0,1,0,2,1,2,50,0,1,0,0,0,0,0,0,0,1,1,0,0,0,1.0,2.0,0,100,-100,100,0,100,-2,0,0,0,0,0,0,0,0,0,0,0,0,0,0,0,0,0,0,0,0,0,0,0,0,0,0,0,0,0,0,0,0
BMET City of Birmingham Rockets EABL,"George Angoy, J. Agbeze, Jude Hyland, Larry Duru, Philip Basioudis",SGS College EABL,"Kayden Richards, Kevin Ramirez Mora, Marcos Pospori, Martin Alburo, Shaquan Nelson",1,25,0.4,1.5,4,2,2,100,0,0,0,0,0,0,0,0,0,2,1,0,0,0,0,0,0,0,0,0,0,0,0,0,0,0,0,0,0,0,1,0,2.0,1.0,200,0,200,0,200,-200,4,0,0,0,0,0,0,0,0,0,0,0,0,0,0,0,0,0,0,0,0,0,0,0,0,0,0,0,0,0,0,0,0
Itchen College EABL,"Alvin Ben-Uloko, Ethan Round, Leo Diala-Bevan, Richard Radu, Thomas Blower",Copleston High School EABL,"Isaac Carty-Peters, Isaac Little, Jaziah Mussington, Noah Wilkinson, Timothy Rafiu",1,39,0.7,1.5,2,1,1,100,0,0,0,0,0,0,0,1,1,1,0,0,0,0,2,1,2,50,0,0,0,0,0,0,0,0,0,0,0,0,0,0,1.0,2.0,200,100,100,100,200,-100,0,0,0,0,0,0,0,0,0,0,0,0,0,0,0,0,0,0,0,0,0,0,0,0,0,0,0,0,0,0,0,0,0
Myerscough College EABL,"Daniel Okhuoya, Harry Sheehan, Jakub Bobkowski, Olivier Esingle, Zach Trezvant",Manchester Magic Academy EABL,"David Allotey, Jack Walton, Oluwademilade Babalola, Samy Sidi-Boumedine, Tarique Kamal Kazmi",1,42,0.7,1.5,0,0,1,0,0,0,0,0,0,0,1,0,1,0,0,0,2,0,2,1,1,100,0,0,0,0,0,0,0,0,0,1,0,0,0,0,1.9,1.0,0,200,-200,200,0,200,-2,0,0,0,0,0,0,0,0,0,0,0,0,0,0,0,0,0,0,0,0,0,0,0,0,0,0,0,0,0,0,0,0
Myerscough College EABL,"Cesar Sanchez Falette, Daniel Okhuoya, Jakub Bobkowski, Nate Byfield, Sayomi Latidan",Manchester Magic Academy EABL,"Harley Blake, Jack Odongo, Jack Walton, Oluwademilade Babalola, Samy Sidi-Boumedine",1,58,1.0,1.5,0,0,1,0,0,0,0,0,0,0,0,1,1,0,0,1,0,0,3,1,3,33.3,1,2,50,0,0,0,1,1,2,1,0,0,0,0,1.0,1.9,0,155.4,-155.4,155.4,0,155.4,-3,0,0,0,0,0,0,0,0,0,0,0,0,0,0,0,0,0,0,0,0,0,0,0,0,0,0,0,0,0,0,0,0
Myerscough College EABL,"Cesar Sanchez Falette, Harry Sheehan, Olivier Esingle, Sayomi Latidan, Zach Trezvant",Manchester Magic Academy EABL,"Abraham Sagay Isiorho, Harley Blake, Jack Walton, Oluwademilade Babalola, Samy Sidi-Boumedine",1,32,0.5,1.5,2,1,1,100,0,0,0,0,0,0,0,0,0,1,0,0,1,1,2,1,1,100,0,0,0,0,0,0,0,0,0,0,1,0,0,0,2.0,1.0,100,200,-100,200,100,100,0,0,0,0,0,0,0,0,0,0,0,0,0,0,0,0,0,0,0,0,0,0,0,0,0,0,0,0,0,0,0,0,0
City of London Academy - Southwark EABL,"Daniel Banjoko, Dante Patel, Rafi Testfay, Sharmake Shirwac, Toby Gass",Barking Abbey EABL,"Amari Maitland, Folarin Oguntuase, Micael Filho, Raphael Connolly, Solomon Dobson Smith",1,59,1.0,1.5,0,0,1,0,0,1,0,0,0,0,0,0,0,0,1,0,1,1,0,0,0,0,0,0,0,0,0,0,0,1,1,0,1,0,1,0,2.0,1.0,0,0,0,0,0,0,0,0,0,0,0,0,0,0,0,0,0,0,0,0,0,0,0,0,0,0,0,0,0,0,0,0,0,0,0,0,0,0,0
Charnwood College Riders EABL,"Asa Oyerinde, Fahad Saeed, Luca Boothe, Tristan Curran, Zavier Gleadell-Smith",SGS College EABL,"Antoine Bennett, Dylan Lloyd, Luka Matthews, Marcos Pospori, Martin Alburo",1,21,0.3,1.5,2,1,1,100,0,0,0,0,0,0,0,0,0,1,0,0,0,1,2,1,1,100,0,0,0,0,0,0,0,0,0,1,0,0,1,0,1.0,2.0,200,100,100,100,200,-100,0,0,0,0,0,0,0,0,0,0,0,0,0,0,0,0,0,0,0,0,0,0,0,0,0,0,0,0,0,0,0,0,0
Manchester Magic Academy EABL,"Jack Walton, Lewis Clayton, Oluwademilade Babalola, Samy Sidi-Boumedine, Tom Richardson",Derby College Trailblazers EABL,"Casey Burr, Elias Rice, Jarom Howlett, Matheo Smith-Fjordland, Rohan Hobday",1,48,0.8,1.5,2,1,1,100,0,0,0,0,0,0,0,0,0,1,0,0,0,0,2,1,2,50,0,1,0,0,0,0,0,0,0,1,0,0,0,0,1.0,2.0,200,100,100,100,200,-100,0,0,0,0,0,0,0,0,0,0,0,0,0,0,0,0,0,0,0,0,0,0,0,0,0,0,0,0,0,0,0,0,0
Myerscough College EABL,"Ayo Ibirinde, Cesar Sanchez Falette, Harry Sheehan, Olivier Esingle, Sayomi Latidan",BMET City of Birmingham Rockets EABL,"Daniel Pittaway, George Angoy, Jonathan Agbeze, Jude Hyland, Larry Duru",1,52,0.9,1.5,2,1,2,50,0,1,0,0,0,0,1,1,2,0,0,0,0,0,0,0,1,0,0,1,0,0,0,0,0,0,0,0,0,1,1,0,0.9,2.0,215.1,0,215.1,0,215.1,-215.1,2,0,0,0,0,0,0,0,0,0,0,0,0,0,0,0,0,0,0,0,0,0,0,0,0,0,0,0,0,0,0,0,0
Myerscough College EABL,"Cesar Sanchez Falette, Fin Morgan, Nathaniel Byfield, Sayomi Latidan, Zach Trezvant",BMET City of Birmingham Rockets EABL,"George Angoy, Guridat Singh, Jude Hyland, Larry Duru, Patrick Walsh",1,57,0.9,1.5,0,0,1,0,0,0,0,0,0,0,1,2,3,0,0,0,1,0,0,0,2,0,0,0,0,0,0,0,0,0,0,0,0,0,0,0,0.9,2.0,0,0,0,0,0,0,0,0,0,0,0,0,0,0,0,0,0,0,0,0,0,0,0,0,0,0,0,0,0,0,0,0,0,0,0,0,0,0,0
Myerscough College EABL,"Daniel Okhuoya, Fin Morgan, Harry Sheehan, Ivan Idemudia, Olivier Esingle",BMET City of Birmingham Rockets EABL,"Abdou Camara, Daniel Pittaway, Guridat Singh, Jude Hyland, Patrick Walsh",1,24,0.4,1.5,4,2,2,100,0,0,0,0,0,0,0,1,1,1,0,0,0,0,0,0,1,0,0,1,0,0,0,0,0,0,0,0,0,0,0,0,2.0,1.0,200,0,200,0,200,-200,4,0,0,0,0,0,0,0,0,0,0,0,0,0,0,0,0,0,0,0,0,0,0,0,0,0,0,0,0,0,0,0,0
HHS Reading Rockets EABL,"James Waterhouse, Lazure Francis, Malachi Hassan-Taylor, Matthew Daines, Saun Ejiofor",City of London Academy - Southwark EABL,"Bilal Olowoshile, David Banjoko, Rafi Testfay, Ruben Cryer, Sharmake Shirwac",1,53,0.9,1.5,2,1,1,100,0,0,0,0,0,0,0,1,1,0,0,1,1,0,0,0,1,0,0,0,0,0,0,0,0,0,0,0,0,0,0,1,2.0,1.0,100,0,100,0,100,-100,2,0,0,0,0,0,0,0,0,0,0,0,0,0,0,0,0,0,0,0,0,0,0,0,0,0,0,0,0,0,0,0,0
HHS Reading Rockets EABL,"Ethan Harrington, James Waterhouse, Lazure Francis, Malachi Hassan-Taylor, Saun Ejiofor",City of London Academy - Southwark EABL,"Daniel Banjoko, Daniel Ekwukoma, Dante Patel, David Banjoko, Toby Gass",1,48,0.8,1.5,2,1,2,50,0,1,0,0,0,0,0,0,0,1,0,0,0,1,0,0,1,0,0,0,0,0,0,0,0,1,1,0,0,1,0,0,2.0,1.0,100,0,100,0,100,-100,2,0,0,0,0,0,0,0,0,0,0,0,0,0,0,0,0,0,0,0,0,0,0,0,0,0,0,0,0,0,0,0,0
HHS Reading Rockets EABL,"James Waterhouse, Joseph Mackinnon, Lazure Francis, Malachi Hassan-Taylor, Matthew Daines",City of London Academy - Southwark EABL,"Andrew Nwokolo, Daniel Banjoko, David Banjoko, Rafi Testfay, Toby Gass",1,20,0.3,1.5,2,1,1,100,0,0,0,0,0,0,0,0,0,1,0,0,1,0,2,1,1,100,0,0,0,0,0,0,0,0,0,1,1,0,0,1,2.0,1.0,100,200,-100,200,100,100,0,0,0,0,0,0,0,0,0,0,0,0,0,0,0,0,0,0,0,0,0,0,0,0,0,0,0,0,0,0,0,0,0
Oaklands Wolves EABL,"Enzo Da Cruz Fatuda, Ethan Ryan, Gavin Mitchell, Kajus Gasperas, Tristan Mcintosh",Itchen College EABL,"Benjamin Cope, Elijah Lotriet, Jakub Ofman, Mason Yeates, Thomas Blower",1,86,1.4,1.5,0,0,0,0,0,0,0,0,0,0,0,0,0,0,0,0,1,0,0,0,1,0,0,0,0,0,0,0,0,0,0,0,1,0,1,0,1.0,2.0,0,0,0,0,0,0,0,0,0,0,0,0,0,0,0,0,0,0,0,0,0,0,0,0,0,0,0,0,0,0,0,0,0,0,0,0,0,0,0
Oaklands Wolves EABL,"Daniel Kostadinov, Dylan Gladstone, Gavin Mitchell, Guisepi Augenti, Huxley Morrell",Itchen College EABL,"Benjamin Cope, Ethan Round, Javen Osei-Owusu, Mason Yeates, Thomas Blower",1,41,0.7,1.5,0,0,1,0,0,0,0,0,0,0,0,0,0,0,0,0,0,0,4,2,3,66.7,0,1,0,0,0,0,1,1,2,1,0,0,0,0,1.0,1.9,0,207.3,-207.3,207.3,0,207.3,-4,0,0,0,0,0,0,0,0,0,0,0,0,0,0,0,0,0,0,0,0,0,0,0,0,0,0,0,0,0,0,0,0
Oaklands Wolves EABL,"Daniel Kostadinov, Gavin Mitchell, Huxley Morrell, Liam Mcintosh, Tristan Mcintosh",Itchen College EABL,"Benjamin Cope, Ethan Round, Jakub Ofman, Mason Yeates, Thomas Blower",1,17,0.3,1.5,2,1,2,50,0,1,0,0,0,0,0,0,0,0,0,0,0,0,2,1,1,100,0,0,0,0,0,0,0,1,1,1,0,0,0,0,2.0,1.0,100,200,-100,200,100,100,0,0,0,0,0,0,0,0,0,0,0,0,0,0,0,0,0,0,0,0,0,0,0,0,0,0,0,0,0,0,0,0,0
Oaklands Wolves EABL,"Ethan Ryan, Gavin Mitchell, Huxley Morrell, Liam Mcintosh, Tristan Mcintosh",Itchen College EABL,"Benjamin Cope, Elijah Lotriet, Ethan Round, Javen Osei-Owusu, Mason Yeates",1,53,0.9,1.5,0,0,2,0,0,1,0,0,0,0,0,0,0,0,0,0,0,0,0,0,0,0,0,0,0,0,0,0,0,0,0,0,0,1,1,0,2.0,1.0,0,0,0,0,0,0,0,0,0,0,0,0,0,0,0,0,0,0,0,0,0,0,0,0,0,0,0,0,0,0,0,0,0,0,0,0,0,0,0
Oaklands Wolves EABL,"Dylan Gladstone, Enzo Da Cruz Fatuda, Guisepi Augenti, Kajus Gasperas, Zac Gribble",Itchen College EABL,"Elijah Lotriet, George Andrews, Mason Yeates, Richard Radu, Sonny Wood",1,55,0.9,1.5,2,1,1,100,0,0,0,0,0,0,0,0,0,0,0,0,1,0,0,0,0,0,0,0,0,0,0,0,0,0,0,0,1,0,1,0,2.0,1.0,100,0,100,0,100,-100,2,0,0,0,0,0,0,0,0,0,0,0,0,0,0,0,0,0,0,0,0,0,0,0,0,0,0,0,0,0,0,0,0
BMET City of Birmingham Rockets EABL,"Billy Rose, George Angoy, Jonathan Agbeze, Larry Duru, Philip Basioudis",Manchester Magic Academy EABL,"Harley Blake, Jack Walton, Lewis Clayton, Nathan Brown, Oluwademilade Babalola",1,46,0.8,1.5,0,0,1,0,0,0,0,0,0,0,0,0,0,0,0,0,1,1,2,1,1,100,0,0,0,0,0,0,0,0,0,1,0,0,0,0,2.0,1.0,0,200,-200,200,0,200,-2,0,0,0,0,0,0,0,0,0,0,0,0,0,0,0,0,0,0,0,0,0,0,0,0,0,0,0,0,0,0,0,0
BMET City of Birmingham Rockets EABL,"Guridat Singh, Jonathan Agbeze, Larry Duru, Patrick Walsh, Philip Basioudis",Manchester Magic Academy EABL,"Harley Blake, Jack Walton, Lewis Clayton, Samy Sidi-Boumedine, Tarique Kamal Kazmi",1,15,0.2,1.5,0,0,1,0,0,0,0,0,0,0,0,0,0,0,0,0,1,0,0,0,0,0,0,0,0,0,0,0,0,1,1,0,0,0,1,0,2.0,1.0,0,0,0,0,0,0,0,0,0,0,0,0,0,0,0,0,0,0,0,0,0,0,0,0,0,0,0,0,0,0,0,0,0,0,0,0,0,0,0
BMET City of Birmingham Rockets EABL,"Abdou Camara, George Angoy, Guridat Singh, Jonathan Agbeze, Patrick Walsh",Manchester Magic Academy EABL,"David Allotey, Harley Blake, Jack Walton, Oluwademilade Babalola, Tarique Kamal Kazmi",1,43,0.7,1.5,0,0,1,0,0,0,0,0,0,0,0,0,0,0,1,0,0,0,0,0,0,0,0,0,0,0,0,0,0,1,1,0,0,0,2,0,1.0,2.0,0,0,0,0,0,0,0,0,0,0,0,0,0,0,0,0,0,0,0,0,0,0,0,0,0,0,0,0,0,0,0,0,0,0,0,0,0,0,0
BMET City of Birmingham Rockets EABL,"Abdou Camara, Billy Rose, Daniel Pittaway, George Angoy, Guridat Singh",Manchester Magic Academy EABL,"David Allotey, Harley Blake, Jack Walton, Tarique Kamal Kazmi, Tiego Weekes",1,52,0.9,1.5,2,1,2,50,0,1,0,0,0,0,1,0,1,0,0,0,1,0,2,1,1,100,0,0,0,0,0,0,0,0,0,0,0,0,0,0,1.9,1.0,103.6,200,-96.4,200,103.6,96.4,0,0,0,0,0,0,0,0,0,0,0,0,0,0,0,0,0,0,0,0,0,0,0,0,0,0,0,0,0,0,0,0,0
Copleston High School EABL,"Callum Fobister, Isaac Little, Matthew Liddamore, Noah Wilkinson, Timothy Rafiu",HHS Reading Rockets EABL,"Can Okumus, Lazure Franicis, Luca Bakary, Matthew Daines, Nicholas Dent",1,63,1.1,1.5,0,0,1,0,0,0,0,0,0,0,0,0,0,0,0,0,1,2,2,1,1,100,0,0,0,0,0,0,0,1,1,0,1,0,0,1,2.0,1.0,0,200,-200,200,0,200,-2,0,0,0,0,0,0,0,0,0,0,0,0,0,0,0,0,0,0,0,0,0,0,0,0,0,0,0,0,0,0,0,0
Charnwood College Riders EABL,"Asa Oyerinde, Lewis Stevenson, Luca Boothe, Tristan Curran, Zavier Gleadell-Smith",Myerscough College EABL,"Ayo Ibirinde, Blake Gordon, Harry Sheehan, Jakub Bobkowski, Sayomi Laditan",1,61,1.0,1.5,2,1,2,50,0,0,0,0,0,0,0,0,0,0,0,0,0,0,2,1,1,100,0,0,0,0,0,0,0,1,1,0,0,0,0,0,2.0,1.0,100,200,-100,200,100,100,0,0,0,0,0,0,0,0,0,0,0,0,0,0,0,0,0,0,0,0,0,0,0,0,0,0,0,0,0,0,0,0,0
Charnwood College Riders EABL,"Luca Boothe, Rudy Buckingham, Stanley Morris, Tristan Curran, Zavier Gleadell-Smith",Myerscough College EABL,"Harry Sheehan, Junior Sanchez, Olivier Esingle, Solomi Laditan, Zach Trezvant",1,51,0.8,1.5,0,0,2,0,0,0,0,0,0,0,1,0,1,0,2,0,0,0,0,0,0,0,0,0,0,0,0,0,0,1,1,0,0,0,2,0,0.9,2.0,0,0,0,0,0,0,0,0,0,0,0,0,0,0,0,0,0,0,0,0,0,0,0,0,0,0,0,0,0,0,0,0,0,0,0,0,0,0,0
Charnwood College Riders EABL,"Asa Oyerinde, Lewis Stevenson, Luca Boothe, Tristan Curran, Zavier Gleadell-Smith",Myerscough College EABL,"Ayo Ibirinde, Blake Gordon, Harry Sheehan, Jakub Bobkowski, Zach Trezvant",1,59,1.0,1.5,3,1,1,100,1,1,100,0,0,0,0,0,0,1,0,0,0,0,2,1,2,50,0,1,0,0,0,0,0,0,0,1,0,0,0,0,1.0,2.0,300,100,200,100,300,-200,1,0,0,0,0,0,0,0,0,0,0,0,0,0,0,0,0,0,0,0,0,0,0,0,0,0,0,0,0,0,0,0,0
SGS College EABL,"Dylan Lloyd, Imam Toure, Kevin Ramirez Mora, Marcos Perez Tosca, Martin Alburo",Derby College Trailblazers EABL,"Casey Burr, Elias Norman, Jarom Howlett, Liyo Ngomti, Rohan Hobday",1,36,0.6,1.5,2,1,1,100,0,0,0,0,0,0,0,1,1,0,0,0,0,0,0,0,2,0,0,1,0,0,0,0,0,0,0,0,0,0,0,0,1.0,2.0,200,0,200,0,200,-200,2,0,0,0,0,0,0,0,0,0,0,0,0,0,0,0,0,0,0,0,0,0,0,0,0,0,0,0,0,0,0,0,0
City of London Academy - Southwark EABL,"Andrew Nwokolo, Daniel Banjoko, David Banjoko, Jacob Hannick, Toby Gass",Oaklands Wolves EABL,"Daniel Kostadinov, Gavin Mitchell, Huxley Morrell, Liam Mcintosh, Tristan Mcintosh",1,55,0.9,1.5,0,0,1,0,0,1,0,0,0,0,0,0,0,0,0,1,0,0,2,1,2,50,0,0,0,0,0,0,0,1,1,1,0,0,0,0,1.0,2.0,0,100,-100,100,0,100,-2,0,0,0,0,0,0,0,0,0,0,0,0,0,0,0,0,0,0,0,0,0,0,0,0,0,0,0,0,0,0,0,0
City of London Academy - Southwark EABL,"Andrew Nwokolo, Daniel Banjoko, David Banjoko, Jacob Hannick, Toby Gass",Oaklands Wolves EABL,"Daniel Kostadinov, Gavin Mitchell, Guisepi Augenti, Huxley Morrell, Liam Mcintosh",1,49,0.8,1.5,0,0,1,0,0,1,0,0,0,0,1,1,2,0,0,0,1,0,2,1,2,50,0,0,0,0,0,0,0,0,0,0,0,0,0,1,0.9,2.0,0,100,-100,100,0,100,-2,0,0,0,0,0,0,0,0,0,0,0,0,0,0,0,0,0,0,0,0,0,0,0,0,0,0,0,0,0,0,0,0
City of London Academy - Southwark EABL,"Andrew Nwokolo, Bilal Olowoshile, Daniel Banjoko, David Banjoko, Rafi Testfay",Oaklands Wolves EABL,"Daniel Kostadinov, Gavin Mitchell, Guisepi Augenti, Huxley Morrell, Liam Mcintosh",1,47,0.8,1.5,2,1,1,100,0,0,0,0,0,0,0,0,0,1,0,0,1,0,2,1,1,100,0,0,0,0,0,0,0,0,0,1,1,0,0,1,2.0,1.0,100,200,-100,200,100,100,0,0,0,0,0,0,0,0,0,0,0,0,0,0,0,0,0,0,0,0,0,0,0,0,0,0,0,0,0,0,0,0,0
Derby College Trailblazers EABL,"Elias Norman, George Pastor, Jarom Howlett, Liyo Ngomti, William Tallon",Charnwood College Riders EABL,"Asa Oyerinde, Davincy Stephens, Lewis Stevenson, Rudy Buckingham, Tristan Curran",1,67,1.1,1.5,0,0,0,0,0,0,0,0,0,0,0,1,1,0,0,0,1,0,3,1,2,50,1,2,50,0,0,0,0,0,0,0,1,0,0,0,1.0,2.0,0,150,-150,150,0,150,-3,0,0,0,0,0,0,0,0,0,0,0,0,0,0,0,0,0,0,0,0,0,0,0,0,0,0,0,0,0,0,0,0
BMET City of Birmingham Rockets EABL,"George Angoy, Guridat Singh, Jonathan Agbeze, Jude Hyland, Larry Duru",Charnwood College Riders EABL,"Asa Oyerinde, Pharrell Kattah, Tom Pearson, Tristan Curran, Zavier Gleadell-Smith",1,25,0.4,1.5,0,0,2,0,0,1,0,0,0,0,1,1,2,0,0,0,1,0,0,0,1,0,0,0,0,0,0,0,0,1,1,0,0,0,0,0,1.9,1.0,0,0,0,0,0,0,0,0,0,0,0,0,0,0,0,0,0,0,0,0,0,0,0,0,0,0,0,0,0,0,0,0,0,0,0,0,0,0,0
Itchen College EABL,"Benjamin Cope, Dawid Cimochowski, Elijah Lotriet, Ethan Round, Jakub Ofman",HHS Reading Rockets EABL,"Can Okumus, James Waterhouse, Lazure Franicis, Luca Bakary, Nicholas Dent",1,38,0.6,1.5,0,0,2,0,0,0,0,0,0,0,0,0,0,0,1,0,0,0,0,0,0,0,0,0,0,0,0,0,0,1,1,0,0,0,1,0,2.0,1.0,0,0,0,0,0,0,0,0,0,0,0,0,0,0,0,0,0,0,0,0,0,0,0,0,0,0,0,0,0,0,0,0,0,0,0,0,0,0,0
Itchen College EABL,"Benjamin Cope, Dawid Cimochowski, Elijah Lotriet, Ethan Round, Jakub Ofman",HHS Reading Rockets EABL,"Can Okumus, Joseph Mackinnon, Lazure Franicis, Luca Bakary, Nicholas Dent",1,57,0.9,1.5,0,0,1,0,0,0,0,0,0,0,0,1,1,0,0,0,0,0,2,1,2,50,0,1,0,0,0,0,0,0,0,1,0,0,0,1,1.0,2.0,0,100,-100,100,0,100,-2,0,0,0,0,0,0,0,0,0,0,0,0,0,0,0,0,0,0,0,0,0,0,0,0,0,0,0,0,0,0,0,0
Itchen College EABL,"Elijah Lotriet, Ethan Round, Javen Osei-Owusu, Mason Yeates, Thomas Blower",HHS Reading Rockets EABL,"Can Okumus, James Waterhouse, Joseph Mackinnon, Lazure Franicis, Nicholas Dent",1,31,0.5,1.5,3,1,2,50,1,1,100,0,0,0,0,0,0,1,0,0,0,0,0,0,0,0,0,0,0,0,0,0,0,1,1,0,0,0,1,0,2.0,1.0,150,0,150,0,150,-150,3,0,0,0,0,0,0,0,0,0,0,0,0,0,0,0,0,0,0,0,0,0,0,0,0,0,0,0,0,0,0,0,0
Itchen College EABL,"Dawid Cimochowski, George Andrews, Jakub Ofman, Richard Radu, Thomas Blower",HHS Reading Rockets EABL,"Can Okumus, Ethan Harrington, Lazure Franicis, Luca Bakary, Malachi Hassan-Taylor",1,53,0.9,1.5,3,1,1,100,1,1,100,0,0,0,0,1,1,1,0,0,1,1,0,0,1,0,0,1,0,0,0,0,0,0,0,0,1,0,0,0,2.0,1.0,150,0,150,0,150,-150,3,0,0,0,0,0,0,0,0,0,0,0,0,0,0,0,0,0,0,0,0,0,0,0,0,0,0,0,0,0,0,0,0
Derby College Trailblazers EABL,"Casey Burr, George Pastor, Jarom Howlett, Julian Lemanski, Rohan Hobday",Myerscough College EABL,"Cesar Sanchez Falette, Jakub Bobkowski, Nathaniel Byfield, Sayomi Latidan, Zach Trezvant",1,47,0.8,1.5,0,0,1,0,0,1,0,0,0,0,0,0,0,0,0,0,0,1,4,2,2,100,0,0,0,0,0,0,0,1,1,0,0,0,0,0,1.0,2.0,0,200,-200,200,0,200,-4,0,0,0,0,0,0,0,0,0,0,0,0,0,0,0,0,0,0,0,0,0,0,0,0,0,0,0,0,0,0,0,0
Derby College Trailblazers EABL,"Casey Burr, Elias Norman, Elias Rice, Kaleel Otaye, William Tallon",Myerscough College EABL,"Ayo Ibirinde, Cesar Sanchez Falette, L. Roberts, Layjuan Farrell, Nathaniel Byfield",1,35,0.6,1.5,0,0,1,0,0,1,0,0,0,0,0,0,0,0,1,0,0,0,2,1,1,100,0,0,0,0,0,0,0,1,1,1,0,0,1,1,1.0,2.0,0,100,-100,100,0,100,-2,0,0,0,0,0,0,0,0,0,0,0,0,0,0,0,0,0,0,0,0,0,0,0,0,0,0,0,0,0,0,0,0
Manchester Magic Academy EABL,"Abraham Sagay Isiorho, Harley Blake, Jack Walton, Nathan Brown, Oluwademilade Babalola",SGS College EABL,"Antoine Bennett, Dylan Lloyd, Kevin Ramirez Mora, Marcos Perez Tosca, Shaquan Nelson",1,52,0.9,1.5,5,2,2,100,1,1,100,0,0,0,0,0,0,2,1,0,0,1,0,0,0,0,0,0,0,0,0,0,0,0,0,0,0,0,1,0,2.0,1.0,250,0,250,0,250,-250,5,0,0,0,0,0,0,0,0,0,0,0,0,0,0,0,0,0,0,0,0,0,0,0,0,0,0,0,0,0,0,0,0
Manchester Magic Academy EABL,"Abraham Sagay Isiorho, Jack Odongo, Oluwademilade Babalola, Samy Sidi-Boumedine, Tom Richardson",SGS College EABL,"Abubakar Odowa, Dylan Lloyd, Kevin Ramirez Mora, Marcos Pospori, Martin Alburo",1,67,1.1,1.5,2,1,2,50,0,1,0,0,0,0,1,1,2,1,0,0,0,0,3,1,2,50,1,1,100,0,0,0,0,0,0,1,0,0,0,0,0.9,2.0,215.1,150,65.1,150,215.1,-65.1,-1,0,0,0,0,0,0,0,0,0,0,0,0,0,0,0,0,0,0,0,0,0,0,0,0,0,0,0,0,0,0,0,0
Manchester Magic Academy EABL,"David Allotey, Jack Walton, Oluwademilade Babalola, Samy Sidi-Boumedine, Tom Richardson",SGS College EABL,"Abubakar Odowa, Dylan Lloyd, Imam Toure, Marcos Pospori, Shaquan Nelson",1,60,1.0,1.5,3,1,1,100,1,1,100,0,0,0,0,0,0,1,1,0,0,0,0,0,1,0,0,1,0,0,0,0,0,0,0,0,0,0,1,1,1.0,2.0,300,0,300,0,300,-300,3,0,0,0,0,0,0,0,0,0,0,0,0,0,0,0,0,0,0,0,0,0,0,0,0,0,0,0,0,0,0,0,0
Manchester Magic Academy EABL,"David Allotey, Jack Styzcen-O'keefe, Oluwademilade Babalola, Samy Sidi-Boumedine, Tiego Weekes",SGS College EABL,"Dylan Lloyd, Kevin Ramirez Mora, Marcos Perez Tosca, Marcos Pospori, Martin Alburo",1,73,1.2,1.5,3,1,2,50,1,1,100,0,0,0,1,1,2,1,0,0,0,0,3,1,2,50,1,1,100,0,0,0,0,0,0,1,0,1,0,1,0.9,2.0,322.6,150,172.6,150,322.6,-172.6,0,0,0,0,0,0,0,0,0,0,0,0,0,0,0,0,0,0,0,0,0,0,0,0,0,0,0,0,0,0,0,0,0
Oaklands Wolves EABL,"Daniel Kostadinov, Dylan Gladstone, Enzo Da Cruz Fatuda, Gavin Mitchell, Huxley Morrell",Barking Abbey EABL,"Alaxanda Nwabueze, Amari Maitland, Joshua Mendes, Micael Filho, Raphael Connolly",1,38,0.6,1.5,4,2,2,100,0,0,0,0,0,0,0,1,1,2,0,0,0,0,0,0,1,0,0,0,0,0,0,0,0,0,0,0,0,0,0,0,2.0,1.0,200,0,200,0,200,-200,4,0,0,0,0,0,0,0,0,0,0,0,0,0,0,0,0,0,0,0,0,0,0,0,0,0,0,0,0,0,0,0,0
Oaklands Wolves EABL,"Daniel Kostadinov, Dylan Gladstone, Enzo Da Cruz Fatuda, Gavin Mitchell, Liam Mcintosh",Barking Abbey EABL,"Amari Maitland, Kervy Mabaya, Micael Filho, Oskaras Visockas, Raphael Connolly",1,28,0.5,1.5,2,1,2,50,0,1,0,0,0,0,0,0,0,0,0,0,0,0,3,1,1,100,1,1,100,0,0,0,0,1,1,1,0,0,0,0,2.0,1.0,100,300,-200,300,100,200,-1,0,0,0,0,0,0,0,0,0,0,0,0,0,0,0,0,0,0,0,0,0,0,0,0,0,0,0,0,0,0,0,0
Copleston High School EABL,"Angus Hickey, Elijah Tamakloe, Isaac Carty-Peters, Matthew Liddamore, Noah Wilkinson",Oaklands Wolves EABL,"Gavin Mitchell, Huxley Morrell, Kajus Gasperas, Liam Mcintosh, Tristan Mcintosh",1,41,0.7,1.5,3,1,2,50,1,2,50,0,0,0,0,0,0,1,0,0,0,0,2,1,1,100,0,0,0,0,0,0,0,1,1,0,0,0,0,0,2.0,1.0,150,200,-50,200,150,50,1,0,0,0,0,0,0,0,0,0,0,0,0,0,0,0,0,0,0,0,0,0,0,0,0,0,0,0,0,0,0,0,0
Copleston High School EABL,"Elijah Tamakloe, Isaac Carty-Peters, Isaac Little, Matthew Liddamore, Noah Wilkinson",Oaklands Wolves EABL,"Daniel Kostadinov, Dylan Gladstone, Guisepi Augenti, Huxley Morrell, Zac Gribble",1,66,1.1,1.5,2,1,1,100,0,0,0,0,0,0,0,1,1,0,0,0,1,0,0,0,1,0,0,0,0,0,0,0,0,0,0,0,0,0,0,0,2.0,1.0,100,0,100,0,100,-100,2,0,0,0,0,0,0,0,0,0,0,0,0,0,0,0,0,0,0,0,0,0,0,0,0,0,0,0,0,0,0,0,0
Copleston High School EABL,"Callum Fobister, Isaac Carty-Peters, Isaac Little, Matthew Liddamore, Oliver Drane",Oaklands Wolves EABL,"Dylan Gladstone, Enzo Da Cruz Fatuda, Huxley Morrell, Liam Mcintosh, Tristan Mcintosh",1,42,0.7,1.5,0,0,0,0,0,0,0,0,0,0,0,0,0,0,0,0,1,0,0,0,1,0,0,0,0,0,0,0,1,0,1,0,1,0,2,0,1.0,1.9,0,0,0,0,0,0,0,0,0,0,0,0,0,0,0,0,0,0,0,0,0,0,0,0,0,0,0,0,0,0,0,0,0,0,0,0,0,0,0
Itchen College EABL,"Ethan Round, Marley Edwards, Mason Yeates, Richard Radu, Thomas Blower",City of London Academy - Southwark EABL,"Andrew Nwokolo, Daniel Banjoko, David Banjoko, Rafi Testfay, Toby Gass",1,53,0.9,1.5,0,0,1,0,0,0,0,0,0,0,0,0,0,0,0,0,0,1,0,0,1,0,0,1,0,0,0,0,1,1,2,0,0,1,2,0,1.0,1.9,0,0,0,0,0,0,0,0,0,0,0,0,0,0,0,0,0,0,0,0,0,0,0,0,0,0,0,0,0,0,0,0,0,0,0,0,0,0,0
Itchen College EABL,"Benjamin Cope, Dawid Cimochowski, Elijah Lotriet, Javen Osei-Owusu, Richard Radu",City of London Academy - Southwark EABL,"Andrew Nwokolo, David Banjoko, Rafi Testfay, Sharmake Shirwac, Toby Gass",1,27,0.5,1.5,0,0,1,0,0,1,0,0,0,0,0,1,1,0,0,0,1,0,0,0,1,0,0,1,0,0,0,0,0,1,1,0,0,0,0,0,2.0,1.0,0,0,0,0,0,0,0,0,0,0,0,0,0,0,0,0,0,0,0,0,0,0,0,0,0,0,0,0,0,0,0,0,0,0,0,0,0,0,0
Itchen College EABL,"Benjamin Cope, Elijah Lotriet, Ethan Round, Javen Osei-Owusu, Mason Yeates",City of London Academy - Southwark EABL,"Andrew Nwokolo, Daniel Banjoko, Dante Patel, David Banjoko, Toby Gass",1,67,1.1,1.5,0,0,2,0,0,1,0,0,0,0,0,0,0,0,1,0,0,2,0,0,0,0,0,0,0,0,0,0,0,1,1,0,0,1,1,0,2.0,1.0,0,0,0,0,0,0,0,0,0,0,0,0,0,0,0,0,0,0,0,0,0,0,0,0,0,0,0,0,0,0,0,0,0,0,0,0,0,0,0
Itchen College EABL,"Elijah Lotriet, Ethan Round, Marley Edwards, Mason Yeates, Richard Radu",City of London Academy - Southwark EABL,"Alex Morentin, Andrew Nwokolo, Daniel Banjoko, Rafi Testfay, Ruben Cryer",1,8,0.1,1.5,0,0,1,0,0,0,0,0,0,0,0,0,0,0,0,0,0,0,5,2,2,100,1,1,100,0,0,0,0,1,1,1,0,1,0,0,1.0,2.0,0,250,-250,250,0,250,-5,0,0,0,0,0,0,0,0,0,0,0,0,0,0,0,0,0,0,0,0,0,0,0,0,0,0,0,0,0,0,0,0
Itchen College EABL,"Benjamin Cope, Dawid Cimochowski, Ethan Round, Javen Osei-Owusu, Richard Radu",City of London Academy - Southwark EABL,"Andrew Nwokolo, Dante Patel, David Banjoko, Ruben Cryer, Toby Gass",1,54,0.9,1.5,0,0,1,0,0,0,0,0,0,0,0,0,0,0,0,0,1,0,2,1,1,100,0,0,0,0,0,0,0,1,1,0,1,0,0,0,2.0,1.0,0,200,-200,200,0,200,-2,0,0,0,0,0,0,0,0,0,0,0,0,0,0,0,0,0,0,0,0,0,0,0,0,0,0,0,0,0,0,0,0
Itchen College EABL,"Benjamin Cope, Dawid Cimochowski, Elijah Lotriet, Ethan Round, Javen Osei-Owusu",City of London Academy - Southwark EABL,"Andrew Nwokolo, Dante Patel, David Banjoko, Ruben Cryer, Toby Gass",1,22,0.4,1.5,0,0,1,0,0,1,0,0,0,0,0,0,0,0,0,0,1,1,2,1,2,50,0,0,0,0,0,0,1,1,2,0,1,0,0,0,2.0,0.9,0,215.1,-215.1,215.1,0,215.1,-2,0,0,0,0,0,0,0,0,0,0,0,0,0,0,0,0,0,0,0,0,0,0,0,0,0,0,0,0,0,0,0,0
Charnwood College Riders EABL,"Asa Oyerinde, Fahad Saeed, Stanley Morris, Tom Pearson, Tristan Curran",Manchester Magic Academy EABL,"Abraham Sagay Isiorho, David Allotey, Nathan Brown, Oluwademilade Babalola, Tom Richardson",1,48,0.8,1.5,2,1,2,50,0,0,0,0,0,0,0,0,0,0,0,0,0,0,3,1,1,100,1,1,100,0,0,0,0,0,0,0,0,1,0,0,2.0,1.0,100,300,-200,300,100,200,-1,0,0,0,0,0,0,0,0,0,0,0,0,0,0,0,0,0,0,0,0,0,0,0,0,0,0,0,0,0,0,0,0
Charnwood College Riders EABL,"Davin Hanousek, Lewis Stevenson, Luca Boothe, Stanley Morris, Tristan Curran",Manchester Magic Academy EABL,"Abraham Sagay Isiorho, Harley Blake, Nathan Brown, Oluwademilade Babalola, Tom Richardson",1,19,0.3,1.5,0,0,1,0,0,0,0,0,0,0,0,0,0,0,1,0,0,0,2,1,2,50,0,1,0,0,0,0,1,1,2,0,0,0,1,0,1.0,1.9,0,103.6,-103.6,103.6,0,103.6,-2,0,0,0,0,0,0,0,0,0,0,0,0,0,0,0,0,0,0,0,0,0,0,0,0,0,0,0,0,0,0,0,0
Charnwood College Riders EABL,"Asa Oyerinde, Luca Boothe, Pharrell Kattah, Stanley Morris, Tristan Curran",Manchester Magic Academy EABL,"Abraham Sagay Isiorho, Harley Blake, Nathan Brown, Oluwademilade Babalola, Tom Richardson",1,68,1.1,1.5,0,0,0,0,0,0,0,0,0,0,0,1,1,0,0,0,2,0,0,0,1,0,0,1,0,0,0,0,0,0,0,0,0,0,0,1,2.0,1.0,0,0,0,0,0,0,0,0,0,0,0,0,0,0,0,0,0,0,0,0,0,0,0,0,0,0,0,0,0,0,0,0,0,0,0,0,0,0,0
Charnwood College Riders EABL,"Davin Hanousek, Luca Boothe, Rudy Buckingham, Stanley Morris, Tristan Curran",Manchester Magic Academy EABL,"Abraham Sagay Isiorho, Jack Odongo, Nathan Brown, Oluwademilade Babalola, Tom Richardson",1,33,0.6,1.5,5,2,2,100,1,1,100,0,0,0,0,1,1,1,0,1,0,0,0,0,1,0,0,0,0,0,0,0,0,0,0,0,0,0,0,0,2.0,1.0,250,0,250,0,250,-250,5,0,0,0,0,0,0,0,0,0,0,0,0,0,0,0,0,0,0,0,0,0,0,0,0,0,0,0,0,0,0,0,0
Charnwood College Riders EABL,"Davin Hanousek, Luca Boothe, Rudy Buckingham, Stanley Morris, Tristan Curran",Manchester Magic Academy EABL,"Abraham Sagay Isiorho, David Allotey, Jack Odongo, Oluwademilade Babalola, Tom Richardson",1,59,1.0,1.5,0,0,1,0,0,1,0,0,0,0,0,0,0,0,0,0,0,0,3,1,2,50,1,2,50,0,0,0,1,1,2,1,0,0,1,1,1.0,1.9,0,155.4,-155.4,155.4,0,155.4,-3,0,0,0,0,0,0,0,0,0,0,0,0,0,0,0,0,0,0,0,0,0,0,0,0,0,0,0,0,0,0,0,0
Derby College Trailblazers EABL,"Casey Burr, Jarom Howlett, Karim Zidonis, Liyo Ngomti, Rohan Hobday",BMET City of Birmingham Rockets EABL,"Abdou Camara, George Angoy, Jonathan Agbeze, Jude Hyland, Philip Basioudis",1,29,0.5,1.5,3,1,1,100,1,1,100,0,0,0,0,0,0,1,0,0,0,0,2,1,2,50,0,1,0,0,0,0,0,0,0,1,0,0,0,0,1.0,2.0,300,100,200,100,300,-200,1,0,0,0,0,0,0,0,0,0,0,0,0,0,0,0,0,0,0,0,0,0,0,0,0,0,0,0,0,0,0,0,0
Myerscough College EABL,"Cesar Sanchez Falette, Daniel Okhuoya, Fin Morgan, Jakub Bobkowski, Sayomi Latidan",SGS College EABL,"Dylan Lloyd, Imam Toure, Kevin Ramirez Mora, Luka Matthews, Shaquan Nelson",1,54,0.9,1.5,2,1,2,50,0,1,0,0,0,0,1,1,2,0,1,0,0,1,0,0,1,0,0,1,0,0,0,0,0,0,0,0,0,0,1,0,0.9,2.0,215.1,0,215.1,0,215.1,-215.1,2,0,0,0,0,0,0,0,0,0,0,0,0,0,0,0,0,0,0,0,0,0,0,0,0,0,0,0,0,0,0,0,0
Myerscough College EABL,"Daniel Okhuoya, Fin Morgan, Jakub Bobkowski, Layjuan Farrell, Olivier Esingle",SGS College EABL,"Imam Toure, Luka Matthews, Marcos Perez Tosca, Marcos Pospori, Shaquan Nelson",1,45,0.8,1.5,0,0,1,0,0,1,0,0,0,0,0,1,1,0,1,0,0,0,0,0,1,0,0,1,0,0,0,0,0,1,1,0,0,0,1,1,1.0,2.0,0,0,0,0,0,0,0,0,0,0,0,0,0,0,0,0,0,0,0,0,0,0,0,0,0,0,0,0,0,0,0,0,0,0,0,0,0,0,0
Oaklands Wolves EABL,"Daniel Kostadinov, Enzo Da Cruz Fatuda, Gavin Mitchell, Guisepi Augenti, Liam Mcintosh",Copleston High School EABL,"Isaac Little, Mason Wells, Matthew Liddamore, Noah Wilkinson, Timothy Rafiu",1,38,0.6,1.5,2,1,1,100,0,0,0,0,0,0,0,2,2,1,0,0,0,0,0,0,2,0,0,0,0,0,0,0,0,0,0,0,0,0,0,1,1.0,2.0,200,0,200,0,200,-200,2,0,0,0,0,0,0,0,0,0,0,0,0,0,0,0,0,0,0,0,0,0,0,0,0,0,0,0,0,0,0,0,0
Copleston High School EABL,"Elijah Tamakloe, Isaac Carty-Peters, Isaac Little, Matthew Liddamore, Timothy Rafiu",Itchen College EABL,"Ethan Round, Jakub Ofman, Marley Edwards, Richard Radu, Thomas Blower",1,42,0.7,1.5,0,0,0,0,0,0,0,0,0,0,0,0,0,0,0,0,2,0,2,1,2,50,0,0,0,0,0,0,1,0,1,0,1,0,0,0,2.0,0.9,0,215.1,-215.1,215.1,0,215.1,-2,0,0,0,0,0,0,0,0,0,0,0,0,0,0,0,0,0,0,0,0,0,0,0,0,0,0,0,0,0,0,0,0
Copleston High School EABL,"Elijah Tamakloe, Isaac Carty-Peters, Matthew Liddamore, Noah Wilkinson, Timothy Rafiu",Itchen College EABL,"Benjamin Cope, Elijah Lotriet, Javen Osei-Owusu, Marley Edwards, Richard Radu",1,41,0.7,1.5,0,0,0,0,0,0,0,0,0,0,0,0,0,0,0,0,1,0,4,2,3,66.7,0,0,0,0,0,0,1,0,1,1,1,0,0,1,1.0,1.9,0,207.3,-207.3,207.3,0,207.3,-4,0,0,0,0,0,0,0,0,0,0,0,0,0,0,0,0,0,0,0,0,0,0,0,0,0,0,0,0,0,0,0,0
Copleston High School EABL,"Isaac Carty-Peters, Isaac Little, Mason Wells, Matthew Liddamore, Noah Wilkinson",Itchen College EABL,"Benjamin Cope, Elijah Lotriet, Ethan Round, Javen Osei-Owusu, Mason Yeates",1,76,1.3,1.5,0,0,1,0,0,1,0,0,0,0,0,1,1,0,0,0,1,1,0,0,2,0,0,1,0,0,0,0,1,1,2,0,1,0,0,0,2.0,0.9,0,0,0,0,0,0,0,0,0,0,0,0,0,0,0,0,0,0,0,0,0,0,0,0,0,0,0,0,0,0,0,0,0,0,0,0,0,0,0
Copleston High School EABL,"Isaac Carty-Peters, Isaac Little, Mason Wells, Matthew Liddamore, Noah Wilkinson",Itchen College EABL,"George Andrews, Javen Osei-Owusu, Marley Edwards, Richard Radu, Thomas Blower",1,36,0.6,1.5,0,0,1,0,0,0,0,0,0,0,0,1,1,0,0,0,0,0,2,1,2,50,0,0,0,0,0,0,0,1,1,1,0,0,0,0,1.0,2.0,0,100,-100,100,0,100,-2,0,0,0,0,0,0,0,0,0,0,0,0,0,0,0,0,0,0,0,0,0,0,0,0,0,0,0,0,0,0,0,0
Charnwood College Riders EABL,"Asa Oyerinde, Pharrell Kattah, Rudy Buckingham, Stanley Morris, Tristan Curran",Derby College Trailblazers EABL,"Casey Burr, Elias Rice, George Pastor, Jarom Howlett, Rohan Hobday",1,73,1.2,1.5,4,2,2,100,0,0,0,0,0,0,0,0,0,1,0,0,0,0,2,1,2,50,0,1,0,0,0,0,1,0,1,1,0,0,0,0,2.0,0.9,200,215.1,-15.1,215.1,200,15.1,2,0,0,0,0,0,0,0,0,0,0,0,0,0,0,0,0,0,0,0,0,0,0,0,0,0,0,0,0,0,0,0,0
Manchester Magic Academy EABL,"Jack Walton, Lewis Clayton, Nathan Brown, Samy Sidi-Boumedine, Tarique Kamal Kazmi",Myerscough College EABL,"Daniel Okhuoya, Jakub Bobkowski, Olivier Esingle, Salomi Latidan, Sayomi Latidan",1,69,1.1,1.5,2,1,2,50,0,0,0,0,0,0,0,0,0,1,0,0,0,0,0,0,0,0,0,0,0,0,0,0,0,0,0,0,0,0,1,0,2.0,1.0,100,0,100,0,100,-100,2,0,0,0,0,0,0,0,0,0,0,0,0,0,0,0,0,0,0,0,0,0,0,0,0,0,0,0,0,0,0,0,0
Manchester Magic Academy EABL,"Abraham Sagay Isiorho, David Allotey, Harley Blake, Jack Odongo, Oluwademilade Babalola",Myerscough College EABL,"Cesar Sanchez Falette, Harry Sheehan, Nathaniel Byfield, Salomi Latidan, Zach Trezvant",1,51,0.8,1.5,4,2,2,100,0,0,0,0,0,0,0,0,0,2,1,0,0,0,0,0,0,0,0,0,0,0,0,0,0,0,0,0,0,0,1,0,2.0,1.0,200,0,200,0,200,-200,4,0,0,0,0,0,0,0,0,0,0,0,0,0,0,0,0,0,0,0,0,0,0,0,0,0,0,0,0,0,0,0,0
Manchester Magic Academy EABL,"Harley Blake, Jack Odongo, Jack Walton, Lewis Clayton, Oluwademilade Babalola",Myerscough College EABL,"Cesar Sanchez Falette, Daniel Okhuoya, Fin Morgan, Olivier Esingle, Sayomi Latidan",1,38,0.6,1.5,0,0,0,0,0,0,0,0,0,0,0,1,1,0,0,0,1,0,0,0,1,0,0,1,0,0,0,0,0,0,0,0,1,0,1,0,1.0,2.0,0,0,0,0,0,0,0,0,0,0,0,0,0,0,0,0,0,0,0,0,0,0,0,0,0,0,0,0,0,0,0,0,0,0,0,0,0,0,0
Manchester Magic Academy EABL,"Abraham Sagay Isiorho, Jack Walton, Nathan Brown, Samy Sidi-Boumedine, Tom Richardson",Myerscough College EABL,"Ayo Ibirinde, Fin Morgan, Harry Sheehan, Jakub Bobkowski, Salomi Latidan",1,72,1.2,1.5,0,0,2,0,0,1,0,0,0,0,1,0,1,0,1,0,0,0,2,1,1,100,0,0,0,0,0,0,0,1,1,1,0,0,1,1,0.9,2.0,0,100,-100,100,0,100,-2,0,0,0,0,0,0,0,0,0,0,0,0,0,0,0,0,0,0,0,0,0,0,0,0,0,0,0,0,0,0,0,0
SGS College EABL,"Abubakar Odowa, Kayden Richards, Kevin Ramirez Mora, Marcos Perez Tosca, Martin Alburo",BMET City of Birmingham Rockets EABL,"Abdou Camara, Issac Gisbourne, Jonathan Agbeze, Jude Hyland, Philip Basioudis",1,19,0.3,1.5,0,0,1,0,0,0,0,0,0,0,0,0,0,0,1,0,1,0,0,0,0,0,0,0,0,0,0,0,0,1,1,0,0,0,1,0,2.0,1.0,0,0,0,0,0,0,0,0,0,0,0,0,0,0,0,0,0,0,0,0,0,0,0,0,0,0,0,0,0,0,0,0,0,0,0,0,0,0,0
Oaklands Wolves EABL,"Daniel Kostadinov, Dylan Gladstone, Enzo Da Cruz Fatuda, Ethan Ryan, Tristan Mcintosh",HHS Reading Rockets EABL,"Can Okumus, Ethan Harrington, Joseph Mackinnon, Matthew Daines, Nicholas Dent",1,36,0.6,1.5,2,1,1,100,0,0,0,0,0,0,0,0,0,1,0,0,0,0,4,2,2,100,0,0,0,0,0,0,0,0,0,1,0,0,0,0,1.0,2.0,200,200,0,200,200,0,-2,0,0,0,0,0,0,0,0,0,0,0,0,0,0,0,0,0,0,0,0,0,0,0,0,0,0,0,0,0,0,0,0
Oaklands Wolves EABL,"Enzo Da Cruz Fatuda, Ethan Ryan, Gavin Mitchell, Liam Mcintosh, Tristan Mcintosh",HHS Reading Rockets EABL,"Ethan Harrington, James Waterhouse, Malachi Hassan-Taylor, Matthew Daines, Nicholas Dent",1,62,1.0,1.5,0,0,1,0,0,0,0,0,0,0,0,1,1,0,0,0,0,0,2,1,2,50,0,0,0,0,0,0,0,1,1,1,0,1,0,2,1.0,2.0,0,100,-100,100,0,100,-2,0,0,0,0,0,0,0,0,0,0,0,0,0,0,0,0,0,0,0,0,0,0,0,0,0,0,0,0,0,0,0,0
Oaklands Wolves EABL,"Enzo Da Cruz Fatuda, Gavin Mitchell, Huxley Morrell, Liam Mcintosh, Tristan Mcintosh",HHS Reading Rockets EABL,"Can Okumus, James Waterhouse, Malachi Hassan-Taylor, Matthew Daines, Nicholas Dent",1,46,0.8,1.5,0,0,0,0,0,0,0,0,0,0,0,1,1,0,0,0,1,0,0,0,1,0,0,1,0,0,0,0,0,0,0,0,1,0,1,0,1.0,2.0,0,0,0,0,0,0,0,0,0,0,0,0,0,0,0,0,0,0,0,0,0,0,0,0,0,0,0,0,0,0,0,0,0,0,0,0,0,0,0
Oaklands Wolves EABL,"Daniel Kostadinov, Dylan Gladstone, Enzo Da Cruz Fatuda, Liam Mcintosh, Tristan Mcintosh",HHS Reading Rockets EABL,"A. King, Can Okumus, Joseph Mackinnon, Malachi Hassan-Taylor, Nicholas Dent",1,51,0.8,1.5,0,0,1,0,0,0,0,0,0,0,0,0,0,0,0,0,1,0,0,0,0,0,0,0,0,0,0,0,0,1,1,0,0,0,1,0,2.0,1.0,0,0,0,0,0,0,0,0,0,0,0,0,0,0,0,0,0,0,0,0,0,0,0,0,0,0,0,0,0,0,0,0,0,0,0,0,0,0,0
Itchen College EABL,"Benjamin Cope, Ethan Round, George Andrews, Marley Edwards, Mason Yeates",Oaklands Wolves EABL,"Daniel Kostadinov, Gavin Mitchell, Huxley Morrell, Liam Mcintosh, Tristan Mcintosh",1,40,0.7,1.5,0,0,1,0,0,0,0,0,0,0,1,0,1,0,1,0,1,0,0,0,0,0,0,0,0,0,0,0,0,0,0,0,1,0,2,0,0.9,2.0,0,0,0,0,0,0,0,0,0,0,0,0,0,0,0,0,0,0,0,0,0,0,0,0,0,0,0,0,0,0,0,0,0,0,0,0,0,0,0
Itchen College EABL,"Ethan Round, George Andrews, Javen Osei-Owusu, Mason Yeates, Richard Radu",Oaklands Wolves EABL,"Enzo Da Cruz Fatuda, Gavin Mitchell, Huxley Morrell, Liam Mcintosh, Tristan Mcintosh",1,55,0.9,1.5,2,1,1,100,0,0,0,0,0,0,0,1,1,0,0,0,0,1,2,1,2,50,0,1,0,0,0,0,0,0,0,1,0,0,0,0,1.0,2.0,200,100,100,100,200,-100,0,0,0,0,0,0,0,0,0,0,0,0,0,0,0,0,0,0,0,0,0,0,0,0,0,0,0,0,0,0,0,0,0
Itchen College EABL,"Benjamin Cope, Elijah Lotriet, Ethan Round, Jakub Ofman, Mason Yeates",Oaklands Wolves EABL,"Daniel Kostadinov, Dylan Gladstone, Enzo Da Cruz Fatuda, Gavin Mitchell, Tristan Mcintosh",1,88,1.5,1.5,2,1,2,50,0,1,0,0,0,0,1,1,2,0,0,0,1,2,0,0,4,0,0,0,0,0,0,0,2,0,2,0,1,0,0,0,1.9,1.1,103.6,0,103.6,0,103.6,-103.6,2,0,0,0,0,0,0,0,0,0,0,0,0,0,0,0,0,0,0,0,0,0,0,0,0,0,0,0,0,0,0,0,0
Derby College Trailblazers EABL,"Casey Burr, Elias Rice, George Pastor, Matheo Smith-Fjordland, William Tallon",Manchester Magic Academy EABL,"Harley Blake, Jack Walton, Oluwademilade Babalola, Samy Sidi-Boumedine, Tom Richardson",1,44,0.7,1.5,2,1,2,50,0,0,0,0,0,0,1,1,2,0,0,0,1,0,0,0,1,0,0,0,0,0,0,0,0,0,0,0,1,0,0,0,1.9,1.0,103.6,0,103.6,0,103.6,-103.6,2,0,0,0,0,0,0,0,0,0,0,0,0,0,0,0,0,0,0,0,0,0,0,0,0,0,0,0,0,0,0,0,0
SGS College EABL,"Dylan Lloyd, Luka Matthews, Shaquan Nelson, Washington Wewe, Zion Lawson",Charnwood College Riders EABL,"Andrew Young, James Hardy, Lewis Stevenson, Stanley Morris, Tom Pearson",1,27,0.5,1.5,0,0,0,0,0,0,0,0,0,0,1,1,2,0,0,0,1,0,2,1,2,50,0,0,0,0,0,0,0,0,0,0,1,0,0,0,1.0,2.0,0,100,-100,100,0,100,-2,0,0,0,0,0,0,0,0,0,0,0,0,0,0,0,0,0,0,0,0,0,0,0,0,0,0,0,0,0,0,0,0
SGS College EABL,"Imam Toure, Kevin Ramirez Mora, Luka Matthews, Marcos Perez Tosca, Martin Alburo",Charnwood College Riders EABL,"Asa Oyerinde, Fahad Saeed, Lewis Stevenson, Okeri Hambira, Tristan Curran",1,51,0.8,1.5,4,2,2,100,0,0,0,0,0,0,0,1,1,1,0,1,0,0,0,0,1,0,0,0,0,0,0,0,0,0,0,0,0,0,0,0,2.0,1.0,200,0,200,0,200,-200,4,0,0,0,0,0,0,0,0,0,0,0,0,0,0,0,0,0,0,0,0,0,0,0,0,0,0,0,0,0,0,0,0
Barking Abbey EABL,"Alexanda Nwabueze, Joshua Mendes, Kervy Mabaya, Micael Filho, Oskaras Visockas",Copleston High School EABL,"Isaac Carty-Peters, Isaac Little, Matthew Liddamore, Noah Wilkinson, Timothy Rafiu",1,32,0.5,1.5,0,0,1,0,0,0,0,0,0,0,0,1,1,0,0,1,0,0,0,0,2,0,0,0,0,0,0,0,0,0,0,0,0,0,0,0,1.0,2.0,0,0,0,0,0,0,0,0,0,0,0,0,0,0,0,0,0,0,0,0,0,0,0,0,0,0,0,0,0,0,0,0,0,0,0,0,0,0,0
Barking Abbey EABL,"Alexanda Nwabueze, Joshua Mendes, Malik Matser, Micael Filho, Raphael Connolly",Copleston High School EABL,"Elijah Tamakloe, Grant Millar, Isaac Little, Matthew Liddamore, Timothy Rafiu",1,75,1.2,1.5,4,2,2,100,0,0,0,0,0,0,0,1,1,1,0,0,0,0,0,0,1,0,0,1,0,0,0,0,0,0,0,0,0,0,0,0,2.0,1.0,200,0,200,0,200,-200,4,0,0,0,0,0,0,0,0,0,0,0,0,0,0,0,0,0,0,0,0,0,0,0,0,0,0,0,0,0,0,0,0
City of London Academy - Southwark EABL,"Daniel Banjoko, Jacob Hannick, Rafi Testfay, Sharmake Shirwac, Toby Gass",HHS Reading Rockets EABL,"Ethan Harrington, James Waterhouse, Joseph Mackinnon, Malachi Hassan-Taylor, Matthew Daines",1,31,0.5,1.5,0,0,0,0,0,0,0,0,0,0,0,0,0,0,0,0,1,0,2,1,1,100,0,0,0,0,0,0,0,0,0,1,1,0,1,0,1.0,2.0,0,100,-100,100,0,100,-2,0,0,0,0,0,0,0,0,0,0,0,0,0,0,0,0,0,0,0,0,0,0,0,0,0,0,0,0,0,0,0,0
City of London Academy - Southwark EABL,"Alex Morentin, Andrew Nwokolo, Bilal Olowoshile, Jacob Hannick, Louis Thompson",HHS Reading Rockets EABL,"Alfie King, Joseph Mackinnon, Luca Bakary, Malachi Hassan-Taylor, Matthew Daines",1,19,0.3,1.5,2,1,2,50,0,0,0,0,0,0,0,0,0,1,0,0,0,0,2,1,1,100,0,0,0,0,0,0,0,1,1,0,0,0,0,0,2.0,1.0,100,200,-100,200,100,100,0,0,0,0,0,0,0,0,0,0,0,0,0,0,0,0,0,0,0,0,0,0,0,0,0,0,0,0,0,0,0,0,0
City of London Academy - Southwark EABL,"Daniel Banjoko, Jacob Hannick, Louis Thompson, Ruben Cryer, Sharmake Shirwac",HHS Reading Rockets EABL,"Aydan Moloney, Can Okumus, James Waterhouse, Luca Bakary, Malachi Hassan-Taylor",1,67,1.1,1.5,3,1,1,100,1,1,100,0,0,0,0,0,0,1,0,0,0,0,3,1,1,100,1,1,100,0,0,0,0,0,0,1,0,0,1,0,1.0,2.0,300,150,150,150,300,-150,0,0,0,0,0,0,0,0,0,0,0,0,0,0,0,0,0,0,0,0,0,0,0,0,0,0,0,0,0,0,0,0,0
Barking Abbey EABL,"Alexanda Nwabueze, Amari Maitland, Joshua Mendes, Kervy Mabaya, Raphael Connolly",Itchen College EABL,"Dawid Cimochowski, Elijah Lotriet, Ethan Round, Marley Edwards, Richard Radu",1,77,1.3,1.5,6,2,2,100,2,2,100,0,0,0,0,1,1,2,0,0,0,0,0,0,2,0,0,0,0,0,0,0,1,0,1,0,0,0,0,0,2.0,0.9,300,0,300,0,300,-300,6,0,0,0,0,0,0,0,0,0,0,0,0,0,0,0,0,0,0,0,0,0,0,0,0,0,0,0,0,0,0,0,0
City of London Academy - Southwark EABL,"Daniel Banjoko, Jacob Hannick, Louis Thompson, Ruben Cryer, Toby Gass",Copleston High School EABL,"Callum Fobister, Elijah Tamakloe, Grant Millar, Matthew Liddamore, Noah Wilkinson",1,42,0.7,1.5,2,1,1,100,0,0,0,0,0,0,0,1,1,1,0,0,0,0,2,1,2,50,0,1,0,0,0,0,0,0,0,0,0,0,0,1,1.0,2.0,200,100,100,100,200,-100,0,0,0,0,0,0,0,0,0,0,0,0,0,0,0,0,0,0,0,0,0,0,0,0,0,0,0,0,0,0,0,0,0
City of London Academy - Southwark EABL,"Alex Morentin, Andrew Nwokolo, Dante Patel, Jacob Hannick, Louis Thompson",Copleston High School EABL,"Callum Fobister, Elijah Tamakloe, Luke Read, Matthew Liddamore, Noah Wilkinson",1,40,0.7,1.5,0,0,1,0,0,1,0,0,0,0,0,1,1,0,0,1,0,0,0,0,2,0,0,1,0,0,0,0,0,1,1,0,0,0,0,0,1.0,2.0,0,0,0,0,0,0,0,0,0,0,0,0,0,0,0,0,0,0,0,0,0,0,0,0,0,0,0,0,0,0,0,0,0,0,0,0,0,0,0
City of London Academy - Southwark EABL,"Daniel Banjoko, David Banjoko, Rafi Testfay, Ruben Cryer, Toby Gass",Copleston High School EABL,"Isaac Little, Luke Read, Matthew Liddamore, Oliver Drane, Timothy Rafiu",1,46,0.8,1.5,3,1,2,50,1,2,50,0,0,0,0,0,0,1,0,0,0,1,0,0,0,0,0,0,0,0,0,0,0,1,1,0,0,0,1,0,2.0,1.0,150,0,150,0,150,-150,3,0,0,0,0,0,0,0,0,0,0,0,0,0,0,0,0,0,0,0,0,0,0,0,0,0,0,0,0,0,0,0,0
City of London Academy - Southwark EABL,"Andrew Nwokolo, Barack Manfo-Marc, Daniel Banjoko, Rafi Testfay, Toby Gass",Copleston High School EABL,"Callum Fobister, Grant Millar, Isaac Little, Matthew Liddamore, Noah Wilkinson",1,35,0.6,1.5,2,1,1,100,0,0,0,0,0,0,0,1,1,1,1,0,0,0,0,0,1,0,0,1,0,0,0,0,0,0,0,0,0,0,1,0,1.0,2.0,200,0,200,0,200,-200,2,0,0,0,0,0,0,0,0,0,0,0,0,0,0,0,0,0,0,0,0,0,0,0,0,0,0,0,0,0,0,0,0
HHS Reading Rockets EABL,"Ethan Harrington, James Waterhouse, Luca Bakary, Malachi Hassan-Taylor, Matthew Daines",Oaklands Wolves EABL,"Daniel Kostadinov, Enzo Da Cruz Fatuda, Ethan Ryan, Huxley Morrell, Zac Gribble",1,75,1.2,1.5,4,2,2,100,0,0,0,0,0,0,0,1,1,1,0,0,0,0,0,0,1,0,0,1,0,0,0,0,0,0,0,0,0,0,0,0,2.0,1.0,200,0,200,0,200,-200,4,0,0,0,0,0,0,0,0,0,0,0,0,0,0,0,0,0,0,0,0,0,0,0,0,0,0,0,0,0,0,0,0
HHS Reading Rockets EABL,"Ethan Harrington, James Waterhouse, Lazure Francis, Malachi Hassan-Taylor, Matthew Daines",Oaklands Wolves EABL,"Dylan Gladstone, Enzo Da Cruz Fatuda, Gavin Mitchell, Liam Mcintosh, Tristan Mcintosh",1,29,0.5,1.5,0,0,0,0,0,0,0,0,0,0,0,1,1,0,0,1,1,2,2,1,2,50,0,0,0,0,1,0,1,0,1,0,1,0,0,0,1.0,1.9,0,105,-105,105,0,105,-2,0,0,0,0,0,0,0,0,0,0,0,0,0,0,0,0,0,0,0,0,0,0,0,0,0,0,0,0,0,0,0,0
Barking Abbey EABL,"Alexanda Nwabueze, Heath Parkin, Joshua Mendes, Kervy Mabaya, Micael Filho",City of London Academy - Southwark EABL,"Bilal Olowoshile, Daniel Banjoko, David Banjoko, Jacob Hannick, Toby Gass",1,45,0.8,1.5,2,1,1,100,0,0,0,0,0,0,0,0,0,1,0,0,0,0,4,2,2,100,0,0,0,0,0,0,0,0,0,0,0,0,0,0,1.0,2.0,200,200,0,200,200,0,-2,0,0,0,0,0,0,0,0,0,0,0,0,0,0,0,0,0,0,0,0,0,0,0,0,0,0,0,0,0,0,0,0
Itchen College EABL,"Ethan Round, George Andrews, Javen Osei-Owusu, Mason Yeates, Richard Radu",Barking Abbey EABL,"Alaxanda Nwabueze, Amari Maitland, Folarin Oguntuase, Oskaras Visockas, Raphael Connolly",1,62,1.0,1.5,0,0,0,0,0,0,0,0,0,0,0,0,0,0,0,0,1,0,2,1,1,100,0,0,0,0,0,0,0,0,0,0,1,0,1,0,1.0,2.0,0,100,-100,100,0,100,-2,0,0,0,0,0,0,0,0,0,0,0,0,0,0,0,0,0,0,0,0,0,0,0,0,0,0,0,0,0,0,0,0
Itchen College EABL,"Benjamin Cope, Elijah Lotriet, Ethan Round, Javen Osei-Owusu, Mason Yeates",Barking Abbey EABL,"Alaxanda Nwabueze, Amari Maitland, Joshua Mendes, Kervy Mabaya, Oskaras Visockas",1,67,1.1,1.5,3,1,1,100,1,1,100,0,0,0,0,0,0,1,0,0,0,1,0,0,1,0,0,1,0,0,0,0,0,0,0,0,0,0,1,0,1.0,2.0,300,0,300,0,300,-300,3,0,0,0,0,0,0,0,0,0,0,0,0,0,0,0,0,0,0,0,0,0,0,0,0,0,0,0,0,0,0,0,0
Itchen College EABL,"Elijah Lotriet, Jakub Ofman, Mason Yeates, Richard Radu, Thomas Blower",Barking Abbey EABL,"Amari Maitland, Joshua Mendes, Kervy Mabaya, Oskaras Visockas, Raphael Connolly",1,61,1.0,1.5,0,0,1,0,0,0,0,0,0,0,0,1,1,0,0,0,1,2,0,0,1,0,0,1,0,0,0,0,0,1,1,0,1,0,0,0,2.0,1.0,0,0,0,0,0,0,0,0,0,0,0,0,0,0,0,0,0,0,0,0,0,0,0,0,0,0,0,0,0,0,0,0,0,0,0,0,0,0,0
Manchester Magic Academy EABL,"Abraham Sagay Isiorho, David Allotey, Samy Sidi-Boumedine, Tiego Weekes, Tom Richardson",BMET City of Birmingham Rockets EABL,"Abdou Camara, Jude Hyland, Larry Duru, Patrick Walsh, Philip Basioudis",1,35,0.6,1.5,0,0,1,0,0,1,0,0,0,0,0,1,1,0,0,1,0,0,0,0,2,0,0,1,0,0,0,0,0,1,1,0,0,0,0,0,1.0,2.0,0,0,0,0,0,0,0,0,0,0,0,0,0,0,0,0,0,0,0,0,0,0,0,0,0,0,0,0,0,0,0,0,0,0,0,0,0,0,0
Manchester Magic Academy EABL,"Allan Adetula, Jack Odongo, Oluwademilade Babalola, Samy Sidi-Boumedine, Tarique Kamal Kazmi",BMET City of Birmingham Rockets EABL,"Jonathan Agbeze, Jude Hyland, Larry Duru, Patrick Walsh, Simba Chikukwa",1,38,0.6,1.5,0,0,2,0,0,1,0,0,0,0,0,0,0,0,1,0,0,0,0,0,0,0,0,0,0,0,0,0,0,1,1,0,0,0,1,1,2.0,1.0,0,0,0,0,0,0,0,0,0,0,0,0,0,0,0,0,0,0,0,0,0,0,0,0,0,0,0,0,0,0,0,0,0,0,0,0,0,0,0
Myerscough College EABL,"Cesar Sanchez Falette, Harry Sheehan, Jakub Bobkowski, Sayomi Latidan, Zach Trezvant",Charnwood College Riders EABL,"Luca Boothe, Pharrell Kattah, Tom Pearson, Tristan Curran, Zavier Gleadell-Smith",1,46,0.8,1.5,0,0,1,0,0,1,0,0,0,0,0,0,0,0,1,0,0,0,0,0,0,0,0,0,0,0,0,0,0,1,1,0,0,0,2,1,1.0,2.0,0,0,0,0,0,0,0,0,0,0,0,0,0,0,0,0,0,0,0,0,0,0,0,0,0,0,0,0,0,0,0,0,0,0,0,0,0,0,0
Myerscough College EABL,"Daniel Okhuoya, Harry Sheehan, Olivier Esingle, Salomi Latidan, Sayomi Latidan",Charnwood College Riders EABL,"Asa Oyerinde, Pharrell Kattah, Tom Pearson, Tristan Curran, Zavier Gleadell-Smith",1,19,0.3,1.5,0,0,0,0,0,0,0,0,0,0,0,1,1,0,0,0,1,0,0,0,1,0,0,0,0,0,0,0,0,0,0,0,1,0,1,0,1.0,2.0,0,0,0,0,0,0,0,0,0,0,0,0,0,0,0,0,0,0,0,0,0,0,0,0,0,0,0,0,0,0,0,0,0,0,0,0,0,0,0
Myerscough College EABL,"Ayo Ibirinde, Harry Sheehan, Layjuan Farrell, Olivier Esingle, Salomi Latidan",Charnwood College Riders EABL,"Lewis Stevenson, Okeri Hambira, Tom Pearson, Tristan Curran, Zavier Gleadell-Smith",1,46,0.8,1.5,2,1,3,33.3,0,0,0,0,0,0,1,0,1,0,0,0,0,0,0,0,0,0,0,0,0,0,0,0,0,1,1,0,0,0,1,0,1.9,1.0,103.6,0,103.6,0,103.6,-103.6,2,0,0,0,0,0,0,0,0,0,0,0,0,0,0,0,0,0,0,0,0,0,0,0,0,0,0,0,0,0,0,0,0
Myerscough College EABL,"Fin Morgan, Jakub Bobkowski, Olivier Esingle, Sayomi Latidan, Zach Trezvant",Charnwood College Riders EABL,"Andrew Young, Pharrell Kattah, Rudy Buckingham, Tristan Curran, Zavier Gleadell-Smith",1,49,0.8,1.5,2,1,2,50,0,1,0,0,0,0,0,0,0,1,1,0,0,1,0,0,0,0,0,0,0,0,0,0,0,1,1,0,0,0,1,0,2.0,1.0,100,0,100,0,100,-100,2,0,0,0,0,0,0,0,0,0,0,0,0,0,0,0,0,0,0,0,0,0,0,0,0,0,0,0,0,0,0,0,0
Oaklands Wolves EABL,"Dylan Gladstone, Enzo Da Cruz Fatuda, Gavin Mitchell, Liam Mcintosh, Tristan Mcintosh",City of London Academy - Southwark EABL,"Bilal Olowoshile, Daniel Banjoko, Dante Patel, Jacob Hannick, Toby Gass",1,49,0.8,1.5,0,0,2,0,0,1,0,0,0,0,1,0,1,0,1,0,0,1,2,1,1,100,0,0,0,0,0,0,0,1,1,0,0,0,1,0,0.9,2.0,0,100,-100,100,0,100,-2,0,0,0,0,0,0,0,0,0,0,0,0,0,0,0,0,0,0,0,0,0,0,0,0,0,0,0,0,0,0,0,0
HHS Reading Rockets EABL,"Ethan Harrington, James Waterhouse, Luca Bakary, Malachi Hassan-Taylor, Matthew Daines",Barking Abbey EABL,"Joshua Mendes, Kervy Mabaya, Kimbe N'gabala, Micael Filho, Raphael Connolly",1,59,1.0,1.5,0,0,1,0,0,0,0,0,0,0,0,0,0,0,1,0,0,0,3,1,2,50,1,2,50,0,0,0,1,0,1,1,0,0,1,1,1.0,1.9,0,155.4,-155.4,155.4,0,155.4,-3,0,0,0,0,0,0,0,0,0,0,0,0,0,0,0,0,0,0,0,0,0,0,0,0,0,0,0,0,0,0,0,0
HHS Reading Rockets EABL,"Can Okumus, James Waterhouse, Luca Bakary, Malachi Hassan-Taylor, Matthew Daines",Barking Abbey EABL,"Joshua Mendes, Kervy Mabaya, Kimbe N'gabala, Micael Filho, Raphael Connolly",1,44,0.7,1.5,2,1,1,100,0,0,0,0,0,0,0,0,0,1,0,0,1,0,2,1,1,100,0,0,0,0,0,0,0,0,0,0,0,0,0,1,2.0,1.0,100,200,-100,200,100,100,0,0,0,0,0,0,0,0,0,0,0,0,0,0,0,0,0,0,0,0,0,0,0,0,0,0,0,0,0,0,0,0,0
HHS Reading Rockets EABL,"Ethan Harrington, James Waterhouse, Lazure Francis, Malachi Hassan-Taylor, Matthew Daines",Barking Abbey EABL,"Amari Maitland, Francesco Cole, Joshua Mendes, Kervy Mabaya, Oskaras Visockas",1,17,0.3,1.5,2,1,1,100,0,0,0,0,0,0,0,0,0,0,1,0,0,0,0,0,1,0,0,1,0,0,0,0,0,0,0,0,0,0,1,1,1.0,2.0,200,0,200,0,200,-200,2,0,0,0,0,0,0,0,0,0,0,0,0,0,0,0,0,0,0,0,0,0,0,0,0,0,0,0,0,0,0,0,0
HHS Reading Rockets EABL,"Can Okumus, Ethan Harrington, James Waterhouse, Lazure Francis, Matthew Daines",Barking Abbey EABL,"Harry Egbayelo, Joshua Mendes, Kimbe N'gabala, Oskaras Visockas, Raphael Connolly",1,44,0.7,1.5,2,1,1,100,0,0,0,0,0,0,0,0,0,1,0,0,0,0,2,1,1,100,0,0,0,0,0,0,0,0,0,1,0,0,1,1,1.0,2.0,200,100,100,100,200,-100,0,0,0,0,0,0,0,0,0,0,0,0,0,0,0,0,0,0,0,0,0,0,0,0,0,0,0,0,0,0,0,0,0
HHS Reading Rockets EABL,"Ethan Harrington, James Waterhouse, Joseph Mackinnon, Lazure Francis, Matthew Daines",Barking Abbey EABL,"Amari Maitland, Francesco Cole, Kervy Mabaya, Oskaras Visockas, Raphael Connolly",1,63,1.1,1.5,2,1,1,100,0,0,0,0,0,0,0,1,1,0,0,0,0,0,0,0,1,0,0,0,0,0,0,0,0,0,0,0,0,0,1,1,1.0,2.0,200,0,200,0,200,-200,2,0,0,0,0,0,0,0,0,0,0,0,0,0,0,0,0,0,0,0,0,0,0,0,0,0,0,0,0,0,0,0,0
HHS Reading Rockets EABL,"Can Okumus, Ethan Harrington, Lazure Francis, Luca Bakary, Matthew Daines",Barking Abbey EABL,"Alaxanda Nwabueze, Amari Maitland, Harry Egbayelo, Kimbe N'gabala, Raphael Connolly",1,74,1.2,1.5,4,2,2,100,0,0,0,0,0,0,0,0,0,0,1,0,0,0,0,0,0,0,0,0,0,0,0,0,0,0,0,0,0,0,1,0,2.0,1.0,200,0,200,0,200,-200,4,0,0,0,0,0,0,0,0,0,0,0,0,0,0,0,0,0,0,0,0,0,0,0,0,0,0,0,0,0,0,0,0
HHS Reading Rockets EABL,"Can Okumus, Ethan Harrington, Lazure Francis, Luca Bakary, Matthew Daines",Barking Abbey EABL,"Amari Maitland, Joshua Mendes, Kervy Mabaya, Kimbe N'gabala, Raphael Connolly",1,72,1.2,1.5,2,1,2,50,0,0,0,0,0,0,1,0,1,0,0,0,0,0,5,2,2,100,1,1,100,0,0,0,0,0,0,1,0,0,0,1,0.9,2.0,215.1,250,-34.9,250,215.1,34.9,-3,0,0,0,0,0,0,0,0,0,0,0,0,0,0,0,0,0,0,0,0,0,0,0,0,0,0,0,0,0,0,0,0
HHS Reading Rockets EABL,"Can Okumus, James Waterhouse, Joseph Mackinnon, Malachi Hassan-Taylor, Matthew Daines",Barking Abbey EABL,"Amari Maitland, Folarin Oguntuase, Kervy Mabaya, Micael Filho, Oskaras Visockas",1,42,0.7,1.5,0,0,0,0,0,0,0,0,0,0,0,0,0,0,0,0,1,0,6,2,2,100,2,2,100,0,0,0,0,0,0,2,1,0,0,0,1.0,2.0,0,300,-300,300,0,300,-6,0,0,0,0,0,0,0,0,0,0,0,0,0,0,0,0,0,0,0,0,0,0,0,0,0,0,0,0,0,0,0,0
Copleston High School EABL,"Callum Fobister, Grant Millar, Isaac Carty-Peters, Isaac Little, Timothy Rafiu",City of London Academy - Southwark EABL,"Alex Morentin, Andrew Nwokolo, Daniel Banjoko, David Banjoko, Jacob Hannick",1,50,0.8,1.5,0,0,0,0,0,0,0,0,0,0,0,0,0,0,0,0,1,0,6,2,2,100,2,2,100,0,0,0,0,0,0,2,1,0,0,1,1.0,2.0,0,300,-300,300,0,300,-6,0,0,0,0,0,0,0,0,0,0,0,0,0,0,0,0,0,0,0,0,0,0,0,0,0,0,0,0,0,0,0,0
Copleston High School EABL,"Callum Fobister, Isaac Carty-Peters, Isaac Little, Matthew Liddamore, Timothy Rafiu",City of London Academy - Southwark EABL,"Andrew Nwokolo, Daniel Banjoko, Dante Patel, David Banjoko, Louis Thompson",1,34,0.6,1.5,0,0,2,0,0,1,0,0,0,0,0,0,0,0,0,0,0,0,0,0,0,0,0,0,0,0,0,0,0,1,1,0,0,0,1,0,2.0,1.0,0,0,0,0,0,0,0,0,0,0,0,0,0,0,0,0,0,0,0,0,0,0,0,0,0,0,0,0,0,0,0,0,0,0,0,0,0,0,0
SGS College EABL,"Abubakar Odowa, Kayden Richards, Kevin Ramirez Mora, Luka Matthews, Martin Alburo",Manchester Magic Academy EABL,"Abraham Sagay Isiorho, David Allotey, Harley Blake, Jack Odongo, Oluwademilade Babalola",1,53,0.9,1.5,0,0,2,0,0,0,0,0,0,0,1,0,1,0,0,0,0,0,4,2,2,100,0,0,0,0,0,0,0,1,1,1,0,0,0,0,0.9,2.0,0,200,-200,200,0,200,-4,0,0,0,0,0,0,0,0,0,0,0,0,0,0,0,0,0,0,0,0,0,0,0,0,0,0,0,0,0,0,0,0
SGS College EABL,"Abubakar Odowa, Imam Toure, Kayden Richards, Zion Lawson",Manchester Magic Academy EABL,"Abraham Sagay Isiorho, David Allotey, Harley Blake, Jack Odongo, Jack Walton",1,32,0.5,1.5,3,1,2,50,1,1,100,0,0,0,0,0,0,0,0,0,0,0,2,1,1,100,0,0,0,0,0,0,0,1,1,1,0,0,0,0,2.0,1.0,150,200,-50,200,150,50,1,0,0,0,0,0,0,0,0,0,0,0,0,0,0,0,0,0,0,0,0,0,0,0,0,0,0,0,0,0,0,0,0
SGS College EABL,"Abubakar Odowa, Kayden Richards, Marcos Perez Tosca, Zion Lawson",Manchester Magic Academy EABL,"David Allotey, Harley Blake, Jack Walton, Tarique Kamal Kazmi, Tiego Weekes",1,41,0.7,1.5,2,1,1,100,0,0,0,0,0,0,0,0,0,1,0,0,0,0,4,2,2,100,0,0,0,0,0,0,0,0,0,2,0,0,0,0,1.0,2.0,200,200,0,200,200,0,-2,0,0,0,0,0,0,0,0,0,0,0,0,0,0,0,0,0,0,0,0,0,0,0,0,0,0,0,0,0,0,0,0
SGS College EABL,"Dylan Lloyd, Imam Toure, Marcos Perez Tosca, Zion Lawson",Manchester Magic Academy EABL,"David Allotey, Harley Blake, Jack Walton, Tarique Kamal Kazmi, Tiego Weekes",1,31,0.5,1.5,0,0,2,0,0,0,0,0,0,0,0,0,0,0,0,0,0,0,2,1,1,100,0,0,0,0,0,0,0,1,1,0,0,0,0,0,2.0,1.0,0,200,-200,200,0,200,-2,0,0,0,0,0,0,0,0,0,0,0,0,0,0,0,0,0,0,0,0,0,0,0,0,0,0,0,0,0,0,0,0
SGS College EABL,"Dylan Lloyd, Kayden Richards, Luka Matthews, Martin Alburo, Zion Lawson",Manchester Magic Academy EABL,"David Allotey, Jack Walton, Tarique Kamal Kazmi, Tiego Weekes, Tom Richardson",1,60,1.0,1.5,2,1,1,100,0,0,0,0,0,0,0,1,1,0,0,0,0,0,3,1,2,50,1,2,50,0,0,0,0,0,0,1,0,0,0,1,1.0,2.0,200,150,50,150,200,-50,-1,0,0,0,0,0,0,0,0,0,0,0,0,0,0,0,0,0,0,0,0,0,0,0,0,0,0,0,0,0,0,0,0
SGS College EABL,"Imam Toure, Luka Matthews, Marcos Perez Tosca, Ryan Cabrera, Zion Lawson",Manchester Magic Academy EABL,"Abraham Sagay Isiorho, Allan Adetula, David Allotey, Jack Walton, Tarique Kamal Kazmi",1,60,1.0,1.5,3,1,1,100,1,1,100,0,0,0,0,0,0,1,0,0,1,1,3,1,1,100,1,1,100,0,0,0,0,0,0,1,1,0,0,0,2.0,1.0,150,300,-150,300,150,150,0,0,0,0,0,0,0,0,0,0,0,0,0,0,0,0,0,0,0,0,0,0,0,0,0,0,0,0,0,0,0,0,0
Charnwood College Riders EABL,"Asa Oyerinde, Rudy Buckingham, Tom Pearson, Tristan Curran, Zavier Gleadell-Smith",BMET City of Birmingham Rockets EABL,"Abdou Camara, Jude Hyland, Larry Duru, Philip Basioudis, Simba Chikukwa",1,85,1.4,1.5,3,1,3,33.3,1,2,50,0,0,0,1,1,2,1,0,0,0,0,0,0,1,0,0,1,0,0,0,0,0,1,1,0,0,1,0,0,1.9,1.0,155.4,0,155.4,0,155.4,-155.4,3,0,0,0,0,0,0,0,0,0,0,0,0,0,0,0,0,0,0,0,0,0,0,0,0,0,0,0,0,0,0,0,0
Myerscough College EABL,"Ayo Ibirinde, Cesar Sanchez Falette, Harry Sheehan, Olivier Esingle, Sayomi Latidan",Derby College Trailblazers EABL,"Casey Burr, Elias Norman, George Pastor, Julian Lemanski, William Tallon",1,41,0.7,1.5,2,1,1,100,0,0,0,0,0,0,0,0,0,1,1,0,0,0,0,0,1,0,0,0,0,0,0,0,0,0,0,0,0,0,1,0,1.0,2.0,200,0,200,0,200,-200,2,0,0,0,0,0,0,0,0,0,0,0,0,0,0,0,0,0,0,0,0,0,0,0,0,0,0,0,0,0,0,0,0
Barking Abbey EABL,"Francesco Cole, Joshua Mendes, Micael Filho, Raphael Connolly, Solomon Dobson Smith",Oaklands Wolves EABL,"Daniel Kostadinov, Dylan Gladstone, Enzo Da Cruz Fatuda, Ethan Ryan, Tristan Mcintosh",1,22,0.4,1.5,4,2,3,66.7,0,0,0,0,0,0,1,1,2,1,0,0,0,0,0,0,1,0,0,1,0,0,0,0,0,0,0,0,0,0,0,0,1.9,1.0,207.3,0,207.3,0,207.3,-207.3,4,0,0,0,0,0,0,0,0,0,0,0,0,0,0,0,0,0,0,0,0,0,0,0,0,0,0,0,0,0,0,0,0
Barking Abbey EABL,"Alaxanda Nwabueze, Amari Maitland, Joshua Mendes, Kervy Mabaya, Kimbe N'gabala",Oaklands Wolves EABL,"Daniel Kostadinov, Dylan Gladstone, Enzo Da Cruz Fatuda, Huxley Morrell, Liam Mcintosh",1,33,0.6,1.5,0,0,1,0,0,1,0,0,0,0,0,0,0,0,0,0,0,0,4,2,2,100,0,0,0,0,0,0,0,1,1,1,0,0,0,0,1.0,2.0,0,200,-200,200,0,200,-4,0,0,0,0,0,0,0,0,0,0,0,0,0,0,0,0,0,0,0,0,0,0,0,0,0,0,0,0,0,0,0,0
Barking Abbey EABL,"Amari Maitland, Francesco Cole, Harry Egbayelo, Micael Filho, Raphael Connolly",Oaklands Wolves EABL,"Daniel Kostadinov, Dylan Gladstone, Enzo Da Cruz Fatuda, Huxley Morrell, Liam Mcintosh",1,67,1.1,1.5,0,0,1,0,0,1,0,0,0,0,0,0,0,0,0,0,0,0,5,2,3,66.7,1,1,100,0,0,0,1,1,2,1,0,0,0,0,1.0,1.9,0,259.1,-259.1,259.1,0,259.1,-5,0,0,0,0,0,0,0,0,0,0,0,0,0,0,0,0,0,0,0,0,0,0,0,0,0,0,0,0,0,0,0,0
HHS Reading Rockets EABL,"Ethan Harrington, Joseph Mackinnon, Lazure Francis, Malachi Hassan-Taylor, Matthew Daines",Itchen College EABL,"Benjamin Cope, Dawid Cimochowski, Jakub Ofman, Richard Radu, Thomas Blower",1,33,0.6,1.5,0,0,0,0,0,0,0,0,0,0,0,0,0,0,0,0,1,0,0,0,0,0,0,0,0,0,0,0,0,0,0,0,0,0,2,0,1.0,2.0,0,0,0,0,0,0,0,0,0,0,0,0,0,0,0,0,0,0,0,0,0,0,0,0,0,0,0,0,0,0,0,0,0,0,0,0,0,0,0
HHS Reading Rockets EABL,"Can Okumus, James Waterhouse, Joseph Mackinnon, Malachi Hassan-Taylor, Matthew Daines",Itchen College EABL,"Benjamin Cope, Dawid Cimochowski, Elijah Lotriet, Ethan Round, Jakub Ofman",1,62,1.0,1.5,2,1,2,50,0,1,0,0,0,0,0,0,0,0,0,0,0,1,0,0,0,0,0,0,0,0,0,0,0,0,0,0,0,0,1,0,2.0,1.0,100,0,100,0,100,-100,2,0,0,0,0,0,0,0,0,0,0,0,0,0,0,0,0,0,0,0,0,0,0,0,0,0,0,0,0,0,0,0,0
HHS Reading Rockets EABL,"Aydan Moloney, Can Okumus, James Waterhouse, Lazure Francis, Matthew Daines",Itchen College EABL,"Benjamin Cope, Ethan Round, Jakub Ofman, Mason Yeates, Thomas Blower",1,30,0.5,1.5,0,0,1,0,0,0,0,0,0,0,0,0,0,0,0,0,0,0,0,0,1,0,0,1,0,0,0,0,0,1,1,0,0,0,1,0,1.0,2.0,0,0,0,0,0,0,0,0,0,0,0,0,0,0,0,0,0,0,0,0,0,0,0,0,0,0,0,0,0,0,0,0,0,0,0,0,0,0,0
Myerscough College EABL,"Ayo Ibirinde, Cesar Sanchez Falette, Harry Sheehan, Jakub Bobkowski, Sayomi Latidan",Barking Abbey EABL,"Alaxanda Nwabueze, Amari Maitland, Folarin Oguntuase, Joshua Mendes, Oskaras Visockas",1,43,0.7,1.5,0,0,1,0,0,1,0,0,0,0,1,1,2,0,0,0,1,0,0,0,1,0,0,1,0,0,0,0,0,0,0,0,0,0,1,0,0.9,2.0,0,0,0,0,0,0,0,0,0,0,0,0,0,0,0,0,0,0,0,0,0,0,0,0,0,0,0,0,0,0,0,0,0,0,0,0,0,0,0
Myerscough College EABL,"Cesar Sanchez Falette, Harry Sheehan, Olivier Esingle, Sayomi Latidan, Zach Trezvant",Barking Abbey EABL,"Alaxanda Nwabueze, Folarin Oguntuase, Joshua Mendes, Micael Filho, Oskaras Visockas",1,55,0.9,1.5,3,1,2,50,1,2,50,0,0,0,0,1,1,1,0,0,0,0,0,0,1,0,0,1,0,0,0,0,0,0,0,0,0,0,0,1,2.0,1.0,150,0,150,0,150,-150,3,0,0,0,0,0,0,0,0,0,0,0,0,0,0,0,0,0,0,0,0,0,0,0,0,0,0,0,0,0,0,0,0
SGS College EABL,"Abubakar Odowa, Jakub Grajcar, Kevin Ramirez Mora, Martin Alburo, Zion Lawson",Copleston High School EABL,"Callum Fobister, Isaac Carty-Peters, Isaac Little, Matthew Liddamore, Noah Wilkinson",1,45,0.8,1.5,4,2,2,100,0,0,0,0,0,0,0,1,1,1,0,0,0,0,0,0,1,0,0,1,0,0,0,0,0,0,0,0,0,0,0,0,2.0,1.0,200,0,200,0,200,-200,4,0,0,0,0,0,0,0,0,0,0,0,0,0,0,0,0,0,0,0,0,0,0,0,0,0,0,0,0,0,0,0,0
SGS College EABL,"Imam Toure, Luka Matthews, Martin Alburo, Tekai Wallace-Gayle, Washington Wewe",Copleston High School EABL,"Angus Hickey, Callum Fobister, Isaac Little, Matthew Liddamore, Timothy Rafiu",1,52,0.9,1.5,3,1,2,50,1,2,50,0,0,0,0,0,0,0,0,0,0,0,0,0,0,0,0,0,0,0,0,0,0,1,1,0,0,0,1,0,2.0,1.0,150,0,150,0,150,-150,3,0,0,0,0,0,0,0,0,0,0,0,0,0,0,0,0,0,0,0,0,0,0,0,0,0,0,0,0,0,0,0,0
HHS Reading Rockets EABL,"Can Okumus, Ethan Harrington, Lazure Francis, Luca Bakary, Matthew Daines",BMET City of Birmingham Rockets EABL,"Billy Rose, Jonathan Agbeze, Larry Duru, Philip Basioudis, Simba Chikukwa",1,27,0.5,1.5,0,0,0,0,0,0,0,0,0,0,0,0,0,0,0,0,1,0,2,1,1,100,0,0,0,0,0,0,0,0,0,0,1,0,1,1,1.0,2.0,0,100,-100,100,0,100,-2,0,0,0,0,0,0,0,0,0,0,0,0,0,0,0,0,0,0,0,0,0,0,0,0,0,0,0,0,0,0,0,0
HHS Reading Rockets EABL,"Aydan Moloney, James Waterhouse, Joseph Mackinnon, Malachi Hassan-Taylor, Matthew Daines",BMET City of Birmingham Rockets EABL,"Abdou Camara, Billy Rose, George Angoy, Jonathan Agbeze, Simba Chikukwa",1,38,0.6,1.5,0,0,0,0,0,0,0,0,0,0,0,1,1,0,0,0,2,0,0,0,1,0,0,1,0,0,0,0,0,0,0,0,1,0,0,0,2.0,1.0,0,0,0,0,0,0,0,0,0,0,0,0,0,0,0,0,0,0,0,0,0,0,0,0,0,0,0,0,0,0,0,0,0,0,0,0,0,0,0
HHS Reading Rockets EABL,"Can Okumus, James Waterhouse, Lazure Francis, Luca Bakary, Matthew Daines",BMET City of Birmingham Rockets EABL,"Abdou Camara, Billy Rose, George Angoy, Jonathan Agbeze, Jude Hyland",1,32,0.5,1.5,2,1,1,100,0,0,0,0,0,0,0,0,0,0,1,0,1,1,0,0,0,0,0,0,0,0,0,0,0,0,0,0,0,0,1,0,2.0,1.0,100,0,100,0,100,-100,2,0,0,0,0,0,0,0,0,0,0,0,0,0,0,0,0,0,0,0,0,0,0,0,0,0,0,0,0,0,0,0,0
Itchen College EABL,"Benjamin Cope, Dawid Cimochowski, Ethan Round, Jakub Ofman, Thomas Blower",Charnwood College Riders EABL,"Fahad Saeed, James Hardy, Okeri Hambira, Tristan Curran, Zavier Gleadell-Smith",1,37,0.6,1.5,0,0,1,0,0,0,0,0,0,0,0,0,0,0,0,0,1,0,2,1,1,100,0,0,0,0,0,0,0,1,1,1,0,0,0,0,2.0,1.0,0,200,-200,200,0,200,-2,0,0,0,0,0,0,0,0,0,0,0,0,0,0,0,0,0,0,0,0,0,0,0,0,0,0,0,0,0,0,0,0
Itchen College EABL,"Benjamin Cope, Marley Edwards, Mason Yeates, Richard Radu, Thomas Blower",Charnwood College Riders EABL,"Andrew Young, Fahad Saeed, Okeri Hambira, Stanley Morris, Tom Pearson",1,40,0.7,1.5,0,0,1,0,0,1,0,0,0,0,0,0,0,0,0,0,0,0,3,1,1,100,1,1,100,0,0,0,0,1,1,1,0,0,1,0,1.0,2.0,0,150,-150,150,0,150,-3,0,0,0,0,0,0,0,0,0,0,0,0,0,0,0,0,0,0,0,0,0,0,0,0,0,0,0,0,0,0,0,0
Itchen College EABL,"Benjamin Cope, Dawid Cimochowski, Elijah Lotriet, Ethan Round, Jakub Ofman",Charnwood College Riders EABL,"Davin Hanousek, Fahad Saeed, Tom Pearson, Tristan Curran, Zavier Gleadell-Smith",1,29,0.5,1.5,2,1,2,50,0,0,0,0,0,0,0,0,0,1,0,0,0,1,0,0,0,0,0,0,0,0,0,0,0,1,1,0,0,0,1,0,2.0,1.0,100,0,100,0,100,-100,2,0,0,0,0,0,0,0,0,0,0,0,0,0,0,0,0,0,0,0,0,0,0,0,0,0,0,0,0,0,0,0,0
City of London Academy - Southwark EABL,"Alex Morentin, Bilal Olowoshile, Dante Patel, David Banjoko, Ruben Cryer",Derby College Trailblazers EABL,"Elias Rice, Finley Tuck, Kaleel Otaye, Rohan Hobday, William Tallon",1,43,0.7,1.5,2,1,1,100,0,0,0,0,0,0,0,1,1,0,0,1,0,0,0,0,1,0,0,0,0,0,0,0,0,0,0,0,0,0,1,1,1.0,2.0,200,0,200,0,200,-200,2,0,0,0,0,0,0,0,0,0,0,0,0,0,0,0,0,0,0,0,0,0,0,0,0,0,0,0,0,0,0,0,0
Manchester Magic Academy EABL,"Abraham Isiorho, David Allotey, Harley Blake, Jack Odongo, Jack Walton",Oaklands Wolves EABL,"Daniel Kostadinov, Gavin Mitchell, Huxley Morrell, Liam Mcintosh, Tristan Mcintosh",1,47,0.8,1.5,2,1,1,100,0,0,0,0,0,0,0,0,0,1,0,0,0,0,3,1,1,100,1,1,100,0,0,0,0,0,0,1,0,0,1,0,1.0,2.0,200,150,50,150,200,-50,-1,0,0,0,0,0,0,0,0,0,0,0,0,0,0,0,0,0,0,0,0,0,0,0,0,0,0,0,0,0,0,0,0
Manchester Magic Academy EABL,"David Allotey, Harley Blake, Jack Odongo, Jack Walton, Oluwademilade Babalola",Oaklands Wolves EABL,"Daniel Kostadinov, Dylan Gladstone, Gavin Mitchell, Huxley Morrell, Tristan Mcintosh",1,43,0.7,1.5,2,1,1,100,0,0,0,0,0,0,0,1,1,1,0,0,0,0,2,1,3,33.3,0,1,0,0,0,0,1,0,1,0,0,0,0,0,1.0,1.9,200,103.6,96.4,103.6,200,-96.4,0,0,0,0,0,0,0,0,0,0,0,0,0,0,0,0,0,0,0,0,0,0,0,0,0,0,0,0,0,0,0,0,0
BMET City of Birmingham Rockets EABL,"Billy Rose, Issac Gisbourne, Jonathan Agbeze, Larry Duru, Philip Basioudis",Copleston High School EABL,"Callum Fobister, Elijah Tamakloe, Isaac Carty-Peters, Isaac Little, Matthew Liddamore",1,39,0.7,1.5,0,0,2,0,0,1,0,0,0,0,0,0,0,0,1,0,0,0,0,0,0,0,0,0,0,0,0,0,0,1,1,0,0,0,1,0,2.0,1.0,0,0,0,0,0,0,0,0,0,0,0,0,0,0,0,0,0,0,0,0,0,0,0,0,0,0,0,0,0,0,0,0,0,0,0,0,0,0,0
BMET City of Birmingham Rockets EABL,"George Angoy, Jonathan Agbeze, Jude Hyland, Larry Duru, Philip Basioudis",Copleston High School EABL,"Callum Fobister, Grant Millar, Matthew Liddamore, Noah Wilkinson, Timothy Rafiu",1,28,0.5,1.5,5,2,2,100,1,1,100,0,0,0,0,0,0,1,1,0,0,0,0,0,0,0,0,0,0,0,0,0,0,0,0,0,0,0,1,2,2.0,1.0,250,0,250,0,250,-250,5,0,0,0,0,0,0,0,0,0,0,0,0,0,0,0,0,0,0,0,0,0,0,0,0,0,0,0,0,0,0,0,0
Manchester Magic Academy EABL,"Abraham Isiorho, Jack Odongo, Nathan Brown, Oluwademilade Babalola, Tiego Weekes",Itchen College EABL,"Benjamin Cope, Dawid Cimochowski, Elijah Lotriet, Jakub Ofman, Richard Radu",1,41,0.7,1.5,0,0,1,0,0,0,0,0,0,0,0,1,1,0,0,0,0,0,0,0,1,0,0,1,0,0,0,0,0,1,1,0,0,0,1,0,1.0,2.0,0,0,0,0,0,0,0,0,0,0,0,0,0,0,0,0,0,0,0,0,0,0,0,0,0,0,0,0,0,0,0,0,0,0,0,0,0,0,0
Charnwood College Riders EABL,"Davincy Stephens, Fahad Saeed, James Hardy, Pharrell Kattah, Tristan Curran",Oaklands Wolves EABL,"Dylan Gladstone, Enzo Da Cruz Fatuda, Gavin Mitchell, Huxley Morrell, Liam Mcintosh",1,71,1.2,1.5,0,0,1,0,0,1,0,0,0,0,0,0,0,0,0,0,1,1,2,1,1,100,0,0,0,0,0,0,0,1,1,0,0,0,0,0,2.0,1.0,0,200,-200,200,0,200,-2,0,0,0,0,0,0,0,0,0,0,0,0,0,0,0,0,0,0,0,0,0,0,0,0,0,0,0,0,0,0,0,0
HHS Reading Rockets EABL,"Ethan Harrington, James Waterhouse, Joseph Mackinnon, Malachi Hassan-Taylor, Matthew Daines",SGS College EABL,"Abubakar Odowa, Jakub Grajcar, Luka Matthews, Martin Alburo, Zion Lawson",1,31,0.5,1.5,4,2,2,100,0,0,0,0,0,0,0,0,0,2,0,0,0,0,2,1,1,100,0,0,0,0,0,0,0,0,0,0,0,0,0,1,2.0,1.0,200,200,0,200,200,0,2,0,0,0,0,0,0,0,0,0,0,0,0,0,0,0,0,0,0,0,0,0,0,0,0,0,0,0,0,0,0,0,0
HHS Reading Rockets EABL,"Can Okumus, Ethan Harrington, James Waterhouse, Malachi Hassan-Taylor, Matthew Daines",SGS College EABL,"Imam Toure, Kevin Ramirez Mora, Luka Matthews, Martin Alburo, Zion Lawson",1,56,0.9,1.5,3,1,1,100,1,1,100,0,0,0,0,0,0,1,0,0,1,1,0,0,0,0,0,0,0,0,0,0,0,0,0,0,1,0,1,0,2.0,1.0,150,0,150,0,150,-150,3,0,0,0,0,0,0,0,0,0,0,0,0,0,0,0,0,0,0,0,0,0,0,0,0,0,0,0,0,0,0,0,0
HHS Reading Rockets EABL,"Aydan Moloney, Can Okumus, Ethan Harrington, Luca Bakary, Matthew Daines",SGS College EABL,"Abubakar Odowa, Jakub Grajcar, Kevin Ramirez Mora, Martin Alburo, Zion Lawson",1,53,0.9,1.5,0,0,2,0,0,0,0,0,0,0,0,0,0,0,0,1,0,1,2,1,2,50,0,0,0,0,0,0,1,2,3,0,0,0,0,0,2.0,0.9,0,215.1,-215.1,215.1,0,215.1,-2,0,0,0,0,0,0,0,0,0,0,0,0,0,0,0,0,0,0,0,0,0,0,0,0,0,0,0,0,0,0,0,0
City of London Academy - Southwark EABL,"Andrew Nwokolo, Daniel Banjoko, Jacob Hannick, Louis Thompson, Toby Gass",Myerscough College EABL,"Ayo Ibirinde, Cesar Sanchez Falette, Olivier Esingle, Salomi Latidan, Sayomi Latidan",1,59,1.0,1.5,2,1,2,50,0,1,0,0,0,0,0,1,1,0,0,0,0,0,0,0,1,0,0,0,0,0,0,0,0,1,1,0,0,0,0,1,2.0,1.0,100,0,100,0,100,-100,2,0,0,0,0,0,0,0,0,0,0,0,0,0,0,0,0,0,0,0,0,0,0,0,0,0,0,0,0,0,0,0,0
Manchester Magic Academy EABL,"Abraham Isiorho, Harley Blake, Jack Odongo, Jack Walton, Oluwademilade Babalola",Myerscough College EABL,"Harry Sheehan, Jakub Bobkowski, Olivier Esingle, Sayomi Laditan, Zach Trezvant",1,49,0.8,1.5,0,0,1,0,0,1,0,0,0,0,0,1,1,0,0,0,0,0,0,0,1,0,0,1,0,0,0,0,0,1,1,0,0,0,1,1,1.0,2.0,0,0,0,0,0,0,0,0,0,0,0,0,0,0,0,0,0,0,0,0,0,0,0,0,0,0,0,0,0,0,0,0,0,0,0,0,0,0,0
BMET City of Birmingham Rockets EABL,"George Angoy, Issac Gisbourne, Jude Hyland, Larry Duru, Philip Basioudis",Derby College Trailblazers EABL,"Elias Norman, Elias Rice, Liyo Ngomti, Matheo Smith-Fjordland, William Tallon",1,29,0.5,1.4,2,0,1,0,0,1,0,2,2,100,0,1,1,1,0,0,0,0,0,0,1,0,0,0,0,0,0,0,0,1,1,0,0,0,0,1,1.9,1.0,106.4,0,106.4,0,106.4,-106.4,2,0,0,0,0,0,0,0,0,0,0,0,0,0,0,0,0,0,0,0,0,0,0,0,0,0,0,0,0,0,0,0,0
BMET City of Birmingham Rockets EABL,"Billy Rose, George Angoy, Jesse Ogbeide, Larry Duru, Philip Basioudis",Derby College Trailblazers EABL,"Elias Rice, Jarom Howlett, Karim Zidonis, Oskar Krysa, William Tallon",1,48,0.8,1.4,4,0,0,0,0,0,0,4,4,100,0,1,1,1,0,0,0,0,0,0,1,0,0,1,0,0,0,0,0,0,0,0,0,0,0,2,1.8,1.0,227.3,0,227.3,0,227.3,-227.3,4,0,0,0,0,0,0,0,0,0,0,0,0,0,0,0,0,0,0,0,0,0,0,0,0,0,0,0,0,0,0,0,0
Manchester Magic Academy EABL,"Harley Blake, Jack Odongo, Nathan Brown, Oluwademilade Babalola, Tiego Weekes",Charnwood College Riders EABL,"Asa Oyerinde, Davin Hanousek, Luca Boothe, Pharrell Kattah, Tristan Curran",1,68,1.1,1.4,2,1,1,100,0,0,0,0,0,0,0,1,1,0,0,0,0,1,1,0,1,0,0,0,0,1,2,50,0,0,0,0,0,0,0,1,1.0,1.9,200,53.2,146.8,53.2,200,-146.8,1,0,0,0,0,0,0,0,0,0,0,0,0,0,0,0,0,0,0,0,0,0,0,0,0,0,0,0,0,0,0,0,0
SGS College EABL,"Abubakar Odowa, Marcos Pospori, Martin Alburo, Tekai Wallace-Gayle, Washington Wewe",Myerscough College EABL,"Aboyomi Aiyedun, Ashton Scott, Ayo Ibirinde, Cesar Sanchez Falette, Jakub Bobkowski",1,31,0.5,1.4,0,0,2,0,0,0,0,0,0,0,2,1,3,0,0,0,1,1,2,1,2,50,0,0,0,0,0,0,0,0,0,0,1,0,0,0,0.9,2.0,0,100,-100,100,0,100,-2,0,0,0,0,0,0,0,0,0,0,0,0,0,0,0,0,0,0,0,0,0,0,0,0,0,0,0,0,0,0,0,0
Barking Abbey EABL,"Francesco Cole, Kervy Mabaya, Micael Filho, Munyaradzi Myamutenha, Solomon Dobson Smith",HHS Reading Rockets EABL,"Joseph Mackinnon, Lazure Franicis, Malachi Hassan-Taylor, Matthew Daines, Saun Ejiofor",1,25,0.4,1.4,0,0,2,0,0,1,0,0,0,0,0,0,0,0,0,0,0,1,2,0,0,0,0,0,0,2,2,100,0,2,2,0,0,0,0,0,2.0,0.9,0,227.3,-227.3,227.3,0,227.3,-2,0,0,0,0,0,0,0,0,0,0,0,0,0,0,0,0,0,0,0,0,0,0,0,0,0,0,0,0,0,0,0,0
Barking Abbey EABL,"Alaxanda Nwabueze, Joshua Mendes, Kervy Mabaya, Malik Matser, Munyaradzi Myamutenha",HHS Reading Rockets EABL,"Lazure Franicis, Luca Bakary, Malachi Hassan-Taylor, Matthew Daines, Saun Ejiofor",1,94,1.6,1.4,2,1,2,50,0,0,0,0,0,0,1,0,1,1,0,0,0,0,4,1,1,100,1,1,100,1,2,50,0,0,0,0,0,0,0,1,0.9,1.9,215.1,212.8,2.3,212.8,215.1,-2.3,-2,0,0,0,0,0,0,0,0,0,0,0,0,0,0,0,0,0,0,0,0,0,0,0,0,0,0,0,0,0,0,0,0
City of London Academy - Southwark EABL,"Andrew Nwokolo, Daniel Banjoko, Dante Patel, Nyakeh Senessie, Toby Gass",Itchen College EABL,"Dawid Cimochowski, Ethan Round, Javen Osei-Owusu, Richard Radu, Thomas Blower",1,32,0.5,1.4,0,0,1,0,0,0,0,0,0,0,0,0,0,0,0,0,0,0,1,0,0,0,0,0,0,1,2,50,1,1,2,0,0,0,1,0,1.0,1.9,0,53.2,-53.2,53.2,0,53.2,-1,0,0,0,0,0,0,0,0,0,0,0,0,0,0,0,0,0,0,0,0,0,0,0,0,0,0,0,0,0,0,0,0
Itchen College EABL,"Dawid Cimochowski, George Andrews, Javen Osei-Owusu, Richard Radu, Thomas Blower",Copleston High School EABL,"Callum Fobister, Isaac Little, Matthew Liddamore, Noah Wilkinson, Timothy Rafiu",1,23,0.4,1.4,2,1,2,50,0,0,0,0,2,0,2,0,2,0,1,0,0,0,0,0,0,0,0,0,0,0,0,0,0,0,0,0,0,1,1,0,1.8,1.0,110.5,0,110.5,0,110.5,-110.5,2,0,0,0,0,0,0,0,0,0,0,0,0,0,0,0,0,0,0,0,0,0,0,0,0,0,0,0,0,0,0,0,0
Charnwood College Riders EABL,"Asa Oyerinde, Pharrell Kattah, Tom Pearson, Tristan Curran, Zavier Gleadell-Smith",SGS College EABL,"Antoine Bennett, Dylan Lloyd, Imam Toure, Luka Matthews, Martin Alburo",1,84,1.4,1.4,0,0,0,0,0,0,0,0,2,0,0,1,1,0,0,0,0,0,2,1,2,50,0,0,0,0,0,0,0,1,1,1,0,0,0,1,0.9,2.0,0,100,-100,100,0,100,-2,0,0,0,0,0,0,0,0,0,0,0,0,0,0,0,0,0,0,0,0,0,0,0,0,0,0,0,0,0,0,0,0
Manchester Magic Academy EABL,"David Allotey, Jack Walton, Oluwademilade Babalola, Samy Sidi-Boumedine, Tom Richardson",Derby College Trailblazers EABL,"Elias Rice, Julian Lemanski, Matheo Smith-Fjordland, Rohan Hobday, William Tallon",1,35,0.6,1.4,0,0,1,0,0,1,0,0,0,0,0,0,0,0,0,0,0,0,2,1,2,50,0,1,0,0,2,0,1,1,2,0,0,0,0,0,1.0,1.8,0,110.5,-110.5,110.5,0,110.5,-2,0,0,0,0,0,0,0,0,0,0,0,0,0,0,0,0,0,0,0,0,0,0,0,0,0,0,0,0,0,0,0,0
Oaklands Wolves EABL,"Dylan Gladstone, Enzo Da Cruz Fatuda, Gavin Mitchell, Liam Mcintosh, Tristan Mcintosh",Itchen College EABL,"Benjamin Cope, Ethan Round, Javen Osei-Owusu, Mason Yeates, Thomas Blower",1,41,0.7,1.4,2,0,1,0,0,1,0,2,2,100,0,0,0,0,0,0,0,1,3,1,1,100,1,1,100,0,0,0,0,1,1,1,0,0,0,0,1.9,1.0,106.4,300,-193.6,300,106.4,193.6,-1,0,0,0,0,0,0,0,0,0,0,0,0,0,0,0,0,0,0,0,0,0,0,0,0,0,0,0,0,0,0,0,0
Oaklands Wolves EABL,"Enzo Da Cruz Fatuda, Ethan Ryan, Gavin Mitchell, Liam Mcintosh, Tristan Mcintosh",Itchen College EABL,"Dawid Cimochowski, George Andrews, Javen Osei-Owusu, Richard Radu, Thomas Blower",1,37,0.6,1.4,2,1,1,100,0,0,0,0,2,0,0,0,0,1,0,0,0,0,2,1,2,50,0,0,0,0,0,0,1,1,2,0,0,0,0,1,1.9,0.9,106.4,215.1,-108.7,215.1,106.4,108.7,0,0,0,0,0,0,0,0,0,0,0,0,0,0,0,0,0,0,0,0,0,0,0,0,0,0,0,0,0,0,0,0,0
Oaklands Wolves EABL,"Daniel Kostadinov, Dylan Gladstone, Enzo Da Cruz Fatuda, Guisepi Augenti, Zac Gribble",Itchen College EABL,"Benjamin Cope, Elijah Lotriet, Ethan Round, Javen Osei-Owusu, Mason Yeates",1,42,0.7,1.4,0,0,1,0,0,0,0,0,0,0,0,0,0,0,0,0,0,0,5,2,4,50,1,2,50,0,0,0,2,1,3,1,0,0,0,0,1.0,1.9,0,268.8,-268.8,268.8,0,268.8,-5,0,0,0,0,0,0,0,0,0,0,0,0,0,0,0,0,0,0,0,0,0,0,0,0,0,0,0,0,0,0,0,0
BMET City of Birmingham Rockets EABL,"Billy Rose, Jonathan Agbeze, Larry Duru, Patrick Walsh, Philip Basioudis",Manchester Magic Academy EABL,"David Allotey, Jack Walton, Lewis Clayton, Nathan Brown, Oluwademilade Babalola",1,19,0.3,1.4,2,0,0,0,0,0,0,2,2,100,0,0,0,0,1,0,1,0,0,0,0,0,0,0,0,0,0,0,0,0,0,0,0,0,1,0,1.9,1.0,106.4,0,106.4,0,106.4,-106.4,2,0,0,0,0,0,0,0,0,0,0,0,0,0,0,0,0,0,0,0,0,0,0,0,0,0,0,0,0,0,0,0,0
Copleston High School EABL,"Angus Hickey, Elijah Tamakloe, Isaac Carty-Peters, Isaac Little, Timothy Rafiu",HHS Reading Rockets EABL,"Can Okumus, James Waterhouse, Joseph Mackinnon, Matthew Daines, Nicholas Dent",1,38,0.6,1.4,0,0,3,0,0,1,0,0,0,0,2,0,2,0,1,0,1,0,2,1,1,100,0,0,0,0,0,0,0,0,0,0,1,0,1,1,0.8,2.0,0,100,-100,100,0,100,-2,0,0,0,0,0,0,0,0,0,0,0,0,0,0,0,0,0,0,0,0,0,0,0,0,0,0,0,0,0,0,0,0
BMET City of Birmingham Rockets EABL,"Billy Rose, Jonathan Agbeze, Larry Duru, Patrick Walsh, Philip Basioudis",Charnwood College Riders EABL,"Asa Oyerinde, Fahad Saeed, Luca Boothe, Pharrell Kattah, Tom Pearson",1,20,0.3,1.4,3,0,0,0,0,0,0,3,4,75,0,0,0,0,0,0,0,0,2,1,1,100,0,0,0,0,0,0,0,1,1,1,0,0,0,1,1.8,1.0,170.5,200,-29.5,200,170.5,29.5,1,0,0,0,0,0,0,0,0,0,0,0,0,0,0,0,0,0,0,0,0,0,0,0,0,0,0,0,0,0,0,0,0
BMET City of Birmingham Rockets EABL,"George Angoy, Guridat Singh, Jonathan Agbeze, Jude Hyland, Larry Duru",Charnwood College Riders EABL,"Davin Hanousek, Luca Boothe, Rudy Buckingham, Tristan Curran, Zavier Gleadell-Smith",1,38,0.6,1.4,3,1,1,100,1,1,100,0,0,0,0,2,2,1,0,0,0,0,1,0,1,0,0,1,0,1,2,50,0,0,0,1,0,0,0,0,1.0,1.9,300,53.2,246.8,53.2,300,-246.8,2,0,0,0,0,0,0,0,0,0,0,0,0,0,0,0,0,0,0,0,0,0,0,0,0,0,0,0,0,0,0,0,0
BMET City of Birmingham Rockets EABL,"Guridat Singh, Jonathan Agbeze, Jude Hyland, Larry Duru, Philip Basioudis",Charnwood College Riders EABL,"Asa Oyerinde, Davin Hanousek, Fahad Saeed, Pharrell Kattah, Tom Pearson",1,22,0.4,1.4,1,0,0,0,0,0,0,1,2,50,0,0,0,0,1,0,1,0,0,0,0,0,0,0,0,0,0,0,0,0,0,0,0,0,1,0,1.9,1.0,53.2,0,53.2,0,53.2,-53.2,1,0,0,0,0,0,0,0,0,0,0,0,0,0,0,0,0,0,0,0,0,0,0,0,0,0,0,0,0,0,0,0,0
BMET City of Birmingham Rockets EABL,"Jonathan Agbeze, Jude Hyland, Larry Duru, Patrick Walsh, Philip Basioudis",Charnwood College Riders EABL,"Fahad Saeed, Pharrell Kattah, Rudy Buckingham, Tom Pearson, Tristan Curran",1,4,0.1,1.4,0,0,0,0,0,0,0,0,0,0,0,0,0,0,0,0,1,1,4,0,0,0,0,0,0,4,4,100,0,0,0,0,1,0,0,0,1.0,1.8,0,227.3,-227.3,227.3,0,227.3,-4,0,0,0,0,0,0,0,0,0,0,0,0,0,0,0,0,0,0,0,0,0,0,0,0,0,0,0,0,0,0,0,0
Copleston High School EABL,"Angus Hickey, Callum Fobister, Mason Wells, Matthew Liddamore, Noah Wilkinson",Oaklands Wolves EABL,"Daniel Kostadinov, Enzo Da Cruz Fatuda, Gavin Mitchell, Huxley Morrell, Liam Mcintosh",1,28,0.5,1.4,0,0,1,0,0,0,0,0,0,0,0,0,0,0,0,0,0,0,2,0,1,0,0,0,0,2,2,100,0,1,1,0,0,0,0,0,1.0,1.9,0,106.4,-106.4,106.4,0,106.4,-2,0,0,0,0,0,0,0,0,0,0,0,0,0,0,0,0,0,0,0,0,0,0,0,0,0,0,0,0,0,0,0,0
Copleston High School EABL,"Isaac Carty-Peters, Luke Read, Mason Wells, Matthew Liddamore, Noah Wilkinson",Oaklands Wolves EABL,"Daniel Kostadinov, Ethan Ryan, Gavin Mitchell, Guisepi Augenti, Huxley Morrell",1,36,0.6,1.4,0,0,1,0,0,0,0,0,0,0,0,0,0,0,0,0,1,1,2,0,0,0,0,0,0,2,2,100,0,0,0,0,0,0,0,0,2.0,0.9,0,227.3,-227.3,227.3,0,227.3,-2,0,0,0,0,0,0,0,0,0,0,0,0,0,0,0,0,0,0,0,0,0,0,0,0,0,0,0,0,0,0,0,0
Itchen College EABL,"Benjamin Cope, Dawid Cimochowski, Elijah Lotriet, Ethan Round, Marley Edwards",City of London Academy - Southwark EABL,"Andrew Nwokolo, Dante Patel, David Banjoko, Ruben Cryer, Toby Gass",1,14,0.2,1.4,0,0,0,0,0,0,0,0,0,0,0,0,0,0,0,0,1,1,3,0,0,0,0,0,0,3,4,75,0,0,0,0,1,0,0,0,1.0,1.8,0,170.5,-170.5,170.5,0,170.5,-3,0,0,0,0,0,0,0,0,0,0,0,0,0,0,0,0,0,0,0,0,0,0,0,0,0,0,0,0,0,0,0,0
Charnwood College Riders EABL,"Fahad Saeed, Luca Boothe, Rudy Buckingham, Tristan Curran, Zavier Gleadell-Smith",Manchester Magic Academy EABL,"Abraham Sagay Isiorho, Harley Blake, Jack Odongo, Nathan Brown, Oluwademilade Babalola",1,11,0.2,1.4,0,0,1,0,0,1,0,0,0,0,0,0,0,0,0,0,0,3,3,0,0,0,0,0,0,3,4,75,0,0,0,0,0,0,0,0,1.0,1.8,0,170.5,-170.5,170.5,0,170.5,-3,0,0,0,0,0,0,0,0,0,0,0,0,0,0,0,0,0,0,0,0,0,0,0,0,0,0,0,0,0,0,0,0
Myerscough College EABL,"Cesar Sanchez Falette, Fin Morgan, Ivan Idemudia, Layjuan Farrell, Nathaniel Byfield",SGS College EABL,"Antoine Bennett, Imam Toure, Luka Matthews, Marcos Perez Tosca, Shaquan Nelson",1,50,0.8,1.4,5,2,4,50,1,2,50,0,0,0,2,0,2,1,1,0,0,1,0,0,0,0,0,0,0,0,0,0,0,0,0,0,0,0,1,0,1.9,1.0,268.8,0,268.8,0,268.8,-268.8,5,0,0,0,0,0,0,0,0,0,0,0,0,0,0,0,0,0,0,0,0,0,0,0,0,0,0,0,0,0,0,0,0
Myerscough College EABL,"Daniel Okhuoya, Fin Morgan, Ivan Idemudia, Layjuan Farrell, Nathaniel Byfield",SGS College EABL,"Dylan Lloyd, Imam Toure, Kevin Ramirez Mora, Martin Alburo, Shaquan Nelson",1,38,0.6,1.4,0,0,1,0,0,1,0,0,0,0,0,0,0,0,1,0,0,0,2,0,0,0,0,0,0,2,2,100,0,0,0,0,0,0,1,0,1.0,1.9,0,106.4,-106.4,106.4,0,106.4,-2,0,0,0,0,0,0,0,0,0,0,0,0,0,0,0,0,0,0,0,0,0,0,0,0,0,0,0,0,0,0,0,0
Oaklands Wolves EABL,"Daniel Kostadinov, Enzo Da Cruz Fatuda, Ethan Ryan, Gavin Mitchell, Huxley Morrell",Copleston High School EABL,"Callum Fobister, Isaac Little, Matthew Liddamore, Noah Wilkinson, Timothy Rafiu",1,35,0.6,1.4,5,1,1,100,1,1,100,2,2,100,0,0,0,1,0,0,0,1,2,1,1,100,0,0,0,0,0,0,0,0,0,0,0,0,0,0,1.9,1.0,266,200,66,200,266,-66,3,0,0,0,0,0,0,0,0,0,0,0,0,0,0,0,0,0,0,0,0,0,0,0,0,0,0,0,0,0,0,0,0
Oaklands Wolves EABL,"Daniel Kostadinov, Ethan Ryan, Gavin Mitchell, Huxley Morrell, Tristan Mcintosh",Copleston High School EABL,"Callum Fobister, Isaac Little, Matthew Liddamore, Noah Wilkinson, Timothy Rafiu",1,28,0.5,1.4,0,0,1,0,0,1,0,0,0,0,0,0,0,0,0,0,0,0,2,0,1,0,0,1,0,2,2,100,0,1,1,0,0,0,0,1,1.0,1.9,0,106.4,-106.4,106.4,0,106.4,-2,0,0,0,0,0,0,0,0,0,0,0,0,0,0,0,0,0,0,0,0,0,0,0,0,0,0,0,0,0,0,0,0
Copleston High School EABL,"Callum Fobister, Isaac Little, Matthew Liddamore, Noah Wilkinson, Timothy Rafiu",Itchen College EABL,"Ethan Round, Javen Osei-Owusu, Marley Edwards, Reuel Matthias, Thomas Blower",1,27,0.5,1.4,2,1,1,100,0,0,0,0,2,0,0,0,0,0,0,0,0,0,3,1,1,100,1,1,100,0,0,0,0,1,1,1,0,0,0,2,1.9,1.0,106.4,300,-193.6,300,106.4,193.6,-1,0,0,0,0,0,0,0,0,0,0,0,0,0,0,0,0,0,0,0,0,0,0,0,0,0,0,0,0,0,0,0,0
Copleston High School EABL,"Elijah Tamakloe, Isaac Carty-Peters, Matthew Liddamore, Noah Wilkinson, Timothy Rafiu",Itchen College EABL,"Ethan Round, Jakub Ofman, Marley Edwards, Richard Radu, Thomas Blower",1,53,0.9,1.4,0,0,1,0,0,0,0,0,0,0,0,1,1,0,0,0,0,1,2,0,1,0,0,1,0,2,2,100,0,0,0,0,0,1,0,0,1.0,1.9,0,106.4,-106.4,106.4,0,106.4,-2,0,0,0,0,0,0,0,0,0,0,0,0,0,0,0,0,0,0,0,0,0,0,0,0,0,0,0,0,0,0,0,0
Charnwood College Riders EABL,"Davin Hanousek, Lewis Stevenson, Rudy Buckingham, Stanley Morris, Tristan Curran",Derby College Trailblazers EABL,"Casey Burr, Elias Norman, Elias Rice, Rohan Hobday, William Tallon",1,38,0.6,1.4,3,1,1,100,1,1,100,0,2,0,0,1,1,1,0,0,0,0,0,0,1,0,0,1,0,0,0,0,0,1,1,0,0,0,0,0,1.9,1.0,159.6,0,159.6,0,159.6,-159.6,3,0,0,0,0,0,0,0,0,0,0,0,0,0,0,0,0,0,0,0,0,0,0,0,0,0,0,0,0,0,0,0,0
Charnwood College Riders EABL,"Davin Hanousek, Lewis Stevenson, Okeri Hambira, Rudy Buckingham, Stanley Morris",Derby College Trailblazers EABL,"Casey Burr, Elias Norman, Elias Rice, George Pastor, William Tallon",1,40,0.7,1.4,0,0,0,0,0,0,0,0,0,0,0,1,1,0,0,0,2,1,1,0,0,0,0,0,0,1,2,50,0,0,0,1,1,0,0,0,2.0,0.9,0,113.6,-113.6,113.6,0,113.6,-1,0,0,0,0,0,0,0,0,0,0,0,0,0,0,0,0,0,0,0,0,0,0,0,0,0,0,0,0,0,0,0,0
Charnwood College Riders EABL,"Lewis Stevenson, Luca Boothe, Pharrell Kattah, Tom Pearson, Tristan Curran",Derby College Trailblazers EABL,"Elias Rice, Jarom Howlett, Karim Zidonis, Liyo Ngomti, William Tallon",1,39,0.7,1.4,2,0,2,0,0,0,0,2,2,100,1,0,1,0,0,0,0,0,2,1,1,100,0,0,0,0,0,0,0,1,1,0,0,0,0,1,1.8,1.0,110.5,200,-89.5,200,110.5,89.5,0,0,0,0,0,0,0,0,0,0,0,0,0,0,0,0,0,0,0,0,0,0,0,0,0,0,0,0,0,0,0,0,0
Charnwood College Riders EABL,"Asa Oyerinde, Davin Hanousek, Lewis Stevenson, Pharrell Kattah, Rudy Buckingham",Derby College Trailblazers EABL,"Casey Burr, Elias Rice, Finley Tuck, George Pastor, Rohan Hobday",1,43,0.7,1.4,1,0,0,0,0,0,0,1,2,50,0,0,0,0,0,0,1,0,2,1,1,100,0,0,0,0,0,0,0,0,0,1,0,0,0,0,1.9,1.0,53.2,200,-146.8,200,53.2,146.8,-1,0,0,0,0,0,0,0,0,0,0,0,0,0,0,0,0,0,0,0,0,0,0,0,0,0,0,0,0,0,0,0,0
Manchester Magic Academy EABL,"Abraham Sagay Isiorho, Harley Blake, Jack Odongo, Nathan Brown, Oluwademilade Babalola",Myerscough College EABL,"Cesar Sanchez Falette, Harry Sheehan, Jakub Bobkowski, Sayomi Latidan, Zach Trezvant",1,22,0.4,1.4,0,0,1,0,0,1,0,0,0,0,0,0,0,0,1,0,0,2,1,0,0,0,0,0,0,1,2,50,1,1,2,0,0,0,1,0,1.0,1.9,0,53.2,-53.2,53.2,0,53.2,-1,0,0,0,0,0,0,0,0,0,0,0,0,0,0,0,0,0,0,0,0,0,0,0,0,0,0,0,0,0,0,0,0
Manchester Magic Academy EABL,"Abraham Sagay Isiorho, Jack Odongo, Jack Walton, Oluwademilade Babalola, Samy Sidi-Boumedine",Myerscough College EABL,"Cesar Sanchez Falette, Harry Sheehan, Jakub Bobkowski, Sayomi Latidan, Zach Trezvant",1,53,0.9,1.4,2,1,2,50,0,0,0,0,0,0,1,0,1,1,0,0,0,0,3,1,1,100,0,0,0,1,2,50,0,0,0,1,0,0,0,1,0.9,1.9,215.1,159.6,55.5,159.6,215.1,-55.5,-1,0,0,0,0,0,0,0,0,0,0,0,0,0,0,0,0,0,0,0,0,0,0,0,0,0,0,0,0,0,0,0,0
SGS College EABL,"Kash Rands, Kayden Richards, Kevin Ramirez Mora, Marcos Perez Tosca, Martin Alburo",BMET City of Birmingham Rockets EABL,"George Angoy, Jude Hyland, Larry Duru, Patrick Walsh, Philip Basioudis",1,80,1.3,1.4,2,1,5,20,0,1,0,0,0,0,3,0,3,0,0,0,0,1,3,1,1,100,1,1,100,0,0,0,0,1,1,1,0,0,0,1,1.8,1.0,111.7,300,-188.3,300,111.7,188.3,-1,0,0,0,0,0,0,0,0,0,0,0,0,0,0,0,0,0,0,0,0,0,0,0,0,0,0,0,0,0,0,0,0
Oaklands Wolves EABL,"Daniel Kostadinov, Dylan Gladstone, Gavin Mitchell, Liam Mcintosh, Tristan Mcintosh",HHS Reading Rockets EABL,"Can Okumus, James Waterhouse, Joseph Mackinnon, Malachi Hassan-Taylor, Matthew Daines",1,31,0.5,1.4,2,1,1,100,0,0,0,0,0,0,0,0,0,1,0,0,0,1,0,0,0,0,0,0,0,0,2,0,1,0,1,0,0,0,1,0,1.0,1.9,200,0,200,0,200,-200,2,0,0,0,0,0,0,0,0,0,0,0,0,0,0,0,0,0,0,0,0,0,0,0,0,0,0,0,0,0,0,0,0
Oaklands Wolves EABL,"Daniel Kostadinov, Dylan Gladstone, Enzo Da Cruz Fatuda, Huxley Morrell, Liam Mcintosh",HHS Reading Rockets EABL,"Ethan Harrington, James Waterhouse, Malachi Hassan-Taylor, Matthew Daines, Nicholas Dent",1,61,1.0,1.4,6,2,3,66.7,2,2,100,0,0,0,1,1,2,2,0,0,0,0,0,0,2,0,0,0,0,0,0,0,1,0,1,0,0,0,0,0,1.9,0.9,310.9,0,310.9,0,310.9,-310.9,6,0,0,0,0,0,0,0,0,0,0,0,0,0,0,0,0,0,0,0,0,0,0,0,0,0,0,0,0,0,0,0,0
Oaklands Wolves EABL,"Dylan Gladstone, Gavin Mitchell, Huxley Morrell, Liam Mcintosh, Tristan Mcintosh",HHS Reading Rockets EABL,"A. King, Can Okumus, Joseph Mackinnon, Malachi Hassan-Taylor, Matthew Daines",1,41,0.7,1.4,1,0,1,0,0,0,0,1,2,50,0,1,1,1,0,0,0,0,0,0,1,0,0,1,0,0,0,0,0,1,1,0,0,0,0,0,1.9,1.0,53.2,0,53.2,0,53.2,-53.2,1,0,0,0,0,0,0,0,0,0,0,0,0,0,0,0,0,0,0,0,0,0,0,0,0,0,0,0,0,0,0,0,0
BMET City of Birmingham Rockets EABL,"George Angoy, Jonathan Agbeze, Jude Hyland, Larry Duru, Philip Basioudis",Myerscough College EABL,"Daniel Okhuoya, Fin Morgan, Jakub Bobkowski, Olivier Esingle, Sayomi Latidan",1,35,0.6,1.4,1,0,0,0,0,0,0,1,2,50,0,0,0,0,0,0,1,0,2,1,2,50,0,0,0,0,0,0,1,0,1,0,1,0,0,2,1.9,0.9,53.2,215.1,-161.9,215.1,53.2,161.9,-1,0,0,0,0,0,0,0,0,0,0,0,0,0,0,0,0,0,0,0,0,0,0,0,0,0,0,0,0,0,0,0,0
BMET City of Birmingham Rockets EABL,"Daniel Pittaway, George Angoy, Jonathan Agbeze, Jude Hyland, Philip Basioudis",Myerscough College EABL,"Daniel Okhuoya, Fin Morgan, Jakub Bobkowski, Olivier Esingle, Sayomi Latidan",1,45,0.8,1.4,0,0,2,0,0,1,0,0,0,0,0,0,0,0,0,0,0,1,1,0,0,0,0,0,0,1,2,50,0,1,1,0,0,1,0,0,2.0,0.9,0,113.6,-113.6,113.6,0,113.6,-1,0,0,0,0,0,0,0,0,0,0,0,0,0,0,0,0,0,0,0,0,0,0,0,0,0,0,0,0,0,0,0,0
Itchen College EABL,"Elijah Lotriet, George Andrews, Jakub Ofman, Mason Yeates, Richard Radu",Oaklands Wolves EABL,"Dylan Gladstone, Enzo Da Cruz Fatuda, Ethan Ryan, Huxley Morrell, Tristan Mcintosh",1,23,0.4,1.4,4,0,0,0,0,0,0,4,4,100,0,0,0,0,0,0,0,0,0,0,1,0,0,1,0,0,0,0,0,0,0,0,0,0,0,1,1.8,1.0,227.3,0,227.3,0,227.3,-227.3,4,0,0,0,0,0,0,0,0,0,0,0,0,0,0,0,0,0,0,0,0,0,0,0,0,0,0,0,0,0,0,0,0
Itchen College EABL,"Ethan Round, George Andrews, Jakub Ofman, Leo Diala-Bevan, Richard Radu",Oaklands Wolves EABL,"Blaine Thompson, Enzo Da Cruz Fatuda, Huxley Morrell, Kajus Gasperas, Zac Gribble",1,30,0.5,1.4,2,1,1,100,0,0,0,0,2,0,1,1,2,0,0,0,0,1,1,0,0,0,0,0,0,1,2,50,0,0,0,0,0,0,0,0,1.9,0.9,106.4,113.6,-7.3,113.6,106.4,7.3,1,0,0,0,0,0,0,0,0,0,0,0,0,0,0,0,0,0,0,0,0,0,0,0,0,0,0,0,0,0,0,0,0
Derby College Trailblazers EABL,"Casey Burr, George Pastor, Julian Lemanski, L. Ngomti, Matheo Smith-Fjordland",Manchester Magic Academy EABL,"Abraham Sagay Isiorho, Harley Blake, Lewis Clayton, Samy Sidi-Boumedine, Tarique Kamal Kazmi",1,75,1.2,1.4,0,0,2,0,0,1,0,0,0,0,1,0,1,0,0,0,0,1,3,1,1,100,0,0,0,1,2,50,0,1,1,1,0,0,0,1,0.9,1.9,0,159.6,-159.6,159.6,0,159.6,-3,0,0,0,0,0,0,0,0,0,0,0,0,0,0,0,0,0,0,0,0,0,0,0,0,0,0,0,0,0,0,0,0
Derby College Trailblazers EABL,"Elias Rice, George Pastor, Kaleel Otaye, L. Ngomti, Matheo Smith-Fjordland",Manchester Magic Academy EABL,"Harley Blake, Oluwademilade Babalola, Samy Sidi-Boumedine, Tiego Weekes, Tom Richardson",1,59,1.0,1.4,0,0,2,0,0,0,0,0,0,0,1,1,2,0,0,0,1,0,0,0,2,0,0,1,0,0,0,0,0,0,0,0,0,0,0,0,0.9,2.0,0,0,0,0,0,0,0,0,0,0,0,0,0,0,0,0,0,0,0,0,0,0,0,0,0,0,0,0,0,0,0,0,0,0,0,0,0,0,0
SGS College EABL,"Dylan Lloyd, Imam Toure, Luka Matthews, Marcos Perez Tosca, Martin Alburo",Charnwood College Riders EABL,"Asa Oyerinde, Okeri Hambira, Pharrell Kattah, Tom Pearson, Zavier Gleadell-Smith",1,32,0.5,1.4,0,0,0,0,0,0,0,0,2,0,0,0,0,0,0,0,1,0,3,1,1,100,1,1,100,0,0,0,0,1,1,1,1,0,0,0,1.9,1.0,0,300,-300,300,0,300,-3,0,0,0,0,0,0,0,0,0,0,0,0,0,0,0,0,0,0,0,0,0,0,0,0,0,0,0,0,0,0,0,0
Barking Abbey EABL,"Francesco Cole, Joshua Mendes, Malik Matser, Micael Filho, Raphael Connolly",Copleston High School EABL,"Elijah Tamakloe, Grant Millar, Isaac Carty-Peters, Matthew Liddamore, Timothy Rafiu",1,30,0.5,1.4,3,1,2,50,1,1,100,0,0,0,0,1,1,1,0,0,0,0,1,0,0,0,0,0,0,1,2,50,0,0,0,0,0,0,0,0,2.0,0.9,150,113.6,36.4,113.6,150,-36.4,2,0,0,0,0,0,0,0,0,0,0,0,0,0,0,0,0,0,0,0,0,0,0,0,0,0,0,0,0,0,0,0,0
Barking Abbey EABL,"Alexanda Nwabueze, Harry Egbayelo, Kervy Mabaya, Kimbe N'gabala, Oskaras Visockas",Copleston High School EABL,"Angus Hickey, Isaac Carty-Peters, Isaac Little, Noah Wilkinson, Timothy Rafiu",1,23,0.4,1.4,4,1,1,100,0,0,0,2,2,100,0,0,0,1,1,0,0,0,0,0,0,0,0,0,0,0,0,0,0,0,0,0,0,0,1,0,1.9,1.0,212.8,0,212.8,0,212.8,-212.8,4,0,0,0,0,0,0,0,0,0,0,0,0,0,0,0,0,0,0,0,0,0,0,0,0,0,0,0,0,0,0,0,0
City of London Academy - Southwark EABL,"Andrew Nwokolo, Bilal Olowoshile, Daniel Banjoko, Rafi Testfay, Ruben Cryer",HHS Reading Rockets EABL,"Alfie King, James Waterhouse, Joseph Mackinnon, Lazure Franicis, Matthew Daines",1,40,0.7,1.4,1,0,1,0,0,1,0,1,2,50,0,0,0,0,0,0,0,0,3,1,1,100,1,1,100,0,0,0,0,0,0,1,0,0,0,0,1.9,1.0,53.2,300,-246.8,300,53.2,246.8,-2,0,0,0,0,0,0,0,0,0,0,0,0,0,0,0,0,0,0,0,0,0,0,0,0,0,0,0,0,0,0,0,0
Barking Abbey EABL,"Joshua Mendes, Kervy Mabaya, Kimbe N'gabala, Micael Filho, Raphael Connolly",Itchen College EABL,"Benjamin Cope, Dawid Cimochowski, Elijah Lotriet, Ethan Round, Javen Osei-Owusu",1,10,0.2,1.4,3,1,2,50,0,1,0,1,2,50,2,0,2,0,0,0,0,0,0,0,0,0,0,0,0,0,0,0,0,0,0,0,0,0,1,1,1.8,1.0,165.7,0,165.7,0,165.7,-165.7,3,0,0,0,0,0,0,0,0,0,0,0,0,0,0,0,0,0,0,0,0,0,0,0,0,0,0,0,0,0,0,0,0
Barking Abbey EABL,"Alexanda Nwabueze, Joshua Mendes, Kervy Mabaya, Micael Filho, Oskaras Visockas",Itchen College EABL,"Benjamin Cope, Dawid Cimochowski, Elijah Lotriet, Ethan Round, Javen Osei-Owusu",1,47,0.8,1.4,2,0,2,0,0,1,0,2,2,100,1,0,1,0,0,0,0,0,0,0,0,0,0,0,0,0,0,0,0,1,1,0,0,0,1,1,1.8,1.0,110.5,0,110.5,0,110.5,-110.5,2,0,0,0,0,0,0,0,0,0,0,0,0,0,0,0,0,0,0,0,0,0,0,0,0,0,0,0,0,0,0,0,0
City of London Academy - Southwark EABL,"Andrew Nwokolo, Daniel Banjoko, Jacob Hannick, Ruben Cryer, Toby Gass",Copleston High School EABL,"Callum Fobister, Elijah Tamakloe, Grant Millar, Matthew Liddamore, Noah Wilkinson",1,38,0.6,1.4,4,0,0,0,0,0,0,4,4,100,0,1,1,0,0,0,0,0,0,0,1,0,0,1,0,0,0,0,0,0,0,0,0,0,0,1,1.8,1.0,227.3,0,227.3,0,227.3,-227.3,4,0,0,0,0,0,0,0,0,0,0,0,0,0,0,0,0,0,0,0,0,0,0,0,0,0,0,0,0,0,0,0,0
HHS Reading Rockets EABL,"Aydan Moloney, Ethan Harrington, Joseph Mackinnon, Luca Bakary, Matthew Daines",Oaklands Wolves EABL,"Daniel Kostadinov, Enzo Da Cruz Fatuda, Ethan Ryan, Gavin Mitchell, Huxley Morrell",1,22,0.4,1.4,0,0,0,0,0,0,0,0,0,0,0,1,1,0,0,0,1,0,0,0,0,0,0,0,0,0,2,0,0,0,0,0,1,0,1,0,1.0,1.9,0,0,0,0,0,0,0,0,0,0,0,0,0,0,0,0,0,0,0,0,0,0,0,0,0,0,0,0,0,0,0,0,0,0,0,0,0,0,0
HHS Reading Rockets EABL,"Alfie King, Ethan Harrington, James Waterhouse, Luca Bakary, Matthew Daines",Oaklands Wolves EABL,"Enzo Da Cruz Fatuda, Gavin Mitchell, Huxley Morrell, Liam Mcintosh, Tristan Mcintosh",1,46,0.8,1.4,0,0,0,0,0,0,0,0,0,0,0,0,0,0,0,0,2,1,2,0,0,0,0,0,0,2,2,100,0,0,0,0,0,0,0,0,2.0,0.9,0,227.3,-227.3,227.3,0,227.3,-2,0,0,0,0,0,0,0,0,0,0,0,0,0,0,0,0,0,0,0,0,0,0,0,0,0,0,0,0,0,0,0,0
HHS Reading Rockets EABL,"Ethan Harrington, James Waterhouse, Luca Bakary, Malachi Hassan-Taylor, Matthew Daines",Oaklands Wolves EABL,"Enzo Da Cruz Fatuda, Gavin Mitchell, Huxley Morrell, Liam Mcintosh, Tristan Mcintosh",1,51,0.8,1.4,2,0,0,0,0,0,0,2,2,100,0,2,2,1,0,0,0,0,0,0,2,0,0,1,0,0,0,0,0,0,0,0,0,0,0,1,0.9,2.0,227.3,0,227.3,0,227.3,-227.3,2,0,0,0,0,0,0,0,0,0,0,0,0,0,0,0,0,0,0,0,0,0,0,0,0,0,0,0,0,0,0,0,0
Barking Abbey EABL,"Alexanda Nwabueze, Joshua Mendes, Kimbe N'gabala, Micael Filho, Raphael Connolly",City of London Academy - Southwark EABL,"Bilal Olowoshile, Daniel Banjoko, Dante Patel, David Banjoko, Toby Gass",1,47,0.8,1.4,0,0,1,0,0,0,0,0,0,0,0,1,1,0,0,0,1,2,0,0,0,0,0,0,0,0,2,0,0,1,1,0,0,0,0,0,2.0,0.9,0,0,0,0,0,0,0,0,0,0,0,0,0,0,0,0,0,0,0,0,0,0,0,0,0,0,0,0,0,0,0,0,0,0,0,0,0,0,0
Barking Abbey EABL,"Alexanda Nwabueze, Joshua Mendes, Kimbe N'gabala, Micael Filho, Raphael Connolly",City of London Academy - Southwark EABL,"Andrew Nwokolo, Daniel Banjoko, Dante Patel, David Banjoko, Toby Gass",1,86,1.4,1.4,2,1,1,100,0,0,0,0,0,0,0,0,0,0,0,0,0,1,3,1,1,100,0,0,0,1,2,50,0,0,0,1,0,0,0,1,1.0,1.9,200,159.6,40.4,159.6,200,-40.4,-1,0,0,0,0,0,0,0,0,0,0,0,0,0,0,0,0,0,0,0,0,0,0,0,0,0,0,0,0,0,0,0,0
Itchen College EABL,"Benjamin Cope, Ethan Round, George Andrews, Javen Osei-Owusu, Mason Yeates",Barking Abbey EABL,"Alaxanda Nwabueze, Joshua Mendes, Kervy Mabaya, Micael Filho, Oskaras Visockas",1,30,0.5,1.4,0,0,0,0,0,0,0,0,0,0,0,0,0,0,0,0,1,1,3,1,1,100,0,0,0,1,2,50,1,0,1,0,0,0,0,0,1.0,1.9,0,159.6,-159.6,159.6,0,159.6,-3,0,0,0,0,0,0,0,0,0,0,0,0,0,0,0,0,0,0,0,0,0,0,0,0,0,0,0,0,0,0,0,0
Itchen College EABL,"Dawid Cimochowski, Elijah Lotriet, Ethan Round, Jakub Ofman, Thomas Blower",Barking Abbey EABL,"Alaxanda Nwabueze, Amari Maitland, Joshua Mendes, Kervy Mabaya, Raphael Connolly",1,47,0.8,1.4,1,0,1,0,0,0,0,1,2,50,0,1,1,0,0,0,0,0,0,0,1,0,0,0,0,0,0,0,0,1,1,0,0,0,0,2,1.9,1.0,53.2,0,53.2,0,53.2,-53.2,1,0,0,0,0,0,0,0,0,0,0,0,0,0,0,0,0,0,0,0,0,0,0,0,0,0,0,0,0,0,0,0,0
Itchen College EABL,"Benjamin Cope, Dawid Cimochowski, Elijah Lotriet, Ethan Round, Javen Osei-Owusu",Barking Abbey EABL,"Alaxanda Nwabueze, Amari Maitland, Joshua Mendes, Kervy Mabaya, Solomon Dobson Smith",1,97,1.6,1.4,2,0,1,0,0,1,0,2,2,100,1,2,3,0,0,0,0,0,0,0,2,0,0,2,0,0,0,0,0,0,0,0,0,0,0,1,0.8,2.0,246.9,0,246.9,0,246.9,-246.9,2,0,0,0,0,0,0,0,0,0,0,0,0,0,0,0,0,0,0,0,0,0,0,0,0,0,0,0,0,0,0,0,0
Itchen College EABL,"Benjamin Cope, Ethan Round, Jakub Ofman, Javen Osei-Owusu, Mason Yeates",Barking Abbey EABL,"Alaxanda Nwabueze, Folarin Oguntuase, Micael Filho, Raphael Connolly, Solomon Dobson Smith",1,95,1.6,1.4,3,1,1,100,1,1,100,0,0,0,0,0,0,1,0,0,1,1,2,1,4,25,0,1,0,0,0,0,2,0,2,0,0,0,0,0,2.0,0.8,150,253.2,-103.2,253.2,150,103.2,1,0,0,0,0,0,0,0,0,0,0,0,0,0,0,0,0,0,0,0,0,0,0,0,0,0,0,0,0,0,0,0,0
Itchen College EABL,"Benjamin Cope, Elijah Lotriet, Ethan Round, Jakub Ofman, Mason Yeates",Barking Abbey EABL,"Amari Maitland, Joshua Mendes, Kervy Mabaya, Oskaras Visockas, Raphael Connolly",1,13,0.2,1.4,0,0,0,0,0,0,0,0,0,0,0,0,0,0,0,0,1,0,1,0,0,0,0,0,0,1,2,50,0,0,0,0,1,0,1,0,1.0,1.9,0,53.2,-53.2,53.2,0,53.2,-1,0,0,0,0,0,0,0,0,0,0,0,0,0,0,0,0,0,0,0,0,0,0,0,0,0,0,0,0,0,0,0,0
Derby College Trailblazers EABL,"Casey Burr, George Pastor, Jarom Howlett, Liyo Ngomti, Matheo Smith-Fjordland",SGS College EABL,"Abubakar Odowa, Kayden Richards, Marcos Perez Tosca, Ryan Cabrera, Zion Lawson",1,37,0.6,1.4,0,0,0,0,0,0,0,0,0,0,0,0,0,0,0,0,1,0,5,2,4,50,1,1,100,0,0,0,2,0,2,1,0,0,0,1,1.0,1.9,0,268.8,-268.8,268.8,0,268.8,-5,0,0,0,0,0,0,0,0,0,0,0,0,0,0,0,0,0,0,0,0,0,0,0,0,0,0,0,0,0,0,0,0
Derby College Trailblazers EABL,"Elias Norman, George Pastor, Jarom Howlett, Matheo Smith-Fjordland, William Tallon",SGS College EABL,"Abubakar Odowa, Kayden Richards, Kevin Ramirez Mora, Marcos Perez Tosca, Martin Alburo",1,45,0.8,1.4,0,0,1,0,0,0,0,0,2,0,0,0,0,0,0,0,0,0,2,1,1,100,0,0,0,0,0,0,0,2,2,1,0,1,0,1,1.9,1.0,0,200,-200,200,0,200,-2,0,0,0,0,0,0,0,0,0,0,0,0,0,0,0,0,0,0,0,0,0,0,0,0,0,0,0,0,0,0,0,0
Derby College Trailblazers EABL,"Elias Norman, Elias Rice, George Pastor, Jarom Howlett, Matheo Smith-Fjordland",SGS College EABL,"Dylan Lloyd, Kayden Richards, Kevin Ramirez Mora, Marcos Perez Tosca, Martin Alburo",1,54,0.9,1.4,3,1,1,100,1,1,100,0,2,0,0,1,1,1,0,0,0,0,0,0,1,0,0,0,0,0,0,0,0,1,1,0,0,0,0,0,1.9,1.0,159.6,0,159.6,0,159.6,-159.6,3,0,0,0,0,0,0,0,0,0,0,0,0,0,0,0,0,0,0,0,0,0,0,0,0,0,0,0,0,0,0,0,0
Manchester Magic Academy EABL,"David Allotey, Harley Blake, Samy Sidi-Boumedine, Tarique Kamal Kazmi, Tiego Weekes",BMET City of Birmingham Rockets EABL,"George Angoy, Jonathan Agbeze, Jude Hyland, Larry Duru, Philip Basioudis",1,21,0.3,1.4,3,1,1,100,1,1,100,0,0,0,0,0,0,1,0,0,0,1,4,0,0,0,0,0,0,4,4,100,0,0,0,1,0,0,0,0,1.0,1.8,300,227.3,72.7,227.3,300,-72.7,-1,0,0,0,0,0,0,0,0,0,0,0,0,0,0,0,0,0,0,0,0,0,0,0,0,0,0,0,0,0,0,0,0
Manchester Magic Academy EABL,"Allan Adetula, Harley Blake, Jack Odongo, Oluwademilade Babalola, Tarique Kamal Kazmi",BMET City of Birmingham Rockets EABL,"Billy Rose, George Angoy, Issac Gisbourne, Larry Duru, Simba Chikukwa",1,17,0.3,1.4,0,0,0,0,0,0,0,0,0,0,0,0,0,0,1,0,1,1,2,0,0,0,0,0,0,2,2,100,0,0,0,0,0,0,1,0,1.0,1.9,0,106.4,-106.4,106.4,0,106.4,-2,0,0,0,0,0,0,0,0,0,0,0,0,0,0,0,0,0,0,0,0,0,0,0,0,0,0,0,0,0,0,0,0
Myerscough College EABL,"Fin Morgan, Harry Sheehan, Jakub Bobkowski, Sayomi Latidan, Zach Trezvant",Charnwood College Riders EABL,"Asa Oyerinde, Luca Boothe, Okeri Hambira, Pharrell Kattah, Stanley Morris",1,27,0.5,1.4,3,1,1,100,0,0,0,1,2,50,0,1,1,2,0,0,0,0,0,0,1,0,0,0,0,0,0,0,0,0,0,0,0,0,0,0,1.9,1.0,159.6,0,159.6,0,159.6,-159.6,3,0,0,0,0,0,0,0,0,0,0,0,0,0,0,0,0,0,0,0,0,0,0,0,0,0,0,0,0,0,0,0,0
Myerscough College EABL,"Fin Morgan, Jakub Bobkowski, Olivier Esingle, Salomi Latidan, Zach Trezvant",Charnwood College Riders EABL,"Andrew Young, Pharrell Kattah, Rudy Buckingham, Tristan Curran, Zavier Gleadell-Smith",1,38,0.6,1.4,2,0,1,0,0,1,0,2,2,100,0,1,1,0,0,0,0,0,0,0,1,0,0,0,0,0,0,0,0,0,0,0,0,0,0,2,1.9,1.0,106.4,0,106.4,0,106.4,-106.4,2,0,0,0,0,0,0,0,0,0,0,0,0,0,0,0,0,0,0,0,0,0,0,0,0,0,0,0,0,0,0,0,0
Oaklands Wolves EABL,"Dylan Gladstone, Enzo Da Cruz Fatuda, Gavin Mitchell, Huxley Morrell, Tristan Mcintosh",City of London Academy - Southwark EABL,"Andrew Nwokolo, Bilal Olowoshile, Dante Patel, Jacob Hannick, Toby Gass",1,52,0.9,1.4,0,0,1,0,0,1,0,0,0,0,0,1,1,0,0,0,0,0,3,1,1,100,0,0,0,1,2,50,0,1,1,2,0,0,0,0,1.0,1.9,0,159.6,-159.6,159.6,0,159.6,-3,0,0,0,0,0,0,0,0,0,0,0,0,0,0,0,0,0,0,0,0,0,0,0,0,0,0,0,0,0,0,0,0
HHS Reading Rockets EABL,"Can Okumus, Ethan Harrington, Lazure Francis, Luca Bakary, Matthew Daines",Barking Abbey EABL,"Amari Maitland, Kervy Mabaya, Kimbe N'gabala, Oskaras Visockas, Raphael Connolly",1,35,0.6,1.4,2,0,1,0,0,0,0,2,2,100,0,0,0,0,0,0,0,1,2,1,1,100,0,0,0,0,0,0,0,1,1,1,0,0,0,0,1.9,1.0,106.4,200,-93.6,200,106.4,93.6,0,0,0,0,0,0,0,0,0,0,0,0,0,0,0,0,0,0,0,0,0,0,0,0,0,0,0,0,0,0,0,0,0
Copleston High School EABL,"Isaac Little, Matthew Liddamore, Noah Wilkinson, Oliver Drane, Timothy Rafiu",City of London Academy - Southwark EABL,"Andrew Nwokolo, Daniel Banjoko, David Banjoko, Louis Thompson, Rafi Testfay",1,78,1.3,1.4,3,1,3,33.3,1,3,33.3,0,0,0,2,0,2,1,0,0,1,1,2,1,2,50,0,0,0,0,0,0,1,0,1,1,1,0,0,0,1.9,0.9,161.3,215.1,-53.8,215.1,161.3,53.8,1,0,0,0,0,0,0,0,0,0,0,0,0,0,0,0,0,0,0,0,0,0,0,0,0,0,0,0,0,0,0,0,0
Copleston High School EABL,"Callum Fobister, Elijah Tamakloe, Isaac Little, Matthew Liddamore, Timothy Rafiu",City of London Academy - Southwark EABL,"Alex Morentin, Barack Manfo-Marc, Daniel Banjoko, Ruben Cryer, Sharmake Shirwac",1,40,0.7,1.4,2,0,1,0,0,1,0,2,2,100,1,1,2,0,0,0,1,0,0,0,1,0,0,0,0,0,0,0,0,0,0,0,1,0,0,1,1.8,1.0,110.5,0,110.5,0,110.5,-110.5,2,0,0,0,0,0,0,0,0,0,0,0,0,0,0,0,0,0,0,0,0,0,0,0,0,0,0,0,0,0,0,0,0
Charnwood College Riders EABL,"Fahad Saeed, James Hardy, Luca Boothe, Tristan Curran, Zavier Gleadell-Smith",BMET City of Birmingham Rockets EABL,"George Angoy, Jonathan Agbeze, Jude Hyland, Larry Duru, Philip Basioudis",1,66,1.1,1.4,0,0,2,0,0,1,0,0,0,0,1,1,2,0,0,0,1,0,2,1,2,50,0,0,0,0,0,0,0,0,0,1,1,0,0,0,0.9,2.0,0,100,-100,100,0,100,-2,0,0,0,0,0,0,0,0,0,0,0,0,0,0,0,0,0,0,0,0,0,0,0,0,0,0,0,0,0,0,0,0
Charnwood College Riders EABL,"Pharrell Kattah, Rudy Buckingham, Tom Pearson, Tristan Curran, Zavier Gleadell-Smith",BMET City of Birmingham Rockets EABL,"George Angoy, Jonathan Agbeze, Jude Hyland, Larry Duru, Philip Basioudis",1,42,0.7,1.4,0,0,1,0,0,1,0,0,0,0,0,0,0,0,0,0,0,0,3,1,1,100,0,0,0,1,2,50,0,1,1,1,0,0,0,1,1.0,1.9,0,159.6,-159.6,159.6,0,159.6,-3,0,0,0,0,0,0,0,0,0,0,0,0,0,0,0,0,0,0,0,0,0,0,0,0,0,0,0,0,0,0,0,0
Charnwood College Riders EABL,"Asa Oyerinde, James Hardy, Rudy Buckingham, Tristan Curran, Zavier Gleadell-Smith",BMET City of Birmingham Rockets EABL,"Abdou Camara, Jonathan Agbeze, Jude Hyland, Larry Duru, Philip Basioudis",1,43,0.7,1.4,6,2,2,100,2,2,100,0,0,0,0,0,0,2,1,0,0,0,0,0,2,0,0,0,0,0,0,0,1,0,1,0,0,0,1,0,2.0,0.9,300,0,300,0,300,-300,6,0,0,0,0,0,0,0,0,0,0,0,0,0,0,0,0,0,0,0,0,0,0,0,0,0,0,0,0,0,0,0,0
Myerscough College EABL,"Daniel Okhuoya, Harry Sheehan, Jakub Bobkowski, Layjuan Farrell, Sayomi Latidan",Derby College Trailblazers EABL,"Casey Burr, Finley Tuck, Julian Lemanski, Kaleel Otaye, William Tallon",1,56,0.9,1.4,4,1,2,50,0,0,0,2,2,100,1,0,1,0,0,0,0,0,2,1,1,100,0,0,0,0,0,0,0,0,0,0,0,0,0,1,1.8,1.0,221,200,21,200,221,-21,2,0,0,0,0,0,0,0,0,0,0,0,0,0,0,0,0,0,0,0,0,0,0,0,0,0,0,0,0,0,0,0,0
Barking Abbey EABL,"Alaxanda Nwabueze, Joshua Mendes, Kervy Mabaya, Micael Filho, Raphael Connolly",Oaklands Wolves EABL,"Blaine Thompson, Dylan Gladstone, Enzo Da Cruz Fatuda, Liam Mcintosh, Tristan Mcintosh",1,65,1.1,1.4,0,0,2,0,0,1,0,0,2,0,1,0,1,0,1,0,0,1,0,0,0,0,0,0,0,0,0,0,0,1,1,0,0,0,1,1,1.8,1.0,0,0,0,0,0,0,0,0,0,0,0,0,0,0,0,0,0,0,0,0,0,0,0,0,0,0,0,0,0,0,0,0,0,0,0,0,0,0,0
HHS Reading Rockets EABL,"Aydan Moloney, Can Okumus, James Waterhouse, Joseph Mackinnon, Matthew Daines",Itchen College EABL,"Benjamin Cope, Ethan Round, Jakub Ofman, Mason Yeates, Thomas Blower",1,34,0.6,1.4,1,0,1,0,0,1,0,1,2,50,0,1,1,1,0,0,0,0,0,0,1,0,0,1,0,0,0,0,0,1,1,0,0,0,0,1,1.9,1.0,53.2,0,53.2,0,53.2,-53.2,1,0,0,0,0,0,0,0,0,0,0,0,0,0,0,0,0,0,0,0,0,0,0,0,0,0,0,0,0,0,0,0,0
Myerscough College EABL,"Cesar Sanchez Falette, Harry Sheehan, Olivier Esingle, Sayomi Latidan, Zach Trezvant",Barking Abbey EABL,"Alaxanda Nwabueze, Folarin Oguntuase, Kervy Mabaya, Micael Filho, Raphael Connolly",1,83,1.4,1.4,0,0,0,0,0,0,0,0,0,0,0,0,0,0,0,0,1,0,2,1,4,25,0,1,0,0,0,0,2,0,2,1,1,0,1,0,1.0,1.8,0,111.7,-111.7,111.7,0,111.7,-2,0,0,0,0,0,0,0,0,0,0,0,0,0,0,0,0,0,0,0,0,0,0,0,0,0,0,0,0,0,0,0,0
Myerscough College EABL,"Fin Morgan, Jakub Bobkowski, Olivier Esingle, Sayomi Latidan, Zach Trezvant",Barking Abbey EABL,"Amari Maitland, Francesco Cole, Joshua Mendes, Kervy Mabaya, Oskaras Visockas",1,14,0.2,1.4,0,0,0,0,0,0,0,0,0,0,0,0,0,0,0,0,1,0,3,1,2,50,0,1,0,1,2,50,1,0,1,1,0,0,0,0,1.0,1.8,0,165.7,-165.7,165.7,0,165.7,-3,0,0,0,0,0,0,0,0,0,0,0,0,0,0,0,0,0,0,0,0,0,0,0,0,0,0,0,0,0,0,0,0
SGS College EABL,"Dylan Lloyd, Jakub Grajcar, Luka Matthews, Martin Alburo, Zion Lawson",Copleston High School EABL,"Callum Fobister, Luke Read, Matthew Liddamore, Noah Wilkinson, Timothy Rafiu",1,29,0.5,1.4,3,1,1,100,0,0,0,1,2,50,0,0,0,0,0,0,0,0,0,0,1,0,0,1,0,0,0,0,0,0,0,0,0,0,0,0,1.9,1.0,159.6,0,159.6,0,159.6,-159.6,3,0,0,0,0,0,0,0,0,0,0,0,0,0,0,0,0,0,0,0,0,0,0,0,0,0,0,0,0,0,0,0,0
HHS Reading Rockets EABL,"Alfie King, Aydan Moloney, Ethan Harrington, James Waterhouse, Luca Bakary",BMET City of Birmingham Rockets EABL,"Abdou Camara, Billy Rose, Guridat Singh, Jonathan Agbeze, Patrick Walsh",1,19,0.3,1.4,2,0,0,0,0,0,0,2,2,100,0,1,1,0,0,0,1,1,1,0,0,0,0,0,0,1,2,50,0,0,0,0,0,0,0,1,1.9,0.9,106.4,113.6,-7.3,113.6,106.4,7.3,1,0,0,0,0,0,0,0,0,0,0,0,0,0,0,0,0,0,0,0,0,0,0,0,0,0,0,0,0,0,0,0,0
HHS Reading Rockets EABL,"Alfie King, Aydan Moloney, Ethan Harrington, James Waterhouse, Joseph Mackinnon",BMET City of Birmingham Rockets EABL,"Billy Rose, Guridat Singh, Jonathan Agbeze, Patrick Walsh, Simba Chikukwa",1,22,0.4,1.4,1,0,0,0,0,0,0,1,2,50,0,0,0,0,0,0,0,0,5,2,3,66.7,1,2,50,0,0,0,1,0,1,1,0,0,0,1,0.9,1.9,113.6,259.1,-145.4,259.1,113.6,145.4,-4,0,0,0,0,0,0,0,0,0,0,0,0,0,0,0,0,0,0,0,0,0,0,0,0,0,0,0,0,0,0,0,0
Itchen College EABL,"Ethan Round, George Andrews, Javen Osei-Owusu, Mason Yeates, Richard Radu",Charnwood College Riders EABL,"Davin Hanousek, Fahad Saeed, James Hardy, Tom Pearson, Zavier Gleadell-Smith",1,35,0.6,1.4,0,0,2,0,0,0,0,0,0,0,1,0,1,0,0,0,0,1,1,0,0,0,0,0,0,1,2,50,0,1,1,0,0,0,1,0,0.9,1.9,0,53.2,-53.2,53.2,0,53.2,-1,0,0,0,0,0,0,0,0,0,0,0,0,0,0,0,0,0,0,0,0,0,0,0,0,0,0,0,0,0,0,0,0
Itchen College EABL,"Dawid Cimochowski, Ethan Round, Javen Osei-Owusu, Richard Radu, Thomas Blower",Charnwood College Riders EABL,"Fahad Saeed, James Hardy, Okeri Hambira, Tom Pearson, Zavier Gleadell-Smith",1,54,0.9,1.4,1,0,0,0,0,0,0,1,2,50,0,0,0,0,0,0,1,0,2,1,3,33.3,0,2,0,0,0,0,2,0,2,0,0,0,0,0,1.9,0.9,53.2,232.6,-179.4,232.6,53.2,179.4,-1,0,0,0,0,0,0,0,0,0,0,0,0,0,0,0,0,0,0,0,0,0,0,0,0,0,0,0,0,0,0,0,0
City of London Academy - Southwark EABL,"Alex Morentin, Andrew Nwokolo, Daniel Banjoko, Jacob Hannick, Louis Thompson",Derby College Trailblazers EABL,"Casey Burr, Elias Rice, George Pastor, Liyo Ngomti, William Tallon",1,45,0.8,1.4,0,0,0,0,0,0,0,0,0,0,0,2,2,0,0,0,1,1,0,0,1,0,0,1,0,0,2,0,0,0,0,0,1,0,0,0,1.0,1.9,0,0,0,0,0,0,0,0,0,0,0,0,0,0,0,0,0,0,0,0,0,0,0,0,0,0,0,0,0,0,0,0,0,0,0,0,0,0,0
City of London Academy - Southwark EABL,"Alex Morentin, Bilal Olowoshile, Daniel Banjoko, Jacob Hannick, Louis Thompson",Derby College Trailblazers EABL,"Casey Burr, Elias Rice, Liyo Ngomti, Rohan Hobday, William Tallon",1,67,1.1,1.4,2,1,2,50,0,0,0,0,0,0,1,0,1,1,1,0,0,1,1,0,1,0,0,0,0,1,2,50,1,0,1,0,0,1,1,0,0.9,1.8,215.1,55.2,159.8,55.2,215.1,-159.8,1,0,0,0,0,0,0,0,0,0,0,0,0,0,0,0,0,0,0,0,0,0,0,0,0,0,0,0,0,0,0,0,0
City of London Academy - Southwark EABL,"Alex Morentin, Bilal Olowoshile, Daniel Banjoko, Jacob Hannick, Louis Thompson",Derby College Trailblazers EABL,"Finley Tuck, Julian Lemanski, Kaleel Otaye, Karim Zidonis, Liyo Ngomti",1,29,0.5,1.4,4,1,1,100,0,0,0,2,2,100,0,0,0,1,1,0,0,0,0,0,0,0,0,0,0,0,0,0,0,0,0,0,0,0,1,1,1.9,1.0,212.8,0,212.8,0,212.8,-212.8,4,0,0,0,0,0,0,0,0,0,0,0,0,0,0,0,0,0,0,0,0,0,0,0,0,0,0,0,0,0,0,0,0
Manchester Magic Academy EABL,"Abraham Isiorho, Jack Walton, Lewis Clayton, Nathan Brown, Oluwademilade Babalola",Itchen College EABL,"Benjamin Cope, Dawid Cimochowski, Elijah Lotriet, Ethan Round, Jakub Ofman",1,36,0.6,1.4,0,0,2,0,0,1,0,0,0,0,1,1,2,0,0,1,0,0,2,1,2,50,0,0,0,0,1,0,1,1,2,0,0,1,0,1,0.9,1.9,0,105,-105,105,0,105,-2,0,0,0,0,0,0,0,0,0,0,0,0,0,0,0,0,0,0,0,0,0,0,0,0,0,0,0,0,0,0,0,0
Manchester Magic Academy EABL,"Abraham Isiorho, Jack Walton, Lewis Clayton, Nathan Brown, Oluwademilade Babalola",Itchen College EABL,"Benjamin Cope, Elijah Lotriet, Ethan Round, Jakub Ofman, Mason Yeates",1,21,0.3,1.4,3,1,1,100,0,0,0,1,2,50,0,0,0,0,0,0,0,0,2,1,1,100,0,0,0,0,0,0,0,1,1,1,0,0,0,1,1.9,1.0,159.6,200,-40.4,200,159.6,40.4,1,0,0,0,0,0,0,0,0,0,0,0,0,0,0,0,0,0,0,0,0,0,0,0,0,0,0,0,0,0,0,0,0
Manchester Magic Academy EABL,"Abraham Isiorho, Harley Blake, Jack Walton, Lewis Clayton, Oluwademilade Babalola",Itchen College EABL,"Elijah Lotriet, Ethan Round, Javen Osei-Owusu, Mason Yeates, Richard Radu",1,26,0.4,1.4,1,0,1,0,0,1,0,1,2,50,0,0,0,0,0,0,0,0,0,0,0,0,0,0,0,0,0,0,0,1,1,0,0,0,1,0,1.9,1.0,53.2,0,53.2,0,53.2,-53.2,1,0,0,0,0,0,0,0,0,0,0,0,0,0,0,0,0,0,0,0,0,0,0,0,0,0,0,0,0,0,0,0,0
Charnwood College Riders EABL,"Luca Boothe, Pharrell Kattah, Tom Pearson, Tristan Curran, Zavier Gleadell-Smith",Oaklands Wolves EABL,"Daniel Kostadinov, Dylan Gladstone, Enzo Da Cruz Fatuda, Huxley Morrell, Liam Mcintosh",1,72,1.2,1.4,2,1,3,33.3,0,1,0,0,0,0,1,1,2,1,0,0,0,2,0,0,2,0,0,2,0,0,0,0,1,1,2,0,0,0,0,0,1.9,0.9,103.6,0,103.6,0,103.6,-103.6,2,0,0,0,0,0,0,0,0,0,0,0,0,0,0,0,0,0,0,0,0,0,0,0,0,0,0,0,0,0,0,0,0
Charnwood College Riders EABL,"Fahad Saeed, James Hardy, Okeri Hambira, Pharrell Kattah, Tristan Curran",Oaklands Wolves EABL,"Daniel Kostadinov, Dylan Gladstone, Huxley Morrell, Liam Mcintosh, Tristan Mcintosh",1,51,0.8,1.4,2,1,1,100,0,0,0,0,2,0,0,0,0,1,0,0,0,1,2,1,2,50,0,1,0,0,0,0,1,1,2,0,0,0,0,1,1.9,0.9,106.4,215.1,-108.7,215.1,106.4,108.7,0,0,0,0,0,0,0,0,0,0,0,0,0,0,0,0,0,0,0,0,0,0,0,0,0,0,0,0,0,0,0,0,0
Charnwood College Riders EABL,"James Hardy, Pharrell Kattah, Tom Pearson, Tristan Curran, Zavier Gleadell-Smith",Oaklands Wolves EABL,"Dylan Gladstone, Enzo Da Cruz Fatuda, Gavin Mitchell, Huxley Morrell, Liam Mcintosh",1,83,1.4,1.4,3,1,2,50,1,2,50,0,0,0,0,0,0,1,0,0,0,0,2,0,2,0,0,0,0,2,2,100,2,1,3,0,0,0,0,0,2.0,0.7,150,270.3,-120.3,270.3,150,120.3,1,0,0,0,0,0,0,0,0,0,0,0,0,0,0,0,0,0,0,0,0,0,0,0,0,0,0,0,0,0,0,0,0
Charnwood College Riders EABL,"Fahad Saeed, Pharrell Kattah, Tom Pearson, Tristan Curran, Zavier Gleadell-Smith",Oaklands Wolves EABL,"Daniel Kostadinov, Dylan Gladstone, Enzo Da Cruz Fatuda, Gavin Mitchell, Huxley Morrell",1,10,0.2,1.4,2,0,0,0,0,0,0,2,2,100,0,0,0,0,1,0,0,0,3,1,2,50,1,2,50,0,0,0,1,0,1,1,0,0,1,0,0.9,1.9,227.3,155.4,71.8,155.4,227.3,-71.8,-1,0,0,0,0,0,0,0,0,0,0,0,0,0,0,0,0,0,0,0,0,0,0,0,0,0,0,0,0,0,0,0,0
HHS Reading Rockets EABL,"Aydan Moloney, Can Okumus, Ethan Harrington, Luca Bakary, Malachi Hassan-Taylor",SGS College EABL,"Abubakar Odowa, Jakub Grajcar, Kevin Ramirez Mora, Martin Alburo, Zion Lawson",1,44,0.7,1.4,0,0,2,0,0,0,0,0,0,0,1,0,1,0,0,0,0,1,4,1,1,100,1,1,100,1,2,50,0,1,1,1,0,0,0,0,0.9,1.9,0,212.8,-212.8,212.8,0,212.8,-4,0,0,0,0,0,0,0,0,0,0,0,0,0,0,0,0,0,0,0,0,0,0,0,0,0,0,0,0,0,0,0,0
HHS Reading Rockets EABL,"Aydan Moloney, Ethan Harrington, Joseph Mackinnon, Luca Bakary, Matthew Daines",SGS College EABL,"Abubakar Odowa, Jakub Grajcar, Kevin Ramirez Mora, Martin Alburo, Zion Lawson",1,27,0.5,1.4,1,0,0,0,0,0,0,1,2,50,0,0,0,0,0,0,0,0,1,0,0,0,0,0,0,1,2,50,0,0,0,0,0,0,1,1,0.9,1.9,113.6,53.2,60.4,53.2,113.6,-60.4,0,0,0,0,0,0,0,0,0,0,0,0,0,0,0,0,0,0,0,0,0,0,0,0,0,0,0,0,0,0,0,0,0
City of London Academy - Southwark EABL,"Andrew Nwokolo, Daniel Banjoko, Dante Patel, Louis Thompson, Toby Gass",Myerscough College EABL,"Ayo Ibirinde, Jakub Bobkowski, Olivier Esingle, Salomi Latidan, Sayomi Latidan",1,35,0.6,1.4,0,0,1,0,0,0,0,0,2,0,0,0,0,0,0,0,0,1,0,0,1,0,0,0,0,0,0,0,0,2,2,0,0,0,0,0,1.9,1.0,0,0,0,0,0,0,0,0,0,0,0,0,0,0,0,0,0,0,0,0,0,0,0,0,0,0,0,0,0,0,0,0,0,0,0,0,0,0,0
Manchester Magic Academy EABL,"Abraham Isiorho, Jack Walton, Lewis Clayton, Oluwademilade Babalola, Tom Richardson",Myerscough College EABL,"Ayo Ibirinde, Cesar Sanchez Falette, Olivier Esingle, Salomi Laditan, Sayomi Laditan",1,29,0.5,1.4,0,0,0,0,0,0,0,0,0,0,0,1,1,0,0,0,1,0,2,0,1,0,0,0,0,2,2,100,0,0,0,1,0,0,0,1,1.0,1.9,0,106.4,-106.4,106.4,0,106.4,-2,0,0,0,0,0,0,0,0,0,0,0,0,0,0,0,0,0,0,0,0,0,0,0,0,0,0,0,0,0,0,0,0
Manchester Magic Academy EABL,"Abraham Isiorho, Jack Walton, Oluwademilade Babalola, Tiego Weekes, Tom Richardson",Myerscough College EABL,"Cesar Sanchez Falette, Harry Sheehan, Olivier Esingle, Sayomi Laditan, Zach Trezvant",1,24,0.4,1.4,1,0,1,0,0,0,0,1,2,50,0,0,0,1,1,0,0,1,0,0,0,0,0,0,0,0,0,0,0,1,1,0,0,0,1,0,1.9,1.0,53.2,0,53.2,0,53.2,-53.2,1,0,0,0,0,0,0,0,0,0,0,0,0,0,0,0,0,0,0,0,0,0,0,0,0,0,0,0,0,0,0,0,0
Manchester Magic Academy EABL,"Abraham Isiorho, Jack Walton, Oluwademilade Babalola, Tiego Weekes, Tom Richardson",Myerscough College EABL,"Ayo Ibirinde, Cesar Sanchez Falette, Harry Sheehan, Olivier Esingle, Sayomi Laditan",1,31,0.5,1.4,0,0,0,0,0,0,0,0,0,0,0,0,0,0,0,0,1,0,2,1,2,50,0,0,0,0,2,0,1,0,1,0,0,0,0,0,1.0,1.8,0,110.5,-110.5,110.5,0,110.5,-2,0,0,0,0,0,0,0,0,0,0,0,0,0,0,0,0,0,0,0,0,0,0,0,0,0,0,0,0,0,0,0,0
Manchester Magic Academy EABL,"Abraham Isiorho, Harley Blake, Jack Walton, Lewis Clayton, Oluwademilade Babalola",Myerscough College EABL,"Harry Sheehan, Jakub Bobkowski, Olivier Esingle, Salomi Laditan, Sayomi Laditan",1,41,0.7,1.4,2,0,1,0,0,1,0,2,2,100,0,0,0,0,0,0,0,1,3,1,1,100,1,1,100,0,0,0,0,1,1,1,0,0,0,0,1.9,1.0,106.4,300,-193.6,300,106.4,193.6,-1,0,0,0,0,0,0,0,0,0,0,0,0,0,0,0,0,0,0,0,0,0,0,0,0,0,0,0,0,0,0,0,0
Manchester Magic Academy EABL,"Abraham Isiorho, Jack Walton, Lewis Clayton, Oluwademilade Babalola, Samy Sidi-Boumedine",Myerscough College EABL,"Cesar Sanchez Falette, Harry Sheehan, Olivier Esingle, Salomi Laditan, Zach Trezvant",1,50,0.8,1.4,4,2,3,66.7,0,0,0,0,0,0,1,1,2,1,0,0,0,1,0,0,2,0,0,0,0,0,0,0,1,0,1,0,0,0,0,0,1.9,0.9,207.3,0,207.3,0,207.3,-207.3,4,0,0,0,0,0,0,0,0,0,0,0,0,0,0,0,0,0,0,0,0,0,0,0,0,0,0,0,0,0,0,0,0
BMET City of Birmingham Rockets EABL,"Billy Rose, Daniel Pittaway, Jesse Ogbeide, Patrick Walsh, Philip Basioudis",Derby College Trailblazers EABL,"Dovydas Kilmas, Elias Rice, George Pastor, Jarom Howlett, William Tallon",1,94,1.6,1.3,0,0,3,0,0,2,0,0,0,0,1,0,1,0,0,0,0,0,2,1,5,20,0,1,0,0,0,0,3,2,5,1,0,0,0,1,1.9,0.7,0,277.8,-277.8,277.8,0,277.8,-2,0,0,0,0,0,0,0,0,0,0,0,0,0,0,0,0,0,0,0,0,0,0,0,0,0,0,0,0,0,0,0,0
Derby College Trailblazers EABL,"Casey Burr, Elias Norman, Elias Rice, Kaleel Otaye, William Tallon",Myerscough College EABL,"Ayo Ibirinde, Cesar Sanchez Falette, L. Roberts, Nathaniel Byfield, Olivier Esingle",1,29,0.5,1.3,4,0,0,0,0,0,0,4,4,100,0,0,0,0,0,0,0,0,2,1,2,50,0,1,0,0,0,0,1,0,1,0,0,0,0,1,1.8,0.9,227.3,215.1,12.2,215.1,227.3,-12.2,2,0,0,0,0,0,0,0,0,0,0,0,0,0,0,0,0,0,0,0,0,0,0,0,0,0,0,0,0,0,0,0,0
Derby College Trailblazers EABL,"Casey Burr, Elias Norman, Elias Rice, Kaleel Otaye, William Tallon",Manchester Magic Academy EABL,"David Allotey, Harley Blake, Jack Walton, Oluwademilade Babalola, Tom Richardson",1,52,0.9,1.3,2,1,1,100,0,0,0,0,2,0,0,1,1,1,0,0,0,1,0,0,4,0,0,1,0,0,0,0,3,1,4,0,0,0,0,0,1.9,0.8,106.4,0,106.4,0,106.4,-106.4,2,0,0,0,0,0,0,0,0,0,0,0,0,0,0,0,0,0,0,0,0,0,0,0,0,0,0,0,0,0,0,0,0
Myerscough College EABL,"Ayo Ibirinde, Harry Sheehan, Olivier Esingle, Salomi Latidan, Sayomi Latidan",Charnwood College Riders EABL,"Asa Oyerinde, Lewis Stevenson, Okeri Hambira, Stanley Morris, Tom Pearson",1,56,0.9,1.3,3,1,1,100,0,0,0,1,2,50,0,0,0,1,0,0,0,2,1,0,1,0,0,1,0,1,2,50,1,0,1,0,0,0,0,1,1.9,0.8,159.6,123.5,36.1,123.5,159.6,-36.1,2,0,0,0,0,0,0,0,0,0,0,0,0,0,0,0,0,0,0,0,0,0,0,0,0,0,0,0,0,0,0,0,0
HHS Reading Rockets EABL,"Can Okumus, Ethan Harrington, Joseph Mackinnon, Lazure Francis, Matthew Daines",Itchen College EABL,"Ethan Round, Javen Osei-Owusu, Mason Yeates, Richard Radu, Thomas Blower",1,36,0.6,1.3,3,1,2,50,1,1,100,0,0,0,1,0,1,1,0,0,0,1,4,0,0,0,0,0,0,4,4,100,0,0,0,0,0,0,0,0,0.9,1.8,322.6,227.3,95.3,227.3,322.6,-95.3,-1,0,0,0,0,0,0,0,0,0,0,0,0,0,0,0,0,0,0,0,0,0,0,0,0,0,0,0,0,0,0,0,0
Myerscough College EABL,"Ayo Ibirinde, Cesar Sanchez Falette, Jakub Bobkowski, Olivier Esingle, Sayomi Latidan",Barking Abbey EABL,"Joshua Mendes, Micael Filho, Oskaras Visockas, Raphael Connolly, Solomon Dobson Smith",1,39,0.7,1.3,3,0,0,0,0,0,0,3,4,75,0,1,1,0,0,1,0,0,0,0,2,0,0,0,0,0,0,0,1,0,1,0,0,0,0,2,1.8,0.9,170.5,0,170.5,0,170.5,-170.5,3,0,0,0,0,0,0,0,0,0,0,0,0,0,0,0,0,0,0,0,0,0,0,0,0,0,0,0,0,0,0,0,0
Myerscough College EABL,"Cesar Sanchez Falette, Harry Sheehan, Jakub Bobkowski, Sayomi Latidan, Zach Trezvant",Barking Abbey EABL,"Amari Maitland, Folarin Oguntuase, Kervy Mabaya, Oskaras Visockas, Raphael Connolly",1,107,1.8,1.3,2,1,4,25,0,3,0,0,0,0,3,1,4,0,0,1,0,0,2,1,4,25,0,1,0,0,0,0,2,0,2,0,0,0,0,1,0.8,1.9,253.2,107.5,145.6,107.5,253.2,-145.6,0,0,0,0,0,0,0,0,0,0,0,0,0,0,0,0,0,0,0,0,0,0,0,0,0,0,0,0,0,0,0,0,0
Itchen College EABL,"Ethan Round, Javen Osei-Owusu, Mason Yeates, Richard Radu, Thomas Blower",Charnwood College Riders EABL,"Fahad Saeed, James Hardy, Okeri Hambira, Stanley Morris, Tom Pearson",1,56,0.9,1.3,2,0,3,0,0,1,0,2,2,100,2,0,2,0,0,0,0,0,3,1,1,100,1,1,100,0,0,0,0,0,0,1,0,1,1,1,0.7,2.0,298.5,150,148.5,150,298.5,-148.5,-1,0,0,0,0,0,0,0,0,0,0,0,0,0,0,0,0,0,0,0,0,0,0,0,0,0,0,0,0,0,0,0,0
Itchen College EABL,"Benjamin Cope, Dawid Cimochowski, Ethan Round, Javen Osei-Owusu, Thomas Blower",Charnwood College Riders EABL,"Fahad Saeed, James Hardy, Okeri Hambira, Tom Pearson, Zavier Gleadell-Smith",1,79,1.3,1.3,1,0,5,0,0,1,0,1,2,50,3,0,3,0,1,0,0,0,0,0,0,0,0,0,0,0,0,0,0,0,0,0,0,1,2,3,0.5,2.0,188.7,0,188.7,0,188.7,-188.7,1,0,0,0,0,0,0,0,0,0,0,0,0,0,0,0,0,0,0,0,0,0,0,0,0,0,0,0,0,0,0,0,0
Manchester Magic Academy EABL,"Abraham Sagay Isiorho, Jack Odongo, Jack Walton, Nathan Brown, Oluwademilade Babalola",Charnwood College Riders EABL,"Luca Boothe, Rudy Buckingham, Stanley Morris, Tom Pearson, Tristan Curran",1,43,0.7,1.2,0,0,1,0,0,1,0,0,0,0,0,1,1,0,0,0,0,1,0,0,1,0,0,1,0,0,2,0,1,1,2,0,0,0,0,0,1.0,1.3,0,0,0,0,0,0,0,0,0,0,0,0,0,0,0,0,0,0,0,0,0,0,0,0,0,0,0,0,0,0,0,0,0,0,0,0,0,0,0
SGS College EABL,"Dylan Lloyd, Imam Toure, Kevin Ramirez Mora, Marcos Perez Tosca, Shaquan Nelson",Myerscough College EABL,"Cesar Sanchez Falette, Harry Sheehan, Jakub Bobkowski, Salomi Latidan, Sayomi Latidan",1,36,0.6,1.2,0,0,0,0,0,0,0,0,0,0,0,0,0,0,0,1,1,2,2,1,2,50,0,0,0,0,1,0,2,0,2,0,0,0,0,0,1.0,1.4,0,146,-146,146,0,146,-2,0,0,0,0,0,0,0,0,0,0,0,0,0,0,0,0,0,0,0,0,0,0,0,0,0,0,0,0,0,0,0,0
City of London Academy - Southwark EABL,"Bilal Olowoshile, Daniel Banjoko, David Banjoko, Jacob Hannick, Toby Gass",Itchen College EABL,"Alvin Ben-Uloko, Benjamin Cope, Ethan Round, Javen Osei-Owusu, Thomas Blower",1,48,0.8,1.2,2,1,1,100,0,0,0,0,1,0,1,0,1,0,1,0,0,0,0,0,0,0,0,0,0,0,0,0,0,0,0,0,0,0,1,1,1.4,1.0,138.9,0,138.9,0,138.9,-138.9,2,0,0,0,0,0,0,0,0,0,0,0,0,0,0,0,0,0,0,0,0,0,0,0,0,0,0,0,0,0,0,0,0
City of London Academy - Southwark EABL,"Andrew Nwokolo, Daniel Banjoko, David Banjoko, Jacob Hannick, Toby Gass",Itchen College EABL,"Ethan Round, Jakub Ofman, Javen Osei-Owusu, Marley Edwards, Thomas Blower",1,30,0.5,1.2,4,0,0,0,0,0,0,4,4,100,0,0,0,0,0,0,0,1,1,0,2,0,0,2,0,1,2,50,1,0,1,0,0,0,0,1,1.8,0.7,227.3,135.1,92.1,135.1,227.3,-92.1,3,0,0,0,0,0,0,0,0,0,0,0,0,0,0,0,0,0,0,0,0,0,0,0,0,0,0,0,0,0,0,0,0
Manchester Magic Academy EABL,"Jack Walton, Lewis Clayton, Oluwademilade Babalola, Samy Sidi-Boumedine, Tom Richardson",Derby College Trailblazers EABL,"Casey Burr, George Pastor, Jarom Howlett, Liyo Ngomti, Matheo Smith-Fjordland",1,13,0.2,1.2,2,1,1,100,0,0,0,0,0,0,0,1,1,1,0,0,0,0,0,0,1,0,0,1,0,0,2,0,1,0,1,0,0,0,0,0,1.0,1.3,200,0,200,0,200,-200,2,0,0,0,0,0,0,0,0,0,0,0,0,0,0,0,0,0,0,0,0,0,0,0,0,0,0,0,0,0,0,0,0
HHS Reading Rockets EABL,"Can Okumus, James Waterhouse, Malachi Hassan-Taylor, Matthew Daines, Saun Ejiofor",City of London Academy - Southwark EABL,"Alex Morentin, Bilal Olowoshile, Daniel Banjoko, Dante Patel, Toby Gass",1,50,0.8,1.2,2,1,2,50,0,0,0,0,0,0,1,0,1,0,0,0,0,0,1,0,1,0,0,1,0,1,1,100,0,0,0,0,0,0,0,0,0.9,1.4,215.1,69.4,145.6,69.4,215.1,-145.6,1,0,0,0,0,0,0,0,0,0,0,0,0,0,0,0,0,0,0,0,0,0,0,0,0,0,0,0,0,0,0,0,0
Oaklands Wolves EABL,"Daniel Kostadinov, Enzo Da Cruz Fatuda, Gavin Mitchell, Liam Mcintosh, Tristan Mcintosh",Itchen College EABL,"Ethan Round, Jakub Ofman, Mason Yeates, Richard Radu, Thomas Blower",1,24,0.4,1.2,1,0,1,0,0,0,0,1,1,100,0,1,1,0,0,0,0,0,0,0,1,0,0,1,0,0,0,0,0,1,1,0,0,0,0,1,1.4,1.0,69.4,0,69.4,0,69.4,-69.4,1,0,0,0,0,0,0,0,0,0,0,0,0,0,0,0,0,0,0,0,0,0,0,0,0,0,0,0,0,0,0,0,0
Oaklands Wolves EABL,"Enzo Da Cruz Fatuda, Ethan Ryan, Gavin Mitchell, Liam Mcintosh, Tristan Mcintosh",Itchen College EABL,"George Andrews, Javen Osei-Owusu, Marley Edwards, Richard Radu, Thomas Blower",1,48,0.8,1.2,1,0,1,0,0,0,0,1,1,100,0,1,1,0,0,0,0,0,0,0,1,0,0,1,0,0,0,0,0,1,1,0,0,0,0,0,1.4,1.0,69.4,0,69.4,0,69.4,-69.4,1,0,0,0,0,0,0,0,0,0,0,0,0,0,0,0,0,0,0,0,0,0,0,0,0,0,0,0,0,0,0,0,0
BMET City of Birmingham Rockets EABL,"Jaheim Kesto, Jonathan Agbeze, Larry Duru, Patrick Walsh, Philip Basioudis",Manchester Magic Academy EABL,"Jack Walton, Lewis Clayton, Samy Sidi-Boumedine, Tarique Kamal Kazmi, Tom Richardson",1,27,0.5,1.2,2,1,1,100,0,0,0,0,1,0,1,1,2,0,0,0,0,0,0,0,1,0,0,1,0,0,0,0,0,0,0,0,0,0,0,0,1.4,1.0,138.9,0,138.9,0,138.9,-138.9,2,0,0,0,0,0,0,0,0,0,0,0,0,0,0,0,0,0,0,0,0,0,0,0,0,0,0,0,0,0,0,0,0
BMET City of Birmingham Rockets EABL,"Abdou Camara, Daniel Pittaway, George Angoy, Guridat Singh, Patrick Walsh",Manchester Magic Academy EABL,"David Allotey, Harley Blake, Jack Walton, Tarique Kamal Kazmi, Tiego Weekes",1,21,0.3,1.2,1,0,0,0,0,0,0,1,1,100,0,0,0,0,0,0,1,0,2,1,1,100,0,0,0,0,0,0,0,0,0,0,1,0,0,0,1.4,1.0,69.4,200,-130.6,200,69.4,130.6,-1,0,0,0,0,0,0,0,0,0,0,0,0,0,0,0,0,0,0,0,0,0,0,0,0,0,0,0,0,0,0,0,0
Derby College Trailblazers EABL,"Casey Burr, Elias Rice, George Pastor, Matheo Smith-Fjordland, William Tallon",Charnwood College Riders EABL,"Davin Hanousek, Lewis Stevenson, Rudy Buckingham, Tom Pearson, Zavier Gleadell-Smith",1,41,0.7,1.2,0,0,0,0,0,0,0,0,0,0,0,1,1,0,0,0,1,0,1,0,1,0,0,0,0,1,1,100,0,0,0,0,1,0,0,1,1.0,1.4,0,69.4,-69.4,69.4,0,69.4,-1,0,0,0,0,0,0,0,0,0,0,0,0,0,0,0,0,0,0,0,0,0,0,0,0,0,0,0,0,0,0,0,0
Itchen College EABL,"Dawid Cimochowski, George Andrews, Javen Osei-Owusu, Richard Radu, Thomas Blower",HHS Reading Rockets EABL,"Can Okumus, James Waterhouse, Lazure Franicis, Luca Bakary, Malachi Hassan-Taylor",1,41,0.7,1.2,2,1,2,50,0,0,0,0,0,0,1,0,1,0,0,0,0,1,3,1,1,100,0,0,0,1,1,100,0,0,0,1,0,0,0,0,0.9,1.4,215.1,208.3,6.7,208.3,215.1,-6.7,-1,0,0,0,0,0,0,0,0,0,0,0,0,0,0,0,0,0,0,0,0,0,0,0,0,0,0,0,0,0,0,0,0
Itchen College EABL,"Benjamin Cope, George Andrews, Javen Osei-Owusu, Mason Yeates, Richard Radu",HHS Reading Rockets EABL,"Can Okumus, Ethan Harrington, James Waterhouse, Joseph Mackinnon, Malachi Hassan-Taylor",1,18,0.3,1.2,2,1,1,100,0,0,0,0,3,0,1,0,1,1,0,0,0,0,0,0,0,0,0,0,0,0,0,0,0,0,0,0,0,0,0,1,2.3,0.1,86.2,0,86.2,0,86.2,-86.2,2,0,0,0,0,0,0,0,0,0,0,0,0,0,0,0,0,0,0,0,0,0,0,0,0,0,0,0,0,0,0,0,0
Derby College Trailblazers EABL,"Casey Burr, Daniel Barima, Elias Norman, Jarom Howlett, Matheo Smith-Fjordland",Myerscough College EABL,"Ayo Ibirinde, Daniel Okhuoya, Jakub Bobkowski, Nathaniel Byfield, Sayomi Latidan",1,57,0.9,1.2,0,0,0,0,0,0,0,0,0,0,0,0,0,0,0,0,1,2,2,1,2,50,0,0,0,0,1,0,2,0,2,0,0,0,0,0,1.0,1.4,0,146,-146,146,0,146,-2,0,0,0,0,0,0,0,0,0,0,0,0,0,0,0,0,0,0,0,0,0,0,0,0,0,0,0,0,0,0,0,0
Manchester Magic Academy EABL,"Abraham Sagay Isiorho, David Allotey, Jack Walton, Samy Sidi-Boumedine, Tom Richardson",SGS College EABL,"Abubakar Odowa, Antoine Bennett, Kevin Ramirez Mora, Martin Alburo, Reuben Roach",1,42,0.7,1.2,3,1,1,100,0,0,0,1,1,100,0,1,1,1,0,0,0,0,0,0,1,0,0,1,0,0,0,0,0,0,0,0,0,0,0,1,1.4,1.0,208.3,0,208.3,0,208.3,-208.3,3,0,0,0,0,0,0,0,0,0,0,0,0,0,0,0,0,0,0,0,0,0,0,0,0,0,0,0,0,0,0,0,0
Itchen College EABL,"Benjamin Cope, Elijah Lotriet, Ethan Round, Javen Osei-Owusu, Mason Yeates",City of London Academy - Southwark EABL,"Andrew Nwokolo, Daniel Banjoko, Nyakeh Senessie, Rafi Testfay, Toby Gass",1,29,0.5,1.2,1,0,1,0,0,0,0,1,1,100,0,1,1,0,0,0,0,1,0,0,1,0,0,1,0,0,0,0,0,1,1,0,0,0,0,0,1.4,1.0,69.4,0,69.4,0,69.4,-69.4,1,0,0,0,0,0,0,0,0,0,0,0,0,0,0,0,0,0,0,0,0,0,0,0,0,0,0,0,0,0,0,0,0
Charnwood College Riders EABL,"Davin Hanousek, Luca Boothe, Rudy Buckingham, Tristan Curran, Zavier Gleadell-Smith",Manchester Magic Academy EABL,"Abraham Sagay Isiorho, Harley Blake, Jack Odongo, Nathan Brown, Tarique Kamal Kazmi",1,38,0.6,1.2,2,0,0,0,0,0,0,2,3,66.7,0,1,1,0,0,0,0,0,0,0,1,0,0,0,0,0,0,0,0,1,1,0,0,0,0,1,1.3,1.0,151.5,0,151.5,0,151.5,-151.5,2,0,0,0,0,0,0,0,0,0,0,0,0,0,0,0,0,0,0,0,0,0,0,0,0,0,0,0,0,0,0,0,0
Itchen College EABL,"Dawid Cimochowski, Elijah Lotriet, Jakub Ofman, Richard Radu, Thomas Blower",Oaklands Wolves EABL,"Daniel Kostadinov, Dylan Gladstone, Enzo Da Cruz Fatuda, Gavin Mitchell, Liam Mcintosh",1,29,0.5,1.2,3,1,1,100,0,0,0,1,1,100,0,0,0,1,0,0,0,1,1,0,0,0,0,0,0,1,2,50,0,0,0,0,0,0,0,1,1.4,0.9,208.3,113.6,94.7,113.6,208.3,-94.7,2,0,0,0,0,0,0,0,0,0,0,0,0,0,0,0,0,0,0,0,0,0,0,0,0,0,0,0,0,0,0,0,0
SGS College EABL,"Abubakar Odowa, Dylan Lloyd, Imam Toure, Marcos Perez Tosca, Martin Alburo",Charnwood College Riders EABL,"Okeri Hambira, Pharrell Kattah, Tom Pearson, Tristan Curran, Zavier Gleadell-Smith",1,17,0.3,1.2,0,0,0,0,0,0,0,0,0,0,0,1,1,0,0,0,1,0,1,0,1,0,0,0,0,1,1,100,0,0,0,0,1,0,0,1,1.0,1.4,0,69.4,-69.4,69.4,0,69.4,-1,0,0,0,0,0,0,0,0,0,0,0,0,0,0,0,0,0,0,0,0,0,0,0,0,0,0,0,0,0,0,0,0
HHS Reading Rockets EABL,"Aydan Moloney, Ethan Harrington, James Waterhouse, Luca Bakary, Matthew Daines",Oaklands Wolves EABL,"Daniel Kostadinov, Enzo Da Cruz Fatuda, Ethan Ryan, Gavin Mitchell, Huxley Morrell",1,64,1.1,1.2,2,1,1,100,0,0,0,0,0,0,0,1,1,0,0,1,0,2,1,0,3,0,0,1,0,1,2,50,3,0,3,0,0,0,0,0,1.0,1.5,200,67.9,132.1,67.9,200,-132.1,1,0,0,0,0,0,0,0,0,0,0,0,0,0,0,0,0,0,0,0,0,0,0,0,0,0,0,0,0,0,0,0,0
Itchen College EABL,"Dawid Cimochowski, Ethan Round, Jakub Ofman, Richard Radu, Thomas Blower",Barking Abbey EABL,"Alaxanda Nwabueze, Amari Maitland, Joshua Mendes, Kervy Mabaya, Raphael Connolly",1,6,0.1,1.2,1,0,0,0,0,0,0,1,1,100,0,0,0,0,0,0,1,0,0,0,1,0,0,1,0,0,0,0,0,0,0,0,1,0,0,1,1.4,1.0,69.4,0,69.4,0,69.4,-69.4,1,0,0,0,0,0,0,0,0,0,0,0,0,0,0,0,0,0,0,0,0,0,0,0,0,0,0,0,0,0,0,0,0
HHS Reading Rockets EABL,"Can Okumus, James Waterhouse, Joseph Mackinnon, Malachi Hassan-Taylor, Matthew Daines",Barking Abbey EABL,"Folarin Oguntuase, Francesco Cole, Kimbe N'gabala, Micael Filho, Solomon Dobson Smith",1,40,0.7,1.2,2,1,1,100,0,0,0,0,1,0,0,0,0,0,0,0,0,1,2,1,1,100,0,0,0,0,0,0,0,1,1,1,0,0,0,1,1.4,1.0,138.9,200,-61.1,200,138.9,61.1,0,0,0,0,0,0,0,0,0,0,0,0,0,0,0,0,0,0,0,0,0,0,0,0,0,0,0,0,0,0,0,0,0
Charnwood College Riders EABL,"Andrew Young, Fahad Saeed, Luca Boothe, Pharrell Kattah, Tom Pearson",BMET City of Birmingham Rockets EABL,"Abdou Camara, Jonathan Agbeze, Larry Duru, Philip Basioudis, Simba Chikukwa",1,6,0.1,1.2,1,0,1,0,0,1,0,1,2,50,1,0,1,0,0,0,0,0,0,0,0,0,0,0,0,0,0,0,0,1,1,0,0,0,1,0,1.3,1.0,74.3,0,74.3,0,74.3,-74.3,1,0,0,0,0,0,0,0,0,0,0,0,0,0,0,0,0,0,0,0,0,0,0,0,0,0,0,0,0,0,0,0,0
Myerscough College EABL,"Daniel Okhuoya, Harry Sheehan, Jakub Bobkowski, Layjuan Farrell, Sayomi Latidan",Derby College Trailblazers EABL,"Casey Burr, Finley Tuck, Julian Lemanski, Karim Zidonis, William Tallon",1,35,0.6,1.2,2,1,1,100,0,0,0,0,1,0,0,1,1,0,0,0,0,0,0,0,1,0,0,0,0,0,0,0,0,0,0,0,0,0,0,1,1.4,1.0,138.9,0,138.9,0,138.9,-138.9,2,0,0,0,0,0,0,0,0,0,0,0,0,0,0,0,0,0,0,0,0,0,0,0,0,0,0,0,0,0,0,0,0
Myerscough College EABL,"Fin Morgan, Jakub Bobkowski, Olivier Esingle, Sayomi Latidan, Zach Trezvant",Barking Abbey EABL,"Joshua Mendes, Kervy Mabaya, Oskaras Visockas, Raphael Connolly, Solomon Dobson Smith",1,40,0.7,1.2,0,0,3,0,0,1,0,0,0,0,1,0,1,0,1,0,0,0,0,0,1,0,0,0,0,0,0,0,1,1,2,0,0,0,1,0,1.4,0.9,0,0,0,0,0,0,0,0,0,0,0,0,0,0,0,0,0,0,0,0,0,0,0,0,0,0,0,0,0,0,0,0,0,0,0,0,0,0,0
Myerscough College EABL,"Cesar Sanchez Falette, Fin Morgan, Jakub Bobkowski, Sayomi Latidan, Zach Trezvant",Barking Abbey EABL,"Amari Maitland, Joshua Mendes, Kervy Mabaya, Oskaras Visockas, Raphael Connolly",1,52,0.9,1.2,0,0,3,0,0,2,0,0,0,0,1,0,1,0,0,0,0,0,0,0,0,0,0,0,0,0,0,0,0,1,1,0,0,0,1,0,1.4,1.0,0,0,0,0,0,0,0,0,0,0,0,0,0,0,0,0,0,0,0,0,0,0,0,0,0,0,0,0,0,0,0,0,0,0,0,0,0,0,0
City of London Academy - Southwark EABL,"Andrew Nwokolo, Jacob Hannick, Louis Thompson, Rafi Testfay, Toby Gass",Derby College Trailblazers EABL,"Casey Burr, George Pastor, Jarom Howlett, Julian Lemanski, Liyo Ngomti",1,30,0.5,1.2,2,1,1,100,0,0,0,0,1,0,0,1,1,0,0,0,0,0,0,0,1,0,0,1,0,0,0,0,0,1,1,0,0,0,0,1,1.4,1.0,138.9,0,138.9,0,138.9,-138.9,2,0,0,0,0,0,0,0,0,0,0,0,0,0,0,0,0,0,0,0,0,0,0,0,0,0,0,0,0,0,0,0,0
Charnwood College Riders EABL,"Fahad Saeed, James Hardy, Okeri Hambira, Pharrell Kattah, Tristan Curran",Oaklands Wolves EABL,"Daniel Kostadinov, Dylan Gladstone, Gavin Mitchell, Liam Mcintosh, Tristan Mcintosh",1,39,0.7,1.2,0,0,1,0,0,0,0,0,0,0,0,0,0,0,0,0,0,0,4,1,1,100,1,1,100,1,1,100,0,0,0,1,0,0,0,0,1.0,1.4,0,277.8,-277.8,277.8,0,277.8,-4,0,0,0,0,0,0,0,0,0,0,0,0,0,0,0,0,0,0,0,0,0,0,0,0,0,0,0,0,0,0,0,0
HHS Reading Rockets EABL,"Ethan Harrington, Joseph Mackinnon, Luca Bakary, Malachi Hassan-Taylor, Matthew Daines",SGS College EABL,"Abubakar Odowa, Jakub Grajcar, Luka Matthews, Martin Alburo, Zion Lawson",1,43,0.7,1.2,3,1,1,100,0,0,0,1,1,100,0,1,1,1,0,0,0,1,0,0,1,0,0,1,0,0,0,0,0,0,0,0,0,0,0,0,1.4,1.0,208.3,0,208.3,0,208.3,-208.3,3,0,0,0,0,0,0,0,0,0,0,0,0,0,0,0,0,0,0,0,0,0,0,0,0,0,0,0,0,0,0,0,0
City of London Academy - Southwark EABL,"Andrew Nwokolo, Bilal Olowoshile, Daniel Banjoko, Dante Patel, Jacob Hannick",Myerscough College EABL,"Cesar Sanchez Falette, Daniel Okhuoya, Jakub Bobkowski, Olivier Esingle, Sayomi Latidan",1,60,1.0,1.2,0,0,1,0,0,1,0,0,0,0,0,1,1,0,0,0,0,1,2,1,1,100,0,0,0,0,1,0,0,1,1,0,0,0,0,0,1.0,1.4,0,138.9,-138.9,138.9,0,138.9,-2,0,0,0,0,0,0,0,0,0,0,0,0,0,0,0,0,0,0,0,0,0,0,0,0,0,0,0,0,0,0,0,0
City of London Academy - Southwark EABL,"Andrew Nwokolo, Daniel Banjoko, Dante Patel, Jacob Hannick, Toby Gass",Myerscough College EABL,"Cesar Sanchez Falette, Jakub Bobkowski, Olivier Esingle, Sayomi Latidan, Zach Trezvant",1,35,0.6,1.2,2,1,1,100,0,0,0,0,1,0,0,1,1,1,0,0,0,0,0,0,1,0,0,1,0,0,0,0,0,1,1,0,0,0,0,2,1.4,1.0,138.9,0,138.9,0,138.9,-138.9,2,0,0,0,0,0,0,0,0,0,0,0,0,0,0,0,0,0,0,0,0,0,0,0,0,0,0,0,0,0,0,0,0
BMET City of Birmingham Rockets EABL,"Billy Rose, George Angoy, Jonathan Agbeze, Larry Duru, Patrick Walsh",Manchester Magic Academy EABL,"Harley Blake, Lewis Clayton, Samy Sidi-Boumedine, Tarique Kamal Kazmi, Tiego Weekes",1,69,1.1,1.1,2,1,5,20,0,1,0,0,1,0,5,0,5,0,0,0,0,0,2,1,1,100,0,0,0,0,0,0,0,0,0,1,0,0,0,1,1.2,1.0,172.4,200,-27.6,200,172.4,27.6,0,0,0,0,0,0,0,0,0,0,0,0,0,0,0,0,0,0,0,0,0,0,0,0,0,0,0,0,0,0,0,0,0
Itchen College EABL,"Alvin Ben-Uloko, Dawid Cimochowski, George Andrews, Richard Radu, Thomas Blower",HHS Reading Rockets EABL,"Can Okumus, Ethan Harrington, James Waterhouse, Luca Bakary, Malachi Hassan-Taylor",1,38,0.6,1.1,0,0,3,0,0,0,0,0,0,0,2,0,2,0,0,0,0,1,3,1,1,100,0,0,0,1,1,100,0,1,1,1,0,1,0,0,0.9,1.4,0,208.3,-208.3,208.3,0,208.3,-3,0,0,0,0,0,0,0,0,0,0,0,0,0,0,0,0,0,0,0,0,0,0,0,0,0,0,0,0,0,0,0,0
Barking Abbey EABL,"Francesco Cole, Joshua Mendes, Kimbe N'gabala, Malik Matser, Raphael Connolly",Copleston High School EABL,"Elijah Tamakloe, Isaac Carty-Peters, Matthew Liddamore, Noah Wilkinson, Timothy Rafiu",1,60,1.0,1.1,3,1,4,25,0,1,0,1,1,100,3,1,4,0,0,0,0,0,0,0,2,0,0,2,0,0,0,0,1,0,1,0,0,0,0,1,1.2,0.9,243.9,0,243.9,0,243.9,-243.9,3,0,0,0,0,0,0,0,0,0,0,0,0,0,0,0,0,0,0,0,0,0,0,0,0,0,0,0,0,0,0,0,0
Barking Abbey EABL,"Joshua Mendes, Kimbe N'gabala, Micael Filho, Oskaras Visockas, Raphael Connolly",City of London Academy - Southwark EABL,"Andrew Nwokolo, Daniel Banjoko, Dante Patel, Jacob Hannick, Toby Gass",1,47,0.8,1.1,1,0,1,0,0,1,0,1,3,33.3,1,1,2,1,0,0,0,0,0,0,1,0,0,0,0,0,0,0,0,0,0,0,0,0,0,1,1.3,1.0,80,0,80,0,80,-80,1,0,0,0,0,0,0,0,0,0,0,0,0,0,0,0,0,0,0,0,0,0,0,0,0,0,0,0,0,0,0,0,0
HHS Reading Rockets EABL,"Aydan Moloney, Can Okumus, Joseph Mackinnon, Malachi Hassan-Taylor, Matthew Daines",Itchen College EABL,"Dawid Cimochowski, Ethan Round, Javen Osei-Owusu, Richard Radu, Thomas Blower",1,26,0.4,1.1,0,0,0,0,0,0,0,0,0,0,0,0,0,0,0,1,0,1,4,1,2,50,1,1,100,1,3,33.3,3,0,3,1,0,0,0,1,0.1,2.2,0,177.8,-177.8,177.8,0,177.8,-4,0,0,0,0,0,0,0,0,0,0,0,0,0,0,0,0,0,0,0,0,0,0,0,0,0,0,0,0,0,0,0,0
City of London Academy - Southwark EABL,"Andrew Nwokolo, Daniel Banjoko, Jacob Hannick, Louis Thompson, Sharmake Shirwac",Derby College Trailblazers EABL,"Casey Burr, Elias Norman, George Pastor, Jarom Howlett, Liyo Ngomti",1,44,0.7,1.1,4,1,3,33.3,0,0,0,2,3,66.7,3,0,3,0,0,0,0,0,0,0,0,0,0,0,0,0,0,0,0,0,0,0,0,0,0,1,2.2,0.1,183.5,0,183.5,0,183.5,-183.5,4,0,0,0,0,0,0,0,0,0,0,0,0,0,0,0,0,0,0,0,0,0,0,0,0,0,0,0,0,0,0,0,0
Manchester Magic Academy EABL,"Abraham Isiorho, Harley Blake, Jack Walton, Lewis Clayton, Oluwademilade Babalola",Myerscough College EABL,"Cesar Sanchez Falette, Harry Sheehan, Olivier Esingle, Sayomi Laditan, Zach Trezvant",1,35,0.6,1.1,0,0,1,0,0,1,0,0,0,0,0,0,0,0,0,0,0,1,3,1,3,33.3,0,1,0,1,1,100,2,0,2,0,0,0,0,0,1.0,1.3,0,230.8,-230.8,230.8,0,230.8,-3,0,0,0,0,0,0,0,0,0,0,0,0,0,0,0,0,0,0,0,0,0,0,0,0,0,0,0,0,0,0,0,0
Manchester Magic Academy EABL,"David Allotey, Harley Blake, Oluwademilade Babalola, Samy Sidi-Boumedine, Tiego Weekes",Charnwood College Riders EABL,"Asa Oyerinde, Pharrell Kattah, Stanley Morris, Tom Pearson, Tristan Curran",1,24,0.4,1.0,0,0,1,0,0,0,0,0,0,0,0,0,0,0,0,0,0,0,0,0,1,0,0,0,0,0,0,0,0,1,1,0,0,0,0,0,1.0,1.0,0,0,0,0,0,0,0,0,0,0,0,0,0,0,0,0,0,0,0,0,0,0,0,0,0,0,0,0,0,0,0,0,0,0,0,0,0,0,0
Manchester Magic Academy EABL,"David Allotey, Jack Odongo, Jack Walton, Nathan Brown, Tarique Kamal Kazmi",Charnwood College Riders EABL,"Davin Hanousek, Davincy Stephens, Luca Boothe, Rudy Buckingham, Tristan Curran",1,31,0.5,1.0,0,0,1,0,0,0,0,0,0,0,0,0,0,0,0,0,0,0,2,1,1,100,0,0,0,0,0,0,0,1,1,0,0,0,0,0,1.0,1.0,0,200,-200,200,0,200,-2,0,0,0,0,0,0,0,0,0,0,0,0,0,0,0,0,0,0,0,0,0,0,0,0,0,0,0,0,0,0,0,0
Manchester Magic Academy EABL,"Jack Odongo, Jack Walton, Lewis Clayton, Nathan Brown, Oluwademilade Babalola",Charnwood College Riders EABL,"Luca Boothe, Rudy Buckingham, Stanley Morris, Tom Pearson, Tristan Curran",1,36,0.6,1.0,0,0,1,0,0,1,0,0,0,0,0,0,0,0,0,0,0,0,2,1,1,100,0,0,0,0,0,0,0,0,0,0,0,0,0,1,1.0,1.0,0,200,-200,200,0,200,-2,0,0,0,0,0,0,0,0,0,0,0,0,0,0,0,0,0,0,0,0,0,0,0,0,0,0,0,0,0,0,0,0
Manchester Magic Academy EABL,"Harley Blake, Jack Walton, Nathan Brown, Oluwademilade Babalola, Samy Sidi-Boumedine",Charnwood College Riders EABL,"Davin Hanousek, Pharrell Kattah, Rudy Buckingham, Stanley Morris, Tom Pearson",1,15,0.2,1.0,0,0,1,0,0,0,0,0,0,0,0,0,0,0,0,0,0,0,0,0,0,0,0,0,0,0,0,0,0,1,1,0,0,0,1,0,1.0,1.0,0,0,0,0,0,0,0,0,0,0,0,0,0,0,0,0,0,0,0,0,0,0,0,0,0,0,0,0,0,0,0,0,0,0,0,0,0,0,0
SGS College EABL,"Che Benjamin, Dylan Lloyd, Imam Toure, Marcos Perez Tosca, Shaquan Nelson",Myerscough College EABL,"Harry Sheehan, Layjuan Farrell, Olivier Esingle, Sayomi Latidan, Zach Trezvant",1,38,0.6,1.0,3,1,1,100,1,1,100,0,0,0,0,1,1,1,0,0,0,0,0,0,1,0,0,0,0,0,0,0,0,0,0,0,0,0,0,1,1.0,1.0,300,0,300,0,300,-300,3,0,0,0,0,0,0,0,0,0,0,0,0,0,0,0,0,0,0,0,0,0,0,0,0,0,0,0,0,0,0,0,0
SGS College EABL,"Dylan Lloyd, Kayden Richards, Kevin Ramirez Mora, Martin Alburo, Shaquan Nelson",Myerscough College EABL,"Harry Sheehan, Jakub Bobkowski, Olivier Esingle, Sayomi Latidan, Zach Trezvant",1,39,0.7,1.0,0,0,2,0,0,2,0,0,0,0,1,0,1,0,1,0,0,1,0,0,0,0,0,0,0,0,0,0,0,1,1,0,0,0,1,0,0.9,1.0,0,0,0,0,0,0,0,0,0,0,0,0,0,0,0,0,0,0,0,0,0,0,0,0,0,0,0,0,0,0,0,0,0,0,0,0,0,0,0
SGS College EABL,"Dylan Lloyd, Imam Toure, Marcos Perez Tosca, Marcos Pospori, Martin Alburo",Myerscough College EABL,"Harry Sheehan, Jakub Bobkowski, Olivier Esingle, Salomi Latidan, Zach Trezvant",1,48,0.8,1.0,0,0,0,0,0,0,0,0,0,0,0,0,0,0,0,0,1,0,2,1,1,100,0,0,0,0,0,0,0,0,0,0,1,0,0,1,1.0,1.0,0,200,-200,200,0,200,-2,0,0,0,0,0,0,0,0,0,0,0,0,0,0,0,0,0,0,0,0,0,0,0,0,0,0,0,0,0,0,0,0
Barking Abbey EABL,"Harry Egbayelo, Micael Filho, Munyaradzi Myamutenha, Raphael Connolly, Solomon Dobson Smith",HHS Reading Rockets EABL,"Can Okumus, Joseph Mackinnon, Luca Bakary, Malachi Hassan-Taylor, Matthew Daines",1,35,0.6,1.0,2,1,1,100,0,0,0,0,0,0,0,0,0,0,0,0,0,1,0,0,0,0,0,0,0,0,0,0,0,0,0,0,0,0,1,1,1.0,1.0,200,0,200,0,200,-200,2,0,0,0,0,0,0,0,0,0,0,0,0,0,0,0,0,0,0,0,0,0,0,0,0,0,0,0,0,0,0,0,0
City of London Academy - Southwark EABL,"Bilal Olowoshile, Daniel Banjoko, Dante Patel, David Banjoko, Toby Gass",Itchen College EABL,"Benjamin Cope, Ethan Round, Jakub Ofman, Mason Yeates, Thomas Blower",1,51,0.8,1.0,0,0,1,0,0,1,0,0,0,0,0,1,1,0,0,0,0,0,0,0,1,0,0,1,0,0,0,0,0,1,1,0,0,0,0,0,1.0,1.0,0,0,0,0,0,0,0,0,0,0,0,0,0,0,0,0,0,0,0,0,0,0,0,0,0,0,0,0,0,0,0,0,0,0,0,0,0,0,0
City of London Academy - Southwark EABL,"Andrew Nwokolo, Dante Patel, David Banjoko, Sharmake Shirwac, Toby Gass",Itchen College EABL,"Benjamin Cope, Ethan Round, George Andrews, Jakub Ofman, Mason Yeates",1,53,0.9,1.0,0,0,1,0,0,0,0,0,0,0,1,0,1,0,0,0,1,0,2,1,1,100,0,0,0,0,0,0,0,0,0,1,1,0,0,1,0.9,1.0,0,200,-200,200,0,200,-2,0,0,0,0,0,0,0,0,0,0,0,0,0,0,0,0,0,0,0,0,0,0,0,0,0,0,0,0,0,0,0,0
City of London Academy - Southwark EABL,"Andrew Nwokolo, Bilal Olowoshile, David Banjoko, Jacob Hannick, Riley Nunn",Itchen College EABL,"Benjamin Cope, Ethan Round, Javen Osei-Owusu, Marley Edwards, Thomas Blower",1,28,0.5,1.0,0,0,0,0,0,0,0,0,0,0,0,1,1,0,0,0,1,0,0,0,1,0,0,1,0,0,0,0,0,0,0,0,0,0,0,0,1.0,1.0,0,0,0,0,0,0,0,0,0,0,0,0,0,0,0,0,0,0,0,0,0,0,0,0,0,0,0,0,0,0,0,0,0,0,0,0,0,0,0
City of London Academy - Southwark EABL,"Andrew Nwokolo, Bilal Olowoshile, David Banjoko, Jacob Hannick, Toby Gass",Itchen College EABL,"Benjamin Cope, Dawid Cimochowski, Elijah Lotriet, Ethan Round, Jakub Ofman",1,31,0.5,1.0,0,0,0,0,0,0,0,0,0,0,0,0,0,0,1,0,1,0,0,0,1,0,0,1,0,0,0,0,1,0,1,0,0,0,1,0,1.0,0.9,0,0,0,0,0,0,0,0,0,0,0,0,0,0,0,0,0,0,0,0,0,0,0,0,0,0,0,0,0,0,0,0,0,0,0,0,0,0,0
City of London Academy - Southwark EABL,"Daniel Banjoko, Dante Patel, David Banjoko, Riley Nunn, Toby Gass",Itchen College EABL,"Benjamin Cope, Ethan Round, Javen Osei-Owusu, Mason Yeates, Thomas Blower",1,40,0.7,1.0,0,0,1,0,0,1,0,0,0,0,0,0,0,0,0,0,0,0,2,1,1,100,0,0,0,0,0,0,0,1,1,1,0,0,0,0,1.0,1.0,0,200,-200,200,0,200,-2,0,0,0,0,0,0,0,0,0,0,0,0,0,0,0,0,0,0,0,0,0,0,0,0,0,0,0,0,0,0,0,0
BMET City of Birmingham Rockets EABL,"George Angoy, J. Agbeze, Jude Hyland, Larry Duru, Philip Basioudis",SGS College EABL,"Abubakar Odowa, Dylan Lloyd, Kevin Ramirez Mora, Marcos Perez Tosca, Martin Alburo",1,48,0.8,1.0,0,0,0,0,0,0,0,0,0,0,0,1,1,0,0,0,1,1,0,0,2,0,0,1,0,0,0,0,1,0,1,0,0,0,0,0,1.0,0.9,0,0,0,0,0,0,0,0,0,0,0,0,0,0,0,0,0,0,0,0,0,0,0,0,0,0,0,0,0,0,0,0,0,0,0,0,0,0,0
Itchen College EABL,"Dawid Cimochowski, Elijah Lotriet, George Andrews, Jakub Ofman, Richard Radu",Copleston High School EABL,"Angus Hickey, Callum Fobister, Jaziah Mussington, Mason Wells, Timothy Rafiu",1,60,1.0,1.0,3,1,1,100,1,1,100,0,0,0,0,0,0,1,0,0,0,0,0,0,1,0,0,0,0,0,0,0,1,0,1,0,0,0,1,0,1.0,0.9,300,0,300,0,300,-300,3,0,0,0,0,0,0,0,0,0,0,0,0,0,0,0,0,0,0,0,0,0,0,0,0,0,0,0,0,0,0,0,0
Itchen College EABL,"Dawid Cimochowski, Elijah Lotriet, George Andrews, Jakub Ofman, Richard Radu",Copleston High School EABL,"Angus Hickey, Jaziah Mussington, Mason Wells, Noah Wilkinson, Timothy Rafiu",1,39,0.7,1.0,2,1,2,50,0,1,0,0,0,0,1,0,1,1,0,0,0,0,0,0,0,0,0,0,0,0,0,0,0,0,0,0,0,0,1,0,0.9,1.0,215.1,0,215.1,0,215.1,-215.1,2,0,0,0,0,0,0,0,0,0,0,0,0,0,0,0,0,0,0,0,0,0,0,0,0,0,0,0,0,0,0,0,0
Itchen College EABL,"Ethan Round, Javen Osei-Owusu, Leo Diala-Bevan, Richard Radu, Thomas Blower",Copleston High School EABL,"Isaac Carty-Peters, Isaac Little, Jaziah Mussington, Noah Wilkinson, Timothy Rafiu",1,46,0.8,1.0,0,0,1,0,0,1,0,0,0,0,0,0,0,0,0,0,0,0,0,0,1,0,0,0,0,0,0,0,0,1,1,0,0,0,0,0,1.0,1.0,0,0,0,0,0,0,0,0,0,0,0,0,0,0,0,0,0,0,0,0,0,0,0,0,0,0,0,0,0,0,0,0,0,0,0,0,0,0,0
Itchen College EABL,"Benjamin Cope, Elijah Lotriet, Ethan Round, Jakub Ofman, Leo Diala-Bevan",Copleston High School EABL,"Angus Hickey, Callum Fobister, Matthew Liddamore, Noah Wilkinson, Timothy Rafiu",1,32,0.5,1.0,2,1,1,100,0,0,0,0,0,0,0,0,0,0,1,0,0,0,0,0,0,0,0,0,0,0,0,0,0,0,0,0,0,0,1,0,1.0,1.0,200,0,200,0,200,-200,2,0,0,0,0,0,0,0,0,0,0,0,0,0,0,0,0,0,0,0,0,0,0,0,0,0,0,0,0,0,0,0,0
Itchen College EABL,"Dawid Cimochowski, Elijah Lotriet, George Andrews, Javen Osei-Owusu, Richard Radu",Copleston High School EABL,"Callum Fobister, Isaac Little, Matthew Liddamore, Noah Wilkinson, Timothy Rafiu",1,28,0.5,1.0,0,0,1,0,0,1,0,0,0,0,0,0,0,0,0,0,0,0,2,1,1,100,0,0,0,0,0,0,0,1,1,1,0,0,0,2,1.0,1.0,0,200,-200,200,0,200,-2,0,0,0,0,0,0,0,0,0,0,0,0,0,0,0,0,0,0,0,0,0,0,0,0,0,0,0,0,0,0,0,0
Itchen College EABL,"Dawid Cimochowski, George Andrews, Javen Osei-Owusu, Richard Radu, Thomas Blower",Copleston High School EABL,"Callum Fobister, Jaziah Mussington, Mason Wells, Matthew Liddamore, Timothy Rafiu",1,12,0.2,1.0,2,1,1,100,0,0,0,0,0,0,0,0,0,1,0,0,0,1,0,0,1,0,0,0,0,0,0,0,0,0,0,0,0,0,0,0,1.0,1.0,200,0,200,0,200,-200,2,0,0,0,0,0,0,0,0,0,0,0,0,0,0,0,0,0,0,0,0,0,0,0,0,0,0,0,0,0,0,0,0
Myerscough College EABL,"Ayo Ibirinde, Cesar Sanchez Falette, Nate Byfield, Olivier Esingle, Sayomi Latidan",Manchester Magic Academy EABL,"Jack Odongo, Jack Walton, Oluwademilade Babalola, Samy Sidi-Boumedine, Tarique Kamal Kazmi",1,47,0.8,1.0,2,1,2,50,0,0,0,0,0,0,1,1,2,1,0,0,0,0,0,0,1,0,0,1,0,0,0,0,0,0,0,0,0,0,0,1,0.9,1.0,215.1,0,215.1,0,215.1,-215.1,2,0,0,0,0,0,0,0,0,0,0,0,0,0,0,0,0,0,0,0,0,0,0,0,0,0,0,0,0,0,0,0,0
Myerscough College EABL,"Harry Sheehan, Jakub Bobkowski, Olivier Esingle, Sayomi Latidan, Zach Trezvant",Manchester Magic Academy EABL,"Abraham Sagay Isiorho, Harley Blake, Jack Odongo, Jack Walton, Tarique Kamal Kazmi",1,22,0.4,1.0,0,0,0,0,0,0,0,0,0,0,0,1,1,0,0,0,1,0,0,0,1,0,0,0,0,0,0,0,0,0,0,0,0,0,0,0,1.0,1.0,0,0,0,0,0,0,0,0,0,0,0,0,0,0,0,0,0,0,0,0,0,0,0,0,0,0,0,0,0,0,0,0,0,0,0,0,0,0,0
Myerscough College EABL,"Daniel Okhuoya, Harry Sheehan, Jakub Bobkowski, Olivier Esingle, Zach Trezvant",Manchester Magic Academy EABL,"Abraham Sagay Isiorho, Harley Blake, Jack Odongo, Jack Walton, Tarique Kamal Kazmi",1,21,0.3,1.0,0,0,0,0,0,0,0,0,0,0,0,0,0,0,1,0,1,0,0,0,0,0,0,0,0,0,0,0,0,0,0,0,0,0,1,0,1.0,1.0,0,0,0,0,0,0,0,0,0,0,0,0,0,0,0,0,0,0,0,0,0,0,0,0,0,0,0,0,0,0,0,0,0,0,0,0,0,0,0
Myerscough College EABL,"Daniel Okhuoya, Harry Sheehan, Jakub Bobkowski, Sayomi Latidan, Zach Trezvant",Manchester Magic Academy EABL,"Abraham Sagay Isiorho, Harley Blake, Jack Odongo, Jack Walton, Oluwademilade Babalola",1,55,0.9,1.0,0,0,1,0,0,1,0,0,0,0,0,1,1,0,0,1,0,0,0,0,1,0,0,0,0,0,0,0,0,1,1,0,0,0,0,0,1.0,1.0,0,0,0,0,0,0,0,0,0,0,0,0,0,0,0,0,0,0,0,0,0,0,0,0,0,0,0,0,0,0,0,0,0,0,0,0,0,0,0
City of London Academy - Southwark EABL,"Alex Morentin, Daniel Banjoko, Jacob Hannick, Louis Thompson, Toby Gass",Barking Abbey EABL,"Amari Maitland, Joshua Mendes, Micael Filho, Raphael Connolly, Solomon Dobson Smith",1,2,0.0,1.0,0,0,0,0,0,0,0,0,0,0,0,0,0,0,0,0,1,0,0,0,1,0,0,1,0,0,0,0,0,0,0,0,1,0,0,0,1.0,1.0,0,0,0,0,0,0,0,0,0,0,0,0,0,0,0,0,0,0,0,0,0,0,0,0,0,0,0,0,0,0,0,0,0,0,0,0,0,0,0
City of London Academy - Southwark EABL,"Daniel Banjoko, Dante Patel, Louis Thompson, Ruben Cryer, Toby Gass",Barking Abbey EABL,"Amari Maitland, Folarin Oguntuase, Joshua Mendes, Kervy Mabaya, Raphael Connolly",1,24,0.4,1.0,0,0,0,0,0,0,0,0,0,0,0,1,1,0,0,0,1,0,0,0,1,0,0,1,0,0,0,0,0,0,0,0,0,0,0,0,1.0,1.0,0,0,0,0,0,0,0,0,0,0,0,0,0,0,0,0,0,0,0,0,0,0,0,0,0,0,0,0,0,0,0,0,0,0,0,0,0,0,0
Copleston High School EABL,"Callum Fobister, Elijah Tamakloe, Isaac Little, Matthew Liddamore, Timothy Rafiu",Barking Abbey EABL,"Francesco Cole, Kervy Mabaya, Munyaradzi Myamutenha, Raphael Connolly, Solomon Dobson Smith",1,21,0.3,1.0,0,0,0,0,0,0,0,0,0,0,0,0,0,0,0,0,1,0,2,1,1,100,0,0,0,0,0,0,0,0,0,0,1,0,0,0,1.0,1.0,0,200,-200,200,0,200,-2,0,0,0,0,0,0,0,0,0,0,0,0,0,0,0,0,0,0,0,0,0,0,0,0,0,0,0,0,0,0,0,0
Copleston High School EABL,"Angus Hickey, Elijah Tamakloe, Matthew Liddamore, Noah Wilkinson, Oliver Drane",Barking Abbey EABL,"Ethan Albrecht, Joshua Mendes, Kimbe N'gabala, Munyaradzi Myamutenha, Raphael Connolly",1,5,0.1,1.0,0,0,1,0,0,0,0,0,0,0,0,0,0,0,0,0,0,0,0,0,1,0,0,1,0,0,0,0,0,1,1,0,0,0,0,0,1.0,1.0,0,0,0,0,0,0,0,0,0,0,0,0,0,0,0,0,0,0,0,0,0,0,0,0,0,0,0,0,0,0,0,0,0,0,0,0,0,0,0
Copleston High School EABL,"Callum Fobister, Grant Millar, Matthew Liddamore, Noah Wilkinson, Timothy Rafiu",Barking Abbey EABL,"Joshua Mendes, Kervy Mabaya, Micael Filho, Raphael Connolly, Solomon Dobson Smith",1,29,0.5,1.0,0,0,0,0,0,0,0,0,0,0,0,0,0,0,0,0,1,0,3,1,1,100,1,1,100,0,0,0,0,0,0,1,0,0,0,0,1.0,1.0,0,300,-300,300,0,300,-3,0,0,0,0,0,0,0,0,0,0,0,0,0,0,0,0,0,0,0,0,0,0,0,0,0,0,0,0,0,0,0,0
Charnwood College Riders EABL,"Asa Oyerinde, Pharrell Kattah, Rudy Buckingham, Stanley Morris, Tristan Curran",SGS College EABL,"Dylan Lloyd, Kevin Ramirez Mora, Luka Matthews, Shaquan Nelson, Washington Wewe",1,63,1.1,1.0,0,0,1,0,0,0,0,0,0,0,0,0,0,0,0,0,0,0,0,0,0,0,0,0,0,0,0,0,0,1,1,0,0,0,1,0,1.0,1.0,0,0,0,0,0,0,0,0,0,0,0,0,0,0,0,0,0,0,0,0,0,0,0,0,0,0,0,0,0,0,0,0,0,0,0,0,0,0,0
Manchester Magic Academy EABL,"Abraham Sagay Isiorho, Harley Blake, Lewis Clayton, Nathan Brown, Oluwademilade Babalola",Derby College Trailblazers EABL,"Casey Burr, Jarom Howlett, Liyo Ngomti, Matheo Smith-Fjordland, Rohan Hobday",1,35,0.6,1.0,0,0,2,0,0,0,0,0,0,0,1,0,1,0,0,0,0,0,2,1,1,100,0,0,0,0,0,0,0,1,1,1,0,0,0,1,0.9,1.0,0,200,-200,200,0,200,-2,0,0,0,0,0,0,0,0,0,0,0,0,0,0,0,0,0,0,0,0,0,0,0,0,0,0,0,0,0,0,0,0
Manchester Magic Academy EABL,"Jack Walton, Lewis Clayton, Oluwademilade Babalola, Samy Sidi-Boumedine, Tom Richardson",Derby College Trailblazers EABL,"Casey Burr, Elias Rice, George Pastor, Jarom Howlett, Matheo Smith-Fjordland",1,33,0.6,1.0,0,0,0,0,0,0,0,0,0,0,0,1,1,0,0,0,1,0,0,0,1,0,0,1,0,0,0,0,0,0,0,0,0,0,0,0,1.0,1.0,0,0,0,0,0,0,0,0,0,0,0,0,0,0,0,0,0,0,0,0,0,0,0,0,0,0,0,0,0,0,0,0,0,0,0,0,0,0,0
Manchester Magic Academy EABL,"Jack Walton, Lewis Clayton, Oluwademilade Babalola, Samy Sidi-Boumedine, Tom Richardson",Derby College Trailblazers EABL,"Casey Burr, Elias Rice, Julian Lemanski, Rohan Hobday, William Tallon",1,47,0.8,1.0,2,1,1,100,0,0,0,0,0,0,0,0,0,0,0,0,0,0,0,0,0,0,0,0,0,0,0,0,0,0,0,0,0,0,1,0,1.0,1.0,200,0,200,0,200,-200,2,0,0,0,0,0,0,0,0,0,0,0,0,0,0,0,0,0,0,0,0,0,0,0,0,0,0,0,0,0,0,0,0
Manchester Magic Academy EABL,"David Allotey, Jack Walton, Oluwademilade Babalola, Samy Sidi-Boumedine, Tom Richardson",Derby College Trailblazers EABL,"Casey Burr, Elias Rice, Julian Lemanski, Rohan Hobday, William Tallon",1,29,0.5,1.0,0,0,1,0,0,1,0,0,0,0,0,0,0,0,0,0,0,1,2,1,1,100,0,0,0,0,0,0,0,1,1,1,0,0,0,1,1.0,1.0,0,200,-200,200,0,200,-2,0,0,0,0,0,0,0,0,0,0,0,0,0,0,0,0,0,0,0,0,0,0,0,0,0,0,0,0,0,0,0,0
Manchester Magic Academy EABL,"Jack Walton, Lewis Clayton, Nathan Brown, Oluwademilade Babalola, Tarique Kamal Kazmi",Derby College Trailblazers EABL,"Casey Burr, Elias Rice, Matheo Smith-Fjordland, Rohan Hobday, William Tallon",1,38,0.6,1.0,0,0,0,0,0,0,0,0,0,0,0,0,0,0,0,0,1,0,0,0,0,0,0,0,0,0,0,0,0,0,0,0,1,0,1,1,1.0,1.0,0,0,0,0,0,0,0,0,0,0,0,0,0,0,0,0,0,0,0,0,0,0,0,0,0,0,0,0,0,0,0,0,0,0,0,0,0,0,0
Myerscough College EABL,"Cesar Sanchez Falette, Daniel Okhuoya, Fin Morgan, Nathaniel Byfield, Zach Trezvant",BMET City of Birmingham Rockets EABL,"Abdou Camara, Daniel Pittaway, Guridat Singh, Jude Hyland, Patrick Walsh",1,43,0.7,1.0,2,1,1,100,0,0,0,0,0,0,0,0,0,1,1,0,0,1,0,0,0,0,0,0,0,0,0,0,0,0,0,0,0,0,1,0,1.0,1.0,200,0,200,0,200,-200,2,0,0,0,0,0,0,0,0,0,0,0,0,0,0,0,0,0,0,0,0,0,0,0,0,0,0,0,0,0,0,0,0
Myerscough College EABL,"Ayo Ibirinde, Cesar Sanchez Falette, Ivan Idemudia, Olivier Esingle, Salomi Latidan",BMET City of Birmingham Rockets EABL,"George Angoy, Jesse Ogbeide, Jonathan Agbeze, Larry Duru, Philip Basioudis",1,10,0.2,1.0,0,0,0,0,0,0,0,0,0,0,0,0,0,0,1,0,1,0,0,0,0,0,0,0,0,0,0,0,0,0,0,0,0,0,1,0,1.0,1.0,0,0,0,0,0,0,0,0,0,0,0,0,0,0,0,0,0,0,0,0,0,0,0,0,0,0,0,0,0,0,0,0,0,0,0,0,0,0,0
HHS Reading Rockets EABL,"Ethan Harrington, Malachi Hassan-Taylor, Matthew Daines, Nicholas Dent, Saun Ejiofor",City of London Academy - Southwark EABL,"Andrew Nwokolo, Daniel Banjoko, Dante Patel, David Banjoko, Toby Gass",1,9,0.1,1.0,0,0,0,0,0,0,0,0,0,0,0,0,0,0,0,0,1,0,2,1,1,100,0,0,0,0,0,0,0,0,0,1,0,0,0,0,1.0,1.0,0,200,-200,200,0,200,-2,0,0,0,0,0,0,0,0,0,0,0,0,0,0,0,0,0,0,0,0,0,0,0,0,0,0,0,0,0,0,0,0
HHS Reading Rockets EABL,"James Waterhouse, Lazure Francis, Malachi Hassan-Taylor, Matthew Daines, Saun Ejiofor",City of London Academy - Southwark EABL,"Alex Morentin, Andrew Nwokolo, Daniel Banjoko, Dante Patel, Toby Gass",1,31,0.5,1.0,0,0,1,0,0,1,0,0,0,0,0,0,0,0,0,0,0,1,2,1,2,50,0,0,0,0,0,0,1,1,2,0,0,0,0,0,1.0,0.9,0,215.1,-215.1,215.1,0,215.1,-2,0,0,0,0,0,0,0,0,0,0,0,0,0,0,0,0,0,0,0,0,0,0,0,0,0,0,0,0,0,0,0,0
HHS Reading Rockets EABL,"Can Okumus, James Waterhouse, Malachi Hassan-Taylor, Matthew Daines, Saun Ejiofor",City of London Academy - Southwark EABL,"Alex Morentin, Bilal Olowoshile, Daniel Banjoko, Rafi Testfay, Toby Gass",1,11,0.2,1.0,0,0,1,0,0,0,0,0,0,0,0,0,0,0,1,0,0,1,0,0,0,0,0,0,0,0,0,0,0,1,1,0,0,1,1,0,1.0,1.0,0,0,0,0,0,0,0,0,0,0,0,0,0,0,0,0,0,0,0,0,0,0,0,0,0,0,0,0,0,0,0,0,0,0,0,0,0,0,0
HHS Reading Rockets EABL,"Aydan Moloney, Ethan Harrington, Joseph Mackinnon, Matthew Daines, Saun Ejiofor",City of London Academy - Southwark EABL,"Andrew Nwokolo, Daniel Banjoko, Dante Patel, David Banjoko, Toby Gass",1,41,0.7,1.0,3,1,1,100,1,1,100,0,0,0,0,1,1,1,0,0,0,0,0,0,1,0,0,0,0,0,0,0,0,0,0,0,0,0,0,1,1.0,1.0,300,0,300,0,300,-300,3,0,0,0,0,0,0,0,0,0,0,0,0,0,0,0,0,0,0,0,0,0,0,0,0,0,0,0,0,0,0,0,0
Oaklands Wolves EABL,"Daniel Kostadinov, Dylan Gladstone, Gavin Mitchell, Guisepi Augenti, Huxley Morrell",Itchen College EABL,"Benjamin Cope, Elijah Lotriet, Ethan Round, Javen Osei-Owusu, Mason Yeates",1,26,0.4,1.0,0,0,0,0,0,0,0,0,0,0,0,0,0,0,0,0,1,0,0,0,0,0,0,0,0,0,0,0,0,0,0,0,0,0,1,0,1.0,1.0,0,0,0,0,0,0,0,0,0,0,0,0,0,0,0,0,0,0,0,0,0,0,0,0,0,0,0,0,0,0,0,0,0,0,0,0,0,0,0
Oaklands Wolves EABL,"Ethan Ryan, Gavin Mitchell, Huxley Morrell, Liam Mcintosh, Tristan Mcintosh",Itchen College EABL,"Elijah Lotriet, Ethan Round, Jakub Ofman, Mason Yeates, Richard Radu",1,29,0.5,1.0,3,1,1,100,1,1,100,0,0,0,0,1,1,1,0,0,0,0,0,0,1,0,0,0,0,0,0,0,0,0,0,0,0,0,0,0,1.0,1.0,300,0,300,0,300,-300,3,0,0,0,0,0,0,0,0,0,0,0,0,0,0,0,0,0,0,0,0,0,0,0,0,0,0,0,0,0,0,0,0
Oaklands Wolves EABL,"Enzo Da Cruz Fatuda, Gavin Mitchell, Huxley Morrell, Kajus Gasperas, Tristan Mcintosh",Itchen College EABL,"Benjamin Cope, Dawid Cimochowski, Ethan Round, Jakub Ofman, Thomas Blower",1,25,0.4,1.0,0,0,1,0,0,1,0,0,0,0,0,0,0,0,0,0,0,0,2,1,1,100,0,0,0,0,0,0,0,1,1,1,0,0,0,1,1.0,1.0,0,200,-200,200,0,200,-2,0,0,0,0,0,0,0,0,0,0,0,0,0,0,0,0,0,0,0,0,0,0,0,0,0,0,0,0,0,0,0,0
BMET City of Birmingham Rockets EABL,"Abdou Camara, Guridat Singh, Jaheim Kesto, Patrick Walsh, Philip Basioudis",Manchester Magic Academy EABL,"Jack Walton, Lewis Clayton, Samy Sidi-Boumedine, Tarique Kamal Kazmi, Tom Richardson",1,31,0.5,1.0,0,0,0,0,0,0,0,0,0,0,0,0,0,0,0,0,1,0,2,1,1,100,0,0,0,0,0,0,0,0,0,1,1,0,0,1,1.0,1.0,0,200,-200,200,0,200,-2,0,0,0,0,0,0,0,0,0,0,0,0,0,0,0,0,0,0,0,0,0,0,0,0,0,0,0,0,0,0,0,0
BMET City of Birmingham Rockets EABL,"Billy Rose, George Angoy, Larry Duru, Patrick Walsh, Philip Basioudis",Manchester Magic Academy EABL,"Harley Blake, Lewis Clayton, Samy Sidi-Boumedine, Tarique Kamal Kazmi, Tiego Weekes",1,11,0.2,1.0,0,0,1,0,0,0,0,0,0,0,0,0,0,0,0,0,0,0,0,0,0,0,0,0,0,0,0,0,0,1,1,0,0,0,1,0,1.0,1.0,0,0,0,0,0,0,0,0,0,0,0,0,0,0,0,0,0,0,0,0,0,0,0,0,0,0,0,0,0,0,0,0,0,0,0,0,0,0,0
BMET City of Birmingham Rockets EABL,"Abdou Camara, Daniel Pittaway, George Angoy, Guridat Singh, Jaheim Kesto",Manchester Magic Academy EABL,"David Allotey, Harley Blake, Jack Walton, Tarique Kamal Kazmi, Tiego Weekes",1,18,0.3,1.0,0,0,0,0,0,0,0,0,0,0,0,1,1,0,0,0,1,0,0,0,1,0,0,0,0,0,0,0,0,0,0,0,0,0,0,0,1.0,1.0,0,0,0,0,0,0,0,0,0,0,0,0,0,0,0,0,0,0,0,0,0,0,0,0,0,0,0,0,0,0,0,0,0,0,0,0,0,0,0
Copleston High School EABL,"Elijah Tamakloe, Isaac Carty-Peters, Isaac Little, Matthew Liddamore, Timothy Rafiu",HHS Reading Rockets EABL,"Can Okumus, James Waterhouse, Joseph Mackinnon, Lazure Franicis, Malachi Hassan-Taylor",1,40,0.7,1.0,0,0,0,0,0,0,0,0,0,0,0,1,1,0,0,1,1,1,0,0,2,0,0,1,0,0,0,0,1,0,1,0,1,0,0,0,1.0,0.9,0,0,0,0,0,0,0,0,0,0,0,0,0,0,0,0,0,0,0,0,0,0,0,0,0,0,0,0,0,0,0,0,0,0,0,0,0,0,0
Copleston High School EABL,"Callum Fobister, Isaac Carty-Peters, Isaac Little, Matthew Liddamore, Timothy Rafiu",HHS Reading Rockets EABL,"Joseph Mackinnon, Lazure Franicis, Malachi Hassan-Taylor, Matthew Daines, Saun Ejiofor",1,32,0.5,1.0,0,0,1,0,0,0,0,0,0,0,0,0,0,0,0,0,0,0,0,0,0,0,0,0,0,0,0,0,0,1,1,0,0,0,1,0,1.0,1.0,0,0,0,0,0,0,0,0,0,0,0,0,0,0,0,0,0,0,0,0,0,0,0,0,0,0,0,0,0,0,0,0,0,0,0,0,0,0,0
Copleston High School EABL,"Callum Fobister, Isaac Little, Matthew Liddamore, Noah Wilkinson, Timothy Rafiu",HHS Reading Rockets EABL,"Joseph Mackinnon, Lazure Franicis, Malachi Hassan-Taylor, Matthew Daines, Saun Ejiofor",1,41,0.7,1.0,0,0,0,0,0,0,0,0,0,0,0,0,0,0,1,0,1,0,0,0,0,0,0,0,0,0,0,0,0,0,0,0,1,0,1,1,1.0,1.0,0,0,0,0,0,0,0,0,0,0,0,0,0,0,0,0,0,0,0,0,0,0,0,0,0,0,0,0,0,0,0,0,0,0,0,0,0,0,0
Copleston High School EABL,"Angus Hickey, Callum Fobister, Matthew Liddamore, Noah Wilkinson, Timothy Rafiu",HHS Reading Rockets EABL,"Can Okumus, Joseph Mackinnon, Lazure Franicis, Matthew Daines, Nicholas Dent",1,10,0.2,1.0,0,0,0,0,0,0,0,0,0,0,0,0,0,0,1,0,1,0,0,0,0,0,0,0,0,0,0,0,0,0,0,0,0,0,1,0,1.0,1.0,0,0,0,0,0,0,0,0,0,0,0,0,0,0,0,0,0,0,0,0,0,0,0,0,0,0,0,0,0,0,0,0,0,0,0,0,0,0,0
Charnwood College Riders EABL,"Asa Oyerinde, Pharrell Kattah, Rudy Buckingham, Tristan Curran, Zavier Gleadell-Smith",Myerscough College EABL,"Harry Sheehan, Junior Sanchez, Olivier Esingle, Sayomi Laditan, Zach Trezvant",1,24,0.4,1.0,2,1,1,100,0,0,0,0,0,0,0,1,1,0,0,0,0,0,0,0,1,0,0,1,0,0,0,0,0,0,0,0,0,0,0,0,1.0,1.0,200,0,200,0,200,-200,2,0,0,0,0,0,0,0,0,0,0,0,0,0,0,0,0,0,0,0,0,0,0,0,0,0,0,0,0,0,0,0,0
Charnwood College Riders EABL,"Asa Oyerinde, Lewis Stevenson, Pharrell Kattah, Tristan Curran, Zavier Gleadell-Smith",Myerscough College EABL,"Harry Sheehan, Junior Sanchez, Olivier Esingle, Sayomi Laditan, Zach Trezvant",1,21,0.3,1.0,0,0,0,0,0,0,0,0,0,0,0,0,0,0,0,0,1,0,3,1,1,100,1,1,100,0,0,0,0,0,0,1,0,0,0,0,1.0,1.0,0,300,-300,300,0,300,-3,0,0,0,0,0,0,0,0,0,0,0,0,0,0,0,0,0,0,0,0,0,0,0,0,0,0,0,0,0,0,0,0
Charnwood College Riders EABL,"Asa Oyerinde, Lewis Stevenson, Luca Boothe, Tristan Curran, Zavier Gleadell-Smith",Myerscough College EABL,"Ayo Ibirinde, Blake Gordon, Jakub Bobkowski, Olivier Esingle, Zach Trezvant",1,50,0.8,1.0,0,0,1,0,0,1,0,0,0,0,0,0,0,0,0,0,0,0,0,0,1,0,0,0,0,0,0,0,0,0,0,0,0,0,0,0,1.0,1.0,0,0,0,0,0,0,0,0,0,0,0,0,0,0,0,0,0,0,0,0,0,0,0,0,0,0,0,0,0,0,0,0,0,0,0,0,0,0,0
SGS College EABL,"Antoine Bennett, Dylan Lloyd, Kayden Richards, Kevin Ramirez Mora, Martin Alburo",Derby College Trailblazers EABL,"Casey Burr, Elias Norman, Elias Rice, Kaleel Otaye, Liyo Ngomti",1,19,0.3,1.0,0,0,1,0,0,0,0,0,0,0,0,1,1,0,0,0,0,0,0,0,1,0,0,0,0,0,0,0,0,0,0,0,0,0,0,0,1.0,1.0,0,0,0,0,0,0,0,0,0,0,0,0,0,0,0,0,0,0,0,0,0,0,0,0,0,0,0,0,0,0,0,0,0,0,0,0,0,0,0
SGS College EABL,"Antoine Bennett, Kevin Ramirez Mora, Marcos Perez Tosca, Martin Alburo, Washington Wewe",Derby College Trailblazers EABL,"Casey Burr, Elias Norman, George Pastor, Jarom Howlett, William Tallon",1,51,0.8,1.0,3,1,1,100,1,1,100,0,0,0,0,0,0,0,0,0,0,1,2,1,1,100,0,0,0,0,0,0,0,0,0,0,0,0,0,0,1.0,1.0,300,200,100,200,300,-100,1,0,0,0,0,0,0,0,0,0,0,0,0,0,0,0,0,0,0,0,0,0,0,0,0,0,0,0,0,0,0,0,0
City of London Academy - Southwark EABL,"Alex Morentin, Andrew Nwokolo, Bilal Olowoshile, David Banjoko, Jacob Hannick",Oaklands Wolves EABL,"Daniel Kostadinov, Gavin Mitchell, Liam Mcintosh, Tristan Mcintosh, Zac Gribble",1,47,0.8,1.0,3,1,1,100,1,1,100,0,0,0,0,0,0,1,0,0,0,0,2,1,1,100,0,0,0,0,0,0,0,0,0,0,0,0,0,0,1.0,1.0,300,200,100,200,300,-100,1,0,0,0,0,0,0,0,0,0,0,0,0,0,0,0,0,0,0,0,0,0,0,0,0,0,0,0,0,0,0,0,0
City of London Academy - Southwark EABL,"Alex Morentin, Andrew Nwokolo, Daniel Banjoko, Jacob Hannick, Sharmake Shirwac",Oaklands Wolves EABL,"Dylan Gladstone, Gavin Mitchell, Huxley Morrell, Liam Mcintosh, Tristan Mcintosh",1,18,0.3,1.0,0,0,0,0,0,0,0,0,0,0,0,0,0,0,0,0,1,1,2,1,1,100,0,0,0,0,0,0,0,0,0,1,0,0,0,0,1.0,1.0,0,200,-200,200,0,200,-2,0,0,0,0,0,0,0,0,0,0,0,0,0,0,0,0,0,0,0,0,0,0,0,0,0,0,0,0,0,0,0,0
City of London Academy - Southwark EABL,"Andrew Nwokolo, Bilal Olowoshile, Daniel Banjoko, Dante Patel, Ruben Nunn",Oaklands Wolves EABL,"Daniel Kostadinov, Dylan Gladstone, Gavin Mitchell, Guisepi Augenti, Liam Mcintosh",1,3,0.1,1.0,2,1,1,100,0,0,0,0,0,0,0,0,0,1,0,0,0,0,2,1,1,100,0,0,0,0,0,0,0,0,0,0,0,0,0,0,1.0,1.0,200,200,0,200,200,0,0,0,0,0,0,0,0,0,0,0,0,0,0,0,0,0,0,0,0,0,0,0,0,0,0,0,0,0,0,0,0,0,0
City of London Academy - Southwark EABL,"Andrew Nwokolo, Bilal Olowoshile, Daniel Banjoko, Dante Patel, Ruben Nunn",Oaklands Wolves EABL,"Dylan Gladstone, Enzo Da Cruz Fatuda, Guisepi Augenti, Liam Mcintosh, Zac Gribble",1,68,1.1,1.0,0,0,1,0,0,0,0,0,0,0,0,0,0,0,0,0,0,1,2,1,2,50,0,0,0,0,0,0,1,0,1,0,0,0,0,1,1.0,0.9,0,215.1,-215.1,215.1,0,215.1,-2,0,0,0,0,0,0,0,0,0,0,0,0,0,0,0,0,0,0,0,0,0,0,0,0,0,0,0,0,0,0,0,0
Derby College Trailblazers EABL,"Casey Burr, Elias Norman, Elias Rice, George Pastor, Rohan Hobday",Charnwood College Riders EABL,"Lewis Stevenson, Rudy Buckingham, Stanley Morris, Tom Pearson, Tristan Curran",1,21,0.3,1.0,0,0,0,0,0,0,0,0,0,0,0,0,0,0,0,0,1,0,0,0,0,0,0,0,0,0,0,0,0,0,0,0,0,0,1,0,1.0,1.0,0,0,0,0,0,0,0,0,0,0,0,0,0,0,0,0,0,0,0,0,0,0,0,0,0,0,0,0,0,0,0,0,0,0,0,0,0,0,0
Derby College Trailblazers EABL,"Casey Burr, Elias Norman, Elias Rice, George Pastor, Rohan Hobday",Charnwood College Riders EABL,"Lewis Stevenson, Rudy Buckingham, Tom Pearson, Tristan Curran, Zavier Gleadell-Smith",1,34,0.6,1.0,0,0,1,0,0,1,0,0,0,0,0,0,0,0,0,0,0,0,2,1,1,100,0,0,0,0,0,0,0,1,1,0,0,0,0,0,1.0,1.0,0,200,-200,200,0,200,-2,0,0,0,0,0,0,0,0,0,0,0,0,0,0,0,0,0,0,0,0,0,0,0,0,0,0,0,0,0,0,0,0
Derby College Trailblazers EABL,"Casey Burr, Elias Norman, Jarom Howlett, Rohan Hobday, William Tallon",Charnwood College Riders EABL,"Davin Hanousek, Lewis Stevenson, Rudy Buckingham, Stanley Morris, Tristan Curran",1,40,0.7,1.0,2,1,2,50,0,1,0,0,0,0,1,0,1,0,0,0,0,1,2,1,1,100,0,0,0,0,0,0,0,0,0,0,0,0,0,0,0.9,1.0,215.1,200,15.1,200,215.1,-15.1,0,0,0,0,0,0,0,0,0,0,0,0,0,0,0,0,0,0,0,0,0,0,0,0,0,0,0,0,0,0,0,0,0
BMET City of Birmingham Rockets EABL,"Abdou Camara, George Angoy, Jonathan Agbeze, Jude Hyland, Larry Duru",Charnwood College Riders EABL,"Davin Hanousek, Luca Boothe, Rudy Buckingham, Tristan Curran, Zavier Gleadell-Smith",1,26,0.4,1.0,2,1,1,100,0,0,0,0,0,0,0,0,0,1,0,0,0,2,0,0,0,0,0,0,0,0,0,0,0,0,0,0,0,0,1,1,1.0,1.0,200,0,200,0,200,-200,2,0,0,0,0,0,0,0,0,0,0,0,0,0,0,0,0,0,0,0,0,0,0,0,0,0,0,0,0,0,0,0,0
BMET City of Birmingham Rockets EABL,"Abdou Camara, George Angoy, Guridat Singh, Jonathan Agbeze, Philip Basioudis",Charnwood College Riders EABL,"Luca Boothe, Pharrell Kattah, Rudy Buckingham, Tristan Curran, Zavier Gleadell-Smith",1,21,0.3,1.0,0,0,1,0,0,0,0,0,0,0,0,0,0,0,0,0,0,1,0,0,0,0,0,0,0,0,0,0,0,1,1,0,0,0,1,0,1.0,1.0,0,0,0,0,0,0,0,0,0,0,0,0,0,0,0,0,0,0,0,0,0,0,0,0,0,0,0,0,0,0,0,0,0,0,0,0,0,0,0
Itchen College EABL,"Alvin Ben-Uloko, Dawid Cimochowski, George Andrews, Richard Radu, Thomas Blower",HHS Reading Rockets EABL,"Can Okumus, Ethan Harrington, James Waterhouse, Malachi Hassan-Taylor, Nicholas Dent",1,61,1.0,1.0,0,0,1,0,0,1,0,0,0,0,0,1,1,0,0,0,0,1,0,0,1,0,0,1,0,0,0,0,0,1,1,0,0,0,0,0,1.0,1.0,0,0,0,0,0,0,0,0,0,0,0,0,0,0,0,0,0,0,0,0,0,0,0,0,0,0,0,0,0,0,0,0,0,0,0,0,0,0,0
Derby College Trailblazers EABL,"Casey Burr, Elias Norman, Jarom Howlett, Liyo Ngomti, Rohan Hobday",Myerscough College EABL,"Cesar Sanchez Falette, Harry Sheehan, Olivier Esingle, Salomi Latidan, Zach Trezvant",1,44,0.7,1.0,3,1,1,100,1,1,100,0,0,0,0,1,1,1,0,0,0,0,0,0,1,0,0,0,0,0,0,0,0,0,0,0,0,0,0,1,1.0,1.0,300,0,300,0,300,-300,3,0,0,0,0,0,0,0,0,0,0,0,0,0,0,0,0,0,0,0,0,0,0,0,0,0,0,0,0,0,0,0,0
Manchester Magic Academy EABL,"Abraham Sagay Isiorho, Jack Odongo, Jack Walton, Nathan Brown, Oluwademilade Babalola",SGS College EABL,"Antoine Bennett, Dylan Lloyd, Kevin Ramirez Mora, Marcos Pospori, Martin Alburo",1,15,0.2,1.0,0,0,0,0,0,0,0,0,0,0,0,0,0,0,0,0,1,0,2,1,1,100,0,0,0,0,0,0,0,0,0,0,0,0,0,0,1.0,1.0,0,200,-200,200,0,200,-2,0,0,0,0,0,0,0,0,0,0,0,0,0,0,0,0,0,0,0,0,0,0,0,0,0,0,0,0,0,0,0,0
Manchester Magic Academy EABL,"David Allotey, Harley Blake, Jack Walton, Nathan Brown, Oluwademilade Babalola",SGS College EABL,"Dylan Lloyd, Imam Toure, Kevin Ramirez Mora, Marcos Perez Tosca, Shaquan Nelson",1,26,0.4,1.0,2,1,1,100,0,0,0,0,0,0,0,0,0,0,0,0,0,0,0,0,0,0,0,0,0,0,0,0,0,0,0,0,0,0,1,0,1.0,1.0,200,0,200,0,200,-200,2,0,0,0,0,0,0,0,0,0,0,0,0,0,0,0,0,0,0,0,0,0,0,0,0,0,0,0,0,0,0,0,0
Manchester Magic Academy EABL,"Abraham Sagay Isiorho, Harley Blake, Jack Odongo, Nathan Brown, Oluwademilade Babalola",SGS College EABL,"Dylan Lloyd, Imam Toure, Luka Matthews, Marcos Perez Tosca, Martin Alburo",1,42,0.7,1.0,0,0,0,0,0,0,0,0,0,0,0,0,0,0,0,0,1,0,0,0,0,0,0,0,0,0,0,0,0,0,0,0,1,0,1,0,1.0,1.0,0,0,0,0,0,0,0,0,0,0,0,0,0,0,0,0,0,0,0,0,0,0,0,0,0,0,0,0,0,0,0,0,0,0,0,0,0,0,0
Manchester Magic Academy EABL,"Jack Styzcen-O'keefe, Nathan Brown, Samy Sidi-Boumedine, Tarique Kamal Kazmi, Tiego Weekes",SGS College EABL,"Kevin Ramirez Mora, Marcos Perez Tosca, Marcos Pospori, Martin Alburo, Reuben Roach",1,32,0.5,1.0,2,1,1,100,0,0,0,0,0,0,0,0,0,0,1,0,0,1,0,0,0,0,0,0,0,0,0,0,0,0,0,0,0,0,1,0,1.0,1.0,200,0,200,0,200,-200,2,0,0,0,0,0,0,0,0,0,0,0,0,0,0,0,0,0,0,0,0,0,0,0,0,0,0,0,0,0,0,0,0
Oaklands Wolves EABL,"Enzo Da Cruz Fatuda, Gavin Mitchell, Huxley Morrell, Liam Mcintosh, Tristan Mcintosh",Barking Abbey EABL,"Amari Maitland, Folarin Oguntuase, Kervy Mabaya, Munyaradzi Myamutenha, Raphael Connolly",1,42,0.7,1.0,0,0,0,0,0,0,0,0,0,0,0,0,0,0,0,0,1,0,2,1,1,100,0,0,0,0,0,0,0,0,0,0,1,0,0,1,1.0,1.0,0,200,-200,200,0,200,-2,0,0,0,0,0,0,0,0,0,0,0,0,0,0,0,0,0,0,0,0,0,0,0,0,0,0,0,0,0,0,0,0
Oaklands Wolves EABL,"Daniel Kostadinov, Dylan Gladstone, Enzo Da Cruz Fatuda, Gavin Mitchell, Huxley Morrell",Barking Abbey EABL,"Joshua Mendes, Kervy Mabaya, Micael Filho, Oskaras Visockas, Raphael Connolly",1,6,0.1,1.0,0,0,0,0,0,0,0,0,0,0,0,1,1,0,0,0,1,0,0,0,1,0,0,0,0,0,0,0,0,0,0,0,0,0,0,0,1.0,1.0,0,0,0,0,0,0,0,0,0,0,0,0,0,0,0,0,0,0,0,0,0,0,0,0,0,0,0,0,0,0,0,0,0,0,0,0,0,0,0
Oaklands Wolves EABL,"Daniel Kostadinov, Dylan Gladstone, Enzo Da Cruz Fatuda, Gavin Mitchell, Huxley Morrell",Barking Abbey EABL,"Joshua Mendes, Kervy Mabaya, Munyaradzi Myamutenha, Oskaras Visockas, Raphael Connolly",1,32,0.5,1.0,0,0,1,0,0,1,0,0,0,0,0,1,1,0,0,0,0,0,0,0,1,0,0,0,0,0,0,0,0,0,0,0,0,0,0,0,1.0,1.0,0,0,0,0,0,0,0,0,0,0,0,0,0,0,0,0,0,0,0,0,0,0,0,0,0,0,0,0,0,0,0,0,0,0,0,0,0,0,0
Copleston High School EABL,"Angus Hickey, Isaac Carty-Peters, Isaac Little, Matthew Liddamore, Noah Wilkinson",Oaklands Wolves EABL,"Enzo Da Cruz Fatuda, Gavin Mitchell, Huxley Morrell, Kajus Gasperas, Liam Mcintosh",1,33,0.6,1.0,0,0,1,0,0,1,0,0,0,0,0,0,0,0,0,1,0,1,2,1,2,50,0,0,0,0,0,0,1,1,2,0,0,0,0,1,1.0,0.9,0,215.1,-215.1,215.1,0,215.1,-2,0,0,0,0,0,0,0,0,0,0,0,0,0,0,0,0,0,0,0,0,0,0,0,0,0,0,0,0,0,0,0,0
Copleston High School EABL,"Angus Hickey, Isaac Carty-Peters, Isaac Little, Matthew Liddamore, Noah Wilkinson",Oaklands Wolves EABL,"Daniel Kostadinov, Enzo Da Cruz Fatuda, Gavin Mitchell, Huxley Morrell, Liam Mcintosh",1,12,0.2,1.0,0,0,0,0,0,0,0,0,0,0,0,0,0,0,0,0,1,1,2,1,1,100,0,0,0,0,0,0,0,0,0,1,0,0,0,0,1.0,1.0,0,200,-200,200,0,200,-2,0,0,0,0,0,0,0,0,0,0,0,0,0,0,0,0,0,0,0,0,0,0,0,0,0,0,0,0,0,0,0,0
Copleston High School EABL,"Angus Hickey, Isaac Carty-Peters, Mason Wells, Matthew Liddamore, Noah Wilkinson",Oaklands Wolves EABL,"Daniel Kostadinov, Enzo Da Cruz Fatuda, Gavin Mitchell, Huxley Morrell, Liam Mcintosh",1,28,0.5,1.0,0,0,1,0,0,0,0,0,0,0,0,1,1,0,0,1,0,1,0,0,2,0,0,0,0,0,1,0,2,1,3,0,0,0,0,0,1.0,1.0,0,0,0,0,0,0,0,0,0,0,0,0,0,0,0,0,0,0,0,0,0,0,0,0,0,0,0,0,0,0,0,0,0,0,0,0,0,0,0
Itchen College EABL,"Benjamin Cope, Elijah Lotriet, Ethan Round, Javen Osei-Owusu, Mason Yeates",City of London Academy - Southwark EABL,"Andrew Nwokolo, Daniel Banjoko, David Banjoko, Rafi Testfay, Toby Gass",1,28,0.5,1.0,2,1,1,100,0,0,0,0,0,0,0,1,1,0,0,0,0,0,0,0,1,0,0,1,0,0,0,0,0,0,0,0,0,0,0,1,1.0,1.0,200,0,200,0,200,-200,2,0,0,0,0,0,0,0,0,0,0,0,0,0,0,0,0,0,0,0,0,0,0,0,0,0,0,0,0,0,0,0,0
Itchen College EABL,"Elijah Lotriet, Ethan Round, Marley Edwards, Mason Yeates, Richard Radu",City of London Academy - Southwark EABL,"Andrew Nwokolo, Daniel Banjoko, Rafi Testfay, Ruben Cryer, Sharmake Shirwac",1,17,0.3,1.0,0,0,0,0,0,0,0,0,0,0,0,0,0,0,0,0,1,0,0,0,0,0,0,0,0,0,0,0,0,0,0,0,0,0,1,0,1.0,1.0,0,0,0,0,0,0,0,0,0,0,0,0,0,0,0,0,0,0,0,0,0,0,0,0,0,0,0,0,0,0,0,0,0,0,0,0,0,0,0
Charnwood College Riders EABL,"Davin Hanousek, Fahad Saeed, Tom Pearson, Tristan Curran, Zavier Gleadell-Smith",Manchester Magic Academy EABL,"Abraham Sagay Isiorho, Jack Odongo, Nathan Brown, Oluwademilade Babalola, Tom Richardson",1,30,0.5,1.0,0,0,1,0,0,0,0,0,0,0,0,1,1,0,0,0,0,0,0,0,1,0,0,0,0,0,0,0,0,1,1,0,0,0,0,0,1.0,1.0,0,0,0,0,0,0,0,0,0,0,0,0,0,0,0,0,0,0,0,0,0,0,0,0,0,0,0,0,0,0,0,0,0,0,0,0,0,0,0
Charnwood College Riders EABL,"Fahad Saeed, Lewis Stevenson, Rudy Buckingham, Tom Pearson, Zavier Gleadell-Smith",Manchester Magic Academy EABL,"Abraham Sagay Isiorho, Harley Blake, Jack Odongo, Nathan Brown, Oluwademilade Babalola",1,56,0.9,1.0,0,0,1,0,0,0,0,0,0,0,0,0,0,0,0,0,0,0,3,1,1,100,1,1,100,0,0,0,0,0,0,1,0,1,0,0,1.0,1.0,0,300,-300,300,0,300,-3,0,0,0,0,0,0,0,0,0,0,0,0,0,0,0,0,0,0,0,0,0,0,0,0,0,0,0,0,0,0,0,0
Charnwood College Riders EABL,"Asa Oyerinde, Davin Hanousek, Luca Boothe, Pharrell Kattah, Stanley Morris",Manchester Magic Academy EABL,"Abraham Sagay Isiorho, Jack Odongo, Nathan Brown, Oluwademilade Babalola, Tom Richardson",1,7,0.1,1.0,0,0,0,0,0,0,0,0,0,0,0,0,0,0,0,0,1,0,0,0,0,0,0,0,0,0,0,0,0,0,0,0,0,0,1,0,1.0,1.0,0,0,0,0,0,0,0,0,0,0,0,0,0,0,0,0,0,0,0,0,0,0,0,0,0,0,0,0,0,0,0,0,0,0,0,0,0,0,0
Derby College Trailblazers EABL,"Casey Burr, Elias Norman, Julian Lemanski, Kaleel Otaye, Liyo Ngomti",BMET City of Birmingham Rockets EABL,"Abdou Camara, Billy Rose, George Angoy, Guridat Singh, Jonathan Agbeze",1,31,0.5,1.0,0,0,1,0,0,1,0,0,0,0,0,0,0,0,0,0,0,0,0,0,0,0,0,0,0,0,0,0,0,1,1,0,0,0,1,0,1.0,1.0,0,0,0,0,0,0,0,0,0,0,0,0,0,0,0,0,0,0,0,0,0,0,0,0,0,0,0,0,0,0,0,0,0,0,0,0,0,0,0
Myerscough College EABL,"Cesar Sanchez Falette, Fin Morgan, Ivan Idemudia, Jakub Bobkowski, Layjuan Farrell",SGS College EABL,"Dylan Lloyd, Imam Toure, Kevin Ramirez Mora, Luka Matthews, Shaquan Nelson",1,80,1.3,1.0,0,0,2,0,0,2,0,0,0,0,1,0,1,0,0,0,0,1,4,2,3,66.7,0,0,0,0,0,0,1,0,1,1,0,0,0,0,0.1,1.9,0,207.3,-207.3,207.3,0,207.3,-4,0,0,0,0,0,0,0,0,0,0,0,0,0,0,0,0,0,0,0,0,0,0,0,0,0,0,0,0,0,0,0,0
Myerscough College EABL,"Cesar Sanchez Falette, Fin Morgan, Ivan Idemudia, Layjuan Farrell, Nathaniel Byfield",SGS College EABL,"Imam Toure, Kevin Ramirez Mora, Luka Matthews, Marcos Perez Tosca, Shaquan Nelson",1,46,0.8,1.0,0,0,0,0,0,0,0,0,0,0,0,0,0,0,1,0,0,0,0,0,1,0,0,1,0,0,0,0,0,0,0,0,0,0,1,1,0.1,2.0,0,0,0,0,0,0,0,0,0,0,0,0,0,0,0,0,0,0,0,0,0,0,0,0,0,0,0,0,0,0,0,0,0,0,0,0,0,0,0
Myerscough College EABL,"Harry Sheehan, Ivan Idemudia, Layjuan Farrell, Nathaniel Byfield, Olivier Esingle",SGS College EABL,"Antoine Bennett, Imam Toure, Luka Matthews, Marcos Perez Tosca, Shaquan Nelson",1,36,0.6,1.0,0,0,1,0,0,0,0,0,0,0,0,0,0,0,0,0,0,0,2,1,2,50,0,0,0,0,0,0,1,1,2,0,0,0,0,2,1.0,0.9,0,215.1,-215.1,215.1,0,215.1,-2,0,0,0,0,0,0,0,0,0,0,0,0,0,0,0,0,0,0,0,0,0,0,0,0,0,0,0,0,0,0,0,0
Oaklands Wolves EABL,"Daniel Kostadinov, Gavin Mitchell, Guisepi Augenti, Liam Mcintosh, Tristan Mcintosh",Copleston High School EABL,"Isaac Little, Luke Read, Matthew Liddamore, Noah Wilkinson, Timothy Rafiu",1,44,0.7,1.0,2,1,2,50,0,1,0,0,0,0,1,1,2,0,0,0,0,0,0,0,1,0,0,1,0,0,0,0,0,0,0,0,0,0,0,0,0.9,1.0,215.1,0,215.1,0,215.1,-215.1,2,0,0,0,0,0,0,0,0,0,0,0,0,0,0,0,0,0,0,0,0,0,0,0,0,0,0,0,0,0,0,0,0
Oaklands Wolves EABL,"Ethan Ryan, Gavin Mitchell, Huxley Morrell, Liam Mcintosh, Tristan Mcintosh",Copleston High School EABL,"Callum Fobister, Elijah Tamakloe, Luke Read, Matthew Liddamore, Noah Wilkinson",1,27,0.5,1.0,0,0,0,0,0,0,0,0,0,0,0,0,0,0,0,0,1,1,0,0,1,0,0,1,0,0,0,0,0,0,0,0,1,0,0,0,1.0,1.0,0,0,0,0,0,0,0,0,0,0,0,0,0,0,0,0,0,0,0,0,0,0,0,0,0,0,0,0,0,0,0,0,0,0,0,0,0,0,0
Copleston High School EABL,"Elijah Tamakloe, Isaac Carty-Peters, Isaac Little, Matthew Liddamore, Timothy Rafiu",Itchen College EABL,"Ethan Round, Javen Osei-Owusu, Marley Edwards, Reuel Matthias, Thomas Blower",1,33,0.6,1.0,0,0,2,0,0,1,0,0,0,0,1,0,1,0,0,0,0,0,0,0,0,0,0,0,0,0,0,0,0,1,1,0,0,0,1,1,0.9,1.0,0,0,0,0,0,0,0,0,0,0,0,0,0,0,0,0,0,0,0,0,0,0,0,0,0,0,0,0,0,0,0,0,0,0,0,0,0,0,0
Copleston High School EABL,"Elijah Tamakloe, Isaac Carty-Peters, Matthew Liddamore, Noah Wilkinson, Timothy Rafiu",Itchen College EABL,"Ethan Round, Jakub Ofman, Leo Diala-Bevan, Richard Radu, Thomas Blower",1,53,0.9,1.0,3,1,2,50,1,2,50,0,0,0,1,0,1,1,0,0,0,0,2,1,1,100,0,0,0,0,0,0,0,0,0,0,0,0,0,0,0.9,1.0,322.6,200,122.6,200,322.6,-122.6,1,0,0,0,0,0,0,0,0,0,0,0,0,0,0,0,0,0,0,0,0,0,0,0,0,0,0,0,0,0,0,0,0
Copleston High School EABL,"Isaac Carty-Peters, Isaac Little, Mason Wells, Matthew Liddamore, Noah Wilkinson",Itchen College EABL,"George Andrews, Marley Edwards, Reuel Matthias, Richard Radu, Thomas Blower",1,18,0.3,1.0,3,1,1,100,1,1,100,0,0,0,0,0,0,1,0,0,0,0,2,1,1,100,0,0,0,0,0,0,0,0,0,1,0,0,0,0,1.0,1.0,300,200,100,200,300,-100,1,0,0,0,0,0,0,0,0,0,0,0,0,0,0,0,0,0,0,0,0,0,0,0,0,0,0,0,0,0,0,0,0
Charnwood College Riders EABL,"Asa Oyerinde, Lewis Stevenson, Luca Boothe, Pharrell Kattah, Tom Pearson",Derby College Trailblazers EABL,"Elias Norman, Elias Rice, Karim Zidonis, Liyo Ngomti, William Tallon",1,46,0.8,1.0,2,1,1,100,0,0,0,0,0,0,0,1,1,1,0,0,0,1,0,0,2,0,0,1,0,0,0,0,1,0,1,0,0,0,0,0,1.0,0.9,200,0,200,0,200,-200,2,0,0,0,0,0,0,0,0,0,0,0,0,0,0,0,0,0,0,0,0,0,0,0,0,0,0,0,0,0,0,0,0
Charnwood College Riders EABL,"Asa Oyerinde, Davin Hanousek, Lewis Stevenson, Pharrell Kattah, Rudy Buckingham",Derby College Trailblazers EABL,"Casey Burr, Elias Norman, Elias Rice, George Pastor, Rohan Hobday",1,36,0.6,1.0,0,0,1,0,0,0,0,0,0,0,0,0,0,0,0,0,0,0,2,1,1,100,0,0,0,0,0,0,0,1,1,1,0,0,0,1,1.0,1.0,0,200,-200,200,0,200,-2,0,0,0,0,0,0,0,0,0,0,0,0,0,0,0,0,0,0,0,0,0,0,0,0,0,0,0,0,0,0,0,0
Charnwood College Riders EABL,"Asa Oyerinde, Pharrell Kattah, Rudy Buckingham, Stanley Morris, Tristan Curran",Derby College Trailblazers EABL,"Casey Burr, Elias Rice, Finley Tuck, Liyo Ngomti, Rohan Hobday",1,15,0.2,1.0,2,1,1,100,0,0,0,0,0,0,0,0,0,1,0,0,0,0,2,1,1,100,0,0,0,0,0,0,0,0,0,1,0,0,0,0,1.0,1.0,200,200,0,200,200,0,0,0,0,0,0,0,0,0,0,0,0,0,0,0,0,0,0,0,0,0,0,0,0,0,0,0,0,0,0,0,0,0,0
Charnwood College Riders EABL,"Asa Oyerinde, Pharrell Kattah, Rudy Buckingham, Stanley Morris, Tristan Curran",Derby College Trailblazers EABL,"Casey Burr, Elias Norman, Elias Rice, George Pastor, Rohan Hobday",1,35,0.6,1.0,0,0,0,0,0,0,0,0,0,0,0,0,0,0,0,0,1,0,0,0,0,0,0,0,0,0,0,0,0,0,0,0,0,0,1,0,1.0,1.0,0,0,0,0,0,0,0,0,0,0,0,0,0,0,0,0,0,0,0,0,0,0,0,0,0,0,0,0,0,0,0,0,0,0,0,0,0,0,0
Charnwood College Riders EABL,"Asa Oyerinde, Pharrell Kattah, Rudy Buckingham, Stanley Morris, Tristan Curran",Derby College Trailblazers EABL,"Casey Burr, George Pastor, Jarom Howlett, Julian Lemanski, Liyo Ngomti",1,26,0.4,1.0,0,0,0,0,0,0,0,0,0,0,0,0,0,0,0,0,1,0,3,1,1,100,1,1,100,0,0,0,0,0,0,1,0,0,0,0,1.0,1.0,0,300,-300,300,0,300,-3,0,0,0,0,0,0,0,0,0,0,0,0,0,0,0,0,0,0,0,0,0,0,0,0,0,0,0,0,0,0,0,0
Manchester Magic Academy EABL,"Abraham Sagay Isiorho, Harley Blake, Jack Odongo, Nathan Brown, Oluwademilade Babalola",Myerscough College EABL,"Cesar Sanchez Falette, Harry Sheehan, Olivier Esingle, Sayomi Latidan, Zach Trezvant",1,14,0.2,1.0,0,0,0,0,0,0,0,0,0,0,0,0,0,0,0,0,1,0,2,1,1,100,0,0,0,0,0,0,0,0,0,0,0,0,0,0,1.0,1.0,0,200,-200,200,0,200,-2,0,0,0,0,0,0,0,0,0,0,0,0,0,0,0,0,0,0,0,0,0,0,0,0,0,0,0,0,0,0,0,0
Manchester Magic Academy EABL,"Abraham Sagay Isiorho, Jack Walton, Lewis Clayton, Oluwademilade Babalola, Samy Sidi-Boumedine",Myerscough College EABL,"Cesar Sanchez Falette, Daniel Okhuoya, Harry Sheehan, Jakub Bobkowski, Sayomi Latidan",1,25,0.4,1.0,2,1,2,50,0,1,0,0,0,0,1,1,2,0,0,0,0,0,0,0,1,0,0,1,0,0,0,0,0,0,0,0,0,0,0,1,0.9,1.0,215.1,0,215.1,0,215.1,-215.1,2,0,0,0,0,0,0,0,0,0,0,0,0,0,0,0,0,0,0,0,0,0,0,0,0,0,0,0,0,0,0,0,0
Manchester Magic Academy EABL,"Abraham Sagay Isiorho, David Allotey, Harley Blake, Jack Odongo, Oluwademilade Babalola",Myerscough College EABL,"Cesar Sanchez Falette, Harry Sheehan, Olivier Esingle, Salomi Latidan, Zach Trezvant",1,32,0.5,1.0,3,1,1,100,1,1,100,0,0,0,0,0,0,0,0,0,0,1,0,0,1,0,0,1,0,0,0,0,0,0,0,0,0,0,0,0,1.0,1.0,300,0,300,0,300,-300,3,0,0,0,0,0,0,0,0,0,0,0,0,0,0,0,0,0,0,0,0,0,0,0,0,0,0,0,0,0,0,0,0
SGS College EABL,"Kash Rands, Kayden Richards, Luka Matthews, Marcos Perez Tosca, Shaquan Nelson",BMET City of Birmingham Rockets EABL,"George Angoy, Jude Hyland, Larry Duru, Patrick Walsh, Philip Basioudis",1,39,0.7,1.0,0,0,0,0,0,0,0,0,0,0,0,0,0,0,0,0,1,0,3,1,1,100,1,1,100,0,0,0,0,0,0,1,0,0,0,0,1.0,1.0,0,300,-300,300,0,300,-3,0,0,0,0,0,0,0,0,0,0,0,0,0,0,0,0,0,0,0,0,0,0,0,0,0,0,0,0,0,0,0,0
Oaklands Wolves EABL,"Daniel Kostadinov, Dylan Gladstone, Enzo Da Cruz Fatuda, Gavin Mitchell, Liam Mcintosh",HHS Reading Rockets EABL,"Ethan Harrington, James Waterhouse, Joseph Mackinnon, Matthew Daines, Nicholas Dent",1,29,0.5,1.0,2,1,1,100,0,0,0,0,0,0,0,0,0,0,1,0,0,1,0,0,0,0,0,0,0,0,0,0,0,0,0,0,0,0,1,0,1.0,1.0,200,0,200,0,200,-200,2,0,0,0,0,0,0,0,0,0,0,0,0,0,0,0,0,0,0,0,0,0,0,0,0,0,0,0,0,0,0,0,0
Itchen College EABL,"Ethan Round, George Andrews, Jakub Ofman, Mason Yeates, Richard Radu",Oaklands Wolves EABL,"Dylan Gladstone, Enzo Da Cruz Fatuda, Ethan Ryan, Huxley Morrell, Tristan Mcintosh",1,53,0.9,1.0,2,1,1,100,0,0,0,0,0,0,0,1,1,1,0,0,0,0,0,0,1,0,0,0,0,0,0,0,0,0,0,0,0,0,0,1,1.0,1.0,200,0,200,0,200,-200,2,0,0,0,0,0,0,0,0,0,0,0,0,0,0,0,0,0,0,0,0,0,0,0,0,0,0,0,0,0,0,0,0
Itchen College EABL,"George Andrews, Jakub Ofman, Mason Yeates, Richard Radu, Thomas Blower",Oaklands Wolves EABL,"Enzo Da Cruz Fatuda, Ethan Ryan, Gavin Mitchell, Huxley Morrell, Liam Mcintosh",1,39,0.7,1.0,2,1,2,50,0,0,0,0,0,0,1,1,2,1,0,0,0,0,0,0,1,0,0,0,0,0,0,0,0,0,0,0,0,0,0,0,0.9,1.0,215.1,0,215.1,0,215.1,-215.1,2,0,0,0,0,0,0,0,0,0,0,0,0,0,0,0,0,0,0,0,0,0,0,0,0,0,0,0,0,0,0,0,0
Derby College Trailblazers EABL,"Casey Burr, Elias Rice, George Pastor, Matheo Smith-Fjordland, William Tallon",Manchester Magic Academy EABL,"Harley Blake, Jack Walton, Oluwademilade Babalola, Tiego Weekes, Tom Richardson",1,22,0.4,1.0,2,1,2,50,0,1,0,0,0,0,1,0,1,0,0,0,0,0,0,0,0,0,0,0,0,0,0,0,0,0,0,0,0,0,1,0,0.9,1.0,215.1,0,215.1,0,215.1,-215.1,2,0,0,0,0,0,0,0,0,0,0,0,0,0,0,0,0,0,0,0,0,0,0,0,0,0,0,0,0,0,0,0,0
Derby College Trailblazers EABL,"Casey Burr, Elias Norman, Elias Rice, George Pastor, William Tallon",Manchester Magic Academy EABL,"Harley Blake, Jack Walton, Lewis Clayton, Oluwademilade Babalola, Samy Sidi-Boumedine",1,26,0.4,1.0,0,0,1,0,0,0,0,0,0,0,0,0,0,0,0,0,0,0,0,0,0,0,0,0,0,0,0,0,0,1,1,0,0,0,1,0,1.0,1.0,0,0,0,0,0,0,0,0,0,0,0,0,0,0,0,0,0,0,0,0,0,0,0,0,0,0,0,0,0,0,0,0,0,0,0,0,0,0,0
SGS College EABL,"Abubakar Odowa, Dylan Lloyd, Kayden Richards, Shaquan Nelson, Zion Lawson",Charnwood College Riders EABL,"James Hardy, Lewis Stevenson, Okeri Hambira, Tristan Curran, Zavier Gleadell-Smith",1,45,0.8,1.0,0,0,0,0,0,0,0,0,0,0,0,1,1,0,0,0,1,0,0,0,1,0,0,1,0,0,0,0,0,0,0,0,1,0,0,1,1.0,1.0,0,0,0,0,0,0,0,0,0,0,0,0,0,0,0,0,0,0,0,0,0,0,0,0,0,0,0,0,0,0,0,0,0,0,0,0,0,0,0
SGS College EABL,"Abubakar Odowa, Imam Toure, Kevin Ramirez Mora, Shaquan Nelson, Zion Lawson",Charnwood College Riders EABL,"Andrew Young, Fahad Saeed, James Hardy, Lewis Stevenson, Okeri Hambira",1,41,0.7,1.0,0,0,0,0,0,0,0,0,0,0,0,1,1,0,0,0,1,0,0,0,2,0,0,1,0,0,0,0,1,0,1,0,0,0,0,0,1.0,0.9,0,0,0,0,0,0,0,0,0,0,0,0,0,0,0,0,0,0,0,0,0,0,0,0,0,0,0,0,0,0,0,0,0,0,0,0,0,0,0
Barking Abbey EABL,"Francesco Cole, Joshua Mendes, Kervy Mabaya, Kimbe N'gabala, Oskaras Visockas",Copleston High School EABL,"Isaac Carty-Peters, Isaac Little, Matthew Liddamore, Noah Wilkinson, Timothy Rafiu",1,48,0.8,1.0,2,1,1,100,0,0,0,0,0,0,0,0,0,1,1,1,0,0,0,0,1,0,0,0,0,0,0,0,1,0,1,0,0,0,1,1,1.0,0.9,200,0,200,0,200,-200,2,0,0,0,0,0,0,0,0,0,0,0,0,0,0,0,0,0,0,0,0,0,0,0,0,0,0,0,0,0,0,0,0
Barking Abbey EABL,"Alexanda Nwabueze, Harry Egbayelo, Kervy Mabaya, Kimbe N'gabala, Oskaras Visockas",Copleston High School EABL,"Angus Hickey, Isaac Carty-Peters, Matthew Liddamore, Noah Wilkinson, Timothy Rafiu",1,70,1.2,1.0,0,0,2,0,0,2,0,0,0,0,1,2,3,0,0,0,0,0,0,0,2,0,0,1,0,0,0,0,0,0,0,0,0,0,0,0,0.1,2.0,0,0,0,0,0,0,0,0,0,0,0,0,0,0,0,0,0,0,0,0,0,0,0,0,0,0,0,0,0,0,0,0,0,0,0,0,0,0,0
City of London Academy - Southwark EABL,"Andrew Nwokolo, Bilal Olowoshile, David Banjoko, Louis Thompson, Rafi Testfay",HHS Reading Rockets EABL,"Joseph Mackinnon, Lazure Franicis, Luca Bakary, Malachi Hassan-Taylor, Matthew Daines",1,68,1.1,1.0,2,1,1,100,0,0,0,0,0,0,0,0,0,0,0,0,0,0,0,0,1,0,0,1,0,0,0,0,0,0,0,0,0,0,0,0,1.0,1.0,200,0,200,0,200,-200,2,0,0,0,0,0,0,0,0,0,0,0,0,0,0,0,0,0,0,0,0,0,0,0,0,0,0,0,0,0,0,0,0
Barking Abbey EABL,"Amari Maitland, Joshua Mendes, Micael Filho, Oskaras Visockas, Raphael Connolly",Itchen College EABL,"Benjamin Cope, Dawid Cimochowski, Ethan Round, Javen Osei-Owusu, Thomas Blower",1,49,0.8,1.0,0,0,1,0,0,0,0,0,0,0,0,1,1,0,0,0,0,0,0,0,1,0,0,1,0,0,0,0,0,0,0,0,0,0,0,1,1.0,1.0,0,0,0,0,0,0,0,0,0,0,0,0,0,0,0,0,0,0,0,0,0,0,0,0,0,0,0,0,0,0,0,0,0,0,0,0,0,0,0
City of London Academy - Southwark EABL,"Daniel Banjoko, David Banjoko, Nyakeh Senessie, Ruben Cryer, Toby Gass",Copleston High School EABL,"Angus Hickey, Isaac Little, Matthew Liddamore, Oliver Drane, Timothy Rafiu",1,21,0.3,1.0,2,1,1,100,0,0,0,0,0,0,0,0,0,1,1,0,0,0,0,0,0,0,0,0,0,0,0,0,0,0,0,0,0,0,1,0,1.0,1.0,200,0,200,0,200,-200,2,0,0,0,0,0,0,0,0,0,0,0,0,0,0,0,0,0,0,0,0,0,0,0,0,0,0,0,0,0,0,0,0
HHS Reading Rockets EABL,"Can Okumus, James Waterhouse, Joseph Mackinnon, Malachi Hassan-Taylor, Matthew Daines",Oaklands Wolves EABL,"Enzo Da Cruz Fatuda, Gavin Mitchell, Huxley Morrell, Liam Mcintosh, Tristan Mcintosh",1,41,0.7,1.0,2,1,1,100,0,0,0,0,0,0,0,1,1,0,0,0,0,0,0,0,1,0,0,1,0,0,0,0,0,0,0,0,0,0,0,1,1.0,1.0,200,0,200,0,200,-200,2,0,0,0,0,0,0,0,0,0,0,0,0,0,0,0,0,0,0,0,0,0,0,0,0,0,0,0,0,0,0,0,0
Barking Abbey EABL,"Alexanda Nwabueze, Heath Parkin, Joshua Mendes, Kervy Mabaya, Micael Filho",City of London Academy - Southwark EABL,"Andrew Nwokolo, Bilal Olowoshile, Daniel Banjoko, David Banjoko, Jacob Hannick",1,3,0.1,1.0,0,0,0,0,0,0,0,0,0,0,0,1,1,0,0,1,1,0,0,0,1,0,0,0,0,0,0,0,0,0,0,0,1,0,0,0,1.0,1.0,0,0,0,0,0,0,0,0,0,0,0,0,0,0,0,0,0,0,0,0,0,0,0,0,0,0,0,0,0,0,0,0,0,0,0,0,0,0,0
Barking Abbey EABL,"Alexanda Nwabueze, Kervy Mabaya, Kimbe N'gabala, Oskaras Visockas",City of London Academy - Southwark EABL,"Alex Morentin, Daniel Banjoko, David Banjoko, Jacob Hannick, Toby Gass",1,1,0.0,1.0,0,0,1,0,0,0,0,0,0,0,0,1,1,0,0,0,0,0,0,0,1,0,0,0,0,0,0,0,0,1,1,0,0,1,0,0,1.0,1.0,0,0,0,0,0,0,0,0,0,0,0,0,0,0,0,0,0,0,0,0,0,0,0,0,0,0,0,0,0,0,0,0,0,0,0,0,0,0,0
Barking Abbey EABL,"Alexanda Nwabueze, Kervy Mabaya, Kimbe N'gabala, Oskaras Visockas",City of London Academy - Southwark EABL,"Andrew Nwokolo, Daniel Banjoko, David Banjoko, Jacob Hannick, Toby Gass",1,141,2.4,1.0,0,0,1,0,0,1,0,0,0,0,0,1,1,0,0,0,0,0,0,0,1,0,0,1,0,0,0,0,0,0,0,0,0,0,0,0,1.0,1.0,0,0,0,0,0,0,0,0,0,0,0,0,0,0,0,0,0,0,0,0,0,0,0,0,0,0,0,0,0,0,0,0,0,0,0,0,0,0,0
Barking Abbey EABL,"Alexanda Nwabueze, Joshua Mendes, Kimbe N'gabala, Oskaras Visockas, Raphael Connolly",City of London Academy - Southwark EABL,"Bilal Olowoshile, Daniel Banjoko, Jacob Hannick, Ruben Cryer, Toby Gass",1,37,0.6,1.0,0,0,1,0,0,0,0,0,0,0,0,0,0,0,0,0,0,0,3,1,1,100,1,1,100,0,0,0,0,0,0,1,0,0,0,0,1.0,1.0,0,300,-300,300,0,300,-3,0,0,0,0,0,0,0,0,0,0,0,0,0,0,0,0,0,0,0,0,0,0,0,0,0,0,0,0,0,0,0,0
Barking Abbey EABL,"Alexanda Nwabueze, Heath Parkin, Joshua Mendes, Micael Filho, Oskaras Visockas",City of London Academy - Southwark EABL,"Andrew Nwokolo, David Banjoko, Jacob Hannick, Louis Thompson, Toby Gass",1,74,1.2,1.0,0,0,1,0,0,1,0,0,0,0,0,1,1,0,0,0,0,0,0,0,1,0,0,1,0,0,0,0,0,0,0,0,0,0,0,0,1.0,1.0,0,0,0,0,0,0,0,0,0,0,0,0,0,0,0,0,0,0,0,0,0,0,0,0,0,0,0,0,0,0,0,0,0,0,0,0,0,0,0
Barking Abbey EABL,"Alexanda Nwabueze, Heath Parkin, Joshua Mendes, Micael Filho, Raphael Connolly",City of London Academy - Southwark EABL,"Andrew Nwokolo, David Banjoko, Jacob Hannick, Louis Thompson, Toby Gass",1,32,0.5,1.0,3,1,1,100,1,1,100,0,0,0,0,1,1,1,0,0,0,0,0,0,1,0,0,0,0,0,0,0,0,0,0,0,0,0,0,0,1.0,1.0,300,0,300,0,300,-300,3,0,0,0,0,0,0,0,0,0,0,0,0,0,0,0,0,0,0,0,0,0,0,0,0,0,0,0,0,0,0,0,0
Itchen College EABL,"Benjamin Cope, Dawid Cimochowski, Elijah Lotriet, Ethan Round, Javen Osei-Owusu",Barking Abbey EABL,"Alaxanda Nwabueze, Amari Maitland, Joshua Mendes, Raphael Connolly, Solomon Dobson Smith",1,16,0.3,1.0,0,0,0,0,0,0,0,0,0,0,0,0,0,0,0,0,1,0,0,0,0,0,0,0,0,0,0,0,0,0,0,0,0,0,1,0,1.0,1.0,0,0,0,0,0,0,0,0,0,0,0,0,0,0,0,0,0,0,0,0,0,0,0,0,0,0,0,0,0,0,0,0,0,0,0,0,0,0,0
Itchen College EABL,"Benjamin Cope, Ethan Round, Jakub Ofman, Javen Osei-Owusu, Mason Yeates",Barking Abbey EABL,"Alaxanda Nwabueze, Amari Maitland, Folarin Oguntuase, Raphael Connolly, Solomon Dobson Smith",1,26,0.4,1.0,2,1,2,50,0,0,0,0,0,0,1,0,1,0,0,0,0,0,0,0,0,0,0,0,0,0,0,0,0,0,0,0,0,0,1,0,0.9,1.0,215.1,0,215.1,0,215.1,-215.1,2,0,0,0,0,0,0,0,0,0,0,0,0,0,0,0,0,0,0,0,0,0,0,0,0,0,0,0,0,0,0,0,0
Itchen College EABL,"Benjamin Cope, Ethan Round, Jakub Ofman, Javen Osei-Owusu, Mason Yeates",Barking Abbey EABL,"Alaxanda Nwabueze, Joshua Mendes, Micael Filho, Raphael Connolly, Solomon Dobson Smith",1,25,0.4,1.0,2,1,1,100,0,0,0,0,0,0,0,1,1,1,0,0,0,0,0,0,1,0,0,0,0,0,0,0,0,0,0,0,0,0,0,0,1.0,1.0,200,0,200,0,200,-200,2,0,0,0,0,0,0,0,0,0,0,0,0,0,0,0,0,0,0,0,0,0,0,0,0,0,0,0,0,0,0,0,0
Derby College Trailblazers EABL,"Casey Burr, Elias Norman, Elias Rice, George Pastor, William Tallon",SGS College EABL,"Dylan Lloyd, Imam Toure, Kevin Ramirez Mora, Marcos Perez Tosca, Martin Alburo",1,46,0.8,1.0,2,1,2,50,0,1,0,0,0,0,1,0,1,1,0,0,0,0,0,0,0,0,0,0,0,0,0,0,0,0,0,0,0,0,1,0,0.9,1.0,215.1,0,215.1,0,215.1,-215.1,2,0,0,0,0,0,0,0,0,0,0,0,0,0,0,0,0,0,0,0,0,0,0,0,0,0,0,0,0,0,0,0,0
Manchester Magic Academy EABL,"Abraham Sagay Isiorho, Harley Blake, Jack Odongo, Lewis Clayton, Samy Sidi-Boumedine",BMET City of Birmingham Rockets EABL,"Abdou Camara, Jonathan Agbeze, Jude Hyland, Larry Duru, Philip Basioudis",1,66,1.1,1.0,3,1,1,100,1,1,100,0,0,0,0,0,0,1,1,0,0,0,0,0,0,0,0,0,0,0,0,0,0,0,0,0,0,0,1,1,1.0,1.0,300,0,300,0,300,-300,3,0,0,0,0,0,0,0,0,0,0,0,0,0,0,0,0,0,0,0,0,0,0,0,0,0,0,0,0,0,0,0,0
Manchester Magic Academy EABL,"Abraham Sagay Isiorho, David Allotey, Jack Walton, Tarique Kamal Kazmi, Tom Richardson",BMET City of Birmingham Rockets EABL,"Abdou Camara, Billy Rose, George Angoy, Guridat Singh, Patrick Walsh",1,19,0.3,1.0,0,0,0,0,0,0,0,0,0,0,0,1,1,0,0,0,1,0,0,0,1,0,0,1,0,0,0,0,0,0,0,0,0,0,0,0,1.0,1.0,0,0,0,0,0,0,0,0,0,0,0,0,0,0,0,0,0,0,0,0,0,0,0,0,0,0,0,0,0,0,0,0,0,0,0,0,0,0,0
Manchester Magic Academy EABL,"Abraham Sagay Isiorho, Allan Adetula, Jack Odongo, Samy Sidi-Boumedine, Tiego Weekes",BMET City of Birmingham Rockets EABL,"Abdou Camara, Jonathan Agbeze, Jude Hyland, Larry Duru, Patrick Walsh",1,35,0.6,1.0,2,1,1,100,0,0,0,0,0,0,0,0,0,1,1,0,0,1,0,0,0,0,0,0,0,0,0,0,0,0,0,0,0,0,1,0,1.0,1.0,200,0,200,0,200,-200,2,0,0,0,0,0,0,0,0,0,0,0,0,0,0,0,0,0,0,0,0,0,0,0,0,0,0,0,0,0,0,0,0
Myerscough College EABL,"Cesar Sanchez Falette, Harry Sheehan, Jakub Bobkowski, Sayomi Latidan, Zach Trezvant",Charnwood College Riders EABL,"Andrew Young, Lewis Stevenson, Luca Boothe, Tom Pearson, Zavier Gleadell-Smith",1,46,0.8,1.0,2,1,1,100,0,0,0,0,0,0,0,1,1,1,0,0,0,0,0,0,1,0,0,0,0,0,0,0,0,0,0,0,0,0,0,1,1.0,1.0,200,0,200,0,200,-200,2,0,0,0,0,0,0,0,0,0,0,0,0,0,0,0,0,0,0,0,0,0,0,0,0,0,0,0,0,0,0,0,0
Myerscough College EABL,"Cesar Sanchez Falette, Fin Morgan, Jakub Bobkowski, Sayomi Latidan, Zach Trezvant",Charnwood College Riders EABL,"Andrew Young, Lewis Stevenson, Luca Boothe, Stanley Morris, Tom Pearson",1,29,0.5,1.0,0,0,0,0,0,0,0,0,0,0,0,0,0,0,0,0,1,0,0,0,0,0,0,0,0,0,0,0,0,0,0,0,0,0,1,0,1.0,1.0,0,0,0,0,0,0,0,0,0,0,0,0,0,0,0,0,0,0,0,0,0,0,0,0,0,0,0,0,0,0,0,0,0,0,0,0,0,0,0
Myerscough College EABL,"Fin Morgan, Jakub Bobkowski, Olivier Esingle, Sayomi Latidan, Zach Trezvant",Charnwood College Riders EABL,"Asa Oyerinde, Pharrell Kattah, Rudy Buckingham, Tristan Curran, Zavier Gleadell-Smith",1,43,0.7,1.0,0,0,1,0,0,1,0,0,0,0,1,0,1,0,0,0,1,1,3,1,1,100,1,1,100,0,0,0,0,0,0,1,1,0,0,0,0.9,1.0,0,300,-300,300,0,300,-3,0,0,0,0,0,0,0,0,0,0,0,0,0,0,0,0,0,0,0,0,0,0,0,0,0,0,0,0,0,0,0,0
Myerscough College EABL,"Ayo Ibirinde, Harry Sheehan, Layjuan Farrell, Olivier Esingle, Salomi Latidan",Charnwood College Riders EABL,"Okeri Hambira, Pharrell Kattah, Rudy Buckingham, Tristan Curran, Zavier Gleadell-Smith",1,65,1.1,1.0,2,1,1,100,0,0,0,0,0,0,0,0,0,1,1,0,0,0,0,0,0,0,0,0,0,0,0,0,0,0,0,0,0,0,1,0,1.0,1.0,200,0,200,0,200,-200,2,0,0,0,0,0,0,0,0,0,0,0,0,0,0,0,0,0,0,0,0,0,0,0,0,0,0,0,0,0,0,0,0
Myerscough College EABL,"Fin Morgan, Harry Sheehan, Jakub Bobkowski, Sayomi Latidan, Zach Trezvant",Charnwood College Riders EABL,"Asa Oyerinde, Okeri Hambira, Pharrell Kattah, Rudy Buckingham, Zavier Gleadell-Smith",1,35,0.6,1.0,3,1,1,100,1,1,100,0,0,0,0,1,1,0,0,1,0,0,0,0,1,0,0,0,0,0,0,0,0,0,0,0,0,0,0,1,1.0,1.0,300,0,300,0,300,-300,3,0,0,0,0,0,0,0,0,0,0,0,0,0,0,0,0,0,0,0,0,0,0,0,0,0,0,0,0,0,0,0,0
Myerscough College EABL,"Cesar Sanchez Falette, Jakub Bobkowski, Olivier Esingle, Salomi Latidan, Zach Trezvant",Charnwood College Riders EABL,"Pharrell Kattah, Rudy Buckingham, Tom Pearson, Tristan Curran, Zavier Gleadell-Smith",1,40,0.7,1.0,0,0,1,0,0,0,0,0,0,0,0,0,0,0,1,0,0,0,0,0,0,0,0,0,0,0,0,0,0,1,1,0,0,0,1,1,1.0,1.0,0,0,0,0,0,0,0,0,0,0,0,0,0,0,0,0,0,0,0,0,0,0,0,0,0,0,0,0,0,0,0,0,0,0,0,0,0,0,0
Oaklands Wolves EABL,"Daniel Kostadinov, Dylan Gladstone, Enzo Da Cruz Fatuda, Gavin Mitchell, Liam Mcintosh",City of London Academy - Southwark EABL,"Bilal Olowoshile, Jacob Hannick, Louis Thompson, Rafi Testfay, Sharmake Shirwac",1,6,0.1,1.0,0,0,1,0,0,0,0,0,0,0,0,0,0,0,0,0,0,0,0,0,0,0,0,0,0,0,0,0,0,1,1,0,0,0,1,0,1.0,1.0,0,0,0,0,0,0,0,0,0,0,0,0,0,0,0,0,0,0,0,0,0,0,0,0,0,0,0,0,0,0,0,0,0,0,0,0,0,0,0
Oaklands Wolves EABL,"Daniel Kostadinov, Dylan Gladstone, Enzo Da Cruz Fatuda, Gavin Mitchell, Liam Mcintosh",City of London Academy - Southwark EABL,"Andrew Nwokolo, Bilal Olowoshile, Jacob Hannick, Rafi Testfay, Sharmake Shirwac",1,88,1.5,1.0,0,0,1,0,0,1,0,0,0,0,0,0,0,0,0,1,0,0,0,0,1,0,0,0,0,0,0,0,0,1,1,0,0,0,0,0,1.0,1.0,0,0,0,0,0,0,0,0,0,0,0,0,0,0,0,0,0,0,0,0,0,0,0,0,0,0,0,0,0,0,0,0,0,0,0,0,0,0,0
Oaklands Wolves EABL,"Daniel Kostadinov, Dylan Gladstone, Enzo Da Cruz Fatuda, Gavin Mitchell, Huxley Morrell",City of London Academy - Southwark EABL,"Dante Patel, David Banjoko, Louis Thompson, Rafi Testfay, Toby Gass",1,31,0.5,1.0,2,1,2,50,0,0,0,0,0,0,1,0,1,0,1,0,0,0,0,0,0,0,0,0,0,0,0,0,0,0,0,0,0,0,1,1,0.9,1.0,215.1,0,215.1,0,215.1,-215.1,2,0,0,0,0,0,0,0,0,0,0,0,0,0,0,0,0,0,0,0,0,0,0,0,0,0,0,0,0,0,0,0,0
Oaklands Wolves EABL,"Blaine Thompson, Daniel Kostadinov, Ethan Ryan, Huxley Morrell, Tristan Mcintosh",City of London Academy - Southwark EABL,"Alex Morentin, Bilal Olowoshile, Jacob Hannick, Rafi Testfay, Sharmake Shirwac",1,41,0.7,1.0,0,0,2,0,0,1,0,0,0,0,1,1,2,0,0,0,0,0,0,0,1,0,0,0,0,0,0,0,0,1,1,0,0,0,0,1,0.9,1.0,0,0,0,0,0,0,0,0,0,0,0,0,0,0,0,0,0,0,0,0,0,0,0,0,0,0,0,0,0,0,0,0,0,0,0,0,0,0,0
HHS Reading Rockets EABL,"Can Okumus, Ethan Harrington, Lazure Francis, Luca Bakary, Matthew Daines",Barking Abbey EABL,"Folarin Oguntuase, Kervy Mabaya, Micael Filho, Oskaras Visockas, Solomon Dobson Smith",1,47,0.8,1.0,0,0,0,0,0,0,0,0,0,0,0,1,1,0,0,0,1,0,0,0,1,0,0,0,0,0,0,0,0,0,0,0,0,0,0,0,1.0,1.0,0,0,0,0,0,0,0,0,0,0,0,0,0,0,0,0,0,0,0,0,0,0,0,0,0,0,0,0,0,0,0,0,0,0,0,0,0,0,0
HHS Reading Rockets EABL,"Ethan Harrington, Lazure Francis, Luca Bakary, Malachi Hassan-Taylor, Matthew Daines",Barking Abbey EABL,"Harry Egbayelo, Joshua Mendes, Kimbe N'gabala, Oskaras Visockas, Raphael Connolly",1,34,0.6,1.0,0,0,1,0,0,1,0,0,0,0,0,1,1,0,0,0,0,0,0,0,1,0,0,0,0,0,0,0,0,1,1,0,0,0,0,0,1.0,1.0,0,0,0,0,0,0,0,0,0,0,0,0,0,0,0,0,0,0,0,0,0,0,0,0,0,0,0,0,0,0,0,0,0,0,0,0,0,0,0
HHS Reading Rockets EABL,"Ethan Harrington, James Waterhouse, Joseph Mackinnon, Lazure Francis, Matthew Daines",Barking Abbey EABL,"Alaxanda Nwabueze, Amari Maitland, Francesco Cole, Kervy Mabaya, Raphael Connolly",1,34,0.6,1.0,0,0,0,0,0,0,0,0,0,0,0,0,0,0,0,0,1,0,0,0,0,0,0,0,0,0,0,0,0,0,0,0,1,0,1,1,1.0,1.0,0,0,0,0,0,0,0,0,0,0,0,0,0,0,0,0,0,0,0,0,0,0,0,0,0,0,0,0,0,0,0,0,0,0,0,0,0,0,0
HHS Reading Rockets EABL,"Ethan Harrington, James Waterhouse, Joseph Mackinnon, Malachi Hassan-Taylor, Matthew Daines",Barking Abbey EABL,"Francesco Cole, Kervy Mabaya, Micael Filho, Oskaras Visockas, Raphael Connolly",1,18,0.3,1.0,0,0,1,0,0,1,0,0,0,0,0,0,0,0,1,0,0,1,0,0,0,0,0,0,0,0,0,0,0,1,1,0,0,0,1,0,1.0,1.0,0,0,0,0,0,0,0,0,0,0,0,0,0,0,0,0,0,0,0,0,0,0,0,0,0,0,0,0,0,0,0,0,0,0,0,0,0,0,0
HHS Reading Rockets EABL,"Can Okumus, Ethan Harrington, Lazure Francis, Luca Bakary, Matthew Daines",Barking Abbey EABL,"Folarin Oguntuase, Kervy Mabaya, Kimbe N'gabala, Oskaras Visockas, Solomon Dobson Smith",1,22,0.4,1.0,2,1,1,100,0,0,0,0,0,0,0,0,0,0,1,0,0,0,0,0,0,0,0,0,0,0,0,0,0,0,0,0,0,0,1,1,1.0,1.0,200,0,200,0,200,-200,2,0,0,0,0,0,0,0,0,0,0,0,0,0,0,0,0,0,0,0,0,0,0,0,0,0,0,0,0,0,0,0,0
Copleston High School EABL,"Isaac Little, Matthew Liddamore, Noah Wilkinson, Oliver Drane, Timothy Rafiu",City of London Academy - Southwark EABL,"Alex Morentin, Andrew Nwokolo, Daniel Banjoko, Rafi Testfay, Sharmake Shirwac",1,15,0.2,1.0,0,0,0,0,0,0,0,0,0,0,0,1,1,0,0,0,0,0,0,0,2,0,0,2,0,0,0,0,0,0,0,0,0,0,0,0,0.1,2.0,0,0,0,0,0,0,0,0,0,0,0,0,0,0,0,0,0,0,0,0,0,0,0,0,0,0,0,0,0,0,0,0,0,0,0,0,0,0,0
SGS College EABL,"Dylan Lloyd, Kayden Richards, Luka Matthews, Martin Alburo, Zion Lawson",Manchester Magic Academy EABL,"David Allotey, Harley Blake, Tarique Kamal Kazmi, Tiego Weekes, Tom Richardson",1,19,0.3,1.0,0,0,0,0,0,0,0,0,0,0,0,0,0,0,0,0,1,0,2,1,2,50,0,0,0,0,0,0,1,0,1,0,1,0,0,1,1.0,0.9,0,215.1,-215.1,215.1,0,215.1,-2,0,0,0,0,0,0,0,0,0,0,0,0,0,0,0,0,0,0,0,0,0,0,0,0,0,0,0,0,0,0,0,0
SGS College EABL,"Imam Toure, Luka Matthews, Marcos Perez Tosca, Ryan Cabrera, Zion Lawson",Manchester Magic Academy EABL,"Abraham Sagay Isiorho, Allan Adetula, Jack Walton, Oluwademilade Babalola, Tarique Kamal Kazmi",1,19,0.3,1.0,0,0,0,0,0,0,0,0,0,0,0,0,0,0,0,0,1,0,3,1,1,100,1,1,100,0,0,0,0,0,0,1,0,0,0,0,1.0,1.0,0,300,-300,300,0,300,-3,0,0,0,0,0,0,0,0,0,0,0,0,0,0,0,0,0,0,0,0,0,0,0,0,0,0,0,0,0,0,0,0
Charnwood College Riders EABL,"Asa Oyerinde, Fahad Saeed, Rudy Buckingham, Tristan Curran, Zavier Gleadell-Smith",BMET City of Birmingham Rockets EABL,"George Angoy, Jonathan Agbeze, Jude Hyland, Larry Duru, Philip Basioudis",1,38,0.6,1.0,0,0,1,0,0,0,0,0,0,0,0,0,0,0,0,0,0,0,2,1,2,50,0,0,0,0,0,0,1,0,1,1,0,0,0,0,1.0,0.9,0,215.1,-215.1,215.1,0,215.1,-2,0,0,0,0,0,0,0,0,0,0,0,0,0,0,0,0,0,0,0,0,0,0,0,0,0,0,0,0,0,0,0,0
Charnwood College Riders EABL,"Andrew Young, Fahad Saeed, Luca Boothe, Pharrell Kattah, Zavier Gleadell-Smith",BMET City of Birmingham Rockets EABL,"George Angoy, Jonathan Agbeze, Larry Duru, Philip Basioudis, Simba Chikukwa",1,51,0.8,1.0,0,0,1,0,0,1,0,0,0,0,0,0,0,0,0,0,0,0,3,1,1,100,1,1,100,0,0,0,0,1,1,1,0,0,0,0,1.0,1.0,0,300,-300,300,0,300,-3,0,0,0,0,0,0,0,0,0,0,0,0,0,0,0,0,0,0,0,0,0,0,0,0,0,0,0,0,0,0,0,0
Charnwood College Riders EABL,"Andrew Young, Fahad Saeed, James Hardy, Luca Boothe, Pharrell Kattah",BMET City of Birmingham Rockets EABL,"George Angoy, Jonathan Agbeze, Larry Duru, Philip Basioudis, Simba Chikukwa",1,30,0.5,1.0,0,0,0,0,0,0,0,0,0,0,0,0,0,0,0,0,1,0,3,1,1,100,1,1,100,0,0,0,0,0,0,0,0,0,0,1,1.0,1.0,0,300,-300,300,0,300,-3,0,0,0,0,0,0,0,0,0,0,0,0,0,0,0,0,0,0,0,0,0,0,0,0,0,0,0,0,0,0,0,0
Charnwood College Riders EABL,"Andrew Young, Fahad Saeed, Pharrell Kattah, Rudy Buckingham, Tom Pearson",BMET City of Birmingham Rockets EABL,"Abdou Camara, Jonathan Agbeze, Larry Duru, Philip Basioudis, Simba Chikukwa",1,40,0.7,1.0,0,0,2,0,0,1,0,0,0,0,1,0,1,0,0,0,0,0,0,0,0,0,0,0,0,0,0,0,0,1,1,0,0,1,1,0,0.9,1.0,0,0,0,0,0,0,0,0,0,0,0,0,0,0,0,0,0,0,0,0,0,0,0,0,0,0,0,0,0,0,0,0,0,0,0,0,0,0,0
Charnwood College Riders EABL,"Asa Oyerinde, Pharrell Kattah, Tom Pearson, Tristan Curran, Zavier Gleadell-Smith",BMET City of Birmingham Rockets EABL,"Abdou Camara, Jonathan Agbeze, Patrick Walsh, Philip Basioudis, Simba Chikukwa",1,12,0.2,1.0,0,0,1,0,0,0,0,0,0,0,0,1,1,0,0,0,0,0,0,0,1,0,0,0,0,0,0,0,0,1,1,0,0,0,0,0,1.0,1.0,0,0,0,0,0,0,0,0,0,0,0,0,0,0,0,0,0,0,0,0,0,0,0,0,0,0,0,0,0,0,0,0,0,0,0,0,0,0,0
Charnwood College Riders EABL,"Asa Oyerinde, Fahad Saeed, Pharrell Kattah, Rudy Buckingham, Tom Pearson",BMET City of Birmingham Rockets EABL,"Jonathan Agbeze, Jude Hyland, Larry Duru, Philip Basioudis, Simba Chikukwa",1,27,0.5,1.0,3,1,1,100,1,1,100,0,0,0,0,0,0,1,0,0,0,0,2,1,1,100,0,0,0,0,0,0,0,0,0,1,0,0,0,0,1.0,1.0,300,200,100,200,300,-100,1,0,0,0,0,0,0,0,0,0,0,0,0,0,0,0,0,0,0,0,0,0,0,0,0,0,0,0,0,0,0,0,0
Charnwood College Riders EABL,"Asa Oyerinde, James Hardy, Pharrell Kattah, Rudy Buckingham, Tom Pearson",BMET City of Birmingham Rockets EABL,"Jonathan Agbeze, Jude Hyland, Larry Duru, Philip Basioudis, Simba Chikukwa",1,28,0.5,1.0,0,0,2,0,0,2,0,0,0,0,1,0,1,0,0,0,0,0,0,0,0,0,0,0,0,0,0,0,0,1,1,0,0,0,1,0,0.9,1.0,0,0,0,0,0,0,0,0,0,0,0,0,0,0,0,0,0,0,0,0,0,0,0,0,0,0,0,0,0,0,0,0,0,0,0,0,0,0,0
Myerscough College EABL,"Ayo Ibirinde, Cesar Sanchez Falette, Harry Sheehan, Olivier Esingle, Sayomi Latidan",Derby College Trailblazers EABL,"Casey Burr, Elias Norman, Julian Lemanski, Rohan Hobday, William Tallon",1,58,1.0,1.0,3,1,2,50,1,2,50,0,0,0,1,0,1,1,0,0,0,1,2,1,1,100,0,0,0,0,0,0,0,0,0,1,0,0,0,0,0.9,1.0,322.6,200,122.6,200,322.6,-122.6,1,0,0,0,0,0,0,0,0,0,0,0,0,0,0,0,0,0,0,0,0,0,0,0,0,0,0,0,0,0,0,0,0
Myerscough College EABL,"Ayo Ibirinde, Harry Sheehan, Jakub Bobkowski, Layjuan Farrell, Zach Trezvant",Derby College Trailblazers EABL,"Casey Burr, Elias Rice, Julian Lemanski, Rohan Hobday, William Tallon",1,24,0.4,1.0,0,0,1,0,0,1,0,0,0,0,0,1,1,0,0,0,0,0,0,0,1,0,0,1,0,0,0,0,0,0,0,0,0,0,0,0,1.0,1.0,0,0,0,0,0,0,0,0,0,0,0,0,0,0,0,0,0,0,0,0,0,0,0,0,0,0,0,0,0,0,0,0,0,0,0,0,0,0,0
Barking Abbey EABL,"Alaxanda Nwabueze, Joshua Mendes, Micael Filho, Oskaras Visockas, Raphael Connolly",Oaklands Wolves EABL,"Daniel Kostadinov, Dylan Gladstone, Enzo Da Cruz Fatuda, Huxley Morrell, Liam Mcintosh",1,25,0.4,1.0,3,1,1,100,1,1,100,0,0,0,0,0,0,1,0,0,0,0,0,0,0,0,0,0,0,0,0,0,0,0,0,0,0,0,1,0,1.0,1.0,300,0,300,0,300,-300,3,0,0,0,0,0,0,0,0,0,0,0,0,0,0,0,0,0,0,0,0,0,0,0,0,0,0,0,0,0,0,0,0
Barking Abbey EABL,"Alaxanda Nwabueze, Kervy Mabaya, Micael Filho, Oskaras Visockas, Solomon Dobson Smith",Oaklands Wolves EABL,"Blaine Thompson, Dylan Gladstone, Enzo Da Cruz Fatuda, Liam Mcintosh, Tristan Mcintosh",1,39,0.7,1.0,0,0,1,0,0,1,0,0,0,0,0,0,0,0,0,0,0,0,0,0,0,0,0,0,0,0,0,0,0,0,0,0,0,0,1,0,1.0,1.0,0,0,0,0,0,0,0,0,0,0,0,0,0,0,0,0,0,0,0,0,0,0,0,0,0,0,0,0,0,0,0,0,0,0,0,0,0,0,0
Barking Abbey EABL,"Alaxanda Nwabueze, Amari Maitland, Joshua Mendes, Oskaras Visockas, Raphael Connolly",Oaklands Wolves EABL,"Blaine Thompson, Daniel Kostadinov, Enzo Da Cruz Fatuda, Huxley Morrell, Liam Mcintosh",1,50,0.8,1.0,2,1,1,100,0,0,0,0,0,0,0,1,1,1,0,0,0,1,0,0,1,0,0,0,0,0,0,0,0,0,0,0,0,0,0,0,1.0,1.0,200,0,200,0,200,-200,2,0,0,0,0,0,0,0,0,0,0,0,0,0,0,0,0,0,0,0,0,0,0,0,0,0,0,0,0,0,0,0,0
Barking Abbey EABL,"Francesco Cole, Harry Egbayelo, Kimbe N'gabala, Raphael Connolly, Solomon Dobson Smith",Oaklands Wolves EABL,"Daniel Kostadinov, Dylan Gladstone, Enzo Da Cruz Fatuda, Liam Mcintosh, Tristan Mcintosh",1,27,0.5,1.0,0,0,0,0,0,0,0,0,0,0,0,0,0,0,0,0,1,1,3,1,1,100,1,1,100,0,0,0,0,0,0,0,1,0,0,0,1.0,1.0,0,300,-300,300,0,300,-3,0,0,0,0,0,0,0,0,0,0,0,0,0,0,0,0,0,0,0,0,0,0,0,0,0,0,0,0,0,0,0,0
HHS Reading Rockets EABL,"Can Okumus, Ethan Harrington, James Waterhouse, Malachi Hassan-Taylor, Matthew Daines",Itchen College EABL,"Elijah Lotriet, Ethan Round, George Andrews, Marley Edwards, Reuel Matthias",1,46,0.8,1.0,2,1,1,100,0,0,0,0,0,0,0,1,1,1,0,0,0,1,0,0,1,0,0,1,0,0,0,0,0,0,0,0,0,0,0,0,1.0,1.0,200,0,200,0,200,-200,2,0,0,0,0,0,0,0,0,0,0,0,0,0,0,0,0,0,0,0,0,0,0,0,0,0,0,0,0,0,0,0,0
HHS Reading Rockets EABL,"Aydan Moloney, Can Okumus, James Waterhouse, Lazure Francis, Matthew Daines",Itchen College EABL,"Benjamin Cope, Dawid Cimochowski, Elijah Lotriet, Ethan Round, Thomas Blower",1,54,0.9,1.0,2,1,1,100,0,0,0,0,0,0,0,0,0,1,0,0,0,1,2,1,1,100,0,0,0,0,0,0,0,0,0,0,0,0,0,1,1.0,1.0,200,200,0,200,200,0,0,0,0,0,0,0,0,0,0,0,0,0,0,0,0,0,0,0,0,0,0,0,0,0,0,0,0,0,0,0,0,0,0
HHS Reading Rockets EABL,"Can Okumus, James Waterhouse, Lazure Francis, Luca Bakary, Malachi Hassan-Taylor",Copleston High School EABL,"Isaac Little, Matthew Liddamore, Noah Wilkinson, Oliver Drane, Timothy Rafiu",1,26,0.4,1.0,0,0,0,0,0,0,0,0,0,0,0,0,0,0,0,0,1,0,2,1,1,100,0,0,0,0,0,0,0,0,0,1,1,0,0,0,1.0,1.0,0,200,-200,200,0,200,-2,0,0,0,0,0,0,0,0,0,0,0,0,0,0,0,0,0,0,0,0,0,0,0,0,0,0,0,0,0,0,0,0
HHS Reading Rockets EABL,"James Waterhouse, Lazure Francis, Luca Bakary, Malachi Hassan-Taylor, Matthew Daines",Copleston High School EABL,"Isaac Little, Matthew Liddamore, Noah Wilkinson, Oliver Drane, Timothy Rafiu",1,44,0.7,1.0,0,0,1,0,0,1,0,0,0,0,1,0,1,0,1,0,1,0,0,0,0,0,0,0,0,0,0,0,0,0,0,0,1,0,1,0,0.9,1.0,0,0,0,0,0,0,0,0,0,0,0,0,0,0,0,0,0,0,0,0,0,0,0,0,0,0,0,0,0,0,0,0,0,0,0,0,0,0,0
HHS Reading Rockets EABL,"Ethan Harrington, James Waterhouse, Luca Bakary, Malachi Hassan-Taylor, Matthew Daines",Copleston High School EABL,"Isaac Little, Matthew Liddamore, Noah Wilkinson, Oliver Drane, Timothy Rafiu",1,14,0.2,1.0,2,1,1,100,0,0,0,0,0,0,0,0,0,1,0,0,0,0,0,0,1,0,0,1,0,0,0,0,0,0,0,0,0,0,0,0,1.0,1.0,200,0,200,0,200,-200,2,0,0,0,0,0,0,0,0,0,0,0,0,0,0,0,0,0,0,0,0,0,0,0,0,0,0,0,0,0,0,0,0
HHS Reading Rockets EABL,"Ethan Harrington, James Waterhouse, Luca Bakary, Malachi Hassan-Taylor, Matthew Daines",Copleston High School EABL,"Callum Fobister, Grant Millar, Isaac Little, Matthew Liddamore, Timothy Rafiu",1,22,0.4,1.0,2,1,1,100,0,0,0,0,0,0,0,0,0,0,1,0,0,0,0,0,0,0,0,0,0,0,0,0,0,0,0,0,0,0,1,0,1.0,1.0,200,0,200,0,200,-200,2,0,0,0,0,0,0,0,0,0,0,0,0,0,0,0,0,0,0,0,0,0,0,0,0,0,0,0,0,0,0,0,0
HHS Reading Rockets EABL,"Ethan Harrington, James Waterhouse, Lazure Francis, Malachi Hassan-Taylor, Matthew Daines",Copleston High School EABL,"Isaac Carty-Peters, Isaac Little, Mason Wells, Matthew Liddamore, Timothy Rafiu",1,36,0.6,1.0,3,1,1,100,1,1,100,0,0,0,0,0,0,1,1,0,0,0,0,0,0,0,0,0,0,0,0,0,0,0,0,0,0,0,1,0,1.0,1.0,300,0,300,0,300,-300,3,0,0,0,0,0,0,0,0,0,0,0,0,0,0,0,0,0,0,0,0,0,0,0,0,0,0,0,0,0,0,0,0
Myerscough College EABL,"Ayo Ibirinde, Fin Morgan, Jakub Bobkowski, Olivier Esingle, Sayomi Latidan",Barking Abbey EABL,"Alaxanda Nwabueze, Joshua Mendes, Kervy Mabaya, Raphael Connolly, Solomon Dobson Smith",1,45,0.8,1.0,0,0,1,0,0,1,0,0,0,0,0,1,1,0,0,0,0,0,0,0,1,0,0,0,0,0,0,0,0,0,0,0,0,1,0,0,1.0,1.0,0,0,0,0,0,0,0,0,0,0,0,0,0,0,0,0,0,0,0,0,0,0,0,0,0,0,0,0,0,0,0,0,0,0,0,0,0,0,0
Myerscough College EABL,"Ayo Ibirinde, Fin Morgan, Jakub Bobkowski, Olivier Esingle, Sayomi Latidan",Barking Abbey EABL,"Kervy Mabaya, Micael Filho, Oskaras Visockas, Raphael Connolly, Solomon Dobson Smith",1,48,0.8,1.0,0,0,1,0,0,1,0,0,0,0,0,0,0,0,0,0,0,0,3,1,1,100,1,1,100,0,0,0,0,0,0,1,0,0,0,1,1.0,1.0,0,300,-300,300,0,300,-3,0,0,0,0,0,0,0,0,0,0,0,0,0,0,0,0,0,0,0,0,0,0,0,0,0,0,0,0,0,0,0,0
Myerscough College EABL,"Cesar Sanchez Falette, Harry Sheehan, Olivier Esingle, Sayomi Latidan, Zach Trezvant",Barking Abbey EABL,"Joshua Mendes, Kervy Mabaya, Oskaras Visockas, Raphael Connolly, Solomon Dobson Smith",1,56,0.9,1.0,2,1,1,100,0,0,0,0,0,0,0,1,1,0,0,0,0,0,0,0,1,0,0,0,0,0,0,0,0,0,0,0,0,0,0,0,1.0,1.0,200,0,200,0,200,-200,2,0,0,0,0,0,0,0,0,0,0,0,0,0,0,0,0,0,0,0,0,0,0,0,0,0,0,0,0,0,0,0,0
Myerscough College EABL,"Ayo Ibirinde, Cesar Sanchez Falette, Harry Sheehan, Olivier Esingle, Sayomi Latidan",Barking Abbey EABL,"Amari Maitland, Joshua Mendes, Kervy Mabaya, Oskaras Visockas, Raphael Connolly",1,34,0.6,1.0,2,1,1,100,0,0,0,0,0,0,0,0,0,0,0,0,0,0,3,1,1,100,1,1,100,0,0,0,0,0,0,1,0,0,0,1,1.0,1.0,200,300,-100,300,200,100,-1,0,0,0,0,0,0,0,0,0,0,0,0,0,0,0,0,0,0,0,0,0,0,0,0,0,0,0,0,0,0,0,0
Myerscough College EABL,"Ayo Ibirinde, Fin Morgan, Jakub Bobkowski, Olivier Esingle, Sayomi Latidan",Barking Abbey EABL,"Francesco Cole, Joshua Mendes, Micael Filho, Oskaras Visockas, Solomon Dobson Smith",1,30,0.5,1.0,0,0,1,0,0,0,0,0,0,0,0,0,0,0,1,0,0,0,0,0,0,0,0,0,0,0,0,0,0,0,0,0,0,0,1,0,1.0,1.0,0,0,0,0,0,0,0,0,0,0,0,0,0,0,0,0,0,0,0,0,0,0,0,0,0,0,0,0,0,0,0,0,0,0,0,0,0,0,0
Myerscough College EABL,"Ayo Ibirinde, Fin Morgan, Jakub Bobkowski, Olivier Esingle, Sayomi Latidan",Barking Abbey EABL,"Amari Maitland, Francesco Cole, Joshua Mendes, Oskaras Visockas, Solomon Dobson Smith",1,58,1.0,1.0,0,0,1,0,0,0,0,0,0,0,0,0,0,0,0,0,0,0,3,1,1,100,1,1,100,0,0,0,0,1,1,1,0,0,0,0,1.0,1.0,0,300,-300,300,0,300,-3,0,0,0,0,0,0,0,0,0,0,0,0,0,0,0,0,0,0,0,0,0,0,0,0,0,0,0,0,0,0,0,0
SGS College EABL,"Dylan Lloyd, Imam Toure, Kevin Ramirez Mora, Luka Matthews, Marcos Perez Tosca",Copleston High School EABL,"Isaac Little, Luke Read, Matthew Liddamore, Noah Wilkinson, Timothy Rafiu",1,16,0.3,1.0,0,0,1,0,0,1,0,0,0,0,0,0,0,0,0,0,0,0,2,1,1,100,0,0,0,0,0,0,0,1,1,1,0,1,0,0,1.0,1.0,0,200,-200,200,0,200,-2,0,0,0,0,0,0,0,0,0,0,0,0,0,0,0,0,0,0,0,0,0,0,0,0,0,0,0,0,0,0,0,0
HHS Reading Rockets EABL,"Can Okumus, James Waterhouse, Lazure Francis, Luca Bakary, Matthew Daines",BMET City of Birmingham Rockets EABL,"Abdou Camara, Billy Rose, Jonathan Agbeze, Jude Hyland, Philip Basioudis",1,34,0.6,1.0,2,1,1,100,0,0,0,0,0,0,0,1,1,1,0,0,0,1,0,0,1,0,0,0,0,0,0,0,0,0,0,0,0,0,0,1,1.0,1.0,200,0,200,0,200,-200,2,0,0,0,0,0,0,0,0,0,0,0,0,0,0,0,0,0,0,0,0,0,0,0,0,0,0,0,0,0,0,0,0
HHS Reading Rockets EABL,"Aydan Moloney, Ethan Harrington, James Waterhouse, Luca Bakary, Matthew Daines",BMET City of Birmingham Rockets EABL,"Abdou Camara, Billy Rose, George Angoy, Jonathan Agbeze, Philip Basioudis",1,19,0.3,1.0,2,1,1,100,0,0,0,0,0,0,0,0,0,0,0,0,0,0,0,0,1,0,0,1,0,0,0,0,0,0,0,0,0,0,0,0,1.0,1.0,200,0,200,0,200,-200,2,0,0,0,0,0,0,0,0,0,0,0,0,0,0,0,0,0,0,0,0,0,0,0,0,0,0,0,0,0,0,0,0
HHS Reading Rockets EABL,"Aydan Moloney, Ethan Harrington, James Waterhouse, Luca Bakary, Matthew Daines",BMET City of Birmingham Rockets EABL,"Abdou Camara, Billy Rose, George Angoy, Guridat Singh, Jonathan Agbeze",1,34,0.6,1.0,0,0,0,0,0,0,0,0,0,0,0,0,0,0,0,0,1,0,2,1,1,100,0,0,0,0,0,0,0,0,0,0,1,0,0,0,1.0,1.0,0,200,-200,200,0,200,-2,0,0,0,0,0,0,0,0,0,0,0,0,0,0,0,0,0,0,0,0,0,0,0,0,0,0,0,0,0,0,0,0
Itchen College EABL,"Benjamin Cope, Dawid Cimochowski, Ethan Round, George Andrews, Javen Osei-Owusu",Charnwood College Riders EABL,"Davin Hanousek, Fahad Saeed, Pharrell Kattah, Tristan Curran, Zavier Gleadell-Smith",1,28,0.5,1.0,0,0,1,0,0,1,0,0,0,0,0,1,1,0,0,0,0,0,0,0,1,0,0,0,0,0,0,0,0,1,1,0,0,0,0,0,1.0,1.0,0,0,0,0,0,0,0,0,0,0,0,0,0,0,0,0,0,0,0,0,0,0,0,0,0,0,0,0,0,0,0,0,0,0,0,0,0,0,0
Itchen College EABL,"Elijah Lotriet, Ethan Round, Jakub Ofman, Mason Yeates, Richard Radu",Charnwood College Riders EABL,"Fahad Saeed, James Hardy, Okeri Hambira, Tom Pearson, Zavier Gleadell-Smith",1,24,0.4,1.0,0,0,1,0,0,0,0,0,0,0,0,0,0,0,0,0,0,0,0,0,0,0,0,0,0,0,0,0,0,1,1,0,0,0,1,0,1.0,1.0,0,0,0,0,0,0,0,0,0,0,0,0,0,0,0,0,0,0,0,0,0,0,0,0,0,0,0,0,0,0,0,0,0,0,0,0,0,0,0
Itchen College EABL,"Elijah Lotriet, Ethan Round, Javen Osei-Owusu, Mason Yeates, Richard Radu",Charnwood College Riders EABL,"Fahad Saeed, James Hardy, Okeri Hambira, Tom Pearson, Zavier Gleadell-Smith",1,36,0.6,1.0,0,0,1,0,0,1,0,0,0,0,0,1,1,0,0,0,0,0,0,0,1,0,0,1,0,0,0,0,0,1,1,0,0,0,0,0,1.0,1.0,0,0,0,0,0,0,0,0,0,0,0,0,0,0,0,0,0,0,0,0,0,0,0,0,0,0,0,0,0,0,0,0,0,0,0,0,0,0,0
Itchen College EABL,"Benjamin Cope, Ethan Round, Jakub Ofman, Mason Yeates, Thomas Blower",Charnwood College Riders EABL,"Andrew Young, Davincy Stephens, Fahad Saeed, Okeri Hambira, Stanley Morris",1,6,0.1,1.0,0,0,2,0,0,0,0,0,0,0,0,0,0,0,0,0,0,0,0,0,0,0,0,0,0,0,0,0,0,1,1,0,0,1,0,0,2.0,0.1,0,0,0,0,0,0,0,0,0,0,0,0,0,0,0,0,0,0,0,0,0,0,0,0,0,0,0,0,0,0,0,0,0,0,0,0,0,0,0
Itchen College EABL,"Benjamin Cope, Dawid Cimochowski, Elijah Lotriet, Ethan Round, Javen Osei-Owusu",Charnwood College Riders EABL,"Davin Hanousek, Fahad Saeed, Okeri Hambira, Tom Pearson, Zavier Gleadell-Smith",1,26,0.4,1.0,0,0,0,0,0,0,0,0,0,0,0,0,0,0,0,0,1,0,0,0,0,0,0,0,0,0,0,0,0,0,0,0,0,0,1,0,1.0,1.0,0,0,0,0,0,0,0,0,0,0,0,0,0,0,0,0,0,0,0,0,0,0,0,0,0,0,0,0,0,0,0,0,0,0,0,0,0,0,0
Itchen College EABL,"Benjamin Cope, Dawid Cimochowski, Elijah Lotriet, Ethan Round, Jakub Ofman",Charnwood College Riders EABL,"Davin Hanousek, Pharrell Kattah, Tom Pearson, Tristan Curran, Zavier Gleadell-Smith",1,59,1.0,1.0,2,1,2,50,0,0,0,0,0,0,1,0,1,0,1,0,0,1,0,0,0,0,0,0,0,0,0,0,0,0,0,0,0,0,1,0,0.9,1.0,215.1,0,215.1,0,215.1,-215.1,2,0,0,0,0,0,0,0,0,0,0,0,0,0,0,0,0,0,0,0,0,0,0,0,0,0,0,0,0,0,0,0,0
City of London Academy - Southwark EABL,"Alex Morentin, Dante Patel, David Banjoko, Jacob Hannick, Toby Gass",Derby College Trailblazers EABL,"George Pastor, Jarom Howlett, Julian Lemanski, Rohan Hobday, William Tallon",1,29,0.5,1.0,0,0,0,0,0,0,0,0,0,0,0,1,1,0,0,0,1,0,0,0,2,0,0,1,0,0,0,0,1,0,1,0,0,0,0,0,1.0,0.9,0,0,0,0,0,0,0,0,0,0,0,0,0,0,0,0,0,0,0,0,0,0,0,0,0,0,0,0,0,0,0,0,0,0,0,0,0,0,0
City of London Academy - Southwark EABL,"Alex Morentin, Bilal Olowoshile, Daniel Banjoko, Rafi Testfay, Ruben Cryer",Derby College Trailblazers EABL,"Elias Norman, Elias Rice, Kaleel Otaye, Rohan Hobday, William Tallon",1,34,0.6,1.0,0,0,0,0,0,0,0,0,0,0,0,1,1,0,0,0,1,0,0,0,1,0,0,1,0,0,0,0,0,0,0,0,0,0,0,0,1.0,1.0,0,0,0,0,0,0,0,0,0,0,0,0,0,0,0,0,0,0,0,0,0,0,0,0,0,0,0,0,0,0,0,0,0,0,0,0,0,0,0
City of London Academy - Southwark EABL,"Andrew Nwokolo, Daniel Banjoko, David Banjoko, Jacob Hannick, Toby Gass",Derby College Trailblazers EABL,"Casey Burr, Elias Norman, Elias Rice, Rohan Hobday, William Tallon",1,47,0.8,1.0,0,0,2,0,0,2,0,0,0,0,1,1,2,0,0,0,0,0,0,0,1,0,0,1,0,0,0,0,0,1,1,0,0,0,0,2,0.9,1.0,0,0,0,0,0,0,0,0,0,0,0,0,0,0,0,0,0,0,0,0,0,0,0,0,0,0,0,0,0,0,0,0,0,0,0,0,0,0,0
City of London Academy - Southwark EABL,"Andrew Nwokolo, Daniel Banjoko, Dante Patel, David Banjoko, Louis Thompson",Derby College Trailblazers EABL,"Casey Burr, Elias Norman, Elias Rice, George Pastor, William Tallon",1,44,0.7,1.0,0,0,1,0,0,0,0,0,0,0,0,1,1,0,0,0,0,1,0,0,1,0,0,0,0,0,0,0,0,1,1,0,0,0,0,0,1.0,1.0,0,0,0,0,0,0,0,0,0,0,0,0,0,0,0,0,0,0,0,0,0,0,0,0,0,0,0,0,0,0,0,0,0,0,0,0,0,0,0
Manchester Magic Academy EABL,"Abraham Isiorho, Harley Blake, Jack Walton, Lewis Clayton, Oluwademilade Babalola",Oaklands Wolves EABL,"Dylan Gladstone, Enzo Da Cruz Fatuda, Gavin Mitchell, Liam Mcintosh, Tristan Mcintosh",1,38,0.6,1.0,2,1,2,50,0,0,0,0,0,0,1,0,1,1,0,0,0,0,0,0,0,0,0,0,0,0,0,0,0,0,0,0,0,0,1,0,0.9,1.0,215.1,0,215.1,0,215.1,-215.1,2,0,0,0,0,0,0,0,0,0,0,0,0,0,0,0,0,0,0,0,0,0,0,0,0,0,0,0,0,0,0,0,0
Manchester Magic Academy EABL,"Abraham Isiorho, David Allotey, Harley Blake, Jack Odongo, Jack Walton",Oaklands Wolves EABL,"Daniel Kostadinov, Dylan Gladstone, Gavin Mitchell, Huxley Morrell, Tristan Mcintosh",1,37,0.6,1.0,0,0,2,0,0,1,0,0,0,0,0,0,0,0,0,0,0,1,0,0,0,0,0,0,0,0,0,0,0,2,2,0,0,0,0,0,2.0,0.1,0,0,0,0,0,0,0,0,0,0,0,0,0,0,0,0,0,0,0,0,0,0,0,0,0,0,0,0,0,0,0,0,0,0,0,0,0,0,0
Manchester Magic Academy EABL,"Abraham Isiorho, Harley Blake, Jack Odongo, Jack Walton, Tiego Weekes",Itchen College EABL,"Benjamin Cope, Dawid Cimochowski, Elijah Lotriet, Jakub Ofman, Richard Radu",1,38,0.6,1.0,0,0,1,0,0,0,0,0,0,0,0,1,1,0,0,0,0,1,0,0,2,0,0,0,0,0,0,0,1,1,2,0,0,0,0,0,1.0,0.9,0,0,0,0,0,0,0,0,0,0,0,0,0,0,0,0,0,0,0,0,0,0,0,0,0,0,0,0,0,0,0,0,0,0,0,0,0,0,0
Charnwood College Riders EABL,"Fahad Saeed, Luca Boothe, Tom Pearson, Tristan Curran, Zavier Gleadell-Smith",Oaklands Wolves EABL,"Daniel Kostadinov, Dylan Gladstone, Enzo Da Cruz Fatuda, Huxley Morrell, Liam Mcintosh",1,39,0.7,1.0,0,0,1,0,0,0,0,0,0,0,0,1,1,0,0,1,0,0,0,0,1,0,0,0,0,0,0,0,0,1,1,0,0,0,0,1,1.0,1.0,0,0,0,0,0,0,0,0,0,0,0,0,0,0,0,0,0,0,0,0,0,0,0,0,0,0,0,0,0,0,0,0,0,0,0,0,0,0,0
Charnwood College Riders EABL,"Fahad Saeed, Luca Boothe, Pharrell Kattah, Ricky Amrania, Tristan Curran",Oaklands Wolves EABL,"Daniel Kostadinov, Dylan Gladstone, Gavin Mitchell, Liam Mcintosh, Tristan Mcintosh",1,28,0.5,1.0,0,0,1,0,0,1,0,0,0,0,0,0,0,0,0,0,0,0,2,1,1,100,0,0,0,0,0,0,0,0,0,1,0,0,0,0,1.0,1.0,0,200,-200,200,0,200,-2,0,0,0,0,0,0,0,0,0,0,0,0,0,0,0,0,0,0,0,0,0,0,0,0,0,0,0,0,0,0,0,0
Charnwood College Riders EABL,"Fahad Saeed, Pharrell Kattah, Tom Pearson, Tristan Curran, Zavier Gleadell-Smith",Oaklands Wolves EABL,"Dylan Gladstone, Enzo Da Cruz Fatuda, Gavin Mitchell, Huxley Morrell, Liam Mcintosh",1,56,0.9,1.0,0,0,0,0,0,0,0,0,0,0,0,0,0,0,0,0,0,0,5,2,2,100,1,1,100,0,0,0,0,0,0,2,0,0,0,1,0.1,2.0,0,250,-250,250,0,250,-5,0,0,0,0,0,0,0,0,0,0,0,0,0,0,0,0,0,0,0,0,0,0,0,0,0,0,0,0,0,0,0,0
Charnwood College Riders EABL,"Fahad Saeed, James Hardy, Pharrell Kattah, Tristan Curran, Zavier Gleadell-Smith",Oaklands Wolves EABL,"Daniel Kostadinov, Enzo Da Cruz Fatuda, Gavin Mitchell, Liam Mcintosh, Tristan Mcintosh",1,17,0.3,1.0,0,0,1,0,0,0,0,0,0,0,0,0,0,0,0,0,0,0,2,1,2,50,0,1,0,0,0,0,1,1,2,0,0,0,0,0,1.0,0.9,0,215.1,-215.1,215.1,0,215.1,-2,0,0,0,0,0,0,0,0,0,0,0,0,0,0,0,0,0,0,0,0,0,0,0,0,0,0,0,0,0,0,0,0
HHS Reading Rockets EABL,"Aydan Moloney, Ethan Harrington, James Waterhouse, Malachi Hassan-Taylor, Matthew Daines",SGS College EABL,"Dylan Lloyd, Imam Toure, Kevin Ramirez Mora, Marcos Perez Tosca, Tekai Wallace-Gayle",1,52,0.9,1.0,0,0,1,0,0,1,0,0,0,0,0,0,0,0,0,0,0,0,0,0,0,0,0,0,0,0,0,0,0,1,1,0,0,0,1,2,1.0,1.0,0,0,0,0,0,0,0,0,0,0,0,0,0,0,0,0,0,0,0,0,0,0,0,0,0,0,0,0,0,0,0,0,0,0,0,0,0,0,0
HHS Reading Rockets EABL,"Aydan Moloney, Can Okumus, Joseph Mackinnon, Malachi Hassan-Taylor, Matthew Daines",SGS College EABL,"Jakub Grajcar, Kevin Ramirez Mora, Marcos Perez Tosca, Martin Alburo, Zion Lawson",1,13,0.2,1.0,3,1,1,100,1,1,100,0,0,0,0,1,1,0,0,0,0,0,0,0,1,0,0,1,0,0,0,0,0,0,0,0,0,0,0,0,1.0,1.0,300,0,300,0,300,-300,3,0,0,0,0,0,0,0,0,0,0,0,0,0,0,0,0,0,0,0,0,0,0,0,0,0,0,0,0,0,0,0,0
HHS Reading Rockets EABL,"Can Okumus, Ethan Harrington, Luca Bakary, Malachi Hassan-Taylor, Matthew Daines",SGS College EABL,"Dylan Lloyd, Imam Toure, Kevin Ramirez Mora, Marcos Perez Tosca, Martin Alburo",1,65,1.1,1.0,0,0,1,0,0,0,0,0,0,0,0,0,0,0,0,0,0,1,0,0,1,0,0,0,0,0,0,0,0,1,1,0,0,0,0,0,1.0,1.0,0,0,0,0,0,0,0,0,0,0,0,0,0,0,0,0,0,0,0,0,0,0,0,0,0,0,0,0,0,0,0,0,0,0,0,0,0,0,0
City of London Academy - Southwark EABL,"Andrew Nwokolo, Bilal Olowoshile, Dante Patel, Jacob Hannick, Louis Thompson",Myerscough College EABL,"Ayo Ibirinde, Daniel Okhuoya, Jakub Bobkowski, Olivier Esingle, Salomi Latidan",1,57,0.9,1.0,2,1,1,100,0,0,0,0,0,0,0,0,0,0,0,0,0,0,3,1,1,100,1,1,100,0,0,0,0,0,0,1,0,0,0,1,1.0,1.0,200,300,-100,300,200,100,-1,0,0,0,0,0,0,0,0,0,0,0,0,0,0,0,0,0,0,0,0,0,0,0,0,0,0,0,0,0,0,0,0
City of London Academy - Southwark EABL,"Andrew Nwokolo, Dante Patel, Jacob Hannick, Louis Thompson, Toby Gass",Myerscough College EABL,"Ayo Ibirinde, Cesar Sanchez Falette, Fin Morgan, Jakub Bobkowski, Salomi Latidan",1,29,0.5,1.0,0,0,1,0,0,1,0,0,0,0,0,1,1,0,0,0,0,0,0,0,1,0,0,0,0,0,0,0,0,1,1,0,0,0,0,1,1.0,1.0,0,0,0,0,0,0,0,0,0,0,0,0,0,0,0,0,0,0,0,0,0,0,0,0,0,0,0,0,0,0,0,0,0,0,0,0,0,0,0
City of London Academy - Southwark EABL,"Andrew Nwokolo, Daniel Banjoko, Dante Patel, Jacob Hannick, Toby Gass",Myerscough College EABL,"Cesar Sanchez Falette, Fin Morgan, Jakub Bobkowski, Sayomi Latidan, Zach Trezvant",1,30,0.5,1.0,3,1,1,100,1,1,100,0,0,0,0,0,0,1,0,0,0,0,0,0,0,0,0,0,0,0,0,0,0,0,0,0,0,0,1,0,1.0,1.0,300,0,300,0,300,-300,3,0,0,0,0,0,0,0,0,0,0,0,0,0,0,0,0,0,0,0,0,0,0,0,0,0,0,0,0,0,0,0,0
Manchester Magic Academy EABL,"Harley Blake, Jack Walton, Lewis Clayton, Oluwademilade Babalola, Tarique Kamal Kazmi",Myerscough College EABL,"Cesar Sanchez Falette, Harry Sheehan, Olivier Esingle, Sayomi Laditan, Zach Trezvant",1,18,0.3,1.0,0,0,0,0,0,0,0,0,0,0,0,0,0,0,0,0,0,0,0,0,2,0,0,1,0,0,0,0,0,0,0,0,0,0,0,0,0.1,2.0,0,0,0,0,0,0,0,0,0,0,0,0,0,0,0,0,0,0,0,0,0,0,0,0,0,0,0,0,0,0,0,0,0,0,0,0,0,0,0
BMET City of Birmingham Rockets EABL,"Billy Rose, Daniel Pittaway, George Angoy, Jesse Ogbeide, Philip Basioudis",Derby College Trailblazers EABL,"Dovydas Kilmas, Elias Rice, Jarom Howlett, Oskar Krysa, William Tallon",1,20,0.3,0.9,1,0,1,0,0,0,0,1,2,50,1,0,1,0,0,0,1,0,0,0,0,0,0,0,0,0,0,0,0,0,0,0,1,0,0,1,1.8,0.1,55.2,0,55.2,0,55.2,-55.2,1,0,0,0,0,0,0,0,0,0,0,0,0,0,0,0,0,0,0,0,0,0,0,0,0,0,0,0,0,0,0,0,0
SGS College EABL,"Imam Toure, Kevin Ramirez Mora, Marcos Perez Tosca, Martin Alburo, Shaquan Nelson",Myerscough College EABL,"Ayo Ibirinde, Cesar Sanchez Falette, Fin Morgan, Harry Sheehan, Olivier Esingle",1,125,2.1,0.9,0,0,1,0,0,1,0,0,0,0,0,0,0,0,0,0,0,2,2,0,2,0,0,1,0,2,2,100,2,0,2,0,0,0,0,1,1.0,0.7,0,270.3,-270.3,270.3,0,270.3,-2,0,0,0,0,0,0,0,0,0,0,0,0,0,0,0,0,0,0,0,0,0,0,0,0,0,0,0,0,0,0,0,0
Barking Abbey EABL,"Folarin Oguntuase, Kervy Mabaya, Munyaradzi Myamutenha, Raphael Connolly, Solomon Dobson Smith",HHS Reading Rockets EABL,"Can Okumus, Lazure Franicis, Luca Bakary, Matthew Daines, Nicholas Dent",1,18,0.3,0.9,1,0,0,0,0,0,0,1,2,50,1,0,1,0,0,0,0,0,2,1,1,100,0,0,0,0,0,0,0,0,0,1,0,0,0,1,0.9,1.0,113.6,200,-86.4,200,113.6,86.4,-1,0,0,0,0,0,0,0,0,0,0,0,0,0,0,0,0,0,0,0,0,0,0,0,0,0,0,0,0,0,0,0,0
BMET City of Birmingham Rockets EABL,"Abdou Camara, Billy Rose, J. Agbeze, Larry Duru, Patrick Walsh",SGS College EABL,"Abubakar Odowa, Dylan Lloyd, Imam Toure, Marcos Perez Tosca, Shaquan Nelson",1,22,0.4,0.9,1,0,0,0,0,0,0,1,2,50,0,0,0,0,0,0,0,0,2,1,1,100,0,0,0,0,0,0,0,1,1,0,0,0,0,1,0.9,1.0,113.6,200,-86.4,200,113.6,86.4,-1,0,0,0,0,0,0,0,0,0,0,0,0,0,0,0,0,0,0,0,0,0,0,0,0,0,0,0,0,0,0,0,0
Itchen College EABL,"Dawid Cimochowski, George Andrews, Javen Osei-Owusu, Richard Radu, Thomas Blower",Copleston High School EABL,"Callum Fobister, Isaac Little, Mason Wells, Matthew Liddamore, Noah Wilkinson",1,33,0.6,0.9,1,0,0,0,0,0,0,1,2,50,0,0,0,0,0,0,0,0,3,1,1,100,1,1,100,0,0,0,0,0,0,1,0,0,0,1,0.9,1.0,113.6,300,-186.4,300,113.6,186.4,-2,0,0,0,0,0,0,0,0,0,0,0,0,0,0,0,0,0,0,0,0,0,0,0,0,0,0,0,0,0,0,0,0
Myerscough College EABL,"Ayo Ibirinde, Cesar Sanchez Falette, Harry Sheehan, Jakub Bobkowski, Olivier Esingle",Manchester Magic Academy EABL,"Harley Blake, Jack Walton, Oluwademilade Babalola, Samy Sidi-Boumedine, Tarique Kamal Kazmi",1,1,0.0,0.9,1,0,0,0,0,0,0,1,2,50,1,0,1,0,0,0,1,0,0,0,0,0,0,0,0,0,0,0,0,0,0,0,1,0,0,0,1.9,0.1,53.2,0,53.2,0,53.2,-53.2,1,0,0,0,0,0,0,0,0,0,0,0,0,0,0,0,0,0,0,0,0,0,0,0,0,0,0,0,0,0,0,0,0
City of London Academy - Southwark EABL,"Daniel Banjoko, Louis Thompson, Rafi Testfay, Ruben Cryer, Toby Gass",Barking Abbey EABL,"Amari Maitland, Folarin Oguntuase, Joshua Mendes, Micael Filho, Solomon Dobson Smith",1,6,0.1,0.9,0,0,0,0,0,0,0,0,2,0,0,0,0,0,0,0,0,0,0,0,1,0,0,1,0,0,0,0,0,1,1,0,0,0,0,0,0.9,1.0,0,0,0,0,0,0,0,0,0,0,0,0,0,0,0,0,0,0,0,0,0,0,0,0,0,0,0,0,0,0,0,0,0,0,0,0,0,0,0
City of London Academy - Southwark EABL,"Daniel Banjoko, Dante Patel, Louis Thompson, Ruben Cryer, Toby Gass",Barking Abbey EABL,"Amari Maitland, Folarin Oguntuase, Joshua Mendes, Micael Filho, Raphael Connolly",1,56,0.9,0.9,0,0,3,0,0,3,0,0,0,0,3,0,3,0,0,0,1,0,0,0,1,0,0,1,0,0,0,0,0,0,0,0,0,0,0,0,0.8,1.0,0,0,0,0,0,0,0,0,0,0,0,0,0,0,0,0,0,0,0,0,0,0,0,0,0,0,0,0,0,0,0,0,0,0,0,0,0,0,0
City of London Academy - Southwark EABL,"Daniel Banjoko, Dante Patel, Louis Thompson, Rafi Testfay, Toby Gass",Barking Abbey EABL,"Amari Maitland, Folarin Oguntuase, Micael Filho, Raphael Connolly, Solomon Dobson Smith",1,19,0.3,0.9,1,0,0,0,0,0,0,1,2,50,0,0,0,0,0,0,0,0,2,0,0,0,0,0,0,2,2,100,0,0,0,0,0,0,0,1,0.9,0.9,113.6,227.3,-113.6,227.3,113.6,113.6,-1,0,0,0,0,0,0,0,0,0,0,0,0,0,0,0,0,0,0,0,0,0,0,0,0,0,0,0,0,0,0,0,0
City of London Academy - Southwark EABL,"Andrew Nwokolo, Daniel Banjoko, David Banjoko, Rafi Testfay, Toby Gass",Barking Abbey EABL,"Alaxanda Nwabueze, Amari Maitland, Joshua Mendes, Raphael Connolly, Solomon Dobson Smith",1,5,0.1,0.9,1,0,0,0,0,0,0,1,4,25,1,0,1,0,0,0,0,1,0,0,0,0,0,0,0,0,0,0,0,1,1,0,0,0,0,1,1.8,0.1,56.8,0,56.8,0,56.8,-56.8,1,0,0,0,0,0,0,0,0,0,0,0,0,0,0,0,0,0,0,0,0,0,0,0,0,0,0,0,0,0,0,0,0
Copleston High School EABL,"Grant Millar, Isaac Carty-Peters, Matthew Liddamore, Noah Wilkinson, Timothy Rafiu",Barking Abbey EABL,"Joshua Mendes, Kervy Mabaya, Micael Filho, Raphael Connolly, Solomon Dobson Smith",1,27,0.5,0.9,0,0,2,0,0,2,0,0,0,0,1,0,1,0,0,0,0,1,1,0,0,0,0,0,0,1,2,50,0,1,1,0,0,0,0,0,0.9,0.9,0,113.6,-113.6,113.6,0,113.6,-1,0,0,0,0,0,0,0,0,0,0,0,0,0,0,0,0,0,0,0,0,0,0,0,0,0,0,0,0,0,0,0,0
Charnwood College Riders EABL,"Pharrell Kattah, Rudy Buckingham, Stanley Morris, Tom Pearson, Tristan Curran",SGS College EABL,"Abubakar Odowa, Dylan Lloyd, Imam Toure, Kevin Ramirez Mora, Shaquan Nelson",1,20,0.3,0.9,2,0,0,0,0,0,0,2,2,100,0,0,0,0,0,0,0,0,0,0,0,0,0,0,0,0,0,0,0,0,0,0,0,0,1,1,0.9,1.0,227.3,0,227.3,0,227.3,-227.3,2,0,0,0,0,0,0,0,0,0,0,0,0,0,0,0,0,0,0,0,0,0,0,0,0,0,0,0,0,0,0,0,0
Charnwood College Riders EABL,"Asa Oyerinde, Pharrell Kattah, Tom Pearson, Tristan Curran, Zavier Gleadell-Smith",SGS College EABL,"Antoine Bennett, Imam Toure, Luka Matthews, Marcos Perez Tosca, Shaquan Nelson",1,23,0.4,0.9,1,0,0,0,0,0,0,1,2,50,0,0,0,0,0,0,0,0,0,0,1,0,0,0,0,0,0,0,0,1,1,0,0,0,0,1,0.9,1.0,113.6,0,113.6,0,113.6,-113.6,1,0,0,0,0,0,0,0,0,0,0,0,0,0,0,0,0,0,0,0,0,0,0,0,0,0,0,0,0,0,0,0,0
Manchester Magic Academy EABL,"Abraham Sagay Isiorho, Harley Blake, Jack Walton, Nathan Brown, Oluwademilade Babalola",Derby College Trailblazers EABL,"Casey Burr, Elias Rice, Jarom Howlett, Rohan Hobday, William Tallon",1,7,0.1,0.9,2,0,0,0,0,0,0,2,2,100,0,0,0,0,1,0,0,0,0,0,0,0,0,0,0,0,0,0,0,0,0,0,0,0,1,1,0.9,1.0,227.3,0,227.3,0,227.3,-227.3,2,0,0,0,0,0,0,0,0,0,0,0,0,0,0,0,0,0,0,0,0,0,0,0,0,0,0,0,0,0,0,0,0
Myerscough College EABL,"Ayo Ibirinde, Daniel Okhuoya, Jakub Bobkowski, Olivier Esingle, Sayomi Latidan",BMET City of Birmingham Rockets EABL,"Jonathan Agbeze, Jude Hyland, Larry Duru, Patrick Walsh, Philip Basioudis",1,45,0.8,0.9,0,0,2,0,0,0,0,0,0,0,1,1,2,0,0,0,0,0,0,0,2,0,0,1,0,0,0,0,1,1,2,0,0,0,0,0,0.9,0.9,0,0,0,0,0,0,0,0,0,0,0,0,0,0,0,0,0,0,0,0,0,0,0,0,0,0,0,0,0,0,0,0,0,0,0,0,0,0,0
Myerscough College EABL,"Harry Sheehan, Jakub Bobkowski, Olivier Esingle, Salomi Latidan, Zach Trezvant",BMET City of Birmingham Rockets EABL,"Abdou Camara, Daniel Pittaway, Jonathan Agbeze, Patrick Walsh, Philip Basioudis",1,58,1.0,0.9,2,1,4,25,0,3,0,0,0,0,3,0,3,1,0,0,0,0,2,1,1,100,0,0,0,0,0,0,0,0,0,1,0,0,0,1,0.8,1.0,253.2,200,53.2,200,253.2,-53.2,0,0,0,0,0,0,0,0,0,0,0,0,0,0,0,0,0,0,0,0,0,0,0,0,0,0,0,0,0,0,0,0,0
Myerscough College EABL,"Cesar Sanchez Falette, Daniel Okhuoya, Harry Sheehan, Nathaniel Byfield, Zach Trezvant",BMET City of Birmingham Rockets EABL,"Abdou Camara, Daniel Pittaway, Guridat Singh, Jude Hyland, Patrick Walsh",1,28,0.5,0.9,2,0,0,0,0,0,0,2,2,100,0,1,1,0,0,0,0,0,0,0,1,0,0,0,0,0,0,0,0,0,0,0,0,0,0,1,0.9,1.0,227.3,0,227.3,0,227.3,-227.3,2,0,0,0,0,0,0,0,0,0,0,0,0,0,0,0,0,0,0,0,0,0,0,0,0,0,0,0,0,0,0,0,0
HHS Reading Rockets EABL,"Aydan Moloney, Ethan Harrington, James Waterhouse, Matthew Daines, Saun Ejiofor",City of London Academy - Southwark EABL,"Andrew Nwokolo, Daniel Banjoko, Dante Patel, David Banjoko, Toby Gass",1,30,0.5,0.9,0,0,0,0,0,0,0,0,0,0,0,1,1,0,0,0,1,2,0,0,0,0,0,0,0,0,2,0,0,0,0,0,1,0,0,0,1.0,0.9,0,0,0,0,0,0,0,0,0,0,0,0,0,0,0,0,0,0,0,0,0,0,0,0,0,0,0,0,0,0,0,0,0,0,0,0,0,0,0
HHS Reading Rockets EABL,"Aydan Moloney, Can Okumus, Ethan Harrington, James Waterhouse, Saun Ejiofor",City of London Academy - Southwark EABL,"Andrew Nwokolo, Daniel Banjoko, Dante Patel, David Banjoko, Toby Gass",1,49,0.8,0.9,0,0,0,0,0,0,0,0,0,0,0,0,0,0,0,1,1,0,2,1,4,25,0,0,0,0,0,0,2,0,2,0,1,0,0,0,1.0,0.8,0,253.2,-253.2,253.2,0,253.2,-2,0,0,0,0,0,0,0,0,0,0,0,0,0,0,0,0,0,0,0,0,0,0,0,0,0,0,0,0,0,0,0,0
Oaklands Wolves EABL,"Daniel Kostadinov, Enzo Da Cruz Fatuda, Gavin Mitchell, Liam Mcintosh, Tristan Mcintosh",Itchen College EABL,"Benjamin Cope, Dawid Cimochowski, Ethan Round, Marley Edwards, Thomas Blower",1,30,0.5,0.9,2,0,0,0,0,0,0,2,2,100,0,0,0,0,0,0,0,0,3,1,1,100,1,1,100,0,0,0,0,0,0,1,0,0,0,1,0.9,1.0,227.3,300,-72.7,300,227.3,72.7,-1,0,0,0,0,0,0,0,0,0,0,0,0,0,0,0,0,0,0,0,0,0,0,0,0,0,0,0,0,0,0,0,0
Oaklands Wolves EABL,"Daniel Kostadinov, Enzo Da Cruz Fatuda, Gavin Mitchell, Liam Mcintosh, Tristan Mcintosh",Itchen College EABL,"Benjamin Cope, Ethan Round, Marley Edwards, Mason Yeates, Thomas Blower",1,2,0.0,0.9,2,0,0,0,0,0,0,2,4,50,1,0,1,0,0,0,0,0,0,0,0,0,0,0,0,0,0,0,0,0,0,0,0,0,0,1,1.8,0.1,113.6,0,113.6,0,113.6,-113.6,2,0,0,0,0,0,0,0,0,0,0,0,0,0,0,0,0,0,0,0,0,0,0,0,0,0,0,0,0,0,0,0,0
Charnwood College Riders EABL,"Asa Oyerinde, Lewis Stevenson, Luca Boothe, Tristan Curran, Zavier Gleadell-Smith",Myerscough College EABL,"Jakub Bobkowski, Junior Sanchez, Olivier Esingle, Sayomi Laditan, Zach Trezvant",1,45,0.8,0.9,2,1,3,33.3,0,1,0,0,0,0,1,0,1,0,0,0,0,0,0,0,0,0,0,0,0,0,0,0,0,0,0,0,0,1,1,0,0.9,1.0,232.6,0,232.6,0,232.6,-232.6,2,0,0,0,0,0,0,0,0,0,0,0,0,0,0,0,0,0,0,0,0,0,0,0,0,0,0,0,0,0,0,0,0
SGS College EABL,"Antoine Bennett, Dylan Lloyd, Kayden Richards, Marcos Pospori, Martin Alburo",Derby College Trailblazers EABL,"George Pastor, Jarom Howlett, Julian Lemanski, Matheo Smith-Fjordland, William Tallon",1,8,0.1,0.9,0,0,0,0,0,0,0,0,2,0,0,0,0,0,0,0,0,1,2,1,1,100,0,0,0,0,0,0,0,1,1,1,0,0,0,0,0.9,1.0,0,200,-200,200,0,200,-2,0,0,0,0,0,0,0,0,0,0,0,0,0,0,0,0,0,0,0,0,0,0,0,0,0,0,0,0,0,0,0,0
SGS College EABL,"Antoine Bennett, Imam Toure, Kevin Ramirez Mora, Marcos Perez Tosca, Martin Alburo",Derby College Trailblazers EABL,"Casey Burr, Elias Norman, Elias Rice, Rohan Hobday, William Tallon",1,29,0.5,0.9,2,0,0,0,0,0,0,2,2,100,0,1,1,0,0,0,0,0,1,0,0,0,0,0,0,1,2,50,0,0,0,0,0,0,0,1,0.9,0.9,227.3,113.6,113.6,113.6,227.3,-113.6,1,0,0,0,0,0,0,0,0,0,0,0,0,0,0,0,0,0,0,0,0,0,0,0,0,0,0,0,0,0,0,0,0
City of London Academy - Southwark EABL,"Barack Manfo-Marc, Bilal Olowoshile, Daniel Banjoko, Rafi Testfay, Toby Gass",Oaklands Wolves EABL,"Daniel Kostadinov, Dylan Gladstone, Enzo Da Cruz Fatuda, Gavin Mitchell, Huxley Morrell",1,44,0.7,0.9,0,0,0,0,0,0,0,0,0,0,0,0,0,0,1,0,1,0,0,0,2,0,0,1,0,0,0,0,1,0,1,0,1,0,1,0,1.0,0.9,0,0,0,0,0,0,0,0,0,0,0,0,0,0,0,0,0,0,0,0,0,0,0,0,0,0,0,0,0,0,0,0,0,0,0,0,0,0,0
Derby College Trailblazers EABL,"Casey Burr, Elias Norman, Elias Rice, George Pastor, William Tallon",Charnwood College Riders EABL,"Davin Hanousek, Davincy Stephens, Rudy Buckingham, Tom Pearson, Tristan Curran",1,2,0.0,0.9,2,1,2,50,0,1,0,0,0,0,1,0,1,0,0,0,0,0,1,0,0,0,0,0,0,1,2,50,0,0,0,0,0,0,0,0,0.9,0.9,215.1,113.6,101.4,113.6,215.1,-101.4,1,0,0,0,0,0,0,0,0,0,0,0,0,0,0,0,0,0,0,0,0,0,0,0,0,0,0,0,0,0,0,0,0
BMET City of Birmingham Rockets EABL,"Abdou Camara, Billy Rose, George Angoy, Jonathan Agbeze, Patrick Walsh",Charnwood College Riders EABL,"Davin Hanousek, Fahad Saeed, Luca Boothe, Pharrell Kattah, Tom Pearson",1,26,0.4,0.9,0,0,3,0,0,0,0,0,0,0,2,0,2,0,0,0,0,1,1,0,0,0,0,0,0,1,2,50,0,1,1,1,0,0,0,0,0.9,0.9,0,113.6,-113.6,113.6,0,113.6,-1,0,0,0,0,0,0,0,0,0,0,0,0,0,0,0,0,0,0,0,0,0,0,0,0,0,0,0,0,0,0,0,0
BMET City of Birmingham Rockets EABL,"George Angoy, Jonathan Agbeze, Jude Hyland, Larry Duru, Philip Basioudis",Charnwood College Riders EABL,"Asa Oyerinde, Lewis Stevenson, Rudy Buckingham, Tristan Curran, Zavier Gleadell-Smith",1,27,0.5,0.9,1,0,0,0,0,0,0,1,2,50,0,1,1,0,0,0,0,0,0,0,1,0,0,1,0,0,0,0,0,1,1,0,0,0,0,0,0.9,1.0,113.6,0,113.6,0,113.6,-113.6,1,0,0,0,0,0,0,0,0,0,0,0,0,0,0,0,0,0,0,0,0,0,0,0,0,0,0,0,0,0,0,0,0
Manchester Magic Academy EABL,"David Allotey, Jack Styzcen-O'keefe, Oluwademilade Babalola, Samy Sidi-Boumedine, Tom Richardson",SGS College EABL,"Dylan Lloyd, Imam Toure, Luka Matthews, Marcos Perez Tosca, Shaquan Nelson",1,36,0.6,0.9,0,0,2,0,0,1,0,0,0,0,1,0,1,0,0,0,0,2,2,0,0,0,0,0,0,2,2,100,0,1,1,1,0,0,0,0,0.9,0.9,0,227.3,-227.3,227.3,0,227.3,-2,0,0,0,0,0,0,0,0,0,0,0,0,0,0,0,0,0,0,0,0,0,0,0,0,0,0,0,0,0,0,0,0
Oaklands Wolves EABL,"Daniel Kostadinov, Dylan Gladstone, Enzo Da Cruz Fatuda, Gavin Mitchell, Huxley Morrell",Barking Abbey EABL,"Alaxanda Nwabueze, Folarin Oguntuase, Kervy Mabaya, Micael Filho, Raphael Connolly",1,41,0.7,0.9,2,0,0,0,0,0,0,2,2,100,0,1,1,0,0,0,0,1,0,0,2,0,0,0,0,0,0,0,1,0,1,0,0,0,0,1,0.9,0.9,227.3,0,227.3,0,227.3,-227.3,2,0,0,0,0,0,0,0,0,0,0,0,0,0,0,0,0,0,0,0,0,0,0,0,0,0,0,0,0,0,0,0,0
Copleston High School EABL,"Callum Fobister, Isaac Carty-Peters, Isaac Little, Matthew Liddamore, Oliver Drane",Oaklands Wolves EABL,"Enzo Da Cruz Fatuda, Huxley Morrell, Liam Mcintosh, Tristan Mcintosh, Zac Gribble",1,14,0.2,0.9,2,1,1,100,0,0,0,0,2,0,1,0,1,0,0,0,0,0,0,0,0,0,0,0,0,0,0,0,0,0,0,0,0,0,0,1,1.9,0.1,106.4,0,106.4,0,106.4,-106.4,2,0,0,0,0,0,0,0,0,0,0,0,0,0,0,0,0,0,0,0,0,0,0,0,0,0,0,0,0,0,0,0,0
Itchen College EABL,"Ethan Round, Marley Edwards, Mason Yeates, Richard Radu, Thomas Blower",City of London Academy - Southwark EABL,"Andrew Nwokolo, Daniel Banjoko, Dante Patel, Rafi Testfay, Toby Gass",1,6,0.1,0.9,2,0,0,0,0,0,0,2,2,100,0,0,0,0,0,0,0,0,2,0,0,0,0,0,0,2,2,100,0,0,0,0,0,1,0,1,0.9,0.9,227.3,227.3,0,227.3,227.3,0,0,0,0,0,0,0,0,0,0,0,0,0,0,0,0,0,0,0,0,0,0,0,0,0,0,0,0,0,0,0,0,0,0
Myerscough College EABL,"Harry Sheehan, Jakub Bobkowski, Olivier Esingle, Sayomi Latidan, Zach Trezvant",SGS College EABL,"Dylan Lloyd, Imam Toure, Kevin Ramirez Mora, Marcos Perez Tosca, Martin Alburo",1,7,0.1,0.9,2,1,1,100,0,0,0,0,0,0,0,0,0,0,0,0,0,0,1,0,0,0,0,0,0,1,2,50,0,0,0,0,0,0,0,1,1.0,0.9,200,113.6,86.4,113.6,200,-86.4,1,0,0,0,0,0,0,0,0,0,0,0,0,0,0,0,0,0,0,0,0,0,0,0,0,0,0,0,0,0,0,0,0
Oaklands Wolves EABL,"Ethan Ryan, Guisepi Augenti, Huxley Morrell, Kajus Gasperas, Zac Gribble",Copleston High School EABL,"Isaac Little, Matthew Liddamore, Noah Wilkinson, Oliver Drane, Timothy Rafiu",1,30,0.5,0.9,0,0,2,0,0,1,0,0,0,0,1,0,1,0,1,0,0,0,0,0,1,0,0,0,0,0,0,0,1,1,2,0,0,0,1,0,0.9,0.9,0,0,0,0,0,0,0,0,0,0,0,0,0,0,0,0,0,0,0,0,0,0,0,0,0,0,0,0,0,0,0,0,0,0,0,0,0,0,0
Copleston High School EABL,"Isaac Carty-Peters, Matthew Liddamore, Noah Wilkinson, Oliver Drane, Timothy Rafiu",Itchen College EABL,"Ethan Round, Javen Osei-Owusu, Marley Edwards, Richard Radu, Thomas Blower",1,16,0.3,0.9,0,0,1,0,0,1,0,0,0,0,0,1,1,0,0,0,0,0,0,0,0,0,0,0,0,0,2,0,0,1,1,0,0,0,0,0,1.0,0.9,0,0,0,0,0,0,0,0,0,0,0,0,0,0,0,0,0,0,0,0,0,0,0,0,0,0,0,0,0,0,0,0,0,0,0,0,0,0,0
Charnwood College Riders EABL,"Asa Oyerinde, Lewis Stevenson, Pharrell Kattah, Rudy Buckingham, Tom Pearson",Derby College Trailblazers EABL,"Elias Norman, George Pastor, Jarom Howlett, Karim Zidonis, Liyo Ngomti",1,27,0.5,0.9,0,0,1,0,0,1,0,0,0,0,0,0,0,0,0,0,0,1,2,0,0,0,0,0,0,2,2,100,0,1,1,1,0,0,0,0,1.0,0.9,0,227.3,-227.3,227.3,0,227.3,-2,0,0,0,0,0,0,0,0,0,0,0,0,0,0,0,0,0,0,0,0,0,0,0,0,0,0,0,0,0,0,0,0
SGS College EABL,"Imam Toure, Luka Matthews, Marcos Perez Tosca, Martin Alburo, Zion Lawson",BMET City of Birmingham Rockets EABL,"George Angoy, Jonathan Agbeze, Jude Hyland, Larry Duru, Patrick Walsh",1,47,0.8,0.9,0,0,2,0,0,1,0,0,0,0,2,1,3,0,0,1,1,0,0,0,1,0,0,0,0,0,0,0,0,0,0,0,1,0,0,0,0.9,1.0,0,0,0,0,0,0,0,0,0,0,0,0,0,0,0,0,0,0,0,0,0,0,0,0,0,0,0,0,0,0,0,0,0,0,0,0,0,0,0
SGS College EABL,"Imam Toure, Kevin Ramirez Mora, Luka Matthews, Marcos Perez Tosca, Shaquan Nelson",BMET City of Birmingham Rockets EABL,"George Angoy, Jude Hyland, Larry Duru, Patrick Walsh, Philip Basioudis",1,6,0.1,0.9,1,0,0,0,0,0,0,1,2,50,0,1,1,0,0,0,0,0,0,0,1,0,0,0,0,0,0,0,0,0,0,0,0,0,0,1,0.9,1.0,113.6,0,113.6,0,113.6,-113.6,1,0,0,0,0,0,0,0,0,0,0,0,0,0,0,0,0,0,0,0,0,0,0,0,0,0,0,0,0,0,0,0,0
Itchen College EABL,"Ethan Round, George Andrews, Jakub Ofman, Leo Diala-Bevan, Richard Radu",Oaklands Wolves EABL,"Blaine Thompson, Dylan Gladstone, Enzo Da Cruz Fatuda, Huxley Morrell, Kajus Gasperas",1,24,0.4,0.9,2,0,1,0,0,0,0,2,2,100,1,1,2,0,0,0,0,0,0,0,1,0,0,1,0,0,0,0,0,0,0,0,0,0,0,2,0.8,1.0,246.9,0,246.9,0,246.9,-246.9,2,0,0,0,0,0,0,0,0,0,0,0,0,0,0,0,0,0,0,0,0,0,0,0,0,0,0,0,0,0,0,0,0
Barking Abbey EABL,"Alexanda Nwabueze, Joshua Mendes, Malik Matser, Micael Filho, Raphael Connolly",Copleston High School EABL,"Grant Millar, Isaac Little, Matthew Liddamore, Noah Wilkinson, Timothy Rafiu",1,24,0.4,0.9,2,0,1,0,0,1,0,2,2,100,1,0,1,0,0,0,0,0,3,1,1,100,1,1,100,0,0,0,0,0,0,1,0,0,0,1,0.8,1.0,246.9,300,-53.1,300,246.9,53.1,-1,0,0,0,0,0,0,0,0,0,0,0,0,0,0,0,0,0,0,0,0,0,0,0,0,0,0,0,0,0,0,0,0
Barking Abbey EABL,"Alexanda Nwabueze, Harry Egbayelo, Kervy Mabaya, Kimbe N'gabala, Oskaras Visockas",Copleston High School EABL,"Angus Hickey, Grant Millar, Isaac Little, Noah Wilkinson, Timothy Rafiu",1,32,0.5,0.9,2,0,0,0,0,0,0,2,2,100,0,1,1,0,0,0,0,0,0,0,1,0,0,1,0,0,0,0,0,0,0,0,0,0,0,1,0.9,1.0,227.3,0,227.3,0,227.3,-227.3,2,0,0,0,0,0,0,0,0,0,0,0,0,0,0,0,0,0,0,0,0,0,0,0,0,0,0,0,0,0,0,0,0
Barking Abbey EABL,"Alexanda Nwabueze, Amari Maitland, Joshua Mendes, Kervy Mabaya, Oskaras Visockas",Itchen College EABL,"Ethan Round, Javen Osei-Owusu, Mason Yeates, Richard Radu, Thomas Blower",1,19,0.3,0.9,2,0,0,0,0,0,0,2,2,100,0,0,0,0,0,0,0,0,0,0,1,0,0,1,0,0,0,0,0,0,0,0,0,0,0,0,0.9,1.0,227.3,0,227.3,0,227.3,-227.3,2,0,0,0,0,0,0,0,0,0,0,0,0,0,0,0,0,0,0,0,0,0,0,0,0,0,0,0,0,0,0,0,0
Barking Abbey EABL,"Alexanda Nwabueze, Amari Maitland, Joshua Mendes, Oskaras Visockas, Raphael Connolly",Itchen College EABL,"Benjamin Cope, Dawid Cimochowski, Ethan Round, George Andrews, Jakub Ofman",1,26,0.4,0.9,0,0,1,0,0,1,0,0,0,0,0,0,0,0,0,0,0,1,1,0,0,0,0,0,0,1,2,50,0,1,1,0,0,0,0,0,1.0,0.9,0,113.6,-113.6,113.6,0,113.6,-1,0,0,0,0,0,0,0,0,0,0,0,0,0,0,0,0,0,0,0,0,0,0,0,0,0,0,0,0,0,0,0,0
Barking Abbey EABL,"Alexanda Nwabueze, Joshua Mendes, Micael Filho, Oskaras Visockas, Raphael Connolly",Itchen College EABL,"Benjamin Cope, Ethan Round, Javen Osei-Owusu, Mason Yeates, Thomas Blower",1,33,0.6,0.9,2,0,0,0,0,0,0,2,2,100,0,1,1,0,0,0,0,0,0,0,2,0,0,1,0,0,0,0,1,0,1,0,0,0,0,1,0.9,0.9,227.3,0,227.3,0,227.3,-227.3,2,0,0,0,0,0,0,0,0,0,0,0,0,0,0,0,0,0,0,0,0,0,0,0,0,0,0,0,0,0,0,0,0
Barking Abbey EABL,"Alexanda Nwabueze, Amari Maitland, Joshua Mendes, Kimbe N'gabala, Raphael Connolly",Itchen College EABL,"Benjamin Cope, Dawid Cimochowski, Elijah Lotriet, Jakub Ofman, Marley Edwards",1,66,1.1,0.9,3,1,3,33.3,1,1,100,0,0,0,1,0,1,1,1,0,0,1,0,0,0,0,0,0,0,0,0,0,0,0,0,0,0,0,1,0,0.9,1.0,348.8,0,348.8,0,348.8,-348.8,3,0,0,0,0,0,0,0,0,0,0,0,0,0,0,0,0,0,0,0,0,0,0,0,0,0,0,0,0,0,0,0,0
Barking Abbey EABL,"Alexanda Nwabueze, Joshua Mendes, Kervy Mabaya, Kimbe N'gabala, Micael Filho",Itchen College EABL,"Benjamin Cope, Dawid Cimochowski, Elijah Lotriet, Ethan Round, Javen Osei-Owusu",1,29,0.5,0.9,1,0,1,0,0,0,0,1,2,50,1,0,1,0,0,0,0,0,3,1,1,100,1,1,100,0,0,0,0,0,0,1,0,0,0,1,0.8,1.0,123.5,300,-176.5,300,123.5,176.5,-2,0,0,0,0,0,0,0,0,0,0,0,0,0,0,0,0,0,0,0,0,0,0,0,0,0,0,0,0,0,0,0,0
City of London Academy - Southwark EABL,"Alex Morentin, Andrew Nwokolo, Daniel Banjoko, David Banjoko, Toby Gass",Copleston High School EABL,"Callum Fobister, Grant Millar, Isaac Little, Matthew Liddamore, Noah Wilkinson",1,1,0.0,0.9,2,1,1,100,0,0,0,0,2,0,1,0,1,0,0,0,0,0,0,0,0,0,0,0,0,0,0,0,0,0,0,0,0,0,0,1,1.9,0.1,106.4,0,106.4,0,106.4,-106.4,2,0,0,0,0,0,0,0,0,0,0,0,0,0,0,0,0,0,0,0,0,0,0,0,0,0,0,0,0,0,0,0,0
Barking Abbey EABL,"Alexanda Nwabueze, Kervy Mabaya, Kimbe N'gabala, Oskaras Visockas",City of London Academy - Southwark EABL,"Alex Morentin, Andrew Nwokolo, Daniel Banjoko, David Banjoko, Jacob Hannick",1,9,0.1,0.9,0,0,1,0,0,1,0,0,0,0,0,1,1,0,0,0,0,1,0,0,0,0,0,0,0,0,2,0,0,1,1,0,0,0,0,0,1.0,0.9,0,0,0,0,0,0,0,0,0,0,0,0,0,0,0,0,0,0,0,0,0,0,0,0,0,0,0,0,0,0,0,0,0,0,0,0,0,0,0
Myerscough College EABL,"Ayo Ibirinde, Harry Sheehan, Olivier Esingle, Salomi Latidan, Sayomi Latidan",Charnwood College Riders EABL,"Asa Oyerinde, Lewis Stevenson, Pharrell Kattah, Tom Pearson, Tristan Curran",1,41,0.7,0.9,0,0,2,0,0,0,0,0,0,0,2,0,2,0,0,0,1,0,0,0,0,0,0,0,0,0,0,0,0,0,0,0,1,0,1,0,0.9,1.0,0,0,0,0,0,0,0,0,0,0,0,0,0,0,0,0,0,0,0,0,0,0,0,0,0,0,0,0,0,0,0,0,0,0,0,0,0,0,0
Myerscough College EABL,"Ayo Ibirinde, Harry Sheehan, Layjuan Farrell, Olivier Esingle, Salomi Latidan",Charnwood College Riders EABL,"Asa Oyerinde, Lewis Stevenson, Okeri Hambira, Stanley Morris, Tom Pearson",1,13,0.2,0.9,0,0,1,0,0,0,0,0,0,0,0,0,0,0,0,0,0,0,0,0,0,0,0,0,0,0,2,0,0,0,0,0,0,0,0,0,1.0,0.9,0,0,0,0,0,0,0,0,0,0,0,0,0,0,0,0,0,0,0,0,0,0,0,0,0,0,0,0,0,0,0,0,0,0,0,0,0,0,0
Myerscough College EABL,"Cesar Sanchez Falette, Harry Sheehan, Jakub Bobkowski, Sayomi Latidan, Zach Trezvant",Charnwood College Riders EABL,"Luca Boothe, Rudy Buckingham, Tom Pearson, Tristan Curran, Zavier Gleadell-Smith",1,50,0.8,0.9,0,0,2,0,0,1,0,0,0,0,1,0,1,0,0,0,1,0,3,1,1,100,1,1,100,0,0,0,0,0,0,0,0,1,0,1,0.9,1.0,0,300,-300,300,0,300,-3,0,0,0,0,0,0,0,0,0,0,0,0,0,0,0,0,0,0,0,0,0,0,0,0,0,0,0,0,0,0,0,0
Copleston High School EABL,"Callum Fobister, Isaac Little, Matthew Liddamore, Noah Wilkinson, Timothy Rafiu",City of London Academy - Southwark EABL,"Alex Morentin, Daniel Banjoko, Dante Patel, David Banjoko, Sharmake Shirwac",1,37,0.6,0.9,2,0,0,0,0,0,0,2,2,100,0,1,1,0,0,0,0,0,0,0,1,0,0,1,0,0,0,0,0,0,0,0,0,0,0,0,0.9,1.0,227.3,0,227.3,0,227.3,-227.3,2,0,0,0,0,0,0,0,0,0,0,0,0,0,0,0,0,0,0,0,0,0,0,0,0,0,0,0,0,0,0,0,0
Barking Abbey EABL,"Alaxanda Nwabueze, Joshua Mendes, Micael Filho, Raphael Connolly, Solomon Dobson Smith",Oaklands Wolves EABL,"Daniel Kostadinov, Dylan Gladstone, Enzo Da Cruz Fatuda, Ethan Ryan, Tristan Mcintosh",1,39,0.7,0.9,3,1,2,50,1,2,50,0,0,0,1,0,1,1,0,0,0,1,1,0,0,0,0,0,0,1,2,50,0,0,0,1,0,0,0,0,0.9,0.9,322.6,113.6,208.9,113.6,322.6,-208.9,2,0,0,0,0,0,0,0,0,0,0,0,0,0,0,0,0,0,0,0,0,0,0,0,0,0,0,0,0,0,0,0,0
Barking Abbey EABL,"Amari Maitland, Joshua Mendes, Kervy Mabaya, Micael Filho, Oskaras Visockas",Oaklands Wolves EABL,"Daniel Kostadinov, Dylan Gladstone, Enzo Da Cruz Fatuda, Huxley Morrell, Liam Mcintosh",1,38,0.6,0.9,2,1,3,33.3,0,0,0,0,0,0,1,0,1,0,1,0,0,0,0,0,0,0,0,0,0,0,0,0,0,0,0,0,0,0,1,0,0.9,1.0,232.6,0,232.6,0,232.6,-232.6,2,0,0,0,0,0,0,0,0,0,0,0,0,0,0,0,0,0,0,0,0,0,0,0,0,0,0,0,0,0,0,0,0
Myerscough College EABL,"Ayo Ibirinde, Cesar Sanchez Falette, Jakub Bobkowski, Olivier Esingle, Sayomi Latidan",Barking Abbey EABL,"Alaxanda Nwabueze, Kervy Mabaya, Oskaras Visockas, Raphael Connolly, Solomon Dobson Smith",1,22,0.4,0.9,1,0,0,0,0,0,0,1,2,50,0,0,0,0,1,0,0,0,0,0,0,0,0,0,0,0,0,0,0,1,1,0,0,0,1,1,0.9,1.0,113.6,0,113.6,0,113.6,-113.6,1,0,0,0,0,0,0,0,0,0,0,0,0,0,0,0,0,0,0,0,0,0,0,0,0,0,0,0,0,0,0,0,0
SGS College EABL,"Imam Toure, Luka Matthews, Marcos Perez Tosca, Martin Alburo, Zion Lawson",Copleston High School EABL,"Angus Hickey, Callum Fobister, Isaac Little, Matthew Liddamore, Timothy Rafiu",1,39,0.7,0.9,1,0,0,0,0,0,0,1,2,50,0,1,1,0,0,0,0,0,0,0,3,0,0,1,0,0,0,0,2,1,3,0,0,0,0,1,0.9,0.9,113.6,0,113.6,0,113.6,-113.6,1,0,0,0,0,0,0,0,0,0,0,0,0,0,0,0,0,0,0,0,0,0,0,0,0,0,0,0,0,0,0,0,0
SGS College EABL,"Dylan Lloyd, Imam Toure, Marcos Perez Tosca, Martin Alburo, Zion Lawson",Copleston High School EABL,"Callum Fobister, Isaac Little, Luke Read, Matthew Liddamore, Timothy Rafiu",1,23,0.4,0.9,0,0,1,0,0,0,0,0,0,0,0,0,0,0,0,0,0,1,2,0,2,0,0,1,0,2,2,100,2,1,3,0,0,0,0,0,1.0,0.7,0,270.3,-270.3,270.3,0,270.3,-2,0,0,0,0,0,0,0,0,0,0,0,0,0,0,0,0,0,0,0,0,0,0,0,0,0,0,0,0,0,0,0,0
HHS Reading Rockets EABL,"Ethan Harrington, James Waterhouse, Luca Bakary, Malachi Hassan-Taylor, Matthew Daines",BMET City of Birmingham Rockets EABL,"Abdou Camara, Billy Rose, George Angoy, Jonathan Agbeze, Philip Basioudis",1,23,0.4,0.9,1,0,0,0,0,0,0,1,2,50,0,1,1,0,0,0,0,0,0,0,1,0,0,0,0,0,0,0,0,0,0,0,0,0,0,0,0.9,1.0,113.6,0,113.6,0,113.6,-113.6,1,0,0,0,0,0,0,0,0,0,0,0,0,0,0,0,0,0,0,0,0,0,0,0,0,0,0,0,0,0,0,0,0
Itchen College EABL,"Ethan Round, Marley Edwards, Mason Yeates, Richard Radu, Thomas Blower",Charnwood College Riders EABL,"Andrew Young, Fahad Saeed, Okeri Hambira, Stanley Morris, Tom Pearson",1,53,0.9,0.9,2,0,1,0,0,0,0,2,2,100,1,0,1,0,0,0,0,0,0,0,0,0,0,0,0,0,0,0,0,0,0,0,0,0,1,1,0.8,1.0,246.9,0,246.9,0,246.9,-246.9,2,0,0,0,0,0,0,0,0,0,0,0,0,0,0,0,0,0,0,0,0,0,0,0,0,0,0,0,0,0,0,0,0
City of London Academy - Southwark EABL,"Bilal Olowoshile, Daniel Banjoko, Jacob Hannick, Louis Thompson, Sharmake Shirwac",Derby College Trailblazers EABL,"Casey Burr, George Pastor, Jarom Howlett, Julian Lemanski, Liyo Ngomti",1,12,0.2,0.9,1,0,0,0,0,0,0,1,2,50,0,0,0,0,0,0,0,0,2,1,1,100,0,0,0,0,0,0,0,0,0,1,0,0,0,1,0.9,1.0,113.6,200,-86.4,200,113.6,86.4,-1,0,0,0,0,0,0,0,0,0,0,0,0,0,0,0,0,0,0,0,0,0,0,0,0,0,0,0,0,0,0,0,0
Manchester Magic Academy EABL,"Abraham Isiorho, Harley Blake, Jack Walton, Lewis Clayton, Oluwademilade Babalola",Itchen College EABL,"Benjamin Cope, Elijah Lotriet, Javen Osei-Owusu, Mason Yeates, Richard Radu",1,41,0.7,0.9,2,1,2,50,0,0,0,0,0,0,1,0,1,0,0,0,0,0,2,1,2,50,0,0,0,0,0,0,1,0,1,0,0,0,0,0,0.9,0.9,215.1,215.1,0,215.1,215.1,0,0,0,0,0,0,0,0,0,0,0,0,0,0,0,0,0,0,0,0,0,0,0,0,0,0,0,0,0,0,0,0,0,0
Charnwood College Riders EABL,"James Hardy, Okeri Hambira, Pharrell Kattah, Tom Pearson, Zavier Gleadell-Smith",Oaklands Wolves EABL,"Enzo Da Cruz Fatuda, Ethan Ryan, Gavin Mitchell, Huxley Morrell, Liam Mcintosh",1,14,0.2,0.9,2,1,1,100,0,0,0,0,0,0,0,0,0,1,0,0,0,0,1,0,0,0,0,0,0,1,2,50,0,0,0,0,0,0,0,0,1.0,0.9,200,113.6,86.4,113.6,200,-86.4,1,0,0,0,0,0,0,0,0,0,0,0,0,0,0,0,0,0,0,0,0,0,0,0,0,0,0,0,0,0,0,0,0
HHS Reading Rockets EABL,"Can Okumus, Ethan Harrington, Joseph Mackinnon, Luca Bakary, Matthew Daines",SGS College EABL,"Abubakar Odowa, Imam Toure, Kevin Ramirez Mora, Luka Matthews, Martin Alburo",1,16,0.3,0.9,2,0,0,0,0,0,0,2,2,100,0,0,0,1,0,0,0,0,0,0,1,0,0,1,0,0,0,0,0,0,0,0,0,0,0,0,0.9,1.0,227.3,0,227.3,0,227.3,-227.3,2,0,0,0,0,0,0,0,0,0,0,0,0,0,0,0,0,0,0,0,0,0,0,0,0,0,0,0,0,0,0,0,0
HHS Reading Rockets EABL,"Can Okumus, Ethan Harrington, James Waterhouse, Malachi Hassan-Taylor, Matthew Daines",SGS College EABL,"Imam Toure, Kevin Ramirez Mora, Martin Alburo, Tekai Wallace-Gayle, Zion Lawson",1,18,0.3,0.9,2,0,0,0,0,0,0,2,2,100,0,1,1,1,0,0,0,0,0,0,1,0,0,1,0,0,0,0,0,0,0,0,0,0,0,0,0.9,1.0,227.3,0,227.3,0,227.3,-227.3,2,0,0,0,0,0,0,0,0,0,0,0,0,0,0,0,0,0,0,0,0,0,0,0,0,0,0,0,0,0,0,0,0
HHS Reading Rockets EABL,"Aydan Moloney, Can Okumus, Ethan Harrington, Luca Bakary, Malachi Hassan-Taylor",SGS College EABL,"Imam Toure, Kevin Ramirez Mora, Luka Matthews, Martin Alburo, Zion Lawson",1,24,0.4,0.9,0,0,0,0,0,0,0,0,0,0,0,0,0,0,0,0,0,0,0,0,1,0,0,0,0,0,2,0,0,0,0,0,0,0,0,2,0.1,1.9,0,0,0,0,0,0,0,0,0,0,0,0,0,0,0,0,0,0,0,0,0,0,0,0,0,0,0,0,0,0,0,0,0,0,0,0,0,0,0
City of London Academy - Southwark EABL,"Andrew Nwokolo, Daniel Banjoko, Dante Patel, Jacob Hannick, Toby Gass",Myerscough College EABL,"Jakub Bobkowski, Olivier Esingle, Salomi Latidan, Sayomi Latidan, Zach Trezvant",1,25,0.4,0.9,0,0,0,0,0,0,0,0,0,0,0,0,0,0,0,0,1,0,1,0,0,0,0,0,0,1,2,50,0,0,0,0,0,0,0,0,1.0,0.9,0,113.6,-113.6,113.6,0,113.6,-1,0,0,0,0,0,0,0,0,0,0,0,0,0,0,0,0,0,0,0,0,0,0,0,0,0,0,0,0,0,0,0,0
Manchester Magic Academy EABL,"Harley Blake, Jack Walton, Lewis Clayton, Oluwademilade Babalola, Tarique Kamal Kazmi",Myerscough College EABL,"Cesar Sanchez Falette, Harry Sheehan, Olivier Esingle, Salomi Laditan, Zach Trezvant",1,26,0.4,0.9,2,1,1,100,0,0,0,0,0,0,0,0,0,0,0,0,0,0,1,0,0,0,0,0,0,1,2,50,0,0,0,0,0,0,0,0,1.0,0.9,200,113.6,86.4,113.6,200,-86.4,1,0,0,0,0,0,0,0,0,0,0,0,0,0,0,0,0,0,0,0,0,0,0,0,0,0,0,0,0,0,0,0,0
Manchester Magic Academy EABL,"Abraham Isiorho, Jack Walton, Lewis Clayton, Tiego Weekes, Tom Richardson",Myerscough College EABL,"Cesar Sanchez Falette, Harry Sheehan, Olivier Esingle, Sayomi Laditan, Zach Trezvant",1,12,0.2,0.9,2,0,0,0,0,0,0,2,2,100,0,0,0,0,0,0,0,0,0,0,0,0,0,0,0,0,0,0,0,0,0,0,0,0,1,0,0.9,1.0,227.3,0,227.3,0,227.3,-227.3,2,0,0,0,0,0,0,0,0,0,0,0,0,0,0,0,0,0,0,0,0,0,0,0,0,0,0,0,0,0,0,0,0
City of London Academy - Southwark EABL,"Andrew Nwokolo, Bilal Olowoshile, Daniel Banjoko, Dante Patel, David Banjoko",Oaklands Wolves EABL,"Daniel Kostadinov, Dylan Gladstone, Enzo Da Cruz Fatuda, Gavin Mitchell, Huxley Morrell",1,25,0.4,0.8,2,0,1,0,0,1,0,2,2,100,1,1,2,0,0,0,0,0,0,0,0,0,0,0,0,0,2,0,0,0,0,0,0,0,0,1,0.8,0.9,246.9,0,246.9,0,246.9,-246.9,2,0,0,0,0,0,0,0,0,0,0,0,0,0,0,0,0,0,0,0,0,0,0,0,0,0,0,0,0,0,0,0,0
Oaklands Wolves EABL,"Dylan Gladstone, Enzo Da Cruz Fatuda, Guisepi Augenti, Kajus Gasperas, Liam Mcintosh",Copleston High School EABL,"Elijah Tamakloe, Isaac Little, Matthew Liddamore, Oliver Drane, Timothy Rafiu",1,63,1.1,0.8,2,1,4,25,0,1,0,0,0,0,2,0,2,0,0,0,0,1,2,0,0,0,0,0,0,2,2,100,0,0,0,0,0,0,0,0,0.8,0.9,253.2,227.3,25.9,227.3,253.2,-25.9,0,0,0,0,0,0,0,0,0,0,0,0,0,0,0,0,0,0,0,0,0,0,0,0,0,0,0,0,0,0,0,0,0
BMET City of Birmingham Rockets EABL,"George Angoy, Jonathan Agbeze, Jude Hyland, Larry Duru, Patrick Walsh",Copleston High School EABL,"Callum Fobister, Elijah Tamakloe, Isaac Little, Matthew Liddamore, Noah Wilkinson",1,34,0.6,0.8,1,0,1,0,0,0,0,1,2,50,2,0,2,0,0,0,0,0,2,0,0,0,0,0,0,2,2,100,0,0,0,1,0,0,0,4,0.8,0.9,123.5,227.3,-103.8,227.3,123.5,103.8,-1,0,0,0,0,0,0,0,0,0,0,0,0,0,0,0,0,0,0,0,0,0,0,0,0,0,0,0,0,0,0,0,0
City of London Academy - Southwark EABL,"Andrew Nwokolo, Daniel Banjoko, Dante Patel, Jacob Hannick, Toby Gass",Myerscough College EABL,"Cesar Sanchez Falette, Jakub Bobkowski, Olivier Esingle, Salomi Latidan, Sayomi Latidan",1,39,0.7,0.8,1,0,3,0,0,1,0,1,2,50,3,0,3,0,0,0,0,0,0,0,1,0,0,1,0,0,0,0,0,0,0,0,0,0,0,2,0.7,1.0,149.3,0,149.3,0,149.3,-149.3,1,0,0,0,0,0,0,0,0,0,0,0,0,0,0,0,0,0,0,0,0,0,0,0,0,0,0,0,0,0,0,0,0
Itchen College EABL,"Ethan Round, George Andrews, Javen Osei-Owusu, Marley Edwards, Thomas Blower",Copleston High School EABL,"Elijah Tamakloe, Isaac Little, Jaziah Mussington, Matthew Liddamore, Timothy Rafiu",1,4,0.1,0.7,0,0,0,0,0,0,0,0,1,0,0,0,0,0,0,0,0,0,0,0,0,0,0,0,0,0,0,0,0,1,1,0,0,0,1,0,0.4,1.0,0,0,0,0,0,0,0,0,0,0,0,0,0,0,0,0,0,0,0,0,0,0,0,0,0,0,0,0,0,0,0,0,0,0,0,0,0,0,0
Itchen College EABL,"George Andrews, Javen Osei-Owusu, Marley Edwards, Richard Radu, Thomas Blower",Copleston High School EABL,"Elijah Tamakloe, Isaac Little, Jaziah Mussington, Matthew Liddamore, Timothy Rafiu",1,9,0.1,0.7,2,0,0,0,0,0,0,2,3,66.7,0,0,0,0,0,0,0,0,0,0,0,0,0,0,0,0,0,0,0,0,0,0,0,0,0,1,1.3,0.1,151.5,0,151.5,0,151.5,-151.5,2,0,0,0,0,0,0,0,0,0,0,0,0,0,0,0,0,0,0,0,0,0,0,0,0,0,0,0,0,0,0,0,0
Myerscough College EABL,"Cesar Sanchez Falette, Harry Sheehan, Jakub Bobkowski, Sayomi Latidan, Zach Trezvant",BMET City of Birmingham Rockets EABL,"Abdou Camara, Daniel Pittaway, Larry Duru, Patrick Walsh, Philip Basioudis",1,15,0.2,0.7,0,0,0,0,0,0,0,0,1,0,0,0,0,0,0,0,0,0,0,0,0,0,0,0,0,0,0,0,0,1,1,0,0,0,1,0,0.4,1.0,0,0,0,0,0,0,0,0,0,0,0,0,0,0,0,0,0,0,0,0,0,0,0,0,0,0,0,0,0,0,0,0,0,0,0,0,0,0,0
Oaklands Wolves EABL,"Daniel Kostadinov, Enzo Da Cruz Fatuda, Gavin Mitchell, Liam Mcintosh, Tristan Mcintosh",Itchen College EABL,"Ethan Round, Marley Edwards, Mason Yeates, Richard Radu, Thomas Blower",1,21,0.3,0.7,0,0,0,0,0,0,0,0,1,0,0,0,0,0,0,0,0,1,2,1,1,100,0,0,0,0,0,0,0,1,1,0,0,0,0,0,0.4,1.0,0,200,-200,200,0,200,-2,0,0,0,0,0,0,0,0,0,0,0,0,0,0,0,0,0,0,0,0,0,0,0,0,0,0,0,0,0,0,0,0
Charnwood College Riders EABL,"Asa Oyerinde, Lewis Stevenson, Pharrell Kattah, Tristan Curran, Zavier Gleadell-Smith",Myerscough College EABL,"Blake Gordon, Jakub Bobkowski, Junior Sanchez, Sayomi Laditan, Zach Trezvant",1,10,0.2,0.7,0,0,0,0,0,0,0,0,0,0,0,0,0,0,0,0,0,1,3,1,1,100,0,0,0,1,1,100,0,0,0,1,0,0,0,0,0.1,1.4,0,208.3,-208.3,208.3,0,208.3,-3,0,0,0,0,0,0,0,0,0,0,0,0,0,0,0,0,0,0,0,0,0,0,0,0,0,0,0,0,0,0,0,0
City of London Academy - Southwark EABL,"Andrew Nwokolo, Bilal Olowoshile, Daniel Banjoko, Dante Patel, Ruben Nunn",Oaklands Wolves EABL,"Daniel Kostadinov, Gavin Mitchell, Guisepi Augenti, Huxley Morrell, Liam Mcintosh",1,31,0.5,0.7,1,0,0,0,0,0,0,1,1,100,0,0,0,0,1,0,0,0,0,0,0,0,0,0,0,0,0,0,0,0,0,0,0,0,1,0,0.4,1.0,227.3,0,227.3,0,227.3,-227.3,1,0,0,0,0,0,0,0,0,0,0,0,0,0,0,0,0,0,0,0,0,0,0,0,0,0,0,0,0,0,0,0,0
BMET City of Birmingham Rockets EABL,"Abdou Camara, Guridat Singh, Jonathan Agbeze, Jude Hyland, Philip Basioudis",Charnwood College Riders EABL,"Davin Hanousek, Lewis Stevenson, Pharrell Kattah, Rudy Buckingham, Tom Pearson",1,14,0.2,0.7,0,0,0,0,0,0,0,0,1,0,0,0,0,0,0,0,0,0,0,0,1,0,0,0,0,0,0,0,0,1,1,0,0,0,0,0,0.4,1.0,0,0,0,0,0,0,0,0,0,0,0,0,0,0,0,0,0,0,0,0,0,0,0,0,0,0,0,0,0,0,0,0,0,0,0,0,0,0,0
Myerscough College EABL,"Harry Sheehan, Jakub Bobkowski, Olivier Esingle, Sayomi Latidan, Zach Trezvant",SGS College EABL,"Antoine Bennett, Dylan Lloyd, Imam Toure, Marcos Perez Tosca, Martin Alburo",1,14,0.2,0.7,1,0,0,0,0,0,0,1,1,100,0,0,0,0,0,0,0,0,0,0,0,0,0,0,0,0,0,0,0,0,0,0,0,0,1,0,0.4,1.0,227.3,0,227.3,0,227.3,-227.3,1,0,0,0,0,0,0,0,0,0,0,0,0,0,0,0,0,0,0,0,0,0,0,0,0,0,0,0,0,0,0,0,0
Oaklands Wolves EABL,"Daniel Kostadinov, Dylan Gladstone, Enzo Da Cruz Fatuda, Gavin Mitchell, Liam Mcintosh",Copleston High School EABL,"Elijah Tamakloe, Isaac Little, Matthew Liddamore, Noah Wilkinson, Timothy Rafiu",1,22,0.4,0.7,0,0,0,0,0,0,0,0,1,0,0,0,0,0,1,0,0,0,0,0,0,0,0,0,0,0,0,0,0,1,1,0,0,0,1,1,0.4,1.0,0,0,0,0,0,0,0,0,0,0,0,0,0,0,0,0,0,0,0,0,0,0,0,0,0,0,0,0,0,0,0,0,0,0,0,0,0,0,0
Copleston High School EABL,"Callum Fobister, Elijah Tamakloe, Isaac Little, Matthew Liddamore, Timothy Rafiu",Itchen College EABL,"Ethan Round, Javen Osei-Owusu, Marley Edwards, Reuel Matthias, Thomas Blower",1,20,0.3,0.7,1,0,0,0,0,0,0,1,1,100,0,0,0,0,0,0,0,0,2,1,1,100,0,0,0,0,0,0,0,0,0,1,0,0,0,0,0.4,1.0,227.3,200,27.3,200,227.3,-27.3,-1,0,0,0,0,0,0,0,0,0,0,0,0,0,0,0,0,0,0,0,0,0,0,0,0,0,0,0,0,0,0,0,0
Charnwood College Riders EABL,"Davin Hanousek, Lewis Stevenson, Luca Boothe, Pharrell Kattah, Tristan Curran",Derby College Trailblazers EABL,"Elias Rice, George Pastor, Jarom Howlett, Liyo Ngomti, Rohan Hobday",1,24,0.4,0.7,0,0,1,0,0,1,0,0,1,0,0,0,0,0,0,0,0,1,0,0,0,0,0,0,0,0,0,0,0,1,1,0,0,0,0,0,1.4,0.1,0,0,0,0,0,0,0,0,0,0,0,0,0,0,0,0,0,0,0,0,0,0,0,0,0,0,0,0,0,0,0,0,0,0,0,0,0,0,0
Charnwood College Riders EABL,"Asa Oyerinde, Luca Boothe, Pharrell Kattah, Rudy Buckingham, Tristan Curran",Derby College Trailblazers EABL,"Casey Burr, Elias Rice, George Pastor, Jarom Howlett, Liyo Ngomti",1,8,0.1,0.7,0,0,0,0,0,0,0,0,0,0,0,0,0,0,0,0,0,2,2,0,0,0,0,0,0,2,3,66.7,0,0,0,0,0,0,0,1,0.1,1.3,0,151.5,-151.5,151.5,0,151.5,-2,0,0,0,0,0,0,0,0,0,0,0,0,0,0,0,0,0,0,0,0,0,0,0,0,0,0,0,0,0,0,0,0
SGS College EABL,"Imam Toure, Luka Matthews, Marcos Perez Tosca, Martin Alburo, Shaquan Nelson",BMET City of Birmingham Rockets EABL,"George Angoy, Issac Gisbourne, Jude Hyland, Larry Duru, Simba Chikukwa",1,14,0.2,0.7,0,0,0,0,0,0,0,0,0,0,0,1,1,0,0,0,0,0,1,0,1,0,0,0,0,1,2,50,1,0,1,0,0,0,0,0,0.1,1.3,0,74.3,-74.3,74.3,0,74.3,-1,0,0,0,0,0,0,0,0,0,0,0,0,0,0,0,0,0,0,0,0,0,0,0,0,0,0,0,0,0,0,0,0
Oaklands Wolves EABL,"Daniel Kostadinov, Enzo Da Cruz Fatuda, Ethan Ryan, Gavin Mitchell, Huxley Morrell",HHS Reading Rockets EABL,"Can Okumus, James Waterhouse, Malachi Hassan-Taylor, Matthew Daines, Nicholas Dent",1,21,0.3,0.7,2,1,2,50,0,0,0,0,0,0,1,0,1,0,0,0,0,0,1,0,0,0,0,0,0,1,1,100,0,0,0,0,0,0,0,0,0.9,0.4,215.1,227.3,-12.2,227.3,215.1,12.2,1,0,0,0,0,0,0,0,0,0,0,0,0,0,0,0,0,0,0,0,0,0,0,0,0,0,0,0,0,0,0,0,0
BMET City of Birmingham Rockets EABL,"Jonathan Agbeze, Jude Hyland, Larry Duru, Patrick Walsh, Philip Basioudis",Myerscough College EABL,"Alex Cisse, Daniel Okhuoya, Harry Sheehan, Jakub Bobkowski, Salomi Latidan",1,10,0.2,0.7,2,0,0,0,0,0,0,2,3,66.7,0,0,0,1,0,0,0,0,0,0,0,0,0,0,0,0,0,0,0,1,1,0,0,0,0,1,1.3,0.1,151.5,0,151.5,0,151.5,-151.5,2,0,0,0,0,0,0,0,0,0,0,0,0,0,0,0,0,0,0,0,0,0,0,0,0,0,0,0,0,0,0,0,0
BMET City of Birmingham Rockets EABL,"Daniel Pittaway, George Angoy, Jude Hyland, Larry Duru, Patrick Walsh",Myerscough College EABL,"Alex Cisse, Fin Morgan, Layjuan Farrell, Olivier Esingle, Zach Trezvant",1,9,0.1,0.7,3,0,0,0,0,0,0,3,3,100,0,0,0,1,0,0,0,0,0,0,0,0,0,0,0,0,0,0,0,0,0,0,0,0,0,0,1.3,0.1,227.3,0,227.3,0,227.3,-227.3,3,0,0,0,0,0,0,0,0,0,0,0,0,0,0,0,0,0,0,0,0,0,0,0,0,0,0,0,0,0,0,0,0
City of London Academy - Southwark EABL,"Andrew Nwokolo, Daniel Banjoko, David Banjoko, Jacob Hannick, Toby Gass",Copleston High School EABL,"Callum Fobister, Isaac Little, Matthew Liddamore, Noah Wilkinson, Timothy Rafiu",1,15,0.2,0.7,0,0,0,0,0,0,0,0,0,0,0,1,1,0,0,0,1,0,0,0,0,0,0,0,0,0,1,0,0,0,0,0,0,0,0,0,1.0,0.4,0,0,0,0,0,0,0,0,0,0,0,0,0,0,0,0,0,0,0,0,0,0,0,0,0,0,0,0,0,0,0,0,0,0,0,0,0,0,0
Charnwood College Riders EABL,"Fahad Saeed, Luca Boothe, Tom Pearson, Tristan Curran, Zavier Gleadell-Smith",Oaklands Wolves EABL,"Dylan Gladstone, Enzo Da Cruz Fatuda, Gavin Mitchell, Huxley Morrell, Liam Mcintosh",1,47,0.8,0.7,0,0,1,0,0,0,0,0,0,0,0,0,0,0,0,0,0,0,1,0,1,0,0,0,0,1,1,100,1,1,2,0,0,0,0,0,1.0,0.4,0,270.3,-270.3,270.3,0,270.3,-1,0,0,0,0,0,0,0,0,0,0,0,0,0,0,0,0,0,0,0,0,0,0,0,0,0,0,0,0,0,0,0,0
Charnwood College Riders EABL,"Fahad Saeed, James Hardy, Pharrell Kattah, Tristan Curran, Zavier Gleadell-Smith",Oaklands Wolves EABL,"Daniel Kostadinov, Dylan Gladstone, Gavin Mitchell, Liam Mcintosh, Tristan Mcintosh",1,6,0.1,0.7,0,0,0,0,0,0,0,0,0,0,0,0,0,0,0,0,0,1,3,1,1,100,0,0,0,1,1,100,0,0,0,0,0,0,0,0,0.1,1.4,0,208.3,-208.3,208.3,0,208.3,-3,0,0,0,0,0,0,0,0,0,0,0,0,0,0,0,0,0,0,0,0,0,0,0,0,0,0,0,0,0,0,0,0
Manchester Magic Academy EABL,"Abraham Isiorho, Jack Walton, Lewis Clayton, Tiego Weekes, Tom Richardson",Myerscough College EABL,"Cesar Sanchez Falette, Leon Heidenreich Roberts, Olivier Esingle, Sayomi Laditan, Zach Trezvant",1,11,0.2,0.7,1,0,0,0,0,0,0,1,1,100,0,0,0,0,0,0,0,0,0,0,0,0,0,0,0,0,0,0,0,0,0,0,0,0,1,0,0.4,1.0,227.3,0,227.3,0,227.3,-227.3,1,0,0,0,0,0,0,0,0,0,0,0,0,0,0,0,0,0,0,0,0,0,0,0,0,0,0,0,0,0,0,0,0
Oaklands Wolves EABL,"Daniel Kostadinov, Gavin Mitchell, Huxley Morrell, Liam Mcintosh, Tristan Mcintosh",HHS Reading Rockets EABL,"A. King, Ethan Harrington, Joseph Mackinnon, Malachi Hassan-Taylor, Matthew Daines",1,35,0.6,0.6,3,0,1,0,0,0,0,3,3,100,1,0,1,0,0,0,0,0,0,0,0,0,0,0,0,0,0,0,0,0,0,0,0,0,0,1,1.3,0.1,240,0,240,0,240,-240,3,0,0,0,0,0,0,0,0,0,0,0,0,0,0,0,0,0,0,0,0,0,0,0,0,0,0,0,0,0,0,0,0
City of London Academy - Southwark EABL,"Alex Morentin, Bilal Olowoshile, Daniel Banjoko, Dante Patel, Ruben Cryer",Derby College Trailblazers EABL,"Elias Rice, Finley Tuck, Kaleel Otaye, Rohan Hobday, William Tallon",1,13,0.2,0.6,0,0,2,0,0,1,0,0,1,0,3,0,3,0,0,0,1,0,0,0,0,0,0,0,0,0,0,0,0,0,0,0,1,0,0,0,1.3,0.1,0,0,0,0,0,0,0,0,0,0,0,0,0,0,0,0,0,0,0,0,0,0,0,0,0,0,0,0,0,0,0,0,0,0,0,0,0,0,0
Manchester Magic Academy EABL,"Harley Blake, Jack Odongo, Nathan Brown, Oluwademilade Babalola, Tiego Weekes",Charnwood College Riders EABL,"Asa Oyerinde, Davin Hanousek, Davincy Stephens, Luca Boothe, Tristan Curran",1,15,0.2,0.5,0,0,0,0,0,0,0,0,0,0,0,0,0,0,0,0,1,0,0,0,0,0,0,0,0,0,0,0,0,0,0,0,0,0,0,0,1.0,0.1,0,0,0,0,0,0,0,0,0,0,0,0,0,0,0,0,0,0,0,0,0,0,0,0,0,0,0,0,0,0,0,0,0,0,0,0,0,0,0
Manchester Magic Academy EABL,"Jack Odongo, Jack Walton, Nathan Brown, Oluwademilade Babalola, Samy Sidi-Boumedine",Charnwood College Riders EABL,"Davin Hanousek, Luca Boothe, Rudy Buckingham, Stanley Morris, Tom Pearson",1,10,0.2,0.5,0,0,0,0,0,0,0,0,0,0,0,0,0,0,0,0,0,0,0,0,0,0,0,0,0,0,0,0,0,0,0,0,0,0,1,0,0.1,1.0,0,0,0,0,0,0,0,0,0,0,0,0,0,0,0,0,0,0,0,0,0,0,0,0,0,0,0,0,0,0,0,0,0,0,0,0,0,0,0
Manchester Magic Academy EABL,"Jack Odongo, Jack Walton, Nathan Brown, Oluwademilade Babalola, Samy Sidi-Boumedine",Charnwood College Riders EABL,"Davin Hanousek, Fahad Saeed, Luca Boothe, Stanley Morris, Tristan Curran",1,15,0.2,0.5,2,1,1,100,0,0,0,0,0,0,0,0,0,0,0,0,0,0,0,0,0,0,0,0,0,0,0,0,0,0,0,0,0,0,0,0,1.0,0.1,200,0,200,0,200,-200,2,0,0,0,0,0,0,0,0,0,0,0,0,0,0,0,0,0,0,0,0,0,0,0,0,0,0,0,0,0,0,0,0
SGS College EABL,"Abubakar Odowa, Dylan Lloyd, Kayden Richards, Marcos Pospori, Tekai Wallace-Gayle",Myerscough College EABL,"Aboyomi Aiyedun, Ashton Scott, Jakub Bobkowski, Olivier Esingle, Salomi Latidan",1,11,0.2,0.5,0,0,0,0,0,0,0,0,0,0,0,0,0,0,0,0,0,0,0,0,1,0,0,1,0,0,0,0,0,0,0,0,0,0,0,0,0.1,1.0,0,0,0,0,0,0,0,0,0,0,0,0,0,0,0,0,0,0,0,0,0,0,0,0,0,0,0,0,0,0,0,0,0,0,0,0,0,0,0
Barking Abbey EABL,"Francesco Cole, Kervy Mabaya, Micael Filho, Munyaradzi Myamutenha, Solomon Dobson Smith",HHS Reading Rockets EABL,"Can Okumus, Joseph Mackinnon, Lazure Franicis, Luca Bakary, Malachi Hassan-Taylor",1,36,0.6,0.5,3,1,1,100,1,1,100,0,0,0,0,0,0,1,0,0,0,0,0,0,0,0,0,0,0,0,0,0,0,0,0,0,0,0,0,0,1.0,0.1,300,0,300,0,300,-300,3,0,0,0,0,0,0,0,0,0,0,0,0,0,0,0,0,0,0,0,0,0,0,0,0,0,0,0,0,0,0,0,0
Barking Abbey EABL,"Folarin Oguntuase, Joshua Mendes, Kervy Mabaya, Munyaradzi Myamutenha, Solomon Dobson Smith",HHS Reading Rockets EABL,"Ethan Harrington, James Waterhouse, Luca Bakary, Malachi Hassan-Taylor, Matthew Daines",1,55,0.9,0.5,2,1,1,100,0,0,0,0,0,0,0,0,0,1,0,0,0,0,0,0,1,0,0,0,0,0,0,0,1,0,1,0,0,0,0,0,1.0,0.1,200,0,200,0,200,-200,2,0,0,0,0,0,0,0,0,0,0,0,0,0,0,0,0,0,0,0,0,0,0,0,0,0,0,0,0,0,0,0,0
Barking Abbey EABL,"Folarin Oguntuase, Kervy Mabaya, Munyaradzi Myamutenha, Raphael Connolly, Solomon Dobson Smith",HHS Reading Rockets EABL,"Lazure Franicis, Luca Bakary, Malachi Hassan-Taylor, Matthew Daines, Nicholas Dent",1,22,0.4,0.5,2,1,1,100,0,0,0,0,0,0,0,0,0,0,0,0,0,1,0,0,0,0,0,0,0,0,0,0,0,0,0,0,0,0,0,0,1.0,0.1,200,0,200,0,200,-200,2,0,0,0,0,0,0,0,0,0,0,0,0,0,0,0,0,0,0,0,0,0,0,0,0,0,0,0,0,0,0,0,0
Barking Abbey EABL,"Francesco Cole, Joshua Mendes, Kervy Mabaya, Micael Filho, Munyaradzi Myamutenha",HHS Reading Rockets EABL,"Can Okumus, Lazure Franicis, Luca Bakary, Matthew Daines, Nicholas Dent",1,23,0.4,0.5,0,0,0,0,0,0,0,0,0,0,0,0,0,1,0,0,0,0,2,1,1,100,0,0,0,0,0,0,0,0,0,0,0,0,0,0,0.1,1.0,0,200,-200,200,0,200,-2,0,0,0,0,0,0,0,0,0,0,0,0,0,0,0,0,0,0,0,0,0,0,0,0,0,0,0,0,0,0,0,0
City of London Academy - Southwark EABL,"Andrew Nwokolo, David Banjoko, Jacob Hannick, Nyakeh Senessie, Toby Gass",Itchen College EABL,"Benjamin Cope, Ethan Round, Javen Osei-Owusu, Marley Edwards, Thomas Blower",1,37,0.6,0.5,0,0,1,0,0,1,0,0,0,0,0,0,0,0,0,0,0,1,0,0,0,0,0,0,0,0,0,0,0,1,1,0,0,0,0,0,1.0,0.1,0,0,0,0,0,0,0,0,0,0,0,0,0,0,0,0,0,0,0,0,0,0,0,0,0,0,0,0,0,0,0,0,0,0,0,0,0,0,0
City of London Academy - Southwark EABL,"Bilal Olowoshile, Daniel Banjoko, Dante Patel, Jacob Hannick, Toby Gass",Itchen College EABL,"Dawid Cimochowski, Elijah Lotriet, Ethan Round, Jakub Ofman, Thomas Blower",1,4,0.1,0.5,0,0,0,0,0,0,0,0,0,0,0,0,0,0,0,0,1,0,0,0,0,0,0,0,0,0,0,0,0,0,0,0,1,0,0,0,1.0,0.1,0,0,0,0,0,0,0,0,0,0,0,0,0,0,0,0,0,0,0,0,0,0,0,0,0,0,0,0,0,0,0,0,0,0,0,0,0,0,0
City of London Academy - Southwark EABL,"Andrew Nwokolo, Daniel Banjoko, David Banjoko, Jacob Hannick, Toby Gass",Itchen College EABL,"Elijah Lotriet, Ethan Round, Jakub Ofman, Marley Edwards, Thomas Blower",1,6,0.1,0.5,0,0,0,0,0,0,0,0,0,0,0,1,1,0,0,0,0,0,0,0,1,0,0,1,0,0,0,0,0,0,0,0,0,0,0,0,0.1,1.0,0,0,0,0,0,0,0,0,0,0,0,0,0,0,0,0,0,0,0,0,0,0,0,0,0,0,0,0,0,0,0,0,0,0,0,0,0,0,0
BMET City of Birmingham Rockets EABL,"George Angoy, J. Agbeze, Jude Hyland, Larry Duru, Philip Basioudis",SGS College EABL,"Abubakar Odowa, Kayden Richards, Kevin Ramirez Mora, Marcos Perez Tosca, Martin Alburo",1,25,0.4,0.5,0,0,3,0,0,0,0,0,0,0,2,0,2,0,1,0,0,0,0,0,0,0,0,0,0,0,0,0,0,0,0,0,0,0,1,0,0.1,1.0,0,0,0,0,0,0,0,0,0,0,0,0,0,0,0,0,0,0,0,0,0,0,0,0,0,0,0,0,0,0,0,0,0,0,0,0,0,0,0
Myerscough College EABL,"Cesar Sanchez Falette, Harry Sheehan, Jakub Bobkowski, Sayomi Latidan, Zach Trezvant",Manchester Magic Academy EABL,"Harley Blake, Jack Odongo, Jack Walton, Oluwademilade Babalola, Samy Sidi-Boumedine",1,36,0.6,0.5,0,0,1,0,0,1,0,0,0,0,1,0,1,0,1,0,0,0,0,0,0,0,0,0,0,0,0,0,0,0,0,0,0,0,1,2,0.1,1.0,0,0,0,0,0,0,0,0,0,0,0,0,0,0,0,0,0,0,0,0,0,0,0,0,0,0,0,0,0,0,0,0,0,0,0,0,0,0,0
City of London Academy - Southwark EABL,"Daniel Banjoko, Dante Patel, Louis Thompson, Rafi Testfay, Toby Gass",Barking Abbey EABL,"Amari Maitland, Joshua Mendes, Kimbe N'gabala, Micael Filho, Raphael Connolly",1,30,0.5,0.5,0,0,0,0,0,0,0,0,0,0,0,1,1,0,0,0,0,0,0,0,1,0,0,0,0,0,0,0,0,0,0,0,0,0,0,0,0.1,1.0,0,0,0,0,0,0,0,0,0,0,0,0,0,0,0,0,0,0,0,0,0,0,0,0,0,0,0,0,0,0,0,0,0,0,0,0,0,0,0
Copleston High School EABL,"Angus Hickey, Elijah Tamakloe, Matthew Liddamore, Noah Wilkinson, Timothy Rafiu",Barking Abbey EABL,"Ethan Albrecht, Kervy Mabaya, Munyaradzi Myamutenha, Raphael Connolly, Solomon Dobson Smith",1,27,0.5,0.5,2,1,1,100,0,0,0,0,0,0,0,0,0,1,0,0,0,2,0,0,0,0,0,0,0,0,0,0,0,0,0,0,0,0,0,0,1.0,0.1,200,0,200,0,200,-200,2,0,0,0,0,0,0,0,0,0,0,0,0,0,0,0,0,0,0,0,0,0,0,0,0,0,0,0,0,0,0,0,0
Charnwood College Riders EABL,"Fahad Saeed, Pharrell Kattah, Rudy Buckingham, Tom Pearson, Zavier Gleadell-Smith",SGS College EABL,"Antoine Bennett, Kayden Richards, Luka Matthews, Marcos Pospori, Martin Alburo",1,72,1.2,0.5,0,0,0,0,0,0,0,0,0,0,0,0,0,0,0,0,0,0,2,1,1,100,0,0,0,0,0,0,0,0,0,0,0,0,0,0,0.1,1.0,0,200,-200,200,0,200,-2,0,0,0,0,0,0,0,0,0,0,0,0,0,0,0,0,0,0,0,0,0,0,0,0,0,0,0,0,0,0,0,0
Charnwood College Riders EABL,"Pharrell Kattah, Rudy Buckingham, Stanley Morris, Tom Pearson, Tristan Curran",SGS College EABL,"Abubakar Odowa, Dylan Lloyd, Imam Toure, Kevin Ramirez Mora, Marcos Perez Tosca",1,18,0.3,0.5,0,0,0,0,0,0,0,0,0,0,0,0,0,0,0,0,0,0,0,0,1,0,0,1,0,0,0,0,0,0,0,0,0,0,0,0,0.1,1.0,0,0,0,0,0,0,0,0,0,0,0,0,0,0,0,0,0,0,0,0,0,0,0,0,0,0,0,0,0,0,0,0,0,0,0,0,0,0,0
Charnwood College Riders EABL,"Asa Oyerinde, Harrison Mcglone, Pharrell Kattah, Rudy Buckingham, Tom Pearson",SGS College EABL,"Antoine Bennett, Kayden Richards, Luka Matthews, Marcos Perez Tosca, Shaquan Nelson",1,5,0.1,0.5,0,0,0,0,0,0,0,0,0,0,0,0,0,0,0,0,1,0,0,0,0,0,0,0,0,0,0,0,0,0,0,0,1,0,0,0,1.0,0.1,0,0,0,0,0,0,0,0,0,0,0,0,0,0,0,0,0,0,0,0,0,0,0,0,0,0,0,0,0,0,0,0,0,0,0,0,0,0,0
Charnwood College Riders EABL,"Asa Oyerinde, Harrison Mcglone, Pharrell Kattah, Rudy Buckingham, Tom Pearson",SGS College EABL,"Antoine Bennett, Kayden Richards, Luka Matthews, Marcos Perez Tosca, Martin Alburo",1,19,0.3,0.5,0,0,0,0,0,0,0,0,0,0,0,0,0,0,0,0,0,0,2,1,1,100,0,0,0,0,0,0,0,0,0,0,0,0,0,0,0.1,1.0,0,200,-200,200,0,200,-2,0,0,0,0,0,0,0,0,0,0,0,0,0,0,0,0,0,0,0,0,0,0,0,0,0,0,0,0,0,0,0,0
Manchester Magic Academy EABL,"David Allotey, Jack Walton, Nathan Brown, Tarique Kamal Kazmi, Tom Richardson",Derby College Trailblazers EABL,"Elias Rice, Julian Lemanski, Matheo Smith-Fjordland, Rohan Hobday, William Tallon",1,31,0.5,0.5,0,0,1,0,0,1,0,0,0,0,0,0,0,0,0,0,0,1,0,0,0,0,0,0,0,0,0,0,0,1,1,0,0,0,0,0,1.0,0.1,0,0,0,0,0,0,0,0,0,0,0,0,0,0,0,0,0,0,0,0,0,0,0,0,0,0,0,0,0,0,0,0,0,0,0,0,0,0,0
Myerscough College EABL,"Cesar Sanchez Falette, Harry Sheehan, Olivier Esingle, Salomi Latidan, Zach Trezvant",BMET City of Birmingham Rockets EABL,"Abdou Camara, Daniel Pittaway, Jesse Ogbeide, Jonathan Agbeze, Philip Basioudis",1,26,0.4,0.5,0,0,2,0,0,0,0,0,0,0,2,1,3,0,0,0,0,0,0,0,1,0,0,0,0,0,0,0,0,0,0,0,0,0,0,1,0.1,1.0,0,0,0,0,0,0,0,0,0,0,0,0,0,0,0,0,0,0,0,0,0,0,0,0,0,0,0,0,0,0,0,0,0,0,0,0,0,0,0
HHS Reading Rockets EABL,"Aydan Moloney, Ethan Harrington, James Waterhouse, Matthew Daines, Saun Ejiofor",City of London Academy - Southwark EABL,"Daniel Banjoko, Daniel Ekwukoma, Dante Patel, David Banjoko, Toby Gass",1,35,0.6,0.5,0,0,0,0,0,0,0,0,0,0,0,0,0,0,0,0,0,0,0,0,0,0,0,0,0,0,0,0,0,0,0,0,0,0,1,0,0.1,1.0,0,0,0,0,0,0,0,0,0,0,0,0,0,0,0,0,0,0,0,0,0,0,0,0,0,0,0,0,0,0,0,0,0,0,0,0,0,0,0
HHS Reading Rockets EABL,"James Waterhouse, Joseph Mackinnon, Lazure Francis, Malachi Hassan-Taylor, Matthew Daines",City of London Academy - Southwark EABL,"Andrew Nwokolo, Daniel Banjoko, Dante Patel, David Banjoko, Toby Gass",1,50,0.8,0.5,0,0,0,0,0,0,0,0,0,0,0,0,0,0,0,0,0,0,2,1,1,100,0,0,0,0,0,0,0,0,0,0,0,0,0,0,0.1,1.0,0,200,-200,200,0,200,-2,0,0,0,0,0,0,0,0,0,0,0,0,0,0,0,0,0,0,0,0,0,0,0,0,0,0,0,0,0,0,0,0
HHS Reading Rockets EABL,"Can Okumus, Joseph Mackinnon, Lazure Francis, Luca Bakary, Malachi Hassan-Taylor",City of London Academy - Southwark EABL,"Alex Morentin, Bilal Olowoshile, Daniel Ekwukoma, Ruben Cryer, Sharmake Shirwac",1,27,0.5,0.5,2,1,1,100,0,0,0,0,0,0,0,0,0,0,0,0,0,0,0,0,0,0,0,0,0,0,0,0,0,0,0,0,0,0,0,0,1.0,0.1,200,0,200,0,200,-200,2,0,0,0,0,0,0,0,0,0,0,0,0,0,0,0,0,0,0,0,0,0,0,0,0,0,0,0,0,0,0,0,0
Oaklands Wolves EABL,"Daniel Kostadinov, Gavin Mitchell, Huxley Morrell, Liam Mcintosh, Tristan Mcintosh",Itchen College EABL,"Ethan Round, Jakub Ofman, Mason Yeates, Richard Radu, Thomas Blower",1,22,0.4,0.5,0,0,1,0,0,1,0,0,0,0,1,0,1,0,1,0,0,0,0,0,0,0,0,0,0,0,0,0,0,0,0,0,0,0,1,0,0.1,1.0,0,0,0,0,0,0,0,0,0,0,0,0,0,0,0,0,0,0,0,0,0,0,0,0,0,0,0,0,0,0,0,0,0,0,0,0,0,0,0
Oaklands Wolves EABL,"Enzo Da Cruz Fatuda, Gavin Mitchell, Kajus Gasperas, Liam Mcintosh, Tristan Mcintosh",Itchen College EABL,"Benjamin Cope, Elijah Lotriet, Ethan Round, Marley Edwards, Thomas Blower",1,47,0.8,0.5,0,0,1,0,0,1,0,0,0,0,0,0,0,0,0,0,0,0,0,0,2,0,0,2,0,0,0,0,1,1,2,0,0,0,0,0,1.0,0.1,0,0,0,0,0,0,0,0,0,0,0,0,0,0,0,0,0,0,0,0,0,0,0,0,0,0,0,0,0,0,0,0,0,0,0,0,0,0,0
BMET City of Birmingham Rockets EABL,"Billy Rose, George Angoy, Jonathan Agbeze, Larry Duru, Philip Basioudis",Manchester Magic Academy EABL,"Jack Walton, Lewis Clayton, Nathan Brown, Oluwademilade Babalola, Tom Richardson",1,16,0.3,0.5,0,0,0,0,0,0,0,0,0,0,0,0,0,0,0,0,0,0,2,1,1,100,0,0,0,0,0,0,0,0,0,1,0,0,0,0,0.1,1.0,0,200,-200,200,0,200,-2,0,0,0,0,0,0,0,0,0,0,0,0,0,0,0,0,0,0,0,0,0,0,0,0,0,0,0,0,0,0,0,0
BMET City of Birmingham Rockets EABL,"Billy Rose, Guridat Singh, Jonathan Agbeze, Larry Duru, Patrick Walsh",Manchester Magic Academy EABL,"Lewis Clayton, Nathan Brown, Samy Sidi-Boumedine, Tiego Weekes, Tom Richardson",1,31,0.5,0.5,0,0,0,0,0,0,0,0,0,0,0,0,0,0,0,0,0,0,3,1,1,100,1,1,100,0,0,0,0,0,0,1,0,0,0,0,0.1,1.0,0,300,-300,300,0,300,-3,0,0,0,0,0,0,0,0,0,0,0,0,0,0,0,0,0,0,0,0,0,0,0,0,0,0,0,0,0,0,0,0
Copleston High School EABL,"Angus Hickey, Callum Fobister, Elijah Tamakloe, Isaac Little, Matthew Liddamore",HHS Reading Rockets EABL,"Ethan Harrington, Joseph Mackinnon, Luca Bakary, Matthew Daines, Nicholas Dent",1,4,0.1,0.5,0,0,0,0,0,0,0,0,0,0,0,0,0,0,0,0,1,0,0,0,0,0,0,0,0,0,0,0,0,0,0,0,0,0,0,0,1.0,0.1,0,0,0,0,0,0,0,0,0,0,0,0,0,0,0,0,0,0,0,0,0,0,0,0,0,0,0,0,0,0,0,0,0,0,0,0,0,0,0
Charnwood College Riders EABL,"Asa Oyerinde, Lewis Stevenson, Luca Boothe, Tristan Curran, Zavier Gleadell-Smith",Myerscough College EABL,"Blake Gordon, Jakub Bobkowski, Junior Sanchez, Sayomi Laditan, Zach Trezvant",1,34,0.6,0.5,0,0,0,0,0,0,0,0,0,0,0,0,0,0,0,0,1,1,0,0,0,0,0,0,0,0,0,0,0,0,0,0,0,0,0,0,1.0,0.1,0,0,0,0,0,0,0,0,0,0,0,0,0,0,0,0,0,0,0,0,0,0,0,0,0,0,0,0,0,0,0,0,0,0,0,0,0,0,0
SGS College EABL,"Antoine Bennett, Dylan Lloyd, Kayden Richards, Kevin Ramirez Mora, Luka Matthews",Derby College Trailblazers EABL,"Casey Burr, Elias Norman, George Pastor, Jarom Howlett, William Tallon",1,1,0.0,0.5,0,0,0,0,0,0,0,0,0,0,0,0,0,0,0,0,0,0,0,0,1,0,0,1,0,0,0,0,0,0,0,0,0,0,0,0,0.1,1.0,0,0,0,0,0,0,0,0,0,0,0,0,0,0,0,0,0,0,0,0,0,0,0,0,0,0,0,0,0,0,0,0,0,0,0,0,0,0,0
City of London Academy - Southwark EABL,"Barack Manfo-Marc, Bilal Olowoshile, Daniel Banjoko, Rafi Testfay, Toby Gass",Oaklands Wolves EABL,"Daniel Kostadinov, Dylan Gladstone, Enzo Da Cruz Fatuda, Huxley Morrell, Zac Gribble",1,27,0.5,0.5,0,0,0,0,0,0,0,0,0,0,0,0,0,0,0,0,1,0,0,0,0,0,0,0,0,0,0,0,0,0,0,0,0,0,0,0,1.0,0.1,0,0,0,0,0,0,0,0,0,0,0,0,0,0,0,0,0,0,0,0,0,0,0,0,0,0,0,0,0,0,0,0,0,0,0,0,0,0,0
City of London Academy - Southwark EABL,"Alex Morentin, Andrew Nwokolo, Bilal Olowoshile, Daniel Banjoko, Dante Patel",Oaklands Wolves EABL,"Daniel Kostadinov, Dylan Gladstone, Enzo Da Cruz Fatuda, Gavin Mitchell, Huxley Morrell",1,32,0.5,0.5,0,0,1,0,0,0,0,0,0,0,0,0,0,0,0,0,0,1,0,0,1,0,0,0,0,0,0,0,1,1,2,0,0,0,0,0,1.0,0.1,0,0,0,0,0,0,0,0,0,0,0,0,0,0,0,0,0,0,0,0,0,0,0,0,0,0,0,0,0,0,0,0,0,0,0,0,0,0,0
City of London Academy - Southwark EABL,"Barack Manfo-Marc, Dante Patel, David Banjoko, Sharmake Shirwac, Toby Gass",Oaklands Wolves EABL,"Dylan Gladstone, Enzo Da Cruz Fatuda, Gavin Mitchell, Guisepi Augenti, Liam Mcintosh",1,13,0.2,0.5,0,0,0,0,0,0,0,0,0,0,0,0,0,0,0,0,0,0,0,0,0,0,0,0,0,0,0,0,0,0,0,0,0,0,1,0,0.1,1.0,0,0,0,0,0,0,0,0,0,0,0,0,0,0,0,0,0,0,0,0,0,0,0,0,0,0,0,0,0,0,0,0,0,0,0,0,0,0,0
City of London Academy - Southwark EABL,"Barack Manfo-Marc, Daniel Banjoko, Dante Patel, Sharmake Shirwac, Toby Gass",Oaklands Wolves EABL,"Gavin Mitchell, Guisepi Augenti, Kajus Gasperas, Liam Mcintosh, Zac Gribble",1,12,0.2,0.5,0,0,0,0,0,0,0,0,0,0,0,1,1,0,0,0,0,0,0,0,1,0,0,0,0,0,0,0,0,0,0,0,0,0,0,1,0.1,1.0,0,0,0,0,0,0,0,0,0,0,0,0,0,0,0,0,0,0,0,0,0,0,0,0,0,0,0,0,0,0,0,0,0,0,0,0,0,0,0
Derby College Trailblazers EABL,"Elias Norman, George Pastor, Jarom Howlett, Liyo Ngomti, William Tallon",Charnwood College Riders EABL,"Asa Oyerinde, Davincy Stephens, Lewis Stevenson, Stanley Morris, Tom Pearson",1,22,0.4,0.5,0,0,0,0,0,0,0,0,0,0,0,0,0,0,0,0,1,1,0,0,0,0,0,0,0,0,0,0,0,0,0,0,0,0,0,0,1.0,0.1,0,0,0,0,0,0,0,0,0,0,0,0,0,0,0,0,0,0,0,0,0,0,0,0,0,0,0,0,0,0,0,0,0,0,0,0,0,0,0
BMET City of Birmingham Rockets EABL,"Abdou Camara, George Angoy, Guridat Singh, Jonathan Agbeze, Philip Basioudis",Charnwood College Riders EABL,"Asa Oyerinde, Fahad Saeed, Lewis Stevenson, Pharrell Kattah, Tom Pearson",1,26,0.4,0.5,0,0,0,0,0,0,0,0,0,0,0,0,0,0,0,0,0,0,3,1,1,100,1,1,100,0,0,0,0,0,0,0,0,0,0,0,0.1,1.0,0,300,-300,300,0,300,-3,0,0,0,0,0,0,0,0,0,0,0,0,0,0,0,0,0,0,0,0,0,0,0,0,0,0,0,0,0,0,0,0
BMET City of Birmingham Rockets EABL,"Abdou Camara, George Angoy, Jonathan Agbeze, Jude Hyland, Philip Basioudis",Charnwood College Riders EABL,"Davin Hanousek, Lewis Stevenson, Luca Boothe, Pharrell Kattah, Tristan Curran",1,13,0.2,0.5,0,0,0,0,0,0,0,0,0,0,0,0,0,0,0,0,0,0,0,0,1,0,0,1,0,0,0,0,0,0,0,0,0,0,0,0,0.1,1.0,0,0,0,0,0,0,0,0,0,0,0,0,0,0,0,0,0,0,0,0,0,0,0,0,0,0,0,0,0,0,0,0,0,0,0,0,0,0,0
BMET City of Birmingham Rockets EABL,"Abdou Camara, George Angoy, Guridat Singh, Jonathan Agbeze, Philip Basioudis",Charnwood College Riders EABL,"Davin Hanousek, Luca Boothe, Pharrell Kattah, Tristan Curran, Zavier Gleadell-Smith",1,28,0.5,0.5,2,1,1,100,0,0,0,0,0,0,0,0,0,1,0,0,0,0,0,0,1,0,0,1,0,0,0,0,1,0,1,0,0,0,0,0,1.0,0.1,200,0,200,0,200,-200,2,0,0,0,0,0,0,0,0,0,0,0,0,0,0,0,0,0,0,0,0,0,0,0,0,0,0,0,0,0,0,0,0
Itchen College EABL,"Benjamin Cope, Dawid Cimochowski, Javen Osei-Owusu, Richard Radu, Thomas Blower",HHS Reading Rockets EABL,"Can Okumus, Joseph Mackinnon, Lazure Franicis, Luca Bakary, Malachi Hassan-Taylor",1,11,0.2,0.5,2,1,1,100,0,0,0,0,0,0,0,0,0,0,0,0,0,0,0,0,0,0,0,0,0,0,0,0,0,0,0,0,0,0,0,0,1.0,0.1,200,0,200,0,200,-200,2,0,0,0,0,0,0,0,0,0,0,0,0,0,0,0,0,0,0,0,0,0,0,0,0,0,0,0,0,0,0,0,0
Itchen College EABL,"Benjamin Cope, Dawid Cimochowski, Ethan Round, Jakub Ofman, Thomas Blower",HHS Reading Rockets EABL,"Can Okumus, Ethan Harrington, Lazure Franicis, Luca Bakary, Malachi Hassan-Taylor",1,14,0.2,0.5,0,0,0,0,0,0,0,0,0,0,0,1,1,0,0,0,0,0,0,0,1,0,0,0,0,0,0,0,0,0,0,0,0,0,0,1,0.1,1.0,0,0,0,0,0,0,0,0,0,0,0,0,0,0,0,0,0,0,0,0,0,0,0,0,0,0,0,0,0,0,0,0,0,0,0,0,0,0,0
Manchester Magic Academy EABL,"Abraham Sagay Isiorho, Jack Odongo, Samy Sidi-Boumedine, Tiego Weekes, Tom Richardson",SGS College EABL,"Abubakar Odowa, Dylan Lloyd, Marcos Pospori, Martin Alburo, Washington Wewe",1,28,0.5,0.5,0,0,2,0,0,0,0,0,0,0,1,0,1,0,0,0,0,1,0,0,0,0,0,0,0,0,0,0,0,0,0,0,0,0,1,0,0.1,1.0,0,0,0,0,0,0,0,0,0,0,0,0,0,0,0,0,0,0,0,0,0,0,0,0,0,0,0,0,0,0,0,0,0,0,0,0,0,0,0
Manchester Magic Academy EABL,"Abraham Sagay Isiorho, David Allotey, Jack Walton, Samy Sidi-Boumedine, Tom Richardson",SGS College EABL,"Abubakar Odowa, Antoine Bennett, Dylan Lloyd, Kevin Ramirez Mora, Martin Alburo",1,29,0.5,0.5,0,0,3,0,0,2,0,0,0,0,2,0,2,0,0,0,0,0,2,1,1,100,0,0,0,0,0,0,0,0,0,1,0,0,0,0,0.1,1.0,0,200,-200,200,0,200,-2,0,0,0,0,0,0,0,0,0,0,0,0,0,0,0,0,0,0,0,0,0,0,0,0,0,0,0,0,0,0,0,0
Manchester Magic Academy EABL,"Abraham Sagay Isiorho, David Allotey, Jack Walton, Samy Sidi-Boumedine, Tom Richardson",SGS College EABL,"Abubakar Odowa, Antoine Bennett, Imam Toure, Martin Alburo, Reuben Roach",1,20,0.3,0.5,2,1,1,100,0,0,0,0,0,0,0,0,0,1,0,0,0,0,0,0,0,0,0,0,0,0,0,0,0,0,0,0,0,0,0,0,1.0,0.1,200,0,200,0,200,-200,2,0,0,0,0,0,0,0,0,0,0,0,0,0,0,0,0,0,0,0,0,0,0,0,0,0,0,0,0,0,0,0,0
Copleston High School EABL,"Callum Fobister, Luke Read, Mason Wells, Matthew Liddamore, Noah Wilkinson",Oaklands Wolves EABL,"Daniel Kostadinov, Enzo Da Cruz Fatuda, Gavin Mitchell, Liam Mcintosh, Zac Gribble",1,6,0.1,0.5,0,0,0,0,0,0,0,0,0,0,0,0,0,0,0,0,1,0,0,0,0,0,0,0,0,0,0,0,0,0,0,0,1,0,0,0,1.0,0.1,0,0,0,0,0,0,0,0,0,0,0,0,0,0,0,0,0,0,0,0,0,0,0,0,0,0,0,0,0,0,0,0,0,0,0,0,0,0,0
Copleston High School EABL,"Elijah Tamakloe, Isaac Carty-Peters, Isaac Little, Matthew Liddamore, Noah Wilkinson",Oaklands Wolves EABL,"Blaine Thompson, Dylan Gladstone, Enzo Da Cruz Fatuda, Kajus Gasperas, Liam Mcintosh",1,17,0.3,0.5,0,0,0,0,0,0,0,0,0,0,0,1,1,0,0,1,0,0,0,0,1,0,0,0,0,0,0,0,0,0,0,0,0,0,0,1,0.1,1.0,0,0,0,0,0,0,0,0,0,0,0,0,0,0,0,0,0,0,0,0,0,0,0,0,0,0,0,0,0,0,0,0,0,0,0,0,0,0,0
Copleston High School EABL,"Angus Hickey, Elijah Tamakloe, Isaac Carty-Peters, Isaac Little, Noah Wilkinson",Oaklands Wolves EABL,"Blaine Thompson, Enzo Da Cruz Fatuda, Gavin Mitchell, Kajus Gasperas, Liam Mcintosh",1,6,0.1,0.5,0,0,1,0,0,1,0,0,0,0,0,0,0,0,0,0,0,0,0,0,0,0,0,0,0,0,0,0,0,0,0,0,0,0,0,0,1.0,0.1,0,0,0,0,0,0,0,0,0,0,0,0,0,0,0,0,0,0,0,0,0,0,0,0,0,0,0,0,0,0,0,0,0,0,0,0,0,0,0
Itchen College EABL,"Benjamin Cope, Dawid Cimochowski, Elijah Lotriet, Javen Osei-Owusu, Richard Radu",City of London Academy - Southwark EABL,"Andrew Nwokolo, Daniel Banjoko, Dante Patel, David Banjoko, Toby Gass",1,20,0.3,0.5,0,0,1,0,0,0,0,0,0,0,0,0,0,0,0,0,0,1,0,0,0,0,0,0,0,0,0,0,0,1,1,0,0,1,0,0,1.0,0.1,0,0,0,0,0,0,0,0,0,0,0,0,0,0,0,0,0,0,0,0,0,0,0,0,0,0,0,0,0,0,0,0,0,0,0,0,0,0,0
Itchen College EABL,"Benjamin Cope, Dawid Cimochowski, Ethan Round, Marley Edwards, Richard Radu",City of London Academy - Southwark EABL,"Andrew Nwokolo, Daniel Banjoko, Dante Patel, David Banjoko, Toby Gass",1,23,0.4,0.5,0,0,1,0,0,1,0,0,0,0,0,0,0,0,0,0,0,0,0,0,0,0,0,0,0,0,0,0,0,0,0,0,0,0,0,1,1.0,0.1,0,0,0,0,0,0,0,0,0,0,0,0,0,0,0,0,0,0,0,0,0,0,0,0,0,0,0,0,0,0,0,0,0,0,0,0,0,0,0
Charnwood College Riders EABL,"Asa Oyerinde, Fahad Saeed, Luca Boothe, Stanley Morris, Tom Pearson",Manchester Magic Academy EABL,"Abraham Sagay Isiorho, David Allotey, Nathan Brown, Oluwademilade Babalola, Tom Richardson",1,31,0.5,0.5,0,0,0,0,0,0,0,0,0,0,0,0,0,0,0,0,0,0,0,0,1,0,0,0,0,0,0,0,0,0,0,0,0,0,0,0,0.1,1.0,0,0,0,0,0,0,0,0,0,0,0,0,0,0,0,0,0,0,0,0,0,0,0,0,0,0,0,0,0,0,0,0,0,0,0,0,0,0,0
Charnwood College Riders EABL,"Davin Hanousek, Lewis Stevenson, Rudy Buckingham, Tristan Curran, Zavier Gleadell-Smith",Manchester Magic Academy EABL,"Abraham Sagay Isiorho, Harley Blake, Jack Odongo, Nathan Brown, Oluwademilade Babalola",1,4,0.1,0.5,0,0,1,0,0,0,0,0,0,0,0,0,0,0,0,0,0,0,0,0,0,0,0,0,0,0,0,0,0,1,1,0,0,0,0,0,1.0,0.1,0,0,0,0,0,0,0,0,0,0,0,0,0,0,0,0,0,0,0,0,0,0,0,0,0,0,0,0,0,0,0,0,0,0,0,0,0,0,0
Charnwood College Riders EABL,"Davin Hanousek, Lewis Stevenson, Rudy Buckingham, Stanley Morris, Tristan Curran",Manchester Magic Academy EABL,"Jack Odongo, Kayden Litchmore, Nathan Brown, Oluwademilade Babalola, Tarique Kamal Kazmi",1,35,0.6,0.5,0,0,1,0,0,1,0,0,0,0,0,0,0,0,0,0,0,0,0,0,0,0,0,0,0,0,0,0,0,0,0,0,0,0,0,0,1.0,0.1,0,0,0,0,0,0,0,0,0,0,0,0,0,0,0,0,0,0,0,0,0,0,0,0,0,0,0,0,0,0,0,0,0,0,0,0,0,0,0
Charnwood College Riders EABL,"Fahad Saeed, Lewis Stevenson, Rudy Buckingham, Stanley Morris, Tristan Curran",Manchester Magic Academy EABL,"Jack Odongo, Kayden Litchmore, Nathan Brown, Oluwademilade Babalola, Tarique Kamal Kazmi",1,8,0.1,0.5,0,0,0,0,0,0,0,0,0,0,0,0,0,0,0,0,1,0,0,0,0,0,0,0,0,0,0,0,0,0,0,0,0,0,0,0,1.0,0.1,0,0,0,0,0,0,0,0,0,0,0,0,0,0,0,0,0,0,0,0,0,0,0,0,0,0,0,0,0,0,0,0,0,0,0,0,0,0,0
Charnwood College Riders EABL,"Fahad Saeed, Luca Boothe, Rudy Buckingham, Tristan Curran, Zavier Gleadell-Smith",Manchester Magic Academy EABL,"Harley Blake, Jack Odongo, Nathan Brown, Oluwademilade Babalola, Tarique Kamal Kazmi",1,11,0.2,0.5,0,0,0,0,0,0,0,0,0,0,0,0,0,0,0,0,1,1,0,0,0,0,0,0,0,0,0,0,0,0,0,0,1,0,0,0,1.0,0.1,0,0,0,0,0,0,0,0,0,0,0,0,0,0,0,0,0,0,0,0,0,0,0,0,0,0,0,0,0,0,0,0,0,0,0,0,0,0,0
Charnwood College Riders EABL,"Davin Hanousek, Luca Boothe, Rudy Buckingham, Tristan Curran, Zavier Gleadell-Smith",Manchester Magic Academy EABL,"Abraham Sagay Isiorho, Harley Blake, Jack Odongo, Nathan Brown, Oluwademilade Babalola",1,18,0.3,0.5,0,0,0,0,0,0,0,0,0,0,0,0,0,0,0,0,0,0,0,0,1,0,0,1,0,0,0,0,0,0,0,0,0,0,0,0,0.1,1.0,0,0,0,0,0,0,0,0,0,0,0,0,0,0,0,0,0,0,0,0,0,0,0,0,0,0,0,0,0,0,0,0,0,0,0,0,0,0,0
Myerscough College EABL,"Daniel Okhuoya, Harry Sheehan, Jakub Bobkowski, Olivier Esingle, Sayomi Latidan",SGS College EABL,"Antoine Bennett, Dylan Lloyd, Imam Toure, Marcos Perez Tosca, Martin Alburo",1,32,0.5,0.5,2,1,1,100,0,0,0,0,0,0,0,0,0,1,0,0,0,1,0,0,0,0,0,0,0,0,0,0,0,0,0,0,0,0,0,0,1.0,0.1,200,0,200,0,200,-200,2,0,0,0,0,0,0,0,0,0,0,0,0,0,0,0,0,0,0,0,0,0,0,0,0,0,0,0,0,0,0,0,0
Myerscough College EABL,"Cesar Sanchez Falette, Fin Morgan, Ivan Idemudia, Jakub Bobkowski, Sayomi Latidan",SGS College EABL,"Dylan Lloyd, Imam Toure, Kevin Ramirez Mora, Luka Matthews, Shaquan Nelson",1,3,0.1,0.5,0,0,0,0,0,0,0,0,0,0,0,0,0,0,0,0,1,0,0,0,0,0,0,0,0,0,0,0,0,0,0,0,0,0,0,0,1.0,0.1,0,0,0,0,0,0,0,0,0,0,0,0,0,0,0,0,0,0,0,0,0,0,0,0,0,0,0,0,0,0,0,0,0,0,0,0,0,0,0
Myerscough College EABL,"Cesar Sanchez Falette, Harry Sheehan, Ivan Idemudia, Layjuan Farrell, Nathaniel Byfield",SGS College EABL,"Imam Toure, Luka Matthews, Marcos Perez Tosca, Marcos Pospori, Shaquan Nelson",1,14,0.2,0.5,0,0,0,0,0,0,0,0,0,0,0,0,0,0,0,0,0,0,0,0,0,0,0,0,0,0,0,0,0,0,0,0,0,0,1,0,0.1,1.0,0,0,0,0,0,0,0,0,0,0,0,0,0,0,0,0,0,0,0,0,0,0,0,0,0,0,0,0,0,0,0,0,0,0,0,0,0,0,0
Oaklands Wolves EABL,"Daniel Kostadinov, Dylan Gladstone, Enzo Da Cruz Fatuda, Gavin Mitchell, Liam Mcintosh",Copleston High School EABL,"Callum Fobister, Elijah Tamakloe, Luke Read, Matthew Liddamore, Noah Wilkinson",1,6,0.1,0.5,0,0,0,0,0,0,0,0,0,0,0,0,0,0,0,0,0,0,0,0,0,0,0,0,0,0,0,0,0,0,0,0,0,0,1,0,0.1,1.0,0,0,0,0,0,0,0,0,0,0,0,0,0,0,0,0,0,0,0,0,0,0,0,0,0,0,0,0,0,0,0,0,0,0,0,0,0,0,0
Copleston High School EABL,"Elijah Tamakloe, Isaac Carty-Peters, Matthew Liddamore, Noah Wilkinson, Timothy Rafiu",Itchen College EABL,"Benjamin Cope, Elijah Lotriet, Ethan Round, Jakub Ofman, Richard Radu",1,10,0.2,0.5,0,0,0,0,0,0,0,0,0,0,0,0,0,0,0,0,0,0,0,0,1,0,0,1,0,0,0,0,0,0,0,0,0,0,0,0,0.1,1.0,0,0,0,0,0,0,0,0,0,0,0,0,0,0,0,0,0,0,0,0,0,0,0,0,0,0,0,0,0,0,0,0,0,0,0,0,0,0,0
Copleston High School EABL,"Elijah Tamakloe, Isaac Little, Matthew Liddamore, Noah Wilkinson, Timothy Rafiu",Itchen College EABL,"Benjamin Cope, Elijah Lotriet, Javen Osei-Owusu, Mason Yeates, Richard Radu",1,15,0.2,0.5,0,0,0,0,0,0,0,0,0,0,0,0,0,0,0,0,1,0,0,0,0,0,0,0,0,0,0,0,0,0,0,0,0,0,0,0,1.0,0.1,0,0,0,0,0,0,0,0,0,0,0,0,0,0,0,0,0,0,0,0,0,0,0,0,0,0,0,0,0,0,0,0,0,0,0,0,0,0,0
Charnwood College Riders EABL,"Archer Pilkington, Lewis Stevenson, Luca Boothe, Okeri Hambira, Tom Pearson",Derby College Trailblazers EABL,"Casey Burr, Dovydas Kilmas, George Pastor, Jarom Howlett, Julian Lemanski",1,30,0.5,0.5,0,0,0,0,0,0,0,0,0,0,0,1,1,0,0,0,0,0,0,0,1,0,0,1,0,0,0,0,0,0,0,0,0,0,0,0,0.1,1.0,0,0,0,0,0,0,0,0,0,0,0,0,0,0,0,0,0,0,0,0,0,0,0,0,0,0,0,0,0,0,0,0,0,0,0,0,0,0,0
Charnwood College Riders EABL,"Davin Hanousek, Lewis Stevenson, Luca Boothe, Okeri Hambira, Rudy Buckingham",Derby College Trailblazers EABL,"Casey Burr, Elias Rice, Finley Tuck, Liyo Ngomti, Rohan Hobday",1,17,0.3,0.5,0,0,0,0,0,0,0,0,0,0,0,0,0,0,1,0,0,0,0,0,0,0,0,0,0,0,0,0,0,0,0,0,0,0,1,0,0.1,1.0,0,0,0,0,0,0,0,0,0,0,0,0,0,0,0,0,0,0,0,0,0,0,0,0,0,0,0,0,0,0,0,0,0,0,0,0,0,0,0
Charnwood College Riders EABL,"Davin Hanousek, Lewis Stevenson, Luca Boothe, Okeri Hambira, Pharrell Kattah",Derby College Trailblazers EABL,"Dovydas Kilmas, Elias Rice, George Pastor, Jarom Howlett, Liyo Ngomti",1,16,0.3,0.5,0,0,0,0,0,0,0,0,0,0,0,0,0,0,0,0,0,0,0,0,0,0,0,0,0,0,0,0,0,0,0,0,0,0,1,0,0.1,1.0,0,0,0,0,0,0,0,0,0,0,0,0,0,0,0,0,0,0,0,0,0,0,0,0,0,0,0,0,0,0,0,0,0,0,0,0,0,0,0
Charnwood College Riders EABL,"Davin Hanousek, Lewis Stevenson, Luca Boothe, Okeri Hambira, Pharrell Kattah",Derby College Trailblazers EABL,"Elias Rice, George Pastor, Jarom Howlett, Karim Zidonis, Liyo Ngomti",1,22,0.4,0.5,0,0,0,0,0,0,0,0,0,0,0,0,0,0,0,0,1,1,0,0,0,0,0,0,0,0,0,0,0,0,0,0,0,0,0,0,1.0,0.1,0,0,0,0,0,0,0,0,0,0,0,0,0,0,0,0,0,0,0,0,0,0,0,0,0,0,0,0,0,0,0,0,0,0,0,0,0,0,0
Charnwood College Riders EABL,"Asa Oyerinde, Lewis Stevenson, Luca Boothe, Pharrell Kattah, Tom Pearson",Derby College Trailblazers EABL,"Elias Rice, George Pastor, Jarom Howlett, Karim Zidonis, Liyo Ngomti",1,5,0.1,0.5,0,0,0,0,0,0,0,0,0,0,0,0,0,0,0,0,0,0,0,0,0,0,0,0,0,0,0,0,0,0,0,0,0,0,1,0,0.1,1.0,0,0,0,0,0,0,0,0,0,0,0,0,0,0,0,0,0,0,0,0,0,0,0,0,0,0,0,0,0,0,0,0,0,0,0,0,0,0,0
Charnwood College Riders EABL,"Luca Boothe, Pharrell Kattah, Rudy Buckingham, Tom Pearson, Tristan Curran",Derby College Trailblazers EABL,"Casey Burr, Elias Rice, George Pastor, Jarom Howlett, William Tallon",1,10,0.2,0.5,0,0,0,0,0,0,0,0,0,0,0,0,0,0,1,0,0,0,0,0,0,0,0,0,0,0,0,0,0,0,0,0,0,0,1,0,0.1,1.0,0,0,0,0,0,0,0,0,0,0,0,0,0,0,0,0,0,0,0,0,0,0,0,0,0,0,0,0,0,0,0,0,0,0,0,0,0,0,0
Charnwood College Riders EABL,"Luca Boothe, Pharrell Kattah, Rudy Buckingham, Tom Pearson, Tristan Curran",Derby College Trailblazers EABL,"Casey Burr, Elias Rice, Jarom Howlett, Rohan Hobday, William Tallon",1,15,0.2,0.5,0,0,0,0,0,0,0,0,0,0,0,1,1,0,0,0,0,0,0,0,1,0,0,0,0,0,0,0,0,0,0,0,0,0,0,1,0.1,1.0,0,0,0,0,0,0,0,0,0,0,0,0,0,0,0,0,0,0,0,0,0,0,0,0,0,0,0,0,0,0,0,0,0,0,0,0,0,0,0
Manchester Magic Academy EABL,"Abraham Sagay Isiorho, Jack Walton, Nathan Brown, Samy Sidi-Boumedine, Tom Richardson",Myerscough College EABL,"Ayo Ibirinde, Cesar Sanchez Falette, Fin Morgan, Jakub Bobkowski, Olivier Esingle",1,9,0.1,0.5,0,0,1,0,0,0,0,0,0,0,0,0,0,0,0,0,0,0,0,0,0,0,0,0,0,0,0,0,0,0,0,0,0,1,0,0,1.0,0.1,0,0,0,0,0,0,0,0,0,0,0,0,0,0,0,0,0,0,0,0,0,0,0,0,0,0,0,0,0,0,0,0,0,0,0,0,0,0,0
SGS College EABL,"Abubakar Odowa, Kash Rands, Kayden Richards, Luka Matthews, Marcos Perez Tosca",BMET City of Birmingham Rockets EABL,"George Angoy, Jude Hyland, Larry Duru, Patrick Walsh, Philip Basioudis",1,1,0.0,0.5,0,0,0,0,0,0,0,0,0,0,0,0,0,0,0,0,0,0,0,0,1,0,0,1,0,0,0,0,0,0,0,0,0,0,0,0,0.1,1.0,0,0,0,0,0,0,0,0,0,0,0,0,0,0,0,0,0,0,0,0,0,0,0,0,0,0,0,0,0,0,0,0,0,0,0,0,0,0,0
SGS College EABL,"Kayden Richards, Kevin Ramirez Mora, Marcos Perez Tosca, Shaquan Nelson, Zion Lawson",BMET City of Birmingham Rockets EABL,"Jude Hyland, Larry Duru, Patrick Walsh, Philip Basioudis, Simba Chikukwa",1,27,0.5,0.5,0,0,0,0,0,0,0,0,0,0,0,1,1,0,0,0,0,0,0,0,1,0,0,0,0,0,0,0,0,0,0,0,0,0,0,1,0.1,1.0,0,0,0,0,0,0,0,0,0,0,0,0,0,0,0,0,0,0,0,0,0,0,0,0,0,0,0,0,0,0,0,0,0,0,0,0,0,0,0
SGS College EABL,"Kayden Richards, Kevin Ramirez Mora, Marcos Perez Tosca, Martin Alburo, Shaquan Nelson",BMET City of Birmingham Rockets EABL,"George Angoy, Jude Hyland, Larry Duru, Philip Basioudis, Simba Chikukwa",1,44,0.7,0.5,0,0,1,0,0,1,0,0,0,0,0,0,0,0,0,0,0,1,0,0,0,0,0,0,0,0,0,0,0,0,0,0,0,0,0,2,1.0,0.1,0,0,0,0,0,0,0,0,0,0,0,0,0,0,0,0,0,0,0,0,0,0,0,0,0,0,0,0,0,0,0,0,0,0,0,0,0,0,0
SGS College EABL,"Imam Toure, Luka Matthews, Marcos Perez Tosca, Martin Alburo, Shaquan Nelson",BMET City of Birmingham Rockets EABL,"George Angoy, Jude Hyland, Larry Duru, Philip Basioudis, Simba Chikukwa",1,16,0.3,0.5,0,0,1,0,0,1,0,0,0,0,0,0,0,0,0,0,0,0,0,0,0,0,0,0,0,0,0,0,0,0,0,0,0,0,0,0,1.0,0.1,0,0,0,0,0,0,0,0,0,0,0,0,0,0,0,0,0,0,0,0,0,0,0,0,0,0,0,0,0,0,0,0,0,0,0,0,0,0,0
Oaklands Wolves EABL,"Dylan Gladstone, Gavin Mitchell, Huxley Morrell, Liam Mcintosh, Tristan Mcintosh",HHS Reading Rockets EABL,"Can Okumus, Ethan Harrington, James Waterhouse, Malachi Hassan-Taylor, Matthew Daines",1,13,0.2,0.5,0,0,0,0,0,0,0,0,0,0,0,0,0,0,0,0,0,0,0,0,1,0,0,0,0,0,0,0,0,0,0,0,0,0,0,1,0.1,1.0,0,0,0,0,0,0,0,0,0,0,0,0,0,0,0,0,0,0,0,0,0,0,0,0,0,0,0,0,0,0,0,0,0,0,0,0,0,0,0
BMET City of Birmingham Rockets EABL,"Daniel Pittaway, George Angoy, Jonathan Agbeze, Jude Hyland, Larry Duru",Myerscough College EABL,"Cesar Sanchez Falette, Harry Sheehan, Jakub Bobkowski, Salomi Latidan, Zach Trezvant",1,25,0.4,0.5,0,0,0,0,0,0,0,0,0,0,0,1,1,0,0,0,0,0,0,0,1,0,0,1,0,0,0,0,0,0,0,0,0,0,0,1,0.1,1.0,0,0,0,0,0,0,0,0,0,0,0,0,0,0,0,0,0,0,0,0,0,0,0,0,0,0,0,0,0,0,0,0,0,0,0,0,0,0,0
BMET City of Birmingham Rockets EABL,"George Angoy, Jonathan Agbeze, Jude Hyland, Larry Duru, Patrick Walsh",Myerscough College EABL,"Alex Cisse, Ayo Ibirinde, Harry Sheehan, Jakub Bobkowski, Salomi Latidan",1,8,0.1,0.5,2,1,1,100,0,0,0,0,0,0,0,0,0,0,0,0,0,0,0,0,0,0,0,0,0,0,0,0,0,0,0,0,0,0,0,0,1.0,0.1,200,0,200,0,200,-200,2,0,0,0,0,0,0,0,0,0,0,0,0,0,0,0,0,0,0,0,0,0,0,0,0,0,0,0,0,0,0,0,0
BMET City of Birmingham Rockets EABL,"Issac Gisbourne, Jonathan Agbeze, Jude Hyland, Larry Duru, Philip Basioudis",Myerscough College EABL,"Alex Cisse, Daniel Okhuoya, Harry Sheehan, Jakub Bobkowski, Salomi Latidan",1,11,0.2,0.5,0,0,0,0,0,0,0,0,0,0,0,0,0,0,0,0,0,0,3,1,1,100,1,1,100,0,0,0,0,0,0,1,0,0,0,0,0.1,1.0,0,300,-300,300,0,300,-3,0,0,0,0,0,0,0,0,0,0,0,0,0,0,0,0,0,0,0,0,0,0,0,0,0,0,0,0,0,0,0,0
BMET City of Birmingham Rockets EABL,"Daniel Pittaway, George Angoy, Jude Hyland, Larry Duru, Patrick Walsh",Myerscough College EABL,"Alex Cisse, Ayo Ibirinde, Fin Morgan, Layjuan Farrell, Olivier Esingle",1,19,0.3,0.5,0,0,0,0,0,0,0,0,0,0,0,0,0,0,1,0,0,0,0,0,0,0,0,0,0,0,0,0,0,0,0,0,0,0,1,1,0.1,1.0,0,0,0,0,0,0,0,0,0,0,0,0,0,0,0,0,0,0,0,0,0,0,0,0,0,0,0,0,0,0,0,0,0,0,0,0,0,0,0
Itchen College EABL,"Elijah Lotriet, George Andrews, Jakub Ofman, Mason Yeates, Richard Radu",Oaklands Wolves EABL,"Daniel Kostadinov, Dylan Gladstone, Enzo Da Cruz Fatuda, Ethan Ryan, Tristan Mcintosh",1,36,0.6,0.5,2,1,1,100,0,0,0,0,0,0,0,0,0,1,0,0,0,0,0,0,0,0,0,0,0,0,0,0,0,0,0,0,0,0,0,0,1.0,0.1,200,0,200,0,200,-200,2,0,0,0,0,0,0,0,0,0,0,0,0,0,0,0,0,0,0,0,0,0,0,0,0,0,0,0,0,0,0,0,0
Itchen College EABL,"George Andrews, Leo Diala-Bevan, Marley Edwards, Richard Radu, Thomas Blower",Oaklands Wolves EABL,"Blaine Thompson, Enzo Da Cruz Fatuda, Kajus Gasperas, Liam Mcintosh, Zac Gribble",1,40,0.7,0.5,0,0,0,0,0,0,0,0,0,0,0,0,0,0,0,0,0,0,0,0,0,0,0,0,0,0,0,0,0,0,0,0,0,0,1,0,0.1,1.0,0,0,0,0,0,0,0,0,0,0,0,0,0,0,0,0,0,0,0,0,0,0,0,0,0,0,0,0,0,0,0,0,0,0,0,0,0,0,0
Derby College Trailblazers EABL,"Casey Burr, Elias Rice, George Pastor, Matheo Smith-Fjordland, William Tallon",Manchester Magic Academy EABL,"Abraham Sagay Isiorho, Harley Blake, Jack Walton, Samy Sidi-Boumedine, Tom Richardson",1,23,0.4,0.5,0,0,0,0,0,0,0,0,0,0,0,0,0,0,0,0,0,0,2,1,1,100,0,0,0,0,0,0,0,0,0,0,0,0,0,0,0.1,1.0,0,200,-200,200,0,200,-2,0,0,0,0,0,0,0,0,0,0,0,0,0,0,0,0,0,0,0,0,0,0,0,0,0,0,0,0,0,0,0,0
SGS College EABL,"Abubakar Odowa, Dylan Lloyd, Imam Toure, Marcos Perez Tosca, Martin Alburo",Charnwood College Riders EABL,"James Hardy, Okeri Hambira, Pharrell Kattah, Tristan Curran, Zavier Gleadell-Smith",1,18,0.3,0.5,0,0,0,0,0,0,0,0,0,0,0,0,0,0,0,0,1,0,0,0,0,0,0,0,0,0,0,0,0,0,0,0,0,0,0,0,1.0,0.1,0,0,0,0,0,0,0,0,0,0,0,0,0,0,0,0,0,0,0,0,0,0,0,0,0,0,0,0,0,0,0,0,0,0,0,0,0,0,0
SGS College EABL,"Dylan Lloyd, Kayden Richards, Martin Alburo, Shaquan Nelson, Zion Lawson",Charnwood College Riders EABL,"Andrew Young, James Hardy, Lewis Stevenson, Okeri Hambira, Stanley Morris",1,23,0.4,0.5,0,0,0,0,0,0,0,0,0,0,0,0,0,0,0,0,1,0,0,0,0,0,0,0,0,0,0,0,0,0,0,0,1,0,0,0,1.0,0.1,0,0,0,0,0,0,0,0,0,0,0,0,0,0,0,0,0,0,0,0,0,0,0,0,0,0,0,0,0,0,0,0,0,0,0,0,0,0,0
SGS College EABL,"Abubakar Odowa, Imam Toure, Luka Matthews, Shaquan Nelson, Zion Lawson",Charnwood College Riders EABL,"Andrew Young, Fahad Saeed, Harrison Mcglone, James Hardy, Lewis Stevenson",1,21,0.3,0.5,0,0,1,0,0,0,0,0,0,0,0,0,0,0,0,0,0,0,0,0,0,0,0,0,0,0,0,0,0,1,1,0,0,1,0,1,1.0,0.1,0,0,0,0,0,0,0,0,0,0,0,0,0,0,0,0,0,0,0,0,0,0,0,0,0,0,0,0,0,0,0,0,0,0,0,0,0,0,0
Barking Abbey EABL,"Alexanda Nwabueze, Francesco Cole, Harry Egbayelo, Kervy Mabaya, Kimbe N'gabala",Copleston High School EABL,"Callum Fobister, Isaac Little, Matthew Liddamore, Noah Wilkinson, Timothy Rafiu",1,32,0.5,0.5,0,0,0,0,0,0,0,0,0,0,0,0,0,0,1,0,0,0,0,0,0,0,0,0,0,0,0,0,0,0,0,0,0,0,1,1,0.1,1.0,0,0,0,0,0,0,0,0,0,0,0,0,0,0,0,0,0,0,0,0,0,0,0,0,0,0,0,0,0,0,0,0,0,0,0,0,0,0,0
Barking Abbey EABL,"Alexanda Nwabueze, Folarin Oguntuase, Malik Matser, Oskaras Visockas, Raphael Connolly",Copleston High School EABL,"Callum Fobister, Isaac Little, Matthew Liddamore, Noah Wilkinson, Timothy Rafiu",1,19,0.3,0.5,0,0,0,0,0,0,0,0,0,0,0,0,0,0,0,0,0,0,0,0,1,0,0,0,0,0,0,0,0,0,0,0,0,0,0,0,0.1,1.0,0,0,0,0,0,0,0,0,0,0,0,0,0,0,0,0,0,0,0,0,0,0,0,0,0,0,0,0,0,0,0,0,0,0,0,0,0,0,0
Barking Abbey EABL,"Alexanda Nwabueze, Folarin Oguntuase, Malik Matser, Oskaras Visockas, Raphael Connolly",Copleston High School EABL,"Grant Millar, Isaac Little, Matthew Liddamore, Noah Wilkinson, Timothy Rafiu",1,35,0.6,0.5,3,1,1,100,1,1,100,0,0,0,0,0,0,1,0,0,0,0,0,0,0,0,0,0,0,0,0,0,0,0,0,0,0,0,0,0,1.0,0.1,300,0,300,0,300,-300,3,0,0,0,0,0,0,0,0,0,0,0,0,0,0,0,0,0,0,0,0,0,0,0,0,0,0,0,0,0,0,0,0
City of London Academy - Southwark EABL,"Andrew Nwokolo, Bilal Olowoshile, Daniel Banjoko, Jacob Hannick, Ruben Cryer",HHS Reading Rockets EABL,"Ethan Harrington, James Waterhouse, Joseph Mackinnon, Malachi Hassan-Taylor, Matthew Daines",1,5,0.1,0.5,0,0,0,0,0,0,0,0,0,0,0,0,0,0,0,0,0,0,0,0,0,0,0,0,0,0,0,0,0,0,0,0,0,0,1,0,0.1,1.0,0,0,0,0,0,0,0,0,0,0,0,0,0,0,0,0,0,0,0,0,0,0,0,0,0,0,0,0,0,0,0,0,0,0,0,0,0,0,0
City of London Academy - Southwark EABL,"Andrew Nwokolo, Bilal Olowoshile, Daniel Banjoko, Dante Patel, Ruben Cryer",HHS Reading Rockets EABL,"James Waterhouse, Lazure Franicis, Luca Bakary, Malachi Hassan-Taylor, Matthew Daines",1,7,0.1,0.5,2,1,1,100,0,0,0,0,0,0,0,0,0,1,0,0,0,1,0,0,0,0,0,0,0,0,0,0,0,0,0,0,0,0,0,0,1.0,0.1,200,0,200,0,200,-200,2,0,0,0,0,0,0,0,0,0,0,0,0,0,0,0,0,0,0,0,0,0,0,0,0,0,0,0,0,0,0,0,0
City of London Academy - Southwark EABL,"Andrew Nwokolo, Daniel Banjoko, Dante Patel, David Banjoko, Toby Gass",HHS Reading Rockets EABL,"Aydan Moloney, Ethan Harrington, James Waterhouse, Luca Bakary, Matthew Daines",1,32,0.5,0.5,0,0,0,0,0,0,0,0,0,0,0,1,1,0,0,0,0,0,0,0,1,0,0,0,0,0,0,0,0,0,0,0,0,0,0,1,0.1,1.0,0,0,0,0,0,0,0,0,0,0,0,0,0,0,0,0,0,0,0,0,0,0,0,0,0,0,0,0,0,0,0,0,0,0,0,0,0,0,0
City of London Academy - Southwark EABL,"Bilal Olowoshile, Daniel Banjoko, Louis Thompson, Rafi Testfay, Sharmake Shirwac",HHS Reading Rockets EABL,"Aydan Moloney, Joseph Mackinnon, Lazure Franicis, Luca Bakary, Matthew Daines",1,14,0.2,0.5,0,0,0,0,0,0,0,0,0,0,0,0,0,0,0,0,1,0,0,0,0,0,0,0,0,0,0,0,0,0,0,0,0,0,0,0,1.0,0.1,0,0,0,0,0,0,0,0,0,0,0,0,0,0,0,0,0,0,0,0,0,0,0,0,0,0,0,0,0,0,0,0,0,0,0,0,0,0,0
City of London Academy - Southwark EABL,"Bilal Olowoshile, David Banjoko, Louis Thompson, Rafi Testfay, Sharmake Shirwac",HHS Reading Rockets EABL,"Aydan Moloney, Joseph Mackinnon, Lazure Franicis, Luca Bakary, Matthew Daines",1,55,0.9,0.5,0,0,1,0,0,1,0,0,0,0,1,1,2,0,0,0,0,0,0,0,1,0,0,0,0,0,0,0,0,0,0,0,0,0,0,0,0.1,1.0,0,0,0,0,0,0,0,0,0,0,0,0,0,0,0,0,0,0,0,0,0,0,0,0,0,0,0,0,0,0,0,0,0,0,0,0,0,0,0
Barking Abbey EABL,"Joshua Mendes, Kervy Mabaya, Kimbe N'gabala, Micael Filho, Raphael Connolly",Itchen College EABL,"Benjamin Cope, Dawid Cimochowski, Ethan Round, George Andrews, Jakub Ofman",1,42,0.7,0.5,0,0,3,0,0,2,0,0,0,0,3,0,3,0,0,0,0,0,0,0,0,0,0,0,0,0,0,0,0,0,0,0,0,0,1,1,0.1,1.0,0,0,0,0,0,0,0,0,0,0,0,0,0,0,0,0,0,0,0,0,0,0,0,0,0,0,0,0,0,0,0,0,0,0,0,0,0,0,0
Barking Abbey EABL,"Amari Maitland, Joshua Mendes, Micael Filho, Oskaras Visockas, Raphael Connolly",Itchen College EABL,"Benjamin Cope, Dawid Cimochowski, Elijah Lotriet, Ethan Round, Javen Osei-Owusu",1,34,0.6,0.5,0,0,0,0,0,0,0,0,0,0,0,0,0,0,0,0,0,0,3,1,1,100,1,1,100,0,0,0,0,0,0,1,0,0,0,0,0.1,1.0,0,300,-300,300,0,300,-3,0,0,0,0,0,0,0,0,0,0,0,0,0,0,0,0,0,0,0,0,0,0,0,0,0,0,0,0,0,0,0,0
Barking Abbey EABL,"Alexanda Nwabueze, Joshua Mendes, Kervy Mabaya, Micael Filho, Oskaras Visockas",Itchen College EABL,"Benjamin Cope, Dawid Cimochowski, Elijah Lotriet, Ethan Round, Marley Edwards",1,38,0.6,0.5,0,0,0,0,0,0,0,0,0,0,0,1,1,0,0,0,0,0,0,0,1,0,0,0,0,0,0,0,0,0,0,0,0,0,0,1,0.1,1.0,0,0,0,0,0,0,0,0,0,0,0,0,0,0,0,0,0,0,0,0,0,0,0,0,0,0,0,0,0,0,0,0,0,0,0,0,0,0,0
Barking Abbey EABL,"Alexanda Nwabueze, Amari Maitland, Joshua Mendes, Kervy Mabaya, Raphael Connolly",Itchen College EABL,"Benjamin Cope, Dawid Cimochowski, Ethan Round, Marley Edwards, Richard Radu",1,29,0.5,0.5,0,0,0,0,0,0,0,0,0,0,0,0,0,0,0,0,0,0,3,1,1,100,1,1,100,0,0,0,0,0,0,0,0,0,0,1,0.1,1.0,0,300,-300,300,0,300,-3,0,0,0,0,0,0,0,0,0,0,0,0,0,0,0,0,0,0,0,0,0,0,0,0,0,0,0,0,0,0,0,0
City of London Academy - Southwark EABL,"Andrew Nwokolo, Daniel Banjoko, Jacob Hannick, Ruben Cryer, Toby Gass",Copleston High School EABL,"Callum Fobister, Isaac Little, Matthew Liddamore, Noah Wilkinson, Timothy Rafiu",1,5,0.1,0.5,0,0,0,0,0,0,0,0,0,0,0,0,0,0,1,0,0,0,0,0,0,0,0,0,0,0,0,0,0,0,0,0,0,0,1,1,0.1,1.0,0,0,0,0,0,0,0,0,0,0,0,0,0,0,0,0,0,0,0,0,0,0,0,0,0,0,0,0,0,0,0,0,0,0,0,0,0,0,0
City of London Academy - Southwark EABL,"Louis Thompson, Nyakeh Senessie, Rafi Testfay, Ruben Cryer, Toby Gass",Copleston High School EABL,"Callum Fobister, Grant Millar, Isaac Little, Matthew Liddamore, Noah Wilkinson",1,23,0.4,0.5,0,0,1,0,0,0,0,0,0,0,0,0,0,0,0,0,0,0,0,0,0,0,0,0,0,0,0,0,0,1,1,0,0,1,0,0,1.0,0.1,0,0,0,0,0,0,0,0,0,0,0,0,0,0,0,0,0,0,0,0,0,0,0,0,0,0,0,0,0,0,0,0,0,0,0,0,0,0,0
HHS Reading Rockets EABL,"James Waterhouse, Lazure Francis, Luca Bakary, Malachi Hassan-Taylor, Matthew Daines",Oaklands Wolves EABL,"Daniel Kostadinov, Gavin Mitchell, Huxley Morrell, Liam Mcintosh, Tristan Mcintosh",1,25,0.4,0.5,0,0,0,0,0,0,0,0,0,0,0,0,0,0,0,0,1,0,0,0,0,0,0,0,0,0,0,0,0,0,0,0,0,0,0,0,1.0,0.1,0,0,0,0,0,0,0,0,0,0,0,0,0,0,0,0,0,0,0,0,0,0,0,0,0,0,0,0,0,0,0,0,0,0,0,0,0,0,0
HHS Reading Rockets EABL,"Alfie King, Aydan Moloney, Can Okumus, Joseph Mackinnon, Lazure Francis",Oaklands Wolves EABL,"Daniel Kostadinov, Dylan Gladstone, Enzo Da Cruz Fatuda, Gavin Mitchell, Liam Mcintosh",1,7,0.1,0.5,0,0,0,0,0,0,0,0,0,0,0,0,0,0,0,0,0,0,0,0,1,0,0,1,0,0,0,0,0,0,0,0,0,0,0,0,0.1,1.0,0,0,0,0,0,0,0,0,0,0,0,0,0,0,0,0,0,0,0,0,0,0,0,0,0,0,0,0,0,0,0,0,0,0,0,0,0,0,0
Barking Abbey EABL,"Alexanda Nwabueze, Heath Parkin, Joshua Mendes, Micael Filho, Oskaras Visockas",City of London Academy - Southwark EABL,"Andrew Nwokolo, Bilal Olowoshile, Jacob Hannick, Sharmake Shirwac, Toby Gass",1,52,0.9,0.5,2,1,1,100,0,0,0,0,0,0,0,0,0,1,0,0,0,0,0,0,0,0,0,0,0,0,0,0,0,0,0,0,0,0,0,0,1.0,0.1,200,0,200,0,200,-200,2,0,0,0,0,0,0,0,0,0,0,0,0,0,0,0,0,0,0,0,0,0,0,0,0,0,0,0,0,0,0,0,0
Itchen College EABL,"Benjamin Cope, Dawid Cimochowski, Ethan Round, George Andrews, Javen Osei-Owusu",Barking Abbey EABL,"Alaxanda Nwabueze, Joshua Mendes, Kervy Mabaya, Micael Filho, Oskaras Visockas",1,18,0.3,0.5,2,1,1,100,0,0,0,0,0,0,0,0,0,1,0,0,0,1,0,0,0,0,0,0,0,0,0,0,0,0,0,0,0,0,0,0,1.0,0.1,200,0,200,0,200,-200,2,0,0,0,0,0,0,0,0,0,0,0,0,0,0,0,0,0,0,0,0,0,0,0,0,0,0,0,0,0,0,0,0
Itchen College EABL,"Benjamin Cope, Ethan Round, George Andrews, Javen Osei-Owusu, Mason Yeates",Barking Abbey EABL,"Alaxanda Nwabueze, Joshua Mendes, Micael Filho, Oskaras Visockas, Raphael Connolly",1,13,0.2,0.5,0,0,0,0,0,0,0,0,0,0,0,0,0,0,0,0,0,0,0,0,0,0,0,0,0,0,0,0,0,0,0,0,0,0,1,0,0.1,1.0,0,0,0,0,0,0,0,0,0,0,0,0,0,0,0,0,0,0,0,0,0,0,0,0,0,0,0,0,0,0,0,0,0,0,0,0,0,0,0
Itchen College EABL,"Benjamin Cope, Ethan Round, Jakub Ofman, Javen Osei-Owusu, Mason Yeates",Barking Abbey EABL,"Alaxanda Nwabueze, Amari Maitland, Joshua Mendes, Raphael Connolly, Solomon Dobson Smith",1,34,0.6,0.5,0,0,0,0,0,0,0,0,0,0,0,0,0,0,0,0,0,0,2,1,1,100,0,0,0,0,0,0,0,0,0,1,0,0,0,1,0.1,1.0,0,200,-200,200,0,200,-2,0,0,0,0,0,0,0,0,0,0,0,0,0,0,0,0,0,0,0,0,0,0,0,0,0,0,0,0,0,0,0,0
Itchen College EABL,"Benjamin Cope, Dawid Cimochowski, Ethan Round, Jakub Ofman, Richard Radu",Barking Abbey EABL,"Joshua Mendes, Kervy Mabaya, Micael Filho, Oskaras Visockas, Raphael Connolly",1,23,0.4,0.5,0,0,0,0,0,0,0,0,0,0,0,1,1,0,0,0,0,0,0,0,1,0,0,1,0,0,0,0,0,0,0,0,0,0,0,1,0.1,1.0,0,0,0,0,0,0,0,0,0,0,0,0,0,0,0,0,0,0,0,0,0,0,0,0,0,0,0,0,0,0,0,0,0,0,0,0,0,0,0
Derby College Trailblazers EABL,"Casey Burr, Elias Norman, Elias Rice, George Pastor, William Tallon",SGS College EABL,"Dylan Lloyd, Imam Toure, Kevin Ramirez Mora, Marcos Perez Tosca, Ryan Cabrera",1,18,0.3,0.5,0,0,0,0,0,0,0,0,0,0,0,0,0,0,0,0,0,0,2,1,1,100,0,0,0,0,0,0,0,0,0,1,0,0,0,0,0.1,1.0,0,200,-200,200,0,200,-2,0,0,0,0,0,0,0,0,0,0,0,0,0,0,0,0,0,0,0,0,0,0,0,0,0,0,0,0,0,0,0,0
Derby College Trailblazers EABL,"Casey Burr, Elias Norman, Elias Rice, Kaleel Otaye, William Tallon",SGS College EABL,"Dylan Lloyd, Imam Toure, Kevin Ramirez Mora, Marcos Perez Tosca, Martin Alburo",1,13,0.2,0.5,0,0,1,0,0,0,0,0,0,0,0,0,0,0,0,0,0,0,0,0,0,0,0,0,0,0,0,0,0,1,1,0,0,0,0,0,1.0,0.1,0,0,0,0,0,0,0,0,0,0,0,0,0,0,0,0,0,0,0,0,0,0,0,0,0,0,0,0,0,0,0,0,0,0,0,0,0,0,0
Manchester Magic Academy EABL,"David Allotey, Jack Walton, Tarique Kamal Kazmi, Tiego Weekes, Tom Richardson",BMET City of Birmingham Rockets EABL,"George Angoy, Jude Hyland, Larry Duru, Patrick Walsh, Philip Basioudis",1,25,0.4,0.5,0,0,0,0,0,0,0,0,0,0,0,0,0,0,0,0,1,1,0,0,0,0,0,0,0,0,0,0,0,0,0,0,1,0,0,0,1.0,0.1,0,0,0,0,0,0,0,0,0,0,0,0,0,0,0,0,0,0,0,0,0,0,0,0,0,0,0,0,0,0,0,0,0,0,0,0,0,0,0
Myerscough College EABL,"Ayo Ibirinde, Harry Sheehan, Layjuan Farrell, Olivier Esingle, Salomi Latidan",Charnwood College Riders EABL,"Luca Boothe, Okeri Hambira, Pharrell Kattah, Rudy Buckingham, Stanley Morris",1,7,0.1,0.5,0,0,0,0,0,0,0,0,0,0,0,0,0,0,0,0,1,0,0,0,0,0,0,0,0,0,0,0,0,0,0,0,0,0,0,0,1.0,0.1,0,0,0,0,0,0,0,0,0,0,0,0,0,0,0,0,0,0,0,0,0,0,0,0,0,0,0,0,0,0,0,0,0,0,0,0,0,0,0
Oaklands Wolves EABL,"Dylan Gladstone, Enzo Da Cruz Fatuda, Gavin Mitchell, Liam Mcintosh, Tristan Mcintosh",City of London Academy - Southwark EABL,"Daniel Banjoko, Jacob Hannick, Ruben Cryer, Sharmake Shirwac, Toby Gass",1,26,0.4,0.5,0,0,1,0,0,1,0,0,0,0,0,0,0,0,0,0,0,0,0,0,0,0,0,0,0,0,0,0,0,0,0,0,0,0,0,1,1.0,0.1,0,0,0,0,0,0,0,0,0,0,0,0,0,0,0,0,0,0,0,0,0,0,0,0,0,0,0,0,0,0,0,0,0,0,0,0,0,0,0
Oaklands Wolves EABL,"Dylan Gladstone, Enzo Da Cruz Fatuda, Gavin Mitchell, Liam Mcintosh, Tristan Mcintosh",City of London Academy - Southwark EABL,"Daniel Banjoko, Dante Patel, Jacob Hannick, Sharmake Shirwac, Toby Gass",1,19,0.3,0.5,0,0,0,0,0,0,0,0,0,0,0,0,0,0,0,0,0,0,0,0,1,0,0,1,0,0,0,0,0,0,0,0,0,0,0,1,0.1,1.0,0,0,0,0,0,0,0,0,0,0,0,0,0,0,0,0,0,0,0,0,0,0,0,0,0,0,0,0,0,0,0,0,0,0,0,0,0,0,0
Oaklands Wolves EABL,"Daniel Kostadinov, Dylan Gladstone, Enzo Da Cruz Fatuda, Gavin Mitchell, Liam Mcintosh",City of London Academy - Southwark EABL,"Andrew Nwokolo, Daniel Banjoko, Dante Patel, Jacob Hannick, Toby Gass",1,9,0.1,0.5,3,1,1,100,1,1,100,0,0,0,0,0,0,1,0,0,0,0,0,0,0,0,0,0,0,0,0,0,0,0,0,0,0,0,0,0,1.0,0.1,300,0,300,0,300,-300,3,0,0,0,0,0,0,0,0,0,0,0,0,0,0,0,0,0,0,0,0,0,0,0,0,0,0,0,0,0,0,0,0
Oaklands Wolves EABL,"Dylan Gladstone, Enzo Da Cruz Fatuda, Gavin Mitchell, Liam Mcintosh, Tristan Mcintosh",City of London Academy - Southwark EABL,"Bilal Olowoshile, Daniel Banjoko, David Banjoko, Jacob Hannick, Toby Gass",1,5,0.1,0.5,0,0,0,0,0,0,0,0,0,0,0,0,0,0,0,0,1,0,0,0,0,0,0,0,0,0,0,0,0,0,0,0,0,0,0,0,1.0,0.1,0,0,0,0,0,0,0,0,0,0,0,0,0,0,0,0,0,0,0,0,0,0,0,0,0,0,0,0,0,0,0,0,0,0,0,0,0,0,0
Copleston High School EABL,"Callum Fobister, Isaac Little, Matthew Liddamore, Noah Wilkinson, Timothy Rafiu",City of London Academy - Southwark EABL,"Andrew Nwokolo, Daniel Banjoko, Louis Thompson, Rafi Testfay, Ruben Cryer",1,48,0.8,0.5,0,0,0,0,0,0,0,0,0,0,0,0,0,0,0,0,0,0,0,0,0,0,0,0,0,0,0,0,0,0,0,0,0,0,1,0,0.1,1.0,0,0,0,0,0,0,0,0,0,0,0,0,0,0,0,0,0,0,0,0,0,0,0,0,0,0,0,0,0,0,0,0,0,0,0,0,0,0,0
SGS College EABL,"Dylan Lloyd, Imam Toure, Kevin Ramirez Mora, Marcos Perez Tosca, Ryan Cabrera",Manchester Magic Academy EABL,"Jack Walton, Oluwademilade Babalola, Tarique Kamal Kazmi, Tiego Weekes, Tom Richardson",1,45,0.8,0.5,0,0,1,0,0,1,0,0,0,0,0,0,0,0,0,0,0,1,0,0,0,0,0,0,0,0,0,0,0,1,1,0,0,0,0,1,1.0,0.1,0,0,0,0,0,0,0,0,0,0,0,0,0,0,0,0,0,0,0,0,0,0,0,0,0,0,0,0,0,0,0,0,0,0,0,0,0,0,0
Charnwood College Riders EABL,"Asa Oyerinde, Pharrell Kattah, Tom Pearson, Tristan Curran, Zavier Gleadell-Smith",BMET City of Birmingham Rockets EABL,"Abdou Camara, Jonathan Agbeze, Larry Duru, Patrick Walsh, Simba Chikukwa",1,24,0.4,0.5,0,0,2,0,0,2,0,0,0,0,2,1,3,0,0,0,0,0,0,0,1,0,0,1,0,0,0,0,0,0,0,0,0,0,0,0,0.1,1.0,0,0,0,0,0,0,0,0,0,0,0,0,0,0,0,0,0,0,0,0,0,0,0,0,0,0,0,0,0,0,0,0,0,0,0,0,0,0,0
Charnwood College Riders EABL,"Asa Oyerinde, Fahad Saeed, James Hardy, Pharrell Kattah, Rudy Buckingham",BMET City of Birmingham Rockets EABL,"Abdou Camara, Jude Hyland, Patrick Walsh, Philip Basioudis, Simba Chikukwa",1,7,0.1,0.5,0,0,1,0,0,1,0,0,0,0,0,0,0,0,0,0,0,1,0,0,0,0,0,0,0,0,0,0,0,1,1,0,0,0,0,0,1.0,0.1,0,0,0,0,0,0,0,0,0,0,0,0,0,0,0,0,0,0,0,0,0,0,0,0,0,0,0,0,0,0,0,0,0,0,0,0,0,0,0
Charnwood College Riders EABL,"Fahad Saeed, Pharrell Kattah, Rudy Buckingham, Tristan Curran, Zavier Gleadell-Smith",BMET City of Birmingham Rockets EABL,"George Angoy, Jonathan Agbeze, Jude Hyland, Larry Duru, Philip Basioudis",1,5,0.1,0.5,0,0,0,0,0,0,0,0,0,0,0,0,0,0,1,0,0,0,0,0,0,0,0,0,0,0,0,0,0,0,0,0,0,0,1,0,0.1,1.0,0,0,0,0,0,0,0,0,0,0,0,0,0,0,0,0,0,0,0,0,0,0,0,0,0,0,0,0,0,0,0,0,0,0,0,0,0,0,0
Barking Abbey EABL,"Alaxanda Nwabueze, Kervy Mabaya, Micael Filho, Raphael Connolly, Solomon Dobson Smith",Oaklands Wolves EABL,"Blaine Thompson, Enzo Da Cruz Fatuda, Huxley Morrell, Liam Mcintosh, Tristan Mcintosh",1,12,0.2,0.5,0,0,0,0,0,0,0,0,0,0,0,0,0,0,0,0,1,0,0,0,0,0,0,0,0,0,0,0,0,0,0,0,0,0,0,0,1.0,0.1,0,0,0,0,0,0,0,0,0,0,0,0,0,0,0,0,0,0,0,0,0,0,0,0,0,0,0,0,0,0,0,0,0,0,0,0,0,0,0
Barking Abbey EABL,"Alaxanda Nwabueze, Amari Maitland, Joshua Mendes, Kervy Mabaya, Oskaras Visockas",Oaklands Wolves EABL,"Blaine Thompson, Daniel Kostadinov, Enzo Da Cruz Fatuda, Huxley Morrell, Liam Mcintosh",1,18,0.3,0.5,0,0,0,0,0,0,0,0,0,0,0,0,0,0,0,1,0,0,0,0,1,0,0,1,0,0,0,0,0,0,0,0,0,0,0,0,0.1,1.0,0,0,0,0,0,0,0,0,0,0,0,0,0,0,0,0,0,0,0,0,0,0,0,0,0,0,0,0,0,0,0,0,0,0,0,0,0,0,0
Barking Abbey EABL,"Amari Maitland, Joshua Mendes, Kervy Mabaya, Micael Filho, Raphael Connolly",Oaklands Wolves EABL,"Daniel Kostadinov, Dylan Gladstone, Enzo Da Cruz Fatuda, Huxley Morrell, Liam Mcintosh",1,5,0.1,0.5,0,0,0,0,0,0,0,0,0,0,0,0,0,0,0,0,1,0,0,0,0,0,0,0,0,0,0,0,0,0,0,0,0,0,0,0,1.0,0.1,0,0,0,0,0,0,0,0,0,0,0,0,0,0,0,0,0,0,0,0,0,0,0,0,0,0,0,0,0,0,0,0,0,0,0,0,0,0,0
Barking Abbey EABL,"Amari Maitland, Francesco Cole, Harry Egbayelo, Micael Filho, Raphael Connolly",Oaklands Wolves EABL,"Daniel Kostadinov, Dylan Gladstone, Enzo Da Cruz Fatuda, Liam Mcintosh, Tristan Mcintosh",1,26,0.4,0.5,0,0,0,0,0,0,0,0,0,0,0,0,0,0,0,0,1,0,0,0,1,0,0,0,0,0,0,0,1,0,1,0,0,0,0,0,1.0,0.1,0,0,0,0,0,0,0,0,0,0,0,0,0,0,0,0,0,0,0,0,0,0,0,0,0,0,0,0,0,0,0,0,0,0,0,0,0,0,0
HHS Reading Rockets EABL,"Can Okumus, Ethan Harrington, Joseph Mackinnon, Malachi Hassan-Taylor, Matthew Daines",Itchen College EABL,"Benjamin Cope, Dawid Cimochowski, Javen Osei-Owusu, Richard Radu, Thomas Blower",1,37,0.6,0.5,0,0,1,0,0,0,0,0,0,0,0,0,0,0,0,0,0,0,0,0,0,0,0,0,0,0,0,0,0,1,1,0,0,0,0,0,1.0,0.1,0,0,0,0,0,0,0,0,0,0,0,0,0,0,0,0,0,0,0,0,0,0,0,0,0,0,0,0,0,0,0,0,0,0,0,0,0,0,0
HHS Reading Rockets EABL,"Aydan Moloney, Can Okumus, James Waterhouse, Malachi Hassan-Taylor, Matthew Daines",Itchen College EABL,"Elijah Lotriet, Ethan Round, Javen Osei-Owusu, Mason Yeates, Richard Radu",1,17,0.3,0.5,0,0,0,0,0,0,0,0,0,0,0,0,0,0,0,0,0,1,2,1,1,100,0,0,0,0,0,0,0,0,0,0,0,0,0,0,0.1,1.0,0,200,-200,200,0,200,-2,0,0,0,0,0,0,0,0,0,0,0,0,0,0,0,0,0,0,0,0,0,0,0,0,0,0,0,0,0,0,0,0
HHS Reading Rockets EABL,"Ethan Harrington, Joseph Mackinnon, Lazure Francis, Malachi Hassan-Taylor, Matthew Daines",Itchen College EABL,"Benjamin Cope, Elijah Lotriet, Ethan Round, Javen Osei-Owusu, Mason Yeates",1,15,0.2,0.5,0,0,0,0,0,0,0,0,0,0,0,0,0,0,0,0,1,0,0,0,0,0,0,0,0,0,0,0,0,0,0,0,0,0,0,0,1.0,0.1,0,0,0,0,0,0,0,0,0,0,0,0,0,0,0,0,0,0,0,0,0,0,0,0,0,0,0,0,0,0,0,0,0,0,0,0,0,0,0
HHS Reading Rockets EABL,"Aydan Moloney, Can Okumus, James Waterhouse, Joseph Mackinnon, Matthew Daines",Itchen College EABL,"Benjamin Cope, Ethan Round, Marley Edwards, Mason Yeates, Thomas Blower",1,7,0.1,0.5,0,0,0,0,0,0,0,0,0,0,0,0,0,0,0,0,0,1,2,1,1,100,0,0,0,0,0,0,0,0,0,0,0,0,0,0,0.1,1.0,0,200,-200,200,0,200,-2,0,0,0,0,0,0,0,0,0,0,0,0,0,0,0,0,0,0,0,0,0,0,0,0,0,0,0,0,0,0,0,0
HHS Reading Rockets EABL,"Can Okumus, Ethan Harrington, James Waterhouse, Lazure Francis, Malachi Hassan-Taylor",Copleston High School EABL,"Callum Fobister, Elijah Tamakloe, Isaac Little, Matthew Liddamore, Timothy Rafiu",1,37,0.6,0.5,0,0,2,0,0,1,0,0,0,0,2,1,3,0,0,0,0,0,0,0,1,0,0,0,0,0,0,0,0,0,0,0,0,0,0,1,0.1,1.0,0,0,0,0,0,0,0,0,0,0,0,0,0,0,0,0,0,0,0,0,0,0,0,0,0,0,0,0,0,0,0,0,0,0,0,0,0,0,0
Myerscough College EABL,"Ayo Ibirinde, Cesar Sanchez Falette, Harry Sheehan, Olivier Esingle, Sayomi Latidan",Barking Abbey EABL,"Amari Maitland, Folarin Oguntuase, Joshua Mendes, Oskaras Visockas, Raphael Connolly",1,30,0.5,0.5,0,0,0,0,0,0,0,0,0,0,0,0,0,0,0,0,0,1,2,1,1,100,0,0,0,0,0,0,0,0,0,1,0,0,0,1,0.1,1.0,0,200,-200,200,0,200,-2,0,0,0,0,0,0,0,0,0,0,0,0,0,0,0,0,0,0,0,0,0,0,0,0,0,0,0,0,0,0,0,0
Myerscough College EABL,"Ayo Ibirinde, Cesar Sanchez Falette, Harry Sheehan, Olivier Esingle, Sayomi Latidan",Barking Abbey EABL,"Alaxanda Nwabueze, Amari Maitland, Folarin Oguntuase, Joshua Mendes, Oskaras Visockas",1,42,0.7,0.5,2,1,1,100,0,0,0,0,0,0,0,0,0,1,0,0,0,0,0,0,1,0,0,1,0,0,0,0,1,0,1,0,0,0,0,0,1.0,0.1,200,0,200,0,200,-200,2,0,0,0,0,0,0,0,0,0,0,0,0,0,0,0,0,0,0,0,0,0,0,0,0,0,0,0,0,0,0,0,0
Myerscough College EABL,"Cesar Sanchez Falette, Harry Sheehan, Olivier Esingle, Sayomi Latidan, Zach Trezvant",Barking Abbey EABL,"Alaxanda Nwabueze, Amari Maitland, Joshua Mendes, Kervy Mabaya, Solomon Dobson Smith",1,6,0.1,0.5,0,0,1,0,0,1,0,0,0,0,0,0,0,0,0,0,0,0,0,0,0,0,0,0,0,0,0,0,0,0,0,0,0,0,0,0,1.0,0.1,0,0,0,0,0,0,0,0,0,0,0,0,0,0,0,0,0,0,0,0,0,0,0,0,0,0,0,0,0,0,0,0,0,0,0,0,0,0,0
Myerscough College EABL,"Ayo Ibirinde, Cesar Sanchez Falette, Jakub Bobkowski, Olivier Esingle, Sayomi Latidan",Barking Abbey EABL,"Alaxanda Nwabueze, Joshua Mendes, Oskaras Visockas, Raphael Connolly, Solomon Dobson Smith",1,14,0.2,0.5,0,0,0,0,0,0,0,0,0,0,0,0,0,0,0,0,0,0,0,0,0,0,0,0,0,0,0,0,0,0,0,0,0,0,1,0,0.1,1.0,0,0,0,0,0,0,0,0,0,0,0,0,0,0,0,0,0,0,0,0,0,0,0,0,0,0,0,0,0,0,0,0,0,0,0,0,0,0,0
Myerscough College EABL,"Ayo Ibirinde, Fin Morgan, Jakub Bobkowski, Olivier Esingle, Sayomi Latidan",Barking Abbey EABL,"Amari Maitland, Francesco Cole, Joshua Mendes, Kervy Mabaya, Oskaras Visockas",1,16,0.3,0.5,0,0,1,0,0,1,0,0,0,0,0,0,0,0,0,0,0,1,0,0,0,0,0,0,0,0,0,0,0,0,0,0,0,0,0,0,1.0,0.1,0,0,0,0,0,0,0,0,0,0,0,0,0,0,0,0,0,0,0,0,0,0,0,0,0,0,0,0,0,0,0,0,0,0,0,0,0,0,0
SGS College EABL,"Abubakar Odowa, Jakub Grajcar, Kevin Ramirez Mora, Martin Alburo, Zion Lawson",Copleston High School EABL,"Callum Fobister, Grant Millar, Isaac Carty-Peters, Matthew Liddamore, Noah Wilkinson",1,20,0.3,0.5,0,0,0,0,0,0,0,0,0,0,0,0,0,0,0,0,0,0,0,0,0,0,0,0,0,0,0,0,0,0,0,0,0,0,1,1,0.1,1.0,0,0,0,0,0,0,0,0,0,0,0,0,0,0,0,0,0,0,0,0,0,0,0,0,0,0,0,0,0,0,0,0,0,0,0,0,0,0,0
SGS College EABL,"Dylan Lloyd, Imam Toure, Kevin Ramirez Mora, Reuben Roach, Tekai Wallace-Gayle",Copleston High School EABL,"Callum Fobister, Isaac Carty-Peters, Isaac Little, Matthew Liddamore, Timothy Rafiu",1,11,0.2,0.5,0,0,0,0,0,0,0,0,0,0,0,0,0,0,0,0,1,0,0,0,0,0,0,0,0,0,0,0,0,0,0,0,0,0,0,0,1.0,0.1,0,0,0,0,0,0,0,0,0,0,0,0,0,0,0,0,0,0,0,0,0,0,0,0,0,0,0,0,0,0,0,0,0,0,0,0,0,0,0
SGS College EABL,"Dylan Lloyd, Imam Toure, Kevin Ramirez Mora, Reuben Roach, Tekai Wallace-Gayle",Copleston High School EABL,"Angus Hickey, Callum Fobister, Isaac Little, Matthew Liddamore, Timothy Rafiu",1,9,0.1,0.5,0,0,0,0,0,0,0,0,0,0,0,1,1,0,0,0,0,0,0,0,1,0,0,0,0,0,0,0,0,0,0,0,0,0,0,1,0.1,1.0,0,0,0,0,0,0,0,0,0,0,0,0,0,0,0,0,0,0,0,0,0,0,0,0,0,0,0,0,0,0,0,0,0,0,0,0,0,0,0
HHS Reading Rockets EABL,"Can Okumus, Ethan Harrington, Lazure Francis, Luca Bakary, Matthew Daines",BMET City of Birmingham Rockets EABL,"George Angoy, Jonathan Agbeze, Jude Hyland, Larry Duru, Philip Basioudis",1,15,0.2,0.5,0,0,1,0,0,0,0,0,0,0,0,0,0,0,0,0,0,0,0,0,0,0,0,0,0,0,0,0,0,1,1,0,0,0,0,1,1.0,0.1,0,0,0,0,0,0,0,0,0,0,0,0,0,0,0,0,0,0,0,0,0,0,0,0,0,0,0,0,0,0,0,0,0,0,0,0,0,0,0
HHS Reading Rockets EABL,"Can Okumus, Ethan Harrington, Lazure Francis, Luca Bakary, Matthew Daines",BMET City of Birmingham Rockets EABL,"George Angoy, Jude Hyland, Larry Duru, Philip Basioudis, Simba Chikukwa",1,34,0.6,0.5,0,0,0,0,0,0,0,0,0,0,0,1,1,0,0,0,0,0,0,0,1,0,0,1,0,0,0,0,0,0,0,0,0,0,0,0,0.1,1.0,0,0,0,0,0,0,0,0,0,0,0,0,0,0,0,0,0,0,0,0,0,0,0,0,0,0,0,0,0,0,0,0,0,0,0,0,0,0,0
HHS Reading Rockets EABL,"Can Okumus, James Waterhouse, Lazure Francis, Luca Bakary, Matthew Daines",BMET City of Birmingham Rockets EABL,"Abdou Camara, Billy Rose, George Angoy, Jonathan Agbeze, Simba Chikukwa",1,15,0.2,0.5,0,0,0,0,0,0,0,0,0,0,0,0,0,0,0,0,0,0,0,0,0,0,0,0,0,0,0,0,0,0,0,0,0,0,1,0,0.1,1.0,0,0,0,0,0,0,0,0,0,0,0,0,0,0,0,0,0,0,0,0,0,0,0,0,0,0,0,0,0,0,0,0,0,0,0,0,0,0,0
Itchen College EABL,"Dawid Cimochowski, Ethan Round, Jakub Ofman, Richard Radu, Thomas Blower",Charnwood College Riders EABL,"Davincy Stephens, James Hardy, Okeri Hambira, Stanley Morris, Tom Pearson",1,49,0.8,0.5,2,1,1,100,0,0,0,0,0,0,0,0,0,1,0,0,0,0,0,0,0,0,0,0,0,0,0,0,0,0,0,0,0,0,0,0,1.0,0.1,200,0,200,0,200,-200,2,0,0,0,0,0,0,0,0,0,0,0,0,0,0,0,0,0,0,0,0,0,0,0,0,0,0,0,0,0,0,0,0
Itchen College EABL,"Ethan Round, Javen Osei-Owusu, Mason Yeates, Richard Radu, Thomas Blower",Charnwood College Riders EABL,"Andrew Young, Fahad Saeed, Okeri Hambira, Stanley Morris, Tom Pearson",1,10,0.2,0.5,0,0,0,0,0,0,0,0,0,0,0,0,0,0,0,0,1,0,0,0,0,0,0,0,0,0,0,0,0,0,0,0,0,0,0,0,1.0,0.1,0,0,0,0,0,0,0,0,0,0,0,0,0,0,0,0,0,0,0,0,0,0,0,0,0,0,0,0,0,0,0,0,0,0,0,0,0,0,0
City of London Academy - Southwark EABL,"Andrew Nwokolo, Daniel Banjoko, Jacob Hannick, Louis Thompson, Toby Gass",Derby College Trailblazers EABL,"Casey Burr, Elias Norman, George Pastor, Jarom Howlett, Liyo Ngomti",1,24,0.4,0.5,0,0,0,0,0,0,0,0,0,0,0,1,1,0,0,0,0,0,0,0,1,0,0,1,0,0,0,0,0,0,0,0,0,0,0,1,0.1,1.0,0,0,0,0,0,0,0,0,0,0,0,0,0,0,0,0,0,0,0,0,0,0,0,0,0,0,0,0,0,0,0,0,0,0,0,0,0,0,0
City of London Academy - Southwark EABL,"Bilal Olowoshile, Daniel Banjoko, Jacob Hannick, Louis Thompson, Sharmake Shirwac",Derby College Trailblazers EABL,"Casey Burr, Elias Norman, George Pastor, Jarom Howlett, Liyo Ngomti",1,6,0.1,0.5,0,0,0,0,0,0,0,0,0,0,0,0,0,0,0,0,0,0,0,0,1,0,0,1,0,0,0,0,0,0,0,0,0,0,0,0,0.1,1.0,0,0,0,0,0,0,0,0,0,0,0,0,0,0,0,0,0,0,0,0,0,0,0,0,0,0,0,0,0,0,0,0,0,0,0,0,0,0,0
City of London Academy - Southwark EABL,"Andrew Nwokolo, Dante Patel, Jacob Hannick, Ruben Cryer, Toby Gass",Derby College Trailblazers EABL,"Casey Burr, Elias Norman, George Pastor, Jarom Howlett, William Tallon",1,21,0.3,0.5,0,0,1,0,0,0,0,0,0,0,1,1,2,0,0,0,0,0,0,0,1,0,0,1,0,0,0,0,0,0,0,0,0,0,0,0,0.1,1.0,0,0,0,0,0,0,0,0,0,0,0,0,0,0,0,0,0,0,0,0,0,0,0,0,0,0,0,0,0,0,0,0,0,0,0,0,0,0,0
City of London Academy - Southwark EABL,"Alex Morentin, Bilal Olowoshile, Daniel Banjoko, Louis Thompson, Rafi Testfay",Derby College Trailblazers EABL,"Finley Tuck, Jarom Howlett, Julian Lemanski, Kaleel Otaye, Karim Zidonis",1,41,0.7,0.5,0,0,0,0,0,0,0,0,0,0,0,0,0,0,0,0,0,0,0,0,1,0,0,0,0,0,0,0,0,0,0,0,0,0,0,0,0.1,1.0,0,0,0,0,0,0,0,0,0,0,0,0,0,0,0,0,0,0,0,0,0,0,0,0,0,0,0,0,0,0,0,0,0,0,0,0,0,0,0
BMET City of Birmingham Rockets EABL,"Abdou Camara, George Angoy, Jonathan Agbeze, Jude Hyland, Philip Basioudis",Copleston High School EABL,"Callum Fobister, Isaac Carty-Peters, Matthew Liddamore, Noah Wilkinson, Timothy Rafiu",1,25,0.4,0.5,0,0,0,0,0,0,0,0,0,0,0,1,1,0,0,0,0,0,0,0,1,0,0,1,0,0,0,0,0,0,0,0,0,0,0,1,0.1,1.0,0,0,0,0,0,0,0,0,0,0,0,0,0,0,0,0,0,0,0,0,0,0,0,0,0,0,0,0,0,0,0,0,0,0,0,0,0,0,0
Manchester Magic Academy EABL,"Jack Walton, Lewis Clayton, Oluwademilade Babalola, Samy Sidi-Boumedine, Tarique Kamal Kazmi",Itchen College EABL,"Benjamin Cope, Ethan Round, Javen Osei-Owusu, Mason Yeates, Thomas Blower",1,20,0.3,0.5,3,1,1,100,1,1,100,0,0,0,0,0,0,1,0,0,0,0,0,0,0,0,0,0,0,0,0,0,0,0,0,0,0,0,0,0,1.0,0.1,300,0,300,0,300,-300,3,0,0,0,0,0,0,0,0,0,0,0,0,0,0,0,0,0,0,0,0,0,0,0,0,0,0,0,0,0,0,0,0
Manchester Magic Academy EABL,"Jack Odongo, Jack Walton, Tarique Kamal Kazmi, Tiego Weekes, Tom Richardson",Itchen College EABL,"Benjamin Cope, Dawid Cimochowski, Elijah Lotriet, Ethan Round, Javen Osei-Owusu",1,12,0.2,0.5,0,0,0,0,0,0,0,0,0,0,0,0,0,0,0,0,1,0,0,0,0,0,0,0,0,0,0,0,0,0,0,0,0,0,0,0,1.0,0.1,0,0,0,0,0,0,0,0,0,0,0,0,0,0,0,0,0,0,0,0,0,0,0,0,0,0,0,0,0,0,0,0,0,0,0,0,0,0,0
Charnwood College Riders EABL,"James Hardy, Okeri Hambira, Pharrell Kattah, Tom Pearson, Zavier Gleadell-Smith",Oaklands Wolves EABL,"Ethan Ryan, Gavin Mitchell, Huxley Morrell, Liam Mcintosh, Tristan Mcintosh",1,25,0.4,0.5,2,1,1,100,0,0,0,0,0,0,0,0,0,1,0,0,0,1,0,0,1,0,0,0,0,0,0,0,1,0,1,0,0,0,0,0,1.0,0.1,200,0,200,0,200,-200,2,0,0,0,0,0,0,0,0,0,0,0,0,0,0,0,0,0,0,0,0,0,0,0,0,0,0,0,0,0,0,0,0
Charnwood College Riders EABL,"Fahad Saeed, Okeri Hambira, Pharrell Kattah, Ricky Amrania, Tristan Curran",Oaklands Wolves EABL,"Daniel Kostadinov, Dylan Gladstone, Gavin Mitchell, Liam Mcintosh, Tristan Mcintosh",1,12,0.2,0.5,0,0,0,0,0,0,0,0,0,0,0,0,0,0,0,0,0,1,2,1,1,100,0,0,0,0,0,0,0,0,0,0,0,0,0,0,0.1,1.0,0,200,-200,200,0,200,-2,0,0,0,0,0,0,0,0,0,0,0,0,0,0,0,0,0,0,0,0,0,0,0,0,0,0,0,0,0,0,0,0
Charnwood College Riders EABL,"Fahad Saeed, Pharrell Kattah, Tom Pearson, Tristan Curran, Zavier Gleadell-Smith",Oaklands Wolves EABL,"Daniel Kostadinov, Enzo Da Cruz Fatuda, Gavin Mitchell, Huxley Morrell, Liam Mcintosh",1,8,0.1,0.5,0,0,0,0,0,0,0,0,0,0,0,0,0,0,0,0,0,0,0,0,0,0,0,0,0,0,0,0,0,0,0,0,0,0,1,0,0.1,1.0,0,0,0,0,0,0,0,0,0,0,0,0,0,0,0,0,0,0,0,0,0,0,0,0,0,0,0,0,0,0,0,0,0,0,0,0,0,0,0
HHS Reading Rockets EABL,"Ethan Harrington, James Waterhouse, Luca Bakary, Malachi Hassan-Taylor, Matthew Daines",SGS College EABL,"Dylan Lloyd, Imam Toure, Luka Matthews, Marcos Perez Tosca, Martin Alburo",1,28,0.5,0.5,0,0,0,0,0,0,0,0,0,0,0,0,0,0,0,0,0,0,3,1,1,100,1,1,100,0,0,0,0,0,0,1,0,0,0,1,0.1,1.0,0,300,-300,300,0,300,-3,0,0,0,0,0,0,0,0,0,0,0,0,0,0,0,0,0,0,0,0,0,0,0,0,0,0,0,0,0,0,0,0
HHS Reading Rockets EABL,"Can Okumus, James Waterhouse, Luca Bakary, Malachi Hassan-Taylor, Matthew Daines",SGS College EABL,"Abubakar Odowa, Jakub Grajcar, Kevin Ramirez Mora, Martin Alburo, Zion Lawson",1,31,0.5,0.5,0,0,1,0,0,0,0,0,0,0,0,0,0,0,0,0,0,1,0,0,0,0,0,0,0,0,0,0,0,1,1,0,0,0,0,0,1.0,0.1,0,0,0,0,0,0,0,0,0,0,0,0,0,0,0,0,0,0,0,0,0,0,0,0,0,0,0,0,0,0,0,0,0,0,0,0,0,0,0
HHS Reading Rockets EABL,"Can Okumus, Ethan Harrington, Luca Bakary, Malachi Hassan-Taylor, Matthew Daines",SGS College EABL,"Dylan Lloyd, Imam Toure, Luka Matthews, Marcos Perez Tosca, Martin Alburo",1,5,0.1,0.5,0,0,0,0,0,0,0,0,0,0,0,0,0,0,0,0,0,0,0,0,0,0,0,0,0,0,0,0,0,0,0,0,0,0,1,0,0.1,1.0,0,0,0,0,0,0,0,0,0,0,0,0,0,0,0,0,0,0,0,0,0,0,0,0,0,0,0,0,0,0,0,0,0,0,0,0,0,0,0
HHS Reading Rockets EABL,"Can Okumus, Ethan Harrington, Luca Bakary, Malachi Hassan-Taylor, Matthew Daines",SGS College EABL,"Dylan Lloyd, Kevin Ramirez Mora, Luka Matthews, Martin Alburo, Zion Lawson",1,5,0.1,0.5,2,1,1,100,0,0,0,0,0,0,0,0,0,1,0,0,0,0,0,0,0,0,0,0,0,0,0,0,0,0,0,0,0,0,0,1,1.0,0.1,200,0,200,0,200,-200,2,0,0,0,0,0,0,0,0,0,0,0,0,0,0,0,0,0,0,0,0,0,0,0,0,0,0,0,0,0,0,0,0
HHS Reading Rockets EABL,"Aydan Moloney, Can Okumus, Ethan Harrington, Malachi Hassan-Taylor, Matthew Daines",SGS College EABL,"Dylan Lloyd, Kevin Ramirez Mora, Luka Matthews, Martin Alburo, Zion Lawson",1,8,0.1,0.5,0,0,0,0,0,0,0,0,0,0,0,0,0,0,0,0,0,0,0,0,1,0,0,1,0,0,0,0,0,0,0,0,0,0,0,0,0.1,1.0,0,0,0,0,0,0,0,0,0,0,0,0,0,0,0,0,0,0,0,0,0,0,0,0,0,0,0,0,0,0,0,0,0,0,0,0,0,0,0
City of London Academy - Southwark EABL,"Andrew Nwokolo, Bilal Olowoshile, Daniel Banjoko, David Banjoko, Jacob Hannick",Myerscough College EABL,"Cesar Sanchez Falette, Daniel Okhuoya, Jakub Bobkowski, Olivier Esingle, Sayomi Latidan",1,27,0.5,0.5,0,0,0,0,0,0,0,0,0,0,0,1,1,0,0,0,0,0,0,0,1,0,0,1,0,0,0,0,0,0,0,0,0,0,0,2,0.1,1.0,0,0,0,0,0,0,0,0,0,0,0,0,0,0,0,0,0,0,0,0,0,0,0,0,0,0,0,0,0,0,0,0,0,0,0,0,0,0,0
Manchester Magic Academy EABL,"Abraham Isiorho, Harley Blake, Jack Odongo, Jack Walton, Oluwademilade Babalola",Myerscough College EABL,"Fin Morgan, Jakub Bobkowski, Olivier Esingle, Sayomi Laditan, Zach Trezvant",1,31,0.5,0.5,2,1,1,100,0,0,0,0,0,0,0,0,0,1,0,0,0,1,0,0,0,0,0,0,0,0,0,0,0,0,0,0,0,0,0,0,1.0,0.1,200,0,200,0,200,-200,2,0,0,0,0,0,0,0,0,0,0,0,0,0,0,0,0,0,0,0,0,0,0,0,0,0,0,0,0,0,0,0,0
Manchester Magic Academy EABL,"Jack Odongo, Jack Walton, Lewis Clayton, Oluwademilade Babalola, Tarique Kamal Kazmi",Myerscough College EABL,"Cesar Sanchez Falette, Harry Sheehan, Olivier Esingle, Salomi Laditan, Sayomi Laditan",1,26,0.4,0.5,2,1,1,100,0,0,0,0,0,0,0,0,0,0,0,0,0,1,0,0,0,0,0,0,0,0,0,0,0,0,0,0,0,0,0,0,1.0,0.1,200,0,200,0,200,-200,2,0,0,0,0,0,0,0,0,0,0,0,0,0,0,0,0,0,0,0,0,0,0,0,0,0,0,0,0,0,0,0,0
