Team,Lineup,Lineup_Key,Assister_Num,Assister_Name,Scorer_Num,Scorer_Name,Assists,Points_Created,Threes_Assisted,Twos_Assisted,Games,AST/G,PTS_Created/G
London Cavaliers,"Juan Manning, Mekhi Collins, Marquel Beasley, Daniel Braster, Aj Roberts","London Cavaliers|10,13,15,23,4",4,Aj Roberts,10,Juan Manning,14,41,13,1,10,1.4,4.1
London Cavaliers,"Juan Manning, Mekhi Collins, Marquel Beasley, Daniel Braster, Aj Roberts","London Cavaliers|10,13,15,23,4",4,Aj Roberts,13,Mekhi Collins,19,40,2,17,17,1.12,2.35
Derby Trailblazers,"Connor Washington, Jai Pathmarajah, Sean Mo Walker, Charlie Brown, Raheem May-Thompson","Derby Trailblazers|13,22,3,4,7",22,Jai Pathmarajah,3,Sean Mo Walker,17,36,2,15,10,1.7,3.6
London Cavaliers,"Juan Manning, Mekhi Collins, Marquel Beasley, Daniel Braster, Aj Roberts","London Cavaliers|10,13,15,23,4",23,Daniel Braster,4,Aj Roberts,12,33,9,3,12,1.0,2.75
Birmingham Rockets,"Ronald Blain, Zack Powell, Luke Okosieme, Eric Donaldson, Lucas Mcgregor","Birmingham Rockets|0,14,21,3,6",6,Lucas Mcgregor,0,Ronald Blain,15,33,3,12,11,1.36,3.0
Milton Keynes Breakers,"Dashawn Jackson, Jonas Dietrich, Xavier Wilson, Jordan Spencer, Chase Thompson","Milton Keynes Breakers|1,12,21,23,8",23,Jordan Spencer,8,Chase Thompson,12,32,8,4,9,1.33,3.56
Milton Keynes Breakers,"Dashawn Jackson, Jonas Dietrich, Xavier Wilson, Jordan Spencer, Chase Thompson","Milton Keynes Breakers|1,12,21,23,8",23,Jordan Spencer,21,Xavier Wilson,16,32,0,16,11,1.45,2.91
Birmingham Rockets,"Ronald Blain, Zack Powell, Luke Okosieme, Eric Donaldson, Lucas Mcgregor","Birmingham Rockets|0,14,21,3,6",6,Lucas Mcgregor,14,Zack Powell,14,31,3,11,11,1.27,2.82
London Cavaliers,"Juan Manning, Mekhi Collins, Marquel Beasley, Daniel Braster, Aj Roberts","London Cavaliers|10,13,15,23,4",10,Juan Manning,15,Marquel Beasley,12,30,6,6,10,1.2,3.0
Milton Keynes Breakers,"Dashawn Jackson, Jonas Dietrich, Xavier Wilson, Jordan Spencer, Chase Thompson","Milton Keynes Breakers|10,12,21,23,8",10,Dashawn Jackson,21,Xavier Wilson,15,30,0,15,9,1.67,3.33
Derby Trailblazers,"Connor Washington, Jai Pathmarajah, Sean Mo Walker, Charlie Brown, Raheem May-Thompson","Derby Trailblazers|13,22,3,4,7",4,Charlie Brown,13,Connor Washington,10,29,9,1,7,1.43,4.14
Hemel Storm,"Darien Nelson-Henry, Kai Walker, Matt Norman, Brayden Inger, Sam Newman","Hemel Storm|10,11,2,3,4",4,Sam Newman,10,Darien Nelson-Henry,14,28,0,14,6,2.33,4.67
Hemel Storm,"Darien Nelson-Henry, Kai Walker, Matt Norman, Brayden Inger, Sam Newman","Hemel Storm|10,11,2,3,4",4,Sam Newman,3,Brayden Inger,11,28,6,5,8,1.38,3.5
Reading Rockets,"Malik Bryant, Cooper Creek, Jax Bouknight, Eliaz (Zain) Poorman, Victor Olarerin","Reading Rockets|10,14,4,6,8",4,Jax Bouknight,14,Cooper Creek,10,28,8,2,8,1.25,3.5
Derby Trailblazers,"Connor Washington, Jai Pathmarajah, Sean Mo Walker, Charlie Brown, Raheem May-Thompson","Derby Trailblazers|13,22,3,4,7",4,Charlie Brown,3,Sean Mo Walker,12,27,3,9,9,1.33,3.0
Milton Keynes Breakers,"Dashawn Jackson, Jonas Dietrich, Xavier Wilson, Jordan Spencer, Chase Thompson","Milton Keynes Breakers|1,12,21,23,8",21,Xavier Wilson,1,Dashawn Jackson,10,26,6,4,8,1.25,3.25
Derby Trailblazers,"Connor Washington, Jai Pathmarajah, Sean Mo Walker, Charlie Brown, Raheem May-Thompson","Derby Trailblazers|13,22,3,4,7",4,Charlie Brown,7,Raheem May-Thompson,11,26,4,7,8,1.38,3.25
Birmingham Rockets,"Ronald Blain, Zack Powell, Luke Okosieme, Eric Donaldson, Lucas Mcgregor","Birmingham Rockets|0,14,21,3,6",0,Ronald Blain,6,Lucas Mcgregor,9,25,7,2,7,1.29,3.57
London Cavaliers,"Juan Manning, Mekhi Collins, Marquel Beasley, Daniel Braster, Aj Roberts","London Cavaliers|10,13,15,23,4",10,Juan Manning,4,Aj Roberts,9,24,6,3,7,1.29,3.43
Birmingham Rockets,"Ronald Blain, Zack Powell, Luke Okosieme, Eric Donaldson, Lucas Mcgregor","Birmingham Rockets|0,14,21,3,6",14,Zack Powell,21,Luke Okosieme,12,24,0,12,10,1.2,2.4
London Cavaliers,"Juan Manning, Mekhi Collins, Marquel Beasley, Daniel Braster, Aj Roberts","London Cavaliers|10,13,15,23,4",15,Marquel Beasley,23,Daniel Braster,11,24,2,9,7,1.57,3.43
London Cavaliers,"Juan Manning, Mekhi Collins, Marquel Beasley, Daniel Braster, Aj Roberts","London Cavaliers|10,13,15,23,4",10,Juan Manning,23,Daniel Braster,11,24,2,9,10,1.1,2.4
Milton Keynes Breakers,"Dashawn Jackson, Jonas Dietrich, Xavier Wilson, Jordan Spencer, Chase Thompson","Milton Keynes Breakers|10,12,21,23,8",21,Xavier Wilson,8,Chase Thompson,9,23,5,4,7,1.29,3.29
Derby Trailblazers,"Connor Washington, Jai Pathmarajah, Sean Mo Walker, Charlie Brown, Raheem May-Thompson","Derby Trailblazers|13,22,3,4,7",7,Raheem May-Thompson,3,Sean Mo Walker,11,23,1,10,8,1.38,2.88
Nottingham Hoods,"Tyrone Williams, Byrce Johnson, Donell Nixon Ii, Elliot Bailey, Sam Akano","Nottingham Hoods|1,21,24,6,7",24,Donell Nixon Ii,1,Tyrone Williams,9,23,5,4,4,2.25,5.75
Derby Trailblazers,"Connor Washington, Jai Pathmarajah, Sean Mo Walker, Charlie Brown, Raheem May-Thompson","Derby Trailblazers|13,22,3,4,7",13,Connor Washington,3,Sean Mo Walker,9,22,4,5,7,1.29,3.14
Birmingham Rockets,"Ronald Blain, Zack Powell, Luke Okosieme, Eric Donaldson, Lucas Mcgregor","Birmingham Rockets|0,14,21,3,6",14,Zack Powell,6,Lucas Mcgregor,9,22,4,5,8,1.12,2.75
Bristol Hurricanes,"Daniel Edozie, Elvisi Dusha, Jules Dang-Akodo, Denzel Ubiaro, Corey Samuels","Bristol Hurricanes|1,12,23,31,4",12,Elvisi Dusha,23,Jules Dang-Akodo,8,22,6,2,5,1.6,4.4
Birmingham Rockets,"Ronald Blain, Zack Powell, Luke Okosieme, Eric Donaldson, Lucas Mcgregor","Birmingham Rockets|0,14,21,3,6",14,Zack Powell,3,Eric Donaldson,9,21,3,6,6,1.5,3.5
Birmingham Rockets,"Ronald Blain, Zack Powell, Luke Okosieme, Eric Donaldson, Lucas Mcgregor","Birmingham Rockets|0,14,21,3,6",0,Ronald Blain,14,Zack Powell,8,21,5,3,7,1.14,3.0
Reading Rockets,"Ty Nsangu, Cooper Creek, Jax Bouknight, Eliaz (Zain) Poorman, Victor Olarerin","Reading Rockets|12,14,4,6,8",6,Eliaz (Zain) Poorman,14,Cooper Creek,8,21,5,3,5,1.6,4.2
Derby Trailblazers,"Connor Washington, Jai Pathmarajah, Sean Mo Walker, Charlie Brown, Raheem May-Thompson","Derby Trailblazers|13,22,3,4,7",4,Charlie Brown,22,Jai Pathmarajah,9,21,3,6,8,1.12,2.62
Milton Keynes Breakers,"Dashawn Jackson, Jonas Dietrich, Xavier Wilson, Jordan Spencer, Chase Thompson","Milton Keynes Breakers|1,12,21,23,8",23,Jordan Spencer,1,Dashawn Jackson,8,21,5,3,7,1.14,3.0
Milton Keynes Breakers,"Dashawn Jackson, Jonas Dietrich, Xavier Wilson, Jordan Spencer, Chase Thompson","Milton Keynes Breakers|1,12,21,23,8",23,Jordan Spencer,12,Jonas Dietrich,8,20,4,4,7,1.14,2.86
Hemel Storm,"Darien Nelson-Henry, Kai Walker, Matt Norman, Brayden Inger, Sam Newman","Hemel Storm|10,11,2,3,4",4,Sam Newman,2,Matt Norman,8,20,4,4,5,1.6,4.0
Hemel Storm,"Darien Nelson-Henry, Kai Walker, Matt Norman, Brayden Inger, Sam Newman","Hemel Storm|10,11,2,3,4",4,Sam Newman,11,Kai Walker,9,20,2,7,7,1.29,2.86
Bristol Flyers II,"Yusuf Hafid, Lanre Ayinla, Reggie Eigbe, Nikolas Sagkovits, Nassim Ladjimi","Bristol Flyers II|0,10,13,21,24",0,Yusuf Hafid,10,Lanre Ayinla,8,20,4,4,4,2.0,5.0
London Cavaliers,"Juan Manning, Mekhi Collins, Marquel Beasley, Daniel Braster, Aj Roberts","London Cavaliers|10,13,15,23,4",23,Daniel Braster,15,Marquel Beasley,8,19,3,5,7,1.14,2.71
Yorkshire Dragons,"David Ulph, Jordan Whelan, J. Melke, Corey Johnson, Nick Lewis","Yorkshire Dragons|10,23,5,9,93",93,Nick Lewis,9,Corey Johnson,8,19,3,5,4,2.0,4.75
London Cavaliers,"Juan Manning, Mekhi Collins, Marquel Beasley, Daniel Braster, Aj Roberts","London Cavaliers|10,13,15,23,4",10,Juan Manning,13,Mekhi Collins,9,19,1,8,7,1.29,2.71
Reading Rockets,"Ty Nsangu, Cooper Creek, Jax Bouknight, Eliaz (Zain) Poorman, Victor Olarerin","Reading Rockets|12,14,4,6,8",4,Jax Bouknight,8,Victor Olarerin,8,19,3,5,5,1.6,3.8
Bristol Flyers II,"Yusuf Hafid, Lanre Ayinla, Reggie Eigbe, Nikolas Sagkovits, Nassim Ladjimi","Bristol Flyers II|0,10,13,21,24",0,Yusuf Hafid,24,Nassim Ladjimi,7,19,5,2,4,1.75,4.75
Reading Rockets,"Ty Nsangu, Cooper Creek, Jax Bouknight, Eliaz (Zain) Poorman, Victor Olarerin","Reading Rockets|12,14,4,6,8",4,Jax Bouknight,14,Cooper Creek,7,19,5,2,6,1.17,3.17
Milton Keynes Breakers,"Dashawn Jackson, Jonas Dietrich, Xavier Wilson, Jordan Spencer, Chase Thompson","Milton Keynes Breakers|1,12,21,23,8",8,Chase Thompson,1,Dashawn Jackson,7,19,5,2,5,1.4,3.8
Hemel Storm,"Darien Nelson-Henry, Kai Walker, Taylor Johnson, Matt Norman, Sam Newman","Hemel Storm|10,11,12,2,4",4,Sam Newman,2,Matt Norman,7,19,5,2,4,1.75,4.75
Birmingham Rockets,"Ronald Blain, Zack Powell, Luke Okosieme, Eric Donaldson, Lucas Mcgregor","Birmingham Rockets|0,14,21,3,6",6,Lucas Mcgregor,3,Eric Donaldson,8,18,2,6,8,1.0,2.25
London Cavaliers,"Juan Manning, Mekhi Collins, Marquel Beasley, Daniel Braster, Aj Roberts","London Cavaliers|10,13,15,23,4",15,Marquel Beasley,4,Aj Roberts,7,18,4,3,6,1.17,3.0
Derby Trailblazers,"Connor Washington, Jai Pathmarajah, Sean Mo Walker, Charlie Brown, Raheem May-Thompson","Derby Trailblazers|13,22,3,4,7",13,Connor Washington,7,Raheem May-Thompson,8,18,2,6,6,1.33,3.0
Loughborough Riders,"Johde Campbell, Michael Joiner, Jalen Cook, Tomide Akinsuku, Milo Gordon","Loughborough Riders|0,11,12,13,22",11,Michael Joiner,12,Jalen Cook,6,18,6,0,5,1.2,3.6
Bristol Hurricanes,"Daniel Edozie, Elvisi Dusha, Denzel Ubiaro, Corey Samuels, Vilmantas Dilys","Bristol Hurricanes|1,12,31,4,55",12,Elvisi Dusha,55,Vilmantas Dilys,8,18,2,6,6,1.33,3.0
Derby Trailblazers,"Connor Washington, Jai Pathmarajah, Sean Mo Walker, Charlie Brown, Raheem May-Thompson","Derby Trailblazers|13,22,3,4,7",3,Sean Mo Walker,13,Connor Washington,7,18,4,3,6,1.17,3.0
Nottingham Hoods,"Tyrone Williams, Byrce Johnson, Donell Nixon Ii, Elliot Bailey, Sam Akano","Nottingham Hoods|1,21,24,6,7",1,Tyrone Williams,21,Byrce Johnson,8,18,2,6,5,1.6,3.6
Newcastle Knights,"Bradley Dean, Jaron Thames, Will Neighbour, Mekhi Hendry, Messiah Jones","Newcastle Knights|1,11,15,2,5",1,Bradley Dean,11,Jaron Thames,8,18,2,6,4,2.0,4.5
Yorkshire Dragons,"David Ulph, Jordan Jefferson, Jack Mielke, Corey Johnson, Nick Lewis","Yorkshire Dragons|10,4,5,9,93",4,Jordan Jefferson,9,Corey Johnson,7,18,4,3,5,1.4,3.6
Nottingham Hoods,"Tyrone Williams, Abiodun Adedo, Donell Nixon Ii, Elliot Bailey, Micah Savery-Richards","Nottingham Hoods|1,12,24,6,8",24,Donell Nixon Ii,1,Tyrone Williams,7,18,4,3,3,2.33,6.0
London Cavaliers,"Juan Manning, Mekhi Collins, Marquel Beasley, Daniel Braster, Aj Roberts","London Cavaliers|10,13,15,23,4",15,Marquel Beasley,10,Juan Manning,6,17,5,1,5,1.2,3.4
Worthing Thunder,"Matthew Bryan-Amaning, Justin Hopkins, Elijah Maynard, Adrian Scarborough, Elliott Dadds","Worthing Thunder|11,15,22,4,7",7,Elliott Dadds,4,Adrian Scarborough,7,17,3,4,5,1.4,3.4
London Cavaliers,"Juan Manning, Mekhi Collins, Marquel Beasley, Daniel Braster, Aj Roberts","London Cavaliers|10,13,15,23,4",4,Aj Roberts,23,Daniel Braster,8,17,1,7,6,1.33,2.83
Newcastle Knights,"Bradley Dean, Sam Trunley, Jaron Thames, Hafeez Abdul, Messiah Jones","Newcastle Knights|1,10,11,3,5",11,Jaron Thames,3,Hafeez Abdul,6,17,5,1,4,1.5,4.25
Newcastle Knights,"Bradley Dean, Jaron Thames, Will Neighbour, Mekhi Hendry, Messiah Jones","Newcastle Knights|1,11,15,2,5",1,Bradley Dean,15,Will Neighbour,6,17,5,1,6,1.0,2.83
Worthing Thunder,"Matthew Bryan-Amaning, Justin Hopkins, Elijah Maynard, Adrian Scarborough, Elliott Dadds","Worthing Thunder|11,15,22,4,7",11,Matthew Bryan-Amaning,15,Justin Hopkins,7,16,2,5,6,1.17,2.67
Birmingham Rockets,"Ronald Blain, Zack Powell, Luke Okosieme, Eric Donaldson, Lucas Mcgregor","Birmingham Rockets|0,14,21,3,6",6,Lucas Mcgregor,21,Luke Okosieme,8,16,0,8,7,1.14,2.29
Loughborough Riders,"Johde Campbell, Tomide Akinsuku, Jalen Cook, Callum Keys, Michael Joiner","Loughborough Riders|10,13,21,6,7",10,Johde Campbell,6,Callum Keys,7,16,2,5,5,1.4,3.2
Birmingham Rockets,"Ronald Blain, Zack Powell, Luke Okosieme, Eric Donaldson, Lucas Mcgregor","Birmingham Rockets|0,14,21,3,6",0,Ronald Blain,3,Eric Donaldson,6,16,4,2,6,1.0,2.67
Reading Rockets,"Malik Bryant, Ty Nsangu, Cooper Creek, Jax Bouknight, Victor Olarerin","Reading Rockets|10,12,14,4,8",10,Malik Bryant,14,Cooper Creek,6,16,4,2,5,1.2,3.2
Hemel Storm,"Darien Nelson-Henry, Kai Walker, Taylor Johnson, Matt Norman, Sam Newman","Hemel Storm|10,11,12,2,4",4,Sam Newman,12,Taylor Johnson,8,16,0,8,3,2.67,5.33
Nottingham Hoods,"Donell Nixon Ii, Byrce Johnson, Tyrone Williams, Elliot Bailey, Sam Akano","Nottingham Hoods|24,25,55,6,7",24,Donell Nixon Ii,6,Elliot Bailey,6,16,4,2,4,1.5,4.0
Reading Rockets,"Malik Bryant, Cooper Creek, Jax Bouknight, Eliaz (Zain) Poorman, Victor Olarerin","Reading Rockets|10,14,4,6,8",6,Eliaz (Zain) Poorman,8,Victor Olarerin,6,15,3,3,6,1.0,2.5
Yorkshire Dragons,"David Ulph, Jordan Whelan, J. Melke, Corey Johnson, Nick Lewis","Yorkshire Dragons|10,23,5,9,93",93,Nick Lewis,5,J. Melke,5,15,5,0,3,1.67,5.0
London Cavaliers,"Juan Manning, Mekhi Collins, Marquel Beasley, Daniel Braster, Aj Roberts","London Cavaliers|10,13,15,23,4",23,Daniel Braster,10,Juan Manning,5,15,5,0,4,1.25,3.75
Worthing Thunder,"Danny Evans, Matthew Bryan-Amaning, Justin Hopkins, Elijah Maynard, Elliott Dadds","Worthing Thunder|0,11,15,22,7",7,Elliott Dadds,15,Justin Hopkins,7,15,1,6,6,1.17,2.5
Hemel Storm,"Darien Nelson-Henry, Kai Walker, Taylor Johnson, Matt Norman, Sam Newman","Hemel Storm|10,11,12,2,4",12,Taylor Johnson,10,Darien Nelson-Henry,7,15,1,6,5,1.4,3.0
Birmingham Rockets,"Ronald Blain, Zack Powell, Luke Okosieme, Eric Donaldson, Lucas Mcgregor","Birmingham Rockets|0,14,21,3,6",3,Eric Donaldson,0,Ronald Blain,6,15,3,3,6,1.0,2.5
Derby Trailblazers,"Connor Washington, Jai Pathmarajah, Sean Mo Walker, Charlie Brown, Raheem May-Thompson","Derby Trailblazers|13,22,3,4,7",22,Jai Pathmarajah,7,Raheem May-Thompson,7,15,1,6,6,1.17,2.5
Derby Trailblazers,"Connor Washington, Jai Pathmarajah, Sean Mo Walker, Charlie Brown, Raheem May-Thompson","Derby Trailblazers|13,22,3,4,7",7,Raheem May-Thompson,22,Jai Pathmarajah,7,15,1,6,6,1.17,2.5
Derby Trailblazers,"Connor Washington, Jai Pathmarajah, Sean Mo Walker, Charlie Brown, Raheem May-Thompson","Derby Trailblazers|13,22,3,4,7",7,Raheem May-Thompson,13,Connor Washington,5,15,5,0,4,1.25,3.75
Newcastle Knights,"Bradley Dean, Sam Trunley, Jaron Thames, Hafeez Abdul, Messiah Jones","Newcastle Knights|1,10,11,3,5",1,Bradley Dean,10,Sam Trunley,5,15,5,0,3,1.67,5.0
Milton Keynes Breakers,"Dashawn Jackson, Jonas Dietrich, Xavier Wilson, Jordan Spencer, Chase Thompson","Milton Keynes Breakers|1,12,21,23,8",8,Chase Thompson,12,Jonas Dietrich,6,14,2,4,6,1.0,2.33
Yorkshire Dragons,"David Ulph, Jordan Whelan, J. Melke, Corey Johnson, Nick Lewis","Yorkshire Dragons|10,23,5,9,93",93,Nick Lewis,10,David Ulph,7,14,0,7,4,1.75,3.5
Essex Rebels,"Michael Amako, Kyron Martin, Miles Brown, Tom Child, Tyreese Hudson","Essex Rebels|1,10,2,22,9",2,Miles Brown,22,Tom Child,5,14,4,1,4,1.25,3.5
Essex Rebels,"Kyron Martin, Remy Udeh, Miles Brown, Tom Child, Harry Gent","Essex Rebels|10,14,2,22,36",2,Miles Brown,14,Remy Udeh,5,14,4,1,3,1.67,4.67
Milton Keynes Breakers,"Dashawn Jackson, Jonas Dietrich, Xavier Wilson, Jordan Spencer, Chase Thompson","Milton Keynes Breakers|10,12,21,23,8",12,Jonas Dietrich,10,Dashawn Jackson,6,14,2,4,6,1.0,2.33
Milton Keynes Breakers,"Dashawn Jackson, Jonas Dietrich, Xavier Wilson, Jordan Spencer, Chase Thompson","Milton Keynes Breakers|10,12,21,23,8",21,Xavier Wilson,23,Jordan Spencer,6,14,2,4,6,1.0,2.33
Derby Trailblazers,"Connor Washington, Jai Pathmarajah, Sean Mo Walker, Charlie Brown, Raheem May-Thompson","Derby Trailblazers|13,22,3,4,7",3,Sean Mo Walker,7,Raheem May-Thompson,6,14,2,4,5,1.2,2.8
Newcastle Knights,"Bradley Dean, Sam Trunley, Jaron Thames, Hafeez Abdul, Messiah Jones","Newcastle Knights|1,10,11,3,5",1,Bradley Dean,11,Jaron Thames,6,14,2,4,4,1.5,3.5
Nottingham Hoods,"Tyrone Williams, Byrce Johnson, Donell Nixon Ii, Elliot Bailey, Sam Akano","Nottingham Hoods|1,21,24,6,7",1,Tyrone Williams,24,Donell Nixon Ii,5,14,4,1,4,1.25,3.5
Derby Trailblazers,"Jai Pathmarajah, Sean Mo Walker, Charlie Brown, Raheem May-Thompson, Malcolm Smith","Derby Trailblazers|22,3,4,7,9",4,Charlie Brown,22,Jai Pathmarajah,5,14,4,1,4,1.25,3.5
Worthing Thunder,"Justin Hopkins, Elijah Maynard, Jonathan Lashley, Bode Adeluola, Elliott Dadds","Worthing Thunder|15,22,35,5,7",35,Jonathan Lashley,15,Justin Hopkins,6,14,2,4,4,1.5,3.5
Hemel Storm,"Kai Walker, Matt Norman, Veron Eze, Brayden Inger, Sam Newman","Hemel Storm|11,2,21,3,4",4,Sam Newman,11,Kai Walker,6,14,2,4,4,1.5,3.5
Hemel Storm,"Mergim Sokoli, Kai Walker, Matt Norman, Brayden Inger, Sam Newman","Hemel Storm|0,11,2,3,4",4,Sam Newman,3,Brayden Inger,5,14,4,1,4,1.25,3.5
Worthing Thunder,"Danny Evans, Matthew Bryan-Amaning, Justin Hopkins, Elijah Maynard, Elliott Dadds","Worthing Thunder|0,11,15,22,7",22,Elijah Maynard,15,Justin Hopkins,6,14,2,4,4,1.5,3.5
Hemel Storm,"Darien Nelson-Henry, Kai Walker, Matt Norman, Brayden Inger, Sam Newman","Hemel Storm|10,11,2,3,4",10,Darien Nelson-Henry,3,Brayden Inger,6,13,1,5,5,1.2,2.6
Milton Keynes Breakers,"Dashawn Jackson, Jonas Dietrich, Xavier Wilson, Jordan Spencer, Chase Thompson","Milton Keynes Breakers|10,12,21,23,8",10,Dashawn Jackson,12,Jonas Dietrich,5,13,3,2,5,1.0,2.6
Milton Keynes Breakers,"Dashawn Jackson, Jonas Dietrich, Xavier Wilson, Jordan Spencer, Chase Thompson","Milton Keynes Breakers|1,12,21,23,8",21,Xavier Wilson,12,Jonas Dietrich,5,13,3,2,5,1.0,2.6
London Cavaliers,"Juan Manning, Mekhi Collins, Marquel Beasley, Daniel Braster, Aj Roberts","London Cavaliers|10,13,15,23,4",4,Aj Roberts,15,Marquel Beasley,6,13,1,5,6,1.0,2.17
Essex Rebels,"Kyron Martin, Remy Udeh, Miles Brown, Tom Child, Tyreese Hudson","Essex Rebels|10,14,2,22,9",22,Tom Child,14,Remy Udeh,5,13,3,2,4,1.25,3.25
Loughborough Riders,"Johde Campbell, Michael Joiner, Jalen Cook, Tomide Akinsuku, Milo Gordon","Loughborough Riders|0,11,12,13,22",0,Johde Campbell,12,Jalen Cook,5,13,3,2,4,1.25,3.25
Loughborough Riders,"Johde Campbell, Michael Joiner, Jalen Cook, Tomide Akinsuku, Milo Gordon","Loughborough Riders|0,11,12,13,22",13,Tomide Akinsuku,0,Johde Campbell,5,13,3,2,4,1.25,3.25
Derby Trailblazers,"Connor Washington, Jai Pathmarajah, Robert Marsden, Charlie Brown, Raheem May-Thompson","Derby Trailblazers|13,22,30,4,7",4,Charlie Brown,7,Raheem May-Thompson,6,13,1,5,5,1.2,2.6
Milton Keynes Breakers,"Dashawn Jackson, Jonas Dietrich, Xavier Wilson, Jordan Spencer, Chase Thompson","Milton Keynes Breakers|10,12,21,23,8",12,Jonas Dietrich,23,Jordan Spencer,6,13,1,5,6,1.0,2.17
Bristol Hurricanes,"Daniel Edozie, Elvisi Dusha, Kobe Hill, Denzel Ubiaro, Vilmantas Dilys","Bristol Hurricanes|1,12,2,31,55",12,Elvisi Dusha,55,Vilmantas Dilys,6,13,1,5,4,1.5,3.25
Newcastle Knights,"Bradley Dean, Sam Trunley, Jaron Thames, Hafeez Abdul, Messiah Jones","Newcastle Knights|1,10,11,3,5",5,Messiah Jones,3,Hafeez Abdul,5,13,3,2,4,1.25,3.25
Nottingham Hoods,"Tyrone Williams, Byrce Johnson, Donell Nixon Ii, Elliot Bailey, Sam Akano","Nottingham Hoods|1,21,24,6,7",1,Tyrone Williams,6,Elliot Bailey,5,13,3,2,5,1.0,2.6
Newcastle Knights,"Bradley Dean, Jaron Thames, Will Neighbour, Mekhi Hendry, Messiah Jones","Newcastle Knights|1,11,15,2,5",1,Bradley Dean,5,Messiah Jones,6,13,1,5,5,1.2,2.6
Birmingham Rockets,"Ronald Blain, Zack Powell, Luke Okosieme, Eric Donaldson, Lucas Mcgregor","Birmingham Rockets|0,14,21,3,6",14,Zack Powell,0,Ronald Blain,6,12,0,6,5,1.2,2.4
Yorkshire Dragons,"David Ulph, Jordan Whelan, J. Melke, Corey Johnson, Nick Lewis","Yorkshire Dragons|10,23,5,9,93",10,David Ulph,5,J. Melke,4,12,4,0,4,1.0,3.0
Bristol Hurricanes,"Daniel Edozie, Elvisi Dusha, Denzel Ubiaro, Corey Samuels, Vilmantas Dilys","Bristol Hurricanes|1,12,31,4,55",4,Corey Samuels,12,Elvisi Dusha,4,12,4,0,4,1.0,3.0
Birmingham Rockets,"Ronald Blain, Zack Powell, Luke Okosieme, Eric Donaldson, Lucas Mcgregor","Birmingham Rockets|0,14,21,3,6",0,Ronald Blain,21,Luke Okosieme,6,12,0,6,5,1.2,2.4
Birmingham Rockets,"Ronald Blain, Zack Powell, Luke Okosieme, Eric Donaldson, Lucas Mcgregor","Birmingham Rockets|0,14,21,3,6",3,Eric Donaldson,21,Luke Okosieme,6,12,0,6,6,1.0,2.0
Bristol Flyers II,"Yusuf Hafid, Lanre Ayinla, Reggie Eigbe, Nikolas Sagkovits, Nassim Ladjimi","Bristol Flyers II|0,10,13,21,24",10,Lanre Ayinla,24,Nassim Ladjimi,4,12,4,0,4,1.0,3.0
Hemel Storm,"Darien Nelson-Henry, Kai Walker, Taylor Johnson, Matt Norman, Sam Newman","Hemel Storm|10,11,12,2,4",2,Matt Norman,10,Darien Nelson-Henry,6,12,0,6,4,1.5,3.0
Reading Rockets,"Ty Nsangu, Cooper Creek, Jax Bouknight, Eliaz (Zain) Poorman, Victor Olarerin","Reading Rockets|12,14,4,6,8",4,Jax Bouknight,12,Ty Nsangu,6,12,0,6,6,1.0,2.0
Essex Rebels,"Michael Amako, Kyron Martin, Miles Brown, Tom Child, Tyreese Hudson","Essex Rebels|1,10,2,22,9",22,Tom Child,2,Miles Brown,5,12,2,3,4,1.25,3.0
Birmingham Rockets,"Ronald Blain, Orlan Jackman, Zack Powell, Faaris Mughaal, Martyn Gayle","Birmingham Rockets|0,13,14,7,8",14,Zack Powell,7,Faaris Mughaal,4,12,4,0,3,1.33,4.0
Bristol Flyers II,"Yusuf Hafid, Lanre Ayinla, Reggie Eigbe, Nikolas Sagkovits, Nassim Ladjimi","Bristol Flyers II|0,10,13,21,24",0,Yusuf Hafid,21,Nikolas Sagkovits,6,12,0,6,5,1.2,2.4
Derby Trailblazers,"Connor Washington, Jai Pathmarajah, Sean Mo Walker, Charlie Brown, Raheem May-Thompson","Derby Trailblazers|13,22,3,4,7",22,Jai Pathmarajah,13,Connor Washington,4,12,4,0,3,1.33,4.0
Bristol Flyers II,"Yusuf Hafid, Lanre Ayinla, Roman Price, Reggie Eigbe, Nassim Ladjimi","Bristol Flyers II|0,10,11,13,24",0,Yusuf Hafid,24,Nassim Ladjimi,4,12,4,0,3,1.33,4.0
Worthing Thunder,"Matthew Bryan-Amaning, Justin Hopkins, Elijah Maynard, Bode Adeluola, Elliott Dadds","Worthing Thunder|11,15,22,5,7",5,Bode Adeluola,15,Justin Hopkins,6,12,0,6,5,1.2,2.4
Derby Trailblazers,"Connor Washington, Jai Pathmarajah, Sean Mo Walker, Charlie Brown, Raheem May-Thompson","Derby Trailblazers|13,22,3,4,7",3,Sean Mo Walker,4,Charlie Brown,5,12,2,3,5,1.0,2.4
London Cavaliers,"Juan Manning, Daniel Delsol-Lowry, Mekhi Collins, Marquel Beasley, Aj Roberts","London Cavaliers|10,12,13,15,4",12,Daniel Delsol-Lowry,10,Juan Manning,4,12,4,0,4,1.0,3.0
London Cavaliers,"Juan Manning, Daniel Delsol-Lowry, Mekhi Collins, Marquel Beasley, Aj Roberts","London Cavaliers|10,12,13,15,4",12,Daniel Delsol-Lowry,4,Aj Roberts,4,12,4,0,3,1.33,4.0
Nottingham Hoods,"Tyrone Williams, Byrce Johnson, Donell Nixon Ii, Elliot Bailey, Micah Savery-Richards","Nottingham Hoods|1,21,24,6,8",24,Donell Nixon Ii,8,Micah Savery-Richards,5,12,2,3,4,1.25,3.0
London Cavaliers,"Juan Manning, Daniel Delsol-Lowry, Mekhi Collins, Daniel Braster, Aj Roberts","London Cavaliers|10,12,13,23,4",4,Aj Roberts,10,Juan Manning,5,12,2,3,3,1.67,4.0
Milton Keynes Breakers,"Dashawn Jackson, Jonas Dietrich, Xavier Wilson, Jordan Spencer, Chase Thompson","Milton Keynes Breakers|1,12,21,23,8",1,Dashawn Jackson,8,Chase Thompson,4,11,3,1,4,1.0,2.75
Reading Rockets,"Malik Bryant, Cooper Creek, Jax Bouknight, Eliaz (Zain) Poorman, Victor Olarerin","Reading Rockets|10,14,4,6,8",8,Victor Olarerin,14,Cooper Creek,4,11,3,1,4,1.0,2.75
Newcastle Knights,"Bradley Dean, Sam Trunley, Jaron Thames, Will Neighbour, Messiah Jones","Newcastle Knights|1,10,11,15,5",10,Sam Trunley,1,Bradley Dean,4,11,3,1,4,1.0,2.75
Yorkshire Dragons,"David Ulph, Jordan Whelan, J. Melke, Corey Johnson, Nick Lewis","Yorkshire Dragons|10,23,5,9,93",9,Corey Johnson,23,Jordan Whelan,4,11,3,1,3,1.33,3.67
Essex Rebels,"Kyron Martin, Remy Udeh, Miles Brown, Tom Child, Tyreese Hudson","Essex Rebels|10,14,2,22,9",22,Tom Child,2,Miles Brown,4,11,3,1,4,1.0,2.75
London Cavaliers,"Juan Manning, Mekhi Collins, Marquel Beasley, Daniel Braster, Aj Roberts","London Cavaliers|10,13,15,23,4",13,Mekhi Collins,10,Juan Manning,4,11,3,1,3,1.33,3.67
Derby Trailblazers,"Connor Washington, Jai Pathmarajah, Sean Mo Walker, Charlie Brown, Raheem May-Thompson","Derby Trailblazers|13,22,3,4,7",3,Sean Mo Walker,22,Jai Pathmarajah,5,11,1,4,4,1.25,2.75
Birmingham Rockets,"Ronald Blain, Orlan Jackman, Eric Donaldson, Lucas Mcgregor, Faaris Mughaal","Birmingham Rockets|0,13,3,6,7",6,Lucas Mcgregor,7,Faaris Mughaal,4,11,3,1,4,1.0,2.75
Newcastle Knights,"Bradley Dean, Sam Trunley, Jaron Thames, Hafeez Abdul, Messiah Jones","Newcastle Knights|1,10,11,3,5",10,Sam Trunley,3,Hafeez Abdul,4,11,3,1,3,1.33,3.67
Newcastle Knights,"Bradley Dean, Sam Trunley, Jaron Thames, Hafeez Abdul, Messiah Jones","Newcastle Knights|1,10,11,3,5",10,Sam Trunley,1,Bradley Dean,4,11,3,1,3,1.33,3.67
Derby Trailblazers,"Jai Pathmarajah, Sean Mo Walker, Charlie Brown, Raheem May-Thompson, Malcolm Smith","Derby Trailblazers|22,3,4,7,9",4,Charlie Brown,3,Sean Mo Walker,5,11,1,4,4,1.25,2.75
Hemel Storm,"Mergim Sokoli, Kai Walker, Matt Norman, Brayden Inger, Sam Newman","Hemel Storm|0,11,2,3,4",4,Sam Newman,11,Kai Walker,5,11,1,4,5,1.0,2.2
Hemel Storm,"Mergim Sokoli, Kai Walker, Matt Norman, Brayden Inger, Sam Newman","Hemel Storm|0,11,2,3,4",4,Sam Newman,0,Mergim Sokoli,5,11,1,4,3,1.67,3.67
Yorkshire Dragons,"David Ulph, Jordan Whelan, Jack Mielke, Corey Johnson, Nick Lewis","Yorkshire Dragons|10,23,5,9,93",93,Nick Lewis,9,Corey Johnson,4,11,3,1,3,1.33,3.67
Reading Rockets,"Malik Bryant, Cooper Creek, Jax Bouknight, Yusef Salih, Eliaz (Zain) Poorman","Reading Rockets|10,14,4,5,6",4,Jax Bouknight,14,Cooper Creek,5,11,1,4,4,1.25,2.75
Hemel Storm,"Darien Nelson-Henry, Kai Walker, Matt Norman, Brayden Inger, Sam Newman","Hemel Storm|10,11,2,3,4",10,Darien Nelson-Henry,2,Matt Norman,4,11,3,1,3,1.33,3.67
Reading Rockets,"Malik Bryant, Ty Nsangu, Jax Bouknight, Eliaz (Zain) Poorman, Victor Olarerin","Reading Rockets|10,12,4,6,8",6,Eliaz (Zain) Poorman,10,Malik Bryant,5,11,1,4,2,2.5,5.5
Hemel Storm,"Darien Nelson-Henry, Kai Walker, Matt Norman, Brayden Inger, Sam Newman","Hemel Storm|10,11,2,3,4",11,Kai Walker,3,Brayden Inger,4,10,2,2,3,1.33,3.33
Worthing Thunder,"Matthew Bryan-Amaning, Justin Hopkins, Elijah Maynard, Adrian Scarborough, Elliott Dadds","Worthing Thunder|11,15,22,4,7",15,Justin Hopkins,11,Matthew Bryan-Amaning,5,10,0,5,4,1.25,2.5
Reading Rockets,"Ty Nsangu, Cooper Creek, Jax Bouknight, Eliaz (Zain) Poorman, Victor Olarerin","Reading Rockets|12,14,4,6,8",8,Victor Olarerin,12,Ty Nsangu,5,10,0,5,3,1.67,3.33
London Cavaliers,"Juan Manning, Mekhi Collins, Marquel Beasley, Daniel Braster, Aj Roberts","London Cavaliers|10,13,15,23,4",23,Daniel Braster,13,Mekhi Collins,5,10,0,5,4,1.25,2.5
Loughborough Riders,"Johde Campbell, Tomide Akinsuku, Jalen Cook, Callum Keys, Michael Joiner","Loughborough Riders|10,13,21,6,7",10,Johde Campbell,13,Tomide Akinsuku,5,10,0,5,4,1.25,2.5
Newcastle Knights,"Bradley Dean, Sam Trunley, Jaron Thames, Finn Cork, Max Matthews","Newcastle Knights|1,10,11,13,8",1,Bradley Dean,11,Jaron Thames,4,10,2,2,3,1.33,3.33
Birmingham Rockets,"Ronald Blain, Orlan Jackman, Zack Powell, Eric Donaldson, Lucas Mcgregor","Birmingham Rockets|0,13,14,3,6",3,Eric Donaldson,14,Zack Powell,4,10,2,2,2,2.0,5.0
Birmingham Rockets,"Ronald Blain, Orlan Jackman, Zack Powell, Eric Donaldson, Lucas Mcgregor","Birmingham Rockets|0,13,14,3,6",0,Ronald Blain,3,Eric Donaldson,4,10,2,2,4,1.0,2.5
Worthing Thunder,"Matthew Bryan-Amaning, Justin Hopkins, Elijah Maynard, Adrian Scarborough, Bode Adeluola","Worthing Thunder|11,15,22,4,5",22,Elijah Maynard,4,Adrian Scarborough,4,10,2,2,4,1.0,2.5
Bristol Hurricanes,"Daniel Edozie, Elvisi Dusha, Denzel Ubiaro, Corey Samuels, Vilmantas Dilys","Bristol Hurricanes|1,12,31,4,55",31,Denzel Ubiaro,4,Corey Samuels,4,10,2,2,3,1.33,3.33
Birmingham Rockets,"Ronald Blain, Orlan Jackman, Zack Powell, Eric Donaldson, Martyn Gayle","Birmingham Rockets|0,13,14,3,8",14,Zack Powell,0,Ronald Blain,5,10,0,5,5,1.0,2.0
Bristol Hurricanes,"Daniel Edozie, David Forsyth, Elvisi Dusha, Denzel Ubiaro, Corey Samuels","Bristol Hurricanes|1,11,12,31,4",12,Elvisi Dusha,1,Daniel Edozie,5,10,0,5,2,2.5,5.0
Bristol Hurricanes,"Daniel Edozie, Elvisi Dusha, Denzel Ubiaro, Corey Samuels, Vilmantas Dilys","Bristol Hurricanes|1,12,31,4,55",12,Elvisi Dusha,31,Denzel Ubiaro,4,10,2,2,4,1.0,2.5
Essex Rebels,"Kyron Martin, Remy Udeh, Miles Brown, Tom Child, Harry Gent","Essex Rebels|10,14,2,22,36",22,Tom Child,2,Miles Brown,4,10,2,2,3,1.33,3.33
Yorkshire Dragons,"David Ulph, Jordan Whelan, Logan Rooney, J. Melke, Nick Lewis","Yorkshire Dragons|10,23,3,5,93",93,Nick Lewis,3,Logan Rooney,4,10,2,2,2,2.0,5.0
Newcastle Knights,"Bradley Dean, Sam Trunley, Jaron Thames, Hafeez Abdul, Messiah Jones","Newcastle Knights|1,10,11,3,5",5,Messiah Jones,1,Bradley Dean,4,10,2,2,3,1.33,3.33
Milton Keynes Breakers,"Dashawn Jackson, Jonas Dietrich, Xavier Wilson, Jordan Spencer, Chase Thompson","Milton Keynes Breakers|10,12,21,23,8",12,Jonas Dietrich,21,Xavier Wilson,4,10,2,2,4,1.0,2.5
Bristol Hurricanes,"Daniel Edozie, Elvisi Dusha, Jules Dang-Akodo, Denzel Ubiaro, Corey Samuels","Bristol Hurricanes|1,12,23,31,4",23,Jules Dang-Akodo,1,Daniel Edozie,5,10,0,5,5,1.0,2.0
Yorkshire Dragons,"David Ulph, Jordan Whelan, Jack Melke, Corey Johnson, Nick Lewis","Yorkshire Dragons|10,23,5,9,93",93,Nick Lewis,10,David Ulph,5,10,0,5,2,2.5,5.0
Hemel Storm,"Kai Walker, Matt Norman, Veron Eze, Brayden Inger, Sam Newman","Hemel Storm|11,2,21,3,4",4,Sam Newman,3,Brayden Inger,5,10,0,5,5,1.0,2.0
Derby Trailblazers,"Connor Washington, Jai Pathmarajah, Robert Marsden, Charlie Brown, Malcolm Smith","Derby Trailblazers|13,22,30,4,9",4,Charlie Brown,9,Malcolm Smith,5,10,0,5,3,1.67,3.33
Yorkshire Dragons,"David Ulph, Jordan Whelan, Jordan Jefferson, Jack Mielke, Corey Johnson","Yorkshire Dragons|10,23,4,5,9",9,Corey Johnson,10,David Ulph,5,10,0,5,3,1.67,3.33
Bristol Hurricanes,"Daniel Edozie, Elvisi Dusha, Jules Dang-Akodo, Denzel Ubiaro, Corey Samuels","Bristol Hurricanes|1,12,23,31,4",12,Elvisi Dusha,1,Daniel Edozie,5,10,0,5,4,1.25,2.5
Yorkshire Dragons,"David Ulph, Jordan Whelan, Jordan Jefferson, Jack Mielke, Corey Johnson","Yorkshire Dragons|10,23,4,5,9",23,Jordan Whelan,10,David Ulph,5,10,0,5,3,1.67,3.33
Nottingham Hoods,"Tyrone Williams, Byrce Johnson, Donell Nixon Ii, Elliot Bailey, Micah Savery-Richards","Nottingham Hoods|1,21,24,6,8",21,Byrce Johnson,1,Tyrone Williams,4,10,2,2,3,1.33,3.33
Milton Keynes Breakers,"Dashawn Jackson, Jonas Dietrich, Xavier Wilson, Jordan Spencer, Chase Thompson","Milton Keynes Breakers|10,12,21,23,8",10,Dashawn Jackson,23,Jordan Spencer,3,9,3,0,3,1.0,3.0
Newcastle Knights,"Bradley Dean, Sam Trunley, Jaron Thames, Will Neighbour, Messiah Jones","Newcastle Knights|1,10,11,15,5",1,Bradley Dean,11,Jaron Thames,4,9,1,3,3,1.33,3.0
Essex Rebels,"Kyron Martin, Miles Brown, Anthony Idiata-Mendez, Tom Child, Tyreese Hudson","Essex Rebels|10,2,20,22,9",2,Miles Brown,10,Kyron Martin,3,9,3,0,2,1.5,4.5
Hemel Storm,"Darien Nelson-Henry, Kai Walker, Matt Norman, Brayden Inger, Sam Newman","Hemel Storm|10,11,2,3,4",2,Matt Norman,10,Darien Nelson-Henry,4,9,1,3,4,1.0,2.25
Nottingham Hoods,"Mergin Sokoli, Micah Savery-Richards, Latrell Maitland, Donell Nixon Ii, Sam Akano","Nottingham Hoods|0,14,23,24,7",7,Sam Akano,23,Latrell Maitland,3,9,3,0,1,3.0,9.0
Newcastle Knights,"Sam Trunley, Jaron Thames, Mekhi Hendry, Messiah Jones, Scott Angus","Newcastle Knights|10,11,3,5,7",10,Sam Trunley,3,Mekhi Hendry,3,9,3,0,1,3.0,9.0
Essex Rebels,"Kyron Martin, Remy Udeh, Miles Brown, Tom Child, Tyreese Hudson","Essex Rebels|10,14,2,22,9",2,Miles Brown,10,Kyron Martin,3,9,3,0,3,1.0,3.0
Reading Rockets,"Malik Bryant, Ty Nsangu, Jax Bouknight, Eliaz (Zain) Poorman, Victor Olarerin","Reading Rockets|10,12,4,6,8",10,Malik Bryant,8,Victor Olarerin,4,9,1,3,4,1.0,2.25
Yorkshire Dragons,"R. Ani, David Ulph, Logan Rooney, J. Melke, Nick Lewis","Yorkshire Dragons|1,10,3,5,93",93,Nick Lewis,5,J. Melke,3,9,3,0,2,1.5,4.5
Reading Rockets,"Malik Bryant, Ty Nsangu, Cooper Creek, Jax Bouknight, Victor Olarerin","Reading Rockets|10,12,14,4,8",10,Malik Bryant,8,Victor Olarerin,3,9,3,0,3,1.0,3.0
Reading Rockets,"Malik Bryant, Cooper Creek, Jax Bouknight, Eliaz (Zain) Poorman, Victor Olarerin","Reading Rockets|10,14,4,6,8",14,Cooper Creek,8,Victor Olarerin,4,9,1,3,3,1.33,3.0
Yorkshire Dragons,"David Ulph, Jordan Whelan, J. Melke, Corey Johnson, Nick Lewis","Yorkshire Dragons|10,23,5,9,93",9,Corey Johnson,5,J. Melke,3,9,3,0,1,3.0,9.0
Hemel Storm,"Darien Nelson-Henry, Kai Walker, Matt Norman, Veron Eze, Sam Newman","Hemel Storm|10,11,2,21,4",4,Sam Newman,2,Matt Norman,3,9,3,0,3,1.0,3.0
Birmingham Rockets,"Orlan Jackman, Eric Donaldson, Lucas Mcgregor, Faaris Mughaal, Martyn Gayle","Birmingham Rockets|13,3,6,7,8",3,Eric Donaldson,7,Faaris Mughaal,3,9,3,0,3,1.0,3.0
Nottingham Hoods,"Tyrone Williams, Byrce Johnson, Thierry Walker, Elliot Bailey, Sam Akano","Nottingham Hoods|0,25,4,6,7",7,Sam Akano,4,Thierry Walker,3,9,3,0,2,1.5,4.5
Newcastle Knights,"Sam Trunley, Jaron Thames, Hafeez Abdul, Messiah Jones, Max Matthews","Newcastle Knights|10,11,3,5,8",11,Jaron Thames,10,Sam Trunley,3,9,3,0,2,1.5,4.5
Newcastle Knights,"Sam Trunley, Jaron Thames, Hafeez Abdul, Messiah Jones, Max Matthews","Newcastle Knights|10,11,3,5,8",10,Sam Trunley,3,Hafeez Abdul,3,9,3,0,1,3.0,9.0
Essex Rebels,"Kyron Martin, Miles Brown, Anthony Idiata-Mendez, Tom Child, Harry Gent","Essex Rebels|10,2,20,22,36",2,Miles Brown,22,Tom Child,3,9,3,0,2,1.5,4.5
Bristol Flyers II,"Yusuf Hafid, Lanre Ayinla, Roman Price, Reggie Eigbe, Nassim Ladjimi","Bristol Flyers II|0,10,11,13,24",13,Reggie Eigbe,24,Nassim Ladjimi,3,9,3,0,2,1.5,4.5
Yorkshire Dragons,"R. Ani, David Ulph, Jordan Whelan, J. Melke, Nick Lewis","Yorkshire Dragons|1,10,23,5,93",1,R. Ani,5,J. Melke,3,9,3,0,1,3.0,9.0
Bristol Hurricanes,"Daniel Edozie, Elvisi Dusha, Kobe Hill, Denzel Ubiaro, Vilmantas Dilys","Bristol Hurricanes|1,12,2,31,55",12,Elvisi Dusha,2,Kobe Hill,3,9,3,0,2,1.5,4.5
Milton Keynes Breakers,"Ben Baker-Mccann, Luke Gregory, Mike New Jr., Jordan Spencer, Blayne Freckleton","Milton Keynes Breakers|11,13,15,23,7",23,Jordan Spencer,7,Blayne Freckleton,3,9,3,0,3,1.0,3.0
Milton Keynes Breakers,"Ben Baker-Mccann, Mike New Jr., Xavier Wilson, Jordan Spencer, Blayne Freckleton","Milton Keynes Breakers|11,15,21,23,7",23,Jordan Spencer,11,Ben Baker-Mccann,4,9,1,3,4,1.0,2.25
Milton Keynes Breakers,"Dashawn Jackson, Jonas Dietrich, Xavier Wilson, Jordan Spencer, Chase Thompson","Milton Keynes Breakers|1,12,21,23,8",12,Jonas Dietrich,8,Chase Thompson,3,9,3,0,3,1.0,3.0
Reading Rockets,"Malik Bryant, Ty Nsangu, Jax Bouknight, Eliaz (Zain) Poorman, Victor Olarerin","Reading Rockets|10,12,4,6,8",10,Malik Bryant,4,Jax Bouknight,3,9,3,0,3,1.0,3.0
Newcastle Knights,"Bradley Dean, Sam Trunley, Jaron Thames, Hafeez Abdul, Messiah Jones","Newcastle Knights|1,10,11,3,5",11,Jaron Thames,10,Sam Trunley,3,9,3,0,3,1.0,3.0
Milton Keynes Breakers,"Jonas Dietrich, Mike New Jr., Xavier Wilson, Jordan Spencer, Blayne Freckleton","Milton Keynes Breakers|12,15,21,23,7",23,Jordan Spencer,7,Blayne Freckleton,3,9,3,0,2,1.5,4.5
Reading Rockets,"Ty Nsangu, Cooper Creek, Jax Bouknight, Eliaz (Zain) Poorman, Victor Olarerin","Reading Rockets|12,14,4,6,8",6,Eliaz (Zain) Poorman,8,Victor Olarerin,4,9,1,3,4,1.0,2.25
Essex Rebels,"Michael Amako, Daniel Johnson-Thompson, Miles Brown, Anthony Idiata-Mendez, Tom Child","Essex Rebels|1,13,2,20,22",2,Miles Brown,22,Tom Child,3,9,3,0,1,3.0,9.0
Nottingham Hoods,"Tyrone Williams, Micah Savery-Richards, Byrce Johnson, Donell Nixon Ii, Sam Akano","Nottingham Hoods|1,14,21,24,7",24,Donell Nixon Ii,1,Tyrone Williams,4,9,1,3,3,1.33,3.0
Yorkshire Dragons,"David Ulph, Jordan Whelan, Jack Melke, Corey Johnson, Nick Lewis","Yorkshire Dragons|10,23,5,9,93",9,Corey Johnson,5,Jack Melke,3,9,3,0,2,1.5,4.5
Hemel Storm,"Mergim Sokoli, Kai Walker, Matt Norman, Brayden Inger, Sam Newman","Hemel Storm|0,11,2,3,4",4,Sam Newman,2,Matt Norman,3,9,3,0,3,1.0,3.0
Hemel Storm,"Kai Walker, Matt Norman, Brayden Inger, Sam Newman, Jack Burnell","Hemel Storm|11,2,3,4,7",2,Matt Norman,7,Jack Burnell,3,9,3,0,1,3.0,9.0
London Cavaliers,"Juan Manning, Daniel Delsol-Lowry, Mekhi Collins, Daniel Braster, Aj Roberts","London Cavaliers|10,12,13,23,4",12,Daniel Delsol-Lowry,10,Juan Manning,3,9,3,0,3,1.0,3.0
Bristol Flyers II,"Yusuf Hafid, Reggie Eigbe, Nikolas Sagkovits, Nassim Ladjimi, Ebuka Ekwegh","Bristol Flyers II|0,13,21,24,8",0,Yusuf Hafid,24,Nassim Ladjimi,3,9,3,0,3,1.0,3.0
Newcastle Knights,"Bradley Dean, Sam Trunley, Jaron Thames, Will Neighbour, Messiah Jones","Newcastle Knights|1,10,11,15,5",10,Sam Trunley,15,Will Neighbour,3,9,3,0,2,1.5,4.5
Hemel Storm,"Kai Walker, Matt Norman, Veron Eze, Brayden Inger, Sam Newman","Hemel Storm|11,2,21,3,4",4,Sam Newman,21,Veron Eze,4,9,1,3,2,2.0,4.5
Yorkshire Dragons,"David Ulph, Jordan Whelan, Jordan Jefferson, Corey Johnson, Nick Lewis","Yorkshire Dragons|10,23,4,9,93",4,Jordan Jefferson,93,Nick Lewis,3,9,3,0,3,1.0,3.0
London Cavaliers,"Juan Manning, Joe Richards, Daniel Delsol-Lowry, Marquel Beasley, Aj Roberts","London Cavaliers|10,11,12,15,4",12,Daniel Delsol-Lowry,10,Juan Manning,3,9,3,0,2,1.5,4.5
Yorkshire Dragons,"D. Ulph, J. Whelan, J. Melke, C. Jonhson, N. Lewis","Yorkshire Dragons|10,23,5,9,93",93,N. Lewis,10,D. Ulph,4,8,0,4,1,4.0,8.0
Hemel Storm,"Darien Nelson-Henry, Kai Walker, Matt Norman, Sam Newman, Jack Burnell","Hemel Storm|10,11,2,4,7",4,Sam Newman,7,Jack Burnell,3,8,2,1,3,1.0,2.67
Hemel Storm,"Darien Nelson-Henry, Kai Walker, Matt Norman, Veron Eze, Sam Newman","Hemel Storm|10,11,2,21,4",4,Sam Newman,10,Darien Nelson-Henry,4,8,0,4,3,1.33,2.67
Newcastle Knights,"Bradley Dean, Sam Trunley, Jaron Thames, Will Neighbour, Max Matthews","Newcastle Knights|1,10,11,15,8",10,Sam Trunley,8,Max Matthews,3,8,2,1,3,1.0,2.67
Derby Trailblazers,"Connor Washington, Robert Marsden, Harlond Beverley Jr, Evan Oliver, Raheem May-Thompson","Derby Trailblazers|13,30,5,6,7",13,Connor Washington,7,Raheem May-Thompson,3,8,2,1,2,1.5,4.0
London Cavaliers,"Juan Manning, Mekhi Collins, Marquel Beasley, Daniel Braster, Aj Roberts","London Cavaliers|10,13,15,23,4",15,Marquel Beasley,13,Mekhi Collins,4,8,0,4,4,1.0,2.0
Loughborough Riders,"Johde Campbell, Michael Joiner, Jalen Cook, Tomide Akinsuku, Callum Keys","Loughborough Riders|0,11,31,36,8",0,Johde Campbell,31,Jalen Cook,3,8,2,1,3,1.0,2.67
Hemel Storm,"Darien Nelson-Henry, Kai Walker, Matt Norman, Brayden Inger, Sam Newman","Hemel Storm|10,11,2,3,4",3,Brayden Inger,4,Sam Newman,3,8,2,1,3,1.0,2.67
London Cavaliers,"Juan Manning, Mekhi Collins, Marquel Beasley, Daniel Braster, Aj Roberts","London Cavaliers|10,13,15,23,4",13,Mekhi Collins,15,Marquel Beasley,3,8,2,1,3,1.0,2.67
Hemel Storm,"Darien Nelson-Henry, Kai Walker, Taylor Johnson, Matt Norman, Sam Newman","Hemel Storm|10,11,12,2,4",10,Darien Nelson-Henry,2,Matt Norman,3,8,2,1,3,1.0,2.67
Newcastle Knights,"Bradley Dean, Jaron Thames, Sam Trunley, Messiah Jones, Theo Riley","Newcastle Knights|1,11,14,5,9",1,Bradley Dean,11,Jaron Thames,4,8,0,4,4,1.0,2.0
Bristol Hurricanes,"Elvisi Dusha, James Claar, Denzel Ubiaro, Corey Samuels, Vilmantas Dilys","Bristol Hurricanes|12,24,31,4,55",12,Elvisi Dusha,55,Vilmantas Dilys,3,8,2,1,1,3.0,8.0
Hemel Storm,"Darien Nelson-Henry, Kai Walker, Taylor Johnson, Matt Norman, Sam Newman","Hemel Storm|10,11,12,2,4",4,Sam Newman,11,Kai Walker,4,8,0,4,3,1.33,2.67
Hemel Storm,"Darien Nelson-Henry, Kai Walker, Taylor Johnson, Matt Norman, Sam Newman","Hemel Storm|10,11,12,2,4",4,Sam Newman,10,Darien Nelson-Henry,4,8,0,4,3,1.33,2.67
Yorkshire Dragons,"David Ulph, Jordan Whelan, Logan Rooney, Corey Johnson, Nick Lewis","Yorkshire Dragons|10,23,3,9,93",93,Nick Lewis,10,David Ulph,4,8,0,4,3,1.33,2.67
Newcastle Knights,"Bradley Dean, Sam Trunley, Jaron Thames, Mekhi Hendry, Messiah Jones","Newcastle Knights|1,10,11,2,5",10,Sam Trunley,1,Bradley Dean,3,8,2,1,2,1.5,4.0
Essex Rebels,"Michael Amako, Kyron Martin, Miles Brown, Tom Child, Tyreese Hudson","Essex Rebels|1,10,2,22,9",10,Kyron Martin,2,Miles Brown,3,8,2,1,3,1.0,2.67
Bristol Hurricanes,"Daniel Edozie, Elvisi Dusha, Denzel Ubiaro, Corey Samuels, Vilmantas Dilys","Bristol Hurricanes|1,12,31,4,55",4,Corey Samuels,55,Vilmantas Dilys,3,8,2,1,3,1.0,2.67
Nottingham Hoods,"Tyrone Williams, Byrce Johnson, Thierry Walker, Elliot Bailey, Sam Akano","Nottingham Hoods|0,25,4,6,7",7,Sam Akano,0,Tyrone Williams,3,8,2,1,3,1.0,2.67
Essex Rebels,"Remy Udeh, Miles Brown, Anthony Idiata-Mendez, Tom Child, Harry Gent","Essex Rebels|14,2,20,22,36",2,Miles Brown,22,Tom Child,3,8,2,1,3,1.0,2.67
Reading Rockets,"Ty Nsangu, Cooper Creek, Jax Bouknight, Eliaz (Zain) Poorman, Victor Olarerin","Reading Rockets|12,14,4,6,8",12,Ty Nsangu,6,Eliaz (Zain) Poorman,4,8,0,4,4,1.0,2.0
Reading Rockets,"Malik Bryant, Ty Nsangu, Cooper Creek, Jax Bouknight, Victor Olarerin","Reading Rockets|10,12,14,4,8",4,Jax Bouknight,12,Ty Nsangu,4,8,0,4,3,1.33,2.67
Reading Rockets,"Ty Nsangu, Cooper Creek, Jax Bouknight, Eliaz (Zain) Poorman, Victor Olarerin","Reading Rockets|12,14,4,6,8",14,Cooper Creek,8,Victor Olarerin,3,8,2,1,3,1.0,2.67
Birmingham Rockets,"Ronald Blain, Luke Okosieme, Eric Donaldson, Lucas Mcgregor, Faaris Mughaal","Birmingham Rockets|0,21,3,6,7",3,Eric Donaldson,7,Faaris Mughaal,3,8,2,1,2,1.5,4.0
Birmingham Rockets,"Ronald Blain, Orlan Jackman, Zack Powell, Eric Donaldson, Martyn Gayle","Birmingham Rockets|0,13,14,3,8",13,Orlan Jackman,14,Zack Powell,3,8,2,1,3,1.0,2.67
Birmingham Rockets,"Ronald Blain, Zack Powell, Luke Okosieme, Eric Donaldson, Lucas Mcgregor","Birmingham Rockets|0,14,21,3,6",3,Eric Donaldson,6,Lucas Mcgregor,3,8,2,1,3,1.0,2.67
Bristol Hurricanes,"Daniel Edozie, Elvisi Dusha, Denzel Ubiaro, Corey Samuels, Vilmantas Dilys","Bristol Hurricanes|1,12,31,4,55",12,Elvisi Dusha,1,Daniel Edozie,4,8,0,4,3,1.33,2.67
Essex Rebels,"Kyron Martin, Daniel Johnson-Thompson, Remy Udeh, Miles Brown, Tom Child","Essex Rebels|10,13,14,2,22",22,Tom Child,13,Daniel Johnson-Thompson,4,8,0,4,3,1.33,2.67
Newcastle Knights,"Bradley Dean, Sam Trunley, Jaron Thames, Hafeez Abdul, Messiah Jones","Newcastle Knights|1,10,11,3,5",11,Jaron Thames,1,Bradley Dean,3,8,2,1,3,1.0,2.67
Reading Rockets,"Ty Nsangu, Cooper Creek, Jax Bouknight, Eliaz (Zain) Poorman, Victor Olarerin","Reading Rockets|12,14,4,6,8",4,Jax Bouknight,6,Eliaz (Zain) Poorman,4,8,0,4,4,1.0,2.0
Reading Rockets,"Ty Nsangu, Cooper Creek, Jax Bouknight, Eliaz (Zain) Poorman, Victor Olarerin","Reading Rockets|12,14,4,6,8",12,Ty Nsangu,4,Jax Bouknight,3,8,2,1,3,1.0,2.67
Reading Rockets,"Ty Nsangu, Cooper Creek, Jax Bouknight, Eliaz (Zain) Poorman, Victor Olarerin","Reading Rockets|12,14,4,6,8",8,Victor Olarerin,4,Jax Bouknight,3,8,2,1,3,1.0,2.67
Reading Rockets,"Malik Bryant, Ty Nsangu, Cooper Creek, Jax Bouknight, Victor Olarerin","Reading Rockets|10,12,14,4,8",8,Victor Olarerin,4,Jax Bouknight,3,8,2,1,2,1.5,4.0
Derby Trailblazers,"Connor Washington, Jai Pathmarajah, Robert Marsden, Raheem May-Thompson, Malcolm Smith","Derby Trailblazers|13,22,30,7,9",22,Jai Pathmarajah,13,Connor Washington,3,8,2,1,2,1.5,4.0
Derby Trailblazers,"Connor Washington, Jai Pathmarajah, Robert Marsden, Charlie Brown, Malcolm Smith","Derby Trailblazers|13,22,30,4,9",22,Jai Pathmarajah,9,Malcolm Smith,4,8,0,4,3,1.33,2.67
Derby Trailblazers,"Connor Washington, Jai Pathmarajah, Sean Mo Walker, Charlie Brown, Malcolm Smith","Derby Trailblazers|13,22,3,4,9",4,Charlie Brown,9,Malcolm Smith,4,8,0,4,4,1.0,2.0
Essex Rebels,"Kyron Martin, Remy Udeh, Miles Brown, Tom Child, Tyreese Hudson","Essex Rebels|10,14,2,22,9",10,Kyron Martin,14,Remy Udeh,3,8,2,1,2,1.5,4.0
Loughborough Riders,"Johde Campbell, Michael Joiner, Milo Wallace, Jalen Cook, Tomide Akinsuku","Loughborough Riders|0,11,22,31,36",0,Johde Campbell,22,Milo Wallace,3,8,2,1,2,1.5,4.0
Reading Rockets,"Malik Bryant, Cooper Creek, Yusef Salih, Victor Olarerin, Simon Chamberlain","Reading Rockets|10,14,5,8,9",10,Malik Bryant,5,Yusef Salih,3,8,2,1,2,1.5,4.0
Milton Keynes Breakers,"Dashawn Jackson, Ben Baker-Mccann, Jonas Dietrich, Xavier Wilson, Chase Thompson","Milton Keynes Breakers|1,11,12,21,8",21,Xavier Wilson,8,Chase Thompson,3,8,2,1,1,3.0,8.0
Milton Keynes Breakers,"Dashawn Jackson, Ben Baker-Mccann, Jonas Dietrich, Xavier Wilson, Chase Thompson","Milton Keynes Breakers|1,11,12,21,8",21,Xavier Wilson,1,Dashawn Jackson,3,8,2,1,1,3.0,8.0
Milton Keynes Breakers,"Ben Baker-Mccann, Luke Gregory, Mike New Jr., Jordan Spencer, Blayne Freckleton","Milton Keynes Breakers|11,13,15,23,7",23,Jordan Spencer,15,Mike New Jr.,3,8,2,1,2,1.5,4.0
Nottingham Hoods,"Tyrone Williams, Byrce Johnson, Donell Nixon Ii, Elliot Bailey, Micah Savery-Richards","Nottingham Hoods|1,21,24,6,8",24,Donell Nixon Ii,1,Tyrone Williams,4,8,0,4,3,1.33,2.67
Milton Keynes Breakers,"Dashawn Jackson, Jonas Dietrich, Xavier Wilson, Jordan Spencer, Chase Thompson","Milton Keynes Breakers|1,12,21,23,8",8,Chase Thompson,21,Xavier Wilson,4,8,0,4,3,1.33,2.67
Milton Keynes Breakers,"Ben Baker-Mccann, Mike New Jr., Xavier Wilson, Jordan Spencer, Blayne Freckleton","Milton Keynes Breakers|11,15,21,23,7",23,Jordan Spencer,15,Mike New Jr.,3,8,2,1,3,1.0,2.67
Yorkshire Dragons,"David Ulph, Logan Rooney, Jack Mielke, Corey Johnson, Nick Lewis","Yorkshire Dragons|10,3,5,9,93",93,Nick Lewis,9,Corey Johnson,3,8,2,1,2,1.5,4.0
Yorkshire Dragons,"David Ulph, Jordan Whelan, Jack Mielke, Corey Johnson, Nick Lewis","Yorkshire Dragons|10,23,5,9,93",93,Nick Lewis,10,David Ulph,4,8,0,4,2,2.0,4.0
Derby Trailblazers,"Connor Washington, Jai Pathmarajah, Robert Marsden, Charlie Brown, Malcolm Smith","Derby Trailblazers|13,22,30,4,9",13,Connor Washington,30,Robert Marsden,4,8,0,4,4,1.0,2.0
Newcastle Knights,"Bradley Dean, Sam Trunley, Jaron Thames, Will Neighbour, Messiah Jones","Newcastle Knights|1,10,11,15,5",11,Jaron Thames,1,Bradley Dean,3,8,2,1,3,1.0,2.67
Newcastle Knights,"Bradley Dean, Sam Trunley, Jaron Thames, Will Neighbour, Messiah Jones","Newcastle Knights|1,10,11,15,5",1,Bradley Dean,10,Sam Trunley,3,8,2,1,3,1.0,2.67
Milton Keynes Breakers,"Dashawn Jackson, Jonas Dietrich, Mike New Jr., Xavier Wilson, Jordan Spencer","Milton Keynes Breakers|1,12,15,21,23",15,Mike New Jr.,21,Xavier Wilson,4,8,0,4,3,1.33,2.67
Essex Rebels,"Daniel Johnson-Thompson, Remy Udeh, Miles Brown, Tom Child, Ben Winter","Essex Rebels|13,14,2,22,5",2,Miles Brown,13,Daniel Johnson-Thompson,4,8,0,4,2,2.0,4.0
Birmingham Rockets,"Ronald Blain, Zack Powell, Luke Okosieme, Eric Donaldson, Lucas Mcgregor","Birmingham Rockets|0,14,21,3,6",21,Luke Okosieme,14,Zack Powell,4,8,0,4,3,1.33,2.67
Worthing Thunder,"Danny Evans, Justin Hopkins, Jonathan Lashley, Adrian Scarborough, Bode Adeluola","Worthing Thunder|0,15,35,4,5",0,Danny Evans,15,Justin Hopkins,3,8,2,1,1,3.0,8.0
Nottingham Hoods,"Tyrone Williams, Byrce Johnson, Donell Nixon Ii, Elliot Bailey, Micah Savery-Richards","Nottingham Hoods|1,21,24,6,8",1,Tyrone Williams,24,Donell Nixon Ii,3,8,2,1,2,1.5,4.0
Nottingham Hoods,"Tyrone Williams, Byrce Johnson, Donell Nixon Ii, Elliot Bailey, Micah Savery-Richards","Nottingham Hoods|1,21,24,6,8",24,Donell Nixon Ii,21,Byrce Johnson,3,8,2,1,3,1.0,2.67
Yorkshire Dragons,"David Ulph, Jordan Jefferson, Jack Mielke, Corey Johnson, Nick Lewis","Yorkshire Dragons|10,4,5,9,93",93,Nick Lewis,5,Jack Mielke,3,8,2,1,3,1.0,2.67
Worthing Thunder,"Danny Evans, Matthew Bryan-Amaning, Justin Hopkins, Elijah Maynard, Elliott Dadds","Worthing Thunder|0,11,15,22,7",7,Elliott Dadds,22,Elijah Maynard,3,8,2,1,3,1.0,2.67
Derby Trailblazers,"Connor Washington, Jai Pathmarajah, Robert Marsden, Charlie Brown, Malcolm Smith","Derby Trailblazers|13,22,30,4,9",30,Robert Marsden,13,Connor Washington,3,8,2,1,2,1.5,4.0
Hemel Storm,"Mergim Sokoli, Kai Walker, Brayden Inger, Sam Newman, Jack Burnell","Hemel Storm|0,11,3,4,7",4,Sam Newman,3,Brayden Inger,3,8,2,1,2,1.5,4.0
Worthing Thunder,"Justin Hopkins, Elijah Maynard, Jonathan Lashley, Bode Adeluola, Elliott Dadds","Worthing Thunder|15,22,35,5,7",7,Elliott Dadds,15,Justin Hopkins,3,8,2,1,1,3.0,8.0
Bristol Hurricanes,"Daniel Edozie, Elvisi Dusha, Jules Dang-Akodo, Denzel Ubiaro, Corey Samuels","Bristol Hurricanes|1,12,23,31,4",23,Jules Dang-Akodo,31,Denzel Ubiaro,4,8,0,4,3,1.33,2.67
Worthing Thunder,"Danny Evans, Matthew Bryan-Amaning, Justin Hopkins, Elijah Maynard, Elliott Dadds","Worthing Thunder|0,11,15,22,7",11,Matthew Bryan-Amaning,0,Danny Evans,3,8,2,1,2,1.5,4.0
Bristol Hurricanes,"Daniel Edozie, Elvisi Dusha, Jules Dang-Akodo, Denzel Ubiaro, Corey Samuels","Bristol Hurricanes|1,12,23,31,4",12,Elvisi Dusha,31,Denzel Ubiaro,4,8,0,4,2,2.0,4.0
Bristol Flyers II,"Yusuf Hafid, Lanre Ayinla, Roman Price, Reggie Eigbe, Nassim Ladjimi","Bristol Flyers II|0,10,11,13,24",0,Yusuf Hafid,10,Lanre Ayinla,3,7,1,2,3,1.0,2.33
Worthing Thunder,"Matthew Bryan-Amaning, Justin Hopkins, Elijah Maynard, Adrian Scarborough, Elliott Dadds","Worthing Thunder|11,15,22,4,7",7,Elliott Dadds,22,Elijah Maynard,3,7,1,2,3,1.0,2.33
Worthing Thunder,"Justin Hopkins, Elijah Maynard, Adrian Scarborough, Bode Adeluola, Elliott Dadds","Worthing Thunder|15,22,4,5,7",5,Bode Adeluola,4,Adrian Scarborough,3,7,1,2,3,1.0,2.33
Nottingham Hoods,"Mergin Sokoli, Tyrone Williams, Latrell Maitland, Donell Nixon Ii, Elliot Bailey","Nottingham Hoods|0,1,23,24,6",24,Donell Nixon Ii,1,Tyrone Williams,3,7,1,2,2,1.5,3.5
Newcastle Knights,"Bradley Dean, Sam Trunley, Jaron Thames, Will Neighbour, Max Matthews","Newcastle Knights|1,10,11,15,8",11,Jaron Thames,15,Will Neighbour,3,7,1,2,3,1.0,2.33
Newcastle Knights,"Bradley Dean, Sam Trunley, Jaron Thames, Messiah Jones, Max Matthews","Newcastle Knights|1,10,11,5,8",1,Bradley Dean,5,Messiah Jones,3,7,1,2,3,1.0,2.33
Bristol Hurricanes,"Daniel Edozie, Elvisi Dusha, James Claar, Denzel Ubiaro, Corey Samuels","Bristol Hurricanes|1,12,24,31,4",12,Elvisi Dusha,24,James Claar,3,7,1,2,3,1.0,2.33
Birmingham Rockets,"Ronald Blain, Luke Okosieme, Eric Donaldson, Lucas Mcgregor, Martyn Gayle","Birmingham Rockets|0,21,3,6,8",6,Lucas Mcgregor,0,Ronald Blain,3,7,1,2,3,1.0,2.33
Reading Rockets,"Malik Bryant, Cooper Creek, Jax Bouknight, Eliaz (Zain) Poorman, Victor Olarerin","Reading Rockets|10,14,4,6,8",6,Eliaz (Zain) Poorman,10,Malik Bryant,3,7,1,2,3,1.0,2.33
Reading Rockets,"Malik Bryant, Ty Nsangu, Jax Bouknight, Eliaz (Zain) Poorman, Victor Olarerin","Reading Rockets|10,12,4,6,8",4,Jax Bouknight,8,Victor Olarerin,3,7,1,2,3,1.0,2.33
Hemel Storm,"Darien Nelson-Henry, Taylor Johnson, Matt Norman, Veron Eze, Sam Newman","Hemel Storm|10,12,2,21,4",4,Sam Newman,12,Taylor Johnson,3,7,1,2,3,1.0,2.33
Loughborough Riders,"Johde Campbell, Michael Joiner, Milo Gordon, Jalen Cook, Tomide Akinsuku","Loughborough Riders|0,11,22,31,36",0,Johde Campbell,11,Michael Joiner,3,7,1,2,2,1.5,3.5
Milton Keynes Breakers,"Dashawn Jackson, Ben Baker-Mccann, Mike New Jr., Xavier Wilson, Jordan Spencer","Milton Keynes Breakers|1,11,15,21,23",23,Jordan Spencer,21,Xavier Wilson,3,7,1,2,3,1.0,2.33
Derby Trailblazers,"Casey Burr, Connor Washington, Jai Pathmarajah, Sean Mo Walker, Raheem May-Thompson","Derby Trailblazers|0,13,22,3,7",22,Jai Pathmarajah,7,Raheem May-Thompson,3,7,1,2,3,1.0,2.33
Worthing Thunder,"Matthew Bryan-Amaning, Justin Hopkins, Elijah Maynard, Adrian Scarborough, Bode Adeluola","Worthing Thunder|11,15,22,4,5",11,Matthew Bryan-Amaning,15,Justin Hopkins,3,7,1,2,3,1.0,2.33
Birmingham Rockets,"Ronald Blain, Luke Okosieme, Eric Donaldson, Lucas Mcgregor, Faaris Mughaal","Birmingham Rockets|0,21,3,6,7",6,Lucas Mcgregor,3,Eric Donaldson,3,7,1,2,2,1.5,3.5
Birmingham Rockets,"Ronald Blain, Luke Okosieme, Eric Donaldson, Lucas Mcgregor, Faaris Mughaal","Birmingham Rockets|0,21,3,6,7",3,Eric Donaldson,0,Ronald Blain,3,7,1,2,3,1.0,2.33
Hemel Storm,"Veron Eze, Di-Jani Parkinson, Brayden Inger, Sam Newman, Jack Burnell","Hemel Storm|21,23,3,4,7",4,Sam Newman,21,Veron Eze,3,7,1,2,1,3.0,7.0
Newcastle Knights,"Bradley Dean, Sam Trunley, Jaron Thames, Hafeez Abdul, Messiah Jones","Newcastle Knights|1,10,11,3,5",10,Sam Trunley,11,Jaron Thames,3,7,1,2,3,1.0,2.33
Loughborough Riders,"Johde Campbell, Michael Joiner, Jalen Cook, Tomide Akinsuku, Milo Gordon","Loughborough Riders|0,11,12,13,22",0,Johde Campbell,22,Milo Gordon,3,7,1,2,3,1.0,2.33
Nottingham Hoods,"Tyrone Williams, Byrce Johnson, Thierry Walker, Elliot Bailey, Sam Akano","Nottingham Hoods|1,21,4,6,7",1,Tyrone Williams,21,Byrce Johnson,3,7,1,2,1,3.0,7.0
Birmingham Rockets,"Ronald Blain, Orlan Jackman, Zack Powell, Eric Donaldson, Lucas Mcgregor","Birmingham Rockets|0,13,14,3,6",6,Lucas Mcgregor,13,Orlan Jackman,3,7,1,2,3,1.0,2.33
Worthing Thunder,"Matthew Bryan-Amaning, Justin Hopkins, Elijah Maynard, Bode Adeluola, Elliott Dadds","Worthing Thunder|11,15,22,5,7",7,Elliott Dadds,15,Justin Hopkins,3,7,1,2,3,1.0,2.33
Loughborough Riders,"Johde Campbell, Michael Joiner, Jalen Cook, Milo Gordon, Ben Woog","Loughborough Riders|0,11,12,22,7",11,Michael Joiner,12,Jalen Cook,3,7,1,2,2,1.5,3.5
Derby Trailblazers,"Connor Washington, Jai Pathmarajah, Robert Marsden, Charlie Brown, Raheem May-Thompson","Derby Trailblazers|13,22,30,4,7",13,Connor Washington,22,Jai Pathmarajah,3,7,1,2,2,1.5,3.5
Reading Rockets,"Malik Bryant, Ty Nsangu, Cooper Creek, Jax Bouknight, Victor Olarerin","Reading Rockets|10,12,14,4,8",4,Jax Bouknight,8,Victor Olarerin,3,7,1,2,2,1.5,3.5
Milton Keynes Breakers,"Kai Williams, Jonas Dietrich, Mike New Jr., Jordan Spencer, Blayne Freckleton","Milton Keynes Breakers|0,12,15,23,7",7,Blayne Freckleton,15,Mike New Jr.,3,7,1,2,3,1.0,2.33
Birmingham Rockets,"Ronald Blain, Zack Powell, Luke Okosieme, Eric Donaldson, Martyn Gayle","Birmingham Rockets|0,14,21,3,8",8,Martyn Gayle,0,Ronald Blain,3,7,1,2,3,1.0,2.33
Birmingham Rockets,"Ronald Blain, Zack Powell, Luke Okosieme, Eric Donaldson, Martyn Gayle","Birmingham Rockets|0,14,21,3,8",0,Ronald Blain,3,Eric Donaldson,3,7,1,2,3,1.0,2.33
Birmingham Rockets,"Ronald Blain, Orlan Jackman, Eric Donaldson, Lucas Mcgregor, Martyn Gayle","Birmingham Rockets|0,13,3,6,8",6,Lucas Mcgregor,0,Ronald Blain,3,7,1,2,3,1.0,2.33
Hemel Storm,"Darien Nelson-Henry, Kai Walker, Taylor Johnson, Matt Norman, Sam Newman","Hemel Storm|10,11,12,2,4",10,Darien Nelson-Henry,11,Kai Walker,3,7,1,2,2,1.5,3.5
London Cavaliers,"Juan Manning, Mekhi Collins, Marquel Beasley, Aj Roberts, Aaron Pyne","London Cavaliers|10,13,15,4,7",10,Juan Manning,4,Aj Roberts,3,7,1,2,3,1.0,2.33
Nottingham Hoods,"Donell Nixon Ii, Byrce Johnson, Tyrone Williams, Elliot Bailey, Sam Akano","Nottingham Hoods|24,25,55,6,7",7,Sam Akano,24,Donell Nixon Ii,3,7,1,2,3,1.0,2.33
Nottingham Hoods,"Tyrone Williams, Byrce Johnson, Donell Nixon Ii, Elliot Bailey, Sam Akano","Nottingham Hoods|1,21,24,6,7",21,Byrce Johnson,6,Elliot Bailey,3,7,1,2,3,1.0,2.33
Nottingham Hoods,"Tyrone Williams, Byrce Johnson, Donell Nixon Ii, Elliot Bailey, Sam Akano","Nottingham Hoods|1,21,24,6,7",7,Sam Akano,1,Tyrone Williams,3,7,1,2,3,1.0,2.33
Birmingham Rockets,"Ronald Blain, Orlan Jackman, Zack Powell, Eric Donaldson, Martyn Gayle","Birmingham Rockets|0,13,14,3,8",0,Ronald Blain,3,Eric Donaldson,3,7,1,2,3,1.0,2.33
Birmingham Rockets,"Ronald Blain, Orlan Jackman, Zack Powell, Eric Donaldson, Lucas Mcgregor","Birmingham Rockets|0,13,14,3,6",14,Zack Powell,13,Orlan Jackman,3,7,1,2,3,1.0,2.33
Nottingham Hoods,"Tyrone Williams, Byrce Johnson, Donell Nixon Ii, Thierry Walker, Elliot Bailey","Nottingham Hoods|1,21,24,4,6",1,Tyrone Williams,21,Byrce Johnson,3,7,1,2,3,1.0,2.33
Derby Trailblazers,"Connor Washington, Jai Pathmarajah, Sean Mo Walker, Raheem May-Thompson, Malcolm Smith","Derby Trailblazers|13,22,3,7,9",22,Jai Pathmarajah,3,Sean Mo Walker,3,7,1,2,2,1.5,3.5
Nottingham Hoods,"Tyrone Williams, Byrce Johnson, Donell Nixon Ii, Elliot Bailey, Sam Akano","Nottingham Hoods|1,21,24,6,7",24,Donell Nixon Ii,7,Sam Akano,3,7,1,2,3,1.0,2.33
London Cavaliers,"Juan Manning, Daniel Delsol-Lowry, Mekhi Collins, Daniel Braster, Aj Roberts","London Cavaliers|10,12,13,23,4",4,Aj Roberts,23,Daniel Braster,3,7,1,2,2,1.5,3.5
Reading Rockets,"Malik Bryant, Ty Nsangu, Cooper Creek, Jax Bouknight, Victor Olarerin","Reading Rockets|10,12,14,4,8",4,Jax Bouknight,14,Cooper Creek,3,7,1,2,2,1.5,3.5
Nottingham Hoods,"Tyrone Williams, Micah Savery-Richards, Byrce Johnson, Donell Nixon Ii, Sam Akano","Nottingham Hoods|1,14,21,24,7",14,Micah Savery-Richards,21,Byrce Johnson,3,7,1,2,3,1.0,2.33
Birmingham Rockets,"Ronald Blain, Orlan Jackman, Zack Powell, Eric Donaldson, Lucas Mcgregor","Birmingham Rockets|0,13,14,3,6",14,Zack Powell,3,Eric Donaldson,3,7,1,2,2,1.5,3.5
Nottingham Hoods,"Tyrone Williams, Abiodun Adedo, Byrce Johnson, Donell Nixon Ii, Sam Akano","Nottingham Hoods|1,12,21,24,7",1,Tyrone Williams,21,Byrce Johnson,3,7,1,2,3,1.0,2.33
Newcastle Knights,"Bradley Dean, Jaron Thames, Will Neighbour, Mekhi Hendry, Messiah Jones","Newcastle Knights|1,11,15,2,5",11,Jaron Thames,5,Messiah Jones,3,7,1,2,3,1.0,2.33
Yorkshire Dragons,"Ronnie Ani, David Ulph, Jordan Jefferson, Jack Mielke, Corey Johnson","Yorkshire Dragons|1,10,4,5,9",1,Ronnie Ani,5,Jack Mielke,3,7,1,2,3,1.0,2.33
Nottingham Hoods,"Tyrone Williams, Abiodun Adedo, Donell Nixon Ii, Elliot Bailey, Micah Savery-Richards","Nottingham Hoods|1,12,24,6,8",1,Tyrone Williams,12,Abiodun Adedo,3,7,1,2,3,1.0,2.33
Nottingham Hoods,"Tyrone Williams, Abiodun Adedo, Byrce Johnson, Donell Nixon Ii, Sam Akano","Nottingham Hoods|1,12,21,24,7",1,Tyrone Williams,12,Abiodun Adedo,3,7,1,2,3,1.0,2.33
Nottingham Hoods,"Abiodun Adedo, Donell Nixon Ii, Elliot Bailey, Sam Akano, Micah Savery-Richards","Nottingham Hoods|12,24,6,7,8",7,Sam Akano,12,Abiodun Adedo,3,7,1,2,1,3.0,7.0
Worthing Thunder,"Matthew Bryan-Amaning, Justin Hopkins, Elijah Maynard, Jonathan Lashley, Elliott Dadds","Worthing Thunder|11,15,22,35,7",11,Matthew Bryan-Amaning,35,Jonathan Lashley,3,7,1,2,2,1.5,3.5
Derby Trailblazers,"Connor Washington, Jai Pathmarajah, Robert Marsden, Charlie Brown, Malcolm Smith","Derby Trailblazers|13,22,30,4,9",30,Robert Marsden,22,Jai Pathmarajah,3,7,1,2,2,1.5,3.5
Bristol Hurricanes,"Daniel Edozie, Elvisi Dusha, Jules Dang-Akodo, Denzel Ubiaro, Chris Taylor","Bristol Hurricanes|1,12,23,31,9",12,Elvisi Dusha,31,Denzel Ubiaro,3,7,1,2,1,3.0,7.0
Loughborough Riders,"Johde Campbell, Tomide Akinsuku, Oscar Curran, Jalen Cook, Callum Keys","Loughborough Riders|0,15,6,7,8",6,Oscar Curran,7,Jalen Cook,3,7,1,2,1,3.0,7.0
Loughborough Riders,"Johde Campbell, Levi Ehiorobo, Jalen Cook, Oscar Curran, Callum Keys","Loughborough Riders|0,10,31,6,8",6,Oscar Curran,8,Callum Keys,3,7,1,2,2,1.5,3.5
Loughborough Riders,"Johde Campbell, Levi Ehiorobo, Jalen Cook, Oscar Curran, Callum Keys","Loughborough Riders|0,10,31,6,8",6,Oscar Curran,0,Johde Campbell,3,7,1,2,1,3.0,7.0
Loughborough Riders,"Johde Campbell, Jalen Cook, Seth Wylie, Oscar Curran, Callum Keys","Loughborough Riders|0,12,43,6,8",6,Oscar Curran,12,Jalen Cook,3,7,1,2,1,3.0,7.0
London Cavaliers,"Juan Manning, Mekhi Collins, Daniel Braster, Aj Roberts, Omari Pond-Mckenzie","London Cavaliers|10,13,23,4,5",10,Juan Manning,4,Aj Roberts,2,6,2,0,2,1.0,3.0
Bristol Flyers II,"Yusuf Hafid, Lanre Ayinla, Reggie Eigbe, Nikolas Sagkovits, Nassim Ladjimi","Bristol Flyers II|0,10,13,21,24",24,Nassim Ladjimi,10,Lanre Ayinla,3,6,0,3,3,1.0,2.0
Essex Rebels,"Remy Udeh, Miles Brown, Tom Child, Harry Gent, Chrishon Briggs","Essex Rebels|14,2,22,36,4",22,Tom Child,36,Harry Gent,3,6,0,3,1,3.0,6.0
Birmingham Rockets,"Ronald Blain, Orlan Jackman, Zack Powell, Eric Donaldson, Lucas Mcgregor","Birmingham Rockets|0,13,14,3,6",6,Lucas Mcgregor,3,Eric Donaldson,3,6,0,3,3,1.0,2.0
Birmingham Rockets,"Ronald Blain, Zack Powell, Eric Donaldson, Lucas Mcgregor, Martyn Gayle","Birmingham Rockets|0,14,3,6,8",8,Martyn Gayle,14,Zack Powell,2,6,2,0,1,2.0,6.0
Birmingham Rockets,"Ronald Blain, Zack Powell, Eric Donaldson, Lucas Mcgregor, Martyn Gayle","Birmingham Rockets|0,14,3,6,8",6,Lucas Mcgregor,14,Zack Powell,2,6,2,0,2,1.0,3.0
Nottingham Hoods,"Mergin Sokoli, Tyrone Williams, Micah Salvery-Richards, Donell Nixon Ii, Elliot Bailey","Nottingham Hoods|0,1,14,24,6",1,Tyrone Williams,0,Mergin Sokoli,3,6,0,3,1,3.0,6.0
Loughborough Riders,"Johde Campbell, Tomide Akinsiku, Liam Campbell, Seth Wylie, Dan Hadley","Loughborough Riders|0,36,4,43,5",0,Johde Campbell,43,Seth Wylie,2,6,2,0,1,2.0,6.0
Newcastle Knights,"Bradley Dean, Sam Trunley, Jaron Thames, Will Neighbour, Max Matthews","Newcastle Knights|1,10,11,15,8",11,Jaron Thames,8,Max Matthews,2,6,2,0,1,2.0,6.0
Newcastle Knights,"Bradley Dean, Sam Trunley, Jaron Thames, Will Neighbour, Messiah Jones","Newcastle Knights|1,10,11,15,5",11,Jaron Thames,10,Sam Trunley,2,6,2,0,2,1.0,3.0
Yorkshire Dragons,"R. Ani, David Ulph, J. Melke, Corey Johnson, Nick Lewis","Yorkshire Dragons|1,10,5,6,93",93,Nick Lewis,6,Corey Johnson,2,6,2,0,1,2.0,6.0
Bristol Hurricanes,"Daniel Edozie, Elvisi Dusha, Denzel Ubiaro, Corey Samuels, Vilmantas Dilys","Bristol Hurricanes|1,12,31,4,55",55,Vilmantas Dilys,1,Daniel Edozie,3,6,0,3,2,1.5,3.0
Bristol Hurricanes,"Daniel Edozie, Elvisi Dusha, Denzel Ubiaro, Corey Samuels, Vilmantas Dilys","Bristol Hurricanes|1,12,31,4,55",1,Daniel Edozie,31,Denzel Ubiaro,3,6,0,3,3,1.0,2.0
Derby Trailblazers,"Connor Washington, Robert Marsden, Harlond Beverley Jr, Evan Oliver, Raheem May-Thompson","Derby Trailblazers|13,30,5,6,7",5,Harlond Beverley Jr,7,Raheem May-Thompson,2,6,2,0,1,2.0,6.0
Bristol Hurricanes,"Elvisi Dusha, James Claar, Denzel Ubiaro, Corey Samuels, Vilmantas Dilys","Bristol Hurricanes|12,24,31,4,55",12,Elvisi Dusha,24,James Claar,3,6,0,3,2,1.5,3.0
Derby Trailblazers,"Jai Pathmarajah, Sean Mo Walker, Charlie Brown, Evan Oliver, Raheem May-Thompson","Derby Trailblazers|22,3,4,6,7",22,Jai Pathmarajah,6,Evan Oliver,2,6,2,0,2,1.0,3.0
Hemel Storm,"Darien Nelson-Henry, Kai Walker, Matt Norman, Brayden Inger, Sam Newman","Hemel Storm|10,11,2,3,4",11,Kai Walker,10,Darien Nelson-Henry,3,6,0,3,3,1.0,2.0
Birmingham Rockets,"Orlan Jackman, Eric Donaldson, Lucas Mcgregor, Faaris Mughaal, Martyn Gayle","Birmingham Rockets|13,3,6,7,8",13,Orlan Jackman,7,Faaris Mughaal,2,6,2,0,2,1.0,3.0
Nottingham Hoods,"Tyrone Williams, Micah Savery-Richards, Latrell Maitland, Donell Nixon Ii, Elliot Bailey","Nottingham Hoods|1,14,23,24,6",1,Tyrone Williams,6,Elliot Bailey,3,6,0,3,1,3.0,6.0
London Cavaliers,"Juan Manning, Mekhi Collins, Marquel Beasley, Daniel Braster, Aj Roberts","London Cavaliers|10,13,15,23,4",13,Mekhi Collins,23,Daniel Braster,3,6,0,3,1,3.0,6.0
Loughborough Riders,"Johde Campbell, Michael Joiner, Jalen Cook, Seth Wylie, Callum Keys","Loughborough Riders|0,11,12,43,8",11,Michael Joiner,43,Seth Wylie,2,6,2,0,1,2.0,6.0
Loughborough Riders,"Johde Campbell, Jalen Cook, Liam Campbell, Seth Wylie, Dan Hadley","Loughborough Riders|0,12,4,43,5",5,Dan Hadley,43,Seth Wylie,2,6,2,0,2,1.0,3.0
Worthing Thunder,"Matthew Bryan-Amaning, Justin Hopkins, Elijah Maynard, Bode Adeluola, Elliott Dadds","Worthing Thunder|11,15,22,5,7",5,Bode Adeluola,11,Matthew Bryan-Amaning,3,6,0,3,3,1.0,2.0
Worthing Thunder,"Danny Evans, Matthew Bryan-Amaning, Justin Hopkins, Elijah Maynard, Elliott Dadds","Worthing Thunder|0,11,15,22,7",0,Danny Evans,7,Elliott Dadds,2,6,2,0,2,1.0,3.0
Bristol Hurricanes,"Elvisi Dusha, James Claar, Denzel Ubiaro, Corey Samuels, Vilmantas Dilys","Bristol Hurricanes|12,24,31,4,55",24,James Claar,12,Elvisi Dusha,2,6,2,0,2,1.0,3.0
London Cavaliers,"Juan Manning, Mekhi Collins, Daniel Braster, Darren Ainembabazi, Aj Roberts","London Cavaliers|10,13,23,3,4",10,Juan Manning,3,Darren Ainembabazi,2,6,2,0,2,1.0,3.0
Newcastle Knights,"Sam Trunley, Jaron Thames, Finn Cork, Noah Saa, Max Matthews","Newcastle Knights|10,11,13,14,8",14,Noah Saa,8,Max Matthews,2,6,2,0,1,2.0,6.0
Essex Rebels,"Michael Amako, Kyron Martin, Miles Brown, Tom Child, Tyreese Hudson","Essex Rebels|1,10,2,22,9",2,Miles Brown,10,Kyron Martin,2,6,2,0,2,1.0,3.0
Essex Rebels,"Kyron Martin, Remy Udeh, Miles Brown, Tom Child, Harry Gent","Essex Rebels|10,14,2,22,36",2,Miles Brown,22,Tom Child,2,6,2,0,2,1.0,3.0
Essex Rebels,"Kyron Martin, Remy Udeh, Miles Brown, Tom Child, Tyreese Hudson","Essex Rebels|10,14,2,22,9",9,Tyreese Hudson,10,Kyron Martin,2,6,2,0,2,1.0,3.0
Hemel Storm,"Darien Nelson-Henry, Taylor Johnson, Matt Norman, Brayden Inger, Sam Newman","Hemel Storm|10,12,2,3,4",10,Darien Nelson-Henry,2,Matt Norman,2,6,2,0,2,1.0,3.0
Hemel Storm,"Darien Nelson-Henry, Taylor Johnson, Brayden Inger, Sam Newman, Jack Burnell","Hemel Storm|10,12,3,4,7",4,Sam Newman,7,Jack Burnell,2,6,2,0,2,1.0,3.0
Newcastle Knights,"Bradley Dean, Sam Trunley, Jaron Thames, Will Neighbour, Messiah Jones","Newcastle Knights|1,10,11,15,5",10,Sam Trunley,5,Messiah Jones,3,6,0,3,2,1.5,3.0
Newcastle Knights,"Bradley Dean, Sam Trunley, Jaron Thames, Finn Cork, Max Matthews","Newcastle Knights|1,10,11,13,8",11,Jaron Thames,10,Sam Trunley,2,6,2,0,2,1.0,3.0
Essex Rebels,"Kyron Martin, Miles Brown, Tom Child, Will White, Tyreese Hudson","Essex Rebels|10,2,22,24,9",2,Miles Brown,22,Tom Child,2,6,2,0,1,2.0,6.0
Worthing Thunder,"Matthew Bryan-Amaning, Justin Hopkins, Elijah Maynard, Adrian Scarborough, Bode Adeluola","Worthing Thunder|11,15,22,4,5",15,Justin Hopkins,11,Matthew Bryan-Amaning,3,6,0,3,3,1.0,2.0
Worthing Thunder,"Matthew Bryan-Amaning, Justin Hopkins, Elijah Maynard, Adrian Scarborough, Bode Adeluola","Worthing Thunder|11,15,22,4,5",22,Elijah Maynard,11,Matthew Bryan-Amaning,3,6,0,3,2,1.5,3.0
Worthing Thunder,"Matthew Bryan-Amaning, Justin Hopkins, Elijah Maynard, Adrian Scarborough, Bode Adeluola","Worthing Thunder|11,15,22,4,5",5,Bode Adeluola,15,Justin Hopkins,3,6,0,3,3,1.0,2.0
Derby Trailblazers,"Connor Washington, Jai Pathmarajah, Sean Mo Walker, Robert Marsden, Charlie Brown","Derby Trailblazers|13,22,3,30,4",4,Charlie Brown,3,Sean Mo Walker,3,6,0,3,2,1.5,3.0
Newcastle Knights,"Bradley Dean, Sam Trunley, Jaron Thames, Finn Cork, Max Matthews","Newcastle Knights|1,10,11,13,8",1,Bradley Dean,10,Sam Trunley,2,6,2,0,1,2.0,6.0
Newcastle Knights,"Bradley Dean, Sam Trunley, Jaron Thames, Mekhi Hendry, Messiah Jones","Newcastle Knights|1,10,11,2,5",1,Bradley Dean,10,Sam Trunley,2,6,2,0,2,1.0,3.0
Newcastle Knights,"Bradley Dean, Sam Trunley, Jaron Thames, Messiah Jones, Max Matthews","Newcastle Knights|1,10,11,5,8",10,Sam Trunley,1,Bradley Dean,2,6,2,0,2,1.0,3.0
Loughborough Riders,"Johde Campbell, Michael Joiner, Milo Gordon, Jalen Cook, Tomide Akinsuku","Loughborough Riders|0,11,22,31,36",11,Michael Joiner,36,Tomide Akinsuku,3,6,0,3,2,1.5,3.0
Loughborough Riders,"Johde Campbell, Ben Woog, Michael Joiner, Milo Gordon, Jalen Cook","Loughborough Riders|0,10,11,22,31",22,Milo Gordon,31,Jalen Cook,2,6,2,0,2,1.0,3.0
Essex Rebels,"Kyron Martin, Miles Brown, Anthony Idiata-Mendez, Tom Child, Tyreese Hudson","Essex Rebels|10,2,20,22,9",2,Miles Brown,22,Tom Child,2,6,2,0,2,1.0,3.0
Reading Rockets,"Malik Bryant, Ty Nsangu, Cooper Creek, Jax Bouknight, Victor Olarerin","Reading Rockets|10,12,14,4,8",10,Malik Bryant,4,Jax Bouknight,2,6,2,0,2,1.0,3.0
Milton Keynes Breakers,"Dashawn Jackson, Ben Baker-Mccann, Luke Gregory, Xavier Wilson, Jordan Spencer","Milton Keynes Breakers|1,11,13,21,23",23,Jordan Spencer,11,Ben Baker-Mccann,2,6,2,0,2,1.0,3.0
Reading Rockets,"Malik Bryant, Cooper Creek, Jax Bouknight, Eliaz (Zain) Poorman, Victor Olarerin","Reading Rockets|10,14,4,6,8",14,Cooper Creek,6,Eliaz (Zain) Poorman,3,6,0,3,3,1.0,2.0
Yorkshire Dragons,"David Ulph, Jordan Whelan, Logan Rooney, J. Melke, Nick Lewis","Yorkshire Dragons|10,23,3,5,93",93,Nick Lewis,10,David Ulph,3,6,0,3,3,1.0,2.0
Nottingham Hoods,"Tyrone Williams, Byrce Johnson, Elliot Bailey, Sam Akano, Micah Savery-Richards","Nottingham Hoods|0,25,6,7,8",0,Tyrone Williams,25,Byrce Johnson,3,6,0,3,3,1.0,2.0
Bristol Hurricanes,"Daniel Edozie, Elvisi Dusha, Denzel Ubiaro, Corey Samuels, Vilmantas Dilys","Bristol Hurricanes|1,12,31,4,55",1,Daniel Edozie,12,Elvisi Dusha,2,6,2,0,2,1.0,3.0
Birmingham Rockets,"Ronald Blain, Orlan Jackman, Zack Powell, Eric Donaldson, Lucas Mcgregor","Birmingham Rockets|0,13,14,3,6",14,Zack Powell,0,Ronald Blain,3,6,0,3,3,1.0,2.0
Birmingham Rockets,"Ronald Blain, Zack Powell, Luke Okosieme, Eric Donaldson, Lucas Mcgregor","Birmingham Rockets|0,14,21,3,6",21,Luke Okosieme,3,Eric Donaldson,3,6,0,3,2,1.5,3.0
Essex Rebels,"Mou Wol-Cummings, Michael Amako, Kyron Martin, Miles Brown, Tyreese Hudson","Essex Rebels|0,1,10,2,9",2,Miles Brown,1,Michael Amako,2,6,2,0,1,2.0,6.0
Birmingham Rockets,"Ronald Blain, Orlan Jackman, Zack Powell, Faaris Mughaal, Martyn Gayle","Birmingham Rockets|0,13,14,7,8",14,Zack Powell,13,Orlan Jackman,3,6,0,3,3,1.0,2.0
Worthing Thunder,"Matthew Bryan-Amaning, Justin Hopkins, Elijah Maynard, Adrian Scarborough, Bode Adeluola","Worthing Thunder|11,15,22,4,5",5,Bode Adeluola,4,Adrian Scarborough,3,6,0,3,3,1.0,2.0
Worthing Thunder,"Matthew Bryan-Amaning, Justin Hopkins, Elijah Maynard, Adrian Scarborough, Bode Adeluola","Worthing Thunder|11,15,22,4,5",5,Bode Adeluola,11,Matthew Bryan-Amaning,3,6,0,3,3,1.0,2.0
Nottingham Hoods,"Tyrone Williams, Micah Savery-Richards, Byrce Johnson, Elliot Bailey, Sam Akano","Nottingham Hoods|1,14,21,6,7",7,Sam Akano,14,Micah Savery-Richards,3,6,0,3,2,1.5,3.0
Birmingham Rockets,"Ronald Blain, Orlan Jackman, Zack Powell, Faaris Mughaal, Martyn Gayle","Birmingham Rockets|0,13,14,7,8",0,Ronald Blain,7,Faaris Mughaal,2,6,2,0,2,1.0,3.0
Hemel Storm,"Darien Nelson-Henry, Veron Eze, Brayden Inger, Sam Newman, Jack Burnell","Hemel Storm|10,21,3,4,7",4,Sam Newman,10,Darien Nelson-Henry,3,6,0,3,1,3.0,6.0
Hemel Storm,"Veron Eze, Di-Jani Parkinson, Brayden Inger, Sam Newman, Jack Burnell","Hemel Storm|21,23,3,4,7",4,Sam Newman,3,Brayden Inger,2,6,2,0,1,2.0,6.0
Derby Trailblazers,"Casey Burr, Connor Washington, Sean Mo Walker, Charlie Brown, Raheem May-Thompson","Derby Trailblazers|0,13,3,4,7",3,Sean Mo Walker,7,Raheem May-Thompson,2,6,2,0,2,1.0,3.0
Worthing Thunder,"Danny Evans, Justin Hopkins, Elijah Maynard, Troy Mcindoe, Bode Adeluola","Worthing Thunder|0,15,22,23,5",23,Troy Mcindoe,5,Bode Adeluola,2,6,2,0,1,2.0,6.0
Reading Rockets,"Malik Bryant, Cooper Creek, Jax Bouknight, Victor Olarerin, Simon Chamberlain","Reading Rockets|10,14,4,8,9",10,Malik Bryant,14,Cooper Creek,2,6,2,0,2,1.0,3.0
Reading Rockets,"Malik Bryant, Cooper Creek, Jax Bouknight, Eliaz (Zain) Poorman, Lewis Champion","Reading Rockets|10,14,4,6,7",6,Eliaz (Zain) Poorman,14,Cooper Creek,2,6,2,0,1,2.0,6.0
Bristol Hurricanes,"Ashley Pearce, Daniel Edozie, Kobe Hill, Corey Samuels, Chris Taylor","Bristol Hurricanes|0,1,2,4,9",4,Corey Samuels,1,Daniel Edozie,3,6,0,3,2,1.5,3.0
Bristol Hurricanes,"Daniel Edozie, Denzel Ubiaro, Corey Samuels, Vilmantas Dilys, Chris Taylor","Bristol Hurricanes|1,31,4,55,9",31,Denzel Ubiaro,4,Corey Samuels,2,6,2,0,2,1.0,3.0
Newcastle Knights,"Sam Trunley, Jaron Thames, Hafeez Abdul, Messiah Jones, Max Matthews","Newcastle Knights|10,11,3,5,8",10,Sam Trunley,11,Jaron Thames,3,6,0,3,2,1.5,3.0
Newcastle Knights,"Sam Trunley, Jaron Thames, Hafeez Abdul, Messiah Jones, Max Matthews","Newcastle Knights|10,11,3,5,8",8,Max Matthews,10,Sam Trunley,2,6,2,0,1,2.0,6.0
Nottingham Hoods,"Tyrone Williams, Byrce Johnson, Thierry Walker, Elliot Bailey, Sam Akano","Nottingham Hoods|1,21,4,6,7",21,Byrce Johnson,1,Tyrone Williams,3,6,0,3,1,3.0,6.0
Reading Rockets,"Ty Nsangu, Cooper Creek, Jax Bouknight, Eliaz (Zain) Poorman, Victor Olarerin","Reading Rockets|12,14,4,6,8",14,Cooper Creek,4,Jax Bouknight,2,6,2,0,2,1.0,3.0
Reading Rockets,"Malik Bryant, Cooper Creek, Lewis Champion, Victor Olarerin, Simon Chamberlain","Reading Rockets|10,14,7,8,9",7,Lewis Champion,9,Simon Chamberlain,2,6,2,0,1,2.0,6.0
Hemel Storm,"Darien Nelson-Henry, Taylor Johnson, Brayden Inger, Sam Newman, Jack Burnell","Hemel Storm|10,12,3,4,7",4,Sam Newman,12,Taylor Johnson,3,6,0,3,2,1.5,3.0
Hemel Storm,"Darien Nelson-Henry, Taylor Johnson, Brayden Inger, Sam Newman, Jack Burnell","Hemel Storm|10,12,3,4,7",3,Brayden Inger,7,Jack Burnell,2,6,2,0,2,1.0,3.0
Hemel Storm,"Darien Nelson-Henry, Taylor Johnson, Veron Eze, Sam Newman, Jack Burnell","Hemel Storm|10,12,21,4,7",21,Veron Eze,7,Jack Burnell,2,6,2,0,1,2.0,6.0
Hemel Storm,"Darien Nelson-Henry, Veron Eze, Brayden Inger, Sam Newman, Jack Burnell","Hemel Storm|10,21,3,4,7",21,Veron Eze,7,Jack Burnell,2,6,2,0,2,1.0,3.0
Hemel Storm,"Darien Nelson-Henry, Taylor Johnson, Veron Eze, Sam Newman, Jack Burnell","Hemel Storm|10,12,21,4,7",4,Sam Newman,7,Jack Burnell,2,6,2,0,2,1.0,3.0
Hemel Storm,"Darien Nelson-Henry, Taylor Johnson, Brayden Inger, Sam Newman, Jack Burnell","Hemel Storm|10,12,3,4,7",4,Sam Newman,10,Darien Nelson-Henry,3,6,0,3,2,1.5,3.0
Bristol Flyers II,"Roman Price, Lanre Ayinla, Reggie Eigbe, Yusuf Hafid, Nassim Ladjimi","Bristol Flyers II|11,14,15,5,8",5,Yusuf Hafid,11,Roman Price,3,6,0,3,2,1.5,3.0
Yorkshire Dragons,"David Ulph, Jordan Whelan, Logan Rooney, J. Melke, Nick Lewis","Yorkshire Dragons|10,23,3,5,93",93,Nick Lewis,5,J. Melke,2,6,2,0,2,1.0,3.0
Birmingham Rockets,"Ronald Blain, Orlan Jackman, Eric Donaldson, Lucas Mcgregor, Faaris Mughaal","Birmingham Rockets|0,13,3,6,7",13,Orlan Jackman,0,Ronald Blain,3,6,0,3,2,1.5,3.0
Bristol Hurricanes,"Daniel Edozie, Elvisi Dusha, Denzel Ubiaro, Corey Samuels, Vilmantas Dilys","Bristol Hurricanes|1,12,31,4,55",1,Daniel Edozie,55,Vilmantas Dilys,3,6,0,3,3,1.0,2.0
Bristol Hurricanes,"Daniel Edozie, Elvisi Dusha, Kobe Hill, Denzel Ubiaro, Vilmantas Dilys","Bristol Hurricanes|1,12,2,31,55",12,Elvisi Dusha,1,Daniel Edozie,3,6,0,3,2,1.5,3.0
Bristol Flyers II,"Yusuf Hafid, Lanre Ayinla, Reggie Eigbe, Nikolas Sagkovits, Nassim Ladjimi","Bristol Flyers II|0,10,13,21,24",10,Lanre Ayinla,0,Yusuf Hafid,2,6,2,0,2,1.0,3.0
Loughborough Riders,"Johde Campbell, Michael Joiner, Jalen Cook, Milo Gordon, Ben Woog","Loughborough Riders|0,11,12,22,7",0,Johde Campbell,7,Ben Woog,3,6,0,3,3,1.0,2.0
Hemel Storm,"Darien Nelson-Henry, Taylor Johnson, Brayden Inger, Sam Newman, Jack Burnell","Hemel Storm|10,12,3,4,7",12,Taylor Johnson,4,Sam Newman,2,6,2,0,2,1.0,3.0
Yorkshire Dragons,"R. Ani, David Ulph, Jordan Whelan, J. Melke, Nick Lewis","Yorkshire Dragons|1,10,23,5,93",93,Nick Lewis,5,J. Melke,2,6,2,0,1,2.0,6.0
Yorkshire Dragons,"R. Ani, David Ulph, J. Melke, Andreas Lycoudis, Nick Lewis","Yorkshire Dragons|1,10,5,7,93",93,Nick Lewis,5,J. Melke,2,6,2,0,1,2.0,6.0
Bristol Hurricanes,"Daniel Edozie, Elvisi Dusha, Denzel Ubiaro, Corey Samuels, Vilmantas Dilys","Bristol Hurricanes|1,12,31,4,55",31,Denzel Ubiaro,1,Daniel Edozie,3,6,0,3,3,1.0,2.0
Bristol Hurricanes,"Daniel Edozie, Elvisi Dusha, Denzel Ubiaro, Corey Samuels, Vilmantas Dilys","Bristol Hurricanes|1,12,31,4,55",31,Denzel Ubiaro,55,Vilmantas Dilys,3,6,0,3,2,1.5,3.0
Reading Rockets,"Ty Nsangu, Cooper Creek, Jax Bouknight, Eliaz (Zain) Poorman, Victor Olarerin","Reading Rockets|12,14,4,6,8",12,Ty Nsangu,14,Cooper Creek,2,6,2,0,2,1.0,3.0
Reading Rockets,"Malik Bryant, Jax Bouknight, Eliaz (Zain) Poorman, Victor Olarerin, Simon Chamberlain","Reading Rockets|10,4,6,8,9",4,Jax Bouknight,9,Simon Chamberlain,2,6,2,0,2,1.0,3.0
Reading Rockets,"Malik Bryant, Cooper Creek, Jax Bouknight, Eliaz (Zain) Poorman, Victor Olarerin","Reading Rockets|10,14,4,6,8",6,Eliaz (Zain) Poorman,14,Cooper Creek,2,6,2,0,2,1.0,3.0
Essex Rebels,"Kyron Martin, Daniel Johnson-Thompson, Remy Udeh, Miles Brown, Tom Child","Essex Rebels|10,13,14,2,22",2,Miles Brown,13,Daniel Johnson-Thompson,3,6,0,3,3,1.0,2.0
Newcastle Knights,"Bradley Dean, Sam Trunley, Jaron Thames, Messiah Jones, Theo Riley","Newcastle Knights|1,10,11,5,9",11,Jaron Thames,10,Sam Trunley,2,6,2,0,2,1.0,3.0
Newcastle Knights,"Bradley Dean, Sam Trunley, Jaron Thames, Hafeez Abdul, Messiah Jones","Newcastle Knights|1,10,11,3,5",5,Messiah Jones,10,Sam Trunley,2,6,2,0,2,1.0,3.0
Worthing Thunder,"Danny Evans, Matthew Bryan-Amaning, Justin Hopkins, Elijah Maynard, Elliott Dadds","Worthing Thunder|0,11,15,22,7",7,Elliott Dadds,11,Matthew Bryan-Amaning,3,6,0,3,3,1.0,2.0
Milton Keynes Breakers,"Ben Baker-Mccann, Luke Gregory, Mike New Jr., Jordan Spencer, Blayne Freckleton","Milton Keynes Breakers|11,13,15,23,7",13,Luke Gregory,7,Blayne Freckleton,2,6,2,0,2,1.0,3.0
Nottingham Hoods,"Tyrone Williams, Jani Griffiths, Thierry Walker, Elliot Bailey, Sam Akano","Nottingham Hoods|0,15,4,6,7",7,Sam Akano,6,Elliot Bailey,2,6,2,0,1,2.0,6.0
Newcastle Knights,"Bradley Dean, Jaron Thames, Finn Cork, Hafeez Abdul, Max Matthews","Newcastle Knights|1,11,13,3,8",8,Max Matthews,13,Finn Cork,3,6,0,3,1,3.0,6.0
Bristol Flyers II,"Yusuf Hafid, Lanre Ayinla, Reggie Eigbe, Nikolas Sagkovits, Nassim Ladjimi","Bristol Flyers II|0,10,13,21,24",10,Lanre Ayinla,13,Reggie Eigbe,2,6,2,0,2,1.0,3.0
Derby Trailblazers,"Casey Burr, Connor Washington, Jai Pathmarajah, Sean Mo Walker, Raheem May-Thompson","Derby Trailblazers|0,13,22,3,7",22,Jai Pathmarajah,13,Connor Washington,2,6,2,0,1,2.0,6.0
Milton Keynes Breakers,"Ben Baker-Mccann, Mike New Jr., Xavier Wilson, Jordan Spencer, Blayne Freckleton","Milton Keynes Breakers|11,15,21,23,7",11,Ben Baker-Mccann,21,Xavier Wilson,3,6,0,3,3,1.0,2.0
Milton Keynes Breakers,"Ben Baker-Mccann, Mike New Jr., Xavier Wilson, Jordan Spencer, Blayne Freckleton","Milton Keynes Breakers|11,15,21,23,7",23,Jordan Spencer,21,Xavier Wilson,3,6,0,3,3,1.0,2.0
London Cavaliers,"Juan Manning, Joe Richards, Mekhi Collins, Darren Ainembabazi, Aj Roberts","London Cavaliers|10,11,13,3,4",10,Juan Manning,11,Joe Richards,2,6,2,0,2,1.0,3.0
Loughborough Riders,"Johde Campbell, Michael Joiner, Jalen Cook, Tomide Akinsuku, Milo Gordon","Loughborough Riders|0,11,12,13,22",22,Milo Gordon,0,Johde Campbell,2,6,2,0,2,1.0,3.0
Loughborough Riders,"Johde Campbell, Michael Joiner, Jalen Cook, Tomide Akinsuku, Milo Gordon","Loughborough Riders|0,11,12,13,22",13,Tomide Akinsuku,12,Jalen Cook,2,6,2,0,2,1.0,3.0
Birmingham Rockets,"Ronald Blain, Zack Powell, Luke Okosieme, Eric Donaldson, Martyn Gayle","Birmingham Rockets|0,14,21,3,8",14,Zack Powell,3,Eric Donaldson,2,6,2,0,2,1.0,3.0
Birmingham Rockets,"Ronald Blain, Zack Powell, Luke Okosieme, Eric Donaldson, Faaris Mughaal","Birmingham Rockets|0,14,21,3,7",14,Zack Powell,21,Luke Okosieme,3,6,0,3,2,1.5,3.0
Loughborough Riders,"Johde Campbell, Michael Joiner, Milo Gordon, Liam Campbell, Seth Wylie","Loughborough Riders|0,11,22,4,43",22,Milo Gordon,4,Liam Campbell,2,6,2,0,1,2.0,6.0
Reading Rockets,"Ty Nsangu, Cooper Creek, Jax Bouknight, Eliaz (Zain) Poorman, Victor Olarerin","Reading Rockets|12,14,4,6,8",6,Eliaz (Zain) Poorman,4,Jax Bouknight,2,6,2,0,2,1.0,3.0
Reading Rockets,"Malik Bryant, Cooper Creek, Jax Bouknight, Yusef Salih, Simon Chamberlain","Reading Rockets|10,14,4,5,9",10,Malik Bryant,5,Yusef Salih,2,6,2,0,2,1.0,3.0
Reading Rockets,"Malik Bryant, Ty Nsangu, Cooper Creek, Jax Bouknight, Victor Olarerin","Reading Rockets|10,12,14,4,8",4,Jax Bouknight,10,Malik Bryant,3,6,0,3,3,1.0,2.0
Reading Rockets,"Malik Bryant, Ty Nsangu, Cooper Creek, Jax Bouknight, Victor Olarerin","Reading Rockets|10,12,14,4,8",14,Cooper Creek,8,Victor Olarerin,2,6,2,0,2,1.0,3.0
Reading Rockets,"Malik Bryant, Ty Nsangu, Jax Bouknight, Yusef Salih, Simon Chamberlain","Reading Rockets|10,12,4,5,9",4,Jax Bouknight,9,Simon Chamberlain,2,6,2,0,2,1.0,3.0
Hemel Storm,"Darien Nelson-Henry, Kai Walker, Taylor Johnson, Matt Norman, Sam Newman","Hemel Storm|10,11,12,2,4",11,Kai Walker,4,Sam Newman,2,6,2,0,2,1.0,3.0
Worthing Thunder,"Danny Evans, Matthew Bryan-Amaning, Elijah Maynard, Jonathan Lashley, Elliott Dadds","Worthing Thunder|0,11,22,35,7",0,Danny Evans,35,Jonathan Lashley,2,6,2,0,2,1.0,3.0
Derby Trailblazers,"Connor Washington, Jai Pathmarajah, Sean Mo Walker, Charlie Brown, Malcolm Smith","Derby Trailblazers|13,22,3,4,9",4,Charlie Brown,3,Sean Mo Walker,3,6,0,3,3,1.0,2.0
Birmingham Rockets,"Ronald Blain, Orlan Jackman, Zack Powell, Eric Donaldson, Lucas Mcgregor","Birmingham Rockets|0,13,14,3,6",13,Orlan Jackman,0,Ronald Blain,3,6,0,3,3,1.0,2.0
Essex Rebels,"Kyron Martin, Remy Udeh, Miles Brown, Tom Child, Tyreese Hudson","Essex Rebels|10,14,2,22,9",22,Tom Child,10,Kyron Martin,2,6,2,0,2,1.0,3.0
Yorkshire Dragons,"Jordan Whelan, Logan Rooney, J. Melke, Corey Johnson, Nick Lewis","Yorkshire Dragons|23,3,5,9,93",5,J. Melke,9,Corey Johnson,2,6,2,0,1,2.0,6.0
Bristol Hurricanes,"Daniel Edozie, Denzel Ubiaro, Corey Samuels, Vilmantas Dilys, Chris Taylor","Bristol Hurricanes|1,31,4,55,9",4,Corey Samuels,1,Daniel Edozie,3,6,0,3,1,3.0,6.0
Bristol Hurricanes,"Daniel Edozie, Denzel Ubiaro, Corey Samuels, Vilmantas Dilys, Chris Taylor","Bristol Hurricanes|1,31,4,55,9",1,Daniel Edozie,9,Chris Taylor,2,6,2,0,1,2.0,6.0
Loughborough Riders,"Johde Campbell, Michael Joiner, Milo Wallace, Jalen Cook, Tomide Akinsuku","Loughborough Riders|0,11,22,31,36",11,Michael Joiner,22,Milo Wallace,2,6,2,0,2,1.0,3.0
Loughborough Riders,"Johde Campbell, Michael Joiner, Milo Wallace, Jalen Cook, Tomide Akinsuku","Loughborough Riders|0,11,22,31,36",31,Jalen Cook,0,Johde Campbell,2,6,2,0,2,1.0,3.0
Essex Rebels,"Kyron Martin, Remy Udeh, Miles Brown, Tom Child, Harry Gent","Essex Rebels|10,14,2,22,36",22,Tom Child,36,Harry Gent,3,6,0,3,1,3.0,6.0
Derby Trailblazers,"Casey Burr, Connor Washington, Jai Pathmarajah, Robert Marsden, Malcolm Smith","Derby Trailblazers|0,13,22,30,9",22,Jai Pathmarajah,13,Connor Washington,2,6,2,0,2,1.0,3.0
Derby Trailblazers,"Casey Burr, Connor Washington, Jai Pathmarajah, Sean Mo Walker, Malcolm Smith","Derby Trailblazers|0,13,22,3,9",22,Jai Pathmarajah,3,Sean Mo Walker,3,6,0,3,3,1.0,2.0
Birmingham Rockets,"Orlan Jackman, Larry Duru, Eric Donaldson, Lucas Mcgregor, Faaris Mughaal","Birmingham Rockets|13,16,3,6,7",6,Lucas Mcgregor,7,Faaris Mughaal,2,6,2,0,1,2.0,6.0
Derby Trailblazers,"Casey Burr, Connor Washington, Jai Pathmarajah, Robert Marsden, Malcolm Smith","Derby Trailblazers|0,13,22,30,9",22,Jai Pathmarajah,9,Malcolm Smith,3,6,0,3,3,1.0,2.0
Derby Trailblazers,"Connor Washington, Jai Pathmarajah, Sean Mo Walker, Charlie Brown, Malcolm Smith","Derby Trailblazers|13,22,3,4,9",13,Connor Washington,3,Sean Mo Walker,3,6,0,3,3,1.0,2.0
Nottingham Hoods,"Tyrone Williams, Byrce Johnson, Donell Nixon Ii, Elliot Bailey, Sam Akano","Nottingham Hoods|1,21,24,6,7",6,Elliot Bailey,21,Byrce Johnson,3,6,0,3,3,1.0,2.0
Bristol Hurricanes,"Elvisi Dusha, Kobe Hill, Denzel Ubiaro, Vilmantas Dilys","Bristol Hurricanes|12,2,31,55",12,Elvisi Dusha,2,Kobe Hill,2,6,2,0,1,2.0,6.0
Reading Rockets,"Malik Bryant, Cooper Creek, Jax Bouknight, Victor Olarerin, Simon Chamberlain","Reading Rockets|10,14,4,8,9",4,Jax Bouknight,10,Malik Bryant,3,6,0,3,1,3.0,6.0
Hemel Storm,"Kai Walker, Veron Eze, Brayden Inger, Sam Newman, Jack Burnell","Hemel Storm|11,21,3,4,7",4,Sam Newman,7,Jack Burnell,2,6,2,0,2,1.0,3.0
Derby Trailblazers,"Jai Pathmarajah, Sean Mo Walker, Charlie Brown, Raheem May-Thompson, Malcolm Smith","Derby Trailblazers|22,3,4,7,9",4,Charlie Brown,9,Malcolm Smith,3,6,0,3,3,1.0,2.0
Reading Rockets,"Malik Bryant, Ty Nsangu, Jax Bouknight, Yusef Salih, Simon Chamberlain","Reading Rockets|10,12,4,5,9",9,Simon Chamberlain,4,Jax Bouknight,2,6,2,0,2,1.0,3.0
Worthing Thunder,"Justin Hopkins, Elijah Maynard, Jonathan Lashley, Adrian Scarborough, Bode Adeluola","Worthing Thunder|15,22,35,4,5",5,Bode Adeluola,4,Adrian Scarborough,3,6,0,3,3,1.0,2.0
Essex Rebels,"Kyron Martin, Daniel Johnson-Thompson, Remy Udeh, Miles Brown, Tom Child","Essex Rebels|10,13,14,2,22",2,Miles Brown,22,Tom Child,2,6,2,0,2,1.0,3.0
Essex Rebels,"Kyron Martin, Miles Brown, Anthony Idiata-Mendez, Tom Child, Tyreese Hudson","Essex Rebels|10,2,20,22,9",22,Tom Child,10,Kyron Martin,2,6,2,0,1,2.0,6.0
Essex Rebels,"Kyron Martin, Daniel Johnson-Thompson, Remy Udeh, Miles Brown, Tom Child","Essex Rebels|10,13,14,2,22",2,Miles Brown,10,Kyron Martin,2,6,2,0,2,1.0,3.0
Bristol Hurricanes,"Daniel Edozie, Elvisi Dusha, Denzel Ubiaro, Corey Samuels, Chris Taylor","Bristol Hurricanes|1,12,31,4,9",12,Elvisi Dusha,1,Daniel Edozie,3,6,0,3,1,3.0,6.0
Bristol Flyers II,"Jack Craggs, Nikolas Sagkovits, Nassim Ladjimi, Anthony Bhebhe, Ebuka Ekwegh","Bristol Flyers II|12,21,24,4,6",4,Anthony Bhebhe,24,Nassim Ladjimi,2,6,2,0,1,2.0,6.0
Milton Keynes Breakers,"Ben Baker-Mccann, Luke Gregory, Mike New Jr., Jordan Spencer, Blayne Freckleton","Milton Keynes Breakers|11,13,15,23,7",23,Jordan Spencer,11,Ben Baker-Mccann,3,6,0,3,3,1.0,2.0
Hemel Storm,"Kai Walker, Matt Norman, Veron Eze, Brayden Inger, Sam Newman","Hemel Storm|11,2,21,3,4",2,Matt Norman,3,Brayden Inger,2,6,2,0,1,2.0,6.0
Birmingham Rockets,"Ronald Blain, Orlan Jackman, Zack Powell, Eric Donaldson, Lucas Mcgregor","Birmingham Rockets|0,13,14,3,6",13,Orlan Jackman,3,Eric Donaldson,3,6,0,3,3,1.0,2.0
Loughborough Riders,"Johde Campbell, Cameron Nyarko, Tomide Akinsuku, Liam Campbell, Dan Hadley","Loughborough Riders|0,11,13,4,5",0,Johde Campbell,4,Liam Campbell,2,6,2,0,1,2.0,6.0
Loughborough Riders,"Johde Campbell, Jalen Cook, Tomide Akinsuku, Liam Campbell, Callum Keys","Loughborough Riders|0,12,13,4,8",4,Liam Campbell,12,Jalen Cook,2,6,2,0,1,2.0,6.0
Reading Rockets,"Malik Bryant, Ty Nsangu, Yusef Salih, Eliaz (Zain) Poorman, Victor Olarerin","Reading Rockets|10,12,5,6,8",6,Eliaz (Zain) Poorman,12,Ty Nsangu,3,6,0,3,3,1.0,2.0
Reading Rockets,"Malik Bryant, Ty Nsangu, Yusef Salih, Eliaz (Zain) Poorman, Victor Olarerin","Reading Rockets|10,12,5,6,8",6,Eliaz (Zain) Poorman,5,Yusef Salih,2,6,2,0,2,1.0,3.0
Loughborough Riders,"Johde Campbell, Jalen Cook, Tomide Akinsuku, Liam Campbell, Victor Ndoukou","Loughborough Riders|0,12,13,4,7",0,Johde Campbell,12,Jalen Cook,2,6,2,0,1,2.0,6.0
Newcastle Knights,"Bradley Dean, Sam Trunley, Jaron Thames, Jason Soodeen, Will Neighbour","Newcastle Knights|1,10,11,12,15",11,Jaron Thames,15,Will Neighbour,2,6,2,0,1,2.0,6.0
Yorkshire Dragons,"David Ulph, Jordan Whelan, Jack Melke, Corey Johnson, Nick Lewis","Yorkshire Dragons|10,23,5,9,93",5,Jack Melke,93,Nick Lewis,2,6,2,0,1,2.0,6.0
Yorkshire Dragons,"David Ulph, Jordan Whelan, Jack Melke, Corey Johnson, Nick Lewis","Yorkshire Dragons|10,23,5,9,93",93,Nick Lewis,5,Jack Melke,2,6,2,0,1,2.0,6.0
London Cavaliers,"Juan Manning, Mekhi Collins, Marquel Beasley, Daniel Delsol-Lowry, Aj Roberts","London Cavaliers|10,13,15,21,4",4,Aj Roberts,10,Juan Manning,2,6,2,0,2,1.0,3.0
Derby Trailblazers,"Jai Pathmarajah, Robert Marsden, Charlie Brown, Raheem May-Thompson, Malcolm Smith","Derby Trailblazers|22,30,4,7,9",22,Jai Pathmarajah,9,Malcolm Smith,3,6,0,3,2,1.5,3.0
Bristol Hurricanes,"David Forsyth, Elvisi Dusha, Jules Dang-Akodo, Denzel Ubiaro, Corey Samuels","Bristol Hurricanes|11,12,23,31,4",4,Corey Samuels,23,Jules Dang-Akodo,2,6,2,0,2,1.0,3.0
Nottingham Hoods,"Abiodun Adedo, Tyrone Williams, Donell Nixon Ii, Thierry Walker, Elliot Bailey","Nottingham Hoods|0,1,24,4,6",1,Tyrone Williams,24,Donell Nixon Ii,2,6,2,0,2,1.0,3.0
Nottingham Hoods,"Abiodun Adedo, Tyrone Williams, Donell Nixon Ii, Thierry Walker, Elliot Bailey","Nottingham Hoods|0,1,24,4,6",24,Donell Nixon Ii,4,Thierry Walker,2,6,2,0,2,1.0,3.0
Yorkshire Dragons,"David Ulph, Jordan Whelan, Jack Mielke, Corey Johnson, Nick Lewis","Yorkshire Dragons|10,23,5,9,93",10,David Ulph,23,Jordan Whelan,3,6,0,3,2,1.5,3.0
Newcastle Knights,"Bradley Dean, Sam Trunley, Jaron Thames, Messiah Jones, Robert Reed","Newcastle Knights|1,10,11,5,6",10,Sam Trunley,1,Bradley Dean,2,6,2,0,1,2.0,6.0
Newcastle Knights,"Bradley Dean, Sam Trunley, Jaron Thames, Scott Angus, Theo Riley","Newcastle Knights|1,10,11,7,9",1,Bradley Dean,10,Sam Trunley,2,6,2,0,1,2.0,6.0
Reading Rockets,"Ty Nsangu, Cooper Creek, Jax Bouknight, Eliaz (Zain) Poorman, Victor Olarerin","Reading Rockets|12,14,4,6,8",6,Eliaz (Zain) Poorman,12,Ty Nsangu,3,6,0,3,3,1.0,2.0
Essex Rebels,"Daniel Johnson-Thompson, Remy Udeh, Anthony Idiata-Mendez, Tom Child, Ben Winter","Essex Rebels|13,14,20,22,5",5,Ben Winter,20,Anthony Idiata-Mendez,2,6,2,0,2,1.0,3.0
Essex Rebels,"Daniel Johnson-Thompson, Remy Udeh, Isaac Temilola, Tom Child, Ben Winter","Essex Rebels|13,14,15,22,5",13,Daniel Johnson-Thompson,15,Isaac Temilola,3,6,0,3,2,1.5,3.0
Bristol Flyers II,"Yusuf Hafid, Reggie Eigbe, Nikolas Sagkovits, Nassim Ladjimi, Thomas Browne","Bristol Flyers II|0,13,21,24,8",0,Yusuf Hafid,24,Nassim Ladjimi,2,6,2,0,2,1.0,3.0
Bristol Flyers II,"Yusuf Hafid, Reggie Eigbe, Nikolas Sagkovits, Nassim Ladjimi, Thomas Browne","Bristol Flyers II|0,13,21,24,8",0,Yusuf Hafid,8,Thomas Browne,2,6,2,0,2,1.0,3.0
Newcastle Knights,"Finn Cork, Noah Saa, Robert Reed, Scott Angus, Max Matthews","Newcastle Knights|13,14,6,7,8",6,Robert Reed,13,Finn Cork,2,6,2,0,1,2.0,6.0
Milton Keynes Breakers,"Ben Baker-Mccann, Luke Gregory, Mike New Jr., Jordan Spencer, Blayne Freckleton","Milton Keynes Breakers|11,13,15,23,7",7,Blayne Freckleton,23,Jordan Spencer,2,6,2,0,2,1.0,3.0
Worthing Thunder,"Justin Hopkins, Elijah Maynard, Jonathan Lashley, Adrian Scarborough, Bode Adeluola","Worthing Thunder|15,22,35,4,5",15,Justin Hopkins,5,Bode Adeluola,2,6,2,0,2,1.0,3.0
Derby Trailblazers,"Casey Burr, Connor Washington, Robert Marsden, Charlie Brown, Malcolm Smith","Derby Trailblazers|0,13,30,4,9",4,Charlie Brown,13,Connor Washington,2,6,2,0,1,2.0,6.0
Essex Rebels,"Daniel Johnson-Thompson, Remy Udeh, Miles Brown, Tom Child, Ben Winter","Essex Rebels|13,14,2,22,5",5,Ben Winter,22,Tom Child,2,6,2,0,1,2.0,6.0
Nottingham Hoods,"Abiodun Adedo, Tyrone Williams, Donell Nixon Ii, Thierry Walker, Elliot Bailey","Nottingham Hoods|0,1,24,4,6",24,Donell Nixon Ii,6,Elliot Bailey,2,6,2,0,1,2.0,6.0
Nottingham Hoods,"Tyrone Williams, Byrce Johnson, Donell Nixon Ii, Sam Akano, Micah Savery-Richards","Nottingham Hoods|1,21,24,7,8",7,Sam Akano,21,Byrce Johnson,2,6,2,0,2,1.0,3.0
Loughborough Riders,"Johde Campbell, Michael Joiner, Jalen Cook, Tomide Akinsuku, Victor Ndukou","Loughborough Riders|0,11,12,13,7",0,Johde Campbell,12,Jalen Cook,2,6,2,0,2,1.0,3.0
Hemel Storm,"Mergim Sokoli, Kai Walker, Veron Eze, Sam Newman, Jovan Rai","Hemel Storm|0,11,21,4,5",4,Sam Newman,21,Veron Eze,2,6,2,0,1,2.0,6.0
London Cavaliers,"Juan Manning, Mekhi Collins, Daniel Braster, Aj Roberts, Omari Pond-Mckenzie","London Cavaliers|10,13,23,4,5",10,Juan Manning,5,Omari Pond-Mckenzie,2,6,2,0,1,2.0,6.0
Milton Keynes Breakers,"Dashawn Jackson, Ben Baker-Mccann, Luke Gregory, Mike New Jr., Jordan Spencer","Milton Keynes Breakers|1,11,13,15,23",23,Jordan Spencer,1,Dashawn Jackson,2,6,2,0,1,2.0,6.0
Essex Rebels,"Daniel Johnson-Thompson, Remy Udeh, Miles Brown, Tom Child, Ben Winter","Essex Rebels|13,14,2,22,5",2,Miles Brown,22,Tom Child,2,6,2,0,2,1.0,3.0
Bristol Hurricanes,"Daniel Edozie, Elvisi Dusha, Jules Dang-Akodo, Denzel Ubiaro, Corey Samuels","Bristol Hurricanes|1,12,23,31,4",4,Corey Samuels,23,Jules Dang-Akodo,2,6,2,0,2,1.0,3.0
Bristol Hurricanes,"Daniel Edozie, Elvisi Dusha, Jules Dang-Akodo, Denzel Ubiaro, Corey Samuels","Bristol Hurricanes|1,12,23,31,4",31,Denzel Ubiaro,1,Daniel Edozie,3,6,0,3,2,1.5,3.0
Bristol Flyers II,"Yusuf Hafid, Reggie Eigbe, Nassim Ladjimi, Thomas Browne, Ebuka Ekwegh","Bristol Flyers II|0,13,24,7,8",13,Reggie Eigbe,24,Nassim Ladjimi,2,6,2,0,1,2.0,6.0
Birmingham Rockets,"Ronald Blain, Orlan Jackman, Luke Okosieme, Faaris Mughaal, Martyn Gayle","Birmingham Rockets|0,13,21,7,8",13,Orlan Jackman,8,Martyn Gayle,2,6,2,0,1,2.0,6.0
Newcastle Knights,"Bradley Dean, Jaron Thames, Will Neighbour, Mekhi Hendry, Messiah Jones","Newcastle Knights|1,11,15,2,5",5,Messiah Jones,2,Mekhi Hendry,2,6,2,0,1,2.0,6.0
Newcastle Knights,"Bradley Dean, Sam Trunley, Jaron Thames, Messiah Jones, Theo Riley","Newcastle Knights|1,10,11,5,9",5,Messiah Jones,10,Sam Trunley,2,6,2,0,1,2.0,6.0
Worthing Thunder,"Danny Evans, Matthew Bryan-Amaning, Justin Hopkins, Elijah Maynard, Elliott Dadds","Worthing Thunder|0,11,15,22,7",7,Elliott Dadds,0,Danny Evans,3,6,0,3,2,1.5,3.0
Newcastle Knights,"Bradley Dean, Sam Trunley, Jaron Thames, Messiah Jones, Max Matthews","Newcastle Knights|1,10,11,5,8",5,Messiah Jones,10,Sam Trunley,2,6,2,0,1,2.0,6.0
Essex Rebels,"Michael Amako, Kyron Martin, Miles Brown, Tom Child, Harry Gent","Essex Rebels|1,10,2,22,36",22,Tom Child,10,Kyron Martin,2,6,2,0,1,2.0,6.0
Nottingham Hoods,"Tyrone Williams, Abiodun Adedo, Donell Nixon Ii, Elliot Bailey, Micah Savery-Richards","Nottingham Hoods|1,12,24,6,8",24,Donell Nixon Ii,8,Micah Savery-Richards,3,6,0,3,3,1.0,2.0
Hemel Storm,"Darien Nelson-Henry, Kai Walker, Matt Norman, Brayden Inger, Sam Newman","Hemel Storm|10,11,2,3,4",11,Kai Walker,4,Sam Newman,2,6,2,0,1,2.0,6.0
Hemel Storm,"Mergim Sokoli, Kai Walker, Matt Norman, Brayden Inger, Sam Newman","Hemel Storm|0,11,2,3,4",0,Mergim Sokoli,3,Brayden Inger,2,6,2,0,1,2.0,6.0
Nottingham Hoods,"Tyrone Williams, Abiodun Adedo, Byrce Johnson, Donell Nixon Ii, Micah Savery-Richards","Nottingham Hoods|1,12,21,24,8",1,Tyrone Williams,24,Donell Nixon Ii,2,6,2,0,2,1.0,3.0
Reading Rockets,"Cooper Creek, Jax Bouknight, Yusef Salih, Eliaz (Zain) Poorman, Simon Chamberlain","Reading Rockets|14,4,5,6,9",6,Eliaz (Zain) Poorman,5,Yusef Salih,2,6,2,0,2,1.0,3.0
Yorkshire Dragons,"David Ulph, Jordan Whelan, Jordan Jefferson, Corey Johnson, Nick Lewis","Yorkshire Dragons|10,23,4,9,93",4,Jordan Jefferson,23,Jordan Whelan,2,6,2,0,2,1.0,3.0
Milton Keynes Breakers,"Ben Baker-Mccann, Mike New Jr., Jordan Spencer, Blayne Freckleton, Chase Thompson","Milton Keynes Breakers|11,15,23,7,8",15,Mike New Jr.,23,Jordan Spencer,2,6,2,0,1,2.0,6.0
Hemel Storm,"Darien Nelson-Henry, Kai Walker, Matt Norman, Veron Eze, Sam Newman","Hemel Storm|10,11,2,21,4",11,Kai Walker,10,Darien Nelson-Henry,3,6,0,3,2,1.5,3.0
Newcastle Knights,"Bradley Dean, Jaron Thames, Rowell Graham-Bell, Will Neighbour, Mekhi Hendry","Newcastle Knights|1,11,14,15,2",15,Will Neighbour,14,Rowell Graham-Bell,3,6,0,3,1,3.0,6.0
Birmingham Rockets,"Ronald Blain, Orlan Jackman, Zack Powell, Eric Donaldson, Martyn Gayle","Birmingham Rockets|0,13,14,3,8",0,Ronald Blain,8,Martyn Gayle,2,6,2,0,2,1.0,3.0
Bristol Flyers II,"Roman Price, Reggie Eigbe, Nassim Ladjimi, Anthony Bhebhe, Thomas Browne","Bristol Flyers II|11,13,24,4,7",4,Anthony Bhebhe,24,Nassim Ladjimi,2,6,2,0,1,2.0,6.0
Hemel Storm,"Darien Nelson-Henry, Kai Walker, Matt Norman, Brayden Inger, Sam Newman","Hemel Storm|10,11,2,3,4",11,Kai Walker,2,Matt Norman,2,6,2,0,2,1.0,3.0
Milton Keynes Breakers,"Dashawn Jackson, Luke Gregory, Xavier Wilson, Jordan Spencer, Blayne Freckleton","Milton Keynes Breakers|10,13,21,23,7",13,Luke Gregory,7,Blayne Freckleton,2,6,2,0,1,2.0,6.0
Derby Trailblazers,"Connor Washington, Jai Pathmarajah, Robert Marsden, Charlie Brown, Malcolm Smith","Derby Trailblazers|13,22,30,4,9",30,Robert Marsden,9,Malcolm Smith,3,6,0,3,2,1.5,3.0
Milton Keynes Breakers,"Dashawn Jackson, Mike New Jr., Xavier Wilson, Jordan Spencer, Blayne Freckleton","Milton Keynes Breakers|1,15,21,23,7",15,Mike New Jr.,1,Dashawn Jackson,2,6,2,0,2,1.0,3.0
Reading Rockets,"Malik Bryant, Cooper Creek, Yusef Salih, Victor Olarerin, Simon Chamberlain","Reading Rockets|10,14,5,8,9",5,Yusef Salih,9,Simon Chamberlain,2,6,2,0,1,2.0,6.0
Nottingham Hoods,"Tyrone Williams, Abiodun Adedo, Byrce Johnson, Donell Nixon Ii, Sam Akano","Nottingham Hoods|1,12,21,24,7",24,Donell Nixon Ii,1,Tyrone Williams,3,6,0,3,2,1.5,3.0
London Cavaliers,"Juan Manning, Joe Richards, Daniel Braster, Aj Roberts, Aaron Pyne","London Cavaliers|10,11,23,4,7",4,Aj Roberts,10,Juan Manning,2,6,2,0,1,2.0,6.0
Loughborough Riders,"Levi Ehiorobo, Seth Wylie, Jalen Cook, Oscar Curran, Michael Joiner","Loughborough Riders|12,15,21,23,7",7,Michael Joiner,15,Seth Wylie,2,6,2,0,1,2.0,6.0
Bristol Flyers II,"Yusuf Hafid, Reggie Eigbe, Nikolas Sagkovits, Nassim Ladjimi, Ebuka Ekwegh","Bristol Flyers II|0,13,21,24,8",24,Nassim Ladjimi,8,Ebuka Ekwegh,2,6,2,0,2,1.0,3.0
Reading Rockets,"Malik Bryant, Ty Nsangu, Jax Bouknight, Eliaz (Zain) Poorman, Victor Olarerin","Reading Rockets|10,12,4,6,8",8,Victor Olarerin,10,Malik Bryant,2,6,2,0,2,1.0,3.0
Nottingham Hoods,"Byrce Johnson, Donell Nixon Ii, Elliot Bailey, Sam Akano, Micah Savery-Richards","Nottingham Hoods|21,24,6,7,8",7,Sam Akano,24,Donell Nixon Ii,2,6,2,0,2,1.0,3.0
Reading Rockets,"Malik Bryant, Ty Nsangu, Jax Bouknight, Eliaz (Zain) Poorman, Victor Olarerin","Reading Rockets|10,12,4,6,8",8,Victor Olarerin,6,Eliaz (Zain) Poorman,3,6,0,3,2,1.5,3.0
Nottingham Hoods,"Tyrone Williams, Abiodun Adedo, Donell Nixon Ii, Elliot Bailey, Micah Savery-Richards","Nottingham Hoods|1,12,24,6,8",24,Donell Nixon Ii,6,Elliot Bailey,2,6,2,0,2,1.0,3.0
Nottingham Hoods,"Tyrone Williams, Byrce Johnson, Donell Nixon Ii, Sam Akano, Micah Savery-Richards","Nottingham Hoods|1,21,24,7,8",24,Donell Nixon Ii,7,Sam Akano,2,6,2,0,2,1.0,3.0
Essex Rebels,"Kyron Martin, Daniel Johnson-Thompson, Harry Gent, Ben Winter, Johnny Mckew","Essex Rebels|10,13,36,5,7",10,Kyron Martin,7,Johnny Mckew,2,6,2,0,1,2.0,6.0
Nottingham Hoods,"Tyrone Williams, Abiodun Adedo, Byrce Johnson, Donell Nixon Ii, Sam Akano","Nottingham Hoods|1,12,21,24,7",7,Sam Akano,21,Byrce Johnson,2,6,2,0,2,1.0,3.0
Derby Trailblazers,"Connor Washington, Jai Pathmarajah, Robert Marsden, Charlie Brown, Raheem May-Thompson","Derby Trailblazers|13,22,30,4,7",4,Charlie Brown,13,Connor Washington,2,6,2,0,1,2.0,6.0
London Cavaliers,"Juan Manning, Daniel Delsol-Lowry, Mekhi Collins, Daniel Braster, Aj Roberts","London Cavaliers|10,12,13,23,4",10,Juan Manning,23,Daniel Braster,2,6,2,0,1,2.0,6.0
London Cavaliers,"Juan Manning, Daniel Delsol-Lowry, Mekhi Collins, Daniel Braster, Aj Roberts","London Cavaliers|10,12,13,23,4",12,Daniel Delsol-Lowry,4,Aj Roberts,2,6,2,0,2,1.0,3.0
Milton Keynes Breakers,"Jonas Dietrich, Luke Gregory, Mike New Jr., Jordan Spencer, Blayne Freckleton","Milton Keynes Breakers|12,13,15,23,7",13,Luke Gregory,15,Mike New Jr.,3,6,0,3,1,3.0,6.0
Milton Keynes Breakers,"Jonas Dietrich, Luke Gregory, Mike New Jr., Jordan Spencer, Blayne Freckleton","Milton Keynes Breakers|12,13,15,23,7",7,Blayne Freckleton,23,Jordan Spencer,2,6,2,0,1,2.0,6.0
Milton Keynes Breakers,"Jonas Dietrich, Luke Gregory, Mike New Jr., Jordan Spencer, Blayne Freckleton","Milton Keynes Breakers|12,13,15,23,7",15,Mike New Jr.,23,Jordan Spencer,2,6,2,0,1,2.0,6.0
Bristol Hurricanes,"Daniel Edozie, Elvisi Dusha, Jules Dang-Akodo, Denzel Ubiaro, Chris Taylor","Bristol Hurricanes|1,12,23,31,9",9,Chris Taylor,31,Denzel Ubiaro,2,6,2,0,2,1.0,3.0
Loughborough Riders,"Cameron Nyarko, Levi Ehiorobo, Liam Campbell, Seth Wylie, Dan Hadley","Loughborough Riders|11,12,4,43,5",4,Liam Campbell,11,Cameron Nyarko,2,6,2,0,1,2.0,6.0
Loughborough Riders,"Johde Campbell, Levi Ehiorobo, Jalen Cook, Oscar Curran, Callum Keys","Loughborough Riders|0,10,31,6,8",0,Johde Campbell,10,Levi Ehiorobo,3,6,0,3,2,1.5,3.0
Worthing Thunder,"Matthew Bryan-Amaning, Justin Hopkins, Elijah Maynard, Jonathan Lashley, Elliott Dadds","Worthing Thunder|11,15,22,35,7",7,Elliott Dadds,11,Matthew Bryan-Amaning,2,6,2,0,1,2.0,6.0
Essex Rebels,"Daniel Johnson-Thompson, Remy Udeh, Tom Child, Harry Gent, Ben Winter","Essex Rebels|13,14,22,36,5",5,Ben Winter,22,Tom Child,2,6,2,0,1,2.0,6.0
Essex Rebels,"Daniel Johnson-Thompson, Remy Udeh, Isaac Temilola, Tom Child, Ben Winter","Essex Rebels|13,14,15,22,5",22,Tom Child,14,Remy Udeh,2,6,2,0,1,2.0,6.0
Milton Keynes Breakers,"Jonas Dietrich, Luke Gregory, Mike New Jr., Jordan Spencer, Kalvin Oates","Milton Keynes Breakers|12,13,15,23,5",23,Jordan Spencer,13,Luke Gregory,3,6,0,3,1,3.0,6.0
Milton Keynes Breakers,"Kai Williams, Jonas Dietrich, Mike New Jr., Jordan Spencer, Kalvin Oates","Milton Keynes Breakers|0,12,15,23,5",23,Jordan Spencer,0,Kai Williams,3,6,0,3,1,3.0,6.0
Milton Keynes Breakers,"Jonas Dietrich, Luke Gregory, Mike New Jr., Jordan Spencer, Kalvin Oates","Milton Keynes Breakers|12,13,15,23,5",12,Jonas Dietrich,5,Kalvin Oates,2,6,2,0,1,2.0,6.0
Derby Trailblazers,"Elias Norman, Connor Washington, Sean Mo Walker, Robert Marsden, Charlie Brown","Derby Trailblazers|12,13,3,30,4",4,Charlie Brown,30,Robert Marsden,3,6,0,3,1,3.0,6.0
Bristol Flyers II,"Yusuf Hafid, Lanre Ayinla, Roman Price, Jack Craggs, Nassim Ladjimi","Bristol Flyers II|0,10,11,12,24",0,Yusuf Hafid,24,Nassim Ladjimi,2,6,2,0,1,2.0,6.0
Milton Keynes Breakers,"Chase Thompson, Jonas Dietrich, Mike New Jr, Jordan Spencer, Dashawn Jackson","Milton Keynes Breakers|10,12,15,23,9",23,Jordan Spencer,9,Dashawn Jackson,2,5,1,1,1,2.0,5.0
Bristol Flyers II,"Yusuf Hafid, Lanre Ayinla, Reggie Eigbe, Nikolas Sagkovits, Nassim Ladjimi","Bristol Flyers II|0,10,13,21,24",13,Reggie Eigbe,24,Nassim Ladjimi,2,5,1,1,2,1.0,2.5
Worthing Thunder,"Matthew Bryan-Amaning, Justin Hopkins, Elijah Maynard, Bode Adeluola, Elliott Dadds","Worthing Thunder|11,15,22,5,7",7,Elliott Dadds,11,Matthew Bryan-Amaning,2,5,1,1,2,1.0,2.5
Bristol Flyers II,"Jack Craggs, Nikolas Sagkovits, Marvin Dinnall, Giuseppe Landolfi, Tom Browne","Bristol Flyers II|12,21,5,7,8",5,Marvin Dinnall,7,Giuseppe Landolfi,2,5,1,1,1,2.0,5.0
Essex Rebels,"Kyron Martin, Remy Udeh, Miles Brown, Tom Child, Tyreese Hudson","Essex Rebels|10,14,2,22,9",9,Tyreese Hudson,2,Miles Brown,2,5,1,1,2,1.0,2.5
Reading Rockets,"Malik Bryant, Jax Bouknight, Eliaz (Zain) Poorman, Victor Olarerin, Simon Chamberlain","Reading Rockets|10,4,6,8,9",4,Jax Bouknight,10,Malik Bryant,2,5,1,1,2,1.0,2.5
Birmingham Rockets,"Ronald Blain, Zack Powell, Eric Donaldson, Lucas Mcgregor, Martyn Gayle","Birmingham Rockets|0,14,3,6,8",0,Ronald Blain,3,Eric Donaldson,2,5,1,1,2,1.0,2.5
Milton Keynes Breakers,"Dashawn Jackson, Jonas Dietrich, Jordan Spencer, Chris Tawiah, Chase Thompson","Milton Keynes Breakers|1,12,23,25,8",12,Jonas Dietrich,8,Chase Thompson,2,5,1,1,1,2.0,5.0
Newcastle Knights,"Bradley Dean, Sam Trunley, Jaron Thames, Will Neighbour, Messiah Jones","Newcastle Knights|1,10,11,15,5",15,Will Neighbour,5,Messiah Jones,2,5,1,1,2,1.0,2.5
Newcastle Knights,"Bradley Dean, Sam Trunley, Jaron Thames, Messiah Jones, Max Matthews","Newcastle Knights|1,10,11,5,8",1,Bradley Dean,10,Sam Trunley,2,5,1,1,2,1.0,2.5
Newcastle Knights,"Bradley Dean, Sam Trunley, Jaron Thames, Will Neighbour, Messiah Jones","Newcastle Knights|1,10,11,15,5",10,Sam Trunley,11,Jaron Thames,2,5,1,1,2,1.0,2.5
Worthing Thunder,"Danny Evans, Justin Hopkins, Elijah Maynard, Adrian Scarborough, Bode Adeluola","Worthing Thunder|0,15,22,4,5",22,Elijah Maynard,5,Bode Adeluola,2,5,1,1,2,1.0,2.5
Worthing Thunder,"Danny Evans, Justin Hopkins, Elijah Maynard, Adrian Scarborough, Bode Adeluola","Worthing Thunder|0,15,22,4,5",5,Bode Adeluola,22,Elijah Maynard,2,5,1,1,2,1.0,2.5
London Cavaliers,"Juan Manning, Joe Richards, Mekhi Collins, Marquel Beasley, Aj Roberts","London Cavaliers|10,11,13,15,4",4,Aj Roberts,11,Joe Richards,2,5,1,1,2,1.0,2.5
Hemel Storm,"Darien Nelson-Henry, Kai Walker, Matt Norman, Brayden Inger, Sam Newman","Hemel Storm|10,11,2,3,4",10,Darien Nelson-Henry,4,Sam Newman,2,5,1,1,2,1.0,2.5
Nottingham Hoods,"Mergin Sokoli, Tyrone Williams, Donell Nixon Ii, Thierry Walker, Elliot Bailey","Nottingham Hoods|0,1,24,4,6",0,Mergin Sokoli,6,Elliot Bailey,2,5,1,1,2,1.0,2.5
Loughborough Riders,"Johde Campbell, Michael Joiner, Jalen Cook, Tomide Akinsuku, Seth Wylie","Loughborough Riders|0,11,31,36,43",11,Michael Joiner,31,Jalen Cook,2,5,1,1,2,1.0,2.5
Reading Rockets,"Ty Nsangu, Cooper Creek, Jax Bouknight, Eliaz (Zain) Poorman, Victor Olarerin","Reading Rockets|12,14,4,6,8",8,Victor Olarerin,14,Cooper Creek,2,5,1,1,2,1.0,2.5
Worthing Thunder,"Matthew Bryan-Amaning, Justin Hopkins, Elijah Maynard, Bode Adeluola, Elliott Dadds","Worthing Thunder|11,15,22,5,7",5,Bode Adeluola,22,Elijah Maynard,2,5,1,1,2,1.0,2.5
Bristol Hurricanes,"Daniel Edozie, David Forsyth, Elvisi Dusha, Heru Bligen, Corey Samuels","Bristol Hurricanes|1,11,12,33,4",4,Corey Samuels,12,Elvisi Dusha,2,5,1,1,1,2.0,5.0
London Cavaliers,"Juan Manning, Joe Richards, Mekhi Collins, Marquel Beasley, Daniel Braster","London Cavaliers|10,11,13,15,23",10,Juan Manning,15,Marquel Beasley,2,5,1,1,2,1.0,2.5
Derby Trailblazers,"Jai Pathmarajah, Sean Mo Walker, Charlie Brown, Harlond Beverley Jr, Raheem May-Thompson","Derby Trailblazers|22,3,4,5,7",5,Harlond Beverley Jr,22,Jai Pathmarajah,2,5,1,1,1,2.0,5.0
Derby Trailblazers,"Connor Washington, Robert Marsden, Harlond Beverley Jr, Evan Oliver, Raheem May-Thompson","Derby Trailblazers|13,30,5,6,7",30,Robert Marsden,7,Raheem May-Thompson,2,5,1,1,2,1.0,2.5
Newcastle Knights,"Sam Trunley, Jaron Thames, Finn Cork, Noah Saa, Max Matthews","Newcastle Knights|10,11,13,14,8",11,Jaron Thames,8,Max Matthews,2,5,1,1,1,2.0,5.0
Reading Rockets,"Cooper Creek, Jax Bouknight, Lewis Champion, Victor Olarerin, Simon Chamberlain","Reading Rockets|14,4,7,8,9",4,Jax Bouknight,8,Victor Olarerin,2,5,1,1,1,2.0,5.0
Reading Rockets,"Ty Nsangu, Jax Bouknight, Eliaz (Zain) Poorman, Victor Olarerin, Simon Chamberlain","Reading Rockets|12,4,6,8,9",8,Victor Olarerin,6,Eliaz (Zain) Poorman,2,5,1,1,2,1.0,2.5
Reading Rockets,"Ty Nsangu, Cooper Creek, Eliaz (Zain) Poorman, Lewis Champion, Victor Olarerin","Reading Rockets|12,14,6,7,8",7,Lewis Champion,8,Victor Olarerin,2,5,1,1,1,2.0,5.0
Reading Rockets,"Malik Bryant, Ty Nsangu, Eliaz (Zain) Poorman, Lewis Champion, Victor Olarerin","Reading Rockets|10,12,6,7,8",10,Malik Bryant,8,Victor Olarerin,2,5,1,1,1,2.0,5.0
Hemel Storm,"Kai Walker, Taylor Johnson, Matt Norman, Brayden Inger, Sam Newman","Hemel Storm|11,12,2,3,4",4,Sam Newman,3,Brayden Inger,2,5,1,1,2,1.0,2.5
Loughborough Riders,"Johde Campbell, Tomide Akinsuku, Jalen Cook, Callum Keys, Michael Joiner","Loughborough Riders|10,13,21,6,7",21,Jalen Cook,6,Callum Keys,2,5,1,1,2,1.0,2.5
Newcastle Knights,"Bradley Dean, Jaron Thames, Sam Trunley, Will Neighbour, Messiah Jones","Newcastle Knights|1,11,14,15,5",5,Messiah Jones,15,Will Neighbour,2,5,1,1,2,1.0,2.5
Newcastle Knights,"Bradley Dean, Sam Trunley, Jaron Thames, Finn Cork, Max Matthews","Newcastle Knights|1,10,11,13,8",8,Max Matthews,11,Jaron Thames,2,5,1,1,2,1.0,2.5
Newcastle Knights,"Bradley Dean, Sam Trunley, Jaron Thames, Messiah Jones, Max Matthews","Newcastle Knights|1,10,11,5,8",11,Jaron Thames,8,Max Matthews,2,5,1,1,2,1.0,2.5
Worthing Thunder,"Danny Evans, Justin Hopkins, Troy Mcindoe, Adrian Scarborough, Bode Adeluola","Worthing Thunder|0,15,23,4,5",5,Bode Adeluola,23,Troy Mcindoe,2,5,1,1,1,2.0,5.0
Worthing Thunder,"Danny Evans, Matthew Bryan-Amaning, Elijah Maynard, Bode Adeluola, Elliott Dadds","Worthing Thunder|0,11,22,5,7",5,Bode Adeluola,22,Elijah Maynard,2,5,1,1,2,1.0,2.5
Worthing Thunder,"Matthew Bryan-Amaning, Justin Hopkins, Elijah Maynard, Bode Adeluola, Elliott Dadds","Worthing Thunder|11,15,22,5,7",11,Matthew Bryan-Amaning,7,Elliott Dadds,2,5,1,1,2,1.0,2.5
Loughborough Riders,"Johde Campbell, Ben Woog, Michael Joiner, Jalen Cook, Callum Keys","Loughborough Riders|0,10,11,31,8",8,Callum Keys,0,Johde Campbell,2,5,1,1,2,1.0,2.5
Yorkshire Dragons,"R. Ani, David Ulph, Logan Rooney, J. Melke, Nick Lewis","Yorkshire Dragons|1,10,3,5,93",10,David Ulph,3,Logan Rooney,2,5,1,1,2,1.0,2.5
Hemel Storm,"Darien Nelson-Henry, Kai Walker, Taylor Johnson, Matt Norman, Sam Newman","Hemel Storm|10,11,12,2,4",2,Matt Norman,12,Taylor Johnson,2,5,1,1,2,1.0,2.5
Yorkshire Dragons,"David Ulph, Logan Rooney, J. Melke, Corey Johnson, Nick Lewis","Yorkshire Dragons|10,14,5,6,93",93,Nick Lewis,14,Logan Rooney,2,5,1,1,2,1.0,2.5
Hemel Storm,"Kai Walker, Taylor Johnson, Matt Norman, Brayden Inger, Sam Newman","Hemel Storm|11,12,2,3,4",12,Taylor Johnson,11,Kai Walker,2,5,1,1,2,1.0,2.5
Nottingham Hoods,"Tyrone Williams, Micah Savery-Richards, Donell Nixon Ii, Elliot Bailey, Sam Akano","Nottingham Hoods|1,14,24,6,7",1,Tyrone Williams,24,Donell Nixon Ii,2,5,1,1,2,1.0,2.5
Milton Keynes Breakers,"Kai Williams, Dashawn Jackson, Jonas Dietrich, Mike New Jr., Jordan Spencer","Milton Keynes Breakers|0,1,12,15,23",23,Jordan Spencer,0,Kai Williams,2,5,1,1,2,1.0,2.5
Milton Keynes Breakers,"Dashawn Jackson, Jonas Dietrich, Mike New Jr., Xavier Wilson, Jordan Spencer","Milton Keynes Breakers|1,12,15,21,23",15,Mike New Jr.,23,Jordan Spencer,2,5,1,1,1,2.0,5.0
Newcastle Knights,"Bradley Dean, Sam Trunley, Jaron Thames, Finn Cork, Max Matthews","Newcastle Knights|1,10,11,13,8",11,Jaron Thames,8,Max Matthews,2,5,1,1,2,1.0,2.5
Newcastle Knights,"Bradley Dean, Sam Trunley, Jaron Thames, Messiah Jones, Max Matthews","Newcastle Knights|1,10,11,5,8",1,Bradley Dean,11,Jaron Thames,2,5,1,1,2,1.0,2.5
Hemel Storm,"Matt Norman, Veron Eze, Di-Jani Parkinson, Brayden Inger, Sam Newman","Hemel Storm|2,21,23,3,4",4,Sam Newman,3,Brayden Inger,2,5,1,1,2,1.0,2.5
Hemel Storm,"Kai Walker, Taylor Johnson, Matt Norman, Veron Eze, Sam Newman","Hemel Storm|11,12,2,21,4",4,Sam Newman,12,Taylor Johnson,2,5,1,1,2,1.0,2.5
Birmingham Rockets,"Ronald Blain, Orlan Jackman, Zack Powell, Eric Donaldson, Lucas Mcgregor","Birmingham Rockets|0,13,14,3,6",0,Ronald Blain,6,Lucas Mcgregor,2,5,1,1,2,1.0,2.5
Birmingham Rockets,"Ronald Blain, Orlan Jackman, Zack Powell, Eric Donaldson, Lucas Mcgregor","Birmingham Rockets|0,13,14,3,6",6,Lucas Mcgregor,14,Zack Powell,2,5,1,1,2,1.0,2.5
Bristol Hurricanes,"Daniel Edozie, Elvisi Dusha, James Claar, Denzel Ubiaro, Corey Samuels","Bristol Hurricanes|1,12,24,31,4",1,Daniel Edozie,24,James Claar,2,5,1,1,1,2.0,5.0
Birmingham Rockets,"Ronald Blain, Orlan Jackman, Zack Powell, Eric Donaldson, Lucas Mcgregor","Birmingham Rockets|0,13,14,3,6",3,Eric Donaldson,0,Ronald Blain,2,5,1,1,2,1.0,2.5
Yorkshire Dragons,"R. Ani, David Ulph, Eddie Brownell, Jordan Whelan, Andreas Lycoudis","Yorkshire Dragons|1,10,2,23,7",23,Jordan Whelan,2,Eddie Brownell,2,5,1,1,1,2.0,5.0
Worthing Thunder,"Matthew Bryan-Amaning, Justin Hopkins, Elijah Maynard, Adrian Scarborough, Elliott Dadds","Worthing Thunder|11,15,22,4,7",4,Adrian Scarborough,22,Elijah Maynard,2,5,1,1,2,1.0,2.5
Worthing Thunder,"Matthew Bryan-Amaning, Justin Hopkins, Elijah Maynard, Adrian Scarborough, Elliott Dadds","Worthing Thunder|11,15,22,4,7",11,Matthew Bryan-Amaning,7,Elliott Dadds,2,5,1,1,2,1.0,2.5
Milton Keynes Breakers,"Ben Baker-Mccann, Jonas Dietrich, Luke Gregory, Jordan Spencer, Chase Thompson","Milton Keynes Breakers|11,12,13,23,8",12,Jonas Dietrich,23,Jordan Spencer,2,5,1,1,1,2.0,5.0
Reading Rockets,"Malik Bryant, Cooper Creek, Jax Bouknight, Eliaz (Zain) Poorman, Victor Olarerin","Reading Rockets|10,14,4,6,8",4,Jax Bouknight,8,Victor Olarerin,2,5,1,1,2,1.0,2.5
Reading Rockets,"Malik Bryant, Cooper Creek, Jax Bouknight, Eliaz (Zain) Poorman, Victor Olarerin","Reading Rockets|10,14,4,6,8",10,Malik Bryant,8,Victor Olarerin,2,5,1,1,2,1.0,2.5
Yorkshire Dragons,"David Ulph, Jordan Whelan, J. Melke, Corey Johnson, Nick Lewis","Yorkshire Dragons|10,23,5,9,93",10,David Ulph,93,Nick Lewis,2,5,1,1,2,1.0,2.5
Yorkshire Dragons,"David Ulph, Jordan Whelan, J. Melke, Corey Johnson, Nick Lewis","Yorkshire Dragons|10,23,5,9,93",23,Jordan Whelan,5,J. Melke,2,5,1,1,2,1.0,2.5
Yorkshire Dragons,"David Ulph, Jordan Whelan, J. Melke, Corey Johnson, Nick Lewis","Yorkshire Dragons|10,23,5,9,93",10,David Ulph,9,Corey Johnson,2,5,1,1,2,1.0,2.5
Hemel Storm,"Darien Nelson-Henry, Veron Eze, Brayden Inger, Sam Newman, Jovan Rai","Hemel Storm|10,21,3,4,5",4,Sam Newman,5,Jovan Rai,2,5,1,1,1,2.0,5.0
Birmingham Rockets,"Ronald Blain, Orlan Jackman, Zack Powell, Eric Donaldson, Lucas Mcgregor","Birmingham Rockets|0,13,14,3,6",13,Orlan Jackman,6,Lucas Mcgregor,2,5,1,1,2,1.0,2.5
Essex Rebels,"Remy Udeh, Miles Brown, Anthony Idiata-Mendez, Tom Child, Harry Gent","Essex Rebels|14,2,20,22,36",22,Tom Child,2,Miles Brown,2,5,1,1,2,1.0,2.5
Essex Rebels,"Michael Amako, Kyron Martin, Miles Brown, Tom Child, Tyreese Hudson","Essex Rebels|1,10,2,22,9",22,Tom Child,1,Michael Amako,2,5,1,1,2,1.0,2.5
Birmingham Rockets,"Ronald Blain, Orlan Jackman, Zack Powell, Faaris Mughaal, Martyn Gayle","Birmingham Rockets|0,13,14,7,8",0,Ronald Blain,8,Martyn Gayle,2,5,1,1,2,1.0,2.5
Birmingham Rockets,"Ronald Blain, Orlan Jackman, Zack Powell, Faaris Mughaal, Martyn Gayle","Birmingham Rockets|0,13,14,7,8",13,Orlan Jackman,0,Ronald Blain,2,5,1,1,2,1.0,2.5
Birmingham Rockets,"Ronald Blain, Luke Okosieme, Eric Donaldson, Lucas Mcgregor, Faaris Mughaal","Birmingham Rockets|0,21,3,6,7",0,Ronald Blain,3,Eric Donaldson,2,5,1,1,2,1.0,2.5
Birmingham Rockets,"Ronald Blain, Luke Okosieme, Eric Donaldson, Lucas Mcgregor, Faaris Mughaal","Birmingham Rockets|0,21,3,6,7",0,Ronald Blain,6,Lucas Mcgregor,2,5,1,1,2,1.0,2.5
Newcastle Knights,"Bradley Dean, Sam Trunley, Jaron Thames, Hafeez Abdul, Messiah Jones","Newcastle Knights|1,10,11,3,5",11,Jaron Thames,5,Messiah Jones,2,5,1,1,2,1.0,2.5
Worthing Thunder,"Danny Evans, Matthew Bryan-Amaning, Justin Hopkins, Adrian Scarborough, Elliott Dadds","Worthing Thunder|0,11,15,4,7",11,Matthew Bryan-Amaning,15,Justin Hopkins,2,5,1,1,2,1.0,2.5
Bristol Hurricanes,"Daniel Edozie, Denzel Ubiaro, Corey Samuels, Vilmantas Dilys, Chris Taylor","Bristol Hurricanes|1,31,4,55,9",55,Vilmantas Dilys,4,Corey Samuels,2,5,1,1,2,1.0,2.5
Newcastle Knights,"Sam Trunley, Jaron Thames, Hafeez Abdul, Messiah Jones, Max Matthews","Newcastle Knights|10,11,3,5,8",8,Max Matthews,11,Jaron Thames,2,5,1,1,1,2.0,5.0
Nottingham Hoods,"Tyrone Williams, Byrce Johnson, Thierry Walker, Elliot Bailey, Sam Akano","Nottingham Hoods|1,21,4,6,7",4,Thierry Walker,7,Sam Akano,2,5,1,1,1,2.0,5.0
Reading Rockets,"Malik Bryant, Jax Bouknight, Eliaz (Zain) Poorman, Victor Olarerin, Simon Chamberlain","Reading Rockets|10,4,6,8,9",6,Eliaz (Zain) Poorman,10,Malik Bryant,2,5,1,1,2,1.0,2.5
Nottingham Hoods,"Tyrone Williams, Byrce Johnson, Thierry Walker, Sam Akano, Micah Savery-Richards","Nottingham Hoods|0,25,4,7,8",7,Sam Akano,25,Byrce Johnson,2,5,1,1,2,1.0,2.5
Hemel Storm,"Darien Nelson-Henry, Taylor Johnson, Brayden Inger, Sam Newman, Jack Burnell","Hemel Storm|10,12,3,4,7",12,Taylor Johnson,7,Jack Burnell,2,5,1,1,1,2.0,5.0
Yorkshire Dragons,"David Ulph, Jordan Whelan, Logan Rooney, J. Melke, Nick Lewis","Yorkshire Dragons|10,23,3,5,93",5,J. Melke,23,Jordan Whelan,2,5,1,1,2,1.0,2.5
Birmingham Rockets,"Ronald Blain, Orlan Jackman, Zack Powell, Eric Donaldson, Lucas Mcgregor","Birmingham Rockets|0,13,14,3,6",0,Ronald Blain,14,Zack Powell,2,5,1,1,1,2.0,5.0
Worthing Thunder,"Danny Evans, Matthew Bryan-Amaning, Elijah Maynard, Bode Adeluola, Elliott Dadds","Worthing Thunder|0,11,22,5,7",7,Elliott Dadds,11,Matthew Bryan-Amaning,2,5,1,1,2,1.0,2.5
Worthing Thunder,"Matthew Bryan-Amaning, Elijah Maynard, Adrian Scarborough, Bode Adeluola, Elliott Dadds","Worthing Thunder|11,22,4,5,7",5,Bode Adeluola,4,Adrian Scarborough,2,5,1,1,2,1.0,2.5
Milton Keynes Breakers,"Ben Baker-Mccann, Mike New Jr., Xavier Wilson, Jordan Spencer, Blayne Freckleton","Milton Keynes Breakers|11,15,21,23,7",11,Ben Baker-Mccann,15,Mike New Jr.,2,5,1,1,2,1.0,2.5
Worthing Thunder,"Matthew Bryan-Amaning, Justin Hopkins, Elijah Maynard, Bode Adeluola, Elliott Dadds","Worthing Thunder|11,15,22,5,7",15,Justin Hopkins,22,Elijah Maynard,2,5,1,1,2,1.0,2.5
Loughborough Riders,"Johde Campbell, Ben Woog, Michael Joiner, Milo Gordon, Jalen Cook","Loughborough Riders|0,10,11,22,31",10,Ben Woog,31,Jalen Cook,2,5,1,1,1,2.0,5.0
Hemel Storm,"Darien Nelson-Henry, Taylor Johnson, Veron Eze, Di-Jani Parkinson, Sam Newman","Hemel Storm|10,12,21,23,4",4,Sam Newman,12,Taylor Johnson,2,5,1,1,2,1.0,2.5
Essex Rebels,"Kyron Martin, Remy Udeh, Miles Brown, Tom Child, Harry Gent","Essex Rebels|10,14,2,22,36",10,Kyron Martin,22,Tom Child,2,5,1,1,2,1.0,2.5
Yorkshire Dragons,"David Ulph, Jordan Whelan, Logan Rooney, J. Melke, Nick Lewis","Yorkshire Dragons|10,23,3,5,93",93,Nick Lewis,23,Jordan Whelan,2,5,1,1,2,1.0,2.5
Derby Trailblazers,"Casey Burr, Connor Washington, Jai Pathmarajah, Sean Mo Walker, Raheem May-Thompson","Derby Trailblazers|0,13,22,3,7",22,Jai Pathmarajah,3,Sean Mo Walker,2,5,1,1,2,1.0,2.5
Derby Trailblazers,"Casey Burr, Connor Washington, Jai Pathmarajah, Sean Mo Walker, Raheem May-Thompson","Derby Trailblazers|0,13,22,3,7",22,Jai Pathmarajah,0,Casey Burr,2,5,1,1,2,1.0,2.5
Derby Trailblazers,"Casey Burr, Connor Washington, Jai Pathmarajah, Sean Mo Walker, Raheem May-Thompson","Derby Trailblazers|0,13,22,3,7",0,Casey Burr,22,Jai Pathmarajah,2,5,1,1,1,2.0,5.0
Derby Trailblazers,"Connor Washington, Jai Pathmarajah, Sean Mo Walker, Robert Marsden, Raheem May-Thompson","Derby Trailblazers|13,22,3,30,7",22,Jai Pathmarajah,13,Connor Washington,2,5,1,1,1,2.0,5.0
Reading Rockets,"Malik Bryant, Jax Bouknight, Eliaz (Zain) Poorman, Victor Olarerin, Simon Chamberlain","Reading Rockets|10,4,6,8,9",10,Malik Bryant,9,Simon Chamberlain,2,5,1,1,2,1.0,2.5
Nottingham Hoods,"Tyrone Williams, Jani Griffith, Byrce Johnson, Thierry Walker, Sam Akano","Nottingham Hoods|0,15,25,4,7",0,Tyrone Williams,25,Byrce Johnson,2,5,1,1,1,2.0,5.0
Reading Rockets,"La'quarne Sayles, Cooper Creek, Jax Bouknight, Eliaz (Zain) Poorman, Victor Olarerin","Reading Rockets|11,14,4,6,8",6,Eliaz (Zain) Poorman,8,Victor Olarerin,2,5,1,1,1,2.0,5.0
Milton Keynes Breakers,"Dashawn Jackson, Jonas Dietrich, Luke Gregory, Jordan Spencer, Chase Thompson","Milton Keynes Breakers|1,12,13,23,8",23,Jordan Spencer,8,Chase Thompson,2,5,1,1,2,1.0,2.5
Milton Keynes Breakers,"Ben Baker-Mccann, Jonas Dietrich, Mike New Jr., Xavier Wilson, Jordan Spencer","Milton Keynes Breakers|11,12,15,21,23",23,Jordan Spencer,15,Mike New Jr.,2,5,1,1,2,1.0,2.5
Nottingham Hoods,"Tyrone Williams, Jani Griffiths, Byrce Johnson, Sam Akano, Micah Savery-Richards","Nottingham Hoods|0,15,25,7,8",0,Tyrone Williams,25,Byrce Johnson,2,5,1,1,1,2.0,5.0
Bristol Flyers II,"Roman Price, Jack Craggs, Marvin Dinnall, Giuseppe Landolfi, Thomas Browne","Bristol Flyers II|11,12,5,7,8",7,Giuseppe Landolfi,11,Roman Price,2,5,1,1,1,2.0,5.0
Essex Rebels,"Kyron Martin, Remy Udeh, Miles Brown, Tom Child, Harry Gent","Essex Rebels|10,14,2,22,36",22,Tom Child,14,Remy Udeh,2,5,1,1,2,1.0,2.5
Bristol Flyers II,"Yusuf Hafid, Lanre Ayinla, Reggie Eigbe, Nassim Ladjimi, Giuseppe Landolfi","Bristol Flyers II|0,10,13,24,7",0,Yusuf Hafid,7,Giuseppe Landolfi,2,5,1,1,2,1.0,2.5
Milton Keynes Breakers,"Ben Baker-Mccann, Mike New Jr., Xavier Wilson, Jordan Spencer, Blayne Freckleton","Milton Keynes Breakers|11,15,21,23,7",7,Blayne Freckleton,23,Jordan Spencer,2,5,1,1,2,1.0,2.5
Birmingham Rockets,"Ronald Blain, Orlan Jackman, Eric Donaldson, Lucas Mcgregor, Faaris Mughaal","Birmingham Rockets|0,13,3,6,7",0,Ronald Blain,13,Orlan Jackman,2,5,1,1,2,1.0,2.5
Birmingham Rockets,"Ronald Blain, Orlan Jackman, Eric Donaldson, Lucas Mcgregor, Martyn Gayle","Birmingham Rockets|0,13,3,6,8",3,Eric Donaldson,13,Orlan Jackman,2,5,1,1,2,1.0,2.5
Hemel Storm,"Darien Nelson-Henry, Kai Walker, Taylor Johnson, Matt Norman, Sam Newman","Hemel Storm|10,11,12,2,4",11,Kai Walker,10,Darien Nelson-Henry,2,5,1,1,2,1.0,2.5
Nottingham Hoods,"Tyrone Williams, Jani Griffith, Donell Nixon Ii, Elliot Bailey, Sam Akano","Nottingham Hoods|1,15,24,6,7",1,Tyrone Williams,7,Sam Akano,2,5,1,1,1,2.0,5.0
Derby Trailblazers,"Casey Burr, Connor Washington, Jai Pathmarajah, Robert Marsden, Malcolm Smith","Derby Trailblazers|0,13,22,30,9",30,Robert Marsden,0,Casey Burr,2,5,1,1,2,1.0,2.5
Derby Trailblazers,"Connor Washington, Jai Pathmarajah, Sean Mo Walker, Raheem May-Thompson, Malcolm Smith","Derby Trailblazers|13,22,3,7,9",22,Jai Pathmarajah,7,Raheem May-Thompson,2,5,1,1,2,1.0,2.5
Milton Keynes Breakers,"Dashawn Jackson, Xavier Wilson, Jordan Spencer, Blayne Freckleton, Chase Thompson","Milton Keynes Breakers|10,21,23,7,8",21,Xavier Wilson,23,Jordan Spencer,2,5,1,1,2,1.0,2.5
Milton Keynes Breakers,"Ben Baker-Mccann, Jonas Dietrich, Xavier Wilson, Jordan Spencer, Chase Thompson","Milton Keynes Breakers|11,12,21,23,8",23,Jordan Spencer,8,Chase Thompson,2,5,1,1,2,1.0,2.5
Milton Keynes Breakers,"Dashawn Jackson, Luke Gregory, Mike New Jr., Jordan Spencer, Blayne Freckleton","Milton Keynes Breakers|1,13,15,23,7",23,Jordan Spencer,15,Mike New Jr.,2,5,1,1,2,1.0,2.5
Nottingham Hoods,"Tyrone Williams, Jani Griffith, Donell Nixon Ii, Thierry Walker, Elliot Bailey","Nottingham Hoods|1,15,24,4,6",1,Tyrone Williams,6,Elliot Bailey,2,5,1,1,1,2.0,5.0
Nottingham Hoods,"Tyrone Williams, Jani Griffith, Donell Nixon Ii, Thierry Walker, Elliot Bailey","Nottingham Hoods|1,15,24,4,6",24,Donell Nixon Ii,6,Elliot Bailey,2,5,1,1,2,1.0,2.5
London Cavaliers,"Juan Manning, Joe Richards, Mekhi Collins, Darren Ainembabazi, Aj Roberts","London Cavaliers|10,11,13,3,4",4,Aj Roberts,11,Joe Richards,2,5,1,1,2,1.0,2.5
Derby Trailblazers,"Casey Burr, Connor Washington, Jai Pathmarajah, Robert Marsden, Malcolm Smith","Derby Trailblazers|0,13,22,30,9",13,Connor Washington,0,Casey Burr,2,5,1,1,1,2.0,5.0
Birmingham Rockets,"Orlan Jackman, Larry Duru, Eric Donaldson, Lucas Mcgregor, Martyn Gayle","Birmingham Rockets|13,16,3,6,8",8,Martyn Gayle,13,Orlan Jackman,2,5,1,1,1,2.0,5.0
Birmingham Rockets,"Orlan Jackman, Larry Duru, Eric Donaldson, Lucas Mcgregor, Martyn Gayle","Birmingham Rockets|13,16,3,6,8",3,Eric Donaldson,8,Martyn Gayle,2,5,1,1,1,2.0,5.0
Worthing Thunder,"Elijah Maynard, Adrian Scarborough, Elliott Dadds, Alfie Price, Briceny Lomeka","Worthing Thunder|22,4,7,88,9",7,Elliott Dadds,4,Adrian Scarborough,2,5,1,1,2,1.0,2.5
Derby Trailblazers,"Connor Washington, Sean Mo Walker, Charlie Brown, Raheem May-Thompson, Malcolm Smith","Derby Trailblazers|13,3,4,7,9",9,Malcolm Smith,3,Sean Mo Walker,2,5,1,1,2,1.0,2.5
Derby Trailblazers,"Connor Washington, Sean Mo Walker, Charlie Brown, Raheem May-Thompson, Malcolm Smith","Derby Trailblazers|13,3,4,7,9",13,Connor Washington,3,Sean Mo Walker,2,5,1,1,2,1.0,2.5
Bristol Flyers II,"Yusuf Hafid, Jack Craggs, Nikolas Sagkovits, Nassim Ladjimi, Ebuka Ekwegh","Bristol Flyers II|0,12,21,24,6",12,Jack Craggs,24,Nassim Ladjimi,2,5,1,1,2,1.0,2.5
Reading Rockets,"Ty Nsangu, Jax Bouknight, Yusef Salih, Victor Olarerin, Simon Chamberlain","Reading Rockets|12,4,5,8,9",4,Jax Bouknight,9,Simon Chamberlain,2,5,1,1,2,1.0,2.5
Reading Rockets,"Malik Bryant, Ty Nsangu, Cooper Creek, Jax Bouknight, Yusef Salih","Reading Rockets|10,12,14,4,5",4,Jax Bouknight,14,Cooper Creek,2,5,1,1,2,1.0,2.5
Hemel Storm,"Darien Nelson-Henry, Matt Norman, Brayden Inger, Sam Newman, Jovan Rai","Hemel Storm|10,2,3,4,5",4,Sam Newman,2,Matt Norman,2,5,1,1,2,1.0,2.5
Reading Rockets,"Cooper Creek, Jax Bouknight, Yusef Salih, Victor Olarerin, Simon Chamberlain","Reading Rockets|14,4,5,8,9",5,Yusef Salih,8,Victor Olarerin,2,5,1,1,2,1.0,2.5
Worthing Thunder,"Danny Evans, Matthew Bryan-Amaning, Justin Hopkins, Adrian Scarborough, Bode Adeluola","Worthing Thunder|0,11,15,4,5",5,Bode Adeluola,0,Danny Evans,2,5,1,1,1,2.0,5.0
Birmingham Rockets,"Ronald Blain, Orlan Jackman, Eric Donaldson, Lucas Mcgregor, Martyn Gayle","Birmingham Rockets|0,13,3,6,8",6,Lucas Mcgregor,3,Eric Donaldson,2,5,1,1,2,1.0,2.5
Newcastle Knights,"Bradley Dean, Sam Trunley, Jaron Thames, Will Neighbour, Max Matthews","Newcastle Knights|1,10,11,15,8",8,Max Matthews,10,Sam Trunley,2,5,1,1,2,1.0,2.5
Bristol Hurricanes,"Daniel Edozie, Elvisi Dusha, Denzel Ubiaro, Corey Samuels, Chris Taylor","Bristol Hurricanes|1,12,31,4,9",12,Elvisi Dusha,31,Denzel Ubiaro,2,5,1,1,2,1.0,2.5
Worthing Thunder,"Justin Hopkins, Elijah Maynard, Jonathan Lashley, Adrian Scarborough, Elliott Dadds","Worthing Thunder|15,22,35,4,7",22,Elijah Maynard,15,Justin Hopkins,2,5,1,1,2,1.0,2.5
Birmingham Rockets,"Ronald Blain, Orlan Jackman, Zack Powell, Eric Donaldson, Faaris Mughaal","Birmingham Rockets|0,13,14,3,7",14,Zack Powell,7,Faaris Mughaal,2,5,1,1,2,1.0,2.5
Birmingham Rockets,"Ronald Blain, Orlan Jackman, Zack Powell, Luke Okosieme, Martyn Gayle","Birmingham Rockets|0,13,14,21,8",14,Zack Powell,13,Orlan Jackman,2,5,1,1,2,1.0,2.5
Hemel Storm,"Kai Walker, Matt Norman, Brayden Inger, Sam Newman, Jack Burnell","Hemel Storm|11,2,3,4,7",4,Sam Newman,11,Kai Walker,2,5,1,1,2,1.0,2.5
Loughborough Riders,"Johde Campbell, Tomide Akinsuku, Jalen Cook, Liam Campbell, Callum Keys","Loughborough Riders|10,13,21,4,6",10,Johde Campbell,21,Jalen Cook,2,5,1,1,2,1.0,2.5
Reading Rockets,"Malik Bryant, Ty Nsangu, Yusef Salih, Eliaz (Zain) Poorman, Victor Olarerin","Reading Rockets|10,12,5,6,8",12,Ty Nsangu,5,Yusef Salih,2,5,1,1,2,1.0,2.5
Nottingham Hoods,"Tyrone Williams, Byrce Johnson, Donell Nixon Ii, Thierry Walker, Elliot Bailey","Nottingham Hoods|1,21,24,4,6",24,Donell Nixon Ii,1,Tyrone Williams,2,5,1,1,1,2.0,5.0
Loughborough Riders,"Johde Campbell, Victor Ndoukou, Jalen Cook, Tomide Akinsuku, Dan Hadley","Loughborough Riders|0,21,31,36,5",0,Johde Campbell,31,Jalen Cook,2,5,1,1,1,2.0,5.0
Bristol Hurricanes,"David Forsyth, Elvisi Dusha, Jules Dang-Akodo, Corey Samuels, Chris Taylor","Bristol Hurricanes|11,12,23,4,9",9,Chris Taylor,23,Jules Dang-Akodo,2,5,1,1,2,1.0,2.5
Reading Rockets,"Malik Bryant, Ty Nsangu, Yusef Salih, Eliaz (Zain) Poorman, Victor Olarerin","Reading Rockets|10,12,5,6,8",5,Yusef Salih,8,Victor Olarerin,2,5,1,1,2,1.0,2.5
Nottingham Hoods,"Tyrone Williams, Abiodun Adedo, Byrce Johnson, Donell Nixon Ii, Sam Akano","Nottingham Hoods|1,12,21,24,7",21,Byrce Johnson,1,Tyrone Williams,2,5,1,1,2,1.0,2.5
Yorkshire Dragons,"David Ulph, Logan Rooney, Jack Mielke, Corey Johnson, Nick Lewis","Yorkshire Dragons|10,3,5,9,93",93,Nick Lewis,5,Jack Mielke,2,5,1,1,2,1.0,2.5
Derby Trailblazers,"Connor Washington, Jai Pathmarajah, Robert Marsden, Charlie Brown, Raheem May-Thompson","Derby Trailblazers|13,22,30,4,7",30,Robert Marsden,7,Raheem May-Thompson,2,5,1,1,2,1.0,2.5
Reading Rockets,"Malik Bryant, Cooper Creek, Jax Bouknight, Yusef Salih, Eliaz (Zain) Poorman","Reading Rockets|10,14,4,5,6",6,Eliaz (Zain) Poorman,4,Jax Bouknight,2,5,1,1,2,1.0,2.5
Bristol Hurricanes,"David Forsyth, Elvisi Dusha, Jules Dang-Akodo, Vilmantas Dilys, Chris Taylor","Bristol Hurricanes|11,12,23,55,9",11,David Forsyth,55,Vilmantas Dilys,2,5,1,1,2,1.0,2.5
Bristol Flyers II,"Yusuf Hafid, Roman Price, Nassim Ladjimi, Wickens Simba, Thomas Browne","Bristol Flyers II|0,11,24,6,7",6,Wickens Simba,11,Roman Price,2,5,1,1,2,1.0,2.5
Essex Rebels,"Daniel Johnson-Thompson, Remy Udeh, Miles Brown, Tom Child, Ben Winter","Essex Rebels|13,14,2,22,5",14,Remy Udeh,5,Ben Winter,2,5,1,1,1,2.0,5.0
Essex Rebels,"Daniel Johnson-Thompson, Remy Udeh, Miles Brown, Tom Child, Ben Winter","Essex Rebels|13,14,2,22,5",22,Tom Child,2,Miles Brown,2,5,1,1,1,2.0,5.0
Essex Rebels,"Daniel Johnson-Thompson, Remy Udeh, Miles Brown, Tom Child, Ben Winter","Essex Rebels|13,14,2,22,5",22,Tom Child,14,Remy Udeh,2,5,1,1,2,1.0,2.5
Yorkshire Dragons,"David Ulph, Jordan Whelan, Jack Mielke, Corey Johnson, Nick Lewis","Yorkshire Dragons|10,23,5,9,93",93,Nick Lewis,5,Jack Mielke,2,5,1,1,1,2.0,5.0
Yorkshire Dragons,"David Ulph, Jordan Whelan, Jack Mielke, Corey Johnson, Nick Lewis","Yorkshire Dragons|10,23,5,9,93",93,Nick Lewis,23,Jordan Whelan,2,5,1,1,1,2.0,5.0
Loughborough Riders,"Johde Campbell, Michael Joiner, Jalen Cook, Tomide Akinsuku, Victor Ndukou","Loughborough Riders|0,11,12,13,7",7,Victor Ndukou,12,Jalen Cook,2,5,1,1,2,1.0,2.5
Newcastle Knights,"Bradley Dean, Jaron Thames, Will Neighbour, Mekhi Hendry, Messiah Jones","Newcastle Knights|1,11,15,2,5",11,Jaron Thames,15,Will Neighbour,2,5,1,1,2,1.0,2.5
Newcastle Knights,"Bradley Dean, Sam Trunley, Jaron Thames, Will Neighbour, Messiah Jones","Newcastle Knights|1,10,11,15,5",5,Messiah Jones,1,Bradley Dean,2,5,1,1,2,1.0,2.5
Newcastle Knights,"Bradley Dean, Sam Trunley, Jaron Thames, Will Neighbour, Max Matthews","Newcastle Knights|1,10,11,15,8",1,Bradley Dean,10,Sam Trunley,2,5,1,1,2,1.0,2.5
Yorkshire Dragons,"David Ulph, Jordan Whelan, Jordan Jefferson, Jack Mielke, Corey Johnson","Yorkshire Dragons|10,23,4,5,9",10,David Ulph,9,Corey Johnson,2,5,1,1,2,1.0,2.5
Newcastle Knights,"Bradley Dean, Jaron Thames, Will Neighbour, Mekhi Hendry, Messiah Jones","Newcastle Knights|1,11,15,2,5",2,Mekhi Hendry,15,Will Neighbour,2,5,1,1,2,1.0,2.5
Newcastle Knights,"Bradley Dean, Sam Trunley, Jaron Thames, Messiah Jones, Max Matthews","Newcastle Knights|1,10,11,5,8",5,Messiah Jones,8,Max Matthews,2,5,1,1,1,2.0,5.0
Essex Rebels,"Daniel Johnson-Thompson, Miles Brown, Tom Child, Ben Winter, Johnny Mckew","Essex Rebels|13,2,22,5,7",22,Tom Child,13,Daniel Johnson-Thompson,2,5,1,1,1,2.0,5.0
Milton Keynes Breakers,"Dashawn Jackson, Jonas Dietrich, Mike New Jr., Xavier Wilson, Jordan Spencer","Milton Keynes Breakers|1,12,15,21,23",21,Xavier Wilson,1,Dashawn Jackson,2,5,1,1,2,1.0,2.5
Nottingham Hoods,"Tyrone Williams, Abiodun Adedo, Donell Nixon Ii, Elliot Bailey, Micah Savery-Richards","Nottingham Hoods|1,12,24,6,8",1,Tyrone Williams,6,Elliot Bailey,2,5,1,1,2,1.0,2.5
Loughborough Riders,"Johde Campbell, Michael Joiner, Jalen Cook, Tomide Akinsuku, Dan Hadley","Loughborough Riders|0,11,31,36,5",11,Michael Joiner,0,Johde Campbell,2,5,1,1,1,2.0,5.0
Loughborough Riders,"Johde Campbell, Tomide Akinsuku, Jalen Cook, Callum Keys, Michael Joiner","Loughborough Riders|10,13,21,6,7",7,Michael Joiner,21,Jalen Cook,2,5,1,1,2,1.0,2.5
Yorkshire Dragons,"David Ulph, Jordan Jefferson, Jack Mielke, Corey Johnson, Nick Lewis","Yorkshire Dragons|10,4,5,9,93",93,Nick Lewis,9,Corey Johnson,2,5,1,1,2,1.0,2.5
Reading Rockets,"Jax Bouknight, Yusef Salih, Eliaz (Zain) Poorman, Victor Olarerin, Simon Chamberlain","Reading Rockets|4,5,6,8,9",8,Victor Olarerin,4,Jax Bouknight,2,5,1,1,1,2.0,5.0
Yorkshire Dragons,"David Ulph, Jordan Whelan, Jordan Jefferson, Jack Mielke, Corey Johnson","Yorkshire Dragons|10,23,4,5,9",10,David Ulph,23,Jordan Whelan,2,5,1,1,2,1.0,2.5
Reading Rockets,"Malik Bryant, Cooper Creek, Jax Bouknight, Eliaz (Zain) Poorman, Victor Olarerin","Reading Rockets|10,14,4,6,8",10,Malik Bryant,14,Cooper Creek,2,5,1,1,2,1.0,2.5
Nottingham Hoods,"Tyrone Williams, Byrce Johnson, Donell Nixon Ii, Sam Akano, Micah Savery-Richards","Nottingham Hoods|1,21,24,7,8",21,Byrce Johnson,24,Donell Nixon Ii,2,5,1,1,2,1.0,2.5
Nottingham Hoods,"Tyrone Williams, Byrce Johnson, Donell Nixon Ii, Elliot Bailey, Micah Savery-Richards","Nottingham Hoods|1,21,24,6,8",1,Tyrone Williams,21,Byrce Johnson,2,5,1,1,2,1.0,2.5
Newcastle Knights,"Bradley Dean, Sam Trunley, Jaron Thames, Jason Soodeen, Theo Riley","Newcastle Knights|1,10,11,12,9",1,Bradley Dean,9,Theo Riley,2,5,1,1,1,2.0,5.0
Essex Rebels,"Daniel Johnson-Thompson, Remy Udeh, Miles Brown, Tom Child, Ben Winter","Essex Rebels|13,14,2,22,5",13,Daniel Johnson-Thompson,14,Remy Udeh,2,5,1,1,1,2.0,5.0
Hemel Storm,"Mergim Sokoli, Kai Walker, Matt Norman, Sam Newman, Jovan Rai","Hemel Storm|0,11,2,4,5",4,Sam Newman,11,Kai Walker,2,5,1,1,1,2.0,5.0
Newcastle Knights,"Bradley Dean, Jaron Thames, Rowell Graham-Bell, Will Neighbour, Mekhi Hendry","Newcastle Knights|1,11,14,15,2",1,Bradley Dean,15,Will Neighbour,2,5,1,1,1,2.0,5.0
Birmingham Rockets,"Ronald Blain, Zack Powell, Luke Okosieme, Eric Donaldson, Faaris Mughaal","Birmingham Rockets|0,14,21,3,7",14,Zack Powell,0,Ronald Blain,2,5,1,1,1,2.0,5.0
Bristol Hurricanes,"Daniel Edozie, Elvisi Dusha, Denzel Ubiaro, Corey Samuels, Vilmantas Dilys","Bristol Hurricanes|1,12,31,4,55",55,Vilmantas Dilys,12,Elvisi Dusha,2,5,1,1,1,2.0,5.0
London Cavaliers,"Juan Manning, Daniel Delsol-Lowry, Mekhi Collins, Marquel Beasley, Aj Roberts","London Cavaliers|10,12,13,15,4",10,Juan Manning,15,Marquel Beasley,2,5,1,1,2,1.0,2.5
Worthing Thunder,"Danny Evans, Matthew Bryan-Amaning, Justin Hopkins, Elijah Maynard, Elliott Dadds","Worthing Thunder|0,11,15,22,7",0,Danny Evans,15,Justin Hopkins,2,5,1,1,2,1.0,2.5
Derby Trailblazers,"Connor Washington, Jai Pathmarajah, Sean Mo Walker, Charlie Brown, Malcolm Smith","Derby Trailblazers|13,22,3,4,9",9,Malcolm Smith,4,Charlie Brown,2,5,1,1,2,1.0,2.5
Nottingham Hoods,"Tyrone Williams, Abiodun Adedo, Donell Nixon Ii, Elliot Bailey, Micah Savery-Richards","Nottingham Hoods|1,12,24,6,8",24,Donell Nixon Ii,12,Abiodun Adedo,2,5,1,1,2,1.0,2.5
Yorkshire Dragons,"David Ulph, Jordan Jefferson, Jack Mielke, Corey Johnson, Nick Lewis","Yorkshire Dragons|10,4,5,9,93",9,Corey Johnson,5,Jack Mielke,2,5,1,1,2,1.0,2.5
Yorkshire Dragons,"David Ulph, Jordan Whelan, Logan Rooney, Corey Johnson, Nick Lewis","Yorkshire Dragons|10,23,3,9,93",93,Nick Lewis,23,Jordan Whelan,2,5,1,1,1,2.0,5.0
Milton Keynes Breakers,"Dashawn Jackson, Mike New Jr., Xavier Wilson, Jordan Spencer, Blayne Freckleton","Milton Keynes Breakers|1,15,21,23,7",7,Blayne Freckleton,21,Xavier Wilson,2,5,1,1,1,2.0,5.0
Hemel Storm,"Darien Nelson-Henry, Matt Norman, Brayden Inger, Sam Newman, Jovan Rai","Hemel Storm|10,2,3,4,5",3,Brayden Inger,2,Matt Norman,2,5,1,1,1,2.0,5.0
Hemel Storm,"Mergim Sokoli, Kai Walker, Brayden Inger, Sam Newman, Jack Burnell","Hemel Storm|0,11,3,4,7",4,Sam Newman,0,Mergim Sokoli,2,5,1,1,2,1.0,2.5
London Cavaliers,"Juan Manning, Joe Richards, Daniel Delsol-Lowry, Marquel Beasley, Aaron Pyne","London Cavaliers|10,11,12,15,7",12,Daniel Delsol-Lowry,11,Joe Richards,2,5,1,1,1,2.0,5.0
Nottingham Hoods,"Tyrone Williams, Abiodun Adedo, Donell Nixon Ii, Elliot Bailey, Micah Savery-Richards","Nottingham Hoods|1,12,24,6,8",8,Micah Savery-Richards,12,Abiodun Adedo,2,5,1,1,2,1.0,2.5
Nottingham Hoods,"Byrce Johnson, Latrell Maitland, Donell Nixon Ii, Elliot Bailey, Sam Akano","Nottingham Hoods|21,23,24,6,7",7,Sam Akano,21,Byrce Johnson,2,5,1,1,1,2.0,5.0
Nottingham Hoods,"Byrce Johnson, Latrell Maitland, Donell Nixon Ii, Elliot Bailey, Sam Akano","Nottingham Hoods|21,23,24,6,7",24,Donell Nixon Ii,6,Elliot Bailey,2,5,1,1,1,2.0,5.0
Nottingham Hoods,"Tyrone Williams, Abiodun Adedo, Byrce Johnson, Donell Nixon Ii, Micah Savery-Richards","Nottingham Hoods|1,12,21,24,8",1,Tyrone Williams,21,Byrce Johnson,2,5,1,1,2,1.0,2.5
Nottingham Hoods,"Tyrone Williams, Byrce Johnson, Donell Nixon Ii, Elliot Bailey, Micah Savery-Richards","Nottingham Hoods|1,21,24,6,8",21,Byrce Johnson,8,Micah Savery-Richards,2,5,1,1,2,1.0,2.5
Worthing Thunder,"Matthew Bryan-Amaning, Justin Hopkins, Elijah Maynard, Jonathan Lashley, Elliott Dadds","Worthing Thunder|11,15,22,35,7",7,Elliott Dadds,15,Justin Hopkins,2,5,1,1,2,1.0,2.5
Birmingham Rockets,"Ronald Blain, Zack Powell, Luke Okosieme, Lucas Mcgregor, Martyn Gayle","Birmingham Rockets|0,14,21,6,8",14,Zack Powell,6,Lucas Mcgregor,2,5,1,1,2,1.0,2.5
Reading Rockets,"Malik Bryant, Yusef Salih, Eliaz (Zain) Poorman, Victor Olarerin, Simon Chamberlain","Reading Rockets|10,5,6,8,9",6,Eliaz (Zain) Poorman,9,Simon Chamberlain,2,5,1,1,1,2.0,5.0
Worthing Thunder,"Danny Evans, Justin Hopkins, Elijah Maynard, Jonathan Lashley, Elliott Dadds","Worthing Thunder|0,15,22,35,7",15,Justin Hopkins,0,Danny Evans,2,5,1,1,2,1.0,2.5
Nottingham Hoods,"Byrce Johnson, Donell Nixon Ii, Elliot Bailey, Sam Akano, Micah Savery-Richards","Nottingham Hoods|21,24,6,7,8",7,Sam Akano,21,Byrce Johnson,2,5,1,1,1,2.0,5.0
Worthing Thunder,"Danny Evans, Justin Hopkins, Elijah Maynard, Jonathan Lashley, Elliott Dadds","Worthing Thunder|0,15,22,35,7",7,Elliott Dadds,15,Justin Hopkins,2,5,1,1,2,1.0,2.5
Worthing Thunder,"Danny Evans, Justin Hopkins, Elijah Maynard, Jonathan Lashley, Elliott Dadds","Worthing Thunder|0,15,22,35,7",0,Danny Evans,15,Justin Hopkins,2,5,1,1,2,1.0,2.5
Hemel Storm,"Darien Nelson-Henry, Kai Walker, Brayden Inger, Sam Newman, Jack Burnell","Hemel Storm|10,11,3,4,7",4,Sam Newman,11,Kai Walker,2,5,1,1,2,1.0,2.5
Milton Keynes Breakers,"Jonas Dietrich, Luke Gregory, Mike New Jr., Jordan Spencer, Blayne Freckleton","Milton Keynes Breakers|12,13,15,23,7",23,Jordan Spencer,15,Mike New Jr.,2,5,1,1,1,2.0,5.0
Milton Keynes Breakers,"Kai Williams, Jonas Dietrich, Mike New Jr., Jordan Spencer, Kalvin Oates","Milton Keynes Breakers|0,12,15,23,5",23,Jordan Spencer,12,Jonas Dietrich,2,5,1,1,2,1.0,2.5
Nottingham Hoods,"Tyrone Williams, Abiodun Adedo, Byrce Johnson, Donell Nixon Ii, Sam Akano","Nottingham Hoods|1,12,21,24,7",12,Abiodun Adedo,21,Byrce Johnson,2,5,1,1,1,2.0,5.0
Worthing Thunder,"Matthew Bryan-Amaning, Justin Hopkins, Elijah Maynard, Jonathan Lashley, Elliott Dadds","Worthing Thunder|11,15,22,35,7",11,Matthew Bryan-Amaning,15,Justin Hopkins,2,5,1,1,1,2.0,5.0
Birmingham Rockets,"Ronald Blain, Luke Okosieme, Eric Donaldson, Lucas Mcgregor, Martyn Gayle","Birmingham Rockets|0,21,3,6,8",3,Eric Donaldson,0,Ronald Blain,2,5,1,1,1,2.0,5.0
Yorkshire Dragons,"David Ulph, Jordan Whelan, Jordan Jefferson, Jack Mielke, Corey Johnson","Yorkshire Dragons|10,23,4,5,9",9,Corey Johnson,5,Jack Mielke,2,5,1,1,1,2.0,5.0
Nottingham Hoods,"Tyrone Williams, Byrce Johnson, Donell Nixon Ii, Elliot Bailey, Sam Akano","Nottingham Hoods|1,21,24,6,7",6,Elliot Bailey,1,Tyrone Williams,2,5,1,1,1,2.0,5.0
Hemel Storm,"Matt Norman, Veron Eze, Di-Jani Parkinson, Brayden Inger, Sam Newman","Hemel Storm|2,21,23,3,4",4,Sam Newman,2,Matt Norman,2,5,1,1,1,2.0,5.0
Milton Keynes Breakers,"Kai Williams, Jonas Dietrich, Mike New Jr., Jordan Spencer, Kalvin Oates","Milton Keynes Breakers|0,12,15,23,5",15,Mike New Jr.,23,Jordan Spencer,2,5,1,1,1,2.0,5.0
Reading Rockets,"Malik Bryant, Cooper Creek, Yusef Salih, Eliaz (Zain) Poorman, Victor Olarerin","Reading Rockets|10,14,5,6,8",10,Malik Bryant,5,Yusef Salih,2,5,1,1,1,2.0,5.0
Derby Trailblazers,"Casey Burr, Jai Pathmarajah, Sean Mo Walker, Robert Marsden, Charlie Brown","Derby Trailblazers|0,22,3,30,4",22,Jai Pathmarajah,0,Casey Burr,2,5,1,1,1,2.0,5.0
Worthing Thunder,"Danny Evans, Justin Hopkins, Elijah Maynard, Jonathan Lashley, Elliott Dadds","Worthing Thunder|0,15,22,35,7",22,Elijah Maynard,15,Justin Hopkins,2,5,1,1,1,2.0,5.0
Loughborough Riders,"Johde Campbell, Jalen Cook, Seth Wylie, Oscar Curran, Callum Keys","Loughborough Riders|0,12,43,6,8",0,Johde Campbell,12,Jalen Cook,2,5,1,1,1,2.0,5.0
Loughborough Riders,"Johde Campbell, Jalen Cook, Seth Wylie, Dan Hadley, Cameron Nyarko","Loughborough Riders|0,12,43,5,7",0,Johde Campbell,12,Jalen Cook,2,5,1,1,1,2.0,5.0
Milton Keynes Breakers,"Dashawn Jackson, Ben Baker-Mccann, Xavier Wilson, Jordan Spencer, Chase Thompson","Milton Keynes Breakers|1,11,21,23,8",23,Jordan Spencer,21,Xavier Wilson,2,4,0,2,2,1.0,2.0
Bristol Flyers II,"Yusuf Hafid, Lanre Ayinla, Reggie Eigbe, Nikolas Sagkovits, Nassim Ladjimi","Bristol Flyers II|0,10,13,21,24",21,Nikolas Sagkovits,10,Lanre Ayinla,2,4,0,2,2,1.0,2.0
Worthing Thunder,"Matthew Bryan-Amaning, Justin Hopkins, Elijah Maynard, Bode Adeluola, Elliott Dadds","Worthing Thunder|11,15,22,5,7",11,Matthew Bryan-Amaning,15,Justin Hopkins,2,4,0,2,2,1.0,2.0
Worthing Thunder,"Matthew Bryan-Amaning, Justin Hopkins, Elijah Maynard, Adrian Scarborough, Elliott Dadds","Worthing Thunder|11,15,22,4,7",4,Adrian Scarborough,11,Matthew Bryan-Amaning,2,4,0,2,2,1.0,2.0
Bristol Hurricanes,"D. Edozie, D. Forsyth, K. Hill, C. Tucker, C. Samuels","Bristol Hurricanes|1,11,2,3,4",11,D. Forsyth,1,D. Edozie,2,4,0,2,1,2.0,4.0
Reading Rockets,"Malik Bryant, Jax Bouknight, Eliaz (Zain) Poorman, Victor Olarerin, Simon Chamberlain","Reading Rockets|10,4,6,8,9",10,Malik Bryant,6,Eliaz (Zain) Poorman,2,4,0,2,1,2.0,4.0
Hemel Storm,"Darien Nelson-Henry, Kai Walker, Matt Norman, Veron Eze, Sam Newman","Hemel Storm|10,11,2,21,4",21,Veron Eze,2,Matt Norman,2,4,0,2,2,1.0,2.0
Birmingham Rockets,"Ronald Blain, Zack Powell, Eric Donaldson, Lucas Mcgregor, Martyn Gayle","Birmingham Rockets|0,14,3,6,8",6,Lucas Mcgregor,0,Ronald Blain,2,4,0,2,2,1.0,2.0
Nottingham Hoods,"Mergin Sokoli, Tyrone Williams, Micah Salvery-Richards, Donell Nixon Ii, Elliot Bailey","Nottingham Hoods|0,1,14,24,6",24,Donell Nixon Ii,14,Micah Salvery-Richards,2,4,0,2,1,2.0,4.0
Nottingham Hoods,"Mergin Sokoli, Tyrone Williams, Latrell Maitland, Donell Nixon Ii, Elliot Bailey","Nottingham Hoods|0,1,23,24,6",1,Tyrone Williams,24,Donell Nixon Ii,2,4,0,2,2,1.0,2.0
Newcastle Knights,"Bradley Dean, Sam Trunley, Jaron Thames, Finn Cork, Max Matthews","Newcastle Knights|1,10,11,13,8",10,Sam Trunley,13,Finn Cork,2,4,0,2,2,1.0,2.0
Milton Keynes Breakers,"Dashawn Jackson, Jonas Dietrich, Jordan Spencer, Chris Tawiah, Chase Thompson","Milton Keynes Breakers|1,12,23,25,8",8,Chase Thompson,25,Chris Tawiah,2,4,0,2,1,2.0,4.0
Bristol Hurricanes,"Elvisi Dusha, James Claar, Denzel Ubiaro, Corey Samuels, Vilmantas Dilys","Bristol Hurricanes|12,24,31,4,55",12,Elvisi Dusha,4,Corey Samuels,2,4,0,2,2,1.0,2.0
Derby Trailblazers,"Jai Pathmarajah, Sean Mo Walker, Charlie Brown, Evan Oliver, Raheem May-Thompson","Derby Trailblazers|22,3,4,6,7",22,Jai Pathmarajah,3,Sean Mo Walker,2,4,0,2,2,1.0,2.0
Essex Rebels,"Remy Udeh, Miles Brown, Anthony Idiata-Mendez, Tom Child, Harry Gent","Essex Rebels|14,2,20,22,36",20,Anthony Idiata-Mendez,36,Harry Gent,2,4,0,2,2,1.0,2.0
London Cavaliers,"Juan Manning, Marquel Beasley, Daniel Braster, Darren Ainembabazi, Aj Roberts","London Cavaliers|10,15,23,3,4",10,Juan Manning,23,Daniel Braster,2,4,0,2,2,1.0,2.0
Hemel Storm,"Darien Nelson-Henry, Matt Norman, Veron Eze, Di-Jani Parkinson, Jack Burnell","Hemel Storm|10,2,21,23,7",23,Di-Jani Parkinson,21,Veron Eze,2,4,0,2,1,2.0,4.0
Hemel Storm,"Matt Norman, Veron Eze, Brayden Inger, Sam Newman, Jack Burnell","Hemel Storm|2,21,3,4,7",4,Sam Newman,3,Brayden Inger,2,4,0,2,2,1.0,2.0
Nottingham Hoods,"Tyrone Williams, Micah Savery-Richards, Donell Nixon Ii, Elliot Bailey, Sam Akano","Nottingham Hoods|1,14,24,6,7",7,Sam Akano,1,Tyrone Williams,2,4,0,2,2,1.0,2.0
Loughborough Riders,"Johde Campbell, Michael Joiner, Jalen Cook, Tomide Akinsuku, Callum Keys","Loughborough Riders|0,11,12,13,8",8,Callum Keys,0,Johde Campbell,2,4,0,2,2,1.0,2.0
Loughborough Riders,"Johde Campbell, Michael Joiner, Jalen Cook, Seth Wylie, Callum Keys","Loughborough Riders|0,11,12,43,8",0,Johde Campbell,11,Michael Joiner,2,4,0,2,1,2.0,4.0
Reading Rockets,"Cooper Creek, Jax Bouknight, Eliaz (Zain) Poorman, Victor Olarerin, Simon Chamberlain","Reading Rockets|14,4,6,8,9",8,Victor Olarerin,6,Eliaz (Zain) Poorman,2,4,0,2,2,1.0,2.0
Reading Rockets,"Malik Bryant, James Waterhouse, Jax Bouknight, Matthew Allman, Simon Chamberlain","Reading Rockets|10,15,4,5,9",4,Jax Bouknight,9,Simon Chamberlain,2,4,0,2,1,2.0,4.0
Bristol Hurricanes,"Elvisi Dusha, James Claar, Denzel Ubiaro, Corey Samuels, Vilmantas Dilys","Bristol Hurricanes|12,24,31,4,55",4,Corey Samuels,24,James Claar,2,4,0,2,2,1.0,2.0
Bristol Hurricanes,"Daniel Edozie, Elvisi Dusha, James Claar, Denzel Ubiaro, Corey Samuels","Bristol Hurricanes|1,12,24,31,4",31,Denzel Ubiaro,24,James Claar,2,4,0,2,2,1.0,2.0
Derby Trailblazers,"Connor Washington, Jai Pathmarajah, Sean Mo Walker, Robert Marsden, Charlie Brown","Derby Trailblazers|13,22,3,30,4",30,Robert Marsden,3,Sean Mo Walker,2,4,0,2,2,1.0,2.0
London Cavaliers,"Juan Manning, Mekhi Collins, Daniel Braster, Darren Ainembabazi, Aj Roberts","London Cavaliers|10,13,23,3,4",23,Daniel Braster,13,Mekhi Collins,2,4,0,2,2,1.0,2.0
Hemel Storm,"Darien Nelson-Henry, Taylor Johnson, Matt Norman, Brayden Inger, Sam Newman","Hemel Storm|10,12,2,3,4",4,Sam Newman,3,Brayden Inger,2,4,0,2,2,1.0,2.0
Loughborough Riders,"Johde Campbell, Michael Joiner, Jalen Cook, Tomide Akinsuku, Callum Keys","Loughborough Riders|0,11,31,36,8",11,Michael Joiner,36,Tomide Akinsuku,2,4,0,2,2,1.0,2.0
Loughborough Riders,"Johde Campbell, Michael Joiner, Jalen Cook, Tomide Akinsuku, Callum Keys","Loughborough Riders|0,11,31,36,8",0,Johde Campbell,11,Michael Joiner,2,4,0,2,2,1.0,2.0
Yorkshire Dragons,"David Ulph, Jordan Whelan, J. Melke, Corey Johnson, Nick Lewis","Yorkshire Dragons|10,23,5,9,93",93,Nick Lewis,23,Jordan Whelan,2,4,0,2,2,1.0,2.0
Bristol Hurricanes,"David Forsyth, Elvisi Dusha, James Claar, Denzel Ubiaro, Corey Samuels","Bristol Hurricanes|11,12,24,31,4",24,James Claar,11,David Forsyth,2,4,0,2,1,2.0,4.0
Bristol Hurricanes,"Ashley Pearce, David Forsyth, Elvisi Dusha, James Claar, Cameron Tucker","Bristol Hurricanes|0,11,12,24,3",11,David Forsyth,24,James Claar,2,4,0,2,1,2.0,4.0
Essex Rebels,"Kyron Martin, Miles Brown, Anthony Idiata-Mendez, Tom Child, Harry Gent","Essex Rebels|10,2,20,22,36",22,Tom Child,20,Anthony Idiata-Mendez,2,4,0,2,2,1.0,2.0
Loughborough Riders,"Johde Campbell, Michael Joiner, Jalen Cook, Tomide Akinsuku, Milo Wallace","Loughborough Riders|0,11,12,13,22",0,Johde Campbell,0,Johde Campbell,2,4,0,2,1,2.0,4.0
Bristol Flyers II,"Yusuf Hafid, Lanre Ayinla, Nikolas Sagkovits, Nassim Ladjimi, Wickens Simba","Bristol Flyers II|0,10,21,24,6",0,Yusuf Hafid,21,Nikolas Sagkovits,2,4,0,2,1,2.0,4.0
Loughborough Riders,"Ben Woog, Michael Joiner, Liam Campbell, Seth Wylie, Callum Keys","Loughborough Riders|10,11,4,43,8",11,Michael Joiner,8,Callum Keys,2,4,0,2,2,1.0,2.0
Loughborough Riders,"Tomide Akinsuku, Panos Karras, Seth Wylie, Dan Hadley, Oscar Curran","Loughborough Riders|13,15,43,5,6",43,Seth Wylie,13,Tomide Akinsuku,2,4,0,2,1,2.0,4.0
Yorkshire Dragons,"David Ulph, Logan Rooney, J. Melke, Corey Johnson, Nick Lewis","Yorkshire Dragons|10,14,5,6,93",93,Nick Lewis,10,David Ulph,2,4,0,2,2,1.0,2.0
Derby Trailblazers,"Connor Washington, Robert Marsden, Harlond Beverley Jr, Evan Oliver, Raheem May-Thompson","Derby Trailblazers|13,30,5,6,7",30,Robert Marsden,6,Evan Oliver,2,4,0,2,1,2.0,4.0
Derby Trailblazers,"Jai Pathmarajah, Sean Mo Walker, Charlie Brown, Evan Oliver, Raheem May-Thompson","Derby Trailblazers|22,3,4,6,7",4,Charlie Brown,7,Raheem May-Thompson,2,4,0,2,1,2.0,4.0
Newcastle Knights,"Bradley Dean, Sam Trunley, Jaron Thames, Finn Cork, Max Matthews","Newcastle Knights|1,10,11,13,8",13,Finn Cork,11,Jaron Thames,2,4,0,2,2,1.0,2.0
Hemel Storm,"Taylor Johnson, Matt Norman, Veron Eze, Brayden Inger, Sam Newman","Hemel Storm|12,2,21,3,4",4,Sam Newman,21,Veron Eze,2,4,0,2,2,1.0,2.0
Newcastle Knights,"Bradley Dean, Sam Trunley, Jaron Thames, Mekhi Hendry, Messiah Jones","Newcastle Knights|1,10,11,2,5",2,Mekhi Hendry,1,Bradley Dean,2,4,0,2,2,1.0,2.0
Hemel Storm,"Darien Nelson-Henry, Taylor Johnson, Matt Norman, Brayden Inger, Sam Newman","Hemel Storm|10,12,2,3,4",4,Sam Newman,10,Darien Nelson-Henry,2,4,0,2,2,1.0,2.0
Worthing Thunder,"Matthew Bryan-Amaning, Justin Hopkins, Elijah Maynard, Adrian Scarborough, Elliott Dadds","Worthing Thunder|11,15,22,4,7",7,Elliott Dadds,11,Matthew Bryan-Amaning,2,4,0,2,2,1.0,2.0
Worthing Thunder,"Danny Evans, Matthew Bryan-Amaning, Justin Hopkins, Adrian Scarborough, Bode Adeluola","Worthing Thunder|0,11,15,4,5",15,Justin Hopkins,11,Matthew Bryan-Amaning,2,4,0,2,2,1.0,2.0
London Cavaliers,"Juan Manning, Joe Richards, Mekhi Collins, Daniel Braster, Aj Roberts","London Cavaliers|10,11,13,23,4",4,Aj Roberts,11,Joe Richards,2,4,0,2,2,1.0,2.0
London Cavaliers,"Juan Manning, Joe Richards, Marquel Beasley, Daniel Braster, Aj Roberts","London Cavaliers|10,11,15,23,4",4,Aj Roberts,11,Joe Richards,2,4,0,2,2,1.0,2.0
Worthing Thunder,"Matthew Bryan-Amaning, Justin Hopkins, Elijah Maynard, Adrian Scarborough, Bode Adeluola","Worthing Thunder|11,15,22,4,5",15,Justin Hopkins,4,Adrian Scarborough,2,4,0,2,2,1.0,2.0
Essex Rebels,"Kyron Martin, Miles Brown, Anthony Idiata-Mendez, Tom Child, Tyreese Hudson","Essex Rebels|10,2,20,22,9",2,Miles Brown,9,Tyreese Hudson,2,4,0,2,1,2.0,4.0
Essex Rebels,"Michael Amako, Kyron Martin, Miles Brown, Tom Child, Tyreese Hudson","Essex Rebels|1,10,2,22,9",2,Miles Brown,9,Tyreese Hudson,2,4,0,2,2,1.0,2.0
Reading Rockets,"Ty Nsangu, Cooper Creek, Jax Bouknight, Eliaz (Zain) Poorman, Victor Olarerin","Reading Rockets|12,14,4,6,8",8,Victor Olarerin,6,Eliaz (Zain) Poorman,2,4,0,2,2,1.0,2.0
Hemel Storm,"Darien Nelson-Henry, Taylor Johnson, Matt Norman, Brayden Inger, Jack Burnell","Hemel Storm|10,12,2,3,7",10,Darien Nelson-Henry,12,Taylor Johnson,2,4,0,2,1,2.0,4.0
Hemel Storm,"Darien Nelson-Henry, Taylor Johnson, Matt Norman, Veron Eze, Sam Newman","Hemel Storm|10,12,2,21,4",4,Sam Newman,10,Darien Nelson-Henry,2,4,0,2,2,1.0,2.0
Birmingham Rockets,"Ronald Blain, Orlan Jackman, Zack Powell, Faaris Mughaal, Martyn Gayle","Birmingham Rockets|0,13,14,7,8",7,Faaris Mughaal,14,Zack Powell,2,4,0,2,2,1.0,2.0
Essex Rebels,"Kyron Martin, Remy Udeh, Miles Brown, Tom Child, Harry Gent","Essex Rebels|10,14,2,22,36",2,Miles Brown,36,Harry Gent,2,4,0,2,2,1.0,2.0
Essex Rebels,"Kyron Martin, Miles Brown, Anthony Idiata-Mendez, Tom Child, Harry Gent","Essex Rebels|10,2,20,22,36",22,Tom Child,36,Harry Gent,2,4,0,2,2,1.0,2.0
Essex Rebels,"Remy Udeh, Miles Brown, Anthony Idiata-Mendez, Tom Child, Harry Gent","Essex Rebels|14,2,20,22,36",22,Tom Child,36,Harry Gent,2,4,0,2,2,1.0,2.0
Birmingham Rockets,"Ronald Blain, Orlan Jackman, Zack Powell, Faaris Mughaal, Martyn Gayle","Birmingham Rockets|0,13,14,7,8",14,Zack Powell,0,Ronald Blain,2,4,0,2,1,2.0,4.0
Derby Trailblazers,"Connor Washington, Jai Pathmarajah, Robert Marsden, Charlie Brown, Raheem May-Thompson","Derby Trailblazers|13,22,30,4,7",13,Connor Washington,30,Robert Marsden,2,4,0,2,2,1.0,2.0
Derby Trailblazers,"Connor Washington, Jai Pathmarajah, Robert Marsden, Charlie Brown, Raheem May-Thompson","Derby Trailblazers|13,22,30,4,7",22,Jai Pathmarajah,30,Robert Marsden,2,4,0,2,1,2.0,4.0
Derby Trailblazers,"Casey Burr, Connor Washington, Sean Mo Walker, Robert Marsden, Charlie Brown","Derby Trailblazers|0,13,3,30,4",4,Charlie Brown,3,Sean Mo Walker,2,4,0,2,2,1.0,2.0
Worthing Thunder,"Matthew Bryan-Amaning, Justin Hopkins, Elijah Maynard, Adrian Scarborough, Elliott Dadds","Worthing Thunder|11,15,22,4,7",22,Elijah Maynard,4,Adrian Scarborough,2,4,0,2,2,1.0,2.0
Worthing Thunder,"Danny Evans, Matthew Bryan-Amaning, Justin Hopkins, Adrian Scarborough, Bode Adeluola","Worthing Thunder|0,11,15,4,5",0,Danny Evans,11,Matthew Bryan-Amaning,2,4,0,2,1,2.0,4.0
Essex Rebels,"Michael Amako, Kyron Martin, Remy Udeh, Miles Brown, Tyreese Hudson","Essex Rebels|1,10,14,2,9",2,Miles Brown,1,Michael Amako,2,4,0,2,2,1.0,2.0
Worthing Thunder,"Danny Evans, Justin Hopkins, Adrian Scarborough, Bode Adeluola, Briceny Lomeka","Worthing Thunder|0,15,4,5,9",5,Bode Adeluola,4,Adrian Scarborough,2,4,0,2,1,2.0,4.0
Essex Rebels,"Michael Amako, Kyron Martin, Remy Udeh, Miles Brown, Tyreese Hudson","Essex Rebels|1,10,14,2,9",2,Miles Brown,9,Tyreese Hudson,2,4,0,2,2,1.0,2.0
London Cavaliers,"Juan Manning, Joe Richards, Mekhi Collins, Daniel Braster, Darren Ainembabazi","London Cavaliers|10,11,13,23,3",3,Darren Ainembabazi,23,Daniel Braster,2,4,0,2,2,1.0,2.0
Birmingham Rockets,"Ronald Blain, Luke Okosieme, Eric Donaldson, Lucas Mcgregor, Faaris Mughaal","Birmingham Rockets|0,21,3,6,7",21,Luke Okosieme,7,Faaris Mughaal,2,4,0,2,2,1.0,2.0
Hemel Storm,"Darien Nelson-Henry, Veron Eze, Di-Jani Parkinson, Sam Newman, Jack Burnell","Hemel Storm|10,21,23,4,7",4,Sam Newman,10,Darien Nelson-Henry,2,4,0,2,2,1.0,2.0
Newcastle Knights,"Bradley Dean, Sam Trunley, Jaron Thames, Hafeez Abdul, Messiah Jones","Newcastle Knights|1,10,11,3,5",1,Bradley Dean,5,Messiah Jones,2,4,0,2,2,1.0,2.0
Reading Rockets,"Malik Bryant, Cooper Creek, Jax Bouknight, Victor Olarerin, Simon Chamberlain","Reading Rockets|10,14,4,8,9",4,Jax Bouknight,8,Victor Olarerin,2,4,0,2,2,1.0,2.0
Reading Rockets,"Malik Bryant, Ty Nsangu, Cooper Creek, Jax Bouknight, Victor Olarerin","Reading Rockets|10,12,14,4,8",14,Cooper Creek,12,Ty Nsangu,2,4,0,2,2,1.0,2.0
Bristol Hurricanes,"Daniel Edozie, Denzel Ubiaro, Corey Samuels, Vilmantas Dilys, Chris Taylor","Bristol Hurricanes|1,31,4,55,9",31,Denzel Ubiaro,1,Daniel Edozie,2,4,0,2,2,1.0,2.0
Newcastle Knights,"Sam Trunley, Jaron Thames, Hafeez Abdul, Mekhi Hendry, Messiah Jones","Newcastle Knights|10,11,3,4,5",10,Sam Trunley,11,Jaron Thames,2,4,0,2,2,1.0,2.0
Newcastle Knights,"Sam Trunley, Jaron Thames, Hafeez Abdul, Messiah Jones, Max Matthews","Newcastle Knights|10,11,3,5,8",3,Hafeez Abdul,5,Messiah Jones,2,4,0,2,1,2.0,4.0
Newcastle Knights,"Sam Trunley, Jaron Thames, Hafeez Abdul, Messiah Jones, Max Matthews","Newcastle Knights|10,11,3,5,8",5,Messiah Jones,11,Jaron Thames,2,4,0,2,1,2.0,4.0
Bristol Flyers II,"Yusuf Hafid, Lanre Ayinla, Roman Price, Reggie Eigbe, Nassim Ladjimi","Bristol Flyers II|0,10,11,13,24",24,Nassim Ladjimi,10,Lanre Ayinla,2,4,0,2,2,1.0,2.0
Hemel Storm,"Taylor Johnson, Veron Eze, Brayden Inger, Sam Newman, Jack Burnell","Hemel Storm|12,21,3,4,7",4,Sam Newman,12,Taylor Johnson,2,4,0,2,2,1.0,2.0
Hemel Storm,"Darien Nelson-Henry, Taylor Johnson, Brayden Inger, Sam Newman, Jack Burnell","Hemel Storm|10,12,3,4,7",12,Taylor Johnson,3,Brayden Inger,2,4,0,2,1,2.0,4.0
Birmingham Rockets,"Ronald Blain, Orlan Jackman, Eric Donaldson, Lucas Mcgregor, Martyn Gayle","Birmingham Rockets|0,13,3,6,8",13,Orlan Jackman,3,Eric Donaldson,2,4,0,2,2,1.0,2.0
Birmingham Rockets,"Ronald Blain, Luke Okosieme, Eric Donaldson, Lucas Mcgregor, Faaris Mughaal","Birmingham Rockets|0,21,3,6,7",0,Ronald Blain,21,Luke Okosieme,2,4,0,2,1,2.0,4.0
Yorkshire Dragons,"R. Ani, David Ulph, Jordan Whelan, J. Melke, Nick Lewis","Yorkshire Dragons|1,10,23,5,93",10,David Ulph,23,Jordan Whelan,2,4,0,2,2,1.0,2.0
Newcastle Knights,"Sam Trunley, Jaron Thames, Hafeez Abdul, Mekhi Hendry, Messiah Jones","Newcastle Knights|10,11,3,4,5",3,Hafeez Abdul,5,Messiah Jones,2,4,0,2,1,2.0,4.0
Worthing Thunder,"Matthew Bryan-Amaning, Elijah Maynard, Adrian Scarborough, Bode Adeluola, Elliott Dadds","Worthing Thunder|11,22,4,5,7",5,Bode Adeluola,22,Elijah Maynard,2,4,0,2,1,2.0,4.0
Bristol Hurricanes,"Daniel Edozie, David Forsyth, Elvisi Dusha, Denzel Ubiaro, Corey Samuels","Bristol Hurricanes|1,11,12,31,4",12,Elvisi Dusha,31,Denzel Ubiaro,2,4,0,2,2,1.0,2.0
Bristol Hurricanes,"David Forsyth, Elvisi Dusha, Denzel Ubiaro, Corey Samuels, Vilmantas Dilys","Bristol Hurricanes|11,12,31,4,55",12,Elvisi Dusha,55,Vilmantas Dilys,2,4,0,2,2,1.0,2.0
Bristol Hurricanes,"Daniel Edozie, Elvisi Dusha, Kobe Hill, Denzel Ubiaro, Vilmantas Dilys","Bristol Hurricanes|1,12,2,31,55",12,Elvisi Dusha,31,Denzel Ubiaro,2,4,0,2,2,1.0,2.0
Nottingham Hoods,"Tyrone Williams, Byrce Johnson, Thierry Walker, Elliot Bailey, Sam Akano","Nottingham Hoods|0,25,4,6,7",7,Sam Akano,6,Elliot Bailey,2,4,0,2,2,1.0,2.0
Bristol Hurricanes,"Daniel Edozie, Elvisi Dusha, Kobe Hill, Denzel Ubiaro, Vilmantas Dilys","Bristol Hurricanes|1,12,2,31,55",55,Vilmantas Dilys,1,Daniel Edozie,2,4,0,2,2,1.0,2.0
Loughborough Riders,"Johde Campbell, Michael Joiner, Jalen Cook, Tomide Akinsuku, Milo Gordon","Loughborough Riders|0,11,12,13,22",0,Johde Campbell,13,Tomide Akinsuku,2,4,0,2,2,1.0,2.0
Loughborough Riders,"Johde Campbell, Ben Woog, Jalen Cook, Callum Keys, Michael Joiner","Loughborough Riders|10,20,21,6,7",10,Johde Campbell,6,Callum Keys,2,4,0,2,2,1.0,2.0
Essex Rebels,"Mou Wol-Cummings, Kyron Martin, Miles Brown, Tom Child, Harry Gent","Essex Rebels|0,10,2,22,36",2,Miles Brown,36,Harry Gent,2,4,0,2,1,2.0,4.0
Hemel Storm,"Darien Nelson-Henry, Taylor Johnson, Brayden Inger, Sam Newman, Jack Burnell","Hemel Storm|10,12,3,4,7",7,Jack Burnell,12,Taylor Johnson,2,4,0,2,1,2.0,4.0
Yorkshire Dragons,"David Ulph, Jordan Whelan, Logan Rooney, J. Melke, Nick Lewis","Yorkshire Dragons|10,23,3,5,93",3,Logan Rooney,23,Jordan Whelan,2,4,0,2,1,2.0,4.0
Newcastle Knights,"Sam Trunley, Jaron Thames, Mekhi Hendry, Hafeez Abdul, Messiah Jones","Newcastle Knights|10,11,2,3,5",2,Mekhi Hendry,5,Messiah Jones,2,4,0,2,1,2.0,4.0
Derby Trailblazers,"Casey Burr, Connor Washington, Jai Pathmarajah, Sean Mo Walker, Raheem May-Thompson","Derby Trailblazers|0,13,22,3,7",3,Sean Mo Walker,0,Casey Burr,2,4,0,2,1,2.0,4.0
Derby Trailblazers,"Casey Burr, Connor Washington, Jai Pathmarajah, Sean Mo Walker, Raheem May-Thompson","Derby Trailblazers|0,13,22,3,7",7,Raheem May-Thompson,22,Jai Pathmarajah,2,4,0,2,1,2.0,4.0
Newcastle Knights,"Bradley Dean, Sam Trunley, Jaron Thames, Messiah Jones, Theo Riley","Newcastle Knights|1,10,11,5,9",9,Theo Riley,5,Messiah Jones,2,4,0,2,2,1.0,2.0
Newcastle Knights,"Bradley Dean, Sam Trunley, Jaron Thames, Messiah Jones, Theo Riley","Newcastle Knights|1,10,11,5,9",5,Messiah Jones,11,Jaron Thames,2,4,0,2,2,1.0,2.0
Reading Rockets,"Ty Nsangu, Cooper Creek, Jax Bouknight, Eliaz (Zain) Poorman, Victor Olarerin","Reading Rockets|12,14,4,6,8",14,Cooper Creek,12,Ty Nsangu,2,4,0,2,2,1.0,2.0
Milton Keynes Breakers,"Dashawn Jackson, Luke Gregory, Jordan Spencer, Blayne Freckleton, Chase Thompson","Milton Keynes Breakers|1,13,23,7,8",23,Jordan Spencer,13,Luke Gregory,2,4,0,2,2,1.0,2.0
Milton Keynes Breakers,"Ben Baker-Mccann, Luke Gregory, Mike New Jr., Jordan Spencer, Blayne Freckleton","Milton Keynes Breakers|11,13,15,23,7",23,Jordan Spencer,13,Luke Gregory,2,4,0,2,2,1.0,2.0
Newcastle Knights,"Bradley Dean, Jaron Thames, Finn Cork, Hafeez Abdul, Max Matthews","Newcastle Knights|1,11,13,3,8",1,Bradley Dean,13,Finn Cork,2,4,0,2,1,2.0,4.0
Essex Rebels,"Kyron Martin, Remy Udeh, Miles Brown, Tom Child, Tyreese Hudson","Essex Rebels|10,14,2,22,9",2,Miles Brown,14,Remy Udeh,2,4,0,2,2,1.0,2.0
Milton Keynes Breakers,"Kai Williams, Jonas Dietrich, Mike New Jr., Jordan Spencer, Blayne Freckleton","Milton Keynes Breakers|0,12,15,23,7",15,Mike New Jr.,12,Jonas Dietrich,2,4,0,2,2,1.0,2.0
London Cavaliers,"Juan Manning, Joe Richards, Mekhi Collins, Daniel Braster, Aj Roberts","London Cavaliers|10,11,13,23,4",4,Aj Roberts,13,Mekhi Collins,2,4,0,2,1,2.0,4.0
Birmingham Rockets,"Ronald Blain, Orlan Jackman, Eric Donaldson, Lucas Mcgregor, Faaris Mughaal","Birmingham Rockets|0,13,3,6,7",6,Lucas Mcgregor,0,Ronald Blain,2,4,0,2,2,1.0,2.0
Birmingham Rockets,"Ronald Blain, Zack Powell, Luke Okosieme, Eric Donaldson, Martyn Gayle","Birmingham Rockets|0,14,21,3,8",0,Ronald Blain,21,Luke Okosieme,2,4,0,2,2,1.0,2.0
Loughborough Riders,"Johde Campbell, Michael Joiner, Milo Gordon, Liam Campbell, Seth Wylie","Loughborough Riders|0,11,22,4,43",11,Michael Joiner,22,Milo Gordon,2,4,0,2,1,2.0,4.0
Bristol Hurricanes,"Daniel Edozie, Kobe Hill, Jesse Oyewole, Corey Samuels, Vilmantas Dilys","Bristol Hurricanes|1,2,29,4,55",55,Vilmantas Dilys,1,Daniel Edozie,2,4,0,2,1,2.0,4.0
Hemel Storm,"Darien Nelson-Henry, Kai Walker, Taylor Johnson, Matt Norman, Sam Newman","Hemel Storm|10,11,12,2,4",12,Taylor Johnson,11,Kai Walker,2,4,0,2,2,1.0,2.0
Nottingham Hoods,"Tyrone Williams, Jani Griffith, Donell Nixon Ii, Elliot Bailey, Sam Akano","Nottingham Hoods|1,15,24,6,7",1,Tyrone Williams,15,Jani Griffith,2,4,0,2,2,1.0,2.0
Nottingham Hoods,"Micah Savery-Richards, Latrell Maitland, Shawn Jamison, Aaron Sandu-Nelson, Elliot Bailey","Nottingham Hoods|14,23,25,5,6",23,Latrell Maitland,14,Micah Savery-Richards,2,4,0,2,1,2.0,4.0
Milton Keynes Breakers,"Dashawn Jackson, Luke Gregory, Mike New Jr., Jordan Spencer, Blayne Freckleton","Milton Keynes Breakers|1,13,15,23,7",23,Jordan Spencer,13,Luke Gregory,2,4,0,2,1,2.0,4.0
Hemel Storm,"Mergim Sokoli, Veron Eze, Brayden Inger, Sam Newman, Jack Burnell","Hemel Storm|0,21,3,4,7",4,Sam Newman,0,Mergim Sokoli,2,4,0,2,1,2.0,4.0
Derby Trailblazers,"Connor Washington, Jai Pathmarajah, Robert Marsden, Raheem May-Thompson, Malcolm Smith","Derby Trailblazers|13,22,30,7,9",7,Raheem May-Thompson,9,Malcolm Smith,2,4,0,2,2,1.0,2.0
Derby Trailblazers,"Connor Washington, Jai Pathmarajah, Robert Marsden, Charlie Brown, Malcolm Smith","Derby Trailblazers|13,22,30,4,9",4,Charlie Brown,22,Jai Pathmarajah,2,4,0,2,2,1.0,2.0
Derby Trailblazers,"Casey Burr, Connor Washington, Jai Pathmarajah, Robert Marsden, Malcolm Smith","Derby Trailblazers|0,13,22,30,9",0,Casey Burr,9,Malcolm Smith,2,4,0,2,2,1.0,2.0
Birmingham Rockets,"Ronald Blain, Zack Powell, Luke Okosieme, Eric Donaldson, Martyn Gayle","Birmingham Rockets|0,14,21,3,8",14,Zack Powell,0,Ronald Blain,2,4,0,2,2,1.0,2.0
Essex Rebels,"Kyron Martin, Remy Udeh, Miles Brown, Tom Child, Tyreese Hudson","Essex Rebels|10,14,2,22,9",10,Kyron Martin,2,Miles Brown,2,4,0,2,2,1.0,2.0
Bristol Hurricanes,"Daniel Edozie, Denzel Ubiaro, Corey Samuels, Vilmantas Dilys, Chris Taylor","Bristol Hurricanes|1,31,4,55,9",55,Vilmantas Dilys,1,Daniel Edozie,2,4,0,2,1,2.0,4.0
Bristol Hurricanes,"Daniel Edozie, Denzel Ubiaro, Corey Samuels, Vilmantas Dilys, Chris Taylor","Bristol Hurricanes|1,31,4,55,9",9,Chris Taylor,31,Denzel Ubiaro,2,4,0,2,1,2.0,4.0
Bristol Hurricanes,"Daniel Edozie, Denzel Ubiaro, Corey Samuels, Vilmantas Dilys, Chris Taylor","Bristol Hurricanes|1,31,4,55,9",55,Vilmantas Dilys,9,Chris Taylor,2,4,0,2,1,2.0,4.0
Bristol Hurricanes,"David Forsyth, Denzel Ubiaro, Corey Samuels, Vilmantas Dilys, Chris Taylor","Bristol Hurricanes|11,31,4,55,9",11,David Forsyth,55,Vilmantas Dilys,2,4,0,2,1,2.0,4.0
Bristol Flyers II,"Lanre Ayinla, Roman Price, Nassim Ladjimi, Anthony Bhebhe, Giuseppe Landolfi","Bristol Flyers II|10,11,24,4,7",4,Anthony Bhebhe,10,Lanre Ayinla,2,4,0,2,1,2.0,4.0
London Cavaliers,"Joe Richards, Marquel Beasley, Daniel Delsol Lowry, Daniel Braster, Omari Pond-Mckenzie","London Cavaliers|11,15,21,23,5",21,Daniel Delsol Lowry,23,Daniel Braster,2,4,0,2,1,2.0,4.0
Essex Rebels,"Kyron Martin, Daniel Johnson-Thompson, Remy Udeh, Miles Brown, Tom Child","Essex Rebels|10,13,14,2,22",13,Daniel Johnson-Thompson,14,Remy Udeh,2,4,0,2,2,1.0,2.0
Essex Rebels,"Remy Udeh, Miles Brown, Anthony Idiata-Mendez, Tom Child, Harry Gent","Essex Rebels|14,2,20,22,36",14,Remy Udeh,36,Harry Gent,2,4,0,2,2,1.0,2.0
Birmingham Rockets,"Ronald Blain, Orlan Jackman, Zack Powell, Eric Donaldson, Martyn Gayle","Birmingham Rockets|0,13,14,3,8",14,Zack Powell,3,Eric Donaldson,2,4,0,2,2,1.0,2.0
Derby Trailblazers,"Casey Burr, Connor Washington, Jai Pathmarajah, Robert Marsden, Malcolm Smith","Derby Trailblazers|0,13,22,30,9",13,Connor Washington,30,Robert Marsden,2,4,0,2,2,1.0,2.0
Nottingham Hoods,"Tyrone Williams, Byrce Johnson, Donell Nixon Ii, Elliot Bailey, Sam Akano","Nottingham Hoods|1,21,24,6,7",7,Sam Akano,21,Byrce Johnson,2,4,0,2,2,1.0,2.0
Nottingham Hoods,"Donell Nixon Ii, Byrce Johnson, Tyrone Williams, Elliot Bailey, Sam Akano","Nottingham Hoods|24,25,55,6,7",25,Byrce Johnson,55,Tyrone Williams,2,4,0,2,2,1.0,2.0
Milton Keynes Breakers,"Ben Baker-Mccann, Luke Gregory, Mike New Jr., Jordan Spencer, Blayne Freckleton","Milton Keynes Breakers|11,13,15,23,7",15,Mike New Jr.,13,Luke Gregory,2,4,0,2,2,1.0,2.0
Yorkshire Dragons,"Jordan Whelan, Logan Rooney, Jack Melke, Andreas Lycoudis, Corey Johnson","Yorkshire Dragons|23,3,5,7,9",7,Andreas Lycoudis,3,Logan Rooney,2,4,0,2,1,2.0,4.0
London Cavaliers,"Juan Manning, Mekhi Collins, Daniel Delsol-Lowry, Daniel Braster, Aj Roberts","London Cavaliers|10,13,21,23,4",4,Aj Roberts,13,Mekhi Collins,2,4,0,2,2,1.0,2.0
Reading Rockets,"Malik Bryant, Ty Nsangu, Jax Bouknight, Yusef Salih, Simon Chamberlain","Reading Rockets|10,12,4,5,9",4,Jax Bouknight,12,Ty Nsangu,2,4,0,2,2,1.0,2.0
Hemel Storm,"Darien Nelson-Henry, Matt Norman, Brayden Inger, Sam Newman, Jovan Rai","Hemel Storm|10,2,3,4,5",4,Sam Newman,3,Brayden Inger,2,4,0,2,2,1.0,2.0
Hemel Storm,"Kai Walker, Matt Norman, Veron Eze, Brayden Inger, Sam Newman","Hemel Storm|11,2,21,3,4",4,Sam Newman,2,Matt Norman,2,4,0,2,2,1.0,2.0
Hemel Storm,"Darien Nelson-Henry, Matt Norman, Veron Eze, Brayden Inger, Sam Newman","Hemel Storm|10,2,21,3,4",4,Sam Newman,2,Matt Norman,2,4,0,2,1,2.0,4.0
Worthing Thunder,"Danny Evans, Matthew Bryan-Amaning, Justin Hopkins, Adrian Scarborough, Elliott Dadds","Worthing Thunder|0,11,15,4,7",0,Danny Evans,4,Adrian Scarborough,2,4,0,2,2,1.0,2.0
Worthing Thunder,"Danny Evans, Matthew Bryan-Amaning, Justin Hopkins, Adrian Scarborough, Elliott Dadds","Worthing Thunder|0,11,15,4,7",11,Matthew Bryan-Amaning,0,Danny Evans,2,4,0,2,2,1.0,2.0
Milton Keynes Breakers,"Dashawn Jackson, Ben Baker-Mccann, Jonas Dietrich, Xavier Wilson, Chase Thompson","Milton Keynes Breakers|1,11,12,21,8",8,Chase Thompson,12,Jonas Dietrich,2,4,0,2,1,2.0,4.0
Birmingham Rockets,"Ronald Blain, Orlan Jackman, Eric Donaldson, Lucas Mcgregor, Faaris Mughaal","Birmingham Rockets|0,13,3,6,7",3,Eric Donaldson,13,Orlan Jackman,2,4,0,2,2,1.0,2.0
Birmingham Rockets,"Ronald Blain, Orlan Jackman, Eric Donaldson, Lucas Mcgregor, Faaris Mughaal","Birmingham Rockets|0,13,3,6,7",13,Orlan Jackman,6,Lucas Mcgregor,2,4,0,2,2,1.0,2.0
Newcastle Knights,"Bradley Dean, Sam Trunley, Jaron Thames, Hafeez Abdul, Scott Angus","Newcastle Knights|1,10,11,3,7",1,Bradley Dean,7,Scott Angus,2,4,0,2,1,2.0,4.0
Newcastle Knights,"Bradley Dean, Sam Trunley, Jaron Thames, Will Neighbour, Hafeez Abdul","Newcastle Knights|1,10,11,15,3",1,Bradley Dean,3,Hafeez Abdul,2,4,0,2,1,2.0,4.0
Newcastle Knights,"Bradley Dean, Sam Trunley, Jaron Thames, Hafeez Abdul, Scott Angus","Newcastle Knights|1,10,11,3,7",10,Sam Trunley,7,Scott Angus,2,4,0,2,1,2.0,4.0
Essex Rebels,"Kyron Martin, Daniel Johnson-Thompson, Remy Udeh, Miles Brown, Tom Child","Essex Rebels|10,13,14,2,22",2,Miles Brown,14,Remy Udeh,2,4,0,2,2,1.0,2.0
Bristol Hurricanes,"Daniel Edozie, Elvisi Dusha, Denzel Ubiaro, Corey Samuels, Chris Taylor","Bristol Hurricanes|1,12,31,4,9",9,Chris Taylor,1,Daniel Edozie,2,4,0,2,2,1.0,2.0
Bristol Hurricanes,"Daniel Edozie, Jules Dang-Akodo, Denzel Ubiaro, Corey Samuels, Chris Taylor","Bristol Hurricanes|1,23,31,4,9",4,Corey Samuels,9,Chris Taylor,2,4,0,2,2,1.0,2.0
Bristol Hurricanes,"Daniel Edozie, Kobe Hill, Jules Dang-Akodo, Denzel Ubiaro, Corey Samuels","Bristol Hurricanes|1,2,23,31,4",1,Daniel Edozie,31,Denzel Ubiaro,2,4,0,2,2,1.0,2.0
Bristol Hurricanes,"Daniel Edozie, Elvisi Dusha, Jules Dang-Akodo, Denzel Ubiaro, Corey Samuels","Bristol Hurricanes|1,12,23,31,4",1,Daniel Edozie,31,Denzel Ubiaro,2,4,0,2,2,1.0,2.0
Bristol Hurricanes,"Daniel Edozie, David Forsyth, Elvisi Dusha, Jules Dang-Akodo, Denzel Ubiaro","Bristol Hurricanes|1,11,12,23,31",12,Elvisi Dusha,1,Daniel Edozie,2,4,0,2,2,1.0,2.0
Nottingham Hoods,"Tyrone Williams, Micah Savery-Richards, Byrce Johnson, Donell Nixon Ii, Sam Akano","Nottingham Hoods|1,14,21,24,7",1,Tyrone Williams,14,Micah Savery-Richards,2,4,0,2,2,1.0,2.0
Worthing Thunder,"Matthew Bryan-Amaning, Justin Hopkins, Elijah Maynard, Jonathan Lashley, Bode Adeluola","Worthing Thunder|11,15,22,35,5",35,Jonathan Lashley,11,Matthew Bryan-Amaning,2,4,0,2,2,1.0,2.0
Worthing Thunder,"Danny Evans, Justin Hopkins, Jonathan Lashley, Adrian Scarborough, Elliott Dadds","Worthing Thunder|0,15,35,4,7",35,Jonathan Lashley,4,Adrian Scarborough,2,4,0,2,2,1.0,2.0
Yorkshire Dragons,"Ronnie Ani, Ben Tew, Jordan Whelan, Logan Rooney, Corey Johnson","Yorkshire Dragons|1,14,23,3,9",9,Corey Johnson,23,Jordan Whelan,2,4,0,2,1,2.0,4.0
Bristol Flyers II,"Yusuf Hafid, Jack Craggs, Nikolas Sagkovits, Nassim Ladjimi, Ebuka Ekwegh","Bristol Flyers II|0,12,21,24,6",12,Jack Craggs,6,Ebuka Ekwegh,2,4,0,2,1,2.0,4.0
Bristol Flyers II,"Yusuf Hafid, Jack Craggs, Reggie Eigbe, Nassim Ladjimi, Ebuka Ekwegh","Bristol Flyers II|0,12,13,24,8",0,Yusuf Hafid,13,Reggie Eigbe,2,4,0,2,2,1.0,2.0
Birmingham Rockets,"Ronald Blain, Zack Powell, Luke Okosieme, Eric Donaldson, Faaris Mughaal","Birmingham Rockets|0,14,21,3,7",14,Zack Powell,3,Eric Donaldson,2,4,0,2,2,1.0,2.0
Birmingham Rockets,"Ronald Blain, Zack Powell, Luke Okosieme, Lucas Mcgregor, Martyn Gayle","Birmingham Rockets|0,14,21,6,8",6,Lucas Mcgregor,14,Zack Powell,2,4,0,2,1,2.0,4.0
Loughborough Riders,"Johde Campbell, Jalen Cook, Seth Wylie, Dan Hadley, Victor Ndoukou","Loughborough Riders|0,12,43,5,7",0,Johde Campbell,12,Jalen Cook,2,4,0,2,1,2.0,4.0
Loughborough Riders,"Johde Campbell, Tomide Akinsuku, Jalen Cook, Liam Campbell, Callum Keys","Loughborough Riders|10,13,21,4,6",21,Jalen Cook,4,Liam Campbell,2,4,0,2,2,1.0,2.0
Reading Rockets,"Malik Bryant, Ty Nsangu, Yusef Salih, Eliaz (Zain) Poorman, Victor Olarerin","Reading Rockets|10,12,5,6,8",10,Malik Bryant,8,Victor Olarerin,2,4,0,2,2,1.0,2.0
Bristol Flyers II,"Yusuf Hafid, Lanre Ayinla, Reggie Eigbe, Nikolas Sagkovits, Nassim Ladjimi","Bristol Flyers II|0,10,13,21,24",13,Reggie Eigbe,21,Nikolas Sagkovits,2,4,0,2,2,1.0,2.0
Derby Trailblazers,"Connor Washington, Jai Pathmarajah, Charlie Brown, Raheem May-Thompson, Malcolm Smith","Derby Trailblazers|13,22,4,7,9",22,Jai Pathmarajah,9,Malcolm Smith,2,4,0,2,1,2.0,4.0
Birmingham Rockets,"Ronald Blain, Orlan Jackman, Zack Powell, Faaris Mughaal, Martyn Gayle","Birmingham Rockets|0,13,14,7,8",13,Orlan Jackman,14,Zack Powell,2,4,0,2,2,1.0,2.0
Birmingham Rockets,"Zack Powell, Luke Okosieme, Eric Donaldson, Lucas Mcgregor, Martyn Gayle","Birmingham Rockets|14,21,3,6,8",14,Zack Powell,21,Luke Okosieme,2,4,0,2,2,1.0,2.0
Worthing Thunder,"Justin Hopkins, Elijah Maynard, Jonathan Lashley, Adrian Scarborough, Bode Adeluola","Worthing Thunder|15,22,35,4,5",15,Justin Hopkins,4,Adrian Scarborough,2,4,0,2,2,1.0,2.0
Reading Rockets,"Malik Bryant, Ty Nsangu, Jax Bouknight, Eliaz (Zain) Poorman, Victor Olarerin","Reading Rockets|10,12,4,6,8",6,Eliaz (Zain) Poorman,12,Ty Nsangu,2,4,0,2,2,1.0,2.0
Nottingham Hoods,"Tyrone Williams, Abiodun Adedo, Byrce Johnson, Donell Nixon Ii, Micah Savery-Richards","Nottingham Hoods|1,12,21,24,8",24,Donell Nixon Ii,8,Micah Savery-Richards,2,4,0,2,2,1.0,2.0
Loughborough Riders,"Johde Campbell, Victor Ndukou, Jalen Cook, Seth Wylie, Callum Keys","Loughborough Riders|0,21,31,43,8",0,Johde Campbell,8,Callum Keys,2,4,0,2,1,2.0,4.0
Nottingham Hoods,"Tyrone Williams, Byrce Johnson, Donell Nixon Ii, Elliot Bailey, Micah Savery-Richards","Nottingham Hoods|1,21,24,6,8",6,Elliot Bailey,8,Micah Savery-Richards,2,4,0,2,2,1.0,2.0
Nottingham Hoods,"Tyrone Williams, Byrce Johnson, Donell Nixon Ii, Elliot Bailey, Micah Savery-Richards","Nottingham Hoods|1,21,24,6,8",21,Byrce Johnson,24,Donell Nixon Ii,2,4,0,2,2,1.0,2.0
Yorkshire Dragons,"David Ulph, Jordan Whelan, Jack Mielke, Corey Johnson, Nick Lewis","Yorkshire Dragons|10,23,5,9,93",9,Corey Johnson,10,David Ulph,2,4,0,2,2,1.0,2.0
Hemel Storm,"Kai Walker, Veron Eze, Brayden Inger, Sam Newman, Jack Burnell","Hemel Storm|11,21,3,4,7",11,Kai Walker,21,Veron Eze,2,4,0,2,2,1.0,2.0
Derby Trailblazers,"Connor Washington, Jai Pathmarajah, Robert Marsden, Charlie Brown, Malcolm Smith","Derby Trailblazers|13,22,30,4,9",13,Connor Washington,9,Malcolm Smith,2,4,0,2,2,1.0,2.0
Derby Trailblazers,"Connor Washington, Jai Pathmarajah, Robert Marsden, Charlie Brown, Malcolm Smith","Derby Trailblazers|13,22,30,4,9",4,Charlie Brown,30,Robert Marsden,2,4,0,2,2,1.0,2.0
Derby Trailblazers,"Connor Washington, Jai Pathmarajah, Sean Mo Walker, Charlie Brown, Malcolm Smith","Derby Trailblazers|13,22,3,4,9",13,Connor Washington,9,Malcolm Smith,2,4,0,2,2,1.0,2.0
Derby Trailblazers,"Connor Washington, Jai Pathmarajah, Robert Marsden, Charlie Brown, Malcolm Smith","Derby Trailblazers|13,22,30,4,9",9,Malcolm Smith,22,Jai Pathmarajah,2,4,0,2,2,1.0,2.0
Newcastle Knights,"Bradley Dean, Sam Trunley, Jaron Thames, Messiah Jones, Theo Riley","Newcastle Knights|1,10,11,5,9",9,Theo Riley,11,Jaron Thames,2,4,0,2,2,1.0,2.0
Bristol Hurricanes,"David Forsyth, Elvisi Dusha, Jules Dang-Akodo, Denzel Ubiaro, Vilmantas Dilys","Bristol Hurricanes|11,12,23,31,55",23,Jules Dang-Akodo,55,Vilmantas Dilys,2,4,0,2,1,2.0,4.0
Bristol Hurricanes,"David Forsyth, Elvisi Dusha, Denzel Ubiaro, Corey Samuels, Vilmantas Dilys","Bristol Hurricanes|11,12,31,4,55",4,Corey Samuels,55,Vilmantas Dilys,2,4,0,2,1,2.0,4.0
Bristol Hurricanes,"David Forsyth, Elvisi Dusha, Jules Dang-Akodo, Denzel Ubiaro, Vilmantas Dilys","Bristol Hurricanes|11,12,23,31,55",11,David Forsyth,31,Denzel Ubiaro,2,4,0,2,1,2.0,4.0
Newcastle Knights,"Bradley Dean, Jaron Thames, Will Neighbour, Mekhi Hendry, Messiah Jones","Newcastle Knights|1,11,15,2,5",15,Will Neighbour,5,Messiah Jones,2,4,0,2,2,1.0,2.0
Worthing Thunder,"Matthew Bryan-Amaning, Justin Hopkins, Elijah Maynard, Adrian Scarborough, Bode Adeluola","Worthing Thunder|11,15,22,4,5",5,Bode Adeluola,22,Elijah Maynard,2,4,0,2,1,2.0,4.0
Bristol Hurricanes,"Daniel Edozie, Elvisi Dusha, Jules Dang-Akodo, Denzel Ubiaro, Corey Samuels","Bristol Hurricanes|1,12,23,31,4",4,Corey Samuels,1,Daniel Edozie,2,4,0,2,2,1.0,2.0
Essex Rebels,"Daniel Johnson-Thompson, Remy Udeh, Miles Brown, Tom Child, Ben Winter","Essex Rebels|13,14,2,22,5",2,Miles Brown,14,Remy Udeh,2,4,0,2,1,2.0,4.0
Derby Trailblazers,"Connor Washington, Jai Pathmarajah, Robert Marsden, Charlie Brown, Malcolm Smith","Derby Trailblazers|13,22,30,4,9",22,Jai Pathmarajah,30,Robert Marsden,2,4,0,2,2,1.0,2.0
Derby Trailblazers,"Connor Washington, Robert Marsden, Charlie Brown, Raheem May-Thompson, Malcolm Smith","Derby Trailblazers|13,30,4,7,9",30,Robert Marsden,9,Malcolm Smith,2,4,0,2,1,2.0,4.0
Yorkshire Dragons,"Ronnie Ani, David Ulph, Jordan Whelan, Jack Mielke, Nick Lewis","Yorkshire Dragons|1,10,23,5,93",1,Ronnie Ani,5,Jack Mielke,2,4,0,2,1,2.0,4.0
Yorkshire Dragons,"David Ulph, Logan Rooney, Jack Mielke, Corey Johnson, Nick Lewis","Yorkshire Dragons|10,3,5,9,93",93,Nick Lewis,3,Logan Rooney,2,4,0,2,1,2.0,4.0
Loughborough Riders,"Johde Campbell, Michael Joiner, Jalen Cook, Tomide Akinsuku, Victor Ndukou","Loughborough Riders|0,11,12,13,7",0,Johde Campbell,13,Tomide Akinsuku,2,4,0,2,2,1.0,2.0
Loughborough Riders,"Johde Campbell, Michael Joiner, Jalen Cook, Tomide Akinsuku, Victor Ndukou","Loughborough Riders|0,11,12,13,7",0,Johde Campbell,11,Michael Joiner,2,4,0,2,2,1.0,2.0
Birmingham Rockets,"Orlan Jackman, Zack Powell, Eric Donaldson, Faaris Mughaal, Martyn Gayle","Birmingham Rockets|13,14,3,7,8",8,Martyn Gayle,14,Zack Powell,2,4,0,2,1,2.0,4.0
Birmingham Rockets,"Ronald Blain, Orlan Jackman, Luke Okosieme, Lucas Mcgregor, Martyn Gayle","Birmingham Rockets|0,13,21,6,8",6,Lucas Mcgregor,21,Luke Okosieme,2,4,0,2,2,1.0,2.0
Birmingham Rockets,"Ronald Blain, Zack Powell, Luke Okosieme, Lucas Mcgregor, Martyn Gayle","Birmingham Rockets|0,14,21,6,8",14,Zack Powell,0,Ronald Blain,2,4,0,2,2,1.0,2.0
Milton Keynes Breakers,"Dashawn Jackson, Mike New Jr., Jordan Spencer, Blayne Freckleton, Chase Thompson","Milton Keynes Breakers|1,15,23,7,8",23,Jordan Spencer,15,Mike New Jr.,2,4,0,2,2,1.0,2.0
London Cavaliers,"Juan Manning, Mekhi Collins, Marquel Beasley, Daniel Delsol-Lowry, Aj Roberts","London Cavaliers|10,13,15,21,4",4,Aj Roberts,15,Marquel Beasley,2,4,0,2,2,1.0,2.0
Worthing Thunder,"Justin Hopkins, Jonathan Lashley, Adrian Scarborough, Bode Adeluola, Elliott Dadds","Worthing Thunder|15,35,4,5,7",5,Bode Adeluola,4,Adrian Scarborough,2,4,0,2,1,2.0,4.0
Derby Trailblazers,"Casey Burr, Jai Pathmarajah, Sean Mo Walker, Charlie Brown, Malcolm Smith","Derby Trailblazers|0,22,3,4,9",22,Jai Pathmarajah,9,Malcolm Smith,2,4,0,2,2,1.0,2.0
Yorkshire Dragons,"David Ulph, Jordan Whelan, Jordan Jefferson, Jack Mielke, Corey Johnson","Yorkshire Dragons|10,23,4,5,9",9,Corey Johnson,4,Jordan Jefferson,2,4,0,2,2,1.0,2.0
Birmingham Rockets,"Ronald Blain, Orlan Jackman, Zack Powell, Eric Donaldson, Martyn Gayle","Birmingham Rockets|0,13,14,3,8",8,Martyn Gayle,14,Zack Powell,2,4,0,2,2,1.0,2.0
Birmingham Rockets,"Ronald Blain, Zack Powell, Luke Okosieme, Eric Donaldson, Faaris Mughaal","Birmingham Rockets|0,14,21,3,7",3,Eric Donaldson,0,Ronald Blain,2,4,0,2,1,2.0,4.0
Newcastle Knights,"Bradley Dean, Jaron Thames, Sam Trunley, Messiah Jones, Max Matthews","Newcastle Knights|1,11,14,5,8",5,Messiah Jones,11,Jaron Thames,2,4,0,2,2,1.0,2.0
Hemel Storm,"Mergim Sokoli, Darien Nelson-Henry, Veron Eze, Sam Newman, Jack Burnell","Hemel Storm|0,10,21,4,7",4,Sam Newman,0,Mergim Sokoli,2,4,0,2,1,2.0,4.0
Derby Trailblazers,"Casey Burr, Connor Washington, Sean Mo Walker, Robert Marsden, Charlie Brown","Derby Trailblazers|0,13,3,30,4",4,Charlie Brown,0,Casey Burr,2,4,0,2,1,2.0,4.0
Derby Trailblazers,"Casey Burr, Connor Washington, Sean Mo Walker, Robert Marsden, Charlie Brown","Derby Trailblazers|0,13,3,30,4",3,Sean Mo Walker,30,Robert Marsden,2,4,0,2,1,2.0,4.0
Yorkshire Dragons,"David Ulph, Jordan Jefferson, Jack Mielke, Corey Johnson, Nick Lewis","Yorkshire Dragons|10,4,5,9,93",9,Corey Johnson,10,David Ulph,2,4,0,2,1,2.0,4.0
Yorkshire Dragons,"David Ulph, Jordan Whelan, Jordan Jefferson, Corey Johnson, Nick Lewis","Yorkshire Dragons|10,23,4,9,93",93,Nick Lewis,10,David Ulph,2,4,0,2,2,1.0,2.0
Nottingham Hoods,"Tyrone Williams, Abiodun Adedo, Donell Nixon Ii, Elliot Bailey, Micah Savery-Richards","Nottingham Hoods|1,12,24,6,8",1,Tyrone Williams,8,Micah Savery-Richards,2,4,0,2,2,1.0,2.0
London Cavaliers,"Juan Manning, Daniel Delsol-Lowry, Mekhi Collins, Marquel Beasley, Aj Roberts","London Cavaliers|10,12,13,15,4",4,Aj Roberts,13,Mekhi Collins,2,4,0,2,2,1.0,2.0
London Cavaliers,"Juan Manning, Joe Richards, Daniel Delsol-Lowry, Aj Roberts, Aaron Pyne","London Cavaliers|10,11,12,4,7",7,Aaron Pyne,11,Joe Richards,2,4,0,2,2,1.0,2.0
Milton Keynes Breakers,"Dashawn Jackson, Jonas Dietrich, Jordan Spencer, Blayne Freckleton, Chase Thompson","Milton Keynes Breakers|1,12,23,7,8",7,Blayne Freckleton,12,Jonas Dietrich,2,4,0,2,1,2.0,4.0
Bristol Hurricanes,"Daniel Edozie, Elvisi Dusha, Denzel Ubiaro, Corey Samuels, Vilmantas Dilys","Bristol Hurricanes|1,12,31,4,55",4,Corey Samuels,31,Denzel Ubiaro,2,4,0,2,1,2.0,4.0
Bristol Hurricanes,"Daniel Edozie, Elvisi Dusha, Jules Dang-Akodo, Denzel Ubiaro, Vilmantas Dilys","Bristol Hurricanes|1,12,23,31,55",12,Elvisi Dusha,1,Daniel Edozie,2,4,0,2,2,1.0,2.0
Hemel Storm,"Darien Nelson-Henry, Kai Walker, Matt Norman, Sam Newman, Jack Burnell","Hemel Storm|10,11,2,4,7",7,Jack Burnell,11,Kai Walker,2,4,0,2,1,2.0,4.0
Newcastle Knights,"Bradley Dean, Sam Trunley, Jaron Thames, Finn Cork, Mekhi Hendry","Newcastle Knights|1,10,11,13,2",1,Bradley Dean,11,Jaron Thames,2,4,0,2,1,2.0,4.0
Birmingham Rockets,"Ronald Blain, Zack Powell, Luke Okosieme, Eric Donaldson, Martyn Gayle","Birmingham Rockets|0,14,21,3,8",3,Eric Donaldson,14,Zack Powell,2,4,0,2,1,2.0,4.0
Birmingham Rockets,"Ronald Blain, Orlan Jackman, Zack Powell, Eric Donaldson, Martyn Gayle","Birmingham Rockets|0,13,14,3,8",14,Zack Powell,13,Orlan Jackman,2,4,0,2,1,2.0,4.0
Birmingham Rockets,"Ronald Blain, Orlan Jackman, Zack Powell, Luke Okosieme, Eric Donaldson","Birmingham Rockets|0,13,14,21,3",0,Ronald Blain,21,Luke Okosieme,2,4,0,2,2,1.0,2.0
Reading Rockets,"Malik Bryant, Cooper Creek, Yusef Salih, Victor Olarerin, Simon Chamberlain","Reading Rockets|10,14,5,8,9",10,Malik Bryant,8,Victor Olarerin,2,4,0,2,2,1.0,2.0
Reading Rockets,"Malik Bryant, Ty Nsangu, Cooper Creek, Jax Bouknight, Yusef Salih","Reading Rockets|10,12,14,4,5",10,Malik Bryant,14,Cooper Creek,2,4,0,2,1,2.0,4.0
Milton Keynes Breakers,"Dashawn Jackson, Jonas Dietrich, Mike New Jr., Xavier Wilson, Jordan Spencer","Milton Keynes Breakers|1,12,15,21,23",12,Jonas Dietrich,21,Xavier Wilson,2,4,0,2,1,2.0,4.0
Hemel Storm,"Darien Nelson-Henry, Kai Walker, Matt Norman, Brayden Inger, Sam Newman","Hemel Storm|10,11,2,3,4",2,Matt Norman,3,Brayden Inger,2,4,0,2,2,1.0,2.0
Hemel Storm,"Mergim Sokoli, Darien Nelson-Henry, Matt Norman, Sam Newman, Jack Burnell","Hemel Storm|0,10,2,4,7",4,Sam Newman,10,Darien Nelson-Henry,2,4,0,2,1,2.0,4.0
Loughborough Riders,"Seth Wylie, Ben Woog, Jalen Cook, Oscar Curran, Michael Joiner","Loughborough Riders|15,20,21,23,7",23,Oscar Curran,21,Jalen Cook,2,4,0,2,1,2.0,4.0
Loughborough Riders,"Levi Ehiorobo, Dan Hadley, Oscar Curran, Callum Keys, Michael Joiner","Loughborough Riders|12,22,23,6,7",23,Oscar Curran,6,Callum Keys,2,4,0,2,1,2.0,4.0
Worthing Thunder,"Danny Evans, Justin Hopkins, Elijah Maynard, Jonathan Lashley, Alfie Price","Worthing Thunder|0,15,22,35,88",22,Elijah Maynard,15,Justin Hopkins,2,4,0,2,1,2.0,4.0
Derby Trailblazers,"Casey Burr, Connor Washington, Robert Marsden, Charlie Brown, Malcolm Smith","Derby Trailblazers|0,13,30,4,9",4,Charlie Brown,9,Malcolm Smith,2,4,0,2,1,2.0,4.0
Birmingham Rockets,"Ronald Blain, Zack Powell, Luke Okosieme, Eric Donaldson, Martyn Gayle","Birmingham Rockets|0,14,21,3,8",14,Zack Powell,21,Luke Okosieme,2,4,0,2,1,2.0,4.0
Birmingham Rockets,"Ronald Blain, Zack Powell, Luke Okosieme, Eric Donaldson, Martyn Gayle","Birmingham Rockets|0,14,21,3,8",3,Eric Donaldson,0,Ronald Blain,2,4,0,2,2,1.0,2.0
Worthing Thunder,"Danny Evans, Matthew Bryan-Amaning, Justin Hopkins, Elijah Maynard, Elliott Dadds","Worthing Thunder|0,11,15,22,7",0,Danny Evans,11,Matthew Bryan-Amaning,2,4,0,2,2,1.0,2.0
Worthing Thunder,"Danny Evans, Matthew Bryan-Amaning, Justin Hopkins, Elijah Maynard, Elliott Dadds","Worthing Thunder|0,11,15,22,7",22,Elijah Maynard,11,Matthew Bryan-Amaning,2,4,0,2,2,1.0,2.0
Nottingham Hoods,"Tyrone Williams, Abiodun Adedo, Byrce Johnson, Donell Nixon Ii, Sam Akano","Nottingham Hoods|1,12,21,24,7",21,Byrce Johnson,24,Donell Nixon Ii,2,4,0,2,1,2.0,4.0
Nottingham Hoods,"Tyrone Williams, Abiodun Adedo, Donell Nixon Ii, Elliot Bailey, Sam Akano","Nottingham Hoods|1,12,24,6,7",12,Abiodun Adedo,1,Tyrone Williams,2,4,0,2,1,2.0,4.0
Nottingham Hoods,"Tyrone Williams, Byrce Johnson, Donell Nixon Ii, Elliot Bailey, Micah Savery-Richards","Nottingham Hoods|1,21,24,6,8",6,Elliot Bailey,24,Donell Nixon Ii,2,4,0,2,1,2.0,4.0
Nottingham Hoods,"Tyrone Williams, Abiodun Adedo, Byrce Johnson, Donell Nixon Ii, Sam Akano","Nottingham Hoods|1,12,21,24,7",7,Sam Akano,12,Abiodun Adedo,2,4,0,2,2,1.0,2.0
Newcastle Knights,"Bradley Dean, Jaron Thames, Will Neighbour, Mekhi Hendry, Messiah Jones","Newcastle Knights|1,11,15,2,5",5,Messiah Jones,11,Jaron Thames,2,4,0,2,2,1.0,2.0
Hemel Storm,"Mergim Sokoli, Kai Walker, Matt Norman, Veron Eze, Sam Newman","Hemel Storm|0,11,2,21,4",4,Sam Newman,0,Mergim Sokoli,2,4,0,2,1,2.0,4.0
Hemel Storm,"Darien Nelson-Henry, Kai Walker, Brayden Inger, Sam Newman, Jack Burnell","Hemel Storm|10,11,3,4,7",10,Darien Nelson-Henry,3,Brayden Inger,2,4,0,2,2,1.0,2.0
Nottingham Hoods,"Tyrone Williams, Abiodun Adedo, Byrce Johnson, Donell Nixon Ii, Sam Akano","Nottingham Hoods|1,12,21,24,7",21,Byrce Johnson,12,Abiodun Adedo,2,4,0,2,1,2.0,4.0
Nottingham Hoods,"Abiodun Adedo, Byrce Johnson, Donell Nixon Ii, Sam Akano, Micah Savery-Richards","Nottingham Hoods|12,21,24,7,8",24,Donell Nixon Ii,12,Abiodun Adedo,2,4,0,2,2,1.0,2.0
Essex Rebels,"Mou Wol-Cummings, Kyron Martin, Tom Child, Johnny Mckew, Tyreese Hudson","Essex Rebels|0,10,22,7,9",22,Tom Child,9,Tyreese Hudson,2,4,0,2,2,1.0,2.0
Hemel Storm,"Mergim Sokoli, Matt Norman, Veron Eze, Brayden Inger, Sam Newman","Hemel Storm|0,2,21,3,4",4,Sam Newman,0,Mergim Sokoli,2,4,0,2,1,2.0,4.0
Yorkshire Dragons,"Ronnie Ani, David Ulph, Logan Rooney, Jordan Jefferson, Corey Johnson","Yorkshire Dragons|1,10,3,4,9",3,Logan Rooney,9,Corey Johnson,2,4,0,2,1,2.0,4.0
Birmingham Rockets,"Ronald Blain, Luke Okosieme, Eric Donaldson, Lucas Mcgregor, Martyn Gayle","Birmingham Rockets|0,21,3,6,8",0,Ronald Blain,3,Eric Donaldson,2,4,0,2,1,2.0,4.0
Loughborough Riders,"Johde Campbell, Jalen Cook, Oscar Curran, Cameron Nyarko, Callum Keys","Loughborough Riders|0,12,6,7,8",0,Johde Campbell,6,Oscar Curran,2,4,0,2,2,1.0,2.0
Birmingham Rockets,"Ronald Blain, Zack Powell, Luke Okosieme, Lucas Mcgregor, Martyn Gayle","Birmingham Rockets|0,14,21,6,8",0,Ronald Blain,21,Luke Okosieme,2,4,0,2,1,2.0,4.0
Birmingham Rockets,"Ronald Blain, Zack Powell, Luke Okosieme, Faaris Mughaal, Martyn Gayle","Birmingham Rockets|0,14,21,7,8",7,Faaris Mughaal,0,Ronald Blain,2,4,0,2,1,2.0,4.0
Reading Rockets,"Malik Bryant, Ty Nsangu, Yusef Salih, Victor Olarerin, Simon Chamberlain","Reading Rockets|10,12,5,8,9",5,Yusef Salih,10,Malik Bryant,2,4,0,2,1,2.0,4.0
Birmingham Rockets,"Ronald Blain, Zack Powell, Eric Donaldson, Lucas Mcgregor, Martyn Gayle","Birmingham Rockets|0,14,3,6,8",6,Lucas Mcgregor,3,Eric Donaldson,2,4,0,2,1,2.0,4.0
Milton Keynes Breakers,"Chase Thompson, Jonas Dietrich, Mike New Jr, Jordan Spencer, Dashawn Jackson","Milton Keynes Breakers|10,12,15,23,9",12,Jonas Dietrich,9,Dashawn Jackson,1,3,1,0,1,1.0,3.0
Milton Keynes Breakers,"Chase Thompson, Jonas Dietrich, Mike New Jr, Jordan Spencer, Dashawn Jackson","Milton Keynes Breakers|10,12,15,23,9",12,Jonas Dietrich,10,Chase Thompson,1,3,1,0,1,1.0,3.0
London Cavaliers,"Juan Manning, Mekhi Collins, Marquel Beasley, Daniel Braster, Omari Pond-Mckenzie","London Cavaliers|10,13,15,23,5",10,Juan Manning,5,Omari Pond-Mckenzie,1,3,1,0,1,1.0,3.0
London Cavaliers,"Juan Manning, Mekhi Collins, Marquel Beasley, Aj Roberts, Omari Pond-Mckenzie","London Cavaliers|10,13,15,4,5",10,Juan Manning,15,Marquel Beasley,1,3,1,0,1,1.0,3.0
Milton Keynes Breakers,"Chase Thompson, Jonas Dietrich, Mike New Jr, Blayne Freckleton, Dashawn Jackson","Milton Keynes Breakers|10,12,15,7,9",7,Blayne Freckleton,9,Dashawn Jackson,1,3,1,0,1,1.0,3.0
Milton Keynes Breakers,"Chase Thompson, Xavier Wilson, Jordan Spencer, Blayne Freckleton, Dashawn Jackson","Milton Keynes Breakers|10,21,23,7,9",9,Dashawn Jackson,10,Chase Thompson,1,3,1,0,1,1.0,3.0
London Cavaliers,"Juan Manning, Mekhi Collins, Daniel Braster, Aj Roberts, Omari Pond-Mckenzie","London Cavaliers|10,13,23,4,5",10,Juan Manning,23,Daniel Braster,1,3,1,0,1,1.0,3.0
Milton Keynes Breakers,"Ben Baker-Mccann, Mike New Jr, Xavier Wilson, Blayne Freckleton, Dashawn Jackson","Milton Keynes Breakers|11,15,21,7,9",21,Xavier Wilson,11,Ben Baker-Mccann,1,3,1,0,1,1.0,3.0
Milton Keynes Breakers,"Chase Thompson, Ben Baker-Mccann, Mike New Jr, Blayne Freckleton, Dashawn Jackson","Milton Keynes Breakers|10,11,15,7,9",11,Ben Baker-Mccann,10,Chase Thompson,1,3,1,0,1,1.0,3.0
Milton Keynes Breakers,"Chase Thompson, Ben Baker-Mccann, Mike New Jr, Blayne Freckleton, Dashawn Jackson","Milton Keynes Breakers|10,11,15,7,9",9,Dashawn Jackson,15,Mike New Jr,1,3,1,0,1,1.0,3.0
Newcastle Knights,"B. Dean, S. Trunley, J. Thames, F. Cork, M. Mathews","Newcastle Knights|1,10,11,13,8",11,J. Thames,1,B. Dean,1,3,1,0,1,1.0,3.0
Newcastle Knights,"B. Dean, S. Trunley, J. Thames, F. Cork, M. Mathews","Newcastle Knights|1,10,11,13,8",8,M. Mathews,10,S. Trunley,1,3,1,0,1,1.0,3.0
Newcastle Knights,"B. Dean, S. Trunley, J. Thames, F. Cork, M. Mathews","Newcastle Knights|1,10,11,13,8",10,S. Trunley,1,B. Dean,1,3,1,0,1,1.0,3.0
Yorkshire Dragons,"D. Ulph, J. Whelan, J. Melke, C. Jonhson, N. Lewis","Yorkshire Dragons|10,23,5,9,93",9,C. Jonhson,23,J. Whelan,1,3,1,0,1,1.0,3.0
Yorkshire Dragons,"D. Ulph, J. Whelan, J. Melke, C. Jonhson, N. Lewis","Yorkshire Dragons|10,23,5,9,93",5,J. Melke,23,J. Whelan,1,3,1,0,1,1.0,3.0
Yorkshire Dragons,"D. Ulph, J. Whelan, J. Melke, C. Jonhson, N. Lewis","Yorkshire Dragons|10,23,5,9,93",10,D. Ulph,5,J. Melke,1,3,1,0,1,1.0,3.0
Newcastle Knights,"S. Trunley, J. Thames, W. Neighbour, T. Riley, M. Felletti-O""Donnell","Newcastle Knights|10,11,15,2,9",15,W. Neighbour,11,J. Thames,1,3,1,0,1,1.0,3.0
Newcastle Knights,"B. Dean, S. Trunley, J. Thames, W. Neighbour, T. Riley","Newcastle Knights|1,10,11,15,2",11,J. Thames,15,W. Neighbour,1,3,1,0,1,1.0,3.0
Newcastle Knights,"B. Dean, S. Trunley, J. Thames, W. Neighbour, T. Riley","Newcastle Knights|1,10,11,15,2",2,T. Riley,15,W. Neighbour,1,3,1,0,1,1.0,3.0
Newcastle Knights,"B. Dean, S. Trunley, J. Thames, W. Neighbour, T. Riley","Newcastle Knights|1,10,11,15,2",15,W. Neighbour,1,B. Dean,1,3,1,0,1,1.0,3.0
Newcastle Knights,"B. Dean, S. Trunley, J. Thames, J. Soodeen, W. Neighbour","Newcastle Knights|1,10,11,12,15",15,W. Neighbour,1,B. Dean,1,3,1,0,1,1.0,3.0
Newcastle Knights,"B. Dean, S. Trunley, J. Thames, J. Soodeen, W. Neighbour","Newcastle Knights|1,10,11,12,15",1,B. Dean,11,J. Thames,1,3,1,0,1,1.0,3.0
Newcastle Knights,"B. Dean, S. Trunley, J. Thames, J. Soodeen, W. Neighbour","Newcastle Knights|1,10,11,12,15",12,J. Soodeen,15,W. Neighbour,1,3,1,0,1,1.0,3.0
Yorkshire Dragons,"D. Ulph, J. Colon, J. Whelan, C. Jonhson, N. Lewis","Yorkshire Dragons|10,11,23,9,93",11,J. Colon,9,C. Jonhson,1,3,1,0,1,1.0,3.0
Bristol Flyers II,"Yusuf Hafid, Nikolas Sagkovits, Nassim Ladjimi, Marvin Dinnall, Giuseppe Landolfi","Bristol Flyers II|0,21,24,5,7",5,Marvin Dinnall,24,Nassim Ladjimi,1,3,1,0,1,1.0,3.0
Bristol Flyers II,"Yusuf Hafid, Lanre Ayinla, Nikolas Sagkovits, Nassim Ladjimi, Giuseppe Landolfi","Bristol Flyers II|0,10,21,24,7",0,Yusuf Hafid,24,Nassim Ladjimi,1,3,1,0,1,1.0,3.0
Bristol Flyers II,"Lanre Ayinla, Roman Price, Reggie Eigbe, Nassim Ladjimi, Anthony Bhebhe","Bristol Flyers II|10,11,13,24,4",11,Roman Price,24,Nassim Ladjimi,1,3,1,0,1,1.0,3.0
Bristol Flyers II,"Roman Price, Jack Craggs, Nassim Ladjimi, Anthony Bhebhe, Tom Browne","Bristol Flyers II|11,12,24,4,8",8,Tom Browne,24,Nassim Ladjimi,1,3,1,0,1,1.0,3.0
Bristol Flyers II,"Jack Craggs, Nikolas Sagkovits, Marvin Dinnall, Giuseppe Landolfi, Tom Browne","Bristol Flyers II|12,21,5,7,8",8,Tom Browne,12,Jack Craggs,1,3,1,0,1,1.0,3.0
Worthing Thunder,"Justin Hopkins, Elijah Maynard, Tom Dejesus, Adrian Scarborough, Bode Adeluola","Worthing Thunder|15,22,26,4,5",4,Adrian Scarborough,22,Elijah Maynard,1,3,1,0,1,1.0,3.0
Bristol Flyers II,"Yusuf Hafid, Reggie Eigbe, Nassim Ladjimi, Giuseppe Landolfi, Ashton Dyer","Bristol Flyers II|0,13,24,7,9",9,Ashton Dyer,7,Giuseppe Landolfi,1,3,1,0,1,1.0,3.0
Bristol Flyers II,"Yusuf Hafid, Lanre Ayinla, Nikolas Sagkovits, Nassim Ladjimi, Tom Browne","Bristol Flyers II|0,10,21,24,8",0,Yusuf Hafid,24,Nassim Ladjimi,1,3,1,0,1,1.0,3.0
Essex Rebels,"Remy Udeh, Miles Brown, Tom Child, Harry Gent, Chrishon Briggs","Essex Rebels|14,2,22,36,4",22,Tom Child,2,Miles Brown,1,3,1,0,1,1.0,3.0
Bristol Hurricanes,"D. Edozie, E. Dusha, J. Claar, C. Samuels, V. Dilys","Bristol Hurricanes|1,12,24,4,55",1,D. Edozie,55,V. Dilys,1,3,1,0,1,1.0,3.0
Essex Rebels,"Michael Amako, Kyron Martin, Tom Child, Johnny Mckew, Tyreese Hudson","Essex Rebels|1,10,22,7,9",1,Michael Amako,7,Johnny Mckew,1,3,1,0,1,1.0,3.0
Bristol Hurricanes,"D. Edozie, D. Forsyth, E. Dusha, C. Tucker, C. Samuels","Bristol Hurricanes|1,11,12,3,4",11,D. Forsyth,4,C. Samuels,1,3,1,0,1,1.0,3.0
Essex Rebels,"Mou Wol-Cummings, Kyron Martin, Remy Udeh, Johnny Mckew, Tyreese Hudson","Essex Rebels|0,10,14,7,9",0,Mou Wol-Cummings,10,Kyron Martin,1,3,1,0,1,1.0,3.0
Essex Rebels,"Remy Udeh, Miles Brown, Tom Child, Harry Gent, Chrishon Briggs","Essex Rebels|14,2,22,36,4",22,Tom Child,4,Chrishon Briggs,1,3,1,0,1,1.0,3.0
Essex Rebels,"Kyron Martin, Anthony Idiata-Mendez, Tom Child, Johnny Mckew, Tyreese Hudson","Essex Rebels|10,20,22,7,9",20,Anthony Idiata-Mendez,10,Kyron Martin,1,3,1,0,1,1.0,3.0
Bristol Hurricanes,"D. Forsyth, K. Hill, J. Claar, C. Tucker, C. Samuels","Bristol Hurricanes|11,2,24,3,4",3,C. Tucker,2,K. Hill,1,3,1,0,1,1.0,3.0
Essex Rebels,"Michael Amako, Remy Udeh, Anthony Idiata-Mendez, Johnny Mckew, Tyreese Hudson","Essex Rebels|1,14,20,7,9",7,Johnny Mckew,14,Remy Udeh,1,3,1,0,1,1.0,3.0
Reading Rockets,"Malik Bryant, Jax Bouknight, Matthew Allman, Eliaz (Zain) Poorman, Simon Chamberlain","Reading Rockets|10,4,5,6,9",10,Malik Bryant,4,Jax Bouknight,1,3,1,0,1,1.0,3.0
Reading Rockets,"Matthew Allman, Eliaz (Zain) Poorman, Lewis Champion, Victor Olarerin, Simon Chamberlain","Reading Rockets|5,6,7,8,9",9,Simon Chamberlain,5,Matthew Allman,1,3,1,0,1,1.0,3.0
Hemel Storm,"Darien Nelson-Henry, Matt Norman, Di-Jani Parkinson, Brayden Inger, Sam Newman","Hemel Storm|10,2,23,3,4",3,Brayden Inger,23,Di-Jani Parkinson,1,3,1,0,1,1.0,3.0
Reading Rockets,"Malik Bryant, Cooper Creek, Eliaz (Zain) Poorman, Lewis Champion, Victor Olarerin","Reading Rockets|10,14,6,7,8",7,Lewis Champion,14,Cooper Creek,1,3,1,0,1,1.0,3.0
Reading Rockets,"Malik Bryant, Cooper Creek, Matthew Allman, Lewis Champion, Victor Olarerin","Reading Rockets|10,14,5,7,8",10,Malik Bryant,8,Victor Olarerin,1,3,1,0,1,1.0,3.0
Hemel Storm,"Kai Walker, Matt Norman, Di-Jani Parkinson, Brayden Inger, Sam Newman","Hemel Storm|11,2,23,3,4",3,Brayden Inger,2,Matt Norman,1,3,1,0,1,1.0,3.0
Hemel Storm,"Darien Nelson-Henry, Kai Walker, Matt Norman, Veron Eze, Sam Newman","Hemel Storm|10,11,2,21,4",10,Darien Nelson-Henry,2,Matt Norman,1,3,1,0,1,1.0,3.0
Reading Rockets,"Malik Bryant, Cooper Creek, Jax Bouknight, Matthew Allman, Victor Olarerin","Reading Rockets|10,14,4,5,8",4,Jax Bouknight,14,Cooper Creek,1,3,1,0,1,1.0,3.0
Derby Trailblazers,"S. Walker, Charlie Brown, Harland Beverly, Evan Oliver, Raheem May-Thompson","Derby Trailblazers|3,4,5,6,7",5,Harland Beverly,6,Evan Oliver,1,3,1,0,1,1.0,3.0
Birmingham Rockets,"Luke Okosieme, Eric Donaldson, Lucas Mcgregor, Faaris Mughal, Martyn Gayle","Birmingham Rockets|21,3,6,7,8",6,Lucas Mcgregor,3,Eric Donaldson,1,3,1,0,1,1.0,3.0
Derby Trailblazers,"S. Walker, Charlie Brown, Harland Beverly, Evan Oliver, Raheem May-Thompson","Derby Trailblazers|3,4,5,6,7",4,Charlie Brown,5,Harland Beverly,1,3,1,0,1,1.0,3.0
Birmingham Rockets,"Luke Okosieme, Eric Donaldson, Lucas Mcgregor, Faaris Mughal, Martyn Gayle","Birmingham Rockets|21,3,6,7,8",7,Faaris Mughal,6,Lucas Mcgregor,1,3,1,0,1,1.0,3.0
Birmingham Rockets,"Tom Grayling, Zack Powell, Luke Okosieme, Eric Donaldson, Martyn Gayle","Birmingham Rockets|12,14,21,3,8",14,Zack Powell,8,Martyn Gayle,1,3,1,0,1,1.0,3.0
Derby Trailblazers,"Connor Washington, Rob Marsden, Harland Beverly, Evan Oliver, Raheem May-Thompson","Derby Trailblazers|13,30,5,6,7",5,Harland Beverly,6,Evan Oliver,1,3,1,0,1,1.0,3.0
Derby Trailblazers,"Connor Washington, Rob Marsden, Harland Beverly, Evan Oliver, Raheem May-Thompson","Derby Trailblazers|13,30,5,6,7",7,Raheem May-Thompson,5,Harland Beverly,1,3,1,0,1,1.0,3.0
Derby Trailblazers,"Jai Pathmarajah, S. Walker, Harland Beverly, Evan Oliver, Raheem May-Thompson","Derby Trailblazers|22,3,5,6,7",22,Jai Pathmarajah,6,Evan Oliver,1,3,1,0,1,1.0,3.0
Birmingham Rockets,"Orlan Jackman, Eric Donaldson, Lucas Mcgregor, Faaris Mughal, Martyn Gayle","Birmingham Rockets|13,3,6,7,8",6,Lucas Mcgregor,8,Martyn Gayle,1,3,1,0,1,1.0,3.0
Nottingham Hoods,"Tyrone Williams, Simeon Perry, Micah Salvery-Richards, Andrew Thomson, Sam Akano","Nottingham Hoods|1,11,14,21,7",1,Tyrone Williams,7,Sam Akano,1,3,1,0,1,1.0,3.0
Nottingham Hoods,"Mergin Sokoli, Tyrone Williams, Latrell Maitland, Donell Nixon Ii, Elliot Bailey","Nottingham Hoods|0,1,23,24,6",23,Latrell Maitland,1,Tyrone Williams,1,3,1,0,1,1.0,3.0
Loughborough Riders,"Johde Campbell, Panos Karras, Jalen Cook, Tomide Akinsiku, Dan Hadley","Loughborough Riders|0,15,31,36,5",36,Tomide Akinsiku,0,Johde Campbell,1,3,1,0,1,1.0,3.0
Nottingham Hoods,"Tyrone Williams, Simeon Perry, Donell Nixon Ii, Elliot Bailey, Sam Akano","Nottingham Hoods|1,11,24,6,7",1,Tyrone Williams,24,Donell Nixon Ii,1,3,1,0,1,1.0,3.0
Loughborough Riders,"Johde Campbell, Michael Joiner, Jalen Cook, Tomide Akinsiku, Seth Wylie","Loughborough Riders|0,11,31,36,43",36,Tomide Akinsiku,31,Jalen Cook,1,3,1,0,1,1.0,3.0
Loughborough Riders,"Johde Campbell, Michael Joiner, Panos Karras, Jalen Cook, Tomide Akinsiku","Loughborough Riders|0,11,15,31,36",31,Jalen Cook,0,Johde Campbell,1,3,1,0,1,1.0,3.0
Loughborough Riders,"Johde Campbell, Michael Joiner, Panos Karras, Jalen Cook, Tomide Akinsiku","Loughborough Riders|0,11,15,31,36",11,Michael Joiner,31,Jalen Cook,1,3,1,0,1,1.0,3.0
Nottingham Hoods,"Mergin Sokoli, Tyrone Williams, Micah Salvery-Richards, Donell Nixon Ii, Elliot Bailey","Nottingham Hoods|0,1,14,24,6",1,Tyrone Williams,24,Donell Nixon Ii,1,3,1,0,1,1.0,3.0
Nottingham Hoods,"Mergin Sokoli, Tyrone Williams, Simeon Perry, Donell Nixon Ii, Sam Akano","Nottingham Hoods|0,1,11,24,7",24,Donell Nixon Ii,0,Mergin Sokoli,1,3,1,0,1,1.0,3.0
Loughborough Riders,"Michael Joiner, Jalen Cook, Tomide Akinsiku, Liam Campbell, Seth Wylie","Loughborough Riders|11,31,36,4,43",31,Jalen Cook,4,Liam Campbell,1,3,1,0,1,1.0,3.0
Loughborough Riders,"Michael Joiner, Jalen Cook, Tomide Akinsiku, Liam Campbell, Seth Wylie","Loughborough Riders|11,31,36,4,43",4,Liam Campbell,43,Seth Wylie,1,3,1,0,1,1.0,3.0
Nottingham Hoods,"Mergin Sokoli, Tyrone Williams, Donell Nixon Ii, Elliot Bailey, Sam Akano","Nottingham Hoods|0,1,24,6,7",1,Tyrone Williams,6,Elliot Bailey,1,3,1,0,1,1.0,3.0
Milton Keynes Breakers,"Dashawn Jackson, Ben Baker-Mccann, Mike New Jr., Jordan Spencer, Chase Thompson","Milton Keynes Breakers|1,11,15,23,8",15,Mike New Jr.,8,Chase Thompson,1,3,1,0,1,1.0,3.0
Newcastle Knights,"Bradley Dean, Sam Trunley, Jaron Thames, Jason Soodeen, Miles Felletti-O'donnell","Newcastle Knights|1,10,11,12,9",1,Bradley Dean,9,Miles Felletti-O'donnell,1,3,1,0,1,1.0,3.0
Milton Keynes Breakers,"Ben Baker-Mccann, Jonas Dietrich, Xavier Wilson, Jordan Spencer, Blayne Freckleton","Milton Keynes Breakers|11,12,21,23,7",21,Xavier Wilson,11,Ben Baker-Mccann,1,3,1,0,1,1.0,3.0
Milton Keynes Breakers,"Ben Baker-Mccann, Jonas Dietrich, Xavier Wilson, Jordan Spencer, Blayne Freckleton","Milton Keynes Breakers|11,12,21,23,7",23,Jordan Spencer,21,Xavier Wilson,1,3,1,0,1,1.0,3.0
Newcastle Knights,"Bradley Dean, Sam Trunley, Jaron Thames, Will Neighbour, Max Matthews","Newcastle Knights|1,10,11,15,8",15,Will Neighbour,10,Sam Trunley,1,3,1,0,1,1.0,3.0
Milton Keynes Breakers,"Dashawn Jackson, Jonas Dietrich, Mike New Jr., Jordan Spencer, Chase Thompson","Milton Keynes Breakers|1,12,15,23,8",23,Jordan Spencer,8,Chase Thompson,1,3,1,0,1,1.0,3.0
Milton Keynes Breakers,"Dashawn Jackson, Jonas Dietrich, Mike New Jr., Jordan Spencer, Chase Thompson","Milton Keynes Breakers|1,12,15,23,8",23,Jordan Spencer,12,Jonas Dietrich,1,3,1,0,1,1.0,3.0
Milton Keynes Breakers,"Dashawn Jackson, Jonas Dietrich, Mike New Jr., Jordan Spencer, Chase Thompson","Milton Keynes Breakers|1,12,15,23,8",1,Dashawn Jackson,8,Chase Thompson,1,3,1,0,1,1.0,3.0
Newcastle Knights,"Bradley Dean, Sam Trunley, Messiah Jones, Scott Angus, Max Matthews","Newcastle Knights|1,10,5,7,8",5,Messiah Jones,10,Sam Trunley,1,3,1,0,1,1.0,3.0
Newcastle Knights,"Bradley Dean, Sam Trunley, Jaron Thames, Messiah Jones, Max Matthews","Newcastle Knights|1,10,11,5,8",10,Sam Trunley,5,Messiah Jones,1,3,1,0,1,1.0,3.0
Newcastle Knights,"Bradley Dean, Sam Trunley, Jaron Thames, Jason Soodeen, Messiah Jones","Newcastle Knights|1,10,11,12,5",11,Jaron Thames,10,Sam Trunley,1,3,1,0,1,1.0,3.0
Worthing Thunder,"Danny Evans, Matthew Bryan-Amaning, Elijah Maynard, Bode Adeluola, Elliott Dadds","Worthing Thunder|0,11,22,5,7",0,Danny Evans,5,Bode Adeluola,1,3,1,0,1,1.0,3.0
Worthing Thunder,"Danny Evans, Matthew Bryan-Amaning, Elijah Maynard, Bode Adeluola, Elliott Dadds","Worthing Thunder|0,11,22,5,7",7,Elliott Dadds,0,Danny Evans,1,3,1,0,1,1.0,3.0
Worthing Thunder,"Danny Evans, Elijah Maynard, Adrian Scarborough, Bode Adeluola, Elliott Dadds","Worthing Thunder|0,22,4,5,7",0,Danny Evans,7,Elliott Dadds,1,3,1,0,1,1.0,3.0
Yorkshire Dragons,"Jordan Whelan, J. Melke, Corey Johnson, Andreas Lycoudis, Nick Lewis","Yorkshire Dragons|23,5,6,7,93",93,Nick Lewis,6,Corey Johnson,1,3,1,0,1,1.0,3.0
Worthing Thunder,"Danny Evans, Elijah Maynard, Troy Mcindoe, Adrian Scarborough, Bode Adeluola","Worthing Thunder|0,22,23,4,5",22,Elijah Maynard,0,Danny Evans,1,3,1,0,1,1.0,3.0
Worthing Thunder,"Justin Hopkins, Elijah Maynard, Adrian Scarborough, Bode Adeluola, Elliott Dadds","Worthing Thunder|15,22,4,5,7",5,Bode Adeluola,22,Elijah Maynard,1,3,1,0,1,1.0,3.0
Bristol Hurricanes,"Elvisi Dusha, James Claar, Heru Bligen, Corey Samuels, Vilmantas Dilys","Bristol Hurricanes|12,24,33,4,55",4,Corey Samuels,12,Elvisi Dusha,1,3,1,0,1,1.0,3.0
Bristol Hurricanes,"Daniel Edozie, Elvisi Dusha, James Claar, Denzel Ubiaro, Corey Samuels","Bristol Hurricanes|1,12,24,31,4",4,Corey Samuels,12,Elvisi Dusha,1,3,1,0,1,1.0,3.0
Derby Trailblazers,"Connor Washington, Robert Marsden, Harlond Beverley Jr, Evan Oliver, Raheem May-Thompson","Derby Trailblazers|13,30,5,6,7",7,Raheem May-Thompson,6,Evan Oliver,1,3,1,0,1,1.0,3.0
Bristol Hurricanes,"Daniel Edozie, Elvisi Dusha, James Claar, Denzel Ubiaro, Heru Bligen","Bristol Hurricanes|1,12,24,31,33",33,Heru Bligen,12,Elvisi Dusha,1,3,1,0,1,1.0,3.0
Essex Rebels,"Kyron Martin, Miles Brown, Tom Child, Johnny Mckew, Tyreese Hudson","Essex Rebels|10,2,22,7,9",22,Tom Child,10,Kyron Martin,1,3,1,0,1,1.0,3.0
Essex Rebels,"Kyron Martin, Miles Brown, Tom Child, Johnny Mckew, Tyreese Hudson","Essex Rebels|10,2,22,7,9",2,Miles Brown,22,Tom Child,1,3,1,0,1,1.0,3.0
London Cavaliers,"Joe Richards, Mekhi Collins, Marquel Beasley, Darren Ainembabazi, Aj Roberts","London Cavaliers|11,13,15,3,4",15,Marquel Beasley,11,Joe Richards,1,3,1,0,1,1.0,3.0
Essex Rebels,"Mou Wol-Cummings, Kyron Martin, Remy Udeh, Anthony Idiata-Mendez, Johnny Mckew","Essex Rebels|0,10,14,20,7",20,Anthony Idiata-Mendez,10,Kyron Martin,1,3,1,0,1,1.0,3.0
Essex Rebels,"Kyron Martin, Miles Brown, Anthony Idiata-Mendez, Tom Child, Johnny Mckew","Essex Rebels|10,2,20,22,7",2,Miles Brown,22,Tom Child,1,3,1,0,1,1.0,3.0
Essex Rebels,"Kyron Martin, Miles Brown, Anthony Idiata-Mendez, Tom Child, Johnny Mckew","Essex Rebels|10,2,20,22,7",22,Tom Child,10,Kyron Martin,1,3,1,0,1,1.0,3.0
Essex Rebels,"Mou Wol-Cummings, Remy Udeh, Miles Brown, Anthony Idiata-Mendez, Johnny Mckew","Essex Rebels|0,14,2,20,7",20,Anthony Idiata-Mendez,14,Remy Udeh,1,3,1,0,1,1.0,3.0
Loughborough Riders,"Johde Campbell, Michael Joiner, Panos Karras, Jalen Cook, Tomide Akinsuku","Loughborough Riders|0,11,15,31,36",0,Johde Campbell,0,Johde Campbell,1,3,1,0,1,1.0,3.0
Loughborough Riders,"Johde Campbell, Michael Joiner, Panos Karras, Jalen Cook, Tomide Akinsuku","Loughborough Riders|0,11,15,31,36",31,Jalen Cook,0,Johde Campbell,1,3,1,0,1,1.0,3.0
Hemel Storm,"Veron Eze, Di-Jani Parkinson, Brayden Inger, Jovan Rai, Jack Burnell","Hemel Storm|21,23,3,5,7",23,Di-Jani Parkinson,7,Jack Burnell,1,3,1,0,1,1.0,3.0
Hemel Storm,"Darien Nelson-Henry, Kai Walker, Di-Jani Parkinson, Sam Newman, Jack Burnell","Hemel Storm|10,11,23,4,7",10,Darien Nelson-Henry,4,Sam Newman,1,3,1,0,1,1.0,3.0
Hemel Storm,"Darien Nelson-Henry, Kai Walker, Di-Jani Parkinson, Sam Newman, Jack Burnell","Hemel Storm|10,11,23,4,7",4,Sam Newman,7,Jack Burnell,1,3,1,0,1,1.0,3.0
Hemel Storm,"Darien Nelson-Henry, Kai Walker, Veron Eze, Di-Jani Parkinson, Jovan Rai","Hemel Storm|10,11,21,23,5",5,Jovan Rai,23,Di-Jani Parkinson,1,3,1,0,1,1.0,3.0
Loughborough Riders,"Johde Campbell, Michael Joiner, Jalen Cook, Dan Hadley, Callum Keys","Loughborough Riders|0,11,31,5,8",0,Johde Campbell,31,Jalen Cook,1,3,1,0,1,1.0,3.0
Loughborough Riders,"Johde Campbell, Jalen Cook, Seth Wylie, Dan Hadley, Callum Keys","Loughborough Riders|0,31,43,5,8",31,Jalen Cook,43,Seth Wylie,1,3,1,0,1,1.0,3.0
Loughborough Riders,"Michael Joiner, Liam Campbell, Seth Wylie, Oscar Curran, Callum Keys","Loughborough Riders|11,4,43,6,8",43,Seth Wylie,8,Callum Keys,1,3,1,0,1,1.0,3.0
Nottingham Hoods,"Mergin Sokoli, Tyrone Williams, Donell Nixon Ii, Thierry Walker, Elliot Bailey","Nottingham Hoods|0,1,24,4,6",4,Thierry Walker,1,Tyrone Williams,1,3,1,0,1,1.0,3.0
Nottingham Hoods,"Mergin Sokoli, Tyrone Williams, Micah Savery-Richards, Donell Nixon Ii, Thierry Walker","Nottingham Hoods|0,1,14,24,4",1,Tyrone Williams,4,Thierry Walker,1,3,1,0,1,1.0,3.0
Nottingham Hoods,"Mergin Sokoli, Caiden Ross, Micah Savery-Richards, Latrell Maitland, Sam Akano","Nottingham Hoods|0,10,14,23,7",14,Micah Savery-Richards,23,Latrell Maitland,1,3,1,0,1,1.0,3.0
Nottingham Hoods,"Mergin Sokoli, Micah Savery-Richards, Latrell Maitland, Donell Nixon Ii, Sam Akano","Nottingham Hoods|0,14,23,24,7",0,Mergin Sokoli,23,Latrell Maitland,1,3,1,0,1,1.0,3.0
Nottingham Hoods,"Mergin Sokoli, Micah Savery-Richards, Latrell Maitland, Donell Nixon Ii, Sam Akano","Nottingham Hoods|0,14,23,24,7",0,Mergin Sokoli,24,Donell Nixon Ii,1,3,1,0,1,1.0,3.0
Nottingham Hoods,"Mergin Sokoli, Tyrone Williams, Donell Nixon Ii, Thierry Walker, Elliot Bailey","Nottingham Hoods|0,1,24,4,6",6,Elliot Bailey,24,Donell Nixon Ii,1,3,1,0,1,1.0,3.0
Birmingham Rockets,"Ronald Blain, Luke Okosieme, Eric Donaldson, Lucas Mcgregor, Martyn Gayle","Birmingham Rockets|0,21,3,6,8",21,Luke Okosieme,8,Martyn Gayle,1,3,1,0,1,1.0,3.0
Nottingham Hoods,"Tyrone Williams, Micah Savery-Richards, Latrell Maitland, Donell Nixon Ii, Elliot Bailey","Nottingham Hoods|1,14,23,24,6",14,Micah Savery-Richards,6,Elliot Bailey,1,3,1,0,1,1.0,3.0
Nottingham Hoods,"Tyrone Williams, Micah Savery-Richards, Latrell Maitland, Donell Nixon Ii, Elliot Bailey","Nottingham Hoods|1,14,23,24,6",24,Donell Nixon Ii,6,Elliot Bailey,1,3,1,0,1,1.0,3.0
Nottingham Hoods,"Tyrone Williams, Micah Savery-Richards, Latrell Maitland, Donell Nixon Ii, Elliot Bailey","Nottingham Hoods|1,14,23,24,6",24,Donell Nixon Ii,1,Tyrone Williams,1,3,1,0,1,1.0,3.0
Loughborough Riders,"Johde Campbell, Michael Joiner, Jalen Cook, Tomide Akinsuku, Seth Wylie","Loughborough Riders|0,11,12,2,43",12,Jalen Cook,0,Johde Campbell,1,3,1,0,1,1.0,3.0
Loughborough Riders,"Johde Campbell, Michael Joiner, Jalen Cook, Tomide Akinsuku, Oscar Curran","Loughborough Riders|0,11,12,2,6",11,Michael Joiner,0,Johde Campbell,1,3,1,0,1,1.0,3.0
Loughborough Riders,"Johde Campbell, Michael Joiner, Jalen Cook, Seth Wylie, Callum Keys","Loughborough Riders|0,11,12,43,8",11,Michael Joiner,0,Johde Campbell,1,3,1,0,1,1.0,3.0
Loughborough Riders,"Johde Campbell, Michael Joiner, Jalen Cook, Seth Wylie, Callum Keys","Loughborough Riders|0,11,12,43,8",12,Jalen Cook,11,Michael Joiner,1,3,1,0,1,1.0,3.0
London Cavaliers,"Juan Manning, Joe Richards, Marquel Beasley, Darren Ainembabazi, Aj Roberts","London Cavaliers|10,11,15,3,4",10,Juan Manning,15,Marquel Beasley,1,3,1,0,1,1.0,3.0
Loughborough Riders,"Johde Campbell, Michael Joiner, Jalen Cook, Liam Campbell, Oscar Curran","Loughborough Riders|0,11,12,4,6",0,Johde Campbell,11,Michael Joiner,1,3,1,0,1,1.0,3.0
Loughborough Riders,"Michael Joiner, Jalen Cook, Liam Campbell, Oscar Curran, Callum Keys","Loughborough Riders|11,12,4,6,8",12,Jalen Cook,6,Oscar Curran,1,3,1,0,1,1.0,3.0
Loughborough Riders,"Liam Campbell, Seth Wylie, Dan Hadley, Oscar Curran, Callum Keys","Loughborough Riders|4,43,5,6,8",6,Oscar Curran,43,Seth Wylie,1,3,1,0,1,1.0,3.0
Bristol Flyers II,"Yusuf Hafid, Lanre Ayinla, Reggie Eigbe, Nikolas Sagkovits, Nassim Ladjimi","Bristol Flyers II|0,10,13,21,24",0,Yusuf Hafid,13,Reggie Eigbe,1,3,1,0,1,1.0,3.0
Bristol Flyers II,"Roman Price, Reggie Eigbe, Nassim Ladjimi, Marvin Dinnall, Ashton Dyer","Bristol Flyers II|11,13,24,5,9",5,Marvin Dinnall,24,Nassim Ladjimi,1,3,1,0,1,1.0,3.0
Reading Rockets,"Malik Bryant, Ty Nsangu, Lewis Champion, Victor Olarerin, Simon Chamberlain","Reading Rockets|10,12,7,8,9",10,Malik Bryant,9,Simon Chamberlain,1,3,1,0,1,1.0,3.0
Reading Rockets,"Malik Bryant, Ty Nsangu, Matthew Allman, Lewis Champion, Simon Chamberlain","Reading Rockets|10,12,5,7,9",10,Malik Bryant,7,Lewis Champion,1,3,1,0,1,1.0,3.0
Reading Rockets,"Cooper Creek, Jax Bouknight, Eliaz (Zain) Poorman, Victor Olarerin, Simon Chamberlain","Reading Rockets|14,4,6,8,9",6,Eliaz (Zain) Poorman,9,Simon Chamberlain,1,3,1,0,1,1.0,3.0
Bristol Flyers II,"Yusuf Hafid, Lanre Ayinla, Reggie Eigbe, Zak Riabi, Giuseppe Landolfi","Bristol Flyers II|0,10,13,14,7",0,Yusuf Hafid,14,Zak Riabi,1,3,1,0,1,1.0,3.0
Bristol Flyers II,"Yusuf Hafid, Roman Price, Jack Craggs, Nassim Ladjimi, Ashton Dyer","Bristol Flyers II|0,11,12,24,9",0,Yusuf Hafid,9,Ashton Dyer,1,3,1,0,1,1.0,3.0
Bristol Flyers II,"Yusuf Hafid, Lanre Ayinla, Roman Price, Reggie Eigbe, Zak Riabi","Bristol Flyers II|0,10,11,13,14",0,Yusuf Hafid,13,Reggie Eigbe,1,3,1,0,1,1.0,3.0
Bristol Flyers II,"Yusuf Hafid, Lanre Ayinla, Roman Price, Reggie Eigbe, Zak Riabi","Bristol Flyers II|0,10,11,13,14",13,Reggie Eigbe,14,Zak Riabi,1,3,1,0,1,1.0,3.0
Reading Rockets,"Ty Nsangu, Nick Dent, James Waterhouse, Jax Bouknight, Matthew Allman","Reading Rockets|12,13,15,4,5",5,Matthew Allman,4,Jax Bouknight,1,3,1,0,1,1.0,3.0
Bristol Flyers II,"Yusuf Hafid, Zak Riabi, Nikolas Sagkovits, Giuseppe Landolfi, Thomas Browne","Bristol Flyers II|0,14,21,7,8",8,Thomas Browne,14,Zak Riabi,1,3,1,0,1,1.0,3.0
Bristol Hurricanes,"Daniel Edozie, Elvisi Dusha, James Claar, Heru Bligen, Corey Samuels","Bristol Hurricanes|1,12,24,33,4",12,Elvisi Dusha,24,James Claar,1,3,1,0,1,1.0,3.0
Bristol Hurricanes,"Elvisi Dusha, James Claar, Denzel Ubiaro, Heru Bligen, Vilmantas Dilys","Bristol Hurricanes|12,24,31,33,55",12,Elvisi Dusha,31,Denzel Ubiaro,1,3,1,0,1,1.0,3.0
Worthing Thunder,"Danny Evans, Justin Hopkins, Elijah Maynard, Troy Mcindoe, Bode Adeluola","Worthing Thunder|0,15,22,23,5",0,Danny Evans,5,Bode Adeluola,1,3,1,0,1,1.0,3.0
Worthing Thunder,"Danny Evans, Justin Hopkins, Troy Mcindoe, Bode Adeluola, Elliott Dadds","Worthing Thunder|0,15,23,5,7",23,Troy Mcindoe,0,Danny Evans,1,3,1,0,1,1.0,3.0
Worthing Thunder,"Danny Evans, Justin Hopkins, Troy Mcindoe, Bode Adeluola, Elliott Dadds","Worthing Thunder|0,15,23,5,7",0,Danny Evans,7,Elliott Dadds,1,3,1,0,1,1.0,3.0
Bristol Hurricanes,"Daniel Edozie, David Forsyth, James Claar, Heru Bligen, Corey Samuels","Bristol Hurricanes|1,11,24,33,4",4,Corey Samuels,24,James Claar,1,3,1,0,1,1.0,3.0
Bristol Hurricanes,"Daniel Edozie, Elvisi Dusha, Heru Bligen, Corey Samuels, Vilmantas Dilys","Bristol Hurricanes|1,12,33,4,55",12,Elvisi Dusha,33,Heru Bligen,1,3,1,0,1,1.0,3.0
Worthing Thunder,"Danny Evans, Elijah Maynard, Troy Mcindoe, Bode Adeluola, Elliott Dadds","Worthing Thunder|0,22,23,5,7",0,Danny Evans,5,Bode Adeluola,1,3,1,0,1,1.0,3.0
Worthing Thunder,"Danny Evans, Justin Hopkins, Troy Mcindoe, Bode Adeluola, Elliott Dadds","Worthing Thunder|0,15,23,5,7",5,Bode Adeluola,7,Elliott Dadds,1,3,1,0,1,1.0,3.0
Worthing Thunder,"Danny Evans, Matthew Bryan-Amaning, Justin Hopkins, Troy Mcindoe, Bode Adeluola","Worthing Thunder|0,11,15,23,5",23,Troy Mcindoe,5,Bode Adeluola,1,3,1,0,1,1.0,3.0
Derby Trailblazers,"Connor Washington, Robert Marsden, Harlond Beverley Jr, Evan Oliver, Raheem May-Thompson","Derby Trailblazers|13,30,5,6,7",5,Harlond Beverley Jr,6,Evan Oliver,1,3,1,0,1,1.0,3.0
Derby Trailblazers,"Jai Pathmarajah, Sean Mo Walker, Harlond Beverley Jr, Evan Oliver, Raheem May-Thompson","Derby Trailblazers|22,3,5,6,7",3,Sean Mo Walker,6,Evan Oliver,1,3,1,0,1,1.0,3.0
London Cavaliers,"Juan Manning, Mekhi Collins, Marquel Beasley, Daniel Braster, Darren Ainembabazi","London Cavaliers|10,13,15,23,3",10,Juan Manning,15,Marquel Beasley,1,3,1,0,1,1.0,3.0
Newcastle Knights,"Sam Trunley, Jaron Thames, Finn Cork, Noah Saa, Max Matthews","Newcastle Knights|10,11,13,14,8",11,Jaron Thames,10,Sam Trunley,1,3,1,0,1,1.0,3.0
Newcastle Knights,"Sam Trunley, Jaron Thames, Finn Cork, Noah Saa, Max Matthews","Newcastle Knights|10,11,13,14,8",10,Sam Trunley,11,Jaron Thames,1,3,1,0,1,1.0,3.0
Newcastle Knights,"Sam Trunley, Jaron Thames, Finn Cork, Noah Saa, Max Matthews","Newcastle Knights|10,11,13,14,8",10,Sam Trunley,8,Max Matthews,1,3,1,0,1,1.0,3.0
Newcastle Knights,"Sam Trunley, Jaron Thames, Finn Cork, Noah Saa, Max Matthews","Newcastle Knights|10,11,13,14,8",10,Sam Trunley,14,Noah Saa,1,3,1,0,1,1.0,3.0
Bristol Flyers II,"Nikolas Sagkovits, Marvin Dinnall, Wickens Simba, Giuseppe Landolfi, Thomas Browne","Bristol Flyers II|21,5,6,7,8",7,Giuseppe Landolfi,8,Thomas Browne,1,3,1,0,1,1.0,3.0
Bristol Flyers II,"Nikolas Sagkovits, Marvin Dinnall, Wickens Simba, Giuseppe Landolfi, Thomas Browne","Bristol Flyers II|21,5,6,7,8",5,Marvin Dinnall,7,Giuseppe Landolfi,1,3,1,0,1,1.0,3.0
Bristol Flyers II,"Yusuf Hafid, Reggie Eigbe, Karim Tadros, Nassim Ladjimi, Anthony Bhebhe","Bristol Flyers II|0,13,14,24,4",4,Anthony Bhebhe,24,Nassim Ladjimi,1,3,1,0,1,1.0,3.0
Newcastle Knights,"Finn Cork, Noah Saa, Mekhi Hendry, Messiah Jones, Max Matthews","Newcastle Knights|13,14,3,5,8",5,Messiah Jones,3,Mekhi Hendry,1,3,1,0,1,1.0,3.0
Bristol Flyers II,"Yusuf Hafid, Reggie Eigbe, Nassim Ladjimi, Anthony Bhebhe, Wickens Simba","Bristol Flyers II|0,13,24,4,6",0,Yusuf Hafid,6,Wickens Simba,1,3,1,0,1,1.0,3.0
Reading Rockets,"Malik Bryant, Ty Nsangu, Cooper Creek, Eliaz (Zain) Poorman, Victor Olarerin","Reading Rockets|10,12,14,6,8",10,Malik Bryant,14,Cooper Creek,1,3,1,0,1,1.0,3.0
Essex Rebels,"Kyron Martin, Remy Udeh, Miles Brown, Tom Child, Tyreese Hudson","Essex Rebels|10,14,2,22,9",9,Tyreese Hudson,14,Remy Udeh,1,3,1,0,1,1.0,3.0
Reading Rockets,"Malik Bryant, Ty Nsangu, Lewis Champion, Victor Olarerin, Simon Chamberlain","Reading Rockets|10,12,7,8,9",7,Lewis Champion,8,Victor Olarerin,1,3,1,0,1,1.0,3.0
Reading Rockets,"Cooper Creek, Jax Bouknight, Lewis Champion, Victor Olarerin, Simon Chamberlain","Reading Rockets|14,4,7,8,9",4,Jax Bouknight,14,Cooper Creek,1,3,1,0,1,1.0,3.0
Essex Rebels,"Michael Amako, Kyron Martin, Miles Brown, Will White, Tyreese Hudson","Essex Rebels|1,10,2,24,9",24,Will White,10,Kyron Martin,1,3,1,0,1,1.0,3.0
Essex Rebels,"Kyron Martin, Remy Udeh, Miles Brown, Tom Child, Johnny Mckew","Essex Rebels|10,14,2,22,7",22,Tom Child,14,Remy Udeh,1,3,1,0,1,1.0,3.0
Reading Rockets,"Ty Nsangu, Cooper Creek, Eliaz (Zain) Poorman, Lewis Champion, Victor Olarerin","Reading Rockets|12,14,6,7,8",14,Cooper Creek,7,Lewis Champion,1,3,1,0,1,1.0,3.0
Essex Rebels,"Remy Udeh, Miles Brown, Tom Child, Will White, Tyreese Hudson","Essex Rebels|14,2,22,24,9",2,Miles Brown,22,Tom Child,1,3,1,0,1,1.0,3.0
Essex Rebels,"Michael Amako, Miles Brown, Anthony Idiata-Mendez, Will White, Tyreese Hudson","Essex Rebels|1,2,20,24,9",1,Michael Amako,2,Miles Brown,1,3,1,0,1,1.0,3.0
Reading Rockets,"Malik Bryant, Ty Nsangu, Eliaz (Zain) Poorman, Lewis Champion, Victor Olarerin","Reading Rockets|10,12,6,7,8",8,Victor Olarerin,7,Lewis Champion,1,3,1,0,1,1.0,3.0
Essex Rebels,"Kyron Martin, Remy Udeh, Miles Brown, Tom Child, Johnny Mckew","Essex Rebels|10,14,2,22,7",22,Tom Child,7,Johnny Mckew,1,3,1,0,1,1.0,3.0
Essex Rebels,"Kyron Martin, Remy Udeh, Miles Brown, Tom Child, Johnny Mckew","Essex Rebels|10,14,2,22,7",2,Miles Brown,7,Johnny Mckew,1,3,1,0,1,1.0,3.0
Essex Rebels,"Michael Amako, Kyron Martin, Tom Child, Will White, Johnny Mckew","Essex Rebels|1,10,22,24,7",7,Johnny Mckew,24,Will White,1,3,1,0,1,1.0,3.0
Nottingham Hoods,"Mergin Sokoli, Tyrone Williams, Donell Nixon Ii, Thierry Walker, Elliot Bailey","Nottingham Hoods|0,1,24,4,6",4,Thierry Walker,0,Mergin Sokoli,1,3,1,0,1,1.0,3.0
Nottingham Hoods,"Mergin Sokoli, Latrell Maitland, Donell Nixon Ii, Thierry Walker, Elliot Bailey","Nottingham Hoods|0,23,24,4,6",0,Mergin Sokoli,23,Latrell Maitland,1,3,1,0,1,1.0,3.0
Hemel Storm,"Kai Walker, Taylor Johnson, Matt Norman, Brayden Inger, Sam Newman","Hemel Storm|11,12,2,3,4",12,Taylor Johnson,2,Matt Norman,1,3,1,0,1,1.0,3.0
Hemel Storm,"Kai Walker, Taylor Johnson, Matt Norman, Brayden Inger, Sam Newman","Hemel Storm|11,12,2,3,4",11,Kai Walker,4,Sam Newman,1,3,1,0,1,1.0,3.0
Hemel Storm,"Kai Walker, Matt Norman, Di-Jani Parkinson, Sam Newman, Jack Burnell","Hemel Storm|11,2,23,4,7",11,Kai Walker,23,Di-Jani Parkinson,1,3,1,0,1,1.0,3.0
Nottingham Hoods,"Mergin Sokoli, Tyrone Williams, Latrell Maitland, Donell Nixon Ii, Elliot Bailey","Nottingham Hoods|0,1,23,24,6",24,Donell Nixon Ii,6,Elliot Bailey,1,3,1,0,1,1.0,3.0
Loughborough Riders,"Johde Campbell, Michael Joiner, Jalen Cook, Tomide Akinsuku, Callum Keys","Loughborough Riders|0,11,31,36,8",36,Tomide Akinsuku,31,Jalen Cook,1,3,1,0,1,1.0,3.0
Yorkshire Dragons,"David Ulph, L. Rooney, Eddie Brownell, Corey Johnson, Nick Lewis","Yorkshire Dragons|10,14,2,6,93",93,Nick Lewis,6,Corey Johnson,1,3,1,0,1,1.0,3.0
Loughborough Riders,"Johde Campbell, Michael Joiner, L. Ehiorobo, Jalen Cook, Dan Hadley","Loughborough Riders|0,11,21,31,5",11,Michael Joiner,31,Jalen Cook,1,3,1,0,1,1.0,3.0
Yorkshire Dragons,"R. Ani, David Ulph, L. Rooney, Corey Johnson, Nick Lewis","Yorkshire Dragons|1,10,14,6,93",6,Corey Johnson,14,L. Rooney,1,3,1,0,1,1.0,3.0
Yorkshire Dragons,"David Ulph, L. Rooney, J. Melke, Corey Johnson, Nick Lewis","Yorkshire Dragons|10,14,5,6,93",93,Nick Lewis,14,L. Rooney,1,3,1,0,1,1.0,3.0
Yorkshire Dragons,"David Ulph, L. Rooney, J. Melke, Corey Johnson, Nick Lewis","Yorkshire Dragons|10,14,5,6,93",5,J. Melke,14,L. Rooney,1,3,1,0,1,1.0,3.0
Loughborough Riders,"Johde Campbell, Michael Joiner, L. Ehiorobo, Seth Wylie, Dan Hadley","Loughborough Riders|0,11,21,43,5",5,Dan Hadley,11,Michael Joiner,1,3,1,0,1,1.0,3.0
Yorkshire Dragons,"David Ulph, L. Rooney, J. Melke, Corey Johnson, Nick Lewis","Yorkshire Dragons|10,14,5,6,93",10,David Ulph,14,L. Rooney,1,3,1,0,1,1.0,3.0
Loughborough Riders,"Johde Campbell, Michael Joiner, Jalen Cook, Tomide Akinsuku, Seth Wylie","Loughborough Riders|0,11,31,36,43",36,Tomide Akinsuku,0,Johde Campbell,1,3,1,0,1,1.0,3.0
Loughborough Riders,"Johde Campbell, Michael Joiner, Tomide Akinsuku, Liam Campbell, Dan Hadley","Loughborough Riders|0,11,36,4,5",11,Michael Joiner,5,Dan Hadley,1,3,1,0,1,1.0,3.0
Yorkshire Dragons,"David Ulph, L. Rooney, Jordan Whelan, Corey Johnson, Nick Lewis","Yorkshire Dragons|10,14,23,6,93",93,Nick Lewis,14,L. Rooney,1,3,1,0,1,1.0,3.0
Newcastle Knights,"Bradley Dean, Sam Trunley, Jaron Thames, Finn Cork, Max Matthews","Newcastle Knights|1,10,11,13,8",1,Bradley Dean,8,Max Matthews,1,3,1,0,1,1.0,3.0
London Cavaliers,"Juan Manning, Joe Richards, Daniel Braster, Darren Ainembabazi, Aj Roberts","London Cavaliers|10,11,23,3,4",10,Juan Manning,23,Daniel Braster,1,3,1,0,1,1.0,3.0
Bristol Hurricanes,"David Forsyth, James Claar, Denzel Ubiaro, Corey Samuels, Chris Taylor","Bristol Hurricanes|11,24,31,4,9",4,Corey Samuels,9,Chris Taylor,1,3,1,0,1,1.0,3.0
Milton Keynes Breakers,"Kai Williams, Dashawn Jackson, Mike New Jr., Chris Tawiah, Chase Thompson","Milton Keynes Breakers|0,1,15,25,8",1,Dashawn Jackson,8,Chase Thompson,1,3,1,0,1,1.0,3.0
Bristol Hurricanes,"Ashley Pearce, Elvisi Dusha, James Claar, Denzel Ubiaro, Vilmantas Dilys","Bristol Hurricanes|0,12,24,31,55",12,Elvisi Dusha,0,Ashley Pearce,1,3,1,0,1,1.0,3.0
Milton Keynes Breakers,"Dashawn Jackson, Jonas Dietrich, Mike New Jr., Xavier Wilson, Chris Tawiah","Milton Keynes Breakers|1,12,15,21,25",12,Jonas Dietrich,21,Xavier Wilson,1,3,1,0,1,1.0,3.0
Milton Keynes Breakers,"Kai Williams, Dashawn Jackson, Mike New Jr., Chris Tawiah, Chase Thompson","Milton Keynes Breakers|0,1,15,25,8",1,Dashawn Jackson,0,Kai Williams,1,3,1,0,1,1.0,3.0
Milton Keynes Breakers,"Kai Williams, Dashawn Jackson, Luke Gregory, Mike New Jr., Chase Thompson","Milton Keynes Breakers|0,1,13,15,8",1,Dashawn Jackson,15,Mike New Jr.,1,3,1,0,1,1.0,3.0
Milton Keynes Breakers,"Dashawn Jackson, Jonas Dietrich, Luke Gregory, Xavier Wilson, Chase Thompson","Milton Keynes Breakers|1,12,13,21,8",13,Luke Gregory,1,Dashawn Jackson,1,3,1,0,1,1.0,3.0
Essex Rebels,"Michael Amako, Kyron Martin, Anthony Idiata-Mendez, Tom Child, Tyreese Hudson","Essex Rebels|1,10,20,22,9",22,Tom Child,1,Michael Amako,1,3,1,0,1,1.0,3.0
Essex Rebels,"Michael Amako, Kyron Martin, Miles Brown, Anthony Idiata-Mendez, Tyreese Hudson","Essex Rebels|1,10,2,20,9",9,Tyreese Hudson,10,Kyron Martin,1,3,1,0,1,1.0,3.0
Essex Rebels,"Michael Amako, Kyron Martin, Miles Brown, Anthony Idiata-Mendez, Harry Gent","Essex Rebels|1,10,2,20,36",10,Kyron Martin,1,Michael Amako,1,3,1,0,1,1.0,3.0
Worthing Thunder,"Justin Hopkins, Elijah Maynard, Troy Mcindoe, Adrian Scarborough, Bode Adeluola","Worthing Thunder|15,22,23,4,5",4,Adrian Scarborough,5,Bode Adeluola,1,3,1,0,1,1.0,3.0
Essex Rebels,"Kyron Martin, Miles Brown, Tom Child, Will White, Tyreese Hudson","Essex Rebels|10,2,22,24,9",2,Miles Brown,24,Will White,1,3,1,0,1,1.0,3.0
Essex Rebels,"Kyron Martin, Miles Brown, Tom Child, Will White, Tyreese Hudson","Essex Rebels|10,2,22,24,9",24,Will White,22,Tom Child,1,3,1,0,1,1.0,3.0
Essex Rebels,"Kyron Martin, Miles Brown, Tom Child, Will White, Tyreese Hudson","Essex Rebels|10,2,22,24,9",9,Tyreese Hudson,2,Miles Brown,1,3,1,0,1,1.0,3.0
Loughborough Riders,"Johde Campbell, Michael Joiner, Jalen Cook, Tomide Akinsuku, Milo Wallace","Loughborough Riders|0,11,12,13,22",22,Milo Wallace,0,Johde Campbell,1,3,1,0,1,1.0,3.0
Loughborough Riders,"Johde Campbell, Michael Joiner, Jalen Cook, Milo Wallace, Ben Woog","Loughborough Riders|0,11,12,22,7",22,Milo Wallace,12,Jalen Cook,1,3,1,0,1,1.0,3.0
Loughborough Riders,"Michael Joiner, Liam Campbell, Seth Wylie, Ben Woog, Callum Keys","Loughborough Riders|11,4,43,7,8",11,Michael Joiner,43,Seth Wylie,1,3,1,0,1,1.0,3.0
Loughborough Riders,"Michael Joiner, Jalen Cook, Tomide Akinsuku, Liam Campbell, Callum Keys","Loughborough Riders|11,12,13,4,8",4,Liam Campbell,12,Jalen Cook,1,3,1,0,1,1.0,3.0
Loughborough Riders,"Johde Campbell, Michael Joiner, Jalen Cook, Ben Woog, Callum Keys","Loughborough Riders|0,11,12,7,8",8,Callum Keys,12,Jalen Cook,1,3,1,0,1,1.0,3.0
Loughborough Riders,"Liam Campbell, Seth Wylie, Dan Hadley, Ben Woog, Callum Keys","Loughborough Riders|4,43,5,7,8",7,Ben Woog,4,Liam Campbell,1,3,1,0,1,1.0,3.0
Loughborough Riders,"Tomide Akinsuku, Panos Karras, Seth Wylie, Dan Hadley, Oscar Curran","Loughborough Riders|13,15,43,5,6",6,Oscar Curran,43,Seth Wylie,1,3,1,0,1,1.0,3.0
Bristol Flyers II,"Lanre Ayinla, Jack Craggs, Nassim Ladjimi, Marvin Dinnall, Zak Riabi","Bristol Flyers II|10,12,24,5,7",12,Jack Craggs,5,Marvin Dinnall,1,3,1,0,1,1.0,3.0
Hemel Storm,"Taylor Johnson, Matt Norman, Veron Eze, Di-Jani Parkinson, Brayden Inger","Hemel Storm|12,2,21,23,3",3,Brayden Inger,2,Matt Norman,1,3,1,0,1,1.0,3.0
Yorkshire Dragons,"David Ulph, Logan Rooney, Jordan Whelan, Corey Johnson, Nick Lewis","Yorkshire Dragons|10,14,23,9,93",9,Corey Johnson,14,Logan Rooney,1,3,1,0,1,1.0,3.0
Hemel Storm,"Darien Nelson-Henry, Kai Walker, Taylor Johnson, Matt Norman, Sam Newman","Hemel Storm|10,11,12,2,4",10,Darien Nelson-Henry,4,Sam Newman,1,3,1,0,1,1.0,3.0
Hemel Storm,"Darien Nelson-Henry, Kai Walker, Matt Norman, Di-Jani Parkinson, Sam Newman","Hemel Storm|10,11,2,23,4",4,Sam Newman,23,Di-Jani Parkinson,1,3,1,0,1,1.0,3.0
Hemel Storm,"Darien Nelson-Henry, Kai Walker, Matt Norman, Di-Jani Parkinson, Sam Newman","Hemel Storm|10,11,2,23,4",11,Kai Walker,4,Sam Newman,1,3,1,0,1,1.0,3.0
Yorkshire Dragons,"David Ulph, Logan Rooney, J. Melke, Corey Johnson, Nick Lewis","Yorkshire Dragons|10,14,5,9,93",10,David Ulph,9,Corey Johnson,1,3,1,0,1,1.0,3.0
Hemel Storm,"Darien Nelson-Henry, Kai Walker, Taylor Johnson, Veron Eze, Sam Newman","Hemel Storm|10,11,12,21,4",12,Taylor Johnson,4,Sam Newman,1,3,1,0,1,1.0,3.0
Nottingham Hoods,"Donell Nixon Ii, Megrim Sokoli, Thierry Walker, Elliot Bailey, Tyrone Williams","Nottingham Hoods|12,2,4,6,9",12,Donell Nixon Ii,6,Elliot Bailey,1,3,1,0,1,1.0,3.0
Nottingham Hoods,"Donell Nixon Ii, Megrim Sokoli, Thierry Walker, Elliot Bailey, Tyrone Williams","Nottingham Hoods|12,2,4,6,9",6,Elliot Bailey,12,Donell Nixon Ii,1,3,1,0,1,1.0,3.0
Nottingham Hoods,"Donell Nixon Ii, Megrim Sokoli, Elliot Bailey, Sam Akano, Tyrone Williams","Nottingham Hoods|12,2,6,7,9",2,Megrim Sokoli,9,Tyrone Williams,1,3,1,0,1,1.0,3.0
Nottingham Hoods,"Donell Nixon Ii, Megrim Sokoli, Elliot Bailey, Sam Akano, Tyrone Williams","Nottingham Hoods|12,2,6,7,9",7,Sam Akano,6,Elliot Bailey,1,3,1,0,1,1.0,3.0
Nottingham Hoods,"Donell Nixon Ii, Megrim Sokoli, Elliot Bailey, Sam Akano, Tyrone Williams","Nottingham Hoods|12,2,6,7,9",12,Donell Nixon Ii,7,Sam Akano,1,3,1,0,1,1.0,3.0
Derby Trailblazers,"Jai Pathmarajah, Sean Mo Walker, Charlie Brown, Evan Oliver, Raheem May-Thompson","Derby Trailblazers|22,3,4,6,7",22,Jai Pathmarajah,4,Charlie Brown,1,3,1,0,1,1.0,3.0
Nottingham Hoods,"B. Johnson, Latrell Maitland, Sam Akano, Micah Savery-Richards, Tyrone Williams","Nottingham Hoods|25,55,7,8,9",25,B. Johnson,55,Latrell Maitland,1,3,1,0,1,1.0,3.0
Derby Trailblazers,"Jai Pathmarajah, Sean Mo Walker, Charlie Brown, Evan Oliver, Raheem May-Thompson","Derby Trailblazers|22,3,4,6,7",7,Raheem May-Thompson,6,Evan Oliver,1,3,1,0,1,1.0,3.0
Derby Trailblazers,"Jai Pathmarajah, Robert Marsden, Charlie Brown, Evan Oliver, Raheem May-Thompson","Derby Trailblazers|22,30,4,6,7",7,Raheem May-Thompson,6,Evan Oliver,1,3,1,0,1,1.0,3.0
Nottingham Hoods,"Donell Nixon Ii, Megrim Sokoli, Thierry Walker, Elliot Bailey, Tyrone Williams","Nottingham Hoods|12,2,4,6,9",9,Tyrone Williams,6,Elliot Bailey,1,3,1,0,1,1.0,3.0
Nottingham Hoods,"Donell Nixon Ii, Megrim Sokoli, B. Johnson, Thierry Walker, Tyrone Williams","Nottingham Hoods|12,2,25,4,9",9,Tyrone Williams,4,Thierry Walker,1,3,1,0,1,1.0,3.0
Nottingham Hoods,"Donell Nixon Ii, Megrim Sokoli, Thierry Walker, Elliot Bailey, Tyrone Williams","Nottingham Hoods|12,2,4,6,9",9,Tyrone Williams,12,Donell Nixon Ii,1,3,1,0,1,1.0,3.0
Nottingham Hoods,"Donell Nixon Ii, Megrim Sokoli, Sam Akano, Micah Savery-Richards, Tyrone Williams","Nottingham Hoods|12,2,7,8,9",8,Micah Savery-Richards,9,Tyrone Williams,1,3,1,0,1,1.0,3.0
Derby Trailblazers,"Jai Pathmarajah, Sean Mo Walker, Robert Marsden, Charlie Brown, Evan Oliver","Derby Trailblazers|22,3,30,4,6",22,Jai Pathmarajah,6,Evan Oliver,1,3,1,0,1,1.0,3.0
Nottingham Hoods,"Donell Nixon Ii, B. Johnson, Aaron Sandu-Nelson, Latrell Maitland, Micah Savery-Richards","Nottingham Hoods|12,25,5,55,8",5,Aaron Sandu-Nelson,55,Latrell Maitland,1,3,1,0,1,1.0,3.0
Derby Trailblazers,"Jai Pathmarajah, Robert Marsden, Charlie Brown, Evan Oliver, Raheem May-Thompson","Derby Trailblazers|22,30,4,6,7",6,Evan Oliver,4,Charlie Brown,1,3,1,0,1,1.0,3.0
Nottingham Hoods,"Mergin Sokoli, Tyrone Williams, Donell Nixon Ii, Thierry Walker, Elliot Bailey","Nottingham Hoods|0,1,24,4,6",0,Mergin Sokoli,24,Donell Nixon Ii,1,3,1,0,1,1.0,3.0
Nottingham Hoods,"Mergin Sokoli, Donell Nixon Ii, Thierry Walker, Elliot Bailey, Sam Akano","Nottingham Hoods|0,24,4,6,7",7,Sam Akano,24,Donell Nixon Ii,1,3,1,0,1,1.0,3.0
Nottingham Hoods,"Mergin Sokoli, Donell Nixon Ii, Thierry Walker, Elliot Bailey, Sam Akano","Nottingham Hoods|0,24,4,6,7",24,Donell Nixon Ii,0,Mergin Sokoli,1,3,1,0,1,1.0,3.0
Nottingham Hoods,"Micah Savery-Richards, Andrew Thomson, Donell Nixon Ii, Elliot Bailey, Sam Akano","Nottingham Hoods|14,21,24,6,7",24,Donell Nixon Ii,7,Sam Akano,1,3,1,0,1,1.0,3.0
Nottingham Hoods,"Mergin Sokoli, Micah Savery-Richards, Andrew Thomson, Latrell Maitland, Sam Akano","Nottingham Hoods|0,14,21,23,7",0,Mergin Sokoli,23,Latrell Maitland,1,3,1,0,1,1.0,3.0
Milton Keynes Breakers,"Ben Baker-Mccann, Mike New Jr., Xavier Wilson, Jordan Spencer, Chase Thompson","Milton Keynes Breakers|11,15,21,23,8",23,Jordan Spencer,8,Chase Thompson,1,3,1,0,1,1.0,3.0
Nottingham Hoods,"Mergin Sokoli, Tyrone Williams, Donell Nixon Ii, Thierry Walker, Elliot Bailey","Nottingham Hoods|0,1,24,4,6",1,Tyrone Williams,4,Thierry Walker,1,3,1,0,1,1.0,3.0
Milton Keynes Breakers,"Ben Baker-Mccann, Luke Gregory, Mike New Jr., Xavier Wilson, Jordan Spencer","Milton Keynes Breakers|11,13,15,21,23",23,Jordan Spencer,15,Mike New Jr.,1,3,1,0,1,1.0,3.0
Nottingham Hoods,"Caiden Ross, Latrell Maitland, Donell Nixon Ii, Elliot Bailey, Sam Akano","Nottingham Hoods|10,23,24,6,7",23,Latrell Maitland,6,Elliot Bailey,1,3,1,0,1,1.0,3.0
Newcastle Knights,"Bradley Dean, Sam Trunley, Jaron Thames, Messiah Jones, Max Matthews","Newcastle Knights|1,10,11,5,8",10,Sam Trunley,8,Max Matthews,1,3,1,0,1,1.0,3.0
Newcastle Knights,"Bradley Dean, Sam Trunley, Jaron Thames, Mekhi Hendry, Messiah Jones","Newcastle Knights|1,10,11,3,5",3,Mekhi Hendry,10,Sam Trunley,1,3,1,0,1,1.0,3.0
Bristol Hurricanes,"Daniel Edozie, Elvisi Dusha, James Claar, Denzel Ubiaro, Corey Samuels","Bristol Hurricanes|1,12,24,31,4",4,Corey Samuels,31,Denzel Ubiaro,1,3,1,0,1,1.0,3.0
Birmingham Rockets,"Ronald Blain, Zack Powell, Luke Okosieme, Lucas Mcgregor, Faaris Mughaal","Birmingham Rockets|0,14,21,6,7",14,Zack Powell,0,Ronald Blain,1,3,1,0,1,1.0,3.0
Bristol Hurricanes,"Daniel Edozie, Elvisi Dusha, James Claar, Corey Samuels, Vilmantas Dilys","Bristol Hurricanes|1,12,24,4,55",12,Elvisi Dusha,4,Corey Samuels,1,3,1,0,1,1.0,3.0
Birmingham Rockets,"Ronald Blain, Tom Grayling, Orlan Jackman, Lucas Mcgregor, Faaris Mughaal","Birmingham Rockets|0,12,13,6,7",13,Orlan Jackman,6,Lucas Mcgregor,1,3,1,0,1,1.0,3.0
Birmingham Rockets,"Orlan Jackman, Zack Powell, Luke Okosieme, Faaris Mughaal, Martyn Gayle","Birmingham Rockets|13,14,21,7,8",8,Martyn Gayle,7,Faaris Mughaal,1,3,1,0,1,1.0,3.0
Birmingham Rockets,"Orlan Jackman, Zack Powell, Luke Okosieme, Lucas Mcgregor, Martyn Gayle","Birmingham Rockets|13,14,21,6,8",6,Lucas Mcgregor,8,Martyn Gayle,1,3,1,0,1,1.0,3.0
Bristol Hurricanes,"Daniel Edozie, Elvisi Dusha, James Claar, Denzel Ubiaro, Vilmantas Dilys","Bristol Hurricanes|1,12,24,31,55",24,James Claar,12,Elvisi Dusha,1,3,1,0,1,1.0,3.0
Birmingham Rockets,"Orlan Jackman, Zack Powell, Eric Donaldson, Lucas Mcgregor, Martyn Gayle","Birmingham Rockets|13,14,3,6,8",14,Zack Powell,8,Martyn Gayle,1,3,1,0,1,1.0,3.0
Birmingham Rockets,"Ronald Blain, Orlan Jackman, Eric Donaldson, Lucas Mcgregor, Martyn Gayle","Birmingham Rockets|0,13,3,6,8",8,Martyn Gayle,3,Eric Donaldson,1,3,1,0,1,1.0,3.0
Birmingham Rockets,"Ronald Blain, Zack Powell, Luke Okosieme, Lucas Mcgregor, Martyn Gayle","Birmingham Rockets|0,14,21,6,8",6,Lucas Mcgregor,8,Martyn Gayle,1,3,1,0,1,1.0,3.0
Birmingham Rockets,"Ronald Blain, Orlan Jackman, Zack Powell, Faaris Mughaal, Martyn Gayle","Birmingham Rockets|0,13,14,7,8",13,Orlan Jackman,7,Faaris Mughaal,1,3,1,0,1,1.0,3.0
Bristol Hurricanes,"Daniel Edozie, James Claar, Denzel Ubiaro, Corey Samuels, Vilmantas Dilys","Bristol Hurricanes|1,24,31,4,55",4,Corey Samuels,24,James Claar,1,3,1,0,1,1.0,3.0
Bristol Flyers II,"Yusuf Hafid, Lanre Ayinla, Nikolas Sagkovits, Nassim Ladjimi, Ashton Dyer","Bristol Flyers II|0,10,21,24,9",0,Yusuf Hafid,9,Ashton Dyer,1,3,1,0,1,1.0,3.0
Yorkshire Dragons,"David Ulph, Logan Rooney, J. Melke, Corey Johnson, Nick Lewis","Yorkshire Dragons|10,14,5,6,93",6,Corey Johnson,93,Nick Lewis,1,3,1,0,1,1.0,3.0
Yorkshire Dragons,"David Ulph, Logan Rooney, J. Melke, Corey Johnson, Nick Lewis","Yorkshire Dragons|10,14,5,6,93",5,J. Melke,93,Nick Lewis,1,3,1,0,1,1.0,3.0
Bristol Flyers II,"Dele Rowaiye, Jack Craggs, Nassim Ladjimi, Wickens Simba, Giuseppe Landolfi","Bristol Flyers II|11,12,24,6,7",11,Dele Rowaiye,7,Giuseppe Landolfi,1,3,1,0,1,1.0,3.0
Bristol Flyers II,"Yusuf Hafid, Nikolas Sagkovits, Nassim Ladjimi, Giuseppe Landolfi, Thomas Browne","Bristol Flyers II|0,21,24,7,8",7,Giuseppe Landolfi,0,Yusuf Hafid,1,3,1,0,1,1.0,3.0
Bristol Flyers II,"Yusuf Hafid, Nikolas Sagkovits, Nassim Ladjimi, Giuseppe Landolfi, Thomas Browne","Bristol Flyers II|0,21,24,7,8",7,Giuseppe Landolfi,24,Nassim Ladjimi,1,3,1,0,1,1.0,3.0
Yorkshire Dragons,"R. Ani, David Ulph, Eddie Brownell, Jordan Whelan, Andreas Lycoudis","Yorkshire Dragons|1,10,2,23,7",7,Andreas Lycoudis,1,R. Ani,1,3,1,0,1,1.0,3.0
Yorkshire Dragons,"Logan Rooney, Jordan Whelan, J. Melke, Corey Johnson, Nick Lewis","Yorkshire Dragons|14,23,5,6,93",6,Corey Johnson,14,Logan Rooney,1,3,1,0,1,1.0,3.0
Yorkshire Dragons,"Eddie Brownell, Jordan Whelan, J. Melke, Corey Johnson, Nick Lewis","Yorkshire Dragons|2,23,5,6,93",93,Nick Lewis,5,J. Melke,1,3,1,0,1,1.0,3.0
Yorkshire Dragons,"R. Ani, David Ulph, Jordan Whelan, J. Melke, Andreas Lycoudis","Yorkshire Dragons|1,10,23,5,7",5,J. Melke,7,Andreas Lycoudis,1,3,1,0,1,1.0,3.0
Bristol Flyers II,"Dele Rowaiye, Jack Craggs, Wickens Simba, Giuseppe Landolfi, Thomas Browne","Bristol Flyers II|11,12,6,7,8",12,Jack Craggs,7,Giuseppe Landolfi,1,3,1,0,1,1.0,3.0
Yorkshire Dragons,"R. Ani, David Ulph, Logan Rooney, Jordan Whelan, Andreas Lycoudis","Yorkshire Dragons|1,10,14,23,7",7,Andreas Lycoudis,23,Jordan Whelan,1,3,1,0,1,1.0,3.0
Bristol Flyers II,"Yusuf Hafid, Zak Riabi, Nikolas Sagkovits, Nassim Ladjimi, Luka Matthews","Bristol Flyers II|0,13,21,24,5",0,Yusuf Hafid,24,Nassim Ladjimi,1,3,1,0,1,1.0,3.0
Bristol Flyers II,"Yusuf Hafid, Nikolas Sagkovits, Nassim Ladjimi, Luka Matthews, Ashton Dyer","Bristol Flyers II|0,21,24,5,9",24,Nassim Ladjimi,0,Yusuf Hafid,1,3,1,0,1,1.0,3.0
Worthing Thunder,"Danny Evans, Justin Hopkins, Troy Mcindoe, Adrian Scarborough, Bode Adeluola","Worthing Thunder|0,15,23,4,5",5,Bode Adeluola,15,Justin Hopkins,1,3,1,0,1,1.0,3.0
London Cavaliers,"Juan Manning, Mekhi Collins, Marquel Beasley, Daniel Braster, Darren Ainembabazi","London Cavaliers|10,13,15,23,3",13,Mekhi Collins,10,Juan Manning,1,3,1,0,1,1.0,3.0
Worthing Thunder,"Danny Evans, Elijah Maynard, Troy Mcindoe, Bode Adeluola, Elliott Dadds","Worthing Thunder|0,22,23,5,7",5,Bode Adeluola,0,Danny Evans,1,3,1,0,1,1.0,3.0
London Cavaliers,"Juan Manning, Joe Richards, Mekhi Collins, Daniel Braster, Aj Roberts","London Cavaliers|10,11,13,23,4",10,Juan Manning,4,Aj Roberts,1,3,1,0,1,1.0,3.0
Worthing Thunder,"Danny Evans, Troy Mcindoe, Adrian Scarborough, Bode Adeluola, Elliott Dadds","Worthing Thunder|0,23,4,5,7",0,Danny Evans,5,Bode Adeluola,1,3,1,0,1,1.0,3.0
London Cavaliers,"Juan Manning, Marquel Beasley, Daniel Braster, Darren Ainembabazi, Aj Roberts","London Cavaliers|10,15,23,3,4",23,Daniel Braster,10,Juan Manning,1,3,1,0,1,1.0,3.0
Worthing Thunder,"Matthew Bryan-Amaning, Justin Hopkins, Elijah Maynard, Elliott Dadds, Briceny Lomeka","Worthing Thunder|11,15,22,7,9",11,Matthew Bryan-Amaning,7,Elliott Dadds,1,3,1,0,1,1.0,3.0
Essex Rebels,"Mou Wol-Cummings, Kyron Martin, Anthony Idiata-Mendez, Tom Child, Tyreese Hudson","Essex Rebels|0,10,20,22,9",22,Tom Child,10,Kyron Martin,1,3,1,0,1,1.0,3.0
Loughborough Riders,"Michael Joiner, Panos Karras, Milo Gordon, Jalen Cook, Liam Campbell","Loughborough Riders|11,15,22,31,4",11,Michael Joiner,4,Liam Campbell,1,3,1,0,1,1.0,3.0
Loughborough Riders,"Michael Joiner, Panos Karras, Milo Gordon, Jalen Cook, Liam Campbell","Loughborough Riders|11,15,22,31,4",4,Liam Campbell,11,Michael Joiner,1,3,1,0,1,1.0,3.0
Essex Rebels,"Michael Amako, Kyron Martin, Miles Brown, Anthony Idiata-Mendez, Tom Child","Essex Rebels|1,10,2,20,22",1,Michael Amako,22,Tom Child,1,3,1,0,1,1.0,3.0
Loughborough Riders,"Johde Campbell, Michael Joiner, Panos Karras, Milo Gordon, Jalen Cook","Loughborough Riders|0,11,15,22,31",22,Milo Gordon,0,Johde Campbell,1,3,1,0,1,1.0,3.0
Milton Keynes Breakers,"Dashawn Jackson, Ben Baker-Mccann, Luke Gregory, Jordan Spencer, Chase Thompson","Milton Keynes Breakers|1,11,13,23,8",8,Chase Thompson,11,Ben Baker-Mccann,1,3,1,0,1,1.0,3.0
Reading Rockets,"Malik Bryant, Ty Nsangu, Cooper Creek, Lewis Champion, Victor Olarerin","Reading Rockets|10,12,14,7,8",7,Lewis Champion,14,Cooper Creek,1,3,1,0,1,1.0,3.0
Milton Keynes Breakers,"Dashawn Jackson, Ben Baker-Mccann, Luke Gregory, Jordan Spencer, Chase Thompson","Milton Keynes Breakers|1,11,13,23,8",8,Chase Thompson,23,Jordan Spencer,1,3,1,0,1,1.0,3.0
Reading Rockets,"Ty Nsangu, Cooper Creek, Jax Bouknight, Eliaz (Zain) Poorman, Lewis Champion","Reading Rockets|12,14,4,6,7",6,Eliaz (Zain) Poorman,14,Cooper Creek,1,3,1,0,1,1.0,3.0
Milton Keynes Breakers,"Dashawn Jackson, Mike New Jr., Xavier Wilson, Jordan Spencer, Chase Thompson","Milton Keynes Breakers|1,15,21,23,8",23,Jordan Spencer,15,Mike New Jr.,1,3,1,0,1,1.0,3.0
Reading Rockets,"Malik Bryant, Cooper Creek, Eliaz (Zain) Poorman, Lewis Champion, Victor Olarerin","Reading Rockets|10,14,6,7,8",10,Malik Bryant,14,Cooper Creek,1,3,1,0,1,1.0,3.0
Nottingham Hoods,"Mergin Sokoli, Tyrone Williams, Thierry Walker, Elliot Bailey, Sam Akano","Nottingham Hoods|0,1,4,6,7",1,Tyrone Williams,4,Thierry Walker,1,3,1,0,1,1.0,3.0
Yorkshire Dragons,"David Ulph, Jordan Whelan, J. Melke, Corey Johnson, Nick Lewis","Yorkshire Dragons|10,23,5,9,93",9,Corey Johnson,93,Nick Lewis,1,3,1,0,1,1.0,3.0
Nottingham Hoods,"Mergin Sokoli, Tyrone Williams, Byrce Johnson, Sam Akano, Micah Savery-Richards","Nottingham Hoods|0,1,25,7,8",7,Sam Akano,25,Byrce Johnson,1,3,1,0,1,1.0,3.0
Nottingham Hoods,"Mergin Sokoli, Tyrone Williams, Byrce Johnson, Sam Akano, Micah Savery-Richards","Nottingham Hoods|0,1,25,7,8",25,Byrce Johnson,1,Tyrone Williams,1,3,1,0,1,1.0,3.0
Nottingham Hoods,"Mergin Sokoli, Tyrone Williams, Byrce Johnson, Sam Akano, Micah Savery-Richards","Nottingham Hoods|0,1,25,7,8",7,Sam Akano,0,Mergin Sokoli,1,3,1,0,1,1.0,3.0
Hemel Storm,"Kai Walker, Taylor Johnson, Matt Norman, Brayden Inger, Sam Newman","Hemel Storm|11,12,2,3,4",4,Sam Newman,2,Matt Norman,1,3,1,0,1,1.0,3.0
Bristol Hurricanes,"Daniel Edozie, Elvisi Dusha, Corey Samuels, Denzel Ubiaro, Heru Bligen","Bristol Hurricanes|1,12,2,31,33",2,Corey Samuels,31,Denzel Ubiaro,1,3,1,0,1,1.0,3.0
Bristol Hurricanes,"David Forsyth, Elvisi Dusha, Corey Samuels, Denzel Ubiaro, Heru Bligen","Bristol Hurricanes|11,12,2,31,33",2,Corey Samuels,31,Denzel Ubiaro,1,3,1,0,1,1.0,3.0
Hemel Storm,"Darien Nelson-Henry, Taylor Johnson, Matt Norman, Veron Eze, Brayden Inger","Hemel Storm|10,12,2,21,3",12,Taylor Johnson,3,Brayden Inger,1,3,1,0,1,1.0,3.0
Hemel Storm,"Darien Nelson-Henry, Matt Norman, Veron Eze, Sam Newman, Jovan Rai","Hemel Storm|10,2,21,4,5",10,Darien Nelson-Henry,21,Veron Eze,1,3,1,0,1,1.0,3.0
Bristol Hurricanes,"Ashley Pearce, Daniel Edozie, David Forsyth, Elvisi Dusha, Corey Samuels","Bristol Hurricanes|0,1,11,12,2",2,Corey Samuels,12,Elvisi Dusha,1,3,1,0,1,1.0,3.0
Essex Rebels,"Remy Udeh, Miles Brown, Anthony Idiata-Mendez, Tom Child, Harry Gent","Essex Rebels|14,2,20,22,36",2,Miles Brown,20,Anthony Idiata-Mendez,1,3,1,0,1,1.0,3.0
Essex Rebels,"Mou Wol-Cummings, Michael Amako, Kyron Martin, Remy Udeh, Tyreese Hudson","Essex Rebels|0,1,10,14,9",9,Tyreese Hudson,10,Kyron Martin,1,3,1,0,1,1.0,3.0
Birmingham Rockets,"Ronald Blain, Orlan Jackman, Zack Powell, Faaris Mughaal, Martyn Gayle","Birmingham Rockets|0,13,14,7,8",8,Martyn Gayle,7,Faaris Mughaal,1,3,1,0,1,1.0,3.0
Birmingham Rockets,"Ronald Blain, Zack Powell, Luke Okosieme, Eric Donaldson, Faaris Mughaal","Birmingham Rockets|0,14,21,3,7",0,Ronald Blain,3,Eric Donaldson,1,3,1,0,1,1.0,3.0
Birmingham Rockets,"Ronald Blain, Orlan Jackman, Luke Okosieme, Eric Donaldson, Lucas Mcgregor","Birmingham Rockets|0,13,21,3,6",6,Lucas Mcgregor,3,Eric Donaldson,1,3,1,0,1,1.0,3.0
Essex Rebels,"Michael Amako, Miles Brown, Anthony Idiata-Mendez, Tom Child, Harry Gent","Essex Rebels|1,2,20,22,36",22,Tom Child,2,Miles Brown,1,3,1,0,1,1.0,3.0
Birmingham Rockets,"Ronald Blain, Orlan Jackman, Eric Donaldson, Lucas Mcgregor, Faaris Mughaal","Birmingham Rockets|0,13,3,6,7",0,Ronald Blain,7,Faaris Mughaal,1,3,1,0,1,1.0,3.0
Essex Rebels,"Kyron Martin, Remy Udeh, Miles Brown, Tom Child, Tyreese Hudson","Essex Rebels|10,14,2,22,9",10,Kyron Martin,22,Tom Child,1,3,1,0,1,1.0,3.0
Bristol Flyers II,"Lanre Ayinla, Jack Craggs, Nikolas Sagkovits, Anthony Bhebhe, Giuseppe Landolfi","Bristol Flyers II|10,12,21,4,7",21,Nikolas Sagkovits,12,Jack Craggs,1,3,1,0,1,1.0,3.0
Bristol Flyers II,"Jack Craggs, Nikolas Sagkovits, Anthony Bhebhe, Giuseppe Landolfi, Ashton Dyer","Bristol Flyers II|12,21,4,7,9",4,Anthony Bhebhe,7,Giuseppe Landolfi,1,3,1,0,1,1.0,3.0
Bristol Flyers II,"Yusuf Hafid, Reggie Eigbe, Wickens Simba, Giuseppe Landolfi, Ashton Dyer","Bristol Flyers II|0,13,6,7,9",0,Yusuf Hafid,9,Ashton Dyer,1,3,1,0,1,1.0,3.0
Bristol Flyers II,"Yusuf Hafid, Reggie Eigbe, Nassim Ladjimi, Wickens Simba, Giuseppe Landolfi","Bristol Flyers II|0,13,24,6,7",7,Giuseppe Landolfi,24,Nassim Ladjimi,1,3,1,0,1,1.0,3.0
Derby Trailblazers,"Casey Burr, Connor Washington, Sean Mo Walker, Robert Marsden, Charlie Brown","Derby Trailblazers|0,13,3,30,4",30,Robert Marsden,0,Casey Burr,1,3,1,0,1,1.0,3.0
Bristol Flyers II,"Yusuf Hafid, Reggie Eigbe, Nassim Ladjimi, Wickens Simba, Giuseppe Landolfi","Bristol Flyers II|0,13,24,6,7",0,Yusuf Hafid,24,Nassim Ladjimi,1,3,1,0,1,1.0,3.0
Bristol Flyers II,"Yusuf Hafid, Jack Craggs, Nassim Ladjimi, Luka Matthews, Giuseppe Landolfi","Bristol Flyers II|0,12,24,5,7",0,Yusuf Hafid,24,Nassim Ladjimi,1,3,1,0,1,1.0,3.0
Bristol Flyers II,"Yusuf Hafid, Jack Craggs, Nassim Ladjimi, Giuseppe Landolfi, Thomas Browne","Bristol Flyers II|0,12,24,7,8",8,Thomas Browne,12,Jack Craggs,1,3,1,0,1,1.0,3.0
Derby Trailblazers,"Connor Washington, Jai Pathmarajah, Robert Marsden, Charlie Brown, Raheem May-Thompson","Derby Trailblazers|13,22,30,4,7",30,Robert Marsden,13,Connor Washington,1,3,1,0,1,1.0,3.0
Bristol Flyers II,"Lanre Ayinla, Jack Craggs, Nikolas Sagkovits, Anthony Bhebhe, Giuseppe Landolfi","Bristol Flyers II|10,12,21,4,7",10,Lanre Ayinla,7,Giuseppe Landolfi,1,3,1,0,1,1.0,3.0
Bristol Flyers II,"Yusuf Hafid, Jack Craggs, Reggie Eigbe, Nassim Ladjimi, Giuseppe Landolfi","Bristol Flyers II|0,12,13,24,7",12,Jack Craggs,13,Reggie Eigbe,1,3,1,0,1,1.0,3.0
Worthing Thunder,"Matthew Bryan-Amaning, Justin Hopkins, Elijah Maynard, Adrian Scarborough, Elliott Dadds","Worthing Thunder|11,15,22,4,7",15,Justin Hopkins,7,Elliott Dadds,1,3,1,0,1,1.0,3.0
Essex Rebels,"Kyron Martin, Remy Udeh, Miles Brown, Anthony Idiata-Mendez, Harry Gent","Essex Rebels|10,14,2,20,36",14,Remy Udeh,2,Miles Brown,1,3,1,0,1,1.0,3.0
Essex Rebels,"Kyron Martin, Remy Udeh, Miles Brown, Anthony Idiata-Mendez, Harry Gent","Essex Rebels|10,14,2,20,36",36,Harry Gent,14,Remy Udeh,1,3,1,0,1,1.0,3.0
Essex Rebels,"Kyron Martin, Remy Udeh, Miles Brown, Anthony Idiata-Mendez, Harry Gent","Essex Rebels|10,14,2,20,36",36,Harry Gent,10,Kyron Martin,1,3,1,0,1,1.0,3.0
Essex Rebels,"Michael Amako, Kyron Martin, Remy Udeh, Miles Brown, Anthony Idiata-Mendez","Essex Rebels|1,10,14,2,20",1,Michael Amako,10,Kyron Martin,1,3,1,0,1,1.0,3.0
Worthing Thunder,"Danny Evans, Justin Hopkins, Adrian Scarborough, Elliott Dadds, Briceny Lomeka","Worthing Thunder|0,15,4,7,9",9,Briceny Lomeka,0,Danny Evans,1,3,1,0,1,1.0,3.0
Worthing Thunder,"Danny Evans, Elijah Maynard, Adrian Scarborough, Elliott Dadds, Alfie Price","Worthing Thunder|0,22,4,7,88",4,Adrian Scarborough,0,Danny Evans,1,3,1,0,1,1.0,3.0
Worthing Thunder,"Danny Evans, Matthew Bryan-Amaning, Elijah Maynard, Bode Adeluola, Elliott Dadds","Worthing Thunder|0,11,22,5,7",11,Matthew Bryan-Amaning,5,Bode Adeluola,1,3,1,0,1,1.0,3.0
Essex Rebels,"Michael Amako, Kyron Martin, Remy Udeh, Miles Brown, Tyreese Hudson","Essex Rebels|1,10,14,2,9",10,Kyron Martin,1,Michael Amako,1,3,1,0,1,1.0,3.0
Essex Rebels,"Michael Amako, Kyron Martin, Miles Brown, Harry Gent, Tyreese Hudson","Essex Rebels|1,10,2,36,9",9,Tyreese Hudson,10,Kyron Martin,1,3,1,0,1,1.0,3.0
Worthing Thunder,"Matthew Bryan-Amaning, Justin Hopkins, Elijah Maynard, Adrian Scarborough, Elliott Dadds","Worthing Thunder|11,15,22,4,7",4,Adrian Scarborough,7,Elliott Dadds,1,3,1,0,1,1.0,3.0
Essex Rebels,"Michael Amako, Kyron Martin, Remy Udeh, Miles Brown, Tyreese Hudson","Essex Rebels|1,10,14,2,9",9,Tyreese Hudson,10,Kyron Martin,1,3,1,0,1,1.0,3.0
Worthing Thunder,"Danny Evans, Justin Hopkins, Adrian Scarborough, Bode Adeluola, Briceny Lomeka","Worthing Thunder|0,15,4,5,9",4,Adrian Scarborough,5,Bode Adeluola,1,3,1,0,1,1.0,3.0
Essex Rebels,"Michael Amako, Kyron Martin, Remy Udeh, Miles Brown, Tyreese Hudson","Essex Rebels|1,10,14,2,9",2,Miles Brown,10,Kyron Martin,1,3,1,0,1,1.0,3.0
Worthing Thunder,"Danny Evans, Justin Hopkins, Adrian Scarborough, Bode Adeluola, Briceny Lomeka","Worthing Thunder|0,15,4,5,9",9,Briceny Lomeka,5,Bode Adeluola,1,3,1,0,1,1.0,3.0
Essex Rebels,"Mou Wol-Cummings, Remy Udeh, Anthony Idiata-Mendez, Harry Gent, Tyreese Hudson","Essex Rebels|0,14,20,36,9",14,Remy Udeh,20,Anthony Idiata-Mendez,1,3,1,0,1,1.0,3.0
Worthing Thunder,"Danny Evans, Justin Hopkins, Adrian Scarborough, Bode Adeluola, Briceny Lomeka","Worthing Thunder|0,15,4,5,9",4,Adrian Scarborough,15,Justin Hopkins,1,3,1,0,1,1.0,3.0
Essex Rebels,"Mou Wol-Cummings, Remy Udeh, Anthony Idiata-Mendez, Harry Gent, Tyreese Hudson","Essex Rebels|0,14,20,36,9",0,Mou Wol-Cummings,14,Remy Udeh,1,3,1,0,1,1.0,3.0
Worthing Thunder,"Danny Evans, Justin Hopkins, Adrian Scarborough, Bode Adeluola, Briceny Lomeka","Worthing Thunder|0,15,4,5,9",5,Bode Adeluola,15,Justin Hopkins,1,3,1,0,1,1.0,3.0
Worthing Thunder,"Danny Evans, Adrian Scarborough, Bode Adeluola, Alfie Price, Briceny Lomeka","Worthing Thunder|0,4,5,88,9",5,Bode Adeluola,4,Adrian Scarborough,1,3,1,0,1,1.0,3.0
Essex Rebels,"Remy Udeh, Miles Brown, Anthony Idiata-Mendez, Tom Child, Harry Gent","Essex Rebels|14,2,20,22,36",36,Harry Gent,2,Miles Brown,1,3,1,0,1,1.0,3.0
Milton Keynes Breakers,"Ben Baker-Mccann, Luke Gregory, Mike New Jr., Jordan Spencer, Chase Thompson","Milton Keynes Breakers|11,13,15,23,8",11,Ben Baker-Mccann,8,Chase Thompson,1,3,1,0,1,1.0,3.0
Essex Rebels,"Michael Amako, Kyron Martin, Miles Brown, Tom Child, Harry Gent","Essex Rebels|1,10,2,22,36",2,Miles Brown,10,Kyron Martin,1,3,1,0,1,1.0,3.0
Milton Keynes Breakers,"Ben Baker-Mccann, Luke Gregory, Mike New Jr., Jordan Spencer, Chase Thompson","Milton Keynes Breakers|11,13,15,23,8",11,Ben Baker-Mccann,15,Mike New Jr.,1,3,1,0,1,1.0,3.0
Essex Rebels,"Kyron Martin, Remy Udeh, Miles Brown, Anthony Idiata-Mendez, Tom Child","Essex Rebels|10,14,2,20,22",10,Kyron Martin,2,Miles Brown,1,3,1,0,1,1.0,3.0
Essex Rebels,"Michael Amako, Kyron Martin, Remy Udeh, Anthony Idiata-Mendez, Tom Child","Essex Rebels|1,10,14,20,22",20,Anthony Idiata-Mendez,14,Remy Udeh,1,3,1,0,1,1.0,3.0
London Cavaliers,"Juan Manning, Mekhi Collins, Marquel Beasley, Darren Ainembabazi, Aj Roberts","London Cavaliers|10,13,15,3,4",10,Juan Manning,4,Aj Roberts,1,3,1,0,1,1.0,3.0
Nottingham Hoods,"Tyrone Williams, Micah Savery-Richards, Byrce Johnson, Elliot Bailey, Sam Akano","Nottingham Hoods|1,14,21,6,7",1,Tyrone Williams,7,Sam Akano,1,3,1,0,1,1.0,3.0
Nottingham Hoods,"Tyrone Williams, Micah Savery-Richards, Byrce Johnson, Latrell Maitland, Sam Akano","Nottingham Hoods|1,14,21,23,7",1,Tyrone Williams,7,Sam Akano,1,3,1,0,1,1.0,3.0
Yorkshire Dragons,"David Ulph, Jordan Whelan, J. Melke, Andreas Lycoudis, Corey Johnson","Yorkshire Dragons|10,23,5,7,9",7,Andreas Lycoudis,5,J. Melke,1,3,1,0,1,1.0,3.0
Bristol Hurricanes,"Daniel Edozie, David Forsyth, Kobe Hill, Denzel Ubiaro, Chris Taylor","Bristol Hurricanes|1,11,2,31,9",9,Chris Taylor,2,Kobe Hill,1,3,1,0,1,1.0,3.0
Yorkshire Dragons,"David Ulph, Jordan Whelan, J. Melke, Andreas Lycoudis, Corey Johnson","Yorkshire Dragons|10,23,5,7,9",9,Corey Johnson,7,Andreas Lycoudis,1,3,1,0,1,1.0,3.0
Yorkshire Dragons,"R. Ani, David Ulph, J. Melke, Andreas Lycoudis, Corey Johnson","Yorkshire Dragons|1,10,5,7,9",9,Corey Johnson,1,R. Ani,1,3,1,0,1,1.0,3.0
Bristol Hurricanes,"Daniel Edozie, David Forsyth, Denzel Ubiaro, Heru Bligen, Chris Taylor","Bristol Hurricanes|1,11,31,33,9",33,Heru Bligen,9,Chris Taylor,1,3,1,0,1,1.0,3.0
Bristol Flyers II,"Yusuf Hafid, Reggie Eigbe, Nikolas Sagkovits, Nassim Ladjimi, Giuseppe Landolfi","Bristol Flyers II|0,13,21,24,7",24,Nassim Ladjimi,0,Yusuf Hafid,1,3,1,0,1,1.0,3.0
Birmingham Rockets,"Ronald Blain, Luke Okosieme, Eric Donaldson, Lucas Mcgregor, Faaris Mughaal","Birmingham Rockets|0,21,3,6,7",6,Lucas Mcgregor,0,Ronald Blain,1,3,1,0,1,1.0,3.0
Birmingham Rockets,"Ronald Blain, Orlan Jackman, Zack Powell, Eric Donaldson, Faaris Mughaal","Birmingham Rockets|0,13,14,3,7",3,Eric Donaldson,14,Zack Powell,1,3,1,0,1,1.0,3.0
Bristol Flyers II,"Roman Price, Jack Craggs, Marvin Dinnall, Giuseppe Landolfi, Thomas Browne","Bristol Flyers II|11,12,5,7,8",8,Thomas Browne,11,Roman Price,1,3,1,0,1,1.0,3.0
Birmingham Rockets,"Orlan Jackman, Zack Powell, Eric Donaldson, Lucas Mcgregor, Martyn Gayle","Birmingham Rockets|13,14,3,6,8",13,Orlan Jackman,8,Martyn Gayle,1,3,1,0,1,1.0,3.0
Birmingham Rockets,"Ronald Blain, Zack Powell, Luke Okosieme, Faaris Mughaal, Martyn Gayle","Birmingham Rockets|0,14,21,7,8",0,Ronald Blain,7,Faaris Mughaal,1,3,1,0,1,1.0,3.0
Birmingham Rockets,"Ronald Blain, Luke Okosieme, Eric Donaldson, Lucas Mcgregor, Faaris Mughaal","Birmingham Rockets|0,21,3,6,7",0,Ronald Blain,7,Faaris Mughaal,1,3,1,0,1,1.0,3.0
Bristol Flyers II,"Yusuf Hafid, Jack Craggs, Nikolas Sagkovits, Giuseppe Landolfi, Thomas Browne","Bristol Flyers II|0,12,21,7,8",21,Nikolas Sagkovits,12,Jack Craggs,1,3,1,0,1,1.0,3.0
Birmingham Rockets,"Orlan Jackman, Zack Powell, Larry Duru, Lucas Mcgregor, Martyn Gayle","Birmingham Rockets|13,14,16,6,8",13,Orlan Jackman,6,Lucas Mcgregor,1,3,1,0,1,1.0,3.0
Birmingham Rockets,"Tom Grayling, Luke Okosieme, Eric Donaldson, Lucas Mcgregor, Faaris Mughaal","Birmingham Rockets|12,21,3,6,7",12,Tom Grayling,3,Eric Donaldson,1,3,1,0,1,1.0,3.0
Bristol Flyers II,"Yusuf Hafid, Nikolas Sagkovits, Luka Matthews, Wickens Simba, Giuseppe Landolfi","Bristol Flyers II|0,21,4,6,7",7,Giuseppe Landolfi,0,Yusuf Hafid,1,3,1,0,1,1.0,3.0
Bristol Flyers II,"Yusuf Hafid, Jack Craggs, Nikolas Sagkovits, Luka Matthews, Giuseppe Landolfi","Bristol Flyers II|0,12,21,4,7",7,Giuseppe Landolfi,12,Jack Craggs,1,3,1,0,1,1.0,3.0
Bristol Flyers II,"Yusuf Hafid, Jack Craggs, Nikolas Sagkovits, Luka Matthews, Giuseppe Landolfi","Bristol Flyers II|0,12,21,4,7",0,Yusuf Hafid,7,Giuseppe Landolfi,1,3,1,0,1,1.0,3.0
Derby Trailblazers,"Casey Burr, Connor Washington, Elliot Lawrence, Jai Pathmarajah, Robert Marsden","Derby Trailblazers|0,13,14,22,30",0,Casey Burr,13,Connor Washington,1,3,1,0,1,1.0,3.0
Hemel Storm,"Darien Nelson-Henry, Veron Eze, Di-Jani Parkinson, Sam Newman, Jack Burnell","Hemel Storm|10,21,23,4,7",10,Darien Nelson-Henry,4,Sam Newman,1,3,1,0,1,1.0,3.0
Derby Trailblazers,"Connor Washington, Elliot Lawrence, Jai Pathmarajah, Robert Marsden, Charlie Brown","Derby Trailblazers|13,14,22,30,4",13,Connor Washington,4,Charlie Brown,1,3,1,0,1,1.0,3.0
Derby Trailblazers,"Casey Burr, Connor Washington, Elliot Lawrence, Jai Pathmarajah, Robert Marsden","Derby Trailblazers|0,13,14,22,30",22,Jai Pathmarajah,13,Connor Washington,1,3,1,0,1,1.0,3.0
Derby Trailblazers,"Casey Burr, Connor Washington, Sean Mo Walker, Charlie Brown, Raheem May-Thompson","Derby Trailblazers|0,13,3,4,7",7,Raheem May-Thompson,13,Connor Washington,1,3,1,0,1,1.0,3.0
Derby Trailblazers,"Casey Burr, Elias Norman, Connor Washington, Sean Mo Walker, Raheem May-Thompson","Derby Trailblazers|0,12,13,3,7",3,Sean Mo Walker,12,Elias Norman,1,3,1,0,1,1.0,3.0
Hemel Storm,"Veron Eze, Di-Jani Parkinson, Brayden Inger, Sam Newman, Jack Burnell","Hemel Storm|21,23,3,4,7",7,Jack Burnell,3,Brayden Inger,1,3,1,0,1,1.0,3.0
Newcastle Knights,"Bradley Dean, Sam Trunley, Jaron Thames, Finn Cork, Max Matthews","Newcastle Knights|1,10,11,13,8",13,Finn Cork,1,Bradley Dean,1,3,1,0,1,1.0,3.0
Loughborough Riders,"Michael Joiner, Milo Wallace, Jalen Cook, Tomide Akinsuku, Liam Campbell","Loughborough Riders|11,22,31,36,4",22,Milo Wallace,31,Jalen Cook,1,3,1,0,1,1.0,3.0
Loughborough Riders,"Ben Woog, Michael Joiner, Milo Wallace, Jalen Cook, Oscar Curran","Loughborough Riders|10,11,22,31,6",6,Oscar Curran,22,Milo Wallace,1,3,1,0,1,1.0,3.0
Loughborough Riders,"Ben Woog, Michael Joiner, Panos Karras, Seth Wylie, Oscar Curran","Loughborough Riders|10,11,15,43,6",15,Panos Karras,11,Michael Joiner,1,3,1,0,1,1.0,3.0
Loughborough Riders,"Milo Wallace, Jalen Cook, Tomide Akinsuku, Dan Hadley, Oscar Curran","Loughborough Riders|22,31,36,5,6",6,Oscar Curran,22,Milo Wallace,1,3,1,0,1,1.0,3.0
Loughborough Riders,"Ben Woog, Michael Joiner, Milo Wallace, Jalen Cook, Oscar Curran","Loughborough Riders|10,11,22,31,6",10,Ben Woog,22,Milo Wallace,1,3,1,0,1,1.0,3.0
Loughborough Riders,"Michael Joiner, Milo Wallace, Tomide Akinsuku, Seth Wylie, Dan Hadley","Loughborough Riders|11,22,36,43,5",11,Michael Joiner,22,Milo Wallace,1,3,1,0,1,1.0,3.0
Newcastle Knights,"Sam Trunley, Jaron Thames, Hafeez Abdul, Messiah Jones, Max Matthews","Newcastle Knights|10,11,3,5,8",3,Hafeez Abdul,8,Max Matthews,1,3,1,0,1,1.0,3.0
Reading Rockets,"Malik Bryant, Cooper Creek, Jax Bouknight, Eliaz (Zain) Poorman, Lewis Champion","Reading Rockets|10,14,4,6,7",6,Eliaz (Zain) Poorman,4,Jax Bouknight,1,3,1,0,1,1.0,3.0
Worthing Thunder,"Matthew Bryan-Amaning, Justin Hopkins, Elijah Maynard, Adrian Scarborough, Elliott Dadds","Worthing Thunder|11,15,22,4,7",22,Elijah Maynard,22,Elijah Maynard,1,3,1,0,1,1.0,3.0
Worthing Thunder,"Danny Evans, Matthew Bryan-Amaning, Justin Hopkins, Elijah Maynard, Bode Adeluola","Worthing Thunder|0,11,15,22,5",22,Elijah Maynard,5,Bode Adeluola,1,3,1,0,1,1.0,3.0
Bristol Hurricanes,"Daniel Edozie, Denzel Ubiaro, Corey Samuels, Vilmantas Dilys, Chris Taylor","Bristol Hurricanes|1,31,4,55,9",4,Corey Samuels,55,Vilmantas Dilys,1,3,1,0,1,1.0,3.0
London Cavaliers,"Juan Manning, Mekhi Collins, Daniel Braster, Darren Ainembabazi, Aj Roberts","London Cavaliers|10,13,23,3,4",23,Daniel Braster,4,Aj Roberts,1,3,1,0,1,1.0,3.0
Bristol Hurricanes,"Ashley Pearce, Daniel Edozie, Denzel Ubiaro, Corey Samuels, Vilmantas Dilys","Bristol Hurricanes|0,1,31,4,55",4,Corey Samuels,31,Denzel Ubiaro,1,3,1,0,1,1.0,3.0
Loughborough Riders,"Johde Campbell, Michael Joiner, Milo Gordon, Jalen Cook, Tomide Akinsuku","Loughborough Riders|0,11,22,31,36",31,Jalen Cook,22,Milo Gordon,1,3,1,0,1,1.0,3.0
Loughborough Riders,"Michael Joiner, Panos Karras, Milo Gordon, Tomide Akinsuku, Oscar Curran","Loughborough Riders|11,15,22,36,6",36,Tomide Akinsuku,22,Milo Gordon,1,3,1,0,1,1.0,3.0
Loughborough Riders,"Michael Joiner, Milo Gordon, Jalen Cook, Tomide Akinsuku, Liam Campbell","Loughborough Riders|11,22,31,36,4",11,Michael Joiner,31,Jalen Cook,1,3,1,0,1,1.0,3.0
Milton Keynes Breakers,"Dashawn Jackson, Ben Baker-Mccann, Jonas Dietrich, Xavier Wilson, Jordan Spencer","Milton Keynes Breakers|1,11,12,21,23",23,Jordan Spencer,12,Jonas Dietrich,1,3,1,0,1,1.0,3.0
Loughborough Riders,"Michael Joiner, Panos Karras, Jalen Cook, Tomide Akinsuku, Liam Campbell","Loughborough Riders|11,15,31,36,4",11,Michael Joiner,15,Panos Karras,1,3,1,0,1,1.0,3.0
Loughborough Riders,"Michael Joiner, Milo Gordon, Jalen Cook, Tomide Akinsuku, Liam Campbell","Loughborough Riders|11,22,31,36,4",36,Tomide Akinsuku,31,Jalen Cook,1,3,1,0,1,1.0,3.0
Loughborough Riders,"Michael Joiner, Milo Gordon, Jalen Cook, Tomide Akinsuku, Liam Campbell","Loughborough Riders|11,22,31,36,4",22,Milo Gordon,31,Jalen Cook,1,3,1,0,1,1.0,3.0
Loughborough Riders,"Johde Campbell, Michael Joiner, Panos Karras, Jalen Cook, Tomide Akinsuku","Loughborough Riders|0,11,15,31,36",11,Michael Joiner,31,Jalen Cook,1,3,1,0,1,1.0,3.0
Milton Keynes Breakers,"Ben Baker-Mccann, Mike New Jr., Xavier Wilson, Kalvin Oates, Gabriel Formeloza","Milton Keynes Breakers|11,15,21,5,6",5,Kalvin Oates,5,Kalvin Oates,1,3,1,0,1,1.0,3.0
Essex Rebels,"Remy Udeh, Miles Brown, Anthony Idiata-Mendez, Tom Child, Harry Gent","Essex Rebels|14,2,20,22,36",2,Miles Brown,14,Remy Udeh,1,3,1,0,1,1.0,3.0
Essex Rebels,"Remy Udeh, Miles Brown, Anthony Idiata-Mendez, Tom Child, Harry Gent","Essex Rebels|14,2,20,22,36",22,Tom Child,14,Remy Udeh,1,3,1,0,1,1.0,3.0
Newcastle Knights,"Sam Trunley, Jaron Thames, Hafeez Abdul, Jason Soodeen, Max Matthews","Newcastle Knights|10,11,3,6,8",11,Jaron Thames,10,Sam Trunley,1,3,1,0,1,1.0,3.0
Newcastle Knights,"Sam Trunley, Jaron Thames, Mekhi Hendry, Hafeez Abdul, Messiah Jones","Newcastle Knights|10,11,2,3,5",2,Mekhi Hendry,10,Sam Trunley,1,3,1,0,1,1.0,3.0
Essex Rebels,"Kyron Martin, Miles Brown, Anthony Idiata-Mendez, Tom Child, Harry Gent","Essex Rebels|10,2,20,22,36",22,Tom Child,10,Kyron Martin,1,3,1,0,1,1.0,3.0
Essex Rebels,"Kyron Martin, Miles Brown, Anthony Idiata-Mendez, Tom Child, Harry Gent","Essex Rebels|10,2,20,22,36",22,Tom Child,2,Miles Brown,1,3,1,0,1,1.0,3.0
Essex Rebels,"Mou Wol-Cummings, Kyron Martin, Anthony Idiata-Mendez, Tom Child, Tyreese Hudson","Essex Rebels|0,10,20,22,9",22,Tom Child,0,Mou Wol-Cummings,1,3,1,0,1,1.0,3.0
Newcastle Knights,"Sam Trunley, Jaron Thames, Hafeez Abdul, Messiah Jones, Max Matthews","Newcastle Knights|10,11,3,5,8",3,Hafeez Abdul,10,Sam Trunley,1,3,1,0,1,1.0,3.0
Newcastle Knights,"Sam Trunley, Jaron Thames, Hafeez Abdul, Messiah Jones, Max Matthews","Newcastle Knights|10,11,3,5,8",5,Messiah Jones,8,Max Matthews,1,3,1,0,1,1.0,3.0
Newcastle Knights,"Sam Trunley, Jaron Thames, Hafeez Abdul, Messiah Jones, Max Matthews","Newcastle Knights|10,11,3,5,8",11,Jaron Thames,8,Max Matthews,1,3,1,0,1,1.0,3.0
Newcastle Knights,"Sam Trunley, Jaron Thames, Hafeez Abdul, Messiah Jones, Max Matthews","Newcastle Knights|10,11,3,5,8",3,Hafeez Abdul,11,Jaron Thames,1,3,1,0,1,1.0,3.0
Essex Rebels,"Mou Wol-Cummings, Kyron Martin, Miles Brown, Anthony Idiata-Mendez, Harry Gent","Essex Rebels|0,10,2,20,36",2,Miles Brown,10,Kyron Martin,1,3,1,0,1,1.0,3.0
Essex Rebels,"Kyron Martin, Miles Brown, Anthony Idiata-Mendez, Tom Child, Harry Gent","Essex Rebels|10,2,20,22,36",10,Kyron Martin,22,Tom Child,1,3,1,0,1,1.0,3.0
Reading Rockets,"Malik Bryant, Cooper Creek, Lewis Champion, Victor Olarerin, Simon Chamberlain","Reading Rockets|10,14,7,8,9",8,Victor Olarerin,9,Simon Chamberlain,1,3,1,0,1,1.0,3.0
Reading Rockets,"Malik Bryant, Jax Bouknight, Eliaz (Zain) Poorman, Victor Olarerin, Simon Chamberlain","Reading Rockets|10,4,6,8,9",6,Eliaz (Zain) Poorman,9,Simon Chamberlain,1,3,1,0,1,1.0,3.0
Reading Rockets,"Malik Bryant, Ty Nsangu, Jax Bouknight, Victor Olarerin, Simon Chamberlain","Reading Rockets|10,12,4,8,9",4,Jax Bouknight,8,Victor Olarerin,1,3,1,0,1,1.0,3.0
Reading Rockets,"Malik Bryant, Ty Nsangu, Jax Bouknight, Victor Olarerin, Simon Chamberlain","Reading Rockets|10,12,4,8,9",8,Victor Olarerin,9,Simon Chamberlain,1,3,1,0,1,1.0,3.0
Reading Rockets,"Malik Bryant, Ty Nsangu, Jax Bouknight, Victor Olarerin, Simon Chamberlain","Reading Rockets|10,12,4,8,9",4,Jax Bouknight,9,Simon Chamberlain,1,3,1,0,1,1.0,3.0
Reading Rockets,"Malik Bryant, Ty Nsangu, Eliaz (Zain) Poorman, Lewis Champion, Simon Chamberlain","Reading Rockets|10,12,6,7,9",9,Simon Chamberlain,7,Lewis Champion,1,3,1,0,1,1.0,3.0
Hemel Storm,"Darien Nelson-Henry, Veron Eze, Brayden Inger, Sam Newman, Jack Burnell","Hemel Storm|10,21,3,4,7",4,Sam Newman,21,Veron Eze,1,3,1,0,1,1.0,3.0
Hemel Storm,"Darien Nelson-Henry, Taylor Johnson, Di-Jani Parkinson, Sam Newman, Jack Burnell","Hemel Storm|10,12,23,4,7",4,Sam Newman,7,Jack Burnell,1,3,1,0,1,1.0,3.0
Hemel Storm,"Taylor Johnson, Veron Eze, Di-Jani Parkinson, Sam Newman, Jack Burnell","Hemel Storm|12,21,23,4,7",12,Taylor Johnson,21,Veron Eze,1,3,1,0,1,1.0,3.0
Hemel Storm,"Darien Nelson-Henry, Taylor Johnson, Brayden Inger, Sam Newman, Jack Burnell","Hemel Storm|10,12,3,4,7",3,Brayden Inger,4,Sam Newman,1,3,1,0,1,1.0,3.0
Bristol Flyers II,"Yusuf Hafid, Lanre Ayinla, Roman Price, Reggie Eigbe, Nassim Ladjimi","Bristol Flyers II|0,10,11,13,24",10,Lanre Ayinla,24,Nassim Ladjimi,1,3,1,0,1,1.0,3.0
Hemel Storm,"Darien Nelson-Henry, Taylor Johnson, Veron Eze, Sam Newman, Jack Burnell","Hemel Storm|10,12,21,4,7",21,Veron Eze,10,Darien Nelson-Henry,1,3,1,0,1,1.0,3.0
Hemel Storm,"Taylor Johnson, Veron Eze, Di-Jani Parkinson, Brayden Inger, Jack Burnell","Hemel Storm|12,21,23,3,7",3,Brayden Inger,7,Jack Burnell,1,3,1,0,1,1.0,3.0
Bristol Flyers II,"Yusuf Hafid, Lanre Ayinla, Jack Craggs, Thomas Browne, Ashton Dyer","Bristol Flyers II|0,10,12,8,9",8,Thomas Browne,12,Jack Craggs,1,3,1,0,1,1.0,3.0
Hemel Storm,"Darien Nelson-Henry, Veron Eze, Di-Jani Parkinson, Brayden Inger, Sam Newman","Hemel Storm|10,21,23,3,4",23,Di-Jani Parkinson,3,Brayden Inger,1,3,1,0,1,1.0,3.0
Hemel Storm,"Darien Nelson-Henry, Veron Eze, Di-Jani Parkinson, Brayden Inger, Sam Newman","Hemel Storm|10,21,23,3,4",21,Veron Eze,23,Di-Jani Parkinson,1,3,1,0,1,1.0,3.0
Hemel Storm,"Darien Nelson-Henry, Veron Eze, Di-Jani Parkinson, Brayden Inger, Sam Newman","Hemel Storm|10,21,23,3,4",10,Darien Nelson-Henry,3,Brayden Inger,1,3,1,0,1,1.0,3.0
Bristol Flyers II,"Reggie Eigbe, Nassim Ladjimi, Anthony Bhebhe, Luka Matthews, Giuseppe Landolfi","Bristol Flyers II|13,24,4,6,7",7,Giuseppe Landolfi,24,Nassim Ladjimi,1,3,1,0,1,1.0,3.0
Bristol Flyers II,"Reggie Eigbe, Nassim Ladjimi, Anthony Bhebhe, Luka Matthews, Giuseppe Landolfi","Bristol Flyers II|13,24,4,6,7",4,Anthony Bhebhe,24,Nassim Ladjimi,1,3,1,0,1,1.0,3.0
Bristol Flyers II,"Reggie Eigbe, Nassim Ladjimi, Anthony Bhebhe, Luka Matthews, Giuseppe Landolfi","Bristol Flyers II|13,24,4,6,7",6,Luka Matthews,24,Nassim Ladjimi,1,3,1,0,1,1.0,3.0
Yorkshire Dragons,"R. Ani, David Ulph, Logan Rooney, Andreas Lycoudis, Nick Lewis","Yorkshire Dragons|1,10,3,7,93",1,R. Ani,7,Andreas Lycoudis,1,3,1,0,1,1.0,3.0
Yorkshire Dragons,"R. Ani, David Ulph, Eddie Brownell, Andreas Lycoudis, Nick Lewis","Yorkshire Dragons|1,10,2,7,93",10,David Ulph,1,R. Ani,1,3,1,0,1,1.0,3.0
Yorkshire Dragons,"R. Ani, David Ulph, Logan Rooney, J. Melke, Nick Lewis","Yorkshire Dragons|1,10,3,5,93",93,Nick Lewis,1,R. Ani,1,3,1,0,1,1.0,3.0
Birmingham Rockets,"Orlan Jackman, Zack Powell, Eric Donaldson, Lucas Mcgregor, Martyn Gayle","Birmingham Rockets|13,14,3,6,8",8,Martyn Gayle,14,Zack Powell,1,3,1,0,1,1.0,3.0
Birmingham Rockets,"Ronald Blain, Orlan Jackman, Zack Powell, Lucas Mcgregor, Martyn Gayle","Birmingham Rockets|0,13,14,6,8",0,Ronald Blain,13,Orlan Jackman,1,3,1,0,1,1.0,3.0
Yorkshire Dragons,"R. Ani, David Ulph, Logan Rooney, J. Melke, Nick Lewis","Yorkshire Dragons|1,10,3,5,93",10,David Ulph,5,J. Melke,1,3,1,0,1,1.0,3.0
Worthing Thunder,"Danny Evans, Elijah Maynard, Troy Mcindoe, Adrian Scarborough, Elliott Dadds","Worthing Thunder|0,22,23,4,7",7,Elliott Dadds,0,Danny Evans,1,3,1,0,1,1.0,3.0
Newcastle Knights,"Sam Trunley, Jaron Thames, Hafeez Abdul, Mekhi Hendry, Messiah Jones","Newcastle Knights|10,11,3,4,5",11,Jaron Thames,4,Mekhi Hendry,1,3,1,0,1,1.0,3.0
Newcastle Knights,"Sam Trunley, Jaron Thames, Hafeez Abdul, Mekhi Hendry, Messiah Jones","Newcastle Knights|10,11,3,4,5",5,Messiah Jones,11,Jaron Thames,1,3,1,0,1,1.0,3.0
Newcastle Knights,"Sam Trunley, Jaron Thames, Hafeez Abdul, Mekhi Hendry, Messiah Jones","Newcastle Knights|10,11,3,4,5",4,Mekhi Hendry,3,Hafeez Abdul,1,3,1,0,1,1.0,3.0
Newcastle Knights,"Sam Trunley, Jaron Thames, Hafeez Abdul, Mekhi Hendry, Messiah Jones","Newcastle Knights|10,11,3,4,5",5,Messiah Jones,4,Mekhi Hendry,1,3,1,0,1,1.0,3.0
Newcastle Knights,"Sam Trunley, Jaron Thames, Hafeez Abdul, Mekhi Hendry, Messiah Jones","Newcastle Knights|10,11,3,4,5",10,Sam Trunley,4,Mekhi Hendry,1,3,1,0,1,1.0,3.0
Worthing Thunder,"Danny Evans, Justin Hopkins, Adrian Scarborough, Bode Adeluola, Elliott Dadds","Worthing Thunder|0,15,4,5,7",15,Justin Hopkins,0,Danny Evans,1,3,1,0,1,1.0,3.0
Worthing Thunder,"Danny Evans, Matthew Bryan-Amaning, Justin Hopkins, Bode Adeluola, Elliott Dadds","Worthing Thunder|0,11,15,5,7",7,Elliott Dadds,5,Bode Adeluola,1,3,1,0,1,1.0,3.0
Nottingham Hoods,"Tyrone Williams, Micah Savery-Richards, Byrce Johnson, Elliot Bailey, Sam Akano","Nottingham Hoods|1,14,21,6,7",14,Micah Savery-Richards,1,Tyrone Williams,1,3,1,0,1,1.0,3.0
Nottingham Hoods,"Tyrone Williams, Byrce Johnson, Latrell Maitland, Elliot Bailey, Sam Akano","Nottingham Hoods|1,21,23,6,7",23,Latrell Maitland,7,Sam Akano,1,3,1,0,1,1.0,3.0
Nottingham Hoods,"Tyrone Williams, Byrce Johnson, Thierry Walker, Elliot Bailey, Sam Akano","Nottingham Hoods|1,21,4,6,7",6,Elliot Bailey,7,Sam Akano,1,3,1,0,1,1.0,3.0
Bristol Hurricanes,"Daniel Edozie, David Forsyth, Elvisi Dusha, Denzel Ubiaro, Corey Samuels","Bristol Hurricanes|1,11,12,31,4",1,Daniel Edozie,12,Elvisi Dusha,1,3,1,0,1,1.0,3.0
Milton Keynes Breakers,"Dashawn Jackson, Jonas Dietrich, Xavier Wilson, Blayne Freckleton, Chase Thompson","Milton Keynes Breakers|1,12,21,7,8",1,Dashawn Jackson,7,Blayne Freckleton,1,3,1,0,1,1.0,3.0
Milton Keynes Breakers,"Dashawn Jackson, Jonas Dietrich, Xavier Wilson, Blayne Freckleton, Chase Thompson","Milton Keynes Breakers|1,12,21,7,8",7,Blayne Freckleton,12,Jonas Dietrich,1,3,1,0,1,1.0,3.0
Milton Keynes Breakers,"Dashawn Jackson, Jonas Dietrich, Xavier Wilson, Blayne Freckleton, Chase Thompson","Milton Keynes Breakers|1,12,21,7,8",8,Chase Thompson,1,Dashawn Jackson,1,3,1,0,1,1.0,3.0
Milton Keynes Breakers,"Kai Williams, Ben Baker-Mccann, Mike New Jr., Jordan Spencer, Blayne Freckleton","Milton Keynes Breakers|0,11,15,23,7",0,Kai Williams,23,Jordan Spencer,1,3,1,0,1,1.0,3.0
Bristol Flyers II,"Jack Craggs, Reggie Eigbe, Anthony Bhebhe, Thomas Browne, Ashton Dyer","Bristol Flyers II|12,13,4,8,9",4,Anthony Bhebhe,12,Jack Craggs,1,3,1,0,1,1.0,3.0
Bristol Flyers II,"Nikolas Sagkovits, Marvin Dinnall, Luka Matthews, Giuseppe Landolfi, Thomas Browne","Bristol Flyers II|21,5,6,7,8",5,Marvin Dinnall,8,Thomas Browne,1,3,1,0,1,1.0,3.0
Milton Keynes Breakers,"Mike New Jr., Xavier Wilson, Jordan Spencer, Kalvin Oates, Gabriel Formeloza","Milton Keynes Breakers|15,21,23,5,6",23,Jordan Spencer,5,Kalvin Oates,1,3,1,0,1,1.0,3.0
Bristol Flyers II,"Yusuf Hafid, Lanre Ayinla, Reggie Eigbe, Giuseppe Landolfi, Thomas Browne","Bristol Flyers II|0,10,13,7,8",10,Lanre Ayinla,0,Yusuf Hafid,1,3,1,0,1,1.0,3.0
Milton Keynes Breakers,"Dashawn Jackson, Xavier Wilson, Jordan Spencer, Kalvin Oates, Gabriel Formeloza","Milton Keynes Breakers|1,21,23,5,6",1,Dashawn Jackson,6,Gabriel Formeloza,1,3,1,0,1,1.0,3.0
Bristol Flyers II,"Yusuf Hafid, Lanre Ayinla, Reggie Eigbe, Nassim Ladjimi, Anthony Bhebhe","Bristol Flyers II|0,10,13,24,4",24,Nassim Ladjimi,10,Lanre Ayinla,1,3,1,0,1,1.0,3.0
Milton Keynes Breakers,"Dashawn Jackson, Ben Baker-Mccann, Xavier Wilson, Kalvin Oates, Gabriel Formeloza","Milton Keynes Breakers|1,11,21,5,6",21,Xavier Wilson,5,Kalvin Oates,1,3,1,0,1,1.0,3.0
Birmingham Rockets,"Ronald Blain, Orlan Jackman, Luke Okosieme, Eric Donaldson, Faaris Mughaal","Birmingham Rockets|0,13,21,3,7",13,Orlan Jackman,7,Faaris Mughaal,1,3,1,0,1,1.0,3.0
London Cavaliers,"Joe Richards, Mekhi Collins, Daniel Braster, Darren Ainembabazi, Aj Roberts","London Cavaliers|11,13,23,3,4",23,Daniel Braster,11,Joe Richards,1,3,1,0,1,1.0,3.0
Birmingham Rockets,"Ronald Blain, Orlan Jackman, Lucas Mcgregor, Faaris Mughaal, Martyn Gayle","Birmingham Rockets|0,13,6,7,8",0,Ronald Blain,7,Faaris Mughaal,1,3,1,0,1,1.0,3.0
Birmingham Rockets,"Orlan Jackman, Zack Powell, Larry Duru, Faaris Mughaal, Martyn Gayle","Birmingham Rockets|13,14,16,7,8",16,Larry Duru,13,Orlan Jackman,1,3,1,0,1,1.0,3.0
London Cavaliers,"Juan Manning, Joe Richards, Marquel Beasley, Daniel Braster, Darren Ainembabazi","London Cavaliers|10,11,15,23,3",15,Marquel Beasley,11,Joe Richards,1,3,1,0,1,1.0,3.0
London Cavaliers,"Juan Manning, Joe Richards, Marquel Beasley, Darren Ainembabazi, Omari Pond-Mckenzie","London Cavaliers|10,11,15,3,5",11,Joe Richards,10,Juan Manning,1,3,1,0,1,1.0,3.0
Loughborough Riders,"Johde Campbell, Michael Joiner, Milo Gordon, Jalen Cook, Tomide Akinsuku","Loughborough Riders|0,11,22,31,36",31,Jalen Cook,0,Johde Campbell,1,3,1,0,1,1.0,3.0
Loughborough Riders,"Johde Campbell, Michael Joiner, Milo Gordon, Jalen Cook, Tomide Akinsuku","Loughborough Riders|0,11,22,31,36",11,Michael Joiner,0,Johde Campbell,1,3,1,0,1,1.0,3.0
Loughborough Riders,"Johde Campbell, Ben Woog, Michael Joiner, Panos Karras, Seth Wylie","Loughborough Riders|0,10,11,15,43",0,Johde Campbell,43,Seth Wylie,1,3,1,0,1,1.0,3.0
Loughborough Riders,"Johde Campbell, Ben Woog, Michael Joiner, Milo Gordon, Jalen Cook","Loughborough Riders|0,10,11,22,31",10,Ben Woog,0,Johde Campbell,1,3,1,0,1,1.0,3.0
Worthing Thunder,"Danny Evans, Matthew Bryan-Amaning, Justin Hopkins, Elijah Maynard, Bode Adeluola","Worthing Thunder|0,11,15,22,5",15,Justin Hopkins,22,Elijah Maynard,1,3,1,0,1,1.0,3.0
Worthing Thunder,"Danny Evans, Justin Hopkins, Elijah Maynard, Bode Adeluola, Elliott Dadds","Worthing Thunder|0,15,22,5,7",0,Danny Evans,22,Elijah Maynard,1,3,1,0,1,1.0,3.0
Essex Rebels,"Kyron Martin, Remy Udeh, Miles Brown, Tom Child, Harry Gent","Essex Rebels|10,14,2,22,36",14,Remy Udeh,10,Kyron Martin,1,3,1,0,1,1.0,3.0
Hemel Storm,"Darien Nelson-Henry, Taylor Johnson, Veron Eze, Di-Jani Parkinson, Sam Newman","Hemel Storm|10,12,21,23,4",10,Darien Nelson-Henry,12,Taylor Johnson,1,3,1,0,1,1.0,3.0
Essex Rebels,"Mou Wol-Cummings, Kyron Martin, Daniel Johnson-Thompson, Miles Brown, Tom Child","Essex Rebels|0,10,13,2,22",0,Mou Wol-Cummings,22,Tom Child,1,3,1,0,1,1.0,3.0
Hemel Storm,"Darien Nelson-Henry, Taylor Johnson, Di-Jani Parkinson, Brayden Inger, Sam Newman","Hemel Storm|10,12,23,3,4",4,Sam Newman,23,Di-Jani Parkinson,1,3,1,0,1,1.0,3.0
Essex Rebels,"Mou Wol-Cummings, Daniel Johnson-Thompson, Miles Brown, Tom Child, Harry Gent","Essex Rebels|0,13,2,22,36",2,Miles Brown,0,Mou Wol-Cummings,1,3,1,0,1,1.0,3.0
Essex Rebels,"Mou Wol-Cummings, Kyron Martin, Miles Brown, Tom Child, Harry Gent","Essex Rebels|0,10,2,22,36",2,Miles Brown,10,Kyron Martin,1,3,1,0,1,1.0,3.0
Essex Rebels,"Mou Wol-Cummings, Kyron Martin, Miles Brown, Tom Child, Harry Gent","Essex Rebels|0,10,2,22,36",22,Tom Child,0,Mou Wol-Cummings,1,3,1,0,1,1.0,3.0
Yorkshire Dragons,"R. Ani, David Ulph, Jordan Whelan, J. Melke, Nick Lewis","Yorkshire Dragons|1,10,23,5,93",5,J. Melke,93,Nick Lewis,1,3,1,0,1,1.0,3.0
Derby Trailblazers,"Connor Washington, Jai Pathmarajah, Sean Mo Walker, Robert Marsden, Charlie Brown","Derby Trailblazers|13,22,3,30,4",30,Robert Marsden,4,Charlie Brown,1,3,1,0,1,1.0,3.0
Yorkshire Dragons,"David Ulph, Jordan Whelan, Logan Rooney, J. Melke, Nick Lewis","Yorkshire Dragons|10,23,3,5,93",5,J. Melke,93,Nick Lewis,1,3,1,0,1,1.0,3.0
Derby Trailblazers,"Connor Washington, Jai Pathmarajah, Sean Mo Walker, Robert Marsden, Charlie Brown","Derby Trailblazers|13,22,3,30,4",3,Sean Mo Walker,13,Connor Washington,1,3,1,0,1,1.0,3.0
Derby Trailblazers,"Connor Washington, Jai Pathmarajah, Robert Marsden, Charlie Brown, Raheem May-Thompson","Derby Trailblazers|13,22,30,4,7",22,Jai Pathmarajah,7,Raheem May-Thompson,1,3,1,0,1,1.0,3.0
Yorkshire Dragons,"R. Ani, Jordan Whelan, Logan Rooney, J. Melke, Andreas Lycoudis","Yorkshire Dragons|1,23,3,5,7",23,Jordan Whelan,3,Logan Rooney,1,3,1,0,1,1.0,3.0
Yorkshire Dragons,"R. Ani, David Ulph, Jordan Whelan, J. Melke, Nick Lewis","Yorkshire Dragons|1,10,23,5,93",5,J. Melke,23,Jordan Whelan,1,3,1,0,1,1.0,3.0
Newcastle Knights,"Sam Trunley, Jaron Thames, Mekhi Hendry, Hafeez Abdul, Messiah Jones","Newcastle Knights|10,11,2,3,5",11,Jaron Thames,3,Hafeez Abdul,1,3,1,0,1,1.0,3.0
Newcastle Knights,"Sam Trunley, Jaron Thames, Mekhi Hendry, Hafeez Abdul, Scott Angus","Newcastle Knights|10,11,2,3,7",11,Jaron Thames,3,Hafeez Abdul,1,3,1,0,1,1.0,3.0
Newcastle Knights,"Sam Trunley, Jaron Thames, Mekhi Hendry, Hafeez Abdul, Scott Angus","Newcastle Knights|10,11,2,3,7",10,Sam Trunley,3,Hafeez Abdul,1,3,1,0,1,1.0,3.0
Newcastle Knights,"Sam Trunley, Jaron Thames, Finn Cork, Mekhi Hendry, Hafeez Abdul","Newcastle Knights|10,11,13,2,3",13,Finn Cork,10,Sam Trunley,1,3,1,0,1,1.0,3.0
Newcastle Knights,"Sam Trunley, Jaron Thames, Finn Cork, Mekhi Hendry, Hafeez Abdul","Newcastle Knights|10,11,13,2,3",3,Hafeez Abdul,2,Mekhi Hendry,1,3,1,0,1,1.0,3.0
Newcastle Knights,"Sam Trunley, Jaron Thames, Noah Saa, Hafeez Abdul, Messiah Jones","Newcastle Knights|10,11,14,3,5",11,Jaron Thames,10,Sam Trunley,1,3,1,0,1,1.0,3.0
Newcastle Knights,"Sam Trunley, Noah Saa, Hafeez Abdul, Messiah Jones, Theo Riley","Newcastle Knights|10,14,3,5,9",14,Noah Saa,10,Sam Trunley,1,3,1,0,1,1.0,3.0
Newcastle Knights,"Sam Trunley, Jaron Thames, Mekhi Hendry, Hafeez Abdul, Messiah Jones","Newcastle Knights|10,11,2,3,5",11,Jaron Thames,10,Sam Trunley,1,3,1,0,1,1.0,3.0
Newcastle Knights,"Sam Trunley, Jaron Thames, Hafeez Abdul, Messiah Jones, Theo Riley","Newcastle Knights|10,11,3,5,9",11,Jaron Thames,3,Hafeez Abdul,1,3,1,0,1,1.0,3.0
Newcastle Knights,"Sam Trunley, Jaron Thames, Hafeez Abdul, Messiah Jones, Theo Riley","Newcastle Knights|10,11,3,5,9",9,Theo Riley,3,Hafeez Abdul,1,3,1,0,1,1.0,3.0
Derby Trailblazers,"Casey Burr, Connor Washington, Jai Pathmarajah, Sean Mo Walker, Raheem May-Thompson","Derby Trailblazers|0,13,22,3,7",7,Raheem May-Thompson,13,Connor Washington,1,3,1,0,1,1.0,3.0
Newcastle Knights,"Jaron Thames, Noah Saa, Hafeez Abdul, Jason Soodeen, Theo Riley","Newcastle Knights|11,14,3,6,9",9,Theo Riley,3,Hafeez Abdul,1,3,1,0,1,1.0,3.0
Newcastle Knights,"Sam Trunley, Noah Saa, Mekhi Hendry, Hafeez Abdul, Messiah Jones","Newcastle Knights|10,14,2,3,5",10,Sam Trunley,3,Hafeez Abdul,1,3,1,0,1,1.0,3.0
Derby Trailblazers,"Casey Burr, Connor Washington, Jai Pathmarajah, Sean Mo Walker, Raheem May-Thompson","Derby Trailblazers|0,13,22,3,7",0,Casey Burr,13,Connor Washington,1,3,1,0,1,1.0,3.0
Loughborough Riders,"Johde Campbell, Ben Woog, Michael Joiner, Milo Gordon, Seth Wylie","Loughborough Riders|0,10,11,22,43",43,Seth Wylie,11,Michael Joiner,1,3,1,0,1,1.0,3.0
Loughborough Riders,"Johde Campbell, Michael Joiner, Milo Gordon, Tomide Akinsuku, Dan Hadley","Loughborough Riders|0,11,22,36,5",0,Johde Campbell,5,Dan Hadley,1,3,1,0,1,1.0,3.0
Loughborough Riders,"Johde Campbell, Michael Joiner, Milo Gordon, Jalen Cook, Tomide Akinsuku","Loughborough Riders|0,11,22,31,36",36,Tomide Akinsuku,22,Milo Gordon,1,3,1,0,1,1.0,3.0
Loughborough Riders,"Johde Campbell, Ben Woog, Panos Karras, Jalen Cook, Liam Campbell","Loughborough Riders|0,10,15,31,4",10,Ben Woog,0,Johde Campbell,1,3,1,0,1,1.0,3.0
Bristol Hurricanes,"Elvisi Dusha, Kobe Hill, Denzel Ubiaro, Corey Samuels, Vilmantas Dilys","Bristol Hurricanes|12,2,31,4,55",4,Corey Samuels,2,Kobe Hill,1,3,1,0,1,1.0,3.0
Bristol Hurricanes,"Elvisi Dusha, Kobe Hill, Denzel Ubiaro, Corey Samuels, Vilmantas Dilys","Bristol Hurricanes|12,2,31,4,55",12,Elvisi Dusha,55,Vilmantas Dilys,1,3,1,0,1,1.0,3.0
Bristol Hurricanes,"Elvisi Dusha, Kobe Hill, Denzel Ubiaro, Corey Samuels, Vilmantas Dilys","Bristol Hurricanes|12,2,31,4,55",12,Elvisi Dusha,2,Kobe Hill,1,3,1,0,1,1.0,3.0
Yorkshire Dragons,"R. Ani, David Ulph, J. Melke, Andreas Lycoudis, Nick Lewis","Yorkshire Dragons|1,10,5,7,93",5,J. Melke,7,Andreas Lycoudis,1,3,1,0,1,1.0,3.0
Reading Rockets,"Malik Bryant, Jax Bouknight, Eliaz (Zain) Poorman, Victor Olarerin, Simon Chamberlain","Reading Rockets|10,4,6,8,9",6,Eliaz (Zain) Poorman,8,Victor Olarerin,1,3,1,0,1,1.0,3.0
Yorkshire Dragons,"David Ulph, Eddie Brownell, Jordan Whelan, Logan Rooney, Nick Lewis","Yorkshire Dragons|10,2,23,3,93",23,Jordan Whelan,3,Logan Rooney,1,3,1,0,1,1.0,3.0
Yorkshire Dragons,"David Ulph, Jordan Whelan, Logan Rooney, J. Melke, Nick Lewis","Yorkshire Dragons|10,23,3,5,93",23,Jordan Whelan,5,J. Melke,1,3,1,0,1,1.0,3.0
Yorkshire Dragons,"David Ulph, Jordan Whelan, J. Melke, Andreas Lycoudis, Nick Lewis","Yorkshire Dragons|10,23,5,7,93",93,Nick Lewis,7,Andreas Lycoudis,1,3,1,0,1,1.0,3.0
Yorkshire Dragons,"R. Ani, David Ulph, Jordan Whelan, J. Melke, Nick Lewis","Yorkshire Dragons|1,10,23,5,93",93,Nick Lewis,23,Jordan Whelan,1,3,1,0,1,1.0,3.0
Bristol Flyers II,"Yusuf Hafid, Roman Price, Jack Craggs, Nassim Ladjimi, Thomas Browne","Bristol Flyers II|0,11,12,24,8",8,Thomas Browne,24,Nassim Ladjimi,1,3,1,0,1,1.0,3.0
Bristol Flyers II,"Yusuf Hafid, Lanre Ayinla, Reggie Eigbe, Nassim Ladjimi, Giuseppe Landolfi","Bristol Flyers II|0,10,13,24,7",7,Giuseppe Landolfi,24,Nassim Ladjimi,1,3,1,0,1,1.0,3.0
Bristol Flyers II,"Yusuf Hafid, Lanre Ayinla, Roman Price, Nassim Ladjimi, Giuseppe Landolfi","Bristol Flyers II|0,10,11,24,7",11,Roman Price,10,Lanre Ayinla,1,3,1,0,1,1.0,3.0
Bristol Flyers II,"Yusuf Hafid, Lanre Ayinla, Reggie Eigbe, Nassim Ladjimi, Giuseppe Landolfi","Bristol Flyers II|0,10,13,24,7",10,Lanre Ayinla,0,Yusuf Hafid,1,3,1,0,1,1.0,3.0
Bristol Flyers II,"Yusuf Hafid, Lanre Ayinla, Reggie Eigbe, Nassim Ladjimi, Giuseppe Landolfi","Bristol Flyers II|0,10,13,24,7",0,Yusuf Hafid,24,Nassim Ladjimi,1,3,1,0,1,1.0,3.0
London Cavaliers,"Juan Manning, Mekhi Collins, Marquel Beasley, Darren Ainembabazi, Aj Roberts","London Cavaliers|10,13,15,3,4",3,Darren Ainembabazi,15,Marquel Beasley,1,3,1,0,1,1.0,3.0
London Cavaliers,"Juan Manning, Mekhi Collins, Marquel Beasley, Darren Ainembabazi, Aj Roberts","London Cavaliers|10,13,15,3,4",3,Darren Ainembabazi,10,Juan Manning,1,3,1,0,1,1.0,3.0
Nottingham Hoods,"Tyrone Williams, Jani Griffith, Thierry Walker, Elliot Bailey, Sam Akano","Nottingham Hoods|0,15,4,6,7",15,Jani Griffith,4,Thierry Walker,1,3,1,0,1,1.0,3.0
Essex Rebels,"Mou Wol-Cummings, Miles Brown, Anthony Idiata-Mendez, Tom Child, Tyreese Hudson","Essex Rebels|0,2,20,22,9",2,Miles Brown,0,Mou Wol-Cummings,1,3,1,0,1,1.0,3.0
Essex Rebels,"Mou Wol-Cummings, Kyron Martin, Daniel Johnson-Thompson, Miles Brown, Tom Child","Essex Rebels|0,10,13,2,22",22,Tom Child,10,Kyron Martin,1,3,1,0,1,1.0,3.0
Essex Rebels,"Remy Udeh, Miles Brown, Anthony Idiata-Mendez, Tom Child, Harry Gent","Essex Rebels|14,2,20,22,36",20,Anthony Idiata-Mendez,22,Tom Child,1,3,1,0,1,1.0,3.0
Nottingham Hoods,"Tyrone Williams, Jani Griffith, Byrce Johnson, Thierry Walker, Sam Akano","Nottingham Hoods|0,15,25,4,7",7,Sam Akano,0,Tyrone Williams,1,3,1,0,1,1.0,3.0
Essex Rebels,"Kyron Martin, Daniel Johnson-Thompson, Remy Udeh, Miles Brown, Tom Child","Essex Rebels|10,13,14,2,22",13,Daniel Johnson-Thompson,10,Kyron Martin,1,3,1,0,1,1.0,3.0
Essex Rebels,"Kyron Martin, Remy Udeh, Miles Brown, Tom Child, Tyreese Hudson","Essex Rebels|10,14,2,22,9",2,Miles Brown,22,Tom Child,1,3,1,0,1,1.0,3.0
Essex Rebels,"Kyron Martin, Remy Udeh, Miles Brown, Tom Child, Tyreese Hudson","Essex Rebels|10,14,2,22,9",14,Remy Udeh,22,Tom Child,1,3,1,0,1,1.0,3.0
Essex Rebels,"Mou Wol-Cummings, Miles Brown, Anthony Idiata-Mendez, Tom Child, Tyreese Hudson","Essex Rebels|0,2,20,22,9",9,Tyreese Hudson,22,Tom Child,1,3,1,0,1,1.0,3.0
Essex Rebels,"Kyron Martin, Daniel Johnson-Thompson, Remy Udeh, Miles Brown, Tom Child","Essex Rebels|10,13,14,2,22",22,Tom Child,2,Miles Brown,1,3,1,0,1,1.0,3.0
Nottingham Hoods,"Tyrone Williams, Jani Griffith, Byrce Johnson, Sam Akano, Micah Savery-Richards","Nottingham Hoods|0,15,25,7,8",8,Micah Savery-Richards,25,Byrce Johnson,1,3,1,0,1,1.0,3.0
Nottingham Hoods,"Tyrone Williams, Jani Griffith, Byrce Johnson, Sam Akano, Micah Savery-Richards","Nottingham Hoods|0,15,25,7,8",0,Tyrone Williams,7,Sam Akano,1,3,1,0,1,1.0,3.0
Essex Rebels,"Mou Wol-Cummings, Daniel Johnson-Thompson, Miles Brown, Anthony Idiata-Mendez, Tom Child","Essex Rebels|0,13,2,20,22",22,Tom Child,2,Miles Brown,1,3,1,0,1,1.0,3.0
Newcastle Knights,"Bradley Dean, Sam Trunley, Jaron Thames, Hafeez Abdul, Messiah Jones","Newcastle Knights|1,10,11,3,5",1,Bradley Dean,3,Hafeez Abdul,1,3,1,0,1,1.0,3.0
Reading Rockets,"Malik Bryant, Cooper Creek, Jax Bouknight, Eliaz (Zain) Poorman, Simon Chamberlain","Reading Rockets|10,14,4,6,9",9,Simon Chamberlain,4,Jax Bouknight,1,3,1,0,1,1.0,3.0
Newcastle Knights,"Bradley Dean, Sam Trunley, Jaron Thames, Hafeez Abdul, Messiah Jones","Newcastle Knights|1,10,11,3,5",5,Messiah Jones,11,Jaron Thames,1,3,1,0,1,1.0,3.0
Reading Rockets,"Malik Bryant, La'quarne Sayles, Cooper Creek, Jax Bouknight, Simon Chamberlain","Reading Rockets|10,11,14,4,9",10,Malik Bryant,9,Simon Chamberlain,1,3,1,0,1,1.0,3.0
Newcastle Knights,"Bradley Dean, Sam Trunley, Jaron Thames, Hafeez Abdul, Theo Riley","Newcastle Knights|1,10,11,3,9",11,Jaron Thames,1,Bradley Dean,1,3,1,0,1,1.0,3.0
Reading Rockets,"La'quarne Sayles, Cooper Creek, Jax Bouknight, Eliaz (Zain) Poorman, Victor Olarerin","Reading Rockets|11,14,4,6,8",14,Cooper Creek,4,Jax Bouknight,1,3,1,0,1,1.0,3.0
Newcastle Knights,"Bradley Dean, Sam Trunley, Jaron Thames, Hafeez Abdul, Theo Riley","Newcastle Knights|1,10,11,3,9",11,Jaron Thames,10,Sam Trunley,1,3,1,0,1,1.0,3.0
Milton Keynes Breakers,"Ben Baker-Mccann, Luke Gregory, Mike New Jr., Jordan Spencer, Blayne Freckleton","Milton Keynes Breakers|11,13,15,23,7",15,Mike New Jr.,7,Blayne Freckleton,1,3,1,0,1,1.0,3.0
Worthing Thunder,"Danny Evans, Justin Hopkins, Elijah Maynard, Jonathan Lashley, Bode Adeluola","Worthing Thunder|0,15,22,35,5",22,Elijah Maynard,35,Jonathan Lashley,1,3,1,0,1,1.0,3.0
Milton Keynes Breakers,"Dashawn Jackson, Ben Baker-Mccann, Mike New Jr., Xavier Wilson, Blayne Freckleton","Milton Keynes Breakers|1,11,15,21,7",11,Ben Baker-Mccann,15,Mike New Jr.,1,3,1,0,1,1.0,3.0
Worthing Thunder,"Danny Evans, Elijah Maynard, Jonathan Lashley, Bode Adeluola, Elliott Dadds","Worthing Thunder|0,22,35,5,7",0,Danny Evans,22,Elijah Maynard,1,3,1,0,1,1.0,3.0
Milton Keynes Breakers,"Jonas Dietrich, Luke Gregory, Jordan Spencer, Blayne Freckleton, Chase Thompson","Milton Keynes Breakers|12,13,23,7,8",7,Blayne Freckleton,8,Chase Thompson,1,3,1,0,1,1.0,3.0
Milton Keynes Breakers,"Jonas Dietrich, Luke Gregory, Jordan Spencer, Blayne Freckleton, Chase Thompson","Milton Keynes Breakers|12,13,23,7,8",7,Blayne Freckleton,23,Jordan Spencer,1,3,1,0,1,1.0,3.0
Milton Keynes Breakers,"Jonas Dietrich, Xavier Wilson, Jordan Spencer, Blayne Freckleton, Chase Thompson","Milton Keynes Breakers|12,21,23,7,8",21,Xavier Wilson,8,Chase Thompson,1,3,1,0,1,1.0,3.0
Milton Keynes Breakers,"Jonas Dietrich, Mike New Jr., Xavier Wilson, Jordan Spencer, Blayne Freckleton","Milton Keynes Breakers|12,15,21,23,7",7,Blayne Freckleton,12,Jonas Dietrich,1,3,1,0,1,1.0,3.0
Milton Keynes Breakers,"Dashawn Jackson, Ben Baker-Mccann, Mike New Jr., Xavier Wilson, Jordan Spencer","Milton Keynes Breakers|1,11,15,21,23",23,Jordan Spencer,1,Dashawn Jackson,1,3,1,0,1,1.0,3.0
Worthing Thunder,"Danny Evans, Justin Hopkins, Elijah Maynard, Jonathan Lashley, Bode Adeluola","Worthing Thunder|0,15,22,35,5",35,Jonathan Lashley,5,Bode Adeluola,1,3,1,0,1,1.0,3.0
Milton Keynes Breakers,"Dashawn Jackson, Ben Baker-Mccann, Luke Gregory, Mike New Jr., Jordan Spencer","Milton Keynes Breakers|1,11,13,15,23",23,Jordan Spencer,15,Mike New Jr.,1,3,1,0,1,1.0,3.0
Milton Keynes Breakers,"Jonas Dietrich, Mike New Jr., Kalvin Oates, Gabriel Formeloza, Chase Thompson","Milton Keynes Breakers|12,15,5,6,8",6,Gabriel Formeloza,8,Chase Thompson,1,3,1,0,1,1.0,3.0
Newcastle Knights,"Bradley Dean, Jaron Thames, Finn Cork, Hafeez Abdul, Max Matthews","Newcastle Knights|1,11,13,3,8",1,Bradley Dean,11,Jaron Thames,1,3,1,0,1,1.0,3.0
Nottingham Hoods,"Tyrone Williams, Byrce Johnson, Thierry Walker, Latrell Maitland, Micah Savery-Richards","Nottingham Hoods|0,25,4,55,8",0,Tyrone Williams,4,Thierry Walker,1,3,1,0,1,1.0,3.0
Nottingham Hoods,"Tyrone Williams, Byrce Johnson, Thierry Walker, Elliot Bailey, Sam Akano","Nottingham Hoods|0,25,4,6,7",0,Tyrone Williams,7,Sam Akano,1,3,1,0,1,1.0,3.0
Bristol Flyers II,"Roman Price, Jack Craggs, Marvin Dinnall, Giuseppe Landolfi, Thomas Browne","Bristol Flyers II|11,12,5,7,8",5,Marvin Dinnall,12,Jack Craggs,1,3,1,0,1,1.0,3.0
Bristol Flyers II,"Yusuf Hafid, Lanre Ayinla, Reggie Eigbe, Nassim Ladjimi, Ashton Dyer","Bristol Flyers II|0,10,13,24,9",10,Lanre Ayinla,24,Nassim Ladjimi,1,3,1,0,1,1.0,3.0
Bristol Flyers II,"Yusuf Hafid, Lanre Ayinla, Reggie Eigbe, Nassim Ladjimi, Giuseppe Landolfi","Bristol Flyers II|0,10,13,24,7",13,Reggie Eigbe,24,Nassim Ladjimi,1,3,1,0,1,1.0,3.0
Milton Keynes Breakers,"Ben Baker-Mccann, Luke Gregory, Jordan Spencer, Blayne Freckleton, Chase Thompson","Milton Keynes Breakers|11,13,23,7,8",11,Ben Baker-Mccann,23,Jordan Spencer,1,3,1,0,1,1.0,3.0
Milton Keynes Breakers,"Ben Baker-Mccann, Luke Gregory, Jordan Spencer, Blayne Freckleton, Chase Thompson","Milton Keynes Breakers|11,13,23,7,8",7,Blayne Freckleton,8,Chase Thompson,1,3,1,0,1,1.0,3.0
Derby Trailblazers,"Elias Norman, Connor Washington, Jai Pathmarajah, Robert Marsden, Raheem May-Thompson","Derby Trailblazers|12,13,22,30,7",13,Connor Washington,12,Elias Norman,1,3,1,0,1,1.0,3.0
Milton Keynes Breakers,"Ben Baker-Mccann, Mike New Jr., Xavier Wilson, Jordan Spencer, Blayne Freckleton","Milton Keynes Breakers|11,15,21,23,7",11,Ben Baker-Mccann,23,Jordan Spencer,1,3,1,0,1,1.0,3.0
Derby Trailblazers,"Elias Norman, Connor Washington, Jai Pathmarajah, Sean Mo Walker, Raheem May-Thompson","Derby Trailblazers|12,13,22,3,7",12,Elias Norman,7,Raheem May-Thompson,1,3,1,0,1,1.0,3.0
Milton Keynes Breakers,"Dashawn Jackson, Jonas Dietrich, Luke Gregory, Blayne Freckleton, Chase Thompson","Milton Keynes Breakers|1,12,13,7,8",7,Blayne Freckleton,12,Jonas Dietrich,1,3,1,0,1,1.0,3.0
Derby Trailblazers,"Casey Burr, Connor Washington, Jai Pathmarajah, Sean Mo Walker, Raheem May-Thompson","Derby Trailblazers|0,13,22,3,7",7,Raheem May-Thompson,0,Casey Burr,1,3,1,0,1,1.0,3.0
Derby Trailblazers,"Casey Burr, Elias Norman, Connor Washington, Sean Mo Walker, Raheem May-Thompson","Derby Trailblazers|0,12,13,3,7",13,Connor Washington,12,Elias Norman,1,3,1,0,1,1.0,3.0
Milton Keynes Breakers,"Kai Williams, Ben Baker-Mccann, Mike New Jr., Jordan Spencer, Blayne Freckleton","Milton Keynes Breakers|0,11,15,23,7",23,Jordan Spencer,15,Mike New Jr.,1,3,1,0,1,1.0,3.0
Milton Keynes Breakers,"Kai Williams, Jonas Dietrich, Mike New Jr., Jordan Spencer, Blayne Freckleton","Milton Keynes Breakers|0,12,15,23,7",0,Kai Williams,7,Blayne Freckleton,1,3,1,0,1,1.0,3.0
Derby Trailblazers,"Casey Burr, Elias Norman, Connor Washington, Robert Marsden, Raheem May-Thompson","Derby Trailblazers|0,12,13,30,7",13,Connor Washington,0,Casey Burr,1,3,1,0,1,1.0,3.0
Milton Keynes Breakers,"Kai Williams, Jonas Dietrich, Mike New Jr., Jordan Spencer, Blayne Freckleton","Milton Keynes Breakers|0,12,15,23,7",12,Jonas Dietrich,7,Blayne Freckleton,1,3,1,0,1,1.0,3.0
Milton Keynes Breakers,"Kai Williams, Dashawn Jackson, Jonas Dietrich, Mike New Jr., Kalvin Oates","Milton Keynes Breakers|0,1,12,15,5",5,Kalvin Oates,12,Jonas Dietrich,1,3,1,0,1,1.0,3.0
Derby Trailblazers,"Casey Burr, Elias Norman, Connor Washington, Sean Mo Walker, Raheem May-Thompson","Derby Trailblazers|0,12,13,3,7",12,Elias Norman,0,Casey Burr,1,3,1,0,1,1.0,3.0
Milton Keynes Breakers,"Kai Williams, Dashawn Jackson, Ben Baker-Mccann, Mike New Jr., Kalvin Oates","Milton Keynes Breakers|0,1,11,15,5",15,Mike New Jr.,1,Dashawn Jackson,1,3,1,0,1,1.0,3.0
London Cavaliers,"Juan Manning, Joe Richards, Mekhi Collins, Marquel Beasley, Aj Roberts","London Cavaliers|10,11,13,15,4",11,Joe Richards,4,Aj Roberts,1,3,1,0,1,1.0,3.0
London Cavaliers,"Juan Manning, Mekhi Collins, Marquel Beasley, Daniel Braster, Aaron Pyne","London Cavaliers|10,13,15,23,7",10,Juan Manning,15,Marquel Beasley,1,3,1,0,1,1.0,3.0
London Cavaliers,"Juan Manning, Joe Richards, Mekhi Collins, Marquel Beasley, Aj Roberts","London Cavaliers|10,11,13,15,4",10,Juan Manning,4,Aj Roberts,1,3,1,0,1,1.0,3.0
London Cavaliers,"Juan Manning, Joe Richards, Mekhi Collins, Daniel Braster, Aj Roberts","London Cavaliers|10,11,13,23,4",4,Aj Roberts,10,Juan Manning,1,3,1,0,1,1.0,3.0
Loughborough Riders,"Milo Gordon, Jalen Cook, Tomide Akinsuku, Seth Wylie, Oscar Curran","Loughborough Riders|22,31,36,43,6",6,Oscar Curran,43,Seth Wylie,1,3,1,0,1,1.0,3.0
Loughborough Riders,"Milo Gordon, Jalen Cook, Tomide Akinsuku, Seth Wylie, Oscar Curran","Loughborough Riders|22,31,36,43,6",31,Jalen Cook,43,Seth Wylie,1,3,1,0,1,1.0,3.0
Loughborough Riders,"Johde Campbell, Michael Joiner, Milo Gordon, Tomide Akinsuku, Dan Hadley","Loughborough Riders|0,11,22,36,5",36,Tomide Akinsuku,22,Milo Gordon,1,3,1,0,1,1.0,3.0
Loughborough Riders,"Johde Campbell, Ben Woog, Michael Joiner, Seth Wylie, Callum Keys","Loughborough Riders|0,10,11,43,8",0,Johde Campbell,43,Seth Wylie,1,3,1,0,1,1.0,3.0
Loughborough Riders,"Johde Campbell, Ben Woog, Michael Joiner, Liam Campbell, Seth Wylie","Loughborough Riders|0,10,11,4,43",4,Liam Campbell,11,Michael Joiner,1,3,1,0,1,1.0,3.0
Birmingham Rockets,"Orlan Jackman, Larry Duru, Lucas Mcgregor, Faaris Mughaal, Martyn Gayle","Birmingham Rockets|13,16,6,7,8",13,Orlan Jackman,8,Martyn Gayle,1,3,1,0,1,1.0,3.0
Loughborough Riders,"Ben Woog, Michael Joiner, Liam Campbell, Seth Wylie, Dan Hadley","Loughborough Riders|10,11,4,43,5",11,Michael Joiner,4,Liam Campbell,1,3,1,0,1,1.0,3.0
Birmingham Rockets,"Ronald Blain, Orlan Jackman, Eric Donaldson, Lucas Mcgregor, Martyn Gayle","Birmingham Rockets|0,13,3,6,8",0,Ronald Blain,6,Lucas Mcgregor,1,3,1,0,1,1.0,3.0
Bristol Hurricanes,"Daniel Edozie, Elvisi Dusha, Jesse Oyewole, Corey Samuels, Vilmantas Dilys","Bristol Hurricanes|1,12,29,4,55",12,Elvisi Dusha,55,Vilmantas Dilys,1,3,1,0,1,1.0,3.0
Bristol Hurricanes,"Daniel Edozie, Elvisi Dusha, Jesse Oyewole, Corey Samuels, Vilmantas Dilys","Bristol Hurricanes|1,12,29,4,55",12,Elvisi Dusha,29,Jesse Oyewole,1,3,1,0,1,1.0,3.0
Bristol Hurricanes,"Daniel Edozie, Kobe Hill, Jesse Oyewole, Corey Samuels, Vilmantas Dilys","Bristol Hurricanes|1,2,29,4,55",4,Corey Samuels,55,Vilmantas Dilys,1,3,1,0,1,1.0,3.0
Reading Rockets,"La'quarne Sayles, Ty Nsangu, Cooper Creek, Jax Bouknight, Eliaz (Zain) Poorman","Reading Rockets|11,12,14,4,6",11,La'quarne Sayles,4,Jax Bouknight,1,3,1,0,1,1.0,3.0
Reading Rockets,"Ty Nsangu, Malachi Hassan-Taylor, Eliaz (Zain) Poorman, Victor Olarerin, Simon Chamberlain","Reading Rockets|12,5,6,8,9",8,Victor Olarerin,9,Simon Chamberlain,1,3,1,0,1,1.0,3.0
Reading Rockets,"La'quarne Sayles, Ty Nsangu, Jax Bouknight, Eliaz (Zain) Poorman, Victor Olarerin","Reading Rockets|11,12,4,6,8",4,Jax Bouknight,8,Victor Olarerin,1,3,1,0,1,1.0,3.0
Reading Rockets,"Cooper Creek, Jax Bouknight, Malachi Hassan-Taylor, Victor Olarerin, Simon Chamberlain","Reading Rockets|14,4,5,8,9",8,Victor Olarerin,9,Simon Chamberlain,1,3,1,0,1,1.0,3.0
Reading Rockets,"Cooper Creek, James Waterhouse, Jax Bouknight, Victor Olarerin, Simon Chamberlain","Reading Rockets|14,15,4,8,9",15,James Waterhouse,4,Jax Bouknight,1,3,1,0,1,1.0,3.0
Reading Rockets,"Ty Nsangu, Cooper Creek, Jax Bouknight, Victor Olarerin, Simon Chamberlain","Reading Rockets|12,14,4,8,9",8,Victor Olarerin,4,Jax Bouknight,1,3,1,0,1,1.0,3.0
Reading Rockets,"Ty Nsangu, Matthew Daines, Jax Bouknight, Eliaz (Zain) Poorman, Simon Chamberlain","Reading Rockets|12,16,4,6,9",16,Matthew Daines,9,Simon Chamberlain,1,3,1,0,1,1.0,3.0
Reading Rockets,"Ty Nsangu, Matthew Daines, Jax Bouknight, Victor Olarerin, Simon Chamberlain","Reading Rockets|12,16,4,8,9",4,Jax Bouknight,9,Simon Chamberlain,1,3,1,0,1,1.0,3.0
Worthing Thunder,"Matthew Bryan-Amaning, Justin Hopkins, Elijah Maynard, Bode Adeluola, Elliott Dadds","Worthing Thunder|11,15,22,5,7",15,Justin Hopkins,7,Elliott Dadds,1,3,1,0,1,1.0,3.0
Worthing Thunder,"Matthew Bryan-Amaning, Justin Hopkins, Elijah Maynard, Bode Adeluola, Elliott Dadds","Worthing Thunder|11,15,22,5,7",5,Bode Adeluola,7,Elliott Dadds,1,3,1,0,1,1.0,3.0
Hemel Storm,"Darien Nelson-Henry, Kai Walker, Taylor Johnson, Matt Norman, Veron Eze","Hemel Storm|10,11,12,2,21",12,Taylor Johnson,2,Matt Norman,1,3,1,0,1,1.0,3.0
Worthing Thunder,"Danny Evans, Matthew Bryan-Amaning, Justin Hopkins, Bode Adeluola, Elliott Dadds","Worthing Thunder|0,11,15,5,7",0,Danny Evans,7,Elliott Dadds,1,3,1,0,1,1.0,3.0
London Cavaliers,"Juan Manning, Joe Richards, Mekhi Collins, Marquel Beasley, Aj Roberts","London Cavaliers|10,11,13,15,4",15,Marquel Beasley,11,Joe Richards,1,3,1,0,1,1.0,3.0
Reading Rockets,"Malik Bryant, Cooper Creek, Jax Bouknight, Yusef Salih, Simon Chamberlain","Reading Rockets|10,14,4,5,9",5,Yusef Salih,4,Jax Bouknight,1,3,1,0,1,1.0,3.0
Reading Rockets,"Malik Bryant, Cooper Creek, Jax Bouknight, Yusef Salih, Simon Chamberlain","Reading Rockets|10,14,4,5,9",10,Malik Bryant,4,Jax Bouknight,1,3,1,0,1,1.0,3.0
London Cavaliers,"Juan Manning, Joe Richards, Darren Ainembabazi, Aj Roberts, Aaron Pyne","London Cavaliers|10,11,3,4,7",4,Aj Roberts,10,Juan Manning,1,3,1,0,1,1.0,3.0
London Cavaliers,"Juan Manning, Joe Richards, Darren Ainembabazi, Aj Roberts, Aaron Pyne","London Cavaliers|10,11,3,4,7",4,Aj Roberts,7,Aaron Pyne,1,3,1,0,1,1.0,3.0
Reading Rockets,"Malik Bryant, Jax Bouknight, Yusef Salih, Eliaz (Zain) Poorman, Simon Chamberlain","Reading Rockets|10,4,5,6,9",10,Malik Bryant,4,Jax Bouknight,1,3,1,0,1,1.0,3.0
Nottingham Hoods,"Tyrone Williams, Jani Griffith, Donell Nixon Ii, Elliot Bailey, Sam Akano","Nottingham Hoods|1,15,24,6,7",24,Donell Nixon Ii,6,Elliot Bailey,1,3,1,0,1,1.0,3.0
Nottingham Hoods,"Tyrone Williams, Byrce Johnson, Donell Nixon Ii, Elliot Bailey, Sam Akano","Nottingham Hoods|1,21,24,6,7",7,Sam Akano,6,Elliot Bailey,1,3,1,0,1,1.0,3.0
Bristol Flyers II,"Luka Matthews, Ebuka Ekwegh, Reggie Eigbe, Anthony Bhebhe, Thomas Browne","Bristol Flyers II|10,13,15,4,7",7,Thomas Browne,13,Ebuka Ekwegh,1,3,1,0,1,1.0,3.0
Nottingham Hoods,"Tyrone Williams, Jani Griffith, Donell Nixon Ii, Elliot Bailey, Sam Akano","Nottingham Hoods|1,15,24,6,7",6,Elliot Bailey,1,Tyrone Williams,1,3,1,0,1,1.0,3.0
Bristol Flyers II,"Roman Price, Lanre Ayinla, Yusuf Hafid, Thomas Browne, Nassim Ladjimi","Bristol Flyers II|11,14,5,7,8",7,Thomas Browne,8,Nassim Ladjimi,1,3,1,0,1,1.0,3.0
Nottingham Hoods,"Tyrone Williams, Micah Savery-Richards, Byrce Johnson, Donell Nixon Ii, Thierry Walker","Nottingham Hoods|1,14,21,24,4",4,Thierry Walker,24,Donell Nixon Ii,1,3,1,0,1,1.0,3.0
Nottingham Hoods,"Byrce Johnson, Latrell Maitland, Thierry Walker, Aaron Sandu-Nelson, Sam Akano","Nottingham Hoods|21,23,4,5,7",7,Sam Akano,4,Thierry Walker,1,3,1,0,1,1.0,3.0
Bristol Flyers II,"Luka Matthews, Zak Riabi, Ebuka Ekwegh, Reggie Eigbe, Anthony Bhebhe","Bristol Flyers II|10,12,13,15,4",4,Anthony Bhebhe,13,Ebuka Ekwegh,1,3,1,0,1,1.0,3.0
Bristol Flyers II,"Luka Matthews, Zak Riabi, Ebuka Ekwegh, Reggie Eigbe, Yusuf Hafid","Bristol Flyers II|10,12,13,15,5",15,Reggie Eigbe,12,Zak Riabi,1,3,1,0,1,1.0,3.0
Bristol Flyers II,"Luka Matthews, Zak Riabi, Ebuka Ekwegh, Reggie Eigbe, Yusuf Hafid","Bristol Flyers II|10,12,13,15,5",13,Ebuka Ekwegh,5,Yusuf Hafid,1,3,1,0,1,1.0,3.0
Milton Keynes Breakers,"Dashawn Jackson, Luke Gregory, Jordan Spencer, Blayne Freckleton, Chase Thompson","Milton Keynes Breakers|1,13,23,7,8",13,Luke Gregory,23,Jordan Spencer,1,3,1,0,1,1.0,3.0
Hemel Storm,"Taylor Johnson, Matt Norman, Veron Eze, Brayden Inger, Sam Newman","Hemel Storm|12,2,21,3,4",4,Sam Newman,12,Taylor Johnson,1,3,1,0,1,1.0,3.0
Milton Keynes Breakers,"Dashawn Jackson, Luke Gregory, Mike New Jr., Jordan Spencer, Blayne Freckleton","Milton Keynes Breakers|1,13,15,23,7",15,Mike New Jr.,7,Blayne Freckleton,1,3,1,0,1,1.0,3.0
Milton Keynes Breakers,"Jonas Dietrich, Mike New Jr., Jordan Spencer, Blayne Freckleton, Chase Thompson","Milton Keynes Breakers|12,15,23,7,8",8,Chase Thompson,7,Blayne Freckleton,1,3,1,0,1,1.0,3.0
Milton Keynes Breakers,"Kai Williams, Ben Baker-Mccann, Jonas Dietrich, Jordan Spencer, Chase Thompson","Milton Keynes Breakers|0,11,12,23,8",11,Ben Baker-Mccann,0,Kai Williams,1,3,1,0,1,1.0,3.0
Hemel Storm,"Darien Nelson-Henry, Taylor Johnson, Matt Norman, Brayden Inger, Sam Newman","Hemel Storm|10,12,2,3,4",12,Taylor Johnson,2,Matt Norman,1,3,1,0,1,1.0,3.0
Milton Keynes Breakers,"Kai Williams, Dashawn Jackson, Jordan Spencer, Blayne Freckleton, Chase Thompson","Milton Keynes Breakers|0,1,23,7,8",23,Jordan Spencer,8,Chase Thompson,1,3,1,0,1,1.0,3.0
Worthing Thunder,"Matthew Bryan-Amaning, Justin Hopkins, Elijah Maynard, Bode Adeluola, Elliott Dadds","Worthing Thunder|11,15,22,5,7",22,Elijah Maynard,7,Elliott Dadds,1,3,1,0,1,1.0,3.0
Derby Trailblazers,"Connor Washington, Jai Pathmarajah, Robert Marsden, Raheem May-Thompson, Malcolm Smith","Derby Trailblazers|13,22,30,7,9",9,Malcolm Smith,7,Raheem May-Thompson,1,3,1,0,1,1.0,3.0
Birmingham Rockets,"Ronald Blain, Orlan Jackman, Zack Powell, Eric Donaldson, Faaris Mughaal","Birmingham Rockets|0,13,14,3,7",14,Zack Powell,13,Orlan Jackman,1,3,1,0,1,1.0,3.0
Essex Rebels,"Kyron Martin, Remy Udeh, Miles Brown, Tom Child, Tyreese Hudson","Essex Rebels|10,14,2,22,9",14,Remy Udeh,2,Miles Brown,1,3,1,0,1,1.0,3.0
Yorkshire Dragons,"Jordan Whelan, Logan Rooney, J. Melke, Corey Johnson, Nick Lewis","Yorkshire Dragons|23,3,5,9,93",93,Nick Lewis,5,J. Melke,1,3,1,0,1,1.0,3.0
Essex Rebels,"Kyron Martin, Daniel Johnson-Thompson, Miles Brown, Anthony Idiata-Mendez, Tom Child","Essex Rebels|10,13,2,20,22",20,Anthony Idiata-Mendez,22,Tom Child,1,3,1,0,1,1.0,3.0
Essex Rebels,"Kyron Martin, Daniel Johnson-Thompson, Miles Brown, Anthony Idiata-Mendez, Tom Child","Essex Rebels|10,13,2,20,22",2,Miles Brown,22,Tom Child,1,3,1,0,1,1.0,3.0
Yorkshire Dragons,"R. Ani, J. Melke, Andreas Lycoudis, Corey Johnson, Nick Lewis","Yorkshire Dragons|1,5,7,9,93",9,Corey Johnson,1,R. Ani,1,3,1,0,1,1.0,3.0
Essex Rebels,"Michael Amako, Kyron Martin, Anthony Idiata-Mendez, Tom Child, Tyreese Hudson","Essex Rebels|1,10,20,22,9",22,Tom Child,20,Anthony Idiata-Mendez,1,3,1,0,1,1.0,3.0
Yorkshire Dragons,"Jordan Whelan, Logan Rooney, J. Melke, Corey Johnson, Nick Lewis","Yorkshire Dragons|23,3,5,9,93",23,Jordan Whelan,5,J. Melke,1,3,1,0,1,1.0,3.0
Yorkshire Dragons,"R. Ani, Jordan Whelan, Logan Rooney, Corey Johnson, Nick Lewis","Yorkshire Dragons|1,23,3,9,93",3,Logan Rooney,9,Corey Johnson,1,3,1,0,1,1.0,3.0
Yorkshire Dragons,"R. Ani, Jordan Whelan, Andreas Lycoudis, Corey Johnson, Nick Lewis","Yorkshire Dragons|1,23,7,9,93",93,Nick Lewis,9,Corey Johnson,1,3,1,0,1,1.0,3.0
Essex Rebels,"Michael Amako, Daniel Johnson-Thompson, Miles Brown, Anthony Idiata-Mendez, Tom Child","Essex Rebels|1,13,2,20,22",20,Anthony Idiata-Mendez,22,Tom Child,1,3,1,0,1,1.0,3.0
Essex Rebels,"Michael Amako, Remy Udeh, Miles Brown, Anthony Idiata-Mendez, Tom Child","Essex Rebels|1,14,2,20,22",2,Miles Brown,22,Tom Child,1,3,1,0,1,1.0,3.0
Bristol Hurricanes,"Daniel Edozie, Denzel Ubiaro, Corey Samuels, Vilmantas Dilys, Chris Taylor","Bristol Hurricanes|1,31,4,55,9",4,Corey Samuels,9,Chris Taylor,1,3,1,0,1,1.0,3.0
Newcastle Knights,"Bradley Dean, Jaron Thames, Mekhi Hendry, Hafeez Abdul, Messiah Jones","Newcastle Knights|1,11,2,3,5",11,Jaron Thames,1,Bradley Dean,1,3,1,0,1,1.0,3.0
Bristol Hurricanes,"Daniel Edozie, David Forsyth, Denzel Ubiaro, Corey Samuels, Chris Taylor","Bristol Hurricanes|1,11,31,4,9",31,Denzel Ubiaro,4,Corey Samuels,1,3,1,0,1,1.0,3.0
Newcastle Knights,"Bradley Dean, Sam Trunley, Jaron Thames, Hafeez Abdul, Messiah Jones","Newcastle Knights|1,10,11,3,5",3,Hafeez Abdul,10,Sam Trunley,1,3,1,0,1,1.0,3.0
Bristol Hurricanes,"Daniel Edozie, Denzel Ubiaro, Corey Samuels, Vilmantas Dilys, Chris Taylor","Bristol Hurricanes|1,31,4,55,9",31,Denzel Ubiaro,9,Chris Taylor,1,3,1,0,1,1.0,3.0
Newcastle Knights,"Bradley Dean, Sam Trunley, Jaron Thames, Finn Cork, Hafeez Abdul","Newcastle Knights|1,10,11,13,3",10,Sam Trunley,11,Jaron Thames,1,3,1,0,1,1.0,3.0
Newcastle Knights,"Bradley Dean, Sam Trunley, Finn Cork, Mekhi Hendry, Hafeez Abdul","Newcastle Knights|1,10,13,2,3",13,Finn Cork,10,Sam Trunley,1,3,1,0,1,1.0,3.0
Bristol Hurricanes,"Daniel Edozie, Denzel Ubiaro, Corey Samuels, Vilmantas Dilys, Chris Taylor","Bristol Hurricanes|1,31,4,55,9",1,Daniel Edozie,55,Vilmantas Dilys,1,3,1,0,1,1.0,3.0
Loughborough Riders,"Johde Campbell, Ben Woog, Michael Joiner, Panos Karras, Milo Wallace","Loughborough Riders|0,10,11,15,22",10,Ben Woog,0,Johde Campbell,1,3,1,0,1,1.0,3.0
Loughborough Riders,"Johde Campbell, Ben Woog, Michael Joiner, Panos Karras, Milo Wallace","Loughborough Riders|0,10,11,15,22",22,Milo Wallace,0,Johde Campbell,1,3,1,0,1,1.0,3.0
Reading Rockets,"Malik Bryant, Cooper Creek, Jax Bouknight, Yusef Salih, Victor Olarerin","Reading Rockets|10,14,4,5,8",4,Jax Bouknight,14,Cooper Creek,1,3,1,0,1,1.0,3.0
Loughborough Riders,"Johde Campbell, Ben Woog, Cameron Nyarko, Seth Wylie, Dan Hadley","Loughborough Riders|0,10,3,43,5",0,Johde Campbell,3,Cameron Nyarko,1,3,1,0,1,1.0,3.0
Loughborough Riders,"Johde Campbell, Ben Woog, Michael Joiner, Cameron Nyarko, Dan Hadley","Loughborough Riders|0,10,11,3,5",5,Dan Hadley,11,Michael Joiner,1,3,1,0,1,1.0,3.0
Reading Rockets,"Cooper Creek, Jax Bouknight, Yusef Salih, Eliaz (Zain) Poorman, Victor Olarerin","Reading Rockets|14,4,5,6,8",6,Eliaz (Zain) Poorman,8,Victor Olarerin,1,3,1,0,1,1.0,3.0
Yorkshire Dragons,"R. Ani, David Ulph, Jordan Whelan, Jack Melke, Corey Johnson","Yorkshire Dragons|1,10,23,5,9",5,Jack Melke,9,Corey Johnson,1,3,1,0,1,1.0,3.0
Yorkshire Dragons,"David Ulph, Logan Rooney, Jack Melke, Andreas Lycoudis, Corey Johnson","Yorkshire Dragons|10,3,5,7,9",7,Andreas Lycoudis,5,Jack Melke,1,3,1,0,1,1.0,3.0
Yorkshire Dragons,"David Ulph, Eddie Brownell, Jordan Whelan, Jack Melke, Corey Johnson","Yorkshire Dragons|10,2,23,5,9",9,Corey Johnson,2,Eddie Brownell,1,3,1,0,1,1.0,3.0
Milton Keynes Breakers,"Ben Baker-Mccann, Jonas Dietrich, Xavier Wilson, Jordan Spencer, Chase Thompson","Milton Keynes Breakers|11,12,21,23,8",12,Jonas Dietrich,23,Jordan Spencer,1,3,1,0,1,1.0,3.0
Milton Keynes Breakers,"Ben Baker-Mccann, Jonas Dietrich, Xavier Wilson, Jordan Spencer, Chase Thompson","Milton Keynes Breakers|11,12,21,23,8",23,Jordan Spencer,12,Jonas Dietrich,1,3,1,0,1,1.0,3.0
Nottingham Hoods,"Micah Savery-Richards, Byrce Johnson, Donell Nixon Ii, Aaron Sandu-Nelson, Elliot Bailey","Nottingham Hoods|14,21,24,5,6",14,Micah Savery-Richards,24,Donell Nixon Ii,1,3,1,0,1,1.0,3.0
Bristol Flyers II,"Lanre Ayinla, Reggie Eigbe, Nikolas Sagkovits, Anthony Bhebhe, Giuseppe Landolfi","Bristol Flyers II|10,13,21,4,7",4,Anthony Bhebhe,7,Giuseppe Landolfi,1,3,1,0,1,1.0,3.0
Bristol Flyers II,"Lanre Ayinla, Roman Price, Reggie Eigbe, Anthony Bhebhe, Giuseppe Landolfi","Bristol Flyers II|10,11,13,4,7",10,Lanre Ayinla,7,Giuseppe Landolfi,1,3,1,0,1,1.0,3.0
Nottingham Hoods,"Micah Savery-Richards, Byrce Johnson, Donell Nixon Ii, Aaron Sandu-Nelson, Elliot Bailey","Nottingham Hoods|14,21,24,5,6",24,Donell Nixon Ii,5,Aaron Sandu-Nelson,1,3,1,0,1,1.0,3.0
Nottingham Hoods,"Micah Savery-Richards, Jani Griffith, Byrce Johnson, Donell Nixon Ii, Aaron Sandu-Nelson","Nottingham Hoods|14,15,21,24,5",24,Donell Nixon Ii,5,Aaron Sandu-Nelson,1,3,1,0,1,1.0,3.0
Bristol Flyers II,"Lanre Ayinla, Roman Price, Nassim Ladjimi, Anthony Bhebhe, Giuseppe Landolfi","Bristol Flyers II|10,11,24,4,7",7,Giuseppe Landolfi,24,Nassim Ladjimi,1,3,1,0,1,1.0,3.0
Nottingham Hoods,"Tyrone Williams, Jani Griffith, Byrce Johnson, Donell Nixon Ii, Aaron Sandu-Nelson","Nottingham Hoods|1,15,21,24,5",24,Donell Nixon Ii,5,Aaron Sandu-Nelson,1,3,1,0,1,1.0,3.0
Nottingham Hoods,"Tyrone Williams, Micah Savery-Richards, Jani Griffith, Donell Nixon Ii, Thierry Walker","Nottingham Hoods|1,14,15,24,4",24,Donell Nixon Ii,1,Tyrone Williams,1,3,1,0,1,1.0,3.0
Hemel Storm,"Darien Nelson-Henry, Kai Walker, Taylor Johnson, Matt Norman, Sam Newman","Hemel Storm|10,11,12,2,4",11,Kai Walker,2,Matt Norman,1,3,1,0,1,1.0,3.0
London Cavaliers,"Juan Manning, Joe Richards, Mekhi Collins, Darren Ainembabazi, Aj Roberts","London Cavaliers|10,11,13,3,4",10,Juan Manning,4,Aj Roberts,1,3,1,0,1,1.0,3.0
Hemel Storm,"Taylor Johnson, Matt Norman, Veron Eze, Di-Jani Parkinson, Brayden Inger","Hemel Storm|12,2,21,23,3",12,Taylor Johnson,2,Matt Norman,1,3,1,0,1,1.0,3.0
Hemel Storm,"Darien Nelson-Henry, Veron Eze, Di-Jani Parkinson, Brayden Inger, Sam Newman","Hemel Storm|10,21,23,3,4",21,Veron Eze,3,Brayden Inger,1,3,1,0,1,1.0,3.0
London Cavaliers,"Juan Manning, Marquel Beasley, Daniel Braster, Darren Ainembabazi, Aj Roberts","London Cavaliers|10,15,23,3,4",15,Marquel Beasley,4,Aj Roberts,1,3,1,0,1,1.0,3.0
Hemel Storm,"Darien Nelson-Henry, Kai Walker, Taylor Johnson, Matt Norman, Sam Newman","Hemel Storm|10,11,12,2,4",2,Matt Norman,4,Sam Newman,1,3,1,0,1,1.0,3.0
London Cavaliers,"Joe Richards, Daniel Delsol Lowry, Daniel Braster, Darren Ainembabazi, Aj Roberts","London Cavaliers|11,21,23,3,4",23,Daniel Braster,4,Aj Roberts,1,3,1,0,1,1.0,3.0
Hemel Storm,"Taylor Johnson, Veron Eze, Di-Jani Parkinson, Brayden Inger, Sam Newman","Hemel Storm|12,21,23,3,4",12,Taylor Johnson,3,Brayden Inger,1,3,1,0,1,1.0,3.0
Hemel Storm,"Taylor Johnson, Veron Eze, Di-Jani Parkinson, Brayden Inger, Sam Newman","Hemel Storm|12,21,23,3,4",21,Veron Eze,3,Brayden Inger,1,3,1,0,1,1.0,3.0
Essex Rebels,"Kyron Martin, Remy Udeh, Miles Brown, Tom Child, Harry Gent","Essex Rebels|10,14,2,22,36",22,Tom Child,10,Kyron Martin,1,3,1,0,1,1.0,3.0
Essex Rebels,"Michael Amako, Daniel Johnson-Thompson, Miles Brown, Anthony Idiata-Mendez, Tom Child","Essex Rebels|1,13,2,20,22",13,Daniel Johnson-Thompson,22,Tom Child,1,3,1,0,1,1.0,3.0
Derby Trailblazers,"Connor Washington, Jai Pathmarajah, Sean Mo Walker, Raheem May-Thompson, Malcolm Smith","Derby Trailblazers|13,22,3,7,9",22,Jai Pathmarajah,13,Connor Washington,1,3,1,0,1,1.0,3.0
Derby Trailblazers,"Casey Burr, Connor Washington, Jai Pathmarajah, Robert Marsden, Malcolm Smith","Derby Trailblazers|0,13,22,30,9",0,Casey Burr,13,Connor Washington,1,3,1,0,1,1.0,3.0
Essex Rebels,"Michael Amako, Kyron Martin, Miles Brown, Tom Child, Tyreese Hudson","Essex Rebels|1,10,2,22,9",22,Tom Child,10,Kyron Martin,1,3,1,0,1,1.0,3.0
Derby Trailblazers,"Casey Burr, Connor Washington, Jai Pathmarajah, Sean Mo Walker, Malcolm Smith","Derby Trailblazers|0,13,22,3,9",22,Jai Pathmarajah,13,Connor Washington,1,3,1,0,1,1.0,3.0
Derby Trailblazers,"Casey Burr, Connor Washington, Jai Pathmarajah, Robert Marsden, Malcolm Smith","Derby Trailblazers|0,13,22,30,9",9,Malcolm Smith,0,Casey Burr,1,3,1,0,1,1.0,3.0
Essex Rebels,"Mou Wol-Cummings, Michael Amako, Daniel Johnson-Thompson, Anthony Idiata-Mendez, Tom Child","Essex Rebels|0,1,13,20,22",13,Daniel Johnson-Thompson,22,Tom Child,1,3,1,0,1,1.0,3.0
Essex Rebels,"Mou Wol-Cummings, Michael Amako, Daniel Johnson-Thompson, Anthony Idiata-Mendez, Tom Child","Essex Rebels|0,1,13,20,22",1,Michael Amako,13,Daniel Johnson-Thompson,1,3,1,0,1,1.0,3.0
Derby Trailblazers,"Elias Norman, Connor Washington, Jai Pathmarajah, Robert Marsden, Malcolm Smith","Derby Trailblazers|12,13,22,30,9",13,Connor Washington,22,Jai Pathmarajah,1,3,1,0,1,1.0,3.0
Derby Trailblazers,"Elias Norman, Connor Washington, Elliot Lawrence, Jai Pathmarajah, Malcolm Smith","Derby Trailblazers|12,13,14,22,9",14,Elliot Lawrence,12,Elias Norman,1,3,1,0,1,1.0,3.0
Derby Trailblazers,"Casey Burr, Elias Norman, Elliot Lawrence, Jai Pathmarajah, Robert Marsden","Derby Trailblazers|0,12,14,22,30",30,Robert Marsden,0,Casey Burr,1,3,1,0,1,1.0,3.0
Derby Trailblazers,"Casey Burr, Elias Norman, Elliot Lawrence, Robert Marsden, Jack Lemon","Derby Trailblazers|0,12,14,30,6",12,Elias Norman,0,Casey Burr,1,3,1,0,1,1.0,3.0
Birmingham Rockets,"Ronald Blain, Zack Powell, Eric Donaldson, Faaris Mughaal, Martyn Gayle","Birmingham Rockets|0,14,3,7,8",7,Faaris Mughaal,3,Eric Donaldson,1,3,1,0,1,1.0,3.0
Birmingham Rockets,"Ronald Blain, Orlan Jackman, Zack Powell, Eric Donaldson, Martyn Gayle","Birmingham Rockets|0,13,14,3,8",14,Zack Powell,8,Martyn Gayle,1,3,1,0,1,1.0,3.0
Birmingham Rockets,"Ronald Blain, Orlan Jackman, Larry Duru, Lucas Mcgregor, Faaris Mughaal","Birmingham Rockets|0,13,16,6,7",0,Ronald Blain,7,Faaris Mughaal,1,3,1,0,1,1.0,3.0
Birmingham Rockets,"Tom Grayling, Larry Duru, Eric Donaldson, Lucas Mcgregor, Faaris Mughaal","Birmingham Rockets|12,16,3,6,7",16,Larry Duru,7,Faaris Mughaal,1,3,1,0,1,1.0,3.0
Birmingham Rockets,"Philip Basioudis, Tom Grayling, Luke Okosieme, Adrian Mutothori, Martyn Gayle","Birmingham Rockets|1,12,21,5,8",1,Philip Basioudis,5,Adrian Mutothori,1,3,1,0,1,1.0,3.0
Derby Trailblazers,"Connor Washington, Jai Pathmarajah, Robert Marsden, Raheem May-Thompson, Malcolm Smith","Derby Trailblazers|13,22,30,7,9",30,Robert Marsden,7,Raheem May-Thompson,1,3,1,0,1,1.0,3.0
Derby Trailblazers,"Jai Pathmarajah, Sean Mo Walker, Charlie Brown, Raheem May-Thompson, Malcolm Smith","Derby Trailblazers|22,3,4,7,9",22,Jai Pathmarajah,7,Raheem May-Thompson,1,3,1,0,1,1.0,3.0
Derby Trailblazers,"Jai Pathmarajah, Sean Mo Walker, Charlie Brown, Raheem May-Thompson, Malcolm Smith","Derby Trailblazers|22,3,4,7,9",4,Charlie Brown,7,Raheem May-Thompson,1,3,1,0,1,1.0,3.0
Loughborough Riders,"Johde Campbell, Michael Joiner, Milo Wallace, Jalen Cook, Tomide Akinsuku","Loughborough Riders|0,11,22,31,36",22,Milo Wallace,31,Jalen Cook,1,3,1,0,1,1.0,3.0
Milton Keynes Breakers,"Dashawn Jackson, Jonas Dietrich, Luke Gregory, Xavier Wilson, Jordan Spencer","Milton Keynes Breakers|1,12,13,21,23",13,Luke Gregory,23,Jordan Spencer,1,3,1,0,1,1.0,3.0
Loughborough Riders,"Johde Campbell, Ben Woog, Seth Wylie, Oscar Curran, Callum Keys","Loughborough Riders|0,10,43,6,8",8,Callum Keys,6,Oscar Curran,1,3,1,0,1,1.0,3.0
Loughborough Riders,"Johde Campbell, Ben Woog, Liam Campbell, Seth Wylie, Callum Keys","Loughborough Riders|0,10,4,43,8",10,Ben Woog,0,Johde Campbell,1,3,1,0,1,1.0,3.0
Loughborough Riders,"Johde Campbell, Michael Joiner, Milo Wallace, Tomide Akinsuku, Dan Hadley","Loughborough Riders|0,11,22,36,5",5,Dan Hadley,0,Johde Campbell,1,3,1,0,1,1.0,3.0
Loughborough Riders,"Johde Campbell, Michael Joiner, Milo Wallace, Jalen Cook, Tomide Akinsuku","Loughborough Riders|0,11,22,31,36",36,Tomide Akinsuku,22,Milo Wallace,1,3,1,0,1,1.0,3.0
Loughborough Riders,"Johde Campbell, Ben Woog, Milo Wallace, Jalen Cook, Liam Campbell","Loughborough Riders|0,10,22,31,4",10,Ben Woog,0,Johde Campbell,1,3,1,0,1,1.0,3.0
Loughborough Riders,"Johde Campbell, Ben Woog, Michael Joiner, Seth Wylie, Callum Keys","Loughborough Riders|0,10,11,43,8",0,Johde Campbell,11,Michael Joiner,1,3,1,0,1,1.0,3.0
Milton Keynes Breakers,"Ben Baker-Mccann, Luke Gregory, Xavier Wilson, Jordan Spencer, Blayne Freckleton","Milton Keynes Breakers|11,13,21,23,7",13,Luke Gregory,23,Jordan Spencer,1,3,1,0,1,1.0,3.0
Loughborough Riders,"Johde Campbell, Ben Woog, Michael Joiner, Milo Wallace, Cameron Nyarko","Loughborough Riders|0,10,11,22,3",22,Milo Wallace,3,Cameron Nyarko,1,3,1,0,1,1.0,3.0
Milton Keynes Breakers,"Dashawn Jackson, Ben Baker-Mccann, Mike New Jr., Jordan Spencer, Chase Thompson","Milton Keynes Breakers|1,11,15,23,8",23,Jordan Spencer,15,Mike New Jr.,1,3,1,0,1,1.0,3.0
Milton Keynes Breakers,"Dashawn Jackson, Ben Baker-Mccann, Mike New Jr., Jordan Spencer, Chase Thompson","Milton Keynes Breakers|1,11,15,23,8",8,Chase Thompson,1,Dashawn Jackson,1,3,1,0,1,1.0,3.0
Milton Keynes Breakers,"Dashawn Jackson, Ben Baker-Mccann, Mike New Jr., Kalvin Oates, Gabriel Formeloza","Milton Keynes Breakers|1,11,15,5,6",15,Mike New Jr.,1,Dashawn Jackson,1,3,1,0,1,1.0,3.0
Yorkshire Dragons,"Paul Tew, Logan Rooney, Jack Melke, Andreas Lycoudis, Corey Johnson","Yorkshire Dragons|14,3,5,7,9",14,Paul Tew,3,Logan Rooney,1,3,1,0,1,1.0,3.0
Yorkshire Dragons,"Jordan Whelan, Logan Rooney, Jack Melke, Andreas Lycoudis, Corey Johnson","Yorkshire Dragons|23,3,5,7,9",5,Jack Melke,9,Corey Johnson,1,3,1,0,1,1.0,3.0
Yorkshire Dragons,"Paul Tew, Jordan Whelan, Logan Rooney, Jack Melke, Andreas Lycoudis","Yorkshire Dragons|14,23,3,5,7",14,Paul Tew,5,Jack Melke,1,3,1,0,1,1.0,3.0
Yorkshire Dragons,"Paul Tew, Jordan Whelan, Logan Rooney, Jack Melke, Andreas Lycoudis","Yorkshire Dragons|14,23,3,5,7",7,Andreas Lycoudis,5,Jack Melke,1,3,1,0,1,1.0,3.0
Yorkshire Dragons,"Paul Tew, Jordan Whelan, Jack Melke, Andreas Lycoudis, Corey Johnson","Yorkshire Dragons|14,23,5,7,9",7,Andreas Lycoudis,9,Corey Johnson,1,3,1,0,1,1.0,3.0
Yorkshire Dragons,"Paul Tew, Logan Rooney, Jack Melke, Andreas Lycoudis, Corey Johnson","Yorkshire Dragons|14,3,5,7,9",9,Corey Johnson,3,Logan Rooney,1,3,1,0,1,1.0,3.0
Bristol Hurricanes,"David Forsyth, Elvisi Dusha, Jules Dang-Okodo, Denzel Ubiaro, Vilmantas Dilys","Bristol Hurricanes|11,12,23,31,55",31,Denzel Ubiaro,12,Elvisi Dusha,1,3,1,0,1,1.0,3.0
Yorkshire Dragons,"Paul Tew, Logan Rooney, Jack Melke, Andreas Lycoudis, Corey Johnson","Yorkshire Dragons|14,3,5,7,9",7,Andreas Lycoudis,9,Corey Johnson,1,3,1,0,1,1.0,3.0
Bristol Hurricanes,"Elvisi Dusha, Kobe Hill, Denzel Ubiaro, Vilmantas Dilys","Bristol Hurricanes|12,2,31,55",31,Denzel Ubiaro,2,Kobe Hill,1,3,1,0,1,1.0,3.0
Bristol Hurricanes,"Elvisi Dusha, Kobe Hill, Denzel Ubiaro, Vilmantas Dilys","Bristol Hurricanes|12,2,31,55",12,Elvisi Dusha,9,Chris Taylor,1,3,1,0,1,1.0,3.0
Newcastle Knights,"Bradley Dean, Sam Trunley, Jaron Thames, Mekhi Hendry, Messiah Jones","Newcastle Knights|1,10,11,2,5",11,Jaron Thames,10,Sam Trunley,1,3,1,0,1,1.0,3.0
Newcastle Knights,"Bradley Dean, Jaron Thames, Mekhi Hendry, Messiah Jones, Max Matthews","Newcastle Knights|1,11,2,5,8",1,Bradley Dean,8,Max Matthews,1,3,1,0,1,1.0,3.0
Newcastle Knights,"Bradley Dean, Sam Trunley, Jaron Thames, Max Matthews, Theo Riley","Newcastle Knights|1,10,11,8,9",9,Theo Riley,11,Jaron Thames,1,3,1,0,1,1.0,3.0
Newcastle Knights,"Bradley Dean, Sam Trunley, Jaron Thames, Scott Angus, Max Matthews","Newcastle Knights|1,10,11,7,8",10,Sam Trunley,8,Max Matthews,1,3,1,0,1,1.0,3.0
Newcastle Knights,"Sam Trunley, Jaron Thames, Mekhi Hendry, Scott Angus, Max Matthews","Newcastle Knights|10,11,2,7,8",11,Jaron Thames,10,Sam Trunley,1,3,1,0,1,1.0,3.0
London Cavaliers,"Juan Manning, Joe Richards, Daniel Delsol-Lowry, Daniel Braster, Aj Roberts","London Cavaliers|10,11,21,23,4",23,Daniel Braster,10,Juan Manning,1,3,1,0,1,1.0,3.0
London Cavaliers,"Juan Manning, Joe Richards, Daniel Delsol-Lowry, Daniel Braster, Aj Roberts","London Cavaliers|10,11,21,23,4",21,Daniel Delsol-Lowry,10,Juan Manning,1,3,1,0,1,1.0,3.0
London Cavaliers,"Juan Manning, Joe Richards, Daniel Delsol-Lowry, Daniel Braster, Aj Roberts","London Cavaliers|10,11,21,23,4",4,Aj Roberts,10,Juan Manning,1,3,1,0,1,1.0,3.0
Bristol Flyers II,"Yusuf Hafid, Roman Price, Nassim Ladjimi, Thomas Browne, Ebuka Ekwegh","Bristol Flyers II|0,11,24,8,9",9,Ebuka Ekwegh,24,Nassim Ladjimi,1,3,1,0,1,1.0,3.0
Birmingham Rockets,"Ronald Blain, Luke Okosieme, Eric Donaldson, Lucas Mcgregor, Faaris Mughaal","Birmingham Rockets|0,21,3,6,7",21,Luke Okosieme,6,Lucas Mcgregor,1,3,1,0,1,1.0,3.0
Bristol Flyers II,"Lanre Ayinla, Roman Price, Nassim Ladjimi, Anthony Bhebhe, Wickens Simba","Bristol Flyers II|10,11,24,4,6",24,Nassim Ladjimi,4,Anthony Bhebhe,1,3,1,0,1,1.0,3.0
Birmingham Rockets,"Orlan Jackman, Zack Powell, Lucas Mcgregor, Faaris Mughaal, Martyn Gayle","Birmingham Rockets|13,14,6,7,8",8,Martyn Gayle,13,Orlan Jackman,1,3,1,0,1,1.0,3.0
Birmingham Rockets,"Orlan Jackman, Zack Powell, Lucas Mcgregor, Faaris Mughaal, Martyn Gayle","Birmingham Rockets|13,14,6,7,8",6,Lucas Mcgregor,14,Zack Powell,1,3,1,0,1,1.0,3.0
Birmingham Rockets,"Ronald Blain, Orlan Jackman, Eric Donaldson, Lucas Mcgregor, Martyn Gayle","Birmingham Rockets|0,13,3,6,8",6,Lucas Mcgregor,8,Martyn Gayle,1,3,1,0,1,1.0,3.0
Birmingham Rockets,"Ronald Blain, Orlan Jackman, Eric Donaldson, Lucas Mcgregor, Martyn Gayle","Birmingham Rockets|0,13,3,6,8",0,Ronald Blain,3,Eric Donaldson,1,3,1,0,1,1.0,3.0
Bristol Flyers II,"Yusuf Hafid, Jack Craggs, Nikolas Sagkovits, Nassim Ladjimi, Ebuka Ekwegh","Bristol Flyers II|0,12,21,24,9",0,Yusuf Hafid,24,Nassim Ladjimi,1,3,1,0,1,1.0,3.0
Bristol Flyers II,"Yusuf Hafid, Lanre Ayinla, Jack Craggs, Nikolas Sagkovits, Nassim Ladjimi","Bristol Flyers II|0,10,12,21,24",0,Yusuf Hafid,24,Nassim Ladjimi,1,3,1,0,1,1.0,3.0
Bristol Flyers II,"Yusuf Hafid, Roman Price, Jack Craggs, Nassim Ladjimi, Ebuka Ekwegh","Bristol Flyers II|0,11,12,24,9",9,Ebuka Ekwegh,12,Jack Craggs,1,3,1,0,1,1.0,3.0
Bristol Flyers II,"Yusuf Hafid, Roman Price, Jack Craggs, Zak Riabi, Ebuka Ekwegh","Bristol Flyers II|0,11,12,15,9",15,Zak Riabi,12,Jack Craggs,1,3,1,0,1,1.0,3.0
Bristol Flyers II,"Yusuf Hafid, Roman Price, Zak Riabi, Thomas Browne, Ebuka Ekwegh","Bristol Flyers II|0,11,15,8,9",8,Thomas Browne,11,Roman Price,1,3,1,0,1,1.0,3.0
Bristol Flyers II,"Yusuf Hafid, Jack Craggs, Nikolas Sagkovits, Nassim Ladjimi, Luka Matthews","Bristol Flyers II|0,12,21,24,5",12,Jack Craggs,24,Nassim Ladjimi,1,3,1,0,1,1.0,3.0
Hemel Storm,"Darien Nelson-Henry, Matt Norman, Di-Jani Parkinson, Brayden Inger, Sam Newman","Hemel Storm|10,2,23,3,4",4,Sam Newman,3,Brayden Inger,1,3,1,0,1,1.0,3.0
Reading Rockets,"Malik Bryant, Cooper Creek, Jax Bouknight, Victor Olarerin, Simon Chamberlain","Reading Rockets|10,14,4,8,9",4,Jax Bouknight,14,Cooper Creek,1,3,1,0,1,1.0,3.0
Hemel Storm,"Darien Nelson-Henry, Matt Norman, Di-Jani Parkinson, Brayden Inger, Sam Newman","Hemel Storm|10,2,23,3,4",23,Di-Jani Parkinson,2,Matt Norman,1,3,1,0,1,1.0,3.0
Hemel Storm,"Mergim Sokoli, Darien Nelson-Henry, Matt Norman, Brayden Inger, Sam Newman","Hemel Storm|0,10,2,3,4",4,Sam Newman,2,Matt Norman,1,3,1,0,1,1.0,3.0
Hemel Storm,"Mergim Sokoli, Darien Nelson-Henry, Matt Norman, Brayden Inger, Sam Newman","Hemel Storm|0,10,2,3,4",4,Sam Newman,3,Brayden Inger,1,3,1,0,1,1.0,3.0
Hemel Storm,"Darien Nelson-Henry, Matt Norman, Brayden Inger, Sam Newman, Jovan Rai","Hemel Storm|10,2,3,4,5",2,Matt Norman,3,Brayden Inger,1,3,1,0,1,1.0,3.0
Reading Rockets,"Malik Bryant, Ty Nsangu, Cooper Creek, Jax Bouknight, Yusef Salih","Reading Rockets|10,12,14,4,5",4,Jax Bouknight,5,Yusef Salih,1,3,1,0,1,1.0,3.0
Hemel Storm,"Mergim Sokoli, Kai Walker, Matt Norman, Veron Eze, Di-Jani Parkinson","Hemel Storm|0,11,2,21,23",23,Di-Jani Parkinson,21,Veron Eze,1,3,1,0,1,1.0,3.0
Reading Rockets,"Cooper Creek, Malachi Hassan-Taylor, Jax Bouknight, Victor Olarerin, Simon Chamberlain","Reading Rockets|14,15,4,8,9",15,Malachi Hassan-Taylor,4,Jax Bouknight,1,3,1,0,1,1.0,3.0
Reading Rockets,"James Waterhouse, La'quarne Sayles, Malachi Hassan-Taylor, Yusef Salih, Simon Chamberlain","Reading Rockets|11,13,15,5,9",9,Simon Chamberlain,5,Yusef Salih,1,3,1,0,1,1.0,3.0
Reading Rockets,"Malik Bryant, Cooper Creek, Yusef Salih, Victor Olarerin, Simon Chamberlain","Reading Rockets|10,14,5,8,9",10,Malik Bryant,9,Simon Chamberlain,1,3,1,0,1,1.0,3.0
Derby Trailblazers,"Casey Burr, Jai Pathmarajah, Robert Marsden, Charlie Brown, Malcolm Smith","Derby Trailblazers|0,22,30,4,9",30,Robert Marsden,22,Jai Pathmarajah,1,3,1,0,1,1.0,3.0
Derby Trailblazers,"Sean Mo Walker, Robert Marsden, Charlie Brown, Raheem May-Thompson, Malcolm Smith","Derby Trailblazers|3,30,4,7,9",3,Sean Mo Walker,9,Malcolm Smith,1,3,1,0,1,1.0,3.0
Reading Rockets,"Malik Bryant, Ty Nsangu, Cooper Creek, Yusef Salih, Victor Olarerin","Reading Rockets|10,12,14,5,8",8,Victor Olarerin,14,Cooper Creek,1,3,1,0,1,1.0,3.0
Derby Trailblazers,"Sean Mo Walker, Robert Marsden, Charlie Brown, Raheem May-Thompson, Malcolm Smith","Derby Trailblazers|3,30,4,7,9",7,Raheem May-Thompson,9,Malcolm Smith,1,3,1,0,1,1.0,3.0
Derby Trailblazers,"Jai Pathmarajah, Sean Mo Walker, Charlie Brown, Raheem May-Thompson, Malcolm Smith","Derby Trailblazers|22,3,4,7,9",3,Sean Mo Walker,7,Raheem May-Thompson,1,3,1,0,1,1.0,3.0
Derby Trailblazers,"Jai Pathmarajah, Sean Mo Walker, Charlie Brown, Raheem May-Thompson, Malcolm Smith","Derby Trailblazers|22,3,4,7,9",22,Jai Pathmarajah,3,Sean Mo Walker,1,3,1,0,1,1.0,3.0
Derby Trailblazers,"Jai Pathmarajah, Sean Mo Walker, Charlie Brown, Raheem May-Thompson, Malcolm Smith","Derby Trailblazers|22,3,4,7,9",7,Raheem May-Thompson,9,Malcolm Smith,1,3,1,0,1,1.0,3.0
Reading Rockets,"Malik Bryant, Cooper Creek, Yusef Salih, Victor Olarerin, Simon Chamberlain","Reading Rockets|10,14,5,8,9",5,Yusef Salih,8,Victor Olarerin,1,3,1,0,1,1.0,3.0
Reading Rockets,"Ty Nsangu, Jax Bouknight, Yusef Salih, Victor Olarerin, Simon Chamberlain","Reading Rockets|12,4,5,8,9",9,Simon Chamberlain,5,Yusef Salih,1,3,1,0,1,1.0,3.0
Derby Trailblazers,"Casey Burr, Jai Pathmarajah, Robert Marsden, Raheem May-Thompson, Malcolm Smith","Derby Trailblazers|0,22,30,7,9",30,Robert Marsden,9,Malcolm Smith,1,3,1,0,1,1.0,3.0
Reading Rockets,"James Waterhouse, Malachi Hassan-Taylor, Matthew Daines, Jax Bouknight, Simon Chamberlain","Reading Rockets|11,15,16,4,9",16,Matthew Daines,4,Jax Bouknight,1,3,1,0,1,1.0,3.0
Loughborough Riders,"Michael Joiner, Jalen Cook, Oscar Curran, Ben Woog, Callum Keys","Loughborough Riders|11,12,6,7,8",7,Ben Woog,11,Michael Joiner,1,3,1,0,1,1.0,3.0
Loughborough Riders,"Michael Joiner, Jalen Cook, Oscar Curran, Ben Woog, Callum Keys","Loughborough Riders|11,12,6,7,8",12,Jalen Cook,8,Callum Keys,1,3,1,0,1,1.0,3.0
Loughborough Riders,"Johde Campbell, Seth Wylie, Oscar Curran, Ben Woog, Callum Keys","Loughborough Riders|0,43,6,7,8",43,Seth Wylie,8,Callum Keys,1,3,1,0,1,1.0,3.0
Loughborough Riders,"Johde Campbell, Tomide Akinsuku, Liam Campbell, Seth Wylie, Callum Keys","Loughborough Riders|0,13,4,43,8",4,Liam Campbell,8,Callum Keys,1,3,1,0,1,1.0,3.0
Loughborough Riders,"Michael Joiner, Jalen Cook, Milo Gordon, Oscar Curran, Ben Woog","Loughborough Riders|11,12,22,6,7",11,Michael Joiner,12,Jalen Cook,1,3,1,0,1,1.0,3.0
Loughborough Riders,"Johde Campbell, Liam Campbell, Seth Wylie, Ben Woog, Callum Keys","Loughborough Riders|0,4,43,7,8",0,Johde Campbell,43,Seth Wylie,1,3,1,0,1,1.0,3.0
Loughborough Riders,"Johde Campbell, Michael Joiner, Jalen Cook, Tomide Akinsuku, Milo Gordon","Loughborough Riders|0,11,12,13,22",12,Jalen Cook,11,Michael Joiner,1,3,1,0,1,1.0,3.0
Milton Keynes Breakers,"Kai Williams, Ben Baker-Mccann, Mike New Jr., Xavier Wilson, Blayne Freckleton","Milton Keynes Breakers|0,11,15,21,7",7,Blayne Freckleton,0,Kai Williams,1,3,1,0,1,1.0,3.0
Birmingham Rockets,"Ronald Blain, Orlan Jackman, Lucas Mcgregor, Faaris Mughaal, Martyn Gayle","Birmingham Rockets|0,13,6,7,8",13,Orlan Jackman,7,Faaris Mughaal,1,3,1,0,1,1.0,3.0
Birmingham Rockets,"Zack Powell, Luke Okosieme, Eric Donaldson, Faaris Mughaal, Martyn Gayle","Birmingham Rockets|14,21,3,7,8",14,Zack Powell,7,Faaris Mughaal,1,3,1,0,1,1.0,3.0
Birmingham Rockets,"Zack Powell, Luke Okosieme, Eric Donaldson, Lucas Mcgregor, Martyn Gayle","Birmingham Rockets|14,21,3,6,8",14,Zack Powell,3,Eric Donaldson,1,3,1,0,1,1.0,3.0
Milton Keynes Breakers,"Dashawn Jackson, Jonas Dietrich, Luke Gregory, Mike New Jr., Chase Thompson","Milton Keynes Breakers|1,12,13,15,8",1,Dashawn Jackson,8,Chase Thompson,1,3,1,0,1,1.0,3.0
Milton Keynes Breakers,"Dashawn Jackson, Ben Baker-Mccann, Jonas Dietrich, Xavier Wilson, Chase Thompson","Milton Keynes Breakers|1,11,12,21,8",1,Dashawn Jackson,12,Jonas Dietrich,1,3,1,0,1,1.0,3.0
Milton Keynes Breakers,"Kai Williams, Dashawn Jackson, Mike New Jr., Xavier Wilson, Blayne Freckleton","Milton Keynes Breakers|0,1,15,21,7",15,Mike New Jr.,7,Blayne Freckleton,1,3,1,0,1,1.0,3.0
Birmingham Rockets,"Ronald Blain, Orlan Jackman, Luke Okosieme, Lucas Mcgregor, Faaris Mughaal","Birmingham Rockets|0,13,21,6,7",21,Luke Okosieme,7,Faaris Mughaal,1,3,1,0,1,1.0,3.0
Essex Rebels,"Daniel Johnson-Thompson, Remy Udeh, Miles Brown, Anthony Idiata-Mendez, Tom Child","Essex Rebels|13,14,2,20,22",2,Miles Brown,22,Tom Child,1,3,1,0,1,1.0,3.0
Essex Rebels,"Daniel Johnson-Thompson, Remy Udeh, Miles Brown, Anthony Idiata-Mendez, Tom Child","Essex Rebels|13,14,2,20,22",14,Remy Udeh,2,Miles Brown,1,3,1,0,1,1.0,3.0
Essex Rebels,"Kyron Martin, Daniel Johnson-Thompson, Remy Udeh, Miles Brown, Tom Child","Essex Rebels|10,13,14,2,22",13,Daniel Johnson-Thompson,22,Tom Child,1,3,1,0,1,1.0,3.0
Essex Rebels,"Kyron Martin, Daniel Johnson-Thompson, Remy Udeh, Miles Brown, Tom Child","Essex Rebels|10,13,14,2,22",22,Tom Child,14,Remy Udeh,1,3,1,0,1,1.0,3.0
Newcastle Knights,"Bradley Dean, Sam Trunley, Jaron Thames, Will Neighbour, Hafeez Abdul","Newcastle Knights|1,10,11,15,3",3,Hafeez Abdul,15,Will Neighbour,1,3,1,0,1,1.0,3.0
Newcastle Knights,"Bradley Dean, Jaron Thames, Will Neighbour, Hafeez Abdul, Max Matthews","Newcastle Knights|1,11,15,3,8",11,Jaron Thames,8,Max Matthews,1,3,1,0,1,1.0,3.0
Newcastle Knights,"Bradley Dean, Jaron Thames, Will Neighbour, Hafeez Abdul, Max Matthews","Newcastle Knights|1,11,15,3,8",11,Jaron Thames,15,Will Neighbour,1,3,1,0,1,1.0,3.0
Newcastle Knights,"Bradley Dean, Sam Trunley, Jaron Thames, Mekhi Hendry, Theo Riley","Newcastle Knights|1,10,11,2,9",1,Bradley Dean,10,Sam Trunley,1,3,1,0,1,1.0,3.0
Essex Rebels,"Kyron Martin, Remy Udeh, Miles Brown, Anthony Idiata-Mendez, Tom Child","Essex Rebels|10,14,2,20,22",10,Kyron Martin,14,Remy Udeh,1,3,1,0,1,1.0,3.0
Essex Rebels,"Kyron Martin, Remy Udeh, Miles Brown, Anthony Idiata-Mendez, Tom Child","Essex Rebels|10,14,2,20,22",22,Tom Child,10,Kyron Martin,1,3,1,0,1,1.0,3.0
Essex Rebels,"Kyron Martin, Daniel Johnson-Thompson, Miles Brown, Tom Child, Ben Winter","Essex Rebels|10,13,2,22,5",22,Tom Child,10,Kyron Martin,1,3,1,0,1,1.0,3.0
Bristol Hurricanes,"Daniel Edozie, Elvisi Dusha, Denzel Ubiaro, Corey Samuels, Chris Taylor","Bristol Hurricanes|1,12,31,4,9",9,Chris Taylor,12,Elvisi Dusha,1,3,1,0,1,1.0,3.0
Bristol Hurricanes,"Daniel Edozie, Elvisi Dusha, Kobe Hill, Jules Dang-Akodo, Denzel Ubiaro","Bristol Hurricanes|1,12,2,23,31",12,Elvisi Dusha,23,Jules Dang-Akodo,1,3,1,0,1,1.0,3.0
Bristol Hurricanes,"David Forsyth, Elvisi Dusha, Kobe Hill, Jules Dang-Akodo, Denzel Ubiaro","Bristol Hurricanes|11,12,2,23,31",11,David Forsyth,2,Kobe Hill,1,3,1,0,1,1.0,3.0
Nottingham Hoods,"Micah Savery-Richards, Byrce Johnson, Donell Nixon Ii, Elliot Bailey, Sam Akano","Nottingham Hoods|14,21,24,6,7",24,Donell Nixon Ii,21,Byrce Johnson,1,3,1,0,1,1.0,3.0
Nottingham Hoods,"Tyrone Williams, Micah Savery-Richards, Byrce Johnson, Donell Nixon Ii, Sam Akano","Nottingham Hoods|1,14,21,24,7",1,Tyrone Williams,7,Sam Akano,1,3,1,0,1,1.0,3.0
Yorkshire Dragons,"David Ulph, Logan Rooney, Jack Melke, Corey Johnson, Nick Lewis","Yorkshire Dragons|10,3,5,9,93",93,Nick Lewis,9,Corey Johnson,1,3,1,0,1,1.0,3.0
Yorkshire Dragons,"Andreas Lycoudis, Ben Tew, Jordan Whelan, Jack Melke, Corey Johnson","Yorkshire Dragons|11,14,23,5,9",5,Jack Melke,9,Corey Johnson,1,3,1,0,1,1.0,3.0
Yorkshire Dragons,"Andreas Lycoudis, Ben Tew, Jordan Whelan, Jack Melke, Corey Johnson","Yorkshire Dragons|11,14,23,5,9",9,Corey Johnson,5,Jack Melke,1,3,1,0,1,1.0,3.0
Yorkshire Dragons,"David Ulph, Ben Tew, Logan Rooney, Corey Johnson, Nick Lewis","Yorkshire Dragons|10,14,3,9,93",10,David Ulph,3,Logan Rooney,1,3,1,0,1,1.0,3.0
Yorkshire Dragons,"David Ulph, Logan Rooney, Jack Melke, Corey Johnson, Nick Lewis","Yorkshire Dragons|10,3,5,9,93",5,Jack Melke,9,Corey Johnson,1,3,1,0,1,1.0,3.0
Yorkshire Dragons,"David Ulph, Logan Rooney, Jack Melke, Corey Johnson, Nick Lewis","Yorkshire Dragons|10,3,5,9,93",93,Nick Lewis,5,Jack Melke,1,3,1,0,1,1.0,3.0
Yorkshire Dragons,"David Ulph, Logan Rooney, Jack Melke, Corey Johnson, Nick Lewis","Yorkshire Dragons|10,3,5,9,93",3,Logan Rooney,93,Nick Lewis,1,3,1,0,1,1.0,3.0
Worthing Thunder,"Danny Evans, Matthew Bryan-Amaning, Justin Hopkins, Elijah Maynard, Bode Adeluola","Worthing Thunder|0,11,15,22,5",11,Matthew Bryan-Amaning,22,Elijah Maynard,1,3,1,0,1,1.0,3.0
Yorkshire Dragons,"David Ulph, Jordan Whelan, Logan Rooney, Jack Melke, Corey Johnson","Yorkshire Dragons|10,23,3,5,9",9,Corey Johnson,3,Logan Rooney,1,3,1,0,1,1.0,3.0
Yorkshire Dragons,"Ronnie Ani, David Ulph, Andreas Lycoudis, Jack Melke, Nick Lewis","Yorkshire Dragons|1,10,11,5,93",93,Nick Lewis,5,Jack Melke,1,3,1,0,1,1.0,3.0
Yorkshire Dragons,"Ronnie Ani, David Ulph, Andreas Lycoudis, Jack Melke, Nick Lewis","Yorkshire Dragons|1,10,11,5,93",5,Jack Melke,11,Andreas Lycoudis,1,3,1,0,1,1.0,3.0
Milton Keynes Breakers,"Dashawn Jackson, Jonas Dietrich, Luke Gregory, Jordan Spencer, Thompson C","Milton Keynes Breakers|10,12,13,23,8",23,Jordan Spencer,12,Jonas Dietrich,1,3,1,0,1,1.0,3.0
Milton Keynes Breakers,"Dashawn Jackson, Jonas Dietrich, Luke Gregory, Jordan Spencer, Thompson C","Milton Keynes Breakers|10,12,13,23,8",12,Jonas Dietrich,8,Thompson C,1,3,1,0,1,1.0,3.0
Bristol Flyers II,"Yusuf Hafid, Reggie Eigbe, Nikolas Sagkovits, Nassim Ladjimi, Luka Matthews","Bristol Flyers II|0,13,21,24,5",13,Reggie Eigbe,8,Luka Dinnall,1,3,1,0,1,1.0,3.0
Milton Keynes Breakers,"Ben Baker-Mccann, Jonas Dietrich, Mike New Jr., Blayne Freckleton, Thompson C","Milton Keynes Breakers|11,12,15,7,8",11,Ben Baker-Mccann,12,Jonas Dietrich,1,3,1,0,1,1.0,3.0
Milton Keynes Breakers,"Dashawn Jackson, Ben Baker-Mccann, Jonas Dietrich, Mike New Jr., Thompson C","Milton Keynes Breakers|10,11,12,15,8",11,Ben Baker-Mccann,12,Jonas Dietrich,1,3,1,0,1,1.0,3.0
Milton Keynes Breakers,"Dashawn Jackson, Luke Gregory, Jordan Spencer, Kalvin Oates, Thompson C","Milton Keynes Breakers|10,13,23,5,8",23,Jordan Spencer,5,Kalvin Oates,1,3,1,0,1,1.0,3.0
Milton Keynes Breakers,"Dashawn Jackson, Luke Gregory, Jordan Spencer, Kalvin Oates, Thompson C","Milton Keynes Breakers|10,13,23,5,8",8,Thompson C,10,Dashawn Jackson,1,3,1,0,1,1.0,3.0
Bristol Flyers II,"Jack Craggs, Reggie Eigbe, Nassim Ladjimi, Anthony Bhebhe, Luka Dinnall","Bristol Flyers II|12,13,24,4,8",4,Anthony Bhebhe,12,Jack Craggs,1,3,1,0,1,1.0,3.0
Milton Keynes Breakers,"Dashawn Jackson, Jonas Dietrich, Luke Gregory, Jordan Spencer, Thompson C","Milton Keynes Breakers|10,12,13,23,8",13,Luke Gregory,10,Dashawn Jackson,1,3,1,0,1,1.0,3.0
Milton Keynes Breakers,"Ben Baker-Mccann, Luke Gregory, Mike New Jr., Jordan Spencer, Blayne Freckleton","Milton Keynes Breakers|11,13,15,23,7",15,Mike New Jr.,23,Jordan Spencer,1,3,1,0,1,1.0,3.0
Milton Keynes Breakers,"Ben Baker-Mccann, Jonas Dietrich, Mike New Jr., Kalvin Oates, Blayne Freckleton","Milton Keynes Breakers|11,12,15,5,7",5,Kalvin Oates,7,Blayne Freckleton,1,3,1,0,1,1.0,3.0
Bristol Flyers II,"Jack Craggs, Reggie Eigbe, Anthony Bhebhe, Luka Matthews, Luka Dinnall","Bristol Flyers II|12,13,4,5,8",13,Reggie Eigbe,5,Luka Matthews,1,3,1,0,1,1.0,3.0
Bristol Flyers II,"Jack Craggs, Nikolas Sagkovits, Anthony Bhebhe, Ebuka Ekwegh, Rylan Bawden","Bristol Flyers II|12,21,4,6,9",12,Jack Craggs,6,Ebuka Ekwegh,1,3,1,0,1,1.0,3.0
Milton Keynes Breakers,"Dashawn Jackson, Ben Baker-Mccann, Luke Gregory, Jordan Spencer, Gabriel Formeloza","Milton Keynes Breakers|10,11,13,23,6",23,Jordan Spencer,10,Dashawn Jackson,1,3,1,0,1,1.0,3.0
Hemel Storm,"Matt Norman, Veron Eze, Brayden Inger, Sam Newman, Jovan Rai","Hemel Storm|2,21,3,4,5",5,Jovan Rai,4,Sam Newman,1,3,1,0,1,1.0,3.0
Hemel Storm,"Kai Walker, Matt Norman, Veron Eze, Brayden Inger, Jovan Rai","Hemel Storm|11,2,21,3,5",5,Jovan Rai,2,Matt Norman,1,3,1,0,1,1.0,3.0
Hemel Storm,"Kai Walker, Matt Norman, Brayden Inger, Sam Newman, Jovan Rai","Hemel Storm|11,2,3,4,5",3,Brayden Inger,4,Sam Newman,1,3,1,0,1,1.0,3.0
Hemel Storm,"Kai Walker, Di-Jani Parkinson, Brayden Inger, Sam Newman, Jovan Rai","Hemel Storm|11,23,3,4,5",3,Brayden Inger,23,Di-Jani Parkinson,1,3,1,0,1,1.0,3.0
Reading Rockets,"Malik Bryant, Ty Nsangu, Jax Bouknight, Eliaz (Zain) Poorman, Victor Olarerin","Reading Rockets|10,12,4,6,8",6,Eliaz (Zain) Poorman,8,Victor Olarerin,1,3,1,0,1,1.0,3.0
Loughborough Riders,"Johde Campbell, Jalen Cook, Tomide Akinsuku, Seth Wylie, Victor Ndoukou","Loughborough Riders|0,12,13,43,7",12,Jalen Cook,7,Victor Ndoukou,1,3,1,0,1,1.0,3.0
Loughborough Riders,"Johde Campbell, Jalen Cook, Tomide Akinsuku, Liam Campbell, Callum Keys","Loughborough Riders|0,12,13,4,8",8,Callum Keys,12,Jalen Cook,1,3,1,0,1,1.0,3.0
Loughborough Riders,"Johde Campbell, Jalen Cook, Tomide Akinsuku, Liam Campbell, Callum Keys","Loughborough Riders|0,12,13,4,8",4,Liam Campbell,8,Callum Keys,1,3,1,0,1,1.0,3.0
Loughborough Riders,"Johde Campbell, Jalen Cook, Tomide Akinsuku, Liam Campbell, Callum Keys","Loughborough Riders|0,12,13,4,8",13,Tomide Akinsuku,12,Jalen Cook,1,3,1,0,1,1.0,3.0
Loughborough Riders,"Johde Campbell, Jalen Cook, Tomide Akinsuku, Oscar Curran, Victor Ndoukou","Loughborough Riders|0,12,13,6,7",0,Johde Campbell,7,Victor Ndoukou,1,3,1,0,1,1.0,3.0
Loughborough Riders,"Johde Campbell, Jalen Cook, Tomide Akinsuku, Liam Campbell, Victor Ndoukou","Loughborough Riders|0,12,13,4,7",13,Tomide Akinsuku,12,Jalen Cook,1,3,1,0,1,1.0,3.0
Loughborough Riders,"Johde Campbell, Jalen Cook, Tomide Akinsuku, Liam Campbell, Victor Ndoukou","Loughborough Riders|0,12,13,4,7",7,Victor Ndoukou,12,Jalen Cook,1,3,1,0,1,1.0,3.0
Newcastle Knights,"Bradley Dean, Jaron Thames, Mekhi Hendry, Scott Angus, Max Matthews","Newcastle Knights|1,11,2,7,8",11,Jaron Thames,8,Max Matthews,1,3,1,0,1,1.0,3.0
Newcastle Knights,"Bradley Dean, Sam Trunley, Jaron Thames, Will Neighbour, Mekhi Hendry","Newcastle Knights|1,10,11,15,2",1,Bradley Dean,10,Sam Trunley,1,3,1,0,1,1.0,3.0
Newcastle Knights,"Bradley Dean, Jaron Thames, Jason Soodeen, Noah Saa, Mekhi Hendry","Newcastle Knights|1,11,12,14,2",14,Noah Saa,2,Mekhi Hendry,1,3,1,0,1,1.0,3.0
Nottingham Hoods,"Tyrone Williams, Jani Griffith, Donell Nixon Ii, Thierry Walker, Elliot Bailey","Nottingham Hoods|1,15,24,4,6",15,Jani Griffith,4,Thierry Walker,1,3,1,0,1,1.0,3.0
Newcastle Knights,"Bradley Dean, Sam Trunley, Jaron Thames, Jason Soodeen, Will Neighbour","Newcastle Knights|1,10,11,12,15",1,Bradley Dean,11,Jaron Thames,1,3,1,0,1,1.0,3.0
Hemel Storm,"Kai Walker, Matt Norman, Veron Eze, Brayden Inger, Sam Newman","Hemel Storm|11,2,21,3,4",3,Brayden Inger,2,Matt Norman,1,3,1,0,1,1.0,3.0
Hemel Storm,"Matt Norman, Veron Eze, Brayden Inger, Sam Newman, Jovan Rai","Hemel Storm|2,21,3,4,5",5,Jovan Rai,2,Matt Norman,1,3,1,0,1,1.0,3.0
Milton Keynes Breakers,"Dashawn Jackson, Ben Baker-Mccann, Mike New Jr., Xavier Wilson, Jordan Spencer","Milton Keynes Breakers|1,11,15,21,23",15,Mike New Jr.,23,Jordan Spencer,1,3,1,0,1,1.0,3.0
Hemel Storm,"Kai Walker, Matt Norman, Brayden Inger, Sam Newman, Jack Burnell","Hemel Storm|11,2,3,4,7",4,Sam Newman,2,Matt Norman,1,3,1,0,1,1.0,3.0
Milton Keynes Breakers,"Ben Baker-Mccann, Luke Gregory, Jordan Spencer, Blayne Freckleton, Chase Thompson","Milton Keynes Breakers|11,13,23,7,8",8,Chase Thompson,7,Blayne Freckleton,1,3,1,0,1,1.0,3.0
Milton Keynes Breakers,"Jonas Dietrich, Xavier Wilson, Jordan Spencer, Blayne Freckleton, Chase Thompson","Milton Keynes Breakers|12,21,23,7,8",8,Chase Thompson,23,Jordan Spencer,1,3,1,0,1,1.0,3.0
Hemel Storm,"Kai Walker, Matt Norman, Brayden Inger, Sam Newman, Jack Burnell","Hemel Storm|11,2,3,4,7",3,Brayden Inger,2,Matt Norman,1,3,1,0,1,1.0,3.0
Hemel Storm,"Kai Walker, Veron Eze, Brayden Inger, Sam Newman, Jack Burnell","Hemel Storm|11,21,3,4,7",3,Brayden Inger,7,Jack Burnell,1,3,1,0,1,1.0,3.0
Hemel Storm,"Matt Norman, Veron Eze, Shaquille Lewis, Sam Newman, Jovan Rai","Hemel Storm|2,21,24,4,5",24,Shaquille Lewis,4,Sam Newman,1,3,1,0,1,1.0,3.0
Hemel Storm,"Matt Norman, Veron Eze, Shaquille Lewis, Sam Newman, Jovan Rai","Hemel Storm|2,21,24,4,5",4,Sam Newman,5,Jovan Rai,1,3,1,0,1,1.0,3.0
Milton Keynes Breakers,"Dashawn Jackson, Ben Baker-Mccann, Mike New Jr., Xavier Wilson, Kalvin Oates","Milton Keynes Breakers|1,11,15,21,5",11,Ben Baker-Mccann,1,Dashawn Jackson,1,3,1,0,1,1.0,3.0
London Cavaliers,"Juan Manning, Mekhi Collins, Marquel Beasley, Daniel Braster, Aj Roberts","London Cavaliers|10,13,15,23,4",13,Mekhi Collins,4,Aj Roberts,1,3,1,0,1,1.0,3.0
London Cavaliers,"Daniel Delsol-Lowry, Mekhi Collins, Marquel Beasley, Daniel Braster, Aj Roberts","London Cavaliers|12,13,15,23,4",13,Mekhi Collins,15,Marquel Beasley,1,3,1,0,1,1.0,3.0
Yorkshire Dragons,"David Ulph, Jordan Whelan, Jack Melke, Corey Johnson, Nick Lewis","Yorkshire Dragons|10,23,5,9,93",23,Jordan Whelan,5,Jack Melke,1,3,1,0,1,1.0,3.0
Yorkshire Dragons,"Ben Tew, Jordan Whelan, Logan Rooney, Jack Melke, Nick Lewis","Yorkshire Dragons|14,23,3,5,93",93,Nick Lewis,5,Jack Melke,1,3,1,0,1,1.0,3.0
London Cavaliers,"Juan Manning, Marquel Beasley, Daniel Braster, Aj Roberts, Omari Pond-Mckenzie","London Cavaliers|10,15,23,4,5",5,Omari Pond-Mckenzie,10,Juan Manning,1,3,1,0,1,1.0,3.0
London Cavaliers,"Juan Manning, Marquel Beasley, Daniel Braster, Aj Roberts, Omari Pond-Mckenzie","London Cavaliers|10,15,23,4,5",10,Juan Manning,5,Omari Pond-Mckenzie,1,3,1,0,1,1.0,3.0
London Cavaliers,"Juan Manning, Marquel Beasley, Daniel Braster, Aj Roberts, Omari Pond-Mckenzie","London Cavaliers|10,15,23,4,5",23,Daniel Braster,4,Aj Roberts,1,3,1,0,1,1.0,3.0
Yorkshire Dragons,"Andreas Lycoudis, Ben Tew, Logan Rooney, Jack Melke, Corey Johnson","Yorkshire Dragons|11,14,3,5,9",3,Logan Rooney,9,Corey Johnson,1,3,1,0,1,1.0,3.0
Yorkshire Dragons,"David Ulph, Andreas Lycoudis, Logan Rooney, Jack Melke, Corey Johnson","Yorkshire Dragons|10,11,3,5,9",10,David Ulph,5,Jack Melke,1,3,1,0,1,1.0,3.0
Yorkshire Dragons,"David Ulph, Jordan Whelan, Jack Melke, Corey Johnson, Nick Lewis","Yorkshire Dragons|10,23,5,9,93",93,Nick Lewis,9,Corey Johnson,1,3,1,0,1,1.0,3.0
Yorkshire Dragons,"Ronnie Ani, David Ulph, Logan Rooney, Jack Melke, Corey Johnson","Yorkshire Dragons|1,10,3,5,9",1,Ronnie Ani,3,Logan Rooney,1,3,1,0,1,1.0,3.0
Essex Rebels,"Daniel Johnson-Thompson, Remy Udeh, Miles Brown, Anthony Idiata-Mendez, Tom Child","Essex Rebels|13,14,2,20,22",2,Miles Brown,14,Remy Udeh,1,3,1,0,1,1.0,3.0
Essex Rebels,"Michael Amako, Kyron Martin, Miles Brown, Harry Gent, Ben Winter","Essex Rebels|1,10,2,36,5",5,Ben Winter,2,Miles Brown,1,3,1,0,1,1.0,3.0
Essex Rebels,"Michael Amako, Kyron Martin, Tom Child, Ben Winter, Tyreese Hudson","Essex Rebels|1,10,22,5,9",10,Kyron Martin,22,Tom Child,1,3,1,0,1,1.0,3.0
Essex Rebels,"Mou Wol-Cummings, Kyron Martin, Remy Udeh, Miles Brown, Tyreese Hudson","Essex Rebels|0,10,14,2,9",10,Kyron Martin,14,Remy Udeh,1,3,1,0,1,1.0,3.0
Essex Rebels,"Mou Wol-Cummings, Kyron Martin, Remy Udeh, Miles Brown, Tyreese Hudson","Essex Rebels|0,10,14,2,9",2,Miles Brown,10,Kyron Martin,1,3,1,0,1,1.0,3.0
Essex Rebels,"Mou Wol-Cummings, Michael Amako, Miles Brown, Ben Winter, Tyreese Hudson","Essex Rebels|0,1,2,5,9",0,Mou Wol-Cummings,2,Miles Brown,1,3,1,0,1,1.0,3.0
Essex Rebels,"Mou Wol-Cummings, Michael Amako, Anthony Idiata-Mendez, Harry Gent, Ben Winter","Essex Rebels|0,1,20,36,5",20,Anthony Idiata-Mendez,5,Ben Winter,1,3,1,0,1,1.0,3.0
Loughborough Riders,"Johde Campbell, Victor Ndoukou, Jalen Cook, Tomide Akinsuku, Dan Hadley","Loughborough Riders|0,21,31,36,5",31,Jalen Cook,21,Victor Ndoukou,1,3,1,0,1,1.0,3.0
Loughborough Riders,"Johde Campbell, Victor Ndoukou, Jalen Cook, Seth Wylie, Callum Keys","Loughborough Riders|0,21,31,43,8",21,Victor Ndoukou,43,Seth Wylie,1,3,1,0,1,1.0,3.0
Derby Trailblazers,"Jai Pathmarajah, Robert Marsden, Charlie Brown, Raheem May-Thompson, Malcolm Smith","Derby Trailblazers|22,30,4,7,9",30,Robert Marsden,4,Charlie Brown,1,3,1,0,1,1.0,3.0
Derby Trailblazers,"Jai Pathmarajah, Robert Marsden, Charlie Brown, Raheem May-Thompson, Malcolm Smith","Derby Trailblazers|22,30,4,7,9",7,Raheem May-Thompson,22,Jai Pathmarajah,1,3,1,0,1,1.0,3.0
Loughborough Riders,"Johde Campbell, Victor Ndoukou, Jalen Cook, Liam Campbell, Dan Hadley","Loughborough Riders|0,21,31,4,5",4,Liam Campbell,5,Dan Hadley,1,3,1,0,1,1.0,3.0
Loughborough Riders,"Johde Campbell, Victor Ndoukou, Jalen Cook, Tomide Akinsuku, Dan Hadley","Loughborough Riders|0,21,31,36,5",31,Jalen Cook,5,Dan Hadley,1,3,1,0,1,1.0,3.0
Loughborough Riders,"Johde Campbell, Jalen Cook, Tomide Akinsuku, Dan Hadley, Callum Keys","Loughborough Riders|0,31,36,5,8",0,Johde Campbell,5,Dan Hadley,1,3,1,0,1,1.0,3.0
Bristol Hurricanes,"Daniel Edozie, Elvisi Dusha, Denzel Ubiaro, Corey Samuels, Chris Taylor","Bristol Hurricanes|1,12,31,4,9",1,Daniel Edozie,12,Elvisi Dusha,1,3,1,0,1,1.0,3.0
Bristol Hurricanes,"Daniel Edozie, Elvisi Dusha, Denzel Ubiaro, Corey Samuels, Chris Taylor","Bristol Hurricanes|1,12,31,4,9",4,Corey Samuels,9,Chris Taylor,1,3,1,0,1,1.0,3.0
Bristol Hurricanes,"Daniel Edozie, Elvisi Dusha, Denzel Ubiaro, Corey Samuels, Chris Taylor","Bristol Hurricanes|1,12,31,4,9",12,Elvisi Dusha,9,Chris Taylor,1,3,1,0,1,1.0,3.0
Birmingham Rockets,"Orlan Jackman, Zack Powell, Eric Donaldson, Faaris Mughaal, Martyn Gayle","Birmingham Rockets|13,14,3,7,8",8,Martyn Gayle,7,Faaris Mughaal,1,3,1,0,1,1.0,3.0
Bristol Hurricanes,"David Forsyth, Elvisi Dusha, Jules Dang-Akodo, Corey Samuels, Chris Taylor","Bristol Hurricanes|11,12,23,4,9",12,Elvisi Dusha,23,Jules Dang-Akodo,1,3,1,0,1,1.0,3.0
Birmingham Rockets,"Orlan Jackman, Zack Powell, Eric Donaldson, Faaris Mughaal, Martyn Gayle","Birmingham Rockets|13,14,3,7,8",14,Zack Powell,7,Faaris Mughaal,1,3,1,0,1,1.0,3.0
Hemel Storm,"Mergim Sokoli, Kai Walker, Matt Norman, Veron Eze, Sam Newman","Hemel Storm|0,11,2,21,4",21,Veron Eze,2,Matt Norman,1,3,1,0,1,1.0,3.0
Hemel Storm,"Kai Walker, Di-Jani Parkinson, Brayden Inger, Jovan Rai, Jack Burnell","Hemel Storm|11,23,3,5,7",3,Brayden Inger,23,Di-Jani Parkinson,1,3,1,0,1,1.0,3.0
Hemel Storm,"Kai Walker, Brayden Inger, Sam Newman, Jovan Rai, Jack Burnell","Hemel Storm|11,3,4,5,7",4,Sam Newman,11,Kai Walker,1,3,1,0,1,1.0,3.0
Hemel Storm,"Kai Walker, Veron Eze, Di-Jani Parkinson, Brayden Inger, Jovan Rai","Hemel Storm|11,21,23,3,5",5,Jovan Rai,21,Veron Eze,1,3,1,0,1,1.0,3.0
Birmingham Rockets,"Orlan Jackman, Eric Donaldson, Lucas Mcgregor, Faaris Mughaal, Martyn Gayle","Birmingham Rockets|13,3,6,7,8",13,Orlan Jackman,3,Eric Donaldson,1,3,1,0,1,1.0,3.0
Hemel Storm,"Mergim Sokoli, Veron Eze, Brayden Inger, Sam Newman, Jovan Rai","Hemel Storm|0,21,3,4,5",3,Brayden Inger,5,Jovan Rai,1,3,1,0,1,1.0,3.0
Hemel Storm,"Kai Walker, Matt Norman, Veron Eze, Di-Jani Parkinson, Sam Newman","Hemel Storm|11,2,21,23,4",23,Di-Jani Parkinson,4,Sam Newman,1,3,1,0,1,1.0,3.0
Worthing Thunder,"Matthew Bryan-Amaning, Justin Hopkins, Elijah Maynard, Jonathan Lashley, Bode Adeluola","Worthing Thunder|11,15,22,35,5",35,Jonathan Lashley,5,Bode Adeluola,1,3,1,0,1,1.0,3.0
Reading Rockets,"Malik Bryant, Cooper Creek, Jax Bouknight, Yusef Salih, Simon Chamberlain","Reading Rockets|10,14,4,5,9",5,Yusef Salih,14,Cooper Creek,1,3,1,0,1,1.0,3.0
Reading Rockets,"Malik Bryant, Cooper Creek, Jax Bouknight, Yusef Salih, Simon Chamberlain","Reading Rockets|10,14,4,5,9",4,Jax Bouknight,5,Yusef Salih,1,3,1,0,1,1.0,3.0
Nottingham Hoods,"Abiodun Adedo, Tyrone Williams, Donell Nixon Ii, Thierry Walker, Elliot Bailey","Nottingham Hoods|0,1,24,4,6",1,Tyrone Williams,4,Thierry Walker,1,3,1,0,1,1.0,3.0
Loughborough Riders,"Johde Campbell, Victor Ndukou, Jalen Cook, Tomide Akinsuku, Dan Hadley","Loughborough Riders|0,21,31,36,5",21,Victor Ndukou,5,Dan Hadley,1,3,1,0,1,1.0,3.0
Loughborough Riders,"Johde Campbell, Victor Ndukou, Jalen Cook, Liam Campbell, Callum Keys","Loughborough Riders|0,21,31,4,8",4,Liam Campbell,0,Johde Campbell,1,3,1,0,1,1.0,3.0
Loughborough Riders,"Johde Campbell, Victor Ndukou, Liam Campbell, Seth Wylie, Callum Keys","Loughborough Riders|0,21,4,43,8",0,Johde Campbell,21,Victor Ndukou,1,3,1,0,1,1.0,3.0
Loughborough Riders,"Victor Ndukou, Jalen Cook, Tomide Akinsuku, Seth Wylie, Oscar Curran","Loughborough Riders|21,31,36,43,6",6,Oscar Curran,21,Victor Ndukou,1,3,1,0,1,1.0,3.0
Loughborough Riders,"Victor Ndukou, Jalen Cook, Tomide Akinsuku, Seth Wylie, Oscar Curran","Loughborough Riders|21,31,36,43,6",21,Victor Ndukou,43,Seth Wylie,1,3,1,0,1,1.0,3.0
Loughborough Riders,"Victor Ndukou, Jalen Cook, Tomide Akinsuku, Seth Wylie, Oscar Curran","Loughborough Riders|21,31,36,43,6",31,Jalen Cook,43,Seth Wylie,1,3,1,0,1,1.0,3.0
Loughborough Riders,"Johde Campbell, Victor Ndukou, Jalen Cook, Seth Wylie, Callum Keys","Loughborough Riders|0,21,31,43,8",8,Callum Keys,0,Johde Campbell,1,3,1,0,1,1.0,3.0
Nottingham Hoods,"Abiodun Adedo, Tyrone Williams, Micah Savery-Richards, Byrce Johnson, Donell Nixon Ii","Nottingham Hoods|0,1,14,21,24",21,Byrce Johnson,14,Micah Savery-Richards,1,3,1,0,1,1.0,3.0
Loughborough Riders,"Johde Campbell, Victor Ndukou, Jalen Cook, Tomide Akinsuku, Dan Hadley","Loughborough Riders|0,21,31,36,5",5,Dan Hadley,21,Victor Ndukou,1,3,1,0,1,1.0,3.0
Loughborough Riders,"Johde Campbell, Victor Ndukou, Jalen Cook, Seth Wylie, Callum Keys","Loughborough Riders|0,21,31,43,8",31,Jalen Cook,21,Victor Ndukou,1,3,1,0,1,1.0,3.0
Loughborough Riders,"Victor Ndukou, Tomide Akinsuku, Liam Campbell, Seth Wylie, Callum Keys","Loughborough Riders|21,36,4,43,8",36,Tomide Akinsuku,43,Seth Wylie,1,3,1,0,1,1.0,3.0
Loughborough Riders,"Johde Campbell, Victor Ndukou, Jalen Cook, Tomide Akinsuku, Callum Keys","Loughborough Riders|0,21,31,36,8",21,Victor Ndukou,31,Jalen Cook,1,3,1,0,1,1.0,3.0
Loughborough Riders,"Johde Campbell, Victor Ndukou, Jalen Cook, Liam Campbell, Callum Keys","Loughborough Riders|0,21,31,4,8",8,Callum Keys,4,Liam Campbell,1,3,1,0,1,1.0,3.0
Milton Keynes Breakers,"Jonas Dietrich, Mike New Jr., Xavier Wilson, Jordan Spencer, Blayne Freckleton","Milton Keynes Breakers|12,15,21,23,7",21,Xavier Wilson,7,Blayne Freckleton,1,3,1,0,1,1.0,3.0
London Cavaliers,"Juan Manning, Mekhi Collins, Daniel Delsol-Lowry, Aj Roberts, Aaron Pyne","London Cavaliers|10,13,21,4,7",21,Daniel Delsol-Lowry,7,Aaron Pyne,1,3,1,0,1,1.0,3.0
London Cavaliers,"Juan Manning, Mekhi Collins, Marquel Beasley, Aj Roberts, Aaron Pyne","London Cavaliers|10,13,15,4,7",4,Aj Roberts,15,Marquel Beasley,1,3,1,0,1,1.0,3.0
London Cavaliers,"Juan Manning, Mekhi Collins, Marquel Beasley, Aj Roberts, Aaron Pyne","London Cavaliers|10,13,15,4,7",4,Aj Roberts,10,Juan Manning,1,3,1,0,1,1.0,3.0
Milton Keynes Breakers,"Ben Baker-Mccann, Mike New Jr., Xavier Wilson, Jordan Spencer, Blayne Freckleton","Milton Keynes Breakers|11,15,21,23,7",21,Xavier Wilson,15,Mike New Jr.,1,3,1,0,1,1.0,3.0
London Cavaliers,"Juan Manning, Daniel Delsol-Lowry, Aj Roberts, Omari Pond-Mckenzie, Aaron Pyne","London Cavaliers|10,21,4,5,7",5,Omari Pond-Mckenzie,10,Juan Manning,1,3,1,0,1,1.0,3.0
Yorkshire Dragons,"David Ulph, Logan Rooney, Jack Mielke, Corey Johnson, Nick Lewis","Yorkshire Dragons|10,3,5,9,93",9,Corey Johnson,5,Jack Mielke,1,3,1,0,1,1.0,3.0
Yorkshire Dragons,"Ronnie Ani, David Ulph, Jack Mielke, Corey Johnson, Nick Lewis","Yorkshire Dragons|1,10,5,9,93",93,Nick Lewis,9,Corey Johnson,1,3,1,0,1,1.0,3.0
Yorkshire Dragons,"Ronnie Ani, Ben Tew, Jordan Whelan, Jack Mielke, Corey Johnson","Yorkshire Dragons|1,20,23,5,9",1,Ronnie Ani,23,Jordan Whelan,1,3,1,0,1,1.0,3.0
Birmingham Rockets,"Ronald Blain, Orlan Jackman, Zack Powell, Luke Okosieme, Faaris Mughaal","Birmingham Rockets|0,13,14,21,7",0,Ronald Blain,7,Faaris Mughaal,1,3,1,0,1,1.0,3.0
Birmingham Rockets,"Ronald Blain, Orlan Jackman, Zack Powell, Eric Donaldson, Lucas Mcgregor","Birmingham Rockets|0,13,14,3,6",14,Zack Powell,6,Lucas Mcgregor,1,3,1,0,1,1.0,3.0
Birmingham Rockets,"Orlan Jackman, Zack Powell, Eric Donaldson, Lucas Mcgregor, Faaris Mughaal","Birmingham Rockets|13,14,3,6,7",13,Orlan Jackman,3,Eric Donaldson,1,3,1,0,1,1.0,3.0
Hemel Storm,"Mergim Sokoli, Veron Eze, Sam Newman, Jovan Rai, Jack Burnell","Hemel Storm|0,21,4,5,7",4,Sam Newman,7,Jack Burnell,1,3,1,0,1,1.0,3.0
Bristol Flyers II,"Lanre Ayinla, Jack Craggs, Anthony Bhebhe, Ebuka Ekwegh, Thomas Browne","Bristol Flyers II|10,12,4,7,8",4,Anthony Bhebhe,7,Ebuka Ekwegh,1,3,1,0,1,1.0,3.0
Hemel Storm,"Mergim Sokoli, Veron Eze, Sam Newman, Jovan Rai, Jack Burnell","Hemel Storm|0,21,4,5,7",4,Sam Newman,0,Mergim Sokoli,1,3,1,0,1,1.0,3.0
Hemel Storm,"Kai Walker, Veron Eze, Brayden Inger, Sam Newman, Jack Burnell","Hemel Storm|11,21,3,4,7",11,Kai Walker,4,Sam Newman,1,3,1,0,1,1.0,3.0
Bristol Flyers II,"Yusuf Hafid, Lanre Ayinla, Jack Craggs, Reggie Eigbe, Thomas Browne","Bristol Flyers II|0,10,12,13,8",0,Yusuf Hafid,8,Thomas Browne,1,3,1,0,1,1.0,3.0
Bristol Flyers II,"Yusuf Hafid, Dele Rowaiye, Reggie Eigbe, Nassim Ladjimi, Wickens Simba","Bristol Flyers II|0,11,13,24,6",6,Wickens Simba,24,Nassim Ladjimi,1,3,1,0,1,1.0,3.0
Newcastle Knights,"Bradley Dean, Jaron Thames, Will Neighbour, Mekhi Hendry, Messiah Jones","Newcastle Knights|1,11,15,2,5",11,Jaron Thames,2,Mekhi Hendry,1,3,1,0,1,1.0,3.0
Newcastle Knights,"Bradley Dean, Sam Trunley, Jaron Thames, Messiah Jones, Robert Reed","Newcastle Knights|1,10,11,5,6",11,Jaron Thames,10,Sam Trunley,1,3,1,0,1,1.0,3.0
Newcastle Knights,"Bradley Dean, Sam Trunley, Jaron Thames, Scott Angus, Theo Riley","Newcastle Knights|1,10,11,7,9",11,Jaron Thames,1,Bradley Dean,1,3,1,0,1,1.0,3.0
Essex Rebels,"Daniel Johnson-Thompson, Remy Udeh, Tom Child, Ben Winter, Tyreese Hudson","Essex Rebels|13,14,22,5,9",13,Daniel Johnson-Thompson,22,Tom Child,1,3,1,0,1,1.0,3.0
Essex Rebels,"Daniel Johnson-Thompson, Remy Udeh, Anthony Idiata-Mendez, Tom Child, Ben Winter","Essex Rebels|13,14,20,22,5",14,Remy Udeh,5,Ben Winter,1,3,1,0,1,1.0,3.0
Reading Rockets,"Malik Bryant, La'quarne Sayles, Yusef Salih, Eliaz (Zain) Poorman, Simon Chamberlain","Reading Rockets|10,13,5,6,9",10,Malik Bryant,9,Simon Chamberlain,1,3,1,0,1,1.0,3.0
Essex Rebels,"Mou Wol-Cummings, Remy Udeh, Anthony Idiata-Mendez, Tom Child, Harry Gent","Essex Rebels|0,14,20,22,36",22,Tom Child,0,Mou Wol-Cummings,1,3,1,0,1,1.0,3.0
Essex Rebels,"Mou Wol-Cummings, Daniel Johnson-Thompson, Isaac Temilola, Tom Child, Ben Winter","Essex Rebels|0,13,15,22,5",5,Ben Winter,22,Tom Child,1,3,1,0,1,1.0,3.0
Reading Rockets,"Malik Bryant, Cooper Creek, Jax Bouknight, Eliaz (Zain) Poorman, Victor Olarerin","Reading Rockets|10,14,4,6,8",10,Malik Bryant,4,Jax Bouknight,1,3,1,0,1,1.0,3.0
Reading Rockets,"Malik Bryant, Ty Nsangu, La'quarne Sayles, Cooper Creek, Jax Bouknight","Reading Rockets|10,12,13,14,4",10,Malik Bryant,4,Jax Bouknight,1,3,1,0,1,1.0,3.0
Essex Rebels,"Remy Udeh, Isaac Temilola, Tom Child, Ben Winter, Tyreese Hudson","Essex Rebels|14,15,22,5,9",5,Ben Winter,22,Tom Child,1,3,1,0,1,1.0,3.0
Essex Rebels,"Remy Udeh, Isaac Temilola, Tom Child, Ben Winter, Tyreese Hudson","Essex Rebels|14,15,22,5,9",9,Tyreese Hudson,5,Ben Winter,1,3,1,0,1,1.0,3.0
Essex Rebels,"Mou Wol-Cummings, Daniel Johnson-Thompson, Tom Child, Ben Winter, Tyreese Hudson","Essex Rebels|0,13,22,5,9",13,Daniel Johnson-Thompson,5,Ben Winter,1,3,1,0,1,1.0,3.0
Bristol Hurricanes,"Ashley Pearce, Elvisi Dusha, Denzel Ubiaro, Corey Samuels, Vilmantas Dilys","Bristol Hurricanes|0,12,31,4,55",12,Elvisi Dusha,55,Vilmantas Dilys,1,3,1,0,1,1.0,3.0
Worthing Thunder,"Danny Evans, Matthew Bryan-Amaning, Justin Hopkins, Adrian Scarborough, Elliott Dadds","Worthing Thunder|0,11,15,4,7",4,Adrian Scarborough,7,Elliott Dadds,1,3,1,0,1,1.0,3.0
Worthing Thunder,"Justin Hopkins, Elijah Maynard, Jonathan Lashley, Adrian Scarborough, Bode Adeluola","Worthing Thunder|15,22,35,4,5",4,Adrian Scarborough,5,Bode Adeluola,1,3,1,0,1,1.0,3.0
Bristol Hurricanes,"David Forsyth, Elvisi Dusha, Jules Dang-Akodo, Vilmantas Dilys, Chris Taylor","Bristol Hurricanes|11,12,23,55,9",55,Vilmantas Dilys,23,Jules Dang-Akodo,1,3,1,0,1,1.0,3.0
Bristol Hurricanes,"David Forsyth, Elvisi Dusha, Jules Dang-Akodo, Denzel Ubiaro, Chris Taylor","Bristol Hurricanes|11,12,23,31,9",12,Elvisi Dusha,23,Jules Dang-Akodo,1,3,1,0,1,1.0,3.0
Bristol Hurricanes,"David Forsyth, Elvisi Dusha, Jules Dang-Akodo, Denzel Ubiaro, Chris Taylor","Bristol Hurricanes|11,12,23,31,9",11,David Forsyth,23,Jules Dang-Akodo,1,3,1,0,1,1.0,3.0
Bristol Hurricanes,"Elvisi Dusha, Denzel Ubiaro, Corey Samuels, Vilmantas Dilys, Chris Taylor","Bristol Hurricanes|12,31,4,55,9",4,Corey Samuels,9,Chris Taylor,1,3,1,0,1,1.0,3.0
Bristol Hurricanes,"David Forsyth, Elvisi Dusha, Denzel Ubiaro, Vilmantas Dilys, Chris Taylor","Bristol Hurricanes|11,12,31,55,9",9,Chris Taylor,12,Elvisi Dusha,1,3,1,0,1,1.0,3.0
Bristol Flyers II,"Yusuf Hafid, Reggie Eigbe, Nikolas Sagkovits, Nassim Ladjimi, Thomas Browne","Bristol Flyers II|0,13,21,24,8",13,Reggie Eigbe,24,Nassim Ladjimi,1,3,1,0,1,1.0,3.0
Bristol Flyers II,"Yusuf Hafid, Roman Price, Nassim Ladjimi, Wickens Simba, Thomas Browne","Bristol Flyers II|0,11,24,6,8",11,Roman Price,8,Thomas Browne,1,3,1,0,1,1.0,3.0
Bristol Flyers II,"Yusuf Hafid, Roman Price, Reggie Eigbe, Nassim Ladjimi, Wickens Simba","Bristol Flyers II|0,11,13,24,6",24,Nassim Ladjimi,0,Yusuf Hafid,1,3,1,0,1,1.0,3.0
Newcastle Knights,"Bradley Dean, Noah Saa, Robert Reed, Scott Angus, Max Matthews","Newcastle Knights|1,14,6,7,8",1,Bradley Dean,14,Noah Saa,1,3,1,0,1,1.0,3.0
Bristol Flyers II,"Yusuf Hafid, Nikolas Sagkovits, Nassim Ladjimi, Wickens Simba, Thomas Browne","Bristol Flyers II|0,21,24,6,8",24,Nassim Ladjimi,8,Thomas Browne,1,3,1,0,1,1.0,3.0
Newcastle Knights,"Jaron Thames, Finn Cork, Noah Saa, Mekhi Hendry, Messiah Jones","Newcastle Knights|11,13,14,2,5",11,Jaron Thames,2,Mekhi Hendry,1,3,1,0,1,1.0,3.0
Bristol Flyers II,"Roman Price, Nassim Ladjimi, Anthony Bhebhe, Wickens Simba, Thomas Browne","Bristol Flyers II|11,24,4,6,8",4,Anthony Bhebhe,24,Nassim Ladjimi,1,3,1,0,1,1.0,3.0
Newcastle Knights,"Bradley Dean, Jaron Thames, Robert Reed, Scott Angus, Max Matthews","Newcastle Knights|1,11,6,7,8",11,Jaron Thames,8,Max Matthews,1,3,1,0,1,1.0,3.0
Bristol Flyers II,"Roman Price, Nassim Ladjimi, Anthony Bhebhe, Luka Matthews, Wickens Simba","Bristol Flyers II|11,24,4,5,6",4,Anthony Bhebhe,24,Nassim Ladjimi,1,3,1,0,1,1.0,3.0
Bristol Flyers II,"Yusuf Hafid, Reggie Eigbe, Nikolas Sagkovits, Luka Matthews, Thomas Browne","Bristol Flyers II|0,13,21,5,8",0,Yusuf Hafid,5,Luka Matthews,1,3,1,0,1,1.0,3.0
Worthing Thunder,"Danny Evans, Matthew Bryan-Amaning, Justin Hopkins, Adrian Scarborough, Elliott Dadds","Worthing Thunder|0,11,15,4,7",4,Adrian Scarborough,11,Matthew Bryan-Amaning,1,3,1,0,1,1.0,3.0
Worthing Thunder,"Matthew Bryan-Amaning, Justin Hopkins, Elijah Maynard, Bode Adeluola, Elliott Dadds","Worthing Thunder|11,15,22,5,7",7,Elliott Dadds,5,Bode Adeluola,1,3,1,0,1,1.0,3.0
Worthing Thunder,"Danny Evans, Justin Hopkins, Jonathan Lashley, Adrian Scarborough, Bode Adeluola","Worthing Thunder|0,15,35,4,5",35,Jonathan Lashley,15,Justin Hopkins,1,3,1,0,1,1.0,3.0
Bristol Hurricanes,"Daniel Edozie, Elvisi Dusha, Jules Dang-Akodo, Denzel Ubiaro, Vilmantas Dilys","Bristol Hurricanes|1,12,23,31,55",1,Daniel Edozie,12,Elvisi Dusha,1,3,1,0,1,1.0,3.0
Bristol Hurricanes,"David Forsyth, Elvisi Dusha, Denzel Ubiaro, Vilmantas Dilys, Chris Taylor","Bristol Hurricanes|11,12,31,55,9",11,David Forsyth,55,Vilmantas Dilys,1,3,1,0,1,1.0,3.0
Reading Rockets,"Ty Nsangu, Jax Bouknight, Eliaz (Zain) Poorman, Victor Olarerin, Simon Chamberlain","Reading Rockets|12,4,6,8,9",6,Eliaz (Zain) Poorman,9,Simon Chamberlain,1,3,1,0,1,1.0,3.0
Reading Rockets,"Malik Bryant, Ty Nsangu, Jax Bouknight, Victor Olarerin, Simon Chamberlain","Reading Rockets|10,12,4,8,9",9,Simon Chamberlain,4,Jax Bouknight,1,3,1,0,1,1.0,3.0
Reading Rockets,"Malik Bryant, Ty Nsangu, Cooper Creek, Jax Bouknight, Victor Olarerin","Reading Rockets|10,12,14,4,8",14,Cooper Creek,4,Jax Bouknight,1,3,1,0,1,1.0,3.0
Essex Rebels,"Daniel Johnson-Thompson, Isaac Temilola, Miles Brown, Tom Child, Ben Winter","Essex Rebels|13,15,2,22,5",15,Isaac Temilola,13,Daniel Johnson-Thompson,1,3,1,0,1,1.0,3.0
Essex Rebels,"Daniel Johnson-Thompson, Isaac Temilola, Miles Brown, Tom Child, Ben Winter","Essex Rebels|13,15,2,22,5",15,Isaac Temilola,2,Miles Brown,1,3,1,0,1,1.0,3.0
Derby Trailblazers,"Connor Washington, Jai Pathmarajah, Sean Mo Walker, Raheem May-Thompson, Malcolm Smith","Derby Trailblazers|13,22,3,7,9",13,Connor Washington,22,Jai Pathmarajah,1,3,1,0,1,1.0,3.0
Essex Rebels,"Daniel Johnson-Thompson, Miles Brown, Tom Child, Ben Winter, Tyreese Hudson","Essex Rebels|13,2,22,5,9",22,Tom Child,2,Miles Brown,1,3,1,0,1,1.0,3.0
Essex Rebels,"Daniel Johnson-Thompson, Remy Udeh, Miles Brown, Tom Child, Ben Winter","Essex Rebels|13,14,2,22,5",13,Daniel Johnson-Thompson,2,Miles Brown,1,3,1,0,1,1.0,3.0
Essex Rebels,"Remy Udeh, Isaac Temilola, Miles Brown, Tom Child, Johnny Mckew","Essex Rebels|14,15,2,22,7",22,Tom Child,7,Johnny Mckew,1,3,1,0,1,1.0,3.0
Derby Trailblazers,"Connor Washington, Robert Marsden, Charlie Brown, Raheem May-Thompson, Malcolm Smith","Derby Trailblazers|13,30,4,7,9",4,Charlie Brown,13,Connor Washington,1,3,1,0,1,1.0,3.0
Essex Rebels,"Daniel Johnson-Thompson, Remy Udeh, Miles Brown, Tom Child, Ben Winter","Essex Rebels|13,14,2,22,5",13,Daniel Johnson-Thompson,5,Ben Winter,1,3,1,0,1,1.0,3.0
Nottingham Hoods,"Tyrone Williams, Micah Savery-Richards, Byrce Johnson, Donell Nixon Ii, Sam Akano","Nottingham Hoods|1,14,21,24,7",21,Byrce Johnson,14,Micah Savery-Richards,1,3,1,0,1,1.0,3.0
Yorkshire Dragons,"David Ulph, Jordan Whelan, Jack Mielke, Corey Johnson, Nick Lewis","Yorkshire Dragons|10,23,5,9,93",23,Jordan Whelan,93,Nick Lewis,1,3,1,0,1,1.0,3.0
Nottingham Hoods,"Abiodun Adedo, Tyrone Williams, Byrce Johnson, Donell Nixon Ii, Thierry Walker","Nottingham Hoods|0,1,21,24,4",24,Donell Nixon Ii,4,Thierry Walker,1,3,1,0,1,1.0,3.0
Nottingham Hoods,"Abiodun Adedo, Tyrone Williams, Byrce Johnson, Donell Nixon Ii, Thierry Walker","Nottingham Hoods|0,1,21,24,4",1,Tyrone Williams,4,Thierry Walker,1,3,1,0,1,1.0,3.0
Nottingham Hoods,"Tyrone Williams, Byrce Johnson, Donell Nixon Ii, Thierry Walker, Elliot Bailey","Nottingham Hoods|1,21,24,4,6",24,Donell Nixon Ii,4,Thierry Walker,1,3,1,0,1,1.0,3.0
Nottingham Hoods,"Tyrone Williams, Byrce Johnson, Donell Nixon Ii, Thierry Walker, Elliot Bailey","Nottingham Hoods|1,21,24,4,6",4,Thierry Walker,1,Tyrone Williams,1,3,1,0,1,1.0,3.0
Nottingham Hoods,"Tyrone Williams, Byrce Johnson, Donell Nixon Ii, Elliot Bailey, Sam Akano","Nottingham Hoods|1,21,24,6,7",6,Elliot Bailey,7,Sam Akano,1,3,1,0,1,1.0,3.0
Hemel Storm,"Matt Norman, Veron Eze, Brayden Inger, Sam Newman, Jovan Rai","Hemel Storm|2,21,3,4,5",4,Sam Newman,3,Brayden Inger,1,3,1,0,1,1.0,3.0
Loughborough Riders,"Jalen Cook, Liam Campbell, Dan Hadley, Victor Ndukou, Callum Keys","Loughborough Riders|12,4,5,7,8",4,Liam Campbell,12,Jalen Cook,1,3,1,0,1,1.0,3.0
Hemel Storm,"Darien Nelson-Henry, Veron Eze, Sam Newman, Jovan Rai, Jack Burnell","Hemel Storm|10,21,4,5,7",5,Jovan Rai,7,Jack Burnell,1,3,1,0,1,1.0,3.0
Loughborough Riders,"Jalen Cook, Tomide Akinsuku, Liam Campbell, Seth Wylie, Callum Keys","Loughborough Riders|12,13,4,43,8",13,Tomide Akinsuku,4,Liam Campbell,1,3,1,0,1,1.0,3.0
Birmingham Rockets,"Ronald Blain, Orlan Jackman, Eric Donaldson, Lucas Mcgregor, Faaris Mughaal","Birmingham Rockets|0,13,3,6,7",3,Eric Donaldson,6,Lucas Mcgregor,1,3,1,0,1,1.0,3.0
Birmingham Rockets,"Ronald Blain, Orlan Jackman, Eric Donaldson, Lucas Mcgregor, Faaris Mughaal","Birmingham Rockets|0,13,3,6,7",3,Eric Donaldson,7,Faaris Mughaal,1,3,1,0,1,1.0,3.0
London Cavaliers,"Juan Manning, Marquel Beasley, Daniel Braster, Aj Roberts, Aaron Pyne","London Cavaliers|10,15,23,4,7",4,Aj Roberts,15,Marquel Beasley,1,3,1,0,1,1.0,3.0
Birmingham Rockets,"Ronald Blain, Orlan Jackman, Lucas Mcgregor, Faaris Mughaal, Martyn Gayle","Birmingham Rockets|0,13,6,7,8",6,Lucas Mcgregor,7,Faaris Mughaal,1,3,1,0,1,1.0,3.0
London Cavaliers,"Juan Manning, Daniel Delsol-Lowry, Mekhi Collins, Marquel Beasley, Omari Pond-Mckenzie","London Cavaliers|10,12,13,15,5",12,Daniel Delsol-Lowry,10,Juan Manning,1,3,1,0,1,1.0,3.0
Birmingham Rockets,"Orlan Jackman, Zack Powell, Eric Donaldson, Faaris Mughaal, Martyn Gayle","Birmingham Rockets|13,14,3,7,8",13,Orlan Jackman,8,Martyn Gayle,1,3,1,0,1,1.0,3.0
London Cavaliers,"Juan Manning, Mekhi Collins, Daniel Braster, Aj Roberts, Omari Pond-Mckenzie","London Cavaliers|10,13,23,4,5",23,Daniel Braster,10,Juan Manning,1,3,1,0,1,1.0,3.0
Birmingham Rockets,"Ronald Blain, Orlan Jackman, Zack Powell, Faaris Mughaal, Martyn Gayle","Birmingham Rockets|0,13,14,7,8",7,Faaris Mughaal,8,Martyn Gayle,1,3,1,0,1,1.0,3.0
Reading Rockets,"Cooper Creek, Jax Bouknight, Eliaz (Zain) Poorman, Victor Olarerin, Simon Chamberlain","Reading Rockets|14,4,6,8,9",9,Simon Chamberlain,8,Victor Olarerin,1,3,1,0,1,1.0,3.0
Birmingham Rockets,"Zack Powell, Luke Okosieme, Eric Donaldson, Lucas Mcgregor, Martyn Gayle","Birmingham Rockets|14,21,3,6,8",8,Martyn Gayle,3,Eric Donaldson,1,3,1,0,1,1.0,3.0
Reading Rockets,"La'quarne Sayles, Cooper Creek, Jax Bouknight, Eliaz (Zain) Poorman, Victor Olarerin","Reading Rockets|13,14,4,6,8",4,Jax Bouknight,8,Victor Olarerin,1,3,1,0,1,1.0,3.0
Birmingham Rockets,"Ronald Blain, Orlan Jackman, Zack Powell, Eric Donaldson, Faaris Mughal","Birmingham Rockets|0,13,14,3,7",3,Eric Donaldson,13,Orlan Jackman,1,3,1,0,1,1.0,3.0
Reading Rockets,"Cooper Creek, Jax Bouknight, Yusef Salih, Victor Olarerin, Simon Chamberlain","Reading Rockets|14,4,5,8,9",8,Victor Olarerin,9,Simon Chamberlain,1,3,1,0,1,1.0,3.0
Reading Rockets,"Cooper Creek, Jax Bouknight, Yusef Salih, Victor Olarerin, Simon Chamberlain","Reading Rockets|14,4,5,8,9",9,Simon Chamberlain,4,Jax Bouknight,1,3,1,0,1,1.0,3.0
Reading Rockets,"Malik Bryant, Cooper Creek, Jax Bouknight, Yusef Salih, Victor Olarerin","Reading Rockets|10,14,4,5,8",4,Jax Bouknight,10,Malik Bryant,1,3,1,0,1,1.0,3.0
Loughborough Riders,"Johde Campbell, Seth Wylie, Oscar Curran, Victor Ndukou, Callum Keys","Loughborough Riders|0,43,6,7,8",0,Johde Campbell,7,Victor Ndukou,1,3,1,0,1,1.0,3.0
Newcastle Knights,"Bradley Dean, Jaron Thames, Will Neighbour, Messiah Jones, Robert Reed","Newcastle Knights|1,11,15,5,6",1,Bradley Dean,15,Will Neighbour,1,3,1,0,1,1.0,3.0
Newcastle Knights,"Bradley Dean, Sam Trunley, Jaron Thames, Will Neighbour, Messiah Jones","Newcastle Knights|1,10,11,15,5",1,Bradley Dean,15,Will Neighbour,1,3,1,0,1,1.0,3.0
Newcastle Knights,"Sam Trunley, Jaron Thames, Will Neighbour, Max Matthews, Theo Riley","Newcastle Knights|10,11,15,8,9",10,Sam Trunley,8,Max Matthews,1,3,1,0,1,1.0,3.0
Newcastle Knights,"Bradley Dean, Sam Trunley, Jaron Thames, Will Neighbour, Max Matthews","Newcastle Knights|1,10,11,15,8",8,Max Matthews,15,Will Neighbour,1,3,1,0,1,1.0,3.0
Loughborough Riders,"Michael Joiner, Tomide Akinsuku, Cameron Nyarko, Liam Campbell, Oscar Curran","Loughborough Riders|11,13,3,4,6",13,Tomide Akinsuku,11,Michael Joiner,1,3,1,0,1,1.0,3.0
Newcastle Knights,"Bradley Dean, Sam Trunley, Jaron Thames, Will Neighbour, Max Matthews","Newcastle Knights|1,10,11,15,8",15,Will Neighbour,1,Bradley Dean,1,3,1,0,1,1.0,3.0
Loughborough Riders,"Michael Joiner, Tomide Akinsuku, Cameron Nyarko, Liam Campbell, Oscar Curran","Loughborough Riders|11,13,3,4,6",6,Oscar Curran,11,Michael Joiner,1,3,1,0,1,1.0,3.0
Newcastle Knights,"Bradley Dean, Jaron Thames, Jason Soodeen, Robert Reed, Max Matthews","Newcastle Knights|1,11,12,6,8",8,Max Matthews,1,Bradley Dean,1,3,1,0,1,1.0,3.0
Loughborough Riders,"Jalen Cook, Cameron Nyarko, Liam Campbell, Seth Wylie, Oscar Curran","Loughborough Riders|12,3,4,43,6",43,Seth Wylie,4,Liam Campbell,1,3,1,0,1,1.0,3.0
Newcastle Knights,"Jason Soodeen, Finn Cork, Mekhi Hendry, Robert Reed, Max Matthews","Newcastle Knights|12,13,2,6,8",12,Jason Soodeen,6,Robert Reed,1,3,1,0,1,1.0,3.0
Birmingham Rockets,"Orlan Jackman, Eric Donaldson, Lucas Mcgregor, Faaris Mughaal, Martyn Gayle","Birmingham Rockets|13,3,6,7,8",6,Lucas Mcgregor,3,Eric Donaldson,1,3,1,0,1,1.0,3.0
Milton Keynes Breakers,"Ben Baker-Mccann, Mike New Jr., Jordan Spencer, Blayne Freckleton, Chase Thompson","Milton Keynes Breakers|11,15,23,7,8",23,Jordan Spencer,7,Blayne Freckleton,1,3,1,0,1,1.0,3.0
Birmingham Rockets,"Ronald Blain, Orlan Jackman, Zack Powell, Luke Okosieme, Martyn Gayle","Birmingham Rockets|0,13,14,21,8",14,Zack Powell,8,Martyn Gayle,1,3,1,0,1,1.0,3.0
Birmingham Rockets,"Ronald Blain, Orlan Jackman, Zack Powell, Luke Okosieme, Martyn Gayle","Birmingham Rockets|0,13,14,21,8",13,Orlan Jackman,0,Ronald Blain,1,3,1,0,1,1.0,3.0
Birmingham Rockets,"Ronald Blain, Zack Powell, Luke Okosieme, Eric Donaldson, Martyn Gayle","Birmingham Rockets|0,14,21,3,8",21,Luke Okosieme,3,Eric Donaldson,1,3,1,0,1,1.0,3.0
Milton Keynes Breakers,"Dashawn Jackson, Ben Baker-Mccann, Luke Gregory, Mike New Jr., Jordan Spencer","Milton Keynes Breakers|1,11,13,15,23",13,Luke Gregory,1,Dashawn Jackson,1,3,1,0,1,1.0,3.0
Milton Keynes Breakers,"Dashawn Jackson, Luke Gregory, Mike New Jr., Jordan Spencer, Blayne Freckleton","Milton Keynes Breakers|1,13,15,23,7",13,Luke Gregory,1,Dashawn Jackson,1,3,1,0,1,1.0,3.0
Milton Keynes Breakers,"Dashawn Jackson, Ben Baker-Mccann, Mike New Jr., Jordan Spencer, Chase Thompson","Milton Keynes Breakers|1,11,15,23,8",11,Ben Baker-Mccann,23,Jordan Spencer,1,3,1,0,1,1.0,3.0
Worthing Thunder,"Justin Hopkins, Elijah Maynard, Jonathan Lashley, Adrian Scarborough, Bode Adeluola","Worthing Thunder|15,22,35,4,5",22,Elijah Maynard,15,Justin Hopkins,1,3,1,0,1,1.0,3.0
London Cavaliers,"Juan Manning, Mekhi Collins, Marquel Beasley, Daniel Delsol-Lowry, Aj Roberts","London Cavaliers|10,13,15,21,4",13,Mekhi Collins,21,Daniel Delsol-Lowry,1,3,1,0,1,1.0,3.0
Worthing Thunder,"Danny Evans, Matthew Bryan-Amaning, Justin Hopkins, Adrian Scarborough, Elliott Dadds","Worthing Thunder|0,11,15,4,7",15,Justin Hopkins,7,Elliott Dadds,1,3,1,0,1,1.0,3.0
London Cavaliers,"Juan Manning, Daniel Delsol-Lowry, Aj Roberts, Omari Pond-Mckenzie, Aaron Pyne","London Cavaliers|10,21,4,5,7",10,Juan Manning,21,Daniel Delsol-Lowry,1,3,1,0,1,1.0,3.0
Worthing Thunder,"Justin Hopkins, Jonathan Lashley, Adrian Scarborough, Bode Adeluola, Elliott Dadds","Worthing Thunder|15,35,4,5,7",5,Bode Adeluola,15,Justin Hopkins,1,3,1,0,1,1.0,3.0
London Cavaliers,"Juan Manning, Mekhi Collins, Daniel Delsol-Lowry, Daniel Braster, Aj Roberts","London Cavaliers|10,13,21,23,4",10,Juan Manning,4,Aj Roberts,1,3,1,0,1,1.0,3.0
Worthing Thunder,"Justin Hopkins, Jonathan Lashley, Adrian Scarborough, Bode Adeluola, Elliott Dadds","Worthing Thunder|15,35,4,5,7",7,Elliott Dadds,5,Bode Adeluola,1,3,1,0,1,1.0,3.0
Worthing Thunder,"Justin Hopkins, Jonathan Lashley, Adrian Scarborough, Bode Adeluola, Elliott Dadds","Worthing Thunder|15,35,4,5,7",7,Elliott Dadds,15,Justin Hopkins,1,3,1,0,1,1.0,3.0
Essex Rebels,"Daniel Johnson-Thompson, Remy Udeh, Miles Brown, Tom Child, Ben Winter","Essex Rebels|13,14,2,22,5",5,Ben Winter,2,Miles Brown,1,3,1,0,1,1.0,3.0
Yorkshire Dragons,"Ben Tew, Logan Rooney, Jordan Jefferson, Jack Mielke, Corey Johnson","Yorkshire Dragons|20,3,4,5,9",9,Corey Johnson,4,Jordan Jefferson,1,3,1,0,1,1.0,3.0
Yorkshire Dragons,"Ben Tew, Logan Rooney, Jordan Jefferson, Jack Mielke, Corey Johnson","Yorkshire Dragons|20,3,4,5,9",9,Corey Johnson,3,Logan Rooney,1,3,1,0,1,1.0,3.0
Essex Rebels,"Michael Amako, Kyron Martin, Miles Brown, Tom Child, Tyreese Hudson","Essex Rebels|1,10,2,22,9",1,Michael Amako,10,Kyron Martin,1,3,1,0,1,1.0,3.0
Essex Rebels,"Kyron Martin, Daniel Johnson-Thompson, Remy Udeh, Anthony Idiata-Mendez, Tom Child","Essex Rebels|10,13,14,20,22",22,Tom Child,14,Remy Udeh,1,3,1,0,1,1.0,3.0
Essex Rebels,"Daniel Johnson-Thompson, Remy Udeh, Miles Brown, Tom Child, Ben Winter","Essex Rebels|13,14,2,22,5",22,Tom Child,5,Ben Winter,1,3,1,0,1,1.0,3.0
Essex Rebels,"Kyron Martin, Daniel Johnson-Thompson, Remy Udeh, Miles Brown, Tom Child","Essex Rebels|10,13,14,2,22",14,Remy Udeh,2,Miles Brown,1,3,1,0,1,1.0,3.0
Essex Rebels,"Kyron Martin, Miles Brown, Tom Child, Ben Winter, Tyreese Hudson","Essex Rebels|10,2,22,5,9",2,Miles Brown,10,Kyron Martin,1,3,1,0,1,1.0,3.0
Yorkshire Dragons,"David Ulph, Jordan Whelan, Logan Rooney, Jordan Jefferson, Corey Johnson","Yorkshire Dragons|10,23,3,4,9",9,Corey Johnson,23,Jordan Whelan,1,3,1,0,1,1.0,3.0
Reading Rockets,"Malik Bryant, Cooper Creek, Jax Bouknight, Yusef Salih, Simon Chamberlain","Reading Rockets|10,14,4,5,9",4,Jax Bouknight,9,Simon Chamberlain,1,3,1,0,1,1.0,3.0
Bristol Flyers II,"Yusuf Hafid, Nikolas Sagkovits, Nassim Ladjimi, Wickens Simba, Giuseppe Landolfi","Bristol Flyers II|0,21,24,6,7",21,Nikolas Sagkovits,24,Nassim Ladjimi,1,3,1,0,1,1.0,3.0
Reading Rockets,"Malik Bryant, La'quarne Sayles, Cooper Creek, Jax Bouknight, Simon Chamberlain","Reading Rockets|10,13,14,4,9",13,La'quarne Sayles,4,Jax Bouknight,1,3,1,0,1,1.0,3.0
Reading Rockets,"La'quarne Sayles, Jax Bouknight, Yusef Salih, Eliaz (Zain) Poorman, Simon Chamberlain","Reading Rockets|13,4,5,6,9",9,Simon Chamberlain,5,Yusef Salih,1,3,1,0,1,1.0,3.0
Reading Rockets,"La'quarne Sayles, Yusef Salih, Eliaz (Zain) Poorman, Victor Olarerin, Simon Chamberlain","Reading Rockets|13,5,6,8,9",6,Eliaz (Zain) Poorman,9,Simon Chamberlain,1,3,1,0,1,1.0,3.0
Reading Rockets,"La'quarne Sayles, Jax Bouknight, Eliaz (Zain) Poorman, Victor Olarerin, Simon Chamberlain","Reading Rockets|13,4,6,8,9",9,Simon Chamberlain,8,Victor Olarerin,1,3,1,0,1,1.0,3.0
Reading Rockets,"La'quarne Sayles, Jax Bouknight, Eliaz (Zain) Poorman, Victor Olarerin, Simon Chamberlain","Reading Rockets|13,4,6,8,9",9,Simon Chamberlain,13,La'quarne Sayles,1,3,1,0,1,1.0,3.0
Reading Rockets,"La'quarne Sayles, Jax Bouknight, Eliaz (Zain) Poorman, Victor Olarerin, Simon Chamberlain","Reading Rockets|13,4,6,8,9",6,Eliaz (Zain) Poorman,9,Simon Chamberlain,1,3,1,0,1,1.0,3.0
Bristol Hurricanes,"Daniel Edozie, Jules Dang-Akodo, Denzel Ubiaro, Corey Samuels, Chris Taylor","Bristol Hurricanes|1,23,31,4,9",31,Denzel Ubiaro,23,Jules Dang-Akodo,1,3,1,0,1,1.0,3.0
Derby Trailblazers,"Casey Burr, Jai Pathmarajah, Sean Mo Walker, Charlie Brown, Malcolm Smith","Derby Trailblazers|0,22,3,4,9",0,Casey Burr,22,Jai Pathmarajah,1,3,1,0,1,1.0,3.0
Derby Trailblazers,"Elias Norman, Connor Washington, Sean Mo Walker, Charlie Brown, Raheem May-Thompson","Derby Trailblazers|12,13,3,4,7",4,Charlie Brown,13,Connor Washington,1,3,1,0,1,1.0,3.0
Bristol Hurricanes,"Daniel Edozie, Elvisi Dusha, Jules Dang-Akodo, Corey Samuels, Chris Taylor","Bristol Hurricanes|1,12,23,4,9",12,Elvisi Dusha,23,Jules Dang-Akodo,1,3,1,0,1,1.0,3.0
Derby Trailblazers,"Elias Norman, Connor Washington, Sean Mo Walker, Charlie Brown, Raheem May-Thompson","Derby Trailblazers|12,13,3,4,7",12,Elias Norman,13,Connor Washington,1,3,1,0,1,1.0,3.0
Derby Trailblazers,"Elias Norman, Connor Washington, Sean Mo Walker, Charlie Brown, Raheem May-Thompson","Derby Trailblazers|12,13,3,4,7",13,Connor Washington,3,Sean Mo Walker,1,3,1,0,1,1.0,3.0
Bristol Hurricanes,"Daniel Edozie, Elvisi Dusha, Jules Dang-Akodo, Corey Samuels, Chris Taylor","Bristol Hurricanes|1,12,23,4,9",4,Corey Samuels,23,Jules Dang-Akodo,1,3,1,0,1,1.0,3.0
Derby Trailblazers,"Elias Norman, Jai Pathmarajah, Will Tallon, Robert Marsden, Malcolm Smith","Derby Trailblazers|12,22,23,30,9",30,Robert Marsden,12,Elias Norman,1,3,1,0,1,1.0,3.0
Bristol Hurricanes,"Ashley Pearce, David Forsyth, Elvisi Dusha, Corey Samuels, Chris Taylor","Bristol Hurricanes|0,11,12,4,9",12,Elvisi Dusha,9,Chris Taylor,1,3,1,0,1,1.0,3.0
Derby Trailblazers,"Casey Burr, Elias Norman, Will Tallon, Robert Marsden, Malcolm Smith","Derby Trailblazers|0,12,23,30,9",0,Casey Burr,12,Elias Norman,1,3,1,0,1,1.0,3.0
Bristol Hurricanes,"Ashley Pearce, David Forsyth, Denzel Ubiaro, Corey Samuels, Chris Taylor","Bristol Hurricanes|0,11,31,4,9",11,David Forsyth,4,Corey Samuels,1,3,1,0,1,1.0,3.0
Bristol Flyers II,"Yusuf Hafid, Reggie Eigbe, Nassim Ladjimi, Thomas Browne, Ebuka Ekwegh","Bristol Flyers II|0,13,24,7,8",8,Ebuka Ekwegh,24,Nassim Ladjimi,1,3,1,0,1,1.0,3.0
Bristol Flyers II,"Yusuf Hafid, Reggie Eigbe, Nassim Ladjimi, Thomas Browne, Ebuka Ekwegh","Bristol Flyers II|0,13,24,7,8",24,Nassim Ladjimi,8,Ebuka Ekwegh,1,3,1,0,1,1.0,3.0
Yorkshire Dragons,"Ben Tew, Jordan Whelan, Jordan Jefferson, Jack Mielke, Corey Johnson","Yorkshire Dragons|20,23,4,5,9",9,Corey Johnson,4,Jordan Jefferson,1,3,1,0,1,1.0,3.0
Yorkshire Dragons,"Ben Tew, Jordan Whelan, Jordan Jefferson, Jack Mielke, Corey Johnson","Yorkshire Dragons|20,23,4,5,9",4,Jordan Jefferson,5,Jack Mielke,1,3,1,0,1,1.0,3.0
Yorkshire Dragons,"Ronnie Ani, David Ulph, Logan Rooney, Jack Mielke, Corey Johnson","Yorkshire Dragons|1,10,3,5,9",10,David Ulph,1,Ronnie Ani,1,3,1,0,1,1.0,3.0
Yorkshire Dragons,"Ronnie Ani, David Ulph, Logan Rooney, Jack Mielke, Corey Johnson","Yorkshire Dragons|1,10,3,5,9",9,Corey Johnson,3,Logan Rooney,1,3,1,0,1,1.0,3.0
Bristol Flyers II,"Yusuf Hafid, Reggie Eigbe, Anthony Bhebhe, Thomas Browne, Ebuka Ekwegh","Bristol Flyers II|0,13,4,7,8",4,Anthony Bhebhe,0,Yusuf Hafid,1,3,1,0,1,1.0,3.0
Yorkshire Dragons,"Ronnie Ani, David Ulph, Logan Rooney, Jack Mielke, Corey Johnson","Yorkshire Dragons|1,10,3,5,9",3,Logan Rooney,5,Jack Mielke,1,3,1,0,1,1.0,3.0
Bristol Flyers II,"Yusuf Hafid, Reggie Eigbe, Nassim Ladjimi, Thomas Browne, Ebuka Ekwegh","Bristol Flyers II|0,13,24,7,8",0,Yusuf Hafid,24,Nassim Ladjimi,1,3,1,0,1,1.0,3.0
Bristol Flyers II,"Yusuf Hafid, Reggie Eigbe, Nassim Ladjimi, Luka Matthews, Thomas Browne","Bristol Flyers II|0,13,24,5,7",0,Yusuf Hafid,24,Nassim Ladjimi,1,3,1,0,1,1.0,3.0
Bristol Flyers II,"Yusuf Hafid, Nassim Ladjimi, Anthony Bhebhe, Thomas Browne, Ebuka Ekwegh","Bristol Flyers II|0,24,4,7,8",8,Ebuka Ekwegh,7,Thomas Browne,1,3,1,0,1,1.0,3.0
Bristol Flyers II,"Yusuf Hafid, Reggie Eigbe, Nassim Ladjimi, Thomas Browne, Ebuka Ekwegh","Bristol Flyers II|0,13,24,7,8",13,Reggie Eigbe,0,Yusuf Hafid,1,3,1,0,1,1.0,3.0
Birmingham Rockets,"Orlan Jackman, Zack Powell, Eric Donaldson, Faaris Mughaal, Martyn Gayle","Birmingham Rockets|13,14,3,7,8",14,Zack Powell,8,Martyn Gayle,1,3,1,0,1,1.0,3.0
Derby Trailblazers,"Connor Washington, Jai Pathmarajah, Sean Mo Walker, Robert Marsden, Charlie Brown","Derby Trailblazers|13,22,3,30,4",4,Charlie Brown,13,Connor Washington,1,3,1,0,1,1.0,3.0
Birmingham Rockets,"Ronald Blain, Larry Duru, Luke Okosieme, Eric Donaldson, Faaris Mughaal","Birmingham Rockets|0,16,21,3,7",0,Ronald Blain,3,Eric Donaldson,1,3,1,0,1,1.0,3.0
Birmingham Rockets,"Ronald Blain, Orlan Jackman, Zack Powell, Eric Donaldson, Faaris Mughaal","Birmingham Rockets|0,13,14,3,7",3,Eric Donaldson,0,Ronald Blain,1,3,1,0,1,1.0,3.0
Birmingham Rockets,"Ronald Blain, Orlan Jackman, Zack Powell, Eric Donaldson, Faaris Mughaal","Birmingham Rockets|0,13,14,3,7",0,Ronald Blain,13,Orlan Jackman,1,3,1,0,1,1.0,3.0
Derby Trailblazers,"Casey Burr, Connor Washington, Robert Marsden, Charlie Brown, Raheem May-Thompson","Derby Trailblazers|0,13,30,4,7",4,Charlie Brown,7,Raheem May-Thompson,1,3,1,0,1,1.0,3.0
Derby Trailblazers,"Casey Burr, Connor Washington, Robert Marsden, Charlie Brown, Raheem May-Thompson","Derby Trailblazers|0,13,30,4,7",30,Robert Marsden,0,Casey Burr,1,3,1,0,1,1.0,3.0
Derby Trailblazers,"Casey Burr, Elias Norman, Jai Pathmarajah, Sean Mo Walker, Charlie Brown","Derby Trailblazers|0,12,22,3,4",4,Charlie Brown,12,Elias Norman,1,3,1,0,1,1.0,3.0
Worthing Thunder,"Justin Hopkins, Elijah Maynard, Jonathan Lashley, Adrian Scarborough, Bode Adeluola","Worthing Thunder|15,22,35,4,5",22,Elijah Maynard,35,Jonathan Lashley,1,3,1,0,1,1.0,3.0
Worthing Thunder,"Matthew Bryan-Amaning, Justin Hopkins, Elijah Maynard, Adrian Scarborough, Elliott Dadds","Worthing Thunder|11,15,22,4,7",11,Matthew Bryan-Amaning,22,Elijah Maynard,1,3,1,0,1,1.0,3.0
Worthing Thunder,"Danny Evans, Justin Hopkins, Adrian Scarborough, Bode Adeluola, Elliott Dadds","Worthing Thunder|0,15,4,5,7",0,Danny Evans,7,Elliott Dadds,1,3,1,0,1,1.0,3.0
Worthing Thunder,"Danny Evans, Justin Hopkins, Adrian Scarborough, Bode Adeluola, Elliott Dadds","Worthing Thunder|0,15,4,5,7",5,Bode Adeluola,15,Justin Hopkins,1,3,1,0,1,1.0,3.0
Worthing Thunder,"Justin Hopkins, Elijah Maynard, Adrian Scarborough, Bode Adeluola, Elliott Dadds","Worthing Thunder|15,22,4,5,7",5,Bode Adeluola,15,Justin Hopkins,1,3,1,0,1,1.0,3.0
Worthing Thunder,"Matthew Bryan-Amaning, Justin Hopkins, Elijah Maynard, Jonathan Lashley, Bode Adeluola","Worthing Thunder|11,15,22,35,5",11,Matthew Bryan-Amaning,5,Bode Adeluola,1,3,1,0,1,1.0,3.0
Newcastle Knights,"Bradley Dean, Jaron Thames, Will Neighbour, Mekhi Hendry, Messiah Jones","Newcastle Knights|1,11,15,2,5",1,Bradley Dean,2,Mekhi Hendry,1,3,1,0,1,1.0,3.0
Newcastle Knights,"Bradley Dean, Sam Trunley, Jaron Thames, Messiah Jones, Max Matthews","Newcastle Knights|1,10,11,5,8",1,Bradley Dean,8,Max Matthews,1,3,1,0,1,1.0,3.0
Worthing Thunder,"Danny Evans, Justin Hopkins, Adrian Scarborough, Bode Adeluola, Elliott Dadds","Worthing Thunder|0,15,4,5,7",7,Elliott Dadds,15,Justin Hopkins,1,3,1,0,1,1.0,3.0
London Cavaliers,"Juan Manning, Mekhi Collins, Daniel Braster, Aj Roberts, Aaron Pyne","London Cavaliers|10,13,23,4,7",23,Daniel Braster,7,Aaron Pyne,1,3,1,0,1,1.0,3.0
London Cavaliers,"Juan Manning, Joe Richards, Marquel Beasley, Aj Roberts, Aaron Pyne","London Cavaliers|10,11,15,4,7",4,Aj Roberts,7,Aaron Pyne,1,3,1,0,1,1.0,3.0
London Cavaliers,"Juan Manning, Joe Richards, Marquel Beasley, Aj Roberts, Aaron Pyne","London Cavaliers|10,11,15,4,7",4,Aj Roberts,15,Marquel Beasley,1,3,1,0,1,1.0,3.0
Loughborough Riders,"Michael Joiner, Jalen Cook, Tomide Akinsuku, Liam Campbell, Callum Keys","Loughborough Riders|11,12,13,4,8",12,Jalen Cook,11,Michael Joiner,1,3,1,0,1,1.0,3.0
London Cavaliers,"Joe Richards, Mekhi Collins, Daniel Braster, Aj Roberts, Aaron Pyne","London Cavaliers|11,13,23,4,7",23,Daniel Braster,4,Aj Roberts,1,3,1,0,1,1.0,3.0
Loughborough Riders,"Johde Campbell, Michael Joiner, Tomide Akinsuku, Cameron Nyarko, Seth Wylie","Loughborough Riders|0,11,13,3,43",43,Seth Wylie,0,Johde Campbell,1,3,1,0,1,1.0,3.0
Loughborough Riders,"Johde Campbell, Michael Joiner, Tomide Akinsuku, Liam Campbell, Seth Wylie","Loughborough Riders|0,11,13,4,43",0,Johde Campbell,4,Liam Campbell,1,3,1,0,1,1.0,3.0
Loughborough Riders,"Michael Joiner, Tomide Akinsuku, Liam Campbell, Seth Wylie, Oscar Curran","Loughborough Riders|11,13,4,43,6",4,Liam Campbell,43,Seth Wylie,1,3,1,0,1,1.0,3.0
Essex Rebels,"Daniel Johnson-Thompson, Miles Brown, Tom Child, Ben Winter, Johnny Mckew","Essex Rebels|13,2,22,5,7",22,Tom Child,5,Ben Winter,1,3,1,0,1,1.0,3.0
Milton Keynes Breakers,"Ben Baker-Mccann, Jonas Dietrich, Mike New Jr., Xavier Wilson, Jordan Spencer","Milton Keynes Breakers|11,12,15,21,23",23,Jordan Spencer,21,Xavier Wilson,1,3,1,0,1,1.0,3.0
Milton Keynes Breakers,"Ben Baker-Mccann, Jonas Dietrich, Mike New Jr., Xavier Wilson, Jordan Spencer","Milton Keynes Breakers|11,12,15,21,23",11,Ben Baker-Mccann,23,Jordan Spencer,1,3,1,0,1,1.0,3.0
Essex Rebels,"Mou Wol-Cummings, Daniel Johnson-Thompson, Miles Brown, Tom Child, Johnny Mckew","Essex Rebels|0,13,2,22,7",2,Miles Brown,22,Tom Child,1,3,1,0,1,1.0,3.0
Essex Rebels,"Mou Wol-Cummings, Daniel Johnson-Thompson, Miles Brown, Tom Child, Johnny Mckew","Essex Rebels|0,13,2,22,7",22,Tom Child,7,Johnny Mckew,1,3,1,0,1,1.0,3.0
Milton Keynes Breakers,"Dashawn Jackson, Ben Baker-Mccann, Xavier Wilson, Jordan Spencer, Chase Thompson","Milton Keynes Breakers|10,11,21,23,8",23,Jordan Spencer,8,Chase Thompson,1,3,1,0,1,1.0,3.0
Milton Keynes Breakers,"Ben Baker-Mccann, Jonas Dietrich, Xavier Wilson, Jordan Spencer, Chase Thompson","Milton Keynes Breakers|11,12,21,23,8",21,Xavier Wilson,8,Chase Thompson,1,3,1,0,1,1.0,3.0
Nottingham Hoods,"Latrell Maitland, Donell Nixon Ii, Byrce Johnson, Tyrone Williams, Elliot Bailey","Nottingham Hoods|0,24,25,55,6",24,Donell Nixon Ii,0,Latrell Maitland,1,3,1,0,1,1.0,3.0
Loughborough Riders,"Johde Campbell, Michael Joiner, Jalen Cook, Tomide Akinsuku, Dan Hadley","Loughborough Riders|0,11,31,36,5",0,Johde Campbell,31,Jalen Cook,1,3,1,0,1,1.0,3.0
Loughborough Riders,"Johde Campbell, Michael Joiner, Jalen Cook, Tomide Akinsuku, Dan Hadley","Loughborough Riders|0,11,31,36,5",5,Dan Hadley,31,Jalen Cook,1,3,1,0,1,1.0,3.0
Loughborough Riders,"Johde Campbell, Michael Joiner, Jalen Cook, Tomide Akinsuku, Oscar Curran","Loughborough Riders|0,11,31,36,6",0,Johde Campbell,31,Jalen Cook,1,3,1,0,1,1.0,3.0
Loughborough Riders,"Johde Campbell, Michael Joiner, Jalen Cook, Tomide Akinsuku, Callum Keys","Loughborough Riders|0,11,31,36,8",31,Jalen Cook,0,Johde Campbell,1,3,1,0,1,1.0,3.0
Loughborough Riders,"Johde Campbell, Levi Ehiorobo, Jalen Cook, Seth Wylie, Dan Hadley","Loughborough Riders|0,10,31,43,5",31,Jalen Cook,0,Johde Campbell,1,3,1,0,1,1.0,3.0
Loughborough Riders,"Levi Ehiorobo, Michael Joiner, Jalen Cook, Liam Campbell, Seth Wylie","Loughborough Riders|10,11,31,4,43",4,Liam Campbell,11,Michael Joiner,1,3,1,0,1,1.0,3.0
Loughborough Riders,"Levi Ehiorobo, Michael Joiner, Jalen Cook, Liam Campbell, Seth Wylie","Loughborough Riders|10,11,31,4,43",4,Liam Campbell,43,Seth Wylie,1,3,1,0,1,1.0,3.0
Derby Trailblazers,"Casey Burr, Connor Washington, Robert Marsden, Charlie Brown, Raheem May-Thompson","Derby Trailblazers|0,13,30,4,7",0,Casey Burr,13,Connor Washington,1,3,1,0,1,1.0,3.0
Reading Rockets,"Jax Bouknight, Yusef Salih, Eliaz (Zain) Poorman, Victor Olarerin, Simon Chamberlain","Reading Rockets|4,5,6,8,9",4,Jax Bouknight,9,Simon Chamberlain,1,3,1,0,1,1.0,3.0
Reading Rockets,"Malik Bryant, La'quarne Sayles, Cooper Creek, Jax Bouknight, Victor Olarerin","Reading Rockets|10,13,14,4,8",4,Jax Bouknight,14,Cooper Creek,1,3,1,0,1,1.0,3.0
Yorkshire Dragons,"David Ulph, Logan Rooney, Jordan Jefferson, Corey Johnson, Nick Lewis","Yorkshire Dragons|10,3,4,9,93",93,Nick Lewis,9,Corey Johnson,1,3,1,0,1,1.0,3.0
Yorkshire Dragons,"David Ulph, Jordan Whelan, Logan Rooney, Jordan Jefferson, Corey Johnson","Yorkshire Dragons|10,23,3,4,9",10,David Ulph,9,Corey Johnson,1,3,1,0,1,1.0,3.0
Reading Rockets,"Cooper Creek, Jax Bouknight, Yusef Salih, Eliaz (Zain) Poorman, Simon Chamberlain","Reading Rockets|14,4,5,6,9",14,Cooper Creek,4,Jax Bouknight,1,3,1,0,1,1.0,3.0
London Cavaliers,"Joe Richards, Daniel Delsol-Lowry, Marquel Beasley, Aj Roberts, Aaron Pyne","London Cavaliers|11,12,15,4,7",11,Joe Richards,15,Marquel Beasley,1,3,1,0,1,1.0,3.0
London Cavaliers,"Joe Richards, Daniel Delsol-Lowry, Marquel Beasley, Aj Roberts, Aaron Pyne","London Cavaliers|11,12,15,4,7",12,Daniel Delsol-Lowry,4,Aj Roberts,1,3,1,0,1,1.0,3.0
Nottingham Hoods,"Tyrone Williams, Abiodun Adedo, Donell Nixon Ii, Elliot Bailey, Micah Savery-Richards","Nottingham Hoods|1,12,24,6,8",1,Tyrone Williams,24,Donell Nixon Ii,1,3,1,0,1,1.0,3.0
Nottingham Hoods,"Tyrone Williams, Abiodun Adedo, Byrce Johnson, Latrell Maitland, Sam Akano","Nottingham Hoods|1,12,21,23,7",1,Tyrone Williams,7,Sam Akano,1,3,1,0,1,1.0,3.0
London Cavaliers,"Juan Manning, Daniel Delsol-Lowry, Daniel Braster, Aj Roberts, Aaron Pyne","London Cavaliers|10,12,23,4,7",10,Juan Manning,7,Aaron Pyne,1,3,1,0,1,1.0,3.0
Derby Trailblazers,"Casey Burr, Connor Washington, Jai Pathmarajah, Robert Marsden, Charlie Brown","Derby Trailblazers|0,13,22,30,4",4,Charlie Brown,22,Jai Pathmarajah,1,3,1,0,1,1.0,3.0
Yorkshire Dragons,"David Ulph, Jordan Jefferson, Jack Mielke, Corey Johnson, Nick Lewis","Yorkshire Dragons|10,4,5,9,93",4,Jordan Jefferson,93,Nick Lewis,1,3,1,0,1,1.0,3.0
Yorkshire Dragons,"David Ulph, Jordan Jefferson, Jack Mielke, Corey Johnson, Nick Lewis","Yorkshire Dragons|10,4,5,9,93",10,David Ulph,9,Corey Johnson,1,3,1,0,1,1.0,3.0
Yorkshire Dragons,"Ben Tew, Jordan Whelan, Jordan Jefferson, Corey Johnson, Nick Lewis","Yorkshire Dragons|20,23,4,9,93",20,Ben Tew,9,Corey Johnson,1,3,1,0,1,1.0,3.0
Derby Trailblazers,"Casey Burr, Jai Pathmarajah, Sean Mo Walker, Robert Marsden, Charlie Brown","Derby Trailblazers|0,22,3,30,4",30,Robert Marsden,0,Casey Burr,1,3,1,0,1,1.0,3.0
Yorkshire Dragons,"Ben Tew, Jordan Whelan, Jordan Jefferson, Corey Johnson, Nick Lewis","Yorkshire Dragons|20,23,4,9,93",93,Nick Lewis,9,Corey Johnson,1,3,1,0,1,1.0,3.0
Yorkshire Dragons,"Ben Tew, Jordan Whelan, Jordan Jefferson, Corey Johnson, Nick Lewis","Yorkshire Dragons|20,23,4,9,93",4,Jordan Jefferson,9,Corey Johnson,1,3,1,0,1,1.0,3.0
Newcastle Knights,"Bradley Dean, Sam Trunley, Jaron Thames, Messiah Jones, Theo Riley","Newcastle Knights|1,10,11,5,9",9,Theo Riley,1,Bradley Dean,1,3,1,0,1,1.0,3.0
Newcastle Knights,"Bradley Dean, Sam Trunley, Jaron Thames, Messiah Jones, Theo Riley","Newcastle Knights|1,10,11,5,9",1,Bradley Dean,10,Sam Trunley,1,3,1,0,1,1.0,3.0
Milton Keynes Breakers,"Ben Baker-Mccann, Mike New Jr., Jordan Spencer, Blayne Freckleton, Chase Thompson","Milton Keynes Breakers|11,15,23,7,8",8,Chase Thompson,23,Jordan Spencer,1,3,1,0,1,1.0,3.0
Newcastle Knights,"Bradley Dean, Sam Trunley, Jaron Thames, Rowell Graham-Bell, Messiah Jones","Newcastle Knights|1,10,11,14,5",14,Rowell Graham-Bell,10,Sam Trunley,1,3,1,0,1,1.0,3.0
Newcastle Knights,"Sam Trunley, Jaron Thames, Will Neighbour, Messiah Jones, Max Matthews","Newcastle Knights|10,11,15,5,8",15,Will Neighbour,10,Sam Trunley,1,3,1,0,1,1.0,3.0
Milton Keynes Breakers,"Dashawn Jackson, Mike New Jr., Jordan Spencer, Blayne Freckleton, Chase Thompson","Milton Keynes Breakers|1,15,23,7,8",8,Chase Thompson,7,Blayne Freckleton,1,3,1,0,1,1.0,3.0
Newcastle Knights,"Bradley Dean, Sam Trunley, Jaron Thames, Rowell Graham-Bell, Theo Riley","Newcastle Knights|1,10,11,14,9",9,Theo Riley,10,Sam Trunley,1,3,1,0,1,1.0,3.0
Milton Keynes Breakers,"Dashawn Jackson, Mike New Jr., Jordan Spencer, Blayne Freckleton, Chase Thompson","Milton Keynes Breakers|1,15,23,7,8",7,Blayne Freckleton,1,Dashawn Jackson,1,3,1,0,1,1.0,3.0
Newcastle Knights,"Bradley Dean, Sam Trunley, Jaron Thames, Jason Soodeen, Theo Riley","Newcastle Knights|1,10,11,12,9",9,Theo Riley,11,Jaron Thames,1,3,1,0,1,1.0,3.0
Bristol Flyers II,"Lanre Ayinla, Roman Price, Reggie Eigbe, Anthony Bhebhe, Thomas Browne","Bristol Flyers II|10,11,13,4,7",7,Thomas Browne,13,Reggie Eigbe,1,3,1,0,1,1.0,3.0
Bristol Hurricanes,"Elvisi Dusha, Jules Dang-Akodo, Corey Samuels, Vilmantas Dilys, Chris Taylor","Bristol Hurricanes|12,23,4,55,9",12,Elvisi Dusha,23,Jules Dang-Akodo,1,3,1,0,1,1.0,3.0
Bristol Flyers II,"Yusuf Hafid, Roman Price, Reggie Eigbe, Nassim Ladjimi, Ebuka Ekwegh","Bristol Flyers II|0,11,13,24,8",8,Ebuka Ekwegh,11,Roman Price,1,3,1,0,1,1.0,3.0
Bristol Flyers II,"Yusuf Hafid, Lanre Ayinla, Roman Price, Nassim Ladjimi, Wickens Simba","Bristol Flyers II|0,10,11,24,6",0,Yusuf Hafid,24,Nassim Ladjimi,1,3,1,0,1,1.0,3.0
Bristol Flyers II,"Yusuf Hafid, Lanre Ayinla, Reggie Eigbe, Nassim Ladjimi, Ebuka Ekwegh","Bristol Flyers II|0,10,13,24,8",13,Reggie Eigbe,10,Lanre Ayinla,1,3,1,0,1,1.0,3.0
Essex Rebels,"Kyron Martin, Daniel Johnson-Thompson, Miles Brown, Tom Child, Ben Winter","Essex Rebels|10,13,2,22,5",2,Miles Brown,22,Tom Child,1,3,1,0,1,1.0,3.0
Hemel Storm,"Mergim Sokoli, Kai Walker, Matt Norman, Sam Newman, Jovan Rai","Hemel Storm|0,11,2,4,5",4,Sam Newman,2,Matt Norman,1,3,1,0,1,1.0,3.0
Essex Rebels,"Kyron Martin, Miles Brown, Tom Child, Harry Gent, Ben Winter","Essex Rebels|10,2,22,36,5",2,Miles Brown,22,Tom Child,1,3,1,0,1,1.0,3.0
Essex Rebels,"Michael Amako, Kyron Martin, Tom Child, Harry Gent, Johnny Mckew","Essex Rebels|1,10,22,36,7",1,Michael Amako,10,Kyron Martin,1,3,1,0,1,1.0,3.0
Essex Rebels,"Michael Amako, Kyron Martin, Miles Brown, Harry Gent, Johnny Mckew","Essex Rebels|1,10,2,36,7",2,Miles Brown,10,Kyron Martin,1,3,1,0,1,1.0,3.0
Hemel Storm,"Darien Nelson-Henry, Matt Norman, Veron Eze, Sam Newman, Jack Burnell","Hemel Storm|10,2,21,4,7",4,Sam Newman,7,Jack Burnell,1,3,1,0,1,1.0,3.0
Hemel Storm,"Darien Nelson-Henry, Kai Walker, Matt Norman, Sam Newman, Jack Burnell","Hemel Storm|10,11,2,4,7",2,Matt Norman,4,Sam Newman,1,3,1,0,1,1.0,3.0
Hemel Storm,"Darien Nelson-Henry, Kai Walker, Veron Eze, Jovan Rai, Jack Burnell","Hemel Storm|10,11,21,5,7",5,Jovan Rai,21,Veron Eze,1,3,1,0,1,1.0,3.0
Essex Rebels,"Kyron Martin, Daniel Johnson-Thompson, Miles Brown, Tom Child, Ben Winter","Essex Rebels|10,13,2,22,5",2,Miles Brown,10,Kyron Martin,1,3,1,0,1,1.0,3.0
Newcastle Knights,"Bradley Dean, Jaron Thames, Rowell Graham-Bell, Will Neighbour, Mekhi Hendry","Newcastle Knights|1,11,14,15,2",11,Jaron Thames,1,Bradley Dean,1,3,1,0,1,1.0,3.0
Birmingham Rockets,"Ronald Blain, Zack Powell, Luke Okosieme, Faaris Mughaal, Martyn Gayle","Birmingham Rockets|0,14,21,7,8",21,Luke Okosieme,0,Ronald Blain,1,3,1,0,1,1.0,3.0
Newcastle Knights,"Bradley Dean, Sam Trunley, Jaron Thames, Finn Cork, Mekhi Hendry","Newcastle Knights|1,10,11,13,2",1,Bradley Dean,10,Sam Trunley,1,3,1,0,1,1.0,3.0
Newcastle Knights,"Bradley Dean, Sam Trunley, Jaron Thames, Finn Cork, Mekhi Hendry","Newcastle Knights|1,10,11,13,2",11,Jaron Thames,10,Sam Trunley,1,3,1,0,1,1.0,3.0
Newcastle Knights,"Bradley Dean, Sam Trunley, Jaron Thames, Finn Cork, Theo Riley","Newcastle Knights|1,10,11,13,9",1,Bradley Dean,10,Sam Trunley,1,3,1,0,1,1.0,3.0
Newcastle Knights,"Bradley Dean, Sam Trunley, Jaron Thames, Finn Cork, Mekhi Hendry","Newcastle Knights|1,10,11,13,2",13,Finn Cork,2,Mekhi Hendry,1,3,1,0,1,1.0,3.0
Newcastle Knights,"Bradley Dean, Jaron Thames, Rowell Graham-Bell, Will Neighbour, Mekhi Hendry","Newcastle Knights|1,11,14,15,2",1,Bradley Dean,2,Mekhi Hendry,1,3,1,0,1,1.0,3.0
Birmingham Rockets,"Ronald Blain, Zack Powell, Luke Okosieme, Eric Donaldson, Martyn Gayle","Birmingham Rockets|0,14,21,3,8",14,Zack Powell,8,Martyn Gayle,1,3,1,0,1,1.0,3.0
Newcastle Knights,"Bradley Dean, Sam Trunley, Jaron Thames, Jason Soodeen, Finn Cork","Newcastle Knights|1,10,11,12,13",1,Bradley Dean,10,Sam Trunley,1,3,1,0,1,1.0,3.0
Newcastle Knights,"Bradley Dean, Sam Trunley, Jaron Thames, Finn Cork, Rowell Graham-Bell","Newcastle Knights|1,10,11,13,14",13,Finn Cork,1,Bradley Dean,1,3,1,0,1,1.0,3.0
Newcastle Knights,"Bradley Dean, Sam Trunley, Jaron Thames, Will Neighbour, Mekhi Hendry","Newcastle Knights|1,10,11,15,2",2,Mekhi Hendry,15,Will Neighbour,1,3,1,0,1,1.0,3.0
Essex Rebels,"Daniel Johnson-Thompson, Remy Udeh, Tom Child, Ben Winter, Johnny Mckew","Essex Rebels|13,14,22,5,7",5,Ben Winter,22,Tom Child,1,3,1,0,1,1.0,3.0
Essex Rebels,"Michael Amako, Kyron Martin, Remy Udeh, Tom Child, Harry Gent","Essex Rebels|1,10,14,22,36",22,Tom Child,10,Kyron Martin,1,3,1,0,1,1.0,3.0
Bristol Hurricanes,"David Forsyth, Elvisi Dusha, Jules Dang-Akodo, Denzel Ubiaro, Chris Taylor","Bristol Hurricanes|11,12,23,31,9",12,Elvisi Dusha,11,David Forsyth,1,3,1,0,1,1.0,3.0
Essex Rebels,"Mou Wol-Cummings, Michael Amako, Kyron Martin, Remy Udeh, Harry Gent","Essex Rebels|0,1,10,14,36",14,Remy Udeh,10,Kyron Martin,1,3,1,0,1,1.0,3.0
Essex Rebels,"Kyron Martin, Isaac Temilola, Anthony Idiata-Mendez, Tom Child, Ben Winter","Essex Rebels|10,15,20,22,5",22,Tom Child,5,Ben Winter,1,3,1,0,1,1.0,3.0
Essex Rebels,"Kyron Martin, Anthony Idiata-Mendez, Tom Child, Harry Gent, Ben Winter","Essex Rebels|10,20,22,36,5",5,Ben Winter,22,Tom Child,1,3,1,0,1,1.0,3.0
Essex Rebels,"Kyron Martin, Anthony Idiata-Mendez, Tom Child, Harry Gent, Ben Winter","Essex Rebels|10,20,22,36,5",10,Kyron Martin,22,Tom Child,1,3,1,0,1,1.0,3.0
Bristol Hurricanes,"Daniel Edozie, Elvisi Dusha, Kobe Hill, Corey Samuels, Vilmantas Dilys","Bristol Hurricanes|1,12,2,4,55",55,Vilmantas Dilys,12,Elvisi Dusha,1,3,1,0,1,1.0,3.0
Bristol Hurricanes,"Elvisi Dusha, Kobe Hill, Denzel Ubiaro, Corey Samuels, Chris Taylor","Bristol Hurricanes|12,2,31,4,9",9,Chris Taylor,4,Corey Samuels,1,3,1,0,1,1.0,3.0
Bristol Hurricanes,"Daniel Edozie, David Forsyth, Elvisi Dusha, Jules Dang-Akodo, Denzel Ubiaro","Bristol Hurricanes|1,11,12,23,31",11,David Forsyth,12,Elvisi Dusha,1,3,1,0,1,1.0,3.0
Bristol Hurricanes,"Daniel Edozie, Jules Dang-Akodo, Denzel Ubiaro, Corey Samuels, Vilmantas Dilys","Bristol Hurricanes|1,23,31,4,55",4,Corey Samuels,23,Jules Dang-Akodo,1,3,1,0,1,1.0,3.0
Essex Rebels,"Kyron Martin, Remy Udeh, Harry Gent, Ben Winter, Johnny Mckew","Essex Rebels|10,14,36,5,7",36,Harry Gent,10,Kyron Martin,1,3,1,0,1,1.0,3.0
Bristol Flyers II,"Roman Price, Jack Craggs, Nassim Ladjimi, Anthony Bhebhe, Thomas Browne","Bristol Flyers II|11,12,24,4,7",7,Thomas Browne,24,Nassim Ladjimi,1,3,1,0,1,1.0,3.0
London Cavaliers,"Juan Manning, Joe Richards, Marquel Beasley, Darren Ainembabazi, Aaron Pyne","London Cavaliers|10,11,15,3,7",7,Aaron Pyne,3,Darren Ainembabazi,1,3,1,0,1,1.0,3.0
London Cavaliers,"Juan Manning, Joe Richards, Marquel Beasley, Darren Ainembabazi, Aaron Pyne","London Cavaliers|10,11,15,3,7",7,Aaron Pyne,10,Juan Manning,1,3,1,0,1,1.0,3.0
Bristol Flyers II,"Yusuf Hafid, Jack Craggs, Nikolas Sagkovits, Luka Matthews, Ebuka Ekwegh","Bristol Flyers II|0,12,21,5,8",5,Luka Matthews,8,Ebuka Ekwegh,1,3,1,0,1,1.0,3.0
London Cavaliers,"Juan Manning, Joe Richards, Marquel Beasley, Daniel Delsol-Lowry, Darren Ainembabazi","London Cavaliers|10,11,15,21,3",21,Daniel Delsol-Lowry,15,Marquel Beasley,1,3,1,0,1,1.0,3.0
London Cavaliers,"Juan Manning, Joe Richards, Marquel Beasley, Daniel Delsol-Lowry, Darren Ainembabazi","London Cavaliers|10,11,15,21,3",10,Juan Manning,11,Joe Richards,1,3,1,0,1,1.0,3.0
Bristol Flyers II,"Yusuf Hafid, Reggie Eigbe, Nikolas Sagkovits, Nassim Ladjimi, Ebuka Ekwegh","Bristol Flyers II|0,13,21,24,8",0,Yusuf Hafid,8,Ebuka Ekwegh,1,3,1,0,1,1.0,3.0
Bristol Flyers II,"Yusuf Hafid, Roman Price, Reggie Eigbe, Nassim Ladjimi, Ebuka Ekwegh","Bristol Flyers II|0,11,13,24,8",8,Ebuka Ekwegh,24,Nassim Ladjimi,1,3,1,0,1,1.0,3.0
Bristol Flyers II,"Roman Price, Jack Craggs, Nassim Ladjimi, Anthony Bhebhe, Ebuka Ekwegh","Bristol Flyers II|11,12,24,4,8",8,Ebuka Ekwegh,12,Jack Craggs,1,3,1,0,1,1.0,3.0
London Cavaliers,"Juan Manning, Joe Richards, Daniel Delsol-Lowry, Darren Ainembabazi, Aaron Pyne","London Cavaliers|10,11,21,3,7",21,Daniel Delsol-Lowry,7,Aaron Pyne,1,3,1,0,1,1.0,3.0
Loughborough Riders,"Johde Campbell, Michael Joiner, Levi Ehiorobo, Cameron Nyarko, Dan Hadley","Loughborough Riders|0,11,21,3,5",0,Johde Campbell,5,Dan Hadley,1,3,1,0,1,1.0,3.0
Loughborough Riders,"Johde Campbell, Michael Joiner, Levi Ehiorobo, Cameron Nyarko, Jalen Cook","Loughborough Riders|0,11,21,3,31",0,Johde Campbell,31,Jalen Cook,1,3,1,0,1,1.0,3.0
Loughborough Riders,"Johde Campbell, Michael Joiner, Levi Ehiorobo, Cameron Nyarko, Jalen Cook","Loughborough Riders|0,11,21,3,31",21,Levi Ehiorobo,11,Michael Joiner,1,3,1,0,1,1.0,3.0
Yorkshire Dragons,"David Ulph, Jordan Jefferson, Samuel Mamuini, Corey Johnson, Nick Lewis","Yorkshire Dragons|10,4,6,9,93",6,Samuel Mamuini,9,Corey Johnson,1,3,1,0,1,1.0,3.0
Yorkshire Dragons,"David Ulph, Jordan Jefferson, Samuel Mamuini, Corey Johnson, Nick Lewis","Yorkshire Dragons|10,4,6,9,93",93,Nick Lewis,9,Corey Johnson,1,3,1,0,1,1.0,3.0
Yorkshire Dragons,"David Ulph, Jordan Whelan, Jack Mielke, Corey Johnson, Nick Lewis","Yorkshire Dragons|10,23,5,9,93",5,Jack Mielke,93,Nick Lewis,1,3,1,0,1,1.0,3.0
Yorkshire Dragons,"David Ulph, Jordan Whelan, Logan Rooney, Jordan Jefferson, Corey Johnson","Yorkshire Dragons|10,23,3,4,9",4,Jordan Jefferson,9,Corey Johnson,1,3,1,0,1,1.0,3.0
Yorkshire Dragons,"David Ulph, Jordan Whelan, Logan Rooney, Jordan Jefferson, Corey Johnson","Yorkshire Dragons|10,23,3,4,9",4,Jordan Jefferson,3,Logan Rooney,1,3,1,0,1,1.0,3.0
Worthing Thunder,"Justin Hopkins, Elijah Maynard, Jonathan Lashley, Adrian Scarborough, Bode Adeluola","Worthing Thunder|15,22,35,4,5",22,Elijah Maynard,5,Bode Adeluola,1,3,1,0,1,1.0,3.0
Hemel Storm,"Darien Nelson-Henry, Kai Walker, Matt Norman, Brayden Inger, Sam Newman","Hemel Storm|10,11,2,3,4",2,Matt Norman,4,Sam Newman,1,3,1,0,1,1.0,3.0
Worthing Thunder,"Justin Hopkins, Elijah Maynard, Jonathan Lashley, Bode Adeluola, Elliott Dadds","Worthing Thunder|15,22,35,5,7",7,Elliott Dadds,5,Bode Adeluola,1,3,1,0,1,1.0,3.0
Worthing Thunder,"Justin Hopkins, Elijah Maynard, Adrian Scarborough, Bode Adeluola, Elliott Dadds","Worthing Thunder|15,22,4,5,7",4,Adrian Scarborough,7,Elliott Dadds,1,3,1,0,1,1.0,3.0
Hemel Storm,"Darien Nelson-Henry, Kai Walker, Matt Norman, Veron Eze, Sam Newman","Hemel Storm|10,11,2,21,4",10,Darien Nelson-Henry,21,Veron Eze,1,3,1,0,1,1.0,3.0
Hemel Storm,"Darien Nelson-Henry, Kai Walker, Matt Norman, Veron Eze, Sam Newman","Hemel Storm|10,11,2,21,4",2,Matt Norman,21,Veron Eze,1,3,1,0,1,1.0,3.0
Worthing Thunder,"Justin Hopkins, Elijah Maynard, Jonathan Lashley, Adrian Scarborough, Bode Adeluola","Worthing Thunder|15,22,35,4,5",15,Justin Hopkins,35,Jonathan Lashley,1,3,1,0,1,1.0,3.0
Worthing Thunder,"Justin Hopkins, Elijah Maynard, Jonathan Lashley, Adrian Scarborough, Bode Adeluola","Worthing Thunder|15,22,35,4,5",4,Adrian Scarborough,35,Jonathan Lashley,1,3,1,0,1,1.0,3.0
Worthing Thunder,"Justin Hopkins, Elijah Maynard, Jonathan Lashley, Adrian Scarborough, Elliott Dadds","Worthing Thunder|15,22,35,4,7",15,Justin Hopkins,7,Elliott Dadds,1,3,1,0,1,1.0,3.0
Milton Keynes Breakers,"Kai Williams, Ben Baker-Mccann, Luke Gregory, Jordan Spencer, Blayne Freckleton","Milton Keynes Breakers|0,11,13,23,7",0,Kai Williams,23,Jordan Spencer,1,3,1,0,1,1.0,3.0
Milton Keynes Breakers,"Kai Williams, Ben Baker-Mccann, Luke Gregory, Jordan Spencer, Blayne Freckleton","Milton Keynes Breakers|0,11,13,23,7",7,Blayne Freckleton,23,Jordan Spencer,1,3,1,0,1,1.0,3.0
Milton Keynes Breakers,"Ben Baker-Mccann, Jonas Dietrich, Luke Gregory, Mike New Jr., Jordan Spencer","Milton Keynes Breakers|11,12,13,15,23",23,Jordan Spencer,12,Jonas Dietrich,1,3,1,0,1,1.0,3.0
Milton Keynes Breakers,"Ben Baker-Mccann, Jonas Dietrich, Luke Gregory, Mike New Jr., Jordan Spencer","Milton Keynes Breakers|11,12,13,15,23",23,Jordan Spencer,11,Ben Baker-Mccann,1,3,1,0,1,1.0,3.0
Milton Keynes Breakers,"Dashawn Jackson, Jonas Dietrich, Mike New Jr., Xavier Wilson, Jordan Spencer","Milton Keynes Breakers|10,12,15,21,23",10,Dashawn Jackson,23,Jordan Spencer,1,3,1,0,1,1.0,3.0
Milton Keynes Breakers,"Dashawn Jackson, Jonas Dietrich, Mike New Jr., Xavier Wilson, Jordan Spencer","Milton Keynes Breakers|10,12,15,21,23",23,Jordan Spencer,12,Jonas Dietrich,1,3,1,0,1,1.0,3.0
Milton Keynes Breakers,"Dashawn Jackson, Jonas Dietrich, Luke Gregory, Xavier Wilson, Jordan Spencer","Milton Keynes Breakers|10,12,13,21,23",12,Jonas Dietrich,10,Dashawn Jackson,1,3,1,0,1,1.0,3.0
Milton Keynes Breakers,"Kai Williams, Dashawn Jackson, Luke Gregory, Jordan Spencer, Blayne Freckleton","Milton Keynes Breakers|0,10,13,23,7",7,Blayne Freckleton,23,Jordan Spencer,1,3,1,0,1,1.0,3.0
Milton Keynes Breakers,"Kai Williams, Ben Baker-Mccann, Luke Gregory, Jordan Spencer, Blayne Freckleton","Milton Keynes Breakers|0,11,13,23,7",23,Jordan Spencer,0,Kai Williams,1,3,1,0,1,1.0,3.0
Derby Trailblazers,"Connor Washington, Jai Pathmarajah, Robert Marsden, Charlie Brown, Malcolm Smith","Derby Trailblazers|13,22,30,4,9",22,Jai Pathmarajah,4,Charlie Brown,1,3,1,0,1,1.0,3.0
Milton Keynes Breakers,"Dashawn Jackson, Mike New Jr., Xavier Wilson, Jordan Spencer, Blayne Freckleton","Milton Keynes Breakers|10,15,21,23,7",10,Dashawn Jackson,21,Xavier Wilson,1,3,1,0,1,1.0,3.0
Milton Keynes Breakers,"Dashawn Jackson, Mike New Jr., Xavier Wilson, Jordan Spencer, Blayne Freckleton","Milton Keynes Breakers|10,15,21,23,7",15,Mike New Jr.,7,Blayne Freckleton,1,3,1,0,1,1.0,3.0
Reading Rockets,"Malik Bryant, Cooper Creek, Yusef Salih, Victor Olarerin, Simon Chamberlain","Reading Rockets|10,14,5,8,9",8,Victor Olarerin,14,Cooper Creek,1,3,1,0,1,1.0,3.0
Nottingham Hoods,"Abiodun Adedo, Donell Nixon Ii, Byrce Johnson, Tyrone Williams, Sam Akano","Nottingham Hoods|12,24,25,55,7",7,Sam Akano,24,Donell Nixon Ii,1,3,1,0,1,1.0,3.0
Reading Rockets,"Malik Bryant, Cooper Creek, Jax Bouknight, Yusef Salih, Eliaz (Zain) Poorman","Reading Rockets|10,14,4,5,6",6,Eliaz (Zain) Poorman,5,Yusef Salih,1,3,1,0,1,1.0,3.0
Reading Rockets,"Malik Bryant, Cooper Creek, Yusef Salih, Victor Olarerin, Simon Chamberlain","Reading Rockets|10,14,5,8,9",14,Cooper Creek,10,Malik Bryant,1,3,1,0,1,1.0,3.0
Reading Rockets,"Malik Bryant, Ty Nsangu, Cooper Creek, Jax Bouknight, Yusef Salih","Reading Rockets|10,12,14,4,5",10,Malik Bryant,5,Yusef Salih,1,3,1,0,1,1.0,3.0
Yorkshire Dragons,"Jordan Whelan, Logan Rooney, Jordan Jefferson, Jack Mielke, Corey Johnson","Yorkshire Dragons|23,3,4,5,9",4,Jordan Jefferson,3,Logan Rooney,1,3,1,0,1,1.0,3.0
Milton Keynes Breakers,"Kai Williams, Jonas Dietrich, Mike New Jr., Jordan Spencer, Blayne Freckleton","Milton Keynes Breakers|0,12,15,23,7",23,Jordan Spencer,12,Jonas Dietrich,1,3,1,0,1,1.0,3.0
Yorkshire Dragons,"David Ulph, Jordan Whelan, Jack Mielke, Corey Johnson, Nick Lewis","Yorkshire Dragons|10,23,5,9,93",9,Corey Johnson,93,Nick Lewis,1,3,1,0,1,1.0,3.0
Yorkshire Dragons,"David Ulph, Jordan Jefferson, Jack Mielke, Corey Johnson, Nick Lewis","Yorkshire Dragons|10,4,5,9,93",5,Jack Mielke,4,Jordan Jefferson,1,3,1,0,1,1.0,3.0
Milton Keynes Breakers,"Dashawn Jackson, Jonas Dietrich, Mike New Jr., Xavier Wilson, Jordan Spencer","Milton Keynes Breakers|1,12,15,21,23",12,Jonas Dietrich,23,Jordan Spencer,1,3,1,0,1,1.0,3.0
Yorkshire Dragons,"David Ulph, Jordan Whelan, Jordan Jefferson, Corey Johnson, Nick Lewis","Yorkshire Dragons|10,23,4,9,93",93,Nick Lewis,4,Jordan Jefferson,1,3,1,0,1,1.0,3.0
Yorkshire Dragons,"David Ulph, Jordan Whelan, Jordan Jefferson, Corey Johnson, Nick Lewis","Yorkshire Dragons|10,23,4,9,93",4,Jordan Jefferson,9,Corey Johnson,1,3,1,0,1,1.0,3.0
Milton Keynes Breakers,"Dashawn Jackson, Jonas Dietrich, Mike New Jr., Xavier Wilson, Jordan Spencer","Milton Keynes Breakers|1,12,15,21,23",23,Jordan Spencer,1,Dashawn Jackson,1,3,1,0,1,1.0,3.0
Milton Keynes Breakers,"Dashawn Jackson, Jonas Dietrich, Mike New Jr., Xavier Wilson, Jordan Spencer","Milton Keynes Breakers|1,12,15,21,23",21,Xavier Wilson,12,Jonas Dietrich,1,3,1,0,1,1.0,3.0
Milton Keynes Breakers,"Dashawn Jackson, Jonas Dietrich, Mike New Jr., Xavier Wilson, Jordan Spencer","Milton Keynes Breakers|1,12,15,21,23",15,Mike New Jr.,1,Dashawn Jackson,1,3,1,0,1,1.0,3.0
London Cavaliers,"Juan Manning, Mekhi Collins, Daniel Braster, Aj Roberts, Aaron Pyne","London Cavaliers|10,13,23,4,7",4,Aj Roberts,23,Daniel Braster,1,3,1,0,1,1.0,3.0
Hemel Storm,"Darien Nelson-Henry, Di-Jani Parkinson, Shaquille Lewis, Sam Newman, Jack Burnell","Hemel Storm|10,23,24,4,7",24,Shaquille Lewis,23,Di-Jani Parkinson,1,3,1,0,1,1.0,3.0
Hemel Storm,"Darien Nelson-Henry, Kai Walker, Matt Norman, Brayden Inger, Sam Newman","Hemel Storm|10,11,2,3,4",3,Brayden Inger,2,Matt Norman,1,3,1,0,1,1.0,3.0
Hemel Storm,"Mergim Sokoli, Kai Walker, Brayden Inger, Sam Newman, Jack Burnell","Hemel Storm|0,11,3,4,7",3,Brayden Inger,11,Kai Walker,1,3,1,0,1,1.0,3.0
Hemel Storm,"Mergim Sokoli, Kai Walker, Brayden Inger, Sam Newman, Jack Burnell","Hemel Storm|0,11,3,4,7",4,Sam Newman,7,Jack Burnell,1,3,1,0,1,1.0,3.0
Loughborough Riders,"Johde Campbell, Tomide Akinsuku, Seth Wylie, Jalen Cook, Michael Joiner","Loughborough Riders|10,13,15,21,7",7,Michael Joiner,15,Seth Wylie,1,3,1,0,1,1.0,3.0
Loughborough Riders,"Seth Wylie, Ben Woog, Jalen Cook, Oscar Curran, Michael Joiner","Loughborough Riders|15,20,21,23,7",7,Michael Joiner,15,Seth Wylie,1,3,1,0,1,1.0,3.0
Loughborough Riders,"Levi Ehiorobo, Seth Wylie, Dan Hadley, Oscar Curran, Michael Joiner","Loughborough Riders|12,15,22,23,7",12,Levi Ehiorobo,15,Seth Wylie,1,3,1,0,1,1.0,3.0
Bristol Hurricanes,"David Forsyth, Elvisi Dusha, Kobe Hill, Jules Dang-Akodo, Corey Samuels","Bristol Hurricanes|11,12,2,23,4",2,Kobe Hill,23,Jules Dang-Akodo,1,3,1,0,1,1.0,3.0
Bristol Hurricanes,"David Forsyth, Elvisi Dusha, Kobe Hill, Jules Dang-Akodo, Denzel Ubiaro","Bristol Hurricanes|11,12,2,23,31",12,Elvisi Dusha,2,Kobe Hill,1,3,1,0,1,1.0,3.0
Loughborough Riders,"Tomide Akinsuku, Jalen Cook, Dan Hadley, Oscar Curran, Michael Joiner","Loughborough Riders|13,21,22,23,7",23,Oscar Curran,21,Jalen Cook,1,3,1,0,1,1.0,3.0
Loughborough Riders,"Tomide Akinsuku, Jalen Cook, Dan Hadley, Oscar Curran, Michael Joiner","Loughborough Riders|13,21,22,23,7",22,Dan Hadley,21,Jalen Cook,1,3,1,0,1,1.0,3.0
Bristol Hurricanes,"David Forsyth, Elvisi Dusha, Kobe Hill, Jules Dang-Akodo, Denzel Ubiaro","Bristol Hurricanes|11,12,2,23,31",31,Denzel Ubiaro,23,Jules Dang-Akodo,1,3,1,0,1,1.0,3.0
Loughborough Riders,"Levi Ehiorobo, Dan Hadley, Oscar Curran, Liam Campbell, Cameron Nyarko","Loughborough Riders|12,22,23,4,9",9,Cameron Nyarko,22,Dan Hadley,1,3,1,0,1,1.0,3.0
Loughborough Riders,"Levi Ehiorobo, Dan Hadley, Oscar Curran, Liam Campbell, Cameron Nyarko","Loughborough Riders|12,22,23,4,9",12,Levi Ehiorobo,23,Oscar Curran,1,3,1,0,1,1.0,3.0
Nottingham Hoods,"Byrce Johnson, Latrell Maitland, Donell Nixon Ii, Elliot Bailey, Sam Akano","Nottingham Hoods|21,23,24,6,7",24,Donell Nixon Ii,7,Sam Akano,1,3,1,0,1,1.0,3.0
Nottingham Hoods,"Tyrone Williams, Byrce Johnson, Latrell Maitland, Elliot Bailey, Sam Akano","Nottingham Hoods|1,21,23,6,7",7,Sam Akano,23,Latrell Maitland,1,3,1,0,1,1.0,3.0
Worthing Thunder,"Danny Evans, Matthew Bryan-Amaning, Justin Hopkins, Elijah Maynard, Alfie Price","Worthing Thunder|0,11,15,22,88",22,Elijah Maynard,15,Justin Hopkins,1,3,1,0,1,1.0,3.0
Worthing Thunder,"Danny Evans, Justin Hopkins, Elijah Maynard, Jonathan Lashley, Alfie Price","Worthing Thunder|0,15,22,35,88",88,Alfie Price,0,Danny Evans,1,3,1,0,1,1.0,3.0
Nottingham Hoods,"Tyrone Williams, Abiodun Adedo, Byrce Johnson, Donell Nixon Ii, Micah Savery-Richards","Nottingham Hoods|1,12,21,24,8",8,Micah Savery-Richards,1,Tyrone Williams,1,3,1,0,1,1.0,3.0
Nottingham Hoods,"Tyrone Williams, Abiodun Adedo, Byrce Johnson, Donell Nixon Ii, Micah Savery-Richards","Nottingham Hoods|1,12,21,24,8",21,Byrce Johnson,24,Donell Nixon Ii,1,3,1,0,1,1.0,3.0
Worthing Thunder,"Danny Evans, Justin Hopkins, Elijah Maynard, Jonathan Lashley, Alfie Price","Worthing Thunder|0,15,22,35,88",22,Elijah Maynard,88,Alfie Price,1,3,1,0,1,1.0,3.0
Nottingham Hoods,"Abiodun Adedo, Byrce Johnson, Donell Nixon Ii, Sam Akano, Micah Savery-Richards","Nottingham Hoods|12,21,24,7,8",21,Byrce Johnson,24,Donell Nixon Ii,1,3,1,0,1,1.0,3.0
Worthing Thunder,"Danny Evans, Justin Hopkins, Elijah Maynard, Alfie Price, Briceny Lomeka","Worthing Thunder|0,15,22,88,9",0,Danny Evans,88,Alfie Price,1,3,1,0,1,1.0,3.0
Bristol Flyers II,"Yusuf Hafid, Reggie Eigbe, Nikolas Sagkovits, Nassim Ladjimi, Ebuka Ekwegh","Bristol Flyers II|0,13,21,24,8",8,Ebuka Ekwegh,24,Nassim Ladjimi,1,3,1,0,1,1.0,3.0
Bristol Flyers II,"Yusuf Hafid, Reggie Eigbe, Nikolas Sagkovits, Nassim Ladjimi, Ebuka Ekwegh","Bristol Flyers II|0,13,21,24,8",24,Nassim Ladjimi,13,Reggie Eigbe,1,3,1,0,1,1.0,3.0
Bristol Flyers II,"Lanre Ayinla, Roman Price, Jack Craggs, Anthony Bhebhe, Thomas Browne","Bristol Flyers II|10,11,12,4,7",4,Anthony Bhebhe,12,Jack Craggs,1,3,1,0,1,1.0,3.0
Derby Trailblazers,"Casey Burr, Connor Washington, Robert Marsden, Charlie Brown, Malcolm Smith","Derby Trailblazers|0,13,30,4,9",0,Casey Burr,13,Connor Washington,1,3,1,0,1,1.0,3.0
Bristol Flyers II,"Lanre Ayinla, Roman Price, Jack Craggs, Anthony Bhebhe, Ebuka Ekwegh","Bristol Flyers II|10,11,12,4,8",4,Anthony Bhebhe,10,Lanre Ayinla,1,3,1,0,1,1.0,3.0
Bristol Flyers II,"Lanre Ayinla, Roman Price, Jack Craggs, Zak Riabi, Anthony Bhebhe","Bristol Flyers II|10,11,12,14,4",11,Roman Price,4,Anthony Bhebhe,1,3,1,0,1,1.0,3.0
Bristol Flyers II,"Yusuf Hafid, Lanre Ayinla, Roman Price, Nassim Ladjimi, Thomas Browne","Bristol Flyers II|0,10,11,24,7",0,Yusuf Hafid,10,Lanre Ayinla,1,3,1,0,1,1.0,3.0
Essex Rebels,"Kyron Martin, Tom Child, Harry Gent, Ben Winter, Johnny Mckew","Essex Rebels|10,22,36,5,7",22,Tom Child,10,Kyron Martin,1,3,1,0,1,1.0,3.0
Essex Rebels,"Kyron Martin, Remy Udeh, Isaac Temilola, Tom Child, Ben Winter","Essex Rebels|10,14,15,22,5",22,Tom Child,5,Ben Winter,1,3,1,0,1,1.0,3.0
Essex Rebels,"Kyron Martin, Tom Child, Harry Gent, Ben Winter, Tyreese Hudson","Essex Rebels|10,22,36,5,9",9,Tyreese Hudson,5,Ben Winter,1,3,1,0,1,1.0,3.0
Essex Rebels,"Mou Wol-Cummings, Kyron Martin, Remy Udeh, Tom Child, Ben Winter","Essex Rebels|0,10,14,22,5",0,Mou Wol-Cummings,22,Tom Child,1,3,1,0,1,1.0,3.0
Essex Rebels,"Mou Wol-Cummings, Isaac Temilola, Anthony Idiata-Mendez, Johnny Mckew, Tyreese Hudson","Essex Rebels|0,15,20,7,9",20,Anthony Idiata-Mendez,7,Johnny Mckew,1,3,1,0,1,1.0,3.0
Newcastle Knights,"Bradley Dean, Sam Trunley, Jaron Thames, Rowell Graham-Bell, Messiah Jones","Newcastle Knights|1,10,11,14,5",5,Messiah Jones,10,Sam Trunley,1,3,1,0,1,1.0,3.0
Newcastle Knights,"Bradley Dean, Jaron Thames, Will Neighbour, Max Matthews, Theo Riley","Newcastle Knights|1,11,15,8,9",9,Theo Riley,15,Will Neighbour,1,3,1,0,1,1.0,3.0
Newcastle Knights,"Sam Trunley, Jaron Thames, Rowell Graham-Bell, Mekhi Hendry, Messiah Jones","Newcastle Knights|10,11,14,2,5",11,Jaron Thames,10,Sam Trunley,1,3,1,0,1,1.0,3.0
Reading Rockets,"Malik Bryant, Yusef Salih, Eliaz (Zain) Poorman, Victor Olarerin, Simon Chamberlain","Reading Rockets|10,5,6,8,9",8,Victor Olarerin,9,Simon Chamberlain,1,3,1,0,1,1.0,3.0
Reading Rockets,"La'quarne Sayles, Cooper Creek, Matthew Daines, Yusef Salih, Simon Chamberlain","Reading Rockets|13,14,16,5,9",5,Yusef Salih,9,Simon Chamberlain,1,3,1,0,1,1.0,3.0
Reading Rockets,"La'quarne Sayles, Cooper Creek, Jax Bouknight, Yusef Salih, Eliaz (Zain) Poorman","Reading Rockets|13,14,4,5,6",6,Eliaz (Zain) Poorman,4,Jax Bouknight,1,3,1,0,1,1.0,3.0
Reading Rockets,"James Waterhouse, Ty Nsangu, Malachi Hassan-Taylor, Yusef Salih, Victor Olarerin","Reading Rockets|11,12,15,5,8",5,Yusef Salih,11,James Waterhouse,1,3,1,0,1,1.0,3.0
Nottingham Hoods,"Abiodun Adedo, Donell Nixon Ii, Elliot Bailey, Sam Akano, Micah Savery-Richards","Nottingham Hoods|12,24,6,7,8",12,Abiodun Adedo,6,Elliot Bailey,1,3,1,0,1,1.0,3.0
Nottingham Hoods,"Abiodun Adedo, Byrce Johnson, Donell Nixon Ii, Elliot Bailey, Sam Akano","Nottingham Hoods|12,21,24,6,7",21,Byrce Johnson,24,Donell Nixon Ii,1,3,1,0,1,1.0,3.0
Nottingham Hoods,"Abiodun Adedo, Byrce Johnson, Donell Nixon Ii, Elliot Bailey, Sam Akano","Nottingham Hoods|12,21,24,6,7",24,Donell Nixon Ii,12,Abiodun Adedo,1,3,1,0,1,1.0,3.0
Worthing Thunder,"Danny Evans, Matthew Bryan-Amaning, Justin Hopkins, Elijah Maynard, Alfie Price","Worthing Thunder|0,11,15,22,88",88,Alfie Price,0,Danny Evans,1,3,1,0,1,1.0,3.0
Nottingham Hoods,"Byrce Johnson, Donell Nixon Ii, Elliot Bailey, Sam Akano, Micah Savery-Richards","Nottingham Hoods|21,24,6,7,8",21,Byrce Johnson,24,Donell Nixon Ii,1,3,1,0,1,1.0,3.0
Nottingham Hoods,"Byrce Johnson, Donell Nixon Ii, Elliot Bailey, Sam Akano, Micah Savery-Richards","Nottingham Hoods|21,24,6,7,8",21,Byrce Johnson,6,Elliot Bailey,1,3,1,0,1,1.0,3.0
Worthing Thunder,"Justin Hopkins, Elijah Maynard, Jonathan Lashley, Elliott Dadds, Alfie Price","Worthing Thunder|15,22,35,7,88",35,Jonathan Lashley,7,Elliott Dadds,1,3,1,0,1,1.0,3.0
Worthing Thunder,"Danny Evans, Justin Hopkins, Elijah Maynard, Jonathan Lashley, Elliott Dadds","Worthing Thunder|0,15,22,35,7",35,Jonathan Lashley,15,Justin Hopkins,1,3,1,0,1,1.0,3.0
Nottingham Hoods,"Byrce Johnson, Donell Nixon Ii, Elliot Bailey, Sam Akano, Micah Savery-Richards","Nottingham Hoods|21,24,6,7,8",21,Byrce Johnson,7,Sam Akano,1,3,1,0,1,1.0,3.0
Worthing Thunder,"Danny Evans, Justin Hopkins, Elijah Maynard, Jonathan Lashley, Elliott Dadds","Worthing Thunder|0,15,22,35,7",22,Elijah Maynard,7,Elliott Dadds,1,3,1,0,1,1.0,3.0
Worthing Thunder,"Justin Hopkins, Elijah Maynard, Jonathan Lashley, Elliott Dadds, Alfie Price","Worthing Thunder|15,22,35,7,88",22,Elijah Maynard,15,Justin Hopkins,1,3,1,0,1,1.0,3.0
Reading Rockets,"Malik Bryant, Ty Nsangu, Jax Bouknight, Yusef Salih, Eliaz (Zain) Poorman","Reading Rockets|10,12,4,5,6",10,Malik Bryant,4,Jax Bouknight,1,3,1,0,1,1.0,3.0
Birmingham Rockets,"Ronald Blain, Orlan Jackman, Eric Donaldson, Lucas Mcgregor, Martyn Gayle","Birmingham Rockets|0,13,3,6,8",13,Orlan Jackman,8,Martyn Gayle,1,3,1,0,1,1.0,3.0
Reading Rockets,"Cooper Creek, Jax Bouknight, Yusef Salih, Eliaz (Zain) Poorman, Victor Olarerin","Reading Rockets|14,4,5,6,8",5,Yusef Salih,14,Cooper Creek,1,3,1,0,1,1.0,3.0
Birmingham Rockets,"Ronald Blain, Orlan Jackman, Luke Okosieme, Lucas Mcgregor, Martyn Gayle","Birmingham Rockets|0,13,21,6,8",0,Ronald Blain,6,Lucas Mcgregor,1,3,1,0,1,1.0,3.0
Birmingham Rockets,"Ronald Blain, Orlan Jackman, Zack Powell, Eric Donaldson, Martyn Gayle","Birmingham Rockets|0,13,14,3,8",8,Martyn Gayle,13,Orlan Jackman,1,3,1,0,1,1.0,3.0
Bristol Hurricanes,"Elvisi Dusha, Jules Dang-Akodo, Denzel Ubiaro, Corey Samuels, Vilmantas Dilys","Bristol Hurricanes|12,23,31,4,55",55,Vilmantas Dilys,23,Jules Dang-Akodo,1,3,1,0,1,1.0,3.0
Bristol Hurricanes,"David Forsyth, Jules Dang-Akodo, Denzel Ubiaro, Corey Samuels, Vilmantas Dilys","Bristol Hurricanes|11,23,31,4,55",11,David Forsyth,23,Jules Dang-Akodo,1,3,1,0,1,1.0,3.0
Milton Keynes Breakers,"Dashawn Jackson, Ben Baker-Mccann, Luke Gregory, Blayne Freckleton, Chase Thompson","Milton Keynes Breakers|10,11,13,7,8",8,Chase Thompson,10,Dashawn Jackson,1,3,1,0,1,1.0,3.0
Bristol Hurricanes,"Ashley Pearce, Daniel Edozie, Jules Dang-Akodo, Denzel Ubiaro, Corey Samuels","Bristol Hurricanes|0,1,23,31,4",23,Jules Dang-Akodo,31,Denzel Ubiaro,1,3,1,0,1,1.0,3.0
Milton Keynes Breakers,"Dashawn Jackson, Xavier Wilson, Jordan Spencer, Blayne Freckleton, Chase Thompson","Milton Keynes Breakers|10,21,23,7,8",7,Blayne Freckleton,8,Chase Thompson,1,3,1,0,1,1.0,3.0
Bristol Hurricanes,"Daniel Edozie, Kobe Hill, Jules Dang-Akodo, Denzel Ubiaro, Corey Samuels","Bristol Hurricanes|1,2,23,31,4",4,Corey Samuels,2,Kobe Hill,1,3,1,0,1,1.0,3.0
Milton Keynes Breakers,"Jonas Dietrich, Mike New Jr., Xavier Wilson, Jordan Spencer, Blayne Freckleton","Milton Keynes Breakers|12,15,21,23,7",21,Xavier Wilson,12,Jonas Dietrich,1,3,1,0,1,1.0,3.0
Essex Rebels,"Mou Wol-Cummings, Daniel Johnson-Thompson, Harry Gent, Ben Winter, Johnny Mckew","Essex Rebels|0,13,36,5,7",5,Ben Winter,7,Johnny Mckew,1,3,1,0,1,1.0,3.0
Essex Rebels,"Kyron Martin, Daniel Johnson-Thompson, Harry Gent, Ben Winter, Johnny Mckew","Essex Rebels|10,13,36,5,7",5,Ben Winter,10,Kyron Martin,1,3,1,0,1,1.0,3.0
Essex Rebels,"Mou Wol-Cummings, Daniel Johnson-Thompson, Harry Gent, Ben Winter, Johnny Mckew","Essex Rebels|0,13,36,5,7",7,Johnny Mckew,0,Mou Wol-Cummings,1,3,1,0,1,1.0,3.0
Essex Rebels,"Mou Wol-Cummings, Daniel Johnson-Thompson, Anthony Idiata-Mendez, Harry Gent, Tyreese Hudson","Essex Rebels|0,13,20,36,9",36,Harry Gent,0,Mou Wol-Cummings,1,3,1,0,1,1.0,3.0
Hemel Storm,"Mergim Sokoli, Kai Walker, Veron Eze, Sam Newman, Jack Burnell","Hemel Storm|0,11,21,4,7",7,Jack Burnell,21,Veron Eze,1,3,1,0,1,1.0,3.0
Newcastle Knights,"Bradley Dean, Sam Trunley, Jaron Thames, Rowell Graham-Bell, Messiah Jones","Newcastle Knights|1,10,11,14,5",5,Messiah Jones,1,Bradley Dean,1,3,1,0,1,1.0,3.0
Newcastle Knights,"Bradley Dean, Sam Trunley, Jaron Thames, Mekhi Hendry, Messiah Jones","Newcastle Knights|1,10,11,2,5",11,Jaron Thames,2,Mekhi Hendry,1,3,1,0,1,1.0,3.0
Newcastle Knights,"Bradley Dean, Sam Trunley, Jaron Thames, Mekhi Hendry, Messiah Jones","Newcastle Knights|1,10,11,2,5",1,Bradley Dean,11,Jaron Thames,1,3,1,0,1,1.0,3.0
Newcastle Knights,"Bradley Dean, Sam Trunley, Jaron Thames, Mekhi Hendry, Messiah Jones","Newcastle Knights|1,10,11,2,5",5,Messiah Jones,1,Bradley Dean,1,3,1,0,1,1.0,3.0
Hemel Storm,"Mergim Sokoli, Veron Eze, Brayden Inger, Sam Newman, Jack Burnell","Hemel Storm|0,21,3,4,7",4,Sam Newman,3,Brayden Inger,1,3,1,0,1,1.0,3.0
Hemel Storm,"Darien Nelson-Henry, Matt Norman, Veron Eze, Brayden Inger, Sam Newman","Hemel Storm|10,2,21,3,4",4,Sam Newman,3,Brayden Inger,1,3,1,0,1,1.0,3.0
Newcastle Knights,"Bradley Dean, Sam Trunley, Jaron Thames, Rowell Graham-Bell, Theo Riley","Newcastle Knights|1,10,11,14,9",10,Sam Trunley,14,Rowell Graham-Bell,1,3,1,0,1,1.0,3.0
Hemel Storm,"Mergim Sokoli, Kai Walker, Matt Norman, Veron Eze, Jack Burnell","Hemel Storm|0,11,2,21,7",11,Kai Walker,2,Matt Norman,1,3,1,0,1,1.0,3.0
Worthing Thunder,"Danny Evans, Matthew Bryan-Amaning, Justin Hopkins, Elijah Maynard, Elliott Dadds","Worthing Thunder|0,11,15,22,7",15,Justin Hopkins,0,Danny Evans,1,3,1,0,1,1.0,3.0
Derby Trailblazers,"Elias Norman, Sean Mo Walker, Charlie Brown, Raheem May-Thompson, Malcolm Smith","Derby Trailblazers|12,3,4,7,9",3,Sean Mo Walker,4,Charlie Brown,1,3,1,0,1,1.0,3.0
Worthing Thunder,"Danny Evans, Matthew Bryan-Amaning, Justin Hopkins, Elijah Maynard, Elliott Dadds","Worthing Thunder|0,11,15,22,7",15,Justin Hopkins,7,Elliott Dadds,1,3,1,0,1,1.0,3.0
Reading Rockets,"Malik Bryant, Ty Nsangu, Jax Bouknight, Yusef Salih, Simon Chamberlain","Reading Rockets|10,12,4,5,9",4,Jax Bouknight,5,Yusef Salih,1,3,1,0,1,1.0,3.0
London Cavaliers,"Juan Manning, Joe Richards, Daniel Delsol-Lowry, Marquel Beasley, Aj Roberts","London Cavaliers|10,11,12,15,4",15,Marquel Beasley,11,Joe Richards,1,3,1,0,1,1.0,3.0
London Cavaliers,"Juan Manning, Joe Richards, Marquel Beasley, Daniel Braster, Aj Roberts","London Cavaliers|10,11,15,23,4",11,Joe Richards,10,Juan Manning,1,3,1,0,1,1.0,3.0
London Cavaliers,"Juan Manning, Daniel Delsol-Lowry, Marquel Beasley, Daniel Braster, Aaron Pyne","London Cavaliers|10,12,15,23,7",12,Daniel Delsol-Lowry,15,Marquel Beasley,1,3,1,0,1,1.0,3.0
London Cavaliers,"Juan Manning, Joe Richards, Daniel Delsol-Lowry, Daniel Braster, Aj Roberts","London Cavaliers|10,11,12,23,4",10,Juan Manning,12,Daniel Delsol-Lowry,1,3,1,0,1,1.0,3.0
Reading Rockets,"Malik Bryant, Cooper Creek, Jax Bouknight, Eliaz (Zain) Poorman, Simon Chamberlain","Reading Rockets|10,14,4,6,9",6,Eliaz (Zain) Poorman,9,Simon Chamberlain,1,3,1,0,1,1.0,3.0
London Cavaliers,"Juan Manning, Joe Richards, Daniel Delsol-Lowry, Marquel Beasley, Aj Roberts","London Cavaliers|10,11,12,15,4",12,Daniel Delsol-Lowry,4,Aj Roberts,1,3,1,0,1,1.0,3.0
Reading Rockets,"Malik Bryant, La'quarne Sayles, Cooper Creek, Yusef Salih, Simon Chamberlain","Reading Rockets|10,13,14,5,9",5,Yusef Salih,9,Simon Chamberlain,1,3,1,0,1,1.0,3.0
London Cavaliers,"Juan Manning, Marquel Beasley, Daniel Braster, Aj Roberts, Aaron Pyne","London Cavaliers|10,15,23,4,7",10,Juan Manning,7,Aaron Pyne,1,3,1,0,1,1.0,3.0
Milton Keynes Breakers,"Kai Williams, Jonas Dietrich, Mike New Jr., Jordan Spencer, Kalvin Oates","Milton Keynes Breakers|0,12,15,23,5",23,Jordan Spencer,5,Kalvin Oates,1,3,1,0,1,1.0,3.0
Milton Keynes Breakers,"Kai Williams, Jonas Dietrich, Mike New Jr., Jordan Spencer, Kalvin Oates","Milton Keynes Breakers|0,12,15,23,5",5,Kalvin Oates,15,Mike New Jr.,1,3,1,0,1,1.0,3.0
Milton Keynes Breakers,"Kai Williams, Luke Gregory, Jordan Spencer, Kalvin Oates, Blayne Freckleton","Milton Keynes Breakers|0,13,23,5,7",23,Jordan Spencer,0,Kai Williams,1,3,1,0,1,1.0,3.0
Nottingham Hoods,"Tyrone Williams, Byrce Johnson, Donell Nixon Ii, Sam Akano, Micah Savery-Richards","Nottingham Hoods|1,21,24,7,8",7,Sam Akano,24,Donell Nixon Ii,1,3,1,0,1,1.0,3.0
Milton Keynes Breakers,"Jonas Dietrich, Luke Gregory, Mike New Jr., Jordan Spencer, Blayne Freckleton","Milton Keynes Breakers|12,13,15,23,7",15,Mike New Jr.,7,Blayne Freckleton,1,3,1,0,1,1.0,3.0
Milton Keynes Breakers,"Kai Williams, Jonas Dietrich, Mike New Jr., Jordan Spencer, Gabriel Formeloza","Milton Keynes Breakers|0,12,15,23,6",15,Mike New Jr.,12,Jonas Dietrich,1,3,1,0,1,1.0,3.0
Nottingham Hoods,"Tyrone Williams, Abiodun Adedo, Byrce Johnson, Latrell Maitland, Donell Nixon Ii","Nottingham Hoods|1,12,21,23,24",21,Byrce Johnson,24,Donell Nixon Ii,1,3,1,0,1,1.0,3.0
Nottingham Hoods,"Abiodun Adedo, Byrce Johnson, Latrell Maitland, Donell Nixon Ii, Sam Akano","Nottingham Hoods|12,21,23,24,7",7,Sam Akano,23,Latrell Maitland,1,3,1,0,1,1.0,3.0
Bristol Hurricanes,"Daniel Edozie, Elvisi Dusha, Jules Dang-Akodo, Denzel Ubiaro, Chris Taylor","Bristol Hurricanes|1,12,23,31,9",12,Elvisi Dusha,9,Chris Taylor,1,3,1,0,1,1.0,3.0
Bristol Hurricanes,"Daniel Edozie, Elvisi Dusha, Jules Dang-Akodo, Denzel Ubiaro, Chris Taylor","Bristol Hurricanes|1,12,23,31,9",23,Jules Dang-Akodo,31,Denzel Ubiaro,1,3,1,0,1,1.0,3.0
Newcastle Knights,"Bradley Dean, Jaron Thames, Will Neighbour, Messiah Jones, Max Matthews","Newcastle Knights|1,11,15,5,8",11,Jaron Thames,15,Will Neighbour,1,3,1,0,1,1.0,3.0
Newcastle Knights,"Bradley Dean, Jaron Thames, Jason Soodeen, Sam Trunley, Mekhi Hendry","Newcastle Knights|1,11,12,14,2",1,Bradley Dean,14,Sam Trunley,1,3,1,0,1,1.0,3.0
Newcastle Knights,"Bradley Dean, Jaron Thames, Jason Soodeen, Sam Trunley, Mekhi Hendry","Newcastle Knights|1,11,12,14,2",11,Jaron Thames,2,Mekhi Hendry,1,3,1,0,1,1.0,3.0
Newcastle Knights,"Bradley Dean, Jaron Thames, Jason Soodeen, Sam Trunley, Theo Riley","Newcastle Knights|1,11,12,14,9",9,Theo Riley,14,Sam Trunley,1,3,1,0,1,1.0,3.0
Bristol Hurricanes,"David Forsyth, Elvisi Dusha, Jules Dang-Akodo, Corey Samuels, Chris Taylor","Bristol Hurricanes|11,12,23,4,9",4,Corey Samuels,12,Elvisi Dusha,1,3,1,0,1,1.0,3.0
Bristol Hurricanes,"David Forsyth, Elvisi Dusha, Jules Dang-Akodo, Corey Samuels, Chris Taylor","Bristol Hurricanes|11,12,23,4,9",11,David Forsyth,12,Elvisi Dusha,1,3,1,0,1,1.0,3.0
Newcastle Knights,"Bradley Dean, Jaron Thames, Jason Soodeen, Sam Trunley, Max Matthews","Newcastle Knights|1,11,12,14,8",14,Sam Trunley,1,Bradley Dean,1,3,1,0,1,1.0,3.0
Loughborough Riders,"Johde Campbell, Tomide Akinsuku, Oscar Curran, Jalen Cook, Callum Keys","Loughborough Riders|0,15,6,7,8",0,Johde Campbell,7,Jalen Cook,1,3,1,0,1,1.0,3.0
Loughborough Riders,"Cameron Nyarko, Levi Ehiorobo, Liam Campbell, Seth Wylie, Dan Hadley","Loughborough Riders|11,12,4,43,5",4,Liam Campbell,43,Seth Wylie,1,3,1,0,1,1.0,3.0
Loughborough Riders,"Cameron Nyarko, Levi Ehiorobo, Liam Campbell, Seth Wylie, Dan Hadley","Loughborough Riders|11,12,4,43,5",5,Dan Hadley,43,Seth Wylie,1,3,1,0,1,1.0,3.0
Bristol Flyers II,"Jack Craggs, Reggie Eigbe, Anthony Bhebhe, Giuseppe Landolfi, Thomas Browne","Bristol Flyers II|12,13,4,7,8",7,Giuseppe Landolfi,12,Jack Craggs,1,3,1,0,1,1.0,3.0
Bristol Flyers II,"Lanre Ayinla, Jack Craggs, Reggie Eigbe, Anthony Bhebhe, Giuseppe Landolfi","Bristol Flyers II|10,12,13,4,7",7,Giuseppe Landolfi,12,Jack Craggs,1,3,1,0,1,1.0,3.0
Loughborough Riders,"Johde Campbell, Cameron Nyarko, Levi Ehiorobo, Seth Wylie, Jalen Cook","Loughborough Riders|0,11,12,43,7",43,Seth Wylie,11,Cameron Nyarko,1,3,1,0,1,1.0,3.0
Loughborough Riders,"Johde Campbell, Tomide Akinsuku, Oscar Curran, Jalen Cook, Callum Keys","Loughborough Riders|0,15,6,7,8",7,Jalen Cook,0,Johde Campbell,1,3,1,0,1,1.0,3.0
Essex Rebels,"Kyron Martin, Daniel Johnson-Thompson, Tom Child, Harry Gent, Ben Winter","Essex Rebels|10,13,22,36,5",22,Tom Child,10,Kyron Martin,1,3,1,0,1,1.0,3.0
Essex Rebels,"Mou Wol-Cummings, Kyron Martin, Remy Udeh, Tom Child, Johnny Mckew","Essex Rebels|0,10,14,22,7",14,Remy Udeh,10,Kyron Martin,1,3,1,0,1,1.0,3.0
Essex Rebels,"Mou Wol-Cummings, Kyron Martin, Remy Udeh, Tom Child, Johnny Mckew","Essex Rebels|0,10,14,22,7",0,Mou Wol-Cummings,14,Remy Udeh,1,3,1,0,1,1.0,3.0
Essex Rebels,"Kyron Martin, Daniel Johnson-Thompson, Tom Child, Harry Gent, Ben Winter","Essex Rebels|10,13,22,36,5",36,Harry Gent,10,Kyron Martin,1,3,1,0,1,1.0,3.0
Essex Rebels,"Kyron Martin, Remy Udeh, Tom Child, Johnny Mckew, Tyreese Hudson","Essex Rebels|10,14,22,7,9",10,Kyron Martin,22,Tom Child,1,3,1,0,1,1.0,3.0
London Cavaliers,"Joe Richards, Daniel Delsol-Lowry, Mekhi Collins, Aj Roberts, Aaron Pyne","London Cavaliers|11,12,13,4,7",12,Daniel Delsol-Lowry,11,Joe Richards,1,3,1,0,1,1.0,3.0
London Cavaliers,"Juan Manning, Joe Richards, Daniel Delsol-Lowry, Aj Roberts, Aaron Pyne","London Cavaliers|10,11,12,4,7",12,Daniel Delsol-Lowry,11,Joe Richards,1,3,1,0,1,1.0,3.0
London Cavaliers,"Juan Manning, Joe Richards, Daniel Delsol-Lowry, Aj Roberts, Aaron Pyne","London Cavaliers|10,11,12,4,7",4,Aj Roberts,10,Juan Manning,1,3,1,0,1,1.0,3.0
Yorkshire Dragons,"David Ulph, Jordan Whelan, Jordan Jefferson, Jack Mielke, Corey Johnson","Yorkshire Dragons|10,23,4,5,9",5,Jack Mielke,9,Corey Johnson,1,3,1,0,1,1.0,3.0
Yorkshire Dragons,"David Ulph, Jordan Whelan, Jordan Jefferson, Jack Mielke, Corey Johnson","Yorkshire Dragons|10,23,4,5,9",4,Jordan Jefferson,9,Corey Johnson,1,3,1,0,1,1.0,3.0
Hemel Storm,"Mergim Sokoli, Matt Norman, Veron Eze, Brayden Inger, Sam Newman","Hemel Storm|0,2,21,3,4",2,Matt Norman,0,Mergim Sokoli,1,3,1,0,1,1.0,3.0
Yorkshire Dragons,"Ronnie Ani, Ben Tew, Logan Rooney, Jordan Jefferson, Corey Johnson","Yorkshire Dragons|1,20,3,4,9",4,Jordan Jefferson,9,Corey Johnson,1,3,1,0,1,1.0,3.0
Yorkshire Dragons,"Ronnie Ani, David Ulph, Logan Rooney, Jordan Jefferson, Jack Mielke","Yorkshire Dragons|1,10,3,4,5",4,Jordan Jefferson,5,Jack Mielke,1,3,1,0,1,1.0,3.0
Yorkshire Dragons,"David Ulph, Jordan Whelan, Jordan Jefferson, Jack Mielke, Corey Johnson","Yorkshire Dragons|10,23,4,5,9",5,Jack Mielke,4,Jordan Jefferson,1,3,1,0,1,1.0,3.0
Hemel Storm,"Darien Nelson-Henry, Kai Walker, Brayden Inger, Sam Newman, Jack Burnell","Hemel Storm|10,11,3,4,7",4,Sam Newman,3,Brayden Inger,1,3,1,0,1,1.0,3.0
Hemel Storm,"Darien Nelson-Henry, Matt Norman, Brayden Inger, Sam Newman, Jack Burnell","Hemel Storm|10,2,3,4,7",3,Brayden Inger,2,Matt Norman,1,3,1,0,1,1.0,3.0
Hemel Storm,"Darien Nelson-Henry, Matt Norman, Brayden Inger, Sam Newman, Jack Burnell","Hemel Storm|10,2,3,4,7",4,Sam Newman,7,Jack Burnell,1,3,1,0,1,1.0,3.0
Derby Trailblazers,"Casey Burr, Connor Washington, Jai Pathmarajah, Robert Marsden, Malcolm Smith","Derby Trailblazers|0,13,22,30,9",0,Casey Burr,22,Jai Pathmarajah,1,3,1,0,1,1.0,3.0
Derby Trailblazers,"Casey Burr, Connor Washington, Jai Pathmarajah, Sean Mo Walker, Malcolm Smith","Derby Trailblazers|0,13,22,3,9",3,Sean Mo Walker,22,Jai Pathmarajah,1,3,1,0,1,1.0,3.0
Reading Rockets,"Malik Bryant, Cooper Creek, Jax Bouknight, Yusef Salih, Eliaz (Zain) Poorman","Reading Rockets|10,14,4,5,6",5,Yusef Salih,10,Malik Bryant,1,3,1,0,1,1.0,3.0
Derby Trailblazers,"Connor Washington, Sean Mo Walker, Charlie Brown, Raheem May-Thompson, Malcolm Smith","Derby Trailblazers|13,3,4,7,9",3,Sean Mo Walker,4,Charlie Brown,1,3,1,0,1,1.0,3.0
Birmingham Rockets,"Ronald Blain, Orlan Jackman, Luke Okosieme, Lucas Mcgregor, Martyn Gayle","Birmingham Rockets|0,13,21,6,8",6,Lucas Mcgregor,0,Ronald Blain,1,3,1,0,1,1.0,3.0
Birmingham Rockets,"Ronald Blain, Orlan Jackman, Luke Okosieme, Lucas Mcgregor, Martyn Gayle","Birmingham Rockets|0,13,21,6,8",13,Orlan Jackman,0,Ronald Blain,1,3,1,0,1,1.0,3.0
Birmingham Rockets,"Ronald Blain, Zack Powell, Luke Okosieme, Eric Donaldson, Lucas Mcgregor","Birmingham Rockets|0,14,21,3,6",21,Luke Okosieme,6,Lucas Mcgregor,1,3,1,0,1,1.0,3.0
Bristol Flyers II,"Lanre Ayinla, Roman Price, Jack Craggs, Nassim Ladjimi, Anthony Bhebhe","Bristol Flyers II|10,11,12,24,4",4,Anthony Bhebhe,24,Nassim Ladjimi,1,3,1,0,1,1.0,3.0
Bristol Hurricanes,"Daniel Edozie, Jules Dang-Akodo, Denzel Ubiaro, Corey Samuels, Chris Taylor","Bristol Hurricanes|1,23,31,4,9",1,Daniel Edozie,23,Jules Dang-Akodo,1,3,1,0,1,1.0,3.0
Bristol Flyers II,"Yusuf Hafid, Roman Price, Jack Craggs, Nassim Ladjimi, Giuseppe Landolfi","Bristol Flyers II|0,11,12,24,7",12,Jack Craggs,24,Nassim Ladjimi,1,3,1,0,1,1.0,3.0
Bristol Hurricanes,"Daniel Edozie, Elvisi Dusha, Jules Dang-Akodo, Denzel Ubiaro, Corey Samuels","Bristol Hurricanes|1,12,23,31,4",31,Denzel Ubiaro,4,Corey Samuels,1,3,1,0,1,1.0,3.0
Bristol Hurricanes,"Daniel Edozie, Elvisi Dusha, Jules Dang-Akodo, Denzel Ubiaro, Corey Samuels","Bristol Hurricanes|1,12,23,31,4",31,Denzel Ubiaro,23,Jules Dang-Akodo,1,3,1,0,1,1.0,3.0
Yorkshire Dragons,"David Ulph, Jordan Whelan, Jordan Jefferson, Jack Mielke, Corey Johnson","Yorkshire Dragons|10,23,4,5,9",10,David Ulph,4,Jordan Jefferson,1,3,1,0,1,1.0,3.0
Yorkshire Dragons,"Ronnie Ani, David Ulph, Jordan Jefferson, Jack Mielke, Corey Johnson","Yorkshire Dragons|1,10,4,5,9",10,David Ulph,5,Jack Mielke,1,3,1,0,1,1.0,3.0
Yorkshire Dragons,"Ronnie Ani, David Ulph, Jordan Jefferson, Jack Mielke, Corey Johnson","Yorkshire Dragons|1,10,4,5,9",9,Corey Johnson,5,Jack Mielke,1,3,1,0,1,1.0,3.0
Yorkshire Dragons,"Ronnie Ani, David Ulph, Jordan Jefferson, Jack Mielke, Corey Johnson","Yorkshire Dragons|1,10,4,5,9",1,Ronnie Ani,4,Jordan Jefferson,1,3,1,0,1,1.0,3.0
Yorkshire Dragons,"David Ulph, Jordan Whelan, Jordan Jefferson, Jack Mielke, Nick Lewis","Yorkshire Dragons|10,23,4,5,93",4,Jordan Jefferson,93,Nick Lewis,1,3,1,0,1,1.0,3.0
Newcastle Knights,"Bradley Dean, Sam Trunley, Jaron Thames, Jason Soodeen, Messiah Jones","Newcastle Knights|1,10,11,12,5",1,Bradley Dean,10,Sam Trunley,1,3,1,0,1,1.0,3.0
Newcastle Knights,"Bradley Dean, Sam Trunley, Jaron Thames, Jason Soodeen, Messiah Jones","Newcastle Knights|1,10,11,12,5",5,Messiah Jones,10,Sam Trunley,1,3,1,0,1,1.0,3.0
Yorkshire Dragons,"David Ulph, Jordan Jefferson, Jack Mielke, Corey Johnson, Nick Lewis","Yorkshire Dragons|10,4,5,9,93",9,Corey Johnson,4,Jordan Jefferson,1,3,1,0,1,1.0,3.0
Newcastle Knights,"Bradley Dean, Jaron Thames, Jason Soodeen, Messiah Jones, Max Matthews","Newcastle Knights|1,11,12,5,8",1,Bradley Dean,5,Messiah Jones,1,3,1,0,1,1.0,3.0
Bristol Hurricanes,"Ashley Pearce, Daniel Edozie, Elvisi Dusha, Jules Dang-Akodo, Corey Samuels","Bristol Hurricanes|0,1,12,23,4",4,Corey Samuels,23,Jules Dang-Akodo,1,3,1,0,1,1.0,3.0
London Cavaliers,"Juan Manning, Joe Richards, Daniel Braster, Aj Roberts, Aaron Pyne","London Cavaliers|10,11,23,4,7",11,Joe Richards,10,Juan Manning,1,3,1,0,1,1.0,3.0
London Cavaliers,"Juan Manning, Joe Richards, Daniel Delsol-Lowry, Marquel Beasley, Aj Roberts","London Cavaliers|10,11,12,15,4",10,Juan Manning,4,Aj Roberts,1,3,1,0,1,1.0,3.0
London Cavaliers,"Juan Manning, Joe Richards, Daniel Delsol-Lowry, Marquel Beasley, Aj Roberts","London Cavaliers|10,11,12,15,4",15,Marquel Beasley,10,Juan Manning,1,3,1,0,1,1.0,3.0
London Cavaliers,"Joe Richards, Daniel Delsol-Lowry, Mekhi Collins, Aj Roberts, Aaron Pyne","London Cavaliers|11,12,13,4,7",13,Mekhi Collins,4,Aj Roberts,1,3,1,0,1,1.0,3.0
Bristol Hurricanes,"Ashley Pearce, Daniel Edozie, Elvisi Dusha, Jules Dang-Akodo, Denzel Ubiaro","Bristol Hurricanes|0,1,12,23,31",31,Denzel Ubiaro,12,Elvisi Dusha,1,3,1,0,1,1.0,3.0
Essex Rebels,"Kyron Martin, Daniel Johnson-Thompson, Tom Child, Harry Gent, Ben Winter","Essex Rebels|10,13,22,36,5",5,Ben Winter,10,Kyron Martin,1,3,1,0,1,1.0,3.0
Loughborough Riders,"Johde Campbell, Levi Ehiorobo, Jalen Cook, Liam Campbell, Seth Wylie","Loughborough Riders|0,10,31,4,43",4,Liam Campbell,31,Jalen Cook,1,3,1,0,1,1.0,3.0
Essex Rebels,"Mou Wol-Cummings, Kyron Martin, Tom Child, Johnny Mckew, Tyreese Hudson","Essex Rebels|0,10,22,7,9",22,Tom Child,10,Kyron Martin,1,3,1,0,1,1.0,3.0
Loughborough Riders,"Cameron Nyarko, Jalen Cook, Liam Campbell, Seth Wylie, Dan Hadley","Loughborough Riders|3,31,4,43,5",31,Jalen Cook,43,Seth Wylie,1,3,1,0,1,1.0,3.0
Loughborough Riders,"Cameron Nyarko, Liam Campbell, Seth Wylie, Dan Hadley, Callum Keys","Loughborough Riders|3,4,43,5,8",4,Liam Campbell,8,Callum Keys,1,3,1,0,1,1.0,3.0
Loughborough Riders,"Johde Campbell, Levi Ehiorobo, Jalen Cook, Seth Wylie, Dan Hadley","Loughborough Riders|0,10,31,43,5",5,Dan Hadley,43,Seth Wylie,1,3,1,0,1,1.0,3.0
Essex Rebels,"Kyron Martin, Remy Udeh, Isaac Temilola, Tom Child, Ben Winter","Essex Rebels|10,14,15,22,5",5,Ben Winter,14,Remy Udeh,1,3,1,0,1,1.0,3.0
Essex Rebels,"Kyron Martin, Remy Udeh, Isaac Temilola, Tom Child, Ben Winter","Essex Rebels|10,14,15,22,5",22,Tom Child,14,Remy Udeh,1,3,1,0,1,1.0,3.0
Loughborough Riders,"Levi Ehiorobo, Cameron Nyarko, Liam Campbell, Seth Wylie, Dan Hadley","Loughborough Riders|10,3,4,43,5",5,Dan Hadley,4,Liam Campbell,1,3,1,0,1,1.0,3.0
Essex Rebels,"Kyron Martin, Remy Udeh, Isaac Temilola, Tom Child, Ben Winter","Essex Rebels|10,14,15,22,5",14,Remy Udeh,10,Kyron Martin,1,3,1,0,1,1.0,3.0
Essex Rebels,"Remy Udeh, Isaac Temilola, Tom Child, Ben Winter, Johnny Mckew","Essex Rebels|14,15,22,5,7",5,Ben Winter,22,Tom Child,1,3,1,0,1,1.0,3.0
Nottingham Hoods,"Tyrone Williams, Byrce Johnson, Donell Nixon Ii, Elliot Bailey, Sam Akano","Nottingham Hoods|1,21,24,6,7",1,Tyrone Williams,7,Sam Akano,1,3,1,0,1,1.0,3.0
Birmingham Rockets,"Zack Powell, Larry Duru, Lucas Mcgregor, Faaris Mughaal, Martyn Gayle","Birmingham Rockets|14,16,6,7,8",7,Faaris Mughaal,14,Zack Powell,1,3,1,0,1,1.0,3.0
Nottingham Hoods,"Tyrone Williams, Abiodun Adedo, Donell Nixon Ii, Elliot Bailey, Sam Akano","Nottingham Hoods|1,12,24,6,7",1,Tyrone Williams,12,Abiodun Adedo,1,3,1,0,1,1.0,3.0
Birmingham Rockets,"Philip Basioudis, Tom Grayling, Larry Duru, Adrian Mutothori, Faaris Mughaal","Birmingham Rockets|1,12,16,5,7",12,Tom Grayling,7,Faaris Mughaal,1,3,1,0,1,1.0,3.0
Birmingham Rockets,"Philip Basioudis, Tom Grayling, Larry Duru, Adrian Mutothori, Faaris Mughaal","Birmingham Rockets|1,12,16,5,7",12,Tom Grayling,1,Philip Basioudis,1,3,1,0,1,1.0,3.0
Hemel Storm,"Mergim Sokoli, Kai Walker, Brayden Inger, Sam Newman, Jack Burnell","Hemel Storm|0,11,3,4,7",3,Brayden Inger,4,Sam Newman,1,3,1,0,1,1.0,3.0
Hemel Storm,"Matt Norman, Veron Eze, Di-Jani Parkinson, Brayden Inger, Sam Newman","Hemel Storm|2,21,23,3,4",3,Brayden Inger,23,Di-Jani Parkinson,1,3,1,0,1,1.0,3.0
Hemel Storm,"Kai Walker, Matt Norman, Brayden Inger, Sam Newman, Jack Burnell","Hemel Storm|11,2,3,4,7",4,Sam Newman,3,Brayden Inger,1,3,1,0,1,1.0,3.0
Hemel Storm,"Kai Walker, Brayden Inger, Sam Newman, Jack Burnell, Jarvis Chater","Hemel Storm|11,3,4,7,8",4,Sam Newman,3,Brayden Inger,1,3,1,0,1,1.0,3.0
Hemel Storm,"Kai Walker, Veron Eze, Brayden Inger, Sam Newman, Jovan Rai","Hemel Storm|11,21,3,4,5",11,Kai Walker,3,Brayden Inger,1,3,1,0,1,1.0,3.0
Hemel Storm,"Matt Norman, Veron Eze, Brayden Inger, Sam Newman, Jovan Rai","Hemel Storm|2,21,3,4,5",4,Sam Newman,5,Jovan Rai,1,3,1,0,1,1.0,3.0
Hemel Storm,"Matt Norman, Veron Eze, Brayden Inger, Sam Newman, Jovan Rai","Hemel Storm|2,21,3,4,5",4,Sam Newman,2,Matt Norman,1,3,1,0,1,1.0,3.0
Hemel Storm,"Mergim Sokoli, Kai Walker, Brayden Inger, Sam Newman, Jack Burnell","Hemel Storm|0,11,3,4,7",11,Kai Walker,7,Jack Burnell,1,3,1,0,1,1.0,3.0
Hemel Storm,"Mergim Sokoli, Kai Walker, Veron Eze, Sam Newman, Jack Burnell","Hemel Storm|0,11,21,4,7",11,Kai Walker,0,Mergim Sokoli,1,3,1,0,1,1.0,3.0
Hemel Storm,"Mergim Sokoli, Matt Norman, Veron Eze, Di-Jani Parkinson, Jarvis Chater","Hemel Storm|0,2,21,23,8",2,Matt Norman,23,Di-Jani Parkinson,1,3,1,0,1,1.0,3.0
Milton Keynes Breakers,"Jonas Dietrich, Luke Gregory, Mike New Jr., Jordan Spencer, Kalvin Oates","Milton Keynes Breakers|12,13,15,23,5",5,Kalvin Oates,15,Mike New Jr.,1,3,1,0,1,1.0,3.0
Milton Keynes Breakers,"Kai Williams, Jonas Dietrich, Mike New Jr., Jordan Spencer, Kalvin Oates","Milton Keynes Breakers|0,12,15,23,5",5,Kalvin Oates,0,Kai Williams,1,3,1,0,1,1.0,3.0
Reading Rockets,"Malik Bryant, Cooper Creek, Jax Bouknight, Yusef Salih, Eliaz (Zain) Poorman","Reading Rockets|10,14,4,5,6",10,Malik Bryant,14,Cooper Creek,1,3,1,0,1,1.0,3.0
Reading Rockets,"Malik Bryant, Cooper Creek, Jax Bouknight, Yusef Salih, Eliaz (Zain) Poorman","Reading Rockets|10,14,4,5,6",4,Jax Bouknight,5,Yusef Salih,1,3,1,0,1,1.0,3.0
Reading Rockets,"Malik Bryant, Ty Nsangu, Yusef Salih, Victor Olarerin, Simon Chamberlain","Reading Rockets|10,12,5,8,9",5,Yusef Salih,9,Simon Chamberlain,1,3,1,0,1,1.0,3.0
Milton Keynes Breakers,"Kai Williams, Jonas Dietrich, Mike New Jr., Jordan Spencer, Kalvin Oates","Milton Keynes Breakers|0,12,15,23,5",0,Kai Williams,12,Jonas Dietrich,1,3,1,0,1,1.0,3.0
Milton Keynes Breakers,"Kai Williams, Jonas Dietrich, Mike New Jr., Jordan Spencer, Kalvin Oates","Milton Keynes Breakers|0,12,15,23,5",5,Kalvin Oates,12,Jonas Dietrich,1,3,1,0,1,1.0,3.0
Reading Rockets,"Malik Bryant, La'quarne Sayles, Yusef Salih, Eliaz (Zain) Poorman, Simon Chamberlain","Reading Rockets|10,13,5,6,9",5,Yusef Salih,9,Simon Chamberlain,1,3,1,0,1,1.0,3.0
Reading Rockets,"Cooper Creek, Jax Bouknight, Yusef Salih, Victor Olarerin, Simon Chamberlain","Reading Rockets|14,4,5,8,9",4,Jax Bouknight,14,Cooper Creek,1,3,1,0,1,1.0,3.0
Reading Rockets,"Cooper Creek, Jax Bouknight, Yusef Salih, Eliaz (Zain) Poorman, Victor Olarerin","Reading Rockets|14,4,5,6,8",6,Eliaz (Zain) Poorman,14,Cooper Creek,1,3,1,0,1,1.0,3.0
Milton Keynes Breakers,"Jonas Dietrich, Luke Gregory, Mike New Jr., Jordan Spencer, Kalvin Oates","Milton Keynes Breakers|12,13,15,23,5",5,Kalvin Oates,12,Jonas Dietrich,1,3,1,0,1,1.0,3.0
Milton Keynes Breakers,"Kai Williams, Jonas Dietrich, Mike New Jr., Jordan Spencer, Kalvin Oates","Milton Keynes Breakers|0,12,15,23,5",15,Mike New Jr.,0,Kai Williams,1,3,1,0,1,1.0,3.0
Reading Rockets,"Malik Bryant, Cooper Creek, Yusef Salih, Eliaz (Zain) Poorman, Victor Olarerin","Reading Rockets|10,14,5,6,8",5,Yusef Salih,8,Victor Olarerin,1,3,1,0,1,1.0,3.0
London Cavaliers,"Daniel Delsol-Lowry, Marquel Beasley, Daniel Braster, Darren Ainembabazi, Aj Roberts","London Cavaliers|12,15,23,3,4",23,Daniel Braster,12,Daniel Delsol-Lowry,1,3,1,0,1,1.0,3.0
London Cavaliers,"Juan Manning, Daniel Delsol-Lowry, Mekhi Collins, Marquel Beasley, Darren Ainembabazi","London Cavaliers|10,12,13,15,3",15,Marquel Beasley,10,Juan Manning,1,3,1,0,1,1.0,3.0
London Cavaliers,"Juan Manning, Daniel Delsol-Lowry, Mekhi Collins, Marquel Beasley, Darren Ainembabazi","London Cavaliers|10,12,13,15,3",12,Daniel Delsol-Lowry,10,Juan Manning,1,3,1,0,1,1.0,3.0
Derby Trailblazers,"Elias Norman, Connor Washington, Sean Mo Walker, Robert Marsden, Charlie Brown","Derby Trailblazers|12,13,3,30,4",4,Charlie Brown,12,Elias Norman,1,3,1,0,1,1.0,3.0
London Cavaliers,"Joe Richards, Daniel Delsol-Lowry, Marquel Beasley, Daniel Braster, Aj Roberts","London Cavaliers|11,12,15,23,4",4,Aj Roberts,11,Joe Richards,1,3,1,0,1,1.0,3.0
Derby Trailblazers,"Casey Burr, Jai Pathmarajah, Sean Mo Walker, Charlie Brown, Raheem May-Thompson","Derby Trailblazers|0,22,3,4,7",4,Charlie Brown,3,Sean Mo Walker,1,3,1,0,1,1.0,3.0
London Cavaliers,"Juan Manning, Joe Richards, Daniel Delsol-Lowry, Daniel Braster, Aj Roberts","London Cavaliers|10,11,12,23,4",4,Aj Roberts,11,Joe Richards,1,3,1,0,1,1.0,3.0
London Cavaliers,"Juan Manning, Joe Richards, Daniel Delsol-Lowry, Daniel Braster, Darren Ainembabazi","London Cavaliers|10,11,12,23,3",3,Darren Ainembabazi,10,Juan Manning,1,3,1,0,1,1.0,3.0
Bristol Flyers II,"Yusuf Hafid, Lanre Ayinla, Roman Price, Jack Craggs, Nassim Ladjimi","Bristol Flyers II|0,10,11,12,24",10,Lanre Ayinla,24,Nassim Ladjimi,1,3,1,0,1,1.0,3.0
Bristol Flyers II,"Yusuf Hafid, Roman Price, Jack Craggs, Nassim Ladjimi, Thomas Browne","Bristol Flyers II|0,11,12,24,7",0,Yusuf Hafid,24,Nassim Ladjimi,1,3,1,0,1,1.0,3.0
Worthing Thunder,"Matthew Bryan-Amaning, Justin Hopkins, Elijah Maynard, Bode Adeluola, Elliott Dadds","Worthing Thunder|11,15,22,5,7",15,Justin Hopkins,5,Bode Adeluola,1,3,1,0,1,1.0,3.0
Bristol Flyers II,"Yusuf Hafid, Roman Price, Nassim Ladjimi, Wickens Simba, Thomas Browne","Bristol Flyers II|0,11,24,6,7",7,Thomas Browne,24,Nassim Ladjimi,1,3,1,0,1,1.0,3.0
Bristol Flyers II,"Jack Craggs, Nassim Ladjimi, Anthony Bhebhe, Wickens Simba, Thomas Browne","Bristol Flyers II|12,24,4,6,7",4,Anthony Bhebhe,24,Nassim Ladjimi,1,3,1,0,1,1.0,3.0
Worthing Thunder,"Matthew Bryan-Amaning, Elijah Maynard, Bode Adeluola, Alfie Price, Briceny Lomeka","Worthing Thunder|11,22,5,88,9",5,Bode Adeluola,22,Elijah Maynard,1,3,1,0,1,1.0,3.0
Worthing Thunder,"Danny Evans, Justin Hopkins, Elijah Maynard, Jonathan Lashley, Elliott Dadds","Worthing Thunder|0,15,22,35,7",35,Jonathan Lashley,0,Danny Evans,1,3,1,0,1,1.0,3.0
Bristol Flyers II,"Yusuf Hafid, Jack Craggs, Zak Riabi, Nassim Ladjimi, Wickens Simba","Bristol Flyers II|0,12,14,24,6",24,Nassim Ladjimi,14,Zak Riabi,1,3,1,0,1,1.0,3.0
Bristol Flyers II,"Yusuf Hafid, Lanre Ayinla, Roman Price, Jack Craggs, Nassim Ladjimi","Bristol Flyers II|0,10,11,12,24",12,Jack Craggs,11,Roman Price,1,3,1,0,1,1.0,3.0
Loughborough Riders,"Jalen Cook, Liam Campbell, Dan Hadley, Cameron Nyarko, Callum Keys","Loughborough Riders|12,4,5,7,8",4,Liam Campbell,7,Cameron Nyarko,1,3,1,0,1,1.0,3.0
Loughborough Riders,"Jalen Cook, Liam Campbell, Dan Hadley, Cameron Nyarko, Callum Keys","Loughborough Riders|12,4,5,7,8",8,Callum Keys,7,Cameron Nyarko,1,3,1,0,1,1.0,3.0
Loughborough Riders,"Jalen Cook, Liam Campbell, Seth Wylie, Dan Hadley, Cameron Nyarko","Loughborough Riders|12,4,43,5,7",4,Liam Campbell,43,Seth Wylie,1,3,1,0,1,1.0,3.0
Loughborough Riders,"Jalen Cook, Liam Campbell, Seth Wylie, Dan Hadley, Cameron Nyarko","Loughborough Riders|12,4,43,5,7",5,Dan Hadley,12,Jalen Cook,1,3,1,0,1,1.0,3.0
Loughborough Riders,"Johde Campbell, Jalen Cook, Liam Campbell, Seth Wylie, Dan Hadley","Loughborough Riders|0,12,4,43,5",5,Dan Hadley,0,Johde Campbell,1,3,1,0,1,1.0,3.0
Birmingham Rockets,"Ronald Blain, Zack Powell, Lucas Mcgregor, Faaris Mughaal, Martyn Gayle","Birmingham Rockets|0,14,6,7,8",0,Ronald Blain,14,Zack Powell,1,3,1,0,1,1.0,3.0
Birmingham Rockets,"Ronald Blain, Zack Powell, Eric Donaldson, Lucas Mcgregor, Martyn Gayle","Birmingham Rockets|0,14,3,6,8",14,Zack Powell,3,Eric Donaldson,1,3,1,0,1,1.0,3.0
Loughborough Riders,"Jalen Cook, Liam Campbell, Dan Hadley, Cameron Nyarko, Callum Keys","Loughborough Riders|12,4,5,7,8",4,Liam Campbell,5,Dan Hadley,1,3,1,0,1,1.0,3.0
Loughborough Riders,"Johde Campbell, Jalen Cook, Seth Wylie, Dan Hadley, Cameron Nyarko","Loughborough Riders|0,12,43,5,7",5,Dan Hadley,7,Cameron Nyarko,1,3,1,0,1,1.0,3.0
Loughborough Riders,"Johde Campbell, Jalen Cook, Seth Wylie, Dan Hadley, Cameron Nyarko","Loughborough Riders|0,12,43,5,7",5,Dan Hadley,12,Jalen Cook,1,3,1,0,1,1.0,3.0
Loughborough Riders,"Johde Campbell, Jalen Cook, Seth Wylie, Dan Hadley, Cameron Nyarko","Loughborough Riders|0,12,43,5,7",43,Seth Wylie,5,Dan Hadley,1,3,1,0,1,1.0,3.0
London Cavaliers,"Mekhi Collins, Marquel Beasley, Daniel Braster, Aj Roberts, Omari Pond-Mckenzie","London Cavaliers|13,15,23,4,5",13,Mekhi Collins,15,Marquel Beasley,1,2,0,1,1,1.0,2.0
Milton Keynes Breakers,"Chase Thompson, Jonas Dietrich, Mike New Jr, Blayne Freckleton, Dashawn Jackson","Milton Keynes Breakers|10,12,15,7,9",10,Chase Thompson,9,Dashawn Jackson,1,2,0,1,1,1.0,2.0
Milton Keynes Breakers,"Chase Thompson, Mike New Jr, Xavier Wilson, Jordan Spencer, Dashawn Jackson","Milton Keynes Breakers|10,15,21,23,9",23,Jordan Spencer,21,Xavier Wilson,1,2,0,1,1,1.0,2.0
Milton Keynes Breakers,"Chase Thompson, Mike New Jr, Xavier Wilson, Jordan Spencer, Dashawn Jackson","Milton Keynes Breakers|10,15,21,23,9",9,Dashawn Jackson,21,Xavier Wilson,1,2,0,1,1,1.0,2.0
Milton Keynes Breakers,"Ben Baker-Mccann, Mike New Jr, Xavier Wilson, Blayne Freckleton, Dashawn Jackson","Milton Keynes Breakers|11,15,21,7,9",11,Ben Baker-Mccann,21,Xavier Wilson,1,2,0,1,1,1.0,2.0
Milton Keynes Breakers,"Ben Baker-Mccann, Mike New Jr, Xavier Wilson, Blayne Freckleton, Dashawn Jackson","Milton Keynes Breakers|11,15,21,7,9",9,Dashawn Jackson,11,Ben Baker-Mccann,1,2,0,1,1,1.0,2.0
Milton Keynes Breakers,"Ben Baker-Mccann, Mike New Jr, Xavier Wilson, Blayne Freckleton, Dashawn Jackson","Milton Keynes Breakers|11,15,21,7,9",9,Dashawn Jackson,21,Xavier Wilson,1,2,0,1,1,1.0,2.0
London Cavaliers,"Juan Manning, Mekhi Collins, Daniel Braster, Aj Roberts, Omari Pond-Mckenzie","London Cavaliers|10,13,23,4,5",5,Omari Pond-Mckenzie,4,Aj Roberts,1,2,0,1,1,1.0,2.0
London Cavaliers,"Juan Manning, Mekhi Collins, Marquel Beasley, Daniel Braster, Omari Pond-Mckenzie","London Cavaliers|10,13,15,23,5",13,Mekhi Collins,23,Daniel Braster,1,2,0,1,1,1.0,2.0
London Cavaliers,"Juan Manning, Mekhi Collins, Marquel Beasley, Daniel Braster, Darren Ainembabazi","London Cavaliers|10,13,15,23,3",23,Daniel Braster,15,Marquel Beasley,1,2,0,1,1,1.0,2.0
Yorkshire Dragons,"D. Ulph, J. Colon, J. Whelan, C. Jonhson, N. Lewis","Yorkshire Dragons|10,11,23,9,93",93,N. Lewis,10,D. Ulph,1,2,0,1,1,1.0,2.0
Yorkshire Dragons,"D. Ulph, J. Melke, A. Lycoudis, C. Jonhson, N. Lewis","Yorkshire Dragons|10,5,7,9,93",9,C. Jonhson,10,D. Ulph,1,2,0,1,1,1.0,2.0
Yorkshire Dragons,"D. Ulph, J. Melke, A. Lycoudis, C. Jonhson, N. Lewis","Yorkshire Dragons|10,5,7,9,93",7,A. Lycoudis,9,C. Jonhson,1,2,0,1,1,1.0,2.0
Newcastle Knights,"B. Dean, S. Trunley, J. Thames, F. Cork, M. Mathews","Newcastle Knights|1,10,11,13,8",13,F. Cork,8,M. Mathews,1,2,0,1,1,1.0,2.0
Yorkshire Dragons,"D. Ulph, J. Colon, J. Whelan, C. Jonhson, N. Lewis","Yorkshire Dragons|10,11,23,9,93",23,J. Whelan,10,D. Ulph,1,2,0,1,1,1.0,2.0
Yorkshire Dragons,"D. Ulph, J. Whelan, J. Melke, C. Jonhson, N. Lewis","Yorkshire Dragons|10,23,5,9,93",93,N. Lewis,9,C. Jonhson,1,2,0,1,1,1.0,2.0
Bristol Flyers II,"Roman Price, Reggie Eigbe, Marvin Dinnall, Tom Browne, Ashton Dyer","Bristol Flyers II|11,13,5,8,9",5,Marvin Dinnall,11,Roman Price,1,2,0,1,1,1.0,2.0
Bristol Flyers II,"Yusuf Hafid, Lanre Ayinla, Nikolas Sagkovits, Nassim Ladjimi, Giuseppe Landolfi","Bristol Flyers II|0,10,21,24,7",10,Lanre Ayinla,7,Giuseppe Landolfi,1,2,0,1,1,1.0,2.0
Bristol Flyers II,"Lanre Ayinla, Reggie Eigbe, Nikolas Sagkovits, Nassim Ladjimi, Anthony Bhebhe","Bristol Flyers II|10,13,21,24,4",10,Lanre Ayinla,21,Nikolas Sagkovits,1,2,0,1,1,1.0,2.0
Worthing Thunder,"Matthew Bryan-Amaning, Justin Hopkins, Elijah Maynard, Bode Adeluola, Elliott Dadds","Worthing Thunder|11,15,22,5,7",22,Elijah Maynard,11,Matthew Bryan-Amaning,1,2,0,1,1,1.0,2.0
Bristol Flyers II,"Roman Price, Jack Craggs, Nassim Ladjimi, Anthony Bhebhe, Tom Browne","Bristol Flyers II|11,12,24,4,8",4,Anthony Bhebhe,12,Jack Craggs,1,2,0,1,1,1.0,2.0
Worthing Thunder,"Justin Hopkins, Elijah Maynard, Adrian Scarborough, Bode Adeluola, Elliott Dadds","Worthing Thunder|15,22,4,5,7",7,Elliott Dadds,15,Justin Hopkins,1,2,0,1,1,1.0,2.0
Bristol Flyers II,"Jack Craggs, Reggie Eigbe, Marvin Dinnall, Giuseppe Landolfi, Tom Browne","Bristol Flyers II|12,13,5,7,8",5,Marvin Dinnall,13,Reggie Eigbe,1,2,0,1,1,1.0,2.0
Worthing Thunder,"Justin Hopkins, Elijah Maynard, Tom Dejesus, Adrian Scarborough, Bode Adeluola","Worthing Thunder|15,22,26,4,5",22,Elijah Maynard,15,Justin Hopkins,1,2,0,1,1,1.0,2.0
Bristol Flyers II,"Yusuf Hafid, Reggie Eigbe, Nassim Ladjimi, Giuseppe Landolfi, Ashton Dyer","Bristol Flyers II|0,13,24,7,9",7,Giuseppe Landolfi,13,Reggie Eigbe,1,2,0,1,1,1.0,2.0
Bristol Flyers II,"Yusuf Hafid, Lanre Ayinla, Nikolas Sagkovits, Nassim Ladjimi, Tom Browne","Bristol Flyers II|0,10,21,24,8",0,Yusuf Hafid,8,Tom Browne,1,2,0,1,1,1.0,2.0
Essex Rebels,"Remy Udeh, Miles Brown, Tom Child, Harry Gent, Chrishon Briggs","Essex Rebels|14,2,22,36,4",4,Chrishon Briggs,2,Miles Brown,1,2,0,1,1,1.0,2.0
Essex Rebels,"Kyron Martin, Miles Brown, Tom Child, Johnny Mckew, Tyreese Hudson","Essex Rebels|10,2,22,7,9",2,Miles Brown,9,Tyreese Hudson,1,2,0,1,1,1.0,2.0
Bristol Hurricanes,"D. Edozie, D. Forsyth, E. Dusha, C. Tucker, C. Samuels","Bristol Hurricanes|1,11,12,3,4",12,E. Dusha,1,D. Edozie,1,2,0,1,1,1.0,2.0
Essex Rebels,"Miles Brown, Anthony Idiata-Mendez, Tom Child, Harry Gent, Chrishon Briggs","Essex Rebels|2,20,22,36,4",22,Tom Child,4,Chrishon Briggs,1,2,0,1,1,1.0,2.0
Bristol Hurricanes,"D. Edozie, E. Dusha, J. Claar, C. Tucker, C. Samuels","Bristol Hurricanes|1,12,24,3,4",12,E. Dusha,24,J. Claar,1,2,0,1,1,1.0,2.0
Essex Rebels,"Mou Wol-Cummings, Kyron Martin, Remy Udeh, Johnny Mckew, Tyreese Hudson","Essex Rebels|0,10,14,7,9",10,Kyron Martin,14,Remy Udeh,1,2,0,1,1,1.0,2.0
Essex Rebels,"Michael Amako, Miles Brown, Tom Child, Harry Gent, Chrishon Briggs","Essex Rebels|1,2,22,36,4",2,Miles Brown,1,Michael Amako,1,2,0,1,1,1.0,2.0
Bristol Hurricanes,"D. Edozie, D. Forsyth, K. Hill, C. Tucker, H. Bligen","Bristol Hurricanes|1,11,2,3,33",11,D. Forsyth,33,H. Bligen,1,2,0,1,1,1.0,2.0
Reading Rockets,"Malik Bryant, Jax Bouknight, Eliaz (Zain) Poorman, Victor Olarerin, Simon Chamberlain","Reading Rockets|10,4,6,8,9",8,Victor Olarerin,6,Eliaz (Zain) Poorman,1,2,0,1,1,1.0,2.0
Reading Rockets,"Malik Bryant, Cooper Creek, Jax Bouknight, Matthew Allman, Eliaz (Zain) Poorman","Reading Rockets|10,14,4,5,6",10,Malik Bryant,6,Eliaz (Zain) Poorman,1,2,0,1,1,1.0,2.0
Reading Rockets,"Matthew Allman, Eliaz (Zain) Poorman, Lewis Champion, Victor Olarerin, Simon Chamberlain","Reading Rockets|5,6,7,8,9",6,Eliaz (Zain) Poorman,7,Lewis Champion,1,2,0,1,1,1.0,2.0
Hemel Storm,"Darien Nelson-Henry, Kai Walker, Veron Eze, Di-Jani Parkinson, Sam Newman","Hemel Storm|10,11,21,23,4",21,Veron Eze,4,Sam Newman,1,2,0,1,1,1.0,2.0
Reading Rockets,"Matthew Allman, Eliaz (Zain) Poorman, Lewis Champion, Victor Olarerin, Simon Chamberlain","Reading Rockets|5,6,7,8,9",9,Simon Chamberlain,6,Eliaz (Zain) Poorman,1,2,0,1,1,1.0,2.0
Hemel Storm,"Darien Nelson-Henry, Kai Walker, Veron Eze, Di-Jani Parkinson, Sam Newman","Hemel Storm|10,11,21,23,4",23,Di-Jani Parkinson,11,Kai Walker,1,2,0,1,1,1.0,2.0
Hemel Storm,"Darien Nelson-Henry, Kai Walker, Matt Norman, Sam Newman, Jack Burnell","Hemel Storm|10,11,2,4,7",10,Darien Nelson-Henry,11,Kai Walker,1,2,0,1,1,1.0,2.0
Hemel Storm,"Darien Nelson-Henry, Kai Walker, Matt Norman, Veron Eze, Sam Newman","Hemel Storm|10,11,2,21,4",4,Sam Newman,21,Veron Eze,1,2,0,1,1,1.0,2.0
Hemel Storm,"Darien Nelson-Henry, Matt Norman, Di-Jani Parkinson, Brayden Inger, Sam Newman","Hemel Storm|10,2,23,3,4",4,Sam Newman,2,Matt Norman,1,2,0,1,1,1.0,2.0
Hemel Storm,"Darien Nelson-Henry, Kai Walker, Matt Norman, Di-Jani Parkinson, Sam Newman","Hemel Storm|10,11,2,23,4",11,Kai Walker,10,Darien Nelson-Henry,1,2,0,1,1,1.0,2.0
Hemel Storm,"Darien Nelson-Henry, Kai Walker, Matt Norman, Di-Jani Parkinson, Sam Newman","Hemel Storm|10,11,2,23,4",4,Sam Newman,11,Kai Walker,1,2,0,1,1,1.0,2.0
Reading Rockets,"Cooper Creek, Matthew Allman, Eliaz (Zain) Poorman, Lewis Champion, Victor Olarerin","Reading Rockets|14,5,6,7,8",6,Eliaz (Zain) Poorman,8,Victor Olarerin,1,2,0,1,1,1.0,2.0
Hemel Storm,"Kai Walker, Matt Norman, Veron Eze, Di-Jani Parkinson, Brayden Inger","Hemel Storm|11,2,21,23,3",21,Veron Eze,23,Di-Jani Parkinson,1,2,0,1,1,1.0,2.0
Reading Rockets,"Malik Bryant, Eliaz (Zain) Poorman, Lewis Champion, Victor Olarerin, Simon Chamberlain","Reading Rockets|10,6,7,8,9",8,Victor Olarerin,6,Eliaz (Zain) Poorman,1,2,0,1,1,1.0,2.0
Hemel Storm,"Darien Nelson-Henry, Veron Eze, Di-Jani Parkinson, Brayden Inger, Jack Burnell","Hemel Storm|10,21,23,3,7",21,Veron Eze,10,Darien Nelson-Henry,1,2,0,1,1,1.0,2.0
Hemel Storm,"Darien Nelson-Henry, Veron Eze, Di-Jani Parkinson, Brayden Inger, Jack Burnell","Hemel Storm|10,21,23,3,7",3,Brayden Inger,10,Darien Nelson-Henry,1,2,0,1,1,1.0,2.0
Reading Rockets,"Malik Bryant, Cooper Creek, Jax Bouknight, Matthew Allman, Victor Olarerin","Reading Rockets|10,14,4,5,8",4,Jax Bouknight,8,Victor Olarerin,1,2,0,1,1,1.0,2.0
Derby Trailblazers,"Connor Washington, Rob Marsden, Harland Beverly, Evan Oliver, Raheem May-Thompson","Derby Trailblazers|13,30,5,6,7",6,Evan Oliver,30,Rob Marsden,1,2,0,1,1,1.0,2.0
Birmingham Rockets,"Zack Powell, Luke Okosieme, Eric Donaldson, Lucas Mcgregor, Martyn Gayle","Birmingham Rockets|14,21,3,6,8",8,Martyn Gayle,6,Lucas Mcgregor,1,2,0,1,1,1.0,2.0
Derby Trailblazers,"S. Walker, Charlie Brown, Harland Beverly, Evan Oliver, Raheem May-Thompson","Derby Trailblazers|3,4,5,6,7",5,Harland Beverly,7,Raheem May-Thompson,1,2,0,1,1,1.0,2.0
Derby Trailblazers,"S. Walker, Charlie Brown, Harland Beverly, Evan Oliver, Raheem May-Thompson","Derby Trailblazers|3,4,5,6,7",7,Raheem May-Thompson,3,S. Walker,1,2,0,1,1,1.0,2.0
Derby Trailblazers,"Jai Pathmarajah, S. Walker, Rob Marsden, Charlie Brown, Harland Beverly","Derby Trailblazers|22,3,30,4,5",3,S. Walker,5,Harland Beverly,1,2,0,1,1,1.0,2.0
Birmingham Rockets,"Andre Bonnick, Orlan Jackman, Zack Powell, Faaris Mughal, Martyn Gayle","Birmingham Rockets|10,13,14,7,8",10,Andre Bonnick,13,Orlan Jackman,1,2,0,1,1,1.0,2.0
Birmingham Rockets,"Andre Bonnick, Orlan Jackman, Zack Powell, Faaris Mughal, Martyn Gayle","Birmingham Rockets|10,13,14,7,8",8,Martyn Gayle,14,Zack Powell,1,2,0,1,1,1.0,2.0
Derby Trailblazers,"Jai Pathmarajah, S. Walker, Rob Marsden, Charlie Brown, Harland Beverly","Derby Trailblazers|22,3,30,4,5",4,Charlie Brown,22,Jai Pathmarajah,1,2,0,1,1,1.0,2.0
Derby Trailblazers,"Jai Pathmarajah, S. Walker, Rob Marsden, Charlie Brown, Evan Oliver","Derby Trailblazers|22,3,30,4,6",6,Evan Oliver,3,S. Walker,1,2,0,1,1,1.0,2.0
Birmingham Rockets,"Orlan Jackman, Zack Powell, Luke Okosieme, Eric Donaldson, Faaris Mughal","Birmingham Rockets|13,14,21,3,7",13,Orlan Jackman,3,Eric Donaldson,1,2,0,1,1,1.0,2.0
Derby Trailblazers,"Connor Washington, Rob Marsden, Harland Beverly, Evan Oliver, Raheem May-Thompson","Derby Trailblazers|13,30,5,6,7",13,Connor Washington,30,Rob Marsden,1,2,0,1,1,1.0,2.0
Derby Trailblazers,"Jai Pathmarajah, S. Walker, Harland Beverly, Evan Oliver, Raheem May-Thompson","Derby Trailblazers|22,3,5,6,7",3,S. Walker,5,Harland Beverly,1,2,0,1,1,1.0,2.0
Derby Trailblazers,"Jai Pathmarajah, S. Walker, Harland Beverly, Evan Oliver, Raheem May-Thompson","Derby Trailblazers|22,3,5,6,7",22,Jai Pathmarajah,7,Raheem May-Thompson,1,2,0,1,1,1.0,2.0
Birmingham Rockets,"Orlan Jackman, Zack Powell, Eric Donaldson, Faaris Mughal, Martyn Gayle","Birmingham Rockets|13,14,3,7,8",14,Zack Powell,3,Eric Donaldson,1,2,0,1,1,1.0,2.0
Birmingham Rockets,"Orlan Jackman, Zack Powell, Eric Donaldson, Faaris Mughal, Martyn Gayle","Birmingham Rockets|13,14,3,7,8",14,Zack Powell,13,Orlan Jackman,1,2,0,1,1,1.0,2.0
Birmingham Rockets,"Orlan Jackman, Eric Donaldson, Lucas Mcgregor, Faaris Mughal, Martyn Gayle","Birmingham Rockets|13,3,6,7,8",8,Martyn Gayle,7,Faaris Mughal,1,2,0,1,1,1.0,2.0
Birmingham Rockets,"Orlan Jackman, Eric Donaldson, Lucas Mcgregor, Faaris Mughal, Martyn Gayle","Birmingham Rockets|13,3,6,7,8",6,Lucas Mcgregor,13,Orlan Jackman,1,2,0,1,1,1.0,2.0
Derby Trailblazers,"Connor Washington, Jai Pathmarajah, Rob Marsden, Harland Beverly, Raheem May-Thompson","Derby Trailblazers|13,22,30,5,7",5,Harland Beverly,13,Connor Washington,1,2,0,1,1,1.0,2.0
Derby Trailblazers,"Connor Washington, Jai Pathmarajah, Rob Marsden, Harland Beverly, Raheem May-Thompson","Derby Trailblazers|13,22,30,5,7",30,Rob Marsden,7,Raheem May-Thompson,1,2,0,1,1,1.0,2.0
Derby Trailblazers,"Connor Washington, Rob Marsden, Harland Beverly, Evan Oliver, Raheem May-Thompson","Derby Trailblazers|13,30,5,6,7",6,Evan Oliver,5,Harland Beverly,1,2,0,1,1,1.0,2.0
Derby Trailblazers,"Connor Washington, S. Walker, Rob Marsden, Evan Oliver, Raheem May-Thompson","Derby Trailblazers|13,3,30,6,7",30,Rob Marsden,3,S. Walker,1,2,0,1,1,1.0,2.0
Loughborough Riders,"Johde Campbell, Michael Joiner, Panos Karras, Jalen Cook, Tomide Akinsiku","Loughborough Riders|0,11,15,31,36",11,Michael Joiner,36,Tomide Akinsiku,1,2,0,1,1,1.0,2.0
Loughborough Riders,"Johde Campbell, Michael Joiner, Panos Karras, Jalen Cook, Tomide Akinsiku","Loughborough Riders|0,11,15,31,36",0,Johde Campbell,36,Tomide Akinsiku,1,2,0,1,1,1.0,2.0
Nottingham Hoods,"Tyrone Williams, Simeon Perry, Micah Salvery-Richards, Andrew Thomson, Sam Akano","Nottingham Hoods|1,11,14,21,7",11,Simeon Perry,14,Micah Salvery-Richards,1,2,0,1,1,1.0,2.0
Loughborough Riders,"Johde Campbell, Jalen Cook, Tomide Akinsiku, Seth Wylie, Dan Hadley","Loughborough Riders|0,31,36,43,5",0,Johde Campbell,36,Tomide Akinsiku,1,2,0,1,1,1.0,2.0
Nottingham Hoods,"Mergin Sokoli, Tyrone Williams, Latrell Maitland, Donell Nixon Ii, Elliot Bailey","Nottingham Hoods|0,1,23,24,6",6,Elliot Bailey,0,Mergin Sokoli,1,2,0,1,1,1.0,2.0
Nottingham Hoods,"Mergin Sokoli, Tyrone Williams, Latrell Maitland, Donell Nixon Ii, Elliot Bailey","Nottingham Hoods|0,1,23,24,6",6,Elliot Bailey,1,Tyrone Williams,1,2,0,1,1,1.0,2.0
Loughborough Riders,"Johde Campbell, Michael Joiner, Jalen Cook, Tomide Akinsiku, Seth Wylie","Loughborough Riders|0,11,31,36,43",0,Johde Campbell,31,Jalen Cook,1,2,0,1,1,1.0,2.0
Nottingham Hoods,"Tyrone Williams, Simeon Perry, Donell Nixon Ii, Elliot Bailey, Sam Akano","Nottingham Hoods|1,11,24,6,7",24,Donell Nixon Ii,11,Simeon Perry,1,2,0,1,1,1.0,2.0
Nottingham Hoods,"Tyrone Williams, Simeon Perry, Andrew Thomson, Donell Nixon Ii, Sam Akano","Nottingham Hoods|1,11,21,24,7",24,Donell Nixon Ii,7,Sam Akano,1,2,0,1,1,1.0,2.0
Loughborough Riders,"Johde Campbell, Michael Joiner, Panos Karras, Jalen Cook, Tomide Akinsiku","Loughborough Riders|0,11,15,31,36",36,Tomide Akinsiku,0,Johde Campbell,1,2,0,1,1,1.0,2.0
Loughborough Riders,"Johde Campbell, Michael Joiner, Panos Karras, Jalen Cook, Tomide Akinsiku","Loughborough Riders|0,11,15,31,36",15,Panos Karras,36,Tomide Akinsiku,1,2,0,1,1,1.0,2.0
Loughborough Riders,"Johde Campbell, Jalen Cook, Tomide Akinsiku, Liam Campbell, Seth Wylie","Loughborough Riders|0,31,36,4,43",36,Tomide Akinsiku,4,Liam Campbell,1,2,0,1,1,1.0,2.0
Nottingham Hoods,"Tyrone Williams, Simeon Perry, Andrew Thomson, Latrell Maitland, Sam Akano","Nottingham Hoods|1,11,21,23,7",1,Tyrone Williams,11,Simeon Perry,1,2,0,1,1,1.0,2.0
Loughborough Riders,"Johde Campbell, Tomide Akinsiku, Liam Campbell, Seth Wylie, Dan Hadley","Loughborough Riders|0,36,4,43,5",5,Dan Hadley,36,Tomide Akinsiku,1,2,0,1,1,1.0,2.0
Nottingham Hoods,"Tyrone Williams, Andrew Thomson, Donell Nixon Ii, Elliot Bailey, Sam Akano","Nottingham Hoods|1,21,24,6,7",7,Sam Akano,21,Andrew Thomson,1,2,0,1,1,1.0,2.0
Nottingham Hoods,"Mergin Sokoli, Tyrone Williams, Micah Salvery-Richards, Andrew Thomson, Donell Nixon Ii","Nottingham Hoods|0,1,14,21,24",21,Andrew Thomson,1,Tyrone Williams,1,2,0,1,1,1.0,2.0
Loughborough Riders,"Johde Campbell, Michael Joiner, Jalen Cook, Seth Wylie, Dan Hadley","Loughborough Riders|0,11,31,43,5",0,Johde Campbell,5,Dan Hadley,1,2,0,1,1,1.0,2.0
Newcastle Knights,"Bradley Dean, Jaron Thames, Finn Cork, Max Matthews, Miles Felletti-O'donnell","Newcastle Knights|1,11,13,8,9",13,Finn Cork,8,Max Matthews,1,2,0,1,1,1.0,2.0
Newcastle Knights,"Bradley Dean, Jaron Thames, Finn Cork, Max Matthews, Miles Felletti-O'donnell","Newcastle Knights|1,11,13,8,9",1,Bradley Dean,11,Jaron Thames,1,2,0,1,1,1.0,2.0
Milton Keynes Breakers,"Dashawn Jackson, Mike New Jr., Xavier Wilson, Jordan Spencer, Chase Thompson","Milton Keynes Breakers|1,15,21,23,8",23,Jordan Spencer,21,Xavier Wilson,1,2,0,1,1,1.0,2.0
Milton Keynes Breakers,"Ben Baker-Mccann, Luke Gregory, Mike New Jr., Xavier Wilson, Blayne Freckleton","Milton Keynes Breakers|11,13,15,21,7",7,Blayne Freckleton,21,Xavier Wilson,1,2,0,1,1,1.0,2.0
Milton Keynes Breakers,"Dashawn Jackson, Ben Baker-Mccann, Mike New Jr., Jordan Spencer, Chase Thompson","Milton Keynes Breakers|1,11,15,23,8",23,Jordan Spencer,11,Ben Baker-Mccann,1,2,0,1,1,1.0,2.0
Milton Keynes Breakers,"Dashawn Jackson, Jonas Dietrich, Jordan Spencer, Chris Tawiah, Chase Thompson","Milton Keynes Breakers|1,12,23,25,8",23,Jordan Spencer,8,Chase Thompson,1,2,0,1,1,1.0,2.0
Milton Keynes Breakers,"Dashawn Jackson, Jonas Dietrich, Jordan Spencer, Chris Tawiah, Chase Thompson","Milton Keynes Breakers|1,12,23,25,8",23,Jordan Spencer,12,Jonas Dietrich,1,2,0,1,1,1.0,2.0
Milton Keynes Breakers,"Ben Baker-Mccann, Jonas Dietrich, Mike New Jr., Xavier Wilson, Blayne Freckleton","Milton Keynes Breakers|11,12,15,21,7",21,Xavier Wilson,12,Jonas Dietrich,1,2,0,1,1,1.0,2.0
Newcastle Knights,"Bradley Dean, Sam Trunley, Messiah Jones, Scott Angus, Max Matthews","Newcastle Knights|1,10,5,7,8",10,Sam Trunley,7,Scott Angus,1,2,0,1,1,1.0,2.0
Newcastle Knights,"Bradley Dean, Sam Trunley, Messiah Jones, Scott Angus, Max Matthews","Newcastle Knights|1,10,5,7,8",10,Sam Trunley,5,Messiah Jones,1,2,0,1,1,1.0,2.0
Milton Keynes Breakers,"Dashawn Jackson, Mike New Jr., Jordan Spencer, Chris Tawiah, Chase Thompson","Milton Keynes Breakers|1,15,23,25,8",23,Jordan Spencer,8,Chase Thompson,1,2,0,1,1,1.0,2.0
Yorkshire Dragons,"David Ulph, Jordan Whelan, J. Melke, Corey Johnson, Nick Lewis","Yorkshire Dragons|10,23,5,6,93",23,Jordan Whelan,10,David Ulph,1,2,0,1,1,1.0,2.0
Worthing Thunder,"Danny Evans, Elijah Maynard, Adrian Scarborough, Bode Adeluola, Elliott Dadds","Worthing Thunder|0,22,4,5,7",22,Elijah Maynard,4,Adrian Scarborough,1,2,0,1,1,1.0,2.0
Worthing Thunder,"Matthew Bryan-Amaning, Justin Hopkins, Elijah Maynard, Adrian Scarborough, Elliott Dadds","Worthing Thunder|11,15,22,4,7",22,Elijah Maynard,7,Elliott Dadds,1,2,0,1,1,1.0,2.0
Worthing Thunder,"Danny Evans, Matthew Bryan-Amaning, Justin Hopkins, Elijah Maynard, Adrian Scarborough","Worthing Thunder|0,11,15,22,4",15,Justin Hopkins,11,Matthew Bryan-Amaning,1,2,0,1,1,1.0,2.0
Worthing Thunder,"Danny Evans, Justin Hopkins, Elijah Maynard, Troy Mcindoe, Adrian Scarborough","Worthing Thunder|0,15,22,23,4",23,Troy Mcindoe,22,Elijah Maynard,1,2,0,1,1,1.0,2.0
Worthing Thunder,"Justin Hopkins, Elijah Maynard, Adrian Scarborough, Bode Adeluola, Elliott Dadds","Worthing Thunder|15,22,4,5,7",4,Adrian Scarborough,15,Justin Hopkins,1,2,0,1,1,1.0,2.0
Worthing Thunder,"Danny Evans, Justin Hopkins, Elijah Maynard, Adrian Scarborough, Elliott Dadds","Worthing Thunder|0,15,22,4,7",7,Elliott Dadds,4,Adrian Scarborough,1,2,0,1,1,1.0,2.0
Worthing Thunder,"Danny Evans, Justin Hopkins, Elijah Maynard, Adrian Scarborough, Bode Adeluola","Worthing Thunder|0,15,22,4,5",15,Justin Hopkins,4,Adrian Scarborough,1,2,0,1,1,1.0,2.0
Worthing Thunder,"Danny Evans, Justin Hopkins, Elijah Maynard, Adrian Scarborough, Bode Adeluola","Worthing Thunder|0,15,22,4,5",0,Danny Evans,22,Elijah Maynard,1,2,0,1,1,1.0,2.0
Bristol Hurricanes,"Elvisi Dusha, James Claar, Heru Bligen, Corey Samuels, Vilmantas Dilys","Bristol Hurricanes|12,24,33,4,55",12,Elvisi Dusha,55,Vilmantas Dilys,1,2,0,1,1,1.0,2.0
Bristol Hurricanes,"Elvisi Dusha, James Claar, Heru Bligen, Corey Samuels, Vilmantas Dilys","Bristol Hurricanes|12,24,33,4,55",55,Vilmantas Dilys,24,James Claar,1,2,0,1,1,1.0,2.0
Derby Trailblazers,"Jai Pathmarajah, Sean Mo Walker, Robert Marsden, Charlie Brown, Harlond Beverley Jr","Derby Trailblazers|22,3,30,4,5",30,Robert Marsden,5,Harlond Beverley Jr,1,2,0,1,1,1.0,2.0
Derby Trailblazers,"Jai Pathmarajah, Sean Mo Walker, Robert Marsden, Charlie Brown, Harlond Beverley Jr","Derby Trailblazers|22,3,30,4,5",3,Sean Mo Walker,5,Harlond Beverley Jr,1,2,0,1,1,1.0,2.0
Bristol Hurricanes,"Daniel Edozie, David Forsyth, Elvisi Dusha, James Claar, Corey Samuels","Bristol Hurricanes|1,11,12,24,4",11,David Forsyth,24,James Claar,1,2,0,1,1,1.0,2.0
Derby Trailblazers,"Jai Pathmarajah, Sean Mo Walker, Robert Marsden, Charlie Brown, Evan Oliver","Derby Trailblazers|22,3,30,4,6",3,Sean Mo Walker,6,Evan Oliver,1,2,0,1,1,1.0,2.0
Bristol Hurricanes,"David Forsyth, Elvisi Dusha, Denzel Ubiaro, Heru Bligen, Vilmantas Dilys","Bristol Hurricanes|11,12,31,33,55",55,Vilmantas Dilys,31,Denzel Ubiaro,1,2,0,1,1,1.0,2.0
Bristol Hurricanes,"Elvisi Dusha, James Claar, Denzel Ubiaro, Heru Bligen, Vilmantas Dilys","Bristol Hurricanes|12,24,31,33,55",12,Elvisi Dusha,24,James Claar,1,2,0,1,1,1.0,2.0
Bristol Hurricanes,"James Claar, Denzel Ubiaro, Heru Bligen, Corey Samuels, Vilmantas Dilys","Bristol Hurricanes|24,31,33,4,55",24,James Claar,31,Denzel Ubiaro,1,2,0,1,1,1.0,2.0
Bristol Hurricanes,"Daniel Edozie, Elvisi Dusha, James Claar, Denzel Ubiaro, Corey Samuels","Bristol Hurricanes|1,12,24,31,4",31,Denzel Ubiaro,1,Daniel Edozie,1,2,0,1,1,1.0,2.0
Derby Trailblazers,"Connor Washington, Robert Marsden, Harlond Beverley Jr, Evan Oliver, Raheem May-Thompson","Derby Trailblazers|13,30,5,6,7",6,Evan Oliver,5,Harlond Beverley Jr,1,2,0,1,1,1.0,2.0
Derby Trailblazers,"Connor Washington, Robert Marsden, Harlond Beverley Jr, Evan Oliver, Raheem May-Thompson","Derby Trailblazers|13,30,5,6,7",6,Evan Oliver,30,Robert Marsden,1,2,0,1,1,1.0,2.0
Bristol Hurricanes,"Daniel Edozie, Elvisi Dusha, James Claar, Denzel Ubiaro, Corey Samuels","Bristol Hurricanes|1,12,24,31,4",24,James Claar,1,Daniel Edozie,1,2,0,1,1,1.0,2.0
Bristol Hurricanes,"Daniel Edozie, Elvisi Dusha, James Claar, Denzel Ubiaro, Heru Bligen","Bristol Hurricanes|1,12,24,31,33",1,Daniel Edozie,33,Heru Bligen,1,2,0,1,1,1.0,2.0
Bristol Hurricanes,"Daniel Edozie, James Claar, Heru Bligen, Corey Samuels, Vilmantas Dilys","Bristol Hurricanes|1,24,33,4,55",4,Corey Samuels,24,James Claar,1,2,0,1,1,1.0,2.0
Derby Trailblazers,"Jai Pathmarajah, Sean Mo Walker, Harlond Beverley Jr, Evan Oliver, Raheem May-Thompson","Derby Trailblazers|22,3,5,6,7",5,Harlond Beverley Jr,6,Evan Oliver,1,2,0,1,1,1.0,2.0
Derby Trailblazers,"Jai Pathmarajah, Sean Mo Walker, Robert Marsden, Charlie Brown, Evan Oliver","Derby Trailblazers|22,3,30,4,6",4,Charlie Brown,30,Robert Marsden,1,2,0,1,1,1.0,2.0
Derby Trailblazers,"Jai Pathmarajah, Sean Mo Walker, Robert Marsden, Charlie Brown, Evan Oliver","Derby Trailblazers|22,3,30,4,6",4,Charlie Brown,3,Sean Mo Walker,1,2,0,1,1,1.0,2.0
Essex Rebels,"Remy Udeh, Miles Brown, Anthony Idiata-Mendez, Tom Child, Harry Gent","Essex Rebels|14,2,20,22,36",36,Harry Gent,20,Anthony Idiata-Mendez,1,2,0,1,1,1.0,2.0
London Cavaliers,"Juan Manning, Joe Richards, Marquel Beasley, Darren Ainembabazi, Aj Roberts","London Cavaliers|10,11,15,3,4",15,Marquel Beasley,3,Darren Ainembabazi,1,2,0,1,1,1.0,2.0
London Cavaliers,"Joe Richards, Mekhi Collins, Marquel Beasley, Darren Ainembabazi, Aj Roberts","London Cavaliers|11,13,15,3,4",4,Aj Roberts,13,Mekhi Collins,1,2,0,1,1,1.0,2.0
London Cavaliers,"Joe Richards, Mekhi Collins, Marquel Beasley, Darren Ainembabazi, Aj Roberts","London Cavaliers|11,13,15,3,4",13,Mekhi Collins,4,Aj Roberts,1,2,0,1,1,1.0,2.0
London Cavaliers,"Juan Manning, Joe Richards, Mekhi Collins, Marquel Beasley, Daniel Braster","London Cavaliers|10,11,13,15,23",10,Juan Manning,13,Mekhi Collins,1,2,0,1,1,1.0,2.0
Essex Rebels,"Kyron Martin, Miles Brown, Anthony Idiata-Mendez, Tom Child, Tyreese Hudson","Essex Rebels|10,2,20,22,9",22,Tom Child,20,Anthony Idiata-Mendez,1,2,0,1,1,1.0,2.0
Essex Rebels,"Remy Udeh, Miles Brown, Anthony Idiata-Mendez, Tom Child, Harry Gent","Essex Rebels|14,2,20,22,36",36,Harry Gent,14,Remy Udeh,1,2,0,1,1,1.0,2.0
London Cavaliers,"Juan Manning, Joe Richards, Marquel Beasley, Daniel Braster, Aj Roberts","London Cavaliers|10,11,15,23,4",23,Daniel Braster,4,Aj Roberts,1,2,0,1,1,1.0,2.0
London Cavaliers,"Juan Manning, Joe Richards, Mekhi Collins, Daniel Braster, Aj Roberts","London Cavaliers|10,11,13,23,4",11,Joe Richards,23,Daniel Braster,1,2,0,1,1,1.0,2.0
Essex Rebels,"Mou Wol-Cummings, Kyron Martin, Remy Udeh, Anthony Idiata-Mendez, Johnny Mckew","Essex Rebels|0,10,14,20,7",10,Kyron Martin,7,Johnny Mckew,1,2,0,1,1,1.0,2.0
London Cavaliers,"Joe Richards, Marquel Beasley, Daniel Braster, Darren Ainembabazi, Aj Roberts","London Cavaliers|11,15,23,3,4",11,Joe Richards,15,Marquel Beasley,1,2,0,1,1,1.0,2.0
London Cavaliers,"Joe Richards, Marquel Beasley, Aj Roberts, Omari Pond-Mckenzie, Kailin Panchal-Bedward","London Cavaliers|11,15,4,5,7",7,Kailin Panchal-Bedward,15,Marquel Beasley,1,2,0,1,1,1.0,2.0
Essex Rebels,"Mou Wol-Cummings, Remy Udeh, Miles Brown, Johnny Mckew, Tyreese Hudson","Essex Rebels|0,14,2,7,9",0,Mou Wol-Cummings,7,Johnny Mckew,1,2,0,1,1,1.0,2.0
Hemel Storm,"Darien Nelson-Henry, Kai Walker, Di-Jani Parkinson, Sam Newman, Jack Burnell","Hemel Storm|10,11,23,4,7",23,Di-Jani Parkinson,10,Darien Nelson-Henry,1,2,0,1,1,1.0,2.0
Hemel Storm,"Darien Nelson-Henry, Kai Walker, Di-Jani Parkinson, Sam Newman, Jack Burnell","Hemel Storm|10,11,23,4,7",4,Sam Newman,10,Darien Nelson-Henry,1,2,0,1,1,1.0,2.0
Hemel Storm,"Kai Walker, Veron Eze, Sam Newman, Jovan Rai, Jack Burnell","Hemel Storm|11,21,4,5,7",5,Jovan Rai,21,Veron Eze,1,2,0,1,1,1.0,2.0
Hemel Storm,"Kai Walker, Veron Eze, Di-Jani Parkinson, Sam Newman, Jovan Rai","Hemel Storm|11,21,23,4,5",21,Veron Eze,11,Kai Walker,1,2,0,1,1,1.0,2.0
Loughborough Riders,"Johde Campbell, Michael Joiner, Panos Karras, Jalen Cook, Tomide Akinsuku","Loughborough Riders|0,11,15,31,36",31,Jalen Cook,36,Tomide Akinsuku,1,2,0,1,1,1.0,2.0
Loughborough Riders,"Johde Campbell, Michael Joiner, Panos Karras, Jalen Cook, Tomide Akinsuku","Loughborough Riders|0,11,15,31,36",11,Michael Joiner,15,Panos Karras,1,2,0,1,1,1.0,2.0
Loughborough Riders,"Johde Campbell, Michael Joiner, Jalen Cook, Dan Hadley, Callum Keys","Loughborough Riders|0,11,31,5,8",31,Jalen Cook,8,Callum Keys,1,2,0,1,1,1.0,2.0
Hemel Storm,"Matt Norman, Veron Eze, Brayden Inger, Sam Newman, Jack Burnell","Hemel Storm|2,21,3,4,7",4,Sam Newman,21,Veron Eze,1,2,0,1,1,1.0,2.0
Hemel Storm,"Veron Eze, Brayden Inger, Sam Newman, Jovan Rai, Jack Burnell","Hemel Storm|21,3,4,5,7",4,Sam Newman,3,Brayden Inger,1,2,0,1,1,1.0,2.0
Loughborough Riders,"Michael Joiner, Liam Campbell, Seth Wylie, Oscar Curran, Callum Keys","Loughborough Riders|11,4,43,6,8",11,Michael Joiner,11,Michael Joiner,1,2,0,1,1,1.0,2.0
Hemel Storm,"Kai Walker, Matt Norman, Brayden Inger, Sam Newman, Jack Burnell","Hemel Storm|11,2,3,4,7",7,Jack Burnell,11,Kai Walker,1,2,0,1,1,1.0,2.0
Hemel Storm,"Matt Norman, Veron Eze, Di-Jani Parkinson, Brayden Inger, Sam Newman","Hemel Storm|2,21,23,3,4",4,Sam Newman,21,Veron Eze,1,2,0,1,1,1.0,2.0
Hemel Storm,"Matt Norman, Veron Eze, Di-Jani Parkinson, Brayden Inger, Sam Newman","Hemel Storm|2,21,23,3,4",21,Veron Eze,3,Brayden Inger,1,2,0,1,1,1.0,2.0
Loughborough Riders,"Panos Karras, Liam Campbell, Seth Wylie, Oscar Curran, Callum Keys","Loughborough Riders|15,4,43,6,8",6,Oscar Curran,15,Panos Karras,1,2,0,1,1,1.0,2.0
Nottingham Hoods,"Mergin Sokoli, Tyrone Williams, Micah Savery-Richards, Latrell Maitland, Sam Akano","Nottingham Hoods|0,1,14,23,7",7,Sam Akano,0,Mergin Sokoli,1,2,0,1,1,1.0,2.0
Birmingham Rockets,"Ronald Blain, Orlan Jackman, Zack Powell, Faaris Mughaal, Martyn Gayle","Birmingham Rockets|0,13,14,7,8",0,Ronald Blain,14,Zack Powell,1,2,0,1,1,1.0,2.0
Birmingham Rockets,"Ronald Blain, Luke Okosieme, Lucas Mcgregor, Faaris Mughaal, Martyn Gayle","Birmingham Rockets|0,21,6,7,8",6,Lucas Mcgregor,0,Ronald Blain,1,2,0,1,1,1.0,2.0
Nottingham Hoods,"Mergin Sokoli, Micah Savery-Richards, Latrell Maitland, Donell Nixon Ii, Thierry Walker","Nottingham Hoods|0,14,23,24,4",24,Donell Nixon Ii,4,Thierry Walker,1,2,0,1,1,1.0,2.0
Nottingham Hoods,"Mergin Sokoli, Micah Savery-Richards, Latrell Maitland, Donell Nixon Ii, Thierry Walker","Nottingham Hoods|0,14,23,24,4",24,Donell Nixon Ii,14,Micah Savery-Richards,1,2,0,1,1,1.0,2.0
Nottingham Hoods,"Tyrone Williams, Micah Savery-Richards, Donell Nixon Ii, Elliot Bailey, Sam Akano","Nottingham Hoods|1,14,24,6,7",7,Sam Akano,6,Elliot Bailey,1,2,0,1,1,1.0,2.0
Birmingham Rockets,"Ronald Blain, Luke Okosieme, Eric Donaldson, Lucas Mcgregor, Martyn Gayle","Birmingham Rockets|0,21,3,6,8",21,Luke Okosieme,3,Eric Donaldson,1,2,0,1,1,1.0,2.0
Nottingham Hoods,"Tyrone Williams, Micah Savery-Richards, Donell Nixon Ii, Elliot Bailey, Sam Akano","Nottingham Hoods|1,14,24,6,7",24,Donell Nixon Ii,14,Micah Savery-Richards,1,2,0,1,1,1.0,2.0
Birmingham Rockets,"Ronald Blain, Orlan Jackman, Eric Donaldson, Lucas Mcgregor, Martyn Gayle","Birmingham Rockets|0,13,3,6,8",3,Eric Donaldson,0,Ronald Blain,1,2,0,1,1,1.0,2.0
Birmingham Rockets,"Luke Okosieme, Eric Donaldson, Lucas Mcgregor, Faaris Mughaal, Martyn Gayle","Birmingham Rockets|21,3,6,7,8",8,Martyn Gayle,21,Luke Okosieme,1,2,0,1,1,1.0,2.0
London Cavaliers,"Juan Manning, Joe Richards, Mekhi Collins, Marquel Beasley, Darren Ainembabazi","London Cavaliers|10,11,13,15,3",10,Juan Manning,13,Mekhi Collins,1,2,0,1,1,1.0,2.0
London Cavaliers,"Juan Manning, Joe Richards, Daniel Braster, Darren Ainembabazi, Aj Roberts","London Cavaliers|10,11,23,3,4",23,Daniel Braster,10,Juan Manning,1,2,0,1,1,1.0,2.0
Loughborough Riders,"Johde Campbell, Michael Joiner, Jalen Cook, Seth Wylie, Callum Keys","Loughborough Riders|0,11,12,43,8",0,Johde Campbell,12,Jalen Cook,1,2,0,1,1,1.0,2.0
Loughborough Riders,"Johde Campbell, Michael Joiner, Jalen Cook, Seth Wylie, Callum Keys","Loughborough Riders|0,11,12,43,8",11,Michael Joiner,8,Callum Keys,1,2,0,1,1,1.0,2.0
London Cavaliers,"Juan Manning, Mekhi Collins, Marquel Beasley, Darren Ainembabazi, Aj Roberts","London Cavaliers|10,13,15,3,4",10,Juan Manning,15,Marquel Beasley,1,2,0,1,1,1.0,2.0
Loughborough Riders,"Johde Campbell, Jalen Cook, Liam Campbell, Seth Wylie, Dan Hadley","Loughborough Riders|0,12,4,43,5",0,Johde Campbell,5,Dan Hadley,1,2,0,1,1,1.0,2.0
London Cavaliers,"Juan Manning, Mekhi Collins, Daniel Braster, Darren Ainembabazi, Aj Roberts","London Cavaliers|10,13,23,3,4",4,Aj Roberts,23,Daniel Braster,1,2,0,1,1,1.0,2.0
London Cavaliers,"Joe Richards, Mekhi Collins, Marquel Beasley, Daniel Braster, Darren Ainembabazi","London Cavaliers|11,13,15,23,3",23,Daniel Braster,3,Darren Ainembabazi,1,2,0,1,1,1.0,2.0
London Cavaliers,"Joe Richards, Mekhi Collins, Daniel Braster, Darren Ainembabazi, Omari Pond-Mckenzie","London Cavaliers|11,13,23,3,5",23,Daniel Braster,3,Darren Ainembabazi,1,2,0,1,1,1.0,2.0
Loughborough Riders,"Michael Joiner, Liam Campbell, Dan Hadley, Oscar Curran, Callum Keys","Loughborough Riders|11,4,5,6,8",4,Liam Campbell,5,Dan Hadley,1,2,0,1,1,1.0,2.0
Loughborough Riders,"Michael Joiner, Liam Campbell, Dan Hadley, Oscar Curran, Callum Keys","Loughborough Riders|11,4,5,6,8",6,Oscar Curran,5,Dan Hadley,1,2,0,1,1,1.0,2.0
Loughborough Riders,"Liam Campbell, Seth Wylie, Dan Hadley, Oscar Curran, Callum Keys","Loughborough Riders|4,43,5,6,8",6,Oscar Curran,8,Callum Keys,1,2,0,1,1,1.0,2.0
Reading Rockets,"Malik Bryant, Ty Nsangu, Matthew Allman, Lewis Champion, Simon Chamberlain","Reading Rockets|10,12,5,7,9",10,Malik Bryant,5,Matthew Allman,1,2,0,1,1,1.0,2.0
Reading Rockets,"Malik Bryant, Ty Nsangu, Matthew Allman, Lewis Champion, Simon Chamberlain","Reading Rockets|10,12,5,7,9",9,Simon Chamberlain,10,Malik Bryant,1,2,0,1,1,1.0,2.0
Reading Rockets,"Malik Bryant, Ty Nsangu, Matthew Allman, Lewis Champion, Simon Chamberlain","Reading Rockets|10,12,5,7,9",7,Lewis Champion,12,Ty Nsangu,1,2,0,1,1,1.0,2.0
Bristol Flyers II,"Yusuf Hafid, Lanre Ayinla, Reggie Eigbe, Nassim Ladjimi, Giuseppe Landolfi","Bristol Flyers II|0,10,13,24,7",13,Reggie Eigbe,10,Lanre Ayinla,1,2,0,1,1,1.0,2.0
Reading Rockets,"Ty Nsangu, Cooper Creek, Jax Bouknight, Eliaz (Zain) Poorman, Victor Olarerin","Reading Rockets|12,14,4,6,8",8,Victor Olarerin,8,Victor Olarerin,1,2,0,1,1,1.0,2.0
Bristol Flyers II,"Reggie Eigbe, Nikolas Sagkovits, Marvin Dinnall, Thomas Browne, Ashton Dyer","Bristol Flyers II|13,21,5,8,9",9,Ashton Dyer,13,Reggie Eigbe,1,2,0,1,1,1.0,2.0
Reading Rockets,"Malik Bryant, Cooper Creek, Jax Bouknight, Victor Olarerin, Simon Chamberlain","Reading Rockets|10,14,4,8,9",10,Malik Bryant,8,Victor Olarerin,1,2,0,1,1,1.0,2.0
Reading Rockets,"Malik Bryant, Cooper Creek, Jax Bouknight, Matthew Allman, Simon Chamberlain","Reading Rockets|10,14,4,5,9",4,Jax Bouknight,14,Cooper Creek,1,2,0,1,1,1.0,2.0
Reading Rockets,"Malik Bryant, Cooper Creek, Jax Bouknight, Matthew Allman, Simon Chamberlain","Reading Rockets|10,14,4,5,9",14,Cooper Creek,10,Malik Bryant,1,2,0,1,1,1.0,2.0
Reading Rockets,"Malik Bryant, James Waterhouse, Jax Bouknight, Matthew Allman, Simon Chamberlain","Reading Rockets|10,15,4,5,9",4,Jax Bouknight,10,Malik Bryant,1,2,0,1,1,1.0,2.0
Reading Rockets,"Malik Bryant, James Waterhouse, Jax Bouknight, Matthew Allman, Simon Chamberlain","Reading Rockets|10,15,4,5,9",5,Matthew Allman,15,James Waterhouse,1,2,0,1,1,1.0,2.0
Reading Rockets,"Ty Nsangu, Nick Dent, Matthew Allman, Lewis Champion, Simon Chamberlain","Reading Rockets|12,13,5,7,9",7,Lewis Champion,12,Ty Nsangu,1,2,0,1,1,1.0,2.0
Reading Rockets,"Ty Nsangu, Nick Dent, James Waterhouse, Lewis Champion, Simon Chamberlain","Reading Rockets|12,13,15,7,9",9,Simon Chamberlain,12,Ty Nsangu,1,2,0,1,1,1.0,2.0
Bristol Hurricanes,"Daniel Edozie, Elvisi Dusha, James Claar, Heru Bligen, Corey Samuels","Bristol Hurricanes|1,12,24,33,4",1,Daniel Edozie,24,James Claar,1,2,0,1,1,1.0,2.0
Bristol Hurricanes,"Daniel Edozie, Elvisi Dusha, James Claar, Heru Bligen, Corey Samuels","Bristol Hurricanes|1,12,24,33,4",4,Corey Samuels,24,James Claar,1,2,0,1,1,1.0,2.0
Bristol Hurricanes,"Elvisi Dusha, James Claar, Denzel Ubiaro, Corey Samuels, Vilmantas Dilys","Bristol Hurricanes|12,24,31,4,55",24,James Claar,55,Vilmantas Dilys,1,2,0,1,1,1.0,2.0
Bristol Hurricanes,"Elvisi Dusha, James Claar, Denzel Ubiaro, Heru Bligen, Vilmantas Dilys","Bristol Hurricanes|12,24,31,33,55",55,Vilmantas Dilys,24,James Claar,1,2,0,1,1,1.0,2.0
Worthing Thunder,"Danny Evans, Justin Hopkins, Troy Mcindoe, Bode Adeluola, Elliott Dadds","Worthing Thunder|0,15,23,5,7",5,Bode Adeluola,15,Justin Hopkins,1,2,0,1,1,1.0,2.0
Bristol Hurricanes,"Daniel Edozie, Denzel Ubiaro, Heru Bligen, Corey Samuels, Vilmantas Dilys","Bristol Hurricanes|1,31,33,4,55",4,Corey Samuels,1,Daniel Edozie,1,2,0,1,1,1.0,2.0
Worthing Thunder,"Danny Evans, Justin Hopkins, Troy Mcindoe, Bode Adeluola, Briceny Lomeka","Worthing Thunder|0,15,23,5,9",0,Danny Evans,9,Briceny Lomeka,1,2,0,1,1,1.0,2.0
Worthing Thunder,"Matthew Bryan-Amaning, Justin Hopkins, Troy Mcindoe, Bode Adeluola, Elliott Dadds","Worthing Thunder|11,15,23,5,7",7,Elliott Dadds,15,Justin Hopkins,1,2,0,1,1,1.0,2.0
Bristol Hurricanes,"Daniel Edozie, Elvisi Dusha, James Claar, Denzel Ubiaro, Corey Samuels","Bristol Hurricanes|1,12,24,31,4",4,Corey Samuels,1,Daniel Edozie,1,2,0,1,1,1.0,2.0
Bristol Hurricanes,"Ashley Pearce, David Forsyth, Kobe Hill, James Claar, Corey Samuels","Bristol Hurricanes|0,11,2,24,4",11,David Forsyth,24,James Claar,1,2,0,1,1,1.0,2.0
Derby Trailblazers,"Jai Pathmarajah, Sean Mo Walker, Charlie Brown, Harlond Beverley Jr, Raheem May-Thompson","Derby Trailblazers|22,3,4,5,7",22,Jai Pathmarajah,3,Sean Mo Walker,1,2,0,1,1,1.0,2.0
Derby Trailblazers,"Jai Pathmarajah, Sean Mo Walker, Charlie Brown, Harlond Beverley Jr, Raheem May-Thompson","Derby Trailblazers|22,3,4,5,7",4,Charlie Brown,5,Harlond Beverley Jr,1,2,0,1,1,1.0,2.0
Derby Trailblazers,"Jai Pathmarajah, Sean Mo Walker, Charlie Brown, Harlond Beverley Jr, Raheem May-Thompson","Derby Trailblazers|22,3,4,5,7",3,Sean Mo Walker,22,Jai Pathmarajah,1,2,0,1,1,1.0,2.0
Derby Trailblazers,"Jai Pathmarajah, Sean Mo Walker, Charlie Brown, Harlond Beverley Jr, Raheem May-Thompson","Derby Trailblazers|22,3,4,5,7",7,Raheem May-Thompson,3,Sean Mo Walker,1,2,0,1,1,1.0,2.0
Derby Trailblazers,"Jai Pathmarajah, Sean Mo Walker, Charlie Brown, Harlond Beverley Jr, Raheem May-Thompson","Derby Trailblazers|22,3,4,5,7",5,Harlond Beverley Jr,7,Raheem May-Thompson,1,2,0,1,1,1.0,2.0
Derby Trailblazers,"Casey Burr, Connor Washington, Jai Pathmarajah, Sean Mo Walker, Charlie Brown","Derby Trailblazers|0,13,22,3,4",4,Charlie Brown,3,Sean Mo Walker,1,2,0,1,1,1.0,2.0
Derby Trailblazers,"Connor Washington, Robert Marsden, Harlond Beverley Jr, Evan Oliver, Raheem May-Thompson","Derby Trailblazers|13,30,5,6,7",5,Harlond Beverley Jr,30,Robert Marsden,1,2,0,1,1,1.0,2.0
London Cavaliers,"Juan Manning, Joe Richards, Mekhi Collins, Marquel Beasley, Aj Roberts","London Cavaliers|10,11,13,15,4",10,Juan Manning,15,Marquel Beasley,1,2,0,1,1,1.0,2.0
Derby Trailblazers,"Jai Pathmarajah, Sean Mo Walker, Harlond Beverley Jr, Evan Oliver, Raheem May-Thompson","Derby Trailblazers|22,3,5,6,7",6,Evan Oliver,5,Harlond Beverley Jr,1,2,0,1,1,1.0,2.0
Derby Trailblazers,"Jai Pathmarajah, Sean Mo Walker, Harlond Beverley Jr, Evan Oliver, Raheem May-Thompson","Derby Trailblazers|22,3,5,6,7",6,Evan Oliver,7,Raheem May-Thompson,1,2,0,1,1,1.0,2.0
Derby Trailblazers,"Jai Pathmarajah, Sean Mo Walker, Harlond Beverley Jr, Evan Oliver, Raheem May-Thompson","Derby Trailblazers|22,3,5,6,7",6,Evan Oliver,22,Jai Pathmarajah,1,2,0,1,1,1.0,2.0
Newcastle Knights,"Sam Trunley, Jaron Thames, Finn Cork, Noah Saa, Max Matthews","Newcastle Knights|10,11,13,14,8",13,Finn Cork,11,Jaron Thames,1,2,0,1,1,1.0,2.0
Newcastle Knights,"Sam Trunley, Jaron Thames, Noah Saa, Messiah Jones, Max Matthews","Newcastle Knights|10,11,14,5,8",14,Noah Saa,11,Jaron Thames,1,2,0,1,1,1.0,2.0
Bristol Flyers II,"Yusuf Hafid, Lanre Ayinla, Karim Tadros, Wickens Simba, Thomas Browne","Bristol Flyers II|0,10,14,6,8",8,Thomas Browne,10,Lanre Ayinla,1,2,0,1,1,1.0,2.0
Newcastle Knights,"Sam Trunley, Jaron Thames, Jason Soodeen, Mekhi Hendry, Scott Angus","Newcastle Knights|10,11,12,3,7",7,Scott Angus,10,Sam Trunley,1,2,0,1,1,1.0,2.0
Newcastle Knights,"Sam Trunley, Jaron Thames, Jason Soodeen, Mekhi Hendry, Scott Angus","Newcastle Knights|10,11,12,3,7",12,Jason Soodeen,11,Jaron Thames,1,2,0,1,1,1.0,2.0
Newcastle Knights,"Sam Trunley, Jason Soodeen, Mekhi Hendry, Scott Angus, Max Matthews","Newcastle Knights|10,12,3,7,8",12,Jason Soodeen,10,Sam Trunley,1,2,0,1,1,1.0,2.0
Newcastle Knights,"Sam Trunley, Jason Soodeen, Mekhi Hendry, Scott Angus, Max Matthews","Newcastle Knights|10,12,3,7,8",7,Scott Angus,8,Max Matthews,1,2,0,1,1,1.0,2.0
Newcastle Knights,"Sam Trunley, Mekhi Hendry, Messiah Jones, Scott Angus, Max Matthews","Newcastle Knights|10,3,5,7,8",7,Scott Angus,8,Max Matthews,1,2,0,1,1,1.0,2.0
Bristol Flyers II,"Yusuf Hafid, Reggie Eigbe, Nikolas Sagkovits, Giuseppe Landolfi, Ashton Dyer","Bristol Flyers II|0,13,21,7,9",13,Reggie Eigbe,7,Giuseppe Landolfi,1,2,0,1,1,1.0,2.0
Bristol Flyers II,"Yusuf Hafid, Karim Tadros, Wickens Simba, Giuseppe Landolfi, Ashton Dyer","Bristol Flyers II|0,14,6,7,9",0,Yusuf Hafid,14,Karim Tadros,1,2,0,1,1,1.0,2.0
Newcastle Knights,"Jaron Thames, Jason Soodeen, Noah Saa, Mekhi Hendry, Messiah Jones","Newcastle Knights|11,12,14,3,5",12,Jason Soodeen,14,Noah Saa,1,2,0,1,1,1.0,2.0
Newcastle Knights,"Sam Trunley, Jaron Thames, Jason Soodeen, Mekhi Hendry, Messiah Jones","Newcastle Knights|10,11,12,3,5",12,Jason Soodeen,11,Jaron Thames,1,2,0,1,1,1.0,2.0
Newcastle Knights,"Jaron Thames, Mekhi Hendry, Messiah Jones, Scott Angus, Max Matthews","Newcastle Knights|11,3,5,7,8",3,Mekhi Hendry,11,Jaron Thames,1,2,0,1,1,1.0,2.0
Bristol Flyers II,"Yusuf Hafid, Reggie Eigbe, Nikolas Sagkovits, Nassim Ladjimi, Anthony Bhebhe","Bristol Flyers II|0,13,21,24,4",24,Nassim Ladjimi,13,Reggie Eigbe,1,2,0,1,1,1.0,2.0
Newcastle Knights,"Jason Soodeen, Finn Cork, Noah Saa, Mekhi Hendry, Max Matthews","Newcastle Knights|12,13,14,3,8",14,Noah Saa,8,Max Matthews,1,2,0,1,1,1.0,2.0
Bristol Flyers II,"Yusuf Hafid, Reggie Eigbe, Nassim Ladjimi, Anthony Bhebhe, Wickens Simba","Bristol Flyers II|0,13,24,4,6",0,Yusuf Hafid,13,Reggie Eigbe,1,2,0,1,1,1.0,2.0
Newcastle Knights,"Jason Soodeen, Finn Cork, Noah Saa, Mekhi Hendry, Max Matthews","Newcastle Knights|12,13,14,3,8",3,Mekhi Hendry,13,Finn Cork,1,2,0,1,1,1.0,2.0
Newcastle Knights,"Jason Soodeen, Finn Cork, Noah Saa, Mekhi Hendry, Scott Angus","Newcastle Knights|12,13,14,3,7",13,Finn Cork,14,Noah Saa,1,2,0,1,1,1.0,2.0
Newcastle Knights,"Jason Soodeen, Finn Cork, Noah Saa, Mekhi Hendry, Scott Angus","Newcastle Knights|12,13,14,3,7",14,Noah Saa,7,Scott Angus,1,2,0,1,1,1.0,2.0
Reading Rockets,"Malik Bryant, Ty Nsangu, Cooper Creek, Eliaz (Zain) Poorman, Victor Olarerin","Reading Rockets|10,12,14,6,8",12,Ty Nsangu,10,Malik Bryant,1,2,0,1,1,1.0,2.0
Reading Rockets,"Malik Bryant, Ty Nsangu, Lewis Champion, Victor Olarerin, Simon Chamberlain","Reading Rockets|10,12,7,8,9",10,Malik Bryant,8,Victor Olarerin,1,2,0,1,1,1.0,2.0
Essex Rebels,"Michael Amako, Kyron Martin, Miles Brown, Will White, Tyreese Hudson","Essex Rebels|1,10,2,24,9",10,Kyron Martin,9,Tyreese Hudson,1,2,0,1,1,1.0,2.0
Reading Rockets,"Ty Nsangu, Jax Bouknight, Eliaz (Zain) Poorman, Victor Olarerin, Simon Chamberlain","Reading Rockets|12,4,6,8,9",9,Simon Chamberlain,8,Victor Olarerin,1,2,0,1,1,1.0,2.0
Essex Rebels,"Kyron Martin, Remy Udeh, Miles Brown, Tom Child, Johnny Mckew","Essex Rebels|10,14,2,22,7",22,Tom Child,2,Miles Brown,1,2,0,1,1,1.0,2.0
Reading Rockets,"Ty Nsangu, Cooper Creek, Eliaz (Zain) Poorman, Lewis Champion, Victor Olarerin","Reading Rockets|12,14,6,7,8",8,Victor Olarerin,6,Eliaz (Zain) Poorman,1,2,0,1,1,1.0,2.0
Reading Rockets,"Ty Nsangu, Cooper Creek, Eliaz (Zain) Poorman, Lewis Champion, Victor Olarerin","Reading Rockets|12,14,6,7,8",12,Ty Nsangu,8,Victor Olarerin,1,2,0,1,1,1.0,2.0
Reading Rockets,"Ty Nsangu, Cooper Creek, Eliaz (Zain) Poorman, Lewis Champion, Victor Olarerin","Reading Rockets|12,14,6,7,8",6,Eliaz (Zain) Poorman,7,Lewis Champion,1,2,0,1,1,1.0,2.0
Reading Rockets,"Malik Bryant, Ty Nsangu, Jax Bouknight, Eliaz (Zain) Poorman, Victor Olarerin","Reading Rockets|10,12,4,6,8",4,Jax Bouknight,6,Eliaz (Zain) Poorman,1,2,0,1,1,1.0,2.0
Reading Rockets,"Malik Bryant, Ty Nsangu, Eliaz (Zain) Poorman, Lewis Champion, Victor Olarerin","Reading Rockets|10,12,6,7,8",8,Victor Olarerin,6,Eliaz (Zain) Poorman,1,2,0,1,1,1.0,2.0
Reading Rockets,"Malik Bryant, Ty Nsangu, Eliaz (Zain) Poorman, Lewis Champion, Victor Olarerin","Reading Rockets|10,12,6,7,8",7,Lewis Champion,10,Malik Bryant,1,2,0,1,1,1.0,2.0
Reading Rockets,"Malik Bryant, Jax Bouknight, Lewis Champion, Victor Olarerin, Simon Chamberlain","Reading Rockets|10,4,7,8,9",8,Victor Olarerin,10,Malik Bryant,1,2,0,1,1,1.0,2.0
Reading Rockets,"Malik Bryant, Jax Bouknight, Lewis Champion, Victor Olarerin, Simon Chamberlain","Reading Rockets|10,4,7,8,9",7,Lewis Champion,8,Victor Olarerin,1,2,0,1,1,1.0,2.0
Hemel Storm,"Darien Nelson-Henry, Taylor Johnson, Matt Norman, Brayden Inger, Sam Newman","Hemel Storm|10,12,2,3,4",4,Sam Newman,12,Taylor Johnson,1,2,0,1,1,1.0,2.0
Nottingham Hoods,"Mergin Sokoli, Tyrone Williams, Donell Nixon Ii, Thierry Walker, Elliot Bailey","Nottingham Hoods|0,1,24,4,6",24,Donell Nixon Ii,1,Tyrone Williams,1,2,0,1,1,1.0,2.0
Nottingham Hoods,"Mergin Sokoli, Tyrone Williams, Donell Nixon Ii, Thierry Walker, Elliot Bailey","Nottingham Hoods|0,1,24,4,6",1,Tyrone Williams,6,Elliot Bailey,1,2,0,1,1,1.0,2.0
Hemel Storm,"Darien Nelson-Henry, Taylor Johnson, Matt Norman, Brayden Inger, Sam Newman","Hemel Storm|10,12,2,3,4",2,Matt Norman,10,Darien Nelson-Henry,1,2,0,1,1,1.0,2.0
Nottingham Hoods,"Tyrone Williams, Micah Savery-Richards, Donell Nixon Ii, Elliot Bailey, Sam Akano","Nottingham Hoods|1,14,24,6,7",6,Elliot Bailey,1,Tyrone Williams,1,2,0,1,1,1.0,2.0
Nottingham Hoods,"Tyrone Williams, Micah Savery-Richards, Donell Nixon Ii, Thierry Walker, Elliot Bailey","Nottingham Hoods|1,14,24,4,6",24,Donell Nixon Ii,1,Tyrone Williams,1,2,0,1,1,1.0,2.0
Hemel Storm,"Darien Nelson-Henry, Taylor Johnson, Matt Norman, Veron Eze, Sam Newman","Hemel Storm|10,12,2,21,4",2,Matt Norman,21,Veron Eze,1,2,0,1,1,1.0,2.0
Nottingham Hoods,"Mergin Sokoli, Tyrone Williams, Latrell Maitland, Donell Nixon Ii, Elliot Bailey","Nottingham Hoods|0,1,23,24,6",1,Tyrone Williams,6,Elliot Bailey,1,2,0,1,1,1.0,2.0
Nottingham Hoods,"Mergin Sokoli, Tyrone Williams, Donell Nixon Ii, Thierry Walker, Elliot Bailey","Nottingham Hoods|0,1,24,4,6",1,Tyrone Williams,24,Donell Nixon Ii,1,2,0,1,1,1.0,2.0
Nottingham Hoods,"Mergin Sokoli, Tyrone Williams, Donell Nixon Ii, Thierry Walker, Elliot Bailey","Nottingham Hoods|0,1,24,4,6",1,Tyrone Williams,0,Mergin Sokoli,1,2,0,1,1,1.0,2.0
Hemel Storm,"Kai Walker, Matt Norman, Di-Jani Parkinson, Sam Newman, Jack Burnell","Hemel Storm|11,2,23,4,7",23,Di-Jani Parkinson,11,Kai Walker,1,2,0,1,1,1.0,2.0
Hemel Storm,"Darien Nelson-Henry, Taylor Johnson, Matt Norman, Sam Newman, Jack Burnell","Hemel Storm|10,12,2,4,7",4,Sam Newman,10,Darien Nelson-Henry,1,2,0,1,1,1.0,2.0
Hemel Storm,"Darien Nelson-Henry, Taylor Johnson, Matt Norman, Sam Newman, Jack Burnell","Hemel Storm|10,12,2,4,7",4,Sam Newman,12,Taylor Johnson,1,2,0,1,1,1.0,2.0
Nottingham Hoods,"Mergin Sokoli, Tyrone Williams, Micah Savery-Richards, Donell Nixon Ii, Thierry Walker","Nottingham Hoods|0,1,14,24,4",24,Donell Nixon Ii,1,Tyrone Williams,1,2,0,1,1,1.0,2.0
Nottingham Hoods,"Mergin Sokoli, Tyrone Williams, Donell Nixon Ii, Thierry Walker, Elliot Bailey","Nottingham Hoods|0,1,24,4,6",24,Donell Nixon Ii,6,Elliot Bailey,1,2,0,1,1,1.0,2.0
Loughborough Riders,"Johde Campbell, Michael Joiner, Jalen Cook, Tomide Akinsuku, Callum Keys","Loughborough Riders|0,11,31,36,8",31,Jalen Cook,11,Michael Joiner,1,2,0,1,1,1.0,2.0
Yorkshire Dragons,"David Ulph, Jordan Whelan, J. Melke, Corey Johnson, Nick Lewis","Yorkshire Dragons|10,23,5,6,93",10,David Ulph,23,Jordan Whelan,1,2,0,1,1,1.0,2.0
Loughborough Riders,"Johde Campbell, Michael Joiner, L. Ehiorobo, Seth Wylie, Dan Hadley","Loughborough Riders|0,11,21,43,5",43,Seth Wylie,21,L. Ehiorobo,1,2,0,1,1,1.0,2.0
Loughborough Riders,"Johde Campbell, Michael Joiner, Jalen Cook, Tomide Akinsuku, Seth Wylie","Loughborough Riders|0,11,31,36,43",43,Seth Wylie,36,Tomide Akinsuku,1,2,0,1,1,1.0,2.0
Yorkshire Dragons,"David Ulph, L. Rooney, J. Melke, Corey Johnson, Nick Lewis","Yorkshire Dragons|10,14,5,6,93",93,Nick Lewis,10,David Ulph,1,2,0,1,1,1.0,2.0
Yorkshire Dragons,"David Ulph, Jordan Whelan, J. Melke, Corey Johnson, Nick Lewis","Yorkshire Dragons|10,23,5,6,93",5,J. Melke,6,Corey Johnson,1,2,0,1,1,1.0,2.0
Yorkshire Dragons,"David Ulph, Jordan Whelan, J. Melke, Corey Johnson, Nick Lewis","Yorkshire Dragons|10,23,5,6,93",5,J. Melke,23,Jordan Whelan,1,2,0,1,1,1.0,2.0
Newcastle Knights,"Bradley Dean, Sam Trunley, Jaron Thames, Will Neighbour, Messiah Jones","Newcastle Knights|1,10,11,15,5",11,Jaron Thames,5,Messiah Jones,1,2,0,1,1,1.0,2.0
London Cavaliers,"Juan Manning, Joe Richards, Mekhi Collins, Darren Ainembabazi, Aj Roberts","London Cavaliers|10,11,13,3,4",11,Joe Richards,10,Juan Manning,1,2,0,1,1,1.0,2.0
London Cavaliers,"Mekhi Collins, Marquel Beasley, Daniel Braster, Darren Ainembabazi, Aj Roberts","London Cavaliers|13,15,23,3,4",4,Aj Roberts,15,Marquel Beasley,1,2,0,1,1,1.0,2.0
Newcastle Knights,"Bradley Dean, Jaron Thames, Scott Angus, Max Matthews, Miles Felletti-O'donnell","Newcastle Knights|1,11,7,8,9",1,Bradley Dean,11,Jaron Thames,1,2,0,1,1,1.0,2.0
London Cavaliers,"Joe Richards, Marquel Beasley, Darren Ainembabazi, Aj Roberts, Omari Pond-Mckenzie","London Cavaliers|11,15,3,4,5",3,Darren Ainembabazi,4,Aj Roberts,1,2,0,1,1,1.0,2.0
Newcastle Knights,"Bradley Dean, Sam Trunley, Jaron Thames, Messiah Jones, Max Matthews","Newcastle Knights|1,10,11,5,8",1,Bradley Dean,1,Bradley Dean,1,2,0,1,1,1.0,2.0
Newcastle Knights,"Bradley Dean, Sam Trunley, Jaron Thames, Messiah Jones, Max Matthews","Newcastle Knights|1,10,11,5,8",8,Max Matthews,5,Messiah Jones,1,2,0,1,1,1.0,2.0
Newcastle Knights,"Bradley Dean, Sam Trunley, Jaron Thames, Theo Riley, Max Matthews","Newcastle Knights|1,10,11,3,8",1,Bradley Dean,11,Jaron Thames,1,2,0,1,1,1.0,2.0
Milton Keynes Breakers,"Dashawn Jackson, Jonas Dietrich, Xavier Wilson, Chris Tawiah, Chase Thompson","Milton Keynes Breakers|1,12,21,25,8",8,Chase Thompson,25,Chris Tawiah,1,2,0,1,1,1.0,2.0
Milton Keynes Breakers,"Dashawn Jackson, Jonas Dietrich, Xavier Wilson, Chris Tawiah, Chase Thompson","Milton Keynes Breakers|1,12,21,25,8",25,Chris Tawiah,21,Xavier Wilson,1,2,0,1,1,1.0,2.0
Milton Keynes Breakers,"Dashawn Jackson, Jonas Dietrich, Xavier Wilson, Chris Tawiah, Chase Thompson","Milton Keynes Breakers|1,12,21,25,8",25,Chris Tawiah,8,Chase Thompson,1,2,0,1,1,1.0,2.0
Milton Keynes Breakers,"Dashawn Jackson, Jonas Dietrich, Xavier Wilson, Chris Tawiah, Chase Thompson","Milton Keynes Breakers|1,12,21,25,8",1,Dashawn Jackson,8,Chase Thompson,1,2,0,1,1,1.0,2.0
Milton Keynes Breakers,"Dashawn Jackson, Jonas Dietrich, Xavier Wilson, Chris Tawiah, Chase Thompson","Milton Keynes Breakers|1,12,21,25,8",21,Xavier Wilson,12,Jonas Dietrich,1,2,0,1,1,1.0,2.0
Milton Keynes Breakers,"Ben Baker-Mccann, Jonas Dietrich, Luke Gregory, Xavier Wilson, Chase Thompson","Milton Keynes Breakers|11,12,13,21,8",21,Xavier Wilson,13,Luke Gregory,1,2,0,1,1,1.0,2.0
Milton Keynes Breakers,"Kai Williams, Dashawn Jackson, Ben Baker-Mccann, Luke Gregory, Mike New Jr.","Milton Keynes Breakers|0,1,11,13,15",0,Kai Williams,11,Ben Baker-Mccann,1,2,0,1,1,1.0,2.0
Milton Keynes Breakers,"Kai Williams, Dashawn Jackson, Jonas Dietrich, Chris Tawiah, Chase Thompson","Milton Keynes Breakers|0,1,12,25,8",0,Kai Williams,12,Jonas Dietrich,1,2,0,1,1,1.0,2.0
Bristol Hurricanes,"Ashley Pearce, Elvisi Dusha, James Claar, Denzel Ubiaro, Vilmantas Dilys","Bristol Hurricanes|0,12,24,31,55",12,Elvisi Dusha,31,Denzel Ubiaro,1,2,0,1,1,1.0,2.0
Milton Keynes Breakers,"Ben Baker-Mccann, Jonas Dietrich, Luke Gregory, Xavier Wilson, Chase Thompson","Milton Keynes Breakers|11,12,13,21,8",8,Chase Thompson,11,Ben Baker-Mccann,1,2,0,1,1,1.0,2.0
Milton Keynes Breakers,"Ben Baker-Mccann, Jonas Dietrich, Luke Gregory, Xavier Wilson, Chase Thompson","Milton Keynes Breakers|11,12,13,21,8",11,Ben Baker-Mccann,21,Xavier Wilson,1,2,0,1,1,1.0,2.0
Bristol Hurricanes,"Elvisi Dusha, James Claar, Denzel Ubiaro, Corey Samuels, Vilmantas Dilys","Bristol Hurricanes|12,24,31,4,55",12,Elvisi Dusha,31,Denzel Ubiaro,1,2,0,1,1,1.0,2.0
Milton Keynes Breakers,"Ben Baker-Mccann, Jonas Dietrich, Luke Gregory, Xavier Wilson, Chase Thompson","Milton Keynes Breakers|11,12,13,21,8",11,Ben Baker-Mccann,8,Chase Thompson,1,2,0,1,1,1.0,2.0
Bristol Hurricanes,"David Forsyth, James Claar, Denzel Ubiaro, Corey Samuels, Chris Taylor","Bristol Hurricanes|11,24,31,4,9",4,Corey Samuels,31,Denzel Ubiaro,1,2,0,1,1,1.0,2.0
Milton Keynes Breakers,"Kai Williams, Ben Baker-Mccann, Jonas Dietrich, Luke Gregory, Chase Thompson","Milton Keynes Breakers|0,11,12,13,8",11,Ben Baker-Mccann,13,Luke Gregory,1,2,0,1,1,1.0,2.0
Milton Keynes Breakers,"Kai Williams, Ben Baker-Mccann, Jonas Dietrich, Luke Gregory, Chase Thompson","Milton Keynes Breakers|0,11,12,13,8",12,Jonas Dietrich,13,Luke Gregory,1,2,0,1,1,1.0,2.0
Milton Keynes Breakers,"Dashawn Jackson, Jonas Dietrich, Luke Gregory, Xavier Wilson, Chase Thompson","Milton Keynes Breakers|1,12,13,21,8",21,Xavier Wilson,13,Luke Gregory,1,2,0,1,1,1.0,2.0
Bristol Hurricanes,"Ashley Pearce, David Forsyth, Elvisi Dusha, James Claar, Cameron Tucker","Bristol Hurricanes|0,11,12,24,3",12,Elvisi Dusha,3,Cameron Tucker,1,2,0,1,1,1.0,2.0
Essex Rebels,"Remy Udeh, Miles Brown, Anthony Idiata-Mendez, Tom Child, Harry Gent","Essex Rebels|14,2,20,22,36",2,Miles Brown,36,Harry Gent,1,2,0,1,1,1.0,2.0
Essex Rebels,"Kyron Martin, Remy Udeh, Tom Child, Will White, Tyreese Hudson","Essex Rebels|10,14,22,24,9",14,Remy Udeh,9,Tyreese Hudson,1,2,0,1,1,1.0,2.0
Essex Rebels,"Kyron Martin, Miles Brown, Tom Child, Will White, Tyreese Hudson","Essex Rebels|10,2,22,24,9",2,Miles Brown,9,Tyreese Hudson,1,2,0,1,1,1.0,2.0
Essex Rebels,"Kyron Martin, Miles Brown, Tom Child, Will White, Tyreese Hudson","Essex Rebels|10,2,22,24,9",10,Kyron Martin,9,Tyreese Hudson,1,2,0,1,1,1.0,2.0
Essex Rebels,"Miles Brown, Anthony Idiata-Mendez, Tom Child, Will White, Harry Gent","Essex Rebels|2,20,22,24,36",2,Miles Brown,22,Tom Child,1,2,0,1,1,1.0,2.0
Essex Rebels,"Michael Amako, Miles Brown, Anthony Idiata-Mendez, Tom Child, Tyreese Hudson","Essex Rebels|1,2,20,22,9",2,Miles Brown,20,Anthony Idiata-Mendez,1,2,0,1,1,1.0,2.0
Essex Rebels,"Michael Amako, Miles Brown, Anthony Idiata-Mendez, Tom Child, Tyreese Hudson","Essex Rebels|1,2,20,22,9",22,Tom Child,9,Tyreese Hudson,1,2,0,1,1,1.0,2.0
Essex Rebels,"Kyron Martin, Miles Brown, Anthony Idiata-Mendez, Tom Child, Harry Gent","Essex Rebels|10,2,20,22,36",36,Harry Gent,20,Anthony Idiata-Mendez,1,2,0,1,1,1.0,2.0
Worthing Thunder,"Danny Evans, Matthew Bryan-Amaning, Elijah Maynard, Adrian Scarborough, Bode Adeluola","Worthing Thunder|0,11,22,4,5",5,Bode Adeluola,4,Adrian Scarborough,1,2,0,1,1,1.0,2.0
Worthing Thunder,"Danny Evans, Matthew Bryan-Amaning, Elijah Maynard, Adrian Scarborough, Bode Adeluola","Worthing Thunder|0,11,22,4,5",11,Matthew Bryan-Amaning,5,Bode Adeluola,1,2,0,1,1,1.0,2.0
Worthing Thunder,"Danny Evans, Justin Hopkins, Troy Mcindoe, Adrian Scarborough, Bode Adeluola","Worthing Thunder|0,15,23,4,5",0,Danny Evans,15,Justin Hopkins,1,2,0,1,1,1.0,2.0
Worthing Thunder,"Justin Hopkins, Elijah Maynard, Troy Mcindoe, Adrian Scarborough, Bode Adeluola","Worthing Thunder|15,22,23,4,5",5,Bode Adeluola,4,Adrian Scarborough,1,2,0,1,1,1.0,2.0
Essex Rebels,"Kyron Martin, Miles Brown, Tom Child, Will White, Tyreese Hudson","Essex Rebels|10,2,22,24,9",9,Tyreese Hudson,22,Tom Child,1,2,0,1,1,1.0,2.0
Worthing Thunder,"Matthew Bryan-Amaning, Justin Hopkins, Elijah Maynard, Bode Adeluola, Briceny Lomeka","Worthing Thunder|11,15,22,5,9",15,Justin Hopkins,9,Briceny Lomeka,1,2,0,1,1,1.0,2.0
Worthing Thunder,"Matthew Bryan-Amaning, Justin Hopkins, Elijah Maynard, Bode Adeluola, Briceny Lomeka","Worthing Thunder|11,15,22,5,9",5,Bode Adeluola,9,Briceny Lomeka,1,2,0,1,1,1.0,2.0
Loughborough Riders,"Johde Campbell, Michael Joiner, Jalen Cook, Ben Woog, Callum Keys","Loughborough Riders|0,11,12,7,8",0,Johde Campbell,11,Michael Joiner,1,2,0,1,1,1.0,2.0
Loughborough Riders,"Johde Campbell, Michael Joiner, Jalen Cook, Ben Woog, Callum Keys","Loughborough Riders|0,11,12,7,8",11,Michael Joiner,8,Callum Keys,1,2,0,1,1,1.0,2.0
Loughborough Riders,"Johde Campbell, Michael Joiner, Seth Wylie, Ben Woog, Callum Keys","Loughborough Riders|0,11,43,7,8",11,Michael Joiner,0,Johde Campbell,1,2,0,1,1,1.0,2.0
Bristol Flyers II,"Lanre Ayinla, Jack Craggs, Karim Tadros, Marvin Dinnall, Ashton Dyer","Bristol Flyers II|10,12,14,5,9",5,Marvin Dinnall,14,Karim Tadros,1,2,0,1,1,1.0,2.0
Bristol Flyers II,"Yusuf Hafid, Nikolas Sagkovits, Nassim Ladjimi, Wickens Simba, Thomas Browne","Bristol Flyers II|0,21,24,6,8",6,Wickens Simba,8,Thomas Browne,1,2,0,1,1,1.0,2.0
Loughborough Riders,"Johde Campbell, Jalen Cook, Tomide Akinsuku, Milo Wallace, Dan Hadley","Loughborough Riders|0,12,13,22,5",13,Tomide Akinsuku,13,Tomide Akinsuku,1,2,0,1,1,1.0,2.0
Bristol Flyers II,"Lanre Ayinla, Karim Tadros, Anthony Bhebhe, Wickens Simba, Zak Riabi","Bristol Flyers II|10,14,4,6,7",7,Zak Riabi,4,Anthony Bhebhe,1,2,0,1,1,1.0,2.0
Bristol Flyers II,"Yusuf Hafid, Lanre Ayinla, Jack Craggs, Nassim Ladjimi, Wickens Simba","Bristol Flyers II|0,10,12,24,6",24,Nassim Ladjimi,0,Yusuf Hafid,1,2,0,1,1,1.0,2.0
Bristol Flyers II,"Yusuf Hafid, Lanre Ayinla, Jack Craggs, Nassim Ladjimi, Wickens Simba","Bristol Flyers II|0,10,12,24,6",0,Yusuf Hafid,24,Nassim Ladjimi,1,2,0,1,1,1.0,2.0
Loughborough Riders,"Liam Campbell, Seth Wylie, Dan Hadley, Ben Woog, Callum Keys","Loughborough Riders|4,43,5,7,8",8,Callum Keys,7,Ben Woog,1,2,0,1,1,1.0,2.0
Loughborough Riders,"Tomide Akinsuku, Panos Karras, Liam Campbell, Seth Wylie, Dan Hadley","Loughborough Riders|13,15,4,43,5",15,Panos Karras,13,Tomide Akinsuku,1,2,0,1,1,1.0,2.0
Loughborough Riders,"Tomide Akinsuku, Panos Karras, Liam Campbell, Seth Wylie, Dan Hadley","Loughborough Riders|13,15,4,43,5",43,Seth Wylie,5,Dan Hadley,1,2,0,1,1,1.0,2.0
Bristol Flyers II,"Yusuf Hafid, Anthony Bhebhe, Wickens Simba, Thomas Browne, Ashton Dyer","Bristol Flyers II|0,4,6,8,9",4,Anthony Bhebhe,9,Ashton Dyer,1,2,0,1,1,1.0,2.0
Bristol Flyers II,"Yusuf Hafid, Nikolas Sagkovits, Marvin Dinnall, Thomas Browne, Ashton Dyer","Bristol Flyers II|0,21,5,8,9",8,Thomas Browne,21,Nikolas Sagkovits,1,2,0,1,1,1.0,2.0
Bristol Flyers II,"Yusuf Hafid, Nikolas Sagkovits, Marvin Dinnall, Thomas Browne, Ashton Dyer","Bristol Flyers II|0,21,5,8,9",0,Yusuf Hafid,21,Nikolas Sagkovits,1,2,0,1,1,1.0,2.0
Loughborough Riders,"Tomide Akinsuku, Panos Karras, Seth Wylie, Dan Hadley, Oscar Curran","Loughborough Riders|13,15,43,5,6",6,Oscar Curran,15,Panos Karras,1,2,0,1,1,1.0,2.0
Bristol Flyers II,"Lanre Ayinla, Jack Craggs, Nassim Ladjimi, Marvin Dinnall, Zak Riabi","Bristol Flyers II|10,12,24,5,7",10,Lanre Ayinla,5,Marvin Dinnall,1,2,0,1,1,1.0,2.0
Loughborough Riders,"Tomide Akinsuku, Panos Karras, Liam Campbell, Dan Hadley, Oscar Curran","Loughborough Riders|13,15,4,5,6",4,Liam Campbell,13,Tomide Akinsuku,1,2,0,1,1,1.0,2.0
Loughborough Riders,"Tomide Akinsuku, Panos Karras, Liam Campbell, Dan Hadley, Oscar Curran","Loughborough Riders|13,15,4,5,6",4,Liam Campbell,5,Dan Hadley,1,2,0,1,1,1.0,2.0
Bristol Flyers II,"Yusuf Hafid, Jack Craggs, Anthony Bhebhe, Wickens Simba, Ashton Dyer","Bristol Flyers II|0,12,4,6,9",4,Anthony Bhebhe,9,Ashton Dyer,1,2,0,1,1,1.0,2.0
Hemel Storm,"Taylor Johnson, Matt Norman, Veron Eze, Di-Jani Parkinson, Brayden Inger","Hemel Storm|12,2,21,23,3",12,Taylor Johnson,21,Veron Eze,1,2,0,1,1,1.0,2.0
Hemel Storm,"Darien Nelson-Henry, Kai Walker, Veron Eze, Di-Jani Parkinson, Sam Newman","Hemel Storm|10,11,21,23,4",23,Di-Jani Parkinson,21,Veron Eze,1,2,0,1,1,1.0,2.0
Yorkshire Dragons,"R. Ani, David Ulph, Logan Rooney, J. Melke, Nick Lewis","Yorkshire Dragons|1,10,14,5,93",93,Nick Lewis,10,David Ulph,1,2,0,1,1,1.0,2.0
Hemel Storm,"Darien Nelson-Henry, Kai Walker, Taylor Johnson, Veron Eze, Sam Newman","Hemel Storm|10,11,12,21,4",10,Darien Nelson-Henry,11,Kai Walker,1,2,0,1,1,1.0,2.0
Hemel Storm,"Darien Nelson-Henry, Kai Walker, Taylor Johnson, Veron Eze, Sam Newman","Hemel Storm|10,11,12,21,4",10,Darien Nelson-Henry,12,Taylor Johnson,1,2,0,1,1,1.0,2.0
Yorkshire Dragons,"David Ulph, Logan Rooney, Jordan Whelan, Corey Johnson, Nick Lewis","Yorkshire Dragons|10,14,23,9,93",10,David Ulph,14,Logan Rooney,1,2,0,1,1,1.0,2.0
Hemel Storm,"Darien Nelson-Henry, Taylor Johnson, Matt Norman, Brayden Inger, Sam Newman","Hemel Storm|10,12,2,3,4",2,Matt Norman,12,Taylor Johnson,1,2,0,1,1,1.0,2.0
Hemel Storm,"Darien Nelson-Henry, Taylor Johnson, Matt Norman, Veron Eze, Sam Newman","Hemel Storm|10,12,2,21,4",12,Taylor Johnson,10,Darien Nelson-Henry,1,2,0,1,1,1.0,2.0
Hemel Storm,"Darien Nelson-Henry, Kai Walker, Matt Norman, Di-Jani Parkinson, Sam Newman","Hemel Storm|10,11,2,23,4",4,Sam Newman,2,Matt Norman,1,2,0,1,1,1.0,2.0
Hemel Storm,"Darien Nelson-Henry, Kai Walker, Matt Norman, Di-Jani Parkinson, Sam Newman","Hemel Storm|10,11,2,23,4",10,Darien Nelson-Henry,11,Kai Walker,1,2,0,1,1,1.0,2.0
Yorkshire Dragons,"David Ulph, Logan Rooney, Jordan Whelan, Corey Johnson, Nick Lewis","Yorkshire Dragons|10,14,23,9,93",14,Logan Rooney,10,David Ulph,1,2,0,1,1,1.0,2.0
Hemel Storm,"Darien Nelson-Henry, Taylor Johnson, Matt Norman, Veron Eze, Di-Jani Parkinson","Hemel Storm|10,12,2,21,23",12,Taylor Johnson,21,Veron Eze,1,2,0,1,1,1.0,2.0
Nottingham Hoods,"Donell Nixon Ii, Megrim Sokoli, Thierry Walker, Elliot Bailey, Tyrone Williams","Nottingham Hoods|12,2,4,6,9",9,Tyrone Williams,2,Megrim Sokoli,1,2,0,1,1,1.0,2.0
Nottingham Hoods,"Donell Nixon Ii, Megrim Sokoli, Thierry Walker, Elliot Bailey, Tyrone Williams","Nottingham Hoods|12,2,4,6,9",12,Donell Nixon Ii,9,Tyrone Williams,1,2,0,1,1,1.0,2.0
Nottingham Hoods,"Donell Nixon Ii, Megrim Sokoli, Elliot Bailey, Sam Akano, Tyrone Williams","Nottingham Hoods|12,2,6,7,9",9,Tyrone Williams,7,Sam Akano,1,2,0,1,1,1.0,2.0
Nottingham Hoods,"B. Johnson, Latrell Maitland, Elliot Bailey, Sam Akano, Micah Savery-Richards","Nottingham Hoods|25,55,6,7,8",7,Sam Akano,6,Elliot Bailey,1,2,0,1,1,1.0,2.0
Derby Trailblazers,"Jai Pathmarajah, Robert Marsden, Charlie Brown, Evan Oliver, Raheem May-Thompson","Derby Trailblazers|22,30,4,6,7",6,Evan Oliver,22,Jai Pathmarajah,1,2,0,1,1,1.0,2.0
Derby Trailblazers,"Connor Washington, Sean Mo Walker, Robert Marsden, Charlie Brown, Harlond Beverley Jr","Derby Trailblazers|13,3,30,4,5",4,Charlie Brown,5,Harlond Beverley Jr,1,2,0,1,1,1.0,2.0
Derby Trailblazers,"Connor Washington, Robert Marsden, Harlond Beverley Jr, Evan Oliver, Raheem May-Thompson","Derby Trailblazers|13,30,5,6,7",13,Connor Washington,30,Robert Marsden,1,2,0,1,1,1.0,2.0
Nottingham Hoods,"Donell Nixon Ii, Megrim Sokoli, Thierry Walker, Micah Savery-Richards, Tyrone Williams","Nottingham Hoods|12,2,4,8,9",12,Donell Nixon Ii,9,Tyrone Williams,1,2,0,1,1,1.0,2.0
Derby Trailblazers,"Jai Pathmarajah, Sean Mo Walker, Harlond Beverley Jr, Evan Oliver, Raheem May-Thompson","Derby Trailblazers|22,3,5,6,7",3,Sean Mo Walker,5,Harlond Beverley Jr,1,2,0,1,1,1.0,2.0
Derby Trailblazers,"Jai Pathmarajah, Sean Mo Walker, Harlond Beverley Jr, Evan Oliver, Raheem May-Thompson","Derby Trailblazers|22,3,5,6,7",22,Jai Pathmarajah,7,Raheem May-Thompson,1,2,0,1,1,1.0,2.0
Derby Trailblazers,"Jai Pathmarajah, Sean Mo Walker, Charlie Brown, Evan Oliver, Raheem May-Thompson","Derby Trailblazers|22,3,4,6,7",6,Evan Oliver,3,Sean Mo Walker,1,2,0,1,1,1.0,2.0
Derby Trailblazers,"Jai Pathmarajah, Sean Mo Walker, Charlie Brown, Evan Oliver, Raheem May-Thompson","Derby Trailblazers|22,3,4,6,7",22,Jai Pathmarajah,7,Raheem May-Thompson,1,2,0,1,1,1.0,2.0
Nottingham Hoods,"Donell Nixon Ii, Megrim Sokoli, Latrell Maitland, Elliot Bailey, Tyrone Williams","Nottingham Hoods|12,2,55,6,9",55,Latrell Maitland,6,Elliot Bailey,1,2,0,1,1,1.0,2.0
Milton Keynes Breakers,"Dashawn Jackson, Ben Baker-Mccann, Jonas Dietrich, Luke Gregory, Chase Thompson","Milton Keynes Breakers|1,11,12,13,8",23,Jordan Spencer,1,Dashawn Jackson,1,2,0,1,1,1.0,2.0
Milton Keynes Breakers,"Dashawn Jackson, Luke Gregory, Mike New Jr., Xavier Wilson, Chase Thompson","Milton Keynes Breakers|1,13,15,21,8",1,Dashawn Jackson,8,Chase Thompson,1,2,0,1,1,1.0,2.0
Nottingham Hoods,"Mergin Sokoli, Tyrone Williams, Donell Nixon Ii, Thierry Walker, Elliot Bailey","Nottingham Hoods|0,1,24,4,6",24,Donell Nixon Ii,0,Mergin Sokoli,1,2,0,1,1,1.0,2.0
Nottingham Hoods,"Mergin Sokoli, Micah Savery-Richards, Andrew Thomson, Donell Nixon Ii, Sam Akano","Nottingham Hoods|0,14,21,24,7",7,Sam Akano,0,Mergin Sokoli,1,2,0,1,1,1.0,2.0
Milton Keynes Breakers,"Ben Baker-Mccann, Luke Gregory, Mike New Jr., Xavier Wilson, Jordan Spencer","Milton Keynes Breakers|11,13,15,21,23",11,Ben Baker-Mccann,23,Jordan Spencer,1,2,0,1,1,1.0,2.0
Nottingham Hoods,"Tyrone Williams, Micah Savery-Richards, Andrew Thomson, Donell Nixon Ii, Sam Akano","Nottingham Hoods|1,14,21,24,7",1,Tyrone Williams,24,Donell Nixon Ii,1,2,0,1,1,1.0,2.0
Nottingham Hoods,"Tyrone Williams, Micah Savery-Richards, Andrew Thomson, Donell Nixon Ii, Sam Akano","Nottingham Hoods|1,14,21,24,7",7,Sam Akano,1,Tyrone Williams,1,2,0,1,1,1.0,2.0
Milton Keynes Breakers,"Dashawn Jackson, Mike New Jr., Xavier Wilson, Jordan Spencer, Chase Thompson","Milton Keynes Breakers|1,15,21,23,8",1,Dashawn Jackson,21,Xavier Wilson,1,2,0,1,1,1.0,2.0
Milton Keynes Breakers,"Dashawn Jackson, Jonas Dietrich, Mike New Jr., Xavier Wilson, Jordan Spencer","Milton Keynes Breakers|1,12,15,21,23",11,Ben Baker-Mccann,21,Xavier Wilson,1,2,0,1,1,1.0,2.0
Hemel Storm,"Matt Norman, Brayden Inger, Sam Newman, Jovan Rai, Jack Burnell","Hemel Storm|2,3,4,5,7",4,Sam Newman,5,Jovan Rai,1,2,0,1,1,1.0,2.0
Newcastle Knights,"Bradley Dean, Sam Trunley, Jaron Thames, Mekhi Hendry, Messiah Jones","Newcastle Knights|1,10,11,3,5",1,Bradley Dean,5,Messiah Jones,1,2,0,1,1,1.0,2.0
Newcastle Knights,"Bradley Dean, Sam Trunley, Jaron Thames, Mekhi Hendry, Scott Angus","Newcastle Knights|1,10,11,3,7",11,Jaron Thames,7,Scott Angus,1,2,0,1,1,1.0,2.0
Hemel Storm,"Darien Nelson-Henry, Taylor Johnson, Brayden Inger, Sam Newman, Jack Burnell","Hemel Storm|10,12,3,4,7",12,Taylor Johnson,10,Darien Nelson-Henry,1,2,0,1,1,1.0,2.0
Hemel Storm,"Darien Nelson-Henry, Kai Walker, Taylor Johnson, Sam Newman, Jack Burnell","Hemel Storm|10,11,12,4,7",10,Darien Nelson-Henry,12,Taylor Johnson,1,2,0,1,1,1.0,2.0
Hemel Storm,"Matt Norman, Veron Eze, Di-Jani Parkinson, Brayden Inger, Sam Newman","Hemel Storm|2,21,23,3,4",23,Di-Jani Parkinson,3,Brayden Inger,1,2,0,1,1,1.0,2.0
Newcastle Knights,"Bradley Dean, Jaron Thames, Noah Saa, Max Matthews, Theo Riley","Newcastle Knights|1,11,14,8,9",1,Bradley Dean,11,Jaron Thames,1,2,0,1,1,1.0,2.0
Newcastle Knights,"Bradley Dean, Jaron Thames, Noah Saa, Max Matthews, Theo Riley","Newcastle Knights|1,11,14,8,9",11,Jaron Thames,8,Max Matthews,1,2,0,1,1,1.0,2.0
Newcastle Knights,"Bradley Dean, Jaron Thames, Noah Saa, Max Matthews, Theo Riley","Newcastle Knights|1,11,14,8,9",11,Jaron Thames,14,Noah Saa,1,2,0,1,1,1.0,2.0
Hemel Storm,"Darien Nelson-Henry, Kai Walker, Taylor Johnson, Matt Norman, Sam Newman","Hemel Storm|10,11,12,2,4",10,Darien Nelson-Henry,12,Taylor Johnson,1,2,0,1,1,1.0,2.0
Newcastle Knights,"Bradley Dean, Sam Trunley, Jaron Thames, Finn Cork, Max Matthews","Newcastle Knights|1,10,11,13,8",8,Max Matthews,10,Sam Trunley,1,2,0,1,1,1.0,2.0
Newcastle Knights,"Bradley Dean, Sam Trunley, Jaron Thames, Mekhi Hendry, Messiah Jones","Newcastle Knights|1,10,11,3,5",11,Jaron Thames,5,Messiah Jones,1,2,0,1,1,1.0,2.0
Hemel Storm,"Darien Nelson-Henry, Taylor Johnson, Matt Norman, Veron Eze, Sam Newman","Hemel Storm|10,12,2,21,4",21,Veron Eze,2,Matt Norman,1,2,0,1,1,1.0,2.0
Hemel Storm,"Darien Nelson-Henry, Taylor Johnson, Matt Norman, Veron Eze, Sam Newman","Hemel Storm|10,12,2,21,4",4,Sam Newman,21,Veron Eze,1,2,0,1,1,1.0,2.0
Hemel Storm,"Darien Nelson-Henry, Taylor Johnson, Matt Norman, Brayden Inger, Sam Newman","Hemel Storm|10,12,2,3,4",4,Sam Newman,2,Matt Norman,1,2,0,1,1,1.0,2.0
Bristol Hurricanes,"Daniel Edozie, Elvisi Dusha, James Claar, Denzel Ubiaro, Corey Samuels","Bristol Hurricanes|1,12,24,31,4",1,Daniel Edozie,4,Corey Samuels,1,2,0,1,1,1.0,2.0
Bristol Hurricanes,"Daniel Edozie, Elvisi Dusha, James Claar, Corey Samuels, Vilmantas Dilys","Bristol Hurricanes|1,12,24,4,55",4,Corey Samuels,24,James Claar,1,2,0,1,1,1.0,2.0
Bristol Hurricanes,"Daniel Edozie, Elvisi Dusha, James Claar, Corey Samuels, Vilmantas Dilys","Bristol Hurricanes|1,12,24,4,55",4,Corey Samuels,1,Daniel Edozie,1,2,0,1,1,1.0,2.0
Bristol Hurricanes,"Daniel Edozie, Elvisi Dusha, James Claar, Corey Samuels, Vilmantas Dilys","Bristol Hurricanes|1,12,24,4,55",1,Daniel Edozie,55,Vilmantas Dilys,1,2,0,1,1,1.0,2.0
Bristol Hurricanes,"Daniel Edozie, David Forsyth, Elvisi Dusha, James Claar, Corey Samuels","Bristol Hurricanes|1,11,12,24,4",24,James Claar,1,Daniel Edozie,1,2,0,1,1,1.0,2.0
Bristol Hurricanes,"Daniel Edozie, David Forsyth, Elvisi Dusha, James Claar, Chris Taylor","Bristol Hurricanes|1,11,12,24,9",12,Elvisi Dusha,24,James Claar,1,2,0,1,1,1.0,2.0
Bristol Hurricanes,"Daniel Edozie, James Claar, Corey Samuels, Vilmantas Dilys, Chris Taylor","Bristol Hurricanes|1,24,4,55,9",4,Corey Samuels,24,James Claar,1,2,0,1,1,1.0,2.0
Bristol Hurricanes,"Daniel Edozie, James Claar, Corey Samuels, Vilmantas Dilys, Chris Taylor","Bristol Hurricanes|1,24,4,55,9",4,Corey Samuels,9,Chris Taylor,1,2,0,1,1,1.0,2.0
Bristol Hurricanes,"Daniel Edozie, James Claar, Corey Samuels, Vilmantas Dilys, Chris Taylor","Bristol Hurricanes|1,24,4,55,9",9,Chris Taylor,55,Vilmantas Dilys,1,2,0,1,1,1.0,2.0
Bristol Hurricanes,"Daniel Edozie, Elvisi Dusha, James Claar, Denzel Ubiaro, Vilmantas Dilys","Bristol Hurricanes|1,12,24,31,55",31,Denzel Ubiaro,55,Vilmantas Dilys,1,2,0,1,1,1.0,2.0
Bristol Hurricanes,"Daniel Edozie, James Claar, Denzel Ubiaro, Corey Samuels, Vilmantas Dilys","Bristol Hurricanes|1,24,31,4,55",31,Denzel Ubiaro,1,Daniel Edozie,1,2,0,1,1,1.0,2.0
Yorkshire Dragons,"David Ulph, Logan Rooney, J. Melke, Corey Johnson, Nick Lewis","Yorkshire Dragons|10,14,5,6,93",93,Nick Lewis,6,Corey Johnson,1,2,0,1,1,1.0,2.0
Yorkshire Dragons,"David Ulph, Logan Rooney, J. Melke, Corey Johnson, Nick Lewis","Yorkshire Dragons|10,14,5,6,93",5,J. Melke,10,David Ulph,1,2,0,1,1,1.0,2.0
Yorkshire Dragons,"David Ulph, Logan Rooney, J. Melke, Corey Johnson, Nick Lewis","Yorkshire Dragons|10,14,5,6,93",14,Logan Rooney,5,J. Melke,1,2,0,1,1,1.0,2.0
Yorkshire Dragons,"R. Ani, David Ulph, Jordan Whelan, J. Melke, Andreas Lycoudis","Yorkshire Dragons|1,10,23,5,7",7,Andreas Lycoudis,23,Jordan Whelan,1,2,0,1,1,1.0,2.0
Yorkshire Dragons,"R. Ani, Jordan Whelan, J. Melke, Corey Johnson, Andreas Lycoudis","Yorkshire Dragons|1,23,5,6,7",7,Andreas Lycoudis,23,Jordan Whelan,1,2,0,1,1,1.0,2.0
Yorkshire Dragons,"R. Ani, Jordan Whelan, J. Melke, Corey Johnson, Andreas Lycoudis","Yorkshire Dragons|1,23,5,6,7",7,Andreas Lycoudis,1,R. Ani,1,2,0,1,1,1.0,2.0
Yorkshire Dragons,"R. Ani, David Ulph, Eddie Brownell, Jordan Whelan, Andreas Lycoudis","Yorkshire Dragons|1,10,2,23,7",2,Eddie Brownell,23,Jordan Whelan,1,2,0,1,1,1.0,2.0
Yorkshire Dragons,"R. Ani, David Ulph, Eddie Brownell, Jordan Whelan, Andreas Lycoudis","Yorkshire Dragons|1,10,2,23,7",7,Andreas Lycoudis,10,David Ulph,1,2,0,1,1,1.0,2.0
Yorkshire Dragons,"R. Ani, David Ulph, Logan Rooney, Corey Johnson, Nick Lewis","Yorkshire Dragons|1,10,14,6,93",93,Nick Lewis,10,David Ulph,1,2,0,1,1,1.0,2.0
Yorkshire Dragons,"David Ulph, Logan Rooney, J. Melke, Corey Johnson, Nick Lewis","Yorkshire Dragons|10,14,5,6,93",10,David Ulph,93,Nick Lewis,1,2,0,1,1,1.0,2.0
Yorkshire Dragons,"R. Ani, David Ulph, Jordan Whelan, J. Melke, Andreas Lycoudis","Yorkshire Dragons|1,10,23,5,7",10,David Ulph,23,Jordan Whelan,1,2,0,1,1,1.0,2.0
Yorkshire Dragons,"R. Ani, David Ulph, Jordan Whelan, J. Melke, Andreas Lycoudis","Yorkshire Dragons|1,10,23,5,7",7,Andreas Lycoudis,1,R. Ani,1,2,0,1,1,1.0,2.0
Yorkshire Dragons,"R. Ani, Eddie Brownell, Jordan Whelan, J. Melke, Andreas Lycoudis","Yorkshire Dragons|1,2,23,5,7",2,Eddie Brownell,1,R. Ani,1,2,0,1,1,1.0,2.0
Yorkshire Dragons,"R. Ani, David Ulph, Logan Rooney, Jordan Whelan, Andreas Lycoudis","Yorkshire Dragons|1,10,14,23,7",7,Andreas Lycoudis,14,Logan Rooney,1,2,0,1,1,1.0,2.0
Bristol Flyers II,"Yusuf Hafid, Zak Riabi, Nikolas Sagkovits, Nassim Ladjimi, Luka Matthews","Bristol Flyers II|0,13,21,24,5",24,Nassim Ladjimi,13,Zak Riabi,1,2,0,1,1,1.0,2.0
Yorkshire Dragons,"R. Ani, David Ulph, Logan Rooney, Jordan Whelan, Andreas Lycoudis","Yorkshire Dragons|1,10,14,23,7",14,Logan Rooney,23,Jordan Whelan,1,2,0,1,1,1.0,2.0
Yorkshire Dragons,"R. Ani, David Ulph, Logan Rooney, Eddie Brownell, Andreas Lycoudis","Yorkshire Dragons|1,10,14,2,7",7,Andreas Lycoudis,2,Eddie Brownell,1,2,0,1,1,1.0,2.0
Worthing Thunder,"Matthew Bryan-Amaning, Justin Hopkins, Elijah Maynard, Adrian Scarborough, Elliott Dadds","Worthing Thunder|11,15,22,4,7",4,Adrian Scarborough,15,Justin Hopkins,1,2,0,1,1,1.0,2.0
London Cavaliers,"Juan Manning, Joe Richards, Marquel Beasley, Daniel Braster, Aj Roberts","London Cavaliers|10,11,15,23,4",10,Juan Manning,4,Aj Roberts,1,2,0,1,1,1.0,2.0
London Cavaliers,"Juan Manning, Joe Richards, Mekhi Collins, Darren Ainembabazi, Aj Roberts","London Cavaliers|10,11,13,3,4",4,Aj Roberts,13,Mekhi Collins,1,2,0,1,1,1.0,2.0
London Cavaliers,"Juan Manning, Joe Richards, Mekhi Collins, Darren Ainembabazi, Aj Roberts","London Cavaliers|10,11,13,3,4",4,Aj Roberts,10,Juan Manning,1,2,0,1,1,1.0,2.0
Worthing Thunder,"Danny Evans, Matthew Bryan-Amaning, Justin Hopkins, Adrian Scarborough, Bode Adeluola","Worthing Thunder|0,11,15,4,5",15,Justin Hopkins,0,Danny Evans,1,2,0,1,1,1.0,2.0
Worthing Thunder,"Danny Evans, Elijah Maynard, Troy Mcindoe, Bode Adeluola, Elliott Dadds","Worthing Thunder|0,22,23,5,7",5,Bode Adeluola,22,Elijah Maynard,1,2,0,1,1,1.0,2.0
Worthing Thunder,"Danny Evans, Elijah Maynard, Troy Mcindoe, Bode Adeluola, Elliott Dadds","Worthing Thunder|0,22,23,5,7",0,Danny Evans,23,Troy Mcindoe,1,2,0,1,1,1.0,2.0
Worthing Thunder,"Matthew Bryan-Amaning, Justin Hopkins, Adrian Scarborough, Bode Adeluola, Elliott Dadds","Worthing Thunder|11,15,4,5,7",15,Justin Hopkins,4,Adrian Scarborough,1,2,0,1,1,1.0,2.0
Worthing Thunder,"Matthew Bryan-Amaning, Justin Hopkins, Adrian Scarborough, Bode Adeluola, Elliott Dadds","Worthing Thunder|11,15,4,5,7",5,Bode Adeluola,11,Matthew Bryan-Amaning,1,2,0,1,1,1.0,2.0
London Cavaliers,"Juan Manning, Marquel Beasley, Daniel Braster, Darren Ainembabazi, Aj Roberts","London Cavaliers|10,15,23,3,4",4,Aj Roberts,3,Darren Ainembabazi,1,2,0,1,1,1.0,2.0
London Cavaliers,"Juan Manning, Marquel Beasley, Daniel Braster, Darren Ainembabazi, Aj Roberts","London Cavaliers|10,15,23,3,4",10,Juan Manning,10,Juan Manning,1,2,0,1,1,1.0,2.0
Worthing Thunder,"Danny Evans, Matthew Bryan-Amaning, Elijah Maynard, Adrian Scarborough, Bode Adeluola","Worthing Thunder|0,11,22,4,5",11,Matthew Bryan-Amaning,4,Adrian Scarborough,1,2,0,1,1,1.0,2.0
Loughborough Riders,"Johde Campbell, Michael Joiner, Milo Gordon, Jalen Cook, Tomide Akinsuku","Loughborough Riders|0,11,22,31,36",11,Michael Joiner,22,Milo Gordon,1,2,0,1,1,1.0,2.0
Loughborough Riders,"Johde Campbell, Ben Woog, Michael Joiner, Jalen Cook, Callum Keys","Loughborough Riders|0,10,11,31,8",11,Michael Joiner,10,Ben Woog,1,2,0,1,1,1.0,2.0
Loughborough Riders,"Ben Woog, Michael Joiner, Liam Campbell, Seth Wylie, Callum Keys","Loughborough Riders|10,11,4,43,8",11,Michael Joiner,10,Ben Woog,1,2,0,1,1,1.0,2.0
Loughborough Riders,"Ben Woog, Panos Karras, Liam Campbell, Seth Wylie, Callum Keys","Loughborough Riders|10,15,4,43,8",8,Callum Keys,10,Ben Woog,1,2,0,1,1,1.0,2.0
Essex Rebels,"Mou Wol-Cummings, Kyron Martin, Miles Brown, Tom Child, Tyreese Hudson","Essex Rebels|0,10,2,22,9",2,Miles Brown,9,Tyreese Hudson,1,2,0,1,1,1.0,2.0
Loughborough Riders,"Johde Campbell, Ben Woog, Michael Joiner, Milo Gordon, Jalen Cook","Loughborough Riders|0,10,11,22,31",31,Jalen Cook,0,Johde Campbell,1,2,0,1,1,1.0,2.0
Essex Rebels,"Michael Amako, Miles Brown, Anthony Idiata-Mendez, Tom Child, Harry Gent","Essex Rebels|1,2,20,22,36",36,Harry Gent,1,Michael Amako,1,2,0,1,1,1.0,2.0
Loughborough Riders,"Johde Campbell, Michael Joiner, Panos Karras, Milo Gordon, Dan Hadley","Loughborough Riders|0,11,15,22,5",11,Michael Joiner,5,Dan Hadley,1,2,0,1,1,1.0,2.0
Essex Rebels,"Michael Amako, Kyron Martin, Miles Brown, Anthony Idiata-Mendez, Tom Child","Essex Rebels|1,10,2,20,22",22,Tom Child,1,Michael Amako,1,2,0,1,1,1.0,2.0
Milton Keynes Breakers,"Dashawn Jackson, Ben Baker-Mccann, Luke Gregory, Jordan Spencer, Chase Thompson","Milton Keynes Breakers|1,11,13,23,8",23,Jordan Spencer,13,Luke Gregory,1,2,0,1,1,1.0,2.0
Milton Keynes Breakers,"Kai Williams, Ben Baker-Mccann, Mike New Jr., Xavier Wilson, Jordan Spencer","Milton Keynes Breakers|0,11,15,21,23",11,Ben Baker-Mccann,0,Kai Williams,1,2,0,1,1,1.0,2.0
Milton Keynes Breakers,"Kai Williams, Dashawn Jackson, Jonas Dietrich, Mike New Jr., Xavier Wilson","Milton Keynes Breakers|0,1,12,15,21",12,Jonas Dietrich,1,Dashawn Jackson,1,2,0,1,1,1.0,2.0
Milton Keynes Breakers,"Kai Williams, Dashawn Jackson, Jonas Dietrich, Mike New Jr., Xavier Wilson","Milton Keynes Breakers|0,1,12,15,21",12,Jonas Dietrich,21,Xavier Wilson,1,2,0,1,1,1.0,2.0
Milton Keynes Breakers,"Ben Baker-Mccann, Jonas Dietrich, Luke Gregory, Jordan Spencer, Chase Thompson","Milton Keynes Breakers|11,12,13,23,8",12,Jonas Dietrich,13,Luke Gregory,1,2,0,1,1,1.0,2.0
Reading Rockets,"Malik Bryant, Ty Nsangu, Jax Bouknight, Victor Olarerin, Simon Chamberlain","Reading Rockets|10,12,4,8,9",12,Ty Nsangu,10,Malik Bryant,1,2,0,1,1,1.0,2.0
Reading Rockets,"Malik Bryant, Cooper Creek, Jax Bouknight, Eliaz (Zain) Poorman, Victor Olarerin","Reading Rockets|10,14,4,6,8",14,Cooper Creek,4,Jax Bouknight,1,2,0,1,1,1.0,2.0
Reading Rockets,"Ty Nsangu, Cooper Creek, Jax Bouknight, Eliaz (Zain) Poorman, Lewis Champion","Reading Rockets|12,14,4,6,7",14,Cooper Creek,7,Lewis Champion,1,2,0,1,1,1.0,2.0
Reading Rockets,"Cooper Creek, Eliaz (Zain) Poorman, Lewis Champion, Victor Olarerin, Simon Chamberlain","Reading Rockets|14,6,7,8,9",6,Eliaz (Zain) Poorman,8,Victor Olarerin,1,2,0,1,1,1.0,2.0
Reading Rockets,"Ty Nsangu, Jax Bouknight, Eliaz (Zain) Poorman, Lewis Champion, Victor Olarerin","Reading Rockets|12,4,6,7,8",7,Lewis Champion,6,Eliaz (Zain) Poorman,1,2,0,1,1,1.0,2.0
Reading Rockets,"Malik Bryant, Cooper Creek, Jax Bouknight, Eliaz (Zain) Poorman, Victor Olarerin","Reading Rockets|10,14,4,6,8",14,Cooper Creek,10,Malik Bryant,1,2,0,1,1,1.0,2.0
Milton Keynes Breakers,"Dashawn Jackson, Jonas Dietrich, Mike New Jr., Jordan Spencer, Chase Thompson","Milton Keynes Breakers|1,12,15,23,8",8,Chase Thompson,23,Jordan Spencer,1,2,0,1,1,1.0,2.0
Yorkshire Dragons,"Logan Rooney, Jordan Whelan, J. Melke, Andreas Lycoudis, Corey Johnson","Yorkshire Dragons|14,23,5,7,9",14,Logan Rooney,7,Andreas Lycoudis,1,2,0,1,1,1.0,2.0
Nottingham Hoods,"Tyrone Williams, Latrell Maitland, Elliot Bailey, Sam Akano, Micah Savery-Richards","Nottingham Hoods|1,55,6,7,8",7,Sam Akano,6,Elliot Bailey,1,2,0,1,1,1.0,2.0
Nottingham Hoods,"Mergin Sokoli, Tyrone Williams, Latrell Maitland, Elliot Bailey, Sam Akano","Nottingham Hoods|0,1,55,6,7",1,Tyrone Williams,6,Elliot Bailey,1,2,0,1,1,1.0,2.0
Nottingham Hoods,"Mergin Sokoli, Tyrone Williams, Elliot Bailey, Sam Akano, Micah Savery-Richards","Nottingham Hoods|0,1,6,7,8",8,Micah Savery-Richards,6,Elliot Bailey,1,2,0,1,1,1.0,2.0
Nottingham Hoods,"Mergin Sokoli, Tyrone Williams, Elliot Bailey, Sam Akano, Micah Savery-Richards","Nottingham Hoods|0,1,6,7,8",1,Tyrone Williams,6,Elliot Bailey,1,2,0,1,1,1.0,2.0
Nottingham Hoods,"Tyrone Williams, Byrce Johnson, Elliot Bailey, Sam Akano, Micah Savery-Richards","Nottingham Hoods|1,25,6,7,8",1,Tyrone Williams,6,Elliot Bailey,1,2,0,1,1,1.0,2.0
Bristol Hurricanes,"Daniel Edozie, David Forsyth, Elvisi Dusha, Corey Samuels, Vilmantas Dilys","Bristol Hurricanes|1,11,12,2,55",2,Corey Samuels,55,Vilmantas Dilys,1,2,0,1,1,1.0,2.0
Hemel Storm,"Darien Nelson-Henry, Taylor Johnson, Matt Norman, Veron Eze, Sam Newman","Hemel Storm|10,12,2,21,4",10,Darien Nelson-Henry,21,Veron Eze,1,2,0,1,1,1.0,2.0
Hemel Storm,"Darien Nelson-Henry, Taylor Johnson, Veron Eze, Brayden Inger, Sam Newman","Hemel Storm|10,12,21,3,4",21,Veron Eze,12,Taylor Johnson,1,2,0,1,1,1.0,2.0
Bristol Hurricanes,"Daniel Edozie, David Forsyth, Elvisi Dusha, Corey Samuels, Denzel Ubiaro","Bristol Hurricanes|1,11,12,2,31",31,Denzel Ubiaro,1,Daniel Edozie,1,2,0,1,1,1.0,2.0
Hemel Storm,"Taylor Johnson, Matt Norman, Brayden Inger, Sam Newman, Jack Burnell","Hemel Storm|12,2,3,4,7",4,Sam Newman,3,Brayden Inger,1,2,0,1,1,1.0,2.0
Bristol Hurricanes,"Daniel Edozie, Elvisi Dusha, Denzel Ubiaro, Heru Bligen, Vilmantas Dilys","Bristol Hurricanes|1,12,31,33,55",31,Denzel Ubiaro,1,Daniel Edozie,1,2,0,1,1,1.0,2.0
Bristol Hurricanes,"David Forsyth, Elvisi Dusha, Corey Samuels, Heru Bligen, Vilmantas Dilys","Bristol Hurricanes|11,12,2,33,55",12,Elvisi Dusha,55,Vilmantas Dilys,1,2,0,1,1,1.0,2.0
Hemel Storm,"Darien Nelson-Henry, Taylor Johnson, Matt Norman, Veron Eze, Sam Newman","Hemel Storm|10,12,2,21,4",4,Sam Newman,2,Matt Norman,1,2,0,1,1,1.0,2.0
Bristol Hurricanes,"Ashley Pearce, Daniel Edozie, David Forsyth, Elvisi Dusha, Corey Samuels","Bristol Hurricanes|0,1,11,12,2",2,Corey Samuels,11,David Forsyth,1,2,0,1,1,1.0,2.0
Birmingham Rockets,"Ronald Blain, Orlan Jackman, Zack Powell, Eric Donaldson, Lucas Mcgregor","Birmingham Rockets|0,13,14,3,6",6,Lucas Mcgregor,0,Ronald Blain,1,2,0,1,1,1.0,2.0
Birmingham Rockets,"Ronald Blain, Orlan Jackman, Eric Donaldson, Lucas Mcgregor, Martyn Gayle","Birmingham Rockets|0,13,3,6,8",8,Martyn Gayle,0,Ronald Blain,1,2,0,1,1,1.0,2.0
Essex Rebels,"Mou Wol-Cummings, Michael Amako, Kyron Martin, Remy Udeh, Tyreese Hudson","Essex Rebels|0,1,10,14,9",10,Kyron Martin,0,Mou Wol-Cummings,1,2,0,1,1,1.0,2.0
Birmingham Rockets,"Orlan Jackman, Eric Donaldson, Lucas Mcgregor, Faaris Mughaal, Martyn Gayle","Birmingham Rockets|13,3,6,7,8",7,Faaris Mughaal,6,Lucas Mcgregor,1,2,0,1,1,1.0,2.0
Birmingham Rockets,"Orlan Jackman, Eric Donaldson, Lucas Mcgregor, Faaris Mughaal, Martyn Gayle","Birmingham Rockets|13,3,6,7,8",13,Orlan Jackman,13,Orlan Jackman,1,2,0,1,1,1.0,2.0
Birmingham Rockets,"Ronald Blain, Orlan Jackman, Zack Powell, Faaris Mughaal, Martyn Gayle","Birmingham Rockets|0,13,14,7,8",8,Martyn Gayle,14,Zack Powell,1,2,0,1,1,1.0,2.0
Derby Trailblazers,"Connor Washington, Jai Pathmarajah, Robert Marsden, Charlie Brown, Raheem May-Thompson","Derby Trailblazers|13,22,30,4,7",7,Raheem May-Thompson,22,Jai Pathmarajah,1,2,0,1,1,1.0,2.0
Bristol Flyers II,"Lanre Ayinla, Jack Craggs, Nikolas Sagkovits, Anthony Bhebhe, Giuseppe Landolfi","Bristol Flyers II|10,12,21,4,7",7,Giuseppe Landolfi,21,Nikolas Sagkovits,1,2,0,1,1,1.0,2.0
Derby Trailblazers,"Connor Washington, Jai Pathmarajah, Robert Marsden, Charlie Brown, Raheem May-Thompson","Derby Trailblazers|13,22,30,4,7",22,Jai Pathmarajah,4,Charlie Brown,1,2,0,1,1,1.0,2.0
Bristol Flyers II,"Yusuf Hafid, Lanre Ayinla, Jack Craggs, Reggie Eigbe, Giuseppe Landolfi","Bristol Flyers II|0,10,12,13,7",13,Reggie Eigbe,10,Lanre Ayinla,1,2,0,1,1,1.0,2.0
Bristol Flyers II,"Lanre Ayinla, Jack Craggs, Nikolas Sagkovits, Anthony Bhebhe, Giuseppe Landolfi","Bristol Flyers II|10,12,21,4,7",4,Anthony Bhebhe,10,Lanre Ayinla,1,2,0,1,1,1.0,2.0
Bristol Flyers II,"Lanre Ayinla, Jack Craggs, Nikolas Sagkovits, Anthony Bhebhe, Giuseppe Landolfi","Bristol Flyers II|10,12,21,4,7",7,Giuseppe Landolfi,10,Lanre Ayinla,1,2,0,1,1,1.0,2.0
Bristol Flyers II,"Reggie Eigbe, Nassim Ladjimi, Anthony Bhebhe, Wickens Simba, Giuseppe Landolfi","Bristol Flyers II|13,24,4,6,7",7,Giuseppe Landolfi,13,Reggie Eigbe,1,2,0,1,1,1.0,2.0
Derby Trailblazers,"Connor Washington, Jai Pathmarajah, Sean Mo Walker, Robert Marsden, Charlie Brown","Derby Trailblazers|13,22,3,30,4",3,Sean Mo Walker,22,Jai Pathmarajah,1,2,0,1,1,1.0,2.0
Bristol Flyers II,"Yusuf Hafid, Nikolas Sagkovits, Nassim Ladjimi, Wickens Simba, Giuseppe Landolfi","Bristol Flyers II|0,21,24,6,7",24,Nassim Ladjimi,7,Giuseppe Landolfi,1,2,0,1,1,1.0,2.0
Derby Trailblazers,"Connor Washington, Jai Pathmarajah, Sean Mo Walker, Robert Marsden, Charlie Brown","Derby Trailblazers|13,22,3,30,4",22,Jai Pathmarajah,30,Robert Marsden,1,2,0,1,1,1.0,2.0
Derby Trailblazers,"Connor Washington, Jai Pathmarajah, Sean Mo Walker, Robert Marsden, Charlie Brown","Derby Trailblazers|13,22,3,30,4",30,Robert Marsden,22,Jai Pathmarajah,1,2,0,1,1,1.0,2.0
Essex Rebels,"Mou Wol-Cummings, Michael Amako, Kyron Martin, Miles Brown, Tyreese Hudson","Essex Rebels|0,1,10,2,9",1,Michael Amako,2,Miles Brown,1,2,0,1,1,1.0,2.0
Essex Rebels,"Mou Wol-Cummings, Kyron Martin, Remy Udeh, Miles Brown, Tyreese Hudson","Essex Rebels|0,10,14,2,9",10,Kyron Martin,9,Tyreese Hudson,1,2,0,1,1,1.0,2.0
Essex Rebels,"Michael Amako, Kyron Martin, Miles Brown, Harry Gent, Tyreese Hudson","Essex Rebels|1,10,2,36,9",2,Miles Brown,36,Harry Gent,1,2,0,1,1,1.0,2.0
Essex Rebels,"Michael Amako, Kyron Martin, Miles Brown, Harry Gent, Tyreese Hudson","Essex Rebels|1,10,2,36,9",10,Kyron Martin,2,Miles Brown,1,2,0,1,1,1.0,2.0
Essex Rebels,"Michael Amako, Kyron Martin, Miles Brown, Harry Gent, Tyreese Hudson","Essex Rebels|1,10,2,36,9",1,Michael Amako,2,Miles Brown,1,2,0,1,1,1.0,2.0
Worthing Thunder,"Matthew Bryan-Amaning, Justin Hopkins, Elijah Maynard, Adrian Scarborough, Bode Adeluola","Worthing Thunder|11,15,22,4,5",15,Justin Hopkins,22,Elijah Maynard,1,2,0,1,1,1.0,2.0
Essex Rebels,"Michael Amako, Kyron Martin, Miles Brown, Harry Gent, Tyreese Hudson","Essex Rebels|1,10,2,36,9",1,Michael Amako,10,Kyron Martin,1,2,0,1,1,1.0,2.0
Worthing Thunder,"Danny Evans, Justin Hopkins, Adrian Scarborough, Bode Adeluola, Briceny Lomeka","Worthing Thunder|0,15,4,5,9",0,Danny Evans,15,Justin Hopkins,1,2,0,1,1,1.0,2.0
Essex Rebels,"Mou Wol-Cummings, Remy Udeh, Anthony Idiata-Mendez, Harry Gent, Tyreese Hudson","Essex Rebels|0,14,20,36,9",20,Anthony Idiata-Mendez,9,Tyreese Hudson,1,2,0,1,1,1.0,2.0
Worthing Thunder,"Danny Evans, Justin Hopkins, Adrian Scarborough, Bode Adeluola, Briceny Lomeka","Worthing Thunder|0,15,4,5,9",4,Adrian Scarborough,9,Briceny Lomeka,1,2,0,1,1,1.0,2.0
Essex Rebels,"Mou Wol-Cummings, Kyron Martin, Miles Brown, Anthony Idiata-Mendez, Harry Gent","Essex Rebels|0,10,2,20,36",2,Miles Brown,0,Mou Wol-Cummings,1,2,0,1,1,1.0,2.0
Worthing Thunder,"Danny Evans, Adrian Scarborough, Bode Adeluola, Alfie Price, Briceny Lomeka","Worthing Thunder|0,4,5,88,9",5,Bode Adeluola,9,Briceny Lomeka,1,2,0,1,1,1.0,2.0
Worthing Thunder,"Danny Evans, Justin Hopkins, Bode Adeluola, Alfie Price, Briceny Lomeka","Worthing Thunder|0,15,5,88,9",5,Bode Adeluola,15,Justin Hopkins,1,2,0,1,1,1.0,2.0
Milton Keynes Breakers,"Dashawn Jackson, Ben Baker-Mccann, Xavier Wilson, Jordan Spencer, Chase Thompson","Milton Keynes Breakers|1,11,21,23,8",11,Ben Baker-Mccann,21,Xavier Wilson,1,2,0,1,1,1.0,2.0
Milton Keynes Breakers,"Dashawn Jackson, Ben Baker-Mccann, Luke Gregory, Jordan Spencer, Chase Thompson","Milton Keynes Breakers|1,11,13,23,8",11,Ben Baker-Mccann,23,Jordan Spencer,1,2,0,1,1,1.0,2.0
Essex Rebels,"Kyron Martin, Remy Udeh, Miles Brown, Anthony Idiata-Mendez, Tyreese Hudson","Essex Rebels|10,14,2,20,9",9,Tyreese Hudson,2,Miles Brown,1,2,0,1,1,1.0,2.0
Milton Keynes Breakers,"Kai Williams, Dashawn Jackson, Jonas Dietrich, Mike New Jr., Jordan Spencer","Milton Keynes Breakers|0,1,12,15,23",1,Dashawn Jackson,23,Jordan Spencer,1,2,0,1,1,1.0,2.0
Essex Rebels,"Mou Wol-Cummings, Kyron Martin, Anthony Idiata-Mendez, Tom Child, Harry Gent","Essex Rebels|0,10,20,22,36",20,Anthony Idiata-Mendez,22,Tom Child,1,2,0,1,1,1.0,2.0
Essex Rebels,"Michael Amako, Kyron Martin, Miles Brown, Tom Child, Harry Gent","Essex Rebels|1,10,2,22,36",10,Kyron Martin,1,Michael Amako,1,2,0,1,1,1.0,2.0
Milton Keynes Breakers,"Kai Williams, Jonas Dietrich, Mike New Jr., Jordan Spencer, Chase Thompson","Milton Keynes Breakers|0,12,15,23,8",23,Jordan Spencer,12,Jonas Dietrich,1,2,0,1,1,1.0,2.0
Milton Keynes Breakers,"Ben Baker-Mccann, Jonas Dietrich, Xavier Wilson, Jordan Spencer, Chase Thompson","Milton Keynes Breakers|11,12,21,23,8",11,Ben Baker-Mccann,12,Jonas Dietrich,1,2,0,1,1,1.0,2.0
Milton Keynes Breakers,"Ben Baker-Mccann, Jonas Dietrich, Xavier Wilson, Jordan Spencer, Chase Thompson","Milton Keynes Breakers|11,12,21,23,8",21,Xavier Wilson,12,Jonas Dietrich,1,2,0,1,1,1.0,2.0
Essex Rebels,"Michael Amako, Kyron Martin, Miles Brown, Tom Child, Tyreese Hudson","Essex Rebels|1,10,2,22,9",1,Michael Amako,9,Tyreese Hudson,1,2,0,1,1,1.0,2.0
Milton Keynes Breakers,"Ben Baker-Mccann, Jonas Dietrich, Luke Gregory, Xavier Wilson, Jordan Spencer","Milton Keynes Breakers|11,12,13,21,23",13,Luke Gregory,12,Jonas Dietrich,1,2,0,1,1,1.0,2.0
Essex Rebels,"Kyron Martin, Remy Udeh, Miles Brown, Anthony Idiata-Mendez, Tom Child","Essex Rebels|10,14,2,20,22",10,Kyron Martin,20,Anthony Idiata-Mendez,1,2,0,1,1,1.0,2.0
Essex Rebels,"Michael Amako, Remy Udeh, Miles Brown, Tom Child, Tyreese Hudson","Essex Rebels|1,14,2,22,9",2,Miles Brown,1,Michael Amako,1,2,0,1,1,1.0,2.0
London Cavaliers,"Juan Manning, Joe Richards, Mekhi Collins, Daniel Braster, Aj Roberts","London Cavaliers|10,11,13,23,4",23,Daniel Braster,13,Mekhi Collins,1,2,0,1,1,1.0,2.0
Nottingham Hoods,"Tyrone Williams, Micah Savery-Richards, Byrce Johnson, Elliot Bailey, Sam Akano","Nottingham Hoods|1,14,21,6,7",7,Sam Akano,6,Elliot Bailey,1,2,0,1,1,1.0,2.0
Nottingham Hoods,"Tyrone Williams, Micah Savery-Richards, Byrce Johnson, Latrell Maitland, Sam Akano","Nottingham Hoods|1,14,21,23,7",21,Byrce Johnson,1,Tyrone Williams,1,2,0,1,1,1.0,2.0
London Cavaliers,"Juan Manning, Mekhi Collins, Marquel Beasley, Daniel Braster, Aj Roberts","London Cavaliers|10,13,15,23,4",10,Juan Manning,10,Juan Manning,1,2,0,1,1,1.0,2.0
Nottingham Hoods,"Tyrone Williams, Micah Savery-Richards, Byrce Johnson, Latrell Maitland, Sam Akano","Nottingham Hoods|1,14,21,23,7",7,Sam Akano,21,Byrce Johnson,1,2,0,1,1,1.0,2.0
Bristol Hurricanes,"Daniel Edozie, Kobe Hill, Denzel Ubiaro, Vilmantas Dilys, Chris Taylor","Bristol Hurricanes|1,2,31,55,9",31,Denzel Ubiaro,1,Daniel Edozie,1,2,0,1,1,1.0,2.0
Yorkshire Dragons,"David Ulph, Jordan Whelan, J. Melke, Andreas Lycoudis, Corey Johnson","Yorkshire Dragons|10,23,5,7,9",10,David Ulph,9,Corey Johnson,1,2,0,1,1,1.0,2.0
Yorkshire Dragons,"David Ulph, Jordan Whelan, J. Melke, Andreas Lycoudis, Corey Johnson","Yorkshire Dragons|10,23,5,7,9",9,Corey Johnson,5,J. Melke,1,2,0,1,1,1.0,2.0
Bristol Hurricanes,"Daniel Edozie, David Forsyth, Kobe Hill, Denzel Ubiaro, Chris Taylor","Bristol Hurricanes|1,11,2,31,9",31,Denzel Ubiaro,1,Daniel Edozie,1,2,0,1,1,1.0,2.0
Bristol Hurricanes,"Ashley Pearce, Daniel Edozie, Heru Bligen, Vilmantas Dilys, Chris Taylor","Bristol Hurricanes|0,1,33,55,9",9,Chris Taylor,55,Vilmantas Dilys,1,2,0,1,1,1.0,2.0
Yorkshire Dragons,"David Ulph, Jordan Whelan, J. Melke, Andreas Lycoudis, Corey Johnson","Yorkshire Dragons|10,23,5,7,9",7,Andreas Lycoudis,23,Jordan Whelan,1,2,0,1,1,1.0,2.0
Bristol Hurricanes,"Daniel Edozie, Denzel Ubiaro, Heru Bligen, Vilmantas Dilys, Chris Taylor","Bristol Hurricanes|1,31,33,55,9",55,Vilmantas Dilys,31,Denzel Ubiaro,1,2,0,1,1,1.0,2.0
Yorkshire Dragons,"R. Ani, David Ulph, Jordan Whelan, J. Melke, Andreas Lycoudis","Yorkshire Dragons|1,10,23,5,7",7,Andreas Lycoudis,5,J. Melke,1,2,0,1,1,1.0,2.0
Bristol Hurricanes,"Daniel Edozie, Kobe Hill, Denzel Ubiaro, Vilmantas Dilys, Chris Taylor","Bristol Hurricanes|1,2,31,55,9",31,Denzel Ubiaro,55,Vilmantas Dilys,1,2,0,1,1,1.0,2.0
Yorkshire Dragons,"R. Ani, David Ulph, J. Melke, Andreas Lycoudis, Corey Johnson","Yorkshire Dragons|1,10,5,7,9",10,David Ulph,9,Corey Johnson,1,2,0,1,1,1.0,2.0
Bristol Hurricanes,"Daniel Edozie, Kobe Hill, Denzel Ubiaro, Vilmantas Dilys, Chris Taylor","Bristol Hurricanes|1,2,31,55,9",9,Chris Taylor,1,Daniel Edozie,1,2,0,1,1,1.0,2.0
Yorkshire Dragons,"R. Ani, David Ulph, Jordan Whelan, J. Melke, Corey Johnson","Yorkshire Dragons|1,10,23,5,9",9,Corey Johnson,9,Corey Johnson,1,2,0,1,1,1.0,2.0
Yorkshire Dragons,"R. Ani, David Ulph, Jordan Whelan, J. Melke, Corey Johnson","Yorkshire Dragons|1,10,23,5,9",10,David Ulph,23,Jordan Whelan,1,2,0,1,1,1.0,2.0
Bristol Hurricanes,"Daniel Edozie, David Forsyth, Denzel Ubiaro, Heru Bligen, Chris Taylor","Bristol Hurricanes|1,11,31,33,9",11,David Forsyth,1,Daniel Edozie,1,2,0,1,1,1.0,2.0
Bristol Hurricanes,"Daniel Edozie, David Forsyth, Denzel Ubiaro, Heru Bligen, Chris Taylor","Bristol Hurricanes|1,11,31,33,9",1,Daniel Edozie,11,David Forsyth,1,2,0,1,1,1.0,2.0
Bristol Hurricanes,"Daniel Edozie, David Forsyth, Denzel Ubiaro, Heru Bligen, Chris Taylor","Bristol Hurricanes|1,11,31,33,9",31,Denzel Ubiaro,11,David Forsyth,1,2,0,1,1,1.0,2.0
Bristol Hurricanes,"Daniel Edozie, David Forsyth, Denzel Ubiaro, Heru Bligen, Chris Taylor","Bristol Hurricanes|1,11,31,33,9",1,Daniel Edozie,33,Heru Bligen,1,2,0,1,1,1.0,2.0
Yorkshire Dragons,"David Ulph, Jordan Whelan, J. Melke, Andreas Lycoudis, Corey Johnson","Yorkshire Dragons|10,23,5,7,9",7,Andreas Lycoudis,10,David Ulph,1,2,0,1,1,1.0,2.0
Bristol Flyers II,"Lanre Ayinla, Roman Price, Marvin Dinnall, Wickens Simba, Giuseppe Landolfi","Bristol Flyers II|10,11,5,6,7",10,Lanre Ayinla,11,Roman Price,1,2,0,1,1,1.0,2.0
Bristol Flyers II,"Lanre Ayinla, Nikolas Sagkovits, Marvin Dinnall, Wickens Simba, Giuseppe Landolfi","Bristol Flyers II|10,21,5,6,7",6,Wickens Simba,21,Nikolas Sagkovits,1,2,0,1,1,1.0,2.0
Bristol Flyers II,"Yusuf Hafid, Lanre Ayinla, Roman Price, Reggie Eigbe, Nassim Ladjimi","Bristol Flyers II|0,10,11,13,24",13,Reggie Eigbe,11,Roman Price,1,2,0,1,1,1.0,2.0
Bristol Flyers II,"Yusuf Hafid, Lanre Ayinla, Reggie Eigbe, Nikolas Sagkovits, Nassim Ladjimi","Bristol Flyers II|0,10,13,21,24",10,Lanre Ayinla,21,Nikolas Sagkovits,1,2,0,1,1,1.0,2.0
Bristol Flyers II,"Yusuf Hafid, Roman Price, Jack Craggs, Giuseppe Landolfi, Thomas Browne","Bristol Flyers II|0,11,12,7,8",0,Yusuf Hafid,7,Giuseppe Landolfi,1,2,0,1,1,1.0,2.0
Birmingham Rockets,"Orlan Jackman, Zack Powell, Larry Duru, Eric Donaldson, Martyn Gayle","Birmingham Rockets|13,14,16,3,8",8,Martyn Gayle,16,Larry Duru,1,2,0,1,1,1.0,2.0
Birmingham Rockets,"Orlan Jackman, Zack Powell, Larry Duru, Lucas Mcgregor, Martyn Gayle","Birmingham Rockets|13,14,16,6,8",14,Zack Powell,6,Lucas Mcgregor,1,2,0,1,1,1.0,2.0
Birmingham Rockets,"Ronald Blain, Tom Grayling, Zack Powell, Lucas Mcgregor, Martyn Gayle","Birmingham Rockets|0,12,14,6,8",0,Ronald Blain,6,Lucas Mcgregor,1,2,0,1,1,1.0,2.0
Bristol Flyers II,"Yusuf Hafid, Lanre Ayinla, Reggie Eigbe, Nassim Ladjimi, Wickens Simba","Bristol Flyers II|0,10,13,24,6",0,Yusuf Hafid,13,Reggie Eigbe,1,2,0,1,1,1.0,2.0
Bristol Flyers II,"Yusuf Hafid, Reggie Eigbe, Luka Matthews, Wickens Simba, Giuseppe Landolfi","Bristol Flyers II|0,13,4,6,7",13,Reggie Eigbe,6,Wickens Simba,1,2,0,1,1,1.0,2.0
Bristol Flyers II,"Yusuf Hafid, Jack Craggs, Nikolas Sagkovits, Luka Matthews, Giuseppe Landolfi","Bristol Flyers II|0,12,21,4,7",4,Luka Matthews,0,Yusuf Hafid,1,2,0,1,1,1.0,2.0
Birmingham Rockets,"Tom Grayling, Larry Duru, Luke Okosieme, Adrian Mutothori, Faaris Mughaal","Birmingham Rockets|12,16,21,5,7",21,Luke Okosieme,5,Adrian Mutothori,1,2,0,1,1,1.0,2.0
Birmingham Rockets,"Tom Grayling, Larry Duru, Luke Okosieme, Adrian Mutothori, Faaris Mughaal","Birmingham Rockets|12,16,21,5,7",21,Luke Okosieme,12,Tom Grayling,1,2,0,1,1,1.0,2.0
Hemel Storm,"Darien Nelson-Henry, Veron Eze, Brayden Inger, Sam Newman, Jack Burnell","Hemel Storm|10,21,3,4,7",3,Brayden Inger,10,Darien Nelson-Henry,1,2,0,1,1,1.0,2.0
Hemel Storm,"Darien Nelson-Henry, Veron Eze, Brayden Inger, Sam Newman, Jack Burnell","Hemel Storm|10,21,3,4,7",4,Sam Newman,3,Brayden Inger,1,2,0,1,1,1.0,2.0
Hemel Storm,"Darien Nelson-Henry, Di-Jani Parkinson, Brayden Inger, Sam Newman, Jack Burnell","Hemel Storm|10,23,3,4,7",10,Darien Nelson-Henry,3,Brayden Inger,1,2,0,1,1,1.0,2.0
Derby Trailblazers,"Casey Burr, Connor Washington, Robert Marsden, Charlie Brown, Raheem May-Thompson","Derby Trailblazers|0,13,30,4,7",7,Raheem May-Thompson,0,Casey Burr,1,2,0,1,1,1.0,2.0
Derby Trailblazers,"Connor Washington, Jai Pathmarajah, Sean Mo Walker, Robert Marsden, Charlie Brown","Derby Trailblazers|13,22,3,30,4",13,Connor Washington,3,Sean Mo Walker,1,2,0,1,1,1.0,2.0
Derby Trailblazers,"Connor Washington, Elliot Lawrence, Jai Pathmarajah, Robert Marsden, Charlie Brown","Derby Trailblazers|13,14,22,30,4",22,Jai Pathmarajah,30,Robert Marsden,1,2,0,1,1,1.0,2.0
Hemel Storm,"Darien Nelson-Henry, Veron Eze, Di-Jani Parkinson, Sam Newman, Jack Burnell","Hemel Storm|10,21,23,4,7",7,Jack Burnell,10,Darien Nelson-Henry,1,2,0,1,1,1.0,2.0
Derby Trailblazers,"Casey Burr, Connor Washington, Elliot Lawrence, Jai Pathmarajah, Robert Marsden","Derby Trailblazers|0,13,14,22,30",22,Jai Pathmarajah,0,Casey Burr,1,2,0,1,1,1.0,2.0
Hemel Storm,"Veron Eze, Di-Jani Parkinson, Brayden Inger, Sam Newman, Jack Burnell","Hemel Storm|21,23,3,4,7",4,Sam Newman,23,Di-Jani Parkinson,1,2,0,1,1,1.0,2.0
Derby Trailblazers,"Casey Burr, Connor Washington, Robert Marsden, Charlie Brown, Raheem May-Thompson","Derby Trailblazers|0,13,30,4,7",13,Connor Washington,7,Raheem May-Thompson,1,2,0,1,1,1.0,2.0
Derby Trailblazers,"Casey Burr, Connor Washington, Sean Mo Walker, Charlie Brown, Raheem May-Thompson","Derby Trailblazers|0,13,3,4,7",0,Casey Burr,3,Sean Mo Walker,1,2,0,1,1,1.0,2.0
Derby Trailblazers,"Casey Burr, Connor Washington, Sean Mo Walker, Charlie Brown, Raheem May-Thompson","Derby Trailblazers|0,13,3,4,7",3,Sean Mo Walker,0,Casey Burr,1,2,0,1,1,1.0,2.0
Derby Trailblazers,"Casey Burr, Elias Norman, Sean Mo Walker, Raheem May-Thompson, Jack Lemon","Derby Trailblazers|0,12,3,7,9",0,Casey Burr,9,Jack Lemon,1,2,0,1,1,1.0,2.0
Loughborough Riders,"Michael Joiner, Milo Wallace, Jalen Cook, Tomide Akinsuku, Liam Campbell","Loughborough Riders|11,22,31,36,4",22,Milo Wallace,4,Liam Campbell,1,2,0,1,1,1.0,2.0
Newcastle Knights,"Bradley Dean, Sam Trunley, Jaron Thames, Finn Cork, Max Matthews","Newcastle Knights|1,10,11,13,8",10,Sam Trunley,1,Bradley Dean,1,2,0,1,1,1.0,2.0
Loughborough Riders,"Ben Woog, Michael Joiner, Milo Wallace, Jalen Cook, Oscar Curran","Loughborough Riders|10,11,22,31,6",11,Michael Joiner,10,Ben Woog,1,2,0,1,1,1.0,2.0
Loughborough Riders,"Ben Woog, Michael Joiner, Panos Karras, Seth Wylie, Oscar Curran","Loughborough Riders|10,11,15,43,6",15,Panos Karras,10,Ben Woog,1,2,0,1,1,1.0,2.0
Loughborough Riders,"Ben Woog, Michael Joiner, Panos Karras, Seth Wylie, Oscar Curran","Loughborough Riders|10,11,15,43,6",11,Michael Joiner,10,Ben Woog,1,2,0,1,1,1.0,2.0
Newcastle Knights,"Bradley Dean, Sam Trunley, Jaron Thames, Messiah Jones, Max Matthews","Newcastle Knights|1,10,11,5,8",5,Messiah Jones,1,Bradley Dean,1,2,0,1,1,1.0,2.0
Newcastle Knights,"Bradley Dean, Jaron Thames, Hafeez Abdul, Messiah Jones, Max Matthews","Newcastle Knights|1,11,3,5,8",11,Jaron Thames,1,Bradley Dean,1,2,0,1,1,1.0,2.0
Loughborough Riders,"Michael Joiner, Milo Wallace, Jalen Cook, Tomide Akinsuku, Dan Hadley","Loughborough Riders|11,22,31,36,5",31,Jalen Cook,22,Milo Wallace,1,2,0,1,1,1.0,2.0
Loughborough Riders,"Michael Joiner, Panos Karras, Jalen Cook, Tomide Akinsuku, Dan Hadley","Loughborough Riders|11,15,31,36,5",15,Panos Karras,36,Tomide Akinsuku,1,2,0,1,1,1.0,2.0
Loughborough Riders,"Michael Joiner, Panos Karras, Jalen Cook, Tomide Akinsuku, Dan Hadley","Loughborough Riders|11,15,31,36,5",36,Tomide Akinsuku,5,Dan Hadley,1,2,0,1,1,1.0,2.0
Newcastle Knights,"Bradley Dean, Sam Trunley, Jaron Thames, Finn Cork, Max Matthews","Newcastle Knights|1,10,11,13,8",8,Max Matthews,13,Finn Cork,1,2,0,1,1,1.0,2.0
Newcastle Knights,"Bradley Dean, Sam Trunley, Jaron Thames, Messiah Jones, Max Matthews","Newcastle Knights|1,10,11,5,8",11,Jaron Thames,10,Sam Trunley,1,2,0,1,1,1.0,2.0
Loughborough Riders,"Ben Woog, Michael Joiner, Panos Karras, Jalen Cook, Oscar Curran","Loughborough Riders|10,11,15,31,6",6,Oscar Curran,11,Michael Joiner,1,2,0,1,1,1.0,2.0
Loughborough Riders,"Michael Joiner, Milo Wallace, Jalen Cook, Tomide Akinsuku, Dan Hadley","Loughborough Riders|11,22,31,36,5",22,Milo Wallace,36,Tomide Akinsuku,1,2,0,1,1,1.0,2.0
Newcastle Knights,"Sam Trunley, Jaron Thames, Hafeez Abdul, Messiah Jones, Max Matthews","Newcastle Knights|10,11,3,5,8",10,Sam Trunley,5,Messiah Jones,1,2,0,1,1,1.0,2.0
Loughborough Riders,"Michael Joiner, Milo Wallace, Jalen Cook, Tomide Akinsuku, Dan Hadley","Loughborough Riders|11,22,31,36,5",5,Dan Hadley,36,Tomide Akinsuku,1,2,0,1,1,1.0,2.0
Worthing Thunder,"Matthew Bryan-Amaning, Justin Hopkins, Elijah Maynard, Adrian Scarborough, Elliott Dadds","Worthing Thunder|11,15,22,4,7",4,Adrian Scarborough,4,Adrian Scarborough,1,2,0,1,1,1.0,2.0
Reading Rockets,"Ty Nsangu, Jax Bouknight, Eliaz (Zain) Poorman, Victor Olarerin, Simon Chamberlain","Reading Rockets|12,4,6,8,9",12,Ty Nsangu,8,Victor Olarerin,1,2,0,1,1,1.0,2.0
Reading Rockets,"Ty Nsangu, Jax Bouknight, Eliaz (Zain) Poorman, Victor Olarerin, Simon Chamberlain","Reading Rockets|12,4,6,8,9",9,Simon Chamberlain,6,Eliaz (Zain) Poorman,1,2,0,1,1,1.0,2.0
Reading Rockets,"Malik Bryant, Ty Nsangu, Eliaz (Zain) Poorman, Lewis Champion, Victor Olarerin","Reading Rockets|10,12,6,7,8",6,Eliaz (Zain) Poorman,10,Malik Bryant,1,2,0,1,1,1.0,2.0
Reading Rockets,"Malik Bryant, Ty Nsangu, Eliaz (Zain) Poorman, Lewis Champion, Victor Olarerin","Reading Rockets|10,12,6,7,8",8,Victor Olarerin,12,Ty Nsangu,1,2,0,1,1,1.0,2.0
Worthing Thunder,"Danny Evans, Matthew Bryan-Amaning, Justin Hopkins, Bode Adeluola, Elliott Dadds","Worthing Thunder|0,11,15,5,7",7,Elliott Dadds,15,Justin Hopkins,1,2,0,1,1,1.0,2.0
Reading Rockets,"Malik Bryant, Cooper Creek, Jax Bouknight, Victor Olarerin, Simon Chamberlain","Reading Rockets|10,14,4,8,9",14,Cooper Creek,9,Simon Chamberlain,1,2,0,1,1,1.0,2.0
Worthing Thunder,"Danny Evans, Matthew Bryan-Amaning, Justin Hopkins, Adrian Scarborough, Elliott Dadds","Worthing Thunder|0,11,15,4,7",0,Danny Evans,15,Justin Hopkins,1,2,0,1,1,1.0,2.0
Reading Rockets,"Malik Bryant, Cooper Creek, Jax Bouknight, Eliaz (Zain) Poorman, Lewis Champion","Reading Rockets|10,14,4,6,7",14,Cooper Creek,6,Eliaz (Zain) Poorman,1,2,0,1,1,1.0,2.0
Reading Rockets,"Malik Bryant, Cooper Creek, Jax Bouknight, Eliaz (Zain) Poorman, Lewis Champion","Reading Rockets|10,14,4,6,7",10,Malik Bryant,14,Cooper Creek,1,2,0,1,1,1.0,2.0
Worthing Thunder,"Justin Hopkins, Elijah Maynard, Troy Mcindoe, Bode Adeluola, Elliott Dadds","Worthing Thunder|15,22,23,5,7",15,Justin Hopkins,7,Elliott Dadds,1,2,0,1,1,1.0,2.0
Reading Rockets,"Malik Bryant, Cooper Creek, Jax Bouknight, Eliaz (Zain) Poorman, Lewis Champion","Reading Rockets|10,14,4,6,7",4,Jax Bouknight,7,Lewis Champion,1,2,0,1,1,1.0,2.0
Reading Rockets,"Malik Bryant, Cooper Creek, Jax Bouknight, Eliaz (Zain) Poorman, Lewis Champion","Reading Rockets|10,14,4,6,7",7,Lewis Champion,10,Malik Bryant,1,2,0,1,1,1.0,2.0
Reading Rockets,"Malik Bryant, Cooper Creek, Jax Bouknight, Eliaz (Zain) Poorman, Lewis Champion","Reading Rockets|10,14,4,6,7",6,Eliaz (Zain) Poorman,10,Malik Bryant,1,2,0,1,1,1.0,2.0
Worthing Thunder,"Matthew Bryan-Amaning, Justin Hopkins, Elijah Maynard, Adrian Scarborough, Elliott Dadds","Worthing Thunder|11,15,22,4,7",11,Matthew Bryan-Amaning,4,Adrian Scarborough,1,2,0,1,1,1.0,2.0
Reading Rockets,"Malik Bryant, Ty Nsangu, Cooper Creek, Lewis Champion, Victor Olarerin","Reading Rockets|10,12,14,7,8",8,Victor Olarerin,14,Cooper Creek,1,2,0,1,1,1.0,2.0
Reading Rockets,"Malik Bryant, Ty Nsangu, Cooper Creek, Lewis Champion, Victor Olarerin","Reading Rockets|10,12,14,7,8",10,Malik Bryant,8,Victor Olarerin,1,2,0,1,1,1.0,2.0
Worthing Thunder,"Danny Evans, Elijah Maynard, Adrian Scarborough, Bode Adeluola, Elliott Dadds","Worthing Thunder|0,22,4,5,7",5,Bode Adeluola,4,Adrian Scarborough,1,2,0,1,1,1.0,2.0
Reading Rockets,"Malik Bryant, Ty Nsangu, Malachi Hassan-Taylor, Eliaz (Zain) Poorman, Lewis Champion","Reading Rockets|10,12,5,6,7",7,Lewis Champion,12,Ty Nsangu,1,2,0,1,1,1.0,2.0
Worthing Thunder,"Danny Evans, Justin Hopkins, Elijah Maynard, Adrian Scarborough, Bode Adeluola","Worthing Thunder|0,15,22,4,5",0,Danny Evans,4,Adrian Scarborough,1,2,0,1,1,1.0,2.0
Worthing Thunder,"Danny Evans, Matthew Bryan-Amaning, Justin Hopkins, Elijah Maynard, Bode Adeluola","Worthing Thunder|0,11,15,22,5",0,Danny Evans,11,Matthew Bryan-Amaning,1,2,0,1,1,1.0,2.0
Worthing Thunder,"Danny Evans, Matthew Bryan-Amaning, Justin Hopkins, Elijah Maynard, Bode Adeluola","Worthing Thunder|0,11,15,22,5",15,Justin Hopkins,11,Matthew Bryan-Amaning,1,2,0,1,1,1.0,2.0
Bristol Hurricanes,"Daniel Edozie, Denzel Ubiaro, Corey Samuels, Vilmantas Dilys, Chris Taylor","Bristol Hurricanes|1,31,4,55,9",9,Chris Taylor,4,Corey Samuels,1,2,0,1,1,1.0,2.0
London Cavaliers,"Joe Richards, Marquel Beasley, Daniel Braster, Darren Ainembabazi, Aj Roberts","London Cavaliers|11,15,23,3,4",3,Darren Ainembabazi,15,Marquel Beasley,1,2,0,1,1,1.0,2.0
Bristol Hurricanes,"Daniel Edozie, Kobe Hill, Denzel Ubiaro, Corey Samuels, Vilmantas Dilys","Bristol Hurricanes|1,2,31,4,55",55,Vilmantas Dilys,1,Daniel Edozie,1,2,0,1,1,1.0,2.0
Milton Keynes Breakers,"Dashawn Jackson, Ben Baker-Mccann, Xavier Wilson, Jordan Spencer, Chase Thompson","Milton Keynes Breakers|1,11,21,23,8",11,Ben Baker-Mccann,1,Dashawn Jackson,1,2,0,1,1,1.0,2.0
Milton Keynes Breakers,"Dashawn Jackson, Ben Baker-Mccann, Xavier Wilson, Jordan Spencer, Chase Thompson","Milton Keynes Breakers|1,11,21,23,8",21,Xavier Wilson,1,Dashawn Jackson,1,2,0,1,1,1.0,2.0
Milton Keynes Breakers,"Dashawn Jackson, Ben Baker-Mccann, Mike New Jr., Xavier Wilson, Jordan Spencer","Milton Keynes Breakers|1,11,15,21,23",23,Jordan Spencer,11,Ben Baker-Mccann,1,2,0,1,1,1.0,2.0
Loughborough Riders,"Michael Joiner, Jalen Cook, Tomide Akinsuku, Dan Hadley, Callum Keys","Loughborough Riders|11,31,36,5,8",11,Michael Joiner,31,Jalen Cook,1,2,0,1,1,1.0,2.0
Loughborough Riders,"Ben Woog, Michael Joiner, Jalen Cook, Dan Hadley, Callum Keys","Loughborough Riders|10,11,31,5,8",11,Michael Joiner,31,Jalen Cook,1,2,0,1,1,1.0,2.0
Milton Keynes Breakers,"Dashawn Jackson, Ben Baker-Mccann, Mike New Jr., Jordan Spencer, Chase Thompson","Milton Keynes Breakers|1,11,15,23,8",11,Ben Baker-Mccann,15,Mike New Jr.,1,2,0,1,1,1.0,2.0
Milton Keynes Breakers,"Dashawn Jackson, Ben Baker-Mccann, Mike New Jr., Jordan Spencer, Chase Thompson","Milton Keynes Breakers|1,11,15,23,8",15,Mike New Jr.,11,Ben Baker-Mccann,1,2,0,1,1,1.0,2.0
Loughborough Riders,"Michael Joiner, Milo Gordon, Jalen Cook, Tomide Akinsuku, Liam Campbell","Loughborough Riders|11,22,31,36,4",11,Michael Joiner,36,Tomide Akinsuku,1,2,0,1,1,1.0,2.0
Loughborough Riders,"Michael Joiner, Panos Karras, Jalen Cook, Tomide Akinsuku, Liam Campbell","Loughborough Riders|11,15,31,36,4",11,Michael Joiner,36,Tomide Akinsuku,1,2,0,1,1,1.0,2.0
Milton Keynes Breakers,"Dashawn Jackson, Ben Baker-Mccann, Jonas Dietrich, Xavier Wilson, Jordan Spencer","Milton Keynes Breakers|1,11,12,21,23",23,Jordan Spencer,11,Ben Baker-Mccann,1,2,0,1,1,1.0,2.0
Milton Keynes Breakers,"Dashawn Jackson, Ben Baker-Mccann, Xavier Wilson, Jordan Spencer, Chase Thompson","Milton Keynes Breakers|1,11,21,23,8",1,Dashawn Jackson,21,Xavier Wilson,1,2,0,1,1,1.0,2.0
Loughborough Riders,"Johde Campbell, Michael Joiner, Panos Karras, Jalen Cook, Tomide Akinsuku","Loughborough Riders|0,11,15,31,36",0,Johde Campbell,31,Jalen Cook,1,2,0,1,1,1.0,2.0
Milton Keynes Breakers,"Dashawn Jackson, Ben Baker-Mccann, Jonas Dietrich, Mike New Jr., Chase Thompson","Milton Keynes Breakers|1,11,12,15,8",15,Mike New Jr.,8,Chase Thompson,1,2,0,1,1,1.0,2.0
Loughborough Riders,"Johde Campbell, Ben Woog, Michael Joiner, Panos Karras, Jalen Cook","Loughborough Riders|0,10,11,15,31",10,Ben Woog,31,Jalen Cook,1,2,0,1,1,1.0,2.0
Milton Keynes Breakers,"Ben Baker-Mccann, Mike New Jr., Xavier Wilson, Kalvin Oates, Gabriel Formeloza","Milton Keynes Breakers|11,15,21,5,6",21,Xavier Wilson,11,Ben Baker-Mccann,1,2,0,1,1,1.0,2.0
Loughborough Riders,"Ben Woog, Seth Wylie, Dan Hadley, Oscar Curran, Callum Keys","Loughborough Riders|10,43,5,6,8",6,Oscar Curran,10,Ben Woog,1,2,0,1,1,1.0,2.0
Newcastle Knights,"Sam Trunley, Jaron Thames, Mekhi Hendry, Hafeez Abdul, Messiah Jones","Newcastle Knights|10,11,2,3,5",11,Jaron Thames,5,Messiah Jones,1,2,0,1,1,1.0,2.0
Essex Rebels,"Mou Wol-Cummings, Miles Brown, Anthony Idiata-Mendez, Tom Child, Tyreese Hudson","Essex Rebels|0,2,20,22,9",22,Tom Child,20,Anthony Idiata-Mendez,1,2,0,1,1,1.0,2.0
Essex Rebels,"Remy Udeh, Miles Brown, Anthony Idiata-Mendez, Tom Child, Harry Gent","Essex Rebels|14,2,20,22,36",22,Tom Child,20,Anthony Idiata-Mendez,1,2,0,1,1,1.0,2.0
Essex Rebels,"Michael Amako, Kyron Martin, Miles Brown, Anthony Idiata-Mendez, Tom Child","Essex Rebels|1,10,2,20,22",22,Tom Child,20,Anthony Idiata-Mendez,1,2,0,1,1,1.0,2.0
Essex Rebels,"Mou Wol-Cummings, Kyron Martin, Miles Brown, Harry Gent, Tyreese Hudson","Essex Rebels|0,10,2,36,9",0,Mou Wol-Cummings,36,Harry Gent,1,2,0,1,1,1.0,2.0
Reading Rockets,"Malik Bryant, Cooper Creek, Lewis Champion, Victor Olarerin, Simon Chamberlain","Reading Rockets|10,14,7,8,9",7,Lewis Champion,10,Malik Bryant,1,2,0,1,1,1.0,2.0
Nottingham Hoods,"Tyrone Williams, Micah Savery-Richards, Thierry Walker, Elliot Bailey, Sam Akano","Nottingham Hoods|1,14,4,6,7",14,Micah Savery-Richards,7,Sam Akano,1,2,0,1,1,1.0,2.0
Reading Rockets,"Malik Bryant, Ty Nsangu, Cooper Creek, Jax Bouknight, Victor Olarerin","Reading Rockets|10,12,14,4,8",8,Victor Olarerin,8,Victor Olarerin,1,2,0,1,1,1.0,2.0
Reading Rockets,"Malik Bryant, Cooper Creek, Lewis Champion, Victor Olarerin, Simon Chamberlain","Reading Rockets|10,14,7,8,9",7,Lewis Champion,8,Victor Olarerin,1,2,0,1,1,1.0,2.0
Nottingham Hoods,"Tyrone Williams, Byrce Johnson, Thierry Walker, Elliot Bailey, Sam Akano","Nottingham Hoods|1,21,4,6,7",6,Elliot Bailey,21,Byrce Johnson,1,2,0,1,1,1.0,2.0
Reading Rockets,"Malik Bryant, Ty Nsangu, Jax Bouknight, Victor Olarerin, Simon Chamberlain","Reading Rockets|10,12,4,8,9",8,Victor Olarerin,10,Malik Bryant,1,2,0,1,1,1.0,2.0
Reading Rockets,"Malik Bryant, Ty Nsangu, Jax Bouknight, Eliaz (Zain) Poorman, Simon Chamberlain","Reading Rockets|10,12,4,6,9",12,Ty Nsangu,4,Jax Bouknight,1,2,0,1,1,1.0,2.0
Reading Rockets,"Malik Bryant, Ty Nsangu, Eliaz (Zain) Poorman, Lewis Champion, Simon Chamberlain","Reading Rockets|10,12,6,7,9",7,Lewis Champion,10,Malik Bryant,1,2,0,1,1,1.0,2.0
Nottingham Hoods,"Tyrone Williams, Micah Savery-Richards, Byrce Johnson, Elliot Bailey, Sam Akano","Nottingham Hoods|1,14,21,6,7",14,Micah Savery-Richards,7,Sam Akano,1,2,0,1,1,1.0,2.0
Reading Rockets,"Malik Bryant, Ty Nsangu, Eliaz (Zain) Poorman, Lewis Champion, Simon Chamberlain","Reading Rockets|10,12,6,7,9",9,Simon Chamberlain,12,Ty Nsangu,1,2,0,1,1,1.0,2.0
Reading Rockets,"Ty Nsangu, Jax Bouknight, Eliaz (Zain) Poorman, Lewis Champion, Simon Chamberlain","Reading Rockets|12,4,6,7,9",4,Jax Bouknight,12,Ty Nsangu,1,2,0,1,1,1.0,2.0
Nottingham Hoods,"Tyrone Williams, Caiden Ross, Micah Savery-Richards, Elliot Bailey, Sam Akano","Nottingham Hoods|1,10,14,6,7",7,Sam Akano,1,Tyrone Williams,1,2,0,1,1,1.0,2.0
Nottingham Hoods,"Tyrone Williams, Caiden Ross, Micah Savery-Richards, Byrce Johnson, Sam Akano","Nottingham Hoods|1,10,14,21,7",7,Sam Akano,14,Micah Savery-Richards,1,2,0,1,1,1.0,2.0
Reading Rockets,"Malik Bryant, Cooper Creek, Eliaz (Zain) Poorman, Lewis Champion, Victor Olarerin","Reading Rockets|10,14,6,7,8",7,Lewis Champion,10,Malik Bryant,1,2,0,1,1,1.0,2.0
Nottingham Hoods,"Tyrone Williams, Micah Savery-Richards, Byrce Johnson, Shawn Jamison, Aaron Sandu-Nelson","Nottingham Hoods|1,14,21,25,5",1,Tyrone Williams,5,Aaron Sandu-Nelson,1,2,0,1,1,1.0,2.0
Nottingham Hoods,"Tyrone Williams, Micah Savery-Richards, Byrce Johnson, Aaron Sandu-Nelson, Sam Akano","Nottingham Hoods|1,14,21,5,7",7,Sam Akano,1,Tyrone Williams,1,2,0,1,1,1.0,2.0
Hemel Storm,"Darien Nelson-Henry, Taylor Johnson, Brayden Inger, Sam Newman, Jack Burnell","Hemel Storm|10,12,3,4,7",3,Brayden Inger,10,Darien Nelson-Henry,1,2,0,1,1,1.0,2.0
Hemel Storm,"Darien Nelson-Henry, Taylor Johnson, Veron Eze, Di-Jani Parkinson, Brayden Inger","Hemel Storm|10,12,21,23,3",23,Di-Jani Parkinson,12,Taylor Johnson,1,2,0,1,1,1.0,2.0
Bristol Flyers II,"Lanre Ayinla, Reggie Eigbe, Nassim Ladjimi, Marvin Dinnall, Thomas Browne","Bristol Flyers II|10,13,24,5,8",10,Lanre Ayinla,5,Marvin Dinnall,1,2,0,1,1,1.0,2.0
Hemel Storm,"Darien Nelson-Henry, Taylor Johnson, Di-Jani Parkinson, Sam Newman, Jack Burnell","Hemel Storm|10,12,23,4,7",12,Taylor Johnson,10,Darien Nelson-Henry,1,2,0,1,1,1.0,2.0
Hemel Storm,"Darien Nelson-Henry, Taylor Johnson, Di-Jani Parkinson, Sam Newman, Jack Burnell","Hemel Storm|10,12,23,4,7",4,Sam Newman,10,Darien Nelson-Henry,1,2,0,1,1,1.0,2.0
Bristol Flyers II,"Yusuf Hafid, Reggie Eigbe, Marvin Dinnall, Giuseppe Landolfi, Thomas Browne","Bristol Flyers II|0,13,5,7,8",5,Marvin Dinnall,13,Reggie Eigbe,1,2,0,1,1,1.0,2.0
Bristol Flyers II,"Yusuf Hafid, Jack Craggs, Marvin Dinnall, Luka Matthews, Giuseppe Landolfi","Bristol Flyers II|0,12,5,6,7",7,Giuseppe Landolfi,12,Jack Craggs,1,2,0,1,1,1.0,2.0
Bristol Flyers II,"Yusuf Hafid, Lanre Ayinla, Roman Price, Reggie Eigbe, Nassim Ladjimi","Bristol Flyers II|0,10,11,13,24",13,Reggie Eigbe,10,Lanre Ayinla,1,2,0,1,1,1.0,2.0
Bristol Flyers II,"Yusuf Hafid, Lanre Ayinla, Jack Craggs, Thomas Browne, Ashton Dyer","Bristol Flyers II|0,10,12,8,9",0,Yusuf Hafid,10,Lanre Ayinla,1,2,0,1,1,1.0,2.0
Bristol Flyers II,"Yusuf Hafid, Lanre Ayinla, Jack Craggs, Thomas Browne, Ashton Dyer","Bristol Flyers II|0,10,12,8,9",12,Jack Craggs,9,Ashton Dyer,1,2,0,1,1,1.0,2.0
Bristol Flyers II,"Yusuf Hafid, Lanre Ayinla, Roman Price, Thomas Browne, Ashton Dyer","Bristol Flyers II|0,10,11,8,9",0,Yusuf Hafid,9,Ashton Dyer,1,2,0,1,1,1.0,2.0
Hemel Storm,"Taylor Johnson, Veron Eze, Di-Jani Parkinson, Brayden Inger, Jarvis Chater","Hemel Storm|12,21,23,3,8",12,Taylor Johnson,3,Brayden Inger,1,2,0,1,1,1.0,2.0
Hemel Storm,"Taylor Johnson, Veron Eze, Brayden Inger, Jack Burnell, Jarvis Chater","Hemel Storm|12,21,3,7,8",12,Taylor Johnson,7,Jack Burnell,1,2,0,1,1,1.0,2.0
Yorkshire Dragons,"David Ulph, Jordan Whelan, Logan Rooney, J. Melke, Nick Lewis","Yorkshire Dragons|10,23,3,5,93",5,J. Melke,3,Logan Rooney,1,2,0,1,1,1.0,2.0
Birmingham Rockets,"Ronald Blain, Orlan Jackman, Zack Powell, Eric Donaldson, Martyn Gayle","Birmingham Rockets|0,13,14,3,8",13,Orlan Jackman,0,Ronald Blain,1,2,0,1,1,1.0,2.0
Yorkshire Dragons,"R. Ani, David Ulph, Logan Rooney, Andreas Lycoudis, Nick Lewis","Yorkshire Dragons|1,10,3,7,93",1,R. Ani,3,Logan Rooney,1,2,0,1,1,1.0,2.0
Yorkshire Dragons,"R. Ani, David Ulph, Logan Rooney, Andreas Lycoudis, Nick Lewis","Yorkshire Dragons|1,10,3,7,93",7,Andreas Lycoudis,10,David Ulph,1,2,0,1,1,1.0,2.0
Birmingham Rockets,"Ronald Blain, Orlan Jackman, Zack Powell, Eric Donaldson, Martyn Gayle","Birmingham Rockets|0,13,14,3,8",3,Eric Donaldson,13,Orlan Jackman,1,2,0,1,1,1.0,2.0
Birmingham Rockets,"Ronald Blain, Orlan Jackman, Eric Donaldson, Lucas Mcgregor, Martyn Gayle","Birmingham Rockets|0,13,3,6,8",8,Martyn Gayle,13,Orlan Jackman,1,2,0,1,1,1.0,2.0
Yorkshire Dragons,"Eddie Brownell, Jordan Whelan, Logan Rooney, J. Melke, Andreas Lycoudis","Yorkshire Dragons|2,23,3,5,7",7,Andreas Lycoudis,5,J. Melke,1,2,0,1,1,1.0,2.0
Yorkshire Dragons,"R. Ani, David Ulph, Jordan Whelan, J. Melke, Nick Lewis","Yorkshire Dragons|1,10,23,5,93",5,J. Melke,1,R. Ani,1,2,0,1,1,1.0,2.0
Birmingham Rockets,"Ronald Blain, Orlan Jackman, Zack Powell, Eric Donaldson, Martyn Gayle","Birmingham Rockets|0,13,14,3,8",3,Eric Donaldson,0,Ronald Blain,1,2,0,1,1,1.0,2.0
Birmingham Rockets,"Ronald Blain, Orlan Jackman, Eric Donaldson, Philip Basioudis, Martyn Gayle","Birmingham Rockets|0,13,3,5,8",0,Ronald Blain,5,Philip Basioudis,1,2,0,1,1,1.0,2.0
Worthing Thunder,"Danny Evans, Matthew Bryan-Amaning, Justin Hopkins, Elijah Maynard, Bode Adeluola","Worthing Thunder|0,11,15,22,5",5,Bode Adeluola,15,Justin Hopkins,1,2,0,1,1,1.0,2.0
Worthing Thunder,"Danny Evans, Matthew Bryan-Amaning, Elijah Maynard, Bode Adeluola, Elliott Dadds","Worthing Thunder|0,11,22,5,7",0,Danny Evans,22,Elijah Maynard,1,2,0,1,1,1.0,2.0
Worthing Thunder,"Danny Evans, Matthew Bryan-Amaning, Elijah Maynard, Bode Adeluola, Elliott Dadds","Worthing Thunder|0,11,22,5,7",0,Danny Evans,11,Matthew Bryan-Amaning,1,2,0,1,1,1.0,2.0
Newcastle Knights,"Jaron Thames, Noah Saa, Hafeez Abdul, Messiah Jones, Max Matthews","Newcastle Knights|11,14,3,5,8",11,Jaron Thames,5,Messiah Jones,1,2,0,1,1,1.0,2.0
Worthing Thunder,"Matthew Bryan-Amaning, Elijah Maynard, Adrian Scarborough, Bode Adeluola, Elliott Dadds","Worthing Thunder|11,22,4,5,7",11,Matthew Bryan-Amaning,7,Elliott Dadds,1,2,0,1,1,1.0,2.0
Worthing Thunder,"Danny Evans, Justin Hopkins, Adrian Scarborough, Bode Adeluola, Elliott Dadds","Worthing Thunder|0,15,4,5,7",5,Bode Adeluola,4,Adrian Scarborough,1,2,0,1,1,1.0,2.0
Nottingham Hoods,"Tyrone Williams, Micah Savery-Richards, Byrce Johnson, Elliot Bailey, Sam Akano","Nottingham Hoods|1,14,21,6,7",6,Elliot Bailey,1,Tyrone Williams,1,2,0,1,1,1.0,2.0
Nottingham Hoods,"Tyrone Williams, Micah Savery-Richards, Byrce Johnson, Elliot Bailey, Sam Akano","Nottingham Hoods|1,14,21,6,7",1,Tyrone Williams,14,Micah Savery-Richards,1,2,0,1,1,1.0,2.0
Nottingham Hoods,"Tyrone Williams, Micah Savery-Richards, Byrce Johnson, Latrell Maitland, Sam Akano","Nottingham Hoods|1,14,21,23,7",23,Latrell Maitland,21,Byrce Johnson,1,2,0,1,1,1.0,2.0
Nottingham Hoods,"Tyrone Williams, Micah Savery-Richards, Latrell Maitland, Elliot Bailey, Sam Akano","Nottingham Hoods|1,14,23,6,7",14,Micah Savery-Richards,6,Elliot Bailey,1,2,0,1,1,1.0,2.0
Bristol Hurricanes,"David Forsyth, Elvisi Dusha, Denzel Ubiaro, Corey Samuels, Vilmantas Dilys","Bristol Hurricanes|11,12,31,4,55",12,Elvisi Dusha,4,Corey Samuels,1,2,0,1,1,1.0,2.0
Nottingham Hoods,"Tyrone Williams, Byrce Johnson, Latrell Maitland, Elliot Bailey, Sam Akano","Nottingham Hoods|1,21,23,6,7",7,Sam Akano,21,Byrce Johnson,1,2,0,1,1,1.0,2.0
Nottingham Hoods,"Tyrone Williams, Caiden Ross, Byrce Johnson, Thierry Walker, Elliot Bailey","Nottingham Hoods|1,10,21,4,6",1,Tyrone Williams,21,Byrce Johnson,1,2,0,1,1,1.0,2.0
Nottingham Hoods,"Tyrone Williams, Byrce Johnson, Thierry Walker, Elliot Bailey, Sam Akano","Nottingham Hoods|1,21,4,6,7",4,Thierry Walker,21,Byrce Johnson,1,2,0,1,1,1.0,2.0
Bristol Hurricanes,"Daniel Edozie, David Forsyth, Elvisi Dusha, Kobe Hill, Corey Samuels","Bristol Hurricanes|1,11,12,2,4",11,David Forsyth,1,Daniel Edozie,1,2,0,1,1,1.0,2.0
Nottingham Hoods,"Tyrone Williams, Byrce Johnson, Thierry Walker, Elliot Bailey, Sam Akano","Nottingham Hoods|1,21,4,6,7",1,Tyrone Williams,4,Thierry Walker,1,2,0,1,1,1.0,2.0
Bristol Hurricanes,"Daniel Edozie, David Forsyth, Elvisi Dusha, Kobe Hill, Corey Samuels","Bristol Hurricanes|1,11,12,2,4",4,Corey Samuels,1,Daniel Edozie,1,2,0,1,1,1.0,2.0
Nottingham Hoods,"Tyrone Williams, Byrce Johnson, Thierry Walker, Elliot Bailey, Sam Akano","Nottingham Hoods|1,21,4,6,7",21,Byrce Johnson,7,Sam Akano,1,2,0,1,1,1.0,2.0
Bristol Hurricanes,"Daniel Edozie, David Forsyth, Elvisi Dusha, Denzel Ubiaro, Corey Samuels","Bristol Hurricanes|1,11,12,31,4",12,Elvisi Dusha,11,David Forsyth,1,2,0,1,1,1.0,2.0
Nottingham Hoods,"Tyrone Williams, Micah Savery-Richards, Byrce Johnson, Latrell Maitland, Thierry Walker","Nottingham Hoods|1,14,21,23,4",4,Thierry Walker,1,Tyrone Williams,1,2,0,1,1,1.0,2.0
Nottingham Hoods,"Tyrone Williams, Caiden Ross, Micah Savery-Richards, Byrce Johnson, Thierry Walker","Nottingham Hoods|1,10,14,21,4",14,Micah Savery-Richards,1,Tyrone Williams,1,2,0,1,1,1.0,2.0
Nottingham Hoods,"Tyrone Williams, Caiden Ross, Micah Savery-Richards, Byrce Johnson, Shawn Jamison","Nottingham Hoods|1,10,14,21,25",1,Tyrone Williams,25,Shawn Jamison,1,2,0,1,1,1.0,2.0
Nottingham Hoods,"Tyrone Williams, Micah Savery-Richards, Byrce Johnson, Shawn Jamison, Thierry Walker","Nottingham Hoods|1,14,21,25,4",25,Shawn Jamison,1,Tyrone Williams,1,2,0,1,1,1.0,2.0
Nottingham Hoods,"Tyrone Williams, Micah Savery-Richards, Thierry Walker, Elliot Bailey, Sam Akano","Nottingham Hoods|1,14,4,6,7",1,Tyrone Williams,7,Sam Akano,1,2,0,1,1,1.0,2.0
Nottingham Hoods,"Tyrone Williams, Micah Savery-Richards, Thierry Walker, Elliot Bailey, Sam Akano","Nottingham Hoods|1,14,4,6,7",4,Thierry Walker,1,Tyrone Williams,1,2,0,1,1,1.0,2.0
Milton Keynes Breakers,"Ben Baker-Mccann, Jonas Dietrich, Luke Gregory, Xavier Wilson, Jordan Spencer","Milton Keynes Breakers|11,12,13,21,23",23,Jordan Spencer,13,Luke Gregory,1,2,0,1,1,1.0,2.0
Bristol Flyers II,"Jack Craggs, Nikolas Sagkovits, Nassim Ladjimi, Anthony Bhebhe, Ashton Dyer","Bristol Flyers II|12,21,24,4,9",4,Anthony Bhebhe,21,Nikolas Sagkovits,1,2,0,1,1,1.0,2.0
Milton Keynes Breakers,"Dashawn Jackson, Mike New Jr., Xavier Wilson, Jordan Spencer, Blayne Freckleton","Milton Keynes Breakers|1,15,21,23,7",15,Mike New Jr.,21,Xavier Wilson,1,2,0,1,1,1.0,2.0
Milton Keynes Breakers,"Ben Baker-Mccann, Jonas Dietrich, Luke Gregory, Mike New Jr., Jordan Spencer","Milton Keynes Breakers|11,12,13,15,23",12,Jonas Dietrich,13,Luke Gregory,1,2,0,1,1,1.0,2.0
Bristol Flyers II,"Yusuf Hafid, Reggie Eigbe, Marvin Dinnall, Luka Matthews, Giuseppe Landolfi","Bristol Flyers II|0,13,5,6,7",7,Giuseppe Landolfi,5,Marvin Dinnall,1,2,0,1,1,1.0,2.0
Bristol Flyers II,"Jack Craggs, Reggie Eigbe, Anthony Bhebhe, Giuseppe Landolfi, Ashton Dyer","Bristol Flyers II|12,13,4,7,9",9,Ashton Dyer,7,Giuseppe Landolfi,1,2,0,1,1,1.0,2.0
Milton Keynes Breakers,"Kai Williams, Ben Baker-Mccann, Mike New Jr., Kalvin Oates, Blayne Freckleton","Milton Keynes Breakers|0,11,15,5,7",5,Kalvin Oates,15,Mike New Jr.,1,2,0,1,1,1.0,2.0
Milton Keynes Breakers,"Luke Gregory, Mike New Jr., Kalvin Oates, Gabriel Formeloza, Blayne Freckleton","Milton Keynes Breakers|13,15,5,6,7",6,Gabriel Formeloza,15,Mike New Jr.,1,2,0,1,1,1.0,2.0
Milton Keynes Breakers,"Mike New Jr., Xavier Wilson, Jordan Spencer, Kalvin Oates, Gabriel Formeloza","Milton Keynes Breakers|15,21,23,5,6",15,Mike New Jr.,21,Xavier Wilson,1,2,0,1,1,1.0,2.0
Milton Keynes Breakers,"Mike New Jr., Xavier Wilson, Jordan Spencer, Kalvin Oates, Gabriel Formeloza","Milton Keynes Breakers|15,21,23,5,6",5,Kalvin Oates,15,Mike New Jr.,1,2,0,1,1,1.0,2.0
Bristol Flyers II,"Yusuf Hafid, Lanre Ayinla, Reggie Eigbe, Giuseppe Landolfi, Thomas Browne","Bristol Flyers II|0,10,13,7,8",0,Yusuf Hafid,7,Giuseppe Landolfi,1,2,0,1,1,1.0,2.0
Milton Keynes Breakers,"Dashawn Jackson, Xavier Wilson, Jordan Spencer, Kalvin Oates, Gabriel Formeloza","Milton Keynes Breakers|1,21,23,5,6",6,Gabriel Formeloza,23,Jordan Spencer,1,2,0,1,1,1.0,2.0
Birmingham Rockets,"Ronald Blain, Orlan Jackman, Eric Donaldson, Lucas Mcgregor, Faaris Mughaal","Birmingham Rockets|0,13,3,6,7",7,Faaris Mughaal,3,Eric Donaldson,1,2,0,1,1,1.0,2.0
London Cavaliers,"Juan Manning, Joe Richards, Marquel Beasley, Daniel Braster, Aj Roberts","London Cavaliers|10,11,15,23,4",23,Daniel Braster,15,Marquel Beasley,1,2,0,1,1,1.0,2.0
Birmingham Rockets,"Zack Powell, Larry Duru, Lucas Mcgregor, Faaris Mughaal, Martyn Gayle","Birmingham Rockets|14,16,6,7,8",6,Lucas Mcgregor,14,Zack Powell,1,2,0,1,1,1.0,2.0
Birmingham Rockets,"Larry Duru, Eric Donaldson, Lucas Mcgregor, Faaris Mughaal, Martyn Gayle","Birmingham Rockets|16,3,6,7,8",6,Lucas Mcgregor,3,Eric Donaldson,1,2,0,1,1,1.0,2.0
London Cavaliers,"Juan Manning, Joe Richards, Marquel Beasley, Darren Ainembabazi, Omari Pond-Mckenzie","London Cavaliers|10,11,15,3,5",10,Juan Manning,15,Marquel Beasley,1,2,0,1,1,1.0,2.0
Worthing Thunder,"Matthew Bryan-Amaning, Justin Hopkins, Elijah Maynard, Bode Adeluola, Elliott Dadds","Worthing Thunder|11,15,22,5,7",7,Elliott Dadds,22,Elijah Maynard,1,2,0,1,1,1.0,2.0
Loughborough Riders,"Johde Campbell, Ben Woog, Michael Joiner, Milo Gordon, Jalen Cook","Loughborough Riders|0,10,11,22,31",0,Johde Campbell,11,Michael Joiner,1,2,0,1,1,1.0,2.0
Loughborough Riders,"Johde Campbell, Ben Woog, Michael Joiner, Milo Gordon, Jalen Cook","Loughborough Riders|0,10,11,22,31",31,Jalen Cook,22,Milo Gordon,1,2,0,1,1,1.0,2.0
Worthing Thunder,"Danny Evans, Justin Hopkins, Elijah Maynard, Bode Adeluola, Elliott Dadds","Worthing Thunder|0,15,22,5,7",22,Elijah Maynard,15,Justin Hopkins,1,2,0,1,1,1.0,2.0
Worthing Thunder,"Danny Evans, Justin Hopkins, Elijah Maynard, Bode Adeluola, Elliott Dadds","Worthing Thunder|0,15,22,5,7",7,Elliott Dadds,22,Elijah Maynard,1,2,0,1,1,1.0,2.0
Worthing Thunder,"Danny Evans, Matthew Bryan-Amaning, Justin Hopkins, Bode Adeluola, Elliott Dadds","Worthing Thunder|0,11,15,5,7",7,Elliott Dadds,11,Matthew Bryan-Amaning,1,2,0,1,1,1.0,2.0
Loughborough Riders,"Johde Campbell, Ben Woog, Michael Joiner, Milo Gordon, Seth Wylie","Loughborough Riders|0,10,11,22,43",10,Ben Woog,11,Michael Joiner,1,2,0,1,1,1.0,2.0
Worthing Thunder,"Danny Evans, Matthew Bryan-Amaning, Elijah Maynard, Bode Adeluola, Elliott Dadds","Worthing Thunder|0,11,22,5,7",11,Matthew Bryan-Amaning,7,Elliott Dadds,1,2,0,1,1,1.0,2.0
Loughborough Riders,"Johde Campbell, Ben Woog, Michael Joiner, Milo Gordon, Dan Hadley","Loughborough Riders|0,10,11,22,5",0,Johde Campbell,22,Milo Gordon,1,2,0,1,1,1.0,2.0
Loughborough Riders,"Johde Campbell, Ben Woog, Michael Joiner, Milo Gordon, Jalen Cook","Loughborough Riders|0,10,11,22,31",11,Michael Joiner,10,Ben Woog,1,2,0,1,1,1.0,2.0
Worthing Thunder,"Danny Evans, Matthew Bryan-Amaning, Justin Hopkins, Elijah Maynard, Bode Adeluola","Worthing Thunder|0,11,15,22,5",0,Danny Evans,15,Justin Hopkins,1,2,0,1,1,1.0,2.0
Worthing Thunder,"Danny Evans, Matthew Bryan-Amaning, Justin Hopkins, Elijah Maynard, Bode Adeluola","Worthing Thunder|0,11,15,22,5",5,Bode Adeluola,11,Matthew Bryan-Amaning,1,2,0,1,1,1.0,2.0
Hemel Storm,"Darien Nelson-Henry, Taylor Johnson, Brayden Inger, Sam Newman, Jack Burnell","Hemel Storm|10,12,3,4,7",4,Sam Newman,3,Brayden Inger,1,2,0,1,1,1.0,2.0
Essex Rebels,"Kyron Martin, Remy Udeh, Miles Brown, Tom Child, Harry Gent","Essex Rebels|10,14,2,22,36",14,Remy Udeh,22,Tom Child,1,2,0,1,1,1.0,2.0
Essex Rebels,"Mou Wol-Cummings, Remy Udeh, Miles Brown, Tom Child, Harry Gent","Essex Rebels|0,14,2,22,36",0,Mou Wol-Cummings,22,Tom Child,1,2,0,1,1,1.0,2.0
Essex Rebels,"Mou Wol-Cummings, Daniel Johnson-Thompson, Remy Udeh, Miles Brown, Tom Child","Essex Rebels|0,13,14,2,22",22,Tom Child,13,Daniel Johnson-Thompson,1,2,0,1,1,1.0,2.0
Hemel Storm,"Taylor Johnson, Veron Eze, Di-Jani Parkinson, Brayden Inger, Sam Newman","Hemel Storm|12,21,23,3,4",4,Sam Newman,12,Taylor Johnson,1,2,0,1,1,1.0,2.0
Hemel Storm,"Darien Nelson-Henry, Taylor Johnson, Veron Eze, Brayden Inger, Jack Burnell","Hemel Storm|10,12,21,3,7",3,Brayden Inger,10,Darien Nelson-Henry,1,2,0,1,1,1.0,2.0
Hemel Storm,"Darien Nelson-Henry, Taylor Johnson, Di-Jani Parkinson, Brayden Inger, Sam Newman","Hemel Storm|10,12,23,3,4",4,Sam Newman,10,Darien Nelson-Henry,1,2,0,1,1,1.0,2.0
Hemel Storm,"Taylor Johnson, Veron Eze, Di-Jani Parkinson, Brayden Inger, Sam Newman","Hemel Storm|12,21,23,3,4",4,Sam Newman,21,Veron Eze,1,2,0,1,1,1.0,2.0
Hemel Storm,"Darien Nelson-Henry, Taylor Johnson, Veron Eze, Sam Newman, Jack Burnell","Hemel Storm|10,12,21,4,7",4,Sam Newman,10,Darien Nelson-Henry,1,2,0,1,1,1.0,2.0
Hemel Storm,"Taylor Johnson, Veron Eze, Brayden Inger, Sam Newman, Jack Burnell","Hemel Storm|12,21,3,4,7",4,Sam Newman,3,Brayden Inger,1,2,0,1,1,1.0,2.0
Essex Rebels,"Mou Wol-Cummings, Kyron Martin, Miles Brown, Tom Child, Harry Gent","Essex Rebels|0,10,2,22,36",22,Tom Child,2,Miles Brown,1,2,0,1,1,1.0,2.0
Hemel Storm,"Darien Nelson-Henry, Taylor Johnson, Veron Eze, Brayden Inger, Sam Newman","Hemel Storm|10,12,21,3,4",4,Sam Newman,21,Veron Eze,1,2,0,1,1,1.0,2.0
Derby Trailblazers,"Casey Burr, Connor Washington, Jai Pathmarajah, Sean Mo Walker, Robert Marsden","Derby Trailblazers|0,13,22,3,30",3,Sean Mo Walker,30,Robert Marsden,1,2,0,1,1,1.0,2.0
Yorkshire Dragons,"David Ulph, Jordan Whelan, Logan Rooney, J. Melke, Nick Lewis","Yorkshire Dragons|10,23,3,5,93",10,David Ulph,93,Nick Lewis,1,2,0,1,1,1.0,2.0
Yorkshire Dragons,"David Ulph, Jordan Whelan, Logan Rooney, J. Melke, Nick Lewis","Yorkshire Dragons|10,23,3,5,93",93,Nick Lewis,93,Nick Lewis,1,2,0,1,1,1.0,2.0
Derby Trailblazers,"Connor Washington, Jai Pathmarajah, Sean Mo Walker, Robert Marsden, Charlie Brown","Derby Trailblazers|13,22,3,30,4",4,Charlie Brown,30,Robert Marsden,1,2,0,1,1,1.0,2.0
Derby Trailblazers,"Connor Washington, Jai Pathmarajah, Robert Marsden, Charlie Brown, Raheem May-Thompson","Derby Trailblazers|13,22,30,4,7",4,Charlie Brown,30,Robert Marsden,1,2,0,1,1,1.0,2.0
Yorkshire Dragons,"R. Ani, Jordan Whelan, Logan Rooney, J. Melke, Andreas Lycoudis","Yorkshire Dragons|1,23,3,5,7",1,R. Ani,23,Jordan Whelan,1,2,0,1,1,1.0,2.0
Yorkshire Dragons,"R. Ani, David Ulph, Jordan Whelan, J. Melke, Nick Lewis","Yorkshire Dragons|1,10,23,5,93",93,Nick Lewis,10,David Ulph,1,2,0,1,1,1.0,2.0
Yorkshire Dragons,"David Ulph, Jordan Whelan, Logan Rooney, J. Melke, Andreas Lycoudis","Yorkshire Dragons|10,23,3,5,7",3,Logan Rooney,10,David Ulph,1,2,0,1,1,1.0,2.0
Yorkshire Dragons,"David Ulph, Jordan Whelan, Logan Rooney, J. Melke, Andreas Lycoudis","Yorkshire Dragons|10,23,3,5,7",7,Andreas Lycoudis,3,Logan Rooney,1,2,0,1,1,1.0,2.0
Newcastle Knights,"Sam Trunley, Jaron Thames, Mekhi Hendry, Hafeez Abdul, Messiah Jones","Newcastle Knights|10,11,2,3,5",5,Messiah Jones,3,Hafeez Abdul,1,2,0,1,1,1.0,2.0
Derby Trailblazers,"Connor Washington, Jai Pathmarajah, Sean Mo Walker, Robert Marsden, Raheem May-Thompson","Derby Trailblazers|13,22,3,30,7",3,Sean Mo Walker,13,Connor Washington,1,2,0,1,1,1.0,2.0
Derby Trailblazers,"Connor Washington, Jai Pathmarajah, Sean Mo Walker, Robert Marsden, Raheem May-Thompson","Derby Trailblazers|13,22,3,30,7",30,Robert Marsden,7,Raheem May-Thompson,1,2,0,1,1,1.0,2.0
Derby Trailblazers,"Casey Burr, Connor Washington, Jai Pathmarajah, Sean Mo Walker, Raheem May-Thompson","Derby Trailblazers|0,13,22,3,7",0,Casey Burr,7,Raheem May-Thompson,1,2,0,1,1,1.0,2.0
Derby Trailblazers,"Casey Burr, Connor Washington, Jai Pathmarajah, Sean Mo Walker, Raheem May-Thompson","Derby Trailblazers|0,13,22,3,7",7,Raheem May-Thompson,3,Sean Mo Walker,1,2,0,1,1,1.0,2.0
Newcastle Knights,"Sam Trunley, Jaron Thames, Finn Cork, Mekhi Hendry, Hafeez Abdul","Newcastle Knights|10,11,13,2,3",3,Hafeez Abdul,13,Finn Cork,1,2,0,1,1,1.0,2.0
Newcastle Knights,"Sam Trunley, Jaron Thames, Finn Cork, Mekhi Hendry, Hafeez Abdul","Newcastle Knights|10,11,13,2,3",13,Finn Cork,11,Jaron Thames,1,2,0,1,1,1.0,2.0
Newcastle Knights,"Sam Trunley, Jaron Thames, Finn Cork, Mekhi Hendry, Hafeez Abdul","Newcastle Knights|10,11,13,2,3",10,Sam Trunley,13,Finn Cork,1,2,0,1,1,1.0,2.0
Derby Trailblazers,"Casey Burr, Connor Washington, Jai Pathmarajah, Robert Marsden, Raheem May-Thompson","Derby Trailblazers|0,13,22,30,7",13,Connor Washington,22,Jai Pathmarajah,1,2,0,1,1,1.0,2.0
Derby Trailblazers,"Casey Burr, Connor Washington, Jai Pathmarajah, Robert Marsden, Raheem May-Thompson","Derby Trailblazers|0,13,22,30,7",0,Casey Burr,22,Jai Pathmarajah,1,2,0,1,1,1.0,2.0
Derby Trailblazers,"Connor Washington, Jai Pathmarajah, Sean Mo Walker, Robert Marsden, Raheem May-Thompson","Derby Trailblazers|13,22,3,30,7",13,Connor Washington,30,Robert Marsden,1,2,0,1,1,1.0,2.0
Derby Trailblazers,"Casey Burr, Connor Washington, Jai Pathmarajah, Robert Marsden, Raheem May-Thompson","Derby Trailblazers|0,13,22,30,7",22,Jai Pathmarajah,30,Robert Marsden,1,2,0,1,1,1.0,2.0
Derby Trailblazers,"Casey Burr, Connor Washington, Jai Pathmarajah, Robert Marsden, Raheem May-Thompson","Derby Trailblazers|0,13,22,30,7",0,Casey Burr,30,Robert Marsden,1,2,0,1,1,1.0,2.0
Newcastle Knights,"Sam Trunley, Noah Saa, Mekhi Hendry, Hafeez Abdul, Messiah Jones","Newcastle Knights|10,14,2,3,5",10,Sam Trunley,14,Noah Saa,1,2,0,1,1,1.0,2.0
Loughborough Riders,"Johde Campbell, Michael Joiner, Panos Karras, Milo Gordon, Tomide Akinsuku","Loughborough Riders|0,11,15,22,36",36,Tomide Akinsuku,11,Michael Joiner,1,2,0,1,1,1.0,2.0
Bristol Hurricanes,"David Forsyth, Elvisi Dusha, Kobe Hill, Jesse Oyewole, Denzel Ubiaro","Bristol Hurricanes|11,12,2,29,31",12,Elvisi Dusha,29,Jesse Oyewole,1,2,0,1,1,1.0,2.0
Loughborough Riders,"Johde Campbell, Michael Joiner, Jalen Cook, Tomide Akinsuku, Callum Keys","Loughborough Riders|0,11,31,36,8",11,Michael Joiner,0,Johde Campbell,1,2,0,1,1,1.0,2.0
Bristol Hurricanes,"Ashley Pearce, Daniel Edozie, Kobe Hill, Corey Samuels, Vilmantas Dilys","Bristol Hurricanes|0,1,2,4,55",1,Daniel Edozie,55,Vilmantas Dilys,1,2,0,1,1,1.0,2.0
Loughborough Riders,"Johde Campbell, Ben Woog, Panos Karras, Jalen Cook, Callum Keys","Loughborough Riders|0,10,15,31,8",31,Jalen Cook,8,Callum Keys,1,2,0,1,1,1.0,2.0
Bristol Hurricanes,"Elvisi Dusha, Kobe Hill, Denzel Ubiaro, Corey Samuels, Vilmantas Dilys","Bristol Hurricanes|12,2,31,4,55",4,Corey Samuels,55,Vilmantas Dilys,1,2,0,1,1,1.0,2.0
Loughborough Riders,"Johde Campbell, Ben Woog, Michael Joiner, Milo Gordon, Jalen Cook","Loughborough Riders|0,10,11,22,31",31,Jalen Cook,11,Michael Joiner,1,2,0,1,1,1.0,2.0
Reading Rockets,"Malik Bryant, Jax Bouknight, Eliaz (Zain) Poorman, Victor Olarerin, Simon Chamberlain","Reading Rockets|10,4,6,8,9",8,Victor Olarerin,10,Malik Bryant,1,2,0,1,1,1.0,2.0
Yorkshire Dragons,"R. Ani, David Ulph, J. Melke, Andreas Lycoudis, Nick Lewis","Yorkshire Dragons|1,10,5,7,93",5,J. Melke,10,David Ulph,1,2,0,1,1,1.0,2.0
Yorkshire Dragons,"David Ulph, Eddie Brownell, Jordan Whelan, Logan Rooney, Nick Lewis","Yorkshire Dragons|10,2,23,3,93",10,David Ulph,23,Jordan Whelan,1,2,0,1,1,1.0,2.0
Reading Rockets,"Malik Bryant, Ty Nsangu, Jax Bouknight, Victor Olarerin, Simon Chamberlain","Reading Rockets|10,12,4,8,9",8,Victor Olarerin,12,Ty Nsangu,1,2,0,1,1,1.0,2.0
Yorkshire Dragons,"David Ulph, Jordan Whelan, Logan Rooney, Andreas Lycoudis, Nick Lewis","Yorkshire Dragons|10,23,3,7,93",3,Logan Rooney,10,David Ulph,1,2,0,1,1,1.0,2.0
Reading Rockets,"Laquarne Sayles, Cooper Creek, Jax Bouknight, Eliaz (Zain) Poorman, Victor Olarerin","Reading Rockets|11,14,4,6,8",6,Eliaz (Zain) Poorman,8,Victor Olarerin,1,2,0,1,1,1.0,2.0
Yorkshire Dragons,"David Ulph, Jordan Whelan, Logan Rooney, J. Melke, Nick Lewis","Yorkshire Dragons|10,23,3,5,93",10,David Ulph,5,J. Melke,1,2,0,1,1,1.0,2.0
Yorkshire Dragons,"David Ulph, Jordan Whelan, J. Melke, Andreas Lycoudis, Nick Lewis","Yorkshire Dragons|10,23,5,7,93",93,Nick Lewis,23,Jordan Whelan,1,2,0,1,1,1.0,2.0
Reading Rockets,"Malik Bryant, Ty Nsangu, Jax Bouknight, Eliaz (Zain) Poorman, Victor Olarerin","Reading Rockets|10,12,4,6,8",12,Ty Nsangu,8,Victor Olarerin,1,2,0,1,1,1.0,2.0
Yorkshire Dragons,"David Ulph, Jordan Whelan, J. Melke, Andreas Lycoudis, Nick Lewis","Yorkshire Dragons|10,23,5,7,93",93,Nick Lewis,10,David Ulph,1,2,0,1,1,1.0,2.0
Reading Rockets,"Laquarne Sayles, Cooper Creek, Jax Bouknight, Eliaz (Zain) Poorman, Victor Olarerin","Reading Rockets|11,14,4,6,8",8,Victor Olarerin,14,Cooper Creek,1,2,0,1,1,1.0,2.0
Bristol Flyers II,"Yusuf Hafid, Lanre Ayinla, Roman Price, Reggie Eigbe, Nassim Ladjimi","Bristol Flyers II|0,10,11,13,24",11,Roman Price,13,Reggie Eigbe,1,2,0,1,1,1.0,2.0
London Cavaliers,"Joe Richards, Mekhi Collins, Marquel Beasley, Darren Ainembabazi, Aj Roberts","London Cavaliers|11,13,15,3,4",4,Aj Roberts,15,Marquel Beasley,1,2,0,1,1,1.0,2.0
London Cavaliers,"Juan Manning, Joe Richards, Mekhi Collins, Daniel Braster, Omari Pond-Mckenzie","London Cavaliers|10,11,13,23,5",23,Daniel Braster,5,Omari Pond-Mckenzie,1,2,0,1,1,1.0,2.0
London Cavaliers,"Juan Manning, Joe Richards, Mekhi Collins, Daniel Braster, Omari Pond-Mckenzie","London Cavaliers|10,11,13,23,5",23,Daniel Braster,13,Mekhi Collins,1,2,0,1,1,1.0,2.0
Bristol Flyers II,"Lanre Ayinla, Reggie Eigbe, Nassim Ladjimi, Marvin Dinnall, Giuseppe Landolfi","Bristol Flyers II|10,13,24,5,7",10,Lanre Ayinla,13,Reggie Eigbe,1,2,0,1,1,1.0,2.0
Bristol Flyers II,"Jack Craggs, Anthony Bhebhe, Luka Matthews, Giuseppe Landolfi, Ashton Dyer","Bristol Flyers II|12,4,6,7,9",9,Ashton Dyer,12,Jack Craggs,1,2,0,1,1,1.0,2.0
Bristol Flyers II,"Jack Craggs, Anthony Bhebhe, Luka Matthews, Giuseppe Landolfi, Ashton Dyer","Bristol Flyers II|12,4,6,7,9",9,Ashton Dyer,7,Giuseppe Landolfi,1,2,0,1,1,1.0,2.0
Bristol Flyers II,"Jack Craggs, Anthony Bhebhe, Luka Matthews, Giuseppe Landolfi, Ashton Dyer","Bristol Flyers II|12,4,6,7,9",12,Jack Craggs,6,Luka Matthews,1,2,0,1,1,1.0,2.0
London Cavaliers,"Joe Richards, Daniel Braster, Darren Ainembabazi, Aj Roberts, Omari Pond-Mckenzie","London Cavaliers|11,23,3,4,5",5,Omari Pond-Mckenzie,23,Daniel Braster,1,2,0,1,1,1.0,2.0
Bristol Flyers II,"Yusuf Hafid, Lanre Ayinla, Reggie Eigbe, Nassim Ladjimi, Giuseppe Landolfi","Bristol Flyers II|0,10,13,24,7",0,Yusuf Hafid,10,Lanre Ayinla,1,2,0,1,1,1.0,2.0
London Cavaliers,"Juan Manning, Mekhi Collins, Marquel Beasley, Darren Ainembabazi, Aj Roberts","London Cavaliers|10,13,15,3,4",10,Juan Manning,3,Darren Ainembabazi,1,2,0,1,1,1.0,2.0
Essex Rebels,"Kyron Martin, Remy Udeh, Miles Brown, Tom Child, Harry Gent","Essex Rebels|10,14,2,22,36",10,Kyron Martin,14,Remy Udeh,1,2,0,1,1,1.0,2.0
Essex Rebels,"Mou Wol-Cummings, Daniel Johnson-Thompson, Remy Udeh, Miles Brown, Tom Child","Essex Rebels|0,13,14,2,22",22,Tom Child,2,Miles Brown,1,2,0,1,1,1.0,2.0
Nottingham Hoods,"Tyrone Williams, Jani Griffith, Byrce Johnson, Sam Akano, Micah Savery-Richards","Nottingham Hoods|0,15,25,7,8",7,Sam Akano,15,Jani Griffith,1,2,0,1,1,1.0,2.0
Nottingham Hoods,"Tyrone Williams, Jani Griffith, Byrce Johnson, Sam Akano, Micah Savery-Richards","Nottingham Hoods|0,15,25,7,8",7,Sam Akano,0,Tyrone Williams,1,2,0,1,1,1.0,2.0
Essex Rebels,"Mou Wol-Cummings, Miles Brown, Anthony Idiata-Mendez, Tom Child, Tyreese Hudson","Essex Rebels|0,2,20,22,9",22,Tom Child,9,Tyreese Hudson,1,2,0,1,1,1.0,2.0
Nottingham Hoods,"Tyrone Williams, Jani Griffith, Thierry Walker, Elliot Bailey, Sam Akano","Nottingham Hoods|0,15,4,6,7",4,Thierry Walker,7,Sam Akano,1,2,0,1,1,1.0,2.0
Essex Rebels,"Kyron Martin, Daniel Johnson-Thompson, Remy Udeh, Miles Brown, Tom Child","Essex Rebels|10,13,14,2,22",10,Kyron Martin,13,Daniel Johnson-Thompson,1,2,0,1,1,1.0,2.0
Nottingham Hoods,"Tyrone Williams, Byrce Johnson, Elliot Bailey, Sam Akano, Micah Savery-Richards","Nottingham Hoods|0,25,6,7,8",8,Micah Savery-Richards,25,Byrce Johnson,1,2,0,1,1,1.0,2.0
Essex Rebels,"Mou Wol-Cummings, Miles Brown, Anthony Idiata-Mendez, Tom Child, Tyreese Hudson","Essex Rebels|0,2,20,22,9",2,Miles Brown,9,Tyreese Hudson,1,2,0,1,1,1.0,2.0
Nottingham Hoods,"Tyrone Williams, Jani Griffith, Byrce Johnson, Thierry Walker, Sam Akano","Nottingham Hoods|0,15,25,4,7",0,Tyrone Williams,15,Jani Griffith,1,2,0,1,1,1.0,2.0
Nottingham Hoods,"Tyrone Williams, Jani Griffith, Byrce Johnson, Sam Akano, Micah Savery-Richards","Nottingham Hoods|0,15,25,7,8",25,Byrce Johnson,0,Tyrone Williams,1,2,0,1,1,1.0,2.0
Reading Rockets,"Malik Bryant, Cooper Creek, Jax Bouknight, Eliaz (Zain) Poorman, Simon Chamberlain","Reading Rockets|10,14,4,6,9",4,Jax Bouknight,14,Cooper Creek,1,2,0,1,1,1.0,2.0
Newcastle Knights,"Bradley Dean, Sam Trunley, Jaron Thames, Messiah Jones, Theo Riley","Newcastle Knights|1,10,11,5,9",10,Sam Trunley,1,Bradley Dean,1,2,0,1,1,1.0,2.0
Reading Rockets,"Malik Bryant, Jax Bouknight, Eliaz (Zain) Poorman, Victor Olarerin, Simon Chamberlain","Reading Rockets|10,4,6,8,9",4,Jax Bouknight,6,Eliaz (Zain) Poorman,1,2,0,1,1,1.0,2.0
Reading Rockets,"La'quarne Sayles, Ty Nsangu, Cooper Creek, Jax Bouknight, Victor Olarerin","Reading Rockets|11,12,14,4,8",4,Jax Bouknight,12,Ty Nsangu,1,2,0,1,1,1.0,2.0
Reading Rockets,"Malik Bryant, La'quarne Sayles, Ty Nsangu, Eliaz (Zain) Poorman, Victor Olarerin","Reading Rockets|10,11,12,6,8",6,Eliaz (Zain) Poorman,10,Malik Bryant,1,2,0,1,1,1.0,2.0
Reading Rockets,"Malik Bryant, La'quarne Sayles, Ty Nsangu, Eliaz (Zain) Poorman, Victor Olarerin","Reading Rockets|10,11,12,6,8",10,Malik Bryant,8,Victor Olarerin,1,2,0,1,1,1.0,2.0
Reading Rockets,"Malik Bryant, Jax Bouknight, Eliaz (Zain) Poorman, Victor Olarerin, Simon Chamberlain","Reading Rockets|10,4,6,8,9",8,Victor Olarerin,4,Jax Bouknight,1,2,0,1,1,1.0,2.0
Reading Rockets,"Malik Bryant, Cooper Creek, Eliaz (Zain) Poorman, Victor Olarerin, Simon Chamberlain","Reading Rockets|10,14,6,8,9",14,Cooper Creek,10,Malik Bryant,1,2,0,1,1,1.0,2.0
Newcastle Knights,"Bradley Dean, Sam Trunley, Jaron Thames, Hafeez Abdul, Theo Riley","Newcastle Knights|1,10,11,3,9",9,Theo Riley,11,Jaron Thames,1,2,0,1,1,1.0,2.0
Worthing Thunder,"Danny Evans, Matthew Bryan-Amaning, Justin Hopkins, Elijah Maynard, Elliott Dadds","Worthing Thunder|0,11,15,22,7",11,Matthew Bryan-Amaning,15,Justin Hopkins,1,2,0,1,1,1.0,2.0
Milton Keynes Breakers,"Dashawn Jackson, Ben Baker-Mccann, Mike New Jr., Xavier Wilson, Blayne Freckleton","Milton Keynes Breakers|1,11,15,21,7",11,Ben Baker-Mccann,21,Xavier Wilson,1,2,0,1,1,1.0,2.0
Worthing Thunder,"Danny Evans, Matthew Bryan-Amaning, Jonathan Lashley, Bode Adeluola, Elliott Dadds","Worthing Thunder|0,11,35,5,7",7,Elliott Dadds,5,Bode Adeluola,1,2,0,1,1,1.0,2.0
Milton Keynes Breakers,"Jonas Dietrich, Mike New Jr., Xavier Wilson, Jordan Spencer, Blayne Freckleton","Milton Keynes Breakers|12,15,21,23,7",21,Xavier Wilson,15,Mike New Jr.,1,2,0,1,1,1.0,2.0
Milton Keynes Breakers,"Jonas Dietrich, Mike New Jr., Xavier Wilson, Jordan Spencer, Blayne Freckleton","Milton Keynes Breakers|12,15,21,23,7",23,Jordan Spencer,21,Xavier Wilson,1,2,0,1,1,1.0,2.0
Worthing Thunder,"Danny Evans, Justin Hopkins, Elijah Maynard, Jonathan Lashley, Bode Adeluola","Worthing Thunder|0,15,22,35,5",22,Elijah Maynard,15,Justin Hopkins,1,2,0,1,1,1.0,2.0
Milton Keynes Breakers,"Dashawn Jackson, Ben Baker-Mccann, Luke Gregory, Mike New Jr., Jordan Spencer","Milton Keynes Breakers|1,11,13,15,23",23,Jordan Spencer,13,Luke Gregory,1,2,0,1,1,1.0,2.0
Worthing Thunder,"Danny Evans, Justin Hopkins, Elijah Maynard, Jonathan Lashley, Bode Adeluola","Worthing Thunder|0,15,22,35,5",5,Bode Adeluola,15,Justin Hopkins,1,2,0,1,1,1.0,2.0
Worthing Thunder,"Danny Evans, Justin Hopkins, Elijah Maynard, Jonathan Lashley, Bode Adeluola","Worthing Thunder|0,15,22,35,5",0,Danny Evans,22,Elijah Maynard,1,2,0,1,1,1.0,2.0
Worthing Thunder,"Danny Evans, Justin Hopkins, Elijah Maynard, Jonathan Lashley, Elliott Dadds","Worthing Thunder|0,15,22,35,7",7,Elliott Dadds,35,Jonathan Lashley,1,2,0,1,1,1.0,2.0
Milton Keynes Breakers,"Jonas Dietrich, Mike New Jr., Jordan Spencer, Blayne Freckleton, Chase Thompson","Milton Keynes Breakers|12,15,23,7,8",23,Jordan Spencer,15,Mike New Jr.,1,2,0,1,1,1.0,2.0
Worthing Thunder,"Danny Evans, Justin Hopkins, Elijah Maynard, Jonathan Lashley, Bode Adeluola","Worthing Thunder|0,15,22,35,5",35,Jonathan Lashley,22,Elijah Maynard,1,2,0,1,1,1.0,2.0
Milton Keynes Breakers,"Jonas Dietrich, Mike New Jr., Kalvin Oates, Blayne Freckleton, Chase Thompson","Milton Keynes Breakers|12,15,5,7,8",15,Mike New Jr.,8,Chase Thompson,1,2,0,1,1,1.0,2.0
Nottingham Hoods,"Tyrone Williams, Byrce Johnson, Thierry Walker, Sam Akano, Micah Savery-Richards","Nottingham Hoods|0,25,4,7,8",0,Tyrone Williams,8,Micah Savery-Richards,1,2,0,1,1,1.0,2.0
Nottingham Hoods,"Tyrone Williams, Jani Griffiths, Byrce Johnson, Sam Akano, Micah Savery-Richards","Nottingham Hoods|0,15,25,7,8",0,Tyrone Williams,15,Jani Griffiths,1,2,0,1,1,1.0,2.0
Nottingham Hoods,"Tyrone Williams, Jani Griffiths, Thierry Walker, Elliot Bailey, Sam Akano","Nottingham Hoods|0,15,4,6,7",7,Sam Akano,15,Jani Griffiths,1,2,0,1,1,1.0,2.0
Newcastle Knights,"Bradley Dean, Sam Trunley, Jaron Thames, Finn Cork, Hafeez Abdul","Newcastle Knights|1,10,11,13,3",11,Jaron Thames,1,Bradley Dean,1,2,0,1,1,1.0,2.0
Nottingham Hoods,"Tyrone Williams, Jani Griffiths, Thierry Walker, Elliot Bailey, Sam Akano","Nottingham Hoods|0,15,4,6,7",15,Jani Griffiths,0,Tyrone Williams,1,2,0,1,1,1.0,2.0
Newcastle Knights,"Bradley Dean, Jaron Thames, Finn Cork, Hafeez Abdul, Max Matthews","Newcastle Knights|1,11,13,3,8",11,Jaron Thames,13,Finn Cork,1,2,0,1,1,1.0,2.0
Newcastle Knights,"Jaron Thames, Finn Cork, Mekhi Hendry, Hafeez Abdul, Max Matthews","Newcastle Knights|11,13,2,3,8",11,Jaron Thames,13,Finn Cork,1,2,0,1,1,1.0,2.0
Nottingham Hoods,"Tyrone Williams, Byrce Johnson, Thierry Walker, Latrell Maitland, Micah Savery-Richards","Nottingham Hoods|0,25,4,55,8",55,Latrell Maitland,4,Thierry Walker,1,2,0,1,1,1.0,2.0
Nottingham Hoods,"Tyrone Williams, Byrce Johnson, Latrell Maitland, Sam Akano, Micah Savery-Richards","Nottingham Hoods|0,25,55,7,8",25,Byrce Johnson,8,Micah Savery-Richards,1,2,0,1,1,1.0,2.0
Newcastle Knights,"Bradley Dean, Jaron Thames, Noah Saa, Mekhi Hendry, Messiah Jones","Newcastle Knights|1,11,14,2,5",5,Messiah Jones,1,Bradley Dean,1,2,0,1,1,1.0,2.0
Nottingham Hoods,"Tyrone Williams, Byrce Johnson, Thierry Walker, Elliot Bailey, Sam Akano","Nottingham Hoods|0,25,4,6,7",25,Byrce Johnson,6,Elliot Bailey,1,2,0,1,1,1.0,2.0
Newcastle Knights,"Bradley Dean, Sam Trunley, Jaron Thames, Hafeez Abdul, Messiah Jones","Newcastle Knights|1,10,11,3,5",3,Hafeez Abdul,11,Jaron Thames,1,2,0,1,1,1.0,2.0
Bristol Flyers II,"Yusuf Hafid, Lanre Ayinla, Reggie Eigbe, Nikolas Sagkovits, Giuseppe Landolfi","Bristol Flyers II|0,10,13,21,7",0,Yusuf Hafid,10,Lanre Ayinla,1,2,0,1,1,1.0,2.0
Bristol Flyers II,"Yusuf Hafid, Lanre Ayinla, Jack Craggs, Nikolas Sagkovits, Giuseppe Landolfi","Bristol Flyers II|0,10,12,21,7",21,Nikolas Sagkovits,12,Jack Craggs,1,2,0,1,1,1.0,2.0
Essex Rebels,"Mou Wol-Cummings, Michael Amako, Daniel Johnson-Thompson, Miles Brown, Anthony Idiata-Mendez","Essex Rebels|0,1,13,2,20",2,Miles Brown,1,Michael Amako,1,2,0,1,1,1.0,2.0
Essex Rebels,"Mou Wol-Cummings, Michael Amako, Remy Udeh, Miles Brown, Tyreese Hudson","Essex Rebels|0,1,14,2,9",2,Miles Brown,14,Remy Udeh,1,2,0,1,1,1.0,2.0
Bristol Flyers II,"Lanre Ayinla, Roman Price, Reggie Eigbe, Marvin Dinnall, Giuseppe Landolfi","Bristol Flyers II|10,11,13,5,7",7,Giuseppe Landolfi,13,Reggie Eigbe,1,2,0,1,1,1.0,2.0
Bristol Flyers II,"Lanre Ayinla, Roman Price, Marvin Dinnall, Ebuka Ekwegh, Giuseppe Landolfi","Bristol Flyers II|10,11,5,6,7",6,Ebuka Ekwegh,10,Lanre Ayinla,1,2,0,1,1,1.0,2.0
Bristol Flyers II,"Yusuf Hafid, Lanre Ayinla, Reggie Eigbe, Nassim Ladjimi, Giuseppe Landolfi","Bristol Flyers II|0,10,13,24,7",0,Yusuf Hafid,13,Reggie Eigbe,1,2,0,1,1,1.0,2.0
Essex Rebels,"Kyron Martin, Miles Brown, Tom Child, Harry Gent, Tyreese Hudson","Essex Rebels|10,2,22,36,9",10,Kyron Martin,2,Miles Brown,1,2,0,1,1,1.0,2.0
Essex Rebels,"Kyron Martin, Miles Brown, Tom Child, Harry Gent, Tyreese Hudson","Essex Rebels|10,2,22,36,9",36,Harry Gent,9,Tyreese Hudson,1,2,0,1,1,1.0,2.0
Derby Trailblazers,"Casey Burr, Connor Washington, Jai Pathmarajah, Sean Mo Walker, Raheem May-Thompson","Derby Trailblazers|0,13,22,3,7",13,Connor Washington,3,Sean Mo Walker,1,2,0,1,1,1.0,2.0
Milton Keynes Breakers,"Dashawn Jackson, Xavier Wilson, Jordan Spencer, Blayne Freckleton, Chase Thompson","Milton Keynes Breakers|1,21,23,7,8",1,Dashawn Jackson,23,Jordan Spencer,1,2,0,1,1,1.0,2.0
Milton Keynes Breakers,"Ben Baker-Mccann, Luke Gregory, Jordan Spencer, Blayne Freckleton, Chase Thompson","Milton Keynes Breakers|11,13,23,7,8",8,Chase Thompson,13,Luke Gregory,1,2,0,1,1,1.0,2.0
Milton Keynes Breakers,"Ben Baker-Mccann, Jonas Dietrich, Mike New Jr., Xavier Wilson, Jordan Spencer","Milton Keynes Breakers|11,12,15,21,23",21,Xavier Wilson,15,Mike New Jr.,1,2,0,1,1,1.0,2.0
Milton Keynes Breakers,"Dashawn Jackson, Jonas Dietrich, Luke Gregory, Blayne Freckleton, Chase Thompson","Milton Keynes Breakers|1,12,13,7,8",7,Blayne Freckleton,1,Dashawn Jackson,1,2,0,1,1,1.0,2.0
Derby Trailblazers,"Casey Burr, Connor Washington, Jai Pathmarajah, Sean Mo Walker, Robert Marsden","Derby Trailblazers|0,13,22,3,30",3,Sean Mo Walker,0,Casey Burr,1,2,0,1,1,1.0,2.0
Milton Keynes Breakers,"Kai Williams, Jonas Dietrich, Mike New Jr., Jordan Spencer, Blayne Freckleton","Milton Keynes Breakers|0,12,15,23,7",23,Jordan Spencer,0,Kai Williams,1,2,0,1,1,1.0,2.0
Milton Keynes Breakers,"Kai Williams, Jonas Dietrich, Mike New Jr., Jordan Spencer, Blayne Freckleton","Milton Keynes Breakers|0,12,15,23,7",7,Blayne Freckleton,23,Jordan Spencer,1,2,0,1,1,1.0,2.0
Derby Trailblazers,"Casey Burr, Elias Norman, Connor Washington, Sean Mo Walker, Raheem May-Thompson","Derby Trailblazers|0,12,13,3,7",12,Elias Norman,7,Raheem May-Thompson,1,2,0,1,1,1.0,2.0
Derby Trailblazers,"Casey Burr, Elias Norman, Connor Washington, Elliot Lawrence, George Pastor","Derby Trailblazers|0,12,13,14,5",5,George Pastor,14,Elliot Lawrence,1,2,0,1,1,1.0,2.0
Yorkshire Dragons,"David Ulph, Jordan Whelan, Logan Rooney, J. Melke, Nick Lewis","Yorkshire Dragons|10,23,3,5,93",23,Jordan Whelan,10,David Ulph,1,2,0,1,1,1.0,2.0
Yorkshire Dragons,"David Ulph, Logan Rooney, J. Melke, Andreas Lycoudis, Corey Johnson","Yorkshire Dragons|10,3,5,7,9",3,Logan Rooney,9,Corey Johnson,1,2,0,1,1,1.0,2.0
Yorkshire Dragons,"David Ulph, Logan Rooney, J. Melke, Andreas Lycoudis, Corey Johnson","Yorkshire Dragons|10,3,5,7,9",7,Andreas Lycoudis,3,Logan Rooney,1,2,0,1,1,1.0,2.0
London Cavaliers,"Juan Manning, Mekhi Collins, Marquel Beasley, Daniel Braster, Aaron Pyne","London Cavaliers|10,13,15,23,7",13,Mekhi Collins,23,Daniel Braster,1,2,0,1,1,1.0,2.0
London Cavaliers,"Juan Manning, Joe Richards, Daniel Braster, Darren Ainembabazi, Aj Roberts","London Cavaliers|10,11,23,3,4",4,Aj Roberts,23,Daniel Braster,1,2,0,1,1,1.0,2.0
Yorkshire Dragons,"R. Ani, Jordan Whelan, J. Melke, Corey Johnson, Nick Lewis","Yorkshire Dragons|1,23,5,9,93",1,R. Ani,93,Nick Lewis,1,2,0,1,1,1.0,2.0
London Cavaliers,"Juan Manning, Joe Richards, Daniel Braster, Darren Ainembabazi, Aj Roberts","London Cavaliers|10,11,23,3,4",11,Joe Richards,4,Aj Roberts,1,2,0,1,1,1.0,2.0
Yorkshire Dragons,"David Ulph, Jordan Whelan, J. Melke, Corey Johnson, Nick Lewis","Yorkshire Dragons|10,23,5,9,93",9,Corey Johnson,10,David Ulph,1,2,0,1,1,1.0,2.0
Yorkshire Dragons,"R. Ani, David Ulph, J. Melke, Andreas Lycoudis, Corey Johnson","Yorkshire Dragons|1,10,5,7,9",7,Andreas Lycoudis,10,David Ulph,1,2,0,1,1,1.0,2.0
Yorkshire Dragons,"R. Ani, David Ulph, Jordan Whelan, J. Melke, Nick Lewis","Yorkshire Dragons|1,10,23,5,93",1,R. Ani,93,Nick Lewis,1,2,0,1,1,1.0,2.0
London Cavaliers,"Juan Manning, Joe Richards, Mekhi Collins, Marquel Beasley, Aj Roberts","London Cavaliers|10,11,13,15,4",4,Aj Roberts,13,Mekhi Collins,1,2,0,1,1,1.0,2.0
London Cavaliers,"Juan Manning, Joe Richards, Mekhi Collins, Darren Ainembabazi, Aj Roberts","London Cavaliers|10,11,13,3,4",3,Darren Ainembabazi,11,Joe Richards,1,2,0,1,1,1.0,2.0
Loughborough Riders,"Johde Campbell, Michael Joiner, Panos Karras, Tomide Akinsuku, Callum Keys","Loughborough Riders|0,11,15,36,8",15,Panos Karras,11,Michael Joiner,1,2,0,1,1,1.0,2.0
Loughborough Riders,"Johde Campbell, Michael Joiner, Panos Karras, Tomide Akinsuku, Callum Keys","Loughborough Riders|0,11,15,36,8",15,Panos Karras,8,Callum Keys,1,2,0,1,1,1.0,2.0
Loughborough Riders,"Johde Campbell, Tomide Akinsuku, Seth Wylie, Oscar Curran, Callum Keys","Loughborough Riders|0,36,43,6,8",22,Milo Gordon,0,Johde Campbell,1,2,0,1,1,1.0,2.0
Loughborough Riders,"Milo Gordon, Jalen Cook, Tomide Akinsuku, Seth Wylie, Oscar Curran","Loughborough Riders|22,31,36,43,6",22,Milo Gordon,31,Jalen Cook,1,2,0,1,1,1.0,2.0
Loughborough Riders,"Johde Campbell, Ben Woog, Michael Joiner, Seth Wylie, Callum Keys","Loughborough Riders|0,10,11,43,8",10,Ben Woog,11,Michael Joiner,1,2,0,1,1,1.0,2.0
Loughborough Riders,"Johde Campbell, Michael Joiner, Milo Gordon, Liam Campbell, Seth Wylie","Loughborough Riders|0,11,22,4,43",11,Michael Joiner,4,Liam Campbell,1,2,0,1,1,1.0,2.0
Birmingham Rockets,"Ronald Blain, Orlan Jackman, Zack Powell, Eric Donaldson, Faaris Mughaal","Birmingham Rockets|0,13,14,3,7",3,Eric Donaldson,13,Orlan Jackman,1,2,0,1,1,1.0,2.0
Birmingham Rockets,"Ronald Blain, Orlan Jackman, Larry Duru, Faaris Mughaal, Martyn Gayle","Birmingham Rockets|0,13,16,7,8",0,Ronald Blain,16,Larry Duru,1,2,0,1,1,1.0,2.0
Birmingham Rockets,"Ronald Blain, Orlan Jackman, Larry Duru, Faaris Mughaal, Martyn Gayle","Birmingham Rockets|0,13,16,7,8",13,Orlan Jackman,16,Larry Duru,1,2,0,1,1,1.0,2.0
Loughborough Riders,"Johde Campbell, Ben Woog, Michael Joiner, Liam Campbell, Seth Wylie","Loughborough Riders|0,10,11,4,43",43,Seth Wylie,4,Liam Campbell,1,2,0,1,1,1.0,2.0
Loughborough Riders,"Ben Woog, Michael Joiner, Liam Campbell, Seth Wylie, Dan Hadley","Loughborough Riders|10,11,4,43,5",5,Dan Hadley,10,Ben Woog,1,2,0,1,1,1.0,2.0
Birmingham Rockets,"Ronald Blain, Orlan Jackman, Eric Donaldson, Lucas Mcgregor, Martyn Gayle","Birmingham Rockets|0,13,3,6,8",3,Eric Donaldson,6,Lucas Mcgregor,1,2,0,1,1,1.0,2.0
Birmingham Rockets,"Philip Basioudis, Tom Grayling, Eric Donaldson, Lucas Mcgregor, Martyn Gayle","Birmingham Rockets|1,12,3,6,8",1,Philip Basioudis,3,Eric Donaldson,1,2,0,1,1,1.0,2.0
Bristol Hurricanes,"Daniel Edozie, Kobe Hill, Jesse Oyewole, Corey Samuels, Vilmantas Dilys","Bristol Hurricanes|1,2,29,4,55",2,Kobe Hill,1,Daniel Edozie,1,2,0,1,1,1.0,2.0
Bristol Hurricanes,"Daniel Edozie, David Forsyth, Kobe Hill, Jesse Oyewole, Corey Samuels","Bristol Hurricanes|1,11,2,29,4",4,Corey Samuels,1,Daniel Edozie,1,2,0,1,1,1.0,2.0
Bristol Hurricanes,"David Forsyth, Elvisi Dusha, Kobe Hill, Corey Samuels, Vilmantas Dilys","Bristol Hurricanes|11,12,2,4,55",4,Corey Samuels,11,David Forsyth,1,2,0,1,1,1.0,2.0
Bristol Hurricanes,"Daniel Edozie, David Forsyth, Elvisi Dusha, Kobe Hill, Vilmantas Dilys","Bristol Hurricanes|1,11,12,2,55",1,Daniel Edozie,12,Elvisi Dusha,1,2,0,1,1,1.0,2.0
Bristol Hurricanes,"Daniel Edozie, David Forsyth, Elvisi Dusha, Kobe Hill, Vilmantas Dilys","Bristol Hurricanes|1,11,12,2,55",11,David Forsyth,55,Vilmantas Dilys,1,2,0,1,1,1.0,2.0
Reading Rockets,"Cooper Creek, James Waterhouse, Jax Bouknight, Malachi Hassan-Taylor, Victor Olarerin","Reading Rockets|14,15,4,5,8",14,Cooper Creek,8,Victor Olarerin,1,2,0,1,1,1.0,2.0
Reading Rockets,"La'quarne Sayles, Ty Nsangu, Cooper Creek, Jax Bouknight, Victor Olarerin","Reading Rockets|11,12,14,4,8",4,Jax Bouknight,8,Victor Olarerin,1,2,0,1,1,1.0,2.0
Reading Rockets,"Ty Nsangu, Cooper Creek, Jax Bouknight, Victor Olarerin, Simon Chamberlain","Reading Rockets|12,14,4,8,9",4,Jax Bouknight,8,Victor Olarerin,1,2,0,1,1,1.0,2.0
Bristol Hurricanes,"Daniel Edozie, David Forsyth, Kobe Hill, Corey Samuels, Vilmantas Dilys","Bristol Hurricanes|1,11,2,4,55",55,Vilmantas Dilys,11,David Forsyth,1,2,0,1,1,1.0,2.0
Bristol Hurricanes,"Daniel Edozie, David Forsyth, Elvisi Dusha, Jesse Oyewole, Corey Samuels","Bristol Hurricanes|1,11,12,29,4",12,Elvisi Dusha,11,David Forsyth,1,2,0,1,1,1.0,2.0
Bristol Hurricanes,"Daniel Edozie, David Forsyth, Elvisi Dusha, Jesse Oyewole, Corey Samuels","Bristol Hurricanes|1,11,12,29,4",4,Corey Samuels,1,Daniel Edozie,1,2,0,1,1,1.0,2.0
Bristol Hurricanes,"Daniel Edozie, David Forsyth, Elvisi Dusha, Jesse Oyewole, Corey Samuels","Bristol Hurricanes|1,11,12,29,4",4,Corey Samuels,11,David Forsyth,1,2,0,1,1,1.0,2.0
Reading Rockets,"La'quarne Sayles, Luca Bakary, Matthew Daines, Victor Olarerin, Simon Chamberlain","Reading Rockets|11,13,16,8,9",16,Matthew Daines,11,La'quarne Sayles,1,2,0,1,1,1.0,2.0
Bristol Hurricanes,"David Forsyth, Kobe Hill, Jesse Oyewole, Corey Samuels, Henry Whysall","Bristol Hurricanes|11,2,29,4,44",2,Kobe Hill,29,Jesse Oyewole,1,2,0,1,1,1.0,2.0
Reading Rockets,"La'quarne Sayles, Luca Bakary, James Waterhouse, Matthew Daines, Malachi Hassan-Taylor","Reading Rockets|11,13,15,16,5",16,Matthew Daines,15,James Waterhouse,1,2,0,1,1,1.0,2.0
Worthing Thunder,"Danny Evans, Matthew Bryan-Amaning, Elijah Maynard, Jonathan Lashley, Bode Adeluola","Worthing Thunder|0,11,22,35,5",0,Danny Evans,11,Matthew Bryan-Amaning,1,2,0,1,1,1.0,2.0
Worthing Thunder,"Danny Evans, Matthew Bryan-Amaning, Elijah Maynard, Jonathan Lashley, Bode Adeluola","Worthing Thunder|0,11,22,35,5",5,Bode Adeluola,35,Jonathan Lashley,1,2,0,1,1,1.0,2.0
Hemel Storm,"Darien Nelson-Henry, Taylor Johnson, Matt Norman, Veron Eze, Sam Newman","Hemel Storm|10,12,2,21,4",12,Taylor Johnson,21,Veron Eze,1,2,0,1,1,1.0,2.0
Hemel Storm,"Taylor Johnson, Matt Norman, Veron Eze, Mergim Sokoli, Sam Newman","Hemel Storm|12,2,21,3,4",4,Sam Newman,21,Veron Eze,1,2,0,1,1,1.0,2.0
Worthing Thunder,"Danny Evans, Justin Hopkins, Elijah Maynard, Bode Adeluola, Elliott Dadds","Worthing Thunder|0,15,22,5,7",5,Bode Adeluola,15,Justin Hopkins,1,2,0,1,1,1.0,2.0
Hemel Storm,"Darien Nelson-Henry, Taylor Johnson, Veron Eze, Di-Jani Parkinson, Sam Newman","Hemel Storm|10,12,21,23,4",21,Veron Eze,10,Darien Nelson-Henry,1,2,0,1,1,1.0,2.0
Hemel Storm,"Darien Nelson-Henry, Taylor Johnson, Veron Eze, Di-Jani Parkinson, Sam Newman","Hemel Storm|10,12,21,23,4",23,Di-Jani Parkinson,21,Veron Eze,1,2,0,1,1,1.0,2.0
Hemel Storm,"Darien Nelson-Henry, Kai Walker, Taylor Johnson, Veron Eze, Sam Newman","Hemel Storm|10,11,12,21,4",4,Sam Newman,10,Darien Nelson-Henry,1,2,0,1,1,1.0,2.0
Hemel Storm,"Darien Nelson-Henry, Kai Walker, Taylor Johnson, Matt Norman, Veron Eze","Hemel Storm|10,11,12,2,21",10,Darien Nelson-Henry,11,Kai Walker,1,2,0,1,1,1.0,2.0
Worthing Thunder,"Danny Evans, Matthew Bryan-Amaning, Justin Hopkins, Bode Adeluola, Elliott Dadds","Worthing Thunder|0,11,15,5,7",15,Justin Hopkins,11,Matthew Bryan-Amaning,1,2,0,1,1,1.0,2.0
Worthing Thunder,"Danny Evans, Justin Hopkins, Jonathan Lashley, Bode Adeluola, Elliott Dadds","Worthing Thunder|0,15,35,5,7",0,Danny Evans,15,Justin Hopkins,1,2,0,1,1,1.0,2.0
Hemel Storm,"Darien Nelson-Henry, Kai Walker, Taylor Johnson, Veron Eze, Sam Newman","Hemel Storm|10,11,12,21,4",10,Darien Nelson-Henry,21,Veron Eze,1,2,0,1,1,1.0,2.0
Hemel Storm,"Darien Nelson-Henry, Kai Walker, Taylor Johnson, Veron Eze, Sam Newman","Hemel Storm|10,11,12,21,4",12,Taylor Johnson,11,Kai Walker,1,2,0,1,1,1.0,2.0
London Cavaliers,"Joe Richards, Marquel Beasley, Daniel Braster, Darren Ainembabazi, Aj Roberts","London Cavaliers|11,15,23,3,4",15,Marquel Beasley,11,Joe Richards,1,2,0,1,1,1.0,2.0
Reading Rockets,"Ty Nsangu, La'quarne Sayles, Yusef Salih, Eliaz (Zain) Poorman, Victor Olarerin","Reading Rockets|12,13,5,6,8",8,Victor Olarerin,12,Ty Nsangu,1,2,0,1,1,1.0,2.0
Reading Rockets,"Ty Nsangu, La'quarne Sayles, Yusef Salih, Eliaz (Zain) Poorman, Victor Olarerin","Reading Rockets|12,13,5,6,8",13,La'quarne Sayles,12,Ty Nsangu,1,2,0,1,1,1.0,2.0
Reading Rockets,"Ty Nsangu, La'quarne Sayles, Yusef Salih, Eliaz (Zain) Poorman, Victor Olarerin","Reading Rockets|12,13,5,6,8",8,Victor Olarerin,6,Eliaz (Zain) Poorman,1,2,0,1,1,1.0,2.0
Reading Rockets,"Ty Nsangu, Jax Bouknight, Yusef Salih, Eliaz (Zain) Poorman, Victor Olarerin","Reading Rockets|12,4,5,6,8",8,Victor Olarerin,12,Ty Nsangu,1,2,0,1,1,1.0,2.0
London Cavaliers,"Joe Richards, Mekhi Collins, Marquel Beasley, Daniel Braster, Darren Ainembabazi","London Cavaliers|11,13,15,23,3",3,Darren Ainembabazi,15,Marquel Beasley,1,2,0,1,1,1.0,2.0
Reading Rockets,"Malik Bryant, Ty Nsangu, Cooper Creek, Jax Bouknight, Victor Olarerin","Reading Rockets|10,12,14,4,8",8,Victor Olarerin,10,Malik Bryant,1,2,0,1,1,1.0,2.0
London Cavaliers,"Juan Manning, Joe Richards, Marquel Beasley, Daniel Braster, Aj Roberts","London Cavaliers|10,11,15,23,4",23,Daniel Braster,11,Joe Richards,1,2,0,1,1,1.0,2.0
London Cavaliers,"Juan Manning, Joe Richards, Mekhi Collins, Aj Roberts, Aaron Pyne","London Cavaliers|10,11,13,4,7",10,Juan Manning,4,Aj Roberts,1,2,0,1,1,1.0,2.0
Reading Rockets,"Malik Bryant, Ty Nsangu, Jax Bouknight, Yusef Salih, Eliaz (Zain) Poorman","Reading Rockets|10,12,4,5,6",5,Yusef Salih,10,Malik Bryant,1,2,0,1,1,1.0,2.0
Nottingham Hoods,"Tyrone Williams, Jani Griffith, Donell Nixon Ii, Elliot Bailey, Sam Akano","Nottingham Hoods|1,15,24,6,7",6,Elliot Bailey,15,Jani Griffith,1,2,0,1,1,1.0,2.0
Bristol Flyers II,"Luka Matthews, Roman Price, Reggie Eigbe, Anthony Bhebhe, Nassim Ladjimi","Bristol Flyers II|10,11,15,4,8",4,Anthony Bhebhe,8,Nassim Ladjimi,1,2,0,1,1,1.0,2.0
Bristol Flyers II,"Roman Price, Ebuka Ekwegh, Lanre Ayinla, Yusuf Hafid, Nassim Ladjimi","Bristol Flyers II|11,13,14,5,8",5,Yusuf Hafid,14,Lanre Ayinla,1,2,0,1,1,1.0,2.0
Nottingham Hoods,"Tyrone Williams, Jani Griffith, Donell Nixon Ii, Elliot Bailey, Sam Akano","Nottingham Hoods|1,15,24,6,7",7,Sam Akano,1,Tyrone Williams,1,2,0,1,1,1.0,2.0
Nottingham Hoods,"Tyrone Williams, Byrce Johnson, Donell Nixon Ii, Elliot Bailey, Sam Akano","Nottingham Hoods|1,21,24,6,7",6,Elliot Bailey,24,Donell Nixon Ii,1,2,0,1,1,1.0,2.0
Nottingham Hoods,"Tyrone Williams, Micah Savery-Richards, Donell Nixon Ii, Elliot Bailey, Sam Akano","Nottingham Hoods|1,14,24,6,7",1,Tyrone Williams,6,Elliot Bailey,1,2,0,1,1,1.0,2.0
Nottingham Hoods,"Tyrone Williams, Micah Savery-Richards, Donell Nixon Ii, Elliot Bailey, Sam Akano","Nottingham Hoods|1,14,24,6,7",24,Donell Nixon Ii,1,Tyrone Williams,1,2,0,1,1,1.0,2.0
Bristol Flyers II,"Roman Price, Ebuka Ekwegh, Yusuf Hafid, Thomas Browne, Nassim Ladjimi","Bristol Flyers II|11,13,5,7,8",5,Yusuf Hafid,13,Ebuka Ekwegh,1,2,0,1,1,1.0,2.0
Bristol Flyers II,"Roman Price, Ebuka Ekwegh, Lanre Ayinla, Anthony Bhebhe, Nassim Ladjimi","Bristol Flyers II|11,13,14,4,8",13,Ebuka Ekwegh,11,Roman Price,1,2,0,1,1,1.0,2.0
Bristol Flyers II,"Luka Matthews, Ebuka Ekwegh, Lanre Ayinla, Reggie Eigbe, Anthony Bhebhe","Bristol Flyers II|10,13,14,15,4",4,Anthony Bhebhe,14,Lanre Ayinla,1,2,0,1,1,1.0,2.0
Nottingham Hoods,"Tyrone Williams, Jani Griffith, Donell Nixon Ii, Thierry Walker, Elliot Bailey","Nottingham Hoods|1,15,24,4,6",1,Tyrone Williams,24,Donell Nixon Ii,1,2,0,1,1,1.0,2.0
Nottingham Hoods,"Tyrone Williams, Jani Griffith, Donell Nixon Ii, Thierry Walker, Elliot Bailey","Nottingham Hoods|1,15,24,4,6",1,Tyrone Williams,4,Thierry Walker,1,2,0,1,1,1.0,2.0
Nottingham Hoods,"Micah Savery-Richards, Latrell Maitland, Shawn Jamison, Aaron Sandu-Nelson, Elliot Bailey","Nottingham Hoods|14,23,25,5,6",25,Shawn Jamison,6,Elliot Bailey,1,2,0,1,1,1.0,2.0
Milton Keynes Breakers,"Dashawn Jackson, Luke Gregory, Jordan Spencer, Blayne Freckleton, Chase Thompson","Milton Keynes Breakers|1,13,23,7,8",23,Jordan Spencer,1,Dashawn Jackson,1,2,0,1,1,1.0,2.0
Milton Keynes Breakers,"Dashawn Jackson, Luke Gregory, Mike New Jr., Jordan Spencer, Blayne Freckleton","Milton Keynes Breakers|1,13,15,23,7",1,Dashawn Jackson,13,Luke Gregory,1,2,0,1,1,1.0,2.0
Milton Keynes Breakers,"Kai Williams, Jonas Dietrich, Jordan Spencer, Blayne Freckleton, Chase Thompson","Milton Keynes Breakers|0,12,23,7,8",7,Blayne Freckleton,0,Kai Williams,1,2,0,1,1,1.0,2.0
Milton Keynes Breakers,"Kai Williams, Dashawn Jackson, Ben Baker-Mccann, Jordan Spencer, Chase Thompson","Milton Keynes Breakers|0,1,11,23,8",23,Jordan Spencer,0,Kai Williams,1,2,0,1,1,1.0,2.0
Milton Keynes Breakers,"Kai Williams, Dashawn Jackson, Jordan Spencer, Blayne Freckleton, Chase Thompson","Milton Keynes Breakers|0,1,23,7,8",1,Dashawn Jackson,8,Chase Thompson,1,2,0,1,1,1.0,2.0
Hemel Storm,"Taylor Johnson, Matt Norman, Veron Eze, Brayden Inger, Sam Newman","Hemel Storm|12,2,21,3,4",3,Brayden Inger,12,Taylor Johnson,1,2,0,1,1,1.0,2.0
Hemel Storm,"Mergim Sokoli, Kai Walker, Taylor Johnson, Brayden Inger, Jack Burnell","Hemel Storm|0,11,12,3,7",11,Kai Walker,3,Brayden Inger,1,2,0,1,1,1.0,2.0
Worthing Thunder,"Danny Evans, Justin Hopkins, Jonathan Lashley, Bode Adeluola, Elliott Dadds","Worthing Thunder|0,15,35,5,7",5,Bode Adeluola,35,Jonathan Lashley,1,2,0,1,1,1.0,2.0
Derby Trailblazers,"Connor Washington, Jai Pathmarajah, Robert Marsden, Raheem May-Thompson, Malcolm Smith","Derby Trailblazers|13,22,30,7,9",22,Jai Pathmarajah,9,Malcolm Smith,1,2,0,1,1,1.0,2.0
Derby Trailblazers,"Connor Washington, Jai Pathmarajah, Robert Marsden, Raheem May-Thompson, Malcolm Smith","Derby Trailblazers|13,22,30,7,9",13,Connor Washington,22,Jai Pathmarajah,1,2,0,1,1,1.0,2.0
Derby Trailblazers,"Connor Washington, Sean Mo Walker, Charlie Brown, Raheem May-Thompson, Malcolm Smith","Derby Trailblazers|13,3,4,7,9",4,Charlie Brown,3,Sean Mo Walker,1,2,0,1,1,1.0,2.0
Worthing Thunder,"Matthew Bryan-Amaning, Justin Hopkins, Elijah Maynard, Jonathan Lashley, Elliott Dadds","Worthing Thunder|11,15,22,35,7",7,Elliott Dadds,22,Elijah Maynard,1,2,0,1,1,1.0,2.0
Worthing Thunder,"Matthew Bryan-Amaning, Justin Hopkins, Elijah Maynard, Jonathan Lashley, Elliott Dadds","Worthing Thunder|11,15,22,35,7",22,Elijah Maynard,11,Matthew Bryan-Amaning,1,2,0,1,1,1.0,2.0
Derby Trailblazers,"Connor Washington, Jai Pathmarajah, Sean Mo Walker, Charlie Brown, Malcolm Smith","Derby Trailblazers|13,22,3,4,9",4,Charlie Brown,22,Jai Pathmarajah,1,2,0,1,1,1.0,2.0
Newcastle Knights,"Bradley Dean, Jaron Thames, Hafeez Abdul, Messiah Jones, Max Matthews","Newcastle Knights|1,11,3,5,8",11,Jaron Thames,3,Hafeez Abdul,1,2,0,1,1,1.0,2.0
Birmingham Rockets,"Zack Powell, Luke Okosieme, Eric Donaldson, Lucas Mcgregor, Martyn Gayle","Birmingham Rockets|14,21,3,6,8",14,Zack Powell,8,Martyn Gayle,1,2,0,1,1,1.0,2.0
Birmingham Rockets,"Ronald Blain, Zack Powell, Luke Okosieme, Eric Donaldson, Martyn Gayle","Birmingham Rockets|0,14,21,3,8",8,Martyn Gayle,21,Luke Okosieme,1,2,0,1,1,1.0,2.0
Newcastle Knights,"Bradley Dean, Sam Trunley, Jaron Thames, Messiah Jones, Max Matthews","Newcastle Knights|1,10,11,5,8",10,Sam Trunley,11,Jaron Thames,1,2,0,1,1,1.0,2.0
Birmingham Rockets,"Ronald Blain, Orlan Jackman, Luke Okosieme, Lucas Mcgregor, Martyn Gayle","Birmingham Rockets|0,13,21,6,8",8,Martyn Gayle,0,Ronald Blain,1,2,0,1,1,1.0,2.0
Birmingham Rockets,"Ronald Blain, Orlan Jackman, Zack Powell, Eric Donaldson, Lucas Mcgregor","Birmingham Rockets|0,13,14,3,6",3,Eric Donaldson,6,Lucas Mcgregor,1,2,0,1,1,1.0,2.0
Birmingham Rockets,"Ronald Blain, Orlan Jackman, Luke Okosieme, Eric Donaldson, Lucas Mcgregor","Birmingham Rockets|0,13,21,3,6",3,Eric Donaldson,0,Ronald Blain,1,2,0,1,1,1.0,2.0
Newcastle Knights,"Bradley Dean, Sam Trunley, Jaron Thames, Hafeez Abdul, Messiah Jones","Newcastle Knights|1,10,11,3,5",10,Sam Trunley,5,Messiah Jones,1,2,0,1,1,1.0,2.0
Essex Rebels,"Kyron Martin, Daniel Johnson-Thompson, Miles Brown, Anthony Idiata-Mendez, Tom Child","Essex Rebels|10,13,2,20,22",2,Miles Brown,20,Anthony Idiata-Mendez,1,2,0,1,1,1.0,2.0
Essex Rebels,"Mou Wol-Cummings, Michael Amako, Daniel Johnson-Thompson, Miles Brown, Anthony Idiata-Mendez","Essex Rebels|0,1,13,2,20",1,Michael Amako,20,Anthony Idiata-Mendez,1,2,0,1,1,1.0,2.0
Yorkshire Dragons,"R. Ani, Jordan Whelan, Logan Rooney, J. Melke, Andreas Lycoudis","Yorkshire Dragons|1,23,3,5,7",7,Andreas Lycoudis,3,Logan Rooney,1,2,0,1,1,1.0,2.0
Essex Rebels,"Kyron Martin, Daniel Johnson-Thompson, Miles Brown, Tom Child, Tyreese Hudson","Essex Rebels|10,13,2,22,9",22,Tom Child,2,Miles Brown,1,2,0,1,1,1.0,2.0
Yorkshire Dragons,"Jordan Whelan, Logan Rooney, J. Melke, Corey Johnson, Nick Lewis","Yorkshire Dragons|23,3,5,9,93",3,Logan Rooney,9,Corey Johnson,1,2,0,1,1,1.0,2.0
Essex Rebels,"Kyron Martin, Daniel Johnson-Thompson, Remy Udeh, Miles Brown, Tom Child","Essex Rebels|10,13,14,2,22",10,Kyron Martin,2,Miles Brown,1,2,0,1,1,1.0,2.0
Yorkshire Dragons,"Jordan Whelan, Logan Rooney, J. Melke, Corey Johnson, Nick Lewis","Yorkshire Dragons|23,3,5,9,93",3,Logan Rooney,5,J. Melke,1,2,0,1,1,1.0,2.0
Essex Rebels,"Kyron Martin, Remy Udeh, Miles Brown, Tom Child, Tyreese Hudson","Essex Rebels|10,14,2,22,9",22,Tom Child,9,Tyreese Hudson,1,2,0,1,1,1.0,2.0
Essex Rebels,"Kyron Martin, Remy Udeh, Miles Brown, Tom Child, Tyreese Hudson","Essex Rebels|10,14,2,22,9",2,Miles Brown,2,Miles Brown,1,2,0,1,1,1.0,2.0
Yorkshire Dragons,"R. Ani, Jordan Whelan, Logan Rooney, Corey Johnson, Nick Lewis","Yorkshire Dragons|1,23,3,9,93",1,R. Ani,9,Corey Johnson,1,2,0,1,1,1.0,2.0
Yorkshire Dragons,"R. Ani, Jordan Whelan, Andreas Lycoudis, Corey Johnson, Nick Lewis","Yorkshire Dragons|1,23,7,9,93",9,Corey Johnson,1,R. Ani,1,2,0,1,1,1.0,2.0
Bristol Hurricanes,"Daniel Edozie, David Forsyth, Denzel Ubiaro, Corey Samuels, Chris Taylor","Bristol Hurricanes|1,11,31,4,9",9,Chris Taylor,1,Daniel Edozie,1,2,0,1,1,1.0,2.0
Bristol Hurricanes,"Daniel Edozie, David Forsyth, Denzel Ubiaro, Corey Samuels, Chris Taylor","Bristol Hurricanes|1,11,31,4,9",11,David Forsyth,1,Daniel Edozie,1,2,0,1,1,1.0,2.0
Bristol Hurricanes,"Daniel Edozie, Denzel Ubiaro, Corey Samuels, Vilmantas Dilys, Chris Taylor","Bristol Hurricanes|1,31,4,55,9",9,Chris Taylor,1,Daniel Edozie,1,2,0,1,1,1.0,2.0
Bristol Hurricanes,"Daniel Edozie, Denzel Ubiaro, Corey Samuels, Vilmantas Dilys, Chris Taylor","Bristol Hurricanes|1,31,4,55,9",1,Daniel Edozie,31,Denzel Ubiaro,1,2,0,1,1,1.0,2.0
Reading Rockets,"Malik Bryant, Cooper Creek, Jax Bouknight, Eliaz (Zain) Poorman, Victor Olarerin","Reading Rockets|10,14,4,6,8",4,Jax Bouknight,10,Malik Bryant,1,2,0,1,1,1.0,2.0
Loughborough Riders,"Johde Campbell, Michael Joiner, Milo Wallace, Jalen Cook, Tomide Akinsuku","Loughborough Riders|0,11,22,31,36",0,Johde Campbell,11,Michael Joiner,1,2,0,1,1,1.0,2.0
Loughborough Riders,"Johde Campbell, Michael Joiner, Milo Wallace, Jalen Cook, Tomide Akinsuku","Loughborough Riders|0,11,22,31,36",31,Jalen Cook,36,Tomide Akinsuku,1,2,0,1,1,1.0,2.0
Loughborough Riders,"Johde Campbell, Michael Joiner, Milo Wallace, Jalen Cook, Tomide Akinsuku","Loughborough Riders|0,11,22,31,36",11,Michael Joiner,36,Tomide Akinsuku,1,2,0,1,1,1.0,2.0
Loughborough Riders,"Johde Campbell, Ben Woog, Michael Joiner, Panos Karras, Milo Wallace","Loughborough Riders|0,10,11,15,22",0,Johde Campbell,11,Michael Joiner,1,2,0,1,1,1.0,2.0
Reading Rockets,"Malik Bryant, La'quarne Sayles, Jax Bouknight, Eliaz (Zain) Poorman, Victor Olarerin","Reading Rockets|10,13,4,6,8",4,Jax Bouknight,6,Eliaz (Zain) Poorman,1,2,0,1,1,1.0,2.0
Reading Rockets,"Malik Bryant, Cooper Creek, Yusef Salih, Eliaz (Zain) Poorman, Victor Olarerin","Reading Rockets|10,14,5,6,8",8,Victor Olarerin,6,Eliaz (Zain) Poorman,1,2,0,1,1,1.0,2.0
Loughborough Riders,"Johde Campbell, Michael Joiner, Milo Wallace, Jalen Cook, Tomide Akinsuku","Loughborough Riders|0,11,22,31,36",0,Johde Campbell,36,Tomide Akinsuku,1,2,0,1,1,1.0,2.0
Reading Rockets,"Malik Bryant, La'quarne Sayles, Yusef Salih, Eliaz (Zain) Poorman, Victor Olarerin","Reading Rockets|10,13,5,6,8",10,Malik Bryant,8,Victor Olarerin,1,2,0,1,1,1.0,2.0
Reading Rockets,"Malik Bryant, La'quarne Sayles, Yusef Salih, Eliaz (Zain) Poorman, Victor Olarerin","Reading Rockets|10,13,5,6,8",5,Yusef Salih,6,Eliaz (Zain) Poorman,1,2,0,1,1,1.0,2.0
Loughborough Riders,"Johde Campbell, Michael Joiner, Milo Wallace, Jalen Cook, Tomide Akinsuku","Loughborough Riders|0,11,22,31,36",31,Jalen Cook,22,Milo Wallace,1,2,0,1,1,1.0,2.0
Loughborough Riders,"Johde Campbell, Ben Woog, Cameron Nyarko, Seth Wylie, Dan Hadley","Loughborough Riders|0,10,3,43,5",43,Seth Wylie,10,Ben Woog,1,2,0,1,1,1.0,2.0
Reading Rockets,"Cooper Creek, Jax Bouknight, Yusef Salih, Eliaz (Zain) Poorman, Victor Olarerin","Reading Rockets|14,4,5,6,8",4,Jax Bouknight,8,Victor Olarerin,1,2,0,1,1,1.0,2.0
Loughborough Riders,"Johde Campbell, Michael Joiner, Cameron Nyarko, Tomide Akinsuku, Dan Hadley","Loughborough Riders|0,11,3,36,5",36,Tomide Akinsuku,11,Michael Joiner,1,2,0,1,1,1.0,2.0
Reading Rockets,"Malik Bryant, Jax Bouknight, Yusef Salih, Eliaz (Zain) Poorman, Victor Olarerin","Reading Rockets|10,4,5,6,8",4,Jax Bouknight,8,Victor Olarerin,1,2,0,1,1,1.0,2.0
Yorkshire Dragons,"David Ulph, Logan Rooney, Jack Melke, Andreas Lycoudis, Corey Johnson","Yorkshire Dragons|10,3,5,7,9",7,Andreas Lycoudis,3,Logan Rooney,1,2,0,1,1,1.0,2.0
Yorkshire Dragons,"David Ulph, Jordan Whelan, Logan Rooney, Jack Melke, Corey Johnson","Yorkshire Dragons|10,23,3,5,9",5,Jack Melke,3,Logan Rooney,1,2,0,1,1,1.0,2.0
Yorkshire Dragons,"David Ulph, Jordan Whelan, Logan Rooney, Jack Melke, Corey Johnson","Yorkshire Dragons|10,23,3,5,9",9,Corey Johnson,5,Jack Melke,1,2,0,1,1,1.0,2.0
Milton Keynes Breakers,"Kai Williams, Jonas Dietrich, Jordan Spencer, Blayne Freckleton, Chase Thompson","Milton Keynes Breakers|0,12,23,7,8",7,Blayne Freckleton,12,Jonas Dietrich,1,2,0,1,1,1.0,2.0
Yorkshire Dragons,"David Ulph, Eddie Brownell, Jordan Whelan, Jack Melke, Corey Johnson","Yorkshire Dragons|10,2,23,5,9",5,Jack Melke,23,Jordan Whelan,1,2,0,1,1,1.0,2.0
Milton Keynes Breakers,"Jonas Dietrich, Xavier Wilson, Jordan Spencer, Blayne Freckleton, Chase Thompson","Milton Keynes Breakers|12,21,23,7,8",7,Blayne Freckleton,8,Chase Thompson,1,2,0,1,1,1.0,2.0
Yorkshire Dragons,"David Ulph, Logan Rooney, Jack Melke, Andreas Lycoudis, Corey Johnson","Yorkshire Dragons|10,3,5,7,9",9,Corey Johnson,10,David Ulph,1,2,0,1,1,1.0,2.0
Yorkshire Dragons,"David Ulph, Jordan Whelan, Jack Melke, Andreas Lycoudis, Corey Johnson","Yorkshire Dragons|10,23,5,7,9",9,Corey Johnson,10,David Ulph,1,2,0,1,1,1.0,2.0
Yorkshire Dragons,"David Ulph, Eddie Brownell, Jordan Whelan, Jack Melke, Corey Johnson","Yorkshire Dragons|10,2,23,5,9",2,Eddie Brownell,10,David Ulph,1,2,0,1,1,1.0,2.0
Yorkshire Dragons,"R. Ani, David Ulph, Eddie Brownell, Jack Melke, Corey Johnson","Yorkshire Dragons|1,10,2,5,9",9,Corey Johnson,1,R. Ani,1,2,0,1,1,1.0,2.0
Milton Keynes Breakers,"Ben Baker-Mccann, Jonas Dietrich, Xavier Wilson, Jordan Spencer, Chase Thompson","Milton Keynes Breakers|11,12,21,23,8",21,Xavier Wilson,11,Ben Baker-Mccann,1,2,0,1,1,1.0,2.0
Nottingham Hoods,"Micah Savery-Richards, Shawn Jamison, Byrce Johnson, Aaron Sandu-Nelson, Elliot Bailey","Nottingham Hoods|14,2,21,5,6",2,Shawn Jamison,21,Byrce Johnson,1,2,0,1,1,1.0,2.0
Bristol Flyers II,"Lanre Ayinla, Roman Price, Reggie Eigbe, Anthony Bhebhe, Giuseppe Landolfi","Bristol Flyers II|10,11,13,4,7",13,Reggie Eigbe,11,Roman Price,1,2,0,1,1,1.0,2.0
Nottingham Hoods,"Tyrone Williams, Byrce Johnson, Donell Nixon Ii, Thierry Walker, Elliot Bailey","Nottingham Hoods|1,21,24,4,6",1,Tyrone Williams,24,Donell Nixon Ii,1,2,0,1,1,1.0,2.0
Nottingham Hoods,"Tyrone Williams, Micah Savery-Richards, Jani Griffith, Shawn Jamison, Thierry Walker","Nottingham Hoods|1,14,15,2,4",1,Tyrone Williams,15,Jani Griffith,1,2,0,1,1,1.0,2.0
Bristol Flyers II,"Yusuf Hafid, Jack Craggs, Reggie Eigbe, Ebuka Ekwegh, Giuseppe Landolfi","Bristol Flyers II|0,12,13,6,7",12,Jack Craggs,13,Reggie Eigbe,1,2,0,1,1,1.0,2.0
Nottingham Hoods,"Tyrone Williams, Micah Savery-Richards, Jani Griffith, Thierry Walker, Aaron Sandu-Nelson","Nottingham Hoods|1,14,15,4,5",1,Tyrone Williams,4,Thierry Walker,1,2,0,1,1,1.0,2.0
Hemel Storm,"Darien Nelson-Henry, Kai Walker, Taylor Johnson, Matt Norman, Di-Jani Parkinson","Hemel Storm|10,11,12,2,23",10,Darien Nelson-Henry,12,Taylor Johnson,1,2,0,1,1,1.0,2.0
London Cavaliers,"Joe Richards, Daniel Delsol Lowry, Daniel Braster, Darren Ainembabazi, Aj Roberts","London Cavaliers|11,21,23,3,4",11,Joe Richards,21,Daniel Delsol Lowry,1,2,0,1,1,1.0,2.0
Hemel Storm,"Darien Nelson-Henry, Veron Eze, Di-Jani Parkinson, Brayden Inger, Sam Newman","Hemel Storm|10,21,23,3,4",4,Sam Newman,10,Darien Nelson-Henry,1,2,0,1,1,1.0,2.0
Hemel Storm,"Darien Nelson-Henry, Veron Eze, Di-Jani Parkinson, Brayden Inger, Sam Newman","Hemel Storm|10,21,23,3,4",10,Darien Nelson-Henry,21,Veron Eze,1,2,0,1,1,1.0,2.0
Hemel Storm,"Taylor Johnson, Veron Eze, Di-Jani Parkinson, Brayden Inger, Sam Newman","Hemel Storm|12,21,23,3,4",3,Brayden Inger,12,Taylor Johnson,1,2,0,1,1,1.0,2.0
London Cavaliers,"Marquel Beasley, Daniel Delsol Lowry, Daniel Braster, Darren Ainembabazi, Aj Roberts","London Cavaliers|15,21,23,3,4",3,Darren Ainembabazi,15,Marquel Beasley,1,2,0,1,1,1.0,2.0
London Cavaliers,"Marquel Beasley, Daniel Delsol Lowry, Daniel Braster, Darren Ainembabazi, Aj Roberts","London Cavaliers|15,21,23,3,4",3,Darren Ainembabazi,23,Daniel Braster,1,2,0,1,1,1.0,2.0
London Cavaliers,"Marquel Beasley, Daniel Delsol Lowry, Daniel Braster, Aj Roberts, Omari Pond-Mckenzie","London Cavaliers|15,21,23,4,5",21,Daniel Delsol Lowry,15,Marquel Beasley,1,2,0,1,1,1.0,2.0
Hemel Storm,"Taylor Johnson, Matt Norman, Veron Eze, Brayden Inger, Sam Newman","Hemel Storm|12,2,21,3,4",12,Taylor Johnson,21,Veron Eze,1,2,0,1,1,1.0,2.0
London Cavaliers,"Marquel Beasley, Daniel Delsol Lowry, Daniel Braster, Aj Roberts, Omari Pond-Mckenzie","London Cavaliers|15,21,23,4,5",4,Aj Roberts,15,Marquel Beasley,1,2,0,1,1,1.0,2.0
Essex Rebels,"Kyron Martin, Daniel Johnson-Thompson, Remy Udeh, Tom Child, Tyreese Hudson","Essex Rebels|10,13,14,22,9",22,Tom Child,13,Daniel Johnson-Thompson,1,2,0,1,1,1.0,2.0
Derby Trailblazers,"Casey Burr, Connor Washington, Jai Pathmarajah, Robert Marsden, Malcolm Smith","Derby Trailblazers|0,13,22,30,9",13,Connor Washington,22,Jai Pathmarajah,1,2,0,1,1,1.0,2.0
Derby Trailblazers,"Casey Burr, Connor Washington, Jai Pathmarajah, Sean Mo Walker, Malcolm Smith","Derby Trailblazers|0,13,22,3,9",0,Casey Burr,3,Sean Mo Walker,1,2,0,1,1,1.0,2.0
Derby Trailblazers,"Casey Burr, Connor Washington, Jai Pathmarajah, Sean Mo Walker, Malcolm Smith","Derby Trailblazers|0,13,22,3,9",0,Casey Burr,9,Malcolm Smith,1,2,0,1,1,1.0,2.0
Derby Trailblazers,"Casey Burr, Connor Washington, Jai Pathmarajah, Sean Mo Walker, Raheem May-Thompson","Derby Trailblazers|0,13,22,3,7",3,Sean Mo Walker,22,Jai Pathmarajah,1,2,0,1,1,1.0,2.0
Derby Trailblazers,"Casey Burr, Connor Washington, Jai Pathmarajah, Sean Mo Walker, Raheem May-Thompson","Derby Trailblazers|0,13,22,3,7",3,Sean Mo Walker,7,Raheem May-Thompson,1,2,0,1,1,1.0,2.0
Derby Trailblazers,"Casey Burr, Connor Washington, Jai Pathmarajah, Sean Mo Walker, Raheem May-Thompson","Derby Trailblazers|0,13,22,3,7",0,Casey Burr,3,Sean Mo Walker,1,2,0,1,1,1.0,2.0
Derby Trailblazers,"Casey Burr, Connor Washington, Jai Pathmarajah, Sean Mo Walker, Raheem May-Thompson","Derby Trailblazers|0,13,22,3,7",13,Connor Washington,22,Jai Pathmarajah,1,2,0,1,1,1.0,2.0
Derby Trailblazers,"Elias Norman, Connor Washington, Jai Pathmarajah, Robert Marsden, Malcolm Smith","Derby Trailblazers|12,13,22,30,9",22,Jai Pathmarajah,30,Robert Marsden,1,2,0,1,1,1.0,2.0
Derby Trailblazers,"Elias Norman, Connor Washington, Jai Pathmarajah, Robert Marsden, Malcolm Smith","Derby Trailblazers|12,13,22,30,9",9,Malcolm Smith,30,Robert Marsden,1,2,0,1,1,1.0,2.0
Derby Trailblazers,"Elias Norman, Connor Washington, Jai Pathmarajah, Robert Marsden, Malcolm Smith","Derby Trailblazers|12,13,22,30,9",22,Jai Pathmarajah,12,Elias Norman,1,2,0,1,1,1.0,2.0
Essex Rebels,"Michael Amako, Miles Brown, Anthony Idiata-Mendez, Tom Child, Tyreese Hudson","Essex Rebels|1,2,20,22,9",9,Tyreese Hudson,1,Michael Amako,1,2,0,1,1,1.0,2.0
Essex Rebels,"Michael Amako, Miles Brown, Anthony Idiata-Mendez, Tom Child, Tyreese Hudson","Essex Rebels|1,2,20,22,9",22,Tom Child,2,Miles Brown,1,2,0,1,1,1.0,2.0
Derby Trailblazers,"Casey Burr, Elias Norman, Elliot Lawrence, Robert Marsden, Jack Lemon","Derby Trailblazers|0,12,14,30,6",6,Jack Lemon,30,Robert Marsden,1,2,0,1,1,1.0,2.0
Essex Rebels,"Mou Wol-Cummings, Michael Amako, Kyron Martin, Anthony Idiata-Mendez, Harry Gent","Essex Rebels|0,1,10,20,36",10,Kyron Martin,1,Michael Amako,1,2,0,1,1,1.0,2.0
Worthing Thunder,"Danny Evans, Justin Hopkins, Adrian Scarborough, Bode Adeluola, Elliott Dadds","Worthing Thunder|0,15,4,5,7",15,Justin Hopkins,4,Adrian Scarborough,1,2,0,1,1,1.0,2.0
Worthing Thunder,"Danny Evans, Justin Hopkins, Adrian Scarborough, Bode Adeluola, Elliott Dadds","Worthing Thunder|0,15,4,5,7",15,Justin Hopkins,5,Bode Adeluola,1,2,0,1,1,1.0,2.0
Worthing Thunder,"Danny Evans, Matthew Bryan-Amaning, Justin Hopkins, Jonathan Lashley, Bode Adeluola","Worthing Thunder|0,11,15,35,5",11,Matthew Bryan-Amaning,0,Danny Evans,1,2,0,1,1,1.0,2.0
Worthing Thunder,"Danny Evans, Matthew Bryan-Amaning, Justin Hopkins, Adrian Scarborough, Bode Adeluola","Worthing Thunder|0,11,15,4,5",5,Bode Adeluola,11,Matthew Bryan-Amaning,1,2,0,1,1,1.0,2.0
Birmingham Rockets,"Orlan Jackman, Larry Duru, Eric Donaldson, Lucas Mcgregor, Faaris Mughaal","Birmingham Rockets|13,16,3,6,7",3,Eric Donaldson,16,Larry Duru,1,2,0,1,1,1.0,2.0
Birmingham Rockets,"Orlan Jackman, Larry Duru, Eric Donaldson, Lucas Mcgregor, Faaris Mughaal","Birmingham Rockets|13,16,3,6,7",13,Orlan Jackman,7,Faaris Mughaal,1,2,0,1,1,1.0,2.0
Worthing Thunder,"Elijah Maynard, Adrian Scarborough, Elliott Dadds, Alfie Price, Briceny Lomeka","Worthing Thunder|22,4,7,88,9",7,Elliott Dadds,22,Elijah Maynard,1,2,0,1,1,1.0,2.0
Derby Trailblazers,"Connor Washington, Jai Pathmarajah, Sean Mo Walker, Charlie Brown, Malcolm Smith","Derby Trailblazers|13,22,3,4,9",13,Connor Washington,22,Jai Pathmarajah,1,2,0,1,1,1.0,2.0
Derby Trailblazers,"Connor Washington, Jai Pathmarajah, Sean Mo Walker, Charlie Brown, Malcolm Smith","Derby Trailblazers|13,22,3,4,9",22,Jai Pathmarajah,9,Malcolm Smith,1,2,0,1,1,1.0,2.0
Derby Trailblazers,"Casey Burr, Connor Washington, Jai Pathmarajah, Sean Mo Walker, Malcolm Smith","Derby Trailblazers|0,13,22,3,9",13,Connor Washington,3,Sean Mo Walker,1,2,0,1,1,1.0,2.0
Derby Trailblazers,"Casey Burr, Connor Washington, Jai Pathmarajah, Robert Marsden, Malcolm Smith","Derby Trailblazers|0,13,22,30,9",22,Jai Pathmarajah,0,Casey Burr,1,2,0,1,1,1.0,2.0
Derby Trailblazers,"Elias Norman, Jai Pathmarajah, Sean Mo Walker, Charlie Brown, Malcolm Smith","Derby Trailblazers|12,22,3,4,9",22,Jai Pathmarajah,9,Malcolm Smith,1,2,0,1,1,1.0,2.0
Nottingham Hoods,"Tyrone Williams, Andrew Thomson, Byrce Johnson, Donell Nixon Ii, Sam Akano","Nottingham Hoods|1,11,21,24,7",21,Byrce Johnson,1,Tyrone Williams,1,2,0,1,1,1.0,2.0
Derby Trailblazers,"Elias Norman, Jai Pathmarajah, Sean Mo Walker, Charlie Brown, Raheem May-Thompson","Derby Trailblazers|12,22,3,4,7",4,Charlie Brown,7,Raheem May-Thompson,1,2,0,1,1,1.0,2.0
Nottingham Hoods,"Tyrone Williams, Jani Griffith, Donell Nixon Ii, Thierry Walker, Elliot Bailey","Nottingham Hoods|1,15,24,4,6",1,Tyrone Williams,15,Jani Griffith,1,2,0,1,1,1.0,2.0
Nottingham Hoods,"Tyrone Williams, Jani Griffith, Donell Nixon Ii, Thierry Walker, Elliot Bailey","Nottingham Hoods|1,15,24,4,6",15,Jani Griffith,24,Donell Nixon Ii,1,2,0,1,1,1.0,2.0
Nottingham Hoods,"Tyrone Williams, Byrce Johnson, Donell Nixon Ii, Elliot Bailey, Sam Akano","Nottingham Hoods|1,21,24,6,7",21,Byrce Johnson,24,Donell Nixon Ii,1,2,0,1,1,1.0,2.0
Derby Trailblazers,"Casey Burr, Connor Washington, Jai Pathmarajah, Robert Marsden, Malcolm Smith","Derby Trailblazers|0,13,22,30,9",13,Connor Washington,9,Malcolm Smith,1,2,0,1,1,1.0,2.0
Loughborough Riders,"Johde Campbell, Michael Joiner, Milo Wallace, Jalen Cook, Tomide Akinsuku","Loughborough Riders|0,11,22,31,36",36,Tomide Akinsuku,0,Johde Campbell,1,2,0,1,1,1.0,2.0
Milton Keynes Breakers,"Dashawn Jackson, Luke Gregory, Xavier Wilson, Jordan Spencer, Blayne Freckleton","Milton Keynes Breakers|1,13,21,23,7",1,Dashawn Jackson,13,Luke Gregory,1,2,0,1,1,1.0,2.0
Milton Keynes Breakers,"Dashawn Jackson, Luke Gregory, Xavier Wilson, Jordan Spencer, Blayne Freckleton","Milton Keynes Breakers|1,13,21,23,7",23,Jordan Spencer,21,Xavier Wilson,1,2,0,1,1,1.0,2.0
Loughborough Riders,"Johde Campbell, Michael Joiner, Cameron Nyarko, Tomide Akinsuku, Dan Hadley","Loughborough Riders|0,11,3,36,5",0,Johde Campbell,36,Tomide Akinsuku,1,2,0,1,1,1.0,2.0
Loughborough Riders,"Michael Joiner, Milo Wallace, Jalen Cook, Tomide Akinsuku, Oscar Curran","Loughborough Riders|11,22,31,36,6",6,Oscar Curran,36,Tomide Akinsuku,1,2,0,1,1,1.0,2.0
Milton Keynes Breakers,"Dashawn Jackson, Xavier Wilson, Jordan Spencer, Blayne Freckleton, Chase Thompson","Milton Keynes Breakers|1,21,23,7,8",23,Jordan Spencer,8,Chase Thompson,1,2,0,1,1,1.0,2.0
Milton Keynes Breakers,"Ben Baker-Mccann, Luke Gregory, Xavier Wilson, Jordan Spencer, Blayne Freckleton","Milton Keynes Breakers|11,13,21,23,7",23,Jordan Spencer,13,Luke Gregory,1,2,0,1,1,1.0,2.0
Milton Keynes Breakers,"Ben Baker-Mccann, Luke Gregory, Xavier Wilson, Jordan Spencer, Blayne Freckleton","Milton Keynes Breakers|11,13,21,23,7",11,Ben Baker-Mccann,21,Xavier Wilson,1,2,0,1,1,1.0,2.0
Milton Keynes Breakers,"Ben Baker-Mccann, Luke Gregory, Xavier Wilson, Jordan Spencer, Blayne Freckleton","Milton Keynes Breakers|11,13,21,23,7",23,Jordan Spencer,21,Xavier Wilson,1,2,0,1,1,1.0,2.0
Loughborough Riders,"Johde Campbell, Ben Woog, Michael Joiner, Milo Wallace, Cameron Nyarko","Loughborough Riders|0,10,11,22,3",10,Ben Woog,11,Michael Joiner,1,2,0,1,1,1.0,2.0
Yorkshire Dragons,"Paul Tew, Logan Rooney, Jack Melke, Andreas Lycoudis, Corey Johnson","Yorkshire Dragons|14,3,5,7,9",14,Paul Tew,5,Jack Melke,1,2,0,1,1,1.0,2.0
Yorkshire Dragons,"Jordan Whelan, Logan Rooney, Jack Melke, Andreas Lycoudis, Corey Johnson","Yorkshire Dragons|23,3,5,7,9",3,Logan Rooney,9,Corey Johnson,1,2,0,1,1,1.0,2.0
Yorkshire Dragons,"Ronnie Ani, Jordan Whelan, Logan Rooney, Jack Melke, Corey Johnson","Yorkshire Dragons|1,23,3,5,9",9,Corey Johnson,5,Jack Melke,1,2,0,1,1,1.0,2.0
Bristol Hurricanes,"Daniel Edozie, David Forsyth, Denzel Ubiaro, Corey Samuels, Chris Taylor","Bristol Hurricanes|1,11,31,4,9",1,Daniel Edozie,31,Denzel Ubiaro,1,2,0,1,1,1.0,2.0
Yorkshire Dragons,"Ronnie Ani, Jordan Whelan, Logan Rooney, Jack Melke, Corey Johnson","Yorkshire Dragons|1,23,3,5,9",5,Jack Melke,9,Corey Johnson,1,2,0,1,1,1.0,2.0
Yorkshire Dragons,"Paul Tew, Jordan Whelan, Jack Melke, Andreas Lycoudis, Corey Johnson","Yorkshire Dragons|14,23,5,7,9",7,Andreas Lycoudis,14,Paul Tew,1,2,0,1,1,1.0,2.0
Yorkshire Dragons,"Paul Tew, Jordan Whelan, Jack Melke, Andreas Lycoudis, Corey Johnson","Yorkshire Dragons|14,23,5,7,9",5,Jack Melke,7,Andreas Lycoudis,1,2,0,1,1,1.0,2.0
Yorkshire Dragons,"Paul Tew, Logan Rooney, Jack Melke, Andreas Lycoudis, Corey Johnson","Yorkshire Dragons|14,3,5,7,9",9,Corey Johnson,5,Jack Melke,1,2,0,1,1,1.0,2.0
Bristol Hurricanes,"David Forsyth, Elvisi Dusha, Jules Dang-Okodo, Denzel Ubiaro, Vilmantas Dilys","Bristol Hurricanes|11,12,23,31,55",12,Elvisi Dusha,23,Jules Dang-Okodo,1,2,0,1,1,1.0,2.0
Bristol Hurricanes,"David Forsyth, Elvisi Dusha, Kobe Hill, Denzel Ubiaro, Vilmantas Dilys","Bristol Hurricanes|11,12,2,31,55",55,Vilmantas Dilys,12,Elvisi Dusha,1,2,0,1,1,1.0,2.0
Yorkshire Dragons,"Jordan Whelan, Logan Rooney, Jack Melke, Andreas Lycoudis, Corey Johnson","Yorkshire Dragons|23,3,5,7,9",7,Andreas Lycoudis,5,Jack Melke,1,2,0,1,1,1.0,2.0
Yorkshire Dragons,"Jordan Whelan, Logan Rooney, Jack Melke, Andreas Lycoudis, Corey Johnson","Yorkshire Dragons|23,3,5,7,9",7,Andreas Lycoudis,23,Jordan Whelan,1,2,0,1,1,1.0,2.0
Bristol Hurricanes,"Elvisi Dusha, Kobe Hill, Denzel Ubiaro, Vilmantas Dilys","Bristol Hurricanes|12,2,31,55",9,Chris Taylor,31,Denzel Ubiaro,1,2,0,1,1,1.0,2.0
Newcastle Knights,"Bradley Dean, Sam Trunley, Jaron Thames, Mekhi Hendry, Messiah Jones","Newcastle Knights|1,10,11,2,5",5,Messiah Jones,11,Jaron Thames,1,2,0,1,1,1.0,2.0
Newcastle Knights,"Bradley Dean, Sam Trunley, Jaron Thames, Mekhi Hendry, Messiah Jones","Newcastle Knights|1,10,11,2,5",10,Sam Trunley,11,Jaron Thames,1,2,0,1,1,1.0,2.0
Newcastle Knights,"Bradley Dean, Sam Trunley, Jaron Thames, Mekhi Hendry, Messiah Jones","Newcastle Knights|1,10,11,2,5",10,Sam Trunley,5,Messiah Jones,1,2,0,1,1,1.0,2.0
Newcastle Knights,"Bradley Dean, Sam Trunley, Jaron Thames, Scott Angus, Max Matthews","Newcastle Knights|1,10,11,7,8",11,Jaron Thames,7,Scott Angus,1,2,0,1,1,1.0,2.0
Newcastle Knights,"Bradley Dean, Sam Trunley, Jaron Thames, Scott Angus, Max Matthews","Newcastle Knights|1,10,11,7,8",10,Sam Trunley,1,Bradley Dean,1,2,0,1,1,1.0,2.0
London Cavaliers,"Juan Manning, Joe Richards, Marquel Beasley, Daniel Delsol-Lowry, Daniel Braster","London Cavaliers|10,11,15,21,23",11,Joe Richards,15,Marquel Beasley,1,2,0,1,1,1.0,2.0
Newcastle Knights,"Sam Trunley, Jaron Thames, Mekhi Hendry, Scott Angus, Max Matthews","Newcastle Knights|10,11,2,7,8",8,Max Matthews,11,Jaron Thames,1,2,0,1,1,1.0,2.0
London Cavaliers,"Juan Manning, Mekhi Collins, Daniel Delsol-Lowry, Daniel Braster, Aj Roberts","London Cavaliers|10,13,21,23,4",23,Daniel Braster,10,Juan Manning,1,2,0,1,1,1.0,2.0
Bristol Flyers II,"Yusuf Hafid, Lanre Ayinla, Jack Craggs, Nikolas Sagkovits, Nassim Ladjimi","Bristol Flyers II|0,10,12,21,24",0,Yusuf Hafid,10,Lanre Ayinla,1,2,0,1,1,1.0,2.0
Birmingham Rockets,"Ronald Blain, Luke Okosieme, Eric Donaldson, Lucas Mcgregor, Faaris Mughaal","Birmingham Rockets|0,21,3,6,7",7,Faaris Mughaal,0,Ronald Blain,1,2,0,1,1,1.0,2.0
Birmingham Rockets,"Ronald Blain, Luke Okosieme, Eric Donaldson, Lucas Mcgregor, Faaris Mughaal","Birmingham Rockets|0,21,3,6,7",7,Faaris Mughaal,21,Luke Okosieme,1,2,0,1,1,1.0,2.0
Bristol Flyers II,"Lanre Ayinla, Nikolas Sagkovits, Nassim Ladjimi, Anthony Bhebhe, Wickens Simba","Bristol Flyers II|10,21,24,4,6",4,Anthony Bhebhe,6,Wickens Simba,1,2,0,1,1,1.0,2.0
Birmingham Rockets,"Orlan Jackman, Zack Powell, Eric Donaldson, Lucas Mcgregor, Martyn Gayle","Birmingham Rockets|13,14,3,6,8",14,Zack Powell,6,Lucas Mcgregor,1,2,0,1,1,1.0,2.0
Birmingham Rockets,"Ronald Blain, Luke Okosieme, Eric Donaldson, Lucas Mcgregor, Faaris Mughaal","Birmingham Rockets|0,21,3,6,7",7,Faaris Mughaal,3,Eric Donaldson,1,2,0,1,1,1.0,2.0
Birmingham Rockets,"Ronald Blain, Orlan Jackman, Zack Powell, Lucas Mcgregor, Martyn Gayle","Birmingham Rockets|0,13,14,6,8",0,Ronald Blain,8,Martyn Gayle,1,2,0,1,1,1.0,2.0
Birmingham Rockets,"Ronald Blain, Orlan Jackman, Zack Powell, Larry Duru, Martyn Gayle","Birmingham Rockets|0,13,14,16,8",8,Martyn Gayle,14,Zack Powell,1,2,0,1,1,1.0,2.0
Birmingham Rockets,"Ronald Blain, Orlan Jackman, Zack Powell, Larry Duru, Martyn Gayle","Birmingham Rockets|0,13,14,16,8",0,Ronald Blain,14,Zack Powell,1,2,0,1,1,1.0,2.0
Birmingham Rockets,"Orlan Jackman, Zack Powell, Larry Duru, Faaris Mughaal, Martyn Gayle","Birmingham Rockets|13,14,16,7,8",14,Zack Powell,16,Larry Duru,1,2,0,1,1,1.0,2.0
Birmingham Rockets,"Orlan Jackman, Zack Powell, Larry Duru, Faaris Mughaal, Martyn Gayle","Birmingham Rockets|13,14,16,7,8",14,Zack Powell,13,Orlan Jackman,1,2,0,1,1,1.0,2.0
Bristol Flyers II,"Lanre Ayinla, Jack Craggs, Nikolas Sagkovits, Nassim Ladjimi, Anthony Bhebhe","Bristol Flyers II|10,12,21,24,4",10,Lanre Ayinla,24,Nassim Ladjimi,1,2,0,1,1,1.0,2.0
Bristol Flyers II,"Lanre Ayinla, Jack Craggs, Nikolas Sagkovits, Nassim Ladjimi, Anthony Bhebhe","Bristol Flyers II|10,12,21,24,4",4,Anthony Bhebhe,21,Nikolas Sagkovits,1,2,0,1,1,1.0,2.0
Bristol Flyers II,"Yusuf Hafid, Jack Craggs, Nikolas Sagkovits, Nassim Ladjimi, Luka Matthews","Bristol Flyers II|0,12,21,24,5",21,Nikolas Sagkovits,5,Luka Matthews,1,2,0,1,1,1.0,2.0
Birmingham Rockets,"Philip Basioudis, Tom Grayling, Zack Powell, Larry Duru, Faaris Mughaal","Birmingham Rockets|1,12,14,16,7",7,Faaris Mughaal,14,Zack Powell,1,2,0,1,1,1.0,2.0
Hemel Storm,"Mergim Sokoli, Kai Walker, Veron Eze, Di-Jani Parkinson, Sam Newman","Hemel Storm|0,11,21,23,4",4,Sam Newman,11,Kai Walker,1,2,0,1,1,1.0,2.0
Reading Rockets,"Ty Nsangu, La'quarne Sayles, Cooper Creek, Jax Bouknight, Victor Olarerin","Reading Rockets|12,13,14,4,8",14,Cooper Creek,8,Victor Olarerin,1,2,0,1,1,1.0,2.0
Hemel Storm,"Kai Walker, Matt Norman, Brayden Inger, Sam Newman, Jovan Rai","Hemel Storm|11,2,3,4,5",5,Jovan Rai,4,Sam Newman,1,2,0,1,1,1.0,2.0
Reading Rockets,"Malik Bryant, Ty Nsangu, Cooper Creek, Jax Bouknight, Yusef Salih","Reading Rockets|10,12,14,4,5",12,Ty Nsangu,5,Yusef Salih,1,2,0,1,1,1.0,2.0
Hemel Storm,"Darien Nelson-Henry, Matt Norman, Veron Eze, Brayden Inger, Sam Newman","Hemel Storm|10,2,21,3,4",2,Matt Norman,3,Brayden Inger,1,2,0,1,1,1.0,2.0
Hemel Storm,"Darien Nelson-Henry, Matt Norman, Veron Eze, Brayden Inger, Sam Newman","Hemel Storm|10,2,21,3,4",4,Sam Newman,21,Veron Eze,1,2,0,1,1,1.0,2.0
Reading Rockets,"Ty Nsangu, La'quarne Sayles, Jax Bouknight, Victor Olarerin, Simon Chamberlain","Reading Rockets|12,13,4,8,9",12,Ty Nsangu,8,Victor Olarerin,1,2,0,1,1,1.0,2.0
Hemel Storm,"Mergim Sokoli, Kai Walker, Matt Norman, Veron Eze, Di-Jani Parkinson","Hemel Storm|0,11,2,21,23",2,Matt Norman,2,Matt Norman,1,2,0,1,1,1.0,2.0
Reading Rockets,"Malik Bryant, Ty Nsangu, La'quarne Sayles, Cooper Creek, Yusef Salih","Reading Rockets|10,12,13,14,5",5,Yusef Salih,10,Malik Bryant,1,2,0,1,1,1.0,2.0
Hemel Storm,"Matt Norman, Veron Eze, Brayden Inger, Sam Newman, Jack Burnell","Hemel Storm|2,21,3,4,7",4,Sam Newman,2,Matt Norman,1,2,0,1,1,1.0,2.0
Hemel Storm,"Mergim Sokoli, Matt Norman, Di-Jani Parkinson, Brayden Inger, Jack Burnell","Hemel Storm|0,2,23,3,7",2,Matt Norman,3,Brayden Inger,1,2,0,1,1,1.0,2.0
Derby Trailblazers,"Jai Pathmarajah, Sean Mo Walker, Charlie Brown, Raheem May-Thompson, Malcolm Smith","Derby Trailblazers|22,3,4,7,9",22,Jai Pathmarajah,9,Malcolm Smith,1,2,0,1,1,1.0,2.0
Reading Rockets,"Malik Bryant, Ty Nsangu, Cooper Creek, Jax Bouknight, Victor Olarerin","Reading Rockets|10,12,14,4,8",12,Ty Nsangu,14,Cooper Creek,1,2,0,1,1,1.0,2.0
Reading Rockets,"Malik Bryant, Ty Nsangu, Cooper Creek, Jax Bouknight, Victor Olarerin","Reading Rockets|10,12,14,4,8",12,Ty Nsangu,8,Victor Olarerin,1,2,0,1,1,1.0,2.0
Reading Rockets,"Malik Bryant, Ty Nsangu, Jax Bouknight, Yusef Salih, Simon Chamberlain","Reading Rockets|10,12,4,5,9",5,Yusef Salih,10,Malik Bryant,1,2,0,1,1,1.0,2.0
Reading Rockets,"Malik Bryant, Ty Nsangu, Jax Bouknight, Yusef Salih, Simon Chamberlain","Reading Rockets|10,12,4,5,9",5,Yusef Salih,9,Simon Chamberlain,1,2,0,1,1,1.0,2.0
Reading Rockets,"Malik Bryant, Ty Nsangu, Cooper Creek, Yusef Salih, Victor Olarerin","Reading Rockets|10,12,14,5,8",5,Yusef Salih,10,Malik Bryant,1,2,0,1,1,1.0,2.0
Derby Trailblazers,"Sean Mo Walker, Robert Marsden, Charlie Brown, Raheem May-Thompson, Malcolm Smith","Derby Trailblazers|3,30,4,7,9",9,Malcolm Smith,30,Robert Marsden,1,2,0,1,1,1.0,2.0
Reading Rockets,"Malik Bryant, Ty Nsangu, Cooper Creek, Yusef Salih, Victor Olarerin","Reading Rockets|10,12,14,5,8",5,Yusef Salih,14,Cooper Creek,1,2,0,1,1,1.0,2.0
Derby Trailblazers,"Sean Mo Walker, Robert Marsden, Charlie Brown, Raheem May-Thompson, Malcolm Smith","Derby Trailblazers|3,30,4,7,9",4,Charlie Brown,7,Raheem May-Thompson,1,2,0,1,1,1.0,2.0
Reading Rockets,"Malik Bryant, Ty Nsangu, Cooper Creek, Jax Bouknight, Victor Olarerin","Reading Rockets|10,12,14,4,8",8,Victor Olarerin,12,Ty Nsangu,1,2,0,1,1,1.0,2.0
Derby Trailblazers,"Jai Pathmarajah, Robert Marsden, Charlie Brown, Raheem May-Thompson, Malcolm Smith","Derby Trailblazers|22,30,4,7,9",4,Charlie Brown,22,Jai Pathmarajah,1,2,0,1,1,1.0,2.0
Derby Trailblazers,"Casey Burr, Jai Pathmarajah, Robert Marsden, Raheem May-Thompson, Malcolm Smith","Derby Trailblazers|0,22,30,7,9",22,Jai Pathmarajah,30,Robert Marsden,1,2,0,1,1,1.0,2.0
Derby Trailblazers,"Casey Burr, Jai Pathmarajah, Robert Marsden, Raheem May-Thompson, Malcolm Smith","Derby Trailblazers|0,22,30,7,9",0,Casey Burr,22,Jai Pathmarajah,1,2,0,1,1,1.0,2.0
Reading Rockets,"Malik Bryant, Ty Nsangu, Cooper Creek, Yusef Salih, Victor Olarerin","Reading Rockets|10,12,14,5,8",10,Malik Bryant,8,Victor Olarerin,1,2,0,1,1,1.0,2.0
Derby Trailblazers,"Casey Burr, Jai Pathmarajah, Robert Marsden, Raheem May-Thompson, Malcolm Smith","Derby Trailblazers|0,22,30,7,9",9,Malcolm Smith,30,Robert Marsden,1,2,0,1,1,1.0,2.0
Worthing Thunder,"Danny Evans, Matthew Bryan-Amaning, Justin Hopkins, Adrian Scarborough, Elliott Dadds","Worthing Thunder|0,11,15,4,7",7,Elliott Dadds,0,Danny Evans,1,2,0,1,1,1.0,2.0
Loughborough Riders,"Johde Campbell, Seth Wylie, Oscar Curran, Ben Woog, Callum Keys","Loughborough Riders|0,43,6,7,8",8,Callum Keys,7,Ben Woog,1,2,0,1,1,1.0,2.0
Loughborough Riders,"Johde Campbell, Seth Wylie, Oscar Curran, Ben Woog, Callum Keys","Loughborough Riders|0,43,6,7,8",0,Johde Campbell,8,Callum Keys,1,2,0,1,1,1.0,2.0
Worthing Thunder,"Justin Hopkins, Elijah Maynard, Jonathan Lashley, Bode Adeluola, Elliott Dadds","Worthing Thunder|15,22,35,5,7",7,Elliott Dadds,35,Jonathan Lashley,1,2,0,1,1,1.0,2.0
Worthing Thunder,"Danny Evans, Matthew Bryan-Amaning, Justin Hopkins, Adrian Scarborough, Bode Adeluola","Worthing Thunder|0,11,15,4,5",11,Matthew Bryan-Amaning,4,Adrian Scarborough,1,2,0,1,1,1.0,2.0
Worthing Thunder,"Danny Evans, Justin Hopkins, Jonathan Lashley, Adrian Scarborough, Elliott Dadds","Worthing Thunder|0,15,35,4,7",7,Elliott Dadds,15,Justin Hopkins,1,2,0,1,1,1.0,2.0
Worthing Thunder,"Justin Hopkins, Elijah Maynard, Jonathan Lashley, Adrian Scarborough, Bode Adeluola","Worthing Thunder|15,22,35,4,5",5,Bode Adeluola,22,Elijah Maynard,1,2,0,1,1,1.0,2.0
Worthing Thunder,"Justin Hopkins, Elijah Maynard, Jonathan Lashley, Adrian Scarborough, Bode Adeluola","Worthing Thunder|15,22,35,4,5",4,Adrian Scarborough,22,Elijah Maynard,1,2,0,1,1,1.0,2.0
Loughborough Riders,"Michael Joiner, Jalen Cook, Milo Gordon, Oscar Curran, Ben Woog","Loughborough Riders|11,12,22,6,7",7,Ben Woog,12,Jalen Cook,1,2,0,1,1,1.0,2.0
Loughborough Riders,"Michael Joiner, Jalen Cook, Oscar Curran, Ben Woog, Callum Keys","Loughborough Riders|11,12,6,7,8",11,Michael Joiner,8,Callum Keys,1,2,0,1,1,1.0,2.0
Worthing Thunder,"Danny Evans, Matthew Bryan-Amaning, Justin Hopkins, Adrian Scarborough, Elliott Dadds","Worthing Thunder|0,11,15,4,7",15,Justin Hopkins,11,Matthew Bryan-Amaning,1,2,0,1,1,1.0,2.0
Loughborough Riders,"Johde Campbell, Michael Joiner, Jalen Cook, Milo Gordon, Ben Woog","Loughborough Riders|0,11,12,22,7",7,Ben Woog,22,Milo Gordon,1,2,0,1,1,1.0,2.0
Milton Keynes Breakers,"Dashawn Jackson, Luke Gregory, Mike New Jr., Blayne Freckleton, Chase Thompson","Milton Keynes Breakers|1,13,15,7,8",13,Luke Gregory,15,Mike New Jr.,1,2,0,1,1,1.0,2.0
Milton Keynes Breakers,"Kai Williams, Ben Baker-Mccann, Mike New Jr., Xavier Wilson, Blayne Freckleton","Milton Keynes Breakers|0,11,15,21,7",7,Blayne Freckleton,21,Xavier Wilson,1,2,0,1,1,1.0,2.0
Milton Keynes Breakers,"Kai Williams, Ben Baker-Mccann, Mike New Jr., Xavier Wilson, Blayne Freckleton","Milton Keynes Breakers|0,11,15,21,7",0,Kai Williams,11,Ben Baker-Mccann,1,2,0,1,1,1.0,2.0
Birmingham Rockets,"Zack Powell, Luke Okosieme, Eric Donaldson, Faaris Mughaal, Martyn Gayle","Birmingham Rockets|14,21,3,7,8",7,Faaris Mughaal,14,Zack Powell,1,2,0,1,1,1.0,2.0
Milton Keynes Breakers,"Dashawn Jackson, Ben Baker-Mccann, Jonas Dietrich, Xavier Wilson, Chase Thompson","Milton Keynes Breakers|1,11,12,21,8",1,Dashawn Jackson,21,Xavier Wilson,1,2,0,1,1,1.0,2.0
Milton Keynes Breakers,"Dashawn Jackson, Ben Baker-Mccann, Jonas Dietrich, Xavier Wilson, Chase Thompson","Milton Keynes Breakers|1,11,12,21,8",1,Dashawn Jackson,11,Ben Baker-Mccann,1,2,0,1,1,1.0,2.0
Birmingham Rockets,"Orlan Jackman, Eric Donaldson, Lucas Mcgregor, Faaris Mughaal, Martyn Gayle","Birmingham Rockets|13,3,6,7,8",13,Orlan Jackman,6,Lucas Mcgregor,1,2,0,1,1,1.0,2.0
Birmingham Rockets,"Orlan Jackman, Eric Donaldson, Lucas Mcgregor, Faaris Mughaal, Martyn Gayle","Birmingham Rockets|13,3,6,7,8",6,Lucas Mcgregor,13,Orlan Jackman,1,2,0,1,1,1.0,2.0
Milton Keynes Breakers,"Ben Baker-Mccann, Mike New Jr., Xavier Wilson, Blayne Freckleton, Chase Thompson","Milton Keynes Breakers|11,15,21,7,8",7,Blayne Freckleton,21,Xavier Wilson,1,2,0,1,1,1.0,2.0
Milton Keynes Breakers,"Ben Baker-Mccann, Jonas Dietrich, Xavier Wilson, Blayne Freckleton, Chase Thompson","Milton Keynes Breakers|11,12,21,7,8",21,Xavier Wilson,11,Ben Baker-Mccann,1,2,0,1,1,1.0,2.0
Milton Keynes Breakers,"Dashawn Jackson, Jonas Dietrich, Xavier Wilson, Blayne Freckleton, Chase Thompson","Milton Keynes Breakers|1,12,21,7,8",21,Xavier Wilson,1,Dashawn Jackson,1,2,0,1,1,1.0,2.0
Newcastle Knights,"Bradley Dean, Sam Trunley, Jaron Thames, Hafeez Abdul, Scott Angus","Newcastle Knights|1,10,11,3,7",11,Jaron Thames,3,Hafeez Abdul,1,2,0,1,1,1.0,2.0
Newcastle Knights,"Bradley Dean, Sam Trunley, Jaron Thames, Will Neighbour, Hafeez Abdul","Newcastle Knights|1,10,11,15,3",3,Hafeez Abdul,11,Jaron Thames,1,2,0,1,1,1.0,2.0
Newcastle Knights,"Bradley Dean, Sam Trunley, Jaron Thames, Hafeez Abdul, Max Matthews","Newcastle Knights|1,10,11,3,8",1,Bradley Dean,11,Jaron Thames,1,2,0,1,1,1.0,2.0
Essex Rebels,"Kyron Martin, Daniel Johnson-Thompson, Miles Brown, Tom Child, Ben Winter","Essex Rebels|10,13,2,22,5",22,Tom Child,13,Daniel Johnson-Thompson,1,2,0,1,1,1.0,2.0
Newcastle Knights,"Bradley Dean, Sam Trunley, Jaron Thames, Mekhi Hendry, Theo Riley","Newcastle Knights|1,10,11,2,9",10,Sam Trunley,11,Jaron Thames,1,2,0,1,1,1.0,2.0
Newcastle Knights,"Bradley Dean, Sam Trunley, Jaron Thames, Mekhi Hendry, Theo Riley","Newcastle Knights|1,10,11,2,9",1,Bradley Dean,11,Jaron Thames,1,2,0,1,1,1.0,2.0
Essex Rebels,"Kyron Martin, Remy Udeh, Miles Brown, Anthony Idiata-Mendez, Tom Child","Essex Rebels|10,14,2,20,22",22,Tom Child,14,Remy Udeh,1,2,0,1,1,1.0,2.0
Essex Rebels,"Kyron Martin, Remy Udeh, Miles Brown, Anthony Idiata-Mendez, Tom Child","Essex Rebels|10,14,2,20,22",2,Miles Brown,20,Anthony Idiata-Mendez,1,2,0,1,1,1.0,2.0
Newcastle Knights,"Bradley Dean, Sam Trunley, Jaron Thames, Will Neighbour, Max Matthews","Newcastle Knights|1,10,11,15,8",1,Bradley Dean,8,Max Matthews,1,2,0,1,1,1.0,2.0
Newcastle Knights,"Bradley Dean, Sam Trunley, Jaron Thames, Will Neighbour, Max Matthews","Newcastle Knights|1,10,11,15,8",10,Sam Trunley,11,Jaron Thames,1,2,0,1,1,1.0,2.0
Newcastle Knights,"Bradley Dean, Sam Trunley, Jaron Thames, Will Neighbour, Max Matthews","Newcastle Knights|1,10,11,15,8",1,Bradley Dean,11,Jaron Thames,1,2,0,1,1,1.0,2.0
Newcastle Knights,"Bradley Dean, Sam Trunley, Jaron Thames, Hafeez Abdul, Max Matthews","Newcastle Knights|1,10,11,3,8",10,Sam Trunley,11,Jaron Thames,1,2,0,1,1,1.0,2.0
Essex Rebels,"Remy Udeh, Miles Brown, Anthony Idiata-Mendez, Tom Child, Tyreese Hudson","Essex Rebels|14,2,20,22,9",22,Tom Child,9,Tyreese Hudson,1,2,0,1,1,1.0,2.0
Nottingham Hoods,"Micah Savery-Richards, Byrce Johnson, Donell Nixon Ii, Elliot Bailey, Sam Akano","Nottingham Hoods|14,21,24,6,7",24,Donell Nixon Ii,7,Sam Akano,1,2,0,1,1,1.0,2.0
Nottingham Hoods,"Micah Savery-Richards, Jani Griffith, Byrce Johnson, Donell Nixon Ii, Sam Akano","Nottingham Hoods|14,15,21,24,7",24,Donell Nixon Ii,14,Micah Savery-Richards,1,2,0,1,1,1.0,2.0
Bristol Hurricanes,"Daniel Edozie, David Forsyth, Elvisi Dusha, Jules Dang-Akodo, Chris Taylor","Bristol Hurricanes|1,11,12,23,9",12,Elvisi Dusha,11,David Forsyth,1,2,0,1,1,1.0,2.0
Bristol Hurricanes,"Daniel Edozie, Jules Dang-Akodo, Denzel Ubiaro, Corey Samuels, Chris Taylor","Bristol Hurricanes|1,23,31,4,9",9,Chris Taylor,4,Corey Samuels,1,2,0,1,1,1.0,2.0
Bristol Hurricanes,"Daniel Edozie, Elvisi Dusha, Kobe Hill, Denzel Ubiaro, Corey Samuels","Bristol Hurricanes|1,12,2,31,4",1,Daniel Edozie,12,Elvisi Dusha,1,2,0,1,1,1.0,2.0
Nottingham Hoods,"Tyrone Williams, Jani Griffith, Byrce Johnson, Donell Nixon Ii, Thierry Walker","Nottingham Hoods|1,15,21,24,4",1,Tyrone Williams,21,Byrce Johnson,1,2,0,1,1,1.0,2.0
Bristol Hurricanes,"Daniel Edozie, David Forsyth, Elvisi Dusha, Jules Dang-Akodo, Denzel Ubiaro","Bristol Hurricanes|1,11,12,23,31",23,Jules Dang-Akodo,11,David Forsyth,1,2,0,1,1,1.0,2.0
Bristol Hurricanes,"Daniel Edozie, David Forsyth, Kobe Hill, Denzel Ubiaro, Corey Samuels","Bristol Hurricanes|1,11,2,31,4",4,Corey Samuels,1,Daniel Edozie,1,2,0,1,1,1.0,2.0
Bristol Hurricanes,"Daniel Edozie, David Forsyth, Kobe Hill, Denzel Ubiaro, Corey Samuels","Bristol Hurricanes|1,11,2,31,4",1,Daniel Edozie,11,David Forsyth,1,2,0,1,1,1.0,2.0
Bristol Hurricanes,"Daniel Edozie, David Forsyth, Kobe Hill, Denzel Ubiaro, Corey Samuels","Bristol Hurricanes|1,11,2,31,4",4,Corey Samuels,31,Denzel Ubiaro,1,2,0,1,1,1.0,2.0
Nottingham Hoods,"Tyrone Williams, Micah Savery-Richards, Byrce Johnson, Donell Nixon Ii, Sam Akano","Nottingham Hoods|1,14,21,24,7",1,Tyrone Williams,24,Donell Nixon Ii,1,2,0,1,1,1.0,2.0
Yorkshire Dragons,"Ben Tew, Jordan Whelan, Logan Rooney, Jack Melke, Nick Lewis","Yorkshire Dragons|14,23,3,5,93",23,Jordan Whelan,14,Ben Tew,1,2,0,1,1,1.0,2.0
Yorkshire Dragons,"David Ulph, Andreas Lycoudis, Jordan Whelan, Jack Melke, Corey Johnson","Yorkshire Dragons|10,11,23,5,9",9,Corey Johnson,11,Andreas Lycoudis,1,2,0,1,1,1.0,2.0
Yorkshire Dragons,"Andreas Lycoudis, Ben Tew, Jordan Whelan, Jack Melke, Corey Johnson","Yorkshire Dragons|11,14,23,5,9",11,Andreas Lycoudis,9,Corey Johnson,1,2,0,1,1,1.0,2.0
Worthing Thunder,"Matthew Bryan-Amaning, Justin Hopkins, Elijah Maynard, Jonathan Lashley, Bode Adeluola","Worthing Thunder|11,15,22,35,5",35,Jonathan Lashley,22,Elijah Maynard,1,2,0,1,1,1.0,2.0
Yorkshire Dragons,"Ben Tew, Jordan Whelan, Jack Melke, Corey Johnson, Nick Lewis","Yorkshire Dragons|14,23,5,9,93",23,Jordan Whelan,14,Ben Tew,1,2,0,1,1,1.0,2.0
Yorkshire Dragons,"David Ulph, Logan Rooney, Jack Melke, Corey Johnson, Nick Lewis","Yorkshire Dragons|10,3,5,9,93",9,Corey Johnson,10,David Ulph,1,2,0,1,1,1.0,2.0
Worthing Thunder,"Justin Hopkins, Elijah Maynard, Jonathan Lashley, Adrian Scarborough, Elliott Dadds","Worthing Thunder|15,22,35,4,7",35,Jonathan Lashley,22,Elijah Maynard,1,2,0,1,1,1.0,2.0
Yorkshire Dragons,"David Ulph, Logan Rooney, Jack Melke, Corey Johnson, Nick Lewis","Yorkshire Dragons|10,3,5,9,93",3,Logan Rooney,10,David Ulph,1,2,0,1,1,1.0,2.0
Yorkshire Dragons,"Ronnie Ani, Ben Tew, Jordan Whelan, Logan Rooney, Corey Johnson","Yorkshire Dragons|1,14,23,3,9",23,Jordan Whelan,1,Ronnie Ani,1,2,0,1,1,1.0,2.0
Yorkshire Dragons,"Ronnie Ani, Ben Tew, Jordan Whelan, Logan Rooney, Corey Johnson","Yorkshire Dragons|1,14,23,3,9",1,Ronnie Ani,14,Ben Tew,1,2,0,1,1,1.0,2.0
Yorkshire Dragons,"Ronnie Ani, Ben Tew, Jordan Whelan, Logan Rooney, Corey Johnson","Yorkshire Dragons|1,14,23,3,9",3,Logan Rooney,23,Jordan Whelan,1,2,0,1,1,1.0,2.0
Yorkshire Dragons,"Ronnie Ani, Ben Tew, Jordan Whelan, Logan Rooney, Corey Johnson","Yorkshire Dragons|1,14,23,3,9",9,Corey Johnson,14,Ben Tew,1,2,0,1,1,1.0,2.0
Yorkshire Dragons,"Ronnie Ani, Ben Tew, Jordan Whelan, Logan Rooney, Corey Johnson","Yorkshire Dragons|1,14,23,3,9",9,Corey Johnson,1,Ronnie Ani,1,2,0,1,1,1.0,2.0
Yorkshire Dragons,"Ronnie Ani, David Ulph, Andreas Lycoudis, Jack Melke, Nick Lewis","Yorkshire Dragons|1,10,11,5,93",93,Nick Lewis,10,David Ulph,1,2,0,1,1,1.0,2.0
Yorkshire Dragons,"Ronnie Ani, David Ulph, Andreas Lycoudis, Jack Melke, Nick Lewis","Yorkshire Dragons|1,10,11,5,93",11,Andreas Lycoudis,93,Nick Lewis,1,2,0,1,1,1.0,2.0
Worthing Thunder,"Justin Hopkins, Elijah Maynard, Adrian Scarborough, Elliott Dadds, Alfie Price","Worthing Thunder|15,22,4,7,88",7,Elliott Dadds,15,Justin Hopkins,1,2,0,1,1,1.0,2.0
Worthing Thunder,"Danny Evans, Elijah Maynard, Elliott Dadds, Alfie Price, Briceny Lomeka","Worthing Thunder|0,22,7,88,9",0,Danny Evans,9,Briceny Lomeka,1,2,0,1,1,1.0,2.0
Milton Keynes Breakers,"Dashawn Jackson, Jonas Dietrich, Luke Gregory, Jordan Spencer, Thompson C","Milton Keynes Breakers|10,12,13,23,8",13,Luke Gregory,23,Jordan Spencer,1,2,0,1,1,1.0,2.0
Milton Keynes Breakers,"Dashawn Jackson, Jonas Dietrich, Luke Gregory, Jordan Spencer, Thompson C","Milton Keynes Breakers|10,12,13,23,8",8,Thompson C,10,Dashawn Jackson,1,2,0,1,1,1.0,2.0
Milton Keynes Breakers,"Dashawn Jackson, Jonas Dietrich, Luke Gregory, Jordan Spencer, Thompson C","Milton Keynes Breakers|10,12,13,23,8",12,Jonas Dietrich,10,Dashawn Jackson,1,2,0,1,1,1.0,2.0
Milton Keynes Breakers,"Ben Baker-Mccann, Jonas Dietrich, Mike New Jr., Blayne Freckleton, Thompson C","Milton Keynes Breakers|11,12,15,7,8",12,Jonas Dietrich,8,Thompson C,1,2,0,1,1,1.0,2.0
Bristol Flyers II,"Jack Craggs, Nikolas Sagkovits, Nassim Ladjimi, Anthony Bhebhe, Ebuka Ekwegh","Bristol Flyers II|12,21,24,4,6",4,Anthony Bhebhe,12,Jack Craggs,1,2,0,1,1,1.0,2.0
Milton Keynes Breakers,"Dashawn Jackson, Jonas Dietrich, Mike New Jr., Jordan Spencer, Thompson C","Milton Keynes Breakers|10,12,15,23,8",12,Jonas Dietrich,8,Thompson C,1,2,0,1,1,1.0,2.0
Milton Keynes Breakers,"Dashawn Jackson, Jonas Dietrich, Luke Gregory, Jordan Spencer, Thompson C","Milton Keynes Breakers|10,12,13,23,8",23,Jordan Spencer,13,Luke Gregory,1,2,0,1,1,1.0,2.0
Milton Keynes Breakers,"Dashawn Jackson, Jonas Dietrich, Luke Gregory, Mike New Jr., Jordan Spencer","Milton Keynes Breakers|10,12,13,15,23",13,Luke Gregory,15,Mike New Jr.,1,2,0,1,1,1.0,2.0
Bristol Flyers II,"Jack Craggs, Reggie Eigbe, Anthony Bhebhe, Luka Matthews, Luka Dinnall","Bristol Flyers II|12,13,4,5,8",4,Anthony Bhebhe,13,Reggie Eigbe,1,2,0,1,1,1.0,2.0
Milton Keynes Breakers,"Ben Baker-Mccann, Jonas Dietrich, Mike New Jr., Kalvin Oates, Blayne Freckleton","Milton Keynes Breakers|11,12,15,5,7",15,Mike New Jr.,11,Ben Baker-Mccann,1,2,0,1,1,1.0,2.0
Milton Keynes Breakers,"Dashawn Jackson, Jonas Dietrich, Luke Gregory, Gabriel Formeloza, Blayne Freckleton","Milton Keynes Breakers|10,12,13,6,7",7,Blayne Freckleton,13,Luke Gregory,1,2,0,1,1,1.0,2.0
Milton Keynes Breakers,"Dashawn Jackson, Jonas Dietrich, Luke Gregory, Gabriel Formeloza, Blayne Freckleton","Milton Keynes Breakers|10,12,13,6,7",7,Blayne Freckleton,6,Gabriel Formeloza,1,2,0,1,1,1.0,2.0
Milton Keynes Breakers,"Dashawn Jackson, Ben Baker-Mccann, Luke Gregory, Jordan Spencer, Gabriel Formeloza","Milton Keynes Breakers|10,11,13,23,6",6,Gabriel Formeloza,13,Luke Gregory,1,2,0,1,1,1.0,2.0
Bristol Flyers II,"Yusuf Hafid, Reggie Eigbe, Nassim Ladjimi, Ebuka Ekwegh, Rylan Bawden","Bristol Flyers II|0,13,24,6,9",6,Ebuka Ekwegh,13,Reggie Eigbe,1,2,0,1,1,1.0,2.0
Milton Keynes Breakers,"Dashawn Jackson, Ben Baker-Mccann, Luke Gregory, Jordan Spencer, Gabriel Formeloza","Milton Keynes Breakers|10,11,13,23,6",6,Gabriel Formeloza,11,Ben Baker-Mccann,1,2,0,1,1,1.0,2.0
Milton Keynes Breakers,"Dashawn Jackson, Ben Baker-Mccann, Luke Gregory, Jordan Spencer, Gabriel Formeloza","Milton Keynes Breakers|10,11,13,23,6",23,Jordan Spencer,13,Luke Gregory,1,2,0,1,1,1.0,2.0
Hemel Storm,"Veron Eze, Brayden Inger, Sam Newman, Jovan Rai, Jack Burnell","Hemel Storm|21,3,4,5,7",4,Sam Newman,21,Veron Eze,1,2,0,1,1,1.0,2.0
Hemel Storm,"Mergim Sokoli, Matt Norman, Veron Eze, Sam Newman, Jovan Rai","Hemel Storm|0,2,21,4,5",5,Jovan Rai,0,Mergim Sokoli,1,2,0,1,1,1.0,2.0
Hemel Storm,"Mergim Sokoli, Matt Norman, Veron Eze, Di-Jani Parkinson, Jovan Rai","Hemel Storm|0,2,21,23,5",0,Mergim Sokoli,5,Jovan Rai,1,2,0,1,1,1.0,2.0
Hemel Storm,"Kai Walker, Matt Norman, Veron Eze, Brayden Inger, Jovan Rai","Hemel Storm|11,2,21,3,5",2,Matt Norman,21,Veron Eze,1,2,0,1,1,1.0,2.0
Birmingham Rockets,"Ronald Blain, Zack Powell, Luke Okosieme, Eric Donaldson, Faaris Mughaal","Birmingham Rockets|0,14,21,3,7",3,Eric Donaldson,21,Luke Okosieme,1,2,0,1,1,1.0,2.0
Birmingham Rockets,"Ronald Blain, Zack Powell, Luke Okosieme, Eric Donaldson, Faaris Mughaal","Birmingham Rockets|0,14,21,3,7",3,Eric Donaldson,14,Zack Powell,1,2,0,1,1,1.0,2.0
Hemel Storm,"Mergim Sokoli, Matt Norman, Brayden Inger, Sam Newman, Jack Burnell","Hemel Storm|0,2,3,4,7",0,Mergim Sokoli,3,Brayden Inger,1,2,0,1,1,1.0,2.0
Birmingham Rockets,"Ronald Blain, Orlan Jackman, Zack Powell, Luke Okosieme, Martyn Gayle","Birmingham Rockets|0,13,14,21,8",13,Orlan Jackman,14,Zack Powell,1,2,0,1,1,1.0,2.0
Birmingham Rockets,"Ronald Blain, Orlan Jackman, Zack Powell, Eric Donaldson, Lucas Mcgregor","Birmingham Rockets|0,13,14,3,6",3,Eric Donaldson,13,Orlan Jackman,1,2,0,1,1,1.0,2.0
Birmingham Rockets,"Zack Powell, Luke Okosieme, Eric Donaldson, Lucas Mcgregor, Martyn Gayle","Birmingham Rockets|14,21,3,6,8",3,Eric Donaldson,21,Luke Okosieme,1,2,0,1,1,1.0,2.0
Hemel Storm,"Kai Walker, Di-Jani Parkinson, Brayden Inger, Sam Newman, Jack Burnell","Hemel Storm|11,23,3,4,7",4,Sam Newman,11,Kai Walker,1,2,0,1,1,1.0,2.0
Birmingham Rockets,"Ronald Blain, Zack Powell, Luke Okosieme, Lucas Mcgregor, Martyn Gayle","Birmingham Rockets|0,14,21,6,8",6,Lucas Mcgregor,0,Ronald Blain,1,2,0,1,1,1.0,2.0
Loughborough Riders,"Johde Campbell, Jalen Cook, Tomide Akinsuku, Dan Hadley, Callum Keys","Loughborough Riders|0,12,13,5,8",0,Johde Campbell,12,Jalen Cook,1,2,0,1,1,1.0,2.0
Loughborough Riders,"Johde Campbell, Jalen Cook, Tomide Akinsuku, Seth Wylie, Victor Ndoukou","Loughborough Riders|0,12,13,43,7",0,Johde Campbell,7,Victor Ndoukou,1,2,0,1,1,1.0,2.0
Reading Rockets,"Cooper Creek, Jax Bouknight, Yusef Salih, Victor Olarerin, Simon Chamberlain","Reading Rockets|14,4,5,8,9",9,Simon Chamberlain,8,Victor Olarerin,1,2,0,1,1,1.0,2.0
Reading Rockets,"Malik Bryant, Ty Nsangu, Yusef Salih, Victor Olarerin, Simon Chamberlain","Reading Rockets|10,12,5,8,9",5,Yusef Salih,8,Victor Olarerin,1,2,0,1,1,1.0,2.0
Reading Rockets,"Malik Bryant, Ty Nsangu, Cooper Creek, Yusef Salih, Victor Olarerin","Reading Rockets|10,12,14,5,8",8,Victor Olarerin,12,Ty Nsangu,1,2,0,1,1,1.0,2.0
Reading Rockets,"Malik Bryant, Ty Nsangu, Cooper Creek, Yusef Salih, Victor Olarerin","Reading Rockets|10,12,14,5,8",10,Malik Bryant,12,Ty Nsangu,1,2,0,1,1,1.0,2.0
Reading Rockets,"Malik Bryant, Cooper Creek, Yusef Salih, Eliaz (Zain) Poorman, Victor Olarerin","Reading Rockets|10,14,5,6,8",5,Yusef Salih,10,Malik Bryant,1,2,0,1,1,1.0,2.0
Reading Rockets,"Malik Bryant, Ty Nsangu, Yusef Salih, Eliaz (Zain) Poorman, Victor Olarerin","Reading Rockets|10,12,5,6,8",5,Yusef Salih,6,Eliaz (Zain) Poorman,1,2,0,1,1,1.0,2.0
Newcastle Knights,"Bradley Dean, Jaron Thames, Mekhi Hendry, Scott Angus, Max Matthews","Newcastle Knights|1,11,2,7,8",8,Max Matthews,11,Jaron Thames,1,2,0,1,1,1.0,2.0
Newcastle Knights,"Bradley Dean, Sam Trunley, Jaron Thames, Will Neighbour, Mekhi Hendry","Newcastle Knights|1,10,11,15,2",10,Sam Trunley,2,Mekhi Hendry,1,2,0,1,1,1.0,2.0
Nottingham Hoods,"Tyrone Williams, Micah Savery-Richards, Byrce Johnson, Donell Nixon Ii, Sam Akano","Nottingham Hoods|1,14,21,24,7",24,Donell Nixon Ii,21,Byrce Johnson,1,2,0,1,1,1.0,2.0
Newcastle Knights,"Bradley Dean, Sam Trunley, Jaron Thames, Robert Reed, Scott Angus","Newcastle Knights|1,10,11,6,7",11,Jaron Thames,7,Scott Angus,1,2,0,1,1,1.0,2.0
Newcastle Knights,"Bradley Dean, Sam Trunley, Jaron Thames, Robert Reed, Scott Angus","Newcastle Knights|1,10,11,6,7",6,Robert Reed,11,Jaron Thames,1,2,0,1,1,1.0,2.0
Nottingham Hoods,"Tyrone Williams, Byrce Johnson, Donell Nixon Ii, Thierry Walker, Elliot Bailey","Nottingham Hoods|1,21,24,4,6",1,Tyrone Williams,4,Thierry Walker,1,2,0,1,1,1.0,2.0
Newcastle Knights,"Bradley Dean, Sam Trunley, Jaron Thames, Jason Soodeen, Will Neighbour","Newcastle Knights|1,10,11,12,15",10,Sam Trunley,11,Jaron Thames,1,2,0,1,1,1.0,2.0
Nottingham Hoods,"Tyrone Williams, Micah Savery-Richards, Byrce Johnson, Donell Nixon Ii, Sam Akano","Nottingham Hoods|1,14,21,24,7",21,Byrce Johnson,1,Tyrone Williams,1,2,0,1,1,1.0,2.0
Newcastle Knights,"Bradley Dean, Sam Trunley, Jaron Thames, Jason Soodeen, Noah Saa","Newcastle Knights|1,10,11,12,14",10,Sam Trunley,1,Bradley Dean,1,2,0,1,1,1.0,2.0
Newcastle Knights,"Bradley Dean, Sam Trunley, Jaron Thames, Jason Soodeen, Noah Saa","Newcastle Knights|1,10,11,12,14",1,Bradley Dean,12,Jason Soodeen,1,2,0,1,1,1.0,2.0
Newcastle Knights,"Bradley Dean, Sam Trunley, Jaron Thames, Jason Soodeen, Noah Saa","Newcastle Knights|1,10,11,12,14",12,Jason Soodeen,11,Jaron Thames,1,2,0,1,1,1.0,2.0
Hemel Storm,"Mergim Sokoli, Kai Walker, Matt Norman, Brayden Inger, Sam Newman","Hemel Storm|0,11,2,3,4",2,Matt Norman,3,Brayden Inger,1,2,0,1,1,1.0,2.0
Hemel Storm,"Mergim Sokoli, Kai Walker, Matt Norman, Brayden Inger, Sam Newman","Hemel Storm|0,11,2,3,4",0,Mergim Sokoli,11,Kai Walker,1,2,0,1,1,1.0,2.0
Hemel Storm,"Mergim Sokoli, Kai Walker, Sam Newman, Jovan Rai, Jack Burnell","Hemel Storm|0,11,4,5,7",4,Sam Newman,5,Jovan Rai,1,2,0,1,1,1.0,2.0
Milton Keynes Breakers,"Ben Baker-Mccann, Luke Gregory, Jordan Spencer, Blayne Freckleton, Chase Thompson","Milton Keynes Breakers|11,13,23,7,8",23,Jordan Spencer,11,Ben Baker-Mccann,1,2,0,1,1,1.0,2.0
Hemel Storm,"Kai Walker, Matt Norman, Brayden Inger, Sam Newman, Jack Burnell","Hemel Storm|11,2,3,4,7",3,Brayden Inger,11,Kai Walker,1,2,0,1,1,1.0,2.0
Milton Keynes Breakers,"Jonas Dietrich, Xavier Wilson, Jordan Spencer, Blayne Freckleton, Chase Thompson","Milton Keynes Breakers|12,21,23,7,8",7,Blayne Freckleton,23,Jordan Spencer,1,2,0,1,1,1.0,2.0
Hemel Storm,"Kai Walker, Matt Norman, Brayden Inger, Sam Newman, Jack Burnell","Hemel Storm|11,2,3,4,7",3,Brayden Inger,7,Jack Burnell,1,2,0,1,1,1.0,2.0
Milton Keynes Breakers,"Dashawn Jackson, Ben Baker-Mccann, Xavier Wilson, Jordan Spencer, Chase Thompson","Milton Keynes Breakers|1,11,21,23,8",23,Jordan Spencer,1,Dashawn Jackson,1,2,0,1,1,1.0,2.0
Hemel Storm,"Kai Walker, Veron Eze, Brayden Inger, Sam Newman, Jack Burnell","Hemel Storm|11,21,3,4,7",4,Sam Newman,11,Kai Walker,1,2,0,1,1,1.0,2.0
Hemel Storm,"Mergim Sokoli, Kai Walker, Veron Eze, Sam Newman, Jack Burnell","Hemel Storm|0,11,21,4,7",0,Mergim Sokoli,11,Kai Walker,1,2,0,1,1,1.0,2.0
Milton Keynes Breakers,"Kai Williams, Dashawn Jackson, Jonas Dietrich, Jordan Spencer, Chase Thompson","Milton Keynes Breakers|0,1,12,23,8",23,Jordan Spencer,8,Chase Thompson,1,2,0,1,1,1.0,2.0
Milton Keynes Breakers,"Kai Williams, Dashawn Jackson, Jonas Dietrich, Jordan Spencer, Chase Thompson","Milton Keynes Breakers|0,1,12,23,8",23,Jordan Spencer,0,Kai Williams,1,2,0,1,1,1.0,2.0
Hemel Storm,"Kai Walker, Shaquille Lewis, Brayden Inger, Sam Newman, Jack Burnell","Hemel Storm|11,24,3,4,7",4,Sam Newman,24,Shaquille Lewis,1,2,0,1,1,1.0,2.0
Hemel Storm,"Kai Walker, Shaquille Lewis, Brayden Inger, Sam Newman, Jack Burnell","Hemel Storm|11,24,3,4,7",3,Brayden Inger,11,Kai Walker,1,2,0,1,1,1.0,2.0
Hemel Storm,"Kai Walker, Shaquille Lewis, Brayden Inger, Sam Newman, Jack Burnell","Hemel Storm|11,24,3,4,7",4,Sam Newman,3,Brayden Inger,1,2,0,1,1,1.0,2.0
Milton Keynes Breakers,"Ben Baker-Mccann, Luke Gregory, Mike New Jr., Jordan Spencer, Blayne Freckleton","Milton Keynes Breakers|11,13,15,23,7",13,Luke Gregory,15,Mike New Jr.,1,2,0,1,1,1.0,2.0
Hemel Storm,"Kai Walker, Matt Norman, Shaquille Lewis, Sam Newman, Jack Burnell","Hemel Storm|11,2,24,4,7",2,Matt Norman,11,Kai Walker,1,2,0,1,1,1.0,2.0
Yorkshire Dragons,"Ronnie Ani, Ben Tew, Jordan Whelan, Corey Johnson, Nick Lewis","Yorkshire Dragons|1,14,23,9,93",14,Ben Tew,9,Corey Johnson,1,2,0,1,1,1.0,2.0
London Cavaliers,"Daniel Delsol-Lowry, Mekhi Collins, Daniel Braster, Aj Roberts, Aaron Pyne","London Cavaliers|12,13,23,4,7",4,Aj Roberts,13,Mekhi Collins,1,2,0,1,1,1.0,2.0
London Cavaliers,"Daniel Delsol-Lowry, Mekhi Collins, Daniel Braster, Aj Roberts, Aaron Pyne","London Cavaliers|12,13,23,4,7",7,Aaron Pyne,13,Mekhi Collins,1,2,0,1,1,1.0,2.0
Yorkshire Dragons,"Ronnie Ani, Ben Tew, Jordan Whelan, Corey Johnson, Nick Lewis","Yorkshire Dragons|1,14,23,9,93",9,Corey Johnson,23,Jordan Whelan,1,2,0,1,1,1.0,2.0
Yorkshire Dragons,"Ben Tew, Jordan Whelan, Jack Melke, Corey Johnson, Nick Lewis","Yorkshire Dragons|14,23,5,9,93",93,Nick Lewis,23,Jordan Whelan,1,2,0,1,1,1.0,2.0
Yorkshire Dragons,"David Ulph, Jordan Whelan, Jack Melke, Corey Johnson, Nick Lewis","Yorkshire Dragons|10,23,5,9,93",9,Corey Johnson,23,Jordan Whelan,1,2,0,1,1,1.0,2.0
London Cavaliers,"Juan Manning, Daniel Delsol-Lowry, Mekhi Collins, Marquel Beasley, Aj Roberts","London Cavaliers|10,12,13,15,4",12,Daniel Delsol-Lowry,15,Marquel Beasley,1,2,0,1,1,1.0,2.0
London Cavaliers,"Juan Manning, Daniel Delsol-Lowry, Mekhi Collins, Marquel Beasley, Aj Roberts","London Cavaliers|10,12,13,15,4",10,Juan Manning,4,Aj Roberts,1,2,0,1,1,1.0,2.0
Essex Rebels,"Daniel Johnson-Thompson, Remy Udeh, Miles Brown, Anthony Idiata-Mendez, Tom Child","Essex Rebels|13,14,2,20,22",14,Remy Udeh,13,Daniel Johnson-Thompson,1,2,0,1,1,1.0,2.0
Essex Rebels,"Daniel Johnson-Thompson, Remy Udeh, Miles Brown, Anthony Idiata-Mendez, Tom Child","Essex Rebels|13,14,2,20,22",2,Miles Brown,20,Anthony Idiata-Mendez,1,2,0,1,1,1.0,2.0
Bristol Flyers II,"Yusuf Hafid, Lanre Ayinla, Jack Craggs, Reggie Eigbe, Nassim Ladjimi","Bristol Flyers II|0,10,12,13,24",13,Reggie Eigbe,10,Lanre Ayinla,1,2,0,1,1,1.0,2.0
Essex Rebels,"Michael Amako, Remy Udeh, Miles Brown, Tom Child, Tyreese Hudson","Essex Rebels|1,14,2,22,9",14,Remy Udeh,2,Miles Brown,1,2,0,1,1,1.0,2.0
Bristol Flyers II,"Lanre Ayinla, Reggie Eigbe, Nikolas Sagkovits, Anthony Bhebhe, Rylan Bawden","Bristol Flyers II|10,13,21,4,9",4,Anthony Bhebhe,21,Nikolas Sagkovits,1,2,0,1,1,1.0,2.0
Essex Rebels,"Daniel Johnson-Thompson, Remy Udeh, Miles Brown, Anthony Idiata-Mendez, Tom Child","Essex Rebels|13,14,2,20,22",22,Tom Child,13,Daniel Johnson-Thompson,1,2,0,1,1,1.0,2.0
Essex Rebels,"Mou Wol-Cummings, Michael Amako, Miles Brown, Ben Winter, Tyreese Hudson","Essex Rebels|0,1,2,5,9",5,Ben Winter,1,Michael Amako,1,2,0,1,1,1.0,2.0
Essex Rebels,"Mou Wol-Cummings, Michael Amako, Anthony Idiata-Mendez, Harry Gent, Ben Winter","Essex Rebels|0,1,20,36,5",5,Ben Winter,20,Anthony Idiata-Mendez,1,2,0,1,1,1.0,2.0
Essex Rebels,"Mou Wol-Cummings, Michael Amako, Remy Udeh, Anthony Idiata-Mendez, Harry Gent","Essex Rebels|0,1,14,20,36",0,Mou Wol-Cummings,1,Michael Amako,1,2,0,1,1,1.0,2.0
Essex Rebels,"Mou Wol-Cummings, Michael Amako, Daniel Johnson-Thompson, Remy Udeh, Harry Gent","Essex Rebels|0,1,13,14,36",1,Michael Amako,14,Remy Udeh,1,2,0,1,1,1.0,2.0
Bristol Flyers II,"Yusuf Hafid, Jack Craggs, Nassim Ladjimi, Wickens Simba, Rylan Bawden","Bristol Flyers II|0,12,24,6,9",9,Rylan Bawden,12,Jack Craggs,1,2,0,1,1,1.0,2.0
Bristol Flyers II,"Yusuf Hafid, Zak Riabi, Nikolas Sagkovits, Wickens Simba, Thomas Browne","Bristol Flyers II|0,15,21,6,8",0,Yusuf Hafid,21,Nikolas Sagkovits,1,2,0,1,1,1.0,2.0
Loughborough Riders,"Johde Campbell, Victor Ndoukou, Jalen Cook, Tomide Akinsuku, Dan Hadley","Loughborough Riders|0,21,31,36,5",0,Johde Campbell,36,Tomide Akinsuku,1,2,0,1,1,1.0,2.0
Loughborough Riders,"Johde Campbell, Victor Ndoukou, Jalen Cook, Liam Campbell, Callum Keys","Loughborough Riders|0,21,31,4,8",0,Johde Campbell,8,Callum Keys,1,2,0,1,1,1.0,2.0
Loughborough Riders,"Johde Campbell, Victor Ndoukou, Jalen Cook, Liam Campbell, Callum Keys","Loughborough Riders|0,21,31,4,8",0,Johde Campbell,31,Jalen Cook,1,2,0,1,1,1.0,2.0
Loughborough Riders,"Victor Ndoukou, Jalen Cook, Liam Campbell, Oscar Curran, Callum Keys","Loughborough Riders|21,31,4,6,8",4,Liam Campbell,6,Oscar Curran,1,2,0,1,1,1.0,2.0
Derby Trailblazers,"Casey Burr, Connor Washington, Sean Mo Walker, Charlie Brown, Malcolm Smith","Derby Trailblazers|0,13,3,4,9",9,Malcolm Smith,3,Sean Mo Walker,1,2,0,1,1,1.0,2.0
Derby Trailblazers,"Jai Pathmarajah, Robert Marsden, Charlie Brown, Raheem May-Thompson, Malcolm Smith","Derby Trailblazers|22,30,4,7,9",4,Charlie Brown,9,Malcolm Smith,1,2,0,1,1,1.0,2.0
Loughborough Riders,"Johde Campbell, Victor Ndoukou, Jalen Cook, Liam Campbell, Dan Hadley","Loughborough Riders|0,21,31,4,5",4,Liam Campbell,31,Jalen Cook,1,2,0,1,1,1.0,2.0
Loughborough Riders,"Johde Campbell, Victor Ndoukou, Jalen Cook, Tomide Akinsuku, Dan Hadley","Loughborough Riders|0,21,31,36,5",0,Johde Campbell,5,Dan Hadley,1,2,0,1,1,1.0,2.0
Loughborough Riders,"Johde Campbell, Victor Ndoukou, Jalen Cook, Tomide Akinsuku, Dan Hadley","Loughborough Riders|0,21,31,36,5",21,Victor Ndoukou,5,Dan Hadley,1,2,0,1,1,1.0,2.0
Loughborough Riders,"Johde Campbell, Victor Ndoukou, Jalen Cook, Dan Hadley, Callum Keys","Loughborough Riders|0,21,31,5,8",0,Johde Campbell,8,Callum Keys,1,2,0,1,1,1.0,2.0
Loughborough Riders,"Johde Campbell, Victor Ndoukou, Jalen Cook, Dan Hadley, Callum Keys","Loughborough Riders|0,21,31,5,8",5,Dan Hadley,0,Johde Campbell,1,2,0,1,1,1.0,2.0
Derby Trailblazers,"Connor Washington, Jai Pathmarajah, Sean Mo Walker, Charlie Brown, Malcolm Smith","Derby Trailblazers|13,22,3,4,9",3,Sean Mo Walker,22,Jai Pathmarajah,1,2,0,1,1,1.0,2.0
Loughborough Riders,"Victor Ndoukou, Jalen Cook, Liam Campbell, Seth Wylie, Callum Keys","Loughborough Riders|21,31,4,43,8",4,Liam Campbell,31,Jalen Cook,1,2,0,1,1,1.0,2.0
Derby Trailblazers,"Jai Pathmarajah, Robert Marsden, Charlie Brown, Raheem May-Thompson, Malcolm Smith","Derby Trailblazers|22,30,4,7,9",30,Robert Marsden,7,Raheem May-Thompson,1,2,0,1,1,1.0,2.0
Derby Trailblazers,"Jai Pathmarajah, Robert Marsden, Charlie Brown, Raheem May-Thompson, Malcolm Smith","Derby Trailblazers|22,30,4,7,9",30,Robert Marsden,9,Malcolm Smith,1,2,0,1,1,1.0,2.0
Loughborough Riders,"Johde Campbell, Jalen Cook, Tomide Akinsuku, Dan Hadley, Callum Keys","Loughborough Riders|0,31,36,5,8",36,Tomide Akinsuku,31,Jalen Cook,1,2,0,1,1,1.0,2.0
Bristol Hurricanes,"Daniel Edozie, David Forsyth, Jules Dang-Akodo, Denzel Ubiaro, Corey Samuels","Bristol Hurricanes|1,11,23,31,4",1,Daniel Edozie,4,Corey Samuels,1,2,0,1,1,1.0,2.0
Birmingham Rockets,"Ronald Blain, Orlan Jackman, Eric Donaldson, Lucas Mcgregor, Faaris Mughaal","Birmingham Rockets|0,13,3,6,7",13,Orlan Jackman,3,Eric Donaldson,1,2,0,1,1,1.0,2.0
Bristol Hurricanes,"Daniel Edozie, David Forsyth, Jules Dang-Akodo, Denzel Ubiaro, Corey Samuels","Bristol Hurricanes|1,11,23,31,4",11,David Forsyth,4,Corey Samuels,1,2,0,1,1,1.0,2.0
Bristol Hurricanes,"Daniel Edozie, David Forsyth, Jules Dang-Akodo, Denzel Ubiaro, Corey Samuels","Bristol Hurricanes|1,11,23,31,4",23,Jules Dang-Akodo,1,Daniel Edozie,1,2,0,1,1,1.0,2.0
Bristol Hurricanes,"Daniel Edozie, David Forsyth, Jules Dang-Akodo, Denzel Ubiaro, Corey Samuels","Bristol Hurricanes|1,11,23,31,4",31,Denzel Ubiaro,1,Daniel Edozie,1,2,0,1,1,1.0,2.0
Bristol Hurricanes,"Daniel Edozie, David Forsyth, Jules Dang-Akodo, Denzel Ubiaro, Corey Samuels","Bristol Hurricanes|1,11,23,31,4",1,Daniel Edozie,31,Denzel Ubiaro,1,2,0,1,1,1.0,2.0
Bristol Hurricanes,"Daniel Edozie, David Forsyth, Jules Dang-Akodo, Corey Samuels, Chris Taylor","Bristol Hurricanes|1,11,23,4,9",4,Corey Samuels,1,Daniel Edozie,1,2,0,1,1,1.0,2.0
Birmingham Rockets,"Zack Powell, Luke Okosieme, Eric Donaldson, Lucas Mcgregor, Martyn Gayle","Birmingham Rockets|14,21,3,6,8",8,Martyn Gayle,21,Luke Okosieme,1,2,0,1,1,1.0,2.0
Birmingham Rockets,"Zack Powell, Luke Okosieme, Eric Donaldson, Lucas Mcgregor, Martyn Gayle","Birmingham Rockets|14,21,3,6,8",6,Lucas Mcgregor,3,Eric Donaldson,1,2,0,1,1,1.0,2.0
Bristol Hurricanes,"Daniel Edozie, Elvisi Dusha, Kobe Hill, Denzel Ubiaro, Corey Samuels","Bristol Hurricanes|1,12,2,31,4",4,Corey Samuels,1,Daniel Edozie,1,2,0,1,1,1.0,2.0
Bristol Hurricanes,"Daniel Edozie, Elvisi Dusha, Kobe Hill, Denzel Ubiaro, Chris Taylor","Bristol Hurricanes|1,12,2,31,9",9,Chris Taylor,31,Denzel Ubiaro,1,2,0,1,1,1.0,2.0
Bristol Hurricanes,"David Forsyth, Elvisi Dusha, Jules Dang-Akodo, Denzel Ubiaro, Corey Samuels","Bristol Hurricanes|11,12,23,31,4",31,Denzel Ubiaro,4,Corey Samuels,1,2,0,1,1,1.0,2.0
Bristol Hurricanes,"David Forsyth, Elvisi Dusha, Jules Dang-Akodo, Corey Samuels, Chris Taylor","Bristol Hurricanes|11,12,23,4,9",4,Corey Samuels,23,Jules Dang-Akodo,1,2,0,1,1,1.0,2.0
Bristol Hurricanes,"David Forsyth, Elvisi Dusha, Jules Dang-Akodo, Corey Samuels, Chris Taylor","Bristol Hurricanes|11,12,23,4,9",9,Chris Taylor,11,David Forsyth,1,2,0,1,1,1.0,2.0
Birmingham Rockets,"Tom Grayling, Larry Duru, Luke Okosieme, Lucas Mcgregor, Faaris Mughaal","Birmingham Rockets|12,16,21,6,7",6,Lucas Mcgregor,21,Luke Okosieme,1,2,0,1,1,1.0,2.0
Birmingham Rockets,"Tom Grayling, Larry Duru, Luke Okosieme, Lucas Mcgregor, Faaris Mughaal","Birmingham Rockets|12,16,21,6,7",7,Faaris Mughaal,21,Luke Okosieme,1,2,0,1,1,1.0,2.0
Birmingham Rockets,"Philip Basioudis, Tom Grayling, Larry Duru, Luke Okosieme, Faaris Mughaal","Birmingham Rockets|1,12,16,21,7",1,Philip Basioudis,7,Faaris Mughaal,1,2,0,1,1,1.0,2.0
Hemel Storm,"Mergim Sokoli, Matt Norman, Veron Eze, Sam Newman, Jovan Rai","Hemel Storm|0,2,21,4,5",4,Sam Newman,0,Mergim Sokoli,1,2,0,1,1,1.0,2.0
Birmingham Rockets,"Orlan Jackman, Zack Powell, Eric Donaldson, Faaris Mughaal, Martyn Gayle","Birmingham Rockets|13,14,3,7,8",8,Martyn Gayle,13,Orlan Jackman,1,2,0,1,1,1.0,2.0
Hemel Storm,"Kai Walker, Matt Norman, Di-Jani Parkinson, Brayden Inger, Sam Newman","Hemel Storm|11,2,23,3,4",4,Sam Newman,3,Brayden Inger,1,2,0,1,1,1.0,2.0
Birmingham Rockets,"Ronald Blain, Orlan Jackman, Zack Powell, Lucas Mcgregor, Martyn Gayle","Birmingham Rockets|0,13,14,6,8",14,Zack Powell,13,Orlan Jackman,1,2,0,1,1,1.0,2.0
Hemel Storm,"Kai Walker, Brayden Inger, Sam Newman, Jovan Rai, Jack Burnell","Hemel Storm|11,3,4,5,7",11,Kai Walker,3,Brayden Inger,1,2,0,1,1,1.0,2.0
Hemel Storm,"Mergim Sokoli, Kai Walker, Veron Eze, Di-Jani Parkinson, Jack Burnell","Hemel Storm|0,11,21,23,7",11,Kai Walker,21,Veron Eze,1,2,0,1,1,1.0,2.0
Hemel Storm,"Mergim Sokoli, Kai Walker, Veron Eze, Di-Jani Parkinson, Jack Burnell","Hemel Storm|0,11,21,23,7",11,Kai Walker,23,Di-Jani Parkinson,1,2,0,1,1,1.0,2.0
Hemel Storm,"Mergim Sokoli, Veron Eze, Brayden Inger, Sam Newman, Jovan Rai","Hemel Storm|0,21,3,4,5",4,Sam Newman,3,Brayden Inger,1,2,0,1,1,1.0,2.0
Hemel Storm,"Kai Walker, Veron Eze, Brayden Inger, Sam Newman, Jack Burnell","Hemel Storm|11,21,3,4,7",7,Jack Burnell,11,Kai Walker,1,2,0,1,1,1.0,2.0
Worthing Thunder,"Danny Evans, Matthew Bryan-Amaning, Justin Hopkins, Adrian Scarborough, Elliott Dadds","Worthing Thunder|0,11,15,4,7",11,Matthew Bryan-Amaning,4,Adrian Scarborough,1,2,0,1,1,1.0,2.0
Worthing Thunder,"Matthew Bryan-Amaning, Justin Hopkins, Elijah Maynard, Adrian Scarborough, Elliott Dadds","Worthing Thunder|11,15,22,4,7",15,Justin Hopkins,22,Elijah Maynard,1,2,0,1,1,1.0,2.0
Reading Rockets,"Malik Bryant, Cooper Creek, Yusef Salih, Eliaz (Zain) Poorman, Victor Olarerin","Reading Rockets|10,14,5,6,8",14,Cooper Creek,6,Eliaz (Zain) Poorman,1,2,0,1,1,1.0,2.0
Worthing Thunder,"Matthew Bryan-Amaning, Justin Hopkins, Elijah Maynard, Jonathan Lashley, Bode Adeluola","Worthing Thunder|11,15,22,35,5",5,Bode Adeluola,15,Justin Hopkins,1,2,0,1,1,1.0,2.0
Worthing Thunder,"Danny Evans, Justin Hopkins, Adrian Scarborough, Bode Adeluola, Elliott Dadds","Worthing Thunder|0,15,4,5,7",0,Danny Evans,4,Adrian Scarborough,1,2,0,1,1,1.0,2.0
Worthing Thunder,"Danny Evans, Justin Hopkins, Adrian Scarborough, Bode Adeluola, Elliott Dadds","Worthing Thunder|0,15,4,5,7",5,Bode Adeluola,0,Danny Evans,1,2,0,1,1,1.0,2.0
Worthing Thunder,"Justin Hopkins, Elijah Maynard, Adrian Scarborough, Bode Adeluola, Elliott Dadds","Worthing Thunder|15,22,4,5,7",15,Justin Hopkins,22,Elijah Maynard,1,2,0,1,1,1.0,2.0
Reading Rockets,"Malik Bryant, Ty Nsangu, Yusef Salih, Eliaz (Zain) Poorman, Victor Olarerin","Reading Rockets|10,12,5,6,8",12,Ty Nsangu,6,Eliaz (Zain) Poorman,1,2,0,1,1,1.0,2.0
Loughborough Riders,"Johde Campbell, Victor Ndukou, Jalen Cook, Tomide Akinsuku, Dan Hadley","Loughborough Riders|0,21,31,36,5",36,Tomide Akinsuku,31,Jalen Cook,1,2,0,1,1,1.0,2.0
Loughborough Riders,"Johde Campbell, Victor Ndukou, Jalen Cook, Tomide Akinsuku, Dan Hadley","Loughborough Riders|0,21,31,36,5",0,Johde Campbell,36,Tomide Akinsuku,1,2,0,1,1,1.0,2.0
Loughborough Riders,"Victor Ndukou, Jalen Cook, Tomide Akinsuku, Seth Wylie, Oscar Curran","Loughborough Riders|21,31,36,43,6",43,Seth Wylie,36,Tomide Akinsuku,1,2,0,1,1,1.0,2.0
Loughborough Riders,"Victor Ndukou, Jalen Cook, Tomide Akinsuku, Seth Wylie, Oscar Curran","Loughborough Riders|21,31,36,43,6",43,Seth Wylie,21,Victor Ndukou,1,2,0,1,1,1.0,2.0
Loughborough Riders,"Johde Campbell, Victor Ndukou, Jalen Cook, Tomide Akinsuku, Dan Hadley","Loughborough Riders|0,21,31,36,5",0,Johde Campbell,31,Jalen Cook,1,2,0,1,1,1.0,2.0
Nottingham Hoods,"Abiodun Adedo, Tyrone Williams, Micah Savery-Richards, Byrce Johnson, Donell Nixon Ii","Nottingham Hoods|0,1,14,21,24",24,Donell Nixon Ii,0,Abiodun Adedo,1,2,0,1,1,1.0,2.0
Nottingham Hoods,"Abiodun Adedo, Tyrone Williams, Micah Savery-Richards, Byrce Johnson, Donell Nixon Ii","Nottingham Hoods|0,1,14,21,24",1,Tyrone Williams,0,Abiodun Adedo,1,2,0,1,1,1.0,2.0
Loughborough Riders,"Johde Campbell, Victor Ndukou, Jalen Cook, Seth Wylie, Callum Keys","Loughborough Riders|0,21,31,43,8",21,Victor Ndukou,0,Johde Campbell,1,2,0,1,1,1.0,2.0
Nottingham Hoods,"Tyrone Williams, Byrce Johnson, Latrell Maitland, Donell Nixon Ii, Elliot Bailey","Nottingham Hoods|1,21,23,24,6",1,Tyrone Williams,24,Donell Nixon Ii,1,2,0,1,1,1.0,2.0
Loughborough Riders,"Johde Campbell, Victor Ndukou, Jalen Cook, Seth Wylie, Callum Keys","Loughborough Riders|0,21,31,43,8",0,Johde Campbell,31,Jalen Cook,1,2,0,1,1,1.0,2.0
Nottingham Hoods,"Tyrone Williams, Byrce Johnson, Latrell Maitland, Donell Nixon Ii, Elliot Bailey","Nottingham Hoods|1,21,23,24,6",21,Byrce Johnson,1,Tyrone Williams,1,2,0,1,1,1.0,2.0
Loughborough Riders,"Johde Campbell, Victor Ndukou, Jalen Cook, Tomide Akinsuku, Dan Hadley","Loughborough Riders|0,21,31,36,5",0,Johde Campbell,21,Victor Ndukou,1,2,0,1,1,1.0,2.0
Nottingham Hoods,"Abiodun Adedo, Tyrone Williams, Donell Nixon Ii, Thierry Walker, Elliot Bailey","Nottingham Hoods|0,1,24,4,6",4,Thierry Walker,1,Tyrone Williams,1,2,0,1,1,1.0,2.0
Loughborough Riders,"Johde Campbell, Victor Ndukou, Jalen Cook, Tomide Akinsuku, Dan Hadley","Loughborough Riders|0,21,31,36,5",5,Dan Hadley,31,Jalen Cook,1,2,0,1,1,1.0,2.0
Loughborough Riders,"Johde Campbell, Victor Ndukou, Jalen Cook, Seth Wylie, Callum Keys","Loughborough Riders|0,21,31,43,8",43,Seth Wylie,8,Callum Keys,1,2,0,1,1,1.0,2.0
Loughborough Riders,"Victor Ndukou, Tomide Akinsuku, Liam Campbell, Seth Wylie, Callum Keys","Loughborough Riders|21,36,4,43,8",4,Liam Campbell,21,Victor Ndukou,1,2,0,1,1,1.0,2.0
Loughborough Riders,"Johde Campbell, Victor Ndukou, Jalen Cook, Tomide Akinsuku, Callum Keys","Loughborough Riders|0,21,31,36,8",36,Tomide Akinsuku,31,Jalen Cook,1,2,0,1,1,1.0,2.0
Loughborough Riders,"Johde Campbell, Victor Ndukou, Jalen Cook, Liam Campbell, Callum Keys","Loughborough Riders|0,21,31,4,8",0,Johde Campbell,21,Victor Ndukou,1,2,0,1,1,1.0,2.0
London Cavaliers,"Juan Manning, Mekhi Collins, Daniel Delsol-Lowry, Aj Roberts, Aaron Pyne","London Cavaliers|10,13,21,4,7",7,Aaron Pyne,13,Mekhi Collins,1,2,0,1,1,1.0,2.0
Milton Keynes Breakers,"Dashawn Jackson, Ben Baker-Mccann, Luke Gregory, Mike New Jr., Blayne Freckleton","Milton Keynes Breakers|10,11,13,15,7",11,Ben Baker-Mccann,10,Dashawn Jackson,1,2,0,1,1,1.0,2.0
Milton Keynes Breakers,"Ben Baker-Mccann, Xavier Wilson, Jordan Spencer, Blayne Freckleton, Chase Thompson","Milton Keynes Breakers|11,21,23,7,8",7,Blayne Freckleton,23,Jordan Spencer,1,2,0,1,1,1.0,2.0
London Cavaliers,"Mekhi Collins, Marquel Beasley, Daniel Delsol-Lowry, Daniel Braster, Aj Roberts","London Cavaliers|13,15,21,23,4",21,Daniel Delsol-Lowry,23,Daniel Braster,1,2,0,1,1,1.0,2.0
London Cavaliers,"Juan Manning, Mekhi Collins, Daniel Braster, Aj Roberts, Aaron Pyne","London Cavaliers|10,13,23,4,7",23,Daniel Braster,4,Aj Roberts,1,2,0,1,1,1.0,2.0
Milton Keynes Breakers,"Dashawn Jackson, Xavier Wilson, Jordan Spencer, Blayne Freckleton, Chase Thompson","Milton Keynes Breakers|10,21,23,7,8",8,Chase Thompson,21,Xavier Wilson,1,2,0,1,1,1.0,2.0
Milton Keynes Breakers,"Dashawn Jackson, Xavier Wilson, Jordan Spencer, Blayne Freckleton, Chase Thompson","Milton Keynes Breakers|10,21,23,7,8",8,Chase Thompson,23,Jordan Spencer,1,2,0,1,1,1.0,2.0
Milton Keynes Breakers,"Ben Baker-Mccann, Mike New Jr., Xavier Wilson, Jordan Spencer, Blayne Freckleton","Milton Keynes Breakers|11,15,21,23,7",7,Blayne Freckleton,21,Xavier Wilson,1,2,0,1,1,1.0,2.0
Milton Keynes Breakers,"Dashawn Jackson, Ben Baker-Mccann, Luke Gregory, Mike New Jr., Blayne Freckleton","Milton Keynes Breakers|10,11,13,15,7",13,Luke Gregory,11,Ben Baker-Mccann,1,2,0,1,1,1.0,2.0
Milton Keynes Breakers,"Dashawn Jackson, Ben Baker-Mccann, Luke Gregory, Mike New Jr., Blayne Freckleton","Milton Keynes Breakers|10,11,13,15,7",15,Mike New Jr.,13,Luke Gregory,1,2,0,1,1,1.0,2.0
Milton Keynes Breakers,"Dashawn Jackson, Luke Gregory, Mike New Jr., Jordan Spencer, Blayne Freckleton","Milton Keynes Breakers|10,13,15,23,7",15,Mike New Jr.,13,Luke Gregory,1,2,0,1,1,1.0,2.0
Milton Keynes Breakers,"Dashawn Jackson, Luke Gregory, Xavier Wilson, Jordan Spencer, Blayne Freckleton","Milton Keynes Breakers|10,13,21,23,7",23,Jordan Spencer,13,Luke Gregory,1,2,0,1,1,1.0,2.0
Yorkshire Dragons,"David Ulph, Logan Rooney, Jack Mielke, Corey Johnson, Nick Lewis","Yorkshire Dragons|10,3,5,9,93",93,Nick Lewis,10,David Ulph,1,2,0,1,1,1.0,2.0
Yorkshire Dragons,"David Ulph, Logan Rooney, Jack Mielke, Corey Johnson, Nick Lewis","Yorkshire Dragons|10,3,5,9,93",5,Jack Mielke,10,David Ulph,1,2,0,1,1,1.0,2.0
Yorkshire Dragons,"Ronnie Ani, David Ulph, Jack Mielke, Corey Johnson, Nick Lewis","Yorkshire Dragons|1,10,5,9,93",93,Nick Lewis,1,Ronnie Ani,1,2,0,1,1,1.0,2.0
Birmingham Rockets,"Orlan Jackman, Zack Powell, Luke Okosieme, Lucas Mcgregor, Faaris Mughaal","Birmingham Rockets|13,14,21,6,7",6,Lucas Mcgregor,13,Orlan Jackman,1,2,0,1,1,1.0,2.0
Birmingham Rockets,"Ronald Blain, Orlan Jackman, Zack Powell, Luke Okosieme, Faaris Mughaal","Birmingham Rockets|0,13,14,21,7",13,Orlan Jackman,21,Luke Okosieme,1,2,0,1,1,1.0,2.0
Birmingham Rockets,"Orlan Jackman, Zack Powell, Luke Okosieme, Eric Donaldson, Faaris Mughaal","Birmingham Rockets|13,14,21,3,7",3,Eric Donaldson,13,Orlan Jackman,1,2,0,1,1,1.0,2.0
Birmingham Rockets,"Orlan Jackman, Zack Powell, Luke Okosieme, Eric Donaldson, Faaris Mughaal","Birmingham Rockets|13,14,21,3,7",13,Orlan Jackman,3,Eric Donaldson,1,2,0,1,1,1.0,2.0
Yorkshire Dragons,"Ronnie Ani, David Ulph, Jordan Whelan, Corey Johnson, Nick Lewis","Yorkshire Dragons|1,10,23,9,93",23,Jordan Whelan,10,David Ulph,1,2,0,1,1,1.0,2.0
Birmingham Rockets,"Ronald Blain, Orlan Jackman, Luke Okosieme, Eric Donaldson, Lucas Mcgregor","Birmingham Rockets|0,13,21,3,6",6,Lucas Mcgregor,21,Luke Okosieme,1,2,0,1,1,1.0,2.0
Birmingham Rockets,"Orlan Jackman, Zack Powell, Eric Donaldson, Lucas Mcgregor, Faaris Mughaal","Birmingham Rockets|13,14,3,6,7",6,Lucas Mcgregor,14,Zack Powell,1,2,0,1,1,1.0,2.0
Bristol Flyers II,"Yusuf Hafid, Reggie Eigbe, Nikolas Sagkovits, Nassim Ladjimi, Ebuka Ekwegh","Bristol Flyers II|0,13,21,24,7",0,Yusuf Hafid,21,Nikolas Sagkovits,1,2,0,1,1,1.0,2.0
Hemel Storm,"Mergim Sokoli, Brayden Inger, Sam Newman, Jovan Rai, Jack Burnell","Hemel Storm|0,3,4,5,7",0,Mergim Sokoli,5,Jovan Rai,1,2,0,1,1,1.0,2.0
Bristol Flyers II,"Nikolas Sagkovits, Nassim Ladjimi, Anthony Bhebhe, Wickens Simba, Ebuka Ekwegh","Bristol Flyers II|21,24,4,6,7",4,Anthony Bhebhe,21,Nikolas Sagkovits,1,2,0,1,1,1.0,2.0
Hemel Storm,"Mergim Sokoli, Kai Walker, Matt Norman, Shaquille Lewis, Sam Newman","Hemel Storm|0,11,2,24,4",4,Sam Newman,24,Shaquille Lewis,1,2,0,1,1,1.0,2.0
Bristol Flyers II,"Yusuf Hafid, Lanre Ayinla, Jack Craggs, Reggie Eigbe, Ebuka Ekwegh","Bristol Flyers II|0,10,12,13,7",10,Lanre Ayinla,7,Ebuka Ekwegh,1,2,0,1,1,1.0,2.0
Hemel Storm,"Kai Walker, Matt Norman, Shaquille Lewis, Brayden Inger, Jovan Rai","Hemel Storm|11,2,24,3,5",5,Jovan Rai,3,Brayden Inger,1,2,0,1,1,1.0,2.0
Hemel Storm,"Kai Walker, Matt Norman, Veron Eze, Brayden Inger, Sam Newman","Hemel Storm|11,2,21,3,4",3,Brayden Inger,11,Kai Walker,1,2,0,1,1,1.0,2.0
Bristol Flyers II,"Lanre Ayinla, Dele Rowaiye, Reggie Eigbe, Nassim Ladjimi, Anthony Bhebhe","Bristol Flyers II|10,11,13,24,4",24,Nassim Ladjimi,11,Dele Rowaiye,1,2,0,1,1,1.0,2.0
Hemel Storm,"Mergim Sokoli, Matt Norman, Veron Eze, Brayden Inger, Sam Newman","Hemel Storm|0,2,21,3,4",4,Sam Newman,3,Brayden Inger,1,2,0,1,1,1.0,2.0
Newcastle Knights,"Bradley Dean, Sam Trunley, Jaron Thames, Finn Cork, Robert Reed","Newcastle Knights|1,10,11,13,6",6,Robert Reed,11,Jaron Thames,1,2,0,1,1,1.0,2.0
Derby Trailblazers,"Casey Burr, Connor Washington, Jai Pathmarajah, Sean Mo Walker, Malcolm Smith","Derby Trailblazers|0,13,22,3,9",13,Connor Washington,9,Malcolm Smith,1,2,0,1,1,1.0,2.0
Newcastle Knights,"Bradley Dean, Sam Trunley, Jaron Thames, Scott Angus, Theo Riley","Newcastle Knights|1,10,11,7,9",1,Bradley Dean,11,Jaron Thames,1,2,0,1,1,1.0,2.0
Derby Trailblazers,"Connor Washington, Jai Pathmarajah, Sean Mo Walker, Raheem May-Thompson, Malcolm Smith","Derby Trailblazers|13,22,3,7,9",3,Sean Mo Walker,7,Raheem May-Thompson,1,2,0,1,1,1.0,2.0
Derby Trailblazers,"Jai Pathmarajah, Sean Mo Walker, Charlie Brown, Raheem May-Thompson, Malcolm Smith","Derby Trailblazers|22,3,4,7,9",3,Sean Mo Walker,9,Malcolm Smith,1,2,0,1,1,1.0,2.0
Newcastle Knights,"Bradley Dean, Sam Trunley, Jaron Thames, Scott Angus, Theo Riley","Newcastle Knights|1,10,11,7,9",9,Theo Riley,11,Jaron Thames,1,2,0,1,1,1.0,2.0
Derby Trailblazers,"Jai Pathmarajah, Robert Marsden, Charlie Brown, Raheem May-Thompson, Malcolm Smith","Derby Trailblazers|22,30,4,7,9",4,Charlie Brown,7,Raheem May-Thompson,1,2,0,1,1,1.0,2.0
Derby Trailblazers,"Connor Washington, Jai Pathmarajah, Robert Marsden, Raheem May-Thompson, Malcolm Smith","Derby Trailblazers|13,22,30,7,9",22,Jai Pathmarajah,30,Robert Marsden,1,2,0,1,1,1.0,2.0
Newcastle Knights,"Bradley Dean, Sam Trunley, Jaron Thames, Messiah Jones, Robert Reed","Newcastle Knights|1,10,11,5,6",1,Bradley Dean,10,Sam Trunley,1,2,0,1,1,1.0,2.0
Derby Trailblazers,"Connor Washington, Jai Pathmarajah, Robert Marsden, Raheem May-Thompson, Malcolm Smith","Derby Trailblazers|13,22,30,7,9",13,Connor Washington,9,Malcolm Smith,1,2,0,1,1,1.0,2.0
Newcastle Knights,"Bradley Dean, Sam Trunley, Jaron Thames, Finn Cork, Messiah Jones","Newcastle Knights|1,10,11,13,5",11,Jaron Thames,1,Bradley Dean,1,2,0,1,1,1.0,2.0
Essex Rebels,"Daniel Johnson-Thompson, Remy Udeh, Anthony Idiata-Mendez, Tom Child, Ben Winter","Essex Rebels|13,14,20,22,5",22,Tom Child,5,Ben Winter,1,2,0,1,1,1.0,2.0
Reading Rockets,"Malik Bryant, Cooper Creek, Jax Bouknight, Yusef Salih, Eliaz (Zain) Poorman","Reading Rockets|10,14,4,5,6",4,Jax Bouknight,6,Eliaz (Zain) Poorman,1,2,0,1,1,1.0,2.0
Essex Rebels,"Mou Wol-Cummings, Daniel Johnson-Thompson, Isaac Temilola, Tom Child, Ben Winter","Essex Rebels|0,13,15,22,5",5,Ben Winter,13,Daniel Johnson-Thompson,1,2,0,1,1,1.0,2.0
Reading Rockets,"Malik Bryant, Cooper Creek, Yusef Salih, Eliaz (Zain) Poorman, Victor Olarerin","Reading Rockets|10,14,5,6,8",8,Victor Olarerin,14,Cooper Creek,1,2,0,1,1,1.0,2.0
Essex Rebels,"Mou Wol-Cummings, Remy Udeh, Isaac Temilola, Tom Child, Ben Winter","Essex Rebels|0,14,15,22,5",14,Remy Udeh,5,Ben Winter,1,2,0,1,1,1.0,2.0
Reading Rockets,"Ty Nsangu, Jax Bouknight, Yusef Salih, Eliaz (Zain) Poorman, Victor Olarerin","Reading Rockets|12,4,5,6,8",4,Jax Bouknight,6,Eliaz (Zain) Poorman,1,2,0,1,1,1.0,2.0
Reading Rockets,"Ty Nsangu, Jax Bouknight, Yusef Salih, Eliaz (Zain) Poorman, Victor Olarerin","Reading Rockets|12,4,5,6,8",4,Jax Bouknight,5,Yusef Salih,1,2,0,1,1,1.0,2.0
Essex Rebels,"Mou Wol-Cummings, Daniel Johnson-Thompson, Isaac Temilola, Tom Child, Ben Winter","Essex Rebels|0,13,15,22,5",14,Remy Udeh,22,Tom Child,1,2,0,1,1,1.0,2.0
Reading Rockets,"Malik Bryant, Cooper Creek, Jax Bouknight, Victor Olarerin, Simon Chamberlain","Reading Rockets|10,14,4,8,9",14,Cooper Creek,8,Victor Olarerin,1,2,0,1,1,1.0,2.0
Essex Rebels,"Mou Wol-Cummings, Daniel Johnson-Thompson, Isaac Temilola, Tom Child, Ben Winter","Essex Rebels|0,13,15,22,5",0,Mou Wol-Cummings,15,Isaac Temilola,1,2,0,1,1,1.0,2.0
Worthing Thunder,"Danny Evans, Matthew Bryan-Amaning, Justin Hopkins, Adrian Scarborough, Elliott Dadds","Worthing Thunder|0,11,15,4,7",7,Elliott Dadds,11,Matthew Bryan-Amaning,1,2,0,1,1,1.0,2.0
Worthing Thunder,"Danny Evans, Matthew Bryan-Amaning, Justin Hopkins, Adrian Scarborough, Elliott Dadds","Worthing Thunder|0,11,15,4,7",7,Elliott Dadds,4,Adrian Scarborough,1,2,0,1,1,1.0,2.0
Bristol Hurricanes,"Ashley Pearce, Elvisi Dusha, Denzel Ubiaro, Corey Samuels, Vilmantas Dilys","Bristol Hurricanes|0,12,31,4,55",4,Corey Samuels,31,Denzel Ubiaro,1,2,0,1,1,1.0,2.0
Bristol Hurricanes,"Elvisi Dusha, Denzel Ubiaro, Corey Samuels, Vilmantas Dilys, Chris Taylor","Bristol Hurricanes|12,31,4,55,9",4,Corey Samuels,55,Vilmantas Dilys,1,2,0,1,1,1.0,2.0
Bristol Hurricanes,"David Forsyth, Elvisi Dusha, Jules Dang-Akodo, Denzel Ubiaro, Chris Taylor","Bristol Hurricanes|11,12,23,31,9",11,David Forsyth,31,Denzel Ubiaro,1,2,0,1,1,1.0,2.0
Bristol Hurricanes,"David Forsyth, Elvisi Dusha, Denzel Ubiaro, Corey Samuels, Vilmantas Dilys","Bristol Hurricanes|11,12,31,4,55",55,Vilmantas Dilys,11,David Forsyth,1,2,0,1,1,1.0,2.0
Bristol Hurricanes,"David Forsyth, Elvisi Dusha, Jules Dang-Akodo, Denzel Ubiaro, Vilmantas Dilys","Bristol Hurricanes|11,12,23,31,55",31,Denzel Ubiaro,55,Vilmantas Dilys,1,2,0,1,1,1.0,2.0
Bristol Hurricanes,"Elvisi Dusha, Denzel Ubiaro, Corey Samuels, Vilmantas Dilys, Chris Taylor","Bristol Hurricanes|12,31,4,55,9",12,Elvisi Dusha,55,Vilmantas Dilys,1,2,0,1,1,1.0,2.0
Worthing Thunder,"Matthew Bryan-Amaning, Justin Hopkins, Elijah Maynard, Bode Adeluola, Elliott Dadds","Worthing Thunder|11,15,22,5,7",11,Matthew Bryan-Amaning,22,Elijah Maynard,1,2,0,1,1,1.0,2.0
Bristol Hurricanes,"David Forsyth, Elvisi Dusha, Jules Dang-Akodo, Corey Samuels, Vilmantas Dilys","Bristol Hurricanes|11,12,23,4,55",12,Elvisi Dusha,55,Vilmantas Dilys,1,2,0,1,1,1.0,2.0
Newcastle Knights,"Bradley Dean, Jaron Thames, Will Neighbour, Mekhi Hendry, Messiah Jones","Newcastle Knights|1,11,15,2,5",2,Mekhi Hendry,5,Messiah Jones,1,2,0,1,1,1.0,2.0
Newcastle Knights,"Bradley Dean, Jaron Thames, Will Neighbour, Messiah Jones, Max Matthews","Newcastle Knights|1,11,15,5,8",11,Jaron Thames,5,Messiah Jones,1,2,0,1,1,1.0,2.0
Newcastle Knights,"Bradley Dean, Jaron Thames, Messiah Jones, Robert Reed, Max Matthews","Newcastle Knights|1,11,5,6,8",1,Bradley Dean,5,Messiah Jones,1,2,0,1,1,1.0,2.0
Bristol Flyers II,"Yusuf Hafid, Roman Price, Reggie Eigbe, Nassim Ladjimi, Wickens Simba","Bristol Flyers II|0,11,13,24,6",24,Nassim Ladjimi,11,Roman Price,1,2,0,1,1,1.0,2.0
Newcastle Knights,"Jaron Thames, Noah Saa, Robert Reed, Scott Angus, Max Matthews","Newcastle Knights|11,14,6,7,8",14,Noah Saa,7,Scott Angus,1,2,0,1,1,1.0,2.0
Bristol Flyers II,"Yusuf Hafid, Nikolas Sagkovits, Nassim Ladjimi, Wickens Simba, Thomas Browne","Bristol Flyers II|0,21,24,6,8",0,Yusuf Hafid,8,Thomas Browne,1,2,0,1,1,1.0,2.0
Newcastle Knights,"Bradley Dean, Finn Cork, Mekhi Hendry, Messiah Jones, Max Matthews","Newcastle Knights|1,13,2,5,8",8,Max Matthews,5,Messiah Jones,1,2,0,1,1,1.0,2.0
Bristol Flyers II,"Yusuf Hafid, Roman Price, Nassim Ladjimi, Wickens Simba, Thomas Browne","Bristol Flyers II|0,11,24,6,8",0,Yusuf Hafid,11,Roman Price,1,2,0,1,1,1.0,2.0
Newcastle Knights,"Bradley Dean, Finn Cork, Mekhi Hendry, Messiah Jones, Max Matthews","Newcastle Knights|1,13,2,5,8",1,Bradley Dean,5,Messiah Jones,1,2,0,1,1,1.0,2.0
Newcastle Knights,"Bradley Dean, Jaron Thames, Will Neighbour, Messiah Jones, Max Matthews","Newcastle Knights|1,11,15,5,8",5,Messiah Jones,11,Jaron Thames,1,2,0,1,1,1.0,2.0
Newcastle Knights,"Bradley Dean, Jaron Thames, Robert Reed, Scott Angus, Max Matthews","Newcastle Knights|1,11,6,7,8",1,Bradley Dean,11,Jaron Thames,1,2,0,1,1,1.0,2.0
Bristol Flyers II,"Roman Price, Nassim Ladjimi, Anthony Bhebhe, Luka Matthews, Wickens Simba","Bristol Flyers II|11,24,4,5,6",24,Nassim Ladjimi,5,Luka Matthews,1,2,0,1,1,1.0,2.0
Bristol Flyers II,"Roman Price, Reggie Eigbe, Anthony Bhebhe, Luka Matthews, Thomas Browne","Bristol Flyers II|11,13,4,5,8",13,Reggie Eigbe,4,Anthony Bhebhe,1,2,0,1,1,1.0,2.0
Newcastle Knights,"Finn Cork, Noah Saa, Robert Reed, Scott Angus, Max Matthews","Newcastle Knights|13,14,6,7,8",6,Robert Reed,7,Scott Angus,1,2,0,1,1,1.0,2.0
Bristol Flyers II,"Roman Price, Reggie Eigbe, Anthony Bhebhe, Luka Matthews, Thomas Browne","Bristol Flyers II|11,13,4,5,8",13,Reggie Eigbe,11,Roman Price,1,2,0,1,1,1.0,2.0
Newcastle Knights,"Finn Cork, Noah Saa, Robert Reed, Scott Angus, Max Matthews","Newcastle Knights|13,14,6,7,8",14,Noah Saa,8,Max Matthews,1,2,0,1,1,1.0,2.0
Newcastle Knights,"Finn Cork, Noah Saa, Robert Reed, Scott Angus, Max Matthews","Newcastle Knights|13,14,6,7,8",8,Max Matthews,13,Finn Cork,1,2,0,1,1,1.0,2.0
Bristol Flyers II,"Roman Price, Reggie Eigbe, Anthony Bhebhe, Luka Matthews, Thomas Browne","Bristol Flyers II|11,13,4,5,8",4,Anthony Bhebhe,8,Thomas Browne,1,2,0,1,1,1.0,2.0
Newcastle Knights,"Finn Cork, Noah Saa, Mekhi Hendry, Robert Reed, Max Matthews","Newcastle Knights|13,14,2,6,8",2,Mekhi Hendry,13,Finn Cork,1,2,0,1,1,1.0,2.0
Milton Keynes Breakers,"Ben Baker-Mccann, Xavier Wilson, Jordan Spencer, Blayne Freckleton, Chase Thompson","Milton Keynes Breakers|11,21,23,7,8",23,Jordan Spencer,21,Xavier Wilson,1,2,0,1,1,1.0,2.0
Milton Keynes Breakers,"Ben Baker-Mccann, Luke Gregory, Jordan Spencer, Blayne Freckleton, Chase Thompson","Milton Keynes Breakers|11,13,23,7,8",11,Ben Baker-Mccann,8,Chase Thompson,1,2,0,1,1,1.0,2.0
Worthing Thunder,"Justin Hopkins, Elijah Maynard, Jonathan Lashley, Adrian Scarborough, Bode Adeluola","Worthing Thunder|15,22,35,4,5",5,Bode Adeluola,35,Jonathan Lashley,1,2,0,1,1,1.0,2.0
Worthing Thunder,"Matthew Bryan-Amaning, Justin Hopkins, Elijah Maynard, Jonathan Lashley, Bode Adeluola","Worthing Thunder|11,15,22,35,5",22,Elijah Maynard,15,Justin Hopkins,1,2,0,1,1,1.0,2.0
Milton Keynes Breakers,"Dashawn Jackson, Ben Baker-Mccann, Mike New Jr., Xavier Wilson, Blayne Freckleton","Milton Keynes Breakers|1,11,15,21,7",15,Mike New Jr.,21,Xavier Wilson,1,2,0,1,1,1.0,2.0
Milton Keynes Breakers,"Dashawn Jackson, Jonas Dietrich, Mike New Jr., Xavier Wilson, Jordan Spencer","Milton Keynes Breakers|1,12,15,21,23",15,Mike New Jr.,12,Jonas Dietrich,1,2,0,1,1,1.0,2.0
Worthing Thunder,"Danny Evans, Matthew Bryan-Amaning, Justin Hopkins, Adrian Scarborough, Elliott Dadds","Worthing Thunder|0,11,15,4,7",11,Matthew Bryan-Amaning,7,Elliott Dadds,1,2,0,1,1,1.0,2.0
Milton Keynes Breakers,"Ben Baker-Mccann, Luke Gregory, Kalvin Oates, Gabriel Formeloza, Chase Thompson","Milton Keynes Breakers|11,13,5,6,8",5,Kalvin Oates,8,Chase Thompson,1,2,0,1,1,1.0,2.0
Bristol Hurricanes,"Daniel Edozie, Elvisi Dusha, Jules Dang-Akodo, Denzel Ubiaro, Vilmantas Dilys","Bristol Hurricanes|1,12,23,31,55",31,Denzel Ubiaro,55,Vilmantas Dilys,1,2,0,1,1,1.0,2.0
Bristol Hurricanes,"David Forsyth, Elvisi Dusha, Denzel Ubiaro, Corey Samuels, Vilmantas Dilys","Bristol Hurricanes|11,12,31,4,55",12,Elvisi Dusha,31,Denzel Ubiaro,1,2,0,1,1,1.0,2.0
Bristol Hurricanes,"David Forsyth, Jules Dang-Akodo, Denzel Ubiaro, Corey Samuels, Vilmantas Dilys","Bristol Hurricanes|11,23,31,4,55",23,Jules Dang-Akodo,55,Vilmantas Dilys,1,2,0,1,1,1.0,2.0
Bristol Hurricanes,"Daniel Edozie, Jules Dang-Akodo, Corey Samuels, Vilmantas Dilys, Chris Taylor","Bristol Hurricanes|1,23,4,55,9",4,Corey Samuels,1,Daniel Edozie,1,2,0,1,1,1.0,2.0
Bristol Hurricanes,"Daniel Edozie, Elvisi Dusha, Kobe Hill, Vilmantas Dilys, Chris Taylor","Bristol Hurricanes|1,12,2,55,9",9,Chris Taylor,55,Vilmantas Dilys,1,2,0,1,1,1.0,2.0
Bristol Hurricanes,"Daniel Edozie, Elvisi Dusha, Kobe Hill, Denzel Ubiaro, Chris Taylor","Bristol Hurricanes|1,12,2,31,9",12,Elvisi Dusha,1,Daniel Edozie,1,2,0,1,1,1.0,2.0
Bristol Hurricanes,"David Forsyth, Elvisi Dusha, Kobe Hill, Denzel Ubiaro, Vilmantas Dilys","Bristol Hurricanes|11,12,2,31,55",11,David Forsyth,55,Vilmantas Dilys,1,2,0,1,1,1.0,2.0
Bristol Hurricanes,"Daniel Edozie, David Forsyth, Elvisi Dusha, Denzel Ubiaro, Corey Samuels","Bristol Hurricanes|1,11,12,31,4",4,Corey Samuels,1,Daniel Edozie,1,2,0,1,1,1.0,2.0
Reading Rockets,"Ty Nsangu, Jax Bouknight, Eliaz (Zain) Poorman, Victor Olarerin, Simon Chamberlain","Reading Rockets|12,4,6,8,9",6,Eliaz (Zain) Poorman,8,Victor Olarerin,1,2,0,1,1,1.0,2.0
Bristol Hurricanes,"Daniel Edozie, Elvisi Dusha, Denzel Ubiaro, Corey Samuels, Chris Taylor","Bristol Hurricanes|1,12,31,4,9",9,Chris Taylor,31,Denzel Ubiaro,1,2,0,1,1,1.0,2.0
Derby Trailblazers,"Casey Burr, Connor Washington, Sean Mo Walker, Charlie Brown, Malcolm Smith","Derby Trailblazers|0,13,3,4,9",4,Charlie Brown,9,Malcolm Smith,1,2,0,1,1,1.0,2.0
Derby Trailblazers,"Jai Pathmarajah, Sean Mo Walker, Charlie Brown, Raheem May-Thompson, Malcolm Smith","Derby Trailblazers|22,3,4,7,9",7,Raheem May-Thompson,22,Jai Pathmarajah,1,2,0,1,1,1.0,2.0
Essex Rebels,"Michael Amako, Miles Brown, Tom Child, Harry Gent, Ben Winter","Essex Rebels|1,2,22,36,5",2,Miles Brown,22,Tom Child,1,2,0,1,1,1.0,2.0
Essex Rebels,"Michael Amako, Miles Brown, Tom Child, Harry Gent, Ben Winter","Essex Rebels|1,2,22,36,5",22,Tom Child,36,Harry Gent,1,2,0,1,1,1.0,2.0
Derby Trailblazers,"Connor Washington, Jai Pathmarajah, Sean Mo Walker, Raheem May-Thompson, Malcolm Smith","Derby Trailblazers|13,22,3,7,9",7,Raheem May-Thompson,3,Sean Mo Walker,1,2,0,1,1,1.0,2.0
Derby Trailblazers,"Connor Washington, Jai Pathmarajah, Sean Mo Walker, Raheem May-Thompson, Malcolm Smith","Derby Trailblazers|13,22,3,7,9",13,Connor Washington,3,Sean Mo Walker,1,2,0,1,1,1.0,2.0
Nottingham Hoods,"Abiodun Adedo, Tyrone Williams, Donell Nixon Ii, Thierry Walker, Elliot Bailey","Nottingham Hoods|0,1,24,4,6",24,Donell Nixon Ii,1,Tyrone Williams,1,2,0,1,1,1.0,2.0
Yorkshire Dragons,"Ben Tew, Logan Rooney, Jack Mielke, Corey Johnson, Nick Lewis","Yorkshire Dragons|20,3,5,9,93",93,Nick Lewis,9,Corey Johnson,1,2,0,1,1,1.0,2.0
Nottingham Hoods,"Abiodun Adedo, Tyrone Williams, Byrce Johnson, Donell Nixon Ii, Thierry Walker","Nottingham Hoods|0,1,21,24,4",4,Thierry Walker,21,Byrce Johnson,1,2,0,1,1,1.0,2.0
Yorkshire Dragons,"David Ulph, Jordan Whelan, Jack Mielke, Corey Johnson, Nick Lewis","Yorkshire Dragons|10,23,5,9,93",9,Corey Johnson,23,Jordan Whelan,1,2,0,1,1,1.0,2.0
Yorkshire Dragons,"David Ulph, Jordan Whelan, Jack Mielke, Corey Johnson, Nick Lewis","Yorkshire Dragons|10,23,5,9,93",23,Jordan Whelan,9,Corey Johnson,1,2,0,1,1,1.0,2.0
Nottingham Hoods,"Tyrone Williams, Byrce Johnson, Donell Nixon Ii, Thierry Walker, Elliot Bailey","Nottingham Hoods|1,21,24,4,6",24,Donell Nixon Ii,6,Elliot Bailey,1,2,0,1,1,1.0,2.0
Yorkshire Dragons,"David Ulph, Logan Rooney, Jack Mielke, Corey Johnson, Nick Lewis","Yorkshire Dragons|10,3,5,9,93",10,David Ulph,9,Corey Johnson,1,2,0,1,1,1.0,2.0
Yorkshire Dragons,"David Ulph, Logan Rooney, Jack Mielke, Corey Johnson, Nick Lewis","Yorkshire Dragons|10,3,5,9,93",10,David Ulph,3,Logan Rooney,1,2,0,1,1,1.0,2.0
Yorkshire Dragons,"David Ulph, Logan Rooney, Jack Mielke, Corey Johnson, Nick Lewis","Yorkshire Dragons|10,3,5,9,93",3,Logan Rooney,5,Jack Mielke,1,2,0,1,1,1.0,2.0
Yorkshire Dragons,"David Ulph, Logan Rooney, Jack Mielke, Corey Johnson, Nick Lewis","Yorkshire Dragons|10,3,5,9,93",9,Corey Johnson,93,Nick Lewis,1,2,0,1,1,1.0,2.0
Nottingham Hoods,"Tyrone Williams, Byrce Johnson, Donell Nixon Ii, Elliot Bailey, Sam Akano","Nottingham Hoods|1,21,24,6,7",24,Donell Nixon Ii,21,Byrce Johnson,1,2,0,1,1,1.0,2.0
Hemel Storm,"Darien Nelson-Henry, Veron Eze, Sam Newman, Jovan Rai, Jack Burnell","Hemel Storm|10,21,4,5,7",4,Sam Newman,10,Darien Nelson-Henry,1,2,0,1,1,1.0,2.0
Loughborough Riders,"Jalen Cook, Dan Hadley, Oscar Curran, Victor Ndukou, Callum Keys","Loughborough Riders|12,5,6,7,8",12,Jalen Cook,5,Dan Hadley,1,2,0,1,1,1.0,2.0
Loughborough Riders,"Johde Campbell, Michael Joiner, Tomide Akinsuku, Dan Hadley, Victor Ndukou","Loughborough Riders|0,11,13,5,7",0,Johde Campbell,7,Victor Ndukou,1,2,0,1,1,1.0,2.0
Loughborough Riders,"Johde Campbell, Michael Joiner, Tomide Akinsuku, Dan Hadley, Victor Ndukou","Loughborough Riders|0,11,13,5,7",0,Johde Campbell,13,Tomide Akinsuku,1,2,0,1,1,1.0,2.0
Hemel Storm,"Darien Nelson-Henry, Veron Eze, Sam Newman, Jovan Rai, Jack Burnell","Hemel Storm|10,21,4,5,7",10,Darien Nelson-Henry,21,Veron Eze,1,2,0,1,1,1.0,2.0
Hemel Storm,"Matt Norman, Veron Eze, Brayden Inger, Sam Newman, Jack Burnell","Hemel Storm|2,21,3,4,7",2,Matt Norman,3,Brayden Inger,1,2,0,1,1,1.0,2.0
Hemel Storm,"Matt Norman, Veron Eze, Brayden Inger, Sam Newman, Jack Burnell","Hemel Storm|2,21,3,4,7",4,Sam Newman,7,Jack Burnell,1,2,0,1,1,1.0,2.0
Loughborough Riders,"Johde Campbell, Tomide Akinsuku, Liam Campbell, Victor Ndukou, Callum Keys","Loughborough Riders|0,13,4,7,8",0,Johde Campbell,7,Victor Ndukou,1,2,0,1,1,1.0,2.0
Loughborough Riders,"Johde Campbell, Levi Ehiorobo, Liam Campbell, Victor Ndukou, Callum Keys","Loughborough Riders|0,15,4,7,8",0,Johde Campbell,4,Liam Campbell,1,2,0,1,1,1.0,2.0
Loughborough Riders,"Jalen Cook, Tomide Akinsuku, Liam Campbell, Seth Wylie, Callum Keys","Loughborough Riders|12,13,4,43,8",12,Jalen Cook,13,Tomide Akinsuku,1,2,0,1,1,1.0,2.0
London Cavaliers,"Juan Manning, Daniel Delsol-Lowry, Marquel Beasley, Daniel Braster, Aj Roberts","London Cavaliers|10,12,15,23,4",4,Aj Roberts,15,Marquel Beasley,1,2,0,1,1,1.0,2.0
Birmingham Rockets,"Orlan Jackman, Zack Powell, Eric Donaldson, Faaris Mughaal, Martyn Gayle","Birmingham Rockets|13,14,3,7,8",7,Faaris Mughaal,14,Zack Powell,1,2,0,1,1,1.0,2.0
London Cavaliers,"Juan Manning, Mekhi Collins, Marquel Beasley, Daniel Braster, Aaron Pyne","London Cavaliers|10,13,15,23,7",10,Juan Manning,13,Mekhi Collins,1,2,0,1,1,1.0,2.0
Birmingham Rockets,"Ronald Blain, Orlan Jackman, Zack Powell, Eric Donaldson, Martyn Gayle","Birmingham Rockets|0,13,14,3,8",13,Orlan Jackman,3,Eric Donaldson,1,2,0,1,1,1.0,2.0
Reading Rockets,"Malik Bryant, Ty Nsangu, Cooper Creek, Jax Bouknight, Yusef Salih","Reading Rockets|10,12,14,4,5",5,Yusef Salih,12,Ty Nsangu,1,2,0,1,1,1.0,2.0
Reading Rockets,"Malik Bryant, Cooper Creek, Jax Bouknight, Eliaz (Zain) Poorman, Victor Olarerin","Reading Rockets|10,14,4,6,8",10,Malik Bryant,6,Eliaz (Zain) Poorman,1,2,0,1,1,1.0,2.0
Reading Rockets,"La'quarne Sayles, Cooper Creek, Jax Bouknight, Eliaz (Zain) Poorman, Victor Olarerin","Reading Rockets|13,14,4,6,8",14,Cooper Creek,6,Eliaz (Zain) Poorman,1,2,0,1,1,1.0,2.0
Birmingham Rockets,"Ronald Blain, Orlan Jackman, Zack Powell, Eric Donaldson, Lucas Mcgregor","Birmingham Rockets|0,13,14,3,6",13,Orlan Jackman,14,Zack Powell,1,2,0,1,1,1.0,2.0
Loughborough Riders,"Johde Campbell, Michael Joiner, Jalen Cook, Tomide Akinsuku, Victor Ndukou","Loughborough Riders|0,11,12,13,7",11,Michael Joiner,13,Tomide Akinsuku,1,2,0,1,1,1.0,2.0
Loughborough Riders,"Johde Campbell, Michael Joiner, Tomide Akinsuku, Cameron Nyarko, Dan Hadley","Loughborough Riders|0,11,13,3,5",11,Michael Joiner,13,Tomide Akinsuku,1,2,0,1,1,1.0,2.0
Loughborough Riders,"Johde Campbell, Michael Joiner, Tomide Akinsuku, Cameron Nyarko, Dan Hadley","Loughborough Riders|0,11,13,3,5",0,Johde Campbell,11,Michael Joiner,1,2,0,1,1,1.0,2.0
Newcastle Knights,"Bradley Dean, Sam Trunley, Messiah Jones, Max Matthews, Theo Riley","Newcastle Knights|1,10,5,8,9",9,Theo Riley,5,Messiah Jones,1,2,0,1,1,1.0,2.0
Newcastle Knights,"Bradley Dean, Sam Trunley, Messiah Jones, Max Matthews, Theo Riley","Newcastle Knights|1,10,5,8,9",10,Sam Trunley,9,Theo Riley,1,2,0,1,1,1.0,2.0
Loughborough Riders,"Johde Campbell, Michael Joiner, Jalen Cook, Tomide Akinsuku, Victor Ndukou","Loughborough Riders|0,11,12,13,7",11,Michael Joiner,12,Jalen Cook,1,2,0,1,1,1.0,2.0
Newcastle Knights,"Bradley Dean, Jaron Thames, Will Neighbour, Messiah Jones, Robert Reed","Newcastle Knights|1,11,15,5,6",6,Robert Reed,5,Messiah Jones,1,2,0,1,1,1.0,2.0
Loughborough Riders,"Michael Joiner, Tomide Akinsuku, Liam Campbell, Dan Hadley, Callum Keys","Loughborough Riders|11,13,4,5,8",11,Michael Joiner,13,Tomide Akinsuku,1,2,0,1,1,1.0,2.0
Newcastle Knights,"Sam Trunley, Jaron Thames, Will Neighbour, Max Matthews, Theo Riley","Newcastle Knights|10,11,15,8,9",9,Theo Riley,11,Jaron Thames,1,2,0,1,1,1.0,2.0
Newcastle Knights,"Bradley Dean, Jaron Thames, Jason Soodeen, Robert Reed, Max Matthews","Newcastle Knights|1,11,12,6,8",11,Jaron Thames,12,Jason Soodeen,1,2,0,1,1,1.0,2.0
Loughborough Riders,"Michael Joiner, Jalen Cook, Cameron Nyarko, Liam Campbell, Oscar Curran","Loughborough Riders|11,12,3,4,6",4,Liam Campbell,12,Jalen Cook,1,2,0,1,1,1.0,2.0
Milton Keynes Breakers,"Ben Baker-Mccann, Luke Gregory, Mike New Jr., Jordan Spencer, Blayne Freckleton","Milton Keynes Breakers|11,13,15,23,7",11,Ben Baker-Mccann,13,Luke Gregory,1,2,0,1,1,1.0,2.0
Milton Keynes Breakers,"Dashawn Jackson, Luke Gregory, Mike New Jr., Jordan Spencer, Blayne Freckleton","Milton Keynes Breakers|1,13,15,23,7",1,Dashawn Jackson,7,Blayne Freckleton,1,2,0,1,1,1.0,2.0
Milton Keynes Breakers,"Dashawn Jackson, Mike New Jr., Jordan Spencer, Blayne Freckleton, Chase Thompson","Milton Keynes Breakers|1,15,23,7,8",7,Blayne Freckleton,23,Jordan Spencer,1,2,0,1,1,1.0,2.0
Birmingham Rockets,"Ronald Blain, Orlan Jackman, Zack Powell, Eric Donaldson, Lucas Mcgregor","Birmingham Rockets|0,13,14,3,6",0,Ronald Blain,13,Orlan Jackman,1,2,0,1,1,1.0,2.0
London Cavaliers,"Juan Manning, Mekhi Collins, Marquel Beasley, Aj Roberts, Aaron Pyne","London Cavaliers|10,13,15,4,7",4,Aj Roberts,7,Aaron Pyne,1,2,0,1,1,1.0,2.0
London Cavaliers,"Juan Manning, Mekhi Collins, Marquel Beasley, Aj Roberts, Aaron Pyne","London Cavaliers|10,13,15,4,7",10,Juan Manning,7,Aaron Pyne,1,2,0,1,1,1.0,2.0
Worthing Thunder,"Danny Evans, Justin Hopkins, Jonathan Lashley, Adrian Scarborough, Bode Adeluola","Worthing Thunder|0,15,35,4,5",15,Justin Hopkins,4,Adrian Scarborough,1,2,0,1,1,1.0,2.0
London Cavaliers,"Juan Manning, Mekhi Collins, Daniel Delsol-Lowry, Aj Roberts, Aaron Pyne","London Cavaliers|10,13,21,4,7",4,Aj Roberts,13,Mekhi Collins,1,2,0,1,1,1.0,2.0
Worthing Thunder,"Danny Evans, Justin Hopkins, Jonathan Lashley, Adrian Scarborough, Bode Adeluola","Worthing Thunder|0,15,35,4,5",4,Adrian Scarborough,0,Danny Evans,1,2,0,1,1,1.0,2.0
Worthing Thunder,"Justin Hopkins, Elijah Maynard, Jonathan Lashley, Adrian Scarborough, Bode Adeluola","Worthing Thunder|15,22,35,4,5",15,Justin Hopkins,22,Elijah Maynard,1,2,0,1,1,1.0,2.0
London Cavaliers,"Juan Manning, Mekhi Collins, Marquel Beasley, Aj Roberts, Aaron Pyne","London Cavaliers|10,13,15,4,7",10,Juan Manning,15,Marquel Beasley,1,2,0,1,1,1.0,2.0
Essex Rebels,"Daniel Johnson-Thompson, Remy Udeh, Miles Brown, Tom Child, Ben Winter","Essex Rebels|13,14,2,22,5",14,Remy Udeh,13,Daniel Johnson-Thompson,1,2,0,1,1,1.0,2.0
Yorkshire Dragons,"Ronnie Ani, David Ulph, Jordan Jefferson, Jack Mielke, Corey Johnson","Yorkshire Dragons|1,10,4,5,9",9,Corey Johnson,4,Jordan Jefferson,1,2,0,1,1,1.0,2.0
Essex Rebels,"Daniel Johnson-Thompson, Remy Udeh, Miles Brown, Tom Child, Ben Winter","Essex Rebels|13,14,2,22,5",5,Ben Winter,13,Daniel Johnson-Thompson,1,2,0,1,1,1.0,2.0
Essex Rebels,"Kyron Martin, Daniel Johnson-Thompson, Remy Udeh, Miles Brown, Ben Winter","Essex Rebels|10,13,14,2,5",13,Daniel Johnson-Thompson,14,Remy Udeh,1,2,0,1,1,1.0,2.0
Yorkshire Dragons,"David Ulph, Jordan Whelan, Logan Rooney, Jordan Jefferson, Corey Johnson","Yorkshire Dragons|10,23,3,4,9",9,Corey Johnson,3,Logan Rooney,1,2,0,1,1,1.0,2.0
Yorkshire Dragons,"David Ulph, Jordan Whelan, Logan Rooney, Jordan Jefferson, Corey Johnson","Yorkshire Dragons|10,23,3,4,9",10,David Ulph,23,Jordan Whelan,1,2,0,1,1,1.0,2.0
Yorkshire Dragons,"David Ulph, Jordan Whelan, Jordan Jefferson, Jack Mielke, Corey Johnson","Yorkshire Dragons|10,23,4,5,9",4,Jordan Jefferson,10,David Ulph,1,2,0,1,1,1.0,2.0
Bristol Flyers II,"Lanre Ayinla, Jack Craggs, Reggie Eigbe, Ebuka Ekwegh, Anthony Bhebhe","Bristol Flyers II|10,12,13,14,4",13,Reggie Eigbe,4,Anthony Bhebhe,1,2,0,1,1,1.0,2.0
Reading Rockets,"Malik Bryant, Cooper Creek, Jax Bouknight, Yusef Salih, Simon Chamberlain","Reading Rockets|10,14,4,5,9",9,Simon Chamberlain,14,Cooper Creek,1,2,0,1,1,1.0,2.0
Bristol Flyers II,"Yusuf Hafid, Ebuka Ekwegh, Nikolas Sagkovits, Nassim Ladjimi, Luka Matthews","Bristol Flyers II|0,14,21,24,5",5,Luka Matthews,21,Nikolas Sagkovits,1,2,0,1,1,1.0,2.0
Reading Rockets,"Malik Bryant, La'quarne Sayles, Cooper Creek, Jax Bouknight, Simon Chamberlain","Reading Rockets|10,13,14,4,9",4,Jax Bouknight,9,Simon Chamberlain,1,2,0,1,1,1.0,2.0
Bristol Flyers II,"Yusuf Hafid, Reggie Eigbe, Nikolas Sagkovits, Nassim Ladjimi, Thomas Browne","Bristol Flyers II|0,13,21,24,8",0,Yusuf Hafid,21,Nikolas Sagkovits,1,2,0,1,1,1.0,2.0
Reading Rockets,"Malik Bryant, Cooper Creek, Jax Bouknight, Yusef Salih, Eliaz (Zain) Poorman","Reading Rockets|10,14,4,5,6",14,Cooper Creek,5,Yusef Salih,1,2,0,1,1,1.0,2.0
Reading Rockets,"La'quarne Sayles, Yusef Salih, Eliaz (Zain) Poorman, Victor Olarerin, Simon Chamberlain","Reading Rockets|13,5,6,8,9",9,Simon Chamberlain,5,Yusef Salih,1,2,0,1,1,1.0,2.0
Reading Rockets,"La'quarne Sayles, Yusef Salih, Eliaz (Zain) Poorman, Victor Olarerin, Simon Chamberlain","Reading Rockets|13,5,6,8,9",6,Eliaz (Zain) Poorman,13,La'quarne Sayles,1,2,0,1,1,1.0,2.0
Reading Rockets,"La'quarne Sayles, Yusef Salih, Eliaz (Zain) Poorman, Victor Olarerin, Simon Chamberlain","Reading Rockets|13,5,6,8,9",5,Yusef Salih,13,La'quarne Sayles,1,2,0,1,1,1.0,2.0
Reading Rockets,"La'quarne Sayles, Jax Bouknight, Eliaz (Zain) Poorman, Victor Olarerin, Simon Chamberlain","Reading Rockets|13,4,6,8,9",4,Jax Bouknight,8,Victor Olarerin,1,2,0,1,1,1.0,2.0
Derby Trailblazers,"Casey Burr, Jai Pathmarajah, Sean Mo Walker, Charlie Brown, Malcolm Smith","Derby Trailblazers|0,22,3,4,9",4,Charlie Brown,0,Casey Burr,1,2,0,1,1,1.0,2.0
Bristol Hurricanes,"David Forsyth, Elvisi Dusha, Jules Dang-Akodo, Denzel Ubiaro, Corey Samuels","Bristol Hurricanes|11,12,23,31,4",23,Jules Dang-Akodo,12,Elvisi Dusha,1,2,0,1,1,1.0,2.0
Bristol Hurricanes,"Daniel Edozie, Elvisi Dusha, Jules Dang-Akodo, Denzel Ubiaro, Corey Samuels","Bristol Hurricanes|1,12,23,31,4",4,Corey Samuels,12,Elvisi Dusha,1,2,0,1,1,1.0,2.0
Derby Trailblazers,"Connor Washington, Jai Pathmarajah, Sean Mo Walker, Charlie Brown, Raheem May-Thompson","Derby Trailblazers|13,22,3,4,7",7,Raheem May-Thompson,4,Charlie Brown,1,2,0,1,1,1.0,2.0
Derby Trailblazers,"Connor Washington, Jai Pathmarajah, Sean Mo Walker, Charlie Brown, Raheem May-Thompson","Derby Trailblazers|13,22,3,4,7",22,Jai Pathmarajah,4,Charlie Brown,1,2,0,1,1,1.0,2.0
Derby Trailblazers,"Casey Burr, Elias Norman, Jai Pathmarajah, Robert Marsden, Malcolm Smith","Derby Trailblazers|0,12,22,30,9",0,Casey Burr,30,Robert Marsden,1,2,0,1,1,1.0,2.0
Derby Trailblazers,"Casey Burr, Elias Norman, Jai Pathmarajah, Robert Marsden, Malcolm Smith","Derby Trailblazers|0,12,22,30,9",22,Jai Pathmarajah,9,Malcolm Smith,1,2,0,1,1,1.0,2.0
Derby Trailblazers,"Casey Burr, Elias Norman, Jai Pathmarajah, Robert Marsden, Malcolm Smith","Derby Trailblazers|0,12,22,30,9",30,Robert Marsden,0,Casey Burr,1,2,0,1,1,1.0,2.0
Derby Trailblazers,"Casey Burr, Elias Norman, Jai Pathmarajah, Robert Marsden, Malcolm Smith","Derby Trailblazers|0,12,22,30,9",0,Casey Burr,12,Elias Norman,1,2,0,1,1,1.0,2.0
Bristol Hurricanes,"Daniel Edozie, Elvisi Dusha, Jules Dang-Akodo, Corey Samuels, Chris Taylor","Bristol Hurricanes|1,12,23,4,9",12,Elvisi Dusha,1,Daniel Edozie,1,2,0,1,1,1.0,2.0
Derby Trailblazers,"Elias Norman, Jai Pathmarajah, Will Tallon, Robert Marsden, Malcolm Smith","Derby Trailblazers|12,22,23,30,9",12,Elias Norman,30,Robert Marsden,1,2,0,1,1,1.0,2.0
Derby Trailblazers,"Elias Norman, Jai Pathmarajah, Will Tallon, Robert Marsden, Malcolm Smith","Derby Trailblazers|12,22,23,30,9",22,Jai Pathmarajah,9,Malcolm Smith,1,2,0,1,1,1.0,2.0
Derby Trailblazers,"Casey Burr, Elias Norman, Will Tallon, Robert Marsden, Malcolm Smith","Derby Trailblazers|0,12,23,30,9",12,Elias Norman,30,Robert Marsden,1,2,0,1,1,1.0,2.0
Derby Trailblazers,"Casey Burr, Elias Norman, Will Tallon, Robert Marsden, Malcolm Smith","Derby Trailblazers|0,12,23,30,9",9,Malcolm Smith,0,Casey Burr,1,2,0,1,1,1.0,2.0
Yorkshire Dragons,"Ben Tew, Jordan Whelan, Jordan Jefferson, Jack Mielke, Corey Johnson","Yorkshire Dragons|20,23,4,5,9",4,Jordan Jefferson,20,Ben Tew,1,2,0,1,1,1.0,2.0
Yorkshire Dragons,"Ronnie Ani, David Ulph, Logan Rooney, Jack Mielke, Corey Johnson","Yorkshire Dragons|1,10,3,5,9",9,Corey Johnson,10,David Ulph,1,2,0,1,1,1.0,2.0
Yorkshire Dragons,"Ronnie Ani, David Ulph, Logan Rooney, Jack Mielke, Corey Johnson","Yorkshire Dragons|1,10,3,5,9",9,Corey Johnson,5,Jack Mielke,1,2,0,1,1,1.0,2.0
Yorkshire Dragons,"Ronnie Ani, David Ulph, Logan Rooney, Jack Mielke, Corey Johnson","Yorkshire Dragons|1,10,3,5,9",9,Corey Johnson,1,Ronnie Ani,1,2,0,1,1,1.0,2.0
Bristol Flyers II,"Yusuf Hafid, Nassim Ladjimi, Anthony Bhebhe, Thomas Browne, Ebuka Ekwegh","Bristol Flyers II|0,24,4,7,8",4,Anthony Bhebhe,0,Yusuf Hafid,1,2,0,1,1,1.0,2.0
Bristol Flyers II,"Yusuf Hafid, Reggie Eigbe, Nassim Ladjimi, Luka Matthews, Thomas Browne","Bristol Flyers II|0,13,24,5,7",7,Thomas Browne,5,Luka Matthews,1,2,0,1,1,1.0,2.0
Birmingham Rockets,"Orlan Jackman, Zack Powell, Eric Donaldson, Faaris Mughaal, Martyn Gayle","Birmingham Rockets|13,14,3,7,8",8,Martyn Gayle,3,Eric Donaldson,1,2,0,1,1,1.0,2.0
Birmingham Rockets,"Ronald Blain, Orlan Jackman, Luke Okosieme, Faaris Mughaal, Martyn Gayle","Birmingham Rockets|0,13,21,7,8",8,Martyn Gayle,21,Luke Okosieme,1,2,0,1,1,1.0,2.0
Birmingham Rockets,"Ronald Blain, Orlan Jackman, Zack Powell, Eric Donaldson, Martyn Gayle","Birmingham Rockets|0,13,14,3,8",3,Eric Donaldson,14,Zack Powell,1,2,0,1,1,1.0,2.0
Derby Trailblazers,"Casey Burr, Connor Washington, Jai Pathmarajah, Sean Mo Walker, Charlie Brown","Derby Trailblazers|0,13,22,3,4",22,Jai Pathmarajah,0,Casey Burr,1,2,0,1,1,1.0,2.0
Birmingham Rockets,"Orlan Jackman, Zack Powell, Eric Donaldson, Faaris Mughaal, Martyn Gayle","Birmingham Rockets|13,14,3,7,8",3,Eric Donaldson,14,Zack Powell,1,2,0,1,1,1.0,2.0
Birmingham Rockets,"Orlan Jackman, Zack Powell, Eric Donaldson, Faaris Mughaal, Martyn Gayle","Birmingham Rockets|13,14,3,7,8",14,Zack Powell,3,Eric Donaldson,1,2,0,1,1,1.0,2.0
Worthing Thunder,"Matthew Bryan-Amaning, Justin Hopkins, Elijah Maynard, Adrian Scarborough, Bode Adeluola","Worthing Thunder|11,15,22,4,5",22,Elijah Maynard,15,Justin Hopkins,1,2,0,1,1,1.0,2.0
Newcastle Knights,"Bradley Dean, Sam Trunley, Jaron Thames, Finn Cork, Messiah Jones","Newcastle Knights|1,10,11,13,5",11,Jaron Thames,13,Finn Cork,1,2,0,1,1,1.0,2.0
Newcastle Knights,"Bradley Dean, Sam Trunley, Jaron Thames, Finn Cork, Messiah Jones","Newcastle Knights|1,10,11,13,5",13,Finn Cork,1,Bradley Dean,1,2,0,1,1,1.0,2.0
Worthing Thunder,"Justin Hopkins, Elijah Maynard, Adrian Scarborough, Bode Adeluola, Elliott Dadds","Worthing Thunder|15,22,4,5,7",22,Elijah Maynard,5,Bode Adeluola,1,2,0,1,1,1.0,2.0
Newcastle Knights,"Bradley Dean, Jaron Thames, Messiah Jones, Max Matthews, Theo Riley","Newcastle Knights|1,11,5,8,9",5,Messiah Jones,11,Jaron Thames,1,2,0,1,1,1.0,2.0
Newcastle Knights,"Bradley Dean, Jaron Thames, Messiah Jones, Max Matthews, Theo Riley","Newcastle Knights|1,11,5,8,9",9,Theo Riley,1,Bradley Dean,1,2,0,1,1,1.0,2.0
Newcastle Knights,"Bradley Dean, Jaron Thames, Messiah Jones, Max Matthews, Theo Riley","Newcastle Knights|1,11,5,8,9",11,Jaron Thames,1,Bradley Dean,1,2,0,1,1,1.0,2.0
Newcastle Knights,"Bradley Dean, Sam Trunley, Jaron Thames, Messiah Jones, Theo Riley","Newcastle Knights|1,10,11,5,9",10,Sam Trunley,5,Messiah Jones,1,2,0,1,1,1.0,2.0
Newcastle Knights,"Bradley Dean, Sam Trunley, Jaron Thames, Messiah Jones, Max Matthews","Newcastle Knights|1,10,11,5,8",8,Max Matthews,11,Jaron Thames,1,2,0,1,1,1.0,2.0
London Cavaliers,"Juan Manning, Joe Richards, Marquel Beasley, Aj Roberts, Aaron Pyne","London Cavaliers|10,11,15,4,7",7,Aaron Pyne,11,Joe Richards,1,2,0,1,1,1.0,2.0
Loughborough Riders,"Johde Campbell, Michael Joiner, Jalen Cook, Tomide Akinsuku, Liam Campbell","Loughborough Riders|0,11,12,13,4",0,Johde Campbell,13,Tomide Akinsuku,1,2,0,1,1,1.0,2.0
Loughborough Riders,"Johde Campbell, Michael Joiner, Jalen Cook, Tomide Akinsuku, Liam Campbell","Loughborough Riders|0,11,12,13,4",12,Jalen Cook,4,Liam Campbell,1,2,0,1,1,1.0,2.0
London Cavaliers,"Juan Manning, Joe Richards, Mekhi Collins, Daniel Braster, Aaron Pyne","London Cavaliers|10,11,13,23,7",11,Joe Richards,23,Daniel Braster,1,2,0,1,1,1.0,2.0
London Cavaliers,"Juan Manning, Joe Richards, Mekhi Collins, Daniel Braster, Aaron Pyne","London Cavaliers|10,11,13,23,7",7,Aaron Pyne,23,Daniel Braster,1,2,0,1,1,1.0,2.0
London Cavaliers,"Joe Richards, Mekhi Collins, Daniel Braster, Aj Roberts, Aaron Pyne","London Cavaliers|11,13,23,4,7",4,Aj Roberts,23,Daniel Braster,1,2,0,1,1,1.0,2.0
London Cavaliers,"Joe Richards, Mekhi Collins, Daniel Braster, Aj Roberts, Aaron Pyne","London Cavaliers|11,13,23,4,7",23,Daniel Braster,7,Aaron Pyne,1,2,0,1,1,1.0,2.0
London Cavaliers,"Mekhi Collins, Marquel Beasley, Daniel Delsol-Lowry, Daniel Braster, Aj Roberts","London Cavaliers|13,15,21,23,4",13,Mekhi Collins,23,Daniel Braster,1,2,0,1,1,1.0,2.0
Loughborough Riders,"Johde Campbell, Michael Joiner, Tomide Akinsuku, Liam Campbell, Seth Wylie","Loughborough Riders|0,11,13,4,43",4,Liam Campbell,13,Tomide Akinsuku,1,2,0,1,1,1.0,2.0
Loughborough Riders,"Michael Joiner, Tomide Akinsuku, Liam Campbell, Seth Wylie, Oscar Curran","Loughborough Riders|11,13,4,43,6",11,Michael Joiner,4,Liam Campbell,1,2,0,1,1,1.0,2.0
London Cavaliers,"Joe Richards, Daniel Delsol-Lowry, Daniel Braster, Aj Roberts, Aaron Pyne","London Cavaliers|11,21,23,4,7",23,Daniel Braster,21,Daniel Delsol-Lowry,1,2,0,1,1,1.0,2.0
Loughborough Riders,"Johde Campbell, Tomide Akinsuku, Cameron Nyarko, Dan Hadley, Oscar Curran","Loughborough Riders|0,13,3,5,6",6,Oscar Curran,13,Tomide Akinsuku,1,2,0,1,1,1.0,2.0
Loughborough Riders,"Johde Campbell, Jalen Cook, Cameron Nyarko, Dan Hadley, Oscar Curran","Loughborough Riders|0,12,3,5,6",0,Johde Campbell,3,Cameron Nyarko,1,2,0,1,1,1.0,2.0
London Cavaliers,"Joe Richards, Daniel Delsol-Lowry, Daniel Braster, Omari Pond-Mckenzie, Aaron Pyne","London Cavaliers|11,21,23,5,7",21,Daniel Delsol-Lowry,7,Aaron Pyne,1,2,0,1,1,1.0,2.0
Milton Keynes Breakers,"Dashawn Jackson, Jonas Dietrich, Xavier Wilson, Jordan Spencer, Chase Thompson","Milton Keynes Breakers|10,12,21,23,8",8,Chase Thompson,23,Jordan Spencer,1,2,0,1,1,1.0,2.0
Milton Keynes Breakers,"Ben Baker-Mccann, Jonas Dietrich, Mike New Jr., Xavier Wilson, Jordan Spencer","Milton Keynes Breakers|11,12,15,21,23",23,Jordan Spencer,11,Ben Baker-Mccann,1,2,0,1,1,1.0,2.0
Essex Rebels,"Kyron Martin, Miles Brown, Tom Child, Harry Gent, Ben Winter","Essex Rebels|10,2,22,36,5",22,Tom Child,36,Harry Gent,1,2,0,1,1,1.0,2.0
Milton Keynes Breakers,"Dashawn Jackson, Ben Baker-Mccann, Jonas Dietrich, Xavier Wilson, Jordan Spencer","Milton Keynes Breakers|10,11,12,21,23",10,Dashawn Jackson,12,Jonas Dietrich,1,2,0,1,1,1.0,2.0
Essex Rebels,"Remy Udeh, Miles Brown, Tom Child, Harry Gent, Ben Winter","Essex Rebels|14,2,22,36,5",22,Tom Child,36,Harry Gent,1,2,0,1,1,1.0,2.0
Essex Rebels,"Kyron Martin, Daniel Johnson-Thompson, Remy Udeh, Miles Brown, Tom Child","Essex Rebels|10,13,14,2,22",10,Kyron Martin,14,Remy Udeh,1,2,0,1,1,1.0,2.0
Hemel Storm,"Kai Walker, Matt Norman, Veron Eze, Brayden Inger, Sam Newman","Hemel Storm|11,2,21,3,4",11,Kai Walker,21,Veron Eze,1,2,0,1,1,1.0,2.0
Hemel Storm,"Darien Nelson-Henry, Kai Walker, Matt Norman, Veron Eze, Jovan Rai","Hemel Storm|10,11,2,21,5",10,Darien Nelson-Henry,21,Veron Eze,1,2,0,1,1,1.0,2.0
Hemel Storm,"Mergim Sokoli, Darien Nelson-Henry, Veron Eze, Sam Newman, Jack Burnell","Hemel Storm|0,10,21,4,7",4,Sam Newman,10,Darien Nelson-Henry,1,2,0,1,1,1.0,2.0
Hemel Storm,"Mergim Sokoli, Darien Nelson-Henry, Veron Eze, Sam Newman, Jack Burnell","Hemel Storm|0,10,21,4,7",0,Mergim Sokoli,10,Darien Nelson-Henry,1,2,0,1,1,1.0,2.0
Nottingham Hoods,"Latrell Maitland, Abiodun Adedo, Donell Nixon Ii, Byrce Johnson, Tyrone Williams","Nottingham Hoods|0,12,24,25,55",24,Donell Nixon Ii,25,Byrce Johnson,1,2,0,1,1,1.0,2.0
Hemel Storm,"Mergim Sokoli, Kai Walker, Matt Norman, Brayden Inger, Sam Newman","Hemel Storm|0,11,2,3,4",11,Kai Walker,0,Mergim Sokoli,1,2,0,1,1,1.0,2.0
Nottingham Hoods,"Donell Nixon Ii, Byrce Johnson, Tyrone Williams, Elliot Bailey, Micah Savery-Richards","Nottingham Hoods|24,25,55,6,8",55,Tyrone Williams,8,Micah Savery-Richards,1,2,0,1,1,1.0,2.0
Loughborough Riders,"Johde Campbell, Michael Joiner, Jalen Cook, Tomide Akinsuku, Dan Hadley","Loughborough Riders|0,11,31,36,5",0,Johde Campbell,5,Dan Hadley,1,2,0,1,1,1.0,2.0
Derby Trailblazers,"Connor Washington, Jai Pathmarajah, Robert Marsden, Charlie Brown, Raheem May-Thompson","Derby Trailblazers|13,22,30,4,7",7,Raheem May-Thompson,30,Robert Marsden,1,2,0,1,1,1.0,2.0
Loughborough Riders,"Levi Ehiorobo, Michael Joiner, Jalen Cook, Liam Campbell, Seth Wylie","Loughborough Riders|10,11,31,4,43",31,Jalen Cook,11,Michael Joiner,1,2,0,1,1,1.0,2.0
Derby Trailblazers,"Casey Burr, Connor Washington, Robert Marsden, Charlie Brown, Raheem May-Thompson","Derby Trailblazers|0,13,30,4,7",4,Charlie Brown,30,Robert Marsden,1,2,0,1,1,1.0,2.0
Loughborough Riders,"Johde Campbell, Michael Joiner, Jalen Cook, Tomide Akinsuku, Callum Keys","Loughborough Riders|0,11,31,36,8",8,Callum Keys,11,Michael Joiner,1,2,0,1,1,1.0,2.0
Loughborough Riders,"Johde Campbell, Levi Ehiorobo, Jalen Cook, Seth Wylie, Dan Hadley","Loughborough Riders|0,10,31,43,5",0,Johde Campbell,10,Levi Ehiorobo,1,2,0,1,1,1.0,2.0
Derby Trailblazers,"Casey Burr, Connor Washington, Sean Mo Walker, Charlie Brown, Raheem May-Thompson","Derby Trailblazers|0,13,3,4,7",4,Charlie Brown,0,Casey Burr,1,2,0,1,1,1.0,2.0
Loughborough Riders,"Levi Ehiorobo, Michael Joiner, Jalen Cook, Liam Campbell, Seth Wylie","Loughborough Riders|10,11,31,4,43",4,Liam Campbell,31,Jalen Cook,1,2,0,1,1,1.0,2.0
Derby Trailblazers,"Casey Burr, Connor Washington, Sean Mo Walker, Charlie Brown, Raheem May-Thompson","Derby Trailblazers|0,13,3,4,7",7,Raheem May-Thompson,0,Casey Burr,1,2,0,1,1,1.0,2.0
Derby Trailblazers,"Casey Burr, Connor Washington, Sean Mo Walker, Charlie Brown, Raheem May-Thompson","Derby Trailblazers|0,13,3,4,7",4,Charlie Brown,3,Sean Mo Walker,1,2,0,1,1,1.0,2.0
Reading Rockets,"Malik Bryant, La'quarne Sayles, Cooper Creek, Jax Bouknight, Victor Olarerin","Reading Rockets|10,13,14,4,8",4,Jax Bouknight,13,La'quarne Sayles,1,2,0,1,1,1.0,2.0
Yorkshire Dragons,"David Ulph, Logan Rooney, Jordan Jefferson, Corey Johnson, Nick Lewis","Yorkshire Dragons|10,3,4,9,93",9,Corey Johnson,4,Jordan Jefferson,1,2,0,1,1,1.0,2.0
Reading Rockets,"Malik Bryant, Cooper Creek, Jax Bouknight, Eliaz (Zain) Poorman, Victor Olarerin","Reading Rockets|10,14,4,6,8",8,Victor Olarerin,10,Malik Bryant,1,2,0,1,1,1.0,2.0
Yorkshire Dragons,"David Ulph, Jordan Jefferson, Jack Mielke, Corey Johnson, Nick Lewis","Yorkshire Dragons|10,4,5,9,93",4,Jordan Jefferson,10,David Ulph,1,2,0,1,1,1.0,2.0
Reading Rockets,"Malik Bryant, Cooper Creek, Jax Bouknight, Yusef Salih, Simon Chamberlain","Reading Rockets|10,14,4,5,9",14,Cooper Creek,9,Simon Chamberlain,1,2,0,1,1,1.0,2.0
Reading Rockets,"La'quarne Sayles, Cooper Creek, Jax Bouknight, Yusef Salih, Simon Chamberlain","Reading Rockets|13,14,4,5,9",4,Jax Bouknight,14,Cooper Creek,1,2,0,1,1,1.0,2.0
Reading Rockets,"Cooper Creek, Jax Bouknight, Yusef Salih, Eliaz (Zain) Poorman, Simon Chamberlain","Reading Rockets|14,4,5,6,9",5,Yusef Salih,4,Jax Bouknight,1,2,0,1,1,1.0,2.0
Reading Rockets,"Cooper Creek, Jax Bouknight, Yusef Salih, Victor Olarerin, Simon Chamberlain","Reading Rockets|14,4,5,8,9",8,Victor Olarerin,5,Yusef Salih,1,2,0,1,1,1.0,2.0
Nottingham Hoods,"Tyrone Williams, Byrce Johnson, Donell Nixon Ii, Sam Akano, Micah Savery-Richards","Nottingham Hoods|1,21,24,7,8",24,Donell Nixon Ii,8,Micah Savery-Richards,1,2,0,1,1,1.0,2.0
London Cavaliers,"Daniel Delsol-Lowry, Mekhi Collins, Daniel Braster, Aj Roberts, Aaron Pyne","London Cavaliers|12,13,23,4,7",4,Aj Roberts,12,Daniel Delsol-Lowry,1,2,0,1,1,1.0,2.0
Nottingham Hoods,"Tyrone Williams, Byrce Johnson, Donell Nixon Ii, Sam Akano, Micah Savery-Richards","Nottingham Hoods|1,21,24,7,8",21,Byrce Johnson,7,Sam Akano,1,2,0,1,1,1.0,2.0
Nottingham Hoods,"Abiodun Adedo, Byrce Johnson, Latrell Maitland, Donell Nixon Ii, Sam Akano","Nottingham Hoods|12,21,23,24,7",7,Sam Akano,12,Abiodun Adedo,1,2,0,1,1,1.0,2.0
Nottingham Hoods,"Abiodun Adedo, Byrce Johnson, Latrell Maitland, Donell Nixon Ii, Sam Akano","Nottingham Hoods|12,21,23,24,7",23,Latrell Maitland,12,Abiodun Adedo,1,2,0,1,1,1.0,2.0
London Cavaliers,"Daniel Delsol-Lowry, Mekhi Collins, Marquel Beasley, Daniel Braster, Aj Roberts","London Cavaliers|12,13,15,23,4",23,Daniel Braster,15,Marquel Beasley,1,2,0,1,1,1.0,2.0
London Cavaliers,"Daniel Delsol-Lowry, Mekhi Collins, Marquel Beasley, Daniel Braster, Aj Roberts","London Cavaliers|12,13,15,23,4",4,Aj Roberts,12,Daniel Delsol-Lowry,1,2,0,1,1,1.0,2.0
London Cavaliers,"Juan Manning, Daniel Delsol-Lowry, Mekhi Collins, Marquel Beasley, Aj Roberts","London Cavaliers|10,12,13,15,4",10,Juan Manning,12,Daniel Delsol-Lowry,1,2,0,1,1,1.0,2.0
Nottingham Hoods,"Tyrone Williams, Abiodun Adedo, Byrce Johnson, Latrell Maitland, Sam Akano","Nottingham Hoods|1,12,21,23,7",1,Tyrone Williams,21,Byrce Johnson,1,2,0,1,1,1.0,2.0
Nottingham Hoods,"Tyrone Williams, Abiodun Adedo, Byrce Johnson, Latrell Maitland, Sam Akano","Nottingham Hoods|1,12,21,23,7",7,Sam Akano,1,Tyrone Williams,1,2,0,1,1,1.0,2.0
London Cavaliers,"Juan Manning, Daniel Delsol-Lowry, Daniel Braster, Aj Roberts, Aaron Pyne","London Cavaliers|10,12,23,4,7",7,Aaron Pyne,4,Aj Roberts,1,2,0,1,1,1.0,2.0
London Cavaliers,"Juan Manning, Joe Richards, Daniel Delsol-Lowry, Aj Roberts, Aaron Pyne","London Cavaliers|10,11,12,4,7",11,Joe Richards,12,Daniel Delsol-Lowry,1,2,0,1,1,1.0,2.0
London Cavaliers,"Juan Manning, Joe Richards, Daniel Delsol-Lowry, Aj Roberts, Aaron Pyne","London Cavaliers|10,11,12,4,7",7,Aaron Pyne,4,Aj Roberts,1,2,0,1,1,1.0,2.0
Nottingham Hoods,"Tyrone Williams, Byrce Johnson, Donell Nixon Ii, Elliot Bailey, Micah Savery-Richards","Nottingham Hoods|1,21,24,6,8",6,Elliot Bailey,21,Byrce Johnson,1,2,0,1,1,1.0,2.0
London Cavaliers,"Juan Manning, Joe Richards, Daniel Delsol-Lowry, Aj Roberts, Aaron Pyne","London Cavaliers|10,11,12,4,7",10,Juan Manning,12,Daniel Delsol-Lowry,1,2,0,1,1,1.0,2.0
Nottingham Hoods,"Tyrone Williams, Abiodun Adedo, Byrce Johnson, Aaron Sandu-Nelson, Micah Savery-Richards","Nottingham Hoods|1,12,21,5,8",1,Tyrone Williams,12,Abiodun Adedo,1,2,0,1,1,1.0,2.0
Nottingham Hoods,"Tyrone Williams, Abiodun Adedo, Byrce Johnson, Kaiden Bartholomew, Aaron Sandu-Nelson","Nottingham Hoods|1,12,21,25,5",1,Tyrone Williams,21,Byrce Johnson,1,2,0,1,1,1.0,2.0
London Cavaliers,"Juan Manning, Joe Richards, Daniel Delsol-Lowry, Aj Roberts, Aaron Pyne","London Cavaliers|10,11,12,4,7",10,Juan Manning,7,Aaron Pyne,1,2,0,1,1,1.0,2.0
Nottingham Hoods,"Tyrone Williams, Abiodun Adedo, Kaiden Bartholomew, Aaron Sandu-Nelson, Micah Savery-Richards","Nottingham Hoods|1,12,25,5,8",1,Tyrone Williams,8,Micah Savery-Richards,1,2,0,1,1,1.0,2.0
London Cavaliers,"Juan Manning, Joe Richards, Daniel Delsol-Lowry, Aj Roberts, Aaron Pyne","London Cavaliers|10,11,12,4,7",7,Aaron Pyne,23,Daniel Braster,1,2,0,1,1,1.0,2.0
Nottingham Hoods,"Abiodun Adedo, Kaiden Bartholomew, Aaron Sandu-Nelson, Sam Akano, Micah Savery-Richards","Nottingham Hoods|12,25,5,7,8",8,Micah Savery-Richards,12,Abiodun Adedo,1,2,0,1,1,1.0,2.0
Nottingham Hoods,"Abiodun Adedo, Kaiden Bartholomew, Aaron Sandu-Nelson, Sam Akano, Micah Savery-Richards","Nottingham Hoods|12,25,5,7,8",12,Abiodun Adedo,25,Kaiden Bartholomew,1,2,0,1,1,1.0,2.0
Yorkshire Dragons,"David Ulph, Jordan Jefferson, Jack Mielke, Corey Johnson, Nick Lewis","Yorkshire Dragons|10,4,5,9,93",93,Nick Lewis,4,Jordan Jefferson,1,2,0,1,1,1.0,2.0
Derby Trailblazers,"Casey Burr, Connor Washington, Jai Pathmarajah, Robert Marsden, Charlie Brown","Derby Trailblazers|0,13,22,30,4",4,Charlie Brown,30,Robert Marsden,1,2,0,1,1,1.0,2.0
Derby Trailblazers,"Casey Burr, Connor Washington, Jai Pathmarajah, Robert Marsden, Charlie Brown","Derby Trailblazers|0,13,22,30,4",30,Robert Marsden,22,Jai Pathmarajah,1,2,0,1,1,1.0,2.0
Yorkshire Dragons,"David Ulph, Jordan Whelan, Jordan Jefferson, Corey Johnson, Nick Lewis","Yorkshire Dragons|10,23,4,9,93",10,David Ulph,4,Jordan Jefferson,1,2,0,1,1,1.0,2.0
Derby Trailblazers,"Connor Washington, Sean Mo Walker, Robert Marsden, Charlie Brown, Raheem May-Thompson","Derby Trailblazers|13,3,30,4,7",30,Robert Marsden,7,Raheem May-Thompson,1,2,0,1,1,1.0,2.0
Derby Trailblazers,"Casey Burr, Jai Pathmarajah, Sean Mo Walker, Robert Marsden, Charlie Brown","Derby Trailblazers|0,22,3,30,4",22,Jai Pathmarajah,30,Robert Marsden,1,2,0,1,1,1.0,2.0
Newcastle Knights,"Bradley Dean, Jaron Thames, Will Neighbour, Messiah Jones, Max Matthews","Newcastle Knights|1,11,15,5,8",1,Bradley Dean,11,Jaron Thames,1,2,0,1,1,1.0,2.0
Newcastle Knights,"Bradley Dean, Sam Trunley, Jaron Thames, Messiah Jones, Theo Riley","Newcastle Knights|1,10,11,5,9",1,Bradley Dean,5,Messiah Jones,1,2,0,1,1,1.0,2.0
Milton Keynes Breakers,"Ben Baker-Mccann, Mike New Jr., Jordan Spencer, Blayne Freckleton, Chase Thompson","Milton Keynes Breakers|11,15,23,7,8",23,Jordan Spencer,15,Mike New Jr.,1,2,0,1,1,1.0,2.0
Newcastle Knights,"Bradley Dean, Sam Trunley, Jaron Thames, Rowell Graham-Bell, Messiah Jones","Newcastle Knights|1,10,11,14,5",14,Rowell Graham-Bell,5,Messiah Jones,1,2,0,1,1,1.0,2.0
Milton Keynes Breakers,"Dashawn Jackson, Jonas Dietrich, Jordan Spencer, Blayne Freckleton, Chase Thompson","Milton Keynes Breakers|1,12,23,7,8",23,Jordan Spencer,8,Chase Thompson,1,2,0,1,1,1.0,2.0
Milton Keynes Breakers,"Dashawn Jackson, Jonas Dietrich, Jordan Spencer, Blayne Freckleton, Chase Thompson","Milton Keynes Breakers|1,12,23,7,8",8,Chase Thompson,23,Jordan Spencer,1,2,0,1,1,1.0,2.0
Newcastle Knights,"Bradley Dean, Sam Trunley, Jaron Thames, Will Neighbour, Messiah Jones","Newcastle Knights|1,10,11,15,5",1,Bradley Dean,5,Messiah Jones,1,2,0,1,1,1.0,2.0
Milton Keynes Breakers,"Dashawn Jackson, Mike New Jr., Jordan Spencer, Blayne Freckleton, Chase Thompson","Milton Keynes Breakers|1,15,23,7,8",15,Mike New Jr.,1,Dashawn Jackson,1,2,0,1,1,1.0,2.0
Newcastle Knights,"Bradley Dean, Sam Trunley, Jaron Thames, Jason Soodeen, Theo Riley","Newcastle Knights|1,10,11,12,9",1,Bradley Dean,12,Jason Soodeen,1,2,0,1,1,1.0,2.0
Milton Keynes Breakers,"Ben Baker-Mccann, Mike New Jr., Jordan Spencer, Blayne Freckleton, Chase Thompson","Milton Keynes Breakers|11,15,23,7,8",23,Jordan Spencer,11,Ben Baker-Mccann,1,2,0,1,1,1.0,2.0
Newcastle Knights,"Bradley Dean, Sam Trunley, Jaron Thames, Jason Soodeen, Theo Riley","Newcastle Knights|1,10,11,12,9",10,Sam Trunley,9,Theo Riley,1,2,0,1,1,1.0,2.0
Newcastle Knights,"Bradley Dean, Sam Trunley, Jaron Thames, Jason Soodeen, Theo Riley","Newcastle Knights|1,10,11,12,9",12,Jason Soodeen,1,Bradley Dean,1,2,0,1,1,1.0,2.0
Bristol Hurricanes,"Daniel Edozie, Elvisi Dusha, Denzel Ubiaro, Corey Samuels, Vilmantas Dilys","Bristol Hurricanes|1,12,31,4,55",55,Vilmantas Dilys,4,Corey Samuels,1,2,0,1,1,1.0,2.0
Bristol Flyers II,"Yusuf Hafid, Lanre Ayinla, Reggie Eigbe, Nikolas Sagkovits, Thomas Browne","Bristol Flyers II|0,10,13,21,7",7,Thomas Browne,21,Nikolas Sagkovits,1,2,0,1,1,1.0,2.0
Bristol Hurricanes,"Elvisi Dusha, Jules Dang-Akodo, Corey Samuels, Vilmantas Dilys, Chris Taylor","Bristol Hurricanes|12,23,4,55,9",23,Jules Dang-Akodo,4,Corey Samuels,1,2,0,1,1,1.0,2.0
Bristol Hurricanes,"Elvisi Dusha, Jules Dang-Akodo, Corey Samuels, Vilmantas Dilys, Chris Taylor","Bristol Hurricanes|12,23,4,55,9",9,Chris Taylor,55,Vilmantas Dilys,1,2,0,1,1,1.0,2.0
Bristol Flyers II,"Yusuf Hafid, Jack Craggs, Reggie Eigbe, Nassim Ladjimi, Luka Matthews","Bristol Flyers II|0,12,13,24,5",0,Yusuf Hafid,13,Reggie Eigbe,1,2,0,1,1,1.0,2.0
Bristol Flyers II,"Yusuf Hafid, Lanre Ayinla, Jack Craggs, Reggie Eigbe, Luka Matthews","Bristol Flyers II|0,10,12,13,5",0,Yusuf Hafid,13,Reggie Eigbe,1,2,0,1,1,1.0,2.0
Bristol Flyers II,"Yusuf Hafid, Lanre Ayinla, Reggie Eigbe, Nassim Ladjimi, Ebuka Ekwegh","Bristol Flyers II|0,10,13,24,8",8,Ebuka Ekwegh,0,Yusuf Hafid,1,2,0,1,1,1.0,2.0
Bristol Hurricanes,"Daniel Edozie, Kobe Hill, Denzel Ubiaro, Corey Samuels, Vilmantas Dilys","Bristol Hurricanes|1,2,31,4,55",2,Kobe Hill,4,Corey Samuels,1,2,0,1,1,1.0,2.0
Bristol Flyers II,"Yusuf Hafid, Lanre Ayinla, Roman Price, Nassim Ladjimi, Wickens Simba","Bristol Flyers II|0,10,11,24,6",0,Yusuf Hafid,10,Lanre Ayinla,1,2,0,1,1,1.0,2.0
Bristol Flyers II,"Yusuf Hafid, Jack Craggs, Reggie Eigbe, Nassim Ladjimi, Ebuka Ekwegh","Bristol Flyers II|0,12,13,24,8",8,Ebuka Ekwegh,12,Jack Craggs,1,2,0,1,1,1.0,2.0
Bristol Flyers II,"Yusuf Hafid, Lanre Ayinla, Reggie Eigbe, Nassim Ladjimi, Ebuka Ekwegh","Bristol Flyers II|0,10,13,24,8",8,Ebuka Ekwegh,10,Lanre Ayinla,1,2,0,1,1,1.0,2.0
Bristol Flyers II,"Yusuf Hafid, Lanre Ayinla, Reggie Eigbe, Nassim Ladjimi, Ebuka Ekwegh","Bristol Flyers II|0,10,13,24,8",0,Yusuf Hafid,24,Nassim Ladjimi,1,2,0,1,1,1.0,2.0
Hemel Storm,"Darien Nelson-Henry, Matt Norman, Veron Eze, Sam Newman, Jack Burnell","Hemel Storm|10,2,21,4,7",4,Sam Newman,21,Veron Eze,1,2,0,1,1,1.0,2.0
Hemel Storm,"Darien Nelson-Henry, Kai Walker, Matt Norman, Sam Newman, Jack Burnell","Hemel Storm|10,11,2,4,7",2,Matt Norman,11,Kai Walker,1,2,0,1,1,1.0,2.0
Essex Rebels,"Remy Udeh, Miles Brown, Tom Child, Ben Winter, Tyreese Hudson","Essex Rebels|14,2,22,5,9",22,Tom Child,5,Ben Winter,1,2,0,1,1,1.0,2.0
Hemel Storm,"Darien Nelson-Henry, Kai Walker, Matt Norman, Sam Newman, Jack Burnell","Hemel Storm|10,11,2,4,7",4,Sam Newman,11,Kai Walker,1,2,0,1,1,1.0,2.0
Hemel Storm,"Darien Nelson-Henry, Kai Walker, Matt Norman, Sam Newman, Jack Burnell","Hemel Storm|10,11,2,4,7",4,Sam Newman,2,Matt Norman,1,2,0,1,1,1.0,2.0
Essex Rebels,"Remy Udeh, Miles Brown, Tom Child, Ben Winter, Tyreese Hudson","Essex Rebels|14,2,22,5,9",22,Tom Child,14,Remy Udeh,1,2,0,1,1,1.0,2.0
Essex Rebels,"Remy Udeh, Miles Brown, Tom Child, Ben Winter, Tyreese Hudson","Essex Rebels|14,2,22,5,9",22,Tom Child,9,Tyreese Hudson,1,2,0,1,1,1.0,2.0
Hemel Storm,"Darien Nelson-Henry, Kai Walker, Matt Norman, Sam Newman, Jack Burnell","Hemel Storm|10,11,2,4,7",2,Matt Norman,10,Darien Nelson-Henry,1,2,0,1,1,1.0,2.0
Essex Rebels,"Remy Udeh, Miles Brown, Tom Child, Ben Winter, Tyreese Hudson","Essex Rebels|14,2,22,5,9",5,Ben Winter,9,Tyreese Hudson,1,2,0,1,1,1.0,2.0
Hemel Storm,"Mergim Sokoli, Kai Walker, Matt Norman, Sam Newman, Jovan Rai","Hemel Storm|0,11,2,4,5",10,Darien Nelson-Henry,4,Sam Newman,1,2,0,1,1,1.0,2.0
Hemel Storm,"Darien Nelson-Henry, Kai Walker, Veron Eze, Jovan Rai, Jack Burnell","Hemel Storm|10,11,21,5,7",11,Kai Walker,10,Darien Nelson-Henry,1,2,0,1,1,1.0,2.0
Essex Rebels,"Kyron Martin, Miles Brown, Tom Child, Harry Gent, Ben Winter","Essex Rebels|10,2,22,36,5",36,Harry Gent,2,Miles Brown,1,2,0,1,1,1.0,2.0
Hemel Storm,"Mergim Sokoli, Kai Walker, Matt Norman, Veron Eze, Sam Newman","Hemel Storm|0,11,2,21,4",2,Matt Norman,21,Veron Eze,1,2,0,1,1,1.0,2.0
Essex Rebels,"Kyron Martin, Daniel Johnson-Thompson, Miles Brown, Tom Child, Ben Winter","Essex Rebels|10,13,2,22,5",22,Tom Child,5,Ben Winter,1,2,0,1,1,1.0,2.0
Hemel Storm,"Darien Nelson-Henry, Kai Walker, Matt Norman, Sam Newman, Jack Burnell","Hemel Storm|10,11,2,4,7",4,Sam Newman,10,Darien Nelson-Henry,1,2,0,1,1,1.0,2.0
Essex Rebels,"Kyron Martin, Daniel Johnson-Thompson, Remy Udeh, Miles Brown, Tom Child","Essex Rebels|10,13,14,2,22",5,Ben Winter,2,Miles Brown,1,2,0,1,1,1.0,2.0
Birmingham Rockets,"Ronald Blain, Orlan Jackman, Zack Powell, Faaris Mughaal, Martyn Gayle","Birmingham Rockets|0,13,14,7,8",7,Faaris Mughaal,13,Orlan Jackman,1,2,0,1,1,1.0,2.0
Newcastle Knights,"Bradley Dean, Sam Trunley, Jaron Thames, Finn Cork, Mekhi Hendry","Newcastle Knights|1,10,11,13,2",1,Bradley Dean,13,Finn Cork,1,2,0,1,1,1.0,2.0
Newcastle Knights,"Bradley Dean, Sam Trunley, Jaron Thames, Finn Cork, Mekhi Hendry","Newcastle Knights|1,10,11,13,2",2,Mekhi Hendry,13,Finn Cork,1,2,0,1,1,1.0,2.0
Birmingham Rockets,"Ronald Blain, Orlan Jackman, Zack Powell, Luke Okosieme, Martyn Gayle","Birmingham Rockets|0,13,14,21,8",13,Orlan Jackman,8,Martyn Gayle,1,2,0,1,1,1.0,2.0
Birmingham Rockets,"Ronald Blain, Orlan Jackman, Zack Powell, Eric Donaldson, Martyn Gayle","Birmingham Rockets|0,13,14,3,8",3,Eric Donaldson,8,Martyn Gayle,1,2,0,1,1,1.0,2.0
Newcastle Knights,"Sam Trunley, Jaron Thames, Finn Cork, Rowell Graham-Bell, Mekhi Hendry","Newcastle Knights|10,11,13,14,2",10,Sam Trunley,13,Finn Cork,1,2,0,1,1,1.0,2.0
Newcastle Knights,"Sam Trunley, Jaron Thames, Finn Cork, Mekhi Hendry, Theo Riley","Newcastle Knights|10,11,13,2,9",9,Theo Riley,13,Finn Cork,1,2,0,1,1,1.0,2.0
Newcastle Knights,"Bradley Dean, Sam Trunley, Jaron Thames, Rowell Graham-Bell, Theo Riley","Newcastle Knights|1,10,11,14,9",10,Sam Trunley,11,Jaron Thames,1,2,0,1,1,1.0,2.0
Newcastle Knights,"Bradley Dean, Sam Trunley, Jaron Thames, Rowell Graham-Bell, Mekhi Hendry","Newcastle Knights|1,10,11,14,2",2,Mekhi Hendry,14,Rowell Graham-Bell,1,2,0,1,1,1.0,2.0
Essex Rebels,"Daniel Johnson-Thompson, Remy Udeh, Tom Child, Ben Winter, Johnny Mckew","Essex Rebels|13,14,22,5,7",5,Ben Winter,14,Remy Udeh,1,2,0,1,1,1.0,2.0
Essex Rebels,"Michael Amako, Kyron Martin, Remy Udeh, Tom Child, Harry Gent","Essex Rebels|1,10,14,22,36",22,Tom Child,14,Remy Udeh,1,2,0,1,1,1.0,2.0
Bristol Hurricanes,"David Forsyth, Elvisi Dusha, Jules Dang-Akodo, Denzel Ubiaro, Chris Taylor","Bristol Hurricanes|11,12,23,31,9",31,Denzel Ubiaro,11,David Forsyth,1,2,0,1,1,1.0,2.0
Essex Rebels,"Mou Wol-Cummings, Michael Amako, Kyron Martin, Tom Child, Tyreese Hudson","Essex Rebels|0,1,10,22,9",22,Tom Child,9,Tyreese Hudson,1,2,0,1,1,1.0,2.0
Essex Rebels,"Mou Wol-Cummings, Michael Amako, Kyron Martin, Tom Child, Tyreese Hudson","Essex Rebels|0,1,10,22,9",0,Mou Wol-Cummings,10,Kyron Martin,1,2,0,1,1,1.0,2.0
Essex Rebels,"Mou Wol-Cummings, Michael Amako, Kyron Martin, Tom Child, Tyreese Hudson","Essex Rebels|0,1,10,22,9",10,Kyron Martin,1,Michael Amako,1,2,0,1,1,1.0,2.0
Bristol Hurricanes,"Daniel Edozie, David Forsyth, Jules Dang-Akodo, Corey Samuels, Chris Taylor","Bristol Hurricanes|1,11,23,4,9",23,Jules Dang-Akodo,9,Chris Taylor,1,2,0,1,1,1.0,2.0
Essex Rebels,"Kyron Martin, Isaac Temilola, Anthony Idiata-Mendez, Tom Child, Ben Winter","Essex Rebels|10,15,20,22,5",22,Tom Child,10,Kyron Martin,1,2,0,1,1,1.0,2.0
Bristol Hurricanes,"Daniel Edozie, Elvisi Dusha, Kobe Hill, Corey Samuels, Vilmantas Dilys","Bristol Hurricanes|1,12,2,4,55",2,Kobe Hill,55,Vilmantas Dilys,1,2,0,1,1,1.0,2.0
Bristol Hurricanes,"Daniel Edozie, Elvisi Dusha, Kobe Hill, Corey Samuels, Vilmantas Dilys","Bristol Hurricanes|1,12,2,4,55",12,Elvisi Dusha,55,Vilmantas Dilys,1,2,0,1,1,1.0,2.0
Essex Rebels,"Remy Udeh, Isaac Temilola, Tom Child, Ben Winter, Johnny Mckew","Essex Rebels|14,15,22,5,7",22,Tom Child,15,Isaac Temilola,1,2,0,1,1,1.0,2.0
Essex Rebels,"Mou Wol-Cummings, Remy Udeh, Anthony Idiata-Mendez, Harry Gent, Ben Winter","Essex Rebels|0,14,20,36,5",20,Anthony Idiata-Mendez,0,Mou Wol-Cummings,1,2,0,1,1,1.0,2.0
Essex Rebels,"Kyron Martin, Remy Udeh, Tom Child, Harry Gent, Ben Winter","Essex Rebels|10,14,22,36,5",5,Ben Winter,14,Remy Udeh,1,2,0,1,1,1.0,2.0
Bristol Hurricanes,"David Forsyth, Jules Dang-Akodo, Denzel Ubiaro, Corey Samuels, Vilmantas Dilys","Bristol Hurricanes|11,23,31,4,55",11,David Forsyth,31,Denzel Ubiaro,1,2,0,1,1,1.0,2.0
Bristol Hurricanes,"Daniel Edozie, Elvisi Dusha, Jules Dang-Akodo, Denzel Ubiaro, Vilmantas Dilys","Bristol Hurricanes|1,12,23,31,55",12,Elvisi Dusha,55,Vilmantas Dilys,1,2,0,1,1,1.0,2.0
London Cavaliers,"Juan Manning, Mekhi Collins, Marquel Beasley, Daniel Delsol-Lowry, Aj Roberts","London Cavaliers|10,13,15,21,4",10,Juan Manning,13,Mekhi Collins,1,2,0,1,1,1.0,2.0
Bristol Flyers II,"Roman Price, Reggie Eigbe, Nassim Ladjimi, Anthony Bhebhe, Thomas Browne","Bristol Flyers II|11,13,24,4,7",13,Reggie Eigbe,11,Roman Price,1,2,0,1,1,1.0,2.0
Bristol Flyers II,"Roman Price, Reggie Eigbe, Nassim Ladjimi, Anthony Bhebhe, Thomas Browne","Bristol Flyers II|11,13,24,4,7",4,Anthony Bhebhe,11,Roman Price,1,2,0,1,1,1.0,2.0
Bristol Flyers II,"Yusuf Hafid, Roman Price, Jack Craggs, Luka Matthews, Ebuka Ekwegh","Bristol Flyers II|0,11,12,5,8",8,Ebuka Ekwegh,5,Luka Matthews,1,2,0,1,1,1.0,2.0
London Cavaliers,"Juan Manning, Joe Richards, Marquel Beasley, Daniel Delsol-Lowry, Darren Ainembabazi","London Cavaliers|10,11,15,21,3",21,Daniel Delsol-Lowry,3,Darren Ainembabazi,1,2,0,1,1,1.0,2.0
Bristol Flyers II,"Yusuf Hafid, Reggie Eigbe, Nikolas Sagkovits, Anthony Bhebhe, Thomas Browne","Bristol Flyers II|0,13,21,4,7",4,Anthony Bhebhe,21,Nikolas Sagkovits,1,2,0,1,1,1.0,2.0
London Cavaliers,"Juan Manning, Joe Richards, Marquel Beasley, Daniel Delsol-Lowry, Darren Ainembabazi","London Cavaliers|10,11,15,21,3",10,Juan Manning,15,Marquel Beasley,1,2,0,1,1,1.0,2.0
Bristol Flyers II,"Yusuf Hafid, Reggie Eigbe, Nikolas Sagkovits, Anthony Bhebhe, Thomas Browne","Bristol Flyers II|0,13,21,4,7",0,Yusuf Hafid,21,Nikolas Sagkovits,1,2,0,1,1,1.0,2.0
London Cavaliers,"Juan Manning, Mekhi Collins, Marquel Beasley, Daniel Delsol-Lowry, Aj Roberts","London Cavaliers|10,13,15,21,4",21,Daniel Delsol-Lowry,13,Mekhi Collins,1,2,0,1,1,1.0,2.0
Bristol Flyers II,"Yusuf Hafid, Reggie Eigbe, Nikolas Sagkovits, Nassim Ladjimi, Ebuka Ekwegh","Bristol Flyers II|0,13,21,24,8",8,Ebuka Ekwegh,0,Yusuf Hafid,1,2,0,1,1,1.0,2.0
Bristol Flyers II,"Yusuf Hafid, Reggie Eigbe, Nikolas Sagkovits, Nassim Ladjimi, Ebuka Ekwegh","Bristol Flyers II|0,13,21,24,8",8,Ebuka Ekwegh,21,Nikolas Sagkovits,1,2,0,1,1,1.0,2.0
London Cavaliers,"Joe Richards, Mekhi Collins, Daniel Delsol-Lowry, Darren Ainembabazi, Aj Roberts","London Cavaliers|11,13,21,3,4",11,Joe Richards,3,Darren Ainembabazi,1,2,0,1,1,1.0,2.0
London Cavaliers,"Joe Richards, Mekhi Collins, Daniel Delsol-Lowry, Darren Ainembabazi, Aj Roberts","London Cavaliers|11,13,21,3,4",11,Joe Richards,13,Mekhi Collins,1,2,0,1,1,1.0,2.0
Bristol Flyers II,"Reggie Eigbe, Nikolas Sagkovits, Anthony Bhebhe, Luka Matthews, Thomas Browne","Bristol Flyers II|13,21,4,5,7",13,Reggie Eigbe,7,Thomas Browne,1,2,0,1,1,1.0,2.0
London Cavaliers,"Juan Manning, Joe Richards, Daniel Delsol-Lowry, Darren Ainembabazi, Aaron Pyne","London Cavaliers|10,11,21,3,7",7,Aaron Pyne,11,Joe Richards,1,2,0,1,1,1.0,2.0
Yorkshire Dragons,"David Ulph, Jordan Jefferson, Jack Mielke, Corey Johnson, Nick Lewis","Yorkshire Dragons|10,4,5,9,93",5,Jack Mielke,9,Corey Johnson,1,2,0,1,1,1.0,2.0
Yorkshire Dragons,"David Ulph, Jordan Jefferson, Jack Mielke, Corey Johnson, Nick Lewis","Yorkshire Dragons|10,4,5,9,93",4,Jordan Jefferson,5,Jack Mielke,1,2,0,1,1,1.0,2.0
Loughborough Riders,"Johde Campbell, Michael Joiner, Levi Ehiorobo, Cameron Nyarko, Dan Hadley","Loughborough Riders|0,11,21,3,5",0,Johde Campbell,3,Cameron Nyarko,1,2,0,1,1,1.0,2.0
Yorkshire Dragons,"Ronnie Ani, Ben Tew, Jordan Whelan, Logan Rooney, Nick Lewis","Yorkshire Dragons|1,20,23,3,93",93,Nick Lewis,20,Ben Tew,1,2,0,1,1,1.0,2.0
Loughborough Riders,"Johde Campbell, Michael Joiner, Levi Ehiorobo, Cameron Nyarko, Jalen Cook","Loughborough Riders|0,11,21,3,31",3,Cameron Nyarko,21,Levi Ehiorobo,1,2,0,1,1,1.0,2.0
Loughborough Riders,"Johde Campbell, Michael Joiner, Levi Ehiorobo, Jalen Cook, Dan Hadley","Loughborough Riders|0,11,21,31,5",0,Johde Campbell,21,Levi Ehiorobo,1,2,0,1,1,1.0,2.0
Yorkshire Dragons,"David Ulph, Jordan Jefferson, Jack Mielke, Corey Johnson, Nick Lewis","Yorkshire Dragons|10,4,5,9,93",10,David Ulph,93,Nick Lewis,1,2,0,1,1,1.0,2.0
Yorkshire Dragons,"David Ulph, Jordan Whelan, Logan Rooney, Jordan Jefferson, Corey Johnson","Yorkshire Dragons|10,23,3,4,9",23,Jordan Whelan,4,Jordan Jefferson,1,2,0,1,1,1.0,2.0
Yorkshire Dragons,"David Ulph, Jordan Whelan, Logan Rooney, Jordan Jefferson, Corey Johnson","Yorkshire Dragons|10,23,3,4,9",3,Logan Rooney,9,Corey Johnson,1,2,0,1,1,1.0,2.0
Loughborough Riders,"Johde Campbell, Michael Joiner, Levi Ehiorobo, Jalen Cook, Callum Keys","Loughborough Riders|0,11,21,31,8",0,Johde Campbell,31,Jalen Cook,1,2,0,1,1,1.0,2.0
Hemel Storm,"Darien Nelson-Henry, Matt Norman, Veron Eze, Di-Jani Parkinson, Sam Newman","Hemel Storm|10,2,21,23,4",2,Matt Norman,23,Di-Jani Parkinson,1,2,0,1,1,1.0,2.0
Hemel Storm,"Darien Nelson-Henry, Kai Walker, Veron Eze, Brayden Inger, Jack Burnell","Hemel Storm|10,11,21,3,7",10,Darien Nelson-Henry,3,Brayden Inger,1,2,0,1,1,1.0,2.0
Hemel Storm,"Mergim Sokoli, Kai Walker, Matt Norman, Brayden Inger, Sam Newman","Hemel Storm|0,11,2,3,4",2,Matt Norman,0,Mergim Sokoli,1,2,0,1,1,1.0,2.0
Worthing Thunder,"Danny Evans, Matthew Bryan-Amaning, Justin Hopkins, Jonathan Lashley, Bode Adeluola","Worthing Thunder|0,11,15,35,5",15,Justin Hopkins,11,Matthew Bryan-Amaning,1,2,0,1,1,1.0,2.0
Worthing Thunder,"Danny Evans, Matthew Bryan-Amaning, Justin Hopkins, Jonathan Lashley, Bode Adeluola","Worthing Thunder|0,11,15,35,5",15,Justin Hopkins,35,Jonathan Lashley,1,2,0,1,1,1.0,2.0
Worthing Thunder,"Justin Hopkins, Elijah Maynard, Jonathan Lashley, Adrian Scarborough, Bode Adeluola","Worthing Thunder|15,22,35,4,5",35,Jonathan Lashley,4,Adrian Scarborough,1,2,0,1,1,1.0,2.0
Worthing Thunder,"Justin Hopkins, Elijah Maynard, Jonathan Lashley, Adrian Scarborough, Elliott Dadds","Worthing Thunder|15,22,35,4,7",15,Justin Hopkins,35,Jonathan Lashley,1,2,0,1,1,1.0,2.0
Hemel Storm,"Kai Walker, Matt Norman, Veron Eze, Brayden Inger, Sam Newman","Hemel Storm|11,2,21,3,4",3,Brayden Inger,21,Veron Eze,1,2,0,1,1,1.0,2.0
Worthing Thunder,"Danny Evans, Matthew Bryan-Amaning, Justin Hopkins, Elijah Maynard, Elliott Dadds","Worthing Thunder|0,11,15,22,7",15,Justin Hopkins,22,Elijah Maynard,1,2,0,1,1,1.0,2.0
Hemel Storm,"Darien Nelson-Henry, Veron Eze, Di-Jani Parkinson, Sam Newman, Jack Burnell","Hemel Storm|10,21,23,4,7",4,Sam Newman,21,Veron Eze,1,2,0,1,1,1.0,2.0
Hemel Storm,"Darien Nelson-Henry, Kai Walker, Matt Norman, Sam Newman, Jack Burnell","Hemel Storm|10,11,2,4,7",10,Darien Nelson-Henry,2,Matt Norman,1,2,0,1,1,1.0,2.0
Hemel Storm,"Darien Nelson-Henry, Matt Norman, Veron Eze, Brayden Inger, Sam Newman","Hemel Storm|10,2,21,3,4",10,Darien Nelson-Henry,2,Matt Norman,1,2,0,1,1,1.0,2.0
Worthing Thunder,"Justin Hopkins, Elijah Maynard, Jonathan Lashley, Adrian Scarborough, Elliott Dadds","Worthing Thunder|15,22,35,4,7",4,Adrian Scarborough,35,Jonathan Lashley,1,2,0,1,1,1.0,2.0
Hemel Storm,"Mergim Sokoli, Kai Walker, Brayden Inger, Sam Newman, Jack Burnell","Hemel Storm|0,11,3,4,7",11,Kai Walker,3,Brayden Inger,1,2,0,1,1,1.0,2.0
Hemel Storm,"Darien Nelson-Henry, Kai Walker, Matt Norman, Brayden Inger, Sam Newman","Hemel Storm|10,11,2,3,4",3,Brayden Inger,11,Kai Walker,1,2,0,1,1,1.0,2.0
Hemel Storm,"Darien Nelson-Henry, Kai Walker, Matt Norman, Brayden Inger, Sam Newman","Hemel Storm|10,11,2,3,4",3,Brayden Inger,10,Darien Nelson-Henry,1,2,0,1,1,1.0,2.0
Milton Keynes Breakers,"Dashawn Jackson, Jonas Dietrich, Mike New Jr., Xavier Wilson, Jordan Spencer","Milton Keynes Breakers|10,12,15,21,23",10,Dashawn Jackson,12,Jonas Dietrich,1,2,0,1,1,1.0,2.0
Milton Keynes Breakers,"Dashawn Jackson, Ben Baker-Mccann, Mike New Jr., Xavier Wilson, Jordan Spencer","Milton Keynes Breakers|10,11,15,21,23",23,Jordan Spencer,15,Mike New Jr.,1,2,0,1,1,1.0,2.0
Milton Keynes Breakers,"Dashawn Jackson, Ben Baker-Mccann, Mike New Jr., Xavier Wilson, Jordan Spencer","Milton Keynes Breakers|10,11,15,21,23",21,Xavier Wilson,23,Jordan Spencer,1,2,0,1,1,1.0,2.0
Derby Trailblazers,"Casey Burr, Connor Washington, Robert Marsden, Charlie Brown, Malcolm Smith","Derby Trailblazers|0,13,30,4,9",9,Malcolm Smith,4,Charlie Brown,1,2,0,1,1,1.0,2.0
Derby Trailblazers,"Casey Burr, Connor Washington, Robert Marsden, Charlie Brown, Malcolm Smith","Derby Trailblazers|0,13,30,4,9",4,Charlie Brown,30,Robert Marsden,1,2,0,1,1,1.0,2.0
Derby Trailblazers,"Casey Burr, Connor Washington, Robert Marsden, Charlie Brown, Malcolm Smith","Derby Trailblazers|0,13,30,4,9",30,Robert Marsden,4,Charlie Brown,1,2,0,1,1,1.0,2.0
Derby Trailblazers,"Jai Pathmarajah, Sean Mo Walker, Charlie Brown, Raheem May-Thompson, Malcolm Smith","Derby Trailblazers|22,3,4,7,9",9,Malcolm Smith,3,Sean Mo Walker,1,2,0,1,1,1.0,2.0
Milton Keynes Breakers,"Ben Baker-Mccann, Jonas Dietrich, Luke Gregory, Mike New Jr., Jordan Spencer","Milton Keynes Breakers|11,12,13,15,23",12,Jonas Dietrich,15,Mike New Jr.,1,2,0,1,1,1.0,2.0
Milton Keynes Breakers,"Dashawn Jackson, Mike New Jr., Xavier Wilson, Jordan Spencer, Blayne Freckleton","Milton Keynes Breakers|10,15,21,23,7",23,Jordan Spencer,10,Dashawn Jackson,1,2,0,1,1,1.0,2.0
Reading Rockets,"Malik Bryant, Cooper Creek, Yusef Salih, Eliaz (Zain) Poorman, Simon Chamberlain","Reading Rockets|10,14,5,6,9",6,Eliaz (Zain) Poorman,14,Cooper Creek,1,2,0,1,1,1.0,2.0
Nottingham Hoods,"Abiodun Adedo, Donell Nixon Ii, Byrce Johnson, Tyrone Williams, Sam Akano","Nottingham Hoods|12,24,25,55,7",24,Donell Nixon Ii,25,Byrce Johnson,1,2,0,1,1,1.0,2.0
Reading Rockets,"Malik Bryant, Yusef Salih, Eliaz (Zain) Poorman, Victor Olarerin, Simon Chamberlain","Reading Rockets|10,5,6,8,9",10,Malik Bryant,6,Eliaz (Zain) Poorman,1,2,0,1,1,1.0,2.0
Reading Rockets,"Malik Bryant, Ty Nsangu, Cooper Creek, Jax Bouknight, Yusef Salih","Reading Rockets|10,12,14,4,5",4,Jax Bouknight,12,Ty Nsangu,1,2,0,1,1,1.0,2.0
Reading Rockets,"Malik Bryant, Matthew Daines, Yusef Salih, Eliaz (Zain) Poorman, Victor Olarerin","Reading Rockets|10,16,5,6,8",6,Eliaz (Zain) Poorman,8,Victor Olarerin,1,2,0,1,1,1.0,2.0
Yorkshire Dragons,"David Ulph, Jordan Jefferson, Jack Mielke, Corey Johnson, Nick Lewis","Yorkshire Dragons|10,4,5,9,93",93,Nick Lewis,10,David Ulph,1,2,0,1,1,1.0,2.0
Milton Keynes Breakers,"Dashawn Jackson, Jonas Dietrich, Luke Gregory, Xavier Wilson, Jordan Spencer","Milton Keynes Breakers|1,12,13,21,23",21,Xavier Wilson,1,Dashawn Jackson,1,2,0,1,1,1.0,2.0
Yorkshire Dragons,"David Ulph, Jordan Whelan, Jordan Jefferson, Corey Johnson, Nick Lewis","Yorkshire Dragons|10,23,4,9,93",93,Nick Lewis,23,Jordan Whelan,1,2,0,1,1,1.0,2.0
Milton Keynes Breakers,"Kai Williams, Dashawn Jackson, Ben Baker-Mccann, Mike New Jr., Jordan Spencer","Milton Keynes Breakers|0,1,11,15,23",23,Jordan Spencer,0,Kai Williams,1,2,0,1,1,1.0,2.0
Milton Keynes Breakers,"Dashawn Jackson, Jonas Dietrich, Mike New Jr., Xavier Wilson, Jordan Spencer","Milton Keynes Breakers|1,12,15,21,23",1,Dashawn Jackson,15,Mike New Jr.,1,2,0,1,1,1.0,2.0
Milton Keynes Breakers,"Dashawn Jackson, Jonas Dietrich, Mike New Jr., Xavier Wilson, Jordan Spencer","Milton Keynes Breakers|1,12,15,21,23",12,Jonas Dietrich,15,Mike New Jr.,1,2,0,1,1,1.0,2.0
Milton Keynes Breakers,"Dashawn Jackson, Mike New Jr., Xavier Wilson, Jordan Spencer, Blayne Freckleton","Milton Keynes Breakers|1,15,21,23,7",15,Mike New Jr.,23,Jordan Spencer,1,2,0,1,1,1.0,2.0
Yorkshire Dragons,"David Ulph, Jordan Whelan, Jordan Jefferson, Corey Johnson, Nick Lewis","Yorkshire Dragons|10,23,4,9,93",4,Jordan Jefferson,10,David Ulph,1,2,0,1,1,1.0,2.0
Milton Keynes Breakers,"Dashawn Jackson, Jonas Dietrich, Mike New Jr., Xavier Wilson, Jordan Spencer","Milton Keynes Breakers|1,12,15,21,23",1,Dashawn Jackson,21,Xavier Wilson,1,2,0,1,1,1.0,2.0
London Cavaliers,"Juan Manning, Daniel Delsol-Lowry, Mekhi Collins, Daniel Braster, Aj Roberts","London Cavaliers|10,12,13,23,4",13,Mekhi Collins,23,Daniel Braster,1,2,0,1,1,1.0,2.0
Hemel Storm,"Darien Nelson-Henry, Matt Norman, Brayden Inger, Sam Newman, Jack Burnell","Hemel Storm|10,2,3,4,7",2,Matt Norman,10,Darien Nelson-Henry,1,2,0,1,1,1.0,2.0
London Cavaliers,"Juan Manning, Mekhi Collins, Daniel Braster, Darren Ainembabazi, Aj Roberts","London Cavaliers|10,13,23,3,4",10,Juan Manning,23,Daniel Braster,1,2,0,1,1,1.0,2.0
London Cavaliers,"Juan Manning, Mekhi Collins, Daniel Braster, Darren Ainembabazi, Aj Roberts","London Cavaliers|10,13,23,3,4",10,Juan Manning,13,Mekhi Collins,1,2,0,1,1,1.0,2.0
Hemel Storm,"Mergim Sokoli, Darien Nelson-Henry, Matt Norman, Sam Newman, Jack Burnell","Hemel Storm|0,10,2,4,7",0,Mergim Sokoli,10,Darien Nelson-Henry,1,2,0,1,1,1.0,2.0
Hemel Storm,"Mergim Sokoli, Kai Walker, Matt Norman, Brayden Inger, Sam Newman","Hemel Storm|0,11,2,3,4",3,Brayden Inger,0,Mergim Sokoli,1,2,0,1,1,1.0,2.0
Bristol Hurricanes,"David Forsyth, Elvisi Dusha, Jules Dang-Akodo, Denzel Ubiaro, Vilmantas Dilys","Bristol Hurricanes|11,12,23,31,55",12,Elvisi Dusha,55,Vilmantas Dilys,1,2,0,1,1,1.0,2.0
Loughborough Riders,"Levi Ehiorobo, Jalen Cook, Dan Hadley, Oscar Curran, Michael Joiner","Loughborough Riders|12,21,22,23,7",7,Michael Joiner,21,Jalen Cook,1,2,0,1,1,1.0,2.0
Bristol Hurricanes,"David Forsyth, Elvisi Dusha, Jules Dang-Akodo, Vilmantas Dilys, Chris Taylor","Bristol Hurricanes|11,12,23,55,9",23,Jules Dang-Akodo,55,Vilmantas Dilys,1,2,0,1,1,1.0,2.0
Loughborough Riders,"Johde Campbell, Tomide Akinsuku, Jalen Cook, Liam Campbell, Callum Keys","Loughborough Riders|10,13,21,4,6",10,Johde Campbell,13,Tomide Akinsuku,1,2,0,1,1,1.0,2.0
Bristol Hurricanes,"David Forsyth, Elvisi Dusha, Jules Dang-Akodo, Vilmantas Dilys, Chris Taylor","Bristol Hurricanes|11,12,23,55,9",12,Elvisi Dusha,55,Vilmantas Dilys,1,2,0,1,1,1.0,2.0
Loughborough Riders,"Johde Campbell, Tomide Akinsuku, Jalen Cook, Liam Campbell, Callum Keys","Loughborough Riders|10,13,21,4,6",10,Johde Campbell,6,Callum Keys,1,2,0,1,1,1.0,2.0
Loughborough Riders,"Johde Campbell, Tomide Akinsuku, Jalen Cook, Callum Keys, Michael Joiner","Loughborough Riders|10,13,21,6,7",7,Michael Joiner,6,Callum Keys,1,2,0,1,1,1.0,2.0
Loughborough Riders,"Johde Campbell, Ben Woog, Jalen Cook, Callum Keys, Michael Joiner","Loughborough Riders|10,20,21,6,7",10,Johde Campbell,21,Jalen Cook,1,2,0,1,1,1.0,2.0
Loughborough Riders,"Johde Campbell, Seth Wylie, Ben Woog, Jalen Cook, Michael Joiner","Loughborough Riders|10,15,20,21,7",7,Michael Joiner,21,Jalen Cook,1,2,0,1,1,1.0,2.0
Bristol Hurricanes,"Daniel Edozie, Elvisi Dusha, Kobe Hill, Denzel Ubiaro, Vilmantas Dilys","Bristol Hurricanes|1,12,2,31,55",31,Denzel Ubiaro,55,Vilmantas Dilys,1,2,0,1,1,1.0,2.0
Bristol Hurricanes,"David Forsyth, Elvisi Dusha, Kobe Hill, Jules Dang-Akodo, Corey Samuels","Bristol Hurricanes|11,12,2,23,4",11,David Forsyth,11,David Forsyth,1,2,0,1,1,1.0,2.0
Bristol Hurricanes,"David Forsyth, Elvisi Dusha, Kobe Hill, Jules Dang-Akodo, Denzel Ubiaro","Bristol Hurricanes|11,12,2,23,31",11,David Forsyth,31,Denzel Ubiaro,1,2,0,1,1,1.0,2.0
Loughborough Riders,"Levi Ehiorobo, Dan Hadley, Oscar Curran, Liam Campbell, Cameron Nyarko","Loughborough Riders|12,22,23,4,9",23,Oscar Curran,12,Levi Ehiorobo,1,2,0,1,1,1.0,2.0
Nottingham Hoods,"Tyrone Williams, Abiodun Adedo, Donell Nixon Ii, Elliot Bailey, Micah Savery-Richards","Nottingham Hoods|1,12,24,6,8",1,Tyrone Williams,1,Tyrone Williams,1,2,0,1,1,1.0,2.0
Nottingham Hoods,"Tyrone Williams, Abiodun Adedo, Byrce Johnson, Donell Nixon Ii, Sam Akano","Nottingham Hoods|1,12,21,24,7",24,Donell Nixon Ii,12,Abiodun Adedo,1,2,0,1,1,1.0,2.0
Nottingham Hoods,"Byrce Johnson, Latrell Maitland, Donell Nixon Ii, Elliot Bailey, Sam Akano","Nottingham Hoods|21,23,24,6,7",7,Sam Akano,6,Elliot Bailey,1,2,0,1,1,1.0,2.0
Worthing Thunder,"Danny Evans, Matthew Bryan-Amaning, Justin Hopkins, Elijah Maynard, Bode Adeluola","Worthing Thunder|0,11,15,22,5",11,Matthew Bryan-Amaning,15,Justin Hopkins,1,2,0,1,1,1.0,2.0
Nottingham Hoods,"Byrce Johnson, Latrell Maitland, Donell Nixon Ii, Elliot Bailey, Sam Akano","Nottingham Hoods|21,23,24,6,7",24,Donell Nixon Ii,21,Byrce Johnson,1,2,0,1,1,1.0,2.0
Worthing Thunder,"Justin Hopkins, Elijah Maynard, Jonathan Lashley, Bode Adeluola, Elliott Dadds","Worthing Thunder|15,22,35,5,7",35,Jonathan Lashley,22,Elijah Maynard,1,2,0,1,1,1.0,2.0
Nottingham Hoods,"Tyrone Williams, Abiodun Adedo, Byrce Johnson, Donell Nixon Ii, Micah Savery-Richards","Nottingham Hoods|1,12,21,24,8",21,Byrce Johnson,1,Tyrone Williams,1,2,0,1,1,1.0,2.0
Nottingham Hoods,"Tyrone Williams, Abiodun Adedo, Elliot Bailey, Sam Akano, Micah Savery-Richards","Nottingham Hoods|1,12,6,7,8",6,Elliot Bailey,12,Abiodun Adedo,1,2,0,1,1,1.0,2.0
Nottingham Hoods,"Tyrone Williams, Abiodun Adedo, Donell Nixon Ii, Elliot Bailey, Micah Savery-Richards","Nottingham Hoods|1,12,24,6,8",6,Elliot Bailey,12,Abiodun Adedo,1,2,0,1,1,1.0,2.0
Nottingham Hoods,"Tyrone Williams, Byrce Johnson, Donell Nixon Ii, Elliot Bailey, Micah Savery-Richards","Nottingham Hoods|1,21,24,6,8",21,Byrce Johnson,6,Elliot Bailey,1,2,0,1,1,1.0,2.0
Nottingham Hoods,"Tyrone Williams, Byrce Johnson, Latrell Maitland, Elliot Bailey, Sam Akano","Nottingham Hoods|1,21,23,6,7",21,Byrce Johnson,6,Elliot Bailey,1,2,0,1,1,1.0,2.0
Nottingham Hoods,"Abiodun Adedo, Byrce Johnson, Latrell Maitland, Donell Nixon Ii, Sam Akano","Nottingham Hoods|12,21,23,24,7",7,Sam Akano,21,Byrce Johnson,1,2,0,1,1,1.0,2.0
Nottingham Hoods,"Abiodun Adedo, Byrce Johnson, Latrell Maitland, Donell Nixon Ii, Sam Akano","Nottingham Hoods|12,21,23,24,7",21,Byrce Johnson,7,Sam Akano,1,2,0,1,1,1.0,2.0
Nottingham Hoods,"Abiodun Adedo, Byrce Johnson, Latrell Maitland, Donell Nixon Ii, Kaiden Bartholomew","Nottingham Hoods|12,21,23,24,25",25,Kaiden Bartholomew,21,Byrce Johnson,1,2,0,1,1,1.0,2.0
Worthing Thunder,"Matthew Bryan-Amaning, Justin Hopkins, Elijah Maynard, Jonathan Lashley, Elliott Dadds","Worthing Thunder|11,15,22,35,7",7,Elliott Dadds,35,Jonathan Lashley,1,2,0,1,1,1.0,2.0
Worthing Thunder,"Danny Evans, Justin Hopkins, Elijah Maynard, Jonathan Lashley, Alfie Price","Worthing Thunder|0,15,22,35,88",35,Jonathan Lashley,0,Danny Evans,1,2,0,1,1,1.0,2.0
Nottingham Hoods,"Abiodun Adedo, Shawn Jamison, Kaiden Bartholomew, Sam Akano, Micah Savery-Richards","Nottingham Hoods|12,2,25,7,8",7,Sam Akano,12,Abiodun Adedo,1,2,0,1,1,1.0,2.0
Nottingham Hoods,"Abiodun Adedo, Shawn Jamison, Kaiden Bartholomew, Sam Akano, Micah Savery-Richards","Nottingham Hoods|12,2,25,7,8",7,Sam Akano,25,Kaiden Bartholomew,1,2,0,1,1,1.0,2.0
Worthing Thunder,"Danny Evans, Justin Hopkins, Elijah Maynard, Alfie Price, Briceny Lomeka","Worthing Thunder|0,15,22,88,9",22,Elijah Maynard,15,Justin Hopkins,1,2,0,1,1,1.0,2.0
Worthing Thunder,"Danny Evans, Justin Hopkins, Elijah Maynard, Alfie Price, Briceny Lomeka","Worthing Thunder|0,15,22,88,9",9,Briceny Lomeka,15,Justin Hopkins,1,2,0,1,1,1.0,2.0
Nottingham Hoods,"Abiodun Adedo, Tyrone Bonsu, Shawn Jamison, Kaiden Bartholomew, Sam Akano","Nottingham Hoods|12,14,2,25,7",25,Kaiden Bartholomew,14,Tyrone Bonsu,1,2,0,1,1,1.0,2.0
Bristol Flyers II,"Yusuf Hafid, Reggie Eigbe, Nikolas Sagkovits, Nassim Ladjimi, Ebuka Ekwegh","Bristol Flyers II|0,13,21,24,8",24,Nassim Ladjimi,21,Nikolas Sagkovits,1,2,0,1,1,1.0,2.0
Bristol Flyers II,"Yusuf Hafid, Lanre Ayinla, Roman Price, Reggie Eigbe, Thomas Browne","Bristol Flyers II|0,10,11,13,7",7,Thomas Browne,0,Yusuf Hafid,1,2,0,1,1,1.0,2.0
Bristol Flyers II,"Yusuf Hafid, Reggie Eigbe, Nikolas Sagkovits, Nassim Ladjimi, Ebuka Ekwegh","Bristol Flyers II|0,13,21,24,8",0,Yusuf Hafid,13,Reggie Eigbe,1,2,0,1,1,1.0,2.0
Derby Trailblazers,"Connor Washington, Jai Pathmarajah, Sean Mo Walker, Raheem May-Thompson, Malcolm Smith","Derby Trailblazers|13,22,3,7,9",3,Sean Mo Walker,13,Connor Washington,1,2,0,1,1,1.0,2.0
Derby Trailblazers,"Casey Burr, Jai Pathmarajah, Sean Mo Walker, Charlie Brown, Malcolm Smith","Derby Trailblazers|0,22,3,4,9",4,Charlie Brown,22,Jai Pathmarajah,1,2,0,1,1,1.0,2.0
Derby Trailblazers,"Casey Burr, Jai Pathmarajah, Sean Mo Walker, Robert Marsden, Charlie Brown","Derby Trailblazers|0,22,3,30,4",22,Jai Pathmarajah,3,Sean Mo Walker,1,2,0,1,1,1.0,2.0
Derby Trailblazers,"Connor Washington, Jai Pathmarajah, Sean Mo Walker, Charlie Brown, Malcolm Smith","Derby Trailblazers|13,22,3,4,9",4,Charlie Brown,13,Connor Washington,1,2,0,1,1,1.0,2.0
Bristol Flyers II,"Yusuf Hafid, Lanre Ayinla, Nikolas Sagkovits, Nassim Ladjimi, Thomas Browne","Bristol Flyers II|0,10,21,24,7",24,Nassim Ladjimi,0,Yusuf Hafid,1,2,0,1,1,1.0,2.0
Bristol Flyers II,"Yusuf Hafid, Lanre Ayinla, Roman Price, Nassim Ladjimi, Thomas Browne","Bristol Flyers II|0,10,11,24,7",10,Lanre Ayinla,11,Roman Price,1,2,0,1,1,1.0,2.0
Bristol Flyers II,"Yusuf Hafid, Lanre Ayinla, Roman Price, Nassim Ladjimi, Thomas Browne","Bristol Flyers II|0,10,11,24,7",24,Nassim Ladjimi,10,Lanre Ayinla,1,2,0,1,1,1.0,2.0
Birmingham Rockets,"Ronald Blain, Zack Powell, Luke Okosieme, Eric Donaldson, Martyn Gayle","Birmingham Rockets|0,14,21,3,8",8,Martyn Gayle,3,Eric Donaldson,1,2,0,1,1,1.0,2.0
Essex Rebels,"Kyron Martin, Tom Child, Harry Gent, Ben Winter, Johnny Mckew","Essex Rebels|10,22,36,5,7",22,Tom Child,7,Johnny Mckew,1,2,0,1,1,1.0,2.0
Essex Rebels,"Mou Wol-Cummings, Kyron Martin, Anthony Idiata-Mendez, Harry Gent, Ben Winter","Essex Rebels|0,10,20,36,5",10,Kyron Martin,20,Anthony Idiata-Mendez,1,2,0,1,1,1.0,2.0
Essex Rebels,"Kyron Martin, Remy Udeh, Anthony Idiata-Mendez, Harry Gent, Ben Winter","Essex Rebels|10,14,20,36,5",14,Remy Udeh,36,Harry Gent,1,2,0,1,1,1.0,2.0
Birmingham Rockets,"Ronald Blain, Orlan Jackman, Zack Powell, Luke Okosieme, Faaris Mughaal","Birmingham Rockets|0,13,14,21,7",14,Zack Powell,7,Faaris Mughaal,1,2,0,1,1,1.0,2.0
Birmingham Rockets,"Ronald Blain, Orlan Jackman, Zack Powell, Luke Okosieme, Faaris Mughaal","Birmingham Rockets|0,13,14,21,7",0,Ronald Blain,0,Ronald Blain,1,2,0,1,1,1.0,2.0
Birmingham Rockets,"Ronald Blain, Orlan Jackman, Zack Powell, Lucas Mcgregor, Martyn Gayle","Birmingham Rockets|0,13,14,6,8",6,Lucas Mcgregor,13,Orlan Jackman,1,2,0,1,1,1.0,2.0
Essex Rebels,"Daniel Johnson-Thompson, Remy Udeh, Anthony Idiata-Mendez, Tom Child, Ben Winter","Essex Rebels|13,14,20,22,5",22,Tom Child,13,Daniel Johnson-Thompson,1,2,0,1,1,1.0,2.0
Essex Rebels,"Kyron Martin, Remy Udeh, Tom Child, Harry Gent, Ben Winter","Essex Rebels|10,14,22,36,5",14,Remy Udeh,36,Harry Gent,1,2,0,1,1,1.0,2.0
Birmingham Rockets,"Orlan Jackman, Zack Powell, Eric Donaldson, Lucas Mcgregor, Faaris Mughaal","Birmingham Rockets|13,14,3,6,7",3,Eric Donaldson,14,Zack Powell,1,2,0,1,1,1.0,2.0
Essex Rebels,"Kyron Martin, Remy Udeh, Isaac Temilola, Tom Child, Ben Winter","Essex Rebels|10,14,15,22,5",10,Kyron Martin,5,Ben Winter,1,2,0,1,1,1.0,2.0
Essex Rebels,"Kyron Martin, Remy Udeh, Isaac Temilola, Tom Child, Ben Winter","Essex Rebels|10,14,15,22,5",14,Remy Udeh,15,Isaac Temilola,1,2,0,1,1,1.0,2.0
Birmingham Rockets,"Zack Powell, Luke Okosieme, Adrian Mutothori, Faaris Mughaal, Martyn Gayle","Birmingham Rockets|14,21,5,7,8",14,Zack Powell,21,Luke Okosieme,1,2,0,1,1,1.0,2.0
Essex Rebels,"Mou Wol-Cummings, Isaac Temilola, Anthony Idiata-Mendez, Johnny Mckew, Tyreese Hudson","Essex Rebels|0,15,20,7,9",7,Johnny Mckew,9,Tyreese Hudson,1,2,0,1,1,1.0,2.0
Essex Rebels,"Mou Wol-Cummings, Isaac Temilola, Anthony Idiata-Mendez, Johnny Mckew, Tyreese Hudson","Essex Rebels|0,15,20,7,9",0,Mou Wol-Cummings,7,Johnny Mckew,1,2,0,1,1,1.0,2.0
Birmingham Rockets,"Philip Basioudis, Tom Grayling, Larry Duru, Adrian Mutothori, Faaris Mughaal","Birmingham Rockets|1,12,16,5,7",7,Faaris Mughaal,1,Philip Basioudis,1,2,0,1,1,1.0,2.0
Newcastle Knights,"Bradley Dean, Sam Trunley, Jaron Thames, Rowell Graham-Bell, Messiah Jones","Newcastle Knights|1,10,11,14,5",11,Jaron Thames,5,Messiah Jones,1,2,0,1,1,1.0,2.0
Reading Rockets,"Malik Bryant, Cooper Creek, Jax Bouknight, Yusef Salih, Eliaz (Zain) Poorman","Reading Rockets|10,14,4,5,6",6,Eliaz (Zain) Poorman,14,Cooper Creek,1,2,0,1,1,1.0,2.0
Reading Rockets,"Malik Bryant, Yusef Salih, Eliaz (Zain) Poorman, Victor Olarerin, Simon Chamberlain","Reading Rockets|10,5,6,8,9",5,Yusef Salih,10,Malik Bryant,1,2,0,1,1,1.0,2.0
Newcastle Knights,"Sam Trunley, Jaron Thames, Jason Soodeen, Mekhi Hendry, Messiah Jones","Newcastle Knights|10,11,12,2,5",10,Sam Trunley,11,Jaron Thames,1,2,0,1,1,1.0,2.0
Reading Rockets,"Malik Bryant, Ty Nsangu, La'quarne Sayles, Cooper Creek, Jax Bouknight","Reading Rockets|10,12,13,14,4",12,Ty Nsangu,14,Cooper Creek,1,2,0,1,1,1.0,2.0
Reading Rockets,"Malik Bryant, Ty Nsangu, La'quarne Sayles, Cooper Creek, Jax Bouknight","Reading Rockets|10,12,13,14,4",13,La'quarne Sayles,12,Ty Nsangu,1,2,0,1,1,1.0,2.0
Reading Rockets,"Malik Bryant, Yusef Salih, Eliaz (Zain) Poorman, Victor Olarerin, Simon Chamberlain","Reading Rockets|10,5,6,8,9",8,Victor Olarerin,10,Malik Bryant,1,2,0,1,1,1.0,2.0
Reading Rockets,"La'quarne Sayles, Cooper Creek, Matthew Daines, Yusef Salih, Simon Chamberlain","Reading Rockets|13,14,16,5,9",14,Cooper Creek,13,La'quarne Sayles,1,2,0,1,1,1.0,2.0
Reading Rockets,"La'quarne Sayles, Cooper Creek, Jax Bouknight, Yusef Salih, Eliaz (Zain) Poorman","Reading Rockets|13,14,4,5,6",4,Jax Bouknight,6,Eliaz (Zain) Poorman,1,2,0,1,1,1.0,2.0
Newcastle Knights,"Bradley Dean, Jaron Thames, Mekhi Hendry, Messiah Jones, Theo Riley","Newcastle Knights|1,11,2,5,9",9,Theo Riley,5,Messiah Jones,1,2,0,1,1,1.0,2.0
Reading Rockets,"James Waterhouse, La'quarne Sayles, Malachi Hassan-Taylor, Jax Bouknight, Eliaz (Zain) Poorman","Reading Rockets|11,13,15,4,6",15,Malachi Hassan-Taylor,6,Eliaz (Zain) Poorman,1,2,0,1,1,1.0,2.0
Worthing Thunder,"Danny Evans, Justin Hopkins, Elijah Maynard, Jonathan Lashley, Elliott Dadds","Worthing Thunder|0,15,22,35,7",7,Elliott Dadds,0,Danny Evans,1,2,0,1,1,1.0,2.0
Worthing Thunder,"Matthew Bryan-Amaning, Justin Hopkins, Elijah Maynard, Jonathan Lashley, Elliott Dadds","Worthing Thunder|11,15,22,35,7",11,Matthew Bryan-Amaning,22,Elijah Maynard,1,2,0,1,1,1.0,2.0
Worthing Thunder,"Danny Evans, Matthew Bryan-Amaning, Justin Hopkins, Elijah Maynard, Elliott Dadds","Worthing Thunder|0,11,15,22,7",11,Matthew Bryan-Amaning,7,Elliott Dadds,1,2,0,1,1,1.0,2.0
Nottingham Hoods,"Byrce Johnson, Donell Nixon Ii, Elliot Bailey, Sam Akano, Micah Savery-Richards","Nottingham Hoods|21,24,6,7,8",7,Sam Akano,8,Micah Savery-Richards,1,2,0,1,1,1.0,2.0
Nottingham Hoods,"Byrce Johnson, Donell Nixon Ii, Elliot Bailey, Sam Akano, Micah Savery-Richards","Nottingham Hoods|21,24,6,7,8",24,Donell Nixon Ii,8,Micah Savery-Richards,1,2,0,1,1,1.0,2.0
Nottingham Hoods,"Abiodun Adedo, Shawn Jamison, Byrce Johnson, Donell Nixon Ii, Micah Savery-Richards","Nottingham Hoods|12,2,21,24,8",12,Abiodun Adedo,21,Byrce Johnson,1,2,0,1,1,1.0,2.0
Worthing Thunder,"Danny Evans, Matthew Bryan-Amaning, Justin Hopkins, Elijah Maynard, Jonathan Lashley","Worthing Thunder|0,11,15,22,35",35,Jonathan Lashley,22,Elijah Maynard,1,2,0,1,1,1.0,2.0
Nottingham Hoods,"Abiodun Adedo, Donell Nixon Ii, Elliot Bailey, Sam Akano, Micah Savery-Richards","Nottingham Hoods|12,24,6,7,8",6,Elliot Bailey,24,Donell Nixon Ii,1,2,0,1,1,1.0,2.0
Nottingham Hoods,"Abiodun Adedo, Donell Nixon Ii, Elliot Bailey, Sam Akano, Micah Savery-Richards","Nottingham Hoods|12,24,6,7,8",8,Micah Savery-Richards,12,Abiodun Adedo,1,2,0,1,1,1.0,2.0
Nottingham Hoods,"Abiodun Adedo, Byrce Johnson, Donell Nixon Ii, Sam Akano, Micah Savery-Richards","Nottingham Hoods|12,21,24,7,8",21,Byrce Johnson,12,Abiodun Adedo,1,2,0,1,1,1.0,2.0
Nottingham Hoods,"Abiodun Adedo, Byrce Johnson, Donell Nixon Ii, Aaron Sandu-Nelson, Sam Akano","Nottingham Hoods|12,21,24,5,7",7,Sam Akano,12,Abiodun Adedo,1,2,0,1,1,1.0,2.0
Reading Rockets,"Malik Bryant, Ty Nsangu, Yusef Salih, Eliaz (Zain) Poorman, Victor Olarerin","Reading Rockets|10,12,5,6,8",10,Malik Bryant,12,Ty Nsangu,1,2,0,1,1,1.0,2.0
Reading Rockets,"Malik Bryant, Ty Nsangu, Cooper Creek, Jax Bouknight, Eliaz (Zain) Poorman","Reading Rockets|10,12,14,4,6",6,Eliaz (Zain) Poorman,12,Ty Nsangu,1,2,0,1,1,1.0,2.0
Reading Rockets,"Malik Bryant, Cooper Creek, Jax Bouknight, Eliaz (Zain) Poorman, Victor Olarerin","Reading Rockets|10,14,4,6,8",4,Jax Bouknight,6,Eliaz (Zain) Poorman,1,2,0,1,1,1.0,2.0
Birmingham Rockets,"Ronald Blain, Orlan Jackman, Luke Okosieme, Lucas Mcgregor, Martyn Gayle","Birmingham Rockets|0,13,21,6,8",0,Ronald Blain,13,Orlan Jackman,1,2,0,1,1,1.0,2.0
Milton Keynes Breakers,"Ben Baker-Mccann, Luke Gregory, Mike New Jr., Jordan Spencer, Blayne Freckleton","Milton Keynes Breakers|11,13,15,23,7",7,Blayne Freckleton,11,Ben Baker-Mccann,1,2,0,1,1,1.0,2.0
Bristol Hurricanes,"Daniel Edozie, David Forsyth, Jules Dang-Akodo, Denzel Ubiaro, Corey Samuels","Bristol Hurricanes|1,11,23,31,4",11,David Forsyth,1,Daniel Edozie,1,2,0,1,1,1.0,2.0
Milton Keynes Breakers,"Dashawn Jackson, Ben Baker-Mccann, Luke Gregory, Mike New Jr., Blayne Freckleton","Milton Keynes Breakers|10,11,13,15,7",7,Blayne Freckleton,13,Luke Gregory,1,2,0,1,1,1.0,2.0
Bristol Hurricanes,"Daniel Edozie, Elvisi Dusha, Jules Dang-Akodo, Denzel Ubiaro, Corey Samuels","Bristol Hurricanes|1,12,23,31,4",4,Corey Samuels,31,Denzel Ubiaro,1,2,0,1,1,1.0,2.0
Milton Keynes Breakers,"Jonas Dietrich, Mike New Jr., Xavier Wilson, Jordan Spencer, Blayne Freckleton","Milton Keynes Breakers|12,15,21,23,7",23,Jordan Spencer,12,Jonas Dietrich,1,2,0,1,1,1.0,2.0
Essex Rebels,"Kyron Martin, Daniel Johnson-Thompson, Remy Udeh, Harry Gent, Ben Winter","Essex Rebels|10,13,14,36,5",10,Kyron Martin,5,Ben Winter,1,2,0,1,1,1.0,2.0
Essex Rebels,"Kyron Martin, Daniel Johnson-Thompson, Remy Udeh, Harry Gent, Ben Winter","Essex Rebels|10,13,14,36,5",14,Remy Udeh,10,Kyron Martin,1,2,0,1,1,1.0,2.0
Nottingham Hoods,"Tyrone Williams, Abiodun Adedo, Byrce Johnson, Donell Nixon Ii, Micah Savery-Richards","Nottingham Hoods|1,12,21,24,8",24,Donell Nixon Ii,1,Tyrone Williams,1,2,0,1,1,1.0,2.0
Essex Rebels,"Mou Wol-Cummings, Remy Udeh, Anthony Idiata-Mendez, Johnny Mckew, Tyreese Hudson","Essex Rebels|0,14,20,7,9",0,Mou Wol-Cummings,20,Anthony Idiata-Mendez,1,2,0,1,1,1.0,2.0
Nottingham Hoods,"Tyrone Williams, Byrce Johnson, Donell Nixon Ii, Sam Akano, Micah Savery-Richards","Nottingham Hoods|1,21,24,7,8",1,Tyrone Williams,21,Byrce Johnson,1,2,0,1,1,1.0,2.0
Essex Rebels,"Mou Wol-Cummings, Remy Udeh, Anthony Idiata-Mendez, Johnny Mckew, Tyreese Hudson","Essex Rebels|0,14,20,7,9",9,Tyreese Hudson,7,Johnny Mckew,1,2,0,1,1,1.0,2.0
Essex Rebels,"Kyron Martin, Daniel Johnson-Thompson, Remy Udeh, Isaac Temilola, Ben Winter","Essex Rebels|10,13,14,15,5",10,Kyron Martin,13,Daniel Johnson-Thompson,1,2,0,1,1,1.0,2.0
Essex Rebels,"Mou Wol-Cummings, Daniel Johnson-Thompson, Remy Udeh, Isaac Temilola, Ben Winter","Essex Rebels|0,13,14,15,5",5,Ben Winter,15,Isaac Temilola,1,2,0,1,1,1.0,2.0
Essex Rebels,"Kyron Martin, Daniel Johnson-Thompson, Harry Gent, Ben Winter, Johnny Mckew","Essex Rebels|10,13,36,5,7",5,Ben Winter,36,Harry Gent,1,2,0,1,1,1.0,2.0
Nottingham Hoods,"Tyrone Williams, Byrce Johnson, Donell Nixon Ii, Elliot Bailey, Micah Savery-Richards","Nottingham Hoods|1,21,24,6,8",24,Donell Nixon Ii,6,Elliot Bailey,1,2,0,1,1,1.0,2.0
Essex Rebels,"Mou Wol-Cummings, Kyron Martin, Anthony Idiata-Mendez, Johnny Mckew, Tyreese Hudson","Essex Rebels|0,10,20,7,9",0,Mou Wol-Cummings,7,Johnny Mckew,1,2,0,1,1,1.0,2.0
Nottingham Hoods,"Tyrone Bonsu, Shawn Jamison, Kaiden Bartholomew, Aaron Sandu-Nelson, Elliot Bailey","Nottingham Hoods|0,2,25,5,6",25,Kaiden Bartholomew,0,Tyrone Bonsu,1,2,0,1,1,1.0,2.0
Essex Rebels,"Mou Wol-Cummings, Daniel Johnson-Thompson, Anthony Idiata-Mendez, Harry Gent, Tyreese Hudson","Essex Rebels|0,13,20,36,9",0,Mou Wol-Cummings,36,Harry Gent,1,2,0,1,1,1.0,2.0
Newcastle Knights,"Bradley Dean, Sam Trunley, Jaron Thames, Rowell Graham-Bell, Messiah Jones","Newcastle Knights|1,10,11,14,5",10,Sam Trunley,14,Rowell Graham-Bell,1,2,0,1,1,1.0,2.0
Hemel Storm,"Mergim Sokoli, Veron Eze, Brayden Inger, Sam Newman, Jack Burnell","Hemel Storm|0,21,3,4,7",3,Brayden Inger,0,Mergim Sokoli,1,2,0,1,1,1.0,2.0
Newcastle Knights,"Jaron Thames, Will Neighbour, Mekhi Hendry, Max Matthews, Theo Riley","Newcastle Knights|11,15,2,8,9",9,Theo Riley,11,Jaron Thames,1,2,0,1,1,1.0,2.0
Newcastle Knights,"Bradley Dean, Jaron Thames, Will Neighbour, Mekhi Hendry, Messiah Jones","Newcastle Knights|1,11,15,2,5",2,Mekhi Hendry,1,Bradley Dean,1,2,0,1,1,1.0,2.0
Newcastle Knights,"Bradley Dean, Jaron Thames, Rowell Graham-Bell, Mekhi Hendry, Messiah Jones","Newcastle Knights|1,11,14,2,5",14,Rowell Graham-Bell,11,Jaron Thames,1,2,0,1,1,1.0,2.0
Newcastle Knights,"Bradley Dean, Sam Trunley, Jaron Thames, Rowell Graham-Bell, Theo Riley","Newcastle Knights|1,10,11,14,9",1,Bradley Dean,11,Jaron Thames,1,2,0,1,1,1.0,2.0
Hemel Storm,"Mergim Sokoli, Kai Walker, Matt Norman, Veron Eze, Sam Newman","Hemel Storm|0,11,2,21,4",21,Veron Eze,11,Kai Walker,1,2,0,1,1,1.0,2.0
Hemel Storm,"Darien Nelson-Henry, Kai Walker, Brayden Inger, Sam Newman, Jack Burnell","Hemel Storm|10,11,3,4,7",4,Sam Newman,7,Jack Burnell,1,2,0,1,1,1.0,2.0
Newcastle Knights,"Bradley Dean, Sam Trunley, Jaron Thames, Finn Cork, Max Matthews","Newcastle Knights|1,10,11,13,8",11,Jaron Thames,13,Finn Cork,1,2,0,1,1,1.0,2.0
Hemel Storm,"Darien Nelson-Henry, Kai Walker, Brayden Inger, Sam Newman, Jack Burnell","Hemel Storm|10,11,3,4,7",4,Sam Newman,10,Darien Nelson-Henry,1,2,0,1,1,1.0,2.0
Newcastle Knights,"Bradley Dean, Sam Trunley, Jaron Thames, Rowell Graham-Bell, Messiah Jones","Newcastle Knights|1,10,11,14,5",1,Bradley Dean,11,Jaron Thames,1,2,0,1,1,1.0,2.0
Newcastle Knights,"Bradley Dean, Sam Trunley, Jaron Thames, Rowell Graham-Bell, Messiah Jones","Newcastle Knights|1,10,11,14,5",1,Bradley Dean,5,Messiah Jones,1,2,0,1,1,1.0,2.0
Derby Trailblazers,"Connor Washington, Jai Pathmarajah, Sean Mo Walker, Raheem May-Thompson, Malcolm Smith","Derby Trailblazers|13,22,3,7,9",9,Malcolm Smith,22,Jai Pathmarajah,1,2,0,1,1,1.0,2.0
Derby Trailblazers,"Connor Washington, Sean Mo Walker, Charlie Brown, Raheem May-Thompson, Malcolm Smith","Derby Trailblazers|13,3,4,7,9",4,Charlie Brown,9,Malcolm Smith,1,2,0,1,1,1.0,2.0
Worthing Thunder,"Danny Evans, Matthew Bryan-Amaning, Justin Hopkins, Elijah Maynard, Elliott Dadds","Worthing Thunder|0,11,15,22,7",0,Danny Evans,22,Elijah Maynard,1,2,0,1,1,1.0,2.0
Worthing Thunder,"Danny Evans, Matthew Bryan-Amaning, Justin Hopkins, Elijah Maynard, Elliott Dadds","Worthing Thunder|0,11,15,22,7",15,Justin Hopkins,11,Matthew Bryan-Amaning,1,2,0,1,1,1.0,2.0
Reading Rockets,"Malik Bryant, Yusef Salih, Eliaz (Zain) Poorman, Victor Olarerin, Simon Chamberlain","Reading Rockets|10,5,6,8,9",6,Eliaz (Zain) Poorman,8,Victor Olarerin,1,2,0,1,1,1.0,2.0
Reading Rockets,"Malik Bryant, Ty Nsangu, Jax Bouknight, Yusef Salih, Eliaz (Zain) Poorman","Reading Rockets|10,12,4,5,6",6,Eliaz (Zain) Poorman,5,Yusef Salih,1,2,0,1,1,1.0,2.0
Reading Rockets,"Cooper Creek, Jax Bouknight, Yusef Salih, Eliaz (Zain) Poorman, Victor Olarerin","Reading Rockets|14,4,5,6,8",8,Victor Olarerin,14,Cooper Creek,1,2,0,1,1,1.0,2.0
Reading Rockets,"Cooper Creek, Jax Bouknight, Yusef Salih, Eliaz (Zain) Poorman, Victor Olarerin","Reading Rockets|14,4,5,6,8",4,Jax Bouknight,6,Eliaz (Zain) Poorman,1,2,0,1,1,1.0,2.0
London Cavaliers,"Juan Manning, Joe Richards, Daniel Delsol-Lowry, Daniel Braster, Aj Roberts","London Cavaliers|10,11,12,23,4",4,Aj Roberts,23,Daniel Braster,1,2,0,1,1,1.0,2.0
London Cavaliers,"Juan Manning, Marquel Beasley, Daniel Braster, Aj Roberts, Aaron Pyne","London Cavaliers|10,15,23,4,7",23,Daniel Braster,4,Aj Roberts,1,2,0,1,1,1.0,2.0
London Cavaliers,"Juan Manning, Marquel Beasley, Daniel Braster, Aj Roberts, Aaron Pyne","London Cavaliers|10,15,23,4,7",10,Juan Manning,15,Marquel Beasley,1,2,0,1,1,1.0,2.0
London Cavaliers,"Juan Manning, Marquel Beasley, Daniel Braster, Aj Roberts, Aaron Pyne","London Cavaliers|10,15,23,4,7",7,Aaron Pyne,23,Daniel Braster,1,2,0,1,1,1.0,2.0
Reading Rockets,"Malik Bryant, Ty Nsangu, Jax Bouknight, Eliaz (Zain) Poorman, Victor Olarerin","Reading Rockets|10,12,4,6,8",4,Jax Bouknight,12,Ty Nsangu,1,2,0,1,1,1.0,2.0
Milton Keynes Breakers,"Jonas Dietrich, Luke Gregory, Mike New Jr., Jordan Spencer, Blayne Freckleton","Milton Keynes Breakers|12,13,15,23,7",12,Jonas Dietrich,13,Luke Gregory,1,2,0,1,1,1.0,2.0
Nottingham Hoods,"Tyrone Williams, Abiodun Adedo, Donell Nixon Ii, Elliot Bailey, Micah Savery-Richards","Nottingham Hoods|1,12,24,6,8",6,Elliot Bailey,1,Tyrone Williams,1,2,0,1,1,1.0,2.0
Milton Keynes Breakers,"Kai Williams, Luke Gregory, Jordan Spencer, Kalvin Oates, Blayne Freckleton","Milton Keynes Breakers|0,13,23,5,7",5,Kalvin Oates,23,Jordan Spencer,1,2,0,1,1,1.0,2.0
Milton Keynes Breakers,"Kai Williams, Luke Gregory, Jordan Spencer, Kalvin Oates, Blayne Freckleton","Milton Keynes Breakers|0,13,23,5,7",13,Luke Gregory,23,Jordan Spencer,1,2,0,1,1,1.0,2.0
Milton Keynes Breakers,"Jonas Dietrich, Luke Gregory, Mike New Jr., Jordan Spencer, Blayne Freckleton","Milton Keynes Breakers|12,13,15,23,7",23,Jordan Spencer,12,Jonas Dietrich,1,2,0,1,1,1.0,2.0
Nottingham Hoods,"Abiodun Adedo, Byrce Johnson, Latrell Maitland, Donell Nixon Ii, Sam Akano","Nottingham Hoods|12,21,23,24,7",24,Donell Nixon Ii,21,Byrce Johnson,1,2,0,1,1,1.0,2.0
Milton Keynes Breakers,"Kai Williams, Jonas Dietrich, Mike New Jr., Jordan Spencer, Blayne Freckleton","Milton Keynes Breakers|0,12,15,23,7",23,Jordan Spencer,15,Mike New Jr.,1,2,0,1,1,1.0,2.0
Milton Keynes Breakers,"Jonas Dietrich, Luke Gregory, Mike New Jr., Kalvin Oates, Gabriel Formeloza","Milton Keynes Breakers|12,13,15,5,6",5,Kalvin Oates,15,Mike New Jr.,1,2,0,1,1,1.0,2.0
Newcastle Knights,"Bradley Dean, Jaron Thames, Will Neighbour, Mekhi Hendry, Messiah Jones","Newcastle Knights|1,11,15,2,5",15,Will Neighbour,1,Bradley Dean,1,2,0,1,1,1.0,2.0
Newcastle Knights,"Bradley Dean, Jaron Thames, Will Neighbour, Messiah Jones, Max Matthews","Newcastle Knights|1,11,15,5,8",15,Will Neighbour,5,Messiah Jones,1,2,0,1,1,1.0,2.0
Bristol Hurricanes,"David Forsyth, Kobe Hill, Denzel Ubiaro, Corey Samuels, Chris Taylor","Bristol Hurricanes|11,2,31,4,9",9,Chris Taylor,4,Corey Samuels,1,2,0,1,1,1.0,2.0
Newcastle Knights,"Bradley Dean, Jaron Thames, Jason Soodeen, Sam Trunley, Mekhi Hendry","Newcastle Knights|1,11,12,14,2",14,Sam Trunley,12,Jason Soodeen,1,2,0,1,1,1.0,2.0
Bristol Hurricanes,"Daniel Edozie, Elvisi Dusha, Jules Dang-Akodo, Corey Samuels, Chris Taylor","Bristol Hurricanes|1,12,23,4,9",12,Elvisi Dusha,9,Chris Taylor,1,2,0,1,1,1.0,2.0
Newcastle Knights,"Bradley Dean, Jaron Thames, Sam Trunley, Will Neighbour, Messiah Jones","Newcastle Knights|1,11,14,15,5",15,Will Neighbour,11,Jaron Thames,1,2,0,1,1,1.0,2.0
Bristol Hurricanes,"Daniel Edozie, Elvisi Dusha, Jules Dang-Akodo, Denzel Ubiaro, Chris Taylor","Bristol Hurricanes|1,12,23,31,9",9,Chris Taylor,1,Daniel Edozie,1,2,0,1,1,1.0,2.0
Newcastle Knights,"Jaron Thames, Sam Trunley, Will Neighbour, Mekhi Hendry, Messiah Jones","Newcastle Knights|11,14,15,2,5",5,Messiah Jones,11,Jaron Thames,1,2,0,1,1,1.0,2.0
Newcastle Knights,"Jaron Thames, Sam Trunley, Will Neighbour, Mekhi Hendry, Theo Riley","Newcastle Knights|11,14,15,2,9",14,Sam Trunley,11,Jaron Thames,1,2,0,1,1,1.0,2.0
Bristol Hurricanes,"Daniel Edozie, David Forsyth, Elvisi Dusha, Jules Dang-Akodo, Denzel Ubiaro","Bristol Hurricanes|1,11,12,23,31",31,Denzel Ubiaro,11,David Forsyth,1,2,0,1,1,1.0,2.0
Bristol Hurricanes,"Daniel Edozie, David Forsyth, Elvisi Dusha, Jules Dang-Akodo, Denzel Ubiaro","Bristol Hurricanes|1,11,12,23,31",1,Daniel Edozie,31,Denzel Ubiaro,1,2,0,1,1,1.0,2.0
Bristol Hurricanes,"Daniel Edozie, David Forsyth, Elvisi Dusha, Jules Dang-Akodo, Denzel Ubiaro","Bristol Hurricanes|1,11,12,23,31",12,Elvisi Dusha,11,David Forsyth,1,2,0,1,1,1.0,2.0
Bristol Hurricanes,"Daniel Edozie, David Forsyth, Elvisi Dusha, Jules Dang-Akodo, Denzel Ubiaro","Bristol Hurricanes|1,11,12,23,31",31,Denzel Ubiaro,1,Daniel Edozie,1,2,0,1,1,1.0,2.0
Bristol Hurricanes,"Daniel Edozie, David Forsyth, Elvisi Dusha, Jules Dang-Akodo, Denzel Ubiaro","Bristol Hurricanes|1,11,12,23,31",23,Jules Dang-Akodo,1,Daniel Edozie,1,2,0,1,1,1.0,2.0
Newcastle Knights,"Bradley Dean, Jaron Thames, Jason Soodeen, Sam Trunley, Max Matthews","Newcastle Knights|1,11,12,14,8",14,Sam Trunley,11,Jaron Thames,1,2,0,1,1,1.0,2.0
Bristol Hurricanes,"David Forsyth, Elvisi Dusha, Jules Dang-Akodo, Corey Samuels, Chris Taylor","Bristol Hurricanes|11,12,23,4,9",12,Elvisi Dusha,4,Corey Samuels,1,2,0,1,1,1.0,2.0
Loughborough Riders,"Johde Campbell, Tomide Akinsuku, Seth Wylie, Oscar Curran, Callum Keys","Loughborough Riders|0,15,43,6,8",43,Seth Wylie,15,Tomide Akinsuku,1,2,0,1,1,1.0,2.0
Loughborough Riders,"Tomide Akinsuku, Seth Wylie, Dan Hadley, Oscar Curran, Callum Keys","Loughborough Riders|15,43,5,6,8",43,Seth Wylie,6,Oscar Curran,1,2,0,1,1,1.0,2.0
Bristol Flyers II,"Jack Craggs, Reggie Eigbe, Anthony Bhebhe, Giuseppe Landolfi, Thomas Browne","Bristol Flyers II|12,13,4,7,8",4,Anthony Bhebhe,12,Jack Craggs,1,2,0,1,1,1.0,2.0
Loughborough Riders,"Cameron Nyarko, Levi Ehiorobo, Liam Campbell, Seth Wylie, Dan Hadley","Loughborough Riders|11,12,4,43,5",43,Seth Wylie,4,Liam Campbell,1,2,0,1,1,1.0,2.0
Loughborough Riders,"Johde Campbell, Cameron Nyarko, Levi Ehiorobo, Seth Wylie, Jalen Cook","Loughborough Riders|0,11,12,43,7",0,Johde Campbell,12,Levi Ehiorobo,1,2,0,1,1,1.0,2.0
Bristol Flyers II,"Yusuf Hafid, Lanre Ayinla, Roman Price, Jack Craggs, Nassim Ladjimi","Bristol Flyers II|0,10,11,12,24",24,Nassim Ladjimi,10,Lanre Ayinla,1,2,0,1,1,1.0,2.0
Bristol Flyers II,"Yusuf Hafid, Lanre Ayinla, Roman Price, Jack Craggs, Nassim Ladjimi","Bristol Flyers II|0,10,11,12,24",10,Lanre Ayinla,12,Jack Craggs,1,2,0,1,1,1.0,2.0
Loughborough Riders,"Tomide Akinsuku, Liam Campbell, Seth Wylie, Dan Hadley, Jalen Cook","Loughborough Riders|15,4,43,5,7",43,Seth Wylie,7,Jalen Cook,1,2,0,1,1,1.0,2.0
Loughborough Riders,"Cameron Nyarko, Levi Ehiorobo, Liam Campbell, Seth Wylie, Dan Hadley","Loughborough Riders|11,12,4,43,5",5,Dan Hadley,12,Levi Ehiorobo,1,2,0,1,1,1.0,2.0
Loughborough Riders,"Cameron Nyarko, Levi Ehiorobo, Liam Campbell, Oscar Curran, Callum Keys","Loughborough Riders|11,12,4,6,8",8,Callum Keys,12,Levi Ehiorobo,1,2,0,1,1,1.0,2.0
Essex Rebels,"Mou Wol-Cummings, Kyron Martin, Harry Gent, Ben Winter, Johnny Mckew","Essex Rebels|0,10,36,5,7",5,Ben Winter,36,Harry Gent,1,2,0,1,1,1.0,2.0
London Cavaliers,"Juan Manning, Joe Richards, Daniel Delsol-Lowry, Daniel Braster, Aaron Pyne","London Cavaliers|10,11,12,23,7",7,Aaron Pyne,10,Juan Manning,1,2,0,1,1,1.0,2.0
Essex Rebels,"Mou Wol-Cummings, Kyron Martin, Remy Udeh, Tom Child, Johnny Mckew","Essex Rebels|0,10,14,22,7",22,Tom Child,7,Johnny Mckew,1,2,0,1,1,1.0,2.0
Essex Rebels,"Mou Wol-Cummings, Kyron Martin, Remy Udeh, Tom Child, Johnny Mckew","Essex Rebels|0,10,14,22,7",10,Kyron Martin,14,Remy Udeh,1,2,0,1,1,1.0,2.0
Essex Rebels,"Michael Amako, Daniel Johnson-Thompson, Tom Child, Harry Gent, Ben Winter","Essex Rebels|1,13,22,36,5",5,Ben Winter,36,Harry Gent,1,2,0,1,1,1.0,2.0
Essex Rebels,"Daniel Johnson-Thompson, Remy Udeh, Tom Child, Harry Gent, Ben Winter","Essex Rebels|13,14,22,36,5",36,Harry Gent,22,Tom Child,1,2,0,1,1,1.0,2.0
Essex Rebels,"Kyron Martin, Remy Udeh, Tom Child, Johnny Mckew, Tyreese Hudson","Essex Rebels|10,14,22,7,9",22,Tom Child,7,Johnny Mckew,1,2,0,1,1,1.0,2.0
London Cavaliers,"Joe Richards, Daniel Delsol-Lowry, Mekhi Collins, Aj Roberts, Aaron Pyne","London Cavaliers|11,12,13,4,7",12,Daniel Delsol-Lowry,13,Mekhi Collins,1,2,0,1,1,1.0,2.0
Essex Rebels,"Kyron Martin, Anthony Idiata-Mendez, Tom Child, Ben Winter, Tyreese Hudson","Essex Rebels|10,20,22,5,9",5,Ben Winter,20,Anthony Idiata-Mendez,1,2,0,1,1,1.0,2.0
London Cavaliers,"Juan Manning, Joe Richards, Daniel Delsol-Lowry, Aj Roberts, Aaron Pyne","London Cavaliers|10,11,12,4,7",12,Daniel Delsol-Lowry,7,Aaron Pyne,1,2,0,1,1,1.0,2.0
London Cavaliers,"Juan Manning, Joe Richards, Daniel Delsol-Lowry, Aj Roberts, Aaron Pyne","London Cavaliers|10,11,12,4,7",10,Juan Manning,11,Joe Richards,1,2,0,1,1,1.0,2.0
Essex Rebels,"Kyron Martin, Remy Udeh, Tom Child, Harry Gent, Ben Winter","Essex Rebels|10,14,22,36,5",10,Kyron Martin,14,Remy Udeh,1,2,0,1,1,1.0,2.0
Hemel Storm,"Mergim Sokoli, Matt Norman, Veron Eze, Brayden Inger, Sam Newman","Hemel Storm|0,2,21,3,4",4,Sam Newman,21,Veron Eze,1,2,0,1,1,1.0,2.0
Yorkshire Dragons,"Ben Tew, Jordan Whelan, Logan Rooney, Jordan Jefferson, Corey Johnson","Yorkshire Dragons|20,23,3,4,9",1,Ronnie Ani,4,Jordan Jefferson,1,2,0,1,1,1.0,2.0
Yorkshire Dragons,"Ronnie Ani, Ben Tew, Logan Rooney, Jordan Jefferson, Corey Johnson","Yorkshire Dragons|1,20,3,4,9",1,Ronnie Ani,3,Logan Rooney,1,2,0,1,1,1.0,2.0
Hemel Storm,"Mergim Sokoli, Darien Nelson-Henry, Kai Walker, Matt Norman, Sam Newman","Hemel Storm|0,10,11,2,4",4,Sam Newman,11,Kai Walker,1,2,0,1,1,1.0,2.0
Yorkshire Dragons,"David Ulph, Logan Rooney, Jordan Jefferson, Jack Mielke, Corey Johnson","Yorkshire Dragons|10,3,4,5,9",3,Logan Rooney,9,Corey Johnson,1,2,0,1,1,1.0,2.0
Derby Trailblazers,"Casey Burr, Connor Washington, Jai Pathmarajah, Sean Mo Walker, Malcolm Smith","Derby Trailblazers|0,13,22,3,9",3,Sean Mo Walker,9,Malcolm Smith,1,2,0,1,1,1.0,2.0
Derby Trailblazers,"Casey Burr, Connor Washington, Jai Pathmarajah, Sean Mo Walker, Malcolm Smith","Derby Trailblazers|0,13,22,3,9",22,Jai Pathmarajah,0,Casey Burr,1,2,0,1,1,1.0,2.0
Derby Trailblazers,"Casey Burr, Connor Washington, Jai Pathmarajah, Sean Mo Walker, Malcolm Smith","Derby Trailblazers|0,13,22,3,9",9,Malcolm Smith,3,Sean Mo Walker,1,2,0,1,1,1.0,2.0
Reading Rockets,"Malik Bryant, Cooper Creek, Jax Bouknight, Yusef Salih, Eliaz (Zain) Poorman","Reading Rockets|10,14,4,5,6",5,Yusef Salih,14,Cooper Creek,1,2,0,1,1,1.0,2.0
Derby Trailblazers,"Connor Washington, Jai Pathmarajah, Sean Mo Walker, Charlie Brown, Malcolm Smith","Derby Trailblazers|13,22,3,4,9",22,Jai Pathmarajah,3,Sean Mo Walker,1,2,0,1,1,1.0,2.0
Derby Trailblazers,"Connor Washington, Sean Mo Walker, Charlie Brown, Raheem May-Thompson, Malcolm Smith","Derby Trailblazers|13,3,4,7,9",4,Charlie Brown,7,Raheem May-Thompson,1,2,0,1,1,1.0,2.0
Derby Trailblazers,"Connor Washington, Sean Mo Walker, Charlie Brown, Raheem May-Thompson, Malcolm Smith","Derby Trailblazers|13,3,4,7,9",3,Sean Mo Walker,9,Malcolm Smith,1,2,0,1,1,1.0,2.0
Worthing Thunder,"Danny Evans, Matthew Bryan-Amaning, Justin Hopkins, Elijah Maynard, Jonathan Lashley","Worthing Thunder|0,11,15,22,35",0,Danny Evans,11,Matthew Bryan-Amaning,1,2,0,1,1,1.0,2.0
Worthing Thunder,"Danny Evans, Justin Hopkins, Elijah Maynard, Jonathan Lashley, Elliott Dadds","Worthing Thunder|0,15,22,35,7",0,Danny Evans,22,Elijah Maynard,1,2,0,1,1,1.0,2.0
Birmingham Rockets,"Ronald Blain, Orlan Jackman, Zack Powell, Luke Okosieme, Eric Donaldson","Birmingham Rockets|0,13,14,21,3",13,Orlan Jackman,14,Zack Powell,1,2,0,1,1,1.0,2.0
Worthing Thunder,"Danny Evans, Matthew Bryan-Amaning, Justin Hopkins, Elijah Maynard, Jonathan Lashley","Worthing Thunder|0,11,15,22,35",11,Matthew Bryan-Amaning,0,Danny Evans,1,2,0,1,1,1.0,2.0
Birmingham Rockets,"Ronald Blain, Luke Okosieme, Eric Donaldson, Lucas Mcgregor, Martyn Gayle","Birmingham Rockets|0,21,3,6,8",6,Lucas Mcgregor,3,Eric Donaldson,1,2,0,1,1,1.0,2.0
Birmingham Rockets,"Ronald Blain, Luke Okosieme, Eric Donaldson, Lucas Mcgregor, Martyn Gayle","Birmingham Rockets|0,21,3,6,8",8,Martyn Gayle,3,Eric Donaldson,1,2,0,1,1,1.0,2.0
Worthing Thunder,"Matthew Bryan-Amaning, Justin Hopkins, Elijah Maynard, Jonathan Lashley, Elliott Dadds","Worthing Thunder|11,15,22,35,7",22,Elijah Maynard,15,Justin Hopkins,1,2,0,1,1,1.0,2.0
Birmingham Rockets,"Ronald Blain, Orlan Jackman, Zack Powell, Luke Okosieme, Eric Donaldson","Birmingham Rockets|0,13,14,21,3",13,Orlan Jackman,21,Luke Okosieme,1,2,0,1,1,1.0,2.0
Worthing Thunder,"Danny Evans, Matthew Bryan-Amaning, Justin Hopkins, Elijah Maynard, Elliott Dadds","Worthing Thunder|0,11,15,22,7",22,Elijah Maynard,0,Danny Evans,1,2,0,1,1,1.0,2.0
Bristol Hurricanes,"Daniel Edozie, David Forsyth, Kobe Hill, Corey Samuels, Chris Taylor","Bristol Hurricanes|1,11,2,4,9",2,Kobe Hill,11,David Forsyth,1,2,0,1,1,1.0,2.0
Bristol Flyers II,"Jack Craggs, Nikolas Sagkovits, Anthony Bhebhe, Giuseppe Landolfi, Ebuka Ekwegh","Bristol Flyers II|12,21,4,7,8",4,Anthony Bhebhe,12,Jack Craggs,1,2,0,1,1,1.0,2.0
Bristol Flyers II,"Lanre Ayinla, Roman Price, Jack Craggs, Anthony Bhebhe, Giuseppe Landolfi","Bristol Flyers II|10,11,12,4,7",7,Giuseppe Landolfi,12,Jack Craggs,1,2,0,1,1,1.0,2.0
Bristol Flyers II,"Lanre Ayinla, Roman Price, Jack Craggs, Nassim Ladjimi, Anthony Bhebhe","Bristol Flyers II|10,11,12,24,4",11,Roman Price,12,Jack Craggs,1,2,0,1,1,1.0,2.0
Bristol Flyers II,"Yusuf Hafid, Lanre Ayinla, Nikolas Sagkovits, Nassim Ladjimi, Wickens Simba","Bristol Flyers II|0,10,21,24,6",6,Wickens Simba,10,Lanre Ayinla,1,2,0,1,1,1.0,2.0
Bristol Flyers II,"Yusuf Hafid, Lanre Ayinla, Reggie Eigbe, Nikolas Sagkovits, Nassim Ladjimi","Bristol Flyers II|0,10,13,21,24",13,Reggie Eigbe,10,Lanre Ayinla,1,2,0,1,1,1.0,2.0
Bristol Flyers II,"Lanre Ayinla, Roman Price, Jack Craggs, Anthony Bhebhe, Ebuka Ekwegh","Bristol Flyers II|10,11,12,4,8",10,Lanre Ayinla,11,Roman Price,1,2,0,1,1,1.0,2.0
Yorkshire Dragons,"David Ulph, Jordan Whelan, Jordan Jefferson, Jack Mielke, Corey Johnson","Yorkshire Dragons|10,23,4,5,9",9,Corey Johnson,23,Jordan Whelan,1,2,0,1,1,1.0,2.0
Yorkshire Dragons,"David Ulph, Jordan Whelan, Logan Rooney, Jack Mielke, Nick Lewis","Yorkshire Dragons|10,23,3,5,93",93,Nick Lewis,10,David Ulph,1,2,0,1,1,1.0,2.0
Yorkshire Dragons,"Ronnie Ani, David Ulph, Jordan Jefferson, Jack Mielke, Corey Johnson","Yorkshire Dragons|1,10,4,5,9",10,David Ulph,1,Ronnie Ani,1,2,0,1,1,1.0,2.0
Yorkshire Dragons,"Ronnie Ani, David Ulph, Jordan Jefferson, Jack Mielke, Corey Johnson","Yorkshire Dragons|1,10,4,5,9",9,Corey Johnson,1,Ronnie Ani,1,2,0,1,1,1.0,2.0
Yorkshire Dragons,"Ronnie Ani, David Ulph, Jordan Jefferson, Jack Mielke, Corey Johnson","Yorkshire Dragons|1,10,4,5,9",4,Jordan Jefferson,1,Ronnie Ani,1,2,0,1,1,1.0,2.0
Newcastle Knights,"Bradley Dean, Jaron Thames, Jason Soodeen, Messiah Jones, Max Matthews","Newcastle Knights|1,11,12,5,8",5,Messiah Jones,11,Jaron Thames,1,2,0,1,1,1.0,2.0
Bristol Hurricanes,"Ashley Pearce, Daniel Edozie, Elvisi Dusha, Jules Dang-Akodo, Corey Samuels","Bristol Hurricanes|0,1,12,23,4",4,Corey Samuels,1,Daniel Edozie,1,2,0,1,1,1.0,2.0
Bristol Hurricanes,"Ashley Pearce, Daniel Edozie, Elvisi Dusha, Jules Dang-Akodo, Corey Samuels","Bristol Hurricanes|0,1,12,23,4",23,Jules Dang-Akodo,1,Daniel Edozie,1,2,0,1,1,1.0,2.0
London Cavaliers,"Juan Manning, Joe Richards, Daniel Delsol-Lowry, Marquel Beasley, Aj Roberts","London Cavaliers|10,11,12,15,4",11,Joe Richards,4,Aj Roberts,1,2,0,1,1,1.0,2.0
London Cavaliers,"Juan Manning, Joe Richards, Daniel Delsol-Lowry, Marquel Beasley, Aj Roberts","London Cavaliers|10,11,12,15,4",12,Daniel Delsol-Lowry,11,Joe Richards,1,2,0,1,1,1.0,2.0
London Cavaliers,"Juan Manning, Joe Richards, Daniel Delsol-Lowry, Marquel Beasley, Aj Roberts","London Cavaliers|10,11,12,15,4",4,Aj Roberts,15,Marquel Beasley,1,2,0,1,1,1.0,2.0
London Cavaliers,"Juan Manning, Joe Richards, Daniel Delsol-Lowry, Daniel Braster, Aj Roberts","London Cavaliers|10,11,12,23,4",12,Daniel Delsol-Lowry,23,Daniel Braster,1,2,0,1,1,1.0,2.0
Loughborough Riders,"Johde Campbell, Levi Ehiorobo, Jalen Cook, Oscar Curran, Callum Keys","Loughborough Riders|0,10,31,6,8",6,Oscar Curran,31,Jalen Cook,1,2,0,1,1,1.0,2.0
Loughborough Riders,"Johde Campbell, Levi Ehiorobo, Jalen Cook, Oscar Curran, Callum Keys","Loughborough Riders|0,10,31,6,8",0,Johde Campbell,31,Jalen Cook,1,2,0,1,1,1.0,2.0
Essex Rebels,"Kyron Martin, Tom Child, Harry Gent, Ben Winter, Johnny Mckew","Essex Rebels|10,22,36,5,7",5,Ben Winter,36,Harry Gent,1,2,0,1,1,1.0,2.0
Essex Rebels,"Michael Amako, Kyron Martin, Tom Child, Johnny Mckew, Tyreese Hudson","Essex Rebels|1,10,22,7,9",1,Michael Amako,9,Tyreese Hudson,1,2,0,1,1,1.0,2.0
Essex Rebels,"Michael Amako, Remy Udeh, Ben Winter, Johnny Mckew, Tyreese Hudson","Essex Rebels|1,14,5,7,9",14,Remy Udeh,9,Tyreese Hudson,1,2,0,1,1,1.0,2.0
Loughborough Riders,"Johde Campbell, Cameron Nyarko, Jalen Cook, Oscar Curran, Callum Keys","Loughborough Riders|0,3,31,6,8",8,Callum Keys,31,Jalen Cook,1,2,0,1,1,1.0,2.0
Essex Rebels,"Mou Wol-Cummings, Kyron Martin, Daniel Johnson-Thompson, Isaac Temilola, Tom Child","Essex Rebels|0,10,13,15,22",22,Tom Child,15,Isaac Temilola,1,2,0,1,1,1.0,2.0
Loughborough Riders,"Johde Campbell, Jalen Cook, Seth Wylie, Oscar Curran, Callum Keys","Loughborough Riders|0,31,43,6,8",31,Jalen Cook,0,Johde Campbell,1,2,0,1,1,1.0,2.0
Essex Rebels,"Mou Wol-Cummings, Kyron Martin, Daniel Johnson-Thompson, Isaac Temilola, Tom Child","Essex Rebels|0,10,13,15,22",0,Mou Wol-Cummings,15,Isaac Temilola,1,2,0,1,1,1.0,2.0
Essex Rebels,"Daniel Johnson-Thompson, Remy Udeh, Tom Child, Harry Gent, Ben Winter","Essex Rebels|13,14,22,36,5",22,Tom Child,14,Remy Udeh,1,2,0,1,1,1.0,2.0
Essex Rebels,"Kyron Martin, Daniel Johnson-Thompson, Remy Udeh, Tom Child, Ben Winter","Essex Rebels|10,13,14,22,5",5,Ben Winter,14,Remy Udeh,1,2,0,1,1,1.0,2.0
Nottingham Hoods,"Tyrone Williams, Abiodun Adedo, Donell Nixon Ii, Elliot Bailey, Micah Savery-Richards","Nottingham Hoods|1,12,24,6,8",6,Elliot Bailey,24,Donell Nixon Ii,1,2,0,1,1,1.0,2.0
Birmingham Rockets,"Ronald Blain, Zack Powell, Larry Duru, Eric Donaldson, Martyn Gayle","Birmingham Rockets|0,14,16,3,8",16,Larry Duru,14,Zack Powell,1,2,0,1,1,1.0,2.0
Birmingham Rockets,"Ronald Blain, Zack Powell, Luke Okosieme, Lucas Mcgregor, Faaris Mughaal","Birmingham Rockets|0,14,21,6,7",6,Lucas Mcgregor,21,Luke Okosieme,1,2,0,1,1,1.0,2.0
Nottingham Hoods,"Tyrone Williams, Abiodun Adedo, Latrell Maitland, Donell Nixon Ii, Elliot Bailey","Nottingham Hoods|1,12,23,24,6",24,Donell Nixon Ii,12,Abiodun Adedo,1,2,0,1,1,1.0,2.0
Birmingham Rockets,"Ronald Blain, Zack Powell, Eric Donaldson, Lucas Mcgregor, Martyn Gayle","Birmingham Rockets|0,14,3,6,8",14,Zack Powell,0,Ronald Blain,1,2,0,1,1,1.0,2.0
Nottingham Hoods,"Tyrone Williams, Abiodun Adedo, Donell Nixon Ii, Elliot Bailey, Micah Savery-Richards","Nottingham Hoods|1,12,24,6,8",12,Abiodun Adedo,1,Tyrone Williams,1,2,0,1,1,1.0,2.0
Nottingham Hoods,"Tyrone Williams, Abiodun Adedo, Donell Nixon Ii, Elliot Bailey, Sam Akano","Nottingham Hoods|1,12,24,6,7",24,Donell Nixon Ii,1,Tyrone Williams,1,2,0,1,1,1.0,2.0
Birmingham Rockets,"Ronald Blain, Zack Powell, Luke Okosieme, Faaris Mughaal, Martyn Gayle","Birmingham Rockets|0,14,21,7,8",21,Luke Okosieme,8,Martyn Gayle,1,2,0,1,1,1.0,2.0
Birmingham Rockets,"Ronald Blain, Zack Powell, Luke Okosieme, Faaris Mughaal, Martyn Gayle","Birmingham Rockets|0,14,21,7,8",14,Zack Powell,0,Ronald Blain,1,2,0,1,1,1.0,2.0
Nottingham Hoods,"Abiodun Adedo, Donell Nixon Ii, Elliot Bailey, Sam Akano, Micah Savery-Richards","Nottingham Hoods|12,24,6,7,8",24,Donell Nixon Ii,12,Abiodun Adedo,1,2,0,1,1,1.0,2.0
Nottingham Hoods,"Abiodun Adedo, Donell Nixon Ii, Elliot Bailey, Sam Akano, Micah Savery-Richards","Nottingham Hoods|12,24,6,7,8",24,Donell Nixon Ii,8,Micah Savery-Richards,1,2,0,1,1,1.0,2.0
Nottingham Hoods,"Abiodun Adedo, Donell Nixon Ii, Elliot Bailey, Sam Akano, Micah Savery-Richards","Nottingham Hoods|12,24,6,7,8",24,Donell Nixon Ii,7,Sam Akano,1,2,0,1,1,1.0,2.0
Hemel Storm,"Kai Walker, Matt Norman, Veron Eze, Brayden Inger, Sam Newman","Hemel Storm|11,2,21,3,4",2,Matt Norman,11,Kai Walker,1,2,0,1,1,1.0,2.0
Derby Trailblazers,"Connor Washington, Sean Mo Walker, Charlie Brown, Raheem May-Thompson, Malcolm Smith","Derby Trailblazers|13,3,4,7,9",22,Jai Pathmarajah,3,Sean Mo Walker,1,2,0,1,1,1.0,2.0
Hemel Storm,"Mergim Sokoli, Kai Walker, Veron Eze, Sam Newman, Jack Burnell","Hemel Storm|0,11,21,4,7",7,Jack Burnell,4,Sam Newman,1,2,0,1,1,1.0,2.0
Derby Trailblazers,"Connor Washington, Jai Pathmarajah, Sean Mo Walker, Robert Marsden, Raheem May-Thompson","Derby Trailblazers|13,22,3,30,7",30,Robert Marsden,3,Sean Mo Walker,1,2,0,1,1,1.0,2.0
Hemel Storm,"Mergim Sokoli, Matt Norman, Veron Eze, Di-Jani Parkinson, Jarvis Chater","Hemel Storm|0,2,21,23,8",23,Di-Jani Parkinson,0,Mergim Sokoli,1,2,0,1,1,1.0,2.0
Derby Trailblazers,"Casey Burr, Jai Pathmarajah, Will Tallon, Robert Marsden, Raheem May-Thompson","Derby Trailblazers|0,22,23,30,7",0,Casey Burr,30,Robert Marsden,1,2,0,1,1,1.0,2.0
Derby Trailblazers,"Casey Burr, Jai Pathmarajah, Will Tallon, Sean Mo Walker, Robert Marsden","Derby Trailblazers|0,22,23,3,30",0,Casey Burr,22,Jai Pathmarajah,1,2,0,1,1,1.0,2.0
Hemel Storm,"Mergim Sokoli, Matt Norman, Veron Eze, Di-Jani Parkinson, Jarvis Chater","Hemel Storm|0,2,21,23,8",2,Matt Norman,0,Mergim Sokoli,1,2,0,1,1,1.0,2.0
Derby Trailblazers,"Casey Burr, Jai Pathmarajah, Will Tallon, Sean Mo Walker, Robert Marsden","Derby Trailblazers|0,22,23,3,30",23,Will Tallon,30,Robert Marsden,1,2,0,1,1,1.0,2.0
Derby Trailblazers,"Casey Burr, Jai Pathmarajah, Will Tallon, Sean Mo Walker, Robert Marsden","Derby Trailblazers|0,22,23,3,30",23,Will Tallon,22,Jai Pathmarajah,1,2,0,1,1,1.0,2.0
Reading Rockets,"Malik Bryant, Ty Nsangu, Jax Bouknight, Yusef Salih, Eliaz (Zain) Poorman","Reading Rockets|10,12,4,5,6",10,Malik Bryant,6,Eliaz (Zain) Poorman,1,2,0,1,1,1.0,2.0
Reading Rockets,"Malik Bryant, Ty Nsangu, Jax Bouknight, Yusef Salih, Eliaz (Zain) Poorman","Reading Rockets|10,12,4,5,6",6,Eliaz (Zain) Poorman,12,Ty Nsangu,1,2,0,1,1,1.0,2.0
Milton Keynes Breakers,"Jonas Dietrich, Luke Gregory, Mike New Jr., Jordan Spencer, Gabriel Formeloza","Milton Keynes Breakers|12,13,15,23,6",23,Jordan Spencer,15,Mike New Jr.,1,2,0,1,1,1.0,2.0
Milton Keynes Breakers,"Jonas Dietrich, Luke Gregory, Mike New Jr., Jordan Spencer, Gabriel Formeloza","Milton Keynes Breakers|12,13,15,23,6",15,Mike New Jr.,13,Luke Gregory,1,2,0,1,1,1.0,2.0
Reading Rockets,"Malik Bryant, La'quarne Sayles, Yusef Salih, Eliaz (Zain) Poorman, Simon Chamberlain","Reading Rockets|10,13,5,6,9",6,Eliaz (Zain) Poorman,10,Malik Bryant,1,2,0,1,1,1.0,2.0
Milton Keynes Breakers,"Kai Williams, Jonas Dietrich, Mike New Jr., Jordan Spencer, Kalvin Oates","Milton Keynes Breakers|0,12,15,23,5",12,Jonas Dietrich,0,Kai Williams,1,2,0,1,1,1.0,2.0
Milton Keynes Breakers,"Jonas Dietrich, Luke Gregory, Mike New Jr., Jordan Spencer, Kalvin Oates","Milton Keynes Breakers|12,13,15,23,5",13,Luke Gregory,15,Mike New Jr.,1,2,0,1,1,1.0,2.0
Reading Rockets,"Ty Nsangu, Jax Bouknight, Yusef Salih, Eliaz (Zain) Poorman, Victor Olarerin","Reading Rockets|12,4,5,6,8",6,Eliaz (Zain) Poorman,5,Yusef Salih,1,2,0,1,1,1.0,2.0
Reading Rockets,"Malik Bryant, Cooper Creek, Yusef Salih, Eliaz (Zain) Poorman, Victor Olarerin","Reading Rockets|10,14,5,6,8",14,Cooper Creek,10,Malik Bryant,1,2,0,1,1,1.0,2.0
Milton Keynes Breakers,"Kai Williams, Jonas Dietrich, Mike New Jr., Jordan Spencer, Kalvin Oates","Milton Keynes Breakers|0,12,15,23,5",15,Mike New Jr.,12,Jonas Dietrich,1,2,0,1,1,1.0,2.0
London Cavaliers,"Joe Richards, Daniel Delsol-Lowry, Daniel Braster, Darren Ainembabazi, Aj Roberts","London Cavaliers|11,12,23,3,4",3,Darren Ainembabazi,23,Daniel Braster,1,2,0,1,1,1.0,2.0
Derby Trailblazers,"Casey Burr, Jai Pathmarajah, Sean Mo Walker, Charlie Brown, Raheem May-Thompson","Derby Trailblazers|0,22,3,4,7",22,Jai Pathmarajah,0,Casey Burr,1,2,0,1,1,1.0,2.0
London Cavaliers,"Daniel Delsol-Lowry, Marquel Beasley, Daniel Braster, Darren Ainembabazi, Aj Roberts","London Cavaliers|12,15,23,3,4",12,Daniel Delsol-Lowry,23,Daniel Braster,1,2,0,1,1,1.0,2.0
Derby Trailblazers,"Casey Burr, Jai Pathmarajah, Robert Marsden, Charlie Brown, Raheem May-Thompson","Derby Trailblazers|0,22,30,4,7",22,Jai Pathmarajah,7,Raheem May-Thompson,1,2,0,1,1,1.0,2.0
Derby Trailblazers,"Casey Burr, Jai Pathmarajah, Sean Mo Walker, Robert Marsden, Charlie Brown","Derby Trailblazers|0,22,3,30,4",4,Charlie Brown,22,Jai Pathmarajah,1,2,0,1,1,1.0,2.0
London Cavaliers,"Juan Manning, Daniel Delsol-Lowry, Mekhi Collins, Marquel Beasley, Darren Ainembabazi","London Cavaliers|10,12,13,15,3",10,Juan Manning,15,Marquel Beasley,1,2,0,1,1,1.0,2.0
Derby Trailblazers,"Casey Burr, Jai Pathmarajah, Sean Mo Walker, Robert Marsden, Charlie Brown","Derby Trailblazers|0,22,3,30,4",3,Sean Mo Walker,22,Jai Pathmarajah,1,2,0,1,1,1.0,2.0
London Cavaliers,"Juan Manning, Daniel Delsol-Lowry, Mekhi Collins, Marquel Beasley, Darren Ainembabazi","London Cavaliers|10,12,13,15,3",15,Marquel Beasley,13,Mekhi Collins,1,2,0,1,1,1.0,2.0
London Cavaliers,"Juan Manning, Daniel Delsol-Lowry, Mekhi Collins, Marquel Beasley, Darren Ainembabazi","London Cavaliers|10,12,13,15,3",10,Juan Manning,3,Darren Ainembabazi,1,2,0,1,1,1.0,2.0
London Cavaliers,"Juan Manning, Daniel Delsol-Lowry, Mekhi Collins, Marquel Beasley, Darren Ainembabazi","London Cavaliers|10,12,13,15,3",12,Daniel Delsol-Lowry,13,Mekhi Collins,1,2,0,1,1,1.0,2.0
Derby Trailblazers,"Elias Norman, Connor Washington, Robert Marsden, Charlie Brown, Raheem May-Thompson","Derby Trailblazers|12,13,30,4,7",4,Charlie Brown,13,Connor Washington,1,2,0,1,1,1.0,2.0
Derby Trailblazers,"Elias Norman, Connor Washington, Robert Marsden, Charlie Brown, Raheem May-Thompson","Derby Trailblazers|12,13,30,4,7",4,Charlie Brown,12,Elias Norman,1,2,0,1,1,1.0,2.0
London Cavaliers,"Joe Richards, Daniel Delsol-Lowry, Marquel Beasley, Daniel Braster, Aj Roberts","London Cavaliers|11,12,15,23,4",12,Daniel Delsol-Lowry,15,Marquel Beasley,1,2,0,1,1,1.0,2.0
Derby Trailblazers,"Elias Norman, Connor Washington, Will Tallon, Robert Marsden, Raheem May-Thompson","Derby Trailblazers|12,13,23,30,7",13,Connor Washington,7,Raheem May-Thompson,1,2,0,1,1,1.0,2.0
Derby Trailblazers,"Casey Burr, Jai Pathmarajah, Sean Mo Walker, Charlie Brown, Raheem May-Thompson","Derby Trailblazers|0,22,3,4,7",7,Raheem May-Thompson,22,Jai Pathmarajah,1,2,0,1,1,1.0,2.0
London Cavaliers,"Joe Richards, Daniel Delsol-Lowry, Daniel Braster, Darren Ainembabazi, Aj Roberts","London Cavaliers|11,12,23,3,4",12,Daniel Delsol-Lowry,23,Daniel Braster,1,2,0,1,1,1.0,2.0
Derby Trailblazers,"Casey Burr, Jai Pathmarajah, Sean Mo Walker, Charlie Brown, Raheem May-Thompson","Derby Trailblazers|0,22,3,4,7",22,Jai Pathmarajah,3,Sean Mo Walker,1,2,0,1,1,1.0,2.0
London Cavaliers,"Juan Manning, Joe Richards, Mekhi Collins, Marquel Beasley, Aj Roberts","London Cavaliers|10,11,13,15,4",4,Aj Roberts,10,Juan Manning,1,2,0,1,1,1.0,2.0
Derby Trailblazers,"Casey Burr, Elias Norman, Jai Pathmarajah, Sean Mo Walker, Robert Marsden","Derby Trailblazers|0,12,22,3,30",30,Robert Marsden,22,Jai Pathmarajah,1,2,0,1,1,1.0,2.0
Derby Trailblazers,"Casey Burr, Elias Norman, Jai Pathmarajah, Sean Mo Walker, Raheem May-Thompson","Derby Trailblazers|0,12,22,3,7",22,Jai Pathmarajah,3,Sean Mo Walker,1,2,0,1,1,1.0,2.0
Derby Trailblazers,"Casey Burr, Elias Norman, Jai Pathmarajah, Sean Mo Walker, Raheem May-Thompson","Derby Trailblazers|0,12,22,3,7",22,Jai Pathmarajah,0,Casey Burr,1,2,0,1,1,1.0,2.0
London Cavaliers,"Juan Manning, Joe Richards, Daniel Delsol-Lowry, Daniel Braster, Darren Ainembabazi","London Cavaliers|10,11,12,23,3",12,Daniel Delsol-Lowry,23,Daniel Braster,1,2,0,1,1,1.0,2.0
London Cavaliers,"Juan Manning, Joe Richards, Daniel Delsol-Lowry, Daniel Braster, Darren Ainembabazi","London Cavaliers|10,11,12,23,3",10,Juan Manning,23,Daniel Braster,1,2,0,1,1,1.0,2.0
Bristol Flyers II,"Yusuf Hafid, Jack Craggs, Nassim Ladjimi, Wickens Simba, Thomas Browne","Bristol Flyers II|0,12,24,6,7",7,Thomas Browne,12,Jack Craggs,1,2,0,1,1,1.0,2.0
Bristol Flyers II,"Jack Craggs, Nassim Ladjimi, Anthony Bhebhe, Wickens Simba, Thomas Browne","Bristol Flyers II|12,24,4,6,7",4,Anthony Bhebhe,12,Jack Craggs,1,2,0,1,1,1.0,2.0
Worthing Thunder,"Matthew Bryan-Amaning, Justin Hopkins, Jonathan Lashley, Bode Adeluola, Alfie Price","Worthing Thunder|11,15,35,5,88",5,Bode Adeluola,15,Justin Hopkins,1,2,0,1,1,1.0,2.0
Worthing Thunder,"Matthew Bryan-Amaning, Justin Hopkins, Jonathan Lashley, Bode Adeluola, Alfie Price","Worthing Thunder|11,15,35,5,88",11,Matthew Bryan-Amaning,15,Justin Hopkins,1,2,0,1,1,1.0,2.0
Bristol Flyers II,"Yusuf Hafid, Lanre Ayinla, Roman Price, Jack Craggs, Luka Matthews","Bristol Flyers II|0,10,11,12,5",5,Luka Matthews,11,Roman Price,1,2,0,1,1,1.0,2.0
Bristol Flyers II,"Yusuf Hafid, Lanre Ayinla, Roman Price, Jack Craggs, Luka Matthews","Bristol Flyers II|0,10,11,12,5",11,Roman Price,10,Lanre Ayinla,1,2,0,1,1,1.0,2.0
Bristol Flyers II,"Yusuf Hafid, Lanre Ayinla, Roman Price, Jack Craggs, Luka Matthews","Bristol Flyers II|0,10,11,12,5",0,Yusuf Hafid,10,Lanre Ayinla,1,2,0,1,1,1.0,2.0
Worthing Thunder,"Danny Evans, Justin Hopkins, Elijah Maynard, Bode Adeluola, Elliott Dadds","Worthing Thunder|0,15,22,5,7",0,Danny Evans,15,Justin Hopkins,1,2,0,1,1,1.0,2.0
Worthing Thunder,"Danny Evans, Justin Hopkins, Elijah Maynard, Bode Adeluola, Elliott Dadds","Worthing Thunder|0,15,22,5,7",15,Justin Hopkins,0,Danny Evans,1,2,0,1,1,1.0,2.0
Bristol Flyers II,"Yusuf Hafid, Jack Craggs, Nassim Ladjimi, Anthony Bhebhe, Thomas Browne","Bristol Flyers II|0,12,24,4,7",4,Anthony Bhebhe,24,Nassim Ladjimi,1,2,0,1,1,1.0,2.0
Bristol Flyers II,"Yusuf Hafid, Lanre Ayinla, Roman Price, Jack Craggs, Nassim Ladjimi","Bristol Flyers II|0,10,11,12,24",11,Roman Price,10,Lanre Ayinla,1,2,0,1,1,1.0,2.0
Bristol Flyers II,"Yusuf Hafid, Lanre Ayinla, Jack Craggs, Nassim Ladjimi, Wickens Simba","Bristol Flyers II|0,10,12,24,6",6,Wickens Simba,10,Lanre Ayinla,1,2,0,1,1,1.0,2.0
Worthing Thunder,"Danny Evans, Elijah Maynard, Jonathan Lashley, Bode Adeluola, Elliott Dadds","Worthing Thunder|0,22,35,5,7",0,Danny Evans,35,Jonathan Lashley,1,2,0,1,1,1.0,2.0
Bristol Flyers II,"Yusuf Hafid, Lanre Ayinla, Jack Craggs, Nassim Ladjimi, Wickens Simba","Bristol Flyers II|0,10,12,24,6",10,Lanre Ayinla,12,Jack Craggs,1,2,0,1,1,1.0,2.0
Loughborough Riders,"Jalen Cook, Liam Campbell, Dan Hadley, Cameron Nyarko, Callum Keys","Loughborough Riders|12,4,5,7,8",7,Cameron Nyarko,12,Jalen Cook,1,2,0,1,1,1.0,2.0
Birmingham Rockets,"Ronald Blain, Zack Powell, Eric Donaldson, Faaris Mughaal, Martyn Gayle","Birmingham Rockets|0,14,3,7,8",3,Eric Donaldson,14,Zack Powell,1,2,0,1,1,1.0,2.0
Birmingham Rockets,"Ronald Blain, Zack Powell, Eric Donaldson, Faaris Mughaal, Martyn Gayle","Birmingham Rockets|0,14,3,7,8",14,Zack Powell,8,Martyn Gayle,1,2,0,1,1,1.0,2.0
Loughborough Riders,"Johde Campbell, Jalen Cook, Liam Campbell, Seth Wylie, Dan Hadley","Loughborough Riders|0,12,4,43,5",0,Johde Campbell,12,Jalen Cook,1,2,0,1,1,1.0,2.0
Loughborough Riders,"Johde Campbell, Jalen Cook, Seth Wylie, Oscar Curran, Callum Keys","Loughborough Riders|0,12,43,6,8",0,Johde Campbell,8,Callum Keys,1,2,0,1,1,1.0,2.0
Birmingham Rockets,"Ronald Blain, Zack Powell, Lucas Mcgregor, Faaris Mughaal, Martyn Gayle","Birmingham Rockets|0,14,6,7,8",6,Lucas Mcgregor,0,Ronald Blain,1,2,0,1,1,1.0,2.0
Loughborough Riders,"Johde Campbell, Jalen Cook, Oscar Curran, Cameron Nyarko, Callum Keys","Loughborough Riders|0,12,6,7,8",6,Oscar Curran,12,Jalen Cook,1,2,0,1,1,1.0,2.0
Birmingham Rockets,"Ronald Blain, Zack Powell, Eric Donaldson, Lucas Mcgregor, Martyn Gayle","Birmingham Rockets|0,14,3,6,8",3,Eric Donaldson,0,Ronald Blain,1,2,0,1,1,1.0,2.0
Loughborough Riders,"Johde Campbell, Jalen Cook, Liam Campbell, Dan Hadley, Cameron Nyarko","Loughborough Riders|0,12,4,5,7",4,Liam Campbell,7,Cameron Nyarko,1,2,0,1,1,1.0,2.0
Loughborough Riders,"Johde Campbell, Jalen Cook, Liam Campbell, Dan Hadley, Cameron Nyarko","Loughborough Riders|0,12,4,5,7",5,Dan Hadley,0,Johde Campbell,1,2,0,1,1,1.0,2.0
Loughborough Riders,"Johde Campbell, Jalen Cook, Liam Campbell, Dan Hadley, Cameron Nyarko","Loughborough Riders|0,12,4,5,7",7,Cameron Nyarko,0,Johde Campbell,1,2,0,1,1,1.0,2.0
Loughborough Riders,"Jalen Cook, Liam Campbell, Dan Hadley, Cameron Nyarko, Callum Keys","Loughborough Riders|12,4,5,7,8",5,Dan Hadley,4,Liam Campbell,1,2,0,1,1,1.0,2.0
Birmingham Rockets,"Ronald Blain, Zack Powell, Luke Okosieme, Faaris Mughaal, Martyn Gayle","Birmingham Rockets|0,14,21,7,8",8,Martyn Gayle,0,Ronald Blain,1,2,0,1,1,1.0,2.0
Loughborough Riders,"Johde Campbell, Jalen Cook, Seth Wylie, Dan Hadley, Cameron Nyarko","Loughborough Riders|0,12,43,5,7",0,Johde Campbell,43,Seth Wylie,1,2,0,1,1,1.0,2.0
Loughborough Riders,"Johde Campbell, Jalen Cook, Seth Wylie, Dan Hadley, Cameron Nyarko","Loughborough Riders|0,12,43,5,7",0,Johde Campbell,5,Dan Hadley,1,2,0,1,1,1.0,2.0
