Team,Player_Name,Numbers_Worn,Name_Variations,Games,MPG,MIN,PTS,PPG,FGM,FGA,FG%,3PM,3PA,3P%,FTM,FTA,FT%,OREB,DREB,REB,AST,STL,BLK,TOV,PF,POSS,USG%,PTS/100,AST/100,REB/100,PTS_AST,TPC,TPC/G,TPC/100,CLUTCH_PTS,CLUTCH_PPG,CLUTCH_FGA,CLUTCH_FTA,CLUTCH_TS%,CLUTCH_USG,CLUTCH_GAMES,BPM,OBPM,DBPM,POSITION,ROLE,RIM_ATT,RIM_MADE,RIM%,OTD_2PT_ATT,OTD_2PT_MADE,OTD_2PT%,OTD_3PT_ATT,OTD_3PT_MADE,OTD_3PT%,UNAST_RIM_MADE,UNAST_3PT_MADE,PASS_TO,DRIBBLE_TO,DEFENSE_TO,MISC_TO,2ND_CHANCE_PTS,FAST_BREAK_PTS,PTS_OFF_TOV
Phoenix Hagen,Jeffrey Carroll,30,Jeffrey Carroll,45,20.8,934.1,551.0,12.2,197.0,401.0,49.1,70.0,186.0,37.6,87.0,108.0,80.6,36.0,146.0,182.0,60.0,33.0,5.0,57.0,62.0,450.7,24.4,15.3,1.7,5.1,124,675.0,15.0,18.8,43,3.1,25,14,69.0,36.2,14,4.32,0.26,4.06,3.5,2.9,130.0,85.0,65.4,85.0,42.0,49.4,186.0,70.0,37.6,27.0,12.0,21.0,29.0,0.0,4.0,60.0,107.0,111.0
Phoenix Hagen,Tim Uhlemann,21,Tim Uhlemann,45,19.1,858.7,453.0,10.1,166.0,324.0,51.2,80.0,198.0,40.4,41.0,59.0,69.5,47.0,150.0,197.0,53.0,37.0,12.0,46.0,79.0,335.0,19.7,12.6,1.5,5.5,124,577.0,12.8,16.1,29,2.9,18,3,75.1,19.3,10,6.15,1.13,5.02,4.1,3.0,89.0,70.0,78.7,37.0,16.0,43.2,198.0,80.0,40.4,35.0,3.0,21.0,17.0,1.0,4.0,70.0,58.0,80.0
Phoenix Hagen,Marcus Henri Graves,0,Marcus Henri Graves,44,24.6,1081.7,596.0,13.5,190.0,465.0,40.9,95.0,270.0,35.2,121.0,145.0,83.4,29.0,129.0,158.0,238.0,47.0,3.0,98.0,108.0,573.9,26.8,16.6,6.6,4.4,526,1122.0,25.5,31.2,57,3.8,38,23,59.2,52.1,15,5.17,0.9,4.28,1.9,1.7,161.0,81.0,50.3,34.0,14.0,41.2,270.0,95.0,35.2,58.0,47.0,70.0,17.0,0.0,6.0,56.0,123.0,78.0
Bozic Estriche Knights Kirchheim,Lucas Mayer,8,Lucas Mayer,44,26.3,1155.8,494.0,11.2,187.0,412.0,45.4,63.0,191.0,33,57.0,101.0,56.4,24.0,175.0,199.0,116.0,40.0,10.0,115.0,121.0,525.5,23.7,14.6,3.4,5.9,267,761.0,17.3,22.4,21,1.9,18,10,46.9,25.4,11,-1.13,-5.1,3.97,2.9,2.9,158.0,96.0,60.8,63.0,28.0,44.4,191.0,63.0,33,73.0,33.0,54.0,41.0,0.0,13.0,59.0,89.0,106.0
Phoenix Hagen,Bjarne Kraushaar,4,Bjarne Kraushaar,44,25.6,1126.6,389.0,8.8,130.0,295.0,44.1,40.0,123.0,32.5,89.0,115.0,77.4,24.0,95.0,119.0,266.0,43.0,0.0,78.0,94.0,383.6,17.2,10.8,7.4,3.3,588,977.0,22.2,27.2,54,3.9,32,23,64.1,45.1,14,2.79,-1.0,3.79,1.3,2.1,132.0,74.0,56.1,40.0,16.0,40,123.0,40.0,32.5,65.0,19.0,47.0,15.0,0.0,11.0,35.0,53.0,54.0
Phoenix Hagen,Fabian Bleck,10,Fabian Bleck,44,20.3,892.1,239.0,5.4,97.0,191.0,50.8,12.0,44.0,27.3,33.0,51.0,64.7,85.0,130.0,215.0,66.0,36.0,6.0,39.0,102.0,160.7,9.1,6.7,1.8,6.0,151,390.0,8.9,10.9,17,2.1,10,4,72.3,13.8,8,1.91,-3.04,4.94,3.9,4.3,132.0,80.0,60.6,15.0,5.0,33.3,44.0,12.0,27.3,19.0,0.0,17.0,16.0,2.0,1.0,41.0,22.0,35.0
Bozic Estriche Knights Kirchheim,Aeneas Jung,19,Aeneas Jung,44,16.7,736.1,203.0,4.6,68.0,134.0,50.7,8.0,38.0,21.1,59.0,93.0,63.4,47.0,98.0,145.0,30.0,15.0,12.0,33.0,129.0,154.5,10.9,6.0,0.9,4.3,67,270.0,6.1,8.0,13,1.9,9,2,65.8,9.9,7,-2.44,-6.62,4.18,4.0,4.1,87.0,57.0,65.5,9.0,3.0,33.3,38.0,8.0,21.1,19.0,0.0,10.0,8.0,1.0,6.0,41.0,41.0,29.0
Bozic Estriche Knights Kirchheim,Nil Failenschmid Clavera,15,Nil Failenschmid Clavera,44,17.4,764.1,165.0,3.8,59.0,129.0,45.7,29.0,75.0,38.7,18.0,24.0,75,30.0,56.0,86.0,29.0,19.0,20.0,9.0,74.0,113.8,7.8,4.9,0.9,2.5,70,235.0,5.3,6.9,2,0.5,6,2,14.5,6.9,4,0.98,-3.68,4.66,3.3,4.4,41.0,26.0,63.4,13.0,4.0,30.8,75.0,29.0,38.7,4.0,1.0,3.0,3.0,0.0,2.0,16.0,42.0,36.0
Phoenix Hagen,Dominick Jordan von Waaden,13,Dominick Jordan von Waaden,44,10.8,473.5,129.0,2.9,40.0,96.0,41.7,30.0,79.0,38,19.0,23.0,82.6,15.0,27.0,42.0,19.0,15.0,2.0,14.0,61.0,100.9,10.8,3.6,0.5,1.2,45,174.0,4.0,4.8,16,3.2,9,2,81.0,9.9,5,0.37,-3.72,4.09,2.7,4.4,11.0,7.0,63.6,6.0,3.0,50,79.0,30.0,38,2.0,5.0,7.0,2.0,0.0,2.0,14.0,19.0,34.0
Bozic Estriche Knights Kirchheim,Tylan James Pope,9,Tylan James Pope,43,27.1,1165.0,676.0,15.7,267.0,522.0,51.1,65.0,163.0,39.9,77.0,108.0,71.3,77.0,206.0,283.0,56.0,60.0,35.0,59.0,110.0,529.5,23.7,19.9,1.7,8.3,115,791.0,18.4,23.3,39,3.2,31,14,52.5,37.2,12,5.53,0.25,5.28,4.2,2.6,258.0,164.0,63.6,101.0,38.0,37.6,163.0,65.0,39.9,76.0,6.0,19.0,24.0,1.0,2.0,109.0,96.0,103.0
GIESSEN 46ers,Kyle Anthony Castlin,7,Kyle Anthony Castlin,43,30.4,1308.6,619.0,14.4,228.0,465.0,49,50.0,146.0,34.2,113.0,144.0,78.5,60.0,178.0,238.0,54.0,36.0,11.0,65.0,104.0,512.0,20.4,18.7,1.6,7.2,119,738.0,17.2,22.3,54,3.6,39,4,66.2,46.8,15,2.05,-1.63,3.68,3.7,3.2,193.0,132.0,68.4,126.0,46.0,36.5,146.0,50.0,34.2,93.0,8.0,21.0,28.0,0.0,10.0,86.0,130.0,91.0
Phoenix Hagen,Devin Lawrence Schmidt,8,Devin Lawrence Schmidt,43,19.1,819.3,615.0,14.3,219.0,459.0,47.7,96.0,245.0,39.2,81.0,96.0,84.4,33.0,90.0,123.0,118.0,56.0,5.0,94.0,116.0,539.8,33.3,17.1,3.3,3.4,242,857.0,19.9,23.9,47,3.4,34,22,53.8,49.7,14,7.5,2.06,5.44,2.3,1.4,160.0,100.0,62.5,54.0,23.0,42.6,245.0,96.0,39.2,71.0,40.0,39.0,41.0,0.0,9.0,60.0,129.0,135.0
GIESSEN 46ers,Robin Benzing,12,Robin Benzing,43,23.5,1012.5,512.0,11.9,155.0,387.0,40.1,62.0,200.0,31,140.0,171.0,81.9,24.0,87.0,111.0,85.0,41.0,22.0,50.0,112.0,468.7,24.1,15.5,2.6,3.4,172,684.0,15.9,20.7,35,3.2,22,14,62.1,32.2,11,3.57,-1.14,4.71,2.9,2.7,120.0,63.0,52.5,67.0,30.0,44.8,200.0,62.0,31,45.0,4.0,20.0,17.0,2.0,3.0,32.0,75.0,89.0
Phoenix Hagen,Dennis Nawrocki,2,Dennis Nawrocki,43,20.5,882.4,342.0,8.0,109.0,270.0,40.4,75.0,199.0,37.7,49.0,58.0,84.5,22.0,59.0,81.0,50.0,20.0,5.0,50.0,75.0,310.6,17.8,9.5,1.4,2.3,116,458.0,10.7,12.8,18,3.6,9,6,77.3,12.6,5,0.05,-2.78,2.82,2.8,4.0,50.0,27.0,54,21.0,7.0,33.3,199.0,75.0,37.7,5.0,4.0,20.0,22.0,0.0,7.0,33.0,72.0,65.0
GIESSEN 46ers,Simon Krajcovic,55,Simon Krajcovic,43,23.1,992.3,322.0,7.5,98.0,251.0,39,37.0,134.0,27.6,89.0,114.0,78.1,20.0,108.0,128.0,197.0,34.0,1.0,80.0,116.0,346.7,18.2,9.7,6.0,3.9,432,754.0,17.5,22.8,38,3.2,27,15,56.5,39.6,12,0.56,-3.13,3.7,1.6,1.7,86.0,47.0,54.7,31.0,14.0,45.2,134.0,37.0,27.6,41.0,25.0,49.0,19.0,0.0,7.0,17.0,40.0,47.0
Bozic Estriche Knights Kirchheim,Nicholas Gerard Spinoso,13,Nicholas Gerard Spinoso,43,16.1,691.1,279.0,6.5,122.0,231.0,52.8,1.0,14.0,7.1,34.0,84.0,40.5,48.0,121.0,169.0,54.0,18.0,14.0,77.0,95.0,285.1,21.5,8.2,1.6,5.0,127,406.0,9.4,12.0,6,2.0,8,0,37.5,9.0,3,-3.51,-7.49,3.97,4.1,3.5,202.0,114.0,56.4,15.0,7.0,46.7,14.0,1.0,7.1,51.0,0.0,16.0,37.0,2.0,11.0,54.0,12.0,40.0
Eisbären Bremerhaven,Jacob David Biss,3,Jacob David Biss,43,21.6,928.8,242.0,5.6,84.0,212.0,39.6,50.0,136.0,36.8,24.0,32.0,75,22.0,49.0,71.0,102.0,32.0,0.0,68.0,70.0,261.2,15.3,7.6,3.2,2.2,212,454.0,10.6,14.3,27,2.7,19,1,69.4,20.4,10,-1.96,-3.77,1.81,1.9,3.7,54.0,31.0,57.4,22.0,3.0,13.6,136.0,50.0,36.8,12.0,2.0,44.0,19.0,0.0,4.0,17.0,40.0,65.0
Eisbären Bremerhaven,Adrian Breitlauch,7,Adrian Breitlauch,43,19.0,815.8,237.0,5.5,76.0,148.0,51.4,31.0,87.0,35.6,54.0,69.0,78.3,46.0,76.0,122.0,39.0,20.0,2.0,16.0,84.0,142.4,9.5,7.4,1.2,3.8,90,327.0,7.6,10.3,23,1.9,10,5,94.3,12.2,12,1.11,-1.75,2.86,3.4,3.8,60.0,45.0,75,1.0,0.0,0,87.0,31.0,35.6,19.0,0.0,10.0,4.0,0.0,1.0,53.0,35.0,51.0
Bozic Estriche Knights Kirchheim,Gian Bahattin Aydinoglu,4,Gian Bahattin Aydinoglu,43,17.3,742.2,203.0,4.7,67.0,199.0,33.7,20.0,112.0,17.9,49.0,86.0,57,23.0,65.0,88.0,85.0,27.0,2.0,57.0,94.0,260.0,18.3,6.0,2.5,2.6,194,397.0,9.2,11.7,4,1.0,4,4,34.7,6.8,4,-4.59,-7.75,3.15,2.2,3.9,78.0,44.0,56.4,9.0,3.0,33.3,112.0,20.0,17.9,33.0,3.0,22.0,21.0,1.0,9.0,11.0,57.0,41.0
Eisbären Bremerhaven,Elijah Jahi Miller,0,Elijah Jahi Miller,42,27.2,1144.2,648.0,15.4,201.0,470.0,42.8,77.0,193.0,39.9,169.0,195.0,86.7,22.0,120.0,142.0,239.0,43.0,2.0,115.0,66.0,622.8,29.6,20.3,7.5,4.5,481,1129.0,26.9,35.5,93,4.7,70,22,58.4,88.7,20,4.12,1.94,2.19,1.7,1.0,198.0,92.0,46.5,79.0,32.0,40.5,193.0,77.0,39.9,85.0,37.0,66.0,40.0,0.0,4.0,85.0,107.0,110.0
Eisbären Bremerhaven,Jannis von Seckendorff,90,Jannis von Seckendorff,42,21.7,911.3,419.0,10.0,159.0,267.0,59.6,13.0,42.0,31,88.0,142.0,62,60.0,122.0,182.0,39.0,37.0,21.0,64.0,83.0,320.1,19.1,13.2,1.2,5.7,104,523.0,12.5,16.4,55,3.1,31,15,73.1,38.6,18,1.16,-2.22,3.39,4.6,3.3,209.0,140.0,67,16.0,6.0,37.5,42.0,13.0,31,38.0,0.0,28.0,20.0,0.0,3.0,66.0,73.0,97.0
Eisbären Bremerhaven,Carlos Deshawn Carter,6,Carlos Deshawn Carter,42,22.3,937.5,407.0,9.7,155.0,325.0,47.7,58.0,160.0,36.2,39.0,58.0,67.2,34.0,123.0,157.0,65.0,62.0,15.0,41.0,60.0,343.2,19.9,12.8,2.0,4.9,140,547.0,13.0,17.2,34,2.1,28,8,53.9,32.5,16,4.55,-0.21,4.75,3.4,3.4,123.0,79.0,64.2,42.0,18.0,42.9,160.0,58.0,36.2,58.0,6.0,21.0,13.0,0.0,5.0,54.0,72.0,102.0
GIESSEN 46ers,Till Gloger,18,Till Gloger,42,16.7,700.7,364.0,8.7,156.0,237.0,65.8,1.0,4.0,25,51.0,83.0,61.4,54.0,82.0,136.0,20.0,13.0,3.0,22.0,72.0,231.9,17.3,11.0,0.6,4.1,43,407.0,9.7,12.3,10,1.7,6,2,72.7,6.9,6,3.27,-0.25,3.52,3.9,2.7,197.0,133.0,67.5,36.0,22.0,61.1,4.0,1.0,25,33.0,0.0,4.0,14.0,2.0,0.0,60.0,33.0,70.0
Eisbären Bremerhaven,Jordan Samare,4,Jordan Samare,42,17.4,729.9,339.0,8.1,121.0,200.0,60.5,4.0,14.0,28.6,93.0,133.0,69.9,64.0,79.0,143.0,36.0,15.0,5.0,50.0,107.0,234.7,17.5,10.6,1.1,4.5,82,421.0,10.0,13.2,15,1.2,12,11,44.5,17.8,13,-0.97,-3.16,2.19,4.2,3.0,179.0,114.0,63.7,7.0,3.0,42.9,14.0,4.0,28.6,28.0,0.0,11.0,17.0,0.0,4.0,76.0,28.0,72.0
GIESSEN 46ers,Jonathan Maier,13,Jonathan Maier,42,13.3,557.6,235.0,5.6,87.0,177.0,49.2,3.0,11.0,27.3,58.0,75.0,77.3,77.0,110.0,187.0,8.0,9.0,13.0,31.0,87.0,157.4,14.7,7.1,0.2,5.7,20,255.0,6.1,7.7,4,1.3,5,4,29.6,6.8,3,-1.28,-3.65,2.37,5.0,4.0,126.0,69.0,54.8,40.0,15.0,37.5,11.0,3.0,27.3,32.0,0.0,6.0,14.0,1.0,2.0,78.0,15.0,33.0
GIESSEN 46ers,Luis Elias König Figge,14,Luis Elias König Figge,42,14.8,620.0,231.0,5.5,72.0,169.0,42.6,21.0,63.0,33.3,66.0,93.0,71,33.0,76.0,109.0,30.0,36.0,1.0,30.0,85.0,198.6,16.7,7.0,0.9,3.3,65,296.0,7.0,9.0,13,1.9,10,3,57.4,14.3,7,1.18,-3.99,5.17,2.9,3.8,98.0,49.0,50,8.0,2.0,25,63.0,21.0,33.3,25.0,2.0,7.0,15.0,0.0,5.0,22.0,44.0,54.0
GIESSEN 46ers,Daniel Alexander Norl,1,Daniel Alexander Norl,41,20.6,845.5,285.0,7.0,101.0,237.0,42.6,42.0,133.0,31.6,41.0,48.0,85.4,12.0,74.0,86.0,55.0,24.0,3.0,35.0,79.0,269.9,16.6,8.6,1.7,2.6,104,389.0,9.5,11.8,12,1.1,14,4,38.1,19.8,11,0.12,-3.61,3.74,2.5,3.6,59.0,38.0,64.4,45.0,21.0,46.7,133.0,42.0,31.6,29.0,13.0,20.0,11.0,0.0,2.0,17.0,58.0,43.0
Phoenix Hagen,Marvin Omonigho Omuvwie,11,Marvin Omonigho Omuvwie,41,15.1,618.8,214.0,5.2,86.0,172.0,50,18.0,55.0,32.7,24.0,44.0,54.5,61.0,101.0,162.0,39.0,21.0,10.0,29.0,86.0,153.0,12.5,6.0,1.1,4.5,96,310.0,7.6,8.6,2,0.5,3,6,17.7,5.6,4,1.35,-3.04,4.39,4.6,4.2,107.0,66.0,61.7,10.0,2.0,20,55.0,18.0,32.7,29.0,0.0,9.0,10.0,1.0,4.0,45.0,45.0,44.0
BG Göttingen,Jordan Sears,3,Jordan Sears,39,24.0,936.0,633.0,16.2,215.0,514.0,41.8,86.0,254.0,33.9,117.0,141.0,83,27.0,115.0,142.0,131.0,52.0,11.0,90.0,103.0,613.5,34.2,21.1,4.4,4.7,297,930.0,23.8,31.0,66,4.1,49,21,56.7,64.2,16,4.71,0.36,4.35,2.3,2.0,191.0,98.0,51.3,69.0,31.0,44.9,254.0,86.0,33.9,81.0,36.0,36.0,32.0,0.0,14.0,53.0,131.0,125.0
BG Göttingen,Hendrik Helge Drescher,10,Hendrik Helge Drescher,39,22.2,864.6,365.0,9.4,133.0,287.0,46.3,49.0,151.0,32.5,50.0,63.0,79.4,45.0,147.0,192.0,62.0,27.0,12.0,62.0,91.0,318.5,19.2,12.2,2.1,6.4,141,506.0,13.0,16.9,34,2.4,20,8,72.3,29.5,14,1.66,-2.54,4.2,3.9,3.5,122.0,81.0,66.4,14.0,3.0,21.4,151.0,49.0,32.5,39.0,3.0,18.0,27.0,2.0,2.0,59.0,16.0,59.0
BG Göttingen,Daniel Kirchner,4,Daniel Kirchner,39,20.5,800.1,298.0,7.6,107.0,271.0,39.5,42.0,146.0,28.8,42.0,59.0,71.2,35.0,62.0,97.0,199.0,27.0,3.0,106.0,131.0,353.2,23.0,9.9,6.6,3.2,427,725.0,18.6,24.2,35,2.5,32,11,47.5,43.8,14,-1.62,-3.71,2.09,1.5,1.9,94.0,57.0,60.6,31.0,8.0,25.8,146.0,42.0,28.8,52.0,18.0,73.0,25.0,2.0,6.0,27.0,51.0,45.0
HAKRO Merlins Crailsheim,Anthony Malik Gaines,9,Anthony Malik Gaines,38,28.3,1076.0,517.0,13.6,192.0,407.0,47.2,37.0,131.0,28.2,96.0,145.0,66.2,78.0,168.0,246.0,132.0,53.0,11.0,76.0,78.0,450.0,21.8,17.3,4.4,8.2,330,847.0,22.3,28.3,42,3.2,30,13,58.8,44.7,13,5.16,-0.5,5.66,3.4,2.5,241.0,143.0,59.3,35.0,12.0,34.3,131.0,37.0,28.2,97.0,5.0,33.0,21.0,1.0,11.0,88.0,142.0,110.0
BG Göttingen,Julius Böhmer,44,Julius Böhmer,38,22.2,845.1,384.0,10.1,134.0,289.0,46.4,51.0,143.0,35.7,65.0,77.0,84.4,24.0,68.0,92.0,92.0,17.0,3.0,76.0,101.0,359.9,22.2,12.8,3.1,3.1,207,591.0,15.6,19.7,32,2.5,23,5,63.5,30.2,13,-0.38,-3.01,2.63,2.5,2.8,113.0,71.0,62.8,33.0,12.0,36.4,143.0,51.0,35.7,40.0,6.0,42.0,21.0,0.0,10.0,42.0,81.0,65.0
HAKRO Merlins Crailsheim,Tyreese Blunt,0,Tyreese Blunt,38,25.5,970.8,346.0,9.1,118.0,319.0,37,79.0,236.0,33.5,31.0,44.0,70.5,45.0,57.0,102.0,41.0,29.0,2.0,22.0,95.0,302.7,16.3,11.6,1.4,3.4,87,433.0,11.4,14.5,24,2.4,12,3,90.1,13.3,10,0.29,-2.88,3.17,2.8,4.3,72.0,39.0,54.2,11.0,0.0,0,236.0,79.0,33.5,27.0,8.0,7.0,6.0,0.0,6.0,52.0,87.0,100.0
GIESSEN 46ers,Aiden Warnholtz,3,Aiden Warnholtz,38,19.8,752.3,315.0,8.3,104.0,258.0,40.3,53.0,150.0,35.3,54.0,64.0,84.4,19.0,84.0,103.0,78.0,24.0,2.0,46.0,111.0,300.6,20.8,9.5,2.4,3.1,168,483.0,12.7,14.6,15,1.5,15,7,41.5,21.1,10,0.88,-3.17,4.04,2.6,2.8,63.0,26.0,41.3,45.0,25.0,55.6,150.0,53.0,35.3,16.0,13.0,21.0,16.0,0.0,4.0,21.0,35.0,51.0
BG Göttingen,Nils Owen Schmitz,0,Player 0; Nils Owen Schmitz,38,13.6,515.4,125.0,3.3,43.0,106.0,40.6,18.0,55.0,32.7,21.0,39.0,53.8,13.0,45.0,58.0,41.0,9.0,1.0,24.0,58.0,128.8,13.0,4.2,1.4,1.9,94,219.0,5.8,7.3,3,0.6,5,4,22.2,7.8,5,-2.21,-5.35,3.13,2.7,4.3,39.0,21.0,53.8,12.0,4.0,33.3,54.0,17.0,31.5,16.0,2.0,6.0,12.0,0.0,2.0,9.0,43.0,38.0
PS Karlsruhe LIONS,David Opowu Ejah,25,David Opowu Ejah,37,30.1,1112.3,540.0,14.6,192.0,424.0,45.3,57.0,167.0,34.1,99.0,140.0,70.7,63.0,234.0,297.0,56.0,39.0,28.0,63.0,73.0,466.2,22.0,19.1,2.0,10.5,135,675.0,18.2,23.8,41,2.7,26,15,62.9,35.6,15,1.88,-1.29,3.17,4.6,3.0,193.0,106.0,54.9,64.0,29.0,45.3,167.0,57.0,34.1,67.0,8.0,15.0,33.0,0.0,5.0,72.0,87.0,102.0
Artland Dragons,Connor Van Anthony,9,Connor Van Anthony,37,28.5,1053.1,396.0,10.7,134.0,269.0,49.8,41.0,96.0,42.7,87.0,103.0,84.5,31.0,78.0,109.0,252.0,43.0,2.0,83.0,114.0,351.7,17.5,13.8,8.8,3.8,574,970.0,26.2,33.7,83,4.2,57,28,59.9,87.3,20,2.24,0.46,1.78,1.1,1.1,108.0,66.0,61.1,65.0,27.0,41.5,96.0,41.0,42.7,53.0,15.0,42.0,33.0,0.0,6.0,39.0,67.0,62.0
BG Göttingen,Mathis Mönninghoff,17,Mathis Mönninghoff,37,23.6,872.2,322.0,8.7,94.0,210.0,44.8,73.0,170.0,42.9,61.0,69.0,88.4,11.0,77.0,88.0,44.0,24.0,2.0,16.0,69.0,235.5,14.1,10.7,1.5,2.9,108,430.0,11.6,14.3,19,1.7,19,3,46.8,20.3,11,3.43,-0.54,3.97,2.6,3.4,21.0,12.0,57.1,19.0,9.0,47.4,170.0,73.0,42.9,6.0,5.0,8.0,5.0,0.0,2.0,39.0,19.0,40.0
Artland Dragons,Nathan Joseph Petrone,1,Nathan Joseph Petrone,37,16.6,615.6,287.0,7.8,94.0,221.0,42.5,51.0,138.0,37,48.0,56.0,85.7,17.0,48.0,65.0,57.0,10.0,1.0,34.0,52.0,252.1,21.4,10.0,2.0,2.3,136,423.0,11.4,14.7,17,1.1,18,5,42.1,22.2,15,0.01,-0.67,0.68,2.5,3.1,52.0,30.0,57.7,31.0,13.0,41.9,138.0,51.0,37,21.0,6.0,10.0,17.0,0.0,2.0,19.0,48.0,20.0
Bozic Estriche Knights Kirchheim,Nicolas Bretzel,21,Nicolas Bretzel,37,19.3,712.8,286.0,7.7,108.0,225.0,48,27.0,76.0,35.5,43.0,57.0,75.4,61.0,126.0,187.0,33.0,26.0,25.0,33.0,70.0,213.2,15.6,8.4,1.0,5.5,67,353.0,9.5,10.4,27,2.7,19,13,54.6,25.7,10,2.5,-2.12,4.62,4.6,3.6,128.0,76.0,59.4,21.0,5.0,23.8,76.0,27.0,35.5,31.0,0.0,12.0,14.0,1.0,0.0,78.0,9.0,53.0
HAKRO Merlins Crailsheim,Jose Gabriel de Oliveira Neto,1,Jose Gabriel de Oliveira Neto,37,17.5,648.0,240.0,6.5,74.0,148.0,50,6.0,42.0,14.3,86.0,119.0,72.3,44.0,68.0,112.0,30.0,20.0,19.0,53.0,120.0,201.0,16.2,8.0,1.0,3.7,66,306.0,8.3,10.2,16,2.7,8,5,78.4,11.2,6,-1.65,-6.65,5.0,4.4,3.7,103.0,67.0,65,3.0,1.0,33.3,42.0,6.0,14.3,24.0,1.0,17.0,17.0,1.0,3.0,47.0,49.0,51.0
Artland Dragons,Elijah Ndi,12,Elijah Ndi,37,16.5,610.2,199.0,5.4,71.0,169.0,42,41.0,121.0,33.9,16.0,20.0,80,19.0,61.0,80.0,25.0,11.0,8.0,27.0,54.0,178.4,15.3,6.9,0.9,2.8,53,252.0,6.8,8.8,17,1.9,14,2,57.1,15.9,9,-1.53,-2.9,1.37,3.4,4.4,34.0,22.0,64.7,14.0,8.0,57.1,121.0,41.0,33.9,10.0,3.0,14.0,9.0,0.0,2.0,31.0,39.0,37.0
HAKRO Merlins Crailsheim,Gianni Otto,10,Gianni Otto,37,12.9,476.6,145.0,3.9,49.0,114.0,43,30.0,74.0,40.5,17.0,20.0,85,17.0,34.0,51.0,69.0,28.0,1.0,20.0,60.0,120.8,13.2,4.8,2.3,1.7,152,297.0,8.0,9.9,6,0.8,12,0,25.0,12.0,8,4.2,-1.8,6.0,1.8,2.7,29.0,14.0,48.3,11.0,5.0,45.5,74.0,30.0,40.5,9.0,1.0,11.0,5.0,0.0,2.0,24.0,15.0,27.0
HAKRO Merlins Crailsheim,Nico Santana Mojica,7,Nico Santana Mojica,37,7.5,277.7,69.0,1.9,26.0,57.0,45.6,8.0,27.0,29.6,9.0,19.0,47.4,14.0,32.0,46.0,9.0,4.0,4.0,5.0,47.0,54.1,10.2,2.3,0.3,1.5,22,91.0,2.5,3.0,1,0.5,2,4,13.3,3.8,2,-1.76,-5.86,4.09,4.0,4.6,27.0,17.0,63,3.0,1.0,33.3,27.0,8.0,29.6,4.0,0.0,2.0,1.0,0.0,1.0,6.0,27.0,23.0
GIESSEN 46ers,Kai Müsse,15,Kai Müsse,37,1.1,39.6,25.0,0.7,11.0,16.0,68.8,0.0,2.0,0,3.0,5.0,60,0.0,4.0,4.0,0.0,0.0,0.0,2.0,4.0,19.4,25.6,0.8,0.0,0.1,0,25.0,0.7,0.8,0,0,0,0,0,0.0,0,0.53,-2.33,2.86,3.2,3.2,14.0,11.0,78.6,0.0,0.0,0,2.0,0.0,0,0.0,0.0,0.0,2.0,0.0,0.0,6.0,1.0,6.0
Artland Dragons,Amir Jabbar Hinton,3,Amir Jabbar Hinton,36,29.7,1069.2,730.0,20.3,244.0,538.0,45.4,42.0,132.0,31.8,200.0,211.0,94.8,28.0,138.0,166.0,98.0,55.0,10.0,69.0,73.0,645.0,31.5,25.4,3.4,5.8,210,940.0,26.1,32.6,139,6.3,91,53,60.8,125.3,22,3.53,0.65,2.88,2.6,2.4,201.0,123.0,61.2,205.0,79.0,38.5,132.0,42.0,31.8,96.0,20.0,22.0,30.0,0.0,9.0,60.0,137.0,138.0
Artland Dragons,Benjamin Forrest Burnham,25,Benjamin Forrest Burnham,36,29.2,1052.7,730.0,20.3,289.0,470.0,61.5,67.0,150.0,44.7,85.0,120.0,70.8,87.0,267.0,354.0,82.0,46.0,33.0,77.0,67.0,492.3,24.4,25.4,2.8,12.3,179,909.0,25.2,31.6,124,5.0,68,36,74.0,90.8,25,10.26,5.8,4.46,5.0,1.4,247.0,182.0,73.7,73.0,40.0,54.8,150.0,67.0,44.7,94.0,8.0,21.0,43.0,1.0,7.0,126.0,111.0,132.0
HAKRO Merlins Crailsheim,Marvin Ogunsipe,26,Marvin Ogunsipe,36,25.5,916.6,446.0,12.4,139.0,262.0,53.1,11.0,45.0,24.4,157.0,218.0,72,104.0,174.0,278.0,70.0,34.0,9.0,80.0,88.0,320.6,18.2,14.9,2.3,9.3,160,606.0,16.8,20.2,31,2.6,19,22,54.0,33.7,12,3.64,-1.21,4.84,4.6,2.6,191.0,120.0,62.8,26.0,8.0,30.8,45.0,11.0,24.4,48.0,1.0,24.0,33.0,1.0,9.0,103.0,81.0,80.0
Artland Dragons,Timo Lanmüller,7,Timo Lanmüller,36,26.1,939.0,317.0,8.8,110.0,249.0,44.2,68.0,180.0,37.8,29.0,41.0,70.7,18.0,60.0,78.0,62.0,28.0,6.0,41.0,99.0,278.4,15.5,11.0,2.2,2.7,138,455.0,12.6,15.8,37,2.2,37,2,48.8,41.9,17,-0.53,-2.39,1.86,2.4,3.8,43.0,32.0,74.4,26.0,10.0,38.5,180.0,68.0,37.8,7.0,4.0,20.0,13.0,0.0,5.0,36.0,46.0,56.0
PS Karlsruhe LIONS,Wesley Chima Oba,7,Wesley Chima Oba,36,21.6,779.1,227.0,6.3,89.0,145.0,61.4,7.0,14.0,50,42.0,64.0,65.6,91.0,100.0,191.0,36.0,25.0,31.0,36.0,94.0,113.4,7.6,8.0,1.3,6.7,92,319.0,8.9,11.3,13,2.2,7,4,74.2,10.8,6,0.54,-3.11,3.65,4.8,3.5,121.0,77.0,63.6,10.0,5.0,50,14.0,7.0,50,30.0,1.0,4.0,24.0,0.0,6.0,52.0,21.0,44.0
BG Göttingen,Adam Ramstedt,1,Adam Ramstedt,36,15.0,538.8,224.0,6.2,95.0,138.0,68.8,8.0,27.0,29.6,26.0,50.0,52,45.0,92.0,137.0,41.0,9.0,18.0,35.0,74.0,144.0,14.0,7.5,1.4,4.6,90,314.0,8.7,10.5,15,1.7,12,4,54.5,14.8,9,3.51,-1.7,5.21,4.9,2.8,103.0,85.0,82.5,8.0,2.0,25,27.0,8.0,29.6,22.0,1.0,10.0,13.0,1.0,3.0,45.0,31.0,50.0
GIESSEN 46ers,Roland L'Amour Nyama,24,Roland L'Amour Nyama,36,5.2,188.8,36.0,1.0,10.0,32.0,31.2,2.0,12.0,16.7,14.0,18.0,77.8,8.0,9.0,17.0,7.0,4.0,0.0,8.0,19.0,38.3,10.6,1.1,0.2,0.5,16,52.0,1.4,1.6,1,1.0,0,2,56.8,0.9,1,-3.86,-6.62,2.75,2.7,4.8,8.0,4.0,50,12.0,4.0,33.3,12.0,2.0,16.7,4.0,0.0,5.0,2.0,0.0,1.0,4.0,6.0,11.0
Tigers Tübingen,Bernard Joel Pelote III,1,Bernard Joel Pelote III,35,27.7,970.8,501.0,14.3,178.0,433.0,41.1,81.0,233.0,34.8,64.0,81.0,79,31.0,155.0,186.0,38.0,41.0,17.0,49.0,80.0,467.2,25.2,18.7,1.4,6.9,89,590.0,16.9,22.0,26,3.2,22,3,55.7,27.3,8,0.41,-2.47,2.88,3.9,3.4,128.0,71.0,55.5,72.0,26.0,36.1,233.0,81.0,34.8,39.0,7.0,6.0,27.0,0.0,9.0,58.0,151.0,98.0
Bozic Estriche Knights Kirchheim,Charles Tyrone Harris Jr,3,Charles Tyrone Harris Jr,35,26.0,909.1,487.0,13.9,178.0,385.0,46.2,53.0,145.0,36.6,78.0,99.0,78.8,20.0,91.0,111.0,139.0,28.0,4.0,66.0,84.0,455.6,26.1,14.4,4.1,3.3,297,784.0,22.4,23.1,52,4.0,35,21,58.8,49.2,13,2.77,-0.75,3.52,1.9,1.5,139.0,77.0,55.4,101.0,48.0,47.5,145.0,53.0,36.6,67.0,29.0,19.0,32.0,0.0,5.0,55.0,80.0,107.0
Eisbären Bremerhaven,Jemarl Lemuel Baker Jr,8,Jemarl Lemuel Baker Jr,35,23.6,825.5,464.0,13.3,166.0,372.0,44.6,68.0,206.0,33,64.0,82.0,78,19.0,78.0,97.0,86.0,24.0,4.0,66.0,63.0,436.9,28.7,14.6,2.7,3.0,183,647.0,18.5,20.3,65,3.6,56,18,50.8,68.9,18,0.97,-0.71,1.68,2.7,2.6,118.0,73.0,61.9,48.0,25.0,52.1,206.0,68.0,33,65.0,25.0,27.0,22.0,0.0,6.0,43.0,37.0,60.0
HAKRO Merlins Crailsheim,Brock Boone Gardner,4,Brock Boone Gardner,35,25.1,879.0,432.0,12.3,146.0,327.0,44.6,77.0,218.0,35.3,63.0,78.0,80.8,58.0,117.0,175.0,59.0,39.0,16.0,41.0,90.0,330.5,19.6,14.4,2.0,5.8,138,570.0,16.3,19.0,23,2.3,13,6,73.5,17.6,10,5.8,0.58,5.23,3.8,2.9,90.0,62.0,68.9,19.0,7.0,36.8,218.0,77.0,35.3,35.0,7.0,12.0,15.0,0.0,8.0,88.0,75.0,83.0
Phoenix Hagen,Marinus Lucas N'Guessan,19,Marinus Lucas N'Guessan,35,17.7,619.0,394.0,11.3,141.0,202.0,69.8,2.0,5.0,40,110.0,192.0,57.3,62.0,110.0,172.0,25.0,13.0,25.0,53.0,99.0,266.4,21.8,11.0,0.7,4.8,62,456.0,13.0,12.7,16,2.0,8,13,58.3,14.7,8,3.05,-1.62,4.67,5.0,2.5,193.0,139.0,72,4.0,0.0,0,5.0,2.0,40,29.0,0.0,5.0,24.0,1.0,6.0,71.0,84.0,53.0
PS Karlsruhe LIONS,Tyrese Williams,5,Tyrese Williams,35,25.4,887.8,390.0,11.1,135.0,373.0,36.2,79.0,251.0,31.5,41.0,52.0,78.8,14.0,78.0,92.0,90.0,31.0,6.0,60.0,111.0,424.2,25.1,13.8,3.2,3.3,184,574.0,16.4,20.3,45,3.5,33,14,57.5,44.2,13,-2.47,-4.27,1.8,2.2,2.9,85.0,46.0,54.1,37.0,10.0,27,251.0,79.0,31.5,36.0,12.0,38.0,14.0,0.0,6.0,51.0,61.0,64.0
HAKRO Merlins Crailsheim,Antonio Dewane Madlock JR,22,Antonio Dewane Madlock JR,35,15.5,544.1,281.0,8.0,89.0,217.0,41,17.0,65.0,26.2,86.0,124.0,69.4,39.0,65.0,104.0,29.0,31.0,7.0,27.0,72.0,249.2,23.9,9.4,1.0,3.5,78,359.0,10.3,12.0,10,1.2,9,6,43.0,12.6,8,1.43,-3.29,4.71,3.6,3.6,120.0,62.0,51.7,32.0,10.0,31.2,65.0,17.0,26.2,43.0,2.0,7.0,12.0,0.0,4.0,51.0,73.0,70.0
Eisbären Bremerhaven,Raphael Falkenthal,2,Raphael Falkenthal,35,18.6,650.0,246.0,7.0,68.0,142.0,47.9,27.0,66.0,40.9,83.0,101.0,82.2,17.0,47.0,64.0,115.0,33.0,2.0,50.0,91.0,210.7,17.6,7.7,3.6,2.0,253,499.0,14.3,15.7,35,2.3,19,14,69.6,28.2,15,2.52,-1.45,3.96,1.7,1.8,60.0,38.0,63.3,16.0,3.0,18.8,66.0,27.0,40.9,28.0,3.0,38.0,6.0,1.0,3.0,26.0,56.0,46.0
Artland Dragons,Linus Ruf,20,Linus Ruf,35,20.8,728.2,237.0,6.8,94.0,177.0,53.1,2.0,8.0,25,47.0,74.0,63.5,60.0,73.0,133.0,21.0,11.0,12.0,42.0,100.0,183.9,13.2,8.2,0.7,4.6,55,292.0,8.3,10.1,32,2.0,21,9,64.1,28.0,16,-4.03,-5.14,1.11,4.2,4.5,136.0,81.0,59.6,33.0,11.0,33.3,8.0,2.0,25,28.0,0.0,3.0,21.0,4.0,2.0,53.0,22.0,37.0
Phoenix Hagen,Anzac Joseph Dennis Rissetto,77,Anzac Joseph Dennis Rissetto,35,15.5,543.4,191.0,5.5,69.0,136.0,50.7,9.0,24.0,37.5,44.0,86.0,51.2,40.0,71.0,111.0,28.0,10.0,6.0,34.0,80.0,161.1,15.0,5.3,0.8,3.1,66,257.0,7.3,7.2,1,0.2,6,2,7.3,6.9,5,-2.15,-5.54,3.39,4.2,4.3,105.0,56.0,53.3,7.0,4.0,57.1,24.0,9.0,37.5,12.0,1.0,10.0,13.0,0.0,3.0,31.0,26.0,30.0
Tigers Tübingen,Felix Per Edwardsson,8,Felix Per Edwardsson; Felix Edwardsson,35,17.3,607.1,139.0,4.0,46.0,128.0,35.9,34.0,106.0,32.1,13.0,14.0,92.9,19.0,62.0,81.0,31.0,15.0,7.0,16.0,71.0,125.9,10.9,5.2,1.2,3.0,71,210.0,6.0,7.8,5,0.8,7,3,30.0,8.3,6,-2.6,-5.61,3.01,3.3,4.4,20.0,12.0,60,2.0,0.0,0,106.0,34.0,32.1,3.0,1.0,11.0,2.0,0.0,2.0,17.0,23.0,23.0
Tigers Tübingen,Silas Kaan Osezua Oriane,7,Silas Kaan Osezua Oriane; Silas Oriane,35,13.2,463.5,60.0,1.7,20.0,78.0,25.6,7.0,47.0,14.9,13.0,24.0,54.2,17.0,28.0,45.0,23.0,14.0,3.0,17.0,60.0,85.0,9.6,2.2,0.9,1.7,55,115.0,3.3,4.3,2,0.7,1,4,36.2,2.8,3,-7.09,-9.41,2.32,2.8,5.0,28.0,13.0,46.4,3.0,0.0,0,47.0,7.0,14.9,8.0,0.0,3.0,5.0,0.0,8.0,14.0,8.0,10.0
EPG Baskets Koblenz,Calvin Wishart,3,Calvin Wishart,34,24.2,821.2,491.0,14.4,154.0,316.0,48.7,62.0,153.0,40.5,121.0,149.0,81.2,35.0,85.0,120.0,181.0,43.0,10.0,94.0,100.0,422.9,26.0,18.1,6.7,4.4,410,901.0,26.5,33.2,40,4.0,29,14,56.9,40.2,10,6.09,2.38,3.71,1.7,1.0,127.0,79.0,62.2,36.0,13.0,36.1,153.0,62.0,40.5,68.0,40.0,48.0,32.0,0.0,3.0,53.0,99.0,90.0
Bayer Giants Leverkusen,Dennis Heinzmann,22,Dennis Heinzmann,34,26.4,896.2,478.0,14.1,170.0,264.0,64.4,6.0,19.0,31.6,132.0,183.0,72.1,91.0,200.0,291.0,18.0,12.0,52.0,60.0,120.0,301.0,18.1,18.8,0.7,11.5,45,523.0,15.4,20.6,37,2.6,23,14,63.4,30.2,14,1.66,-0.96,2.63,5.0,2.3,213.0,151.0,70.9,32.0,13.0,40.6,19.0,6.0,31.6,59.0,0.0,8.0,20.0,0.0,4.0,120.0,24.0,66.0
Nürnberg Falcons BC,Vincent Friederici,30,Vincent Friederici,34,26.0,885.4,453.0,13.3,145.0,345.0,42,69.0,185.0,37.3,94.0,108.0,87,27.0,34.0,61.0,70.0,38.0,5.0,48.0,82.0,397.0,23.7,17.5,2.7,2.4,140,593.0,17.4,22.9,50,3.8,26,29,64.5,42.8,13,1.33,-1.24,2.57,2.1,2.8,117.0,55.0,47,43.0,21.0,48.8,185.0,69.0,37.3,33.0,16.0,21.0,21.0,0.0,4.0,39.0,95.0,72.0
BG Göttingen,Zach Jackson,21,Zach Jackson,34,25.7,874.9,423.0,12.4,152.0,301.0,50.5,33.0,92.0,35.9,86.0,105.0,81.9,42.0,93.0,135.0,56.0,27.0,3.0,38.0,67.0,329.5,19.7,14.1,1.9,4.5,137,560.0,16.5,18.7,55,3.7,39,8,64.7,42.5,15,2.81,-0.82,3.63,3.0,3.1,122.0,77.0,63.1,87.0,42.0,48.3,92.0,33.0,35.9,47.0,8.0,16.0,17.0,0.0,3.0,71.0,65.0,48.0
Nürnberg Falcons BC,Trevor James Baskin,22,Trevor James Baskin,34,22.9,778.8,422.0,12.4,154.0,259.0,59.5,12.0,41.0,29.3,102.0,140.0,72.9,59.0,180.0,239.0,58.0,39.0,31.0,65.0,80.0,313.5,21.2,16.3,2.2,9.2,130,552.0,16.2,21.3,20,2.0,14,10,54.3,21.4,10,5.3,-0.6,5.89,5.0,2.1,204.0,138.0,67.6,14.0,4.0,28.6,41.0,12.0,29.3,60.0,1.0,20.0,34.0,1.0,7.0,80.0,133.0,114.0
BBC Bayreuth,KeVaughn Allen,23,KeVaughn Allen,34,25.4,865.0,413.0,12.1,146.0,344.0,42.4,63.0,188.0,33.5,58.0,66.0,87.9,10.0,71.0,81.0,97.0,33.0,4.0,48.0,67.0,394.6,23.7,15.4,3.6,3.0,209,622.0,18.3,23.2,57,4.1,50,13,51.1,59.7,14,2.06,-0.88,2.94,1.9,2.3,71.0,42.0,59.2,85.0,41.0,48.2,188.0,63.0,33.5,35.0,37.0,20.0,22.0,0.0,6.0,25.0,73.0,100.0
RheinStars Köln,Björn Rohwer,15,Björn Rohwer,34,21.7,738.0,385.0,11.3,137.0,277.0,49.5,35.0,81.0,43.2,76.0,96.0,79.2,60.0,97.0,157.0,31.0,14.0,4.0,56.0,108.0,302.6,21.8,15.1,1.2,6.1,72,457.0,13.4,17.9,44,3.4,25,17,67.7,35.5,13,-0.94,-2.33,1.39,4.0,2.7,174.0,96.0,55.2,22.0,6.0,27.3,81.0,35.0,43.2,46.0,2.0,18.0,22.0,1.0,2.0,78.0,31.0,58.0
Bayer Giants Leverkusen,Ricardo Lynch,11,Ricardo Lynch,34,20.1,683.6,272.0,8.0,96.0,245.0,39.2,41.0,146.0,28.1,39.0,47.0,83,17.0,76.0,93.0,15.0,15.0,8.0,27.0,39.0,264.7,20.9,10.7,0.6,3.7,42,314.0,9.2,12.4,7,0.9,10,2,32.2,12.9,8,-3.25,-3.63,0.37,3.4,4.2,56.0,38.0,67.9,43.0,17.0,39.5,146.0,41.0,28.1,26.0,11.0,5.0,16.0,0.0,4.0,24.0,50.0,40.0
Nürnberg Falcons BC,Tom Stoiber,28,Tom Stoiber,34,21.7,737.6,263.0,7.7,97.0,186.0,52.2,22.0,74.0,29.7,47.0,67.0,70.1,35.0,117.0,152.0,35.0,13.0,6.0,26.0,62.0,198.2,14.2,10.2,1.4,5.9,82,345.0,10.1,13.3,2,1.0,3,0,33.3,4.0,2,0.18,-2.86,3.04,4.1,3.7,107.0,71.0,66.4,5.0,4.0,80,74.0,22.0,29.7,21.0,0.0,11.0,9.0,1.0,1.0,35.0,61.0,42.0
BBC Bayreuth,Cantia Jevon Rahming,12,Cantia Jevon Rahming,34,18.7,637.2,227.0,6.7,85.0,175.0,48.6,20.0,56.0,35.7,37.0,57.0,64.9,66.0,159.0,225.0,20.0,19.0,2.0,32.0,90.0,159.4,13.0,8.5,0.7,8.4,50,277.0,8.1,10.3,21,2.3,18,6,50.9,22.6,9,-0.29,-2.95,2.67,5.0,3.9,106.0,64.0,60.4,13.0,1.0,7.7,56.0,20.0,35.7,29.0,0.0,12.0,16.0,0.0,1.0,56.0,31.0,45.0
EPG Baskets Koblenz,Jonas Niedermanner,9,Jonas Niedermanner,34,22.2,753.3,224.0,6.6,78.0,210.0,37.1,40.0,122.0,32.8,28.0,38.0,73.7,17.0,99.0,116.0,47.0,33.0,13.0,43.0,83.0,242.6,16.3,8.3,1.7,4.3,110,334.0,9.8,12.3,11,1.8,9,6,47.3,12.6,6,-2.69,-5.65,2.95,3.2,4.2,42.0,23.0,54.8,46.0,15.0,32.6,122.0,40.0,32.8,10.0,3.0,16.0,19.0,0.0,4.0,29.0,50.0,52.0
RheinStars Köln,Jasper Günther,6,Jasper Günther,34,18.8,640.4,215.0,6.3,68.0,179.0,38,25.0,82.0,30.5,54.0,76.0,71.1,13.0,36.0,49.0,80.0,27.0,1.0,50.0,74.0,239.5,19.9,8.4,3.1,1.9,187,402.0,11.8,15.7,14,1.1,10,14,43.3,20.2,13,-3.09,-4.58,1.49,1.4,2.7,75.0,35.0,46.7,22.0,8.0,36.4,82.0,25.0,30.5,30.0,9.0,22.0,19.0,0.0,8.0,25.0,35.0,56.0
Paderborn Baskets,Grant Teichmann,6,Grant Teichmann,34,22.1,750.3,209.0,6.1,74.0,176.0,42,47.0,136.0,34.6,14.0,25.0,56,13.0,40.0,53.0,47.0,14.0,4.0,16.0,83.0,182.4,12.9,8.1,1.8,2.0,91,300.0,8.8,11.6,11,1.4,10,5,45.1,12.2,8,-2.73,-3.91,1.18,2.5,3.7,34.0,24.0,70.6,6.0,3.0,50,136.0,47.0,34.6,14.0,6.0,9.0,4.0,0.0,2.0,33.0,37.0,45.0
Uni Baskets Münster,Andrew O'Brien,0,Andrew O'Brien,34,22.2,755.0,198.0,5.8,69.0,163.0,42.3,33.0,87.0,37.9,27.0,43.0,62.8,31.0,110.0,141.0,99.0,16.0,15.0,49.0,92.0,191.9,13.7,7.8,3.9,5.5,214,412.0,12.1,16.2,10,2.0,6,2,72.7,11.9,5,-1.54,-4.23,2.69,3.0,2.3,60.0,33.0,55,16.0,3.0,18.8,87.0,33.0,37.9,24.0,9.0,31.0,10.0,0.0,4.0,28.0,24.0,26.0
Bayer Giants Leverkusen,Sören Urbansky,51,Sören Urbansky,34,12.5,423.9,192.0,5.6,71.0,139.0,51.1,18.0,50.0,36,32.0,41.0,78,28.0,47.0,75.0,5.0,7.0,4.0,28.0,55.0,150.8,19.2,7.6,0.2,3.0,13,205.0,6.0,8.1,8,1.6,8,2,45.0,8.9,5,-3.6,-3.93,0.33,4.1,3.5,57.0,35.0,61.4,32.0,18.0,56.2,50.0,18.0,36,10.0,2.0,6.0,11.0,0.0,2.0,32.0,18.0,34.0
Uni Baskets Münster,Thore Dilschmann,6,Thore Dilschmann,34,18.3,620.8,191.0,5.6,70.0,186.0,37.6,24.0,84.0,28.6,27.0,35.0,77.1,16.0,42.0,58.0,104.0,12.0,2.0,67.0,40.0,242.3,21.1,7.5,4.1,2.3,247,438.0,12.9,17.2,23,3.8,12,6,78.6,21.6,6,-5.96,-4.62,-1.34,1.4,1.9,76.0,37.0,48.7,26.0,9.0,34.6,84.0,24.0,28.6,30.0,11.0,35.0,28.0,0.0,3.0,32.0,27.0,10.0
EPG Baskets Koblenz,Marko Bacak,13,Marko Bacak,34,19.3,655.6,164.0,4.8,65.0,148.0,43.9,16.0,59.0,27.1,18.0,27.0,66.7,38.0,72.0,110.0,31.0,17.0,10.0,35.0,88.0,150.6,11.6,6.0,1.1,4.1,66,230.0,6.8,8.5,17,2.1,15,0,56.7,17.0,8,-4.3,-6.38,2.09,3.7,4.4,70.0,41.0,58.6,19.0,8.0,42.1,59.0,16.0,27.1,11.0,2.0,14.0,12.0,2.0,0.0,37.0,24.0,25.0
Nürnberg Falcons BC,Christian Feneberg,7,Christian Feneberg,34,17.6,597.3,162.0,4.8,61.0,141.0,43.3,26.0,76.0,34.2,14.0,20.0,70,5.0,50.0,55.0,71.0,29.0,1.0,25.0,56.0,163.0,14.4,6.3,2.7,2.1,124,286.0,8.4,11.1,6,0.9,9,0,33.3,9.0,7,0.05,-4.12,4.18,1.9,3.4,50.0,30.0,60,15.0,5.0,33.3,76.0,26.0,34.2,19.0,5.0,14.0,7.0,0.0,4.0,16.0,36.0,34.0
PS Karlsruhe LIONS,Gabriel Kuku,6,Gabriel Kuku,34,15.5,527.9,153.0,4.5,57.0,132.0,43.2,21.0,74.0,28.4,18.0,29.0,62.1,18.0,23.0,41.0,19.0,15.0,2.0,27.0,63.0,147.6,14.7,5.4,0.7,1.4,45,198.0,5.8,7.0,12,2.4,7,4,68.5,8.8,5,-4.69,-6.39,1.7,2.5,4.2,51.0,34.0,66.7,7.0,2.0,28.6,74.0,21.0,28.4,15.0,4.0,12.0,8.0,0.0,5.0,24.0,34.0,36.0
Paderborn Baskets,Nicolas Ignacio Marty-Decker,10,Nicolas Ignacio Marty-Decker,34,19.6,666.5,145.0,4.3,46.0,127.0,36.2,29.0,97.0,29.9,24.0,29.0,82.8,25.0,25.0,50.0,36.0,30.0,0.0,23.0,94.0,132.2,10.5,5.6,1.4,1.9,83,228.0,6.7,8.8,9,1.5,7,0,64.3,7.0,6,-3.69,-5.82,2.13,2.1,4.2,26.0,16.0,61.5,4.0,1.0,25,97.0,29.0,29.9,8.0,3.0,12.0,5.0,0.0,3.0,21.0,22.0,28.0
Paderborn Baskets,Karl Bühner,11,Karl Bühner,34,20.3,690.3,143.0,4.2,55.0,141.0,39,18.0,63.0,28.6,15.0,25.0,60,38.0,89.0,127.0,25.0,23.0,18.0,32.0,97.0,140.2,10.7,5.5,1.0,4.9,51,194.0,5.7,7.5,4,0.5,16,1,12.2,18.4,8,-4.36,-6.75,2.39,4.4,4.7,70.0,34.0,48.6,8.0,3.0,37.5,63.0,18.0,28.6,14.0,0.0,9.0,11.0,0.0,4.0,34.0,19.0,31.0
Uni Baskets Münster,Jesse Chidera Ani,24,Jesse Chidera Ani,34,16.3,554.8,134.0,3.9,53.0,136.0,39,9.0,46.0,19.6,19.0,46.0,41.3,53.0,76.0,129.0,15.0,8.0,6.0,25.0,58.0,123.1,12.0,5.3,0.6,5.1,36,170.0,5.0,6.7,2,0.2,8,1,11.8,10.4,8,-6.43,-6.34,-0.09,4.3,4.9,82.0,42.0,51.2,8.0,2.0,25,46.0,9.0,19.6,27.0,0.0,8.0,7.0,0.0,3.0,31.0,15.0,22.0
Nürnberg Falcons BC,Tim Köpple,5,Tim Köpple,34,17.8,604.5,134.0,3.9,50.0,125.0,40,20.0,63.0,31.7,14.0,19.0,73.7,14.0,46.0,60.0,87.0,18.0,0.0,53.0,51.0,165.5,14.4,5.2,3.4,2.3,192,326.0,9.6,12.6,8,1.6,6,0,66.7,7.0,5,-3.34,-5.66,2.32,1.9,3.4,38.0,19.0,50,24.0,11.0,45.8,63.0,20.0,31.7,14.0,4.0,32.0,12.0,0.0,5.0,18.0,19.0,16.0
BBC Bayreuth,Leroy Ikenna Ikejiaku,22,Leroy Ikenna Ikejiaku,34,13.1,447.0,126.0,3.7,39.0,76.0,51.3,0.0,6.0,0,48.0,66.0,72.7,28.0,32.0,60.0,6.0,12.0,19.0,26.0,96.0,98.9,11.5,4.7,0.2,2.2,17,143.0,4.2,5.3,6,1.5,4,4,52.1,5.8,4,-3.75,-7.78,4.04,4.3,4.4,67.0,39.0,58.2,3.0,0.0,0,6.0,0.0,0,10.0,0.0,6.0,6.0,1.0,1.0,28.0,15.0,23.0
Uni Baskets Münster,Oliver Pahnke,17,Oliver Pahnke,34,9.4,319.0,77.0,2.3,24.0,63.0,38.1,12.0,36.0,33.3,17.0,20.0,85,10.0,25.0,35.0,19.0,13.0,2.0,9.0,55.0,68.0,11.5,3.0,0.7,1.4,50,127.0,3.7,5.0,0,0,0,0,0,0.0,0,-3.5,-6.26,2.76,2.5,3.8,27.0,12.0,44.4,0.0,0.0,0,36.0,12.0,33.3,7.0,1.0,3.0,3.0,0.0,1.0,6.0,31.0,22.0
HAKRO Merlins Crailsheim,Nicholas Christian Welp,20,Nicholas Christian Welp,34,4.4,151.2,44.0,1.3,19.0,34.0,55.9,2.0,8.0,25,4.0,8.0,50,21.0,22.0,43.0,7.0,7.0,2.0,4.0,26.0,19.7,6.8,1.5,0.2,1.4,16,60.0,1.8,2.0,0,0,0,0,0,0.0,0,2.2,-2.8,5.0,4.4,4.0,25.0,17.0,68,1.0,0.0,0,8.0,2.0,25,6.0,0.0,0.0,3.0,0.0,0.0,10.0,3.0,7.0
Nürnberg Falcons BC,Evan Derek Taylor,10,Evan Derek Taylor,33,24.5,808.4,393.0,11.9,141.0,315.0,44.8,36.0,103.0,35,75.0,94.0,79.8,20.0,107.0,127.0,82.0,30.0,5.0,59.0,79.0,379.5,24.8,15.2,3.2,4.9,165,558.0,16.9,21.6,33,3.7,24,12,56.4,32.3,9,-0.06,-3.45,3.39,2.9,2.9,107.0,47.0,43.9,105.0,58.0,55.2,103.0,36.0,35,24.0,11.0,32.0,12.0,0.0,8.0,39.0,97.0,77.0
BBC Bayreuth,Rayshawn Rene Mart,3,Rayshawn Rene Mart,33,26.6,878.2,389.0,11.8,150.0,338.0,44.4,17.0,69.0,24.6,72.0,115.0,62.6,30.0,74.0,104.0,127.0,36.0,8.0,83.0,99.0,423.9,25.0,14.5,4.7,3.9,263,652.0,19.8,24.3,30,2.0,27,22,40.9,39.7,15,-1.28,-4.03,2.75,2.0,2.3,200.0,115.0,57.5,69.0,18.0,26.1,69.0,17.0,24.6,103.0,3.0,41.0,26.0,0.0,9.0,43.0,94.0,77.0
BBC Bayreuth,Tehree Johnathan Horn,2,Tehree Johnathan Horn,33,25.4,838.0,385.0,11.7,135.0,322.0,41.9,42.0,118.0,35.6,73.0,85.0,85.9,25.0,94.0,119.0,84.0,28.0,2.0,51.0,71.0,370.0,22.9,14.4,3.1,4.4,182,567.0,17.2,21.2,46,3.1,37,16,52.2,47.0,15,0.7,-2.23,2.93,2.5,2.7,99.0,52.0,52.5,105.0,41.0,39,118.0,42.0,35.6,38.0,17.0,26.0,16.0,0.0,6.0,45.0,65.0,86.0
Uni Baskets Münster,Paul Viefhues,3,Paul Viefhues,33,22.0,725.8,285.0,8.6,106.0,228.0,46.5,49.0,134.0,36.6,24.0,46.0,52.2,29.0,32.0,61.0,26.0,24.0,9.0,45.0,60.0,253.7,18.9,11.2,1.0,2.4,62,347.0,10.5,13.6,20,2.5,15,3,61.3,17.3,8,-2.04,-2.9,0.86,2.5,3.3,92.0,57.0,62,2.0,0.0,0,134.0,49.0,36.6,34.0,6.0,27.0,17.0,0.0,1.0,47.0,57.0,49.0
Tigers Tübingen,Lukas Max Milner,17,Lukas Max Milner,33,19.0,626.0,280.0,8.5,125.0,195.0,64.1,1.0,8.0,12.5,29.0,67.0,43.3,75.0,103.0,178.0,40.0,12.0,27.0,35.0,106.0,177.1,14.8,10.4,1.5,6.6,90,370.0,11.2,13.8,16,2.7,8,5,78.4,10.2,6,0.34,-3.41,3.75,5.0,2.7,165.0,112.0,67.9,22.0,12.0,54.5,8.0,1.0,12.5,29.0,0.0,5.0,9.0,1.0,7.0,68.0,31.0,36.0
Bayer Giants Leverkusen,Donte Nicholas,15,Donte Nicholas,33,23.8,783.9,278.0,8.4,90.0,205.0,43.9,19.0,59.0,32.2,79.0,97.0,81.4,23.0,109.0,132.0,74.0,24.0,6.0,40.0,92.0,254.1,17.5,10.9,2.9,5.2,157,435.0,13.2,17.1,13,1.3,14,4,41.2,19.8,10,-1.55,-4.07,2.51,3.0,2.6,90.0,52.0,57.8,56.0,19.0,33.9,59.0,19.0,32.2,42.0,7.0,15.0,11.0,1.0,6.0,23.0,41.0,41.0
VfL SparkassenStars Bochum,Jonas Grof,9,Jonas Grof,33,24.5,809.4,269.0,8.2,97.0,186.0,52.2,11.0,33.0,33.3,64.0,74.0,86.5,46.0,63.0,109.0,35.0,12.0,8.0,31.0,82.0,195.4,12.7,10.3,1.3,4.2,78,347.0,10.5,13.3,34,2.8,18,14,70.4,25.2,12,-3.09,-4.58,1.5,3.7,3.6,122.0,69.0,56.6,31.0,17.0,54.8,33.0,11.0,33.3,31.0,0.0,13.0,10.0,2.0,4.0,33.0,64.0,24.0
Bayer Giants Leverkusen,Sebastian Brach,10,Sebastian Brach,33,23.6,780.2,236.0,7.2,84.0,228.0,36.8,37.0,115.0,32.2,31.0,40.0,77.5,21.0,54.0,75.0,67.0,30.0,0.0,62.0,67.0,275.1,19.0,9.3,2.6,3.0,143,379.0,11.5,14.9,35,2.5,28,7,56.3,36.1,14,-5.13,-5.69,0.55,2.0,3.5,75.0,36.0,48,38.0,11.0,28.9,115.0,37.0,32.2,27.0,9.0,29.0,24.0,0.0,9.0,7.0,33.0,49.0
RheinStars Köln,Adam John Paige,13,Adam John Paige,33,19.0,626.2,234.0,7.1,88.0,195.0,45.1,30.0,89.0,33.7,28.0,36.0,77.8,29.0,81.0,110.0,20.0,12.0,17.0,24.0,56.0,197.6,16.8,9.2,0.8,4.3,48,282.0,8.5,11.0,15,1.9,8,2,84.5,9.9,8,-0.37,-2.53,2.16,4.3,3.9,58.0,33.0,56.9,48.0,25.0,52.1,89.0,30.0,33.7,14.0,3.0,6.0,13.0,0.0,5.0,30.0,27.0,40.0
EPG Baskets Koblenz,Badu Buck,2,Badu Buck,33,20.9,689.8,231.0,7.0,82.0,215.0,38.1,43.0,125.0,34.4,24.0,27.0,88.9,13.0,43.0,56.0,62.0,19.0,1.0,40.0,59.0,243.7,17.8,8.5,2.3,2.1,132,363.0,11.0,13.4,20,2.0,15,1,64.8,17.4,10,-3.68,-4.54,0.86,2.1,3.6,55.0,24.0,43.6,35.0,15.0,42.9,125.0,43.0,34.4,19.0,5.0,27.0,13.0,0.0,0.0,22.0,48.0,41.0
Tigers Tübingen,Miles Lamar Tention,3,Miles Lamar Tention,33,21.6,713.3,227.0,6.9,77.0,201.0,38.3,45.0,138.0,32.6,28.0,35.0,80,13.0,61.0,74.0,100.0,21.0,1.0,54.0,59.0,247.1,18.2,8.5,3.7,2.8,198,425.0,12.9,15.9,19,2.7,10,8,70.3,14.5,7,-2.46,-4.45,1.99,2.0,2.8,49.0,26.0,53.1,14.0,6.0,42.9,138.0,45.0,32.6,21.0,10.0,31.0,10.0,0.0,7.0,17.0,40.0,36.0
EPG Baskets Koblenz,Alexander Möller,22,Alexander Möller,33,15.1,499.0,213.0,6.5,86.0,147.0,58.5,0.0,1.0,0,41.0,63.0,65.1,54.0,56.0,110.0,8.0,4.0,6.0,27.0,92.0,141.8,14.3,7.9,0.3,4.1,17,230.0,7.0,8.5,0,0.0,5,0,0.0,5.0,4,-5.02,-5.52,0.5,4.7,3.7,121.0,76.0,62.8,25.0,10.0,40,1.0,0.0,0,26.0,0.0,6.0,13.0,0.0,1.0,62.0,18.0,20.0
VfL SparkassenStars Bochum,Lars Kamp,7,Lars Kamp,33,23.3,767.4,187.0,5.7,61.0,194.0,31.4,45.0,165.0,27.3,20.0,28.0,71.4,13.0,48.0,61.0,45.0,52.0,4.0,28.0,83.0,212.5,14.5,7.2,1.7,2.3,95,282.0,8.5,10.8,6,0.6,18,6,14.5,20.6,10,-2.89,-6.34,3.45,2.2,4.5,20.0,13.0,65,9.0,3.0,33.3,165.0,45.0,27.3,8.0,11.0,18.0,7.0,0.0,1.0,18.0,44.0,44.0
Tigers Tübingen,Kaya Kaan Hakan Bayram,5,Kaya Kaan Hakan Bayram; Kaya Bayram,33,19.6,647.9,182.0,5.5,61.0,208.0,29.3,38.0,141.0,27,22.0,37.0,59.5,14.0,36.0,50.0,102.0,17.0,1.0,57.0,68.0,256.6,20.8,6.8,3.8,1.9,220,402.0,12.2,15.0,5,1.0,7,0,35.7,8.0,5,-6.58,-6.98,0.41,1.7,3.4,56.0,21.0,37.5,11.0,2.0,18.2,141.0,38.0,27,19.0,8.0,37.0,13.0,0.0,5.0,17.0,18.0,27.0
BG Göttingen,Robin Lodders,11,Robin Lodders,33,15.5,510.7,155.0,4.7,66.0,100.0,66,0.0,1.0,0,23.0,34.0,67.6,43.0,68.0,111.0,24.0,9.0,7.0,26.0,77.0,94.0,9.6,5.2,0.8,3.7,64,219.0,6.6,7.3,8,1.6,6,0,66.7,7.0,5,-0.06,-4.09,4.03,4.2,3.8,89.0,60.0,67.4,10.0,6.0,60,1.0,0.0,0,14.0,0.0,7.0,7.0,1.0,1.0,39.0,8.0,17.0
VfL SparkassenStars Bochum,Matthew Douglas Strange,12,Matthew Douglas Strange,33,9.0,298.2,86.0,2.6,28.0,86.0,32.6,24.0,76.0,31.6,6.0,6.0,100,7.0,15.0,22.0,9.0,3.0,0.0,13.0,41.0,90.9,16.0,3.3,0.3,0.8,22,108.0,3.3,4.1,0,0.0,5,0,0.0,6.0,5,-7.56,-7.34,-0.22,2.9,4.6,6.0,2.0,33.3,4.0,2.0,50,76.0,24.0,31.6,2.0,2.0,5.0,4.0,0.0,3.0,8.0,17.0,17.0
Artland Dragons,Dejan Bruce,13,Dejan Bruce,33,7.0,230.3,83.0,2.5,28.0,53.0,52.8,9.0,25.0,36,18.0,26.0,69.2,12.0,30.0,42.0,8.0,4.0,7.0,26.0,58.0,75.3,17.1,2.9,0.3,1.5,19,102.0,3.1,3.5,0,0,0,0,0,0.0,0,-5.87,-8.39,2.52,4.5,3.9,22.0,16.0,72.7,6.0,3.0,50,25.0,9.0,36,6.0,0.0,7.0,7.0,0.0,2.0,14.0,9.0,14.0
Eisbären Bremerhaven,Anton Meyer,9,Anton Meyer,33,5.2,173.0,32.0,1.0,12.0,40.0,30,8.0,24.0,33.3,0.0,0.0,0,7.0,8.0,15.0,8.0,4.0,0.0,12.0,22.0,43.2,13.6,1.0,0.3,0.5,15,47.0,1.4,1.5,0,0,0,0,0,0.0,0,-7.59,-8.22,0.63,2.8,5.0,13.0,4.0,30.8,3.0,0.0,0,24.0,8.0,33.3,2.0,2.0,3.0,6.0,0.0,3.0,6.0,7.0,2.0
EPG Baskets Koblenz,David Lars Gaspers,17,David Lars Gaspers,33,1.0,31.5,3.0,0.1,1.0,5.0,20,1.0,5.0,20,0.0,0.0,0,0.0,3.0,3.0,1.0,0.0,0.0,1.0,4.0,5.8,9.2,0.1,0.0,0.1,2,5.0,0.2,0.2,0,0,0,0,0,0.0,0,-10.1,-10.14,0.04,3.0,4.6,0.0,0.0,0,0.0,0.0,0,5.0,1.0,20,0.0,0.0,0.0,1.0,0.0,0.0,0.0,0.0,0.0
VfL SparkassenStars Bochum,Antonio Deshon Williams,1,Antonio Deshon Williams,32,28.1,897.8,539.0,16.8,207.0,412.0,50.2,21.0,74.0,28.4,104.0,148.0,70.3,22.0,74.0,96.0,121.0,57.0,6.0,67.0,88.0,501.2,29.3,20.7,4.6,3.7,264,803.0,25.1,30.8,31,3.4,27,4,53.9,34.8,9,2.3,-1.23,3.53,2.0,1.4,218.0,131.0,60.1,120.0,55.0,45.8,74.0,21.0,28.4,97.0,3.0,17.0,35.0,0.0,7.0,56.0,103.0,110.0
VfL SparkassenStars Bochum,Dravon Mangum,11,Dravon Mangum,32,23.6,755.5,385.0,12.0,131.0,264.0,49.6,29.0,100.0,29,94.0,124.0,75.8,50.0,92.0,142.0,32.0,21.0,20.0,41.0,98.0,297.2,20.7,14.8,1.2,5.4,71,456.0,14.2,17.5,47,3.6,30,25,57.3,43.0,13,-0.6,-2.88,2.27,4.7,2.9,145.0,95.0,65.5,19.0,7.0,36.8,100.0,29.0,29,46.0,1.0,11.0,15.0,0.0,5.0,54.0,67.0,87.0
Bozic Estriche Knights Kirchheim,Tyrel Maurice Morgan,11,Tyrel Maurice Morgan,32,24.1,769.7,278.0,8.7,107.0,231.0,46.3,15.0,62.0,24.2,49.0,79.0,62,87.0,99.0,186.0,40.0,31.0,14.0,34.0,45.0,204.2,13.8,8.2,1.2,5.5,88,366.0,11.4,10.8,19,2.7,13,9,56.0,17.0,7,1.57,-2.12,3.69,3.9,4.0,110.0,76.0,69.1,59.0,16.0,27.1,62.0,15.0,24.2,40.0,3.0,13.0,14.0,0.0,5.0,59.0,66.0,65.0
BG Göttingen,Janis Jünemann,20,Janis Jünemann,32,13.0,417.0,181.0,5.7,59.0,115.0,51.3,6.0,14.0,42.9,57.0,80.0,71.2,41.0,77.0,118.0,18.0,17.0,26.0,23.0,58.0,126.9,15.9,6.0,0.6,3.9,41,222.0,6.9,7.4,22,2.2,13,12,60.2,19.3,10,3.28,-2.24,5.52,5.0,3.6,95.0,53.0,55.8,6.0,0.0,0,14.0,6.0,42.9,12.0,0.0,9.0,10.0,1.0,0.0,29.0,29.0,24.0
Paderborn Baskets,Matej Silic,5,Matej Silic,32,14.5,463.4,160.0,5.0,53.0,149.0,35.6,18.0,65.0,27.7,36.0,48.0,75,9.0,51.0,60.0,29.0,6.0,0.0,34.0,54.0,187.3,21.4,6.2,1.1,2.3,55,215.0,6.7,8.3,10,2.0,8,2,56.3,11.9,5,-7.62,-7.53,-0.09,3.0,3.9,58.0,26.0,44.8,26.0,9.0,34.6,65.0,18.0,27.7,17.0,0.0,16.0,16.0,0.0,2.0,16.0,21.0,30.0
Artland Dragons,Robert Oehle,11,Robert Oehle,32,7.8,249.7,67.0,2.1,21.0,42.0,50,0.0,0.0,0,25.0,54.0,46.3,32.0,24.0,56.0,14.0,6.0,3.0,15.0,50.0,46.8,9.8,2.3,0.5,1.9,32,99.0,3.1,3.4,2,2.0,1,1,69.4,1.4,1,-4.51,-5.98,1.46,4.2,4.5,38.0,19.0,50,4.0,2.0,50,0.0,0.0,0,4.0,0.0,1.0,5.0,0.0,1.0,18.0,9.0,10.0
Nürnberg Falcons BC,Joscha Eckert,4,Joscha Eckert,32,6.0,193.1,34.0,1.1,11.0,31.0,35.5,8.0,20.0,40,4.0,6.0,66.7,3.0,12.0,15.0,10.0,11.0,1.0,13.0,32.0,41.9,11.4,1.3,0.4,0.6,20,54.0,1.7,2.1,0,0,0,0,0,0.0,0,-4.03,-8.43,4.4,2.4,4.6,10.0,3.0,30,1.0,0.0,0,20.0,8.0,40,2.0,1.0,6.0,5.0,0.0,1.0,7.0,6.0,2.0
Paderborn Baskets,Jonathan Klussmann,71,Jonathan Klussmann,31,26.6,823.7,582.0,18.8,162.0,394.0,41.1,48.0,166.0,28.9,210.0,232.0,90.5,11.0,62.0,73.0,118.0,14.0,1.0,102.0,86.0,563.6,36.2,22.5,4.6,2.8,233,815.0,26.3,31.5,42,3.2,26,26,56.1,47.4,13,0.32,0.29,0.03,1.9,1.0,166.0,85.0,51.2,62.0,29.0,46.8,166.0,48.0,28.9,66.0,20.0,39.0,43.0,0.0,6.0,64.0,111.0,84.0
VfL SparkassenStars Bochum,Myreon Lamar Jones JR,0,Myreon Lamar Jones JR,31,28.2,872.7,450.0,14.5,154.0,393.0,39.2,81.0,234.0,34.6,61.0,72.0,84.7,24.0,85.0,109.0,87.0,49.0,3.0,56.0,58.0,438.4,26.4,17.2,3.3,4.2,190,640.0,20.6,24.5,54,4.5,46,14,51.8,56.2,12,1.02,-1.34,2.36,2.4,2.6,98.0,49.0,50,61.0,24.0,39.3,234.0,81.0,34.6,33.0,28.0,26.0,17.0,0.0,11.0,46.0,88.0,99.0
Bayer Giants Leverkusen,Kobe Langley,8,Kobe Langley,31,31.0,962.2,406.0,13.1,136.0,327.0,41.6,88.0,227.0,38.8,46.0,75.0,61.3,17.0,78.0,95.0,150.0,73.0,1.0,72.0,79.0,398.4,22.3,16.0,5.9,3.7,325,731.0,23.6,28.8,44,3.1,48,22,38.1,59.7,14,2.68,-0.15,2.83,1.0,1.1,65.0,40.0,61.5,35.0,8.0,22.9,227.0,88.0,38.8,36.0,63.0,46.0,17.0,0.0,9.0,57.0,89.0,70.0
Bayer Giants Leverkusen,John Williams Jr,21,John Williams Jr,31,27.6,854.2,399.0,12.9,150.0,347.0,43.2,33.0,126.0,26.2,66.0,100.0,66,25.0,96.0,121.0,49.0,21.0,9.0,65.0,52.0,413.8,26.1,15.7,1.9,4.8,113,512.0,16.5,20.2,29,2.4,25,11,48.6,32.8,12,-3.91,-4.24,0.34,3.1,3.3,151.0,98.0,64.9,70.0,19.0,27.1,126.0,33.0,26.2,77.0,16.0,22.0,30.0,1.0,8.0,32.0,72.0,59.0
BBC Bayreuth,Lenny Liedtke,55,Lenny Liedtke,31,26.9,833.8,361.0,11.6,132.0,258.0,51.2,45.0,114.0,39.5,52.0,70.0,74.3,49.0,80.0,129.0,37.0,24.0,7.0,55.0,74.0,283.0,17.6,13.5,1.4,4.8,91,452.0,14.6,16.9,22,2.4,22,3,47.2,25.3,9,1.05,-1.77,2.82,3.3,3.1,122.0,80.0,65.6,22.0,7.0,31.8,114.0,45.0,39.5,32.0,8.0,25.0,17.0,0.0,3.0,49.0,43.0,28.0
Tigers Tübingen,Melkisedek Kwaku Moreaux,23,Melkisedek Kwaku Moreaux,31,24.1,745.8,354.0,11.4,125.0,235.0,53.2,7.0,13.0,53.8,97.0,137.0,70.8,53.0,126.0,179.0,38.0,27.0,4.0,42.0,74.0,272.9,19.2,13.2,1.4,6.7,95,449.0,14.5,16.7,19,2.7,11,10,61.7,15.4,7,0.09,-3.09,3.18,4.0,2.9,183.0,105.0,57.4,39.0,13.0,33.3,13.0,7.0,53.8,46.0,0.0,15.0,12.0,1.0,7.0,37.0,72.0,67.0
Paderborn Baskets,Jalen Lee Johnson,13,Jalen Lee Johnson,31,21.2,658.0,327.0,10.5,125.0,241.0,51.9,3.0,21.0,14.3,74.0,96.0,77.1,63.0,114.0,177.0,29.0,23.0,17.0,40.0,75.0,249.8,20.1,12.6,1.1,6.8,59,386.0,12.5,14.9,34,2.4,24,9,60.8,30.0,14,-0.21,-2.21,2.01,5.0,2.9,163.0,98.0,60.1,57.0,24.0,42.1,21.0,3.0,14.3,39.0,0.0,10.0,19.0,1.0,4.0,63.0,36.0,59.0
EPG Baskets Koblenz,Decorian Jeffries,0,Decorian Jeffries,31,23.5,727.9,319.0,10.3,125.0,276.0,45.3,33.0,108.0,30.6,36.0,52.0,69.2,36.0,148.0,184.0,50.0,37.0,17.0,52.0,64.0,302.3,21.0,11.8,1.8,6.8,121,440.0,14.2,16.2,16,1.5,13,4,54.2,19.8,11,0.22,-3.19,3.42,4.2,3.4,95.0,62.0,65.3,73.0,30.0,41.1,108.0,33.0,30.6,29.0,7.0,12.0,23.0,1.0,9.0,33.0,82.0,72.0
Uni Baskets Münster,Neil Masnic,8,Neil Masnic,31,23.5,729.4,268.0,8.6,97.0,222.0,43.7,53.0,138.0,38.4,21.0,28.0,75,20.0,94.0,114.0,17.0,18.0,15.0,39.0,56.0,243.2,18.0,10.5,0.7,4.5,41,309.0,10.0,12.1,24,3.4,20,7,52.0,25.1,7,-1.83,-3.27,1.44,3.6,3.6,66.0,37.0,56.1,18.0,7.0,38.9,138.0,53.0,38.4,19.0,3.0,13.0,17.0,1.0,4.0,48.0,32.0,30.0
Bayer Giants Leverkusen,Luca Finn Kahl,3,Luca Finn Kahl,31,23.0,713.1,177.0,5.7,54.0,135.0,40,24.0,80.0,30,45.0,58.0,77.6,27.0,51.0,78.0,42.0,28.0,1.0,44.0,82.0,170.4,12.9,7.0,1.7,3.1,101,278.0,9.0,10.9,12,1.0,14,6,36.1,16.6,12,-3.97,-5.74,1.77,2.5,3.8,43.0,27.0,62.8,12.0,3.0,25,80.0,24.0,30,22.0,3.0,12.0,18.0,1.0,7.0,18.0,39.0,24.0
Artland Dragons,Fynn Lastring,16,Fynn Lastring,31,14.7,454.2,163.0,5.3,64.0,130.0,49.2,23.0,55.0,41.8,12.0,15.0,80,25.0,52.0,77.0,17.0,4.0,10.0,10.0,55.0,116.7,13.4,5.7,0.6,2.7,40,203.0,6.5,7.1,26,3.2,13,4,88.1,14.8,8,-0.25,-1.86,1.61,4.2,4.1,53.0,29.0,54.7,22.0,12.0,54.5,55.0,23.0,41.8,8.0,2.0,2.0,4.0,0.0,0.0,27.0,18.0,31.0
VfL SparkassenStars Bochum,Aurel Bucur,6,Aurel Bucur,31,1.6,48.8,10.0,0.3,3.0,13.0,23.1,1.0,10.0,10,3.0,3.0,100,0.0,4.0,4.0,0.0,0.0,0.0,2.0,10.0,15.7,16.9,0.4,0.0,0.2,0,10.0,0.3,0.4,0,0,0,0,0,0.0,0,-15.43,-14.29,-1.15,3.2,5.0,3.0,2.0,66.7,0.0,0.0,0,10.0,1.0,10,0.0,0.0,0.0,2.0,0.0,0.0,0.0,0.0,3.0
VfL SparkassenStars Bochum,Niklas Geske,4,Niklas Geske,30,25.6,769.3,376.0,12.5,116.0,262.0,44.3,47.0,138.0,34.1,97.0,126.0,77,11.0,69.0,80.0,157.0,45.0,3.0,49.0,48.0,341.2,23.3,14.4,6.0,3.1,295,671.0,22.4,25.7,38,4.2,21,19,64.7,33.4,9,4.44,1.13,3.31,1.3,1.0,105.0,64.0,61,19.0,5.0,26.3,138.0,47.0,34.1,42.0,31.0,35.0,7.0,0.0,5.0,46.0,106.0,95.0
PS Karlsruhe LIONS,David Allan Cohn,34,David Allan Cohn,30,18.5,555.0,199.0,6.6,64.0,152.0,42.1,48.0,113.0,42.5,23.0,30.0,76.7,3.0,36.0,39.0,99.0,17.0,1.0,43.0,63.0,197.0,18.6,7.0,3.5,1.4,225,424.0,14.1,15.0,12,2.0,6,3,82.0,7.3,6,-0.77,-2.22,1.45,1.2,1.4,15.0,5.0,33.3,24.0,11.0,45.8,113.0,48.0,42.5,5.0,22.0,23.0,14.0,0.0,4.0,23.0,48.0,31.0
RheinStars Köln,Justin Onyejiaka,22,Justin Onyejiaka,30,14.8,442.6,181.0,6.0,68.0,163.0,41.7,9.0,43.0,20.9,36.0,53.0,67.9,19.0,61.0,80.0,20.0,9.0,4.0,24.0,51.0,183.7,22.1,7.1,0.8,3.1,43,224.0,7.5,8.8,6,2.0,5,0,60.0,6.0,3,-4.34,-5.6,1.26,3.7,4.0,94.0,54.0,57.4,26.0,5.0,19.2,43.0,9.0,20.9,38.0,0.0,9.0,7.0,0.0,3.0,26.0,40.0,40.0
Nürnberg Falcons BC,Lars Lagerpusch,44,Lars Lagerpusch,30,11.1,332.7,135.0,4.5,52.0,93.0,55.9,0.0,2.0,0,31.0,44.0,70.5,11.0,36.0,47.0,18.0,5.0,5.0,29.0,57.0,125.1,19.8,5.2,0.7,1.8,42,177.0,5.9,6.8,4,1.3,4,2,41.0,5.9,3,-4.93,-7.82,2.89,3.7,3.5,67.0,45.0,67.2,24.0,7.0,29.2,2.0,0.0,0,10.0,0.0,8.0,11.0,1.0,1.0,16.0,6.0,14.0
RheinStars Köln,Zachary Richard Watson,4,Zachary Richard Watson,30,12.3,368.2,118.0,3.9,45.0,90.0,50,17.0,46.0,37,11.0,16.0,68.8,20.0,52.0,72.0,11.0,9.0,2.0,14.0,34.0,87.4,12.6,4.6,0.4,2.8,28,146.0,4.9,5.7,8,2.0,3,2,103.1,4.9,4,-0.23,-2.48,2.25,3.7,3.9,34.0,24.0,70.6,10.0,4.0,40,46.0,17.0,37,12.0,1.0,7.0,7.0,0.0,0.0,21.0,20.0,21.0
VfL SparkassenStars Bochum,Kilian Dietz,8,Kilian Dietz,30,15.6,466.5,87.0,2.9,37.0,67.0,55.2,0.0,0.0,0,13.0,22.0,59.1,23.0,75.0,98.0,30.0,35.0,11.0,14.0,94.0,65.0,7.3,3.3,1.1,3.8,65,152.0,5.1,5.8,4,1.3,6,2,29.1,6.9,3,-0.88,-6.99,6.1,4.3,4.1,58.0,34.0,58.6,9.0,3.0,33.3,0.0,0.0,0,14.0,0.0,7.0,4.0,0.0,0.0,19.0,12.0,32.0
RheinStars Köln,Timothy Nehemiah Davis,11,Timothy Nehemiah Davis,30,6.4,191.3,65.0,2.2,23.0,69.0,33.3,16.0,49.0,32.7,3.0,7.0,42.9,10.0,22.0,32.0,15.0,9.0,0.0,4.0,19.0,63.4,17.6,2.5,0.6,1.3,37,102.0,3.4,4.0,1,1.0,2,2,17.4,2.9,1,0.17,-2.32,2.49,2.6,3.9,7.0,3.0,42.9,13.0,4.0,30.8,49.0,16.0,32.7,2.0,1.0,1.0,3.0,0.0,0.0,7.0,17.0,13.0
BG Göttingen,Joshua Haase,7,Joshua Haase,30,1.3,37.7,11.0,0.4,5.0,14.0,35.7,1.0,6.0,16.7,0.0,3.0,0,0.0,1.0,1.0,3.0,1.0,0.0,4.0,3.0,18.5,25.7,0.4,0.1,0.0,8,19.0,0.6,0.6,0,0,0,0,0,0.0,0,-11.06,-10.79,-0.27,2.4,4.4,6.0,4.0,66.7,2.0,0.0,0,6.0,1.0,16.7,3.0,0.0,0.0,1.0,0.0,3.0,2.0,0.0,0.0
PS Karlsruhe LIONS,Isaiah Rayshaud Hart,4,Isaiah Rayshaud Hart,29,29.4,852.1,462.0,15.9,163.0,365.0,44.7,45.0,131.0,34.4,91.0,111.0,82,6.0,41.0,47.0,124.0,20.0,0.0,54.0,71.0,443.4,27.3,16.3,4.4,1.7,264,726.0,25.0,25.6,40,2.7,41,22,39.5,53.7,15,0.02,-0.8,0.81,1.3,1.3,111.0,51.0,45.9,123.0,67.0,54.5,131.0,45.0,34.4,45.0,21.0,26.0,22.0,0.0,5.0,35.0,89.0,60.0
HAKRO Merlins Crailsheim,Vincent Malik Shahid,99,Vincent Malik Shahid,29,18.9,548.1,364.0,12.6,108.0,268.0,40.3,60.0,158.0,38,88.0,106.0,83,7.0,36.0,43.0,69.0,22.0,1.0,34.0,75.0,328.0,31.2,12.2,2.3,1.4,173,537.0,18.5,17.9,29,2.9,21,8,59.1,25.5,10,5.33,1.25,4.08,1.9,1.6,81.0,41.0,50.6,29.0,7.0,24.1,158.0,60.0,38,37.0,22.0,21.0,6.0,1.0,2.0,54.0,64.0,59.0
PS Karlsruhe LIONS,Kilian Binapfl,12,Kilian Binapfl,29,25.8,747.5,320.0,11.0,125.0,231.0,54.1,19.0,68.0,27.9,51.0,84.0,60.7,27.0,106.0,133.0,47.0,26.0,10.0,51.0,66.0,280.3,19.7,11.3,1.7,4.7,118,438.0,15.1,15.5,16,2.7,9,4,74.3,12.8,6,-0.21,-3.59,3.37,3.4,2.8,147.0,100.0,68,16.0,6.0,37.5,68.0,19.0,27.9,45.0,3.0,20.0,23.0,0.0,3.0,42.0,66.0,76.0
RheinStars Köln,Michael Jordan Miller,23,Michael Jordan Miller,29,26.9,781.2,296.0,10.2,104.0,254.0,40.9,32.0,107.0,29.9,56.0,72.0,77.8,49.0,111.0,160.0,82.0,31.0,10.0,77.0,72.0,301.1,20.5,11.6,3.2,6.3,182,478.0,16.5,18.7,30,3.0,24,6,56.3,32.6,10,-0.78,-3.5,2.72,3.2,2.8,122.0,62.0,50.8,25.0,10.0,40,107.0,32.0,29.9,59.0,19.0,38.0,31.0,0.0,6.0,49.0,44.0,51.0
EPG Baskets Koblenz,Aleksa Kovacevic,4,Aleksa Kovacevic,29,18.9,548.5,275.0,9.5,92.0,242.0,38,17.0,69.0,24.6,74.0,104.0,71.2,23.0,55.0,78.0,86.0,29.0,2.0,57.0,69.0,308.9,28.4,10.1,3.2,2.9,184,459.0,15.8,16.9,8,1.3,8,3,42.9,11.3,6,-2.99,-4.72,1.73,2.0,2.5,108.0,52.0,48.1,65.0,23.0,35.4,69.0,17.0,24.6,41.0,10.0,30.0,18.0,0.0,5.0,28.0,79.0,51.0
Bayer Giants Leverkusen,Calin Nita,24,Calin Nita,29,3.2,91.5,11.0,0.4,3.0,16.0,18.8,2.0,12.0,16.7,3.0,3.0,100,4.0,0.0,4.0,11.0,0.0,0.0,6.0,8.0,18.5,10.9,0.4,0.4,0.2,28,39.0,1.3,1.5,1,1.0,0,1,113.6,1.4,1,-9.19,-7.27,-1.92,2.0,3.7,3.0,0.0,0,1.0,1.0,100,12.0,2.0,16.7,0.0,0.0,4.0,2.0,0.0,0.0,2.0,3.0,1.0
Paderborn Baskets,Efosa K Irobun Osawe,0,Efosa K Irobun Osawe,28,27.1,758.8,438.0,15.6,151.0,302.0,50,13.0,39.0,33.3,123.0,142.0,86.6,68.0,135.0,203.0,42.0,25.0,1.0,41.0,39.0,324.0,22.6,16.9,1.6,7.8,102,540.0,19.3,20.8,54,4.5,34,13,68.0,41.7,12,2.92,1.25,1.67,4.1,2.1,193.0,113.0,58.5,70.0,25.0,35.7,39.0,13.0,33.3,67.0,7.0,9.0,27.0,0.0,2.0,73.0,77.0,85.0
Bozic Estriche Knights Kirchheim,Phillip Montreal Russelll,1,Phillip Montreal Russelll,28,26.4,739.1,435.0,15.5,131.0,293.0,44.7,75.0,178.0,42.1,98.0,122.0,80.3,15.0,38.0,53.0,103.0,32.0,1.0,55.0,72.0,371.2,26.2,12.8,3.0,1.6,335,770.0,27.5,22.7,47,4.3,32,15,60.9,42.6,11,5.27,1.79,3.48,1.4,1.0,64.0,38.0,59.4,51.0,18.0,35.3,178.0,75.0,42.1,28.0,28.0,27.0,18.0,0.0,3.0,42.0,98.0,91.0
RheinStars Köln,Cedric Cezell Russell Jr,0,Cedric Cezell Russell Jr,28,28.7,804.7,430.0,15.4,154.0,335.0,46,83.0,203.0,40.9,39.0,47.0,83,14.0,69.0,83.0,61.0,21.0,0.0,46.0,54.0,372.2,24.6,16.8,2.4,3.2,151,581.0,20.8,22.7,57,4.4,35,14,69.2,46.2,13,2.4,0.97,1.43,2.2,2.1,61.0,33.0,54.1,71.0,38.0,53.5,203.0,83.0,40.9,31.0,50.0,19.0,17.0,0.0,6.0,28.0,62.0,67.0
VfL SparkassenStars Bochum,Malek Green,22,Malek Green,28,18.8,525.6,325.0,11.6,133.0,265.0,50.2,6.0,32.0,18.8,53.0,82.0,64.6,44.0,106.0,150.0,18.0,7.0,6.0,37.0,58.0,282.3,28.2,12.5,0.7,5.7,42,367.0,13.1,14.1,13,2.6,10,3,57.4,11.3,5,-3.64,-3.87,0.23,5.0,3.1,198.0,114.0,57.6,35.0,13.0,37.1,32.0,6.0,18.8,51.0,3.0,3.0,21.0,0.0,5.0,54.0,38.0,60.0
Paderborn Baskets,Branden Michael Maughmer,2,Branden Michael Maughmer,28,25.7,720.4,287.0,10.2,110.0,286.0,38.5,27.0,88.0,30.7,40.0,53.0,75.5,16.0,69.0,85.0,124.0,29.0,0.0,55.0,43.0,334.4,24.6,11.1,4.8,3.3,252,539.0,19.2,20.8,27,2.7,29,11,39.9,39.8,10,-2.37,-2.99,0.63,1.5,2.1,93.0,44.0,47.3,105.0,39.0,37.1,88.0,27.0,30.7,31.0,15.0,31.0,19.0,0.0,4.0,24.0,50.0,69.0
SBB Baskets ,Martin Bogdanov,6,Martin Bogdanov,28,26.3,737.2,238.0,8.5,80.0,213.0,37.6,23.0,80.0,28.7,55.0,80.0,68.8,14.0,49.0,63.0,160.0,18.0,0.0,73.0,76.0,294.9,21.0,11.1,7.4,2.9,315,553.0,19.8,25.7,35,2.5,34,17,42.2,50.5,14,-4.05,-4.5,0.45,1.0,1.7,120.0,54.0,45,13.0,3.0,23.1,80.0,23.0,28.7,54.0,16.0,33.0,33.0,0.0,1.0,17.0,24.0,52.0
Uni Baskets Münster,Cosmo Grühn,22,Cosmo Grühn,28,19.6,548.8,205.0,7.3,70.0,166.0,42.2,41.0,112.0,36.6,24.0,26.0,92.3,18.0,70.0,88.0,18.0,16.0,3.0,17.0,33.0,169.4,16.7,8.1,0.7,3.5,45,250.0,8.9,9.8,18,2.6,16,2,53.3,17.9,7,-0.18,-1.68,1.5,3.1,3.4,31.0,18.0,58.1,23.0,11.0,47.8,112.0,41.0,36.6,8.0,3.0,11.0,4.0,0.0,1.0,21.0,29.0,31.0
SBB Baskets ,Trey Thompson Stewart,1,Trey Thompson Stewart,28,18.8,527.6,170.0,6.1,54.0,151.0,35.8,16.0,71.0,22.5,46.0,57.0,80.7,32.0,47.0,79.0,25.0,33.0,16.0,31.0,68.0,168.1,16.7,7.9,1.2,3.7,62,232.0,8.3,10.8,13,1.6,13,4,44.0,16.8,8,-0.79,-5.53,4.74,3.1,4.3,58.0,30.0,51.7,22.0,8.0,36.4,71.0,16.0,22.5,21.0,1.0,15.0,11.0,0.0,1.0,34.0,55.0,46.0
SBB Baskets ,Alieu Ceesay,28,Alieu Ceesay,28,20.8,581.0,126.0,4.5,43.0,113.0,38.1,10.0,41.0,24.4,30.0,44.0,68.2,32.0,56.0,88.0,23.0,15.0,3.0,26.0,69.0,121.3,11.0,5.9,1.1,4.1,58,184.0,6.6,8.6,9,1.1,12,5,31.7,14.2,8,-3.84,-6.72,2.88,3.2,4.7,63.0,31.0,49.2,9.0,2.0,22.2,41.0,10.0,24.4,15.0,0.0,12.0,8.0,0.0,2.0,28.0,16.0,15.0
Paderborn Baskets,Leonard Kröger,26,Leonard Kröger,28,9.9,276.7,67.0,2.4,24.0,49.0,49,0.0,1.0,0,19.0,24.0,79.2,31.0,37.0,68.0,9.0,7.0,7.0,13.0,52.0,39.9,7.6,2.6,0.3,2.6,20,87.0,3.1,3.4,2,1.0,1,2,53.2,1.9,2,-4.61,-6.38,1.78,5.0,4.3,41.0,22.0,53.7,7.0,2.0,28.6,1.0,0.0,0,5.0,0.0,3.0,2.0,1.0,1.0,12.0,8.0,9.0
BBC Bayreuth,Louis Nauthon,51,Louis Nauthon,28,7.3,204.0,42.0,1.5,14.0,46.0,30.4,3.0,30.0,10,11.0,16.0,68.8,6.0,8.0,14.0,13.0,7.0,0.0,15.0,49.0,59.6,15.1,1.6,0.5,0.5,26,68.0,2.4,2.5,2,0.7,3,2,25.8,3.9,3,-8.98,-11.36,2.39,2.3,4.7,16.0,11.0,68.8,0.0,0.0,0,30.0,3.0,10,10.0,0.0,8.0,4.0,1.0,1.0,10.0,5.0,6.0
PS Karlsruhe LIONS,Pavle Pisic,8,Pavle Pisic,28,4.8,133.4,31.0,1.1,11.0,43.0,25.6,4.0,23.0,17.4,5.0,7.0,71.4,3.0,7.0,10.0,9.0,7.0,1.0,6.0,25.0,47.1,18.5,1.1,0.3,0.4,20,51.0,1.8,1.8,2,2.0,2,0,50.0,2.0,1,-8.55,-10.79,2.24,2.3,4.6,11.0,6.0,54.5,9.0,1.0,11.1,23.0,4.0,17.4,3.0,1.0,2.0,3.0,0.0,1.0,4.0,2.0,5.0
SBB Baskets ,Daivien Latrell Williamson,7,Daivien Latrell Williamson,27,27.5,743.0,450.0,16.7,156.0,358.0,43.6,60.0,164.0,36.6,78.0,95.0,82.1,7.0,55.0,62.0,71.0,18.0,0.0,75.0,37.0,449.1,31.8,20.9,3.3,2.9,158,608.0,22.5,28.3,65,5.4,42,15,66.9,56.6,12,-0.18,-1.18,1.01,1.9,1.9,128.0,72.0,56.2,66.0,24.0,36.4,164.0,60.0,36.6,61.0,37.0,20.0,41.0,1.0,8.0,40.0,111.0,69.0
Nürnberg Falcons BC,Brandton Dean Chatfield,33,Brandton Dean Chatfield,27,23.1,623.7,346.0,12.8,134.0,224.0,59.8,9.0,23.0,39.1,69.0,95.0,72.6,71.0,82.0,153.0,20.0,11.0,18.0,56.0,91.0,240.8,20.4,13.4,0.8,5.9,51,397.0,14.7,15.3,23,2.1,18,2,60.9,22.9,11,-0.84,-3.24,2.41,5.0,2.7,177.0,116.0,65.5,24.0,9.0,37.5,23.0,9.0,39.1,38.0,0.0,10.0,27.0,1.0,5.0,74.0,31.0,67.0
PS Karlsruhe LIONS,Maurice Marko Pluskota,23,Maurice Marko Pluskota,27,26.4,712.0,337.0,12.5,105.0,251.0,41.8,25.0,75.0,33.3,102.0,144.0,70.8,69.0,114.0,183.0,52.0,14.0,20.0,53.0,73.0,286.4,21.1,11.9,1.8,6.5,123,460.0,17.0,16.3,25,2.5,13,18,59.8,22.9,10,-0.36,-2.75,2.39,4.6,2.9,158.0,75.0,47.5,18.0,5.0,27.8,75.0,25.0,33.3,36.0,3.0,14.0,22.0,1.0,2.0,64.0,37.0,53.0
SBB Baskets ,Michael Hughes II,91,Michael Hughes II,27,23.3,630.0,332.0,12.3,105.0,184.0,57.1,11.0,34.0,32.4,111.0,152.0,73,47.0,163.0,210.0,46.0,34.0,49.0,62.0,94.0,255.2,21.3,15.4,2.1,9.8,104,436.0,16.1,20.3,30,2.5,15,18,65.4,28.9,12,5.9,-1.8,7.7,5.0,1.9,133.0,91.0,68.4,17.0,3.0,17.6,34.0,11.0,32.4,36.0,0.0,17.0,25.0,0.0,2.0,66.0,56.0,79.0
RheinStars Köln,Haris Hujic,10,Haris Hujic,27,19.3,521.2,283.0,10.5,77.0,212.0,36.3,57.0,163.0,35,72.0,91.0,79.1,4.0,41.0,45.0,62.0,23.0,1.0,45.0,67.0,281.3,28.7,11.1,2.4,1.8,145,428.0,15.9,16.7,30,2.3,16,26,54.7,32.4,13,0.88,-0.87,1.75,1.6,1.7,30.0,17.0,56.7,19.0,3.0,15.8,163.0,57.0,35,17.0,29.0,28.0,11.0,0.0,6.0,11.0,39.0,63.0
SBB Baskets ,Fabien Kondo,34,Fabien Kondo,27,17.5,473.8,150.0,5.6,52.0,96.0,54.2,0.0,3.0,0,46.0,66.0,69.7,43.0,82.0,125.0,26.0,9.0,8.0,31.0,69.0,108.5,12.0,7.0,1.2,5.8,59,209.0,7.7,9.7,10,1.7,5,10,53.2,12.4,6,-1.68,-5.24,3.55,4.5,3.6,88.0,52.0,59.1,5.0,0.0,0,3.0,0.0,0,13.0,0.0,9.0,15.0,0.0,1.0,30.0,20.0,24.0
RheinStars Köln,Maximilian Begue,9,Maximilian Begue,27,18.1,489.1,135.0,5.0,50.0,121.0,41.3,12.0,44.0,27.3,23.0,31.0,74.2,22.0,54.0,76.0,33.0,20.0,1.0,31.0,40.0,137.9,15.0,5.3,1.3,3.0,74,209.0,7.7,8.2,5,1.0,7,1,33.6,9.4,5,-2.3,-4.81,2.51,2.7,3.9,54.0,30.0,55.6,23.0,8.0,34.8,44.0,12.0,27.3,18.0,2.0,13.0,14.0,0.0,4.0,24.0,44.0,32.0
EPG Baskets Koblenz,Jannis Sonnefeld,14,Jannis Sonnefeld,27,14.6,393.8,130.0,4.8,42.0,101.0,41.6,8.0,39.0,20.5,38.0,55.0,69.1,28.0,54.0,82.0,15.0,14.0,10.0,23.0,85.0,115.4,14.8,4.8,0.6,3.0,38,168.0,6.2,6.2,19,3.2,11,8,65.4,14.5,6,-5.03,-7.64,2.6,4.4,4.3,56.0,32.0,57.1,6.0,2.0,33.3,39.0,8.0,20.5,10.0,0.0,5.0,10.0,0.0,3.0,20.0,27.0,31.0
Paderborn Baskets,Tom Brüggemann,7,Tom Brüggemann,27,6.8,182.4,42.0,1.6,16.0,48.0,33.3,4.0,16.0,25,6.0,8.0,75,3.0,9.0,12.0,22.0,10.0,2.0,16.0,23.0,61.9,18.0,1.6,0.8,0.5,45,87.0,3.2,3.4,0,0,0,0,0,0.0,0,-6.12,-7.94,1.83,1.8,3.7,11.0,5.0,45.5,21.0,7.0,33.3,16.0,4.0,25,4.0,1.0,7.0,8.0,0.0,1.0,4.0,9.0,10.0
Uni Baskets Münster,Nicholas Khalil Mc Mullen,4,Nicholas Khalil Mc Mullen,26,27.5,715.5,368.0,14.2,142.0,277.0,51.3,17.0,43.0,39.5,67.0,100.0,67,83.0,165.0,248.0,15.0,12.0,12.0,82.0,77.0,307.2,23.2,14.5,0.6,9.7,29,397.0,15.3,15.6,36,5.1,23,14,61.7,33.2,7,-4.02,-4.03,0.01,5.0,3.0,186.0,109.0,58.6,48.0,16.0,33.3,43.0,17.0,39.5,58.0,5.0,13.0,44.0,3.0,4.0,82.0,27.0,44.0
Paderborn Baskets,Aaron Kayser,22,Aaron Kayser,26,18.0,469.0,136.0,5.2,63.0,117.0,53.8,0.0,1.0,0,10.0,45.0,22.2,43.0,73.0,116.0,14.0,5.0,11.0,28.0,52.0,116.9,13.2,5.3,0.5,4.5,29,165.0,6.3,6.4,0,0.0,4,0,0.0,4.0,4,-5.7,-6.25,0.55,5.0,4.4,112.0,62.0,55.4,4.0,1.0,25,1.0,0.0,0,13.0,0.0,6.0,13.0,1.0,1.0,39.0,14.0,21.0
Tigers Tübingen,Isaiah Jevon Sanders,10,Isaiah Jevon Sanders,25,17.1,428.7,240.0,9.6,76.0,165.0,46.1,39.0,97.0,40.2,49.0,60.0,81.7,14.0,27.0,41.0,24.0,20.0,3.0,24.0,60.0,193.3,23.6,9.0,0.9,1.5,49,289.0,11.6,10.8,14,2.8,8,2,78.8,9.9,5,2.08,-1.29,3.36,2.5,2.3,46.0,24.0,52.2,22.0,13.0,59.1,97.0,39.0,40.2,13.0,7.0,16.0,3.0,0.0,3.0,14.0,55.0,65.0
PS Karlsruhe LIONS,Joshua Olenyi,2,Joshua Olenyi,25,3.9,97.9,8.0,0.3,4.0,7.0,57.1,0.0,0.0,0,0.0,4.0,0,7.0,15.0,22.0,9.0,5.0,8.0,5.0,20.0,6.5,3.5,0.3,0.3,0.8,17,25.0,1.0,0.9,0,0,0,0,0,0.0,0,0.2,-7.48,7.68,4.4,4.2,7.0,4.0,57.1,0.0,0.0,0,0.0,0.0,0,0.0,0.0,1.0,2.0,0.0,0.0,0.0,0.0,4.0
Bozic Estriche Knights Kirchheim,Neil Schwanenberg,2,Neil Schwanenberg,25,0.3,8.5,3.0,0.1,1.0,3.0,33.3,0.0,1.0,0,1.0,4.0,25,0.0,1.0,1.0,0.0,1.0,0.0,2.0,0.0,6.5,39.7,0.1,0.0,0.0,0,3.0,0.1,0.1,0,0,0,0,0,0.0,0,-17.31,-18.18,0.87,2.8,4.3,1.0,1.0,100,1.0,0.0,0,1.0,0.0,0,0.0,0.0,0.0,2.0,0.0,0.0,1.0,2.0,1.0
EPG Baskets Koblenz,Timothy Smith,5,Timothy Smith,24,23.6,565.2,337.0,14.0,122.0,227.0,53.7,47.0,99.0,47.5,46.0,51.0,90.2,47.0,45.0,92.0,23.0,7.0,10.0,35.0,76.0,227.9,20.4,12.4,0.8,3.4,55,392.0,16.3,14.4,29,4.1,15,5,84.3,18.2,7,1.73,0.46,1.27,3.9,2.1,68.0,45.0,66.2,60.0,30.0,50,99.0,47.0,47.5,22.0,8.0,7.0,24.0,0.0,3.0,58.0,50.0,41.0
GIESSEN 46ers,Viktor Kovacevic,25,Viktor Kovacevic,24,25.3,606.8,249.0,10.4,99.0,198.0,50,15.0,53.0,28.3,36.0,62.0,58.1,42.0,105.0,147.0,41.0,13.0,13.0,43.0,54.0,217.2,18.7,7.5,1.2,4.4,91,340.0,14.2,10.3,9,1.3,13,4,30.5,17.8,7,1.29,-2.8,4.1,4.6,3.3,129.0,74.0,57.4,16.0,10.0,62.5,53.0,15.0,28.3,31.0,0.0,18.0,13.0,0.0,3.0,22.0,43.0,39.0
BBC Bayreuth,Nat Diallo,8,Nat Diallo,24,22.3,535.3,219.0,9.1,86.0,164.0,52.4,3.0,15.0,20,44.0,71.0,62,41.0,82.0,123.0,28.0,18.0,17.0,62.0,86.0,207.6,20.1,8.2,1.0,4.6,60,279.0,11.6,10.4,17,1.9,15,8,45.9,22.5,9,-3.1,-6.92,3.82,4.5,3.4,128.0,80.0,62.5,21.0,3.0,14.3,15.0,3.0,20,28.0,1.0,20.0,14.0,0.0,3.0,35.0,31.0,34.0
SBB Baskets ,De'Vondre Malik Perry,4,De'Vondre Malik Perry,23,27.8,638.3,281.0,12.2,107.0,229.0,46.7,31.0,86.0,36,36.0,49.0,73.5,21.0,94.0,115.0,31.0,30.0,6.0,40.0,47.0,258.8,21.3,13.1,1.4,5.3,69,350.0,15.2,16.3,12,1.2,12,5,42.3,15.2,10,0.75,-3.15,3.9,3.1,3.4,80.0,51.0,63.7,63.0,25.0,39.7,86.0,31.0,36,30.0,3.0,16.0,12.0,0.0,6.0,27.0,63.0,50.0
Eisbären Bremerhaven,Lorenz Brenneke,11,Lorenz Brenneke,23,20.9,479.8,255.0,11.1,104.0,169.0,61.5,2.0,7.0,28.6,45.0,84.0,53.6,50.0,74.0,124.0,22.0,14.0,8.0,34.0,67.0,182.4,20.6,8.0,0.7,3.9,55,310.0,13.5,9.7,20,1.8,15,14,47.3,22.2,11,-0.07,-2.42,2.34,5.0,3.1,146.0,96.0,65.8,16.0,6.0,37.5,7.0,2.0,28.6,22.0,1.0,7.0,14.0,1.0,1.0,48.0,32.0,50.0
EPG Baskets Koblenz,Devonte Jasai McCall,11,Devonte Jasai McCall,23,22.0,505.7,230.0,10.0,80.0,188.0,42.6,18.0,55.0,32.7,52.0,73.0,71.2,26.0,74.0,100.0,16.0,21.0,10.0,32.0,59.0,217.1,21.7,8.5,0.6,3.7,37,267.0,11.6,9.8,8,1.1,12,2,31.1,13.9,7,-3.07,-5.04,1.97,4.0,4.0,106.0,53.0,50,27.0,9.0,33.3,55.0,18.0,32.7,16.0,1.0,9.0,15.0,0.0,3.0,35.0,74.0,45.0
Tigers Tübingen,Patrick Etienne Fardy Emilien,15,Patrick Etienne Fardy Emilien,23,17.1,393.0,191.0,8.3,84.0,148.0,56.8,2.0,7.0,28.6,21.0,45.0,46.7,31.0,55.0,86.0,18.0,7.0,8.0,25.0,45.0,155.3,20.7,7.1,0.7,3.2,49,240.0,10.4,9.0,2,0.7,4,0,25.0,4.0,3,-2.13,-4.38,2.25,4.5,3.2,89.0,62.0,69.7,52.0,20.0,38.5,7.0,2.0,28.6,29.0,0.0,6.0,12.0,0.0,3.0,36.0,14.0,31.0
Tigers Tübingen,Till-Joscha Jönke,26,Till-Joscha Jönke,23,18.7,429.1,117.0,5.1,30.0,86.0,34.9,9.0,42.0,21.4,48.0,66.0,72.7,15.0,62.0,77.0,49.0,19.0,1.0,23.0,53.0,118.1,14.4,4.4,1.8,2.9,113,230.0,10.0,8.6,8,1.1,3,9,57.5,7.0,7,-1.84,-6.12,4.28,2.8,3.4,21.0,10.0,47.6,23.0,11.0,47.8,42.0,9.0,21.4,9.0,1.0,9.0,8.0,0.0,4.0,11.0,25.0,22.0
PS Karlsruhe LIONS,Mikal Dawson,22,Mikal Dawson,23,12.7,291.8,87.0,3.8,30.0,104.0,28.8,19.0,74.0,25.7,8.0,10.0,80,8.0,22.0,30.0,14.0,15.0,1.0,11.0,22.0,106.9,19.2,3.1,0.5,1.1,36,123.0,5.3,4.3,6,3.0,3,1,87.2,3.4,2,-4.19,-6.2,2.02,2.3,4.8,23.0,9.0,39.1,7.0,2.0,28.6,74.0,19.0,25.7,8.0,3.0,3.0,4.0,0.0,3.0,6.0,22.0,20.0
BBC Bayreuth,Willem Brandwijk,39,Willem Brandwijk,22,28.7,632.3,234.0,10.6,80.0,170.0,47.1,22.0,71.0,31,52.0,68.0,76.5,41.0,111.0,152.0,38.0,22.0,13.0,31.0,60.0,182.3,15.0,8.7,1.4,5.7,85,319.0,14.5,11.9,47,5.2,22,16,80.9,31.0,9,2.31,-1.93,4.24,4.2,3.3,85.0,55.0,64.7,14.0,3.0,21.4,71.0,22.0,31,19.0,0.0,11.0,8.0,0.0,4.0,47.0,33.0,41.0
Nürnberg Falcons BC,Carter Dean Whitt,2,Carter Dean Whitt,22,24.8,545.0,222.0,10.1,82.0,215.0,38.1,25.0,78.0,32.1,33.0,39.0,84.6,14.0,68.0,82.0,94.0,28.0,0.0,67.0,36.0,273.8,26.5,8.6,3.6,3.2,206,428.0,19.5,16.5,6,1.0,10,2,27.6,17.9,6,-2.3,-4.84,2.54,1.9,2.8,69.0,32.0,46.4,68.0,25.0,36.8,78.0,25.0,32.1,31.0,10.0,42.0,18.0,0.0,6.0,28.0,39.0,28.0
Artland Dragons,Ivan Volf,44,Ivan Volf,22,3.0,66.3,11.0,0.5,3.0,17.0,17.6,1.0,13.0,7.7,4.0,6.0,66.7,0.0,8.0,8.0,2.0,3.0,1.0,1.0,8.0,19.8,15.6,0.4,0.1,0.3,4,15.0,0.7,0.5,0,0.0,2,0,0.0,2.0,1,-8.04,-9.67,1.63,3.0,4.9,4.0,2.0,50,0.0,0.0,0,13.0,1.0,7.7,0.0,0.0,1.0,0.0,0.0,0.0,0.0,0.0,0.0
HAKRO Merlins Crailsheim,Xavier Trent Johnson,12,Xavier Trent Johnson,21,27.3,572.5,212.0,10.1,69.0,167.0,41.3,27.0,84.0,32.1,47.0,59.0,79.7,8.0,36.0,44.0,104.0,30.0,0.0,50.0,63.0,225.6,20.5,7.1,3.5,1.5,226,438.0,20.9,14.6,19,3.2,8,12,71.5,15.3,6,0.99,-3.02,4.02,1.2,2.1,62.0,35.0,56.5,21.0,7.0,33.3,84.0,27.0,32.1,28.0,12.0,23.0,11.0,0.0,8.0,23.0,54.0,46.0
Tigers Tübingen,Connor McDonald Nelson,21,Connor McDonald Nelson,21,7.9,166.7,56.0,2.7,18.0,54.0,33.3,14.0,46.0,30.4,6.0,8.0,75,7.0,13.0,20.0,5.0,5.0,2.0,6.0,9.0,54.3,17.1,2.1,0.2,0.7,10,66.0,3.1,2.5,3,3.0,1,0,150.0,1.0,1,-2.34,-3.89,1.55,3.2,4.4,4.0,3.0,75,4.0,1.0,25,46.0,14.0,30.4,1.0,1.0,2.0,1.0,0.0,3.0,3.0,7.0,6.0
SBB Baskets ,Nigel Pruitt,24,Nigel Pruitt,20,16.0,320.1,153.0,7.7,48.0,105.0,45.7,39.0,88.0,44.3,18.0,22.0,81.8,7.0,32.0,39.0,11.0,11.0,1.0,12.0,35.0,114.9,18.9,7.1,0.5,1.8,18,171.0,8.6,8.0,8,1.3,8,4,41.0,10.8,6,3.37,-0.13,3.5,2.8,2.8,11.0,6.0,54.5,6.0,3.0,50,88.0,39.0,44.3,5.0,4.0,5.0,4.0,0.0,1.0,24.0,14.0,16.0
RheinStars Köln,Hall B Elisias,34,Hall B Elisias,20,14.3,286.1,117.0,5.8,42.0,76.0,55.3,0.0,3.0,0,33.0,42.0,78.6,29.0,60.0,89.0,10.0,8.0,18.0,18.0,55.0,80.1,14.9,4.6,0.4,3.5,19,136.0,6.8,5.3,8,2.0,5,2,68.0,5.9,4,0.2,-3.97,4.17,5.0,3.4,65.0,40.0,61.5,8.0,2.0,25,3.0,0.0,0,15.0,0.0,3.0,6.0,0.0,2.0,26.0,7.0,29.0
Artland Dragons,Dominik Dolic,8,Dominik Dolic,20,12.4,248.4,114.0,5.7,39.0,102.0,38.2,17.0,56.0,30.4,19.0,33.0,57.6,2.0,22.0,24.0,39.0,12.0,1.0,28.0,29.0,136.8,28.8,4.0,1.4,0.8,86,200.0,10.0,6.9,2,0.5,4,0,25.0,4.0,4,-3.5,-4.46,0.96,1.8,3.2,29.0,16.0,55.2,17.0,6.0,35.3,56.0,17.0,30.4,15.0,11.0,11.0,13.0,0.0,4.0,11.0,33.0,28.0
BG Göttingen,Gaston Nguyen,13,Gaston Nguyen,20,1.5,30.5,3.0,0.1,1.0,6.0,16.7,1.0,4.0,25,0.0,0.0,0,0.0,1.0,1.0,1.0,0.0,0.0,2.0,4.0,7.7,13.1,0.1,0.0,0.0,3,6.0,0.3,0.2,0,0,0,0,0,0.0,0,-11.87,-11.83,-0.05,2.8,4.6,1.0,0.0,0,1.0,0.0,0,4.0,1.0,25,0.0,0.0,2.0,0.0,0.0,0.0,0.0,0.0,0.0
Paderborn Baskets,Erik Larsen,4,Erik Larsen,20,1.3,25.3,3.0,0.1,1.0,5.0,20,1.0,5.0,20,0.0,0.0,0,1.0,2.0,3.0,1.0,1.0,0.0,1.0,2.0,4.8,10.0,0.1,0.0,0.1,2,5.0,0.2,0.2,0,0,0,0,0,0.0,0,-7.13,-7.82,0.7,2.9,4.4,0.0,0.0,0,0.0,0.0,0,5.0,1.0,20,0.0,0.0,0.0,1.0,0.0,0.0,0.0,3.0,0.0
Nürnberg Falcons BC,Julius Wolf,16,Julius Wolf,19,20.9,396.2,173.0,9.1,62.0,128.0,48.4,28.0,74.0,37.8,21.0,24.0,87.5,25.0,58.0,83.0,57.0,22.0,1.0,26.0,35.0,134.0,17.8,6.7,2.2,3.2,117,290.0,15.3,11.2,22,3.7,14,2,73.9,18.9,6,5.95,0.7,5.24,2.8,2.0,42.0,33.0,78.6,12.0,1.0,8.3,74.0,28.0,37.8,20.0,6.0,14.0,8.0,0.0,2.0,31.0,31.0,31.0
GIESSEN 46ers,Adnan Arslanagic,4,Adnan Arslanagic,19,18.4,350.4,137.0,7.2,40.0,98.0,40.8,14.0,42.0,33.3,43.0,57.0,75.4,2.0,44.0,46.0,70.0,10.0,1.0,41.0,50.0,155.6,23.2,4.1,2.1,1.4,148,285.0,15.0,8.6,8,1.3,9,0,44.4,14.0,6,-0.71,-4.3,3.59,1.9,1.6,48.0,25.0,52.1,8.0,1.0,12.5,42.0,14.0,33.3,24.0,4.0,21.0,16.0,0.0,3.0,11.0,29.0,19.0
HAKRO Merlins Crailsheim,Maurice Stuckey,3,Maurice Stuckey,19,11.5,218.1,96.0,5.1,32.0,93.0,34.4,22.0,71.0,31,10.0,11.0,90.9,6.0,21.0,27.0,19.0,8.0,1.0,8.0,32.0,95.8,22.9,3.2,0.6,0.9,32,128.0,6.7,4.3,11,2.2,5,4,81.4,6.8,5,0.56,-3.32,3.89,2.7,3.6,18.0,10.0,55.6,4.0,0.0,0,71.0,22.0,31,4.0,1.0,5.0,2.0,0.0,0.0,7.0,13.0,16.0
PS Karlsruhe LIONS,Julian Albus,20,Julian Albus,19,14.1,268.2,65.0,3.4,22.0,48.0,45.8,15.0,32.0,46.9,6.0,7.0,85.7,8.0,30.0,38.0,15.0,6.0,1.0,12.0,43.0,52.9,10.3,2.3,0.5,1.3,39,104.0,5.5,3.7,6,3.0,2,0,150.0,3.0,2,-2.86,-5.91,3.05,3.2,3.8,10.0,5.0,50,6.0,2.0,33.3,32.0,15.0,46.9,3.0,3.0,7.0,3.0,0.0,2.0,9.0,10.0,5.0
SBB Baskets ,Benjamin Koppke,21,Benjamin Koppke,19,5.0,94.7,22.0,1.2,10.0,20.0,50,1.0,2.0,50,1.0,4.0,25,7.0,6.0,13.0,3.0,2.0,1.0,0.0,9.0,14.2,7.9,1.0,0.1,0.6,7,29.0,1.5,1.3,5,2.5,2,2,86.8,2.9,2,-1.11,-3.91,2.8,3.2,4.5,17.0,8.0,47.1,1.0,1.0,100,2.0,1.0,50,4.0,0.0,0.0,0.0,0.0,0.0,10.0,2.0,4.0
Eisbären Bremerhaven,Hendrik Warner,31,Hendrik Warner,18,22.0,396.4,146.0,8.1,52.0,100.0,52,1.0,4.0,25,41.0,64.0,64.1,19.0,66.0,85.0,19.0,8.0,1.0,17.0,45.0,121.1,16.6,4.6,0.6,2.7,47,193.0,10.7,6.1,14,2.8,10,5,57.4,14.2,5,-2.03,-4.43,2.4,4.1,4.0,92.0,50.0,54.3,4.0,1.0,25,4.0,1.0,25,9.0,0.0,4.0,5.0,0.0,0.0,14.0,12.0,22.0
EPG Baskets Koblenz,Garrett Hicks,10,Garrett Hicks,18,17.0,306.9,138.0,7.7,50.0,117.0,42.7,28.0,77.0,36.4,10.0,12.0,83.3,8.0,24.0,32.0,29.0,13.0,3.0,30.0,27.0,138.5,22.8,5.1,1.1,1.2,60,198.0,11.0,7.3,9,2.2,10,0,45.0,11.0,4,-1.18,-2.82,1.64,2.4,2.8,29.0,18.0,62.1,11.0,4.0,36.4,77.0,28.0,36.4,13.0,10.0,15.0,13.0,0.0,1.0,11.0,21.0,23.0
RheinStars Köln,Rupert Hennen,5,Rupert Hennen,18,14.7,264.4,86.0,4.8,30.0,83.0,36.1,14.0,44.0,31.8,12.0,13.0,92.3,5.0,22.0,27.0,28.0,10.0,1.0,19.0,25.0,98.6,19.8,3.4,1.1,1.1,62,148.0,8.2,5.8,4,2.0,2,2,69.4,2.9,2,-2.75,-4.52,1.77,2.0,3.3,16.0,6.0,37.5,23.0,10.0,43.5,44.0,14.0,31.8,5.0,3.0,17.0,1.0,0.0,1.0,16.0,21.0,14.0
VfL SparkassenStars Bochum,Marios Giotis,3,Marios Giotis,18,16.6,299.1,66.0,3.7,25.0,58.0,43.1,8.0,29.0,27.6,8.0,12.0,66.7,18.0,30.0,48.0,17.0,8.0,0.0,9.0,24.0,52.1,9.1,2.5,0.7,1.8,38,104.0,5.8,4.0,5,1.7,4,0,62.5,4.0,3,-3.0,-4.86,1.86,3.4,4.3,25.0,15.0,60,4.0,2.0,50,29.0,8.0,27.6,5.0,1.0,3.0,4.0,0.0,0.0,13.0,17.0,19.0
Uni Baskets Münster,Julian Lamont Larry,10,Julian Lamont Larry,17,24.1,409.5,209.0,12.3,70.0,187.0,37.4,18.0,62.0,29,51.0,65.0,78.5,9.0,26.0,35.0,61.0,24.0,1.0,56.0,49.0,252.1,33.2,8.2,2.4,1.4,149,358.0,21.1,14.1,17,3.4,20,9,35.5,26.0,5,-4.49,-4.51,0.02,1.0,1.6,88.0,41.0,46.6,37.0,11.0,29.7,62.0,18.0,29,38.0,14.0,27.0,13.0,0.0,10.0,16.0,40.0,36.0
BG Göttingen,Wesley Nelson Dreamer,35,Wesley Nelson Dreamer,17,22.3,378.8,184.0,10.8,67.0,146.0,45.9,40.0,93.0,43,10.0,25.0,40,23.0,79.0,102.0,27.0,7.0,5.0,20.0,28.0,147.8,20.4,6.1,0.9,3.4,66,250.0,14.7,8.3,20,2.0,20,4,46.0,27.8,10,4.56,1.05,3.52,4.4,3.2,44.0,25.0,56.8,9.0,2.0,22.2,93.0,40.0,43,9.0,1.0,9.0,10.0,0.0,0.0,33.0,19.0,29.0
HAKRO Merlins Crailsheim,Keyshaun Darrius Langley,2,Keyshaun Darrius Langley,17,20.5,349.1,161.0,9.5,56.0,156.0,35.9,27.0,98.0,27.6,22.0,27.0,81.5,8.0,15.0,23.0,48.0,21.0,2.0,19.0,50.0,171.7,25.6,5.4,1.6,0.8,96,257.0,15.1,8.6,10,2.0,11,5,37.9,15.2,5,1.29,-3.04,4.33,1.6,3.0,23.0,10.0,43.5,35.0,19.0,54.3,98.0,27.0,27.6,7.0,9.0,13.0,2.0,0.0,1.0,14.0,29.0,23.0
Bozic Estriche Knights Kirchheim,Lukas Werner Zerner,10,Lukas Werner Zerner,17,4.4,74.5,9.0,0.5,3.0,13.0,23.1,0.0,1.0,0,3.0,10.0,30,8.0,12.0,20.0,2.0,4.0,3.0,3.0,9.0,11.9,8.3,0.3,0.1,0.6,3,12.0,0.7,0.4,0,0,0,0,0,0.0,0,-4.42,-8.45,4.03,4.1,4.9,10.0,3.0,30,2.0,0.0,0,1.0,0.0,0,1.0,0.0,2.0,0.0,0.0,0.0,2.0,2.0,1.0
BBC Bayreuth,Moritz Plescher,6,Moritz Plescher,16,31.1,497.4,202.0,12.6,64.0,164.0,39,44.0,124.0,35.5,30.0,35.0,85.7,9.0,49.0,58.0,55.0,20.0,3.0,42.0,40.0,203.9,21.3,7.5,2.1,2.2,108,310.0,19.4,11.6,21,3.5,16,5,57.7,19.2,6,1.08,-1.98,3.05,2.1,2.6,26.0,14.0,53.8,14.0,6.0,42.9,124.0,44.0,35.5,5.0,9.0,25.0,13.0,0.0,1.0,23.0,34.0,38.0
Bayer Giants Leverkusen,Lok Lol Wur,4,Lok Lol Wur,16,24.5,391.9,173.0,10.8,59.0,137.0,43.1,20.0,66.0,30.3,35.0,42.0,83.3,27.0,50.0,77.0,14.0,24.0,25.0,29.0,41.0,151.2,20.8,6.8,0.6,3.0,28,201.0,12.6,7.9,15,2.1,14,4,47.6,17.8,7,1.21,-2.62,3.84,4.4,3.5,50.0,30.0,60,21.0,9.0,42.9,66.0,20.0,30.3,18.0,2.0,6.0,18.0,0.0,2.0,30.0,48.0,53.0
Paderborn Baskets,Eyassu Worku,24,Eyassu Worku,16,17.4,278.6,162.0,10.1,66.0,142.0,46.5,17.0,47.0,36.2,13.0,20.0,65,6.0,33.0,39.0,33.0,18.0,0.0,22.0,36.0,160.1,30.4,6.3,1.3,1.5,66,228.0,14.2,8.8,9,1.8,13,4,30.5,14.8,5,1.27,-1.78,3.05,2.0,1.9,53.0,31.0,58.5,42.0,18.0,42.9,47.0,17.0,36.2,26.0,7.0,11.0,7.0,0.0,3.0,8.0,31.0,39.0
BBC Bayreuth,Artem Kovalov,35,Artem Kovalov,16,14.1,225.8,108.0,6.8,38.0,70.0,54.3,3.0,9.0,33.3,29.0,47.0,61.7,16.0,37.0,53.0,8.0,3.0,12.0,19.0,37.0,89.9,20.7,4.0,0.3,2.0,20,128.0,8.0,4.8,15,5.0,8,8,65.1,13.5,3,-1.16,-4.96,3.8,5.0,3.3,53.0,34.0,64.2,8.0,1.0,12.5,9.0,3.0,33.3,8.0,0.0,3.0,11.0,1.0,0.0,15.0,25.0,16.0
Eisbären Bremerhaven,Peter Hemschemeier,22,Peter Hemschemeier,16,16.2,259.2,53.0,3.3,20.0,72.0,27.8,11.0,45.0,24.4,2.0,6.0,33.3,10.0,27.0,37.0,24.0,10.0,2.0,13.0,19.0,74.5,15.6,1.7,0.8,1.2,50,103.0,6.4,3.2,3,3.0,4,0,37.5,4.0,1,-3.9,-6.03,2.13,3.0,4.6,10.0,5.0,50,17.0,4.0,23.5,45.0,11.0,24.4,3.0,1.0,8.0,4.0,0.0,0.0,19.0,3.0,10.0
Bayer Giants Leverkusen,Viktor Ziring,2,Viktor Ziring,16,12.1,192.8,53.0,3.3,16.0,39.0,41,15.0,34.0,44.1,6.0,8.0,75,0.0,9.0,9.0,1.0,3.0,0.0,12.0,34.0,52.3,14.6,2.1,0.0,0.4,2,55.0,3.4,2.2,0,0.0,3,0,0.0,3.0,3,-7.3,-7.67,0.37,2.8,4.3,4.0,1.0,25,1.0,0.0,0,34.0,15.0,44.1,1.0,3.0,5.0,2.0,0.0,3.0,0.0,0.0,3.0
PS Karlsruhe LIONS,Terry Kodjo-Torgbe Haarmann,17,Terry Kodjo-Torgbe Haarmann,16,3.6,57.0,10.0,0.6,1.0,2.0,50,1.0,1.0,100,7.0,12.0,58.3,1.0,2.0,3.0,0.0,2.0,0.0,4.0,7.0,9.9,9.1,0.4,0.0,0.1,0,10.0,0.6,0.4,0,0,0,0,0,0.0,0,-6.51,-8.8,2.29,2.7,4.5,1.0,0.0,0,0.0,0.0,0,1.0,1.0,100,0.0,0.0,0.0,1.0,0.0,1.0,1.0,2.0,0.0
EPG Baskets Koblenz,Ömer Girgin,6,Ömer Girgin,16,1.2,18.7,5.0,0.3,2.0,5.0,40,1.0,4.0,25,0.0,0.0,0,0.0,1.0,1.0,0.0,0.0,0.0,0.0,3.0,4.8,13.0,0.2,0.0,0.0,0,5.0,0.3,0.2,0,0,0,0,0,0.0,0,-7.75,-7.63,-0.12,3.0,4.3,1.0,1.0,100,0.0,0.0,0,4.0,1.0,25,1.0,0.0,0.0,0.0,0.0,0.0,3.0,0.0,3.0
Bozic Estriche Knights Kirchheim,Phillip Montreal Russell,1,Phillip Montreal Russell,15,25.4,380.3,207.0,13.8,65.0,144.0,45.1,29.0,76.0,38.2,48.0,62.0,77.4,8.0,21.0,29.0,55.0,15.0,0.0,27.0,34.0,182.7,25.1,6.1,1.6,0.9,335,542.0,36.1,16.0,20,3.3,9,12,70.0,16.3,6,3.75,0.45,3.3,1.5,1.5,36.0,21.0,58.3,32.0,15.0,46.9,76.0,29.0,38.2,17.0,8.0,11.0,7.0,0.0,4.0,14.0,41.0,40.0
EPG Baskets Koblenz,Julian Lamont Larry,1,Julian Lamont Larry,15,21.4,320.4,143.0,9.5,45.0,111.0,40.5,13.0,39.0,33.3,40.0,47.0,85.1,7.0,22.0,29.0,33.0,17.0,2.0,18.0,25.0,137.0,21.6,5.3,1.2,1.1,81,224.0,14.9,8.3,11,1.8,11,3,44.6,13.3,6,-0.12,-2.66,2.55,2.0,2.9,42.0,21.0,50,30.0,11.0,36.7,39.0,13.0,33.3,20.0,5.0,7.0,7.0,0.0,2.0,16.0,28.0,29.0
Uni Baskets Münster,Philip Anthony Alston,55,Philip Anthony Alston,15,19.8,296.4,131.0,8.7,43.0,107.0,40.2,2.0,23.0,8.7,43.0,58.0,74.1,18.0,43.0,61.0,11.0,1.0,13.0,28.0,38.0,136.8,24.9,5.1,0.4,2.4,23,154.0,10.3,6.0,2,2.0,1,0,100.0,1.0,1,-7.09,-7.74,0.65,4.8,3.7,75.0,35.0,46.7,9.0,6.0,66.7,23.0,2.0,8.7,23.0,0.0,5.0,14.0,0.0,2.0,23.0,20.0,9.0
SBB Baskets ,Joshua Bonga,0,Joshua Bonga,15,11.0,164.6,49.0,3.3,16.0,51.0,31.4,6.0,17.0,35.3,11.0,17.0,64.7,10.0,20.0,30.0,14.0,4.0,0.0,20.0,15.0,65.7,21.0,2.3,0.7,1.4,26,75.0,5.0,3.5,6,2.0,4,4,52.1,7.8,3,-7.27,-8.44,1.17,3.0,4.2,29.0,9.0,31,5.0,1.0,20,17.0,6.0,35.3,8.0,3.0,10.0,8.0,0.0,2.0,4.0,15.0,5.0
VfL SparkassenStars Bochum,Mats Neumann,13,Mats Neumann,15,0.3,4.2,0.0,0.0,0.0,0.0,0,0.0,0.0,0,0.0,0.0,0,0.0,0.0,0.0,0.0,0.0,0.0,0.0,0.0,0.0,0.0,0.0,0.0,0.0,0,0.0,0.0,0.0,0,0,0,0,0,0.0,0,-7.53,-7.35,-0.18,2.9,4.2,0.0,0.0,0,0.0,0.0,0,0.0,0.0,0,0.0,0.0,0.0,0.0,0.0,0.0,0.0,0.0,0.0
Tigers Tübingen,Jordan Nathaniel Johnson,11,Jordan Nathaniel Johnson,14,29.9,418.8,248.0,17.7,81.0,197.0,41.1,22.0,77.0,28.6,64.0,79.0,81,10.0,47.0,57.0,80.0,10.0,0.0,48.0,33.0,259.0,32.4,9.2,3.0,2.1,184,432.0,30.9,16.1,11,2.2,6,11,50.7,12.8,5,0.22,-1.33,1.54,2.0,1.1,92.0,49.0,53.3,28.0,10.0,35.7,77.0,22.0,28.6,41.0,10.0,18.0,25.0,0.0,1.0,24.0,71.0,41.0
Uni Baskets Münster,Curtis Tarell Jones Jr,27,Curtis Tarell Jones Jr,14,23.7,332.4,201.0,14.4,82.0,182.0,45.1,15.0,63.0,23.8,22.0,33.0,66.7,1.0,49.0,50.0,33.0,11.0,1.0,20.0,19.0,206.9,33.6,7.9,1.3,2.0,73,274.0,19.6,10.8,16,4.0,12,2,62.1,13.9,4,0.18,-1.27,1.45,2.3,1.9,82.0,51.0,62.2,37.0,16.0,43.2,63.0,15.0,23.8,43.0,9.0,4.0,12.0,0.0,2.0,15.0,30.0,32.0
RheinStars Köln,Kenny André Calliste Kéannou Baptiste,39,Kenny André Calliste Kéannou Baptiste,14,27.3,382.2,172.0,12.3,76.0,121.0,62.8,12.0,18.0,66.7,8.0,10.0,80,34.0,66.0,100.0,16.0,11.0,8.0,26.0,31.0,112.7,15.7,6.7,0.6,3.9,27,199.0,14.2,7.8,23,3.3,13,2,82.9,18.9,7,2.86,-0.03,2.89,4.6,2.7,76.0,55.0,72.4,27.0,9.0,33.3,18.0,12.0,66.7,30.0,1.0,8.0,13.0,0.0,1.0,43.0,26.0,39.0
Eisbären Bremerhaven,Till Isemann,21,Till Isemann; Player 21,14,15.9,222.5,104.0,7.4,44.0,69.0,63.8,0.0,0.0,0,16.0,26.0,61.5,19.0,48.0,67.0,6.0,2.0,6.0,11.0,27.0,69.5,17.0,3.3,0.2,2.1,15,119.0,8.5,3.7,5,2.5,3,3,57.9,4.3,2,0.19,-2.1,2.29,5.0,3.5,63.0,40.0,63.5,6.0,4.0,66.7,0.0,0.0,0,5.0,0.0,2.0,3.0,0.0,2.0,18.0,9.0,11.0
GIESSEN 46ers,Devon Goodman,5,Devon Goodman,14,15.3,213.7,100.0,7.1,37.0,90.0,41.1,9.0,40.0,22.5,17.0,28.0,60.7,3.0,15.0,18.0,32.0,11.0,1.0,18.0,17.0,112.6,27.5,3.0,1.0,0.5,69,169.0,12.1,5.1,0,0.0,3,0,0.0,4.0,3,0.62,-2.74,3.36,1.6,2.7,42.0,25.0,59.5,8.0,3.0,37.5,40.0,9.0,22.5,21.0,1.0,7.0,8.0,0.0,1.0,0.0,14.0,17.0
SBB Baskets ,Modestas Paulauskas,10/21,Modestas Paulauskas,14,11.6,162.1,65.0,4.6,23.0,47.0,48.9,8.0,20.0,40,11.0,18.0,61.1,17.0,42.0,59.0,5.0,4.0,2.0,11.0,22.0,47.0,15.2,3.0,0.2,2.7,16,81.0,5.8,3.8,4,1.3,3,0,66.7,4.0,3,-0.2,-2.92,2.72,5.0,3.7,24.0,15.0,62.5,3.0,0.0,0,20.0,8.0,40,5.0,0.0,4.0,6.0,0.0,1.0,19.0,9.0,6.0
HAKRO Merlins Crailsheim,Till Isemann,21,Till Isemann,14,7.0,97.4,38.0,2.7,17.0,25.0,68,0.0,0.0,0,4.0,9.0,44.4,9.0,19.0,28.0,1.0,5.0,2.0,6.0,22.0,24.9,13.3,1.3,0.0,0.9,2,40.0,2.9,1.3,0,0,0,0,0,0.0,0,-0.15,-5.74,5.59,4.6,3.9,25.0,17.0,68,0.0,0.0,0,0.0,0.0,0,4.0,0.0,0.0,2.0,0.0,1.0,14.0,4.0,10.0
Phoenix Hagen,Jan Razdevsek,44,Jan Razdevsek; Player 44,14,3.3,45.6,25.0,1.8,9.0,17.0,52.9,4.0,10.0,40,3.0,4.0,75,4.0,2.0,6.0,3.0,1.0,0.0,8.0,3.0,21.8,24.2,0.7,0.1,0.2,7,32.0,2.3,0.9,4,4.0,4,0,50.0,5.0,1,-0.81,-2.11,1.3,2.9,3.3,4.0,3.0,75,3.0,2.0,66.7,10.0,4.0,40,2.0,2.0,6.0,1.0,0.0,1.0,2.0,9.0,3.0
Artland Dragons,Linus Trettin,15,Linus Trettin,14,12.4,173.3,21.0,1.5,9.0,30.0,30,1.0,9.0,11.1,2.0,6.0,33.3,17.0,17.0,34.0,14.0,1.0,3.0,5.0,16.0,19.8,6.0,0.7,0.5,1.2,37,58.0,4.1,2.0,0,0.0,2,0,0.0,2.0,1,-3.65,-4.65,0.99,3.9,4.6,19.0,7.0,36.8,2.0,1.0,50,9.0,1.0,11.1,5.0,0.0,1.0,3.0,0.0,1.0,6.0,0.0,2.0
Tigers Tübingen,JaCobi Allen Wood,24,JaCobi Allen Wood,13,28.0,364.3,219.0,16.8,72.0,149.0,48.3,29.0,80.0,36.2,46.0,51.0,90.2,9.0,43.0,52.0,69.0,21.0,1.0,32.0,27.0,186.7,26.9,8.2,2.6,1.9,153,372.0,28.6,13.9,18,9.0,8,5,88.2,12.2,2,7.52,2.73,4.79,1.7,1.0,62.0,41.0,66.1,7.0,2.0,28.6,79.0,29.0,36.7,34.0,17.0,11.0,14.0,0.0,2.0,32.0,38.0,53.0
SBB Baskets ,Travis Henson,2,Travis Henson,13,21.4,278.7,166.0,12.8,55.0,124.0,44.4,21.0,61.0,34.4,35.0,41.0,85.4,8.0,25.0,33.0,9.0,9.0,7.0,8.0,21.0,136.4,25.7,7.7,0.4,1.5,18,184.0,14.2,8.6,21,5.2,16,8,53.8,20.5,4,3.78,0.44,3.35,3.2,2.9,32.0,21.0,65.6,31.0,13.0,41.9,61.0,21.0,34.4,7.0,3.0,2.0,5.0,0.0,0.0,16.0,34.0,32.0
PS Karlsruhe LIONS,Brandon Angelo Porter,14,Brandon Angelo Porter,13,11.4,147.6,71.0,5.5,26.0,53.0,49.1,8.0,24.0,33.3,11.0,18.0,61.1,4.0,21.0,25.0,3.0,6.0,6.0,23.0,37.0,76.7,27.3,2.5,0.1,0.9,4,75.0,5.8,2.6,2,2.0,1,0,100.0,1.0,1,-7.25,-10.76,3.51,4.1,3.5,26.0,16.0,61.5,3.0,2.0,66.7,24.0,8.0,33.3,7.0,0.0,5.0,8.0,0.0,3.0,5.0,12.0,11.0
VfL SparkassenStars Bochum,Aitor Julen Pickett Lazo,99,Aitor Julen Pickett Lazo,13,18.9,245.4,47.0,3.6,19.0,38.0,50,0.0,11.0,0,9.0,15.0,60,18.0,31.0,49.0,8.0,7.0,4.0,6.0,34.0,31.3,6.7,1.8,0.3,1.9,19,66.0,5.1,2.5,2,1.0,2,0,50.0,2.0,2,-3.98,-6.47,2.49,4.4,4.6,22.0,18.0,81.8,5.0,1.0,20,11.0,0.0,0,8.0,0.0,1.0,2.0,0.0,0.0,21.0,2.0,6.0
PS Karlsruhe LIONS,Jason George,24,Jason George,13,11.2,145.4,36.0,2.8,11.0,48.0,22.9,4.0,24.0,16.7,10.0,13.0,76.9,7.0,16.0,23.0,6.0,3.0,2.0,7.0,13.0,51.6,18.6,1.3,0.2,0.8,14,50.0,3.8,1.8,0,0.0,1,0,0.0,1.0,1,-8.76,-9.1,0.33,3.5,5.0,11.0,3.0,27.3,13.0,4.0,30.8,24.0,4.0,16.7,2.0,1.0,0.0,4.0,0.0,3.0,5.0,3.0,9.0
BG Göttingen,Kevin Buckingham,9,Kevin Buckingham,12,16.9,202.2,95.0,7.9,38.0,68.0,55.9,10.0,29.0,34.5,9.0,10.0,90,22.0,32.0,54.0,22.0,7.0,4.0,10.0,23.0,58.0,15.0,3.2,0.7,1.8,52,147.0,12.2,4.9,15,3.8,9,0,83.3,9.0,4,7.52,2.06,5.46,4.0,2.5,32.0,25.0,78.1,7.0,3.0,42.9,29.0,10.0,34.5,9.0,1.0,1.0,3.0,0.0,3.0,15.0,14.0,24.0
GIESSEN 46ers,Domagoj Vukovic,17,Domagoj Vukovic,12,14.7,176.3,77.0,6.4,28.0,64.0,43.8,6.0,22.0,27.3,15.0,22.0,68.2,16.0,24.0,40.0,7.0,3.0,8.0,14.0,30.0,68.8,20.4,2.3,0.2,1.2,17,94.0,7.8,2.8,3,1.5,2,0,75.0,2.0,2,-2.1,-5.58,3.48,5.0,3.9,39.0,21.0,53.8,3.0,1.0,33.3,22.0,6.0,27.3,6.0,2.0,5.0,7.0,0.0,0.0,9.0,13.0,11.0
SBB Baskets ,Kevin Wohlrath,22,Kevin Wohlrath,12,20.9,251.4,71.0,5.9,29.0,54.0,53.7,10.0,23.0,43.5,3.0,5.0,60,12.0,20.0,32.0,11.0,4.0,2.0,9.0,17.0,51.1,10.7,3.3,0.5,1.5,21,92.0,7.7,4.3,8,2.7,3,0,133.3,3.0,3,-0.14,-2.91,2.77,3.1,3.8,25.0,18.0,72,6.0,1.0,16.7,23.0,10.0,43.5,9.0,0.0,5.0,3.0,0.0,1.0,9.0,10.0,15.0
Nürnberg Falcons BC,Georgios Gkiouzelis,12,Georgios Gkiouzelis,12,16.9,202.8,56.0,4.7,20.0,45.0,44.4,10.0,28.0,35.7,6.0,7.0,85.7,1.0,26.0,27.0,4.0,3.0,2.0,14.0,21.0,58.6,15.3,2.2,0.2,1.0,10,66.0,5.5,2.6,5,2.5,4,0,62.5,4.0,2,-4.61,-7.03,2.42,3.6,4.4,8.0,7.0,87.5,9.0,3.0,33.3,28.0,10.0,35.7,3.0,2.0,4.0,7.0,0.0,0.0,9.0,0.0,3.0
BBC Bayreuth,Noah Wabersich,9,Noah Wabersich,12,9.1,109.3,29.0,2.4,9.0,20.0,45,4.0,10.0,40,7.0,9.0,77.8,4.0,7.0,11.0,10.0,1.0,0.0,5.0,16.0,24.0,11.4,1.1,0.4,0.4,20,49.0,4.1,1.8,0,0,0,0,0,0.0,0,-2.05,-4.61,2.56,2.6,3.4,8.0,4.0,50,2.0,1.0,50,10.0,4.0,40,0.0,0.0,2.0,2.0,0.0,1.0,0.0,13.0,13.0
Tigers Tübingen,Aaron Ayooluwa Ogunjobi,25,Aaron Ayooluwa Ogunjobi,12,0.3,3.6,0.0,0.0,0.0,1.0,0,0.0,1.0,0,0.0,0.0,0,0.0,1.0,1.0,0.0,0.0,0.0,1.0,2.0,1.9,28.2,0.0,0.0,0.0,0,0.0,0.0,0.0,0,0,0,0,0,0.0,0,-41.59,-38.55,-3.03,3.2,4.1,0.0,0.0,0,0.0,0.0,0,1.0,0.0,0,0.0,0.0,0.0,0.0,0.0,1.0,0.0,0.0,0.0
Uni Baskets Münster,Adam Touray,19,Adam Touray,11,24.0,264.2,107.0,9.7,40.0,80.0,50,5.0,11.0,45.5,22.0,39.0,56.4,16.0,28.0,44.0,11.0,3.0,6.0,23.0,36.0,100.0,20.4,4.2,0.4,1.7,26,133.0,12.1,5.2,2,1.0,5,0,20.0,5.0,2,-5.61,-6.32,0.71,3.9,3.3,65.0,33.0,50.8,4.0,2.0,50,11.0,5.0,45.5,12.0,2.0,7.0,10.0,0.0,2.0,18.0,17.0,13.0
Uni Baskets Münster,Timetric Jerome Hodges,1,Timetric Jerome Hodges,11,23.8,261.3,54.0,4.9,17.0,51.0,33.3,6.0,26.0,23.1,14.0,21.0,66.7,15.0,24.0,39.0,24.0,7.0,1.0,12.0,18.0,55.0,11.4,2.1,0.9,1.5,56,110.0,10.0,4.3,10,3.3,8,4,51.2,9.8,3,-3.56,-4.79,1.24,2.5,3.7,21.0,11.0,52.4,4.0,0.0,0,26.0,6.0,23.1,8.0,2.0,9.0,3.0,0.0,0.0,20.0,11.0,7.0
RheinStars Köln,Marko Cuvalo,14,Marko Cuvalo,11,5.3,58.0,14.0,1.3,7.0,13.0,53.8,0.0,0.0,0,0.0,1.0,0,3.0,5.0,8.0,0.0,0.0,0.0,4.0,9.0,13.9,12.7,0.5,0.0,0.3,0,14.0,1.3,0.5,0,0,0,0,0,0.0,0,-9.21,-9.16,-0.05,3.5,4.6,12.0,7.0,58.3,1.0,0.0,0,0.0,0.0,0,2.0,0.0,2.0,0.0,0.0,0.0,6.0,0.0,0.0
Uni Baskets Münster,Thorben Döding,11,Thorben Döding,11,2.4,26.8,10.0,0.9,4.0,8.0,50,1.0,4.0,25,1.0,2.0,50,0.0,1.0,1.0,3.0,1.0,0.0,4.0,4.0,12.4,24.9,0.4,0.1,0.0,7,17.0,1.5,0.7,0,0,0,0,0,0.0,0,-7.55,-8.28,0.73,2.3,3.3,3.0,2.0,66.7,1.0,1.0,100,4.0,1.0,25,2.0,0.0,4.0,0.0,0.0,0.0,0.0,2.0,5.0
BBC Bayreuth,Liam Nees Holländer,17,Liam Nees Holländer,11,1.2,13.3,6.0,0.5,3.0,6.0,50,0.0,1.0,0,0.0,1.0,0,0.0,1.0,1.0,0.0,1.0,0.0,2.0,4.0,8.1,31.6,0.2,0.0,0.0,0,6.0,0.5,0.2,0,0.0,1,0,0.0,1.0,1,-13.59,-16.25,2.66,2.8,4.2,5.0,3.0,60,0.0,0.0,0,1.0,0.0,0,0.0,0.0,1.0,0.0,0.0,1.0,0.0,2.0,2.0
Uni Baskets Münster,Deshon Davion Taylor,21,Deshon Davion Taylor,10,19.9,199.1,100.0,10.0,23.0,68.0,33.8,14.0,36.0,38.9,40.0,45.0,88.9,3.0,22.0,25.0,20.0,8.0,0.0,17.0,22.0,97.7,26.5,3.9,0.8,1.0,41,141.0,14.1,5.5,0,0.0,1,0,0.0,1.0,1,-0.79,-2.47,1.68,2.1,2.0,28.0,9.0,32.1,4.0,0.0,0,36.0,14.0,38.9,9.0,9.0,8.0,7.0,0.0,0.0,4.0,14.0,14.0
Uni Baskets Münster,Caleb Lee Zurliene,23,Caleb Lee Zurliene,10,9.8,97.7,31.0,3.1,11.0,22.0,50,3.0,9.0,33.3,6.0,8.0,75,7.0,14.0,21.0,0.0,1.0,6.0,9.0,15.0,26.4,14.6,1.2,0.0,0.8,0,31.0,3.1,1.2,5,2.5,3,3,57.9,5.3,2,-5.79,-7.51,1.71,5.0,4.1,11.0,7.0,63.6,2.0,1.0,50,9.0,3.0,33.3,5.0,0.0,7.0,1.0,0.0,1.0,6.0,3.0,4.0
RheinStars Köln,Konstantin Matthias Lehmann,7,Konstantin Matthias Lehmann,10,6.1,61.0,12.0,1.2,4.0,7.0,57.1,2.0,5.0,40,2.0,4.0,50,3.0,2.0,5.0,1.0,4.0,0.0,1.0,7.0,6.5,5.7,0.5,0.0,0.2,3,15.0,1.5,0.6,0,0,0,0,0,0.0,0,1.07,-3.34,4.41,2.5,4.3,2.0,2.0,100,0.0,0.0,0,5.0,2.0,40,2.0,0.0,0.0,1.0,0.0,0.0,4.0,0.0,3.0
Uni Baskets Münster,Lukas Ehrich,14,Lukas Ehrich,10,1.9,18.6,9.0,0.9,3.0,8.0,37.5,3.0,8.0,37.5,0.0,0.0,0,0.0,1.0,1.0,0.0,0.0,0.0,1.0,4.0,8.6,25.1,0.4,0.0,0.0,0,9.0,0.9,0.4,0,0,0,0,0,0.0,0,-6.62,-5.33,-1.28,3.0,3.9,0.0,0.0,0,0.0,0.0,0,8.0,3.0,37.5,0.0,0.0,0.0,0.0,0.0,1.0,3.0,0.0,0.0
Bozic Estriche Knights Kirchheim,Alexander Stief,14,Alexander Stief,10,0.1,1.4,3.0,0.3,1.0,1.0,100,0.0,0.0,0,1.0,1.0,100,0.0,0.0,0.0,0.0,0.0,0.0,0.0,0.0,1.4,53.4,0.1,0.0,0.0,0,3.0,0.3,0.1,0,0,0,0,0,0.0,0,49.08,35.55,13.53,3.0,3.6,1.0,1.0,100,0.0,0.0,0,0.0,0.0,0,0.0,0.0,0.0,0.0,0.0,0.0,0.0,0.0,0.0
BG Göttingen,Emil Bode,5,Emil Bode,10,0.1,1.2,3.0,0.3,1.0,2.0,50,1.0,2.0,50,0.0,0.0,0,1.0,0.0,1.0,0.0,0.0,0.0,0.0,0.0,1.0,42.3,0.1,0.0,0.0,0,3.0,0.3,0.1,0,0,0,0,0,0.0,0,67.36,70.74,-3.37,3.2,3.7,0.0,0.0,0,0.0,0.0,0,2.0,1.0,50,0.0,0.0,0.0,0.0,0.0,0.0,3.0,0.0,0.0
HAKRO Merlins Crailsheim,Jaden Brown,19,Jaden Brown,10,0.6,6.2,2.0,0.2,1.0,4.0,25,0.0,3.0,0,0.0,1.0,0,0.0,0.0,0.0,0.0,0.0,0.0,0.0,1.0,4.3,35.7,0.1,0.0,0.0,0,2.0,0.2,0.1,0,0,0,0,0,0.0,0,-24.12,-19.07,-5.05,2.9,4.2,1.0,1.0,100,0.0,0.0,0,3.0,0.0,0,0.0,0.0,0.0,0.0,0.0,0.0,0.0,0.0,0.0
BBC Bayreuth,Kyle Sturdivant,0,Kyle Sturdivant,9,19.9,179.3,103.0,11.4,39.0,91.0,42.9,11.0,36.0,30.6,14.0,19.0,73.7,4.0,12.0,16.0,29.0,2.0,0.0,15.0,14.0,105.9,30.6,3.8,1.1,0.6,63,166.0,18.4,6.2,5,1.2,5,2,42.5,7.9,4,0.06,-0.61,0.68,1.9,1.9,25.0,14.0,56,30.0,14.0,46.7,36.0,11.0,30.6,13.0,4.0,9.0,5.0,0.0,1.0,14.0,16.0,8.0
Artland Dragons,Epke Kruthaup,2,Epke Kruthaup,9,3.5,31.3,11.0,1.2,5.0,13.0,38.5,1.0,7.0,14.3,0.0,2.0,0,4.0,3.0,7.0,2.0,0.0,0.0,3.0,3.0,12.4,20.6,0.4,0.1,0.2,5,16.0,1.8,0.6,0,0,0,0,0,0.0,0,-10.06,-7.13,-2.93,3.5,4.4,3.0,2.0,66.7,3.0,2.0,66.7,7.0,1.0,14.3,1.0,0.0,1.0,1.0,0.0,1.0,0.0,3.0,5.0
VfL SparkassenStars Bochum,Max Brackmann,64,Max Brackmann,9,5.9,53.3,10.0,1.1,4.0,10.0,40,0.0,0.0,0,2.0,2.0,100,8.0,5.0,13.0,1.0,0.0,2.0,6.0,21.0,8.5,8.4,0.4,0.0,0.5,2,12.0,1.3,0.5,0,0,0,0,0,0.0,0,-15.73,-16.3,0.57,5.0,4.7,10.0,4.0,40,0.0,0.0,0,0.0,0.0,0,3.0,0.0,0.0,1.0,0.0,0.0,8.0,2.0,4.0
Phoenix Hagen,Finn Pook,6,Finn Pook,9,2.0,18.4,8.0,0.9,3.0,7.0,42.9,2.0,6.0,33.3,0.0,0.0,0,0.0,1.0,1.0,1.0,1.0,0.0,2.0,3.0,8.6,23.7,0.2,0.0,0.0,2,10.0,1.1,0.3,0,0,0,0,0,0.0,0,-2.6,-6.14,3.54,2.7,4.0,1.0,1.0,100,0.0,0.0,0,6.0,2.0,33.3,1.0,0.0,1.0,1.0,0.0,0.0,0.0,0.0,0.0
VfL SparkassenStars Bochum,Henning Gustrau,21,Henning Gustrau,9,3.5,31.8,8.0,0.9,2.0,5.0,40,0.0,0.0,0,4.0,4.0,100,3.0,1.0,4.0,1.0,2.0,1.0,1.0,10.0,4.6,7.5,0.3,0.0,0.2,3,11.0,1.2,0.4,0,0,0,0,0,0.0,0,-4.27,-8.87,4.61,3.5,4.1,4.0,2.0,50,1.0,0.0,0,0.0,0.0,0,1.0,0.0,0.0,0.0,0.0,0.0,2.0,0.0,0.0
BBC Bayreuth,Leo Friedlein,20,Leo Friedlein,9,0.4,3.6,7.0,0.8,2.0,4.0,50,0.0,2.0,0,3.0,3.0,100,0.0,0.0,0.0,0.0,0.0,0.0,0.0,0.0,5.1,73.6,0.3,0.0,0.0,0,7.0,0.8,0.3,0,0,0,0,0,0.0,0,20.4,17.46,2.93,2.9,3.4,2.0,2.0,100,0.0,0.0,0,2.0,0.0,0,0.0,0.0,0.0,0.0,0.0,0.0,3.0,0.0,0.0
Eisbären Bremerhaven,Benjamin Zintz,5,Benjamin Zintz,9,2.2,19.5,5.0,0.6,2.0,4.0,50,1.0,2.0,50,0.0,0.0,0,0.0,3.0,3.0,1.0,0.0,0.0,1.0,0.0,4.8,13.3,0.2,0.0,0.1,2,7.0,0.8,0.2,0,0,0,0,0,0.0,0,-1.26,-2.76,1.5,3.1,4.0,2.0,1.0,50,0.0,0.0,0,2.0,1.0,50,0.0,0.0,0.0,1.0,0.0,0.0,0.0,0.0,0.0
Nürnberg Falcons BC,Lars Lenke,11,Lars Lenke,9,1.6,14.8,0.0,0.0,0.0,1.0,0,0.0,1.0,0,0.0,2.0,0,2.0,0.0,2.0,0.0,0.0,0.0,0.0,0.0,0.0,0.0,0.0,0.0,0.1,0,0.0,0.0,0.0,0,0,0,0,0,0.0,0,-8.26,-6.24,-2.01,3.1,4.5,0.0,0.0,0,0.0,0.0,0,1.0,0.0,0,0.0,0.0,0.0,0.0,0.0,0.0,0.0,0.0,0.0
Phoenix Hagen,Ryan Schwieger,3,Ryan Schwieger,8,16.5,132.0,58.0,7.2,19.0,39.0,48.7,11.0,24.0,45.8,9.0,10.0,90,4.0,20.0,24.0,13.0,3.0,0.0,16.0,14.0,53.2,20.4,1.6,0.4,0.7,31,89.0,11.1,2.5,10,3.3,6,2,72.7,8.9,3,0.83,-3.03,3.86,3.1,3.1,10.0,5.0,50,5.0,3.0,60,24.0,11.0,45.8,3.0,4.0,6.0,6.0,0.0,3.0,12.0,11.0,2.0
PS Karlsruhe LIONS,Lynval William Alexander Ellis,1,Lynval William Alexander Ellis,8,13.7,109.9,52.0,6.5,14.0,52.0,26.9,7.0,21.0,33.3,17.0,20.0,85,6.0,8.0,14.0,12.0,2.0,0.0,10.0,15.0,62.2,29.7,1.8,0.4,0.5,26,78.0,9.8,2.8,0,0.0,1,0,0.0,2.0,1,-7.24,-6.75,-0.49,2.7,3.6,19.0,4.0,21.1,12.0,3.0,25,21.0,7.0,33.3,3.0,2.0,6.0,3.0,0.0,1.0,6.0,9.0,4.0
RheinStars Köln,Laurent Raphael Zoccoletti,12,Laurent Raphael Zoccoletti,8,13.2,105.7,27.0,3.4,12.0,24.0,50,1.0,8.0,12.5,2.0,4.0,50,10.0,17.0,27.0,4.0,6.0,3.0,7.0,18.0,21.8,11.0,1.1,0.2,1.1,11,38.0,4.8,1.5,0,0,0,0,0,0.0,0,-1.75,-5.82,4.07,4.2,4.3,16.0,11.0,68.8,0.0,0.0,0,8.0,1.0,12.5,5.0,0.0,0.0,3.0,0.0,3.0,5.0,2.0,10.0
Paderborn Baskets,Basla Veljic,18,Balsa Veljic; Basla Veljic,8,8.5,68.1,20.0,2.5,6.0,25.0,24,4.0,16.0,25,4.0,4.0,100,0.0,4.0,4.0,8.0,6.0,0.0,4.0,8.0,29.5,22.9,0.8,0.3,0.2,16,36.0,4.5,1.4,0,0.0,1,0,0.0,1.0,1,-4.34,-7.2,2.86,1.6,4.0,1.0,0.0,0,8.0,2.0,25,16.0,4.0,25,0.0,2.0,2.0,0.0,0.0,1.0,5.0,0.0,5.0
Phoenix Hagen,Nicola Schultze,33,Nicola Schultze,8,2.0,15.7,6.0,0.8,2.0,5.0,40,2.0,3.0,66.7,0.0,0.0,0,0.0,0.0,0.0,1.0,0.0,0.0,0.0,3.0,4.8,15.4,0.2,0.0,0.0,2,8.0,1.0,0.2,0,0,0,0,0,0.0,0,-0.27,-2.6,2.33,2.8,3.9,2.0,0.0,0,0.0,0.0,0,3.0,2.0,66.7,0.0,0.0,0.0,0.0,0.0,0.0,0.0,0.0,3.0
BBC Bayreuth,Jonathan Zeisberger,30,Jonathan Zeisberger,8,2.9,23.4,5.0,0.6,2.0,6.0,33.3,0.0,0.0,0,1.0,2.0,50,1.0,2.0,3.0,0.0,2.0,0.0,1.0,5.0,6.6,14.6,0.2,0.0,0.1,0,5.0,0.6,0.2,0,0,0,0,0,0.0,0,-7.1,-11.36,4.25,2.9,4.6,4.0,2.0,50,2.0,0.0,0,0.0,0.0,0,1.0,0.0,0.0,1.0,0.0,0.0,2.0,3.0,2.0
BBC Bayreuth,Chris Würmseher,44,Chris Würmseher,8,3.3,26.1,3.0,0.4,1.0,4.0,25,0.0,1.0,0,1.0,4.0,25,0.0,3.0,3.0,0.0,0.0,0.0,2.0,7.0,7.4,14.8,0.1,0.0,0.1,0,3.0,0.4,0.1,0,0,0,0,0,0.0,0,-16.84,-17.09,0.26,3.3,4.7,2.0,1.0,50,1.0,0.0,0,1.0,0.0,0,1.0,0.0,0.0,1.0,0.0,1.0,0.0,0.0,0.0
RheinStars Köln,Fynn Rieck,8,Fynn Rieck,8,0.7,5.9,2.0,0.2,1.0,2.0,50,0.0,1.0,0,0.0,0.0,0,0.0,0.0,0.0,0.0,0.0,0.0,0.0,0.0,1.9,17.4,0.1,0.0,0.0,0,2.0,0.2,0.1,0,0,0,0,0,0.0,0,-5.1,-4.17,-0.94,2.9,4.1,1.0,1.0,100,0.0,0.0,0,1.0,0.0,0,0.0,0.0,0.0,0.0,0.0,0.0,0.0,0.0,0.0
SBB Baskets ,Ben Köhler,3,Ben Köhler,8,0.0,0.1,0.0,0.0,0.0,0.0,0,0.0,0.0,0,0.0,0.0,0,0.0,0.0,0.0,0.0,0.0,0.0,0.0,0.0,0.0,0.0,0.0,0.0,0.0,0,0.0,0.0,0.0,0,0,0,0,0,0.0,0,-5.56,-6.62,1.06,3.0,4.0,0.0,0.0,0,0.0,0.0,0,0.0,0.0,0,0.0,0.0,0.0,0.0,0.0,0.0,0.0,0.0,0.0
GIESSEN 46ers,Martin Junakovic,22,Martin Junakovic,7,18.7,130.8,48.0,6.9,11.0,42.0,26.2,7.0,23.0,30.4,19.0,25.0,76,2.0,12.0,14.0,24.0,3.0,0.0,14.0,24.0,62.4,24.9,1.5,0.7,0.4,50,98.0,14.0,3.0,0,0,0,0,0,0.0,0,-4.32,-6.72,2.4,2.0,2.8,10.0,2.0,20,9.0,2.0,22.2,23.0,7.0,30.4,2.0,4.0,9.0,2.0,0.0,0.0,6.0,5.0,1.0
Bayer Giants Leverkusen,Lars Kremer,0,Lars Kremer,7,1.7,11.8,0.0,0.0,0.0,3.0,0,0.0,0.0,0,0.0,0.0,0,1.0,0.0,1.0,1.0,1.0,0.0,1.0,3.0,2.9,13.2,0.0,0.0,0.0,2,2.0,0.3,0.1,0,0,0,0,0,0.0,0,-16.67,-16.99,0.32,2.7,4.1,0.0,0.0,0,3.0,0.0,0,0.0,0.0,0,0.0,0.0,0.0,0.0,0.0,1.0,0.0,0.0,0.0
SBB Baskets Wolmirstedt,Travis Henson,2,Travis Henson,6,28.6,171.6,99.0,16.5,33.0,64.0,51.6,10.0,30.0,33.3,23.0,28.0,82.1,6.0,19.0,25.0,3.0,4.0,3.0,8.0,16.0,75.2,23.1,21.7,0.7,5.5,8,107.0,17.8,23.5,3,3.0,2,1,61.5,3.4,1,0.9,-0.06,0.96,3.6,2.6,18.0,17.0,94.4,16.0,6.0,37.5,30.0,10.0,33.3,6.0,2.0,4.0,2.0,0.0,0.0,11.0,16.0,22.0
SBB Baskets Wolmirstedt,Trey Thompson Stewart,1,Trey Thompson Stewart,6,27.5,164.9,84.0,14.0,31.0,61.0,50.8,9.0,25.0,36,13.0,15.0,86.7,7.0,6.0,13.0,9.0,10.0,4.0,13.0,18.0,70.7,22.6,18.4,2.0,2.9,21,105.0,17.5,23.0,0,0,0,0,0,0.0,0,1.12,-1.2,2.32,2.5,2.6,29.0,18.0,62.1,7.0,4.0,57.1,25.0,9.0,36,11.0,1.0,6.0,4.0,0.0,1.0,4.0,19.0,19.0
SBB Baskets Wolmirstedt,Jalen Benjamin,5,Jalen Benjamin,6,22.4,134.5,67.0,11.2,19.0,61.0,31.1,6.0,20.0,30,23.0,30.0,76.7,0.0,7.0,7.0,16.0,3.0,0.0,15.0,7.0,85.6,33.5,14.7,3.5,1.5,36,103.0,17.2,22.6,4,4.0,4,2,41.0,4.9,1,-8.32,-5.55,-2.77,1.7,3.0,22.0,9.0,40.9,19.0,4.0,21.1,20.0,6.0,30,9.0,4.0,8.0,4.0,0.0,3.0,4.0,15.0,6.0
SBB Baskets Wolmirstedt,Joshua Bonga,0,Joshua Bonga,6,22.9,137.4,55.0,9.2,19.0,51.0,37.3,8.0,27.0,29.6,9.0,18.0,50,3.0,17.0,20.0,15.0,2.0,1.0,7.0,16.0,60.4,23.2,12.1,3.3,4.4,31,86.0,14.3,18.9,0,0.0,1,0,0.0,2.0,1,-4.42,-4.48,0.06,2.9,3.2,19.0,10.0,52.6,5.0,1.0,20,27.0,8.0,29.6,7.0,2.0,5.0,1.0,0.0,1.0,0.0,8.0,11.0
GIESSEN 46ers,Abu Kigab,47,Abu Kigab,6,21.0,125.8,55.0,9.2,22.0,57.0,38.6,3.0,14.0,21.4,8.0,19.0,42.1,5.0,23.0,28.0,6.0,4.0,3.0,6.0,14.0,63.7,26.4,1.7,0.2,0.8,17,72.0,12.0,2.2,7,3.5,6,0,58.3,6.0,2,-3.6,-6.55,2.95,4.1,4.6,26.0,16.0,61.5,17.0,3.0,17.6,14.0,3.0,21.4,8.0,0.0,2.0,3.0,0.0,0.0,2.0,14.0,17.0
SBB Baskets Wolmirstedt,Fabien Kondo,34,Fabien Kondo,6,26.1,156.4,43.0,7.2,19.0,34.0,55.9,0.0,0.0,0,5.0,8.0,62.5,11.0,25.0,36.0,2.0,3.0,3.0,8.0,19.0,33.1,11.2,9.4,0.4,7.9,6,49.0,8.2,10.7,0,0,0,0,0,0.0,0,-5.39,-6.0,0.61,4.5,4.3,32.0,19.0,59.4,2.0,0.0,0,0.0,0.0,0,7.0,0.0,1.0,5.0,0.0,1.0,10.0,4.0,11.0
SBB Baskets Wolmirstedt,Alieu Ceesay,28,Alieu Ceesay,6,25.3,152.0,41.0,6.8,17.0,37.0,45.9,1.0,9.0,11.1,6.0,10.0,60,4.0,21.0,25.0,8.0,11.0,1.0,8.0,16.0,43.6,15.1,9.0,1.8,5.5,13,54.0,9.0,11.8,0,0,0,0,0,0.0,0,-3.13,-6.49,3.37,2.7,4.1,22.0,14.0,63.6,6.0,2.0,33.3,9.0,1.0,11.1,8.0,0.0,3.0,4.0,0.0,0.0,6.0,9.0,0.0
Nürnberg Falcons BC,Cameron Robert Parker,1,Cameron Robert Parker,6,17.5,104.7,25.0,4.2,9.0,23.0,39.1,3.0,9.0,33.3,4.0,8.0,50,0.0,9.0,9.0,26.0,1.0,0.0,8.0,5.0,33.1,16.7,1.0,1.0,0.3,64,89.0,14.8,3.4,1,1.0,1,2,26.6,3.9,1,-1.84,-3.37,1.53,1.7,2.6,13.0,5.0,38.5,1.0,1.0,100,9.0,3.0,33.3,4.0,3.0,2.0,5.0,0.0,1.0,1.0,6.0,0.0
Eisbären Bremerhaven,Evan Walshe,77,Evan Walshe,6,12.8,76.7,14.0,2.3,6.0,15.0,40,0.0,4.0,0,2.0,2.0,100,2.0,8.0,10.0,8.0,2.0,1.0,6.0,9.0,19.1,13.5,0.4,0.3,0.3,17,31.0,5.2,1.0,0,0,0,0,0,0.0,0,-4.57,-7.7,3.14,3.2,4.3,11.0,6.0,54.5,0.0,0.0,0,4.0,0.0,0,3.0,0.0,4.0,2.0,0.0,0.0,0.0,8.0,2.0
SBB Baskets ,Joryam Saizonou,9,Joryam Saizonou,6,4.0,24.1,4.0,0.7,2.0,7.0,28.6,0.0,2.0,0,0.0,0.0,0,0.0,2.0,2.0,2.0,0.0,0.0,4.0,2.0,10.6,23.0,0.2,0.1,0.1,5,9.0,1.5,0.4,0,0.0,2,0,0.0,2.0,1,-16.46,-15.15,-1.31,2.8,4.2,4.0,2.0,50,1.0,0.0,0,2.0,0.0,0,1.0,0.0,1.0,2.0,0.0,0.0,0.0,2.0,0.0
Bozic Estriche Knights Kirchheim,Clarence Felix Fansi,12,Clarence Felix Fansi,6,0.0,0.2,0.0,0.0,0.0,0.0,0,0.0,0.0,0,0.0,0.0,0,1.0,0.0,1.0,0.0,0.0,0.0,0.0,0.0,0.0,0.0,0.0,0.0,0.0,0,0.0,0.0,0.0,0,0,0,0,0,0.0,0,71.4,94.77,-23.37,3.1,4.0,0.0,0.0,0,0.0,0.0,0,0.0,0.0,0,0.0,0.0,0.0,0.0,0.0,0.0,0.0,0.0,0.0
BMA365 Bamberg Baskets,Cobe Williams,24,Cobe Williams,5,28.0,139.9,88.0,17.6,28.0,58.0,48.3,15.0,27.0,55.6,17.0,23.0,73.9,6.0,10.0,16.0,30.0,9.0,0.0,11.0,16.0,70.2,26.4,22.6,7.7,4.1,57,145.0,29.0,37.2,30,7.5,13,12,82.1,20.3,4,9.27,3.23,6.03,1.9,1.5,18.0,8.0,44.4,13.0,5.0,38.5,27.0,15.0,55.6,7.0,9.0,7.0,2.0,0.0,0.0,6.0,8.0,14.0
BMA365 Bamberg Baskets,Demarcus Demonia,8,Demarcus Demonia,5,27.7,138.4,70.0,14.0,23.0,46.0,50,9.0,24.0,37.5,15.0,21.0,71.4,5.0,17.0,22.0,11.0,8.0,0.0,4.0,14.0,52.1,19.8,18.0,2.8,5.6,29,99.0,19.8,25.4,10,3.3,4,2,102.5,4.9,3,4.91,-1.04,5.95,3.0,3.2,16.0,11.0,68.8,6.0,3.0,50,24.0,9.0,37.5,3.0,4.0,1.0,2.0,0.0,0.0,14.0,12.0,16.0
SBB Baskets Wolmirstedt,Modestas Paulauskas,10,Modestas Paulauskas,5,20.8,104.2,45.0,9.0,13.0,35.0,37.1,3.0,10.0,30,16.0,23.0,69.6,16.0,25.0,41.0,7.0,0.0,0.0,8.0,11.0,35.6,18.0,9.9,1.5,9.0,15,60.0,12.0,13.2,3,3.0,2,0,75.0,3.0,1,-4.37,-2.77,-1.61,5.0,3.5,23.0,10.0,43.5,2.0,0.0,0,10.0,3.0,30,4.0,0.0,2.0,5.0,0.0,0.0,15.0,4.0,9.0
BMA365 Bamberg Baskets,Ejiofor Onu,35,Ejiofor Onu,5,22.4,111.8,45.0,9.0,18.0,28.0,64.3,2.0,6.0,33.3,7.0,13.0,53.8,3.0,14.0,17.0,2.0,0.0,10.0,8.0,13.0,37.2,17.5,11.5,0.5,4.4,3,48.0,9.6,12.3,12,3.0,6,3,82.0,8.3,4,-0.84,-6.38,5.54,4.9,3.9,18.0,15.0,83.3,4.0,1.0,25,6.0,2.0,33.3,0.0,0.0,2.0,3.0,0.0,1.0,6.0,6.0,8.0
BMA365 Bamberg Baskets,Austin Crowley,85,Austin Crowley,5,24.6,123.0,39.0,7.8,14.0,32.0,43.8,3.0,16.0,18.8,8.0,16.0,50,3.0,16.0,19.0,6.0,6.0,3.0,13.0,15.0,47.1,20.1,10.0,1.5,4.9,15,54.0,10.8,13.8,8,4.0,5,2,68.0,7.9,2,-4.98,-9.72,4.74,3.5,4.7,12.0,10.0,83.3,4.0,1.0,25,16.0,3.0,18.8,7.0,0.0,6.0,3.0,0.0,3.0,4.0,11.0,12.0
BMA365 Bamberg Baskets,Daniel Keppeler,31,Daniel Keppeler,5,13.5,67.5,36.0,7.2,15.0,22.0,68.2,2.0,6.0,33.3,4.0,6.0,66.7,2.0,6.0,8.0,2.0,2.0,4.0,1.0,11.0,22.7,17.7,9.2,0.5,2.1,2,38.0,7.6,9.7,10,10.0,5,3,79.1,6.3,1,5.13,-1.63,6.76,3.8,3.3,16.0,13.0,81.2,0.0,0.0,0,6.0,2.0,33.3,3.0,0.0,1.0,0.0,0.0,0.0,6.0,0.0,8.0
BMA365 Bamberg Baskets,Richard Balint,11,Richard Balint,5,17.2,86.0,26.0,5.2,8.0,25.0,32,8.0,22.0,36.4,2.0,2.0,100,0.0,2.0,2.0,11.0,6.0,1.0,14.0,8.0,38.3,23.4,6.7,2.8,0.5,23,49.0,9.8,12.6,0,0.0,3,0,0.0,3.0,2,-4.11,-7.57,3.46,1.8,4.0,2.0,0.0,0,1.0,0.0,0,22.0,8.0,36.4,0.0,4.0,9.0,3.0,0.0,1.0,0.0,8.0,6.0
Eisbären Bremerhaven,Dominique Kevin Johnson,25,Dominique Kevin Johnson,5,6.9,34.3,24.0,4.8,7.0,12.0,58.3,4.0,8.0,50,6.0,7.0,85.7,2.0,1.0,3.0,1.0,0.0,0.0,4.0,5.0,16.4,26.0,0.8,0.0,0.1,2,26.0,5.2,0.8,2,2.0,1,0,100.0,1.0,1,2.24,1.6,0.64,3.1,2.7,3.0,2.0,66.7,1.0,1.0,100,8.0,4.0,50,0.0,1.0,2.0,1.0,0.0,0.0,2.0,2.0,2.0
SBB Baskets Wolmirstedt,Martin Bogdanov,6,Martin Bogdanov,5,17.8,88.9,18.0,3.6,7.0,16.0,43.8,2.0,6.0,33.3,2.0,4.0,50,2.0,5.0,7.0,27.0,2.0,0.0,7.0,8.0,21.8,12.9,3.9,5.9,1.5,60,78.0,15.6,17.1,0,0,0,0,0,0.0,0,-3.35,-2.31,-1.04,1.0,1.3,8.0,4.0,50,2.0,1.0,50,6.0,2.0,33.3,4.0,1.0,3.0,2.0,0.0,2.0,0.0,2.0,3.0
BMA365 Bamberg Baskets,Zachary Ensminger,1,Zachary Ensminger,5,16.9,84.4,18.0,3.6,7.0,20.0,35,2.0,8.0,25,2.0,6.0,33.3,3.0,14.0,17.0,20.0,5.0,0.0,2.0,9.0,20.8,12.9,4.6,5.1,4.4,46,64.0,12.8,16.4,0,0.0,1,0,0.0,1.0,1,3.81,-3.72,7.53,2.6,3.4,2.0,1.0,50,10.0,4.0,40,8.0,2.0,25,0.0,1.0,1.0,0.0,0.0,0.0,0.0,5.0,6.0
BMA365 Bamberg Baskets,Adrian Petkovic,15,Adrian Petkovic,5,6.6,33.2,18.0,3.6,6.0,12.0,50,3.0,7.0,42.9,3.0,6.0,50,1.0,1.0,2.0,3.0,0.0,0.0,3.0,2.0,16.0,25.3,4.6,0.8,0.5,8,26.0,5.2,6.7,0,0,0,0,0,0.0,0,-1.32,-2.42,1.1,2.7,3.5,3.0,1.0,33.3,2.0,2.0,100,7.0,3.0,42.9,1.0,0.0,1.0,2.0,0.0,0.0,5.0,0.0,5.0
SBB Baskets Wolmirstedt,Benjamin Koppke,21,Benjamin Koppke,5,14.1,70.4,11.0,2.2,4.0,10.0,40,0.0,0.0,0,3.0,4.0,75,2.0,10.0,12.0,1.0,0.0,1.0,7.0,5.0,16.1,12.0,2.4,0.2,2.6,2,13.0,2.6,2.9,0,0,0,0,0,0.0,0,-10.64,-9.96,-0.69,3.8,4.8,10.0,4.0,40,0.0,0.0,0,0.0,0.0,0,0.0,0.0,2.0,5.0,0.0,0.0,1.0,1.0,0.0
Phoenix Hagen,Richard Fernando de Jesus Nunez Rivera,1,Richard Fernando de Jesus Nunez Rivera; Player 1,5,3.4,16.8,9.0,1.8,3.0,7.0,42.9,2.0,4.0,50,1.0,3.0,33.3,2.0,1.0,3.0,3.0,0.0,0.0,0.0,3.0,6.1,18.3,0.3,0.1,0.1,8,17.0,3.4,0.5,2,2.0,1,0,100.0,1.0,1,6.21,3.21,3.0,3.0,3.6,1.0,0.0,0,2.0,1.0,50,4.0,2.0,50,0.0,0.0,0.0,0.0,0.0,0.0,0.0,3.0,0.0
RheinStars Köln,Friedrich Beyer,17,Friedrich Beyer,5,3.9,19.5,3.0,0.6,1.0,2.0,50,0.0,0.0,0,1.0,2.0,50,1.0,2.0,3.0,1.0,0.0,1.0,0.0,3.0,1.8,4.9,0.1,0.0,0.1,3,6.0,1.2,0.2,0,0,0,0,0,0.0,0,-1.35,-4.83,3.48,3.6,4.1,1.0,0.0,0,1.0,1.0,100,0.0,0.0,0,0.0,0.0,0.0,0.0,0.0,0.0,1.0,0.0,0.0
BMA365 Bamberg Baskets,Finn Döntgens,7,Finn Döntgens,5,1.3,6.7,2.0,0.4,1.0,1.0,100,0.0,0.0,0,0.0,0.0,0,0.0,0.0,0.0,0.0,0.0,0.0,0.0,2.0,1.0,7.6,0.5,0.0,0.0,0,2.0,0.4,0.5,0,0,0,0,0,0.0,0,-4.49,-8.82,4.33,3.0,4.0,1.0,1.0,100,0.0,0.0,0,0.0,0.0,0,0.0,0.0,0.0,0.0,0.0,0.0,0.0,0.0,0.0
HAKRO Merlins Crailsheim,Teodor Regoršek,13,Teodor Regoršek,5,0.3,1.5,0.0,0.0,0.0,0.0,0,0.0,0.0,0,0.0,0.0,0,0.0,0.0,0.0,0.0,0.0,0.0,0.0,0.0,0.0,0.0,0.0,0.0,0.0,0,0.0,0.0,0.0,0,0,0,0,0,0.0,0,-4.51,-6.48,1.97,3.0,4.1,0.0,0.0,0,0.0,0.0,0,0.0,0.0,0,0.0,0.0,0.0,0.0,0.0,0.0,0.0,0.0,0.0
EWE Baskets Oldenburg,Christopher Clemons,3,Christopher Clemons,4,31.4,125.7,76.0,19.0,23.0,57.0,40.4,14.0,35.0,40,16.0,18.0,88.9,3.0,14.0,17.0,14.0,9.0,0.0,9.0,8.0,68.1,29.1,25.5,4.7,5.7,28,104.0,26.0,34.9,3,1.5,10,0,15.0,10.0,2,9.16,1.56,7.6,2.2,1.6,14.0,6.0,42.9,8.0,3.0,37.5,35.0,14.0,40,5.0,12.0,2.0,3.0,0.0,2.0,2.0,11.0,18.0
BMA365 Bamberg Baskets,Ibi Watson,2,Ibi Watson,4,30.8,123.1,64.0,16.0,20.0,35.0,57.1,13.0,21.0,61.9,11.0,12.0,91.7,7.0,16.0,23.0,14.0,3.0,0.0,8.0,9.0,39.6,16.9,16.4,3.6,5.9,37,101.0,25.2,25.9,17,5.7,6,4,109.5,9.8,3,7.92,2.71,5.21,3.3,2.1,6.0,4.0,66.7,8.0,3.0,37.5,21.0,13.0,61.9,1.0,2.0,3.0,4.0,0.0,0.0,5.0,11.0,17.0
EWE Baskets Oldenburg,Nicholas Tischler,11,Nicholas Tischler,4,26.9,107.6,60.0,15.0,22.0,46.0,47.8,8.0,24.0,33.3,8.0,8.0,100,6.0,10.0,16.0,10.0,7.0,0.0,10.0,9.0,51.4,25.6,20.1,3.4,5.4,21,81.0,20.2,27.2,7,3.5,1,4,126.8,4.8,2,6.29,-0.63,6.92,2.6,2.0,17.0,13.0,76.5,5.0,1.0,20,24.0,8.0,33.3,7.0,0.0,5.0,3.0,0.0,1.0,8.0,15.0,16.0
ALBA BERLIN,Malte Delow,6,Malte Delow,4,21.8,87.3,56.0,14.0,19.0,30.0,63.3,8.0,14.0,57.1,10.0,12.0,83.3,3.0,8.0,11.0,7.0,5.0,0.0,8.0,6.0,38.7,23.6,18.6,2.3,3.7,15,71.0,17.8,23.6,2,2.0,1,2,53.2,4.9,1,12.6,4.63,7.97,2.4,2.0,15.0,10.0,66.7,1.0,1.0,100,14.0,8.0,57.1,3.0,1.0,4.0,3.0,0.0,1.0,5.0,9.0,6.0
ALBA BERLIN,Jack Kayil,7,Jack Kayil,4,23.8,95.1,45.0,11.2,16.0,49.0,32.7,7.0,32.0,21.9,6.0,7.0,85.7,2.0,15.0,17.0,17.0,6.0,1.0,12.0,6.0,59.6,33.4,15.0,5.7,5.7,43,88.0,22.0,29.3,0,0.0,2,0,0.0,3.0,1,2.01,-4.01,6.02,2.4,3.7,10.0,6.0,60,7.0,3.0,42.9,32.0,7.0,21.9,3.0,4.0,8.0,3.0,0.0,1.0,4.0,2.0,8.0
ALBA BERLIN,Justin Bean,34,Justin Bean,4,24.0,96.2,41.0,10.2,13.0,24.0,54.2,4.0,10.0,40,11.0,14.0,78.6,9.0,18.0,27.0,7.0,4.0,0.0,3.0,7.0,23.2,12.9,13.7,2.3,9.0,14,55.0,13.8,18.3,0,0,0,0,0,0.0,0,9.97,2.46,7.51,3.4,3.2,12.0,9.0,75,2.0,0.0,0,10.0,4.0,40,4.0,0.0,3.0,0.0,0.0,0.0,14.0,4.0,10.0
EWE Baskets Oldenburg,Michale Kyser,12,Michale Kyser,4,23.3,93.4,37.0,9.2,13.0,24.0,54.2,0.0,2.0,0,11.0,14.0,78.6,8.0,13.0,21.0,2.0,2.0,5.0,2.0,9.0,23.2,13.3,12.4,0.7,7.0,6,43.0,10.8,14.4,4,2.0,1,4,72.5,2.8,2,3.23,-3.04,6.27,5.0,3.6,10.0,7.0,70,12.0,6.0,50,2.0,0.0,0,2.0,0.0,0.0,2.0,0.0,0.0,11.0,2.0,8.0
ALBA BERLIN,Norris Agbakoko,17,Norris Agbakoko,4,19.4,77.6,37.0,9.2,13.0,27.0,48.1,1.0,1.0,100,10.0,13.0,76.9,13.0,9.0,22.0,1.0,2.0,2.0,5.0,13.0,23.7,16.3,12.3,0.3,7.3,3,40.0,10.0,13.3,0,0,0,0,0,0.0,0,1.1,-2.94,4.04,4.4,4.1,25.0,12.0,48,1.0,0.0,0,1.0,1.0,100,4.0,0.0,2.0,1.0,1.0,0.0,7.0,2.0,9.0
ALBA BERLIN,Moses Wood,11,Moses Wood,4,17.7,70.9,36.0,9.0,12.0,25.0,48,9.0,21.0,42.9,3.0,4.0,75,2.0,11.0,13.0,3.0,1.0,2.0,5.0,9.0,28.6,21.5,12.0,1.0,4.3,8,44.0,11.0,14.7,0,0,0,0,0,0.0,0,6.56,0.31,6.25,3.9,3.3,3.0,2.0,66.7,1.0,1.0,100,21.0,9.0,42.9,0.0,0.0,3.0,1.0,0.0,0.0,3.0,14.0,10.0
HAKRO Merlins Crailsheim,Charles Tyrone Harris Jr,11,Charles Tyrone Harris Jr,4,16.8,67.1,34.0,8.5,11.0,31.0,35.5,3.0,13.0,23.1,9.0,11.0,81.8,2.0,4.0,6.0,11.0,0.0,0.0,7.0,10.0,39.2,30.4,1.1,0.4,0.2,21,55.0,13.8,1.8,1,1.0,2,2,17.4,2.9,1,-4.58,-5.7,1.13,2.4,3.1,8.0,2.0,25,10.0,6.0,60,13.0,3.0,23.1,1.0,1.0,3.0,3.0,0.0,0.0,3.0,7.0,6.0
EWE Baskets Oldenburg,Brian Fobbs,4,Brian Fobbs,4,31.3,125.4,31.0,7.8,12.0,42.0,28.6,5.0,23.0,21.7,2.0,4.0,50,3.0,9.0,12.0,10.0,3.0,0.0,8.0,9.0,46.8,20.0,10.4,3.4,4.0,23,54.0,13.5,18.1,3,1.5,5,2,25.5,5.9,2,-6.16,-9.33,3.17,2.5,4.3,12.0,5.0,41.7,7.0,2.0,28.6,23.0,5.0,21.7,3.0,2.0,6.0,1.0,0.0,0.0,5.0,6.0,12.0
ALBA BERLIN,Sam Griesel,5,Sam Griesel,4,19.7,78.8,22.0,5.5,10.0,20.0,50,2.0,6.0,33.3,0.0,1.0,0,7.0,12.0,19.0,6.0,3.0,1.0,11.0,10.0,23.5,15.9,7.3,2.0,6.3,15,37.0,9.2,12.3,0,0,0,0,0,0.0,0,-0.42,-6.48,6.06,3.5,4.1,12.0,8.0,66.7,2.0,0.0,0,6.0,2.0,33.3,4.0,0.0,8.0,1.0,0.0,2.0,4.0,6.0,6.0
EWE Baskets Oldenburg,James Woodard,10,James Woodard,4,18.3,73.3,19.0,4.8,6.0,18.0,33.3,3.0,12.0,25,4.0,4.0,100,4.0,11.0,15.0,7.0,4.0,0.0,5.0,5.0,19.9,14.6,6.4,2.3,5.0,13,32.0,8.0,10.7,2,2.0,2,2,34.7,2.9,1,1.16,-5.55,6.71,3.0,3.6,5.0,2.0,40,1.0,1.0,100,12.0,3.0,25,1.0,0.0,3.0,1.0,0.0,1.0,0.0,5.0,5.0
EWE Baskets Oldenburg,Seth Hinrichs,21,Seth Hinrichs,4,20.0,80.0,19.0,4.8,7.0,19.0,36.8,3.0,7.0,42.9,2.0,2.0,100,6.0,9.0,15.0,3.0,6.0,0.0,6.0,9.0,19.1,12.8,6.4,1.0,5.0,7,26.0,6.5,8.7,0,0.0,1,0,0.0,2.0,1,-0.9,-7.59,6.68,3.2,4.3,9.0,4.0,44.4,3.0,0.0,0,7.0,3.0,42.9,3.0,0.0,5.0,0.0,0.0,0.0,9.0,0.0,2.0
ALBA BERLIN,Jonas Mattisseck,9,Jonas Mattisseck,4,22.5,90.0,17.0,4.2,4.0,16.0,25,4.0,13.0,30.8,5.0,6.0,83.3,4.0,10.0,14.0,10.0,0.0,0.0,5.0,12.0,18.9,11.2,5.7,3.3,4.7,24,41.0,10.2,13.7,6,6.0,4,0,75.0,4.0,1,-0.3,-5.17,4.87,2.9,4.2,0.0,0.0,0,3.0,0.0,0,13.0,4.0,30.8,0.0,0.0,1.0,3.0,0.0,0.0,7.0,0.0,4.0
ALBA BERLIN,J'wan Roberts,13,J'wan Roberts,4,14.9,59.7,13.0,3.2,5.0,12.0,41.7,0.0,0.0,0,3.0,4.0,75,8.0,8.0,16.0,6.0,3.0,0.0,7.0,10.0,12.2,10.9,4.3,2.0,5.3,13,26.0,6.5,8.7,0,0,0,0,0,0.0,0,-0.04,-6.48,6.43,3.2,4.2,12.0,5.0,41.7,0.0,0.0,0,0.0,0.0,0,2.0,0.0,0.0,6.0,0.0,0.0,4.0,4.0,4.0
Bayer Giants Leverkusen,Jug Bogdan,5,Jug Bogdan,4,9.6,38.3,12.0,3.0,3.0,10.0,30,1.0,3.0,33.3,5.0,9.0,55.6,3.0,5.0,8.0,0.0,1.0,1.0,1.0,5.0,11.5,16.2,0.5,0.0,0.3,0,12.0,3.0,0.5,4,4.0,4,6,30.1,6.6,1,-6.42,-6.56,0.14,3.8,4.7,5.0,2.0,40,2.0,0.0,0,3.0,1.0,33.3,1.0,0.0,0.0,1.0,0.0,0.0,4.0,7.0,7.0
SBB Baskets ,Matthew Thomas Lane,18,Matthew Thomas Lane,4,5.8,23.3,10.0,2.5,4.0,4.0,100,0.0,0.0,0,2.0,3.0,66.7,5.0,2.0,7.0,0.0,0.0,2.0,1.0,7.0,1.3,2.9,0.5,0.0,0.3,0,10.0,2.5,0.5,0,0,0,0,0,0.0,0,2.84,-1.71,4.56,4.4,3.5,4.0,4.0,100,0.0,0.0,0,0.0,0.0,0,4.0,0.0,0.0,0.0,0.0,1.0,8.0,0.0,0.0
Bayer Giants Leverkusen,David Koch,26,David Koch,4,2.5,10.0,8.0,2.0,3.0,6.0,50,2.0,5.0,40,0.0,0.0,0,0.0,0.0,0.0,1.0,0.0,0.0,1.0,0.0,6.7,36.2,0.3,0.0,0.0,2,10.0,2.5,0.4,0,0,0,0,0,0.0,0,6.71,7.42,-0.71,2.7,3.2,1.0,1.0,100,0.0,0.0,0,5.0,2.0,40,0.0,0.0,1.0,0.0,0.0,0.0,0.0,2.0,0.0
Tigers Tübingen,Larry Matthew Thomas,0,Larry Matthew Thomas,4,11.5,45.9,7.0,1.8,2.0,14.0,14.3,2.0,9.0,22.2,1.0,2.0,50,0.0,2.0,2.0,11.0,3.0,0.0,3.0,7.0,17.2,19.6,0.3,0.4,0.1,20,27.0,6.8,1.0,0,0,0,0,0,0.0,0,-7.07,-9.46,2.4,1.6,3.3,1.0,0.0,0,4.0,0.0,0,9.0,2.0,22.2,0.0,0.0,2.0,1.0,0.0,0.0,3.0,1.0,1.0
Eisbären Bremerhaven,Alejandro Ruano Garayoa,33,Alejandro Ruano Garayoa,4,7.4,29.6,3.0,0.8,1.0,4.0,25,1.0,3.0,33.3,0.0,0.0,0,0.0,1.0,1.0,5.0,1.0,0.0,2.0,3.0,5.8,10.6,0.1,0.2,0.0,15,18.0,4.5,0.6,0,0,0,0,0,0.0,0,-3.07,-5.87,2.81,2.2,3.9,1.0,0.0,0,0.0,0.0,0,3.0,1.0,33.3,0.0,0.0,1.0,1.0,0.0,0.0,0.0,0.0,0.0
EWE Baskets Oldenburg,Ralph Hounnou,5,Ralph Hounnou,4,1.2,5.0,3.0,0.8,1.0,3.0,33.3,1.0,3.0,33.3,0.0,0.0,0,0.0,0.0,0.0,0.0,0.0,0.0,0.0,2.0,2.9,31.1,1.0,0.0,0.0,0,3.0,0.8,1.0,0,0,0,0,0,0.0,0,-5.99,-8.27,2.28,3.0,4.0,0.0,0.0,0,0.0,0.0,0,3.0,1.0,33.3,0.0,0.0,0.0,0.0,0.0,0.0,0.0,0.0,0.0
RheinStars Köln,Ferdinand Justus Trefzger,2,Ferdinand Justus Trefzger,4,3.5,14.1,2.0,0.5,1.0,4.0,25,0.0,2.0,0,0.0,0.0,0,0.0,0.0,0.0,0.0,1.0,0.0,1.0,2.0,4.8,18.1,0.1,0.0,0.0,0,2.0,0.5,0.1,0,0,0,0,0,0.0,0,-13.25,-14.02,0.77,2.6,4.4,1.0,0.0,0,1.0,1.0,100,2.0,0.0,0,0.0,0.0,1.0,0.0,0.0,0.0,0.0,0.0,0.0
EPG Baskets Koblenz,Jakob Hanzalek,77,Jakob Hanzalek,4,3.2,12.7,0.0,0.0,0.0,1.0,0,0.0,1.0,0,0.0,0.0,0,0.0,0.0,0.0,1.0,0.0,0.0,0.0,1.0,1.0,3.8,0.0,0.0,0.0,2,2.0,0.5,0.1,0,0,0,0,0,0.0,0,-8.49,-8.58,0.09,2.7,4.2,0.0,0.0,0,0.0,0.0,0,1.0,0.0,0,0.0,0.0,0.0,0.0,0.0,0.0,0.0,0.0,0.0
VfL SparkassenStars Bochum,Luka Zajic,2,Luka Zajic,4,1.2,5.0,0.0,0.0,0.0,1.0,0,0.0,1.0,0,0.0,2.0,0,0.0,1.0,1.0,0.0,0.0,0.0,0.0,0.0,1.8,19.0,0.0,0.0,0.0,0,0.0,0.0,0.0,0,0,0,0,0,0.0,0,-22.28,-17.36,-4.92,3.1,4.2,0.0,0.0,0,0.0,0.0,0,1.0,0.0,0,0.0,0.0,0.0,0.0,0.0,0.0,0.0,0.0,0.0
RASTA Vechta,Alonzo Verge Jr,11,Alonzo Verge Jr,3,29.3,88.0,73.0,24.3,27.0,50.0,54,3.0,9.0,33.3,16.0,19.0,84.2,3.0,11.0,14.0,16.0,4.0,0.0,6.0,7.0,58.9,35.3,32.1,7.0,6.2,35,108.0,36.0,47.5,13,6.5,7,5,70.7,11.2,2,13.07,5.04,8.03,2.3,1.0,30.0,20.0,66.7,11.0,4.0,36.4,9.0,3.0,33.3,18.0,2.0,1.0,4.0,0.0,0.0,9.0,10.0,17.0
VET-CONCEPT Gladiators Trier,Eli Brooks,55,Eli Brooks,3,28.8,86.3,60.0,20.0,23.0,45.0,51.1,7.0,17.0,41.2,7.0,8.0,87.5,5.0,4.0,9.0,18.0,2.0,0.0,7.0,5.0,48.5,30.1,26.8,8.0,4.0,41,101.0,33.7,45.0,0,0,0,0,0,0.0,0,6.7,5.85,0.85,1.9,1.6,26.0,15.0,57.7,2.0,1.0,50,17.0,7.0,41.2,13.0,3.0,4.0,2.0,0.0,1.0,7.0,11.0,7.0
Science City Jena,Player 33,33,Player 33,3,23.8,71.3,44.0,14.7,12.0,36.0,33.3,4.0,17.0,23.5,16.0,20.0,80,4.0,3.0,7.0,13.0,4.0,0.0,7.0,8.0,45.9,34.2,19.5,5.8,3.1,31,75.0,25.0,33.2,9,4.5,3,2,116.0,4.9,2,3.5,-0.26,3.76,1.8,1.9,12.0,7.0,58.3,7.0,1.0,14.3,17.0,4.0,23.5,4.0,1.0,3.0,4.0,0.0,0.0,5.0,11.0,16.0
Science City Jena,Keith Braxton JR,13,Keith Braxton JR,3,26.4,79.1,41.0,13.7,16.0,35.0,45.7,6.0,15.0,40,3.0,5.0,60,1.0,8.0,9.0,6.0,5.0,0.0,3.0,6.0,37.6,25.3,18.1,2.7,4.0,14,55.0,18.3,24.3,7,3.5,6,0,58.3,6.0,2,4.8,-0.91,5.71,2.4,2.9,8.0,7.0,87.5,12.0,3.0,25,15.0,6.0,40,5.0,2.0,0.0,3.0,0.0,0.0,5.0,5.0,15.0
FC Bayern München Basketball,Andreas Obst,13,Andreas Obst,3,24.3,72.8,41.0,13.7,11.0,33.0,33.3,7.0,23.0,30.4,12.0,12.0,100,2.0,3.0,5.0,8.0,5.0,0.0,5.0,4.0,39.6,29.0,17.5,3.4,2.1,17,58.0,19.3,24.8,11,11.0,6,3,75.1,8.3,1,4.19,-0.04,4.23,1.9,3.6,8.0,4.0,50,2.0,0.0,0,23.0,7.0,30.4,3.0,1.0,3.0,2.0,0.0,0.0,5.0,10.0,6.0
Science City Jena,Great Osobor,1,Great Osobor,3,17.6,52.7,40.0,13.3,9.0,22.0,40.9,2.0,9.0,22.2,20.0,33.0,60.6,4.0,8.0,12.0,2.0,2.0,1.0,4.0,11.0,35.1,35.3,17.7,0.9,5.3,4,44.0,14.7,19.5,11,5.5,3,10,74.3,7.4,2,1.78,-2.71,4.48,3.9,2.9,12.0,6.0,50,1.0,1.0,100,9.0,2.0,22.2,2.0,1.0,1.0,1.0,0.0,0.0,7.0,11.0,17.0
FC Bayern München Basketball,Isiaha Mike,22,Isiaha Mike,3,24.4,73.1,40.0,13.3,11.0,25.0,44,3.0,12.0,25,15.0,20.0,75,5.0,14.0,19.0,6.0,2.0,0.0,4.0,7.0,31.5,23.0,17.1,2.6,8.1,15,55.0,18.3,23.5,2,2.0,4,4,17.4,5.8,1,3.98,-0.57,4.55,3.4,3.5,11.0,8.0,72.7,2.0,0.0,0,12.0,3.0,25,5.0,0.0,2.0,1.0,0.0,0.0,7.0,6.0,3.0
Science City Jena,Tavian Dunn-Martin,0,Tavian Dunn-Martin,3,20.7,62.2,39.0,13.0,14.0,35.0,40,6.0,22.0,27.3,5.0,6.0,83.3,0.0,2.0,2.0,11.0,3.0,0.0,4.0,6.0,40.0,34.1,17.3,4.9,0.9,26,65.0,21.7,28.8,10,5.0,8,0,62.5,8.0,2,4.98,1.16,3.81,1.5,1.9,8.0,5.0,62.5,5.0,3.0,60,22.0,6.0,27.3,3.0,5.0,2.0,1.0,0.0,1.0,4.0,5.0,8.0
VET-CONCEPT Gladiators Trier,Jordan Roland,15,Jordan Roland,3,25.3,76.0,37.0,12.3,15.0,33.0,45.5,4.0,17.0,23.5,3.0,4.0,75,1.0,10.0,11.0,6.0,5.0,1.0,2.0,0.0,34.3,24.2,16.5,2.7,4.9,16,53.0,17.7,23.6,0,0,0,0,0,0.0,0,3.41,-0.02,3.43,2.4,3.8,9.0,6.0,66.7,7.0,5.0,71.4,17.0,4.0,23.5,4.0,1.0,1.0,0.0,0.0,1.0,7.0,11.0,11.0
FC Bayern München Basketball,Justus Hollatz,21,Justus Hollatz,3,18.7,56.2,32.0,10.7,13.0,15.0,86.7,4.0,5.0,80,2.0,2.0,100,4.0,5.0,9.0,7.0,2.0,0.0,2.0,9.0,13.3,12.6,13.7,3.0,3.8,14,46.0,15.3,19.6,0,0,0,0,0,0.0,0,14.14,6.2,7.94,2.7,2.1,8.0,7.0,87.5,2.0,2.0,100,5.0,4.0,80,4.0,0.0,1.0,0.0,0.0,0.0,7.0,7.0,12.0
VET-CONCEPT Gladiators Trier,Nolan Adekunle,22,Nolan Adekunle,3,21.3,63.9,31.0,10.3,10.0,20.0,50,5.0,13.0,38.5,6.0,7.0,85.7,4.0,11.0,15.0,4.0,1.0,4.0,2.0,9.0,20.2,16.9,13.8,1.8,6.7,8,39.0,13.0,17.4,0,0,0,0,0,0.0,0,5.24,1.24,3.99,4.2,3.3,6.0,5.0,83.3,1.0,0.0,0,13.0,5.0,38.5,3.0,0.0,1.0,1.0,0.0,0.0,6.0,6.0,11.0
RASTA Vechta,TJ Bamba,5,TJ Bamba,3,24.1,72.4,30.0,10.0,12.0,25.0,48,3.0,8.0,37.5,3.0,3.0,100,1.0,11.0,12.0,8.0,1.0,2.0,6.0,7.0,30.1,21.9,13.2,3.5,5.3,17,47.0,15.7,20.7,6,3.0,4,0,75.0,5.0,2,1.0,-5.15,6.14,3.5,3.0,12.0,8.0,66.7,5.0,1.0,20,8.0,3.0,37.5,4.0,0.0,1.0,4.0,0.0,0.0,3.0,6.0,6.0
VET-CONCEPT Gladiators Trier,Urald King,20,Urald King,3,23.7,71.0,29.0,9.7,11.0,18.0,61.1,1.0,5.0,20,6.0,6.0,100,5.0,19.0,24.0,3.0,1.0,2.0,7.0,5.0,21.7,16.4,12.9,1.3,10.7,7,36.0,12.0,16.1,0,0,0,0,0,0.0,0,-0.07,-2.61,2.54,4.4,3.6,12.0,10.0,83.3,1.0,0.0,0,5.0,1.0,20,6.0,0.0,3.0,2.0,0.0,0.0,12.0,6.0,4.0
FC Bayern München Basketball,Justinian Jessup,10,Justinian Jessup,3,19.0,56.9,28.0,9.3,12.0,23.0,52.2,2.0,10.0,20,2.0,5.0,40,2.0,10.0,12.0,4.0,1.0,0.0,4.0,6.0,26.1,24.5,12.0,1.7,5.1,11,39.0,13.0,16.6,0,0,0,0,0,0.0,0,-0.59,-4.14,3.55,3.2,3.9,5.0,5.0,100,8.0,5.0,62.5,10.0,2.0,20,1.0,0.0,3.0,1.0,0.0,0.0,0.0,4.0,2.0
FC Bayern München Basketball,Vladimir Lucic,11,Vladimir Lucic,3,26.4,79.2,28.0,9.3,8.0,20.0,40,2.0,10.0,20,10.0,10.0,100,5.0,15.0,20.0,10.0,1.0,1.0,1.0,3.0,19.6,13.2,12.0,4.3,8.5,22,50.0,16.7,21.3,1,1.0,1,1,34.7,1.4,1,6.96,1.37,5.59,3.4,3.6,9.0,6.0,66.7,1.0,0.0,0,10.0,2.0,20,3.0,0.0,1.0,0.0,0.0,0.0,6.0,12.0,8.0
VET-CONCEPT Gladiators Trier,Maik Zirbes,33,Maik Zirbes,3,18.5,55.4,26.0,8.7,6.0,11.0,54.5,0.0,0.0,0,14.0,16.0,87.5,3.0,7.0,10.0,6.0,0.0,2.0,7.0,5.0,21.2,20.4,11.6,2.7,4.5,10,36.0,12.0,16.1,0,0,0,0,0,0.0,0,-0.17,-2.68,2.51,3.5,2.9,10.0,6.0,60,1.0,0.0,0,0.0,0.0,0,1.0,0.0,1.0,3.0,0.0,0.0,2.0,2.0,6.0
Science City Jena,Naz Bohannon,15,Naz Bohannon,3,25.7,77.1,25.0,8.3,9.0,14.0,64.3,0.0,1.0,0,7.0,10.0,70,4.0,9.0,13.0,5.0,3.0,2.0,5.0,10.0,18.6,12.8,11.1,2.2,5.8,10,35.0,11.7,15.5,4,2.0,2,0,100.0,2.0,2,1.48,-4.79,6.27,3.6,3.3,9.0,6.0,66.7,4.0,3.0,75,1.0,0.0,0,2.0,0.0,1.0,2.0,0.0,0.0,0.0,8.0,6.0
VET-CONCEPT Gladiators Trier,Marten Linßen,12,Marten Linßen,3,19.0,56.9,23.0,7.7,8.0,18.0,44.4,1.0,2.0,50,6.0,9.0,66.7,5.0,10.0,15.0,4.0,1.0,1.0,3.0,10.0,19.2,18.0,10.3,1.8,6.7,10,33.0,11.0,14.7,0,0,0,0,0,0.0,0,-3.63,-5.15,1.52,3.8,4.0,16.0,7.0,43.8,0.0,0.0,0,2.0,1.0,50,0.0,0.0,0.0,2.0,0.0,0.0,0.0,4.0,3.0
EWE Baskets Oldenburg,Filip Stanic,65,Filip Stanic,3,17.8,53.3,23.0,7.7,8.0,19.0,42.1,0.0,0.0,0,7.0,9.0,77.8,5.0,11.0,16.0,1.0,2.0,1.0,9.0,8.0,25.9,26.0,7.7,0.3,5.4,2,25.0,8.3,8.4,2,2.0,1,0,100.0,2.0,1,-7.6,-11.97,4.38,4.6,4.0,18.0,8.0,44.4,1.0,0.0,0,0.0,0.0,0,6.0,0.0,3.0,4.0,1.0,1.0,4.0,2.0,2.0
FC Bayern München Basketball,Oscar da Silva,1,Oscar da Silva,3,17.9,53.9,23.0,7.7,9.0,16.0,56.2,1.0,3.0,33.3,4.0,5.0,80,4.0,7.0,11.0,1.0,2.0,2.0,4.0,8.0,17.5,17.3,9.8,0.4,4.7,3,26.0,8.7,11.1,5,5.0,3,0,83.3,5.0,1,1.12,-4.11,5.23,3.8,4.1,12.0,8.0,66.7,1.0,0.0,0,3.0,1.0,33.3,2.0,0.0,2.0,1.0,0.0,1.0,4.0,2.0,4.0
RASTA Vechta,Joschka Ferner,9,Joschka Ferner,3,23.5,70.6,20.0,6.7,7.0,20.0,35,6.0,19.0,31.6,0.0,0.0,0,3.0,4.0,7.0,1.0,3.0,1.0,0.0,6.0,16.3,12.2,8.8,0.4,3.1,3,23.0,7.7,10.1,0,0.0,2,0,0.0,2.0,1,0.9,-4.14,5.03,3.1,4.5,0.0,0.0,0,1.0,1.0,100,19.0,6.0,31.6,0.0,0.0,0.0,0.0,0.0,0.0,0.0,0.0,3.0
RASTA Vechta,Malcolm Dandridge,23,Malcolm Dandridge,3,15.4,46.3,18.0,6.0,7.0,12.0,58.3,0.0,0.0,0,4.0,10.0,40,3.0,9.0,12.0,0.0,1.0,2.0,6.0,10.0,18.6,21.2,7.9,0.0,5.3,0,18.0,6.0,7.9,2,2.0,0,2,113.6,1.9,1,-7.99,-12.86,4.87,4.6,4.2,12.0,7.0,58.3,0.0,0.0,0,0.0,0.0,0,1.0,0.0,0.0,3.0,0.0,1.0,5.0,4.0,11.0
Science City Jena,Lorenz Bank,25,Lorenz Bank,3,23.3,70.0,18.0,6.0,7.0,20.0,35,4.0,13.0,30.8,0.0,0.0,0,11.0,8.0,19.0,1.0,4.0,2.0,1.0,8.0,9.6,7.3,8.0,0.4,8.4,2,20.0,6.7,8.9,5,5.0,5,0,50.0,5.0,1,1.41,-2.37,3.77,4.4,4.6,7.0,3.0,42.9,0.0,0.0,0,13.0,4.0,30.8,1.0,0.0,0.0,0.0,0.0,0.0,2.0,5.0,5.0
FC Bayern München Basketball,Niels Giffey,5,Niels Giffey,3,13.3,40.0,17.0,5.7,6.0,20.0,30,3.0,10.0,30,2.0,2.0,100,2.0,3.0,5.0,1.0,2.0,0.0,2.0,3.0,20.0,26.8,7.3,0.4,2.1,3,20.0,6.7,8.5,0,0,0,0,0,0.0,0,-5.45,-6.72,1.26,2.8,4.7,6.0,2.0,33.3,4.0,1.0,25,10.0,3.0,30,1.0,1.0,1.0,1.0,0.0,0.0,5.0,2.0,2.0
ALBA BERLIN,Alex O'Connell,3,Alex O'Connell,3,11.7,35.2,16.0,5.3,5.0,17.0,29.4,4.0,13.0,30.8,2.0,2.0,100,2.0,4.0,6.0,1.0,1.0,0.0,1.0,4.0,16.2,24.5,5.3,0.3,2.0,0,16.0,5.3,5.3,0,0.0,1,0,0.0,1.0,1,-0.48,-3.54,3.06,3.1,4.5,3.0,1.0,33.3,1.0,0.0,0,13.0,4.0,30.8,0.0,0.0,0.0,1.0,0.0,0.0,6.0,0.0,3.0
VET-CONCEPT Gladiators Trier,Clayton Thomas Guillozet,4,Clay Guillozet; Clayton Thomas Guillozet,3,10.5,31.5,15.0,5.0,6.0,10.0,60,1.0,1.0,100,2.0,4.0,50,2.0,2.0,4.0,4.0,3.0,1.0,0.0,3.0,9.4,15.9,6.7,1.8,1.8,7,22.0,7.3,9.8,0,0,0,0,0,0.0,0,11.55,4.0,7.55,2.4,3.3,9.0,5.0,55.6,0.0,0.0,0,1.0,1.0,100,3.0,0.0,0.0,0.0,0.0,0.0,1.0,0.0,1.0
VET-CONCEPT Gladiators Trier,Behnam Yakhchali Dehkordi,8,Behnam Yakhchali Dehkordi,3,18.8,56.2,15.0,5.0,4.0,13.0,30.8,4.0,11.0,36.4,3.0,6.0,50,1.0,4.0,5.0,5.0,1.0,0.0,3.0,3.0,16.9,16.1,6.7,2.2,2.2,11,26.0,8.7,11.6,0,0,0,0,0,0.0,0,-3.91,-3.99,0.08,2.5,4.2,1.0,0.0,0,1.0,0.0,0,11.0,4.0,36.4,0.0,1.0,1.0,1.0,0.0,0.0,5.0,0.0,0.0
RASTA Vechta,Philipp Herkenhoff,14,Philipp Herkenhoff,3,23.6,70.8,14.0,4.7,5.0,15.0,33.3,3.0,9.0,33.3,1.0,2.0,50,1.0,6.0,7.0,2.0,2.0,0.0,2.0,5.0,16.2,12.1,6.2,0.9,3.1,5,19.0,6.3,8.3,3,3.0,3,0,50.0,3.0,1,-3.8,-8.06,4.26,2.9,4.7,3.0,1.0,33.3,3.0,1.0,33.3,9.0,3.0,33.3,0.0,1.0,1.0,1.0,0.0,0.0,1.0,2.0,2.0
BMA365 Bamberg Baskets,Patrick Heckmann,33,Patrick Heckmann,3,14.2,42.7,14.0,4.7,4.0,8.0,50,1.0,5.0,20,5.0,6.0,83.3,1.0,9.0,10.0,4.0,2.0,0.0,2.0,5.0,11.2,13.8,3.6,1.0,2.6,7,21.0,7.0,5.4,0,0,0,0,0,0.0,0,2.69,-4.26,6.95,3.4,3.7,2.0,2.0,100,1.0,1.0,100,5.0,1.0,20,0.0,0.0,0.0,2.0,0.0,0.0,4.0,1.0,2.0
RASTA Vechta,Lars Thiemann,21,Lars Thiemann,3,17.2,51.5,12.0,4.0,4.0,7.0,57.1,0.0,0.0,0,4.0,8.0,50,5.0,8.0,13.0,0.0,1.0,1.0,2.0,5.0,7.2,7.4,5.3,0.0,5.7,0,12.0,4.0,5.3,0,0,0,0,0,0.0,0,-2.44,-6.68,4.24,4.2,4.5,7.0,4.0,57.1,0.0,0.0,0,0.0,0.0,0,2.0,0.0,0.0,2.0,0.0,0.0,4.0,4.0,2.0
VET-CONCEPT Gladiators Trier,Marco Hollersbacher,9,Marco Hollersbacher,3,15.9,47.7,12.0,4.0,4.0,11.0,36.4,1.0,3.0,33.3,3.0,6.0,50,6.0,7.0,13.0,6.0,2.0,0.0,2.0,5.0,9.3,10.4,5.4,2.7,5.8,15,27.0,9.0,12.0,0,0,0,0,0,0.0,0,-0.19,-2.54,2.34,3.1,4.1,8.0,3.0,37.5,0.0,0.0,0,3.0,1.0,33.3,1.0,0.0,1.0,0.0,0.0,0.0,2.0,0.0,0.0
VET-CONCEPT Gladiators Trier,Evans Rapieque,21,Evans Rapieque,3,10.5,31.6,12.0,4.0,4.0,8.0,50,4.0,8.0,50,0.0,0.0,0,1.0,0.0,1.0,1.0,1.0,0.0,0.0,5.0,6.7,11.4,5.4,0.4,0.4,3,15.0,5.0,6.7,0,0,0,0,0,0.0,0,2.47,0.5,1.97,2.6,3.8,0.0,0.0,0,0.0,0.0,0,8.0,4.0,50,0.0,0.0,0.0,0.0,0.0,0.0,3.0,3.0,3.0
VET-CONCEPT Gladiators Trier,Dexter Akanno,2,Dexter Akanno; Player 2,3,6.5,19.4,11.0,3.7,4.0,10.0,40,0.0,3.0,0,3.0,4.0,75,2.0,2.0,4.0,1.0,0.0,0.0,1.0,0.0,10.3,28.5,4.9,0.4,1.8,0,11.0,3.7,4.9,0,0,0,0,0,0.0,0,-6.79,-3.47,-3.32,3.2,4.2,7.0,4.0,57.1,0.0,0.0,0,3.0,0.0,0,2.0,0.0,0.0,0.0,0.0,1.0,6.0,0.0,0.0
RASTA Vechta,Luc van Slooten,6,Luc van Slooten,3,14.4,43.1,9.0,3.0,4.0,10.0,40,1.0,5.0,20,0.0,0.0,0,0.0,4.0,4.0,8.0,3.0,0.0,3.0,10.0,12.5,15.3,4.0,3.5,1.8,19,28.0,9.3,12.3,0,0.0,1,0,0.0,2.0,1,-2.09,-10.16,8.06,2.1,3.3,5.0,3.0,60,0.0,0.0,0,5.0,1.0,20,3.0,0.0,2.0,1.0,0.0,0.0,0.0,4.0,4.0
Science City Jena,Chris Carter,5,Chris Carter,3,14.6,43.7,9.0,3.0,3.0,6.0,50,2.0,4.0,50,1.0,2.0,50,3.0,7.0,10.0,1.0,1.0,0.0,2.0,2.0,5.6,6.9,4.0,0.4,4.4,2,11.0,3.7,4.9,0,0,0,0,0,0.0,0,0.17,-3.68,3.85,3.5,4.2,1.0,0.0,0,1.0,1.0,100,4.0,2.0,50,0.0,0.0,0.0,1.0,0.0,1.0,1.0,8.0,3.0
Science City Jena,Robin Christen,8,Robin Christen,3,14.6,43.7,9.0,3.0,2.0,7.0,28.6,1.0,4.0,25,4.0,5.0,80,1.0,5.0,6.0,3.0,2.0,0.0,3.0,8.0,10.8,13.1,4.0,1.3,2.7,9,18.0,6.0,8.0,1,0.5,3,2,12.9,3.9,2,-4.31,-9.52,5.2,2.8,4.0,2.0,1.0,50,1.0,0.0,0,4.0,1.0,25,1.0,0.0,3.0,0.0,0.0,0.0,3.0,3.0,0.0
Science City Jena,Kristofer Krause,36,Kristofer Krause,3,15.8,47.4,4.0,1.3,1.0,7.0,14.3,0.0,2.0,0,2.0,2.0,100,4.0,8.0,12.0,0.0,1.0,0.0,1.0,8.0,4.7,5.3,1.8,0.0,5.3,0,4.0,1.3,1.8,0,0,0,0,0,0.0,0,-7.73,-10.41,2.67,3.8,5.0,4.0,1.0,25,1.0,0.0,0,2.0,0.0,0,1.0,0.0,0.0,1.0,0.0,0.0,2.0,2.0,0.0
FC Bayern München Basketball,Xavier Rathan-Mayes,4,Xavier Rathan-Mayes,3,1.6,4.8,4.0,1.3,1.0,2.0,50,0.0,1.0,0,2.0,2.0,100,0.0,1.0,1.0,1.0,0.0,0.0,0.0,1.0,2.8,30.5,1.7,0.4,0.4,3,7.0,2.3,3.0,0,0,0,0,0,0.0,0,12.43,3.83,8.61,3.0,3.6,0.0,0.0,0,1.0,1.0,100,1.0,0.0,0,0.0,0.0,0.0,0.0,0.0,0.0,0.0,0.0,2.0
FC Bayern München Basketball,Leon Kratzer,8,Leon Kratzer,3,11.4,34.1,4.0,1.3,2.0,4.0,50,0.0,0.0,0,0.0,2.0,0,5.0,6.0,11.0,2.0,2.0,1.0,3.0,7.0,2.8,4.3,1.7,0.9,4.7,5,9.0,3.0,3.8,0,0,0,0,0,0.0,0,-0.92,-7.23,6.31,3.7,4.5,4.0,2.0,50,0.0,0.0,0,0.0,0.0,0,2.0,0.0,0.0,0.0,1.0,0.0,4.0,0.0,0.0
VET-CONCEPT Gladiators Trier,John Stuart Mann,24,JJ Mann; John Stuart Mann,3,1.3,4.0,3.0,1.0,1.0,1.0,100,1.0,1.0,100,0.0,0.0,0,0.0,1.0,1.0,0.0,0.0,0.0,0.0,0.0,1.0,12.7,1.3,0.0,0.4,0,3.0,1.0,1.3,0,0,0,0,0,0.0,0,22.99,17.21,5.78,3.1,3.6,0.0,0.0,0,0.0,0.0,0,1.0,1.0,100,0.0,0.0,0.0,0.0,0.0,0.0,0.0,0.0,0.0
Bayer Giants Leverkusen,Calvin Eugene Oldham JR,1,Calvin Eugene Oldham JR,3,5.4,16.2,2.0,0.7,1.0,4.0,25,0.0,2.0,0,0.0,0.0,0,0.0,1.0,1.0,0.0,0.0,0.0,2.0,3.0,5.8,19.1,0.1,0.0,0.0,0,2.0,0.7,0.1,0,0,0,0,0,0.0,0,-21.39,-18.23,-3.16,3.0,4.5,1.0,1.0,100,1.0,0.0,0,2.0,0.0,0,0.0,0.0,2.0,0.0,0.0,0.0,0.0,0.0,0.0
ALBA BERLIN,Bennet Hundt,33,Bennet Hundt,3,2.9,8.7,2.0,0.7,1.0,2.0,50,0.0,0.0,0,0.0,0.0,0,0.0,0.0,0.0,1.0,0.0,0.0,0.0,4.0,1.9,11.7,0.7,0.3,0.0,2,4.0,1.3,1.3,0,0,0,0,0,0.0,0,-5.78,-12.18,6.4,2.9,4.0,2.0,1.0,50,0.0,0.0,0,0.0,0.0,0,0.0,0.0,0.0,0.0,0.0,0.0,0.0,0.0,0.0
Tigers Tübingen,Joshua Schwaibold,19,Joshua Schwaibold,3,0.2,0.6,0.0,0.0,0.0,0.0,0,0.0,0.0,0,0.0,0.0,0,0.0,0.0,0.0,0.0,0.0,0.0,0.0,0.0,0.0,0.0,0.0,0.0,0.0,0,0.0,0.0,0.0,0,0,0,0,0,0.0,0,-7.3,-7.71,0.41,3.0,4.0,0.0,0.0,0,0.0,0.0,0,0.0,0.0,0,0.0,0.0,0.0,0.0,0.0,0.0,0.0,0.0,0.0
BBC Bayreuth,Limana Lilonge Adoyi,21,Limana Lilonge Adoyi,3,0.4,1.1,0.0,0.0,0.0,0.0,0,0.0,0.0,0,0.0,0.0,0,1.0,0.0,1.0,1.0,0.0,0.0,0.0,0.0,0.0,0.0,0.0,0.0,0.0,0,0.0,0.0,0.0,0,0,0,0,0,0.0,0,53.6,42.26,11.34,3.0,3.7,0.0,0.0,0,0.0,0.0,0,0.0,0.0,0,0.0,0.0,0.0,0.0,0.0,0.0,0.0,0.0,0.0
RASTA Vechta,Linus Trettin,15,Linus Trettin,3,0.6,1.7,0.0,0.0,0.0,0.0,0,0.0,0.0,0,0.0,0.0,0,0.0,1.0,1.0,0.0,0.0,0.0,0.0,0.0,0.0,0.0,0.0,0.0,0.4,0,0.0,0.0,0.0,0,0,0,0,0,0.0,0,-1.23,-8.41,7.18,3.2,4.1,0.0,0.0,0,0.0,0.0,0,0.0,0.0,0,0.0,0.0,0.0,0.0,0.0,0.0,0.0,0.0,0.0
Science City Jena,Alex Herrera,41,Alex Herrera,3,2.5,7.5,0.0,0.0,0.0,0.0,0,0.0,0.0,0,0.0,0.0,0,1.0,1.0,2.0,0.0,0.0,0.0,2.0,4.0,1.0,6.8,0.0,0.0,0.9,0,0.0,0.0,0.0,0,0,0,0,0,0.0,0,-25.16,-26.33,1.17,3.3,4.3,0.0,0.0,0,0.0,0.0,0,0.0,0.0,0,0.0,0.0,0.0,1.0,0.0,0.0,0.0,0.0,0.0
ROSTOCK SEAWOLVES,TJ Crockett Jr,0,TJ Crockett Jr,2,31.3,62.6,36.0,18.0,9.0,19.0,47.4,6.0,11.0,54.5,12.0,12.0,100,0.0,5.0,5.0,6.0,0.0,0.0,3.0,4.0,26.2,21.9,23.6,3.9,3.3,15,51.0,25.5,33.4,15,15.0,7,5,81.5,9.2,1,6.12,3.81,2.31,2.7,2.7,4.0,1.0,25,4.0,2.0,50,11.0,6.0,54.5,1.0,2.0,3.0,0.0,0.0,0.0,3.0,0.0,5.0
MHP RIESEN Ludwigsburg,Elijah Hughes,7,Elijah Hughes,2,28.3,56.7,35.0,17.5,11.0,24.0,45.8,6.0,15.0,40,7.0,8.0,87.5,2.0,6.0,8.0,1.0,0.0,0.0,6.0,7.0,30.3,28.9,22.3,0.6,5.1,2,37.0,18.5,23.6,5,5.0,3,0,83.3,5.0,1,0.81,0.5,0.31,3.2,3.1,2.0,2.0,100,7.0,3.0,42.9,15.0,6.0,40,1.0,4.0,1.0,3.0,0.0,1.0,6.0,0.0,3.0
RASTA Vechta,Tommy Kuhse,12,Tommy Kuhse,2,26.4,52.8,31.0,15.5,11.0,28.0,39.3,6.0,17.0,35.3,3.0,4.0,75,1.0,5.0,6.0,5.0,2.0,0.0,6.0,3.0,33.4,33.3,13.6,2.2,2.6,13,44.0,22.0,19.3,9,9.0,3,2,116.0,3.9,1,0.33,-3.25,3.58,2.6,3.1,7.0,2.0,28.6,4.0,3.0,75,17.0,6.0,35.3,2.0,0.0,6.0,0.0,0.0,0.0,3.0,6.0,10.0
Telekom Baskets Bonn,Tylan Birts,5,Tylan Birts,2,29.3,58.6,30.0,15.0,11.0,26.0,42.3,6.0,15.0,40,2.0,2.0,100,0.0,6.0,6.0,2.0,5.0,1.0,1.0,5.0,26.8,24.0,19.7,1.3,3.9,4,34.0,17.0,22.4,0,0,0,0,0,0.0,0,0.9,-1.26,2.16,2.9,3.8,7.0,3.0,42.9,4.0,2.0,50,15.0,6.0,40,2.0,1.0,1.0,0.0,0.0,0.0,0.0,7.0,7.0
MLP Academics Heidelberg,Michael Weathers,20,Michael Weathers,2,28.0,56.0,28.0,14.0,9.0,20.0,45,3.0,9.0,33.3,7.0,9.0,77.8,0.0,10.0,10.0,9.0,5.0,0.0,8.0,8.0,30.7,27.8,19.3,6.2,6.9,19,47.0,23.5,32.3,5,2.5,3,1,72.7,3.4,2,4.79,-4.52,9.31,2.1,2.2,4.0,2.0,50,7.0,4.0,57.1,9.0,3.0,33.3,1.0,0.0,5.0,2.0,0.0,0.0,0.0,7.0,9.0
ALBA BERLIN,Martin Hermannsson,15,Martin Hermannsson,2,23.1,46.2,27.0,13.5,9.0,21.0,42.9,3.0,7.0,42.9,6.0,7.0,85.7,1.0,3.0,4.0,10.0,2.0,0.0,4.0,7.0,26.0,30.0,9.0,3.3,1.3,19,46.0,23.0,15.3,0,0,0,0,0,0.0,0,6.93,0.35,6.58,2.1,2.7,3.0,2.0,66.7,11.0,4.0,36.4,7.0,3.0,42.9,2.0,2.0,3.0,0.0,0.0,0.0,4.0,0.0,4.0
MHP RIESEN Ludwigsburg,Traveon Buchanan,2,Traveon Buchanan,2,31.9,63.7,26.0,13.0,9.0,27.0,33.3,4.0,16.0,25,4.0,5.0,80,3.0,4.0,7.0,4.0,0.0,0.0,6.0,6.0,30.9,26.3,16.6,2.5,4.5,6,32.0,16.0,20.4,7,7.0,5,1,64.3,6.4,1,-5.82,-4.2,-1.63,2.7,3.8,5.0,3.0,60,6.0,2.0,33.3,16.0,4.0,25,3.0,4.0,3.0,2.0,0.0,1.0,3.0,5.0,1.0
Telekom Baskets Bonn,Michael Kessens,6,Michael Kessens,2,22.1,44.2,25.0,12.5,10.0,11.0,90.9,0.0,0.0,0,5.0,7.0,71.4,8.0,6.0,14.0,1.0,0.0,1.0,3.0,6.0,8.7,10.4,16.4,0.7,9.2,3,28.0,14.0,18.4,0,0,0,0,0,0.0,0,0.42,1.28,-0.86,4.5,2.9,11.0,10.0,90.9,0.0,0.0,0,0.0,0.0,0,5.0,0.0,1.0,2.0,0.0,0.0,10.0,3.0,4.0
ROSTOCK SEAWOLVES,D'Shawn Schwartz,5,D'Shawn Schwartz,2,28.4,56.7,24.0,12.0,9.0,16.0,56.2,5.0,10.0,50,1.0,2.0,50,1.0,11.0,12.0,5.0,1.0,0.0,1.0,3.0,16.2,15.0,15.7,3.3,7.9,10,34.0,17.0,22.2,0,0.0,2,0,0.0,2.0,1,7.86,3.56,4.3,3.2,3.3,4.0,4.0,100,2.0,0.0,0,10.0,5.0,50,1.0,0.0,0.0,1.0,0.0,0.0,4.0,0.0,2.0
ROSTOCK SEAWOLVES,Owen Klassen,29,Owen Klassen,2,23.9,47.8,23.0,11.5,10.0,14.0,71.4,0.0,1.0,0,3.0,9.0,33.3,3.0,12.0,15.0,4.0,2.0,3.0,2.0,8.0,16.3,17.8,15.1,2.6,9.8,10,33.0,16.5,21.6,2,2.0,2,0,50.0,3.0,1,7.13,-0.1,7.23,4.6,3.5,13.0,10.0,76.9,0.0,0.0,0,1.0,0.0,0,2.0,0.0,0.0,1.0,0.0,1.0,2.0,2.0,4.0
ROSTOCK SEAWOLVES,Andy van Vliet,81,Andy van Vliet,2,18.1,36.1,23.0,11.5,6.0,14.0,42.9,4.0,7.0,57.1,7.0,9.0,77.8,5.0,10.0,15.0,2.0,1.0,0.0,2.0,8.0,14.4,20.8,15.1,1.3,9.8,6,29.0,14.5,19.0,0,0,0,0,0,0.0,0,5.2,2.36,2.84,4.2,3.5,5.0,2.0,40,2.0,0.0,0,7.0,4.0,57.1,2.0,0.0,2.0,0.0,0.0,0.0,4.0,2.0,5.0
Telekom Baskets Bonn,Alijah Comithier,2,Alijah Comithier,2,24.6,49.2,21.0,10.5,5.0,17.0,29.4,1.0,7.0,14.3,10.0,14.0,71.4,3.0,3.0,6.0,0.0,2.0,0.0,3.0,7.0,22.2,23.7,13.8,0.0,3.9,0,21.0,10.5,13.8,0,0,0,0,0,0.0,0,-12.6,-9.54,-3.07,3.2,4.6,6.0,3.0,50,4.0,1.0,25,7.0,1.0,14.3,2.0,0.0,0.0,3.0,0.0,0.0,6.0,6.0,6.0
Telekom Baskets Bonn,Grayson Murphy,7,Grayson Murphy,2,28.8,57.6,21.0,10.5,9.0,25.0,36,3.0,10.0,30,0.0,0.0,0,3.0,7.0,10.0,19.0,5.0,1.0,2.0,2.0,23.0,21.0,13.8,12.5,6.6,45,66.0,33.0,43.4,0,0,0,0,0,0.0,0,6.57,2.74,3.82,2.0,2.3,13.0,5.0,38.5,2.0,1.0,50,10.0,3.0,30,5.0,3.0,2.0,0.0,0.0,0.0,2.0,0.0,2.0
MHP RIESEN Ludwigsburg,Babacar Sane,0,Babacar Sane,2,17.0,34.0,21.0,10.5,7.0,15.0,46.7,4.0,9.0,44.4,3.0,6.0,50,3.0,6.0,9.0,2.0,0.0,0.0,3.0,6.0,16.9,27.0,13.4,1.3,5.7,5,26.0,13.0,16.6,3,3.0,2,0,75.0,2.0,1,3.12,1.99,1.13,3.4,3.0,4.0,1.0,25,2.0,2.0,100,9.0,4.0,44.4,1.0,3.0,0.0,2.0,0.0,0.0,8.0,0.0,0.0
BMA365 Bamberg Baskets,Moritz Krimmer,27,Moritz Krimmer,2,21.5,43.0,21.0,10.5,8.0,17.0,47.1,3.0,8.0,37.5,2.0,4.0,50,4.0,6.0,10.0,2.0,2.0,0.0,0.0,3.0,14.2,17.3,5.4,0.5,2.6,3,24.0,12.0,6.2,13,6.5,7,2,82.5,7.9,2,3.82,-0.04,3.86,3.5,4.0,7.0,3.0,42.9,2.0,2.0,100,8.0,3.0,37.5,1.0,1.0,0.0,0.0,0.0,0.0,7.0,0.0,7.0
ROSTOCK SEAWOLVES,Elias Baggette,4,Elias Baggette,2,21.4,42.9,19.0,9.5,5.0,13.0,38.5,2.0,5.0,40,7.0,8.0,87.5,0.0,1.0,1.0,6.0,3.0,0.0,8.0,5.0,23.5,28.7,12.4,3.9,0.7,10,29.0,14.5,19.0,3,3.0,1,0,150.0,4.0,1,-3.39,-5.47,2.08,1.7,3.5,8.0,3.0,37.5,0.0,0.0,0,5.0,2.0,40,3.0,1.0,5.0,2.0,0.0,0.0,0.0,2.0,2.0
Telekom Baskets Bonn,Joel Aminu,21,Joel Aminu,2,25.7,51.4,19.0,9.5,6.0,18.0,33.3,3.0,15.0,20,4.0,6.0,66.7,2.0,2.0,4.0,6.0,4.0,0.0,2.0,5.0,19.8,20.3,12.5,3.9,2.6,12,31.0,15.5,20.4,0,0,0,0,0,0.0,0,-3.13,-3.87,0.74,2.3,3.8,2.0,2.0,100,1.0,1.0,100,15.0,3.0,20,1.0,0.0,2.0,0.0,0.0,0.0,12.0,2.0,12.0
ROSTOCK SEAWOLVES,DeAndre Lansdowne,9,DeAndre Lansdowne,2,23.9,47.8,18.0,9.0,8.0,16.0,50,0.0,4.0,0,2.0,2.0,100,0.0,5.0,5.0,12.0,1.0,0.0,3.0,7.0,19.1,20.9,11.8,7.9,3.3,31,49.0,24.5,32.1,0,0,0,0,0,0.0,0,1.49,-2.35,3.84,2.1,3.0,11.0,8.0,72.7,1.0,0.0,0,4.0,0.0,0,7.0,0.0,1.0,2.0,0.0,0.0,2.0,0.0,2.0
MLP Academics Heidelberg,Samuell Williamson,10,Samuell Williamson,2,17.3,34.6,17.0,8.5,7.0,13.0,53.8,1.0,4.0,25,2.0,2.0,100,3.0,5.0,8.0,0.0,0.0,0.0,4.0,3.0,14.3,20.9,11.7,0.0,5.5,0,17.0,8.5,11.7,0,0,0,0,0,0.0,0,-2.15,-5.26,3.11,3.7,3.7,7.0,5.0,71.4,2.0,1.0,50,4.0,1.0,25,3.0,0.0,1.0,2.0,0.0,1.0,6.0,0.0,0.0
RASTA Vechta,Lloyd Pandi,41,Lloyd Pandi,2,22.0,43.9,16.0,8.0,8.0,10.0,80,0.0,0.0,0,0.0,0.0,0,3.0,7.0,10.0,4.0,4.0,1.0,0.0,6.0,6.7,8.1,7.0,1.8,4.4,12,28.0,14.0,12.3,6,6.0,3,0,100.0,3.0,1,11.24,-0.35,11.59,3.3,3.1,10.0,8.0,80,0.0,0.0,0,0.0,0.0,0,3.0,0.0,0.0,0.0,0.0,0.0,0.0,2.0,0.0
MHP RIESEN Ludwigsburg,Keeshawn Kellman,32,Keeshawn Kellman,2,28.5,57.0,16.0,8.0,8.0,13.0,61.5,0.0,0.0,0,0.0,4.0,0,7.0,8.0,15.0,1.0,2.0,2.0,1.0,7.0,8.4,8.0,10.2,0.6,9.6,2,18.0,9.0,11.5,0,0,0,0,0,0.0,0,3.24,-0.16,3.4,4.1,4.3,9.0,6.0,66.7,4.0,2.0,50,0.0,0.0,0,1.0,0.0,0.0,0.0,0.0,0.0,10.0,2.0,2.0
MLP Academics Heidelberg,Osun Osunniyi,12,Osun Osunniyi,2,25.9,51.8,16.0,8.0,7.0,13.0,53.8,1.0,1.0,100,1.0,2.0,50,4.0,2.0,6.0,0.0,1.0,0.0,4.0,7.0,13.3,13.1,11.0,0.0,4.1,0,16.0,8.0,11.0,0,0,0,0,0,0.0,0,-3.78,-7.56,3.77,3.1,4.2,9.0,5.0,55.6,3.0,1.0,33.3,1.0,1.0,100,1.0,0.0,1.0,1.0,0.0,0.0,4.0,2.0,2.0
MLP Academics Heidelberg,Erol Ersek,11,Erol Ersek,2,15.7,31.5,14.0,7.0,5.0,11.0,45.5,4.0,8.0,50,0.0,0.0,0,0.0,3.0,3.0,2.0,0.0,0.0,1.0,5.0,11.5,18.6,9.6,1.4,2.1,6,20.0,10.0,13.8,0,0,0,0,0,0.0,0,2.77,-2.34,5.11,2.9,3.4,0.0,0.0,0,3.0,1.0,33.3,8.0,4.0,50,0.0,2.0,1.0,0.0,0.0,0.0,3.0,0.0,5.0
Science City Jena,Joe Wieskamp,10,Joe Wieskamp,2,22.4,44.8,14.0,7.0,3.0,12.0,25,2.0,7.0,28.6,6.0,6.0,100,2.0,8.0,10.0,0.0,2.0,0.0,1.0,5.0,13.1,15.5,6.2,0.0,4.4,0,14.0,7.0,6.2,0,0.0,1,0,0.0,1.0,1,-1.82,-5.88,4.06,3.5,4.5,4.0,0.0,0,1.0,1.0,100,7.0,2.0,28.6,0.0,0.0,0.0,0.0,0.0,1.0,0.0,2.0,2.0
ROSTOCK SEAWOLVES,Lukasz Kolenda,10,Lukasz Kolenda,2,19.9,39.8,13.0,6.5,4.0,10.0,40,1.0,6.0,16.7,4.0,4.0,100,3.0,5.0,8.0,3.0,1.0,0.0,4.0,4.0,12.2,16.1,8.5,2.0,5.2,6,19.0,9.5,12.4,0,0,0,0,0,0.0,0,-1.93,-4.01,2.08,3.2,4.1,4.0,3.0,75,0.0,0.0,0,6.0,1.0,16.7,2.0,0.0,1.0,2.0,0.0,0.0,0.0,4.0,5.0
RASTA Vechta,Tevin Brown,10,Tevin Brown,2,24.0,48.0,12.0,6.0,5.0,24.0,20.8,1.0,12.0,8.3,1.0,1.0,100,1.0,4.0,5.0,5.0,2.0,0.0,0.0,3.0,22.5,24.7,5.3,2.2,2.2,9,21.0,10.5,9.2,2,2.0,2,0,50.0,2.0,1,-8.64,-10.96,2.32,2.5,4.1,9.0,4.0,44.4,3.0,0.0,0,12.0,1.0,8.3,0.0,0.0,0.0,0.0,0.0,0.0,2.0,0.0,4.0
FC Bayern München Basketball,Johannes Voigtmann,7,Johannes Voigtmann,2,10.5,21.1,12.0,6.0,5.0,7.0,71.4,2.0,3.0,66.7,0.0,2.0,0,1.0,7.0,8.0,3.0,1.0,1.0,1.0,4.0,7.6,19.1,5.1,1.3,3.4,6,18.0,9.0,7.7,0,0,0,0,0,0.0,0,15.81,4.5,11.31,3.7,3.2,3.0,3.0,100,1.0,0.0,0,3.0,2.0,66.7,2.0,0.0,0.0,0.0,0.0,0.0,2.0,0.0,2.0
ROSTOCK SEAWOLVES,Sid-Marlon Theis,19,Sid-Marlon Theis,2,19.2,38.3,11.0,5.5,3.0,5.0,60,3.0,5.0,60,2.0,4.0,50,0.0,2.0,2.0,0.0,0.0,0.0,3.0,7.0,9.4,12.8,7.2,0.0,1.3,0,11.0,5.5,7.2,0,0,0,0,0,0.0,0,-4.05,-5.43,1.38,3.0,4.1,0.0,0.0,0,0.0,0.0,0,5.0,3.0,60,0.0,0.0,0.0,3.0,0.0,0.0,1.0,5.0,0.0
MHP RIESEN Ludwigsburg,Yorman Polas Bartolo,13,Yorman Polas Bartolo,2,24.3,48.7,11.0,5.5,2.0,11.0,18.2,1.0,7.0,14.3,6.0,10.0,60,5.0,8.0,13.0,1.0,1.0,0.0,4.0,5.0,13.8,15.4,7.0,0.6,8.3,2,13.0,6.5,8.3,5,5.0,1,3,107.8,3.3,1,-6.62,-6.46,-0.16,3.5,4.7,2.0,0.0,0,2.0,1.0,50,7.0,1.0,14.3,0.0,0.0,2.0,1.0,0.0,0.0,1.0,3.0,3.0
MLP Academics Heidelberg,Marcel Keßen,15,Marcel Keßen,2,14.1,28.2,11.0,5.5,4.0,10.0,40,3.0,7.0,42.9,0.0,4.0,0,4.0,6.0,10.0,0.0,1.0,0.0,0.0,3.0,7.4,13.4,7.6,0.0,6.9,0,11.0,5.5,7.6,0,0,0,0,0,0.0,0,3.11,-0.74,3.86,3.9,4.3,1.0,0.0,0,2.0,1.0,50,7.0,3.0,42.9,0.0,0.0,0.0,0.0,0.0,0.0,0.0,3.0,8.0
MHP RIESEN Ludwigsburg,Jonas Wohlfarth-Bottermann,18,Jonas Wohlfarth-Bottermann,2,13.3,26.7,10.0,5.0,4.0,5.0,80,0.0,0.0,0,2.0,4.0,50,4.0,2.0,6.0,1.0,0.0,2.0,1.0,5.0,3.6,7.3,6.4,0.6,3.8,0,10.0,5.0,6.4,2,2.0,1,0,100.0,1.0,1,5.47,1.36,4.11,4.3,3.5,5.0,4.0,80,0.0,0.0,0,0.0,0.0,0,2.0,0.0,1.0,0.0,0.0,0.0,4.0,2.0,2.0
Telekom Baskets Bonn,Melvin Jostmann,12,Melvin Jostmann,2,14.6,29.2,9.0,4.5,4.0,10.0,40,0.0,3.0,0,1.0,2.0,50,1.0,4.0,5.0,0.0,0.0,0.0,0.0,1.0,9.5,17.1,5.9,0.0,3.3,0,9.0,4.5,5.9,0,0,0,0,0,0.0,0,-11.25,-7.39,-3.86,3.4,4.6,5.0,3.0,60,2.0,1.0,50,3.0,0.0,0,1.0,0.0,0.0,0.0,0.0,0.0,4.0,1.0,2.0
MHP RIESEN Ludwigsburg,Brandon Tischler,24,Brandon Tischler,2,24.1,48.1,9.0,4.5,2.0,7.0,28.6,1.0,3.0,33.3,4.0,6.0,66.7,2.0,8.0,10.0,5.0,2.0,0.0,4.0,5.0,11.2,12.6,5.7,3.2,6.4,12,21.0,10.5,13.4,3,3.0,1,0,150.0,1.0,1,-0.44,-4.21,3.77,2.5,3.5,2.0,1.0,50,2.0,0.0,0,3.0,1.0,33.3,0.0,0.0,2.0,0.0,0.0,1.0,0.0,0.0,1.0
EWE Baskets Oldenburg,Kyle Lofton,0,Kyle Lofton,2,20.0,40.0,8.0,4.0,4.0,8.0,50,0.0,1.0,0,0.0,2.0,0,0.0,1.0,1.0,3.0,2.0,0.0,1.0,8.0,9.5,12.7,2.7,1.0,0.3,8,16.0,8.0,5.4,0,0,0,0,0,0.0,0,-4.09,-10.74,6.65,2.4,4.0,4.0,2.0,50,3.0,2.0,66.7,1.0,0.0,0,2.0,0.0,1.0,0.0,0.0,0.0,0.0,2.0,4.0
ALBA BERLIN,Martynas Echodas,14,Martynas Echodas,2,6.5,13.0,8.0,4.0,4.0,4.0,100,0.0,0.0,0,0.0,0.0,0,2.0,2.0,4.0,2.0,0.0,0.0,0.0,5.0,1.9,7.8,2.7,0.7,1.3,2,10.0,5.0,3.3,4,4.0,2,0,100.0,2.0,1,15.23,4.59,10.64,3.3,3.0,3.0,3.0,100,1.0,1.0,100,0.0,0.0,0,2.0,0.0,0.0,0.0,0.0,0.0,2.0,0.0,2.0
ALBA BERLIN,Player 24,24,Player 24,2,7.2,14.4,8.0,4.0,0.0,1.0,0,0.0,1.0,0,8.0,8.0,100,2.0,2.0,4.0,6.0,0.0,0.0,5.0,3.0,7.2,26.7,2.7,2.0,1.3,17,25.0,12.5,8.3,0,0,0,0,0,0.0,0,7.96,-0.39,8.34,2.8,2.4,0.0,0.0,0,0.0,0.0,0,1.0,0.0,0,0.0,0.0,3.0,2.0,0.0,0.0,0.0,2.0,0.0
MLP Academics Heidelberg,Mateo Seric,21,Mateo Seric,2,14.3,28.6,6.0,3.0,2.0,10.0,20,2.0,6.0,33.3,0.0,2.0,0,1.0,3.0,4.0,2.0,1.0,1.0,0.0,5.0,9.5,16.8,4.1,1.4,2.8,5,11.0,5.5,7.6,0,0,0,0,0,0.0,0,-3.02,-8.37,5.35,4.4,4.3,0.0,0.0,0,4.0,0.0,0,6.0,2.0,33.3,0.0,0.0,0.0,0.0,0.0,0.0,0.0,0.0,0.0
EWE Baskets Oldenburg,Jonil Fugett,19,Jonil Fugett,2,7.0,14.1,5.0,2.5,1.0,1.0,100,0.0,0.0,0,3.0,4.0,75,1.0,1.0,2.0,2.0,2.0,0.0,0.0,4.0,1.7,6.4,1.7,0.7,0.7,5,10.0,5.0,3.4,0,0,0,0,0,0.0,0,13.74,-1.66,15.41,2.7,3.2,1.0,1.0,100,0.0,0.0,0,0.0,0.0,0,1.0,0.0,0.0,0.0,0.0,0.0,0.0,3.0,1.0
MHP RIESEN Ludwigsburg,Johannes Patrick,6,Johannes Patrick,2,6.9,13.8,4.0,2.0,1.0,2.0,50,0.0,0.0,0,2.0,2.0,100,1.0,1.0,2.0,1.0,2.0,0.0,2.0,4.0,3.7,14.6,2.5,0.6,1.3,3,7.0,3.5,4.5,0,0,0,0,0,0.0,0,2.58,-6.77,9.35,2.3,3.7,2.0,1.0,50,0.0,0.0,0,0.0,0.0,0,1.0,0.0,0.0,2.0,0.0,0.0,0.0,2.0,2.0
MLP Academics Heidelberg,Dusan Neskovic,7,Dusan Neskovic,2,14.0,28.0,4.0,2.0,1.0,6.0,16.7,0.0,1.0,0,2.0,2.0,100,0.0,4.0,4.0,2.0,0.0,0.0,3.0,5.0,9.5,17.2,2.8,1.4,2.8,6,10.0,5.0,6.9,0,0,0,0,0,0.0,0,-11.65,-15.11,3.46,3.1,4.3,4.0,1.0,25,1.0,0.0,0,1.0,0.0,0,0.0,0.0,0.0,2.0,0.0,1.0,0.0,0.0,0.0
ROSTOCK SEAWOLVES,Bent Leuchten,51,Bent Leuchten,2,3.3,6.6,3.0,1.5,1.0,2.0,50,0.0,0.0,0,1.0,2.0,50,1.0,1.0,2.0,0.0,0.0,1.0,0.0,2.0,1.8,14.2,2.0,0.0,1.3,0,3.0,1.5,2.0,0,0,0,0,0,0.0,0,0.83,-3.72,4.55,3.9,4.2,1.0,1.0,100,1.0,0.0,0,0.0,0.0,0,0.0,0.0,0.0,0.0,0.0,0.0,1.0,0.0,0.0
MHP RIESEN Ludwigsburg,Julis Baumer,37,Julis Baumer,2,4.7,9.4,3.0,1.5,1.0,1.0,100,1.0,1.0,100,0.0,0.0,0,0.0,1.0,1.0,0.0,0.0,0.0,1.0,2.0,1.9,11.0,1.9,0.0,0.6,0,3.0,1.5,1.9,0,0,0,0,0,0.0,0,0.25,-2.76,3.02,3.1,3.8,0.0,0.0,0,0.0,0.0,0,1.0,1.0,100,0.0,0.0,0.0,1.0,0.0,0.0,0.0,0.0,0.0
EWE Baskets Oldenburg,Eral Penn,22,Player 22; Eral Penn,2,10.1,20.3,3.0,1.5,1.0,2.0,50,1.0,2.0,50,0.0,0.0,0,0.0,2.0,2.0,1.0,2.0,0.0,1.0,4.0,2.9,7.6,1.0,0.3,0.7,3,6.0,3.0,2.0,0,0,0,0,0,0.0,0,1.16,-9.05,10.21,2.8,4.0,0.0,0.0,0,0.0,0.0,0,2.0,1.0,50,0.0,0.0,0.0,0.0,0.0,0.0,0.0,0.0,0.0
Eisbären Bremerhaven,Lukas Stelmokas,14,Lukas Stelmokas,2,2.6,5.2,2.0,1.0,1.0,1.0,100,0.0,0.0,0,0.0,0.0,0,0.0,3.0,3.0,0.0,0.0,0.0,0.0,1.0,1.0,10.1,0.1,0.0,0.1,0,2.0,1.0,0.1,0,0,0,0,0,0.0,0,4.56,-2.53,7.08,3.6,3.9,1.0,1.0,100,0.0,0.0,0,0.0,0.0,0,1.0,0.0,0.0,0.0,0.0,0.0,0.0,0.0,0.0
ROSTOCK SEAWOLVES,Luis Wulff,6,Player 6; Luis Wulff,2,3.5,7.0,2.0,1.0,1.0,2.0,50,0.0,1.0,0,0.0,0.0,0,0.0,1.0,1.0,0.0,0.0,0.0,0.0,0.0,1.9,14.5,1.3,0.0,0.7,0,2.0,1.0,1.3,0,0,0,0,0,0.0,0,-2.94,-3.62,0.69,3.1,4.2,1.0,1.0,100,0.0,0.0,0,1.0,0.0,0,0.0,0.0,0.0,0.0,0.0,0.0,0.0,0.0,0.0
MHP RIESEN Ludwigsburg,Lenny Anigbata,12,Lenny Anigbata,2,12.3,24.7,2.0,1.0,1.0,5.0,20,0.0,4.0,0,0.0,1.0,0,1.0,2.0,3.0,1.0,0.0,0.0,0.0,4.0,4.3,9.4,1.3,0.6,1.9,3,5.0,2.5,3.2,0,0,0,0,0,0.0,0,-8.86,-8.74,-0.12,3.0,4.3,0.0,0.0,0,1.0,1.0,100,4.0,0.0,0,0.0,0.0,0.0,0.0,0.0,0.0,2.0,0.0,0.0
ALBA BERLIN,Nevio Bennefeld,22,Nevio Bennefeld,2,2.6,5.2,2.0,1.0,1.0,2.0,50,0.0,0.0,0,0.0,0.0,0,0.0,1.0,1.0,1.0,0.0,1.0,0.0,2.0,1.9,19.8,0.7,0.3,0.3,2,4.0,2.0,1.3,0,0,0,0,0,0.0,0,10.74,-4.5,15.24,3.7,3.9,2.0,1.0,50,0.0,0.0,0,0.0,0.0,0,0.0,0.0,0.0,0.0,0.0,0.0,0.0,0.0,0.0
SBB Baskets Wolmirstedt,Matthew Thomas Lane,18,Matthew Thomas Lane,2,4.9,9.8,1.0,0.5,0.0,2.0,0,0.0,0.0,0,1.0,2.0,50,1.0,3.0,4.0,0.0,0.0,1.0,1.0,2.0,2.8,14.8,0.2,0.0,0.9,0,1.0,0.5,0.2,0,0,0,0,0,0.0,0,-15.85,-15.33,-0.51,4.1,4.3,2.0,0.0,0,0.0,0.0,0,0.0,0.0,0,0.0,0.0,0.0,1.0,0.0,0.0,1.0,0.0,0.0
MLP Academics Heidelberg,Noah Koch,1,Noah Koch,2,1.2,2.5,1.0,0.5,0.0,1.0,0,0.0,0.0,0,1.0,2.0,50,0.0,0.0,0.0,0.0,0.0,0.0,0.0,0.0,1.8,37.4,0.7,0.0,0.0,0,1.0,0.5,0.7,0,0,0,0,0,0.0,0,-15.39,-12.71,-2.68,3.0,4.1,1.0,0.0,0,0.0,0.0,0,0.0,0.0,0,0.0,0.0,0.0,0.0,0.0,0.0,0.0,0.0,0.0
Eisbären Bremerhaven,Daniel Isaiah Almarante,13,Daniel Isaiah Almarante,2,5.5,10.9,0.0,0.0,0.0,0.0,0,0.0,0.0,0,0.0,0.0,0,1.0,3.0,4.0,1.0,0.0,0.0,1.0,1.0,0.0,0.0,0.0,0.0,0.1,2,2.0,1.0,0.1,0,0,0,0,0,0.0,0,-3.37,-6.43,3.06,3.5,4.1,0.0,0.0,0,0.0,0.0,0,0.0,0.0,0,0.0,0.0,0.0,0.0,0.0,1.0,0.0,0.0,0.0
GIESSEN 46ers,Nejc Tevzic,6,Nejc Tevzic,2,1.6,3.2,0.0,0.0,0.0,0.0,0,0.0,0.0,0,0.0,0.0,0,0.0,0.0,0.0,1.0,0.0,0.0,1.0,0.0,1.0,15.6,0.0,0.0,0.0,2,2.0,1.0,0.1,0,0,0,0,0,0.0,0,-7.52,-10.01,2.49,2.8,3.8,0.0,0.0,0,0.0,0.0,0,0.0,0.0,0,0.0,0.0,1.0,0.0,0.0,0.0,0.0,0.0,0.0
Telekom Baskets Bonn,Kenan Reinhart,8,Kenan Reinhart,2,0.6,1.2,0.0,0.0,0.0,0.0,0,0.0,0.0,0,0.0,0.0,0,0.0,0.0,0.0,0.0,0.0,0.0,0.0,0.0,0.0,0.0,0.0,0.0,0.0,0,0.0,0.0,0.0,0,0,0,0,0,0.0,0,-10.64,-7.71,-2.93,3.0,4.0,0.0,0.0,0,0.0,0.0,0,0.0,0.0,0,0.0,0.0,0.0,0.0,0.0,0.0,0.0,0.0,0.0
MHP RIESEN Ludwigsburg,Lukas Modic,38,Lukas Modic,2,0.6,1.2,0.0,0.0,0.0,0.0,0,0.0,0.0,0,0.0,0.0,0,0.0,0.0,0.0,0.0,0.0,0.0,0.0,0.0,0.0,0.0,0.0,0.0,0.0,0,0.0,0.0,0.0,0,0,0,0,0,0.0,0,-2.96,-3.64,0.68,3.0,4.0,0.0,0.0,0,0.0,0.0,0,0.0,0.0,0,0.0,0.0,0.0,0.0,0.0,0.0,0.0,0.0,0.0
MLP Academics Heidelberg,Niklas Würzner,2,Niklas Würzner,2,3.1,6.1,0.0,0.0,0.0,1.0,0,0.0,1.0,0,0.0,0.0,0,0.0,0.0,0.0,0.0,0.0,0.0,3.0,4.0,3.8,31.9,0.0,0.0,0.0,0,0.0,0.0,0.0,0,0,0,0,0,0.0,0,-46.13,-43.86,-2.27,3.0,4.2,0.0,0.0,0,0.0,0.0,0,1.0,0.0,0,0.0,0.0,1.0,1.0,0.0,1.0,0.0,0.0,0.0
MHP RIESEN Ludwigsburg,Stefan Smith,3,Stefan Smith,1,36.5,36.5,35.0,35.0,6.0,16.0,37.5,4.0,9.0,44.4,19.0,20.0,95,0.0,4.0,4.0,5.0,3.0,0.0,4.0,4.0,27.6,41.1,22.3,3.2,2.5,12,47.0,47.0,29.9,11,11.0,5,2,93.5,6.9,1,19.07,11.48,7.59,1.6,1.0,6.0,1.0,16.7,1.0,1.0,100,9.0,4.0,44.4,1.0,3.0,2.0,2.0,0.0,0.0,2.0,7.0,13.0
SYNTAINICS MBC,Charles Callison,23,Charles Callison,1,28.1,28.1,29.0,29.0,11.0,13.0,84.6,7.0,8.0,87.5,0.0,0.0,0,0.0,0.0,0.0,2.0,0.0,0.0,2.0,0.0,14.4,28.2,39.9,2.8,0.0,2,31.0,31.0,42.6,0,0,0,0,0,0.0,0,17.85,21.58,-3.72,2.4,1.5,3.0,2.0,66.7,2.0,2.0,100,8.0,7.0,87.5,2.0,3.0,1.0,0.0,0.0,1.0,3.0,3.0,0.0
Veolia Towers Hamburg,Justin Edler Davis,19,Justin Edler Davis,1,27.5,27.5,24.0,24.0,7.0,17.0,41.2,6.0,13.0,46.2,4.0,5.0,80,5.0,9.0,14.0,0.0,2.0,0.0,2.0,1.0,15.6,28.1,29.8,0.0,17.4,0,24.0,24.0,29.8,6,6.0,4,4,52.1,6.8,1,8.95,8.38,0.57,4.5,3.6,3.0,1.0,33.3,1.0,0.0,0,13.0,6.0,46.2,0.0,2.0,1.0,1.0,0.0,0.0,5.0,7.0,7.0
FC Bayern München Basketball,Nenad Dimitrijevic,0,Nenad Dimitrijevic,1,31.0,31.0,24.0,24.0,6.0,12.0,50,2.0,4.0,50,10.0,12.0,83.3,1.0,4.0,5.0,7.0,0.0,0.0,2.0,4.0,17.5,30.2,10.2,3.0,2.1,16,40.0,40.0,17.1,15,15.0,7,6,77.8,10.6,1,12.02,5.94,6.08,2.7,2.3,3.0,2.0,66.7,5.0,2.0,40,4.0,2.0,50,2.0,1.0,1.0,1.0,0.0,0.0,3.0,0.0,2.0
MLP Academics Heidelberg,Damariae Horne,0,Damariae Horne,1,31.6,31.6,23.0,23.0,8.0,16.0,50,3.0,6.0,50,4.0,5.0,80,2.0,2.0,4.0,5.0,1.0,0.0,4.0,2.0,19.4,31.2,15.8,3.4,2.8,9,32.0,32.0,22.0,0,0,0,0,0,0.0,0,10.2,4.18,6.01,2.5,2.1,4.0,3.0,75,6.0,2.0,33.3,6.0,3.0,50,2.0,2.0,0.0,4.0,0.0,0.0,3.0,1.0,6.0
SKYLINERS,William Christmas,8,William Christmas,1,31.3,31.3,22.0,22.0,7.0,12.0,58.3,2.0,4.0,50,6.0,9.0,66.7,3.0,6.0,9.0,1.0,2.0,1.0,4.0,4.0,16.3,26.9,25.2,1.1,10.3,0,22.0,22.0,25.2,6,6.0,3,2,77.3,5.9,1,4.43,1.2,3.23,4.2,3.2,8.0,5.0,62.5,0.0,0.0,0,4.0,2.0,50,5.0,1.0,0.0,2.0,0.0,0.0,0.0,5.0,6.0
Fitness First Würzburg Baskets,Davion Mintz,10,Davion Mintz,1,26.3,26.3,21.0,21.0,7.0,10.0,70,4.0,4.0,100,3.0,4.0,75,0.0,4.0,4.0,1.0,2.0,0.0,2.0,1.0,13.2,28.7,30.0,1.4,5.7,2,23.0,23.0,32.8,3,3.0,2,0,75.0,2.0,1,23.32,9.43,13.89,2.7,2.3,3.0,2.0,66.7,3.0,1.0,33.3,4.0,4.0,100,2.0,1.0,2.0,0.0,0.0,0.0,0.0,7.0,10.0
ALBA BERLIN,Player 8,8,Player 8,1,20.4,20.4,21.0,21.0,6.0,14.0,42.9,4.0,10.0,40,5.0,6.0,83.3,0.0,2.0,2.0,4.0,2.0,0.0,1.0,1.0,16.9,44.2,7.0,1.3,0.7,11,32.0,32.0,10.7,0,0,0,0,0,0.0,0,24.21,13.43,10.78,2.2,2.5,3.0,2.0,66.7,1.0,0.0,0,10.0,4.0,40,2.0,1.0,0.0,1.0,0.0,0.0,3.0,4.0,3.0
Telekom Baskets Bonn,Jeff Garrett Jr,4,Jeff Garrett Jr,1,24.5,24.5,20.0,20.0,7.0,9.0,77.8,6.0,8.0,75,0.0,0.0,0,1.0,4.0,5.0,0.0,2.0,2.0,3.0,4.0,10.6,22.7,13.1,0.0,3.3,8,28.0,28.0,18.4,0,0,0,0,0,0.0,0,16.23,9.49,6.74,3.9,2.5,1.0,1.0,100,0.0,0.0,0,8.0,6.0,75,1.0,1.0,1.0,2.0,0.0,0.0,3.0,0.0,3.0
SKYLINERS,Jaedon Le Dee,13,Jaedon Le Dee,1,31.3,31.3,19.0,19.0,8.0,14.0,57.1,1.0,1.0,100,2.0,3.0,66.7,1.0,5.0,6.0,0.0,0.0,1.0,1.0,3.0,14.7,24.2,21.8,0.0,6.9,0,19.0,19.0,21.8,6,6.0,4,2,61.5,5.9,1,-0.44,-0.65,0.21,4.1,3.9,7.0,5.0,71.4,6.0,2.0,33.3,1.0,1.0,100,2.0,0.0,0.0,1.0,0.0,0.0,4.0,0.0,5.0
Veolia Towers Hamburg,Zacharie Perrin,52,Zacharie Perrin,1,26.4,26.4,18.0,18.0,8.0,10.0,80,0.0,0.0,0,2.0,7.0,28.6,1.0,7.0,8.0,3.0,0.0,0.0,1.0,1.0,12.6,23.6,22.3,3.7,9.9,7,25.0,25.0,31.0,7,7.0,3,5,67.3,5.2,1,5.58,2.18,3.41,3.6,3.2,9.0,8.0,88.9,1.0,0.0,0,0.0,0.0,0,2.0,0.0,0.0,1.0,0.0,0.0,1.0,4.0,4.0
Basketball Löwen Braunschweig,Ferdinand Zylka,6,Ferdinand Zylka,1,22.4,22.4,18.0,18.0,6.0,10.0,60,4.0,6.0,66.7,2.0,2.0,100,0.0,1.0,1.0,0.0,1.0,0.0,2.0,4.0,12.4,29.2,23.8,0.0,1.3,0,18.0,18.0,23.8,0,0,0,0,0,0.0,0,3.1,3.0,0.1,2.8,2.7,0.0,0.0,0,4.0,2.0,50,6.0,4.0,66.7,0.0,3.0,1.0,1.0,0.0,0.0,0.0,0.0,6.0
SYNTAINICS MBC,Khyri Thomas,0,Khyri Thomas,1,28.7,28.7,17.0,17.0,7.0,12.0,58.3,0.0,1.0,0,3.0,3.0,100,0.0,3.0,3.0,3.0,1.0,1.0,3.0,3.0,15.7,30.0,23.4,4.1,4.1,9,26.0,26.0,35.8,0,0,0,0,0,0.0,0,-5.09,-1.92,-3.17,3.3,3.0,7.0,6.0,85.7,4.0,1.0,25,1.0,0.0,0,5.0,0.0,1.0,1.0,0.0,0.0,0.0,0.0,0.0
ratiopharm ulm,Bryce Brown,2,Bryce Brown,1,18.3,18.3,17.0,17.0,4.0,8.0,50,3.0,5.0,60,6.0,9.0,66.7,0.0,1.0,1.0,3.0,1.0,0.0,5.0,1.0,16.3,45.3,21.6,3.8,1.3,7,24.0,24.0,30.6,0,0,0,0,0,0.0,0,1.83,2.05,-0.23,2.3,1.8,1.0,1.0,100,2.0,0.0,0,5.0,3.0,60,0.0,3.0,2.0,1.0,1.0,1.0,0.0,3.0,0.0
NINERS Chemnitz,Corey Davis,5,Corey Davis,1,36.1,36.1,16.0,16.0,4.0,10.0,40,3.0,7.0,42.9,5.0,5.0,100,0.0,1.0,1.0,5.0,0.0,0.0,7.0,2.0,18.4,26.1,20.5,6.4,1.3,13,29.0,29.0,37.2,5,5.0,3,0,83.3,3.0,1,-7.11,-4.51,-2.6,2.4,3.3,2.0,1.0,50,1.0,0.0,0,7.0,3.0,42.9,1.0,1.0,4.0,2.0,0.0,0.0,0.0,0.0,0.0
NINERS Chemnitz,Kostja Mushidi,11,Kostja Mushidi,1,24.0,24.0,16.0,16.0,6.0,11.0,54.5,2.0,7.0,28.6,2.0,4.0,50,0.0,2.0,2.0,1.0,0.0,0.0,1.0,1.0,13.2,28.2,20.5,1.3,2.6,3,19.0,19.0,24.3,3,3.0,2,2,52.1,2.9,1,-0.96,0.35,-1.31,3.0,3.7,4.0,4.0,100,0.0,0.0,0,7.0,2.0,28.6,4.0,0.0,1.0,0.0,0.0,0.0,0.0,0.0,2.0
SKYLINERS,Isaiah Swope,1,Isaiah Swope,1,29.0,29.0,15.0,15.0,5.0,12.0,41.7,3.0,5.0,60,2.0,2.0,100,0.0,0.0,0.0,2.0,2.0,0.0,5.0,3.0,17.2,30.6,17.2,2.3,0.0,5,20.0,20.0,22.9,5,5.0,5,2,42.5,6.9,1,-4.58,-4.44,-0.14,2.1,3.6,2.0,0.0,0,5.0,2.0,40,5.0,3.0,60,0.0,2.0,2.0,3.0,0.0,0.0,0.0,6.0,6.0
NINERS Chemnitz,Kevin Yebo,0,Kevin Yebo,1,24.5,24.5,15.0,15.0,3.0,4.0,75,2.0,3.0,66.7,7.0,8.0,87.5,1.0,3.0,4.0,1.0,0.0,0.0,2.0,3.0,8.2,17.1,19.2,1.3,5.1,0,15.0,15.0,19.2,2,2.0,1,2,53.2,1.9,1,4.28,2.64,1.64,3.3,3.2,1.0,1.0,100,0.0,0.0,0,3.0,2.0,66.7,0.0,0.0,1.0,1.0,0.0,0.0,1.0,2.0,3.0
Veolia Towers Hamburg,Leonard Jr Thorpe,2,Leonard Jr Thorpe,1,30.3,30.3,13.0,13.0,5.0,7.0,71.4,2.0,3.0,66.7,1.0,2.0,50,0.0,1.0,1.0,6.0,0.0,1.0,3.0,4.0,10.4,17.1,16.1,7.4,1.2,15,28.0,28.0,34.7,0,0.0,1,0,0.0,1.0,1,3.26,-0.83,4.09,3.2,2.9,1.0,1.0,100,3.0,2.0,66.7,3.0,2.0,66.7,0.0,2.0,1.0,1.0,0.0,0.0,0.0,4.0,7.0
SYNTAINICS MBC,Marcus Foster,5,Marcus Foster,1,30.6,30.6,13.0,13.0,5.0,11.0,45.5,3.0,5.0,60,0.0,2.0,0,2.0,4.0,6.0,0.0,1.0,0.0,5.0,0.0,14.3,25.6,17.9,0.0,8.3,0,13.0,13.0,17.9,0,0,0,0,0,0.0,0,-13.41,-4.38,-9.03,3.3,4.3,6.0,2.0,33.3,0.0,0.0,0,5.0,3.0,60,2.0,1.0,2.0,1.0,0.0,2.0,2.0,0.0,0.0
NINERS Chemnitz,Kaza Kajami-Keane,10,Kaza Kajami-Keane,1,24.0,24.0,12.0,12.0,4.0,6.0,66.7,4.0,6.0,66.7,0.0,0.0,0,1.0,2.0,3.0,5.0,1.0,0.0,0.0,4.0,4.8,10.3,15.4,6.4,3.8,12,24.0,24.0,30.8,0,0,0,0,0,0.0,0,14.95,9.26,5.69,2.4,2.6,0.0,0.0,0,0.0,0.0,0,6.0,4.0,66.7,0.0,2.0,0.0,0.0,0.0,0.0,0.0,0.0,0.0
FC Bayern München Basketball,Kamar Baldwin,44,Kamar Baldwin,1,19.4,19.4,12.0,12.0,5.0,8.0,62.5,1.0,2.0,50,1.0,2.0,50,0.0,3.0,3.0,3.0,3.0,1.0,1.0,2.0,9.5,26.1,5.1,1.3,1.3,7,19.0,19.0,8.1,0,0,0,0,0,0.0,0,19.66,4.65,15.01,2.7,3.2,4.0,2.0,50,2.0,2.0,100,2.0,1.0,50,1.0,0.0,1.0,0.0,0.0,0.0,0.0,4.0,4.0
FC Bayern München Basketball,Player 26,26,Player 26,1,22.6,22.6,12.0,12.0,4.0,8.0,50,2.0,5.0,40,2.0,3.0,66.7,0.0,2.0,2.0,3.0,0.0,0.0,1.0,1.0,9.9,23.4,5.1,1.3,0.9,7,19.0,19.0,8.1,0,0,0,0,0,0.0,0,5.85,2.11,3.74,2.7,3.4,1.0,1.0,100,2.0,1.0,50,5.0,2.0,40,1.0,0.0,0.0,1.0,0.0,0.0,6.0,0.0,0.0
EWE Baskets Oldenburg,Dakarai Tucker,7,Dakarai Tucker,1,28.6,28.6,12.0,12.0,5.0,12.0,41.7,2.0,8.0,25,0.0,0.0,0,0.0,1.0,1.0,1.0,1.0,0.0,1.0,2.0,12.5,23.4,4.0,0.3,0.3,3,15.0,15.0,5.0,5,5.0,4,0,62.5,4.0,1,-1.08,-5.3,4.22,2.6,3.9,4.0,3.0,75,0.0,0.0,0,8.0,2.0,25,3.0,0.0,1.0,0.0,0.0,0.0,6.0,4.0,7.0
EWE Baskets Oldenburg,Tomislav Zubcic,33,Tomislav Zubcic,1,26.9,26.9,12.0,12.0,5.0,13.0,38.5,1.0,3.0,33.3,1.0,1.0,100,3.0,0.0,3.0,0.0,0.0,0.0,0.0,2.0,10.0,20.0,4.0,0.0,1.0,0,12.0,12.0,4.0,0,0,0,0,0,0.0,0,-3.7,-4.34,0.63,3.2,4.3,9.0,3.0,33.3,1.0,1.0,100,3.0,1.0,33.3,1.0,0.0,0.0,0.0,0.0,0.0,2.0,0.0,4.0
Telekom Baskets Bonn,Jeff Garrett,4,Jeff Garrett,1,28.0,28.0,11.0,11.0,5.0,12.0,41.7,1.0,6.0,16.7,0.0,0.0,0,3.0,2.0,5.0,3.0,4.0,0.0,1.0,2.0,9.6,18.0,7.2,2.0,3.3,8,19.0,19.0,12.5,0,0,0,0,0,0.0,0,2.64,-1.28,3.92,2.7,3.9,5.0,4.0,80,1.0,0.0,0,6.0,1.0,16.7,0.0,0.0,1.0,0.0,0.0,0.0,2.0,4.0,2.0
SKYLINERS,Nahiem Alleyne,4,Nahiem Alleyne,1,29.9,29.9,11.0,11.0,3.0,7.0,42.9,2.0,5.0,40,3.0,4.0,75,0.0,1.0,1.0,2.0,1.0,0.0,0.0,4.0,8.4,14.5,12.6,2.3,1.1,3,14.0,14.0,16.1,0,0.0,2,0,0.0,2.0,1,0.89,-0.99,1.87,2.5,3.7,1.0,0.0,0,1.0,1.0,100,5.0,2.0,40,0.0,1.0,0.0,0.0,0.0,0.0,0.0,4.0,5.0
Fitness First Würzburg Baskets,Brae Ivey,11,Brae Ivey,1,27.5,27.5,11.0,11.0,4.0,9.0,44.4,3.0,7.0,42.9,0.0,2.0,0,0.0,3.0,3.0,2.0,1.0,0.0,4.0,2.0,13.3,27.7,15.7,2.9,4.3,5,16.0,16.0,22.8,3,3.0,3,0,50.0,5.0,1,0.16,-6.76,6.92,2.6,3.4,1.0,1.0,100,1.0,0.0,0,7.0,3.0,42.9,1.0,1.0,2.0,1.0,0.0,0.0,0.0,0.0,0.0
ratiopharm ulm,Mark Smith,13,Mark Smith,1,24.1,24.1,11.0,11.0,4.0,9.0,44.4,1.0,5.0,20,2.0,2.0,100,0.0,3.0,3.0,3.0,2.0,0.0,2.0,4.0,11.4,24.1,14.0,3.8,3.8,7,18.0,18.0,22.9,0,0,0,0,0,0.0,0,-4.25,-7.2,2.96,2.6,3.1,3.0,2.0,66.7,1.0,1.0,100,5.0,1.0,20,2.0,0.0,1.0,0.0,0.0,0.0,0.0,2.0,4.0
NINERS Chemnitz,Amadou Sow,12,Amadou Sow,1,22.7,22.7,11.0,11.0,5.0,10.0,50,1.0,3.0,33.3,0.0,0.0,0,4.0,6.0,10.0,3.0,0.0,1.0,1.0,3.0,6.7,15.2,14.1,3.8,12.8,7,18.0,18.0,23.1,0,0.0,1,0,0.0,1.0,1,3.35,1.75,1.6,4.5,3.7,7.0,4.0,57.1,0.0,0.0,0,3.0,1.0,33.3,2.0,0.0,0.0,0.0,0.0,0.0,4.0,0.0,0.0
MLP Academics Heidelberg,Marcus Weathers,0,Marcus Weathers,1,29.8,29.8,11.0,11.0,4.0,9.0,44.4,0.0,3.0,0,3.0,3.0,100,2.0,4.0,6.0,5.0,0.0,0.0,2.0,3.0,9.9,16.9,7.6,3.4,4.1,9,20.0,20.0,13.8,4,4.0,1,4,72.5,2.8,1,2.18,-3.43,5.61,2.9,3.0,0.0,0.0,0,0.0,0.0,0,0.0,0.0,0,0.0,0.0,0.0,0.0,0.0,0.0,0.0,0.0,0.0
Veolia Towers Hamburg,Jean-Pierre Tokoto II,7,Jean-Pierre Tokoto II,1,22.6,22.6,10.0,10.0,3.0,5.0,60,1.0,1.0,100,3.0,4.0,75,0.0,1.0,1.0,3.0,1.0,0.0,0.0,3.0,6.5,14.3,12.4,3.7,1.2,8,18.0,18.0,22.3,0,0.0,1,0,0.0,1.0,1,4.72,0.01,4.7,2.5,3.4,0.0,0.0,0,4.0,2.0,50,1.0,1.0,100,0.0,0.0,0.0,0.0,0.0,0.0,0.0,0.0,0.0
Fitness First Würzburg Baskets,Marcus Carr,5,Marcus Carr,1,21.1,21.1,10.0,10.0,3.0,6.0,50,0.0,1.0,0,4.0,7.0,57.1,0.0,1.0,1.0,6.0,0.0,1.0,1.0,3.0,9.7,26.1,14.3,8.6,1.4,16,26.0,26.0,37.1,2,2.0,1,1,69.4,2.4,1,10.18,0.39,9.78,1.9,1.7,3.0,3.0,100,2.0,0.0,0,1.0,0.0,0,3.0,0.0,0.0,1.0,0.0,0.0,2.0,2.0,2.0
ratiopharm ulm,Christian Sengfelder,43,Christian Sengfelder,1,17.1,17.1,10.0,10.0,4.0,7.0,57.1,2.0,4.0,50,0.0,0.0,0,0.0,2.0,2.0,0.0,1.0,0.0,1.0,2.0,7.7,22.9,12.7,0.0,2.5,0,10.0,10.0,12.7,0,0,0,0,0,0.0,0,-1.22,-2.45,1.22,3.1,3.4,3.0,2.0,66.7,0.0,0.0,0,4.0,2.0,50,0.0,0.0,1.0,0.0,0.0,0.0,0.0,3.0,3.0
NINERS Chemnitz,Yordan Minchev,91,Yordan Minchev,1,31.1,31.1,10.0,10.0,4.0,8.0,50,2.0,3.0,66.7,0.0,2.0,0,0.0,8.0,8.0,2.0,1.0,0.0,2.0,2.0,10.4,17.2,12.8,2.6,10.3,6,16.0,16.0,20.5,0,0.0,1,0,0.0,1.0,1,-2.3,-4.15,1.85,3.3,4.1,4.0,2.0,50,1.0,0.0,0,3.0,2.0,66.7,0.0,1.0,0.0,2.0,0.0,0.0,0.0,6.0,3.0
Telekom Baskets Bonn,Jongkuch Kur,15,Jongkuch Kur,1,20.0,20.0,9.0,9.0,2.0,2.0,100,0.0,0.0,0,5.0,10.0,50,2.0,0.0,2.0,0.0,0.0,1.0,1.0,2.0,5.2,13.6,5.9,0.0,1.3,0,9.0,9.0,5.9,0,0,0,0,0,0.0,0,-4.17,-2.61,-1.56,3.4,3.9,2.0,2.0,100,0.0,0.0,0,0.0,0.0,0,0.0,0.0,1.0,0.0,0.0,0.0,2.0,0.0,0.0
SKYLINERS,Logan Johnson,0,Logan Johnson,1,19.2,19.2,9.0,9.0,1.0,1.0,100,0.0,0.0,0,7.0,10.0,70,0.0,2.0,2.0,7.0,1.0,0.0,2.0,2.0,7.1,19.0,10.3,8.0,2.3,17,26.0,26.0,29.8,2,2.0,0,4,56.8,1.8,1,10.4,4.73,5.66,1.8,1.6,1.0,1.0,100,0.0,0.0,0,0.0,0.0,0,1.0,0.0,1.0,1.0,0.0,0.0,0.0,4.0,4.0
SKYLINERS,Till Pape,19,Till Pape,1,22.8,22.8,9.0,9.0,3.0,6.0,50,0.0,2.0,0,3.0,5.0,60,1.0,2.0,3.0,0.0,0.0,0.0,2.0,1.0,8.8,20.0,10.3,0.0,3.4,0,9.0,9.0,10.3,0,0,0,0,0,0.0,0,-7.96,-5.71,-2.26,3.3,4.3,3.0,2.0,66.7,1.0,1.0,100,2.0,0.0,0,1.0,0.0,1.0,1.0,0.0,0.0,2.0,2.0,1.0
Veolia Towers Hamburg,Eric Jr Reed,43,Eric Jr Reed,1,29.9,29.9,9.0,9.0,3.0,12.0,25,1.0,9.0,11.1,2.0,2.0,100,1.0,1.0,2.0,3.0,0.0,0.0,1.0,3.0,12.4,20.6,11.2,3.7,2.5,6,15.0,15.0,18.6,0,0.0,4,0,0.0,4.0,1,-10.71,-8.61,-2.1,2.8,4.3,3.0,2.0,66.7,0.0,0.0,0,9.0,1.0,11.1,1.0,0.0,1.0,0.0,0.0,0.0,0.0,0.0,2.0
Basketball Löwen Braunschweig,David NGuessan,1,David NGuessan,1,24.9,24.9,9.0,9.0,4.0,8.0,50,0.0,2.0,0,1.0,2.0,50,3.0,2.0,5.0,1.0,0.0,0.0,2.0,2.0,7.6,16.1,11.9,1.3,6.6,2,11.0,11.0,14.5,0,0,0,0,0,0.0,0,-12.12,-7.02,-5.1,3.7,3.9,6.0,4.0,66.7,0.0,0.0,0,2.0,0.0,0,1.0,0.0,1.0,1.0,0.0,0.0,2.0,2.0,2.0
ROSTOCK SEAWOLVES,Robin Amaize,15,Robin Amaize,1,12.2,12.2,8.0,8.0,2.0,6.0,33.3,1.0,3.0,33.3,3.0,3.0,100,0.0,0.0,0.0,1.0,1.0,0.0,2.0,4.0,8.9,38.6,5.2,0.7,0.0,3,11.0,11.0,7.2,0,0,0,0,0,0.0,0,-7.73,-10.3,2.57,2.5,3.9,3.0,1.0,33.3,0.0,0.0,0,3.0,1.0,33.3,1.0,0.0,0.0,0.0,0.0,0.0,0.0,0.0,0.0
Veolia Towers Hamburg,Zsombor Maronka,5,Zsombor Maronka,1,17.4,17.4,8.0,8.0,2.0,4.0,50,2.0,3.0,66.7,2.0,2.0,100,0.0,2.0,2.0,0.0,0.0,0.0,2.0,1.0,6.6,18.8,9.9,0.0,2.5,0,8.0,8.0,9.9,3,3.0,1,0,150.0,2.0,1,-3.11,-3.23,0.13,3.1,3.9,0.0,0.0,0,1.0,0.0,0,3.0,2.0,66.7,0.0,0.0,0.0,2.0,0.0,0.0,0.0,0.0,3.0
SYNTAINICS MBC,Spencer Reaves,31,Spencer Reaves,1,22.5,22.5,8.0,8.0,3.0,9.0,33.3,2.0,8.0,25,0.0,0.0,0,1.0,2.0,3.0,1.0,0.0,0.0,1.0,0.0,8.6,21.1,11.0,1.4,4.1,3,11.0,11.0,15.1,0,0,0,0,0,0.0,0,-12.03,-2.24,-9.78,3.1,4.3,1.0,1.0,100,0.0,0.0,0,8.0,2.0,25,1.0,0.0,0.0,1.0,0.0,0.0,0.0,0.0,0.0
ratiopharm ulm,Nelson Weidemann,0,Nelson Weidemann,1,18.5,18.5,8.0,8.0,1.0,6.0,16.7,0.0,4.0,0,6.0,6.0,100,0.0,2.0,2.0,2.0,0.0,0.0,3.0,4.0,11.2,30.8,10.2,2.5,2.5,5,13.0,13.0,16.6,0,0,0,0,0,0.0,0,-19.32,-16.07,-3.25,2.9,3.6,2.0,1.0,50,0.0,0.0,0,4.0,0.0,0,1.0,0.0,1.0,0.0,1.0,0.0,0.0,2.0,0.0
Basketball Löwen Braunschweig,Luka Scuka,5,Luka Scuka,1,20.2,20.2,8.0,8.0,2.0,6.0,33.3,2.0,5.0,40,2.0,2.0,100,0.0,4.0,4.0,2.0,1.0,0.0,1.0,1.0,7.6,19.7,10.6,2.6,5.3,0,8.0,8.0,10.6,0,0,0,0,0,0.0,0,-1.7,-2.13,0.44,3.1,3.4,1.0,0.0,0,0.0,0.0,0,5.0,2.0,40,0.0,1.0,1.0,0.0,0.0,0.0,0.0,0.0,0.0
Telekom Baskets Bonn,Jorge Mejias,10,Jorge Mejias,1,10.2,10.2,7.0,7.0,2.0,3.0,66.7,0.0,0.0,0,3.0,4.0,75,0.0,1.0,1.0,1.0,0.0,0.0,1.0,1.0,5.5,28.4,4.6,0.7,0.7,3,10.0,10.0,6.6,0,0,0,0,0,0.0,0,-1.69,-1.66,-0.02,2.9,3.4,1.0,1.0,100,2.0,1.0,50,0.0,0.0,0,1.0,0.0,0.0,1.0,0.0,0.0,0.0,1.0,6.0
BMA365 Bamberg Baskets,Ibrahim Watson-Boye,2,Ibrahim Watson-Boye,1,25.4,25.4,7.0,7.0,3.0,7.0,42.9,0.0,3.0,0,1.0,1.0,100,2.0,3.0,5.0,2.0,0.0,0.0,1.0,2.0,6.2,12.8,1.8,0.5,1.3,37,44.0,44.0,11.3,5,5.0,3,1,72.7,4.4,1,-4.08,-6.19,2.11,3.4,4.3,2.0,1.0,50,2.0,2.0,100,3.0,0.0,0,0.0,0.0,1.0,0.0,0.0,0.0,2.0,0.0,2.0
Basketball Löwen Braunschweig,Benjamin Schröder,2,Benjamin Schröder,1,25.6,25.6,7.0,7.0,3.0,5.0,60,0.0,0.0,0,1.0,4.0,25,1.0,1.0,2.0,0.0,0.0,0.0,2.0,3.0,7.4,15.4,9.2,0.0,2.6,0,7.0,7.0,9.2,0,0,0,0,0,0.0,0,-16.76,-11.59,-5.17,3.2,4.2,4.0,3.0,75,1.0,0.0,0,0.0,0.0,0,1.0,0.0,2.0,0.0,0.0,0.0,2.0,3.0,4.0
SYNTAINICS MBC,Jure Planinic,44,Jure Planinic,1,23.0,23.0,6.0,6.0,2.0,4.0,50,0.0,1.0,0,2.0,4.0,50,2.0,2.0,4.0,2.0,0.0,0.0,1.0,2.0,4.6,10.9,8.3,2.8,5.5,6,12.0,12.0,16.5,0,0,0,0,0,0.0,0,-10.17,-3.0,-7.17,3.2,3.8,2.0,2.0,100,1.0,0.0,0,1.0,0.0,0,2.0,0.0,0.0,1.0,0.0,0.0,5.0,0.0,0.0
ratiopharm ulm,Christopher Ledlum,4,Christopher Ledlum,1,20.2,20.2,6.0,6.0,2.0,6.0,33.3,0.0,4.0,0,2.0,2.0,100,2.0,2.0,4.0,3.0,1.0,1.0,3.0,2.0,7.6,19.1,7.6,3.8,5.1,7,13.0,13.0,16.6,0,0,0,0,0,0.0,0,-7.69,-8.84,1.15,3.4,3.5,2.0,2.0,100,0.0,0.0,0,4.0,0.0,0,0.0,0.0,1.0,2.0,0.0,0.0,0.0,0.0,0.0
NINERS Chemnitz,Ty Brewer,15,Ty Brewer,1,23.7,23.7,6.0,6.0,2.0,8.0,25,2.0,7.0,28.6,0.0,0.0,0,0.0,0.0,0.0,2.0,1.0,2.0,0.0,4.0,7.7,16.6,7.7,2.6,0.0,5,11.0,11.0,14.1,6,6.0,3,0,100.0,3.0,1,-2.3,-4.84,2.53,2.8,4.3,1.0,0.0,0,0.0,0.0,0,7.0,2.0,28.6,0.0,0.0,0.0,0.0,0.0,0.0,0.0,0.0,0.0
Basketball Löwen Braunschweig,Grant Sherfield,25,Grant Sherfield,1,24.5,24.5,6.0,6.0,3.0,12.0,25,0.0,5.0,0,0.0,0.0,0,0.0,0.0,0.0,6.0,1.0,0.0,1.0,2.0,12.5,26.9,7.9,7.9,0.0,10,16.0,16.0,21.1,0,0,0,0,0,0.0,0,-13.73,-9.39,-4.34,1.8,3.3,4.0,2.0,50,3.0,1.0,33.3,5.0,0.0,0,1.0,0.0,1.0,0.0,0.0,0.0,0.0,2.0,2.0
MLP Academics Heidelberg,Kevin McClain,3,Kevin McClain,1,26.5,26.5,6.0,6.0,3.0,7.0,42.9,0.0,2.0,0,0.0,0.0,0,2.0,1.0,3.0,2.0,3.0,0.0,1.0,4.0,5.8,11.0,4.1,1.4,2.1,5,11.0,11.0,7.6,0,0,0,0,0,0.0,0,2.78,-6.5,9.28,2.3,4.0,3.0,1.0,33.3,2.0,2.0,100,2.0,0.0,0,0.0,0.0,0.0,0.0,0.0,0.0,2.0,2.0,0.0
SKYLINERS,Ryan Hawkins,33,Ryan Hawkins,1,25.9,25.9,5.0,5.0,1.0,6.0,16.7,1.0,6.0,16.7,2.0,2.0,100,0.0,4.0,4.0,0.0,1.0,0.0,0.0,4.0,6.6,13.2,5.7,0.0,4.6,0,5.0,5.0,5.7,3,3.0,1,0,150.0,1.0,1,-7.17,-7.92,0.75,3.3,4.7,0.0,0.0,0,0.0,0.0,0,6.0,1.0,16.7,0.0,0.0,0.0,0.0,0.0,0.0,0.0,0.0,0.0
Telekom Baskets Bonn,Zachery Cooks,3,Zachery Cooks,1,12.9,12.9,5.0,5.0,2.0,8.0,25,1.0,4.0,25,0.0,0.0,0,0.0,1.0,1.0,4.0,0.0,0.0,1.0,0.0,8.6,35.2,3.3,2.6,0.7,6,11.0,11.0,7.2,0,0,0,0,0,0.0,0,-9.05,-4.68,-4.37,2.5,3.5,3.0,1.0,33.3,1.0,0.0,0,4.0,1.0,25,1.0,1.0,0.0,1.0,0.0,0.0,0.0,0.0,0.0
FC Bayern München Basketball,Nikolas Sermpezis,30,Nikolas Sermpezis,1,7.0,7.0,5.0,5.0,1.0,1.0,100,1.0,1.0,100,2.0,2.0,100,0.0,0.0,0.0,1.0,0.0,0.0,0.0,1.0,1.8,13.7,2.1,0.4,0.0,2,7.0,7.0,3.0,0,0,0,0,0,0.0,0,21.8,13.0,8.8,2.8,3.3,0.0,0.0,0,0.0,0.0,0,1.0,1.0,100,0.0,0.0,0.0,0.0,0.0,0.0,0.0,2.0,0.0
Basketball Löwen Braunschweig,Barra Njie,13,Barra Njie,1,16.8,16.8,5.0,5.0,2.0,10.0,20,0.0,4.0,0,1.0,1.0,100,0.0,1.0,1.0,2.0,0.0,0.0,2.0,0.0,11.9,37.4,6.6,2.6,1.3,2,7.0,7.0,9.2,0,0,0,0,0,0.0,0,-24.48,-15.5,-8.98,2.8,4.0,5.0,2.0,40,1.0,0.0,0,4.0,0.0,0,1.0,0.0,1.0,1.0,0.0,0.0,0.0,2.0,0.0
FC Bayern München Basketball,Stefan Jovic,16,Stefan Jovic,1,15.8,15.8,5.0,5.0,2.0,2.0,100,1.0,1.0,100,0.0,0.0,0,0.0,2.0,2.0,4.0,1.0,0.0,1.0,1.0,2.9,9.7,2.1,1.7,0.9,9,14.0,14.0,6.0,0,0,0,0,0,0.0,0,15.96,5.18,10.79,2.5,3.1,0.0,0.0,0,1.0,1.0,100,1.0,1.0,100,0.0,0.0,1.0,0.0,0.0,0.0,0.0,0.0,0.0
Paderborn Baskets,Nathan Lewis Scott,25,Nathan Lewis Scott,1,18.6,18.6,4.0,4.0,2.0,6.0,33.3,0.0,1.0,0,0.0,0.0,0,0.0,3.0,3.0,0.0,0.0,0.0,0.0,1.0,5.8,16.4,0.2,0.0,0.1,0,4.0,4.0,0.2,0,0,0,0,0,0.0,0,-10.63,-9.31,-1.32,3.3,4.5,4.0,2.0,50,1.0,0.0,0,1.0,0.0,0,1.0,0.0,0.0,0.0,0.0,0.0,0.0,0.0,0.0
SKYLINERS,Radii Caisin,16,Radii Caisin,1,17.7,17.7,4.0,4.0,1.0,2.0,50,1.0,2.0,50,1.0,2.0,50,1.0,1.0,2.0,1.0,2.0,0.0,1.0,3.0,2.8,8.0,4.6,1.1,2.3,2,6.0,6.0,6.9,0,0,0,0,0,0.0,0,3.14,-2.53,5.67,2.7,3.9,0.0,0.0,0,0.0,0.0,0,2.0,1.0,50,0.0,0.0,1.0,0.0,0.0,0.0,0.0,0.0,0.0
Telekom Baskets Bonn,Kur Jongkuch,15,Kur Jongkuch,1,12.9,12.9,4.0,4.0,1.0,3.0,33.3,0.0,0.0,0,2.0,2.0,100,2.0,1.0,3.0,0.0,1.0,0.0,0.0,5.0,1.8,7.4,2.6,0.0,2.0,0,4.0,4.0,2.6,0,0,0,0,0,0.0,0,-8.56,-9.49,0.93,3.4,4.2,3.0,1.0,33.3,0.0,0.0,0,0.0,0.0,0,0.0,0.0,0.0,0.0,0.0,0.0,2.0,0.0,2.0
Fitness First Würzburg Baskets,Christian Skladanowski,19,Christian Skladanowski,1,15.6,15.6,4.0,4.0,2.0,2.0,100,0.0,0.0,0,0.0,0.0,0,2.0,0.0,2.0,0.0,0.0,0.0,1.0,1.0,1.0,3.5,5.7,0.0,2.9,0,4.0,4.0,5.7,0,0,0,0,0,0.0,0,2.09,-3.65,5.74,3.1,4.0,2.0,2.0,100,0.0,0.0,0,0.0,0.0,0,1.0,0.0,1.0,0.0,0.0,0.0,2.0,2.0,2.0
Fitness First Würzburg Baskets,Eddy Edigin Jr,27,Eddy Edigin Jr,1,13.2,13.2,4.0,4.0,2.0,4.0,50,0.0,0.0,0,0.0,0.0,0,0.0,0.0,0.0,1.0,1.0,0.0,3.0,4.0,6.7,29.1,5.7,1.4,0.0,2,6.0,6.0,8.6,0,0,0,0,0,0.0,0,-11.9,-19.87,7.97,2.4,3.8,4.0,2.0,50,0.0,0.0,0,0.0,0.0,0,1.0,0.0,1.0,1.0,0.0,0.0,0.0,0.0,2.0
Fitness First Würzburg Baskets,Charles Thompson,32,Charles Thompson,1,14.9,14.9,4.0,4.0,2.0,2.0,100,0.0,0.0,0,0.0,0.0,0,2.0,3.0,5.0,0.0,1.0,0.0,3.0,4.0,2.9,11.0,5.7,0.0,7.1,0,4.0,4.0,5.7,0,0,0,0,0,0.0,0,-3.38,-13.4,10.02,3.5,4.0,2.0,2.0,100,0.0,0.0,0,0.0,0.0,0,1.0,0.0,1.0,0.0,0.0,0.0,0.0,0.0,0.0
ratiopharm ulm,Mohamed Diakite,5,Mohamed Diakite,1,14.2,14.2,4.0,4.0,1.0,1.0,100,0.0,0.0,0,2.0,2.0,100,0.0,2.0,2.0,0.0,1.0,0.0,1.0,2.0,2.8,9.9,5.1,0.0,2.5,0,4.0,4.0,5.1,0,0,0,0,0,0.0,0,-5.59,-8.67,3.08,3.1,3.8,1.0,1.0,100,0.0,0.0,0,0.0,0.0,0,0.0,0.0,0.0,1.0,0.0,0.0,0.0,0.0,2.0
ratiopharm ulm,Malik Osborne,10,Malik Osborne,1,16.2,16.2,4.0,4.0,2.0,4.0,50,0.0,1.0,0,0.0,0.0,0,1.0,2.0,3.0,0.0,0.0,0.0,2.0,0.0,4.8,15.1,5.1,0.0,3.8,0,4.0,4.0,5.1,0,0,0,0,0,0.0,0,-14.97,-10.76,-4.21,3.4,4.3,3.0,2.0,66.7,0.0,0.0,0,1.0,0.0,0,0.0,0.0,1.0,1.0,0.0,0.0,0.0,2.0,2.0
Basketball Löwen Braunschweig,Philipp Hartwich,15,Philipp Hartwich,1,19.9,19.9,4.0,4.0,1.0,2.0,50,0.0,0.0,0,2.0,2.0,100,1.0,2.0,3.0,0.0,1.0,1.0,0.0,3.0,1.8,4.8,5.3,0.0,4.0,0,4.0,4.0,5.3,0,0,0,0,0,0.0,0,-6.23,-7.05,0.82,3.7,4.2,2.0,1.0,50,0.0,0.0,0,0.0,0.0,0,1.0,0.0,0.0,0.0,0.0,0.0,2.0,0.0,2.0
Veolia Towers Hamburg,Kenneth Ogbe,25,Kenneth Ogbe,1,9.7,9.7,3.0,3.0,1.0,4.0,25,0.0,2.0,0,1.0,2.0,50,0.0,0.0,0.0,1.0,0.0,0.0,1.0,4.0,5.6,28.9,3.7,1.2,0.0,3,6.0,6.0,7.4,0,0,0,0,0,0.0,0,-23.79,-20.99,-2.8,2.9,4.1,2.0,1.0,50,0.0,0.0,0,2.0,0.0,0,1.0,0.0,1.0,0.0,0.0,0.0,0.0,0.0,0.0
SYNTAINICS MBC,Akeem Vargas,11,Akeem Vargas,1,8.3,8.3,3.0,3.0,1.0,2.0,50,1.0,2.0,50,0.0,0.0,0,0.0,1.0,1.0,0.0,0.0,0.0,0.0,1.0,1.9,12.7,4.1,0.0,1.4,0,3.0,3.0,4.1,0,0,0,0,0,0.0,0,-6.13,0.11,-6.25,3.2,4.0,0.0,0.0,0,0.0,0.0,0,2.0,1.0,50,0.0,0.0,0.0,0.0,0.0,0.0,0.0,0.0,0.0
ratiopharm ulm,Len Schoormann,1,Len Schoormann,1,23.3,23.3,3.0,3.0,1.0,2.0,50,1.0,1.0,100,0.0,0.0,0,0.0,2.0,2.0,1.0,1.0,0.0,0.0,3.0,1.9,4.2,3.8,1.3,2.5,2,5.0,5.0,6.4,0,0,0,0,0,0.0,0,-5.91,-7.47,1.55,2.9,4.0,1.0,0.0,0,0.0,0.0,0,1.0,1.0,100,0.0,1.0,0.0,0.0,0.0,0.0,0.0,0.0,0.0
ratiopharm ulm,Tobias Jensen,7,Tobias Jensen,1,24.5,24.5,3.0,3.0,1.0,6.0,16.7,1.0,5.0,20,0.0,0.0,0,0.0,5.0,5.0,1.0,2.0,0.0,4.0,2.0,9.6,19.9,3.8,1.3,6.4,2,5.0,5.0,6.4,0,0,0,0,0,0.0,0,-16.96,-16.59,-0.36,3.2,4.4,1.0,0.0,0,0.0,0.0,0,5.0,1.0,20,0.0,0.0,3.0,0.0,0.0,0.0,0.0,0.0,0.0
Basketball Löwen Braunschweig,Adrian Worthy,0,Adrian Worthy,1,8.6,8.6,3.0,3.0,1.0,2.0,50,1.0,1.0,100,0.0,0.0,0,0.0,1.0,1.0,3.0,0.0,0.0,2.0,1.0,3.8,23.5,4.0,4.0,1.3,4,7.0,7.0,9.2,0,0,0,0,0,0.0,0,-4.49,-3.92,-0.56,2.7,3.1,1.0,0.0,0,0.0,0.0,0,1.0,1.0,100,0.0,0.0,0.0,2.0,0.0,0.0,0.0,0.0,0.0
RASTA Vechta,Booker Coplin,30,Booker Coplin,1,10.9,10.9,3.0,3.0,1.0,1.0,100,1.0,1.0,100,0.0,0.0,0,0.0,2.0,2.0,0.0,0.0,0.0,1.0,2.0,1.9,9.3,1.3,0.0,0.9,0,3.0,3.0,1.3,0,0,0,0,0,0.0,0,-2.23,-7.69,5.46,3.3,3.9,0.0,0.0,0,0.0,0.0,0,1.0,1.0,100,0.0,0.0,1.0,0.0,0.0,0.0,0.0,0.0,0.0
FC Bayern München Basketball,David McCormack,33,David McCormack,1,20.4,20.4,3.0,3.0,1.0,5.0,20,0.0,0.0,0,1.0,2.0,50,5.0,4.0,9.0,1.0,1.0,0.0,0.0,4.0,0.8,2.2,1.3,0.4,3.8,2,5.0,5.0,2.1,2,2.0,1,0,100.0,1.0,1,-2.64,-5.2,2.55,3.7,4.4,3.0,1.0,33.3,2.0,0.0,0,0.0,0.0,0,1.0,0.0,0.0,0.0,0.0,0.0,3.0,0.0,0.0
SBB Baskets Wolmirstedt,Matthias Fichtner,35,Matthias Fichtner,1,9.9,9.9,2.0,2.0,0.0,0.0,0,0.0,0.0,0,2.0,2.0,100,0.0,0.0,0.0,0.0,0.0,0.0,1.0,3.0,1.8,9.6,0.4,0.0,0.0,0,2.0,2.0,0.4,0,0,0,0,0,0.0,0,-13.71,-13.5,-0.21,3.0,4.0,0.0,0.0,0,0.0,0.0,0,0.0,0.0,0,0.0,0.0,0.0,1.0,0.0,0.0,0.0,0.0,0.0
SKYLINERS,Lorenz Brenneke,21,Lorenz Brenneke,1,9.3,9.3,2.0,2.0,1.0,1.0,100,0.0,0.0,0,0.0,0.0,0,1.0,0.0,1.0,1.0,0.0,0.0,0.0,5.0,0.0,0.0,2.3,1.1,1.1,3,5.0,5.0,5.7,2,2.0,1,0,100.0,1.0,1,-4.61,-7.73,3.13,3.0,3.7,1.0,1.0,100,0.0,0.0,0,0.0,0.0,0,1.0,0.0,0.0,0.0,0.0,0.0,2.0,0.0,0.0
Veolia Towers Hamburg,Osaro Rich Igbineweka,3,Osaro Rich Igbineweka,1,15.6,15.6,2.0,2.0,1.0,2.0,50,0.0,0.0,0,0.0,0.0,0,0.0,1.0,1.0,1.0,3.0,0.0,3.0,3.0,4.8,15.2,2.5,1.2,1.2,2,4.0,4.0,5.0,0,0,0,0,0,0.0,0,-4.95,-13.33,8.38,2.4,4.2,2.0,1.0,50,0.0,0.0,0,0.0,0.0,0,0.0,0.0,2.0,1.0,0.0,0.0,0.0,0.0,2.0
Veolia Towers Hamburg,Jared Grey,8,Jared Grey,1,7.0,7.0,2.0,2.0,1.0,2.0,50,0.0,0.0,0,0.0,0.0,0,0.0,1.0,1.0,0.0,1.0,0.0,0.0,1.0,1.9,13.5,2.5,0.0,1.2,0,2.0,2.0,2.5,2,2.0,2,0,50.0,2.0,1,-0.26,-7.27,7.01,2.9,4.2,2.0,1.0,50,0.0,0.0,0,0.0,0.0,0,0.0,0.0,0.0,0.0,0.0,0.0,0.0,2.0,2.0
Fitness First Würzburg Baskets,Lukas Herzog,1,Lukas Herzog,1,10.6,10.6,2.0,2.0,0.0,1.0,0,0.0,1.0,0,2.0,2.0,100,0.0,0.0,0.0,0.0,0.0,0.0,0.0,1.0,1.8,9.7,2.9,0.0,0.0,0,2.0,2.0,2.9,0,0,0,0,0,0.0,0,-3.19,-9.06,5.86,2.9,4.2,0.0,0.0,0,0.0,0.0,0,1.0,0.0,0,0.0,0.0,0.0,0.0,0.0,0.0,0.0,0.0,0.0
Fitness First Würzburg Baskets,Leo Saffer,3,Leo Saffer,1,11.9,11.9,2.0,2.0,1.0,2.0,50,0.0,0.0,0,0.0,0.0,0,0.0,4.0,4.0,0.0,0.0,2.0,4.0,3.0,5.8,27.7,2.9,0.0,5.7,0,2.0,2.0,2.9,0,0,0,0,0,0.0,0,-14.01,-25.51,11.5,4.0,4.3,2.0,1.0,50,0.0,0.0,0,0.0,0.0,0,0.0,0.0,2.0,0.0,0.0,0.0,2.0,0.0,0.0
Fitness First Würzburg Baskets,Alen Pjanic,35,Alen Pjanic,1,21.7,21.7,2.0,2.0,1.0,4.0,25,0.0,3.0,0,0.0,0.0,0,1.0,3.0,4.0,0.0,1.0,1.0,0.0,3.0,2.9,7.6,2.9,0.0,5.7,0,2.0,2.0,2.9,2,2.0,2,0,50.0,2.0,1,-0.99,-10.52,9.53,3.3,4.6,1.0,1.0,100,0.0,0.0,0,3.0,0.0,0,0.0,0.0,0.0,0.0,0.0,0.0,0.0,0.0,0.0
SYNTAINICS MBC,Collin Welp,40,Collin Welp,1,15.2,15.2,2.0,2.0,0.0,4.0,0,0.0,2.0,0,2.0,2.0,100,1.0,0.0,1.0,2.0,0.0,0.0,2.0,4.0,5.6,20.4,2.8,2.8,1.4,6,8.0,8.0,11.0,0,0,0,0,0,0.0,0,-27.26,-16.47,-10.79,2.8,3.8,2.0,0.0,0,0.0,0.0,0,2.0,0.0,0,0.0,0.0,0.0,1.0,0.0,1.0,0.0,0.0,0.0
MHP RIESEN Ludwigsburg,Booker Coplin,9,Booker Coplin,1,4.6,4.6,2.0,2.0,1.0,1.0,100,0.0,0.0,0,0.0,0.0,0,0.0,1.0,1.0,0.0,0.0,0.0,3.0,1.0,3.8,45.4,1.3,0.0,0.6,0,2.0,2.0,1.3,0,0,0,0,0,0.0,0,-29.62,-27.11,-2.51,3.1,3.9,0.0,0.0,0,1.0,1.0,100,0.0,0.0,0,0.0,0.0,1.0,1.0,0.0,0.0,2.0,0.0,0.0
ratiopharm ulm,Diego Garavaglia,23,Diego Garavaglia,1,18.3,18.3,2.0,2.0,0.0,2.0,0,0.0,1.0,0,2.0,2.0,100,1.0,2.0,3.0,0.0,0.0,1.0,0.0,0.0,1.8,5.0,2.5,0.0,3.8,0,2.0,2.0,2.5,0,0,0,0,0,0.0,0,-8.46,-6.94,-1.52,3.9,4.5,1.0,0.0,0,0.0,0.0,0,1.0,0.0,0,0.0,0.0,0.0,0.0,0.0,0.0,2.0,0.0,0.0
FC Bayern München Basketball,Wenyen Gabriel,32,Wenyen Gabriel,1,16.8,16.8,2.0,2.0,1.0,2.0,50,0.0,0.0,0,0.0,4.0,0,0.0,3.0,3.0,1.0,0.0,2.0,2.0,1.0,5.5,17.6,0.9,0.4,1.3,2,4.0,4.0,1.7,0,0,0,0,0,0.0,0,-5.36,-10.82,5.45,3.9,4.3,2.0,1.0,50,0.0,0.0,0,0.0,0.0,0,0.0,0.0,1.0,1.0,0.0,0.0,0.0,2.0,2.0
Basketball Löwen Braunschweig,Romario Holloway,11,Romario Holloway,1,6.3,6.3,2.0,2.0,0.0,0.0,0,0.0,0.0,0,2.0,2.0,100,0.0,0.0,0.0,0.0,0.0,0.0,2.0,5.0,2.8,23.0,2.6,0.0,0.0,0,2.0,2.0,2.6,0,0,0,0,0,0.0,0,-36.76,-33.42,-3.33,3.0,3.9,0.0,0.0,0,0.0,0.0,0,0.0,0.0,0,0.0,0.0,1.0,0.0,0.0,0.0,0.0,0.0,0.0
Basketball Löwen Braunschweig,Chip Flanigan,30,Chip Flanigan,1,19.4,19.4,2.0,2.0,1.0,2.0,50,0.0,0.0,0,0.0,0.0,0,0.0,5.0,5.0,2.0,1.0,1.0,0.0,2.0,1.9,5.2,2.6,2.6,6.6,5,7.0,7.0,9.2,0,0,0,0,0,0.0,0,-2.93,-6.55,3.62,3.9,3.9,0.0,0.0,0,2.0,1.0,50,0.0,0.0,0,0.0,0.0,0.0,0.0,0.0,0.0,0.0,0.0,0.0
Artland Dragons,Djairo Bernardina,5,Djairo Bernardina,1,3.3,3.3,0.0,0.0,0.0,1.0,0,0.0,1.0,0,0.0,0.0,0,0.0,1.0,1.0,0.0,0.0,0.0,0.0,1.0,1.0,15.2,0.0,0.0,0.0,0,0.0,0.0,0.0,0,0,0,0,0,0.0,0,-22.72,-20.75,-1.96,3.2,4.1,0.0,0.0,0,0.0,0.0,0,1.0,0.0,0,0.0,0.0,0.0,0.0,0.0,0.0,0.0,0.0,0.0
ROSTOCK SEAWOLVES,Bruno Loll,20,Bruno Loll,1,2.2,2.2,0.0,0.0,0.0,1.0,0,0.0,1.0,0,0.0,0.0,0,0.0,1.0,1.0,1.0,0.0,0.0,0.0,0.0,1.0,22.3,0.0,0.7,0.7,0,0.0,0.0,0.0,0,0,0,0,0,0.0,0,-2.69,-6.68,3.99,3.0,3.8,0.0,0.0,0,0.0,0.0,0,1.0,0.0,0,0.0,0.0,0.0,0.0,0.0,0.0,0.0,0.0,0.0
SKYLINERS,Garai Zeeb,3,Garai Zeeb,1,8.5,8.5,0.0,0.0,0.0,1.0,0,0.0,1.0,0,0.0,4.0,0,1.0,1.0,2.0,0.0,0.0,0.0,0.0,1.0,1.7,10.2,0.0,0.0,2.3,0,0.0,0.0,0.0,0,0,0,0,0,0.0,0,-19.23,-13.32,-5.91,3.3,4.3,0.0,0.0,0,0.0,0.0,0,1.0,0.0,0,0.0,0.0,0.0,0.0,0.0,0.0,0.0,0.0,0.0
EWE Baskets Oldenburg,Colin Schroeder,29,Colin Schroeder,1,2.5,2.5,0.0,0.0,0.0,0.0,0,0.0,0.0,0,0.0,0.0,0,0.0,1.0,1.0,1.0,0.0,0.0,0.0,0.0,0.0,0.0,0.0,0.3,0.3,3,3.0,3.0,1.0,0,0,0,0,0,0.0,0,14.5,1.31,13.19,3.0,3.7,0.0,0.0,0,0.0,0.0,0,0.0,0.0,0,0.0,0.0,0.0,0.0,0.0,0.0,0.0,0.0,0.0
EWE Baskets Oldenburg,Simon Kohlhoff,31,Simon Kohlhoff,1,2.5,2.5,0.0,0.0,0.0,0.0,0,0.0,0.0,0,0.0,0.0,0,0.0,0.0,0.0,0.0,0.0,0.0,0.0,0.0,0.0,0.0,0.0,0.0,0.0,0,0.0,0.0,0.0,0,0,0,0,0,0.0,0,-5.2,-8.42,3.21,3.0,4.1,0.0,0.0,0,0.0,0.0,0,0.0,0.0,0,0.0,0.0,0.0,0.0,0.0,0.0,0.0,0.0,0.0
Veolia Towers Hamburg,Benedikt Turudic,44,Benedikt Turudic,1,13.6,13.6,0.0,0.0,0.0,2.0,0,0.0,0.0,0,0.0,0.0,0,0.0,0.0,0.0,3.0,1.0,0.0,0.0,2.0,1.9,7.0,0.0,3.7,0.0,5,5.0,5.0,6.2,0,0.0,1,0,0.0,1.0,1,-3.77,-7.95,4.18,2.3,3.8,1.0,0.0,0,1.0,0.0,0,0.0,0.0,0,0.0,0.0,0.0,0.0,0.0,0.0,0.0,0.0,0.0
Fitness First Würzburg Baskets,Johnathan Stove,22,Johnathan Stove,1,18.9,18.9,0.0,0.0,0.0,5.0,0,0.0,4.0,0,0.0,0.0,0,0.0,6.0,6.0,0.0,0.0,0.0,0.0,2.0,4.8,14.5,0.0,0.0,8.6,0,0.0,0.0,0.0,0,0.0,1,0,0.0,1.0,1,-13.48,-17.58,4.1,3.7,4.5,0.0,0.0,0,1.0,0.0,0,4.0,0.0,0,0.0,0.0,0.0,0.0,0.0,0.0,0.0,0.0,0.0
Fitness First Würzburg Baskets,David Muenkat,55,David Muenkat,1,18.3,18.3,0.0,0.0,0.0,5.0,0,0.0,3.0,0,0.0,0.0,0,2.0,2.0,4.0,0.0,0.0,2.0,3.0,2.0,5.8,17.9,0.0,0.0,5.7,0,0.0,0.0,0.0,0,0,0,0,0,0.0,0,-17.3,-20.86,3.56,3.8,4.5,0.0,0.0,0,2.0,0.0,0,3.0,0.0,0,0.0,0.0,0.0,3.0,0.0,0.0,0.0,0.0,0.0
SYNTAINICS MBC,Moritz Heck,3,Moritz Heck,1,1.7,1.7,0.0,0.0,0.0,0.0,0,0.0,0.0,0,0.0,0.0,0,0.0,1.0,1.0,0.0,0.0,0.0,0.0,1.0,0.0,0.0,0.0,0.0,1.4,0,0.0,0.0,0.0,0,0,0,0,0,0.0,0,-19.42,-18.58,-0.84,3.3,4.1,0.0,0.0,0,0.0,0.0,0,0.0,0.0,0,0.0,0.0,0.0,0.0,0.0,0.0,0.0,0.0,0.0
SYNTAINICS MBC,RJ Gunn,21,RJ Gunn,1,24.7,24.7,0.0,0.0,0.0,3.0,0,0.0,1.0,0,0.0,0.0,0,0.0,3.0,3.0,0.0,1.0,0.0,1.0,1.0,3.8,8.6,0.0,0.0,4.1,0,0.0,0.0,0.0,0,0,0,0,0,0.0,0,-17.25,-10.46,-6.79,2.9,4.7,1.0,0.0,0,1.0,0.0,0,1.0,0.0,0,0.0,0.0,0.0,1.0,0.0,0.0,0.0,0.0,0.0
SYNTAINICS MBC,Stephon Jelks,30,Stephon Jelks,1,12.1,12.1,0.0,0.0,0.0,1.0,0,0.0,1.0,0,0.0,0.0,0,1.0,1.0,2.0,2.0,0.0,0.0,1.0,1.0,1.0,4.4,0.0,2.8,2.8,3,3.0,3.0,4.1,0,0,0,0,0,0.0,0,-13.39,-6.29,-7.1,2.9,3.7,0.0,0.0,0,0.0,0.0,0,1.0,0.0,0,0.0,0.0,1.0,0.0,0.0,0.0,0.0,0.0,0.0
SYNTAINICS MBC,John Bryant,54,John Bryant,1,5.0,5.0,0.0,0.0,0.0,2.0,0,0.0,2.0,0,0.0,0.0,0,1.0,0.0,1.0,0.0,0.0,0.0,0.0,0.0,1.0,10.5,0.0,0.0,1.4,0,0.0,0.0,0.0,0,0,0,0,0,0.0,0,-27.78,-11.38,-16.4,3.2,4.2,0.0,0.0,0,0.0,0.0,0,2.0,0.0,0,0.0,0.0,0.0,0.0,0.0,0.0,0.0,0.0,0.0
ratiopharm ulm,Alec Anigbata,21,Alec Anigbata,1,5.3,5.3,0.0,0.0,0.0,0.0,0,0.0,0.0,0,0.0,0.0,0,0.0,0.0,0.0,0.0,0.0,0.0,1.0,1.0,1.0,9.3,0.0,0.0,0.0,0,0.0,0.0,0.0,0,0,0,0,0,0.0,0,-24.69,-20.5,-4.19,3.0,4.2,0.0,0.0,0,0.0,0.0,0,0.0,0.0,0,0.0,0.0,0.0,0.0,0.0,0.0,0.0,0.0,0.0
NINERS Chemnitz,Nike Sibande,2,Nike Sibande,1,13.9,13.9,0.0,0.0,0.0,6.0,0,0.0,3.0,0,0.0,0.0,0,0.0,1.0,1.0,0.0,0.0,0.0,2.0,1.0,7.7,28.4,0.0,0.0,1.3,0,0.0,0.0,0.0,0,0,0,0,0,0.0,0,-35.33,-25.58,-9.76,3.0,4.4,3.0,0.0,0,0.0,0.0,0,3.0,0.0,0,0.0,0.0,0.0,1.0,0.0,1.0,0.0,0.0,0.0
Basketball Löwen Braunschweig,Joshua Obiesie,8,Joshua Obiesie,1,5.8,5.8,0.0,0.0,0.0,2.0,0,0.0,1.0,0,0.0,0.0,0,0.0,0.0,0.0,0.0,0.0,0.0,1.0,1.0,2.9,26.0,0.0,0.0,0.0,0,0.0,0.0,0.0,0,0,0,0,0,0.0,0,-39.03,-27.9,-11.13,2.9,4.2,1.0,0.0,0,0.0,0.0,0,1.0,0.0,0,0.0,0.0,0.0,1.0,0.0,0.0,0.0,0.0,0.0
Basketball Löwen Braunschweig,Leonhard Laar,21,Leonhard Laar,1,5.5,5.5,0.0,0.0,0.0,1.0,0,0.0,0.0,0,0.0,0.0,0,0.0,0.0,0.0,0.0,0.0,0.0,0.0,1.0,1.0,9.2,0.0,0.0,0.0,0,0.0,0.0,0.0,0,0,0,0,0,0.0,0,-24.5,-17.98,-6.53,2.9,4.2,1.0,0.0,0,0.0,0.0,0,0.0,0.0,0,0.0,0.0,0.0,0.0,0.0,0.0,0.0,0.0,0.0
MLP Academics Heidelberg,Eric Reed II,43,Eric Reed II,1,13.7,13.7,0.0,0.0,0.0,4.0,0,0.0,3.0,0,0.0,0.0,0,0.0,1.0,1.0,0.0,0.0,0.0,0.0,2.0,3.8,14.3,0.0,0.0,0.7,0,0.0,0.0,0.0,0,0,0,0,0,0.0,0,-17.18,-17.55,0.36,3.0,4.4,1.0,0.0,0,0.0,0.0,0,3.0,0.0,0,0.0,0.0,0.0,0.0,0.0,0.0,0.0,0.0,0.0
Science City Jena,Jakob Lang,9,Jakob Lang,1,0.4,0.4,0.0,0.0,0.0,0.0,0,0.0,0.0,0,0.0,0.0,0,0.0,0.0,0.0,0.0,0.0,0.0,0.0,0.0,0.0,0.0,0.0,0.0,0.0,0,0.0,0.0,0.0,0,0,0,0,0,0.0,0,-5.7,-7.54,1.83,3.0,4.0,0.0,0.0,0,0.0,0.0,0,0.0,0.0,0,0.0,0.0,0.0,0.0,0.0,0.0,0.0,0.0,0.0
ALBA BERLIN,Anton Nufer,20,Anton Nufer,1,1.5,1.5,0.0,0.0,0.0,0.0,0,0.0,0.0,0,0.0,0.0,0,0.0,0.0,0.0,0.0,0.0,0.0,0.0,0.0,0.0,0.0,0.0,0.0,0.0,0,0.0,0.0,0.0,0,0,0,0,0,0.0,0,-1.5,-5.22,3.72,3.0,4.1,0.0,0.0,0,0.0,0.0,0,0.0,0.0,0,0.0,0.0,0.0,0.0,0.0,0.0,0.0,0.0,0.0
EWE Baskets Oldenburg,Joel Harms,20,Joel Harms,1,1.6,1.6,0.0,0.0,0.0,1.0,0,0.0,0.0,0,0.0,0.0,0,0.0,0.0,0.0,0.0,0.0,0.0,0.0,1.0,1.0,31.9,0.0,0.0,0.0,0,0.0,0.0,0.0,0,0,0,0,0,0.0,0,-42.53,-38.18,-4.35,3.0,4.1,1.0,0.0,0,0.0,0.0,0,0.0,0.0,0,0.0,0.0,0.0,0.0,0.0,0.0,0.0,0.0,0.0
