Team,Lineup,Lineup_Key,Games,Clutch_Minutes,Clutch_Seconds,PTS,FGM,FGA,FG%,3PM,3PA,3P%,FTM,FTA,FT%,OREB,DREB,REB,AST,STL,BLK,TOV,PF,PTS_ALLOWED,POSS,OFF_RTG,DEF_RTG,NET_RTG,PTS/MIN,DIFF
NAGASAKI VELCA,"Ko Kumagai, Stanley Johnson, Yudai Baba, Hyunjung Lee, Jarrell Brantley","NAGASAKI VELCA|11,14,18,5,7",17,60.4,3625.0,131,46,91,50.5,11,33,33.3,28,37,75.7,0,0,0,34,0,0,23,0,96,130.3,100.6,72.5,28.0,2.17,35
SEAHORSES MIKAWA,"Thomas Kennedy, Jake Layman, Yudai Nishida, Davante Gardner, Satoshi Nagano","SEAHORSES MIKAWA|1,10,19,54,7",15,44.6,2676.0,112,38,66,57.6,15,29,51.7,21,23,91.3,0,0,0,25,0,0,6,0,49,82.1,136.4,53.7,82.7,2.51,63
LEVANGA HOKKAIDO,"Shuto Ichiba, Dwight Ramos, Jahlil Okafor, Keisei Tominaga, Kevin Jones","LEVANGA HOKKAIDO|12,2,22,30,5",15,33.4,2006.0,70,25,48,52.1,8,21,38.1,12,20,60.0,0,0,0,13,0,0,12,0,83,68.8,101.7,107.7,-5.9,2.09,-13
NAGASAKI VELCA,"Stanley Johnson, Hayato Yamaguchi, Yudai Baba, Hyunjung Lee, Jarrell Brantley","NAGASAKI VELCA|14,17,18,5,7",14,28.7,1721.0,90,29,58,50.0,11,27,40.7,21,31,67.7,0,0,0,16,0,0,6,0,53,77.6,115.9,85.9,30.0,3.14,37
UTSUNOMIYA BREX,"Shinji Takashima, DJ Newbill, Gavin Edwards, Grant Jerrett, Makoto Hiejima","UTSUNOMIYA BREX|12,25,33,34,6",12,28.6,1715.0,60,18,42,42.9,9,25,36.0,15,18,83.3,0,0,0,10,0,0,8,0,65,57.9,103.6,125.4,-21.8,2.1,-5
FIGHTING EAGLES NAGOYA,"Tensho Sugimoto, Jeremy Jones, Ryuto Yasuoka, Narito Namizato, Sean O'mara","FIGHTING EAGLES NAGOYA|10,22,23,3,54",8,24.5,1468.0,47,15,36,41.7,6,16,37.5,11,15,73.3,0,0,0,13,0,0,9,0,57,51.6,91.1,98.4,-7.3,1.92,-10
LEVANGA HOKKAIDO,"Ren Shimatani, Dwight Ramos, Jahlil Okafor, Keisei Tominaga, Kevin Jones","LEVANGA HOKKAIDO|15,2,22,30,5",13,24.2,1455.0,57,18,41,43.9,6,16,37.5,15,21,71.4,0,0,0,6,0,0,4,0,52,54.2,105.1,89.8,15.3,2.35,5
NAGOYA DIAMOND DOLPHINS,"Aaron Henry, Takumi Saito, Keita Imamura, Kyle Richardson, Scott Eatherton","NAGOYA DIAMOND DOLPHINS|11,2,30,34,43",14,23.8,1430.0,30,9,45,20.0,3,22,13.6,9,12,75.0,0,0,0,6,0,0,4,0,55,54.3,55.3,108.5,-53.3,1.26,-25
SEAHORSES MIKAWA,"Thomas Kennedy, Jake Layman, Yoshiaki Kubota, Yudai Nishida, Davante Gardner","SEAHORSES MIKAWA|1,10,11,19,54",8,23.4,1404.0,46,18,39,46.2,6,15,40.0,4,7,57.1,0,0,0,16,0,0,5,0,39,47.1,97.7,73.4,24.3,1.97,7
SAGA BALLOONERS,"Ryo Abe, Kosuke Kanamaru, Tanner Groves, David Dudzinski, Taiki Sumida","SAGA BALLOONERS|13,14,22,23,25",8,21.2,1275.0,43,14,32,43.8,3,11,27.3,12,14,85.7,0,0,0,14,0,0,6,0,42,44.2,97.4,94.3,3.0,2.02,1
SEAHORSES MIKAWA,"Jake Layman, Yutaro Suda, Yudai Nishida, Davante Gardner, Satoshi Nagano","SEAHORSES MIKAWA|10,13,19,54,7",8,21.1,1266.0,67,22,39,56.4,7,18,38.9,16,18,88.9,0,0,0,9,0,0,0,0,41,46.9,142.8,84.4,58.4,3.18,26
CHIBA JETS,"Yuta Watanabe, DJ Hogg, Yuki Togashi, Shuta Hara, Nassir Little","CHIBA JETS|1,10,2,31,8",9,20.4,1227.0,35,13,40,32.5,6,27,22.2,3,3,100.0,0,0,0,6,0,0,7,0,46,48.3,72.4,101.1,-28.7,1.71,-11
SAGA BALLOONERS,"Ryo Abe, Sori Uchio, Tanner Groves, David Dudzinski, Taiki Sumida","SAGA BALLOONERS|13,18,22,23,25",13,20.1,1206.0,53,17,32,53.1,4,12,33.3,15,22,68.2,0,0,0,13,0,0,8,0,31,49.7,106.7,79.2,27.5,2.64,22
RYUKYU GOLDEN KINGS,"Ryuichi Kishimoto, Yoshiyuki Matsuwaki, Vic Law, Jack Cooley, Ryo Sadohara","RYUKYU GOLDEN KINGS|14,15,4,45,8",9,19.6,1176.0,36,13,40,32.5,5,15,33.3,5,6,83.3,0,0,0,6,0,0,6,0,42,48.6,74.0,117.2,-43.2,1.84,-6
SENDAI 89ERS,"Shota Watanabe, Nathan Boothe, Seiya Funyu, Jarrett Culver, Sergio El Darwich","SENDAI 89ERS|15,45,7,8,9",11,18.9,1135.0,47,16,27,59.3,8,14,57.1,7,10,70.0,0,0,0,10,0,0,6,0,40,37.4,125.7,98.7,27.0,2.48,7
ALVARK TOKYO,"Sebastian Saiz, Marcus Foster, Ryan Rossiter, Taiki Osakabe, Shuto Ando","ALVARK TOKYO|11,17,22,75,9",11,18.8,1127.0,43,15,37,40.5,2,10,20.0,11,16,68.8,0,0,0,8,0,0,7,0,24,51.0,84.2,52.2,32.0,2.29,19
FIGHTING EAGLES NAGOYA,"Jamorko Pickett, Francis Lopez, Ryuto Yasuoka, Narito Namizato, Sean O'mara","FIGHTING EAGLES NAGOYA|0,20,23,3,54",6,18.8,1127.0,35,11,33,33.3,5,17,29.4,8,9,88.9,0,0,0,5,0,0,7,0,34,44.0,79.6,84.9,-5.3,1.86,1
YOKOHAMA B-CORSAIRS,"Kiefer Ravena, Seiya Ando, Koya Sudo, Damien Inglis, Gary Clark","YOKOHAMA B-CORSAIRS|15,3,30,4,8",13,18.0,1078.0,35,12,31,38.7,6,13,46.2,5,13,38.5,0,0,0,7,0,0,6,0,33,42.7,81.9,79.9,2.0,1.95,2
UTSUNOMIYA BREX,"Shinji Takashima, DJ Newbill, Gavin Edwards, Isaac Fotu, Makoto Hiejima","UTSUNOMIYA BREX|12,25,33,42,6",10,17.6,1054.0,41,14,32,43.8,8,21,38.1,5,6,83.3,0,0,0,13,0,0,4,0,35,38.6,106.1,89.1,17.0,2.33,6
TOYAMA GROUSES,"Naoki Uto, Brock Motum, Yuzo Okada, Nyika Williams, Trey Kell","TOYAMA GROUSES|11,12,3,6,8",10,17.6,1054.0,41,11,23,47.8,5,10,50.0,14,19,73.7,0,0,0,8,0,0,6,0,57,37.4,109.7,117.3,-7.5,2.33,-16
SENDAI 89ERS,"Yusei Sugiura, Boubacar Toure, Kazuma Okajima, Nathan Boothe, Sergio El Darwich","SENDAI 89ERS|14,21,3,45,9",8,17.3,1039.0,15,6,22,27.3,2,13,15.4,1,4,25.0,0,0,0,10,0,0,2,0,43,25.8,58.2,125.3,-67.1,0.87,-28
UTSUNOMIYA BREX,"DJ Newbill, Gavin Edwards, Isaac Fotu, Makoto Hiejima, Yusuke Endo","UTSUNOMIYA BREX|25,33,42,6,9",9,16.8,1009.0,33,12,29,41.4,2,12,16.7,7,8,87.5,0,0,0,6,0,0,3,0,29,35.5,92.9,71.6,21.3,1.96,4
KOSHIGAYA ALPHAS,"Kai Sotto, Yuichi Ikeda, Sekou Doumbouya, Anthony Clemmons, Shun Matsuyama","KOSHIGAYA ALPHAS|11,12,45,5,7",5,16.8,1006.0,24,8,26,30.8,0,9,0.0,8,11,72.7,0,0,0,6,0,0,1,0,39,31.8,75.4,112.3,-37.0,1.43,-15
HIROSHIMA DRAGONFLIES,"Kofi Cockburn, Nick Mayo, Tatsuya Ito, Keijiro Mitani, Christopher Smith","HIROSHIMA DRAGONFLIES|23,24,3,34,8",7,16.7,1000.0,24,8,27,29.6,2,13,15.4,6,9,66.7,0,0,0,9,0,0,2,0,35,33.0,72.8,107.2,-34.4,1.44,-11
TOYAMA GROUSES,"Brock Motum, Haruaki Tanaka, Yuzo Okada, Nyika Williams, Trey Kell","TOYAMA GROUSES|12,17,3,6,8",7,16.5,989.0,48,17,33,51.5,3,11,27.3,11,16,68.8,0,0,0,8,0,0,2,0,34,42.0,114.2,87.5,26.6,2.91,14
IBARAKI ROBOTS,"Robert Franks, Eric Jacobsen, Keita Tsurumaki, Noboru Hasegawa, Hayate Komasawa","IBARAKI ROBOTS|0,21,29,3,7",8,15.8,950.0,34,11,23,47.8,3,12,25.0,9,11,81.8,0,0,0,7,0,0,7,0,39,34.8,97.6,126.0,-28.4,2.15,-5
LEVANGA HOKKAIDO,"Ren Shimatani, Dwight Ramos, John Harrar, Jahlil Okafor, Keisei Tominaga","LEVANGA HOKKAIDO|15,2,21,22,30",9,15.5,929.0,37,13,25,52.0,4,7,57.1,7,8,87.5,0,0,0,9,0,0,5,0,37,33.5,110.4,110.6,-0.3,2.39,0
SAGA BALLOONERS,"Ryo Abe, Tanner Groves, David Dudzinski, Taiki Sumida, Ryota Inoue","SAGA BALLOONERS|13,22,23,25,34",11,15.4,922.0,30,9,26,34.6,2,13,15.4,10,10,100.0,0,0,0,6,0,0,3,0,41,33.4,89.8,134.3,-44.5,1.95,-11
YOKOHAMA B-CORSAIRS,"Kiefer Ravena, Kaleb Tarczewski, Seiya Ando, Koya Sudo, Damien Inglis","YOKOHAMA B-CORSAIRS|15,25,3,30,4",6,14.8,891.0,32,11,24,45.8,5,12,41.7,5,6,83.3,0,0,0,4,0,0,4,0,20,30.6,104.4,84.6,19.8,2.15,12
CHIBA JETS,"Yuta Watanabe, DJ Hogg, Yuki Togashi, Shuta Hara, John Mooney","CHIBA JETS|1,10,2,31,33",8,14.6,876.0,26,9,25,36.0,3,13,23.1,5,5,100.0,0,0,0,8,0,0,5,0,29,32.2,80.7,76.0,4.7,1.78,-3
SUNROCKERS SHIBUYA,"Donte Grantham, Daiki Tanaka, John Lawrence Harper Jr, Thomas Welsh, Josh Hawkinson","SUNROCKERS SHIBUYA|1,13,3,40,8",6,14.5,871.0,21,9,22,40.9,2,9,22.2,1,1,100.0,0,0,0,5,0,0,5,0,20,27.4,76.5,66.0,10.6,1.45,1
SHIGA LAKES,"Zach Auguste, Yosei Nishida, Kohei Tsuneta, Ryan Kriener, Ai-Che Yu","SHIGA LAKES|0,14,17,4,7",8,14.4,865.0,29,9,17,52.9,4,10,40.0,7,10,70.0,0,0,0,10,0,0,2,0,22,23.4,123.9,77.1,46.8,2.01,7
SUNROCKERS SHIBUYA,"Donte Grantham, Daiki Tanaka, John Lawrence Harper Jr, Andrew Randall, Josh Hawkinson","SUNROCKERS SHIBUYA|1,13,3,7,8",5,14.2,854.0,33,11,20,55.0,6,8,75.0,5,6,83.3,0,0,0,8,0,0,7,0,25,29.6,111.3,76.3,35.0,2.32,8
HIROSHIMA DRAGONFLIES,"Dwayne Evans II, Nick Mayo, Ryo Yamazaki, Keijiro Mitani, Christopher Smith","HIROSHIMA DRAGONFLIES|13,24,30,34,8",8,14.1,843.0,28,7,22,31.8,3,13,23.1,11,19,57.9,0,0,0,5,0,0,3,0,29,33.4,83.9,82.5,1.5,1.99,-1
FIGHTING EAGLES NAGOYA,"Francis Lopez, Jeremy Jones, Ryuto Yasuoka, Narito Namizato, Sean O'mara","FIGHTING EAGLES NAGOYA|20,22,23,3,54",5,13.8,825.0,27,8,17,47.1,2,5,40.0,9,19,47.4,0,0,0,11,0,0,4,0,26,29.4,92.0,84.2,7.8,1.96,1
SHIMANE SUSANOO MAGIC,"James Michael McAdoo, Yuto Nohmi, Fumiya Iio, Nick Kay, Yuta Okada","SHIMANE SUSANOO MAGIC|14,21,22,4,77",7,13.4,805.0,36,11,17,64.7,5,10,50.0,9,13,69.2,0,0,0,10,0,0,3,0,39,25.7,140.0,99.8,40.2,2.68,-3
UTSUNOMIYA BREX,"DJ Newbill, Gavin Edwards, Grant Jerrett, Makoto Hiejima, Yusuke Endo","UTSUNOMIYA BREX|25,33,34,6,9",9,13.4,805.0,39,13,17,76.5,4,5,80.0,9,12,75.0,0,0,0,6,0,0,2,0,22,24.3,160.6,65.0,95.6,2.91,17
YOKOHAMA B-CORSAIRS,"Kenta Morii, Seiya Ando, Koya Sudo, Damien Inglis, Gary Clark","YOKOHAMA B-CORSAIRS|18,3,30,4,8",9,13.1,785.0,38,10,17,58.8,5,9,55.6,13,18,72.2,0,0,0,4,0,0,0,0,30,24.9,152.5,115.9,36.6,2.9,8
UTSUNOMIYA BREX,"Seiji Ikaruga, DJ Newbill, Gavin Edwards, Grant Jerrett, Makoto Hiejima","UTSUNOMIYA BREX|18,25,33,34,6",7,13.1,785.0,30,10,18,55.6,2,8,25.0,8,11,72.7,0,0,0,6,0,0,4,0,30,26.8,111.8,115.6,-3.8,2.29,0
KYOTO HANNARYZ,"Charles Jackson, Asato Ogawa, Satoru Maeta, Jordan Heath, Takatoshi Furukawa","KYOTO HANNARYZ|10,12,13,35,51",7,12.9,776.0,28,9,29,31.0,4,12,33.3,6,11,54.5,0,0,0,7,0,0,2,0,24,35.8,78.1,98.4,-20.2,2.16,4
IBARAKI ROBOTS,"Robert Franks, Ru Jingaoka, Eric Jacobsen, Noboru Hasegawa, Hayate Komasawa","IBARAKI ROBOTS|0,10,21,3,7",6,12.8,765.0,14,4,18,22.2,2,7,28.6,4,4,100.0,0,0,0,4,0,0,4,0,29,23.8,58.9,101.7,-42.8,1.1,-15
FIGHTING EAGLES NAGOYA,"Jamorko Pickett, Tensho Sugimoto, Ryuto Yasuoka, Narito Namizato, Sean O'mara","FIGHTING EAGLES NAGOYA|0,10,23,3,54",7,12.7,763.0,23,9,18,50.0,1,5,20.0,4,4,100.0,0,0,0,4,0,0,4,0,33,23.8,96.8,123.3,-26.5,1.81,-10
IBARAKI ROBOTS,"Robert Franks, Ru Jingaoka, Kohei Nakamura, Eric Jacobsen, Noboru Hasegawa","IBARAKI ROBOTS|0,10,13,21,3",8,12.6,755.0,23,8,22,36.4,5,16,31.2,2,2,100.0,0,0,0,4,0,0,2,0,29,24.9,92.4,155.6,-63.1,1.83,-6
SUNROCKERS SHIBUYA,"Didi Louzada, Donte Grantham, John Lawrence Harper Jr, Troy Murphy Jr, Josh Hawkinson","SUNROCKERS SHIBUYA|0,1,3,4,8",4,12.3,737.0,34,11,24,45.8,6,13,46.2,6,8,75.0,0,0,0,7,0,0,3,0,12,30.5,111.4,46.6,64.8,2.77,22
SENDAI 89ERS,"Shota Watanabe, Boubacar Toure, Seiya Funyu, Jarrett Culver, Sergio El Darwich","SENDAI 89ERS|15,21,7,8,9",4,12.2,729.0,23,8,22,36.4,2,8,25.0,5,8,62.5,0,0,0,3,0,0,2,0,31,27.5,83.6,141.9,-58.4,1.89,-8
TOYAMA GROUSES,"Naoki Uto, Brock Motum, Yannis Morin, Yuzo Okada, Kazuki Miyamoto","TOYAMA GROUSES|11,12,24,3,7",4,12.1,728.0,22,7,17,41.2,1,4,25.0,7,7,100.0,0,0,0,7,0,0,3,0,22,23.1,95.3,94.8,0.5,1.81,0
ALVARK TOKYO,"Sebastian Saiz, Marcus Foster, Ryan Rossiter, Hiromu Nakamura, Shuto Ando","ALVARK TOKYO|11,17,22,5,9",5,12.1,727.0,24,6,19,31.6,2,5,40.0,10,11,90.9,0,0,0,3,0,0,2,0,23,25.8,92.9,79.4,13.5,1.98,1
ALTIRI CHIBA,"Kei Sugimoto, Brandon Ashley, Luke Evans, Reo Maeda, Dererk Pardon","ALTIRI CHIBA|11,21,33,5,7",4,12.0,720.0,26,11,29,37.9,3,10,30.0,1,2,50.0,0,0,0,8,0,0,1,0,23,30.9,84.2,94.7,-10.5,2.17,3
RYUKYU GOLDEN KINGS,"Ryuichi Kishimoto, Shota Onodera, Vic Law, Jack Cooley, Ryo Sadohara","RYUKYU GOLDEN KINGS|14,34,4,45,8",5,12.0,721.0,23,7,18,38.9,1,10,10.0,8,9,88.9,0,0,0,6,0,0,4,0,23,26.0,88.6,114.5,-25.9,1.91,0
LEVANGA HOKKAIDO,"Ren Shimatani, Dwight Ramos, Max Hisatake, Keisei Tominaga, Kevin Jones","LEVANGA HOKKAIDO|15,2,29,30,5",5,12.0,722.0,31,10,22,45.5,5,9,55.6,6,6,100.0,0,0,0,8,0,0,2,0,21,26.6,116.4,84.8,31.6,2.58,10
SHIMANE SUSANOO MAGIC,"Taichi Nakamura, James Michael McAdoo, Yuto Nohmi, Nick Kay, Yuta Okada","SHIMANE SUSANOO MAGIC|11,14,21,4,77",5,11.9,712.0,20,6,24,25.0,2,10,20.0,6,9,66.7,0,0,0,5,0,0,0,0,29,28.0,71.5,105.4,-33.8,1.69,-9
RYUKYU GOLDEN KINGS,"Ryuichi Kishimoto, Yoshiyuki Matsuwaki, Masahiro Waki, Vic Law, Jack Cooley","RYUKYU GOLDEN KINGS|14,15,18,4,45",6,11.8,707.0,16,5,18,27.8,3,10,30.0,3,4,75.0,0,0,0,5,0,0,1,0,18,20.8,77.1,78.7,-1.6,1.36,-2
ALTIRI CHIBA,"Kei Sugimoto, Trey Porter, Kotetsu Kurokawa, Reo Maeda, Dererk Pardon","ALTIRI CHIBA|11,22,3,5,7",5,11.8,711.0,37,11,18,61.1,5,9,55.6,10,11,90.9,0,0,0,12,0,0,2,0,31,24.8,149.0,116.9,32.1,3.12,6
SUNROCKERS SHIBUYA,"Didi Louzada, Donte Grantham, Daiki Tanaka, Josh Hawkinson, Leo Vendrame","SUNROCKERS SHIBUYA|0,1,13,8,9",6,11.7,704.0,38,15,24,62.5,7,13,53.8,1,2,50.0,0,0,0,10,0,0,4,0,23,28.9,131.6,92.4,39.1,3.24,15
SAN-EN NEOPHOENIX,"Yante Maten, Hayato Wakugawa, David Nwaba, Kazuma Tsuya, Sota Oura","SAN-EN NEOPHOENIX|1,14,2,28,5",6,11.6,693.0,27,9,22,40.9,1,8,12.5,8,9,88.9,0,0,0,6,0,0,5,0,24,31.0,87.2,101.0,-13.8,2.34,3
SAN-EN NEOPHOENIX,"Yante Maten, David Nwaba, Dai Nemoto, Ryusei Sasaki, Kazuma Tsuya","SAN-EN NEOPHOENIX|1,2,20,24,28",6,11.4,686.0,31,11,19,57.9,4,9,44.4,5,6,83.3,0,0,0,6,0,0,3,0,16,24.6,125.8,75.0,50.8,2.71,15
SHIMANE SUSANOO MAGIC,"Taichi Nakamura, James Michael McAdoo, Yuto Nohmi, Fumiya Iio, Nick Kay","SHIMANE SUSANOO MAGIC|11,14,21,22,4",5,11.3,681.0,26,12,22,54.5,2,8,25.0,0,0,0,0,0,0,6,0,0,3,0,20,25.0,104.0,76.1,27.9,2.29,6
LEVANGA HOKKAIDO,"Shuto Ichiba, Dwight Ramos, John Harrar, Keisei Tominaga, Kevin Jones","LEVANGA HOKKAIDO|12,2,21,30,5",8,11.0,659.0,26,11,17,64.7,2,5,40.0,2,4,50.0,0,0,0,8,0,0,1,0,30,19.8,131.6,123.0,8.6,2.37,-4
RYUKYU GOLDEN KINGS,"Ryuichi Kishimoto, Yoshiyuki Matsuwaki, Damyean Dotson, Vic Law, Alex Kirk","RYUKYU GOLDEN KINGS|14,15,21,4,53",6,11.0,659.0,30,8,20,40.0,3,6,50.0,11,12,91.7,0,0,0,5,0,0,4,0,26,29.3,102.5,110.5,-8.1,2.73,4
FIGHTING EAGLES NAGOYA,"Ryuto Yasuoka, Narito Namizato, Andrew Randall, Sean O'mara, Tyrell Taku Sudo","FIGHTING EAGLES NAGOYA|23,3,33,54,6",3,11.0,660.0,19,8,15,53.3,2,3,66.7,1,4,25.0,0,0,0,8,0,0,4,0,17,20.8,91.5,85.5,6.0,1.73,2
HIROSHIMA DRAGONFLIES,"Toshiki Kamisawa, Kofi Cockburn, Nick Mayo, Keijiro Mitani, Christopher Smith","HIROSHIMA DRAGONFLIES|10,23,24,34,8",4,10.9,656.0,16,6,15,40.0,3,7,42.9,1,2,50.0,0,0,0,6,0,0,3,0,13,18.9,84.7,62.3,22.5,1.46,3
KAWASAKI BRAVE THUNDERS,"Omar Jamaleddine, Shota Tsuyama, Rosco Allen, Emanuel Terry, Ryusei Shinoyama","KAWASAKI BRAVE THUNDERS|1,13,25,5,7",3,10.8,648.0,35,11,16,68.8,6,7,85.7,7,9,77.8,0,0,0,8,0,0,2,0,17,22.0,159.4,71.5,87.8,3.24,18
LEVANGA HOKKAIDO,"Shuto Ichiba, Dwight Ramos, John Harrar, Jahlil Okafor, Keisei Tominaga","LEVANGA HOKKAIDO|12,2,21,22,30",9,10.6,638.0,27,8,20,40.0,2,3,66.7,9,11,81.8,0,0,0,4,0,0,4,0,22,28.8,93.6,97.7,-4.1,2.54,5
SUNROCKERS SHIBUYA,"Donte Grantham, Reiya Nozaki, Daiki Tanaka, Josh Hawkinson, Leo Vendrame","SUNROCKERS SHIBUYA|1,12,13,8,9",4,10.4,625.0,19,6,15,40.0,3,8,37.5,4,4,100.0,0,0,0,7,0,0,2,0,31,18.8,101.3,163.5,-62.2,1.82,-12
RYUKYU GOLDEN KINGS,"Ryuichi Kishimoto, Yoshiyuki Matsuwaki, Vic Law, Jack Cooley, Alex Kirk","RYUKYU GOLDEN KINGS|14,15,4,45,53",6,10.4,622.0,26,10,18,55.6,1,6,16.7,5,11,45.5,0,0,0,3,0,0,2,0,23,24.8,104.7,101.1,3.6,2.51,3
FIGHTING EAGLES NAGOYA,"Takaya Sasayama, Jeremy Jones, Ryuto Yasuoka, Sean O'mara, Tyrell Taku Sudo","FIGHTING EAGLES NAGOYA|21,22,23,54,6",3,10.4,626.0,10,4,17,23.5,0,9,0.0,2,2,100.0,0,0,0,3,0,0,5,0,13,22.9,43.7,75.1,-31.4,0.96,-3
SHIMANE SUSANOO MAGIC,"Coty Clarke, Fumiya Iio, Nick Kay, Anthony Sho Sukegawa, Yuta Okada","SHIMANE SUSANOO MAGIC|1,22,4,7,77",2,10.4,623.0,25,9,15,60.0,4,7,57.1,3,3,100.0,0,0,0,6,0,0,6,0,36,22.3,112.0,194.4,-82.4,2.41,-11
TOYAMA GROUSES,"Naoki Uto, Brock Motum, Haruaki Tanaka, Yannis Morin, Yuzo Okada","TOYAMA GROUSES|11,12,17,24,3",6,10.3,618.0,26,11,18,61.1,3,4,75.0,1,3,33.3,0,0,0,12,0,0,0,0,27,19.3,134.6,125.9,8.6,2.52,-1
SENDAI 89ERS,"Shota Watanabe, Seiya Funyu, Soichiro Inoue, Jarrett Culver, Sergio El Darwich","SENDAI 89ERS|15,7,75,8,9",3,10.1,606.0,30,8,17,47.1,6,11,54.5,8,9,88.9,0,0,0,5,0,0,6,0,23,27.0,111.3,102.5,8.8,2.97,7
SUNROCKERS SHIBUYA,"Donte Grantham, Daiki Tanaka, Thomas Welsh, Josh Hawkinson, Leo Vendrame","SUNROCKERS SHIBUYA|1,13,40,8,9",4,10.1,608.0,19,5,15,33.3,0,5,0.0,9,10,90.0,0,0,0,2,0,0,3,0,17,22.4,84.8,66.3,18.5,1.88,2
NAGOYA DIAMOND DOLPHINS,"Aaron Henry, Alan Williams, Takumi Saito, Keita Imamura, Kyle Richardson","NAGOYA DIAMOND DOLPHINS|11,15,2,30,34",4,10.1,607.0,27,10,22,45.5,3,8,37.5,4,5,80.0,0,0,0,8,0,0,1,0,13,25.2,107.1,63.4,43.8,2.67,14
NAGOYA DIAMOND DOLPHINS,"Aaron Henry, Takumi Saito, Keita Imamura, Kyle Richardson, Isaiah Murphy","NAGOYA DIAMOND DOLPHINS|11,2,30,34,5",3,9.9,597.0,16,5,15,33.3,1,7,14.3,5,6,83.3,0,0,0,2,0,0,2,0,16,19.6,81.5,73.5,7.9,1.61,0
FIGHTING EAGLES NAGOYA,"Jeremy Jones, Ryuto Yasuoka, Narito Namizato, Sean O'mara, Tyrell Taku Sudo","FIGHTING EAGLES NAGOYA|22,23,3,54,6",6,9.8,585.0,12,5,14,35.7,1,3,33.3,1,1,100.0,0,0,0,4,0,0,4,0,30,18.4,65.1,151.8,-86.7,1.23,-18
SEAHORSES MIKAWA,"Thomas Kennedy, Yudai Nishida, Aaron White, Davante Gardner, Satoshi Nagano","SEAHORSES MIKAWA|1,19,30,54,7",5,9.7,584.0,18,7,15,46.7,1,5,20.0,3,3,100.0,0,0,0,2,0,0,2,0,12,18.3,98.3,120.0,-21.7,1.85,6
SHIGA LAKES,"Thomas Wimbush, Sean Ichioka, Ryan Kriener, Taiki Okada, Ai-Che Yu","SHIGA LAKES|20,22,4,6,7",6,9.7,581.0,22,8,17,47.1,4,12,33.3,2,2,100.0,0,0,0,6,0,0,2,0,34,19.9,110.7,140.5,-29.8,2.27,-12
CHIBA JETS,"Yuta Watanabe, DJ Hogg, Yuki Togashi, John Mooney, Naoki Tashiro","CHIBA JETS|1,10,2,33,4",4,9.6,575.0,17,8,17,47.1,1,6,16.7,0,0,0,0,0,0,6,0,0,1,0,16,18.0,94.4,96.2,-1.7,1.77,1
SUNROCKERS SHIBUYA,"Donte Grantham, Daiki Tanaka, John Lawrence Harper Jr, Josh Hawkinson, Leo Vendrame","SUNROCKERS SHIBUYA|1,13,3,8,9",5,9.6,577.0,23,8,21,38.1,3,10,30.0,4,4,100.0,0,0,0,4,0,0,1,0,20,23.8,96.8,104.2,-7.4,2.39,3
NAGOYA DIAMOND DOLPHINS,"Aaron Henry, Takumi Saito, Kyle Richardson, Scott Eatherton, Isaiah Murphy","NAGOYA DIAMOND DOLPHINS|11,2,34,43,5",4,9.6,576.0,12,3,16,18.8,2,7,28.6,4,4,100.0,0,0,0,3,0,0,2,0,19,19.8,60.7,107.7,-47.0,1.25,-7
SAGA BALLOONERS,"Sori Uchio, Tanner Groves, David Dudzinski, Taiki Sumida, Ryota Inoue","SAGA BALLOONERS|18,22,23,25,34",4,9.6,574.0,18,7,12,58.3,1,4,25.0,3,4,75.0,0,0,0,9,0,0,2,0,14,15.8,114.2,65.3,48.9,1.88,4
SEAHORSES MIKAWA,"Thomas Kennedy, Yoshiaki Kubota, Yudai Nishida, Aaron White, Davante Gardner","SEAHORSES MIKAWA|1,11,19,30,54",3,9.3,558.0,19,8,17,47.1,1,7,14.3,2,3,66.7,0,0,0,1,0,0,2,0,13,20.3,93.5,63.4,30.2,2.04,6
NAGOYA DIAMOND DOLPHINS,"Aaron Henry, Taito Nakahigashi, Takumi Saito, Kyle Richardson, Scott Eatherton","NAGOYA DIAMOND DOLPHINS|11,12,2,34,43",3,9.3,556.0,24,10,20,50.0,3,8,37.5,1,2,50.0,0,0,0,2,0,0,4,0,14,24.9,96.5,79.4,17.1,2.59,10
KOSHIGAYA ALPHAS,"Kai Sotto, Yuichi Ikeda, Jordan Ngatai, Anthony Clemmons, Shun Matsuyama","KOSHIGAYA ALPHAS|11,12,20,5,7",4,9.3,561.0,15,4,11,36.4,2,5,40.0,5,8,62.5,0,0,0,3,0,0,1,0,17,15.5,96.6,96.4,0.3,1.6,-2
YOKOHAMA B-CORSAIRS,"Kiefer Ravena, Kai King, Kaleb Tarczewski, Seiya Ando, Damien Inglis","YOKOHAMA B-CORSAIRS|15,23,25,3,4",4,9.2,552.0,15,6,17,35.3,2,9,22.2,1,2,50.0,0,0,0,3,0,0,0,0,19,17.9,83.9,114.2,-30.3,1.63,-4
SEAHORSES MIKAWA,"Thomas Kennedy, Ryogo Sumino, Aaron White, Davante Gardner, Satoshi Nagano","SEAHORSES MIKAWA|1,18,30,54,7",6,9.1,547.0,14,6,15,40.0,2,6,33.3,0,0,0,0,0,0,0,0,0,2,0,8,17.0,82.4,47.1,35.3,1.54,6
ALVARK TOKYO,"Zack Baranski, Sebastian Saiz, Marcus Foster, Kai Toews, Taiki Osakabe","ALVARK TOKYO|10,11,17,3,75",3,9.0,541.0,17,5,15,33.3,4,9,44.4,3,5,60.0,0,0,0,2,0,0,2,0,7,19.2,88.5,43.5,45.0,1.89,10
SEAHORSES MIKAWA,"Jake Layman, Yoshiaki Kubota, Yutaro Suda, Yudai Nishida, Davante Gardner","SEAHORSES MIKAWA|10,11,13,19,54",5,8.9,536.0,16,4,12,33.3,1,6,16.7,7,9,77.8,0,0,0,5,0,0,1,0,30,17.0,94.3,124.6,-30.2,1.79,-14
SAGA BALLOONERS,"Ryo Abe, Sori Uchio, Reynaldo Garcia, David Dudzinski, Taiki Sumida","SAGA BALLOONERS|13,18,2,23,25",3,8.9,534.0,5,2,14,14.3,1,8,12.5,0,0,0,0,0,0,2,0,0,3,0,10,17.0,29.4,56.3,-26.9,0.56,-5
SENDAI 89ERS,"Hirohide Araya, Boubacar Toure, Kazuma Okajima, Nathan Boothe, Sergio El Darwich","SENDAI 89ERS|11,21,3,45,9",6,8.8,531.0,18,8,17,47.1,2,7,28.6,0,0,0,0,0,0,5,0,0,3,0,14,20.0,90.0,82.9,7.1,2.03,4
ALTIRI CHIBA,"Kei Sugimoto, Brandon Ashley, Kotetsu Kurokawa, Luke Evans, Dererk Pardon","ALTIRI CHIBA|11,21,3,33,7",4,8.7,522.0,15,5,14,35.7,0,2,0.0,5,6,83.3,0,0,0,4,0,0,2,0,9,18.6,80.5,58.7,21.7,1.72,6
HIROSHIMA DRAGONFLIES,"Kofi Cockburn, Nick Mayo, Tatsuya Ito, Ryo Yamazaki, Christopher Smith","HIROSHIMA DRAGONFLIES|23,24,3,30,8",5,8.7,522.0,21,6,15,40.0,1,5,20.0,8,10,80.0,0,0,0,4,0,0,2,0,20,21.4,98.1,112.6,-14.5,2.41,1
ALTIRI CHIBA,"Takaaki Kida, Kei Sugimoto, Brandon Ashley, Luke Evans, Dererk Pardon","ALTIRI CHIBA|0,11,21,33,7",3,8.7,520.0,13,5,16,31.2,1,4,25.0,2,3,66.7,0,0,0,6,0,0,0,0,16,17.3,75.1,86.4,-11.3,1.5,-3
SHIGA LAKES,"Zach Auguste, Yosei Nishida, Daichi Nomoto, Ryan Kriener, Ai-Che Yu","SHIGA LAKES|0,14,16,4,7",4,8.7,519.0,28,9,18,50.0,4,6,66.7,6,6,100.0,0,0,0,5,0,0,1,0,11,21.6,129.4,66.1,63.3,3.24,17
IBARAKI ROBOTS,"Robert Franks, Ru Jingaoka, Kotaro Hisaoka, Eric Jacobsen, Keita Tsurumaki","IBARAKI ROBOTS|0,10,14,21,29",3,8.7,521.0,21,9,13,69.2,2,3,66.7,1,2,50.0,0,0,0,6,0,0,0,0,4,13.9,151.3,26.7,124.6,2.42,17
RYUKYU GOLDEN KINGS,"Hayate Arakawa, Masahiro Waki, Damyean Dotson, Jack Cooley, Ryo Sadohara","RYUKYU GOLDEN KINGS|10,18,21,45,8",3,8.7,524.0,23,8,15,53.3,2,5,40.0,5,6,83.3,0,0,0,5,0,0,3,0,27,20.6,111.4,137.5,-26.0,2.63,-4
KOSHIGAYA ALPHAS,"Kai Sotto, Yuichi Ikeda, Takeru Oba, Jordan Ngatai, Anthony Clemmons","KOSHIGAYA ALPHAS|11,12,14,20,5",4,8.7,519.0,19,8,13,61.5,1,5,20.0,2,4,50.0,0,0,0,4,0,0,1,0,19,15.8,120.6,157.3,-36.7,2.2,0
ALTIRI CHIBA,"Takaaki Kida, Kei Sugimoto, Trey Porter, Kotetsu Kurokawa, Dererk Pardon","ALTIRI CHIBA|0,11,22,3,7",3,8.6,517.0,12,5,12,41.7,0,3,0.0,2,3,66.7,0,0,0,4,0,0,3,0,16,16.3,73.5,96.2,-22.6,1.39,-4
NAGASAKI VELCA,"Ko Kumagai, Stanley Johnson, Hayato Yamaguchi, Yudai Baba, Jarrell Brantley","NAGASAKI VELCA|11,14,17,18,7",6,8.5,508.0,19,7,13,53.8,2,5,40.0,3,5,60.0,0,0,0,2,0,0,0,0,13,15.2,125.0,81.2,43.8,2.24,6
FIGHTING EAGLES NAGOYA,"Jamorko Pickett, Ryuto Yasuoka, Narito Namizato, Sean O'mara, Tyrell Taku Sudo","FIGHTING EAGLES NAGOYA|0,23,3,54,6",6,8.5,511.0,11,4,9,44.4,1,2,50.0,2,4,50.0,0,0,0,5,0,0,4,0,22,14.8,74.5,103.2,-28.7,1.29,-11
SHIMANE SUSANOO MAGIC,"Coty Clarke, Taichi Nakamura, Yuto Nohmi, Fumiya Iio, Nick Kay","SHIMANE SUSANOO MAGIC|1,11,21,22,4",10,8.5,512.0,26,10,18,55.6,2,8,25.0,4,4,100.0,0,0,0,8,0,0,2,0,28,21.8,119.5,135.1,-15.6,3.05,-2
LEVANGA HOKKAIDO,"Kohei Sekino, Ren Shimatani, John Harrar, Jahlil Okafor, Keisei Tominaga","LEVANGA HOKKAIDO|1,15,21,22,30",8,8.3,499.0,18,7,16,43.8,1,4,25.0,3,5,60.0,0,0,0,1,0,0,0,0,10,18.2,98.9,53.6,45.3,2.16,8
SHIGA LAKES,"Zach Auguste, Kohei Tsuneta, Ryan Kriener, Taiki Okada, Ai-Che Yu","SHIGA LAKES|0,17,4,6,7",6,8.3,500.0,16,6,9,66.7,4,6,66.7,0,3,0.0,0,0,0,6,0,0,4,0,12,14.3,111.7,68.8,42.9,1.92,4
SHIGA LAKES,"Zach Auguste, Kohei Tsuneta, Thomas Wimbush, Taiki Okada, Ai-Che Yu","SHIGA LAKES|0,17,20,6,7",2,8.1,484.0,10,3,14,21.4,2,9,22.2,2,6,33.3,0,0,0,1,0,0,2,0,19,18.6,53.6,130.9,-77.2,1.24,-9
SHIMANE SUSANOO MAGIC,"Coty Clarke, Taichi Nakamura, Yuto Nohmi, Nick Kay, Yuta Okada","SHIMANE SUSANOO MAGIC|1,11,21,4,77",4,8.1,488.0,12,2,10,20.0,2,9,22.2,6,8,75.0,0,0,0,4,0,0,1,0,10,14.5,82.6,73.3,9.3,1.48,2
KYOTO HANNARYZ,"Asato Ogawa, Satoru Maeta, Angelo Caloiaro, Jordan Heath, Takatoshi Furukawa","KYOTO HANNARYZ|12,13,32,35,51",6,8.1,485.0,24,9,14,64.3,2,6,33.3,4,4,100.0,0,0,0,3,0,0,1,0,0,16.8,143.2,0.0,143.2,2.97,24
HIROSHIMA DRAGONFLIES,"Kofi Cockburn, Nick Mayo, Ryo Yamazaki, Keijiro Mitani, Christopher Smith","HIROSHIMA DRAGONFLIES|23,24,30,34,8",3,8.1,488.0,13,4,12,33.3,2,6,33.3,3,5,60.0,0,0,0,3,0,0,3,0,12,17.2,75.6,63.2,12.4,1.6,1
SHIGA LAKES,"Zach Auguste, Kohei Tsuneta, Higen Hasegawa, Ryan Kriener, Ai-Che Yu","SHIGA LAKES|0,17,34,4,7",4,8.0,480.0,13,5,12,41.7,1,5,20.0,2,4,50.0,0,0,0,2,0,0,3,0,3,16.8,77.6,21.4,56.1,1.62,10
NAGOYA DIAMOND DOLPHINS,"Aaron Henry, Alan Williams, Takumi Saito, Keita Imamura, Isaiah Murphy","NAGOYA DIAMOND DOLPHINS|11,15,2,30,5",6,8.0,481.0,21,6,10,60.0,3,4,75.0,6,8,75.0,0,0,0,4,0,0,2,0,15,15.5,135.3,81.0,54.3,2.62,6
SENDAI 89ERS,"Yusei Sugiura, Shota Watanabe, Nathan Boothe, Jarrett Culver, Sergio El Darwich","SENDAI 89ERS|14,15,45,8,9",4,8.0,479.0,16,4,9,44.4,1,4,25.0,7,8,87.5,0,0,0,5,0,0,0,0,23,12.5,127.8,124.2,3.6,2.0,-7
KAWASAKI BRAVE THUNDERS,"Reoto Yonesu, Dušan Ristić, Rosco Allen, Takumi Hasegawa, Ryusei Shinoyama","KAWASAKI BRAVE THUNDERS|11,14,25,33,7",1,8.0,480.0,18,6,13,46.2,1,8,12.5,5,7,71.4,0,0,0,5,0,0,1,0,6,17.1,105.4,34.9,70.5,2.25,12
IBARAKI ROBOTS,"Robert Franks, Kohei Nakamura, Eric Jacobsen, Keita Tsurumaki, Noboru Hasegawa","IBARAKI ROBOTS|0,13,21,29,3",7,7.9,475.0,19,6,16,37.5,4,11,36.4,3,7,42.9,0,0,0,0,0,0,2,0,20,21.1,90.1,105.5,-15.4,2.4,-1
GUNMA CRANE THUNDERS,"Yuma Fujii, AJ Edu, Trey Jones, Takuto Nakamura, Kerry BlackshearJr","GUNMA CRANE THUNDERS|0,15,4,6,8",4,7.9,476.0,18,6,12,50.0,0,2,0.0,6,7,85.7,0,0,0,3,0,0,1,0,15,16.1,111.9,68.9,43.0,2.27,3
FIGHTING EAGLES NAGOYA,"Jamorko Pickett, Francis Lopez, Jeremy Jones, Ryuto Yasuoka, Narito Namizato","FIGHTING EAGLES NAGOYA|0,20,22,23,3",5,7.8,470.0,12,3,8,37.5,2,4,50.0,4,5,80.0,0,0,0,2,0,0,3,0,9,13.2,90.9,50.3,40.6,1.53,3
SEAHORSES MIKAWA,"Thomas Kennedy, Yoshiaki Kubota, Kosuke Ishii, Aaron White, Davante Gardner","SEAHORSES MIKAWA|1,11,27,30,54",3,7.8,471.0,17,7,12,58.3,1,4,25.0,2,4,50.0,0,0,0,2,0,0,1,0,4,14.8,115.2,28.8,86.4,2.17,13
NAGASAKI VELCA,"Ko Kumagai, Yudai Baba, Mitchell Lightfoot, Hyunjung Lee, Jarrell Brantley","NAGASAKI VELCA|11,18,44,5,7",3,7.8,469.0,15,6,10,60.0,1,4,25.0,2,4,50.0,0,0,0,7,0,0,3,0,11,14.8,101.6,58.6,43.0,1.92,4
TOYAMA GROUSES,"Naoki Uto, Brock Motum, Haruaki Tanaka, Nyika Williams, Trey Kell","TOYAMA GROUSES|11,12,17,6,8",5,7.7,461.0,16,6,19,31.6,0,5,0.0,4,4,100.0,0,0,0,5,0,0,4,0,17,24.8,64.6,97.0,-32.4,2.08,-1
TOYAMA GROUSES,"Naoki Uto, Brock Motum, Yannis Morin, Yuzo Okada, Nyika Williams","TOYAMA GROUSES|11,12,24,3,6",5,7.7,459.0,10,3,7,42.9,2,4,50.0,2,5,40.0,0,0,0,4,0,0,4,0,13,13.2,75.8,87.4,-11.6,1.31,-3
ALVARK TOKYO,"Sebastian Saiz, Marcus Foster, Sota Okura, Taiki Osakabe, Shuto Ando","ALVARK TOKYO|11,17,2,75,9",2,7.5,453.0,24,10,14,71.4,1,3,33.3,3,5,60.0,0,0,0,6,0,0,1,0,24,17.2,139.5,138.9,0.6,3.18,0
NAGOYA DIAMOND DOLPHINS,"Taito Nakahigashi, Alan Williams, Takumi Saito, Keita Imamura, Scott Eatherton","NAGOYA DIAMOND DOLPHINS|12,15,2,30,43",3,7.5,449.0,10,5,14,35.7,0,5,0.0,0,2,0.0,0,0,0,7,0,0,1,0,20,15.9,63.0,106.6,-43.6,1.34,-10
HIROSHIMA DRAGONFLIES,"Dwayne Evans II, Nick Mayo, Keijiro Mitani, Christopher Smith, Ryosei Sato","HIROSHIMA DRAGONFLIES|13,24,34,8,88",4,7.5,449.0,3,1,11,9.1,1,6,16.7,0,0,0,0,0,0,3,0,0,0,0,10,11.0,27.3,65.8,-38.5,0.4,-7
GUNMA CRANE THUNDERS,"Yuma Fujii, Kazuki Hosokawa, Trey Jones, Takuto Nakamura, Kerry BlackshearJr","GUNMA CRANE THUNDERS|0,29,4,6,8",2,7.5,447.0,7,3,10,30.0,1,5,20.0,0,0,0,0,0,0,1,0,0,1,0,9,11.0,63.6,69.9,-6.2,0.94,-2
SUNROCKERS SHIBUYA,"Donte Grantham, Daiki Tanaka, John Lawrence Harper Jr, Thomas Welsh, Leo Vendrame","SUNROCKERS SHIBUYA|1,13,3,40,9",2,7.4,443.0,16,7,11,63.6,2,5,40.0,0,0,0,0,0,0,5,0,0,2,0,6,13.0,123.1,54.5,68.5,2.17,10
RYUKYU GOLDEN KINGS,"Ryuichi Kishimoto, Masahiro Waki, Vic Law, Jack Cooley, Ryo Sadohara","RYUKYU GOLDEN KINGS|14,18,4,45,8",5,7.3,438.0,12,3,12,25.0,1,4,25.0,5,5,100.0,0,0,0,2,0,0,3,0,11,17.2,69.8,65.2,4.6,1.64,1
SHIMANE SUSANOO MAGIC,"James Michael McAdoo, Ryosuke Shirahama, Yuto Nohmi, Nick Kay, Yuta Okada","SHIMANE SUSANOO MAGIC|14,15,21,4,77",5,7.3,441.0,11,5,16,31.2,1,5,20.0,0,0,0,0,0,0,2,0,0,2,0,6,18.0,61.1,60.7,0.4,1.5,5
SEAHORSES MIKAWA,"Jake Layman, Yoshiaki Kubota, Ryogo Sumino, Aaron White, Avi Koki Schafer","SEAHORSES MIKAWA|10,11,18,30,32",4,7.3,441.0,21,8,12,66.7,5,8,62.5,0,0,0,0,0,0,4,0,0,1,0,13,13.0,161.5,108.3,53.2,2.86,8
ALVARK TOKYO,"Marcus Foster, Ryan Rossiter, Chase Fieler, Taiki Osakabe, Shuto Ando","ALVARK TOKYO|17,22,60,75,9",4,7.3,436.0,5,1,10,10.0,0,5,0.0,3,6,50.0,0,0,0,1,0,0,1,0,13,13.6,36.7,68.1,-31.5,0.69,-8
AKITA NORTHERN HAPPINETS,"Yanni Wetzell, Takuya Nakayama, Keanu Pinder, Shigehiro Taguchi, Raita Akaho","AKITA NORTHERN HAPPINETS|10,17,25,5,6",4,7.2,433.0,12,4,14,28.6,2,7,28.6,2,4,50.0,0,0,0,4,0,0,1,0,13,16.8,71.6,72.2,-0.6,1.66,-1
CHIBA JETS,"Yuta Watanabe, DJ Hogg, Ren Kanechika, Yuki Togashi, John Mooney","CHIBA JETS|1,10,12,2,33",3,7.2,432.0,15,6,14,42.9,2,9,22.2,1,1,100.0,0,0,0,5,0,0,1,0,11,15.4,97.2,75.1,22.0,2.08,4
ALVARK TOKYO,"Sebastian Saiz, Marcus Foster, Ryan Rossiter, Kohei Fukuzawa, Taiki Osakabe","ALVARK TOKYO|11,17,22,25,75",5,7.2,434.0,13,4,9,44.4,1,1,100.0,4,5,80.0,0,0,0,5,0,0,1,0,12,12.2,106.6,92.3,14.2,1.8,1
SUNROCKERS SHIBUYA,"Didi Louzada, Donte Grantham, John Lawrence Harper Jr, Josh Hawkinson, Leo Vendrame","SUNROCKERS SHIBUYA|0,1,3,8,9",3,7.2,432.0,10,3,12,25.0,0,6,0.0,4,4,100.0,0,0,0,4,0,0,2,0,17,15.8,63.5,116.1,-52.7,1.39,-7
SUNROCKERS SHIBUYA,"Didi Louzada, Daiki Tanaka, John Lawrence Harper Jr, Thomas Welsh, Josh Hawkinson","SUNROCKERS SHIBUYA|0,13,3,40,8",4,7.1,427.0,9,3,10,30.0,1,4,25.0,2,2,100.0,0,0,0,3,0,0,4,0,19,14.9,60.5,119.6,-59.2,1.26,-10
KYOTO HANNARYZ,"Charles Jackson, Satoru Maeta, Leon Shibuta, Angelo Caloiaro, Takatoshi Furukawa","KYOTO HANNARYZ|10,13,3,32,51",4,7.1,427.0,9,3,6,50.0,1,3,33.3,2,2,100.0,0,0,0,4,0,0,3,0,16,9.9,91.1,81.0,10.1,1.26,-7
LEVANGA HOKKAIDO,"Ren Shimatani, Dwight Ramos, John Harrar, Keisei Tominaga, Kevin Jones","LEVANGA HOKKAIDO|15,2,21,30,5",6,7.1,427.0,21,9,14,64.3,3,5,60.0,0,0,0,0,0,0,3,0,0,3,0,9,17.0,123.5,58.3,65.2,2.95,12
OSAKA EVESSA,"Ray Parks Jr, Ryan Luther, Tatsuya Suzuki, Yasunori Aoki, Matt Bonds","OSAKA EVESSA|1,11,35,4,5",3,7.1,427.0,21,7,14,50.0,3,7,42.9,4,4,100.0,0,0,0,5,0,0,1,0,18,16.8,125.3,114.2,11.1,2.95,3
KAWASAKI BRAVE THUNDERS,"Shota Tsuyama, Dušan Ristić, Ryo Iida, Emanuel Terry, Taiga Okada","KAWASAKI BRAVE THUNDERS|13,14,17,5,55",2,7.1,426.0,17,7,11,63.6,2,5,40.0,1,2,50.0,0,0,0,4,0,0,1,0,16,12.9,132.0,125.4,6.6,2.39,1
FIGHTING EAGLES NAGOYA,"Takaya Sasayama, Ryuto Yasuoka, Andrew Randall, Sean O'mara, Tyrell Taku Sudo","FIGHTING EAGLES NAGOYA|21,23,33,54,6",2,7.1,428.0,5,1,11,9.1,0,6,0.0,3,3,100.0,0,0,0,3,0,0,4,0,16,16.3,30.6,99.5,-68.9,0.7,-11
TOYAMA GROUSES,"Haruaki Tanaka, Yannis Morin, Yuzo Okada, Nyika Williams, Trey Kell","TOYAMA GROUSES|17,24,3,6,8",4,7.0,420.0,24,6,8,75.0,2,2,100.0,10,11,90.9,0,0,0,3,0,0,2,0,15,14.8,161.7,103.3,58.4,3.43,9
SAGA BALLOONERS,"Kosuke Kanamaru, Reynaldo Garcia, David Dudzinski, Taiki Sumida, Josh Harrellson","SAGA BALLOONERS|14,2,23,25,55",4,7.0,421.0,37,9,14,64.3,5,9,55.6,14,16,87.5,0,0,0,3,0,0,1,0,3,22.0,167.9,18.9,149.0,5.27,34
KYOTO HANNARYZ,"Charles Jackson, Satoru Maeta, Leon Shibuta, Jordan Heath, Takatoshi Furukawa","KYOTO HANNARYZ|10,13,3,35,51",4,7.0,418.0,4,1,6,16.7,0,2,0.0,2,2,100.0,0,0,0,3,0,0,2,0,7,8.9,45.0,50.9,-5.8,0.57,-3
SAGA BALLOONERS,"Tanner Groves, Taiki Sumida, Ryota Inoue, Josh Harrellson, Davon Reed","SAGA BALLOONERS|22,25,34,55,9",3,7.0,419.0,22,8,10,80.0,4,5,80.0,2,4,50.0,0,0,0,6,0,0,3,0,16,14.8,149.1,108.4,40.7,3.15,6
UTSUNOMIYA BREX,"Shinji Takashima, Seiji Ikaruga, DJ Newbill, Gavin Edwards, Grant Jerrett","UTSUNOMIYA BREX|12,18,25,33,34",5,6.9,412.0,14,3,8,37.5,2,6,33.3,6,6,100.0,0,0,0,1,0,0,3,0,14,13.6,102.6,122.4,-19.7,2.04,0
LEVANGA HOKKAIDO,"Kohei Sekino, Ren Shimatani, Jahlil Okafor, Keisei Tominaga, Kevin Jones","LEVANGA HOKKAIDO|1,15,22,30,5",6,6.9,416.0,17,6,13,46.2,3,7,42.9,2,2,100.0,0,0,0,5,0,0,2,0,11,15.9,107.1,79.3,27.8,2.45,6
NAGOYA DIAMOND DOLPHINS,"Aaron Henry, Alan Williams, Takumi Saito, Kyle Richardson, Isaiah Murphy","NAGOYA DIAMOND DOLPHINS|11,15,2,34,5",4,6.8,405.0,7,2,14,14.3,0,3,0.0,3,6,50.0,0,0,0,1,0,0,1,0,10,17.6,39.7,75.1,-35.4,1.04,-3
IBARAKI ROBOTS,"Ru Jingaoka, Kohei Nakamura, Eric Jacobsen, Noboru Hasegawa, Tyler Cook","IBARAKI ROBOTS|10,13,21,3,8",3,6.8,406.0,11,4,9,44.4,0,1,0.0,3,3,100.0,0,0,0,3,0,0,2,0,13,12.3,89.3,94.5,-5.2,1.63,-2
SHIMANE SUSANOO MAGIC,"James Michael McAdoo, Yuto Nohmi, Fumiya Iio, Nick Kay, Anthony Sho Sukegawa","SHIMANE SUSANOO MAGIC|14,21,22,4,7",3,6.8,405.0,5,1,5,20.0,1,1,100.0,2,4,50.0,0,0,0,1,0,0,4,0,14,10.8,46.5,67.4,-21.0,0.74,-9
GUNMA CRANE THUNDERS,"Yuma Fujii, AJ Edu, Kazuki Hosokawa, Trey Jones, Kerry BlackshearJr","GUNMA CRANE THUNDERS|0,15,29,4,8",5,6.7,403.0,8,2,9,22.2,1,6,16.7,3,6,50.0,0,0,0,0,0,0,2,0,8,13.6,58.7,82.3,-23.7,1.19,0
SEAHORSES MIKAWA,"Yoshiaki Kubota, Ryogo Sumino, Aaron White, Avi Koki Schafer, Davante Gardner","SEAHORSES MIKAWA|11,18,30,32,54",3,6.6,395.0,16,6,10,60.0,4,7,57.1,0,0,0,0,0,0,5,0,0,0,0,14,10.0,160.0,140.0,20.0,2.43,2
UTSUNOMIYA BREX,"DJ Newbill, Gavin Edwards, Grant Jerrett, Makoto Hiejima, Atsuya Ogawa","UTSUNOMIYA BREX|25,33,34,6,7",5,6.6,395.0,21,6,11,54.5,4,7,57.1,5,8,62.5,0,0,0,1,0,0,1,0,19,15.5,135.3,108.9,26.4,3.19,2
CHIBA JETS,"Yuta Watanabe, DJ Hogg, Yuki Togashi, Naoki Tashiro, Nassir Little","CHIBA JETS|1,10,2,4,8",4,6.6,394.0,14,3,8,37.5,1,5,20.0,7,8,87.5,0,0,0,3,0,0,2,0,8,13.5,103.6,70.7,32.9,2.13,6
ALVARK TOKYO,"Brandon Davies, Sebastian Saiz, Kai Toews, Taiki Osakabe, Shuto Ando","ALVARK TOKYO|0,11,3,75,9",2,6.6,394.0,13,4,10,40.0,2,5,40.0,3,4,75.0,0,0,0,4,0,0,1,0,8,12.8,101.9,80.0,21.9,1.98,5
NAGASAKI VELCA,"Ko Kumagai, Yudai Baba, Akil Mitchell, Hyunjung Lee, Jarrell Brantley","NAGASAKI VELCA|11,18,25,5,7",4,6.5,388.0,16,4,10,40.0,2,5,40.0,6,7,85.7,0,0,0,6,0,0,0,0,9,13.1,122.3,51.6,70.7,2.47,7
KYOTO HANNARYZ,"Charles Jackson, Hayato Kawashima, Jordan Heath, Mone Alex Hall, Takatoshi Furukawa","KYOTO HANNARYZ|10,15,35,39,51",2,6.5,391.0,11,4,10,40.0,3,6,50.0,0,0,0,0,0,0,2,0,0,3,0,12,13.0,84.6,101.0,-16.4,1.69,-1
SAN-EN NEOPHOENIX,"Steve Zack, Hirotaka Yoshii, Dai Nemoto, Kazuma Tsuya, Sota Oura","SAN-EN NEOPHOENIX|00,10,20,28,5",3,6.5,391.0,9,3,11,27.3,0,5,0.0,3,4,75.0,0,0,0,2,0,0,2,0,17,14.8,61.0,107.9,-46.9,1.38,-8
SHIGA LAKES,"Daichi Nomoto, Thomas Wimbush, Sean Ichioka, Ryan Kriener, Taiki Okada","SHIGA LAKES|16,20,22,4,6",5,6.5,392.0,11,4,10,40.0,3,5,60.0,0,0,0,0,0,0,1,0,0,4,0,14,14.0,78.6,127.3,-48.7,1.68,-3
UTSUNOMIYA BREX,"Seiji Ikaruga, DJ Newbill, Gavin Edwards, Grant Jerrett, Yusuke Endo","UTSUNOMIYA BREX|18,25,33,34,9",5,6.5,392.0,12,3,7,42.9,2,5,40.0,4,7,57.1,0,0,0,3,0,0,3,0,4,13.1,91.7,24.5,67.2,1.84,8
SHIMANE SUSANOO MAGIC,"Coty Clarke, Ryosuke Shirahama, Yuto Nohmi, Fumiya Iio, Nick Kay","SHIMANE SUSANOO MAGIC|1,15,21,22,4",3,6.5,393.0,8,3,11,27.3,2,7,28.6,0,0,0,0,0,0,2,0,0,1,0,6,12.0,66.7,49.2,17.5,1.22,2
AKITA NORTHERN HAPPINETS,"Yanni Wetzell, Takuya Nakayama, Ali Mezher, Keanu Pinder, Raita Akaho","AKITA NORTHERN HAPPINETS|10,17,22,25,6",2,6.4,382.0,8,3,9,33.3,0,1,0.0,2,2,100.0,0,0,0,3,0,0,4,0,19,13.9,57.6,120.6,-62.9,1.26,-11
KAWASAKI BRAVE THUNDERS,"Reoto Yonesu, Shota Tsuyama, Dušan Ristić, Rosco Allen, Jaheru Ryuto Yamauchi","KAWASAKI BRAVE THUNDERS|11,13,14,25,45",2,6.4,385.0,19,6,11,54.5,2,5,40.0,5,5,100.0,0,0,0,4,0,0,1,0,9,14.2,133.8,78.1,55.7,2.96,10
ALVARK TOKYO,"Sebastian Saiz, Ryan Rossiter, Kai Toews, Taiki Osakabe, Shuto Ando","ALVARK TOKYO|11,22,3,75,9",3,6.3,381.0,7,2,12,16.7,0,6,0.0,3,3,100.0,0,0,0,2,0,0,2,0,11,15.3,45.7,130.3,-84.6,1.1,-4
CHIBA JETS,"Yuta Watanabe, DJ Hogg, Ren Kanechika, Yuki Togashi, Nassir Little","CHIBA JETS|1,10,12,2,8",6,6.3,376.0,13,5,10,50.0,0,4,0.0,3,4,75.0,0,0,0,4,0,0,2,0,17,13.8,94.5,131.2,-36.7,2.07,-4
KYOTO HANNARYZ,"Satoru Maeta, Ryunosuke Watanabe, Angelo Caloiaro, Jordan Heath, Takatoshi Furukawa","KYOTO HANNARYZ|13,16,32,35,51",3,6.3,376.0,12,5,10,50.0,2,4,50.0,0,0,0,0,0,0,2,0,0,1,0,12,11.0,109.1,94.9,14.2,1.91,0
CHIBA JETS,"Yuta Watanabe, DJ Hogg, Shuta Hara, Naoki Tashiro, Nassir Little","CHIBA JETS|1,10,31,4,8",4,6.3,381.0,23,7,12,58.3,4,7,57.1,5,6,83.3,0,0,0,2,0,0,3,0,11,17.6,130.4,106.6,23.8,3.62,12
SAGA BALLOONERS,"Ryo Abe, Tanner Groves, Taiki Sumida, Josh Harrellson, Davon Reed","SAGA BALLOONERS|13,22,25,55,9",3,6.3,377.0,9,3,10,30.0,2,4,50.0,1,2,50.0,0,0,0,4,0,0,2,0,13,12.9,69.9,148.4,-78.5,1.43,-4
NAGOYA DIAMOND DOLPHINS,"Aaron Henry, Takumi Saito, Keita Imamura, Scott Eatherton, Tenketsu Harimoto","NAGOYA DIAMOND DOLPHINS|11,2,30,43,8",3,6.2,373.0,19,8,15,53.3,2,6,33.3,1,2,50.0,0,0,0,0,0,0,0,0,8,15.9,119.6,73.5,46.1,3.06,11
KOSHIGAYA ALPHAS,"Kai Sugawara, Sekou Doumbouya, Anthony Clemmons, Hamiltongary Kotera, Shun Matsuyama","KOSHIGAYA ALPHAS|28,45,5,6,7",3,6.2,374.0,10,3,10,30.0,2,6,33.3,2,2,100.0,0,0,0,2,0,0,1,0,10,11.9,84.2,101.2,-17.0,1.6,0
KYOTO HANNARYZ,"Charles Jackson, Satoru Maeta, Leon Shibuta, Jordan Heath, Mone Alex Hall","KYOTO HANNARYZ|10,13,3,35,39",2,6.2,375.0,10,3,9,33.3,2,5,40.0,2,4,50.0,0,0,0,2,0,0,1,0,17,11.8,85.0,128.8,-43.8,1.6,-7
YOKOHAMA B-CORSAIRS,"Hiroki Matsuzaki, Kaleb Tarczewski, Seiya Ando, Koya Sudo, Damien Inglis","YOKOHAMA B-CORSAIRS|24,25,3,30,4",3,6.2,374.0,15,6,11,54.5,1,3,33.3,2,2,100.0,0,0,0,3,0,0,2,0,8,13.9,108.1,70.7,37.4,2.41,7
HIROSHIMA DRAGONFLIES,"Dwayne Evans II, Kofi Cockburn, Tatsuya Ito, Kevin Hareyama, Keijiro Mitani","HIROSHIMA DRAGONFLIES|13,23,3,32,34",2,6.2,372.0,14,6,10,60.0,1,2,50.0,1,2,50.0,0,0,0,7,0,0,2,0,10,12.9,108.7,72.7,36.0,2.26,4
OSAKA EVESSA,"Ray Parks Jr, Ryan Luther, Rei Goda, Yasunori Aoki, Matt Bonds","OSAKA EVESSA|1,11,20,4,5",1,6.2,373.0,17,5,11,45.5,3,6,50.0,4,4,100.0,0,0,0,5,0,0,0,0,13,12.8,133.2,119.5,13.7,2.73,4
YOKOHAMA B-CORSAIRS,"Kiefer Ravena, Kenta Morii, Seiya Ando, Damien Inglis, Gary Clark","YOKOHAMA B-CORSAIRS|15,18,3,4,8",8,6.1,367.0,10,3,9,33.3,2,5,40.0,2,2,100.0,0,0,0,2,0,0,3,0,12,12.9,77.6,88.8,-11.1,1.63,-2
ALVARK TOKYO,"Sebastian Saiz, Marcus Foster, Sota Okura, Ryan Rossiter, Taiki Osakabe","ALVARK TOKYO|11,17,2,22,75",5,6.1,366.0,10,4,12,33.3,2,8,25.0,0,0,0,0,0,0,1,0,0,1,0,8,13.0,76.9,62.7,14.2,1.64,2
RYUKYU GOLDEN KINGS,"Yoshiyuki Matsuwaki, Masahiro Waki, Vic Law, Jack Cooley, Ryo Sadohara","RYUKYU GOLDEN KINGS|15,18,4,45,8",3,6.1,368.0,11,2,7,28.6,0,1,0.0,7,8,87.5,0,0,0,2,0,0,1,0,10,11.5,95.5,90.9,4.6,1.79,1
HIROSHIMA DRAGONFLIES,"Ryo Terashima, Dwayne Evans II, Kofi Cockburn, Nick Mayo, Keijiro Mitani","HIROSHIMA DRAGONFLIES|0,13,23,24,34",2,6.1,367.0,12,5,9,55.6,1,3,33.3,1,2,50.0,0,0,0,3,0,0,1,0,12,10.9,110.3,101.0,9.3,1.96,0
HIROSHIMA DRAGONFLIES,"Dwayne Evans II, Kofi Cockburn, Tatsuya Ito, Ryo Yamazaki, Keijiro Mitani","HIROSHIMA DRAGONFLIES|13,23,3,30,34",2,6.0,362.0,14,4,8,50.0,1,3,33.3,5,8,62.5,0,0,0,3,0,0,1,0,13,12.5,111.8,92.9,19.0,2.32,1
OSAKA EVESSA,"Ray Parks Jr, Ryan Luther, Tatsuya Suzuki, Matt Bonds, Hayato Maki","OSAKA EVESSA|1,11,35,5,88",3,6.0,361.0,18,5,13,38.5,3,8,37.5,5,5,100.0,0,0,0,3,0,0,2,0,11,17.2,104.7,93.5,11.1,2.99,7
SHIGA LAKES,"Zach Auguste, Daichi Nomoto, Kohei Tsuneta, Thomas Wimbush, Taiki Okada","SHIGA LAKES|0,16,17,20,6",1,6.0,361.0,12,3,7,42.9,2,5,40.0,4,8,50.0,0,0,0,4,0,0,1,0,8,11.5,104.2,59.5,44.6,1.99,4
LEVANGA HOKKAIDO,"Shuto Ichiba, Dwight Ramos, Max Hisatake, Keisei Tominaga, Kevin Jones","LEVANGA HOKKAIDO|12,2,29,30,5",1,6.0,358.0,12,5,10,50.0,1,4,25.0,1,1,100.0,0,0,0,3,0,0,0,0,13,10.4,114.9,75.6,39.4,2.01,-1
SAN-EN NEOPHOENIX,"Yante Maten, Hirotaka Yoshii, David Nwaba, Kazuma Tsuya, Sota Oura","SAN-EN NEOPHOENIX|1,10,2,28,5",3,5.9,355.0,18,5,9,55.6,1,3,33.3,7,8,87.5,0,0,0,2,0,0,2,0,15,14.5,124.0,117.6,6.4,3.04,3
ALVARK TOKYO,"Sebastian Saiz, Ryan Rossiter, Hiromu Nakamura, Taiki Osakabe, Shuto Ando","ALVARK TOKYO|11,22,5,75,9",2,5.9,352.0,12,4,8,50.0,2,3,66.7,2,2,100.0,0,0,0,3,0,0,0,0,8,8.9,135.1,62.7,72.4,2.05,4
NAGOYA DIAMOND DOLPHINS,"Aaron Henry, Taito Nakahigashi, Alan Williams, Takumi Saito, Keita Imamura","NAGOYA DIAMOND DOLPHINS|11,12,15,2,30",4,5.9,354.0,11,4,10,40.0,2,6,33.3,1,1,100.0,0,0,0,6,0,0,0,0,12,10.4,105.4,83.8,21.6,1.86,-1
UTSUNOMIYA BREX,"DJ Newbill, Gavin Edwards, Isaac Fotu, Makoto Hiejima, Atsuya Ogawa","UTSUNOMIYA BREX|25,33,42,6,7",2,5.9,352.0,11,3,9,33.3,0,2,0.0,5,6,83.3,0,0,0,2,0,0,1,0,14,12.6,87.0,94.9,-7.8,1.88,-3
YOKOHAMA B-CORSAIRS,"Kiefer Ravena, Kai King, Kaleb Tarczewski, Seiya Ando, Gary Clark","YOKOHAMA B-CORSAIRS|15,23,25,3,8",3,5.8,350.0,11,2,8,25.0,2,5,40.0,5,5,100.0,0,0,0,1,0,0,0,0,14,10.2,107.8,120.3,-12.4,1.89,-3
NAGOYA DIAMOND DOLPHINS,"Aaron Henry, Takumi Saito, Taketo Kato, Kyle Richardson, Isaiah Murphy","NAGOYA DIAMOND DOLPHINS|11,2,3,34,5",1,5.8,347.0,7,2,9,22.2,2,6,33.3,1,2,50.0,0,0,0,3,0,0,3,0,9,12.9,54.3,58.7,-4.4,1.21,-2
NAGOYA DIAMOND DOLPHINS,"Aaron Henry, Alan Williams, Keita Imamura, Kyle Richardson, Isaiah Murphy","NAGOYA DIAMOND DOLPHINS|11,15,30,34,5",4,5.7,344.0,8,3,11,27.3,1,6,16.7,1,2,50.0,0,0,0,1,0,0,1,0,5,12.9,62.1,43.7,18.4,1.4,3
ALVARK TOKYO,"Steve Zack, Marcus Foster, Kai Toews, Taiki Osakabe, Shuto Ando","ALVARK TOKYO|00,17,3,75,9",1,5.7,343.0,18,6,7,85.7,2,3,66.7,4,7,57.1,0,0,0,4,0,0,0,0,17,10.1,178.6,132.0,46.6,3.15,1
SAN-EN NEOPHOENIX,"Steve Zack, Hirotaka Yoshii, David Nwaba, Kazuma Tsuya, Sota Oura","SAN-EN NEOPHOENIX|00,10,2,28,5",3,5.7,340.0,9,3,11,27.3,1,5,20.0,2,2,100.0,0,0,0,1,0,0,2,0,5,13.9,64.8,85.0,-20.2,1.59,4
KAWASAKI BRAVE THUNDERS,"Shota Tsuyama, Dušan Ristić, Takumi Hasegawa, Emanuel Terry, Ryusei Shinoyama","KAWASAKI BRAVE THUNDERS|13,14,33,5,7",5,5.7,342.0,6,2,8,25.0,2,4,50.0,0,0,0,0,0,0,1,0,0,3,0,18,11.0,54.5,138.5,-83.9,1.05,-12
KAWASAKI BRAVE THUNDERS,"Omar Jamaleddine, Shota Tsuyama, Dušan Ristić, Emanuel Terry, Ryusei Shinoyama","KAWASAKI BRAVE THUNDERS|1,13,14,5,7",2,5.7,339.0,17,7,10,70.0,2,4,50.0,1,1,100.0,0,0,0,6,0,0,1,0,10,11.4,148.6,112.6,36.0,3.01,7
SENDAI 89ERS,"Hirohide Araya, Yusei Sugiura, Shota Watanabe, Nathan Boothe, Jarrett Culver","SENDAI 89ERS|11,14,15,45,8",2,5.7,343.0,19,6,16,37.5,4,10,40.0,3,4,75.0,0,0,0,4,0,0,0,0,12,17.8,107.0,112.8,-5.8,3.32,7
SAN-EN NEOPHOENIX,"Yante Maten, Hideya Asai, David Nwaba, Ryusei Sasaki, Kazuma Tsuya","SAN-EN NEOPHOENIX|1,11,2,24,28",2,5.7,344.0,5,1,7,14.3,0,4,0.0,3,4,75.0,0,0,0,1,0,0,1,0,12,9.8,51.2,88.8,-37.5,0.87,-7
LEVANGA HOKKAIDO,"Kohei Sekino, Ren Shimatani, Dwight Ramos, John Harrar, Kevin Jones","LEVANGA HOKKAIDO|1,15,2,21,5",2,5.6,337.0,10,4,11,36.4,0,3,0.0,2,4,50.0,0,0,0,2,0,0,0,0,2,12.8,78.4,20.2,58.1,1.78,8
RYUKYU GOLDEN KINGS,"Yoshiyuki Matsuwaki, Shuto Sakihama, Damyean Dotson, Vic Law, Alex Kirk","RYUKYU GOLDEN KINGS|15,17,21,4,53",2,5.6,334.0,14,5,10,50.0,2,4,50.0,2,2,100.0,0,0,0,4,0,0,1,0,10,11.9,117.8,83.3,34.5,2.51,4
GUNMA CRANE THUNDERS,"Koh Flippin, Kazuki Hosokawa, Terrance Woodbury, Johannes Thiemann, Naoto Tsuji","GUNMA CRANE THUNDERS|1,29,30,32,9",1,5.6,334.0,10,4,8,50.0,2,5,40.0,0,0,0,0,0,0,3,0,0,2,0,8,10.0,100.0,90.1,9.9,1.8,2
KOSHIGAYA ALPHAS,"Kai Sotto, Takeru Oba, Jordan Ngatai, Anthony Clemmons, Shun Matsuyama","KOSHIGAYA ALPHAS|11,14,20,5,7",3,5.6,338.0,18,8,10,80.0,2,3,66.7,0,0,0,0,0,0,7,0,0,1,0,9,11.0,163.6,100.0,63.6,3.2,9
FIGHTING EAGLES NAGOYA,"Jamorko Pickett, Jeremy Jones, Ryuto Yasuoka, Narito Namizato, Tyrell Taku Sudo","FIGHTING EAGLES NAGOYA|0,22,23,3,6",3,5.5,328.0,8,4,11,36.4,0,4,0.0,0,2,0.0,0,0,0,2,0,0,2,0,9,13.9,57.6,93.4,-35.7,1.46,-1
SUNROCKERS SHIBUYA,"Didi Louzada, Donte Grantham, Daiki Tanaka, John Lawrence Harper Jr, Josh Hawkinson","SUNROCKERS SHIBUYA|0,1,13,3,8",6,5.5,331.0,8,2,9,22.2,1,7,14.3,3,5,60.0,0,0,0,4,0,0,0,0,14,11.2,71.4,120.3,-48.8,1.45,-6
SEAHORSES MIKAWA,"Jake Layman, Yoshiaki Kubota, Ryogo Sumino, Yudai Nishida, Davante Gardner","SEAHORSES MIKAWA|10,11,18,19,54",3,5.5,331.0,9,3,10,30.0,0,2,0.0,3,4,75.0,0,0,0,2,0,0,1,0,9,12.8,70.5,102.7,-32.2,1.63,0
KOSHIGAYA ALPHAS,"Jarell Martin, Yuichi Ikeda, Shuhei Kitagawa, Anthony Clemmons, Hamiltongary Kotera","KOSHIGAYA ALPHAS|1,12,31,5,6",4,5.5,330.0,11,4,11,36.4,2,5,40.0,1,2,50.0,0,0,0,1,0,0,0,0,0,11.9,92.6,0.0,92.6,2.0,11
GUNMA CRANE THUNDERS,"Yuma Fujii, AJ Edu, Kazuki Hosokawa, Takuto Nakamura, Kerry BlackshearJr","GUNMA CRANE THUNDERS|0,15,29,6,8",3,5.5,330.0,18,6,10,60.0,4,6,66.7,2,2,100.0,0,0,0,3,0,0,1,0,8,11.9,151.5,116.3,35.2,3.27,10
SAGA BALLOONERS,"Ryo Abe, Kosuke Kanamaru, David Dudzinski, Taiki Sumida, Josh Harrellson","SAGA BALLOONERS|13,14,23,25,55",4,5.5,328.0,14,4,7,57.1,2,3,66.7,4,4,100.0,0,0,0,2,0,0,1,0,14,9.8,143.4,122.4,21.1,2.56,0
HIROSHIMA DRAGONFLIES,"Toshiki Kamisawa, Dwayne Evans II, Nick Mayo, Keijiro Mitani, Christopher Smith","HIROSHIMA DRAGONFLIES|10,13,24,34,8",3,5.5,329.0,8,3,8,37.5,2,5,40.0,0,0,0,0,0,0,3,0,0,1,0,13,9.0,88.9,123.6,-34.7,1.46,-5
KAWASAKI BRAVE THUNDERS,"Shota Tsuyama, Dušan Ristić, Ryo Iida, Emanuel Terry, Ryusei Shinoyama","KAWASAKI BRAVE THUNDERS|13,14,17,5,7",5,5.5,331.0,11,4,10,40.0,1,6,16.7,2,3,66.7,0,0,0,3,0,0,0,0,15,11.3,97.2,104.7,-7.6,1.99,-4
SEAHORSES MIKAWA,"Thomas Kennedy, Jake Layman, Yoshiaki Kubota, Kosuke Ishii, Davante Gardner","SEAHORSES MIKAWA|1,10,11,27,54",4,5.5,332.0,13,3,9,33.3,1,3,33.3,6,8,75.0,0,0,0,3,0,0,1,0,12,13.5,96.2,111.5,-15.4,2.35,1
UTSUNOMIYA BREX,"DJ Newbill, Gavin Edwards, Grant Jerrett, Atsuya Ogawa, Yusuke Endo","UTSUNOMIYA BREX|25,33,34,7,9",4,5.5,332.0,16,3,6,50.0,2,4,50.0,8,10,80.0,0,0,0,2,0,0,2,0,11,12.4,129.0,79.3,49.8,2.89,5
FIGHTING EAGLES NAGOYA,"Jamorko Pickett, Katsuki Hiramatsu, Francis Lopez, Ryuto Yasuoka, Andrew Randall","FIGHTING EAGLES NAGOYA|0,12,20,23,33",1,5.5,328.0,10,4,10,40.0,1,6,16.7,1,2,50.0,0,0,0,3,0,0,1,0,8,11.9,84.2,80.0,4.2,1.83,2
IBARAKI ROBOTS,"Ru Jingaoka, Eric Jacobsen, Noboru Hasegawa, Tim Schneider, Hayate Komasawa","IBARAKI ROBOTS|10,21,3,30,7",2,5.5,330.0,15,7,9,77.8,1,1,100.0,0,1,0.0,0,0,0,4,0,0,1,0,11,10.4,143.7,110.0,33.7,2.73,4
NAGASAKI VELCA,"Ko Kumagai, Stanley Johnson, Yudai Baba, Akil Mitchell, Hyunjung Lee","NAGASAKI VELCA|11,14,18,25,5",5,5.4,324.0,8,3,9,33.3,2,5,40.0,0,0,0,0,0,0,1,0,0,1,0,18,10.0,80.0,165.4,-85.4,1.48,-10
HIROSHIMA DRAGONFLIES,"Dwayne Evans II, Nick Mayo, Tatsuya Ito, Keijiro Mitani, Christopher Smith","HIROSHIMA DRAGONFLIES|13,24,3,34,8",4,5.4,323.0,8,3,12,25.0,1,6,16.7,1,2,50.0,0,0,0,0,0,0,0,0,5,12.9,62.1,50.0,12.1,1.49,3
LEVANGA HOKKAIDO,"Shuto Ichiba, Jahlil Okafor, Keisei Tominaga, Kevin Jones, Hiroto Kikuchi","LEVANGA HOKKAIDO|12,22,30,5,6",3,5.4,322.0,6,2,4,50.0,1,1,100.0,1,2,50.0,0,0,0,2,0,0,3,0,15,7.9,76.1,132.5,-56.4,1.12,-9
SAGA BALLOONERS,"David Dudzinski, Taiki Sumida, Ryota Inoue, Josh Harrellson, Davon Reed","SAGA BALLOONERS|23,25,34,55,9",3,5.4,323.0,11,3,7,42.9,2,4,50.0,3,4,75.0,0,0,0,3,0,0,0,0,9,8.8,125.6,76.5,49.0,2.04,2
KOSHIGAYA ALPHAS,"Kai Sotto, Kai Sugawara, Sekou Doumbouya, Anthony Clemmons, Shun Matsuyama","KOSHIGAYA ALPHAS|11,28,45,5,7",1,5.4,324.0,11,1,5,20.0,0,3,0.0,9,11,81.8,0,0,0,4,0,0,2,0,14,11.8,92.9,143.4,-50.5,2.04,-3
GUNMA CRANE THUNDERS,"AJ Edu, Kazuki Hosokawa, Trey Jones, Takuto Nakamura, Kerry BlackshearJr","GUNMA CRANE THUNDERS|15,29,4,6,8",5,5.3,321.0,15,4,11,36.4,1,3,33.3,6,6,100.0,0,0,0,1,0,0,2,0,10,15.6,95.9,111.1,-15.2,2.8,5
GUNMA CRANE THUNDERS,"Yuma Fujii, Trey Jones, Takuto Nakamura, Kerry BlackshearJr, Naoto Tsuji","GUNMA CRANE THUNDERS|0,4,6,8,9",6,5.3,318.0,15,3,6,50.0,1,3,33.3,8,11,72.7,0,0,0,5,0,0,1,0,14,11.8,126.7,117.1,9.6,2.83,1
SENDAI 89ERS,"Yusei Sugiura, Kazuma Okajima, Nathan Boothe, Jarrett Culver, Sergio El Darwich","SENDAI 89ERS|14,3,45,8,9",3,5.3,318.0,20,7,10,70.0,4,6,66.7,2,2,100.0,0,0,0,3,0,0,0,0,9,10.9,183.8,81.8,102.0,3.77,11
AKITA NORTHERN HAPPINETS,"Yanni Wetzell, Taiyo Motoda, Takuya Nakayama, Ali Mezher, Keanu Pinder","AKITA NORTHERN HAPPINETS|10,12,17,22,25",2,5.3,321.0,10,3,8,37.5,1,1,100.0,3,4,75.0,0,0,0,5,0,0,1,0,12,10.8,92.9,127.1,-34.2,1.87,-2
YOKOHAMA B-CORSAIRS,"Kiefer Ravena, Maik Kotsar, Seiya Ando, Koya Sudo, Damien Inglis","YOKOHAMA B-CORSAIRS|15,21,3,30,4",2,5.3,316.0,11,5,15,33.3,1,5,20.0,0,0,0,0,0,0,0,0,0,0,0,13,15.0,73.3,110.5,-37.2,2.09,-2
YOKOHAMA B-CORSAIRS,"Kiefer Ravena, Kenta Morii, Koya Sudo, Damien Inglis, Gary Clark","YOKOHAMA B-CORSAIRS|15,18,30,4,8",3,5.2,313.0,11,4,8,50.0,2,3,66.7,1,2,50.0,0,0,0,4,0,0,0,0,4,8.9,123.9,33.3,90.5,2.11,7
KOSHIGAYA ALPHAS,"Yuichi Ikeda, Shuhei Kitagawa, Sekou Doumbouya, Anthony Clemmons, Hamiltongary Kotera","KOSHIGAYA ALPHAS|12,31,45,5,6",3,5.2,309.0,10,3,8,37.5,2,4,50.0,2,3,66.7,0,0,0,2,0,0,1,0,9,10.3,96.9,75.8,21.1,1.94,1
OSAKA EVESSA,"Ray Parks Jr, Ryan Luther, Makoto Kinoshita, Matt Bonds, Seiga Sakamoto","OSAKA EVESSA|1,11,31,5,60",7,5.2,313.0,14,4,8,50.0,3,5,60.0,3,4,75.0,0,0,0,6,0,0,0,0,10,9.8,143.4,91.9,51.5,2.68,4
SUNROCKERS SHIBUYA,"Donte Grantham, Reiya Nozaki, Daiki Tanaka, Thomas Welsh, Leo Vendrame","SUNROCKERS SHIBUYA|1,12,13,40,9",3,5.2,311.0,4,1,9,11.1,0,3,0.0,2,2,100.0,0,0,0,2,0,0,1,0,4,10.9,36.8,66.7,-29.9,0.77,0
SHIMANE SUSANOO MAGIC,"Coty Clarke, Yuto Nohmi, Fumiya Iio, Nick Kay, Yuta Okada","SHIMANE SUSANOO MAGIC|1,21,22,4,77",3,5.2,313.0,14,5,7,71.4,0,2,0.0,4,6,66.7,0,0,0,5,0,0,2,0,13,11.6,120.3,110.5,9.7,2.68,1
SHIMANE SUSANOO MAGIC,"Coty Clarke, Yuto Nohmi, Fumiya Iio, Nick Kay, Anthony Sho Sukegawa","SHIMANE SUSANOO MAGIC|1,21,22,4,7",3,5.2,314.0,9,3,9,33.3,0,1,0.0,3,3,100.0,0,0,0,2,0,0,3,0,13,13.3,67.6,101.9,-34.3,1.72,-4
FIGHTING EAGLES NAGOYA,"Tensho Sugimoto, Takaya Sasayama, Jeremy Jones, Ryuto Yasuoka, Sean O'mara","FIGHTING EAGLES NAGOYA|10,21,22,23,54",4,5.2,315.0,17,6,12,50.0,3,6,50.0,2,4,50.0,0,0,0,3,0,0,2,0,14,15.8,107.9,134.1,-26.2,3.24,3
KAWASAKI BRAVE THUNDERS,"Shota Tsuyama, Dušan Ristić, Ryo Iida, Rosco Allen, Kanta Mizuno","KAWASAKI BRAVE THUNDERS|13,14,17,25,3",2,5.1,307.0,12,4,10,40.0,3,6,50.0,1,2,50.0,0,0,0,4,0,0,0,0,8,10.9,110.3,81.0,29.3,2.35,4
AKITA NORTHERN HAPPINETS,"Yanni Wetzell, Teru Sugawara, Tanner Leissner, Shigehiro Taguchi, Raita Akaho","AKITA NORTHERN HAPPINETS|10,14,15,5,6",2,5.1,307.0,13,6,11,54.5,0,4,0.0,1,1,100.0,0,0,0,4,0,0,0,0,8,11.4,113.6,84.7,28.9,2.54,5
IBARAKI ROBOTS,"Genki Kojima, Ru Jingaoka, Kohei Nakamura, Eric Jacobsen, Tyler Cook","IBARAKI ROBOTS|1,10,13,21,8",3,5.1,307.0,8,2,4,50.0,0,0,0,4,4,100.0,0,0,0,2,0,0,4,0,8,9.8,82.0,67.3,14.6,1.56,0
SHIMANE SUSANOO MAGIC,"James Michael McAdoo, Yuto Nohmi, Nick Kay, Hiromu Kitagawa, Yuta Okada","SHIMANE SUSANOO MAGIC|14,21,4,6,77",1,5.1,304.0,14,5,7,71.4,4,5,80.0,0,0,0,0,0,0,1,0,0,1,0,4,8.0,175.0,43.5,131.5,2.76,10
NAGOYA DIAMOND DOLPHINS,"Alan Williams, Takumi Saito, Keita Imamura, Scott Eatherton, Isaiah Murphy","NAGOYA DIAMOND DOLPHINS|15,2,30,43,5",6,5.1,308.0,6,2,9,22.2,0,4,0.0,2,2,100.0,0,0,0,2,0,0,1,0,11,10.9,55.1,81.8,-26.7,1.17,-5
NAGOYA DIAMOND DOLPHINS,"Taito Nakahigashi, Alan Williams, Takumi Saito, Scott Eatherton, Isaiah Murphy","NAGOYA DIAMOND DOLPHINS|12,15,2,43,5",3,5.1,304.0,11,4,7,57.1,0,2,0.0,3,5,60.0,0,0,0,4,0,0,0,0,11,9.2,119.6,102.2,17.3,2.17,0
SAGA BALLOONERS,"Sori Uchio, Tanner Groves, David Dudzinski, Taiki Sumida, Rui Todoroki","SAGA BALLOONERS|18,22,23,25,8",4,5.1,306.0,10,3,5,60.0,1,2,50.0,3,4,75.0,0,0,0,3,0,0,0,0,4,6.8,147.9,44.4,103.5,1.96,6
OSAKA EVESSA,"Ray Parks Jr, Ryan Luther, Matt Bonds, Seiga Sakamoto, Hayato Maki","OSAKA EVESSA|1,11,5,60,88",2,5.1,304.0,14,3,6,50.0,3,4,75.0,5,8,62.5,0,0,0,5,0,0,0,0,8,9.5,147.1,74.3,72.7,2.76,6
KAWASAKI BRAVE THUNDERS,"Shota Tsuyama, Ryo Iida, Rosco Allen, Emanuel Terry, Ryusei Shinoyama","KAWASAKI BRAVE THUNDERS|13,17,25,5,7",5,5.0,299.0,5,1,7,14.3,0,5,0.0,3,4,75.0,0,0,0,1,0,0,0,0,13,8.8,57.1,84.9,-27.8,1.0,-8
ALTIRI CHIBA,"Takaaki Kida, Kei Sugimoto, Brandon Ashley, Reo Maeda, Dererk Pardon","ALTIRI CHIBA|0,11,21,5,7",2,5.0,299.0,13,5,9,55.6,2,4,50.0,1,4,25.0,0,0,0,4,0,0,3,0,12,13.8,94.5,116.3,-21.8,2.61,1
SAGA BALLOONERS,"Kosuke Kanamaru, Sori Uchio, Tanner Groves, David Dudzinski, Taiki Sumida","SAGA BALLOONERS|14,18,22,23,25",3,5.0,301.0,10,4,8,50.0,1,3,33.3,1,2,50.0,0,0,0,4,0,0,1,0,7,9.9,101.2,87.5,13.7,1.99,3
FIGHTING EAGLES NAGOYA,"Jamorko Pickett, Tensho Sugimoto, Katsuki Hiramatsu, Francis Lopez, Jeremy Jones","FIGHTING EAGLES NAGOYA|0,10,12,20,22",2,5.0,303.0,7,3,9,33.3,1,6,16.7,0,0,0,0,0,0,1,0,0,0,0,3,9.0,77.8,35.5,42.2,1.39,4
UTSUNOMIYA BREX,"Kosuke Takeuchi, DJ Newbill, Grant Jerrett, Atsuya Ogawa, Yusuke Endo","UTSUNOMIYA BREX|10,25,34,7,9",3,5.0,300.0,6,3,6,50.0,0,3,0.0,0,0,0,0,0,0,1,0,0,1,0,15,7.0,85.7,126.3,-40.5,1.2,-9
YOKOHAMA B-CORSAIRS,"Kiefer Ravena, Kaleb Tarczewski, Seiya Ando, Damien Inglis, Tatsumi Yu","YOKOHAMA B-CORSAIRS|15,25,3,4,51",2,5.0,297.0,2,1,6,16.7,0,1,0.0,0,0,0,0,0,0,1,0,0,4,0,9,10.0,20.0,82.7,-62.7,0.4,-7
SENDAI 89ERS,"Hirohide Araya, Yusei Sugiura, Boubacar Toure, Nathan Boothe, Sergio El Darwich","SENDAI 89ERS|11,14,21,45,9",2,5.0,299.0,14,6,10,60.0,2,6,33.3,0,0,0,0,0,0,3,0,0,1,0,4,11.0,127.3,40.5,86.8,2.81,10
SAN-EN NEOPHOENIX,"Yante Maten, David Nwaba, Dai Nemoto, Kazuma Tsuya, Sota Oura","SAN-EN NEOPHOENIX|1,2,20,28,5",2,5.0,298.0,17,5,6,83.3,2,3,66.7,5,6,83.3,0,0,0,7,0,0,0,0,10,8.6,196.8,101.2,95.5,3.42,7
FIGHTING EAGLES NAGOYA,"Tensho Sugimoto, Ryuto Yasuoka, Narito Namizato, Andrew Randall, Sean O'mara","FIGHTING EAGLES NAGOYA|10,23,3,33,54",3,5.0,301.0,7,1,7,14.3,0,3,0.0,5,5,100.0,0,0,0,2,0,0,0,0,17,9.2,76.1,158.0,-81.9,1.4,-10
AKITA NORTHERN HAPPINETS,"Yanni Wetzell, Takuya Nakayama, Tsubasa Kurihara, Kanji Takahira, Angelo Chol","AKITA NORTHERN HAPPINETS|10,17,2,24,27",1,5.0,301.0,12,4,9,44.4,2,5,40.0,2,2,100.0,0,0,0,4,0,0,0,0,10,9.9,121.5,123.8,-2.3,2.39,2
ALTIRI CHIBA,"Brandon Ashley, Yuto Otsuka, Kotetsu Kurokawa, Luke Evans, Dererk Pardon","ALTIRI CHIBA|21,24,3,33,7",1,4.9,296.0,9,3,6,50.0,1,3,33.3,2,2,100.0,0,0,0,5,0,0,0,0,9,6.9,130.8,112.5,18.3,1.82,0
GUNMA CRANE THUNDERS,"AJ Edu, Kazuki Hosokawa, Terrance Woodbury, Trey Jones, Takuto Nakamura","GUNMA CRANE THUNDERS|15,29,30,4,6",2,4.9,292.0,14,6,6,100.0,2,2,100.0,0,0,0,0,0,0,4,0,0,1,0,10,7.0,200.0,142.9,57.1,2.88,4
KOSHIGAYA ALPHAS,"Jarell Martin, Takeru Oba, Yuya Kamata, Anthony Clemmons, Shun Matsuyama","KOSHIGAYA ALPHAS|1,14,18,5,7",2,4.9,292.0,18,7,8,87.5,4,5,80.0,0,0,0,0,0,0,3,0,0,2,0,6,10.0,180.0,54.5,125.5,3.7,12
ALTIRI CHIBA,"Kei Sugimoto, Kotetsu Kurokawa, Luke Evans, Reo Maeda, Dererk Pardon","ALTIRI CHIBA|11,3,33,5,7",1,4.9,295.0,12,3,4,75.0,3,4,75.0,3,6,50.0,0,0,0,1,0,0,3,0,6,9.6,124.5,48.7,75.8,2.44,6
GUNMA CRANE THUNDERS,"Yuma Fujii, Kazuki Hosokawa, Johannes Thiemann, Trey Jones, Takuto Nakamura","GUNMA CRANE THUNDERS|0,29,32,4,6",1,4.8,286.0,4,2,7,28.6,0,3,0.0,0,0,0,0,0,0,1,0,0,3,0,9,10.0,40.0,90.0,-50.0,0.84,-5
FIGHTING EAGLES NAGOYA,"Jamorko Pickett, Katsuki Hiramatsu, Francis Lopez, Jeremy Jones, Ryuto Yasuoka","FIGHTING EAGLES NAGOYA|0,12,20,22,23",1,4.8,289.0,13,5,7,71.4,0,0,0,3,6,50.0,0,0,0,1,0,0,0,0,10,9.6,134.9,107.3,27.6,2.7,3
RYUKYU GOLDEN KINGS,"Ryuichi Kishimoto, Yoshiyuki Matsuwaki, Shota Onodera, Vic Law, Jack Cooley","RYUKYU GOLDEN KINGS|14,15,34,4,45",7,4.8,286.0,21,4,8,50.0,0,2,0.0,13,16,81.2,0,0,0,2,0,0,0,0,15,15.0,139.6,139.4,0.2,4.41,6
IBARAKI ROBOTS,"Robert Franks, Kohei Nakamura, Keita Tsurumaki, Noboru Hasegawa, Tyler Cook","IBARAKI ROBOTS|0,13,29,3,8",4,4.8,286.0,8,1,4,25.0,1,1,100.0,5,10,50.0,0,0,0,2,0,0,1,0,9,9.4,85.1,112.5,-27.4,1.68,-1
CHIBA JETS,"Yuta Watanabe, Yuki Togashi, Shuta Hara, John Mooney, Nassir Little","CHIBA JETS|1,2,31,33,8",3,4.8,288.0,13,5,9,55.6,1,4,25.0,2,2,100.0,0,0,0,2,0,0,1,0,7,10.9,119.5,88.8,30.7,2.71,6
TOYAMA GROUSES,"Naoki Uto, Brock Motum, Matthew Aquino, Nyika Williams, Trey Kell","TOYAMA GROUSES|11,12,13,6,8",2,4.8,285.0,4,1,6,16.7,0,2,0.0,2,4,50.0,0,0,0,2,0,0,2,0,6,9.8,41.0,54.5,-13.6,0.84,-2
GUNMA CRANE THUNDERS,"Yuma Fujii, AJ Edu, Trey Jones, Kerry BlackshearJr, Naoto Tsuji","GUNMA CRANE THUNDERS|0,15,4,8,9",5,4.8,286.0,19,6,8,75.0,4,6,66.7,3,3,100.0,0,0,0,1,0,0,0,0,6,9.3,203.9,102.0,101.8,3.99,13
FIGHTING EAGLES NAGOYA,"Jamorko Pickett, Francis Lopez, Takaya Sasayama, Ryuto Yasuoka, Sean O'mara","FIGHTING EAGLES NAGOYA|0,20,21,23,54",4,4.8,287.0,4,2,6,33.3,0,2,0.0,0,0,0,0,0,0,1,0,0,3,0,8,9.0,44.4,72.7,-28.3,0.84,-4
SAGA BALLOONERS,"Ryo Abe, Reynaldo Garcia, David Dudzinski, Taiki Sumida, Ryota Inoue","SAGA BALLOONERS|13,2,23,25,34",4,4.8,288.0,10,1,6,16.7,1,4,25.0,7,8,87.5,0,0,0,3,0,0,2,0,8,11.5,86.8,88.9,-2.1,2.08,2
KYOTO HANNARYZ,"Asato Ogawa, Ryunosuke Watanabe, Angelo Caloiaro, Jordan Heath, Takatoshi Furukawa","KYOTO HANNARYZ|12,16,32,35,51",2,4.8,287.0,12,4,6,66.7,0,1,0.0,4,4,100.0,0,0,0,2,0,0,0,0,10,7.8,154.6,125.0,29.6,2.51,2
SHIMANE SUSANOO MAGIC,"Taichi Nakamura, James Michael McAdoo, Fumiya Iio, Nick Kay, Shota Arai","SHIMANE SUSANOO MAGIC|11,14,22,4,5",2,4.8,288.0,3,1,4,25.0,1,2,50.0,0,0,0,0,0,0,1,0,0,3,0,4,7.0,42.9,58.1,-15.3,0.62,-1
YOKOHAMA B-CORSAIRS,"Maik Kotsar, Kai King, Seiya Ando, Koya Sudo, Gary Clark","YOKOHAMA B-CORSAIRS|21,23,3,30,8",2,4.8,285.0,0,0,5,0.0,0,4,0.0,0,2,0.0,0,0,0,0,0,0,4,0,4,9.9,0.0,40.0,-40.0,0.0,-4
KYOTO HANNARYZ,"Leon Shibuta, Angelo Caloiaro, Ira Brown, Jordan Heath, Takatoshi Furukawa","KYOTO HANNARYZ|3,32,33,35,51",1,4.8,290.0,15,5,7,71.4,1,2,50.0,4,5,80.0,0,0,0,4,0,0,0,0,15,9.2,163.0,158.9,4.1,3.1,0
RYUKYU GOLDEN KINGS,"Keve Aluma, Yoshiyuki Matsuwaki, Koya Kobari, Vic Law, Alex Kirk","RYUKYU GOLDEN KINGS|12,15,2,4,53",3,4.7,283.0,10,4,8,50.0,2,4,50.0,0,0,0,0,0,0,3,0,0,2,0,16,10.0,100.0,160.0,-60.0,2.12,-6
IBARAKI ROBOTS,"Robert Franks, Kohei Nakamura, Keita Tsurumaki, Hayate Komasawa, Tyler Cook","IBARAKI ROBOTS|0,13,29,7,8",1,4.7,280.0,8,3,8,37.5,0,4,0.0,2,2,100.0,0,0,0,1,0,0,1,0,11,9.9,81.0,137.5,-56.5,1.71,-3
ALVARK TOKYO,"Sebastian Saiz, Marcus Foster, Sota Okura, Ryan Rossiter, Shuto Ando","ALVARK TOKYO|11,17,2,22,9",5,4.7,281.0,13,5,8,62.5,3,5,60.0,0,0,0,0,0,0,4,0,0,4,0,11,12.0,108.3,116.5,-8.2,2.78,2
UTSUNOMIYA BREX,"Shinji Takashima, Seiji Ikaruga, Gavin Edwards, Isaac Fotu, Makoto Hiejima","UTSUNOMIYA BREX|12,18,33,42,6",2,4.7,284.0,5,2,6,33.3,1,4,25.0,0,0,0,0,0,0,1,0,0,2,0,5,8.0,62.5,46.0,16.5,1.06,0
TOYAMA GROUSES,"Brock Motum, Yuzo Okada, Nyika Williams, Kazuki Miyamoto, Trey Kell","TOYAMA GROUSES|12,3,6,7,8",6,4.7,279.0,7,2,10,20.0,1,6,16.7,2,4,50.0,0,0,0,1,0,0,1,0,17,12.8,54.9,170.0,-115.1,1.51,-10
FIGHTING EAGLES NAGOYA,"Takaya Sasayama, Jeremy Jones, Ryuto Yasuoka, Narito Namizato, Sean O'mara","FIGHTING EAGLES NAGOYA|21,22,23,3,54",3,4.7,282.0,8,3,9,33.3,2,7,28.6,0,0,0,0,0,0,2,0,0,1,0,18,10.0,80.0,164.2,-84.2,1.7,-10
KYOTO HANNARYZ,"Charles Jackson, Asato Ogawa, Ryunosuke Watanabe, Angelo Caloiaro, Mone Alex Hall","KYOTO HANNARYZ|10,12,16,32,39",1,4.7,279.0,11,4,9,44.4,3,6,50.0,0,0,0,0,0,0,4,0,0,1,0,4,10.0,110.0,57.1,52.9,2.37,7
YOKOHAMA B-CORSAIRS,"Kaleb Tarczewski, Seiya Ando, Koya Sudo, Gakuto Arai, Gary Clark","YOKOHAMA B-CORSAIRS|25,3,30,6,8",2,4.7,282.0,5,1,4,25.0,1,3,33.3,2,2,100.0,0,0,0,0,0,0,2,0,13,6.9,72.7,154.0,-81.4,1.06,-8
NAGOYA DIAMOND DOLPHINS,"Aaron Henry, Taito Nakahigashi, Taketo Kato, Kyle Richardson, Scott Eatherton","NAGOYA DIAMOND DOLPHINS|11,12,3,34,43",1,4.7,281.0,10,4,11,36.4,2,5,40.0,0,0,0,0,0,0,2,0,0,0,0,3,11.0,90.9,30.4,60.5,2.14,7
SENDAI 89ERS,"Shota Watanabe, Boubacar Toure, Ryota Hanzawa, Jarrett Culver, Sergio El Darwich","SENDAI 89ERS|15,21,23,8,9",2,4.6,274.0,9,4,7,57.1,1,2,50.0,0,0,0,0,0,0,1,0,0,2,0,7,9.0,100.0,70.9,29.1,1.97,2
ALTIRI CHIBA,"Takaaki Kida, Kei Sugimoto, Trey Porter, Reo Maeda, Dererk Pardon","ALTIRI CHIBA|0,11,22,5,7",3,4.6,277.0,8,4,10,40.0,0,3,0.0,0,0,0,0,0,0,3,0,0,0,0,15,10.0,80.0,126.7,-46.7,1.73,-7
IBARAKI ROBOTS,"Genki Kojima, Kohei Nakamura, Eric Jacobsen, Noboru Hasegawa, Tyler Cook","IBARAKI ROBOTS|1,13,21,3,8",1,4.6,278.0,9,4,8,50.0,1,3,33.3,0,0,0,0,0,0,3,0,0,0,0,8,8.0,112.5,75.2,37.3,1.94,1
HIROSHIMA DRAGONFLIES,"Dwayne Evans II, Nick Mayo, Kevin Hareyama, Keijiro Mitani, Christopher Smith","HIROSHIMA DRAGONFLIES|13,24,32,34,8",3,4.6,275.0,10,3,6,50.0,1,2,50.0,3,3,100.0,0,0,0,0,0,0,0,0,10,7.3,136.6,101.2,35.4,2.18,0
GUNMA CRANE THUNDERS,"Yuma Fujii, Terrance Woodbury, Takuto Nakamura, Kerry BlackshearJr, Naoto Tsuji","GUNMA CRANE THUNDERS|0,30,6,8,9",3,4.6,274.0,16,4,5,80.0,3,4,75.0,5,5,100.0,0,0,0,3,0,0,0,0,10,7.2,222.2,79.1,143.1,3.5,6
SHIMANE SUSANOO MAGIC,"Taichi Nakamura, Fumiya Iio, Nick Kay, Shota Arai, Anthony Sho Sukegawa","SHIMANE SUSANOO MAGIC|11,22,4,5,7",2,4.6,277.0,9,4,9,44.4,1,5,20.0,0,0,0,0,0,0,3,0,0,0,0,3,9.0,100.0,42.9,57.1,1.95,6
KAWASAKI BRAVE THUNDERS,"Reoto Yonesu, Dušan Ristić, Jaheru Ryuto Yamauchi, Emanuel Terry, Ryusei Shinoyama","KAWASAKI BRAVE THUNDERS|11,14,45,5,7",1,4.6,276.0,9,4,8,50.0,0,0,0,1,1,100.0,0,0,0,0,0,0,2,0,9,10.4,86.2,108.2,-22.0,1.96,0
KAWASAKI BRAVE THUNDERS,"Omar Jamaleddine, Shota Tsuyama, Dušan Ristić, Rosco Allen, Ryusei Shinoyama","KAWASAKI BRAVE THUNDERS|1,13,14,25,7",3,4.5,270.0,5,2,7,28.6,1,5,20.0,0,0,0,0,0,0,2,0,0,5,0,13,12.0,41.7,112.8,-71.2,1.11,-8
KOSHIGAYA ALPHAS,"Jarell Martin, Yuichi Ikeda, Takeru Oba, Shuhei Kitagawa, Sekou Doumbouya","KOSHIGAYA ALPHAS|1,12,14,31,45",3,4.5,273.0,7,3,7,42.9,0,3,0.0,1,2,50.0,0,0,0,3,0,0,0,0,4,7.9,88.8,80.0,8.8,1.54,3
SHIGA LAKES,"Zach Auguste, Yosei Nishida, Thomas Wimbush, Shintaro Ehara, Ai-Che Yu","SHIGA LAKES|0,14,20,25,7",2,4.5,268.0,8,3,5,60.0,1,3,33.3,1,1,100.0,0,0,0,2,0,0,1,0,13,6.4,124.2,124.5,-0.3,1.79,-5
SENDAI 89ERS,"Yusei Sugiura, Nathan Boothe, Seiya Funyu, Jarrett Culver, Sergio El Darwich","SENDAI 89ERS|14,45,7,8,9",6,4.5,272.0,9,1,7,14.3,0,4,0.0,7,9,77.8,0,0,0,4,0,0,0,0,18,11.0,82.1,109.0,-26.8,1.99,-9
CHIBA JETS,"DJ Hogg, Naoki Tashiro, Riku Segawa, Michael Ou, Nassir Little","CHIBA JETS|10,4,5,7,8",2,4.5,273.0,9,3,7,42.9,1,3,33.3,2,2,100.0,0,0,0,2,0,0,3,0,10,10.9,82.7,101.2,-18.5,1.98,-1
SENDAI 89ERS,"Boubacar Toure, Kazuma Okajima, Nathan Boothe, Seiya Funyu, Sergio El Darwich","SENDAI 89ERS|21,3,45,7,9",2,4.5,270.0,7,1,4,25.0,1,3,33.3,4,5,80.0,0,0,0,4,0,0,0,0,8,6.2,112.9,100.0,12.9,1.56,-1
KYOTO HANNARYZ,"Asato Ogawa, Hayato Kawashima, Angelo Caloiaro, Jordan Heath, Takatoshi Furukawa","KYOTO HANNARYZ|12,15,32,35,51",2,4.5,273.0,7,3,5,60.0,0,2,0.0,1,3,33.3,0,0,0,0,0,0,1,0,12,7.3,95.6,117.6,-22.0,1.54,-5
HIROSHIMA DRAGONFLIES,"Ryo Terashima, Kofi Cockburn, Ryo Yamazaki, Keijiro Mitani, Christopher Smith","HIROSHIMA DRAGONFLIES|0,23,30,34,8",2,4.5,268.0,11,4,7,57.1,2,4,50.0,1,2,50.0,0,0,0,3,0,0,1,0,4,8.9,123.9,45.0,78.8,2.46,7
OSAKA EVESSA,"Ray Parks Jr, Ryan Luther, Yasunori Aoki, Matt Bonds, Hayato Maki","OSAKA EVESSA|1,11,4,5,88",2,4.5,273.0,7,3,8,37.5,0,2,0.0,1,2,50.0,0,0,0,5,0,0,2,0,17,10.9,64.3,127.6,-63.3,1.54,-10
HIROSHIMA DRAGONFLIES,"Toshiki Kamisawa, Kofi Cockburn, Nick Mayo, Keijiro Mitani, Kaine Roberts","HIROSHIMA DRAGONFLIES|10,23,24,34,4",2,4.5,268.0,10,3,4,75.0,2,3,66.7,2,2,100.0,0,0,0,3,0,0,4,0,8,8.9,112.6,103.1,9.5,2.24,2
YOKOHAMA B-CORSAIRS,"Kiefer Ravena, Maik Kotsar, Seiya Ando, Koya Sudo, Gary Clark","YOKOHAMA B-CORSAIRS|15,21,3,30,8",2,4.5,272.0,11,3,8,37.5,3,5,60.0,2,2,100.0,0,0,0,3,0,0,4,0,12,12.9,85.4,121.5,-36.1,2.43,-1
SAN-EN NEOPHOENIX,"Tshilidzi Kawata, David Nwaba, Kazuma Tsuya, Darius Days, Sota Oura","SAN-EN NEOPHOENIX|15,2,28,4,5",3,4.4,266.0,7,2,5,40.0,1,4,25.0,2,2,100.0,0,0,0,3,0,0,1,0,17,6.9,101.7,191.4,-89.7,1.58,-10
KYOTO HANNARYZ,"Charles Jackson, Asato Ogawa, Leon Shibuta, Jordan Heath, Takatoshi Furukawa","KYOTO HANNARYZ|10,12,3,35,51",3,4.4,262.0,0,0,5,0.0,0,3,0.0,0,0,0,0,0,0,1,0,0,2,0,8,7.0,0.0,80.0,-80.0,0.0,-8
ALVARK TOKYO,"Zack Baranski, Sebastian Saiz, Marcus Foster, Sota Okura, Taiki Osakabe","ALVARK TOKYO|10,11,17,2,75",3,4.4,265.0,9,3,4,75.0,1,2,50.0,2,3,66.7,0,0,0,2,0,0,2,0,7,7.3,123.0,90.2,32.7,2.04,2
TOYAMA GROUSES,"Naoki Uto, Yannis Morin, Yuzo Okada, Nyika Williams, Trey Kell","TOYAMA GROUSES|11,24,3,6,8",2,4.4,266.0,8,3,6,50.0,1,3,33.3,1,2,50.0,0,0,0,3,0,0,1,0,7,7.9,101.5,77.1,24.4,1.8,1
ALVARK TOKYO,"Sebastian Saiz, Marcus Foster, Ryan Rossiter, Kai Toews, Taiki Osakabe","ALVARK TOKYO|11,17,22,3,75",6,4.4,262.0,9,2,7,28.6,0,5,0.0,5,7,71.4,0,0,0,1,0,0,0,0,7,10.1,89.3,101.7,-12.5,2.06,2
SENDAI 89ERS,"Boubacar Toure, Ryota Hanzawa, Kazuma Okajima, Nathan Boothe, Sergio El Darwich","SENDAI 89ERS|21,23,3,45,9",1,4.4,266.0,5,2,4,50.0,1,2,50.0,0,0,0,0,0,0,1,0,0,2,0,2,6.0,83.3,25.0,58.3,1.13,3
LEVANGA HOKKAIDO,"Shuto Ichiba, Dwight Ramos, Jahlil Okafor, Kevin Jones, Hiroto Kikuchi","LEVANGA HOKKAIDO|12,2,22,5,6",5,4.4,265.0,7,2,5,40.0,1,4,25.0,2,4,50.0,0,0,0,2,0,0,0,0,4,6.8,103.6,50.0,53.6,1.58,3
SENDAI 89ERS,"Boubacar Toure, Ryota Hanzawa, Kazuma Okajima, Soichiro Inoue, Jarrett Culver","SENDAI 89ERS|21,23,3,75,8",2,4.4,263.0,9,3,6,50.0,1,2,50.0,2,2,100.0,0,0,0,2,0,0,1,0,9,7.9,114.2,150.0,-35.8,2.05,0
ALVARK TOKYO,"Brandon Davies, Zack Baranski, Marcus Foster, Sota Okura, Taiki Osakabe","ALVARK TOKYO|0,10,17,2,75",3,4.4,265.0,5,2,6,33.3,1,4,25.0,0,2,0.0,0,0,0,1,0,0,2,0,4,8.9,56.3,42.4,13.9,1.13,1
OSAKA EVESSA,"Ryan Luther, Makoto Kinoshita, Tatsuya Suzuki, Matt Bonds, Yoshiya Uematsu","OSAKA EVESSA|11,31,35,5,8",2,4.4,263.0,3,1,9,11.1,1,5,20.0,0,0,0,0,0,0,1,0,0,0,0,7,9.0,33.3,87.5,-54.2,0.68,-4
KYOTO HANNARYZ,"Charles Jackson, Asato Ogawa, Angelo Caloiaro, Mone Alex Hall, Takatoshi Furukawa","KYOTO HANNARYZ|10,12,32,39,51",2,4.4,265.0,7,3,5,60.0,1,2,50.0,0,0,0,0,0,0,2,0,0,3,0,21,8.0,87.5,222.5,-135.0,1.58,-14
ALTIRI CHIBA,"Trey Porter, Naoya Kumagae, Kotetsu Kurokawa, Luke Evans, Reo Maeda","ALTIRI CHIBA|22,27,3,33,5",2,4.3,261.0,13,4,5,80.0,3,4,75.0,2,2,100.0,0,0,0,2,0,0,1,0,5,6.9,189.0,71.4,117.5,2.99,8
KAWASAKI BRAVE THUNDERS,"Omar Jamaleddine, Ryo Iida, Rosco Allen, Emanuel Terry, Ryusei Shinoyama","KAWASAKI BRAVE THUNDERS|1,17,25,5,7",2,4.3,260.0,9,3,6,50.0,3,4,75.0,0,2,0.0,0,0,0,2,0,0,2,0,10,8.9,101.4,112.6,-11.3,2.08,-1
ALVARK TOKYO,"Sebastian Saiz, Marcus Foster, Ryan Rossiter, Kohei Fukuzawa, Shuto Ando","ALVARK TOKYO|11,17,22,25,9",4,4.3,257.0,11,4,9,44.4,3,4,75.0,0,0,0,0,0,0,3,0,0,1,0,12,10.0,110.0,128.8,-18.8,2.57,-1
AKITA NORTHERN HAPPINETS,"Yanni Wetzell, Takuya Nakayama, Tsubasa Kurihara, Keanu Pinder, Raita Akaho","AKITA NORTHERN HAPPINETS|10,17,2,25,6",2,4.3,259.0,13,3,4,75.0,1,1,100.0,6,7,85.7,0,0,0,3,0,0,0,0,8,7.1,183.6,81.0,102.6,3.01,5
SHIMANE SUSANOO MAGIC,"Coty Clarke, Taichi Nakamura, Ryosuke Shirahama, Yuto Nohmi, Nick Kay","SHIMANE SUSANOO MAGIC|1,11,15,21,4",4,4.3,258.0,6,1,3,33.3,0,1,0.0,4,6,66.7,0,0,0,0,0,0,2,0,4,7.6,78.5,40.0,38.5,1.4,2
SHIMANE SUSANOO MAGIC,"Coty Clarke, Taichi Nakamura, Yuto Nohmi, Nick Kay, Anthony Sho Sukegawa","SHIMANE SUSANOO MAGIC|1,11,21,4,7",3,4.3,260.0,12,4,7,57.1,1,2,50.0,3,4,75.0,0,0,0,3,0,0,0,0,7,8.8,137.0,101.7,35.2,2.77,5
HIROSHIMA DRAGONFLIES,"Kofi Cockburn, Tatsuya Ito, Ryo Yamazaki, Keijiro Mitani, Christopher Smith","HIROSHIMA DRAGONFLIES|23,3,30,34,8",2,4.3,256.0,11,3,6,50.0,1,4,25.0,4,4,100.0,0,0,0,4,0,0,0,0,5,7.8,141.8,47.9,93.9,2.58,6
KOSHIGAYA ALPHAS,"Jarell Martin, Kai Sotto, Shuhei Kitagawa, Anthony Clemmons, Shun Matsuyama","KOSHIGAYA ALPHAS|1,11,31,5,7",3,4.3,259.0,13,5,9,55.6,2,3,66.7,1,2,50.0,0,0,0,2,0,0,0,0,7,9.9,131.6,88.8,42.7,3.01,6
GUNMA CRANE THUNDERS,"Yuma Fujii, Kazuki Hosokawa, Takuto Nakamura, Kerry BlackshearJr, Naoto Tsuji","GUNMA CRANE THUNDERS|0,29,6,8,9",1,4.3,261.0,11,5,10,50.0,1,5,20.0,0,0,0,0,0,0,1,0,0,1,0,15,11.0,100.0,142.6,-42.6,2.53,-4
AKITA NORTHERN HAPPINETS,"Yanni Wetzell, Ali Mezher, Keanu Pinder, Shigehiro Taguchi, Raita Akaho","AKITA NORTHERN HAPPINETS|10,22,25,5,6",3,4.2,250.0,7,3,8,37.5,0,1,0.0,1,2,50.0,0,0,0,1,0,0,1,0,5,9.9,70.9,61.0,9.9,1.68,2
SHIGA LAKES,"Kohei Tsuneta, Thomas Wimbush, Shintaro Ehara, Ryan Kriener, Ai-Che Yu","SHIGA LAKES|17,20,25,4,7",3,4.2,252.0,12,4,8,50.0,2,6,33.3,2,2,100.0,0,0,0,1,0,0,1,0,4,9.9,121.5,50.0,71.5,2.86,8
SHIGA LAKES,"Zach Auguste, Yosei Nishida, Higen Hasegawa, Ryan Kriener, Ai-Che Yu","SHIGA LAKES|0,14,34,4,7",2,4.2,249.0,7,3,6,50.0,1,2,50.0,0,1,0.0,0,0,0,2,0,0,1,0,2,7.4,94.1,26.9,67.2,1.69,5
SHIGA LAKES,"Zach Auguste, Yosei Nishida, Kohei Tsuneta, Thomas Wimbush, Ai-Che Yu","SHIGA LAKES|0,14,17,20,7",4,4.2,252.0,4,1,6,16.7,0,2,0.0,2,3,66.7,0,0,0,1,0,0,1,0,6,8.3,48.1,75.0,-26.9,0.95,-2
KYOTO HANNARYZ,"Charles Jackson, Satoru Maeta, Hayato Kawashima, Ryunosuke Watanabe, Jordan Heath","KYOTO HANNARYZ|10,13,15,16,35",2,4.2,249.0,0,0,5,0.0,0,5,0.0,0,2,0.0,0,0,0,0,0,0,2,0,8,7.9,0.0,160.0,-160.0,0.0,-8
IBARAKI ROBOTS,"Genki Kojima, Eric Jacobsen, Hayate Komasawa, Tyler Cook, Jae-Min Yang","IBARAKI ROBOTS|1,21,7,8,9",3,4.2,251.0,2,1,5,20.0,0,3,0.0,0,0,0,0,0,0,2,0,0,1,0,2,6.0,33.3,28.6,4.8,0.48,0
RYUKYU GOLDEN KINGS,"Ryuichi Kishimoto, Yoshiyuki Matsuwaki, Vic Law, Alex Kirk, Andrew Randall","RYUKYU GOLDEN KINGS|14,15,4,53,7",2,4.2,252.0,13,5,9,55.6,1,3,33.3,2,3,66.7,0,0,0,2,0,0,0,0,2,10.3,126.0,25.0,101.0,3.1,11
LEVANGA HOKKAIDO,"Kohei Sekino, Shuto Ichiba, Jahlil Okafor, Kevin Jones, Hiroto Kikuchi","LEVANGA HOKKAIDO|1,12,22,5,6",3,4.2,250.0,7,2,5,40.0,1,2,50.0,2,2,100.0,0,0,0,3,0,0,1,0,9,6.9,101.7,128.6,-26.8,1.68,-2
OSAKA EVESSA,"Ray Parks Jr, Ryan Luther, Makoto Kinoshita, Tatsuya Suzuki, Matt Bonds","OSAKA EVESSA|1,11,31,35,5",4,4.2,254.0,2,1,7,14.3,0,2,0.0,0,0,0,0,0,0,1,0,0,1,0,11,8.0,25.0,101.1,-76.1,0.47,-9
GUNMA CRANE THUNDERS,"AJ Edu, Kazuki Hosokawa, Takuto Nakamura, Kerry BlackshearJr, Naoto Tsuji","GUNMA CRANE THUNDERS|15,29,6,8,9",3,4.2,251.0,7,3,7,42.9,1,4,25.0,0,0,0,0,0,0,1,0,0,1,0,7,8.0,87.5,70.9,16.6,1.67,0
SHIMANE SUSANOO MAGIC,"Coty Clarke, Yuto Nohmi, Nick Kay, Anthony Sho Sukegawa, Yuta Okada","SHIMANE SUSANOO MAGIC|1,21,4,7,77",3,4.2,255.0,6,1,7,14.3,1,3,33.3,3,4,75.0,0,0,0,2,0,0,0,0,7,8.8,68.5,74.5,-6.0,1.41,-1
SHIGA LAKES,"Zach Auguste, Daichi Nomoto, Thomas Wimbush, Sean Ichioka, Taiki Okada","SHIGA LAKES|0,16,20,22,6",2,4.2,252.0,6,1,6,16.7,1,4,25.0,3,4,75.0,0,0,0,3,0,0,2,0,8,9.8,61.5,91.3,-29.8,1.43,-2
SAN-EN NEOPHOENIX,"Yante Maten, Hideya Asai, David Nwaba, Dai Nemoto, Ryusei Sasaki","SAN-EN NEOPHOENIX|1,11,2,20,24",3,4.2,250.0,10,3,5,60.0,1,1,100.0,3,4,75.0,0,0,0,3,0,0,0,0,8,6.8,147.9,160.0,-12.1,2.4,2
HIROSHIMA DRAGONFLIES,"Dwayne Evans II, Kofi Cockburn, Nick Mayo, Ryo Yamazaki, Keijiro Mitani","HIROSHIMA DRAGONFLIES|13,23,24,30,34",4,4.2,254.0,9,2,4,50.0,2,3,66.7,3,4,75.0,0,0,0,3,0,0,2,0,13,7.8,116.0,139.5,-23.5,2.13,-4
KOSHIGAYA ALPHAS,"Jarell Martin, Yuichi Ikeda, Kai Sugawara, Anthony Clemmons, Hamiltongary Kotera","KOSHIGAYA ALPHAS|1,12,28,5,6",3,4.1,247.0,6,2,9,22.2,1,2,50.0,1,2,50.0,0,0,0,0,0,0,0,0,7,9.9,60.7,74.2,-13.4,1.46,-1
FIGHTING EAGLES NAGOYA,"Jamorko Pickett, Tensho Sugimoto, Katsuki Hiramatsu, Francis Lopez, Sean O'mara","FIGHTING EAGLES NAGOYA|0,10,12,20,54",3,4.1,245.0,4,2,4,50.0,0,1,0.0,0,0,0,0,0,0,2,0,0,2,0,13,6.0,66.7,144.4,-77.8,0.98,-9
NAGASAKI VELCA,"Kenji leon Matsumoto, Stanley Johnson, Yudai Baba, Hyunjung Lee, Jarrell Brantley","NAGASAKI VELCA|1,14,18,5,7",3,4.1,244.0,5,2,7,28.6,1,3,33.3,0,0,0,0,0,0,1,0,0,0,0,9,7.0,71.4,112.5,-41.1,1.23,-4
RYUKYU GOLDEN KINGS,"Hayate Arakawa, Masahiro Waki, Damyean Dotson, Alex Kirk, Ryo Sadohara","RYUKYU GOLDEN KINGS|10,18,21,53,8",1,4.1,248.0,10,4,7,57.1,1,2,50.0,1,2,50.0,0,0,0,3,0,0,1,0,9,8.9,112.6,101.4,11.3,2.42,1
KAWASAKI BRAVE THUNDERS,"Ryo Iida, Rosco Allen, Kanta Mizuno, Jaheru Ryuto Yamauchi, Emanuel Terry","KAWASAKI BRAVE THUNDERS|17,25,3,45,5",1,4.1,248.0,7,3,5,60.0,1,2,50.0,0,0,0,0,0,0,3,0,0,2,0,7,7.0,100.0,77.8,22.2,1.69,0
NAGOYA DIAMOND DOLPHINS,"Aaron Henry, Taito Nakahigashi, Takumi Saito, Hiyuu Ozawa, Scott Eatherton","NAGOYA DIAMOND DOLPHINS|11,12,2,4,43",3,4.1,247.0,8,3,7,42.9,2,3,66.7,0,2,0.0,0,0,0,2,0,0,1,0,2,8.9,90.1,22.2,67.9,1.94,6
FIGHTING EAGLES NAGOYA,"Jamorko Pickett, Hikaru Tsukioka, Francis Lopez, Takaya Sasayama, Andrew Randall","FIGHTING EAGLES NAGOYA|0,11,20,21,33",2,4.1,248.0,4,2,5,40.0,0,2,0.0,0,0,0,0,0,0,2,0,0,2,0,7,7.0,57.1,116.7,-59.5,0.97,-3
UTSUNOMIYA BREX,"Kosuke Takeuchi, Shinji Takashima, DJ Newbill, Grant Jerrett, Makoto Hiejima","UTSUNOMIYA BREX|10,12,25,34,6",2,4.1,247.0,8,3,9,33.3,2,4,50.0,0,0,0,0,0,0,1,0,0,1,0,4,10.0,80.0,36.8,43.2,1.94,4
SAGA BALLOONERS,"Ryo Abe, Sori Uchio, David Dudzinski, Taiki Sumida, Josh Harrellson","SAGA BALLOONERS|13,18,23,25,55",1,4.1,244.0,4,2,8,25.0,0,3,0.0,0,0,0,0,0,0,1,0,0,1,0,12,9.0,44.4,157.1,-112.6,0.98,-8
ALVARK TOKYO,"Zack Baranski, Sebastian Saiz, Kai Toews, Taiki Osakabe, Shuto Ando","ALVARK TOKYO|10,11,3,75,9",3,4.0,243.0,3,1,4,25.0,0,1,0.0,1,2,50.0,0,0,0,0,0,0,0,0,5,4.9,61.5,64.4,-3.0,0.74,-2
GUNMA CRANE THUNDERS,"Yuma Fujii, Kazuki Hosokawa, Trey Jones, Kerry BlackshearJr, Naoto Tsuji","GUNMA CRANE THUNDERS|0,29,4,8,9",4,4.0,242.0,11,3,7,42.9,1,4,25.0,4,5,80.0,0,0,0,3,0,0,1,0,8,10.2,107.8,92.6,15.3,2.73,3
UTSUNOMIYA BREX,"Seiji Ikaruga, DJ Newbill, Gavin Edwards, Isaac Fotu, Yusuke Endo","UTSUNOMIYA BREX|18,25,33,42,9",2,4.0,237.0,9,3,6,50.0,2,5,40.0,1,2,50.0,0,0,0,3,0,0,1,0,2,7.9,114.2,22.2,92.0,2.28,7
KAWASAKI BRAVE THUNDERS,"Omar Jamaleddine, Shota Tsuyama, Dušan Ristić, Jaheru Ryuto Yamauchi, Ryusei Shinoyama","KAWASAKI BRAVE THUNDERS|1,13,14,45,7",1,4.0,239.0,6,2,9,22.2,0,2,0.0,2,2,100.0,0,0,0,3,0,0,0,0,5,9.9,60.7,63.5,-2.7,1.51,1
HIROSHIMA DRAGONFLIES,"Toshiki Kamisawa, Kofi Cockburn, Nick Mayo, Kevin Hareyama, Christopher Smith","HIROSHIMA DRAGONFLIES|10,23,24,32,8",3,4.0,237.0,10,4,5,80.0,2,2,100.0,0,0,0,0,0,0,3,0,0,1,0,11,6.0,166.7,150.3,16.4,2.53,-1
AKITA NORTHERN HAPPINETS,"Yanni Wetzell, Taiyo Motoda, Tsubasa Kurihara, Keanu Pinder, Raita Akaho","AKITA NORTHERN HAPPINETS|10,12,2,25,6",1,4.0,238.0,6,3,7,42.9,0,3,0.0,0,1,0.0,0,0,0,2,0,0,0,0,11,7.4,80.6,183.3,-102.7,1.51,-5
HIROSHIMA DRAGONFLIES,"Toshiki Kamisawa, Dwayne Evans II, Nick Mayo, Ryo Yamazaki, Keijiro Mitani","HIROSHIMA DRAGONFLIES|10,13,24,30,34",1,4.0,243.0,12,5,7,71.4,2,2,100.0,0,0,0,0,0,0,3,0,0,0,0,5,7.0,171.4,59.2,112.2,2.96,7
SAN-EN NEOPHOENIX,"Yante Maten, Hayato Wakugawa, Kazuma Tsuya, Sota Oura, Cameron Jackson","SAN-EN NEOPHOENIX|1,14,28,5,7",4,4.0,239.0,8,3,7,42.9,0,2,0.0,2,3,66.7,0,0,0,2,0,0,2,0,6,10.3,77.5,100.0,-22.5,2.01,2
AKITA NORTHERN HAPPINETS,"Jamel Mclean, Yanni Wetzell, Eijiro Ogawa, Teru Sugawara, Takuya Nakayama","AKITA NORTHERN HAPPINETS|1,10,13,14,17",1,4.0,241.0,8,2,4,50.0,0,0,0,4,10,40.0,0,0,0,4,0,0,0,0,6,8.4,95.2,68.5,26.7,1.99,2
ALTIRI CHIBA,"Takaaki Kida, Trey Porter, Yuto Otsuka, Kotetsu Kurokawa, Dererk Pardon","ALTIRI CHIBA|0,22,24,3,7",1,4.0,240.0,11,3,8,37.5,1,4,25.0,4,5,80.0,0,0,0,5,0,0,1,0,7,11.2,98.2,100.0,-1.8,2.75,4
SENDAI 89ERS,"Hirohide Araya, Yusei Sugiura, Ryota Hanzawa, Kazuma Okajima, Jarrett Culver","SENDAI 89ERS|11,14,23,3,8",1,4.0,238.0,7,3,6,50.0,1,4,25.0,0,0,0,0,0,0,1,0,0,2,0,15,8.0,87.5,137.9,-50.4,1.76,-8
NAGOYA DIAMOND DOLPHINS,"Aaron Henry, Taito Nakahigashi, Takumi Saito, Jake koki Holtz, Kyle Richardson","NAGOYA DIAMOND DOLPHINS|11,12,2,23,34",1,4.0,242.0,9,4,7,57.1,0,1,0.0,1,1,100.0,0,0,0,1,0,0,0,0,15,7.4,121.0,177.7,-56.8,2.23,-6
SENDAI 89ERS,"Hirohide Araya, Boubacar Toure, Ryota Hanzawa, Kazuma Okajima, Nathan Boothe","SENDAI 89ERS|11,21,23,3,45",5,3.9,232.0,2,1,3,33.3,0,1,0.0,0,0,0,0,0,0,1,0,0,1,0,8,4.0,50.0,100.0,-50.0,0.52,-6
IBARAKI ROBOTS,"Robert Franks, Genki Kojima, Kohei Nakamura, Keita Tsurumaki, Tyler Cook","IBARAKI ROBOTS|0,1,13,29,8",4,3.9,231.0,9,2,7,28.6,2,7,28.6,3,4,75.0,0,0,0,0,0,0,1,0,5,9.8,92.2,57.9,34.3,2.34,4
SUNROCKERS SHIBUYA,"Donte Grantham, Daiki Tanaka, Troy Murphy Jr, Josh Hawkinson, Leo Vendrame","SUNROCKERS SHIBUYA|1,13,4,8,9",2,3.9,236.0,6,2,7,28.6,0,1,0.0,2,4,50.0,0,0,0,2,0,0,0,0,2,8.8,68.5,28.6,39.9,1.53,4
OSAKA EVESSA,"Ray Parks Jr, Joji Takeuchi, Makoto Kinoshita, Matt Bonds, Seiga Sakamoto","OSAKA EVESSA|1,15,31,5,60",2,3.9,232.0,5,2,5,40.0,1,2,50.0,0,0,0,0,0,0,2,0,0,0,0,9,5.0,100.0,101.4,-1.4,1.29,-4
SEAHORSES MIKAWA,"Thomas Kennedy, Jake Layman, Ryogo Sumino, Aaron White, Satoshi Nagano","SEAHORSES MIKAWA|1,10,18,30,7",1,3.9,234.0,15,6,8,75.0,3,4,75.0,0,0,0,0,0,0,4,0,0,0,0,6,8.0,187.5,76.1,111.4,3.85,9
SEAHORSES MIKAWA,"Thomas Kennedy, Jake Layman, Yoshiaki Kubota, Davante Gardner, Satoshi Nagano","SEAHORSES MIKAWA|1,10,11,54,7",1,3.9,232.0,7,3,8,37.5,1,4,25.0,0,0,0,0,0,0,3,0,0,0,0,11,8.0,87.5,177.4,-89.9,1.81,-4
HIROSHIMA DRAGONFLIES,"Ryo Terashima, Dwayne Evans II, Nick Mayo, Kaine Roberts, Christopher Smith","HIROSHIMA DRAGONFLIES|0,13,24,4,8",3,3.9,232.0,7,2,8,25.0,1,6,16.7,2,2,100.0,0,0,0,0,0,0,1,0,10,9.9,70.9,91.9,-21.1,1.81,-3
OSAKA EVESSA,"Ray Parks Jr, Joji Takeuchi, Makoto Kinoshita, Matt Bonds, Kaisei Takahashi","OSAKA EVESSA|1,15,31,5,7",2,3.9,236.0,3,1,6,16.7,0,4,0.0,1,1,100.0,0,0,0,1,0,0,0,0,8,6.4,46.6,96.2,-49.6,0.76,-5
ALTIRI CHIBA,"Marial Shayok, Kei Sugimoto, Yuta Osaki, Luke Evans, Dererk Pardon","ALTIRI CHIBA|1,11,16,33,7",2,3.9,231.0,8,4,9,44.4,0,3,0.0,0,0,0,0,0,0,3,0,0,0,0,5,9.0,88.9,71.4,17.5,2.08,3
CHIBA JETS,"Ren Kanechika, Garrison Brooks, Yuki Togashi, Shuta Hara, Nassir Little","CHIBA JETS|12,15,2,31,8",2,3.9,232.0,8,3,9,33.3,2,8,25.0,0,0,0,0,0,0,2,0,0,0,0,6,9.0,88.9,76.1,12.7,2.07,2
TOYAMA GROUSES,"Haruaki Tanaka, Yannis Morin, Daichi Kuzuhara, Kazuki Miyamoto, Trey Kell","TOYAMA GROUSES|17,24,25,7,8",1,3.9,234.0,2,0,6,0.0,0,4,0.0,2,2,100.0,0,0,0,0,0,0,0,0,5,6.9,29.1,112.6,-83.5,0.51,-3
TOYAMA GROUSES,"Brock Motum, Daichi Kuzuhara, Yuzo Okada, Nyika Williams, Trey Kell","TOYAMA GROUSES|12,25,3,6,8",1,3.9,232.0,15,6,7,85.7,0,1,0.0,3,5,60.0,0,0,0,2,0,0,0,0,5,9.2,163.0,71.4,91.6,3.88,10
LEVANGA HOKKAIDO,"Kohei Sekino, Ren Shimatani, Dwight Ramos, John Harrar, Jahlil Okafor","LEVANGA HOKKAIDO|1,15,2,21,22",4,3.8,228.0,6,2,6,33.3,0,2,0.0,2,4,50.0,0,0,0,1,0,0,1,0,6,8.8,68.5,60.7,7.8,1.58,0
SAN-EN NEOPHOENIX,"Yante Maten, Hirotaka Yoshii, Hayato Wakugawa, David Nwaba, Sota Oura","SAN-EN NEOPHOENIX|1,10,14,2,5",3,3.8,227.0,7,3,7,42.9,1,3,33.3,0,0,0,0,0,0,0,0,0,0,0,4,7.0,100.0,66.7,33.3,1.85,3
CHIBA JETS,"DJ Hogg, Ren Kanechika, Shuta Hara, Naoki Tashiro, Nassir Little","CHIBA JETS|10,12,31,4,8",3,3.8,229.0,6,2,5,40.0,0,3,0.0,2,2,100.0,0,0,0,0,0,0,2,0,7,7.9,76.1,82.9,-6.8,1.57,-1
OSAKA EVESSA,"Ray Parks Jr, Ryan Luther, Yasunori Aoki, Volodymyr Gerun, Seiga Sakamoto","OSAKA EVESSA|1,11,4,52,60",3,3.8,228.0,0,0,2,0.0,0,0,0,0,0,0,0,0,0,3,0,0,1,0,11,3.0,0.0,111.3,-111.3,0.0,-11
SHIGA LAKES,"Zach Auguste, Daichi Nomoto, Kohei Tsuneta, Ryan Kriener, Ai-Che Yu","SHIGA LAKES|0,16,17,4,7",2,3.8,229.0,9,4,6,66.7,0,0,0,1,2,50.0,0,0,0,2,0,0,1,0,8,7.9,114.2,73.5,40.7,2.36,1
KYOTO HANNARYZ,"Asato Ogawa, Hayato Kawashima, Ira Brown, Jordan Heath, Takatoshi Furukawa","KYOTO HANNARYZ|12,15,33,35,51",2,3.8,228.0,6,3,6,50.0,0,1,0.0,0,1,0.0,0,0,0,1,0,0,4,0,7,10.4,57.5,84.1,-26.7,1.58,-1
SUNROCKERS SHIBUYA,"Donte Grantham, Daiki Tanaka, John Lawrence Harper Jr, Troy Murphy Jr, Josh Hawkinson","SUNROCKERS SHIBUYA|1,13,3,4,8",3,3.8,225.0,10,3,8,37.5,2,5,40.0,2,4,50.0,0,0,0,1,0,0,1,0,5,10.8,92.9,77.6,15.3,2.67,5
ALTIRI CHIBA,"Takaaki Kida, Trey Porter, Kotetsu Kurokawa, Reo Maeda, Dererk Pardon","ALTIRI CHIBA|0,22,3,5,7",1,3.8,226.0,18,7,10,70.0,4,6,66.7,0,0,0,0,0,0,3,0,0,0,0,4,10.0,180.0,80.0,100.0,4.78,14
SHIMANE SUSANOO MAGIC,"Coty Clarke, James Michael McAdoo, Ryosuke Shirahama, Yuto Nohmi, Yuta Okada","SHIMANE SUSANOO MAGIC|1,14,15,21,77",2,3.8,225.0,7,2,7,28.6,1,3,33.3,2,3,66.7,0,0,0,1,0,0,0,0,4,8.3,84.1,50.0,34.1,1.87,3
GUNMA CRANE THUNDERS,"Kazuki Hosokawa, Terrance Woodbury, Takuto Nakamura, Kerry BlackshearJr, Naoto Tsuji","GUNMA CRANE THUNDERS|29,30,6,8,9",2,3.8,225.0,11,3,3,100.0,1,1,100.0,4,5,80.0,0,0,0,2,0,0,0,0,8,5.2,211.5,100.0,111.5,2.93,3
SHIGA LAKES,"Yosei Nishida, Daichi Nomoto, Kohei Tsuneta, Thomas Wimbush, Ryan Kriener","SHIGA LAKES|14,16,17,20,4",2,3.8,230.0,5,1,6,16.7,1,2,50.0,2,2,100.0,0,0,0,2,0,0,0,0,7,6.9,72.7,78.8,-6.2,1.3,-2
FIGHTING EAGLES NAGOYA,"Jamorko Pickett, Francis Lopez, Narito Namizato, Sean O'mara, Tyrell Taku Sudo","FIGHTING EAGLES NAGOYA|0,20,3,54,6",3,3.8,228.0,2,0,6,0.0,0,3,0.0,2,2,100.0,0,0,0,1,0,0,2,0,7,8.9,22.5,162.0,-139.5,0.53,-5
KYOTO HANNARYZ,"Charles Jackson, Asato Ogawa, Satoru Maeta, Angelo Caloiaro, Takatoshi Furukawa","KYOTO HANNARYZ|10,12,13,32,51",4,3.8,228.0,11,4,8,50.0,2,3,66.7,1,2,50.0,0,0,0,4,0,0,0,0,11,8.9,123.9,116.5,7.3,2.89,0
SUNROCKERS SHIBUYA,"Didi Louzada, Donte Grantham, Reiya Nozaki, John Lawrence Harper Jr, Josh Hawkinson","SUNROCKERS SHIBUYA|0,1,12,3,8",2,3.8,226.0,4,1,5,20.0,1,4,25.0,1,1,100.0,0,0,0,1,0,0,1,0,7,6.4,62.1,100.0,-37.9,1.06,-3
ALVARK TOKYO,"Brandon Davies, Sebastian Saiz, Sota Okura, Taiki Osakabe, Shuto Ando","ALVARK TOKYO|0,11,2,75,9",2,3.8,227.0,8,3,7,42.9,0,3,0.0,2,2,100.0,0,0,0,2,0,0,0,0,5,7.9,101.5,45.5,56.1,2.11,3
TOYAMA GROUSES,"Naoki Uto, Haruaki Tanaka, Yannis Morin, Nyika Williams, Trey Kell","TOYAMA GROUSES|11,17,24,6,8",3,3.7,223.0,4,2,4,50.0,0,1,0.0,0,0,0,0,0,0,2,0,0,0,0,8,4.0,100.0,160.0,-60.0,1.08,-4
CHIBA JETS,"Ren Kanechika, Shuta Hara, John Mooney, Naoki Tashiro, Nassir Little","CHIBA JETS|12,31,33,4,8",1,3.7,224.0,10,4,4,100.0,1,1,100.0,1,2,50.0,0,0,0,4,0,0,0,0,3,4.9,204.9,51.0,153.9,2.68,7
TOYAMA GROUSES,"Naoki Uto, Yoshiaki Fujinaga, Yannis Morin, Nyika Williams, Trey Kell","TOYAMA GROUSES|11,2,24,6,8",2,3.7,223.0,4,2,4,50.0,0,2,0.0,0,0,0,0,0,0,1,0,0,1,0,7,5.0,80.0,77.8,2.2,1.08,-3
SEAHORSES MIKAWA,"Jake Layman, Ryogo Sumino, Aaron White, Avi Koki Schafer, Satoshi Nagano","SEAHORSES MIKAWA|10,18,30,32,7",2,3.7,224.0,7,3,7,42.9,0,3,0.0,1,1,100.0,0,0,0,1,0,0,0,0,5,7.4,94.1,83.3,10.8,1.88,2
YOKOHAMA B-CORSAIRS,"Kiefer Ravena, Kai King, Seiya Ando, Damien Inglis, Gary Clark","YOKOHAMA B-CORSAIRS|15,23,3,4,8",3,3.7,221.0,7,2,3,66.7,1,1,100.0,2,2,100.0,0,0,0,1,0,0,2,0,3,5.9,119.0,35.5,83.5,1.9,4
GUNMA CRANE THUNDERS,"AJ Edu, Terrance Woodbury, Takuto Nakamura, Kerry BlackshearJr, Naoto Tsuji","GUNMA CRANE THUNDERS|15,30,6,8,9",3,3.7,220.0,4,2,8,25.0,0,2,0.0,0,0,0,0,0,0,3,0,0,1,0,9,9.0,44.4,100.0,-55.6,1.09,-5
SENDAI 89ERS,"Hirohide Araya, Yusei Sugiura, Boubacar Toure, Kazuma Okajima, Nathan Boothe","SENDAI 89ERS|11,14,21,3,45",3,3.7,220.0,5,2,5,40.0,1,1,100.0,0,0,0,0,0,0,0,0,0,1,0,2,6.0,83.3,25.0,58.3,1.36,3
CHIBA JETS,"DJ Hogg, Ren Kanechika, Quentin Millora-Brown, Riku Segawa, Nassir Little","CHIBA JETS|10,12,42,5,8",1,3.7,220.0,5,2,5,40.0,1,3,33.3,0,0,0,0,0,0,1,0,0,1,0,4,6.0,83.3,100.0,-16.7,1.36,1
AKITA NORTHERN HAPPINETS,"Yanni Wetzell, Takuya Nakayama, Tsubasa Kurihara, Kanji Takahira, Alistair Tokio Tsuchiya","AKITA NORTHERN HAPPINETS|10,17,2,24,77",1,3.7,220.0,7,2,4,50.0,0,1,0.0,3,4,75.0,0,0,0,0,0,0,1,0,8,6.8,103.6,67.3,36.2,1.91,-1
SUNROCKERS SHIBUYA,"Didi Louzada, John Lawrence Harper Jr, Troy Murphy Jr, Thomas Welsh, Josh Hawkinson","SUNROCKERS SHIBUYA|0,3,4,40,8",1,3.7,223.0,6,2,7,28.6,2,4,50.0,0,0,0,0,0,0,2,0,0,0,0,7,7.0,85.7,101.7,-16.0,1.61,-1
YOKOHAMA B-CORSAIRS,"Kiefer Ravena, Kenta Morii, Maik Kotsar, Gakuto Arai, Gary Clark","YOKOHAMA B-CORSAIRS|15,18,21,6,8",1,3.7,223.0,6,3,9,33.3,0,4,0.0,0,0,0,0,0,0,3,0,0,0,0,5,9.0,66.7,67.2,-0.5,1.61,1
LEVANGA HOKKAIDO,"Kohei Sekino, Shuto Ichiba, Jahlil Okafor, Keisei Tominaga, Kevin Jones","LEVANGA HOKKAIDO|1,12,22,30,5",3,3.6,216.0,4,0,4,0.0,0,3,0.0,4,4,100.0,0,0,0,0,0,0,0,0,9,5.8,69.4,125.0,-55.6,1.11,-5
CHIBA JETS,"DJ Hogg, Ren Kanechika, Naoki Tashiro, Riku Segawa, Nassir Little","CHIBA JETS|10,12,4,5,8",3,3.6,217.0,8,3,7,42.9,2,4,50.0,0,0,0,0,0,0,1,0,0,0,0,2,7.0,114.3,28.6,85.7,2.21,6
SUNROCKERS SHIBUYA,"Didi Louzada, Reiya Nozaki, John Lawrence Harper Jr, Thomas Welsh, Josh Hawkinson","SUNROCKERS SHIBUYA|0,12,3,40,8",3,3.6,214.0,7,3,4,75.0,0,0,0,1,2,50.0,0,0,0,2,0,0,1,0,7,5.9,119.0,116.7,2.4,1.96,0
ALTIRI CHIBA,"Kei Sugimoto, Brandon Ashley, Trey Porter, Luke Evans, Reo Maeda","ALTIRI CHIBA|11,21,22,33,5",1,3.6,215.0,5,1,3,33.3,0,1,0.0,3,4,75.0,0,0,0,2,0,0,1,0,7,5.8,86.8,87.5,-0.7,1.4,-2
SHIMANE SUSANOO MAGIC,"Taichi Nakamura, James Michael McAdoo, Fumiya Iio, Nick Kay, Yuta Okada","SHIMANE SUSANOO MAGIC|11,14,22,4,77",3,3.6,218.0,7,3,8,37.5,0,3,0.0,1,1,100.0,0,0,0,3,0,0,1,0,14,9.4,74.2,130.1,-56.0,1.93,-7
RYUKYU GOLDEN KINGS,"Hayate Arakawa, Ryuichi Kishimoto, Vic Law, Alex Kirk, Andrew Randall","RYUKYU GOLDEN KINGS|10,14,4,53,7",1,3.6,218.0,5,2,5,40.0,1,2,50.0,0,0,0,0,0,0,1,0,0,0,0,6,5.0,100.0,123.0,-23.0,1.38,-1
KAWASAKI BRAVE THUNDERS,"Dušan Ristić, Ryo Iida, Jaheru Ryuto Yamauchi, Emanuel Terry, Taiga Okada","KAWASAKI BRAVE THUNDERS|14,17,45,5,55",2,3.6,218.0,4,2,9,22.2,0,3,0.0,0,4,0.0,0,0,0,1,0,0,0,0,7,10.8,37.2,119.0,-81.9,1.1,-3
ALVARK TOKYO,"Zack Baranski, Sebastian Saiz, Marcus Foster, Ryan Rossiter, Taiki Osakabe","ALVARK TOKYO|10,11,17,22,75",3,3.6,215.0,2,1,6,16.7,0,4,0.0,0,0,0,0,0,0,0,0,0,0,0,5,6.0,33.3,51.2,-17.9,0.56,-3
RYUKYU GOLDEN KINGS,"Ryuichi Kishimoto, Damyean Dotson, Shota Onodera, Jack Cooley, Alex Kirk","RYUKYU GOLDEN KINGS|14,21,34,45,53",3,3.6,214.0,7,3,7,42.9,0,2,0.0,1,1,100.0,0,0,0,1,0,0,1,0,2,8.4,82.9,40.0,42.9,1.96,5
RYUKYU GOLDEN KINGS,"Ryuichi Kishimoto, Vic Law, Jack Cooley, Alex Kirk, Ryo Sadohara","RYUKYU GOLDEN KINGS|14,4,45,53,8",2,3.6,214.0,9,2,5,40.0,1,1,100.0,4,5,80.0,0,0,0,1,0,0,0,0,5,7.2,125.0,102.5,22.5,2.52,4
KYOTO HANNARYZ,"Asato Ogawa, Ira Brown, Jordan Heath, Mone Alex Hall, Takatoshi Furukawa","KYOTO HANNARYZ|12,33,35,39,51",2,3.6,217.0,5,1,5,20.0,0,2,0.0,3,3,100.0,0,0,0,1,0,0,2,0,7,8.3,60.1,116.7,-56.6,1.38,-2
IBARAKI ROBOTS,"Robert Franks, Kohei Nakamura, Noboru Hasegawa, Tyler Cook, Jae-Min Yang","IBARAKI ROBOTS|0,13,3,8,9",3,3.5,213.0,5,2,6,33.3,0,3,0.0,1,4,25.0,0,0,0,2,0,0,1,0,6,8.8,57.1,85.7,-28.6,1.41,-1
SHIGA LAKES,"Zach Auguste, Yosei Nishida, Daichi Nomoto, Kohei Tsuneta, Ryan Kriener","SHIGA LAKES|0,14,16,17,4",4,3.5,209.0,7,3,8,37.5,0,0,0,1,1,100.0,0,0,0,1,0,0,0,0,2,8.4,82.9,28.6,54.4,2.01,5
UTSUNOMIYA BREX,"Kosuke Takeuchi, Shinji Takashima, DJ Newbill, Gavin Edwards, Makoto Hiejima","UTSUNOMIYA BREX|10,12,25,33,6",2,3.5,211.0,10,4,5,80.0,2,3,66.7,0,0,0,0,0,0,2,0,0,1,0,2,6.0,166.7,33.3,133.3,2.84,8
IBARAKI ROBOTS,"Robert Franks, Ru Jingaoka, Kohei Nakamura, Noboru Hasegawa, Tyler Cook","IBARAKI ROBOTS|0,10,13,3,8",2,3.5,211.0,7,3,5,60.0,0,1,0.0,1,2,50.0,0,0,0,1,0,0,1,0,7,6.9,101.7,143.4,-41.7,1.99,0
ALTIRI CHIBA,"Brandon Ashley, Naoya Kumagae, Kotetsu Kurokawa, Reo Maeda, Dererk Pardon","ALTIRI CHIBA|21,27,3,5,7",2,3.5,213.0,5,2,8,25.0,1,3,33.3,0,0,0,0,0,0,2,0,0,0,0,5,8.0,62.5,83.3,-20.8,1.41,0
KOSHIGAYA ALPHAS,"Jarell Martin, Yuichi Ikeda, Takeru Oba, Sekou Doumbouya, Shun Matsuyama","KOSHIGAYA ALPHAS|1,12,14,45,7",1,3.5,207.0,9,2,4,50.0,1,2,50.0,4,5,80.0,0,0,0,0,0,0,0,0,7,6.2,145.2,119.0,26.1,2.61,2
FIGHTING EAGLES NAGOYA,"Jamorko Pickett, Takaya Sasayama, Ryuto Yasuoka, Sean O'mara, Tyrell Taku Sudo","FIGHTING EAGLES NAGOYA|0,21,23,54,6",3,3.5,211.0,8,3,6,50.0,0,1,0.0,2,2,100.0,0,0,0,2,0,0,2,0,10,8.9,90.1,112.6,-22.5,2.27,-2
CHIBA JETS,"DJ Hogg, Ren Kanechika, Shuta Hara, Quentin Millora-Brown, Nassir Little","CHIBA JETS|10,12,31,42,8",2,3.5,210.0,7,3,6,50.0,1,2,50.0,0,0,0,0,0,0,1,0,0,1,0,4,7.0,100.0,68.0,32.0,2.0,3
ALTIRI CHIBA,"Takaaki Kida, Kei Sugimoto, Yuta Osaki, Trey Porter, Luke Evans","ALTIRI CHIBA|0,11,16,22,33",3,3.5,210.0,4,2,4,50.0,0,2,0.0,0,0,0,0,0,0,1,0,0,0,0,5,4.0,100.0,71.4,28.6,1.14,-1
SUNROCKERS SHIBUYA,"Didi Louzada, Troy Murphy Jr, Thomas Welsh, Josh Hawkinson, Leo Vendrame","SUNROCKERS SHIBUYA|0,4,40,8,9",1,3.5,212.0,6,2,4,50.0,0,1,0.0,2,2,100.0,0,0,0,2,0,0,0,0,4,4.9,123.0,73.5,49.4,1.7,2
GUNMA CRANE THUNDERS,"AJ Edu, Kenny Asano, Kazuki Hosokawa, Takuto Nakamura, Kerry BlackshearJr","GUNMA CRANE THUNDERS|15,16,29,6,8",1,3.5,212.0,10,4,7,57.1,2,3,66.7,0,0,0,0,0,0,1,0,0,0,0,3,7.0,142.9,61.5,81.4,2.83,7
SAGA BALLOONERS,"Reynaldo Garcia, Tanner Groves, Taiki Sumida, Ryota Inoue, Josh Harrellson","SAGA BALLOONERS|2,22,25,34,55",2,3.5,210.0,5,2,6,33.3,0,3,0.0,1,3,33.3,0,0,0,1,0,0,0,0,2,7.3,68.3,40.0,28.3,1.43,3
LEVANGA HOKKAIDO,"Ren Shimatani, Dwight Ramos, John Harrar, Max Hisatake, Keisei Tominaga","LEVANGA HOKKAIDO|15,2,21,29,30",3,3.5,207.0,2,1,7,14.3,0,2,0.0,0,1,0.0,0,0,0,1,0,0,2,0,7,9.4,21.2,90.2,-69.0,0.58,-5
SEAHORSES MIKAWA,"Thomas Kennedy, Yoshiaki Kubota, Kosuke Ishii, Avi Koki Schafer, Davante Gardner","SEAHORSES MIKAWA|1,11,27,32,54",2,3.5,213.0,4,2,4,50.0,0,1,0.0,0,0,0,0,0,0,2,0,0,0,0,5,4.0,100.0,100.0,0.0,1.13,-1
UTSUNOMIYA BREX,"Shinji Takashima, Seiji Ikaruga, Gavin Edwards, Grant Jerrett, Makoto Hiejima","UTSUNOMIYA BREX|12,18,33,34,6",2,3.5,208.0,3,1,5,20.0,1,5,20.0,0,0,0,0,0,0,0,0,0,0,0,5,5.0,60.0,125.0,-65.0,0.87,-2
KAWASAKI BRAVE THUNDERS,"Reoto Yonesu, Shota Tsuyama, Rosco Allen, Jaheru Ryuto Yamauchi, Emanuel Terry","KAWASAKI BRAVE THUNDERS|11,13,25,45,5",1,3.5,209.0,6,3,6,50.0,0,0,0,0,0,0,0,0,0,1,0,0,2,0,5,8.0,75.0,86.8,-11.8,1.72,1
ALVARK TOKYO,"Zack Baranski, Sebastian Saiz, Marcus Foster, Sota Okura, Shuto Ando","ALVARK TOKYO|10,11,17,2,9",4,3.4,202.0,3,1,6,16.7,1,6,16.7,0,0,0,0,0,0,0,0,0,2,0,14,8.0,37.5,159.8,-122.3,0.89,-11
TOYAMA GROUSES,"Naoki Uto, Matthew Aquino, Yannis Morin, Yuzo Okada, Kazuki Miyamoto","TOYAMA GROUSES|11,13,24,3,7",2,3.4,204.0,7,2,8,25.0,1,5,20.0,2,2,100.0,0,0,0,0,0,0,0,0,0,8.9,78.8,0.0,78.8,2.06,7
OSAKA EVESSA,"Ray Parks Jr, Makoto Kinoshita, Tatsuya Suzuki, Matt Bonds, Volodymyr Gerun","OSAKA EVESSA|1,31,35,5,52",4,3.4,203.0,6,1,6,16.7,0,2,0.0,4,6,66.7,0,0,0,1,0,0,0,0,10,8.6,69.4,95.8,-26.3,1.77,-4
IBARAKI ROBOTS,"Genki Kojima, Kohei Nakamura, Eric Jacobsen, Keita Tsurumaki, Tyler Cook","IBARAKI ROBOTS|1,13,21,29,8",3,3.4,201.0,6,2,5,40.0,0,2,0.0,2,2,100.0,0,0,0,2,0,0,1,0,9,6.9,87.2,121.0,-33.8,1.79,-3
SAGA BALLOONERS,"Ryo Abe, David Dudzinski, Taiki Sumida, Josh Harrellson, Chase Fieler","SAGA BALLOONERS|13,23,25,55,60",2,3.4,203.0,5,1,3,33.3,1,2,50.0,2,2,100.0,0,0,0,0,0,0,2,0,4,5.9,85.0,69.4,15.6,1.48,1
ALVARK TOKYO,"Zack Baranski, Sebastian Saiz, Sota Okura, Taiki Osakabe, Shuto Ando","ALVARK TOKYO|10,11,2,75,9",2,3.4,206.0,7,2,5,40.0,1,3,33.3,2,2,100.0,0,0,0,3,0,0,0,0,5,5.9,119.0,62.5,56.5,2.04,2
AKITA NORTHERN HAPPINETS,"Jamel Mclean, Yanni Wetzell, Taiyo Motoda, Takuya Nakayama, Ali Mezher","AKITA NORTHERN HAPPINETS|1,10,12,17,22",1,3.4,202.0,8,3,5,60.0,2,4,50.0,0,0,0,0,0,0,2,0,0,0,0,7,5.0,160.0,119.0,41.0,2.38,1
SUNROCKERS SHIBUYA,"Donte Grantham, Reiya Nozaki, Toyoshige Kano, Andrew Randall, Leo Vendrame","SUNROCKERS SHIBUYA|1,12,14,7,9",1,3.4,202.0,7,3,4,75.0,1,2,50.0,0,0,0,0,0,0,2,0,0,1,0,4,5.0,140.0,100.0,40.0,2.08,3
SEAHORSES MIKAWA,"Thomas Kennedy, Jake Layman, Yoshiaki Kubota, Ryogo Sumino, Davante Gardner","SEAHORSES MIKAWA|1,10,11,18,54",1,3.4,206.0,6,2,5,40.0,0,1,0.0,2,2,100.0,0,0,0,2,0,0,0,0,9,5.9,102.0,133.1,-31.1,1.75,-3
SUNROCKERS SHIBUYA,"Donte Grantham, Reiya Nozaki, Morihisa Yamauchi, Josh Hawkinson, Leo Vendrame","SUNROCKERS SHIBUYA|1,12,32,8,9",1,3.4,201.0,7,3,8,37.5,0,3,0.0,1,1,100.0,0,0,0,1,0,0,0,0,1,8.4,82.9,21.0,61.9,2.09,6
KOSHIGAYA ALPHAS,"Jarell Martin, Yuichi Ikeda, Kai Sugawara, Sekou Doumbouya, Shun Matsuyama","KOSHIGAYA ALPHAS|1,12,28,45,7",1,3.3,199.0,7,3,6,50.0,1,4,25.0,0,0,0,0,0,0,0,0,0,0,0,3,6.0,116.7,75.0,41.7,2.11,4
SENDAI 89ERS,"Hirohide Araya, Shota Watanabe, Boubacar Toure, Jarrett Culver, Sergio El Darwich","SENDAI 89ERS|11,15,21,8,9",2,3.3,196.0,14,4,5,80.0,2,3,66.7,4,5,80.0,0,0,0,3,0,0,0,0,7,7.2,194.4,147.1,47.4,4.29,7
SHIGA LAKES,"Zach Auguste, Daichi Nomoto, Kohei Tsuneta, Thomas Wimbush, Ai-Che Yu","SHIGA LAKES|0,16,17,20,7",2,3.3,199.0,7,3,6,50.0,1,3,33.3,0,1,0.0,0,0,0,1,0,0,1,0,0,7.4,94.1,0.0,94.1,2.11,7
SENDAI 89ERS,"Yusei Sugiura, Shota Watanabe, Ryota Hanzawa, Nathan Boothe, Jarrett Culver","SENDAI 89ERS|14,15,23,45,8",2,3.3,200.0,4,1,6,16.7,1,3,33.3,1,2,50.0,0,0,0,2,0,0,0,0,6,6.9,58.1,100.0,-41.9,1.2,-2
FIGHTING EAGLES NAGOYA,"Katsuki Hiramatsu, Jeremy Jones, Ryuto Yasuoka, Sean O'mara, Tyrell Taku Sudo","FIGHTING EAGLES NAGOYA|12,22,23,54,6",2,3.3,200.0,2,1,8,12.5,0,3,0.0,0,0,0,0,0,0,0,0,0,1,0,0,9.0,22.2,0.0,22.2,0.6,2
GUNMA CRANE THUNDERS,"Yuma Fujii, AJ Edu, Takuto Nakamura, Kerry BlackshearJr, Naoto Tsuji","GUNMA CRANE THUNDERS|0,15,6,8,9",5,3.3,196.0,5,2,6,33.3,1,2,50.0,0,0,0,0,0,0,1,0,0,2,0,9,8.0,62.5,71.2,-8.7,1.53,-4
SUNROCKERS SHIBUYA,"Donte Grantham, Daiki Tanaka, Andrew Randall, Josh Hawkinson, Leo Vendrame","SUNROCKERS SHIBUYA|1,13,7,8,9",3,3.3,196.0,10,3,6,50.0,1,3,33.3,3,4,75.0,0,0,0,1,0,0,0,0,4,7.8,128.9,92.6,36.3,3.06,6
LEVANGA HOKKAIDO,"Ren Shimatani, Dwight Ramos, Jahlil Okafor, Kaito Morizane, Kevin Jones","LEVANGA HOKKAIDO|15,2,22,34,5",2,3.3,198.0,6,2,8,25.0,1,4,25.0,1,2,50.0,0,0,0,1,0,0,0,0,3,8.9,67.6,63.0,4.5,1.82,3
TOYAMA GROUSES,"Matthew Aquino, Yannis Morin, Yuzo Okada, Kazuki Miyamoto, Trey Kell","TOYAMA GROUSES|13,24,3,7,8",1,3.3,198.0,5,2,3,66.7,1,2,50.0,0,0,0,0,0,0,2,0,0,2,0,2,5.0,100.0,33.3,66.7,1.52,3
SUNROCKERS SHIBUYA,"Donte Grantham, Reiya Nozaki, Andrew Randall, Josh Hawkinson, Leo Vendrame","SUNROCKERS SHIBUYA|1,12,7,8,9",2,3.3,199.0,2,1,6,16.7,0,2,0.0,0,0,0,0,0,0,0,0,0,0,0,7,6.0,33.3,175.0,-141.7,0.6,-5
SHIGA LAKES,"Yosei Nishida, Daichi Nomoto, Thomas Wimbush, Ryan Kriener, Ai-Che Yu","SHIGA LAKES|14,16,20,4,7",4,3.3,200.0,6,2,6,33.3,0,2,0.0,2,2,100.0,0,0,0,1,0,0,0,0,8,6.9,87.2,122.7,-35.5,1.8,-2
KYOTO HANNARYZ,"Asato Ogawa, Satoru Maeta, Angelo Caloiaro, Jordan Heath, Mone Alex Hall","KYOTO HANNARYZ|12,13,32,35,39",1,3.3,196.0,6,1,3,33.3,0,2,0.0,4,5,80.0,0,0,0,0,0,0,2,0,0,7.2,83.3,0.0,83.3,1.84,6
SUNROCKERS SHIBUYA,"Didi Louzada, Reiya Nozaki, Thomas Welsh, Josh Hawkinson, Leo Vendrame","SUNROCKERS SHIBUYA|0,12,40,8,9",3,3.3,200.0,12,4,5,80.0,3,4,75.0,1,2,50.0,0,0,0,5,0,0,0,0,2,5.9,204.1,40.0,164.1,3.6,10
RYUKYU GOLDEN KINGS,"Ryuichi Kishimoto, Masahiro Waki, Vic Law, Jack Cooley, Alex Kirk","RYUKYU GOLDEN KINGS|14,18,4,45,53",2,3.3,198.0,12,5,8,62.5,2,2,100.0,0,0,0,0,0,0,1,0,0,1,0,0,9.0,133.3,0.0,133.3,3.64,12
FIGHTING EAGLES NAGOYA,"Francis Lopez, Takaya Sasayama, Narito Namizato, Andrew Randall, Sean O'mara","FIGHTING EAGLES NAGOYA|20,21,3,33,54",1,3.3,198.0,9,4,7,57.1,1,3,33.3,0,0,0,0,0,0,1,0,0,0,0,7,7.0,128.6,78.1,50.4,2.73,2
OSAKA EVESSA,"Joji Takeuchi, Makoto Kinoshita, Matt Bonds, Volodymyr Gerun, Seiga Sakamoto","OSAKA EVESSA|15,31,5,52,60",1,3.3,199.0,12,4,5,80.0,4,5,80.0,0,0,0,0,0,0,4,0,0,0,0,7,5.0,240.0,147.1,92.9,3.62,5
TOYAMA GROUSES,"Brock Motum, Daichi Kuzuhara, Yuzo Okada, Kazuki Miyamoto, Trey Kell","TOYAMA GROUSES|12,25,3,7,8",1,3.3,200.0,5,2,4,50.0,1,1,100.0,0,0,0,0,0,0,2,0,0,2,0,4,6.0,83.3,80.0,3.3,1.5,1
FIGHTING EAGLES NAGOYA,"Jamorko Pickett, Katsuki Hiramatsu, Ryuto Yasuoka, Daichi Harima, Sean O'mara","FIGHTING EAGLES NAGOYA|0,12,23,5,54",1,3.3,196.0,10,4,6,66.7,2,3,66.7,0,0,0,0,0,0,3,0,0,0,0,9,6.0,166.7,153.1,13.6,3.06,1
B.LEAGUE U18 HELIOS,"Ryota Komatsu, Mirai Nagamine, Eita Wakano, Yuma Kajiwara, Kanta Ogawa","B.LEAGUE U18 HELIOS|10,12,4,5,6",1,3.3,200.0,5,2,4,50.0,1,3,33.3,0,1,0.0,0,0,0,3,0,0,1,0,8,5.4,91.9,114.3,-22.4,1.5,-3
GUNMA CRANE THUNDERS,"Koh Flippin, Kenny Asano, Kazuki Hosokawa, Takuto Nakamura, Kerry BlackshearJr","GUNMA CRANE THUNDERS|1,16,29,6,8",2,3.3,199.0,6,2,4,50.0,0,0,0,2,2,100.0,0,0,0,2,0,0,1,0,6,5.9,102.0,85.7,16.3,1.81,0
GUNMA CRANE THUNDERS,"Yuma Fujii, Kazuki Hosokawa, Johannes Thiemann, Kerry BlackshearJr, Naoto Tsuji","GUNMA CRANE THUNDERS|0,29,32,8,9",1,3.2,192.0,6,2,4,50.0,1,2,50.0,1,2,50.0,0,0,0,1,0,0,1,0,0,5.9,102.0,0.0,102.0,1.88,6
RYUKYU GOLDEN KINGS,"Ryuichi Kishimoto, Masahiro Waki, Shota Onodera, Vic Law, Jack Cooley","RYUKYU GOLDEN KINGS|14,18,34,4,45",2,3.2,195.0,8,2,5,40.0,1,3,33.3,3,4,75.0,0,0,0,3,0,0,0,0,8,6.8,118.3,103.1,15.3,2.46,0
HIROSHIMA DRAGONFLIES,"Dwayne Evans II, Nick Mayo, Kevin Hareyama, Christopher Smith, Ryosei Sato","HIROSHIMA DRAGONFLIES|13,24,32,8,88",2,3.2,192.0,7,3,10,30.0,1,6,16.7,0,0,0,0,0,0,0,0,0,0,0,2,10.0,70.0,33.3,36.7,2.19,5
YOKOHAMA B-CORSAIRS,"Kiefer Ravena, Hiroki Matsuzaki, Seiya Ando, Damien Inglis, Gary Clark","YOKOHAMA B-CORSAIRS|15,24,3,4,8",1,3.2,193.0,6,3,3,100.0,0,0,0,0,0,0,0,0,0,1,0,0,1,0,2,4.0,150.0,33.3,116.7,1.87,4
TOYAMA GROUSES,"Brock Motum, Yoshiaki Fujinaga, Yuzo Okada, Nyika Williams, Trey Kell","TOYAMA GROUSES|12,2,3,6,8",3,3.2,195.0,11,3,6,50.0,1,3,33.3,4,4,100.0,0,0,0,2,0,0,0,0,7,7.8,141.8,90.2,51.5,3.38,4
KOSHIGAYA ALPHAS,"Takeru Oba, Kai Sugawara, Sekou Doumbouya, Anthony Clemmons, Hamiltongary Kotera","KOSHIGAYA ALPHAS|14,28,45,5,6",1,3.2,194.0,4,0,4,0.0,0,3,0.0,4,4,100.0,0,0,0,0,0,0,0,0,2,5.8,69.4,34.0,35.4,1.24,2
GUNMA CRANE THUNDERS,"Yuma Fujii, Johannes Thiemann, Takuto Nakamura, Kerry BlackshearJr, Naoto Tsuji","GUNMA CRANE THUNDERS|0,32,6,8,9",1,3.2,195.0,4,1,9,11.1,0,5,0.0,2,2,100.0,0,0,0,0,0,0,3,0,11,12.9,31.1,125.6,-94.5,1.23,-7
TOYAMA GROUSES,"Brock Motum, Yannis Morin, Yuzo Okada, Nyika Williams, Takeshi Mito","TOYAMA GROUSES|12,24,3,6,9",2,3.2,191.0,6,3,3,100.0,0,0,0,0,0,0,0,0,0,2,0,0,1,0,6,4.0,150.0,100.0,50.0,1.88,0
IBARAKI ROBOTS,"Robert Franks, Genki Kojima, Ru Jingaoka, Kohei Nakamura, Eric Jacobsen","IBARAKI ROBOTS|0,1,10,13,21",2,3.2,195.0,3,1,4,25.0,1,3,33.3,0,0,0,0,0,0,4,0,0,0,0,13,4.0,75.0,165.0,-90.0,0.92,-10
YOKOHAMA B-CORSAIRS,"Kiefer Ravena, Kenta Morii, Kai King, Damien Inglis, Gary Clark","YOKOHAMA B-CORSAIRS|15,18,23,4,8",2,3.2,191.0,10,4,7,57.1,1,3,33.3,1,1,100.0,0,0,0,3,0,0,0,0,3,7.4,134.4,60.0,74.4,3.14,7
AKITA NORTHERN HAPPINETS,"Jamel Mclean, Yanni Wetzell, Taiyo Motoda, Teru Sugawara, Takuya Nakayama","AKITA NORTHERN HAPPINETS|1,10,12,14,17",1,3.2,195.0,9,3,5,60.0,1,1,100.0,2,2,100.0,0,0,0,1,0,0,1,0,8,6.9,130.8,160.0,-29.2,2.77,1
CHIBA JETS,"DJ Hogg, Ren Kanechika, Yuki Togashi, Quentin Millora-Brown, Nassir Little","CHIBA JETS|10,12,2,42,8",3,3.2,195.0,2,1,3,33.3,0,2,0.0,0,0,0,0,0,0,1,0,0,1,0,4,4.0,50.0,100.0,-50.0,0.62,-2
SHIMANE SUSANOO MAGIC,"Coty Clarke, Taichi Nakamura, Fumiya Iio, Nick Kay, Shota Arai","SHIMANE SUSANOO MAGIC|1,11,22,4,5",3,3.2,194.0,2,1,5,20.0,0,2,0.0,0,0,0,0,0,0,0,0,0,2,0,4,7.0,28.6,50.8,-22.2,0.62,-2
AKITA NORTHERN HAPPINETS,"Yanni Wetzell, Yori Iwaya, Tsubasa Kurihara, Kanji Takahira, Angelo Chol","AKITA NORTHERN HAPPINETS|10,18,2,24,27",1,3.2,195.0,8,4,6,66.7,0,0,0,0,0,0,0,0,0,2,0,0,0,0,6,6.0,133.3,123.0,10.4,2.46,2
ALTIRI CHIBA,"Takaaki Kida, Kei Sugimoto, Yuta Osaki, Luke Evans, Dererk Pardon","ALTIRI CHIBA|0,11,16,33,7",4,3.2,192.0,2,1,3,33.3,0,0,0,0,2,0.0,0,0,0,1,0,0,2,0,7,5.9,34.0,116.7,-82.7,0.62,-5
NAGASAKI VELCA,"Ko Kumagai, Stanley Johnson, Hayato Yamaguchi, Hyunjung Lee, Jarrell Brantley","NAGASAKI VELCA|11,14,17,5,7",4,3.1,186.0,4,1,4,25.0,1,4,25.0,1,2,50.0,0,0,0,2,0,0,2,0,3,6.9,58.1,60.0,-1.9,1.29,1
SUNROCKERS SHIBUYA,"Donte Grantham, Reiya Nozaki, John Lawrence Harper Jr, Troy Murphy Jr, Thomas Welsh","SUNROCKERS SHIBUYA|1,12,3,4,40",2,3.1,189.0,6,2,3,66.7,2,2,100.0,0,0,0,0,0,0,2,0,0,1,0,4,4.0,150.0,66.7,83.3,1.9,2
HIROSHIMA DRAGONFLIES,"Dwayne Evans II, Nick Mayo, Tatsuya Ito, Kevin Hareyama, Christopher Smith","HIROSHIMA DRAGONFLIES|13,24,3,32,8",1,3.1,187.0,5,2,6,33.3,1,4,25.0,0,2,0.0,0,0,0,1,0,0,0,0,10,6.9,72.7,111.1,-38.4,1.6,-5
IBARAKI ROBOTS,"Kotaro Hisaoka, Eric Jacobsen, Hayate Komasawa, Tyler Cook, Jae-Min Yang","IBARAKI ROBOTS|14,21,7,8,9",2,3.1,189.0,3,1,3,33.3,0,1,0.0,1,2,50.0,0,0,0,1,0,0,1,0,3,4.9,61.5,35.5,25.9,0.95,0
OSAKA EVESSA,"Ryan Luther, Tatsuya Suzuki, Yasunori Aoki, Matt Bonds, Yoshiya Uematsu","OSAKA EVESSA|11,35,4,5,8",2,3.1,189.0,5,2,4,50.0,1,2,50.0,0,0,0,0,0,0,1,0,0,1,0,4,5.0,100.0,100.0,0.0,1.59,1
SAN-EN NEOPHOENIX,"Dai Nemoto, Kazuma Tsuya, Darius Days, Sota Oura, Cameron Jackson","SAN-EN NEOPHOENIX|20,28,4,5,7",2,3.1,189.0,10,3,4,75.0,2,2,100.0,2,2,100.0,0,0,0,2,0,0,0,0,8,4.9,204.9,114.3,90.6,3.17,2
KYOTO HANNARYZ,"Asato Ogawa, Leon Shibuta, Ira Brown, Jordan Heath, Mone Alex Hall","KYOTO HANNARYZ|12,3,33,35,39",1,3.1,188.0,4,2,4,50.0,0,2,0.0,0,1,0.0,0,0,0,1,0,0,2,0,2,6.4,62.1,28.6,33.5,1.28,2
TOYAMA GROUSES,"Brock Motum, Matthew Aquino, Yuzo Okada, Nyika Williams, Trey Kell","TOYAMA GROUSES|12,13,3,6,8",1,3.1,184.0,2,1,6,16.7,0,2,0.0,0,0,0,0,0,0,1,0,0,1,0,4,7.0,28.6,38.8,-10.2,0.65,-2
HIROSHIMA DRAGONFLIES,"Ryo Terashima, Dwayne Evans II, Kofi Cockburn, Ryo Yamazaki, Keijiro Mitani","HIROSHIMA DRAGONFLIES|0,13,23,30,34",2,3.1,186.0,4,1,4,25.0,0,3,0.0,2,2,100.0,0,0,0,0,0,0,1,0,4,5.9,68.0,57.1,10.9,1.29,0
SAN-EN NEOPHOENIX,"Yante Maten, Hirotaka Yoshii, Hayato Wakugawa, David Nwaba, Ryusei Sasaki","SAN-EN NEOPHOENIX|1,10,14,2,24",2,3.1,184.0,6,2,5,40.0,0,1,0.0,2,4,50.0,0,0,0,0,0,0,1,0,3,7.8,77.3,67.6,9.8,1.96,3
KYOTO HANNARYZ,"Charles Jackson, Leon Shibuta, Angelo Caloiaro, Mone Alex Hall, Shuma Nishibe","KYOTO HANNARYZ|10,3,32,39,7",1,3.1,186.0,11,4,4,100.0,1,1,100.0,2,2,100.0,0,0,0,2,0,0,1,0,5,5.9,187.1,71.4,115.6,3.55,6
KYOTO HANNARYZ,"Charles Jackson, Ryunosuke Watanabe, Ira Brown, Jordan Heath, Takatoshi Furukawa","KYOTO HANNARYZ|10,16,33,35,51",1,3.1,186.0,4,2,4,50.0,0,2,0.0,0,0,0,0,0,0,1,0,0,0,0,4,4.0,100.0,82.0,18.0,1.29,0
OSAKA EVESSA,"Ray Parks Jr, Ryan Luther, Volodymyr Gerun, Seiga Sakamoto, Yoshiya Uematsu","OSAKA EVESSA|1,11,52,60,8",2,3.1,189.0,6,3,6,50.0,0,2,0.0,0,0,0,0,0,0,1,0,0,1,0,5,7.0,85.7,91.9,-6.2,1.9,1
SHIMANE SUSANOO MAGIC,"Yuto Nohmi, Fumiya Iio, Nick Kay, Shota Arai, Anthony Sho Sukegawa","SHIMANE SUSANOO MAGIC|21,22,4,5,7",1,3.1,187.0,6,2,7,28.6,2,4,50.0,0,0,0,0,0,0,2,0,0,0,0,4,7.0,85.7,68.0,17.7,1.93,2
NAGOYA DIAMOND DOLPHINS,"Aaron Henry, Alan Williams, Taketo Kato, Kyle Richardson, Isaiah Murphy","NAGOYA DIAMOND DOLPHINS|11,15,3,34,5",1,3.1,188.0,2,1,5,20.0,0,0,0,0,0,0,0,0,0,0,0,0,0,0,6,5.0,40.0,150.0,-110.0,0.64,-4
KAWASAKI BRAVE THUNDERS,"Shota Tsuyama, Dušan Ristić, Ryo Iida, Rosco Allen, Ryusei Shinoyama","KAWASAKI BRAVE THUNDERS|13,14,17,25,7",2,3.0,179.0,2,1,3,33.3,0,1,0.0,0,0,0,0,0,0,3,0,0,1,0,16,4.0,50.0,171.7,-121.7,0.67,-14
NAGOYA DIAMOND DOLPHINS,"Aaron Henry, Alan Williams, Taketo Kato, Keita Imamura, Kyle Richardson","NAGOYA DIAMOND DOLPHINS|11,15,3,30,34",2,3.0,181.0,7,2,3,66.7,2,3,66.7,1,2,50.0,0,0,0,1,0,0,0,0,5,3.9,180.4,94.0,86.4,2.32,2
YOKOHAMA B-CORSAIRS,"Cameron Jackson, Kai King, Seiya Ando, Koya Sudo, Gary Clark","YOKOHAMA B-CORSAIRS|11,23,3,30,8",1,3.0,180.0,6,3,4,75.0,0,1,0.0,0,0,0,0,0,0,3,0,0,1,0,6,5.0,120.0,85.7,34.3,2.0,0
TOYAMA GROUSES,"Naoki Uto, Yannis Morin, Nyika Williams, Kazuki Miyamoto, Trey Kell","TOYAMA GROUSES|11,24,6,7,8",3,3.0,182.0,2,0,4,0.0,0,2,0.0,2,2,100.0,0,0,0,1,0,0,2,0,2,6.9,29.1,25.4,3.7,0.66,0
YOKOHAMA B-CORSAIRS,"Kai King, Kaleb Tarczewski, Seiya Ando, Koya Sudo, Gary Clark","YOKOHAMA B-CORSAIRS|23,25,3,30,8",3,3.0,179.0,0,0,4,0.0,0,2,0.0,0,0,0,0,0,0,0,0,0,1,0,1,5.0,0.0,20.5,-20.5,0.0,-1
CHIBA JETS,"Yuta Watanabe, DJ Hogg, Shuta Hara, Riku Segawa, Michael Ou","CHIBA JETS|1,10,31,5,7",2,3.0,177.0,5,2,5,40.0,1,4,25.0,0,0,0,0,0,0,1,0,0,2,0,7,7.0,71.4,175.0,-103.6,1.69,-2
LEVANGA HOKKAIDO,"Kohei Sekino, Shuto Ichiba, John Harrar, Keisei Tominaga, Kevin Jones","LEVANGA HOKKAIDO|1,12,21,30,5",4,3.0,182.0,10,4,4,100.0,2,2,100.0,0,0,0,0,0,0,3,0,0,1,0,7,5.0,200.0,119.0,81.0,3.3,3
LEVANGA HOKKAIDO,"Kohei Sekino, Shuto Ichiba, John Harrar, Jahlil Okafor, Keisei Tominaga","LEVANGA HOKKAIDO|1,12,21,22,30",3,3.0,179.0,5,2,4,50.0,1,2,50.0,0,1,0.0,0,0,0,1,0,0,1,0,4,5.4,91.9,60.2,31.7,1.68,1
SUNROCKERS SHIBUYA,"Donte Grantham, Reiya Nozaki, Daiki Tanaka, John Lawrence Harper Jr, Josh Hawkinson","SUNROCKERS SHIBUYA|1,12,13,3,8",4,3.0,182.0,2,1,4,25.0,0,2,0.0,0,0,0,0,0,0,2,0,0,0,0,4,4.0,50.0,138.9,-88.9,0.66,-2
ALVARK TOKYO,"Marcus Foster, Gen Hiraiwa, Ryan Rossiter, Hiromu Nakamura, Shuto Ando","ALVARK TOKYO|17,21,22,5,9",2,3.0,177.0,5,2,4,50.0,0,1,0.0,1,2,50.0,0,0,0,2,0,0,1,0,0,5.9,85.0,0.0,85.0,1.69,5
YOKOHAMA B-CORSAIRS,"Kenta Morii, Kai King, Kaleb Tarczewski, Seiya Ando, Gary Clark","YOKOHAMA B-CORSAIRS|18,23,25,3,8",2,3.0,179.0,6,2,9,22.2,1,2,50.0,1,1,100.0,0,0,0,0,0,0,0,0,4,9.4,63.6,109.9,-46.3,2.01,2
FIGHTING EAGLES NAGOYA,"Jamorko Pickett, Tensho Sugimoto, Takaya Sasayama, Ryuto Yasuoka, Sean O'mara","FIGHTING EAGLES NAGOYA|0,10,21,23,54",3,3.0,182.0,7,3,6,50.0,1,2,50.0,0,0,0,0,0,0,2,0,0,1,0,8,7.0,100.0,124.2,-24.2,2.31,-1
GUNMA CRANE THUNDERS,"Kenny Asano, Kazuki Hosokawa, Daichi Taniguchi, Takuto Nakamura, Naoto Tsuji","GUNMA CRANE THUNDERS|16,29,55,6,9",1,3.0,181.0,7,3,7,42.9,1,3,33.3,0,0,0,0,0,0,2,0,0,0,0,4,7.0,100.0,68.0,32.0,2.32,3
SEAHORSES MIKAWA,"Thomas Kennedy, Jake Layman, Yoshiaki Kubota, Yudai Nishida, Aaron White","SEAHORSES MIKAWA|1,10,11,19,30",3,3.0,177.0,8,3,4,75.0,1,2,50.0,1,1,100.0,0,0,0,1,0,0,1,0,5,5.4,147.1,100.0,47.1,2.71,3
YOKOHAMA B-CORSAIRS,"Kiefer Ravena, Kenta Morii, Kaleb Tarczewski, Koya Sudo, Damien Inglis","YOKOHAMA B-CORSAIRS|15,18,25,30,4",1,3.0,183.0,6,2,3,66.7,0,0,0,2,4,50.0,0,0,0,1,0,0,1,0,6,5.8,104.2,150.0,-45.8,1.97,0
AKITA NORTHERN HAPPINETS,"Yanni Wetzell, Teru Sugawara, Tsubasa Kurihara, Kanji Takahira, Keanu Pinder","AKITA NORTHERN HAPPINETS|10,14,2,24,25",2,3.0,180.0,3,1,5,20.0,0,1,0.0,1,1,100.0,0,0,0,0,0,0,2,0,4,7.4,40.3,103.1,-62.8,1.0,-1
ALTIRI CHIBA,"Kei Sugimoto, Naoya Kumagae, Kotetsu Kurokawa, Luke Evans, Dererk Pardon","ALTIRI CHIBA|11,27,3,33,7",1,3.0,179.0,3,0,2,0.0,0,1,0.0,3,3,100.0,0,0,0,1,0,0,2,0,4,5.3,56.4,80.0,-23.6,1.01,-1
AKITA NORTHERN HAPPINETS,"Jamel Mclean, Eijiro Ogawa, Teru Sugawara, Takuya Nakayama, Keanu Pinder","AKITA NORTHERN HAPPINETS|1,13,14,17,25",1,3.0,177.0,2,1,6,16.7,0,2,0.0,0,0,0,0,0,0,1,0,0,1,0,8,7.0,28.6,168.1,-139.5,0.68,-6
KAWASAKI BRAVE THUNDERS,"Dušan Ristić, Rosco Allen, Takumi Hasegawa, Taiga Okada, Ryusei Shinoyama","KAWASAKI BRAVE THUNDERS|14,25,33,55,7",1,3.0,178.0,10,5,7,71.4,0,0,0,0,1,0.0,0,0,0,2,0,0,0,0,5,7.4,134.4,166.7,-32.3,3.37,5
SHIMANE SUSANOO MAGIC,"Coty Clarke, Yuto Nohmi, Fumiya Iio, Nick Kay, Shota Arai","SHIMANE SUSANOO MAGIC|1,21,22,4,5",4,3.0,179.0,10,5,7,71.4,0,1,0.0,0,0,0,0,0,0,4,0,0,0,0,3,7.0,142.9,67.6,75.3,3.35,7
TOYAMA GROUSES,"Brock Motum, Towa Izumi, Yannis Morin, Yuzo Okada, Nyika Williams","TOYAMA GROUSES|12,14,24,3,6",1,3.0,182.0,4,0,0,0,0,0,0,4,5,80.0,0,0,0,1,0,0,3,0,7,5.2,76.9,85.4,-8.4,1.32,-3
NAGASAKI VELCA,"Ko Kumagai, Stanley Johnson, Yudai Baba, Mitchell Lightfoot, Hyunjung Lee","NAGASAKI VELCA|11,14,18,44,5",2,3.0,181.0,8,3,6,50.0,0,2,0.0,2,3,66.7,0,0,0,1,0,0,0,0,0,7.3,109.3,0.0,109.3,2.65,8
LEVANGA HOKKAIDO,"Shuto Ichiba, Dwight Ramos, Jahlil Okafor, Max Hisatake, Hiroto Kikuchi","LEVANGA HOKKAIDO|12,2,22,29,6",2,3.0,179.0,7,2,3,66.7,1,1,100.0,2,2,100.0,0,0,0,2,0,0,2,0,2,5.9,119.0,33.3,85.7,2.35,5
TOYAMA GROUSES,"Haruaki Tanaka, Yannis Morin, Nyika Williams, Kazuki Miyamoto, Trey Kell","TOYAMA GROUSES|17,24,6,7,8",2,3.0,183.0,2,1,3,33.3,0,1,0.0,0,0,0,0,0,0,1,0,0,1,0,9,4.0,50.0,153.1,-103.1,0.66,-7
SHIGA LAKES,"Thomas Wimbush, Takanori Tahara, Shintaro Ehara, Ryan Kriener, Taiki Okada","SHIGA LAKES|20,21,25,4,6",1,3.0,180.0,8,1,2,50.0,1,2,50.0,5,5,100.0,0,0,0,3,0,0,2,0,9,6.2,129.0,184.4,-55.4,2.67,-1
GUNMA CRANE THUNDERS,"Yuma Fujii, AJ Edu, Johannes Thiemann, Takuto Nakamura, Naoto Tsuji","GUNMA CRANE THUNDERS|0,15,32,6,9",3,2.9,171.0,9,4,6,66.7,0,1,0.0,1,1,100.0,0,0,0,1,0,0,1,0,2,7.4,121.0,41.0,80.0,3.16,7
IBARAKI ROBOTS,"Genki Kojima, Kohei Nakamura, Eric Jacobsen, Hayate Komasawa, Jae-Min Yang","IBARAKI ROBOTS|1,13,21,7,9",1,2.9,172.0,7,3,5,60.0,1,1,100.0,0,0,0,0,0,0,2,0,0,1,0,0,6.0,116.7,0.0,116.7,2.44,7
SUNROCKERS SHIBUYA,"Reiya Nozaki, Daiki Tanaka, Thomas Welsh, Josh Hawkinson, Leo Vendrame","SUNROCKERS SHIBUYA|12,13,40,8,9",2,2.9,175.0,7,3,6,50.0,1,2,50.0,0,0,0,0,0,0,2,0,0,0,0,4,6.0,116.7,66.7,50.0,2.4,3
SEAHORSES MIKAWA,"Jake Layman, Ryogo Sumino, Kosuke Ishii, Aaron White, Satoshi Nagano","SEAHORSES MIKAWA|10,18,27,30,7",1,2.9,175.0,5,2,6,33.3,1,4,25.0,0,0,0,0,0,0,1,0,0,1,0,4,7.0,71.4,82.0,-10.5,1.71,1
KOSHIGAYA ALPHAS,"Jarell Martin, Kai Sugawara, Anthony Clemmons, Hamiltongary Kotera, Shun Matsuyama","KOSHIGAYA ALPHAS|1,28,5,6,7",4,2.9,174.0,2,1,3,33.3,0,0,0,0,0,0,0,0,0,0,0,0,2,0,0,5.0,40.0,0.0,40.0,0.69,2
ALVARK TOKYO,"Steve Zack, Sebastian Saiz, Kai Toews, Taiki Osakabe, Shuto Ando","ALVARK TOKYO|00,11,3,75,9",1,2.9,172.0,2,1,5,20.0,0,3,0.0,0,0,0,0,0,0,0,0,0,0,0,4,5.0,40.0,80.0,-40.0,0.7,-2
SHIGA LAKES,"Kohei Tsuneta, Thomas Wimbush, Sean Ichioka, Ryan Kriener, Ai-Che Yu","SHIGA LAKES|17,20,22,4,7",3,2.9,176.0,2,1,4,25.0,0,1,0.0,0,2,0.0,0,0,0,0,0,0,1,0,5,5.9,34.0,91.9,-57.9,0.68,-3
YOKOHAMA B-CORSAIRS,"Hiroki Matsuzaki, Kaleb Tarczewski, Seiya Ando, Koya Sudo, Gary Clark","YOKOHAMA B-CORSAIRS|24,25,3,30,8",3,2.9,176.0,0,0,0,0,0,0,0,0,0,0,0,0,0,0,0,0,4,0,9,4.0,0.0,153.1,-153.1,0.0,-9
KOSHIGAYA ALPHAS,"Jarell Martin, Yuichi Ikeda, Takeru Oba, Anthony Clemmons, Hamiltongary Kotera","KOSHIGAYA ALPHAS|1,12,14,5,6",3,2.9,174.0,0,0,4,0.0,0,3,0.0,0,0,0,0,0,0,0,0,0,0,0,2,4.0,0.0,50.0,-50.0,0.0,-2
CHIBA JETS,"DJ Hogg, Ren Kanechika, Shuta Hara, Michael Ou, Nassir Little","CHIBA JETS|10,12,31,7,8",1,2.9,174.0,5,2,3,66.7,1,1,100.0,0,0,0,0,0,0,2,0,0,1,0,2,4.0,125.0,28.6,96.4,1.72,3
SEAHORSES MIKAWA,"Thomas Kennedy, Koyo Nishida, Ryogo Sumino, Aaron White, Davante Gardner","SEAHORSES MIKAWA|1,16,18,30,54",2,2.9,174.0,10,3,5,60.0,2,3,66.7,2,2,100.0,0,0,0,1,0,0,1,0,0,6.9,145.3,0.0,145.3,3.45,10
KOSHIGAYA ALPHAS,"Jarell Martin, Shuhei Kitagawa, Kaito Shike, Anthony Clemmons, Hamiltongary Kotera","KOSHIGAYA ALPHAS|1,31,4,5,6",2,2.9,175.0,6,2,3,66.7,2,2,100.0,0,0,0,0,0,0,1,0,0,2,0,8,5.0,120.0,114.3,5.7,2.06,-2
TOYAMA GROUSES,"Naoki Uto, Brock Motum, Haruaki Tanaka, Yuzo Okada, Nyika Williams","TOYAMA GROUSES|11,12,17,3,6",3,2.9,175.0,0,0,3,0.0,0,3,0.0,0,0,0,0,0,0,1,0,0,0,0,7,3.0,0.0,88.8,-88.8,0.0,-7
SHIMANE SUSANOO MAGIC,"Coty Clarke, James Michael McAdoo, Yuto Nohmi, Fumiya Iio, Yuta Okada","SHIMANE SUSANOO MAGIC|1,14,21,22,77",2,2.9,176.0,8,3,5,60.0,0,1,0.0,2,2,100.0,0,0,0,1,0,0,1,0,7,6.9,116.3,210.8,-94.6,2.73,1
KAWASAKI BRAVE THUNDERS,"Shota Tsuyama, Ryo Iida, Rosco Allen, Emanuel Terry, Taiga Okada","KAWASAKI BRAVE THUNDERS|13,17,25,5,55",2,2.9,174.0,6,3,5,60.0,0,2,0.0,0,0,0,0,0,0,2,0,0,0,0,7,5.0,120.0,116.7,3.3,2.07,-1
RYUKYU GOLDEN KINGS,"Ryuichi Kishimoto, Yoshiyuki Matsuwaki, Masahiro Waki, Jack Cooley, Alex Kirk","RYUKYU GOLDEN KINGS|14,15,18,45,53",1,2.9,176.0,2,1,5,20.0,0,3,0.0,0,0,0,0,0,0,0,0,0,0,0,1,5.0,40.0,20.5,19.5,0.68,1
TOYAMA GROUSES,"Brock Motum, Yoshiaki Fujinaga, Yuzo Okada, Kazuki Miyamoto, Trey Kell","TOYAMA GROUSES|12,2,3,7,8",1,2.9,171.0,5,2,5,40.0,1,4,25.0,0,0,0,0,0,0,1,0,0,0,0,9,5.0,100.0,184.4,-84.4,1.75,-4
ALTIRI CHIBA,"Marial Shayok, Kei Sugimoto, Luke Evans, Reo Maeda, Dererk Pardon","ALTIRI CHIBA|1,11,33,5,7",1,2.9,171.0,3,1,3,33.3,1,2,50.0,0,0,0,0,0,0,2,0,0,1,0,5,4.0,75.0,100.0,-25.0,1.05,-2
SENDAI 89ERS,"Yusei Sugiura, Boubacar Toure, Kazuma Okajima, Soichiro Inoue, Jarrett Culver","SENDAI 89ERS|14,21,3,75,8",1,2.9,175.0,5,2,4,50.0,0,0,0,1,1,100.0,0,0,0,0,0,0,1,0,2,5.4,91.9,33.3,58.6,1.71,3
CHIBA JETS,"DJ Hogg, Yuki Togashi, Shuta Hara, Quentin Millora-Brown, Nassir Little","CHIBA JETS|10,2,31,42,8",1,2.9,176.0,3,1,8,12.5,0,3,0.0,1,2,50.0,0,0,0,0,0,0,0,0,2,8.9,33.8,41.0,-7.2,1.02,1
UTSUNOMIYA BREX,"Shinji Takashima, DJ Newbill, Gavin Edwards, Grant Jerrett, Atsuya Ogawa","UTSUNOMIYA BREX|12,25,33,34,7",5,2.9,176.0,11,3,3,100.0,1,1,100.0,4,5,80.0,0,0,0,4,0,0,0,0,11,5.2,211.5,139.6,71.9,3.75,0
ALTIRI CHIBA,"Kei Sugimoto, Trey Porter, Kotetsu Kurokawa, Leon Watanabe, Dererk Pardon","ALTIRI CHIBA|11,22,3,42,7",2,2.9,171.0,2,0,5,0.0,0,5,0.0,2,2,100.0,0,0,0,0,0,0,1,0,3,6.9,29.1,51.0,-22.0,0.7,-1
ALTIRI CHIBA,"Kei Sugimoto, Kotetsu Kurokawa, Luke Evans, Leon Watanabe, Dererk Pardon","ALTIRI CHIBA|11,3,33,42,7",2,2.9,175.0,4,2,5,40.0,0,1,0.0,0,0,0,0,0,0,2,0,0,1,0,13,6.0,66.7,174.7,-108.1,1.37,-9
RYUKYU GOLDEN KINGS,"Yoshiyuki Matsuwaki, Masahiro Waki, Damyean Dotson, Vic Law, Alex Kirk","RYUKYU GOLDEN KINGS|15,18,21,4,53",3,2.9,172.0,2,1,5,20.0,0,2,0.0,0,1,0.0,0,0,0,2,0,0,0,0,4,5.4,36.8,120.5,-83.7,0.7,-2
KYOTO HANNARYZ,"Charles Jackson, Leon Shibuta, Angelo Caloiaro, Mone Alex Hall, Takatoshi Furukawa","KYOTO HANNARYZ|10,3,32,39,51",2,2.9,171.0,6,2,5,40.0,2,5,40.0,0,0,0,0,0,0,2,0,0,0,0,3,5.0,120.0,60.0,60.0,2.11,3
CHIBA JETS,"Yuta Watanabe, Garrison Brooks, Yuki Togashi, Naoki Tashiro, Nassir Little","CHIBA JETS|1,15,2,4,8",2,2.9,175.0,5,1,5,20.0,0,0,0,3,3,100.0,0,0,0,1,0,0,0,0,7,6.3,79.1,116.7,-37.6,1.71,-2
UTSUNOMIYA BREX,"Seiji Ikaruga, DJ Newbill, Gavin Edwards, Grant Jerrett, Atsuya Ogawa","UTSUNOMIYA BREX|18,25,33,34,7",1,2.9,175.0,2,1,1,100.0,0,0,0,0,0,0,0,0,0,1,0,0,3,0,5,4.0,50.0,125.0,-75.0,0.69,-3
SAN-EN NEOPHOENIX,"Hirotaka Yoshii, Hayato Wakugawa, David Nwaba, Yusuke Suzuki, Ryusei Sasaki","SAN-EN NEOPHOENIX|10,14,2,21,24",1,2.9,175.0,9,4,4,100.0,1,1,100.0,0,0,0,0,0,0,2,0,0,1,0,9,5.0,180.0,114.2,65.8,3.09,0
GUNMA CRANE THUNDERS,"Koh Flippin, AJ Edu, Takuto Nakamura, Kerry BlackshearJr, Naoto Tsuji","GUNMA CRANE THUNDERS|1,15,6,8,9",2,2.9,175.0,4,2,6,33.3,0,2,0.0,0,0,0,0,0,0,1,0,0,1,0,8,7.0,57.1,94.8,-37.6,1.37,-4
KOSHIGAYA ALPHAS,"Kai Sotto, Jordan Ngatai, Shuhei Kitagawa, Sekou Doumbouya, Shun Matsuyama","KOSHIGAYA ALPHAS|11,20,31,45,7",1,2.9,173.0,5,2,4,50.0,1,2,50.0,0,0,0,0,0,0,1,0,0,1,0,4,5.0,100.0,100.0,0.0,1.73,1
CHIBA JETS,"DJ Hogg, Ren Kanechika, Gaku Arao, Riku Segawa, Nassir Little","CHIBA JETS|10,12,25,5,8",1,2.8,165.0,7,3,6,50.0,1,2,50.0,0,0,0,0,0,0,3,0,0,0,0,0,6.0,116.7,0.0,116.7,2.55,7
KYOTO HANNARYZ,"Charles Jackson, Satoru Maeta, Hayato Kawashima, Leon Shibuta, Angelo Caloiaro","KYOTO HANNARYZ|10,13,15,3,32",2,2.8,168.0,0,0,5,0.0,0,1,0.0,0,0,0,0,0,0,1,0,0,1,0,4,6.0,0.0,82.0,-82.0,0.0,-4
KOSHIGAYA ALPHAS,"Yuichi Ikeda, Takeru Oba, Sekou Doumbouya, Anthony Clemmons, Hamiltongary Kotera","KOSHIGAYA ALPHAS|12,14,45,5,6",2,2.8,168.0,8,2,3,66.7,0,0,0,4,5,80.0,0,0,0,1,0,0,2,0,4,7.2,111.1,50.8,60.3,2.86,4
CHIBA JETS,"Yuta Watanabe, Shuta Hara, John Mooney, Riku Segawa, Michael Ou","CHIBA JETS|1,31,33,5,7",1,2.8,167.0,6,3,7,42.9,0,1,0.0,0,0,0,0,0,0,1,0,0,0,0,2,7.0,85.7,50.0,35.7,2.16,4
NAGOYA DIAMOND DOLPHINS,"Aaron Henry, Taito Nakahigashi, Takumi Saito, Keita Imamura, Scott Eatherton","NAGOYA DIAMOND DOLPHINS|11,12,2,30,43",2,2.8,169.0,3,1,5,20.0,1,2,50.0,0,0,0,0,0,0,1,0,0,0,0,5,5.0,60.0,100.0,-40.0,1.07,-2
KAWASAKI BRAVE THUNDERS,"Shota Tsuyama, Dušan Ristić, Rosco Allen, Takumi Hasegawa, Ryusei Shinoyama","KAWASAKI BRAVE THUNDERS|13,14,25,33,7",3,2.8,169.0,9,4,6,66.7,1,3,33.3,0,0,0,0,0,0,0,0,0,1,0,10,7.0,128.6,166.7,-38.1,3.2,-1
GUNMA CRANE THUNDERS,"Yuma Fujii, AJ Edu, Terrance Woodbury, Takuto Nakamura, Naoto Tsuji","GUNMA CRANE THUNDERS|0,15,30,6,9",3,2.8,167.0,5,2,7,28.6,1,3,33.3,0,0,0,0,0,0,0,0,0,0,0,2,7.0,71.4,41.0,30.4,1.8,3
TOYAMA GROUSES,"Brock Motum, Haruaki Tanaka, Yannis Morin, Yuzo Okada, Kazuki Miyamoto","TOYAMA GROUSES|12,17,24,3,7",2,2.8,169.0,9,4,5,80.0,0,1,0.0,1,1,100.0,0,0,0,4,0,0,1,0,15,6.4,139.8,185.6,-45.9,3.2,-6
IBARAKI ROBOTS,"Ru Jingaoka, Eric Jacobsen, Noboru Hasegawa, Hayate Komasawa, Tyler Cook","IBARAKI ROBOTS|10,21,3,7,8",1,2.8,169.0,5,2,7,28.6,0,2,0.0,1,2,50.0,0,0,0,2,0,0,0,0,5,7.9,63.5,105.0,-41.6,1.78,0
SAGA BALLOONERS,"Ryo Abe, Sori Uchio, Tanner Groves, David Dudzinski, Rui Todoroki","SAGA BALLOONERS|13,18,22,23,8",3,2.8,170.0,6,1,3,33.3,0,2,0.0,4,5,80.0,0,0,0,2,0,0,1,0,8,6.2,96.8,116.3,-19.5,2.12,-2
OSAKA EVESSA,"Ryan Luther, Rei Goda, Tatsuya Suzuki, Matt Bonds, Hayato Maki","OSAKA EVESSA|11,20,35,5,88",1,2.8,167.0,11,4,5,80.0,3,4,75.0,0,0,0,0,0,0,4,0,0,1,0,4,6.0,183.3,80.0,103.3,3.95,7
SHIMANE SUSANOO MAGIC,"Coty Clarke, Taichi Nakamura, James Michael McAdoo, Yuto Nohmi, Fumiya Iio","SHIMANE SUSANOO MAGIC|1,11,14,21,22",2,2.8,170.0,2,1,4,25.0,0,1,0.0,0,0,0,0,0,0,1,0,0,0,0,5,4.0,50.0,55.6,-5.6,0.71,-3
OSAKA EVESSA,"Ryan Luther, Makoto Kinoshita, Matt Bonds, Kaisei Takahashi, Yoshiya Uematsu","OSAKA EVESSA|11,31,5,7,8",2,2.8,165.0,2,1,5,20.0,0,1,0.0,0,0,0,0,0,0,1,0,0,0,0,6,5.0,40.0,100.0,-60.0,0.73,-4
UTSUNOMIYA BREX,"Shinji Takashima, DJ Newbill, Gavin Edwards, Grant Jerrett, Yusuke Endo","UTSUNOMIYA BREX|12,25,33,34,9",3,2.8,165.0,2,1,7,14.3,0,5,0.0,0,0,0,0,0,0,1,0,0,1,0,5,8.0,25.0,75.3,-50.3,0.73,-3
YOKOHAMA B-CORSAIRS,"Kiefer Ravena, Kaleb Tarczewski, Seiya Ando, Koya Sudo, Gary Clark","YOKOHAMA B-CORSAIRS|15,25,3,30,8",3,2.8,165.0,0,0,7,0.0,0,6,0.0,0,0,0,0,0,0,2,0,0,1,0,13,8.0,0.0,163.3,-163.3,0.0,-13
GUNMA CRANE THUNDERS,"Yuma Fujii, AJ Edu, Johannes Thiemann, Trey Jones, Naoto Tsuji","GUNMA CRANE THUNDERS|0,15,32,4,9",2,2.8,166.0,3,1,6,16.7,0,5,0.0,1,2,50.0,0,0,0,0,0,0,0,0,7,6.9,43.6,137.8,-94.2,1.08,-4
SAN-EN NEOPHOENIX,"Yante Maten, Hirotaka Yoshii, David Nwaba, Ryusei Sasaki, Sota Oura","SAN-EN NEOPHOENIX|1,10,2,24,5",3,2.8,166.0,10,3,7,42.9,2,4,50.0,2,2,100.0,0,0,0,2,0,0,1,0,5,8.9,112.6,41.4,71.2,3.61,5
OSAKA EVESSA,"Ray Parks Jr, Ryan Luther, Tatsuya Suzuki, Volodymyr Gerun, Yoshiya Uematsu","OSAKA EVESSA|1,11,35,52,8",1,2.8,167.0,6,2,6,33.3,0,2,0.0,2,2,100.0,0,0,0,1,0,0,1,0,6,7.9,76.1,123.0,-46.8,2.16,0
AKITA NORTHERN HAPPINETS,"Takuya Nakayama, Tsubasa Kurihara, Kanji Takahira, Angelo Chol, Alistair Tokio Tsuchiya","AKITA NORTHERN HAPPINETS|17,2,24,27,77",1,2.8,168.0,6,2,3,66.7,1,1,100.0,1,3,33.3,0,0,0,4,0,0,0,0,6,4.3,138.9,110.3,28.6,2.14,0
KYOTO HANNARYZ,"Charles Jackson, Asato Ogawa, Ira Brown, Jordan Heath, Takatoshi Furukawa","KYOTO HANNARYZ|10,12,33,35,51",1,2.8,168.0,2,1,6,16.7,0,2,0.0,0,0,0,0,0,0,1,0,0,0,0,2,6.0,33.3,66.7,-33.3,0.71,0
KAWASAKI BRAVE THUNDERS,"Reoto Yonesu, Shota Tsuyama, Rosco Allen, Takumi Hasegawa, Emanuel Terry","KAWASAKI BRAVE THUNDERS|11,13,25,33,5",1,2.8,168.0,5,1,2,50.0,1,2,50.0,2,3,66.7,0,0,0,1,0,0,1,0,10,4.3,115.7,147.9,-32.2,1.79,-5
UTSUNOMIYA BREX,"Shinji Takashima, DJ Newbill, Gavin Edwards, Isaac Fotu, Yusuke Endo","UTSUNOMIYA BREX|12,25,33,42,9",4,2.7,163.0,0,0,4,0.0,0,1,0.0,0,2,0.0,0,0,0,0,0,0,0,0,4,4.9,0.0,50.0,-50.0,0.0,-4
RYUKYU GOLDEN KINGS,"Keve Aluma, Ryuichi Kishimoto, Masahiro Waki, Vic Law, Alex Kirk","RYUKYU GOLDEN KINGS|12,14,18,4,53",1,2.7,160.0,10,4,5,80.0,2,3,66.7,0,0,0,0,0,0,2,0,0,0,0,9,5.0,200.0,139.8,60.2,3.75,1
RYUKYU GOLDEN KINGS,"Keve Aluma, Ryuichi Kishimoto, Shota Onodera, Vic Law, Alex Kirk","RYUKYU GOLDEN KINGS|12,14,34,4,53",2,2.7,160.0,3,1,5,20.0,0,2,0.0,1,1,100.0,0,0,0,0,0,0,1,0,7,6.4,46.6,77.1,-30.5,1.12,-4
UTSUNOMIYA BREX,"Kosuke Takeuchi, DJ Newbill, Isaac Fotu, Makoto Hiejima, Yusuke Endo","UTSUNOMIYA BREX|10,25,42,6,9",2,2.7,164.0,5,2,5,40.0,1,3,33.3,0,0,0,0,0,0,1,0,0,0,0,7,5.0,100.0,128.7,-28.7,1.83,-2
LEVANGA HOKKAIDO,"Kohei Sekino, Shuto Ichiba, John Harrar, Kevin Jones, Hiroto Kikuchi","LEVANGA HOKKAIDO|1,12,21,5,6",3,2.7,162.0,10,4,5,80.0,2,2,100.0,0,0,0,0,0,0,2,0,0,0,0,2,5.0,200.0,100.0,100.0,3.7,8
SENDAI 89ERS,"Yusei Sugiura, Ryota Hanzawa, Kazuma Okajima, Nathan Boothe, Jarrett Culver","SENDAI 89ERS|14,23,3,45,8",2,2.7,160.0,4,2,4,50.0,0,2,0.0,0,0,0,0,0,0,3,0,0,1,0,7,5.0,80.0,101.7,-21.7,1.5,-3
TOYAMA GROUSES,"Brock Motum, Yannis Morin, Yuzo Okada, Nyika Williams, Kazuki Miyamoto","TOYAMA GROUSES|12,24,3,6,7",3,2.7,161.0,2,1,5,20.0,0,2,0.0,0,0,0,0,0,0,0,0,0,0,0,5,5.0,40.0,128.9,-88.9,0.75,-3
OSAKA EVESSA,"Ryan Luther, Makoto Kinoshita, Matt Bonds, Seiga Sakamoto, Yoshiya Uematsu","OSAKA EVESSA|11,31,5,60,8",3,2.7,164.0,2,1,3,33.3,0,2,0.0,0,0,0,0,0,0,0,0,0,1,0,2,4.0,50.0,40.0,10.0,0.73,0
NAGASAKI VELCA,"Stanley Johnson, Hayato Yamaguchi, Yudai Baba, Akil Mitchell, Hyunjung Lee","NAGASAKI VELCA|14,17,18,25,5",4,2.7,164.0,5,2,3,66.7,0,1,0.0,1,1,100.0,0,0,0,1,0,0,0,0,6,3.4,145.3,80.6,64.7,1.83,-1
OSAKA EVESSA,"Ray Parks Jr, Joji Takeuchi, Tatsuya Suzuki, Yasunori Aoki, Matt Bonds","OSAKA EVESSA|1,15,35,4,5",1,2.7,164.0,5,2,3,66.7,1,2,50.0,0,0,0,0,0,0,1,0,0,1,0,5,4.0,125.0,125.0,0.0,1.83,0
SHIMANE SUSANOO MAGIC,"Olufemi Olujobi, Taichi Nakamura, James Michael McAdoo, Fumiya Iio, Yuta Okada","SHIMANE SUSANOO MAGIC|0,11,14,22,77",1,2.7,160.0,10,4,6,66.7,1,3,33.3,1,1,100.0,0,0,0,2,0,0,0,0,4,6.4,155.3,80.0,75.3,3.75,6
SUNROCKERS SHIBUYA,"Daiki Tanaka, Thomas Welsh, Andrew Randall, Josh Hawkinson, Leo Vendrame","SUNROCKERS SHIBUYA|13,40,7,8,9",2,2.7,161.0,5,2,7,28.6,1,4,25.0,0,0,0,0,0,0,2,0,0,0,0,11,7.0,71.4,159.9,-88.5,1.86,-6
GUNMA CRANE THUNDERS,"Yuma Fujii, Kazuki Hosokawa, Terrance Woodbury, Takuto Nakamura, Naoto Tsuji","GUNMA CRANE THUNDERS|0,29,30,6,9",1,2.7,161.0,6,1,4,25.0,1,3,33.3,3,3,100.0,0,0,0,1,0,0,0,0,7,5.3,112.8,180.4,-67.6,2.24,-1
KYOTO HANNARYZ,"Chehales Tapscott, Hayato Kawashima, Leon Shibuta, Ira Brown, Takatoshi Furukawa","KYOTO HANNARYZ|11,15,3,33,51",1,2.7,161.0,15,6,6,100.0,3,3,100.0,0,0,0,0,0,0,2,0,0,0,0,0,6.0,250.0,0.0,250.0,5.59,15
KOSHIGAYA ALPHAS,"Jarell Martin, Yuichi Ikeda, Yuya Kamata, Kaito Shike, Anthony Clemmons","KOSHIGAYA ALPHAS|1,12,18,4,5",1,2.7,162.0,5,2,6,33.3,1,3,33.3,0,0,0,0,0,0,0,0,0,0,0,2,6.0,83.3,50.0,33.3,1.85,3
KAWASAKI BRAVE THUNDERS,"Omar Jamaleddine, Shota Tsuyama, Dušan Ristić, Rosco Allen, Kanta Mizuno","KAWASAKI BRAVE THUNDERS|1,13,14,25,3",1,2.7,164.0,2,1,4,25.0,0,2,0.0,0,0,0,0,0,0,0,0,0,1,0,4,5.0,40.0,57.1,-17.1,0.73,-2
KOSHIGAYA ALPHAS,"Kai Sotto, Takeru Oba, Sekou Doumbouya, Anthony Clemmons, Shun Matsuyama","KOSHIGAYA ALPHAS|11,14,45,5,7",4,2.7,164.0,10,4,6,66.7,1,2,50.0,1,2,50.0,0,0,0,5,0,0,1,0,12,7.9,126.9,193.5,-66.6,3.66,-2
ALTIRI CHIBA,"Takaaki Kida, Kei Sugimoto, Trey Porter, Kotetsu Kurokawa, Luke Evans","ALTIRI CHIBA|0,11,22,3,33",2,2.7,162.0,5,2,3,66.7,1,2,50.0,0,0,0,0,0,0,1,0,0,1,0,5,4.0,125.0,166.7,-41.7,1.85,0
IBARAKI ROBOTS,"Kotaro Hisaoka, Eric Jacobsen, Keita Tsurumaki, Tim Schneider, Hayate Komasawa","IBARAKI ROBOTS|14,21,29,30,7",2,2.7,161.0,7,2,3,66.7,1,1,100.0,2,2,100.0,0,0,0,2,0,0,1,0,7,4.9,143.4,143.4,0.0,2.61,0
OSAKA EVESSA,"Ray Parks Jr, Rei Goda, Tatsuya Suzuki, Matt Bonds, Volodymyr Gerun","OSAKA EVESSA|1,20,35,5,52",1,2.7,160.0,7,2,3,66.7,2,3,66.7,1,2,50.0,0,0,0,2,0,0,1,0,4,4.9,143.4,68.0,75.4,2.62,3
ALVARK TOKYO,"Brandon Davies, Marcus Foster, Ryan Rossiter, Kai Toews, Shuto Ando","ALVARK TOKYO|0,17,22,3,9",2,2.7,161.0,8,3,5,60.0,2,3,66.7,0,2,0.0,0,0,0,1,0,0,0,0,2,5.9,136.1,50.0,86.1,2.98,6
SHIMANE SUSANOO MAGIC,"Coty Clarke, Fumiya Iio, Nick Kay, Shota Arai, Anthony Sho Sukegawa","SHIMANE SUSANOO MAGIC|1,22,4,5,7",1,2.7,164.0,9,4,5,80.0,1,1,100.0,0,0,0,0,0,0,2,0,0,0,0,5,5.0,180.0,96.2,83.8,3.29,4
RYUKYU GOLDEN KINGS,"Masahiro Waki, Shota Onodera, Vic Law, Alex Kirk, Ryo Sadohara","RYUKYU GOLDEN KINGS|18,34,4,53,8",1,2.7,161.0,5,2,3,66.7,1,2,50.0,0,0,0,0,0,0,1,0,0,0,0,3,3.0,166.7,75.0,91.7,1.86,2
SUNROCKERS SHIBUYA,"Didi Louzada, Daiki Tanaka, Thomas Welsh, Josh Hawkinson, Leo Vendrame","SUNROCKERS SHIBUYA|0,13,40,8,9",2,2.6,154.0,6,3,5,60.0,0,1,0.0,0,0,0,0,0,0,2,0,0,0,0,3,5.0,120.0,67.6,52.4,2.34,3
LEVANGA HOKKAIDO,"Shuto Ichiba, Teruchika Naito, Dwight Ramos, John Harrar, Keisei Tominaga","LEVANGA HOKKAIDO|12,18,2,21,30",3,2.6,159.0,3,1,5,20.0,0,0,0,1,1,100.0,0,0,0,1,0,0,0,0,4,5.4,55.1,133.3,-78.2,1.13,-1
UTSUNOMIYA BREX,"Kosuke Takeuchi, Shinji Takashima, DJ Newbill, Isaac Fotu, Yusuke Endo","UTSUNOMIYA BREX|10,12,25,42,9",3,2.6,155.0,4,2,5,40.0,0,2,0.0,0,0,0,0,0,0,0,0,0,1,0,6,6.0,66.7,154.6,-88.0,1.55,-2
RYUKYU GOLDEN KINGS,"Hayate Arakawa, Shuto Sakihama, Jack Cooley, Andrew Randall, Ryo Sadohara","RYUKYU GOLDEN KINGS|10,17,45,7,8",2,2.6,158.0,2,1,6,16.7,0,2,0.0,0,1,0.0,0,0,0,0,0,0,0,0,3,6.4,31.1,75.0,-43.9,0.76,-1
OSAKA EVESSA,"Ryan Luther, Makoto Kinoshita, Yasunori Aoki, Matt Bonds, Yoshiya Uematsu","OSAKA EVESSA|11,31,4,5,8",2,2.6,159.0,8,3,4,75.0,1,1,100.0,1,1,100.0,0,0,0,3,0,0,0,0,3,4.4,180.2,50.0,130.2,3.02,5
KYOTO HANNARYZ,"Charles Jackson, Satoru Maeta, Hayato Kawashima, Ira Brown, Takatoshi Furukawa","KYOTO HANNARYZ|10,13,15,33,51",1,2.6,157.0,2,0,3,0.0,0,2,0.0,2,2,100.0,0,0,0,1,0,0,1,0,7,4.9,41.0,108.7,-67.7,0.76,-5
LEVANGA HOKKAIDO,"Shuto Ichiba, Dwight Ramos, John Harrar, Jahlil Okafor, Hiroto Kikuchi","LEVANGA HOKKAIDO|12,2,21,22,6",3,2.6,154.0,3,0,3,0.0,0,0,0,3,3,100.0,0,0,0,0,0,0,2,0,8,6.3,47.5,200.0,-152.5,1.17,-5
NAGOYA DIAMOND DOLPHINS,"Alan Williams, Takumi Saito, Keita Imamura, Kyle Richardson, Isaiah Murphy","NAGOYA DIAMOND DOLPHINS|15,2,30,34,5",2,2.6,158.0,8,2,4,50.0,1,2,50.0,3,4,75.0,0,0,0,2,0,0,0,0,7,5.8,138.9,110.8,28.1,3.04,1
RYUKYU GOLDEN KINGS,"Hayate Arakawa, Ryuichi Kishimoto, Damyean Dotson, Jack Cooley, Alex Kirk","RYUKYU GOLDEN KINGS|10,14,21,45,53",1,2.6,156.0,0,0,2,0.0,0,1,0.0,0,0,0,0,0,0,2,0,0,1,0,7,3.0,0.0,143.4,-143.4,0.0,-7
KYOTO HANNARYZ,"Hayato Kawashima, Leon Shibuta, Angelo Caloiaro, Jordan Heath, Takatoshi Furukawa","KYOTO HANNARYZ|15,3,32,35,51",1,2.6,156.0,6,2,3,66.7,1,2,50.0,1,1,100.0,0,0,0,1,0,0,1,0,5,4.4,135.1,128.9,6.3,2.31,1
NAGASAKI VELCA,"Kenshin Hoshikawa, Stanley Johnson, Yudai Baba, Hyunjung Lee, Jarrell Brantley","NAGASAKI VELCA|13,14,18,5,7",1,2.6,154.0,4,1,3,33.3,0,2,0.0,2,4,50.0,0,0,0,1,0,0,0,0,6,4.8,84.0,123.0,-38.9,1.56,-2
KOSHIGAYA ALPHAS,"Jarell Martin, Kai Sotto, Takeru Oba, Shun Matsuyama, Davon Reed","KOSHIGAYA ALPHAS|1,11,14,7,9",1,2.6,157.0,10,3,4,75.0,1,1,100.0,3,3,100.0,0,0,0,3,0,0,1,0,10,6.3,158.2,128.9,29.4,3.82,0
SAN-EN NEOPHOENIX,"Yante Maten, Tshilidzi Kawata, David Nwaba, Ryusei Sasaki, Sota Oura","SAN-EN NEOPHOENIX|1,15,2,24,5",1,2.6,154.0,5,2,4,50.0,0,2,0.0,1,2,50.0,0,0,0,2,0,0,1,0,3,5.9,85.0,61.5,23.6,1.95,2
SAGA BALLOONERS,"Ryo Abe, Sori Uchio, Atsuki Kishida, Tanner Groves, David Dudzinski","SAGA BALLOONERS|13,18,20,22,23",2,2.6,156.0,1,0,4,0.0,0,2,0.0,1,2,50.0,0,0,0,1,0,0,1,0,5,5.9,17.0,125.0,-108.0,0.38,-4
ALVARK TOKYO,"Brandon Davies, Marcus Foster, Ryan Rossiter, Taiki Osakabe, Shuto Ando","ALVARK TOKYO|0,17,22,75,9",3,2.6,156.0,5,2,3,66.7,1,1,100.0,0,0,0,0,0,0,1,0,0,1,0,4,4.0,125.0,100.0,25.0,1.92,1
ALVARK TOKYO,"Brandon Davies, Zack Baranski, Marcus Foster, Ryan Rossiter, Taiki Osakabe","ALVARK TOKYO|0,10,17,22,75",2,2.6,154.0,5,2,3,66.7,0,0,0,1,5,20.0,0,0,0,1,0,0,1,0,7,6.2,80.6,175.0,-94.4,1.95,-2
OSAKA EVESSA,"Ray Parks Jr, Ryan Luther, Matt Bonds, Seiga Sakamoto, Yoshiya Uematsu","OSAKA EVESSA|1,11,5,60,8",2,2.6,158.0,5,1,5,20.0,0,0,0,3,3,100.0,0,0,0,1,0,0,1,0,12,7.3,68.3,150.0,-81.7,1.9,-7
SEAHORSES MIKAWA,"Thomas Kennedy, Yoshiaki Kubota, Aaron White, Avi Koki Schafer, Davante Gardner","SEAHORSES MIKAWA|1,11,30,32,54",1,2.6,158.0,2,1,3,33.3,0,1,0.0,0,0,0,0,0,0,0,0,0,1,0,3,4.0,50.0,75.0,-25.0,0.76,-1
SUNROCKERS SHIBUYA,"Didi Louzada, Reiya Nozaki, Morihisa Yamauchi, Thomas Welsh, Josh Hawkinson","SUNROCKERS SHIBUYA|0,12,32,40,8",2,2.6,154.0,5,2,5,40.0,1,1,100.0,0,0,0,0,0,0,1,0,0,0,0,4,5.0,100.0,100.0,0.0,1.95,1
HIROSHIMA DRAGONFLIES,"Toshiki Kamisawa, Kofi Cockburn, Nick Mayo, Ryo Yamazaki, Christopher Smith","HIROSHIMA DRAGONFLIES|10,23,24,30,8",5,2.5,149.0,3,1,7,14.3,1,4,25.0,0,0,0,0,0,0,1,0,0,0,0,6,7.0,42.9,106.4,-63.5,1.21,-3
FIGHTING EAGLES NAGOYA,"Jamorko Pickett, Tensho Sugimoto, Jeremy Jones, Ryuto Yasuoka, Narito Namizato","FIGHTING EAGLES NAGOYA|0,10,22,23,3",6,2.5,153.0,8,2,6,33.3,1,5,20.0,3,4,75.0,0,0,0,1,0,0,2,0,12,9.8,82.0,123.0,-41.0,3.14,-4
SENDAI 89ERS,"Boubacar Toure, Ryota Hanzawa, Seiya Funyu, Jarrett Culver, Sergio El Darwich","SENDAI 89ERS|21,23,7,8,9",3,2.5,147.0,4,1,4,25.0,0,2,0.0,2,2,100.0,0,0,0,1,0,0,1,0,9,5.9,68.0,139.8,-71.7,1.63,-5
TOYAMA GROUSES,"Brock Motum, Yoshiaki Fujinaga, Yannis Morin, Yuzo Okada, Kazuki Miyamoto","TOYAMA GROUSES|12,2,24,3,7",2,2.5,147.0,6,2,3,66.7,0,1,0.0,2,2,100.0,0,0,0,2,0,0,0,0,2,3.9,154.6,66.7,88.0,2.45,4
IBARAKI ROBOTS,"Robert Franks, Genki Kojima, Ru Jingaoka, Keita Tsurumaki, Tyler Cook","IBARAKI ROBOTS|0,1,10,29,8",1,2.5,147.0,10,3,6,50.0,2,3,66.7,2,2,100.0,0,0,0,2,0,0,0,0,6,6.9,145.3,159.6,-14.2,4.08,4
IBARAKI ROBOTS,"Robert Franks, Kohei Nakamura, Atsunobu Hirao, Keita Tsurumaki, Tyler Cook","IBARAKI ROBOTS|0,13,25,29,8",2,2.5,150.0,5,2,5,40.0,1,3,33.3,0,0,0,0,0,0,0,0,0,0,0,11,5.0,100.0,191.0,-91.0,2.0,-6
ALVARK TOKYO,"Zack Baranski, Sebastian Saiz, Marcus Foster, Taiki Osakabe, Shuto Ando","ALVARK TOKYO|10,11,17,75,9",3,2.5,151.0,9,3,6,50.0,0,2,0.0,3,6,50.0,0,0,0,0,0,0,1,0,3,9.6,93.4,51.0,42.3,3.58,6
SENDAI 89ERS,"Yusei Sugiura, Boubacar Toure, Kazuma Okajima, Jarrett Culver, Sergio El Darwich","SENDAI 89ERS|14,21,3,8,9",1,2.5,151.0,5,2,2,100.0,1,1,100.0,0,0,0,0,0,0,1,0,0,2,0,7,4.0,125.0,110.8,14.2,1.99,-2
CHIBA JETS,"Yuta Watanabe, Ren Kanechika, Yuki Togashi, John Mooney, Naoki Tashiro","CHIBA JETS|1,12,2,33,4",1,2.5,153.0,4,2,3,66.7,0,0,0,0,0,0,0,0,0,2,0,0,0,0,0,3.0,133.3,0.0,133.3,1.57,4
KOSHIGAYA ALPHAS,"Yuichi Ikeda, Kai Sugawara, Sekou Doumbouya, Anthony Clemmons, Hamiltongary Kotera","KOSHIGAYA ALPHAS|12,28,45,5,6",2,2.5,153.0,7,3,4,75.0,1,2,50.0,0,0,0,0,0,0,1,0,0,0,0,5,4.0,175.0,102.5,72.5,2.75,2
SAN-EN NEOPHOENIX,"David Nwaba, Dai Nemoto, Ryusei Sasaki, Kazuma Tsuya, Cameron Jackson","SAN-EN NEOPHOENIX|2,20,24,28,7",4,2.5,152.0,9,3,5,60.0,1,1,100.0,2,2,100.0,0,0,0,2,0,0,0,0,1,5.9,153.1,20.5,132.6,3.55,8
SHIGA LAKES,"Zach Auguste, Yosei Nishida, Daichi Nomoto, Thomas Wimbush, Higen Hasegawa","SHIGA LAKES|0,14,16,20,34",1,2.5,150.0,2,1,3,33.3,0,1,0.0,0,0,0,0,0,0,0,0,0,1,0,8,4.0,50.0,200.0,-150.0,0.8,-6
NAGOYA DIAMOND DOLPHINS,"Taito Nakahigashi, Alan Williams, Taketo Kato, Hiyuu Ozawa, Scott Eatherton","NAGOYA DIAMOND DOLPHINS|12,15,3,4,43",3,2.5,147.0,2,1,3,33.3,0,1,0.0,0,0,0,0,0,0,1,0,0,2,0,3,5.0,40.0,77.3,-37.3,0.82,-1
IBARAKI ROBOTS,"Robert Franks, Ru Jingaoka, Eric Jacobsen, Keita Tsurumaki, Noboru Hasegawa","IBARAKI ROBOTS|0,10,21,29,3",5,2.5,153.0,6,0,1,0.0,0,1,0.0,6,8,75.0,0,0,0,2,0,0,0,0,9,4.5,132.7,100.0,32.7,2.35,-3
KOSHIGAYA ALPHAS,"Jarell Martin, Yuya Kamata, Shuhei Kitagawa, Kaito Shike, Anthony Clemmons","KOSHIGAYA ALPHAS|1,18,31,4,5",1,2.5,148.0,3,1,3,33.3,1,3,33.3,0,0,0,0,0,0,2,0,0,0,0,4,3.0,100.0,82.0,18.0,1.22,-1
SAGA BALLOONERS,"Ryo Abe, Reynaldo Garcia, David Dudzinski, Taiki Sumida, Josh Harrellson","SAGA BALLOONERS|13,2,23,25,55",3,2.5,151.0,6,1,3,33.3,0,2,0.0,4,4,100.0,0,0,0,0,0,0,1,0,4,5.8,104.2,84.0,20.1,2.38,2
KOSHIGAYA ALPHAS,"Jarell Martin, Kai Sotto, Yuichi Ikeda, Anthony Clemmons, Shun Matsuyama","KOSHIGAYA ALPHAS|1,11,12,5,7",2,2.5,150.0,6,3,6,50.0,0,2,0.0,0,0,0,0,0,0,2,0,0,2,0,5,8.0,75.0,102.5,-27.5,2.4,1
RYUKYU GOLDEN KINGS,"Masahiro Waki, Vic Law, Jack Cooley, Alex Kirk, Ryo Sadohara","RYUKYU GOLDEN KINGS|18,4,45,53,8",1,2.5,148.0,6,3,4,75.0,0,0,0,0,0,0,0,0,0,0,0,0,0,0,4,4.0,150.0,103.1,46.9,2.43,2
CHIBA JETS,"Yuta Watanabe, Yuki Togashi, Shuta Hara, Jeff Gibbs, Nassir Little","CHIBA JETS|1,2,31,34,8",2,2.5,150.0,5,1,3,33.3,0,2,0.0,3,3,100.0,0,0,0,2,0,0,0,0,4,4.3,115.7,80.0,35.7,2.0,1
KOSHIGAYA ALPHAS,"Kai Sotto, Yuichi Ikeda, Yuya Kamata, Anthony Clemmons, Davon Reed","KOSHIGAYA ALPHAS|11,12,18,5,9",1,2.5,153.0,5,2,4,50.0,1,2,50.0,0,0,0,0,0,0,1,0,0,0,0,2,4.0,125.0,66.7,58.3,1.96,3
KAWASAKI BRAVE THUNDERS,"Reoto Yonesu, Dušan Ristić, Ryo Iida, Emanuel Terry, Shuntaro Buto","KAWASAKI BRAVE THUNDERS|11,14,17,5,60",1,2.5,150.0,6,2,3,66.7,0,1,0.0,2,2,100.0,0,0,0,3,0,0,0,0,5,3.9,154.6,125.0,29.6,2.4,1
KOSHIGAYA ALPHAS,"Jarell Martin, Kai Sotto, Anthony Clemmons, Shun Matsuyama, Joseph Diawara","KOSHIGAYA ALPHAS|1,11,5,7,8",1,2.5,150.0,1,0,3,0.0,0,2,0.0,1,2,50.0,0,0,0,1,0,0,2,0,5,5.9,17.0,68.3,-51.3,0.4,-4
SHIMANE SUSANOO MAGIC,"Taichi Nakamura, Yuto Nohmi, Muusa Dama, Nick Kay, Shota Arai","SHIMANE SUSANOO MAGIC|11,21,25,4,5",1,2.5,151.0,0,0,1,0.0,0,1,0.0,0,2,0.0,0,0,0,0,0,0,2,0,5,3.9,0.0,100.0,-100.0,0.0,-5
HIROSHIMA DRAGONFLIES,"Toshiki Kamisawa, Kofi Cockburn, Nick Mayo, Kaine Roberts, Christopher Smith","HIROSHIMA DRAGONFLIES|10,23,24,4,8",2,2.5,153.0,5,1,3,33.3,1,2,50.0,2,2,100.0,0,0,0,2,0,0,0,0,3,3.9,128.9,75.0,53.9,1.96,2
SAN-EN NEOPHOENIX,"Yante Maten, Hirotaka Yoshii, David Nwaba, Dai Nemoto, Sota Oura","SAN-EN NEOPHOENIX|1,10,2,20,5",2,2.5,152.0,8,3,4,75.0,2,3,66.7,0,0,0,0,0,0,1,0,0,0,0,2,4.0,200.0,40.0,160.0,3.16,6
SHIGA LAKES,"Zach Auguste, Yosei Nishida, Ryan Kriener, Taiki Okada, Ai-Che Yu","SHIGA LAKES|0,14,4,6,7",3,2.5,149.0,4,1,5,20.0,1,5,20.0,1,2,50.0,0,0,0,2,0,0,0,0,4,5.9,68.0,49.5,18.5,1.61,0
SEAHORSES MIKAWA,"Thomas Kennedy, Jake Layman, Yutaro Suda, Aaron White, Satoshi Nagano","SEAHORSES MIKAWA|1,10,13,30,7",1,2.5,152.0,4,1,2,50.0,1,2,50.0,1,2,50.0,0,0,0,1,0,0,0,0,5,2.9,138.9,68.3,70.6,1.58,-1
KYOTO HANNARYZ,"Charles Jackson, Satoru Maeta, Leon Shibuta, Angelo Caloiaro, Mone Alex Hall","KYOTO HANNARYZ|10,13,3,32,39",1,2.5,149.0,3,1,4,25.0,0,1,0.0,1,2,50.0,0,0,0,1,0,0,1,0,6,5.9,51.0,100.0,-49.0,1.21,-3
KOSHIGAYA ALPHAS,"Kai Sotto, Takeru Oba, Kai Sugawara, Sekou Doumbouya, Anthony Clemmons","KOSHIGAYA ALPHAS|11,14,28,45,5",1,2.5,151.0,4,2,6,33.3,0,2,0.0,0,0,0,0,0,0,1,0,0,0,0,3,6.0,66.7,77.3,-10.7,1.59,1
YOKOHAMA B-CORSAIRS,"Kiefer Ravena, Kenta Morii, Maik Kotsar, Kai King, Damien Inglis","YOKOHAMA B-CORSAIRS|15,18,21,23,4",1,2.5,148.0,8,3,5,60.0,1,3,33.3,1,2,50.0,0,0,0,0,0,0,0,0,0,5.9,136.1,0.0,136.1,3.24,8
SAGA BALLOONERS,"Sori Uchio, Tanner Groves, Taiki Sumida, Josh Harrellson, Davon Reed","SAGA BALLOONERS|18,22,25,55,9",1,2.5,151.0,2,1,3,33.3,0,2,0.0,0,0,0,0,0,0,1,0,0,1,0,3,4.0,50.0,100.0,-50.0,0.79,-1
GUNMA CRANE THUNDERS,"Yuma Fujii, Koh Flippin, Kenny Asano, Kazuki Hosokawa, Kerry BlackshearJr","GUNMA CRANE THUNDERS|0,1,16,29,8",1,2.5,152.0,9,3,5,60.0,0,2,0.0,3,3,100.0,0,0,0,2,0,0,1,0,4,7.3,123.0,80.0,43.0,3.55,5
KAWASAKI BRAVE THUNDERS,"Reoto Yonesu, Rosco Allen, Jaheru Ryuto Yamauchi, Emanuel Terry, Ryusei Shinoyama","KAWASAKI BRAVE THUNDERS|11,25,45,5,7",2,2.5,149.0,9,4,6,66.7,1,1,100.0,0,0,0,0,0,0,4,0,0,0,0,3,6.0,150.0,60.0,90.0,3.62,6
NAGOYA DIAMOND DOLPHINS,"Aaron Henry, Taito Nakahigashi, Takuma Sato, Kyle Richardson, Tenketsu Harimoto","NAGOYA DIAMOND DOLPHINS|11,12,14,34,8",1,2.5,150.0,5,2,6,33.3,1,4,25.0,0,0,0,0,0,0,2,0,0,2,0,6,8.0,62.5,154.6,-92.1,2.0,-1
ALTIRI CHIBA,"Brandon Ashley, Kotetsu Kurokawa, Luke Evans, Reo Maeda, Dererk Pardon","ALTIRI CHIBA|21,3,33,5,7",2,2.4,145.0,4,1,2,50.0,0,0,0,2,2,100.0,0,0,0,1,0,0,2,0,2,4.9,82.0,50.0,32.0,1.66,2
NAGASAKI VELCA,"Stanley Johnson, Yudai Baba, Akil Mitchell, Masaya Karimata, Hyunjung Lee","NAGASAKI VELCA|14,18,25,4,5",2,2.4,144.0,2,1,5,20.0,0,4,0.0,0,0,0,0,0,0,0,0,0,0,0,0,5.0,40.0,0.0,40.0,0.83,2
FIGHTING EAGLES NAGOYA,"Jamorko Pickett, Katsuki Hiramatsu, Jeremy Jones, Ryuto Yasuoka, Narito Namizato","FIGHTING EAGLES NAGOYA|0,12,22,23,3",1,2.4,144.0,0,0,3,0.0,0,1,0.0,0,0,0,0,0,0,0,0,0,2,0,3,5.0,0.0,60.0,-60.0,0.0,-3
KOSHIGAYA ALPHAS,"Jarell Martin, Yuichi Ikeda, Takeru Oba, Kai Sugawara, Sekou Doumbouya","KOSHIGAYA ALPHAS|1,12,14,28,45",2,2.4,143.0,5,2,5,40.0,1,3,33.3,0,0,0,0,0,0,0,0,0,1,0,3,6.0,83.3,75.0,8.3,2.1,2
ALVARK TOKYO,"Marcus Foster, Sota Okura, Gen Hiraiwa, Ryan Rossiter, Shuto Ando","ALVARK TOKYO|17,2,21,22,9",1,2.4,143.0,3,1,3,33.3,1,1,100.0,0,0,0,0,0,0,1,0,0,0,0,3,3.0,100.0,42.9,57.1,1.26,0
SAGA BALLOONERS,"Kosuke Kanamaru, Sori Uchio, Tanner Groves, Taiki Sumida, Josh Harrellson","SAGA BALLOONERS|14,18,22,25,55",1,2.4,143.0,5,2,5,40.0,1,2,50.0,0,0,0,0,0,0,0,0,0,2,0,1,7.0,71.4,21.0,50.4,2.1,4
SHIGA LAKES,"Zach Auguste, Kohei Tsuneta, Thomas Wimbush, Shintaro Ehara, Ai-Che Yu","SHIGA LAKES|0,17,20,25,7",2,2.4,143.0,4,2,3,66.7,0,1,0.0,0,0,0,0,0,0,1,0,0,0,0,3,3.0,133.3,75.0,58.3,1.68,1
OSAKA EVESSA,"Ryan Luther, Rei Goda, Tatsuya Suzuki, Yasunori Aoki, Matt Bonds","OSAKA EVESSA|11,20,35,4,5",1,2.4,146.0,3,1,5,20.0,1,4,25.0,0,0,0,0,0,0,0,0,0,0,0,0,5.0,60.0,0.0,60.0,1.23,3
SENDAI 89ERS,"Hirohide Araya, Shota Watanabe, Nathan Boothe, Seiya Funyu, Jarrett Culver","SENDAI 89ERS|11,15,45,7,8",1,2.4,142.0,4,2,4,50.0,0,2,0.0,0,0,0,0,0,0,0,0,0,0,0,4,4.0,100.0,82.0,18.0,1.69,0
YOKOHAMA B-CORSAIRS,"Kiefer Ravena, Kenta Morii, Kaleb Tarczewski, Seiya Ando, Gary Clark","YOKOHAMA B-CORSAIRS|15,18,25,3,8",2,2.4,142.0,6,2,2,100.0,2,2,100.0,0,0,0,0,0,0,3,0,0,0,0,8,2.0,300.0,160.0,140.0,2.54,-2
CHIBA JETS,"DJ Hogg, Shuta Hara, Riku Segawa, Michael Ou, Nassir Little","CHIBA JETS|10,31,5,7,8",2,2.4,144.0,0,0,1,0.0,0,1,0.0,0,0,0,0,0,0,2,0,0,2,0,3,3.0,0.0,51.0,-51.0,0.0,-3
CHIBA JETS,"Yuta Watanabe, John Mooney, Riku Segawa, Michael Ou, Nassir Little","CHIBA JETS|1,33,5,7,8",2,2.4,142.0,3,1,4,25.0,0,1,0.0,1,1,100.0,0,0,0,1,0,0,0,0,4,4.4,67.6,68.0,-0.5,1.27,-1
TOYAMA GROUSES,"Naoki Uto, Yannis Morin, Yuzo Okada, Nyika Williams, Kazuki Miyamoto","TOYAMA GROUSES|11,24,3,6,7",2,2.4,146.0,2,1,3,33.3,0,0,0,0,0,0,0,0,0,0,0,0,2,0,6,5.0,40.0,132.7,-92.7,0.82,-4
SHIMANE SUSANOO MAGIC,"Coty Clarke, Taichi Nakamura, Nick Kay, Anthony Sho Sukegawa, Yuta Okada","SHIMANE SUSANOO MAGIC|1,11,4,7,77",4,2.4,142.0,1,0,1,0.0,0,1,0.0,1,1,100.0,0,0,0,0,0,0,2,0,11,3.4,29.1,123.9,-94.8,0.42,-10
FIGHTING EAGLES NAGOYA,"Jamorko Pickett, Francis Lopez, Takaya Sasayama, Jeremy Jones, Ryuto Yasuoka","FIGHTING EAGLES NAGOYA|0,20,21,22,23",1,2.4,141.0,2,1,4,25.0,0,3,0.0,0,0,0,0,0,0,1,0,0,1,0,7,5.0,40.0,175.0,-135.0,0.85,-5
NAGOYA DIAMOND DOLPHINS,"Aaron Henry, Taito Nakahigashi, Kyle Richardson, Isaiah Murphy, Tenketsu Harimoto","NAGOYA DIAMOND DOLPHINS|11,12,34,5,8",1,2.4,143.0,5,2,3,66.7,1,2,50.0,0,0,0,0,0,0,2,0,0,0,0,8,3.0,166.7,266.7,-100.0,2.1,-3
KAWASAKI BRAVE THUNDERS,"Ryo Iida, Rosco Allen, Jaheru Ryuto Yamauchi, Emanuel Terry, Ryusei Shinoyama","KAWASAKI BRAVE THUNDERS|17,25,45,5,7",2,2.4,144.0,0,0,3,0.0,0,3,0.0,0,0,0,0,0,0,1,0,0,1,0,6,4.0,0.0,154.6,-154.6,0.0,-6
KOSHIGAYA ALPHAS,"Jarell Martin, Kai Sotto, Takeru Oba, Shuhei Kitagawa, Anthony Clemmons","KOSHIGAYA ALPHAS|1,11,14,31,5",1,2.4,141.0,2,1,3,33.3,0,1,0.0,0,0,0,0,0,0,1,0,0,0,0,2,3.0,66.7,100.0,-33.3,0.85,0
SAN-EN NEOPHOENIX,"Yante Maten, David Nwaba, Ryusei Sasaki, Kazuma Tsuya, Sota Oura","SAN-EN NEOPHOENIX|1,2,24,28,5",6,2.4,143.0,3,1,6,16.7,0,3,0.0,1,2,50.0,0,0,0,2,0,0,2,0,6,8.9,33.8,87.2,-53.4,1.26,-3
ALVARK TOKYO,"Sebastian Saiz, Marcus Foster, Michael Ou, Taiki Osakabe, Shuto Ando","ALVARK TOKYO|11,17,35,75,9",1,2.4,144.0,5,2,3,66.7,0,1,0.0,1,1,100.0,0,0,0,2,0,0,0,0,5,3.4,145.3,100.0,45.3,2.08,0
YOKOHAMA B-CORSAIRS,"Kiefer Ravena, Seiya Ando, Damien Inglis, Gakuto Arai, Gary Clark","YOKOHAMA B-CORSAIRS|15,3,4,6,8",1,2.4,145.0,3,1,3,33.3,0,2,0.0,1,1,100.0,0,0,0,1,0,0,1,0,2,4.4,67.6,50.0,17.6,1.24,1
SHIGA LAKES,"Zach Auguste, Kohei Tsuneta, Junpei Iwashita, Ryan Kriener, Ai-Che Yu","SHIGA LAKES|0,17,2,4,7",1,2.4,142.0,7,3,4,75.0,1,2,50.0,0,0,0,0,0,0,0,0,0,2,0,2,6.0,116.7,100.0,16.7,2.96,5
NAGASAKI VELCA,"Ko Kumagai, Hayato Yamaguchi, Mitchell Lightfoot, Hyunjung Lee, Jarrell Brantley","NAGASAKI VELCA|11,17,44,5,7",2,2.4,145.0,2,1,2,50.0,0,0,0,0,0,0,0,0,0,1,0,0,2,0,5,4.0,50.0,125.0,-75.0,0.83,-3
SEAHORSES MIKAWA,"Thomas Kennedy, Jake Layman, Aaron White, Avi Koki Schafer, Satoshi Nagano","SEAHORSES MIKAWA|1,10,30,32,7",1,2.4,146.0,4,2,4,50.0,0,0,0,0,0,0,0,0,0,1,0,0,1,0,4,5.0,80.0,100.0,-20.0,1.64,0
SUNROCKERS SHIBUYA,"Donte Grantham, John Lawrence Harper Jr, Troy Murphy Jr, Thomas Welsh, Leo Vendrame","SUNROCKERS SHIBUYA|1,3,4,40,9",3,2.4,142.0,0,0,2,0.0,0,0,0,0,0,0,0,0,0,0,0,0,1,0,7,3.0,0.0,243.1,-243.1,0.0,-7
KYOTO HANNARYZ,"Asato Ogawa, Satoru Maeta, Angelo Caloiaro, Ira Brown, Takatoshi Furukawa","KYOTO HANNARYZ|12,13,32,33,51",1,2.4,141.0,7,2,5,40.0,1,4,25.0,2,2,100.0,0,0,0,0,0,0,0,0,0,5.9,119.0,0.0,119.0,2.98,7
OSAKA EVESSA,"Ryan Luther, Joji Takeuchi, Makoto Kinoshita, Matt Bonds, Seiga Sakamoto","OSAKA EVESSA|11,15,31,5,60",2,2.4,141.0,4,1,2,50.0,1,2,50.0,1,2,50.0,0,0,0,3,0,0,1,0,4,3.9,103.1,66.7,36.4,1.7,0
SAGA BALLOONERS,"Sori Uchio, David Dudzinski, Taiki Sumida, Josh Harrellson, Davon Reed","SAGA BALLOONERS|18,23,25,55,9",2,2.4,143.0,3,1,5,20.0,1,5,20.0,0,0,0,0,0,0,1,0,0,1,0,6,6.0,50.0,120.0,-70.0,1.26,-3
SHIMANE SUSANOO MAGIC,"Coty Clarke, Yuto Nohmi, Nick Kay, Shota Arai, Yuta Okada","SHIMANE SUSANOO MAGIC|1,21,4,5,77",1,2.4,141.0,8,2,4,50.0,2,3,66.7,2,2,100.0,0,0,0,2,0,0,0,0,2,4.9,163.9,26.9,137.1,3.4,6
CHIBA JETS,"DJ Hogg, Ren Kanechika, Yuki Togashi, Naoki Tashiro, Nassir Little","CHIBA JETS|10,12,2,4,8",3,2.4,143.0,2,1,2,50.0,0,1,0.0,0,0,0,0,0,0,1,0,0,0,0,8,2.0,100.0,200.0,-100.0,0.84,-6
SUNROCKERS SHIBUYA,"Didi Louzada, Donte Grantham, Reiya Nozaki, Morihisa Yamauchi, Josh Hawkinson","SUNROCKERS SHIBUYA|0,1,12,32,8",1,2.4,146.0,6,2,3,66.7,2,3,66.7,0,0,0,0,0,0,2,0,0,0,0,0,3.0,200.0,0.0,200.0,2.47,6
SHIMANE SUSANOO MAGIC,"Coty Clarke, Taichi Nakamura, Shunsuke Ueda, Yuto Nohmi, Nick Kay","SHIMANE SUSANOO MAGIC|1,11,20,21,4",1,2.4,146.0,7,3,4,75.0,1,2,50.0,0,0,0,0,0,0,2,0,0,0,0,7,4.0,175.0,140.0,35.0,2.88,0
SHIMANE SUSANOO MAGIC,"Coty Clarke, Shunsuke Ueda, Yuto Nohmi, Nick Kay, Shota Arai","SHIMANE SUSANOO MAGIC|1,20,21,4,5",1,2.4,145.0,9,3,5,60.0,0,1,0.0,3,3,100.0,0,0,0,1,0,0,0,0,0,6.3,142.4,0.0,142.4,3.72,9
B.LEAGUE U18 JADE,"Yuito Haruta, Ayuki Kawabe, Masato Abe, Yuma Nishimura, Koshiro Asai","B.LEAGUE U18 JADE|11,12,4,5,9",1,2.4,141.0,8,3,4,75.0,2,3,66.7,0,0,0,0,0,0,2,0,0,2,0,2,6.0,133.3,50.0,83.3,3.4,6
ALTIRI CHIBA,"Kei Sugimoto, Trey Porter, Naoya Kumagae, Reo Maeda, Dererk Pardon","ALTIRI CHIBA|11,22,27,5,7",4,2.3,139.0,5,1,6,16.7,0,4,0.0,3,4,75.0,0,0,0,1,0,0,0,0,5,7.8,64.4,102.5,-38.0,2.16,0
SEAHORSES MIKAWA,"Ryogo Sumino, Kosuke Ishii, Aaron White, Davante Gardner, Satoshi Nagano","SEAHORSES MIKAWA|18,27,30,54,7",1,2.3,136.0,3,1,3,33.3,1,3,33.3,0,0,0,0,0,0,1,0,0,1,0,6,4.0,75.0,150.0,-75.0,1.32,-3
ALTIRI CHIBA,"Kei Sugimoto, Brandon Ashley, Kotetsu Kurokawa, Reo Maeda, Dererk Pardon","ALTIRI CHIBA|11,21,3,5,7",1,2.3,137.0,4,2,4,50.0,0,2,0.0,0,0,0,0,0,0,1,0,0,0,0,6,4.0,100.0,154.6,-54.6,1.75,-2
ALVARK TOKYO,"Sebastian Saiz, Marcus Foster, Kai Toews, Taiki Osakabe, Shuto Ando","ALVARK TOKYO|11,17,3,75,9",2,2.3,136.0,4,1,4,25.0,0,1,0.0,2,4,50.0,0,0,0,1,0,0,0,0,4,5.8,69.4,68.0,1.4,1.76,0
SHIGA LAKES,"Yosei Nishida, Kohei Tsuneta, Thomas Wimbush, Ryan Kriener, Ai-Che Yu","SHIGA LAKES|14,17,20,4,7",3,2.3,136.0,0,0,4,0.0,0,3,0.0,0,0,0,0,0,0,0,0,0,1,0,5,5.0,0.0,85.0,-85.0,0.0,-5
NAGOYA DIAMOND DOLPHINS,"Aaron Henry, Takumi Saito, Keita Imamura, Scott Eatherton, Isaiah Murphy","NAGOYA DIAMOND DOLPHINS|11,2,30,43,5",3,2.3,138.0,5,1,2,50.0,1,2,50.0,2,4,50.0,0,0,0,1,0,0,1,0,4,4.8,105.0,103.1,1.9,2.17,1
UTSUNOMIYA BREX,"Kosuke Takeuchi, Shinji Takashima, DJ Newbill, Grant Jerrett, Yusuke Endo","UTSUNOMIYA BREX|10,12,25,34,9",1,2.3,137.0,2,1,3,33.3,0,2,0.0,0,0,0,0,0,0,0,0,0,1,0,4,4.0,50.0,100.0,-50.0,0.88,-2
ALVARK TOKYO,"Marcus Foster, Ryan Rossiter, FRANK KAMINSKY, Hiromu Nakamura, Shuto Ando","ALVARK TOKYO|17,22,44,5,9",2,2.3,137.0,7,3,4,75.0,1,1,100.0,0,0,0,0,0,0,2,0,0,1,0,4,5.0,140.0,100.0,40.0,3.07,3
SEAHORSES MIKAWA,"Thomas Kennedy, Jake Layman, Kosuke Ishii, Davante Gardner, Satoshi Nagano","SEAHORSES MIKAWA|1,10,27,54,7",2,2.3,136.0,3,1,5,20.0,1,3,33.3,0,0,0,0,0,0,0,0,0,1,0,3,6.0,50.0,60.0,-10.0,1.32,0
NAGOYA DIAMOND DOLPHINS,"Taito Nakahigashi, Takumi Saito, Keita Imamura, Scott Eatherton, Isaiah Murphy","NAGOYA DIAMOND DOLPHINS|12,2,30,43,5",2,2.3,140.0,4,2,5,40.0,0,2,0.0,0,0,0,0,0,0,1,0,0,1,0,7,6.0,66.7,112.9,-46.2,1.71,-3
KOSHIGAYA ALPHAS,"Yuichi Ikeda, Jeffrey Parmer, Anthony Clemmons, Shun Matsuyama, Joseph Diawara","KOSHIGAYA ALPHAS|12,21,5,7,8",1,2.3,140.0,5,2,5,40.0,1,2,50.0,0,1,0.0,0,0,0,2,0,0,0,0,5,5.4,91.9,125.0,-33.1,2.14,0
IBARAKI ROBOTS,"Robert Franks, Ru Jingaoka, Kohei Nakamura, Hayate Komasawa, Tyler Cook","IBARAKI ROBOTS|0,10,13,7,8",1,2.3,140.0,5,2,4,50.0,1,1,100.0,0,0,0,0,0,0,2,0,0,0,0,5,4.0,125.0,91.9,33.1,2.14,0
CHIBA JETS,"Yuta Watanabe, Ren Kanechika, Garrison Brooks, Yuki Togashi, Nassir Little","CHIBA JETS|1,12,15,2,8",2,2.3,139.0,7,3,5,60.0,1,2,50.0,0,0,0,0,0,0,1,0,0,0,0,2,5.0,140.0,50.0,90.0,3.02,5
UTSUNOMIYA BREX,"Shinji Takashima, DJ Newbill, Gavin Edwards, Isaac Fotu, Atsuya Ogawa","UTSUNOMIYA BREX|12,25,33,42,7",2,2.3,137.0,6,2,5,40.0,0,2,0.0,2,2,100.0,0,0,0,1,0,0,0,0,3,5.9,102.0,100.0,2.0,2.63,3
SHIMANE SUSANOO MAGIC,"Coty Clarke, James Michael McAdoo, Fumiya Iio, Shota Arai, Anthony Sho Sukegawa","SHIMANE SUSANOO MAGIC|1,14,22,5,7",2,2.3,140.0,6,3,6,50.0,0,2,0.0,0,0,0,0,0,0,2,0,0,0,0,3,6.0,100.0,67.6,32.4,2.57,3
HIROSHIMA DRAGONFLIES,"Ryo Terashima, Toshiki Kamisawa, Kofi Cockburn, Nick Mayo, Christopher Smith","HIROSHIMA DRAGONFLIES|0,10,23,24,8",1,2.3,138.0,0,0,2,0.0,0,0,0,0,0,0,0,0,0,0,0,0,1,0,5,3.0,0.0,83.3,-83.3,0.0,-5
FIGHTING EAGLES NAGOYA,"Takaya Sasayama, Ryuto Yasuoka, Narito Namizato, Andrew Randall, Sean O'mara","FIGHTING EAGLES NAGOYA|21,23,3,33,54",1,2.3,138.0,8,2,4,50.0,0,0,0,4,4,100.0,0,0,0,1,0,0,0,0,7,5.8,138.9,116.7,22.2,3.48,1
SAGA BALLOONERS,"Ryo Abe, David Dudzinski, Taiki Sumida, Josh Harrellson, Davon Reed","SAGA BALLOONERS|13,23,25,55,9",1,2.3,139.0,7,2,5,40.0,1,1,100.0,2,4,50.0,0,0,0,2,0,0,0,0,7,6.8,103.6,124.1,-20.6,3.02,0
CHIBA JETS,"Yuta Watanabe, Ren Kanechika, John Mooney, Riku Segawa, Nassir Little","CHIBA JETS|1,12,33,5,8",1,2.2,135.0,3,1,3,33.3,1,2,50.0,0,0,0,0,0,0,1,0,0,1,0,1,4.0,75.0,20.5,54.5,1.33,2
KYOTO HANNARYZ,"Charles Jackson, Asato Ogawa, Satoru Maeta, Hayato Kawashima, Angelo Caloiaro","KYOTO HANNARYZ|10,12,13,15,32",2,2.2,130.0,2,0,3,0.0,0,1,0.0,2,3,66.7,0,0,0,0,0,0,0,0,1,4.3,46.3,25.8,20.5,0.92,1
UTSUNOMIYA BREX,"Shinji Takashima, Seiji Ikaruga, DJ Newbill, Justin Harper, Gavin Edwards","UTSUNOMIYA BREX|12,18,25,32,33",1,2.2,133.0,3,1,3,33.3,0,1,0.0,1,1,100.0,0,0,0,2,0,0,0,0,0,3.4,87.2,0.0,87.2,1.35,3
SENDAI 89ERS,"Shota Watanabe, Boubacar Toure, Soichiro Inoue, Jarrett Culver, Sergio El Darwich","SENDAI 89ERS|15,21,75,8,9",1,2.2,132.0,2,0,3,0.0,0,2,0.0,2,2,100.0,0,0,0,0,0,0,0,0,5,3.9,51.5,133.0,-81.4,0.91,-3
UTSUNOMIYA BREX,"Seiji Ikaruga, Gavin Edwards, Isaac Fotu, Makoto Hiejima, Yusuke Endo","UTSUNOMIYA BREX|18,33,42,6,9",4,2.2,134.0,2,1,4,25.0,0,2,0.0,0,0,0,0,0,0,0,0,0,3,0,5,7.0,28.6,100.0,-71.4,0.9,-3
OSAKA EVESSA,"Ray Parks Jr, Ryan Luther, Yasunori Aoki, Matt Bonds, Seiga Sakamoto","OSAKA EVESSA|1,11,4,5,60",2,2.2,132.0,4,2,4,50.0,0,0,0,0,0,0,0,0,0,3,0,0,1,0,3,5.0,80.0,67.6,12.4,1.82,1
KYOTO HANNARYZ,"Charles Jackson, Chehales Tapscott, Satoru Maeta, Hayato Kawashima, Ryunosuke Watanabe","KYOTO HANNARYZ|10,11,13,15,16",1,2.2,135.0,4,1,2,50.0,0,0,0,2,2,100.0,0,0,0,2,0,0,0,0,7,2.9,138.9,243.1,-104.2,1.78,-3
RYUKYU GOLDEN KINGS,"Hayate Arakawa, Shuto Sakihama, Vic Law, Jack Cooley, Ryo Sadohara","RYUKYU GOLDEN KINGS|10,17,4,45,8",1,2.2,130.0,2,1,3,33.3,0,1,0.0,0,0,0,0,0,0,0,0,0,1,0,2,4.0,50.0,40.0,10.0,0.92,0
OSAKA EVESSA,"Ryan Luther, Yasunori Aoki, Matt Bonds, Seiga Sakamoto, Yoshiya Uematsu","OSAKA EVESSA|11,4,5,60,8",2,2.2,133.0,9,2,4,50.0,0,1,0.0,5,7,71.4,0,0,0,0,0,0,0,0,6,7.1,127.1,88.8,38.4,4.06,3
NAGASAKI VELCA,"Ko Kumagai, Stanley Johnson, Hayato Yamaguchi, Yudai Baba, Akil Mitchell","NAGASAKI VELCA|11,14,17,18,25",2,2.2,130.0,5,2,4,50.0,0,2,0.0,1,1,100.0,0,0,0,0,0,0,0,0,0,4.4,112.6,0.0,112.6,2.31,5
LEVANGA HOKKAIDO,"Kohei Sekino, Shuto Ichiba, Dwight Ramos, John Harrar, Kevin Jones","LEVANGA HOKKAIDO|1,12,2,21,5",3,2.2,131.0,5,1,3,33.3,1,1,100.0,2,2,100.0,0,0,0,1,0,0,0,0,2,3.9,128.9,50.0,78.9,2.29,3
SAN-EN NEOPHOENIX,"David Nwaba, Dai Nemoto, Kazuma Tsuya, Sota Oura, Cameron Jackson","SAN-EN NEOPHOENIX|2,20,28,5,7",2,2.2,134.0,9,3,4,75.0,3,4,75.0,0,0,0,0,0,0,2,0,0,0,0,5,4.0,225.0,125.0,100.0,4.03,4
SEAHORSES MIKAWA,"Jake Layman, Yoshiaki Kubota, Aaron White, Avi Koki Schafer, Satoshi Nagano","SEAHORSES MIKAWA|10,11,30,32,7",1,2.2,134.0,6,2,3,66.7,2,3,66.7,0,0,0,0,0,0,0,0,0,0,0,2,3.0,200.0,58.1,141.9,2.69,4
SHIMANE SUSANOO MAGIC,"Coty Clarke, Taichi Nakamura, Fumiya Iio, Nick Kay, Anthony Sho Sukegawa","SHIMANE SUSANOO MAGIC|1,11,22,4,7",2,2.2,135.0,8,2,3,66.7,1,1,100.0,3,3,100.0,0,0,0,3,0,0,1,0,8,5.3,150.4,150.4,0.0,3.56,0
GUNMA CRANE THUNDERS,"Yuma Fujii, AJ Edu, Terrance Woodbury, Takuto Nakamura, Kerry BlackshearJr","GUNMA CRANE THUNDERS|0,15,30,6,8",1,2.2,135.0,2,1,2,50.0,0,1,0.0,0,0,0,0,0,0,0,0,0,2,0,5,4.0,50.0,173.6,-123.6,0.89,-3
GUNMA CRANE THUNDERS,"Yuma Fujii, AJ Edu, Terrance Woodbury, Kerry BlackshearJr, Naoto Tsuji","GUNMA CRANE THUNDERS|0,15,30,8,9",2,2.2,134.0,2,0,3,0.0,0,1,0.0,2,2,100.0,0,0,0,1,0,0,0,0,6,3.9,51.5,120.0,-68.5,0.9,-4
GUNMA CRANE THUNDERS,"Yuma Fujii, Kazuki Hosokawa, Terrance Woodbury, Kerry BlackshearJr, Naoto Tsuji","GUNMA CRANE THUNDERS|0,29,30,8,9",2,2.2,135.0,0,0,2,0.0,0,1,0.0,0,0,0,0,0,0,0,0,0,1,0,5,3.0,0.0,102.5,-102.5,0.0,-5
ALVARK TOKYO,"Sebastian Saiz, Hiromu Nakamura, Chase Fieler, Taiki Osakabe, Shuto Ando","ALVARK TOKYO|11,5,60,75,9",1,2.2,132.0,8,3,4,75.0,1,2,50.0,1,2,50.0,0,0,0,3,0,0,0,0,2,4.9,163.9,51.5,112.4,3.64,6
FIGHTING EAGLES NAGOYA,"Mylo Murphy, Francis Lopez, Takaya Sasayama, Jeremy Jones, Sean O'mara","FIGHTING EAGLES NAGOYA|15,20,21,22,54",1,2.2,130.0,4,1,3,33.3,1,1,100.0,1,1,100.0,0,0,0,0,0,0,1,0,3,4.4,90.1,75.0,15.1,1.85,1
OSAKA EVESSA,"Ray Parks Jr, Ryan Luther, Yasunori Aoki, Volodymyr Gerun, Hayato Maki","OSAKA EVESSA|1,11,4,52,88",2,2.2,133.0,2,1,4,25.0,0,3,0.0,0,0,0,0,0,0,2,0,0,1,0,6,5.0,40.0,123.0,-83.0,0.9,-4
GUNMA CRANE THUNDERS,"Yuma Fujii, AJ Edu, Kenny Lawson Jr, Kazuki Hosokawa, Naoto Tsuji","GUNMA CRANE THUNDERS|0,15,25,29,9",1,2.2,131.0,2,1,4,25.0,0,2,0.0,0,0,0,0,0,0,0,0,0,1,0,4,5.0,40.0,90.1,-50.1,0.92,-2
SHIGA LAKES,"Zach Auguste, Kohei Tsuneta, Thomas Wimbush, Takanori Tahara, Taiki Okada","SHIGA LAKES|0,17,20,21,6",1,2.2,134.0,5,2,3,66.7,1,2,50.0,0,0,0,0,0,0,3,0,0,1,0,5,4.0,125.0,166.7,-41.7,2.24,0
SHIGA LAKES,"Zach Auguste, Thomas Wimbush, Takanori Tahara, Taiki Okada, Ai-Che Yu","SHIGA LAKES|0,20,21,6,7",1,2.2,130.0,12,4,8,50.0,3,5,60.0,1,1,100.0,0,0,0,4,0,0,0,0,11,8.4,142.2,168.7,-26.5,5.54,1
TOYAMA GROUSES,"Haruaki Tanaka, Yannis Morin, Yuzo Okada, Kazuki Miyamoto, Trey Kell","TOYAMA GROUSES|17,24,3,7,8",3,2.2,134.0,4,2,5,40.0,0,2,0.0,0,0,0,0,0,0,2,0,0,0,0,7,5.0,80.0,143.4,-63.4,1.79,-3
UTSUNOMIYA BREX,"Seiji Ikaruga, Grant Jerrett, Isaac Fotu, Makoto Hiejima, Yusuke Endo","UTSUNOMIYA BREX|18,34,42,6,9",2,2.2,131.0,0,0,3,0.0,0,2,0.0,0,0,0,0,0,0,0,0,0,0,0,2,3.0,0.0,40.0,-40.0,0.0,-2
KOSHIGAYA ALPHAS,"Takeru Oba, Jeffrey Parmer, Anthony Clemmons, Shun Matsuyama, Joseph Diawara","KOSHIGAYA ALPHAS|14,21,5,7,8",1,2.2,132.0,3,1,4,25.0,1,4,25.0,0,0,0,0,0,0,1,0,0,0,0,3,4.0,75.0,56.4,18.6,1.36,0
GUNMA CRANE THUNDERS,"Yuma Fujii, Koh Flippin, AJ Edu, Johannes Thiemann, Kerry BlackshearJr","GUNMA CRANE THUNDERS|0,1,15,32,8",1,2.2,135.0,2,1,4,25.0,0,0,0,0,0,0,0,0,0,1,0,0,1,0,0,5.0,40.0,0.0,40.0,0.89,2
KOSHIGAYA ALPHAS,"Jarell Martin, Yuya Kamata, Shuhei Kitagawa, Anthony Clemmons, Shun Matsuyama","KOSHIGAYA ALPHAS|1,18,31,5,7",1,2.2,130.0,0,0,2,0.0,0,0,0,0,0,0,0,0,0,0,0,0,0,0,8,2.0,0.0,160.0,-160.0,0.0,-8
GUNMA CRANE THUNDERS,"Koh Flippin, Kazuki Hosokawa, Terrance Woodbury, Kerry BlackshearJr, Naoto Tsuji","GUNMA CRANE THUNDERS|1,29,30,8,9",1,2.2,131.0,5,2,5,40.0,1,2,50.0,0,0,0,0,0,0,2,0,0,2,0,9,7.0,71.4,156.2,-84.8,2.29,-4
KOSHIGAYA ALPHAS,"Kai Sotto, Takeru Oba, Jordan Ngatai, Kai Sugawara, Anthony Clemmons","KOSHIGAYA ALPHAS|11,14,20,28,5",1,2.2,134.0,5,2,4,50.0,1,3,33.3,0,1,0.0,0,0,0,2,0,0,0,0,2,4.4,112.6,51.5,61.1,2.24,3
HIROSHIMA DRAGONFLIES,"Ryo Terashima, Kofi Cockburn, Nick Mayo, Keijiro Mitani, Christopher Smith","HIROSHIMA DRAGONFLIES|0,23,24,34,8",3,2.2,133.0,2,1,1,100.0,0,0,0,0,2,0.0,0,0,0,0,0,0,1,0,8,2.9,69.4,116.3,-46.8,0.9,-6
SEAHORSES MIKAWA,"Thomas Kennedy, Jake Layman, Yutaro Suda, Aaron White, Avi Koki Schafer","SEAHORSES MIKAWA|1,10,13,30,32",1,2.2,130.0,2,0,0,0,0,0,0,2,2,100.0,0,0,0,0,0,0,0,0,2,0.9,227.3,50.0,177.3,0.92,0
ALTIRI CHIBA,"Takaaki Kida, Marial Shayok, Kotetsu Kurokawa, Luke Evans, Dererk Pardon","ALTIRI CHIBA|0,1,3,33,7",1,2.2,130.0,2,0,4,0.0,0,3,0.0,2,3,66.7,0,0,0,1,0,0,1,0,6,6.3,31.6,174.4,-142.8,0.92,-4
LEVANGA HOKKAIDO,"Ren Shimatani, Dwight Ramos, Jahlil Okafor, Max Hisatake, Keisei Tominaga","LEVANGA HOKKAIDO|15,2,22,29,30",1,2.2,135.0,3,1,6,16.7,0,0,0,1,2,50.0,0,0,0,1,0,0,1,0,7,7.9,38.1,157.7,-119.6,1.33,-4
OSAKA EVESSA,"Ray Parks Jr, Matt Bonds, Volodymyr Gerun, Seiga Sakamoto, Yoshiya Uematsu","OSAKA EVESSA|1,5,52,60,8",2,2.2,130.0,2,1,3,33.3,0,1,0.0,0,0,0,0,0,0,1,0,0,0,0,8,3.0,66.7,200.0,-133.3,0.92,-6
KAWASAKI BRAVE THUNDERS,"Reoto Yonesu, Shota Tsuyama, Ryo Iida, Rosco Allen, Emanuel Terry","KAWASAKI BRAVE THUNDERS|11,13,17,25,5",2,2.2,135.0,2,1,5,20.0,0,3,0.0,0,0,0,0,0,0,0,0,0,0,0,9,5.0,40.0,156.2,-116.2,0.89,-7
RYUKYU GOLDEN KINGS,"Ryuichi Kishimoto, Yoshiyuki Matsuwaki, Damyean Dotson, Jack Cooley, Ryo Sadohara","RYUKYU GOLDEN KINGS|14,15,21,45,8",2,2.2,131.0,5,2,4,50.0,1,2,50.0,0,1,0.0,0,0,0,0,0,0,0,0,2,4.4,112.6,66.7,45.9,2.29,3
RYUKYU GOLDEN KINGS,"Ryuichi Kishimoto, Yoshiyuki Matsuwaki, Jack Cooley, Alex Kirk, Ryo Sadohara","RYUKYU GOLDEN KINGS|14,15,45,53,8",1,2.2,134.0,2,1,5,20.0,0,1,0.0,0,0,0,0,0,0,1,0,0,1,0,4,6.0,33.3,100.0,-66.7,0.9,-2
NAGOYA DIAMOND DOLPHINS,"Alan Williams, Takumi Saito, Keita Imamura, Hiyuu Ozawa, Scott Eatherton","NAGOYA DIAMOND DOLPHINS|15,2,30,4,43",1,2.1,129.0,4,2,6,33.3,0,1,0.0,0,0,0,0,0,0,2,0,0,0,0,0,6.0,66.7,0.0,66.7,1.86,4
IBARAKI ROBOTS,"Ru Jingaoka, Kohei Nakamura, Eric Jacobsen, Keita Tsurumaki, Noboru Hasegawa","IBARAKI ROBOTS|10,13,21,29,3",1,2.1,126.0,6,3,5,60.0,0,1,0.0,0,0,0,0,0,0,1,0,0,0,0,3,5.0,120.0,100.0,20.0,2.86,3
IBARAKI ROBOTS,"Genki Kojima, Kohei Nakamura, Eric Jacobsen, Keita Tsurumaki, Jae-Min Yang","IBARAKI ROBOTS|1,13,21,29,9",1,2.1,125.0,6,1,3,33.3,1,1,100.0,3,4,75.0,0,0,0,0,0,0,1,0,0,5.8,104.2,0.0,104.2,2.88,6
YOKOHAMA B-CORSAIRS,"Cameron Jackson, Kenta Morii, Seiya Ando, Koya Sudo, Damien Inglis","YOKOHAMA B-CORSAIRS|11,18,3,30,4",1,2.1,128.0,3,0,0,0,0,0,0,3,3,100.0,0,0,0,0,0,0,0,0,4,1.3,227.3,106.4,120.9,1.41,-1
IBARAKI ROBOTS,"Robert Franks, Kohei Nakamura, Eric Jacobsen, Atsunobu Hirao, Keita Tsurumaki","IBARAKI ROBOTS|0,13,21,25,29",1,2.1,126.0,4,2,5,40.0,0,1,0.0,0,0,0,0,0,0,1,0,0,0,0,5,5.0,80.0,204.9,-124.9,1.9,-1
FIGHTING EAGLES NAGOYA,"Jamorko Pickett, Francis Lopez, Jeremy Jones, Narito Namizato, Tyrell Taku Sudo","FIGHTING EAGLES NAGOYA|0,20,22,3,6",2,2.1,125.0,0,0,4,0.0,0,3,0.0,0,0,0,0,0,0,0,0,0,1,0,2,5.0,0.0,50.0,-50.0,0.0,-2
IBARAKI ROBOTS,"Kohei Nakamura, Eric Jacobsen, Keita Tsurumaki, Noboru Hasegawa, Tyler Cook","IBARAKI ROBOTS|13,21,29,3,8",4,2.1,126.0,2,0,2,0.0,0,1,0.0,2,3,66.7,0,0,0,0,0,0,0,0,7,3.3,60.2,180.4,-120.2,0.95,-5
ALVARK TOKYO,"Zack Baranski, Marcus Foster, Ryan Rossiter, Kai Toews, Shuto Ando","ALVARK TOKYO|10,17,22,3,9",1,2.1,124.0,4,2,4,50.0,0,1,0.0,0,0,0,0,0,0,2,0,0,0,0,5,4.0,100.0,125.0,-25.0,1.94,-1
YOKOHAMA B-CORSAIRS,"Kenta Morii, Kaleb Tarczewski, Seiya Ando, Damien Inglis, Hiroki Taniguchi","YOKOHAMA B-CORSAIRS|18,25,3,4,7",1,2.1,128.0,5,2,3,66.7,1,1,100.0,0,0,0,0,0,0,0,0,0,1,0,4,4.0,125.0,138.9,-13.9,2.34,1
KOSHIGAYA ALPHAS,"Jarell Martin, Yuichi Ikeda, Anthony Clemmons, Hamiltongary Kotera, Shun Matsuyama","KOSHIGAYA ALPHAS|1,12,5,6,7",2,2.1,126.0,1,0,3,0.0,0,2,0.0,1,2,50.0,0,0,0,0,0,0,1,0,6,4.9,20.5,102.0,-81.5,0.48,-5
LEVANGA HOKKAIDO,"Ren Shimatani, Dwight Ramos, John Harrar, Jahlil Okafor, Hiroto Kikuchi","LEVANGA HOKKAIDO|15,2,21,22,6",3,2.1,124.0,8,2,3,66.7,2,2,100.0,2,2,100.0,0,0,0,1,0,0,1,0,5,4.9,163.9,125.0,38.9,3.87,3
SUNROCKERS SHIBUYA,"John Lawrence Harper Jr, Thomas Welsh, Andrew Randall, Josh Hawkinson, Leo Vendrame","SUNROCKERS SHIBUYA|3,40,7,8,9",1,2.1,128.0,6,1,3,33.3,0,2,0.0,4,4,100.0,0,0,0,0,0,0,0,0,4,4.8,126.1,103.1,23.0,2.81,2
KOSHIGAYA ALPHAS,"Jarell Martin, Yuichi Ikeda, Takeru Oba, Yuya Kamata, Shun Matsuyama","KOSHIGAYA ALPHAS|1,12,14,18,7",3,2.1,124.0,6,2,3,66.7,2,2,100.0,0,0,0,0,0,0,2,0,0,0,0,4,3.0,200.0,133.3,66.7,2.9,2
LEVANGA HOKKAIDO,"Shuto Ichiba, Dwight Ramos, John Harrar, Kevin Jones, Hiroto Kikuchi","LEVANGA HOKKAIDO|12,2,21,5,6",2,2.1,126.0,2,1,2,50.0,0,0,0,0,0,0,0,0,0,1,0,0,1,0,3,3.0,66.7,150.0,-83.3,0.95,-1
NAGASAKI VELCA,"Ko Kumagai, Yudai Baba, Hyunjung Lee, Jarrell Brantley, Koya Kawamata","NAGASAKI VELCA|11,18,5,7,99",1,2.1,124.0,2,0,1,0.0,0,1,0.0,2,2,100.0,0,0,0,0,0,0,2,0,0,3.9,51.5,0.0,51.5,0.97,2
KAWASAKI BRAVE THUNDERS,"Dušan Ristić, Ryo Iida, Jaheru Ryuto Yamauchi, Emanuel Terry, Ryusei Shinoyama","KAWASAKI BRAVE THUNDERS|14,17,45,5,7",2,2.1,127.0,5,1,2,50.0,0,1,0.0,3,3,100.0,0,0,0,2,0,0,1,0,5,4.3,115.7,166.7,-50.9,2.36,0
AKITA NORTHERN HAPPINETS,"Jamel Mclean, Taiyo Motoda, Takuya Nakayama, Ali Mezher, Keanu Pinder","AKITA NORTHERN HAPPINETS|1,12,17,22,25",1,2.1,127.0,5,2,6,33.3,0,1,0.0,1,2,50.0,0,0,0,2,0,0,2,0,2,8.9,56.3,66.7,-10.4,2.36,3
GUNMA CRANE THUNDERS,"Yuma Fujii, Koh Flippin, AJ Edu, Terrance Woodbury, Naoto Tsuji","GUNMA CRANE THUNDERS|0,1,15,30,9",1,2.1,126.0,2,1,3,33.3,0,2,0.0,0,0,0,0,0,0,1,0,0,1,0,2,4.0,50.0,50.0,0.0,0.95,0
FIGHTING EAGLES NAGOYA,"Jamorko Pickett, Takaya Sasayama, Jeremy Jones, Ryuto Yasuoka, Tyrell Taku Sudo","FIGHTING EAGLES NAGOYA|0,21,22,23,6",1,2.1,129.0,5,1,3,33.3,1,3,33.3,2,2,100.0,0,0,0,3,0,0,1,0,10,4.9,102.5,204.9,-102.5,2.33,-5
SAGA BALLOONERS,"Sori Uchio, Reynaldo Garcia, David Dudzinski, Ryota Inoue, Rui Todoroki","SAGA BALLOONERS|18,2,23,34,8",1,2.1,126.0,2,1,5,20.0,0,2,0.0,0,0,0,0,0,0,0,0,0,0,0,0,5.0,40.0,0.0,40.0,0.95,2
RYUKYU GOLDEN KINGS,"Ryuichi Kishimoto, Masahiro Waki, Damyean Dotson, Vic Law, Alex Kirk","RYUKYU GOLDEN KINGS|14,18,21,4,53",1,2.1,128.0,3,1,3,33.3,0,2,0.0,1,2,50.0,0,0,0,0,0,0,1,0,4,4.9,61.5,212.8,-151.3,1.41,-1
KOSHIGAYA ALPHAS,"Kai Sotto, Yuichi Ikeda, Yuya Kamata, Jordan Ngatai, Anthony Clemmons","KOSHIGAYA ALPHAS|11,12,18,20,5",1,2.1,126.0,2,0,3,0.0,0,2,0.0,2,2,100.0,0,0,0,1,0,0,0,0,0,3.9,51.5,0.0,51.5,0.95,2
HIROSHIMA DRAGONFLIES,"Toshiki Kamisawa, Dwayne Evans II, Kofi Cockburn, Nick Mayo, Kaine Roberts","HIROSHIMA DRAGONFLIES|10,13,23,24,4",2,2.1,127.0,2,1,1,100.0,0,0,0,0,0,0,0,0,0,2,0,0,2,0,8,3.0,66.7,241.0,-174.3,0.94,-6
KAWASAKI BRAVE THUNDERS,"Dušan Ristić, Ryo Iida, Rosco Allen, Taiga Okada, Ryusei Shinoyama","KAWASAKI BRAVE THUNDERS|14,17,25,55,7",1,2.1,129.0,7,3,3,100.0,0,0,0,1,1,100.0,0,0,0,1,0,0,1,0,2,4.4,157.7,36.8,120.9,3.26,5
AKITA NORTHERN HAPPINETS,"Yanni Wetzell, Taiyo Motoda, Takuya Nakayama, Yori Iwaya, Angelo Chol","AKITA NORTHERN HAPPINETS|10,12,17,18,27",1,2.1,126.0,0,0,2,0.0,0,1,0.0,0,0,0,0,0,0,0,0,0,3,0,5,5.0,0.0,79.1,-79.1,0.0,-5
ALTIRI CHIBA,"Takaaki Kida, Marial Shayok, Yuta Osaki, Trey Porter, Luke Evans","ALTIRI CHIBA|0,1,16,22,33",1,2.1,129.0,5,1,3,33.3,1,2,50.0,2,2,100.0,0,0,0,1,0,0,0,0,5,3.9,128.9,166.7,-37.8,2.33,0
KYOTO HANNARYZ,"Charles Jackson, Asato Ogawa, Jordan Heath, Mone Alex Hall, Shuma Nishibe","KYOTO HANNARYZ|10,12,35,39,7",2,2.1,124.0,9,3,7,42.9,1,2,50.0,2,2,100.0,0,0,0,2,0,0,0,0,3,7.9,114.2,44.4,69.8,4.35,6
HIROSHIMA DRAGONFLIES,"Kofi Cockburn, Nick Mayo, Tatsuya Ito, Kaine Roberts, Christopher Smith","HIROSHIMA DRAGONFLIES|23,24,3,4,8",1,2.1,128.0,6,3,5,60.0,0,0,0,0,0,0,0,0,0,1,0,0,0,0,5,5.0,120.0,94.0,26.0,2.81,1
SAGA BALLOONERS,"Sori Uchio, Reynaldo Garcia, David Dudzinski, Taiki Sumida, Josh Harrellson","SAGA BALLOONERS|18,2,23,25,55",1,2.1,125.0,2,1,3,33.3,0,2,0.0,0,0,0,0,0,0,1,0,0,1,0,6,4.0,50.0,150.0,-100.0,0.96,-4
SAGA BALLOONERS,"Ryo Abe, Reynaldo Garcia, Tanner Groves, Taiki Sumida, Josh Harrellson","SAGA BALLOONERS|13,2,22,25,55",2,2.1,128.0,6,2,4,50.0,1,1,100.0,1,1,100.0,0,0,0,2,0,0,1,0,2,5.4,110.3,28.6,81.7,2.81,4
GUNMA CRANE THUNDERS,"Yuma Fujii, Kenny Asano, Johannes Thiemann, Takuto Nakamura, Kerry BlackshearJr","GUNMA CRANE THUNDERS|0,16,32,6,8",1,2.1,126.0,0,0,3,0.0,0,1,0.0,0,0,0,0,0,0,0,0,0,1,0,3,4.0,0.0,75.0,-75.0,0.0,-3
YOKOHAMA B-CORSAIRS,"Kiefer Ravena, Kenta Morii, Maik Kotsar, Koya Sudo, Gary Clark","YOKOHAMA B-CORSAIRS|15,18,21,30,8",2,2.1,129.0,2,1,6,16.7,0,4,0.0,0,0,0,0,0,0,0,0,0,0,0,6,6.0,33.3,154.6,-121.3,0.93,-4
KAWASAKI BRAVE THUNDERS,"Ryo Iida, Rosco Allen, Jaheru Ryuto Yamauchi, Emanuel Terry, Taiga Okada","KAWASAKI BRAVE THUNDERS|17,25,45,5,55",1,2.1,127.0,1,0,2,0.0,0,1,0.0,1,2,50.0,0,0,0,1,0,0,0,0,4,2.9,34.7,120.5,-85.8,0.47,-3
SENDAI 89ERS,"Hirohide Araya, Shota Watanabe, Soichiro Inoue, Jarrett Culver, Sergio El Darwich","SENDAI 89ERS|11,15,75,8,9",1,2.1,124.0,4,1,2,50.0,0,1,0.0,2,2,100.0,0,0,0,1,0,0,0,0,0,2.9,138.9,0.0,138.9,1.94,4
YOKOHAMA B-CORSAIRS,"Kenta Morii, Maik Kotsar, Hiroki Matsuzaki, Koya Sudo, Gary Clark","YOKOHAMA B-CORSAIRS|18,21,24,30,8",1,2.1,124.0,6,2,3,66.7,2,2,100.0,0,0,0,0,0,0,2,0,0,1,0,4,4.0,150.0,133.3,16.7,2.9,2
SUNROCKERS SHIBUYA,"Didi Louzada, Donte Grantham, Troy Murphy Jr, Josh Hawkinson, Leo Vendrame","SUNROCKERS SHIBUYA|0,1,4,8,9",1,2.0,118.0,2,1,2,50.0,0,0,0,0,1,0.0,0,0,0,0,0,0,1,0,4,3.4,58.1,133.3,-75.2,1.02,-2
AKITA NORTHERN HAPPINETS,"Yanni Wetzell, Teru Sugawara, Tanner Leissner, Takuya Nakayama, Kanji Takahira","AKITA NORTHERN HAPPINETS|10,14,15,17,24",1,2.0,118.0,4,2,3,66.7,0,0,0,0,0,0,0,0,0,1,0,0,0,0,2,3.0,133.3,58.1,75.2,2.03,2
FIGHTING EAGLES NAGOYA,"Jamorko Pickett, Katsuki Hiramatsu, Francis Lopez, Ryuto Yasuoka, Sean O'mara","FIGHTING EAGLES NAGOYA|0,12,20,23,54",1,2.0,122.0,5,1,3,33.3,1,2,50.0,2,2,100.0,0,0,0,0,0,0,0,0,2,3.9,128.9,50.0,78.9,2.46,3
IBARAKI ROBOTS,"Genki Kojima, Ru Jingaoka, Kohei Nakamura, Eric Jacobsen, Hayate Komasawa","IBARAKI ROBOTS|1,10,13,21,7",1,2.0,123.0,2,1,3,33.3,0,0,0,0,0,0,0,0,0,1,0,0,0,0,4,3.0,66.7,100.0,-33.3,0.98,-2
SAN-EN NEOPHOENIX,"Yante Maten, Hideya Asai, Hayato Wakugawa, David Nwaba, Sota Oura","SAN-EN NEOPHOENIX|1,11,14,2,5",2,2.0,118.0,4,1,3,33.3,0,1,0.0,2,2,100.0,0,0,0,1,0,0,0,0,4,3.9,103.1,133.3,-30.2,2.03,0
SAN-EN NEOPHOENIX,"Hayato Wakugawa, Tshilidzi Kawata, David Nwaba, Dai Nemoto, Darius Days","SAN-EN NEOPHOENIX|14,15,2,20,4",2,2.0,121.0,5,1,3,33.3,1,1,100.0,2,2,100.0,0,0,0,0,0,0,0,0,6,3.9,128.9,200.0,-71.1,2.48,-1
SENDAI 89ERS,"Hirohide Araya, Nathan Boothe, Seiya Funyu, Jarrett Culver, Sergio El Darwich","SENDAI 89ERS|11,45,7,8,9",2,2.0,123.0,9,2,3,66.7,0,0,0,5,5,100.0,0,0,0,2,0,0,0,0,0,5.2,173.1,0.0,173.1,4.39,9
SENDAI 89ERS,"Hirohide Araya, Boubacar Toure, Kazuma Okajima, Nathan Boothe, Seiya Funyu","SENDAI 89ERS|11,21,3,45,7",1,2.0,123.0,2,1,4,25.0,0,2,0.0,0,0,0,0,0,0,0,0,0,0,0,7,4.0,50.0,162.0,-112.0,0.98,-5
IBARAKI ROBOTS,"Robert Franks, Kohei Nakamura, Eric Jacobsen, Noboru Hasegawa, Jae-Min Yang","IBARAKI ROBOTS|0,13,21,3,9",3,2.0,120.0,4,1,3,33.3,0,0,0,2,2,100.0,0,0,0,0,0,0,1,0,0,4.9,82.0,0.0,82.0,2.0,4
LEVANGA HOKKAIDO,"Kohei Sekino, Ren Shimatani, John Harrar, Jahlil Okafor, Hiroto Kikuchi","LEVANGA HOKKAIDO|1,15,21,22,6",2,2.0,119.0,1,0,2,0.0,0,1,0.0,1,2,50.0,0,0,0,0,0,0,1,0,0,3.9,25.8,0.0,25.8,0.5,1
KYOTO HANNARYZ,"Charles Jackson, Satoru Maeta, Hayato Kawashima, Jordan Heath, Takatoshi Furukawa","KYOTO HANNARYZ|10,13,15,35,51",2,2.0,118.0,2,1,1,100.0,0,0,0,0,0,0,0,0,0,2,0,0,0,0,2,1.0,200.0,50.0,150.0,1.02,0
ALVARK TOKYO,"Zack Baranski, Marcus Foster, Ryan Rossiter, Hiromu Nakamura, Shuto Ando","ALVARK TOKYO|10,17,22,5,9",1,2.0,118.0,3,1,4,25.0,0,1,0.0,1,1,100.0,0,0,0,2,0,0,0,0,0,4.4,67.6,0.0,67.6,1.53,3
OSAKA EVESSA,"Ryan Luther, Makoto Kinoshita, Tatsuya Suzuki, Yasunori Aoki, Matt Bonds","OSAKA EVESSA|11,31,35,4,5",1,2.0,122.0,4,2,3,66.7,0,0,0,0,0,0,0,0,0,0,0,0,1,0,4,4.0,100.0,133.3,-33.3,1.97,0
TOYAMA GROUSES,"Naoki Uto, Haruaki Tanaka, Nyika Williams, Kazuki Miyamoto, Trey Kell","TOYAMA GROUSES|11,17,6,7,8",1,2.0,118.0,5,2,3,66.7,1,2,50.0,0,0,0,0,0,0,1,0,0,0,0,5,3.0,166.7,166.7,0.0,2.54,0
AKITA NORTHERN HAPPINETS,"Yanni Wetzell, Takuya Nakayama, Kanji Takahira, Keanu Pinder, Raita Akaho","AKITA NORTHERN HAPPINETS|10,17,24,25,6",1,2.0,123.0,2,1,4,25.0,0,1,0.0,0,0,0,0,0,0,0,0,0,1,0,6,5.0,40.0,150.0,-110.0,0.98,-4
NAGOYA DIAMOND DOLPHINS,"Aaron Henry, Taito Nakahigashi, Alan Williams, Keita Imamura, Kyle Richardson","NAGOYA DIAMOND DOLPHINS|11,12,15,30,34",2,2.0,121.0,5,2,8,25.0,0,2,0.0,1,1,100.0,0,0,0,0,0,0,1,0,0,9.4,53.0,0.0,53.0,2.48,5
SAN-EN NEOPHOENIX,"Tshilidzi Kawata, David Nwaba, Ryusei Sasaki, Kazuma Tsuya, Darius Days","SAN-EN NEOPHOENIX|15,2,24,28,4",1,2.0,120.0,2,1,4,25.0,0,2,0.0,0,2,0.0,0,0,0,0,0,0,1,0,4,5.9,34.0,103.1,-69.1,1.0,-2
OSAKA EVESSA,"Ray Parks Jr, Joji Takeuchi, Matt Bonds, Seiga Sakamoto, Hayato Maki","OSAKA EVESSA|1,15,5,60,88",2,2.0,119.0,7,2,2,100.0,1,1,100.0,2,2,100.0,0,0,0,2,0,0,1,0,7,3.9,180.4,233.3,-52.9,3.53,0
SHIGA LAKES,"Zach Auguste, Thomas Wimbush, Shintaro Ehara, Taiki Okada, Ai-Che Yu","SHIGA LAKES|0,20,25,6,7",2,2.0,122.0,0,0,2,0.0,0,0,0,0,0,0,0,0,0,3,0,0,0,0,9,2.0,0.0,128.6,-128.6,0.0,-9
SAN-EN NEOPHOENIX,"Hirotaka Yoshii, David Nwaba, Dai Nemoto, Sota Oura, Cameron Jackson","SAN-EN NEOPHOENIX|10,2,20,5,7",2,2.0,120.0,2,0,2,0.0,0,1,0.0,2,2,100.0,0,0,0,0,0,0,0,0,0,2.9,69.4,0.0,69.4,1.0,2
IBARAKI ROBOTS,"Robert Franks, Ru Jingaoka, Keita Tsurumaki, Noboru Hasegawa, Tyler Cook","IBARAKI ROBOTS|0,10,29,3,8",2,2.0,118.0,3,0,2,0.0,0,0,0,3,3,100.0,0,0,0,1,0,0,2,0,5,5.3,56.4,125.0,-68.6,1.53,-2
KOSHIGAYA ALPHAS,"Jarell Martin, Yuichi Ikeda, Yuya Kamata, Shuhei Kitagawa, Anthony Clemmons","KOSHIGAYA ALPHAS|1,12,18,31,5",2,2.0,119.0,2,1,2,50.0,0,1,0.0,0,0,0,0,0,0,1,0,0,0,0,2,2.0,100.0,50.0,50.0,1.01,0
SENDAI 89ERS,"Yusei Sugiura, Shota Watanabe, Nathan Boothe, Soichiro Inoue, Jarrett Culver","SENDAI 89ERS|14,15,45,75,8",2,2.0,121.0,0,0,2,0.0,0,1,0.0,0,0,0,0,0,0,0,0,0,2,0,7,4.0,0.0,203.5,-203.5,0.0,-7
HIROSHIMA DRAGONFLIES,"Toshiki Kamisawa, Dwayne Evans II, Kofi Cockburn, Ryo Yamazaki, Keijiro Mitani","HIROSHIMA DRAGONFLIES|10,13,23,30,34",1,2.0,118.0,5,2,2,100.0,1,1,100.0,0,0,0,0,0,0,1,0,0,1,0,1,3.0,166.7,29.1,137.6,2.54,4
KOSHIGAYA ALPHAS,"Jarell Martin, Yuichi Ikeda, Takeru Oba, Anthony Clemmons, Joseph Diawara","KOSHIGAYA ALPHAS|1,12,14,5,8",1,2.0,118.0,2,0,1,0.0,0,0,0,2,2,100.0,0,0,0,1,0,0,1,0,2,2.9,69.4,66.7,2.8,1.02,0
GUNMA CRANE THUNDERS,"Kenny Asano, Terrance Woodbury, Takuto Nakamura, Kerry BlackshearJr, Naoto Tsuji","GUNMA CRANE THUNDERS|16,30,6,8,9",1,2.0,122.0,2,1,6,16.7,0,0,0,0,0,0,0,0,0,1,0,0,0,0,0,6.0,33.3,0.0,33.3,0.98,2
RYUKYU GOLDEN KINGS,"Ryuichi Kishimoto, Damyean Dotson, Shota Onodera, Jack Cooley, Ryo Sadohara","RYUKYU GOLDEN KINGS|14,21,34,45,8",2,2.0,119.0,3,1,1,100.0,1,1,100.0,0,0,0,0,0,0,0,0,0,2,0,4,3.0,100.0,100.0,0.0,1.51,-1
HIROSHIMA DRAGONFLIES,"Ryo Terashima, Dwayne Evans II, Kofi Cockburn, Keijiro Mitani, Kaine Roberts","HIROSHIMA DRAGONFLIES|0,13,23,34,4",1,2.0,118.0,3,1,2,50.0,0,0,0,1,3,33.3,0,0,0,2,0,0,0,0,2,3.3,90.4,50.0,40.4,1.53,1
IBARAKI ROBOTS,"Kohei Nakamura, Eric Jacobsen, Keita Tsurumaki, Noboru Hasegawa, Tim Schneider","IBARAKI ROBOTS|13,21,29,3,30",1,2.0,119.0,2,1,3,33.3,0,2,0.0,0,1,0.0,0,0,0,2,0,0,0,0,2,3.4,58.1,50.0,8.1,1.01,0
UTSUNOMIYA BREX,"Kosuke Takeuchi, Shinji Takashima, Seiji Ikaruga, DJ Newbill, Grant Jerrett","UTSUNOMIYA BREX|10,12,18,25,34",1,2.0,119.0,2,1,4,25.0,0,3,0.0,0,0,0,0,0,0,1,0,0,0,0,2,4.0,50.0,58.1,-8.1,1.01,0
FIGHTING EAGLES NAGOYA,"Jamorko Pickett, Katsuki Hiramatsu, Takaya Sasayama, Ryuto Yasuoka, Sean O'mara","FIGHTING EAGLES NAGOYA|0,12,21,23,54",1,2.0,119.0,2,1,6,16.7,0,2,0.0,0,0,0,0,0,0,0,0,0,0,0,4,6.0,33.3,133.3,-100.0,1.01,-2
SAGA BALLOONERS,"Atsuki Kishida, Tanner Groves, Ryota Inoue, Josh Harrellson, Davon Reed","SAGA BALLOONERS|20,22,34,55,9",1,2.0,122.0,7,2,2,100.0,1,1,100.0,2,2,100.0,0,0,0,3,0,0,1,0,5,3.9,180.4,125.0,55.4,3.44,2
ALTIRI CHIBA,"Marial Shayok, Kei Sugimoto, Kotetsu Kurokawa, Luke Evans, Dererk Pardon","ALTIRI CHIBA|1,11,3,33,7",1,2.0,118.0,0,0,1,0.0,0,1,0.0,0,0,0,0,0,0,2,0,0,1,0,5,2.0,0.0,112.6,-112.6,0.0,-5
YOKOHAMA B-CORSAIRS,"Seiya Ando, Koya Sudo, Damien Inglis, Gakuto Arai, Gary Clark","YOKOHAMA B-CORSAIRS|3,30,4,6,8",1,2.0,118.0,5,2,2,100.0,1,1,100.0,0,0,0,0,0,0,1,0,0,1,0,5,3.0,166.7,128.9,37.8,2.54,0
CHIBA JETS,"Yuta Watanabe, Ren Kanechika, Garrison Brooks, Shuta Hara, Nassir Little","CHIBA JETS|1,12,15,31,8",1,2.0,121.0,0,0,3,0.0,0,2,0.0,0,0,0,0,0,0,0,0,0,1,0,5,4.0,0.0,166.7,-166.7,0.0,-5
AKITA NORTHERN HAPPINETS,"Yanni Wetzell, Takuya Nakayama, Yori Iwaya, Tsubasa Kurihara, Kanji Takahira","AKITA NORTHERN HAPPINETS|10,17,18,2,24",1,2.0,121.0,7,3,3,100.0,1,1,100.0,0,0,0,0,0,0,1,0,0,0,0,2,3.0,233.3,100.0,133.3,3.47,5
NAGOYA DIAMOND DOLPHINS,"Aaron Henry, Takumi Saito, Taketo Kato, Kyle Richardson, Tenketsu Harimoto","NAGOYA DIAMOND DOLPHINS|11,2,3,34,8",1,2.0,122.0,5,2,3,66.7,1,1,100.0,0,0,0,0,0,0,1,0,0,2,0,6,5.0,100.0,120.0,-20.0,2.46,-1
YOKOHAMA B-CORSAIRS,"Maik Kotsar, Seiya Ando, Koya Sudo, Gakuto Arai, Gary Clark","YOKOHAMA B-CORSAIRS|21,3,30,6,8",1,2.0,118.0,0,0,2,0.0,0,1,0.0,0,0,0,0,0,0,1,0,0,0,0,4,2.0,0.0,80.0,-80.0,0.0,-4
NAGOYA DIAMOND DOLPHINS,"Aaron Henry, Takumi Saito, Keita Imamura, Kyle Richardson, Tenketsu Harimoto","NAGOYA DIAMOND DOLPHINS|11,2,30,34,8",2,2.0,118.0,3,1,2,50.0,1,1,100.0,0,0,0,0,0,0,1,0,0,0,0,2,2.0,150.0,66.7,83.3,1.53,1
RYUKYU GOLDEN KINGS,"Masahiro Waki, Damyean Dotson, Shota Onodera, Vic Law, Alex Kirk","RYUKYU GOLDEN KINGS|18,21,34,4,53",2,2.0,122.0,3,1,2,50.0,1,2,50.0,0,0,0,0,0,0,1,0,0,0,0,2,2.0,150.0,66.7,83.3,1.48,1
GUNMA CRANE THUNDERS,"Koh Flippin, Trey Jones, Takuto Nakamura, Kerry BlackshearJr, Naoto Tsuji","GUNMA CRANE THUNDERS|1,4,6,8,9",1,2.0,120.0,2,1,3,33.3,0,1,0.0,0,0,0,0,0,0,2,0,0,0,0,5,3.0,66.7,83.3,-16.7,1.0,-3
NAGASAKI VELCA,"Hayato Yamaguchi, Yudai Baba, Akil Mitchell, Masaya Karimata, Jarrell Brantley","NAGASAKI VELCA|17,18,25,4,7",2,1.9,115.0,4,1,2,50.0,0,1,0.0,2,2,100.0,0,0,0,2,0,0,0,0,5,2.9,138.9,128.9,10.0,2.09,-1
GUNMA CRANE THUNDERS,"Koh Flippin, Kazuki Hosokawa, Johannes Thiemann, Trey Jones, Naoto Tsuji","GUNMA CRANE THUNDERS|1,29,32,4,9",2,1.9,114.0,5,2,2,100.0,1,1,100.0,0,0,0,0,0,0,1,0,0,1,0,2,3.0,166.7,100.0,66.7,2.63,3
YOKOHAMA B-CORSAIRS,"Cameron Jackson, Kiefer Ravena, Kenta Morii, Seiya Ando, Gary Clark","YOKOHAMA B-CORSAIRS|11,15,18,3,8",1,1.9,115.0,1,0,2,0.0,0,2,0.0,1,2,50.0,0,0,0,0,0,0,0,0,2,2.9,34.7,51.5,-16.8,0.52,-1
IBARAKI ROBOTS,"Robert Franks, Genki Kojima, Kohei Nakamura, Eric Jacobsen, Keita Tsurumaki","IBARAKI ROBOTS|0,1,13,21,29",2,1.9,115.0,4,1,2,50.0,0,1,0.0,2,2,100.0,0,0,0,0,0,0,0,0,2,2.9,138.9,40.0,98.9,2.09,2
ALVARK TOKYO,"Marcus Foster, Gen Hiraiwa, Ryan Rossiter, Kai Toews, Taiki Osakabe","ALVARK TOKYO|17,21,22,3,75",1,1.9,115.0,5,2,2,100.0,1,1,100.0,0,0,0,0,0,0,1,0,0,0,0,4,2.0,250.0,138.9,111.1,2.61,1
TOYAMA GROUSES,"Naoki Uto, Brock Motum, Nyika Williams, Trey Kell, Takeshi Mito","TOYAMA GROUSES|11,12,6,8,9",2,1.9,114.0,4,1,2,50.0,1,1,100.0,1,2,50.0,0,0,0,1,0,0,2,0,8,4.9,82.0,116.3,-34.3,2.11,-4
OSAKA EVESSA,"Ryan Luther, Joji Takeuchi, Rei Goda, Tatsuya Suzuki, Matt Bonds","OSAKA EVESSA|11,15,20,35,5",1,1.9,112.0,2,1,5,20.0,0,2,0.0,0,0,0,0,0,0,1,0,0,0,0,2,5.0,40.0,100.0,-60.0,1.07,0
ALVARK TOKYO,"Sebastian Saiz, Ryan Rossiter, Kohei Fukuzawa, Kai Toews, Shuto Ando","ALVARK TOKYO|11,22,25,3,9",1,1.9,111.0,3,1,3,33.3,1,3,33.3,0,0,0,0,0,0,0,0,0,0,0,3,3.0,100.0,150.0,-50.0,1.62,0
KAWASAKI BRAVE THUNDERS,"Omar Jamaleddine, Dušan Ristić, Ryo Iida, Jaheru Ryuto Yamauchi, Ryusei Shinoyama","KAWASAKI BRAVE THUNDERS|1,14,17,45,7",1,1.9,115.0,0,0,2,0.0,0,1,0.0,0,0,0,0,0,0,0,0,0,1,0,0,3.0,0.0,0.0,0.0,0.0,0
SAN-EN NEOPHOENIX,"Steve Zack, Hirotaka Yoshii, Jordan Dallas, Kazuma Tsuya, Sota Oura","SAN-EN NEOPHOENIX|00,10,22,28,5",1,1.9,112.0,3,1,5,20.0,1,2,50.0,0,0,0,0,0,0,0,0,0,0,0,4,5.0,60.0,133.3,-73.3,1.61,-1
SENDAI 89ERS,"Hirohide Araya, Shota Watanabe, Nathan Boothe, Jarrett Culver, Sergio El Darwich","SENDAI 89ERS|11,15,45,8,9",2,1.9,114.0,1,0,0,0,0,0,0,1,1,100.0,0,0,0,0,0,0,3,0,2,3.4,29.1,50.0,-20.9,0.53,-1
UTSUNOMIYA BREX,"Kosuke Takeuchi, Seiji Ikaruga, DJ Newbill, Grant Jerrett, Yusuke Endo","UTSUNOMIYA BREX|10,18,25,34,9",3,1.9,116.0,3,1,3,33.3,1,2,50.0,0,2,0.0,0,0,0,0,0,0,1,0,0,4.9,61.5,0.0,61.5,1.55,3
NAGOYA DIAMOND DOLPHINS,"Aaron Henry, Alan Williams, Takumi Saito, Keita Imamura, Tenketsu Harimoto","NAGOYA DIAMOND DOLPHINS|11,15,2,30,8",3,1.9,113.0,4,2,3,66.7,0,0,0,0,0,0,0,0,0,1,0,0,0,0,4,3.0,133.3,133.3,0.0,2.12,0
GUNMA CRANE THUNDERS,"Yuma Fujii, Kenny Lawson Jr, Kazuki Hosokawa, Terrance Woodbury, Takuto Nakamura","GUNMA CRANE THUNDERS|0,25,29,30,6",1,1.9,113.0,2,1,3,33.3,0,0,0,0,0,0,0,0,0,0,0,0,0,0,4,3.0,66.7,66.7,0.0,1.06,-2
LEVANGA HOKKAIDO,"Kyosuke Hoshino, Dwight Ramos, John Harrar, Jahlil Okafor, Keisei Tominaga","LEVANGA HOKKAIDO|14,2,21,22,30",1,1.9,112.0,5,2,2,100.0,1,1,100.0,0,0,0,0,0,0,1,0,0,1,0,6,3.0,166.7,174.4,-7.8,2.68,-1
IBARAKI ROBOTS,"Robert Franks, Ru Jingaoka, Keita Tsurumaki, Noboru Hasegawa, Hayate Komasawa","IBARAKI ROBOTS|0,10,29,3,7",1,1.9,115.0,2,0,3,0.0,0,0,0,2,2,100.0,0,0,0,1,0,0,0,0,2,3.9,51.5,66.7,-15.1,1.04,0
SAGA BALLOONERS,"Ryo Abe, Reynaldo Garcia, David Dudzinski, Taiki Sumida, Rui Todoroki","SAGA BALLOONERS|13,2,23,25,8",2,1.9,117.0,3,1,2,50.0,1,1,100.0,0,0,0,0,0,0,0,0,0,0,0,3,2.0,150.0,43.6,106.4,1.54,0
NAGOYA DIAMOND DOLPHINS,"Aaron Henry, Taito Nakahigashi, Kyle Richardson, Scott Eatherton, Isaiah Murphy","NAGOYA DIAMOND DOLPHINS|11,12,34,43,5",1,1.9,114.0,5,2,3,66.7,1,1,100.0,0,0,0,0,0,0,2,0,0,0,0,3,3.0,166.7,75.0,91.7,2.63,2
UTSUNOMIYA BREX,"Kosuke Takeuchi, DJ Newbill, Isaac Fotu, Atsuya Ogawa, Yusuke Endo","UTSUNOMIYA BREX|10,25,42,7,9",2,1.9,111.0,2,1,3,33.3,0,1,0.0,0,0,0,0,0,0,0,0,0,1,0,0,4.0,50.0,0.0,50.0,1.08,2
ALVARK TOKYO,"Zack Baranski, Sebastian Saiz, Kohei Fukuzawa, Chase Fieler, Shuto Ando","ALVARK TOKYO|10,11,25,60,9",1,1.9,115.0,0,0,2,0.0,0,1,0.0,0,0,0,0,0,0,0,0,0,0,0,3,2.0,0.0,100.0,-100.0,0.0,-3
IBARAKI ROBOTS,"Robert Franks, Kento Akama, Eric Jacobsen, Keita Tsurumaki, Noboru Hasegawa","IBARAKI ROBOTS|0,12,21,29,3",3,1.9,114.0,3,1,1,100.0,1,1,100.0,0,0,0,0,0,0,1,0,0,0,0,2,1.0,300.0,100.0,200.0,1.58,1
IBARAKI ROBOTS,"Ru Jingaoka, Eric Jacobsen, Keita Tsurumaki, Noboru Hasegawa, Tim Schneider","IBARAKI ROBOTS|10,21,29,3,30",3,1.9,116.0,4,1,4,25.0,0,2,0.0,2,2,100.0,0,0,0,0,0,0,0,0,4,4.9,82.0,100.0,-18.0,2.07,0
KOSHIGAYA ALPHAS,"Kai Sotto, Takeru Oba, Yuya Kamata, Anthony Clemmons, Shun Matsuyama","KOSHIGAYA ALPHAS|11,14,18,5,7",1,1.9,112.0,3,1,3,33.3,1,2,50.0,0,0,0,0,0,0,0,0,0,1,0,2,4.0,75.0,69.4,5.6,1.61,1
ALTIRI CHIBA,"Kei Sugimoto, Yuta Osaki, Trey Porter, Leon Watanabe, Dererk Pardon","ALTIRI CHIBA|11,16,22,42,7",1,1.9,115.0,5,2,3,66.7,1,1,100.0,0,0,0,0,0,0,1,0,0,1,0,5,4.0,125.0,145.3,-20.3,2.61,0
YOKOHAMA B-CORSAIRS,"Kiefer Ravena, Kenta Morii, Damien Inglis, Gakuto Arai, Gary Clark","YOKOHAMA B-CORSAIRS|15,18,4,6,8",2,1.9,114.0,3,1,3,33.3,1,3,33.3,0,0,0,0,0,0,0,0,0,0,0,2,3.0,100.0,66.7,33.3,1.58,1
SHIGA LAKES,"Zach Auguste, Yosei Nishida, Daichi Nomoto, Junpei Iwashita, Ryan Kriener","SHIGA LAKES|0,14,16,2,4",2,1.9,112.0,7,2,5,40.0,2,5,40.0,1,4,25.0,0,0,0,0,0,0,0,0,2,6.8,103.6,69.4,34.1,3.75,5
SHIMANE SUSANOO MAGIC,"Coty Clarke, Taichi Nakamura, James Michael McAdoo, Yuto Nohmi, Anthony Sho Sukegawa","SHIMANE SUSANOO MAGIC|1,11,14,21,7",2,1.9,117.0,6,3,4,75.0,0,0,0,0,0,0,0,0,0,1,0,0,0,0,2,4.0,150.0,69.4,80.6,3.08,4
ALTIRI CHIBA,"Marial Shayok, Trey Porter, Naoya Kumagae, Kotetsu Kurokawa, Luke Evans","ALTIRI CHIBA|1,22,27,3,33",1,1.9,113.0,8,3,4,75.0,2,3,66.7,0,0,0,0,0,0,0,0,0,0,0,0,4.0,200.0,0.0,200.0,4.25,8
SHIMANE SUSANOO MAGIC,"Coty Clarke, Taichi Nakamura, Nick Kay, Shota Arai, Anthony Sho Sukegawa","SHIMANE SUSANOO MAGIC|1,11,4,5,7",2,1.9,117.0,3,1,4,25.0,1,1,100.0,0,0,0,0,0,0,1,0,0,0,0,6,4.0,75.0,200.0,-125.0,1.54,-3
GUNMA CRANE THUNDERS,"AJ Edu, Kenny Asano, Takuto Nakamura, Kerry BlackshearJr, Naoto Tsuji","GUNMA CRANE THUNDERS|15,16,6,8,9",1,1.9,115.0,4,2,3,66.7,0,0,0,0,0,0,0,0,0,0,0,0,0,0,2,3.0,133.3,50.0,83.3,2.09,2
HIROSHIMA DRAGONFLIES,"Ryo Terashima, Dwayne Evans II, Nick Mayo, Tatsuya Ito, Christopher Smith","HIROSHIMA DRAGONFLIES|0,13,24,3,8",1,1.9,113.0,2,1,2,50.0,0,0,0,0,0,0,0,0,0,0,0,0,1,0,3,3.0,66.7,60.0,6.7,1.06,-1
NAGASAKI VELCA,"Kenji leon Matsumoto, Stanley Johnson, Hayato Yamaguchi, Hyunjung Lee, Jarrell Brantley","NAGASAKI VELCA|1,14,17,5,7",1,1.9,112.0,8,1,2,50.0,0,1,0.0,6,8,75.0,0,0,0,0,0,0,2,0,1,7.5,106.4,23.1,83.2,4.29,7
OSAKA EVESSA,"Ray Parks Jr, Ryan Luther, Rei Goda, Tatsuya Suzuki, Volodymyr Gerun","OSAKA EVESSA|1,11,20,35,52",2,1.9,113.0,2,0,2,0.0,0,2,0.0,2,2,100.0,0,0,0,1,0,0,0,0,0,2.9,69.4,0.0,69.4,1.06,2
SAN-EN NEOPHOENIX,"Yante Maten, Hideya Asai, David Nwaba, Ryusei Sasaki, Junior Kodama","SAN-EN NEOPHOENIX|1,11,2,24,33",1,1.9,115.0,6,3,6,50.0,0,2,0.0,0,1,0.0,0,0,0,2,0,0,0,0,0,6.4,93.2,0.0,93.2,3.13,6
KYOTO HANNARYZ,"Hayato Kawashima, Angelo Caloiaro, Ira Brown, Jordan Heath, Takatoshi Furukawa","KYOTO HANNARYZ|15,32,33,35,51",1,1.9,112.0,3,1,2,50.0,1,1,100.0,0,0,0,0,0,0,1,0,0,0,0,5,2.0,150.0,115.7,34.3,1.61,-2
SUNROCKERS SHIBUYA,"Didi Louzada, Donte Grantham, Daiki Tanaka, Toyoshige Kano, Leo Vendrame","SUNROCKERS SHIBUYA|0,1,13,14,9",1,1.9,112.0,2,1,2,50.0,0,0,0,0,0,0,0,0,0,1,0,0,1,0,4,3.0,66.7,133.3,-66.7,1.07,-2
KOSHIGAYA ALPHAS,"Takeru Oba, Jordan Ngatai, Kai Sugawara, Sekou Doumbouya, Shun Matsuyama","KOSHIGAYA ALPHAS|14,20,28,45,7",1,1.9,115.0,5,2,3,66.7,1,2,50.0,0,0,0,0,0,0,2,0,0,0,0,2,3.0,166.7,40.0,126.7,2.61,3
ALTIRI CHIBA,"Takaaki Kida, Kei Sugimoto, Yuta Osaki, Trey Porter, Dererk Pardon","ALTIRI CHIBA|0,11,16,22,7",1,1.9,113.0,0,0,3,0.0,0,0,0,0,0,0,0,0,0,0,0,0,0,0,0,3.0,0.0,0.0,0.0,0.0,0
TOYAMA GROUSES,"Towa Izumi, Haruaki Tanaka, Yannis Morin, Kazuki Miyamoto, Trey Kell","TOYAMA GROUSES|14,17,24,7,8",1,1.9,111.0,6,2,3,66.7,2,2,100.0,0,0,0,0,0,0,2,0,0,1,0,2,4.0,150.0,66.7,83.3,3.24,4
FIGHTING EAGLES NAGOYA,"Hikaru Tsukioka, Francis Lopez, Takaya Sasayama, Andrew Randall, Sean O'mara","FIGHTING EAGLES NAGOYA|11,20,21,33,54",1,1.9,114.0,6,2,4,50.0,2,2,100.0,0,0,0,0,0,0,2,0,0,0,0,3,4.0,150.0,77.3,72.7,3.16,3
ALTIRI CHIBA,"Yuta Osaki, Trey Porter, Yuto Otsuka, Luke Evans, Tomoya Hasegawa","ALTIRI CHIBA|16,22,24,33,8",1,1.9,116.0,3,1,2,50.0,0,0,0,1,2,50.0,0,0,0,2,0,0,1,0,7,3.9,77.3,175.0,-97.7,1.55,-4
KYOTO HANNARYZ,"Charles Jackson, Asato Ogawa, Ryunosuke Watanabe, Jordan Heath, Mone Alex Hall","KYOTO HANNARYZ|10,12,16,35,39",1,1.9,113.0,2,1,4,25.0,0,1,0.0,0,1,0.0,0,0,0,1,0,0,1,0,6,5.4,36.8,300.0,-263.2,1.06,-4
SHIMANE SUSANOO MAGIC,"Ryosuke Shirahama, Fumiya Iio, Nick Kay, Shota Arai, Anthony Sho Sukegawa","SHIMANE SUSANOO MAGIC|15,22,4,5,7",1,1.9,117.0,0,0,3,0.0,0,3,0.0,0,0,0,0,0,0,0,0,0,0,0,2,3.0,0.0,50.0,-50.0,0.0,-2
GUNMA CRANE THUNDERS,"Yuma Fujii, Koh Flippin, AJ Edu, Kenny Asano, Johannes Thiemann","GUNMA CRANE THUNDERS|0,1,15,16,32",1,1.9,117.0,5,2,3,66.7,1,2,50.0,0,0,0,0,0,0,0,0,0,1,0,2,4.0,125.0,200.0,-75.0,2.56,3
SAN-EN NEOPHOENIX,"Yante Maten, Hayato Wakugawa, David Nwaba, Ryusei Sasaki, Kazuma Tsuya","SAN-EN NEOPHOENIX|1,14,2,24,28",2,1.9,112.0,1,0,1,0.0,0,1,0.0,1,1,100.0,0,0,0,0,0,0,1,0,7,2.4,41.0,180.4,-139.4,0.54,-6
SUNROCKERS SHIBUYA,"Donte Grantham, Morihisa Yamauchi, Thomas Welsh, Josh Hawkinson, Leo Vendrame","SUNROCKERS SHIBUYA|1,32,40,8,9",1,1.9,117.0,1,0,2,0.0,0,1,0.0,1,2,50.0,0,0,0,0,0,0,1,0,6,3.9,25.8,120.0,-94.2,0.51,-5
B.LEAGUE U18 JADE,"Isa Ehara, Yuito Haruta, Ayuki Kawabe, Masato Abe, Yuma Nishimura","B.LEAGUE U18 JADE|10,11,12,4,5",1,1.9,113.0,7,3,5,60.0,1,2,50.0,0,0,0,0,0,0,1,0,0,0,0,3,5.0,140.0,87.2,52.8,3.72,4
ALTIRI CHIBA,"Brandon Ashley, Trey Porter, Kotetsu Kurokawa, Luke Evans, Reo Maeda","ALTIRI CHIBA|21,22,3,33,5",2,1.8,106.0,5,1,2,50.0,0,0,0,3,4,75.0,0,0,0,3,0,0,0,0,4,3.8,133.0,109.9,23.1,2.83,1
AKITA NORTHERN HAPPINETS,"Tanner Leissner, Ali Mezher, Keanu Pinder, Shigehiro Taguchi, Raita Akaho","AKITA NORTHERN HAPPINETS|15,22,25,5,6",2,1.8,106.0,2,1,2,50.0,0,1,0.0,0,0,0,0,0,0,2,0,0,0,0,5,2.0,100.0,166.7,-66.7,1.13,-3
KYOTO HANNARYZ,"Charles Jackson, Ryunosuke Watanabe, Leon Shibuta, Angelo Caloiaro, Takatoshi Furukawa","KYOTO HANNARYZ|10,16,3,32,51",1,1.8,109.0,3,1,1,100.0,1,1,100.0,0,0,0,0,0,0,1,0,0,2,0,7,3.0,100.0,180.4,-80.4,1.65,-4
RYUKYU GOLDEN KINGS,"Hayate Arakawa, Keve Aluma, Yoshiyuki Matsuwaki, Koya Kobari, Alex Kirk","RYUKYU GOLDEN KINGS|10,12,15,2,53",2,1.8,105.0,3,1,4,25.0,0,1,0.0,1,1,100.0,0,0,0,0,0,0,0,0,2,4.4,67.6,100.0,-32.4,1.71,1
YOKOHAMA B-CORSAIRS,"Cameron Jackson, Kiefer Ravena, Kenta Morii, Koya Sudo, Damien Inglis","YOKOHAMA B-CORSAIRS|11,15,18,30,4",1,1.8,105.0,3,1,2,50.0,0,0,0,1,2,50.0,0,0,0,1,0,0,0,0,2,2.9,104.2,50.0,54.2,1.71,1
LEVANGA HOKKAIDO,"Shuto Ichiba, Ren Shimatani, John Harrar, Jahlil Okafor, Keisei Tominaga","LEVANGA HOKKAIDO|12,15,21,22,30",3,1.8,105.0,5,2,6,33.3,0,1,0.0,1,1,100.0,0,0,0,3,0,0,0,0,7,6.4,77.6,119.0,-41.4,2.86,-2
KOSHIGAYA ALPHAS,"Jarell Martin, Yuichi Ikeda, Kai Sugawara, Shuhei Kitagawa, Sekou Doumbouya","KOSHIGAYA ALPHAS|1,12,28,31,45",1,1.8,109.0,5,2,3,66.7,1,2,50.0,0,0,0,0,0,0,1,0,0,2,0,2,5.0,100.0,40.0,60.0,2.75,3
SHIGA LAKES,"Kohei Tsuneta, Thomas Wimbush, Higen Hasegawa, Ryan Kriener, Ai-Che Yu","SHIGA LAKES|17,20,34,4,7",2,1.8,109.0,4,1,4,25.0,0,2,0.0,2,2,100.0,0,0,0,0,0,0,0,0,8,4.9,82.0,180.2,-98.2,2.2,-4
KOSHIGAYA ALPHAS,"Jarell Martin, Yuichi Ikeda, Sekou Doumbouya, Hamiltongary Kotera, Shun Matsuyama","KOSHIGAYA ALPHAS|1,12,45,6,7",1,1.8,108.0,3,1,2,50.0,1,2,50.0,0,0,0,0,0,0,0,0,0,1,0,3,3.0,100.0,159.6,-59.6,1.67,0
IBARAKI ROBOTS,"Robert Franks, Eric Jacobsen, Noboru Hasegawa, Hayate Komasawa, Jae-Min Yang","IBARAKI ROBOTS|0,21,3,7,9",1,1.8,108.0,2,1,3,33.3,0,1,0.0,0,0,0,0,0,0,1,0,0,0,0,3,3.0,66.7,100.0,-33.3,1.11,-1
IBARAKI ROBOTS,"Robert Franks, Kotaro Hisaoka, Eric Jacobsen, Keita Tsurumaki, Hayate Komasawa","IBARAKI ROBOTS|0,14,21,29,7",2,1.8,110.0,5,2,2,100.0,1,1,100.0,0,0,0,0,0,0,1,0,0,0,0,0,2.0,250.0,0.0,250.0,2.73,5
AKITA NORTHERN HAPPINETS,"Tanner Leissner, Takuya Nakayama, Keanu Pinder, Shigehiro Taguchi, Raita Akaho","AKITA NORTHERN HAPPINETS|15,17,25,5,6",1,1.8,108.0,3,1,3,33.3,0,1,0.0,1,2,50.0,0,0,0,1,0,0,0,0,2,3.9,77.3,50.0,27.3,1.67,1
SAGA BALLOONERS,"Ryo Abe, Tanner Groves, Taiki Sumida, Ryota Inoue, Josh Harrellson","SAGA BALLOONERS|13,22,25,34,55",1,1.8,106.0,0,0,2,0.0,0,1,0.0,0,0,0,0,0,0,0,0,0,2,0,5,4.0,0.0,166.7,-166.7,0.0,-5
CHIBA JETS,"Yuta Watanabe, DJ Hogg, Yuki Togashi, Naoki Tashiro, Michael Ou","CHIBA JETS|1,10,2,4,7",1,1.8,110.0,5,2,3,66.7,1,2,50.0,0,0,0,0,0,0,2,0,0,0,0,7,3.0,166.7,233.3,-66.7,2.73,-2
FIGHTING EAGLES NAGOYA,"Tensho Sugimoto, Katsuki Hiramatsu, Jeremy Jones, Ryuto Yasuoka, Sean O'mara","FIGHTING EAGLES NAGOYA|10,12,22,23,54",1,1.8,107.0,3,1,3,33.3,0,1,0.0,1,1,100.0,0,0,0,0,0,0,0,0,0,3.4,87.2,0.0,87.2,1.68,3
SHIGA LAKES,"Zach Auguste, Yosei Nishida, Shintaro Ehara, Ryan Kriener, Ai-Che Yu","SHIGA LAKES|0,14,25,4,7",2,1.8,107.0,3,1,3,33.3,1,3,33.3,0,0,0,0,0,0,0,0,0,1,0,3,4.0,75.0,67.6,7.4,1.68,0
ALVARK TOKYO,"Zack Baranski, Marcus Foster, Ryan Rossiter, Hiromu Nakamura, Taiki Osakabe","ALVARK TOKYO|10,17,22,5,75",2,1.8,110.0,4,2,3,66.7,0,1,0.0,0,0,0,0,0,0,0,0,0,1,0,3,4.0,100.0,108.7,-8.7,2.18,1
ALTIRI CHIBA,"Kei Sugimoto, Trey Porter, Kotetsu Kurokawa, Luke Evans, Dererk Pardon","ALTIRI CHIBA|11,22,3,33,7",3,1.8,110.0,2,0,3,0.0,0,3,0.0,2,2,100.0,0,0,0,0,0,0,3,0,3,6.9,29.1,61.5,-32.4,1.09,-1
OSAKA EVESSA,"Ray Parks Jr, Ryan Luther, Yasunori Aoki, Matt Bonds, Yoshiya Uematsu","OSAKA EVESSA|1,11,4,5,8",2,1.8,108.0,4,2,4,50.0,0,1,0.0,0,0,0,0,0,0,1,0,0,1,0,7,5.0,80.0,95.6,-15.6,2.22,-3
FIGHTING EAGLES NAGOYA,"Mark Burton, Takaya Sasayama, Jeremy Jones, Ryuto Yasuoka, Sean O'mara","FIGHTING EAGLES NAGOYA|1,21,22,23,54",1,1.8,105.0,3,1,3,33.3,1,2,50.0,0,0,0,0,0,0,0,0,0,0,0,4,3.0,100.0,133.3,-33.3,1.71,-1
YOKOHAMA B-CORSAIRS,"Kai King, Kaleb Tarczewski, Seiya Ando, Damien Inglis, Hiroki Taniguchi","YOKOHAMA B-CORSAIRS|23,25,3,4,7",1,1.8,109.0,2,1,4,25.0,0,2,0.0,0,0,0,0,0,0,0,0,0,0,0,0,4.0,50.0,0.0,50.0,1.1,2
GUNMA CRANE THUNDERS,"Yuma Fujii, Terrance Woodbury, Daichi Taniguchi, Kerry BlackshearJr, Naoto Tsuji","GUNMA CRANE THUNDERS|0,30,55,8,9",1,1.8,110.0,9,3,4,75.0,3,3,100.0,0,0,0,0,0,0,2,0,0,0,0,2,4.0,225.0,66.7,158.3,4.91,7
SHIGA LAKES,"Zach Auguste, Thomas Wimbush, Sean Ichioka, Taiki Okada, Ai-Che Yu","SHIGA LAKES|0,20,22,6,7",2,1.8,110.0,5,1,4,25.0,1,1,100.0,2,3,66.7,0,0,0,0,0,0,2,0,2,7.3,68.3,51.5,16.8,2.73,3
AKITA NORTHERN HAPPINETS,"Yanni Wetzell, Taiyo Motoda, Takuya Nakayama, Tsubasa Kurihara, Alistair Tokio Tsuchiya","AKITA NORTHERN HAPPINETS|10,12,17,2,77",1,1.8,109.0,0,0,3,0.0,0,1,0.0,0,0,0,0,0,0,0,0,0,1,0,3,4.0,0.0,75.0,-75.0,0.0,-3
KAWASAKI BRAVE THUNDERS,"Shota Tsuyama, Dušan Ristić, Takumi Hasegawa, Emanuel Terry, Taiga Okada","KAWASAKI BRAVE THUNDERS|13,14,33,5,55",1,1.8,106.0,0,0,3,0.0,0,2,0.0,0,0,0,0,0,0,0,0,0,0,0,2,3.0,0.0,66.7,-66.7,0.0,-2
AKITA NORTHERN HAPPINETS,"Jamel Mclean, Taiyo Motoda, Takuya Nakayama, Tsubasa Kurihara, Keanu Pinder","AKITA NORTHERN HAPPINETS|1,12,17,2,25",1,1.8,109.0,0,0,2,0.0,0,2,0.0,0,0,0,0,0,0,0,0,0,0,0,6,2.0,0.0,150.0,-150.0,0.0,-6
AKITA NORTHERN HAPPINETS,"Jamel Mclean, Yanni Wetzell, Taiyo Motoda, Takuya Nakayama, Tsubasa Kurihara","AKITA NORTHERN HAPPINETS|1,10,12,17,2",2,1.8,108.0,0,0,2,0.0,0,1,0.0,0,0,0,0,0,0,0,0,0,0,0,5,2.0,0.0,112.6,-112.6,0.0,-5
TOYAMA GROUSES,"Brock Motum, Matthew Aquino, Haruaki Tanaka, Yuzo Okada, Trey Kell","TOYAMA GROUSES|12,13,17,3,8",2,1.8,107.0,2,0,5,0.0,0,1,0.0,2,2,100.0,0,0,0,0,0,0,0,0,6,5.9,34.0,102.0,-68.0,1.12,-4
RYUKYU GOLDEN KINGS,"Ryuichi Kishimoto, Damyean Dotson, Jack Cooley, Alex Kirk, Ryo Sadohara","RYUKYU GOLDEN KINGS|14,21,45,53,8",1,1.8,107.0,2,1,2,50.0,0,0,0,0,0,0,0,0,0,0,0,0,2,0,9,4.0,50.0,163.0,-113.0,1.12,-7
OSAKA EVESSA,"Ray Parks Jr, Joji Takeuchi, Tatsuya Suzuki, Volodymyr Gerun, Seiga Sakamoto","OSAKA EVESSA|1,15,35,52,60",1,1.8,106.0,2,1,1,100.0,0,0,0,0,0,0,0,0,0,1,0,0,3,0,6,4.0,50.0,154.6,-104.6,1.13,-4
ALTIRI CHIBA,"Takaaki Kida, Kei Sugimoto, Kotetsu Kurokawa, Luke Evans, Dererk Pardon","ALTIRI CHIBA|0,11,3,33,7",2,1.8,105.0,4,2,2,100.0,0,0,0,0,0,0,0,0,0,1,0,0,1,0,3,3.0,133.3,100.0,33.3,2.29,1
SENDAI 89ERS,"Shota Watanabe, Ryota Hanzawa, Nathan Boothe, Soichiro Inoue, Jarrett Culver","SENDAI 89ERS|15,23,45,75,8",1,1.8,110.0,5,2,3,66.7,1,2,50.0,0,0,0,0,0,0,1,0,0,0,0,6,3.0,166.7,200.0,-33.3,2.73,-1
KYOTO HANNARYZ,"Chehales Tapscott, Satoru Maeta, Hayato Kawashima, Leon Shibuta, Jordan Heath","KYOTO HANNARYZ|11,13,15,3,35",1,1.8,108.0,8,3,4,75.0,2,3,66.7,0,0,0,0,0,0,1,0,0,0,0,5,4.0,200.0,215.5,-15.5,4.44,3
KAWASAKI BRAVE THUNDERS,"Omar Jamaleddine, Shota Tsuyama, Dušan Ristić, Rosco Allen, Taiga Okada","KAWASAKI BRAVE THUNDERS|1,13,14,25,55",1,1.8,105.0,0,0,1,0.0,0,0,0,0,0,0,0,0,0,1,0,0,0,0,3,1.0,0.0,100.0,-100.0,0.0,-3
FIGHTING EAGLES NAGOYA,"Francis Lopez, Takaya Sasayama, Ryuto Yasuoka, Sean O'mara, Tyrell Taku Sudo","FIGHTING EAGLES NAGOYA|20,21,23,54,6",1,1.8,108.0,3,1,2,50.0,1,2,50.0,0,0,0,0,0,0,0,0,0,0,0,6,2.0,150.0,120.0,30.0,1.67,-3
AKITA NORTHERN HAPPINETS,"Jamel Mclean, Yanni Wetzell, Takuya Nakayama, Ali Mezher, Kanji Takahira","AKITA NORTHERN HAPPINETS|1,10,17,22,24",2,1.8,108.0,1,0,2,0.0,0,0,0,1,2,50.0,0,0,0,0,0,0,0,0,0,2.9,34.7,0.0,34.7,0.56,1
UTSUNOMIYA BREX,"Gavin Edwards, Grant Jerrett, Makoto Hiejima, Atsuya Ogawa, Yusuke Endo","UTSUNOMIYA BREX|33,34,6,7,9",1,1.8,108.0,5,2,4,50.0,1,2,50.0,0,0,0,0,0,0,0,0,0,0,0,0,4.0,125.0,0.0,125.0,2.78,5
RYUKYU GOLDEN KINGS,"Yoshiyuki Matsuwaki, Masahiro Waki, Shota Onodera, Vic Law, Jack Cooley","RYUKYU GOLDEN KINGS|15,18,34,4,45",1,1.8,106.0,5,1,3,33.3,1,2,50.0,2,3,66.7,0,0,0,0,0,0,0,0,5,4.3,115.7,100.0,15.7,2.83,0
SHIGA LAKES,"Zach Auguste, Yosei Nishida, Thomas Wimbush, Taiki Okada, Ai-Che Yu","SHIGA LAKES|0,14,20,6,7",2,1.8,110.0,0,0,3,0.0,0,1,0.0,0,0,0,0,0,0,0,0,0,0,0,4,3.0,0.0,138.9,-138.9,0.0,-4
CHIBA JETS,"Ren Kanechika, Yuki Togashi, Shuta Hara, Jeff Gibbs, Nassir Little","CHIBA JETS|12,2,31,34,8",1,1.8,110.0,2,0,2,0.0,0,1,0.0,2,2,100.0,0,0,0,1,0,0,1,0,0,3.9,51.5,0.0,51.5,1.09,2
ALTIRI CHIBA,"Yuta Osaki, Kotetsu Kurokawa, Luke Evans, Reo Maeda, Dererk Pardon","ALTIRI CHIBA|16,3,33,5,7",1,1.8,109.0,2,1,3,33.3,0,1,0.0,0,0,0,0,0,0,1,0,0,0,0,5,3.0,66.7,125.0,-58.3,1.1,-3
YOKOHAMA B-CORSAIRS,"Kiefer Ravena, Kenta Morii, Kai King, Kaleb Tarczewski, Gary Clark","YOKOHAMA B-CORSAIRS|15,18,23,25,8",1,1.8,107.0,5,2,4,50.0,1,2,50.0,0,0,0,0,0,0,1,0,0,0,0,2,4.0,125.0,100.0,25.0,2.8,3
YOKOHAMA B-CORSAIRS,"Kai King, Seiya Ando, Koya Sudo, Damien Inglis, Gary Clark","YOKOHAMA B-CORSAIRS|23,3,30,4,8",2,1.8,106.0,0,0,1,0.0,0,0,0,0,0,0,0,0,0,0,0,0,1,0,7,2.0,0.0,233.3,-233.3,0.0,-7
SEAHORSES MIKAWA,"Jake Layman, Yoshiaki Kubota, Ryogo Sumino, Kosuke Ishii, Davante Gardner","SEAHORSES MIKAWA|10,11,18,27,54",1,1.8,110.0,2,1,2,50.0,0,1,0.0,0,0,0,0,0,0,1,0,0,2,0,3,4.0,50.0,104.2,-54.2,1.09,-1
FIGHTING EAGLES NAGOYA,"Francis Lopez, Ryuto Yasuoka, Narito Namizato, Andrew Randall, Tyrell Taku Sudo","FIGHTING EAGLES NAGOYA|20,23,3,33,6",2,1.8,106.0,1,0,0,0,0,0,0,1,2,50.0,0,0,0,0,0,0,1,0,6,1.9,53.2,200.0,-146.8,0.57,-5
ALVARK TOKYO,"Brandon Davies, Zack Baranski, Marcus Foster, Sota Okura, Shuto Ando","ALVARK TOKYO|0,10,17,2,9",1,1.8,105.0,4,2,3,66.7,0,1,0.0,0,0,0,0,0,0,1,0,0,0,0,4,3.0,133.3,103.1,30.2,2.29,0
SUNROCKERS SHIBUYA,"Reiya Nozaki, Troy Murphy Jr, Thomas Welsh, Josh Hawkinson, Leo Vendrame","SUNROCKERS SHIBUYA|12,4,40,8,9",1,1.8,106.0,2,1,4,25.0,0,0,0,0,0,0,0,0,0,2,0,0,0,0,4,4.0,50.0,100.0,-50.0,1.13,-2
TOYAMA GROUSES,"Brock Motum, Towa Izumi, Yoshiaki Fujinaga, Yannis Morin, Nyika Williams","TOYAMA GROUSES|12,14,2,24,6",1,1.8,107.0,0,0,0,0,0,0,0,0,2,0.0,0,0,0,0,0,0,0,0,7,0.9,0.0,162.0,-162.0,0.0,-7
SHIMANE SUSANOO MAGIC,"Taichi Nakamura, James Michael McAdoo, Nick Kay, Shota Arai, Anthony Sho Sukegawa","SHIMANE SUSANOO MAGIC|11,14,4,5,7",1,1.8,109.0,4,2,4,50.0,0,1,0.0,0,0,0,0,0,0,1,0,0,0,0,2,4.0,100.0,66.7,33.3,2.2,2
SUNROCKERS SHIBUYA,"Didi Louzada, Donte Grantham, Toyoshige Kano, Troy Murphy Jr, Leo Vendrame","SUNROCKERS SHIBUYA|0,1,14,4,9",1,1.8,108.0,2,1,4,25.0,0,3,0.0,0,0,0,0,0,0,0,0,0,0,0,2,4.0,50.0,227.3,-177.3,1.11,0
TOYAMA GROUSES,"Yannis Morin, Daichi Kuzuhara, Yuzo Okada, Kazuki Miyamoto, Trey Kell","TOYAMA GROUSES|24,25,3,7,8",1,1.8,107.0,2,1,2,50.0,0,1,0.0,0,0,0,0,0,0,0,0,0,1,0,1,3.0,66.7,17.0,49.7,1.12,1
KAWASAKI BRAVE THUNDERS,"Shota Tsuyama, Dušan Ristić, Rosco Allen, Jaheru Ryuto Yamauchi, Taiga Okada","KAWASAKI BRAVE THUNDERS|13,14,25,45,55",1,1.8,105.0,8,2,2,100.0,2,2,100.0,2,2,100.0,0,0,0,2,0,0,0,0,5,2.9,277.8,128.9,148.9,4.57,3
AKITA NORTHERN HAPPINETS,"Teru Sugawara, Tanner Leissner, Kanji Takahira, Keanu Pinder, Shigehiro Taguchi","AKITA NORTHERN HAPPINETS|14,15,24,25,5",1,1.7,100.0,0,0,2,0.0,0,1,0.0,0,0,0,0,0,0,0,0,0,1,0,5,3.0,0.0,125.0,-125.0,0.0,-5
SHIGA LAKES,"Kohei Tsuneta, Thomas Wimbush, Ryan Kriener, Taiki Okada, Ai-Che Yu","SHIGA LAKES|17,20,4,6,7",1,1.7,101.0,8,3,3,100.0,2,2,100.0,0,0,0,0,0,0,2,0,0,0,0,5,3.0,266.7,125.0,141.7,4.75,3
RYUKYU GOLDEN KINGS,"Hayate Arakawa, Shuto Sakihama, Vic Law, Alex Kirk, Ryo Sadohara","RYUKYU GOLDEN KINGS|10,17,4,53,8",1,1.7,103.0,5,2,3,66.7,1,2,50.0,0,0,0,0,0,0,0,0,0,0,0,2,3.0,166.7,100.0,66.7,2.91,3
UTSUNOMIYA BREX,"Seiji Ikaruga, DJ Newbill, Gavin Edwards, Isaac Fotu, Makoto Hiejima","UTSUNOMIYA BREX|18,25,33,42,6",3,1.7,104.0,3,0,2,0.0,0,2,0.0,3,3,100.0,0,0,0,0,0,0,0,0,6,3.3,90.4,245.9,-155.5,1.73,-3
UTSUNOMIYA BREX,"Kosuke Takeuchi, Shinji Takashima, DJ Newbill, Isaac Fotu, Makoto Hiejima","UTSUNOMIYA BREX|10,12,25,42,6",3,1.7,102.0,6,2,4,50.0,1,1,100.0,1,1,100.0,0,0,0,0,0,0,0,0,3,4.4,135.1,150.0,-14.9,3.53,3
KOSHIGAYA ALPHAS,"Takeru Oba, Shuhei Kitagawa, Sekou Doumbouya, Anthony Clemmons, Hamiltongary Kotera","KOSHIGAYA ALPHAS|14,31,45,5,6",2,1.7,104.0,0,0,3,0.0,0,2,0.0,0,0,0,0,0,0,0,0,0,0,0,4,3.0,0.0,82.0,-82.0,0.0,-4
ALTIRI CHIBA,"Takaaki Kida, Brandon Ashley, Naoya Kumagae, Kotetsu Kurokawa, Dererk Pardon","ALTIRI CHIBA|0,21,27,3,7",1,1.7,104.0,0,0,2,0.0,0,0,0,0,0,0,0,0,0,0,0,0,0,0,0,2.0,0.0,0.0,0.0,0.0,0
OSAKA EVESSA,"Ray Parks Jr, Ryan Luther, Rei Goda, Tatsuya Suzuki, Matt Bonds","OSAKA EVESSA|1,11,20,35,5",2,1.7,101.0,1,0,1,0.0,0,0,0,1,2,50.0,0,0,0,1,0,0,1,0,5,2.9,34.7,173.6,-138.9,0.59,-4
SAGA BALLOONERS,"Sori Uchio, David Dudzinski, Taiki Sumida, Josh Harrellson, Chase Fieler","SAGA BALLOONERS|18,23,25,55,60",1,1.7,101.0,0,0,2,0.0,0,2,0.0,0,0,0,0,0,0,0,0,0,0,0,4,2.0,0.0,103.1,-103.1,0.0,-4
ALTIRI CHIBA,"Kei Sugimoto, Brandon Ashley, Trey Porter, Kotetsu Kurokawa, Luke Evans","ALTIRI CHIBA|11,21,22,3,33",2,1.7,103.0,2,0,2,0.0,0,2,0.0,2,2,100.0,0,0,0,0,0,0,0,0,2,2.9,69.4,60.2,9.2,1.17,0
SEAHORSES MIKAWA,"Thomas Kennedy, Jake Layman, Koyo Nishida, Ryogo Sumino, Aaron White","SEAHORSES MIKAWA|1,10,16,18,30",1,1.7,100.0,2,1,2,50.0,0,0,0,0,0,0,0,0,0,0,0,0,0,0,4,2.0,100.0,100.0,0.0,1.2,-2
FIGHTING EAGLES NAGOYA,"Jamorko Pickett, Tensho Sugimoto, Katsuki Hiramatsu, Ryuto Yasuoka, Sean O'mara","FIGHTING EAGLES NAGOYA|0,10,12,23,54",1,1.7,101.0,5,2,5,40.0,1,2,50.0,0,0,0,0,0,0,1,0,0,1,0,0,6.0,83.3,0.0,83.3,2.97,5
NAGASAKI VELCA,"Yudai Baba, Akil Mitchell, Masaya Karimata, Hyunjung Lee, Jarrell Brantley","NAGASAKI VELCA|18,25,4,5,7",1,1.7,100.0,3,1,3,33.3,1,3,33.3,0,0,0,0,0,0,1,0,0,1,0,2,4.0,75.0,50.0,25.0,1.8,1
ALTIRI CHIBA,"Kei Sugimoto, Trey Porter, Yuto Otsuka, Kotetsu Kurokawa, Dererk Pardon","ALTIRI CHIBA|11,22,24,3,7",3,1.7,104.0,5,2,3,66.7,1,2,50.0,0,0,0,0,0,0,3,0,0,0,0,5,3.0,166.7,94.0,72.7,2.88,0
KOSHIGAYA ALPHAS,"Jarell Martin, Yuichi Ikeda, Kaito Shike, Anthony Clemmons, Hamiltongary Kotera","KOSHIGAYA ALPHAS|1,12,4,5,6",1,1.7,103.0,0,0,3,0.0,0,2,0.0,0,0,0,0,0,0,0,0,0,0,0,2,3.0,0.0,100.0,-100.0,0.0,-2
SUNROCKERS SHIBUYA,"Toyoshige Kano, John Lawrence Harper Jr, Troy Murphy Jr, Andrew Randall, Josh Hawkinson","SUNROCKERS SHIBUYA|14,3,4,7,8",1,1.7,104.0,2,1,2,50.0,0,1,0.0,0,0,0,0,0,0,1,0,0,1,0,6,3.0,66.7,300.0,-233.3,1.15,-4
FIGHTING EAGLES NAGOYA,"Jamorko Pickett, Takaya Sasayama, Ryuto Yasuoka, Narito Namizato, Sean O'mara","FIGHTING EAGLES NAGOYA|0,21,23,3,54",2,1.7,101.0,7,3,3,100.0,1,1,100.0,0,0,0,0,0,0,2,0,0,0,0,2,3.0,233.3,69.4,163.9,4.16,5
TOYAMA GROUSES,"Naoki Uto, Matthew Aquino, Haruaki Tanaka, Yannis Morin, Takeshi Mito","TOYAMA GROUSES|11,13,17,24,9",1,1.7,101.0,2,1,3,33.3,0,0,0,0,0,0,0,0,0,1,0,0,0,0,2,3.0,66.7,66.7,0.0,1.19,0
OSAKA EVESSA,"Ryan Luther, Rei Goda, Yasunori Aoki, Yoshiya Uematsu, Hayato Maki","OSAKA EVESSA|11,20,4,8,88",1,1.7,104.0,7,3,3,100.0,1,1,100.0,0,0,0,0,0,0,1,0,0,0,0,0,3.0,233.3,0.0,233.3,4.04,7
SENDAI 89ERS,"Boubacar Toure, Ryota Hanzawa, Kosei Niinuma, Kazuma Okajima, Nathan Boothe","SENDAI 89ERS|21,23,24,3,45",1,1.7,103.0,6,3,4,75.0,0,0,0,0,0,0,0,0,0,0,0,0,0,0,0,4.0,150.0,0.0,150.0,3.5,6
SAGA BALLOONERS,"Ryo Abe, Kosuke Kanamaru, Reynaldo Garcia, David Dudzinski, Josh Harrellson","SAGA BALLOONERS|13,14,2,23,55",1,1.7,102.0,5,2,3,66.7,1,1,100.0,0,0,0,0,0,0,2,0,0,0,0,5,3.0,166.7,166.7,0.0,2.94,0
AKITA NORTHERN HAPPINETS,"Yanni Wetzell, Takuya Nakayama, Tsubasa Kurihara, Kanji Takahira, Keanu Pinder","AKITA NORTHERN HAPPINETS|10,17,2,24,25",2,1.7,101.0,7,3,4,75.0,1,1,100.0,0,0,0,0,0,0,1,0,0,1,0,2,5.0,140.0,66.7,73.3,4.16,5
SHIMANE SUSANOO MAGIC,"Taichi Nakamura, James Michael McAdoo, Ryosuke Shirahama, Yuto Nohmi, Nick Kay","SHIMANE SUSANOO MAGIC|11,14,15,21,4",1,1.7,101.0,2,0,1,0.0,0,0,0,2,4,50.0,0,0,0,0,0,0,0,0,2,2.8,72.5,33.3,39.1,1.19,0
AKITA NORTHERN HAPPINETS,"Jamel Mclean, Takuya Nakayama, Tsubasa Kurihara, Kanji Takahira, Keanu Pinder","AKITA NORTHERN HAPPINETS|1,17,2,24,25",1,1.7,101.0,6,3,3,100.0,0,0,0,0,0,0,0,0,0,1,0,0,0,0,3,3.0,200.0,90.4,109.6,3.56,3
IBARAKI ROBOTS,"Robert Franks, Keita Tsurumaki, Noboru Hasegawa, Tim Schneider, Hayate Komasawa","IBARAKI ROBOTS|0,29,3,30,7",2,1.7,100.0,6,2,3,66.7,2,2,100.0,0,0,0,0,0,0,1,0,0,0,0,2,3.0,200.0,69.4,130.6,3.6,4
OSAKA EVESSA,"Ray Parks Jr, Ryan Luther, Rei Goda, Cyril Nesmith II, Seiga Sakamoto","OSAKA EVESSA|1,11,20,23,60",1,1.7,103.0,5,2,4,50.0,1,3,33.3,0,0,0,0,0,0,2,0,0,0,0,0,4.0,125.0,0.0,125.0,2.91,5
KYOTO HANNARYZ,"Asato Ogawa, Ryunosuke Watanabe, Ira Brown, Jordan Heath, Takatoshi Furukawa","KYOTO HANNARYZ|12,16,33,35,51",1,1.7,100.0,2,1,2,50.0,0,1,0.0,0,0,0,0,0,0,1,0,0,0,0,3,2.0,100.0,87.2,12.8,1.2,-1
SHIGA LAKES,"Zach Auguste, Yosei Nishida, Daichi Nomoto, Ryan Kriener, Taiki Okada","SHIGA LAKES|0,14,16,4,6",1,1.7,100.0,10,3,3,100.0,2,2,100.0,2,2,100.0,0,0,0,2,0,0,0,0,0,3.9,257.7,0.0,257.7,6.0,10
ALTIRI CHIBA,"Trey Porter, Yuto Otsuka, Kotetsu Kurokawa, Luke Evans, Tomoya Hasegawa","ALTIRI CHIBA|22,24,3,33,8",1,1.7,102.0,5,2,4,50.0,1,3,33.3,0,0,0,0,0,0,2,0,0,0,0,0,4.0,125.0,0.0,125.0,2.94,5
SAGA BALLOONERS,"Ryo Abe, Reynaldo Garcia, Tanner Groves, Ryota Inoue, Josh Harrellson","SAGA BALLOONERS|13,2,22,34,55",1,1.7,102.0,7,3,4,75.0,1,1,100.0,0,0,0,0,0,0,1,0,0,0,0,0,4.0,175.0,0.0,175.0,4.12,7
SHIMANE SUSANOO MAGIC,"Coty Clarke, Yuto Nohmi, Nick Kay, Shota Arai, Anthony Sho Sukegawa","SHIMANE SUSANOO MAGIC|1,21,4,5,7",1,1.7,104.0,5,1,3,33.3,1,2,50.0,2,2,100.0,0,0,0,1,0,0,0,0,5,3.9,128.9,105.0,23.8,2.88,0
GUNMA CRANE THUNDERS,"Yuma Fujii, Koh Flippin, AJ Edu, Kazuki Hosokawa, Kerry BlackshearJr","GUNMA CRANE THUNDERS|0,1,15,29,8",1,1.7,102.0,7,3,4,75.0,1,1,100.0,0,0,0,0,0,0,3,0,0,0,0,3,4.0,175.0,100.0,75.0,4.12,4
YOKOHAMA B-CORSAIRS,"Kenta Morii, Maik Kotsar, Seiya Ando, Koya Sudo, Gary Clark","YOKOHAMA B-CORSAIRS|18,21,3,30,8",2,1.7,102.0,5,1,1,100.0,1,1,100.0,2,2,100.0,0,0,0,2,0,0,0,0,7,1.9,266.0,116.7,149.3,2.94,-2
IBARAKI ROBOTS,"Eric Jacobsen, Keita Tsurumaki, Noboru Hasegawa, Hayate Komasawa, Tyler Cook","IBARAKI ROBOTS|21,29,3,7,8",2,1.6,98.0,2,1,3,33.3,0,0,0,0,0,0,0,0,0,1,0,0,0,0,2,3.0,66.7,58.1,8.5,1.22,0
SAGA BALLOONERS,"Kosuke Kanamaru, Reynaldo Garcia, Tanner Groves, Taiki Sumida, Josh Harrellson","SAGA BALLOONERS|14,2,22,25,55",2,1.6,97.0,2,1,3,33.3,0,1,0.0,0,0,0,0,0,0,1,0,0,0,0,5,3.0,66.7,250.0,-183.3,1.24,-3
GUNMA CRANE THUNDERS,"Yuma Fujii, Johannes Thiemann, Trey Jones, Takuto Nakamura, Naoto Tsuji","GUNMA CRANE THUNDERS|0,32,4,6,9",1,1.6,95.0,0,0,1,0.0,0,1,0.0,0,0,0,0,0,0,0,0,0,1,0,4,2.0,0.0,103.1,-103.1,0.0,-4
SAN-EN NEOPHOENIX,"Yante Maten, Hideya Asai, Hayato Wakugawa, David Nwaba, Dai Nemoto","SAN-EN NEOPHOENIX|1,11,14,2,20",1,1.6,96.0,2,1,3,33.3,0,2,0.0,0,1,0.0,0,0,0,1,0,0,0,0,3,3.4,58.1,100.0,-41.9,1.25,-1
SAN-EN NEOPHOENIX,"Hirotaka Yoshii, Tshilidzi Kawata, David Nwaba, Junior Kodama, Darius Days","SAN-EN NEOPHOENIX|10,15,2,33,4",1,1.6,95.0,6,2,5,40.0,2,3,66.7,0,0,0,0,0,0,0,0,0,0,0,2,5.0,120.0,100.0,20.0,3.79,4
SUNROCKERS SHIBUYA,"Reiya Nozaki, Daiki Tanaka, John Lawrence Harper Jr, Thomas Welsh, Josh Hawkinson","SUNROCKERS SHIBUYA|12,13,3,40,8",1,1.6,95.0,2,1,2,50.0,0,0,0,0,0,0,0,0,0,2,0,0,0,0,6,2.0,100.0,120.0,-20.0,1.26,-4
AKITA NORTHERN HAPPINETS,"Taiyo Motoda, Teru Sugawara, Tanner Leissner, Keanu Pinder, Raita Akaho","AKITA NORTHERN HAPPINETS|12,14,15,25,6",1,1.6,95.0,2,0,1,0.0,0,1,0.0,2,2,100.0,0,0,0,1,0,0,1,0,5,2.9,69.4,100.0,-30.6,1.26,-3
YOKOHAMA B-CORSAIRS,"Kanta Maeno, Kenta Morii, Kai King, Seiya Ando, Damien Inglis","YOKOHAMA B-CORSAIRS|10,18,23,3,4",1,1.6,99.0,2,1,1,100.0,0,0,0,0,0,0,0,0,0,1,0,0,1,0,4,2.0,100.0,133.3,-33.3,1.21,-2
TOYAMA GROUSES,"Naoki Uto, Brock Motum, Yoshiaki Fujinaga, Yannis Morin, Nyika Williams","TOYAMA GROUSES|11,12,2,24,6",1,1.6,97.0,3,1,4,25.0,0,0,0,1,1,100.0,0,0,0,1,0,0,0,0,7,4.4,67.6,180.4,-112.8,1.86,-4
OSAKA EVESSA,"Ray Parks Jr, Ryan Luther, Makoto Kinoshita, Volodymyr Gerun, Seiga Sakamoto","OSAKA EVESSA|1,11,31,52,60",2,1.6,94.0,0,0,1,0.0,0,0,0,0,0,0,0,0,0,0,0,0,2,0,7,3.0,0.0,203.5,-203.5,0.0,-7
OSAKA EVESSA,"Ray Parks Jr, Tatsuya Suzuki, Yasunori Aoki, Matt Bonds, Volodymyr Gerun","OSAKA EVESSA|1,35,4,5,52",1,1.6,98.0,3,1,3,33.3,1,1,100.0,0,0,0,0,0,0,1,0,0,0,0,2,3.0,100.0,50.0,50.0,1.84,1
KYOTO HANNARYZ,"Charles Jackson, Asato Ogawa, Satoru Maeta, Ryunosuke Watanabe, Jordan Heath","KYOTO HANNARYZ|10,12,13,16,35",2,1.6,96.0,2,1,5,20.0,0,0,0,0,0,0,0,0,0,1,0,0,0,0,4,5.0,40.0,82.0,-42.0,1.25,-2
ALTIRI CHIBA,"Takaaki Kida, Brandon Ashley, Kotetsu Kurokawa, Reo Maeda, Dererk Pardon","ALTIRI CHIBA|0,21,3,5,7",1,1.6,96.0,2,1,3,33.3,0,1,0.0,0,0,0,0,0,0,1,0,0,0,0,6,3.0,66.7,300.0,-233.3,1.25,-4
SAN-EN NEOPHOENIX,"Hirotaka Yoshii, Tshilidzi Kawata, Dai Nemoto, Kazuma Tsuya, Sota Oura","SAN-EN NEOPHOENIX|10,15,20,28,5",2,1.6,99.0,0,0,2,0.0,0,2,0.0,0,0,0,0,0,0,1,0,0,0,0,4,2.0,0.0,103.1,-103.1,0.0,-4
ALVARK TOKYO,"Sebastian Saiz, Marcus Foster, Ryan Rossiter, Kai Toews, Shuto Ando","ALVARK TOKYO|11,17,22,3,9",1,1.6,96.0,0,0,4,0.0,0,3,0.0,0,0,0,0,0,0,0,0,0,0,0,0,4.0,0.0,0.0,0.0,0.0,0
ALVARK TOKYO,"Gen Hiraiwa, Ryan Rossiter, Kohei Fukuzawa, Kai Toews, Shuto Ando","ALVARK TOKYO|21,22,25,3,9",1,1.6,96.0,2,1,2,50.0,0,0,0,0,0,0,0,0,0,1,0,0,0,0,5,2.0,100.0,125.0,-25.0,1.25,-3
ALTIRI CHIBA,"Kei Sugimoto, Trey Porter, Yuto Otsuka, Naoya Kumagae, Dererk Pardon","ALTIRI CHIBA|11,22,24,27,7",1,1.6,95.0,2,1,3,33.3,0,0,0,0,0,0,0,0,0,0,0,0,0,0,9,3.0,66.7,165.4,-98.8,1.26,-7
SAN-EN NEOPHOENIX,"Steve Zack, Hirotaka Yoshii, Dai Nemoto, Jordan Dallas, Junior Kodama","SAN-EN NEOPHOENIX|00,10,20,22,33",1,1.6,94.0,5,1,2,50.0,1,2,50.0,2,2,100.0,0,0,0,1,0,0,0,0,3,2.9,173.6,150.0,23.6,3.19,2
KOSHIGAYA ALPHAS,"Takeru Oba, Sekou Doumbouya, Anthony Clemmons, Hamiltongary Kotera, Shun Matsuyama","KOSHIGAYA ALPHAS|14,45,5,6,7",1,1.6,95.0,7,3,3,100.0,1,1,100.0,0,0,0,0,0,0,1,0,0,1,0,0,4.0,175.0,0.0,175.0,4.42,7
YOKOHAMA B-CORSAIRS,"Kenta Morii, Kai King, Kaleb Tarczewski, Seiya Ando, Damien Inglis","YOKOHAMA B-CORSAIRS|18,23,25,3,4",2,1.6,96.0,2,1,4,25.0,0,1,0.0,0,0,0,0,0,0,0,0,0,0,0,0,4.0,50.0,0.0,50.0,1.25,2
GUNMA CRANE THUNDERS,"Yuma Fujii, AJ Edu, Kazuki Hosokawa, Terrance Woodbury, Kerry BlackshearJr","GUNMA CRANE THUNDERS|0,15,29,30,8",2,1.6,98.0,0,0,2,0.0,0,1,0.0,0,0,0,0,0,0,0,0,0,0,0,4,2.0,0.0,212.8,-212.8,0.0,-4
SUNROCKERS SHIBUYA,"Donte Grantham, Daiki Tanaka, Troy Murphy Jr, Thomas Welsh, Leo Vendrame","SUNROCKERS SHIBUYA|1,13,4,40,9",4,1.6,96.0,4,2,4,50.0,0,2,0.0,0,0,0,0,0,0,1,0,0,0,0,3,4.0,100.0,208.3,-108.3,2.5,1
SAN-EN NEOPHOENIX,"Tshilidzi Kawata, David Nwaba, Dai Nemoto, Ryusei Sasaki, Darius Days","SAN-EN NEOPHOENIX|15,2,20,24,4",1,1.6,94.0,0,0,1,0.0,0,0,0,0,0,0,0,0,0,0,0,0,2,0,7,3.0,0.0,233.3,-233.3,0.0,-7
SAN-EN NEOPHOENIX,"Hideya Asai, David Nwaba, Kazuma Tsuya, Sota Oura, Cameron Jackson","SAN-EN NEOPHOENIX|11,2,28,5,7",2,1.6,95.0,0,0,3,0.0,0,2,0.0,0,0,0,0,0,0,0,0,0,1,0,2,4.0,0.0,100.0,-100.0,0.0,-2
GUNMA CRANE THUNDERS,"Yuma Fujii, Kenny Lawson Jr, Kazuki Hosokawa, Takuto Nakamura, Kerry BlackshearJr","GUNMA CRANE THUNDERS|0,25,29,6,8",1,1.6,96.0,0,0,2,0.0,0,1,0.0,0,0,0,0,0,0,0,0,0,0,0,0,2.0,0.0,0.0,0.0,0.0,0
UTSUNOMIYA BREX,"Grant Jerrett, Isaac Fotu, Makoto Hiejima, Atsuya Ogawa, Yusuke Endo","UTSUNOMIYA BREX|34,42,6,7,9",3,1.6,98.0,7,3,4,75.0,1,1,100.0,0,0,0,0,0,0,0,0,0,0,0,0,4.0,175.0,0.0,175.0,4.29,7
YOKOHAMA B-CORSAIRS,"Kenta Morii, Seiya Ando, Damien Inglis, Hiroki Taniguchi, Gary Clark","YOKOHAMA B-CORSAIRS|18,3,4,7,8",1,1.6,95.0,0,0,2,0.0,0,2,0.0,0,0,0,0,0,0,0,0,0,0,0,5,2.0,0.0,250.0,-250.0,0.0,-5
HIROSHIMA DRAGONFLIES,"Dwayne Evans II, Nick Mayo, Kaine Roberts, Christopher Smith, Ryosei Sato","HIROSHIMA DRAGONFLIES|13,24,4,8,88",1,1.6,99.0,4,1,1,100.0,0,0,0,2,2,100.0,0,0,0,1,0,0,2,0,2,3.9,103.1,66.7,36.4,2.42,2
NAGOYA DIAMOND DOLPHINS,"Aaron Henry, Takumi Saito, Hiyuu Ozawa, Scott Eatherton, Isaiah Murphy","NAGOYA DIAMOND DOLPHINS|11,2,4,43,5",1,1.6,95.0,2,1,3,33.3,0,2,0.0,0,0,0,0,0,0,0,0,0,0,0,0,3.0,66.7,0.0,66.7,1.26,2
KOSHIGAYA ALPHAS,"Shuhei Kitagawa, Anthony Clemmons, Hamiltongary Kotera, Shun Matsuyama, Joseph Diawara","KOSHIGAYA ALPHAS|31,5,6,7,8",1,1.6,99.0,3,1,3,33.3,1,2,50.0,0,0,0,0,0,0,0,0,0,0,0,4,3.0,100.0,116.3,-16.3,1.82,-1
KOSHIGAYA ALPHAS,"Takeru Oba, Anthony Clemmons, Hamiltongary Kotera, Shun Matsuyama, Joseph Diawara","KOSHIGAYA ALPHAS|14,5,6,7,8",1,1.6,96.0,3,1,3,33.3,1,2,50.0,0,0,0,0,0,0,1,0,0,0,0,3,3.0,100.0,150.0,-50.0,1.88,0
LEVANGA HOKKAIDO,"Shuto Ichiba, Ren Shimatani, John Harrar, Keisei Tominaga, Kevin Jones","LEVANGA HOKKAIDO|12,15,21,30,5",1,1.6,94.0,5,2,3,66.7,0,1,0.0,1,2,50.0,0,0,0,2,0,0,0,0,2,3.9,128.9,100.0,28.9,3.19,3
HIROSHIMA DRAGONFLIES,"Dwayne Evans II, Ryu Watanabe, Kofi Cockburn, Keijiro Mitani, Kaine Roberts","HIROSHIMA DRAGONFLIES|13,21,23,34,4",1,1.6,96.0,0,0,3,0.0,0,2,0.0,0,0,0,0,0,0,0,0,0,0,0,2,3.0,0.0,100.0,-100.0,0.0,-2
AKITA NORTHERN HAPPINETS,"Yanni Wetzell, Teru Sugawara, Takuya Nakayama, Tsubasa Kurihara, Keanu Pinder","AKITA NORTHERN HAPPINETS|10,14,17,2,25",1,1.6,98.0,2,1,2,50.0,0,0,0,0,0,0,0,0,0,1,0,0,1,0,4,3.0,66.7,133.3,-66.7,1.22,-2
KOSHIGAYA ALPHAS,"Yuichi Ikeda, Jeffrey Parmer, Shuhei Kitagawa, Anthony Clemmons, Joseph Diawara","KOSHIGAYA ALPHAS|12,21,31,5,8",1,1.6,97.0,1,0,2,0.0,0,2,0.0,1,1,100.0,0,0,0,0,0,0,0,0,1,2.4,41.0,34.7,6.3,0.62,0
KOSHIGAYA ALPHAS,"Jarell Martin, Yuya Kamata, Anthony Clemmons, Shun Matsuyama, Joseph Diawara","KOSHIGAYA ALPHAS|1,18,5,7,8",1,1.6,96.0,5,2,2,100.0,1,1,100.0,0,2,0.0,0,0,0,2,0,0,0,0,4,2.9,173.6,80.0,93.6,3.12,1
ALTIRI CHIBA,"Kei Sugimoto, Naoya Kumagae, Luke Evans, Reo Maeda, Dererk Pardon","ALTIRI CHIBA|11,27,33,5,7",1,1.6,97.0,0,0,2,0.0,0,2,0.0,0,0,0,0,0,0,0,0,0,0,0,2,2.0,0.0,106.4,-106.4,0.0,-2
SAGA BALLOONERS,"Sori Uchio, Reynaldo Garcia, Tanner Groves, Taiki Sumida, Rui Todoroki","SAGA BALLOONERS|18,2,22,25,8",2,1.6,97.0,1,0,2,0.0,0,2,0.0,1,2,50.0,0,0,0,1,0,0,0,0,3,2.9,34.7,75.0,-40.3,0.62,-2
AKITA NORTHERN HAPPINETS,"Jamel Mclean, Taiyo Motoda, Teru Sugawara, Takuya Nakayama, Alistair Tokio Tsuchiya","AKITA NORTHERN HAPPINETS|1,12,14,17,77",1,1.6,98.0,0,0,3,0.0,0,1,0.0,0,0,0,0,0,0,0,0,0,0,0,2,3.0,0.0,50.0,-50.0,0.0,-2
ALVARK TOKYO,"Zack Baranski, Marcus Foster, Ryan Rossiter, Chase Fieler, Taiki Osakabe","ALVARK TOKYO|10,17,22,60,75",1,1.6,97.0,0,0,3,0.0,0,0,0,0,0,0,0,0,0,0,0,0,1,0,1,4.0,0.0,53.2,-53.2,0.0,-1
SAN-EN NEOPHOENIX,"Yante Maten, Hayato Wakugawa, David Nwaba, Dai Nemoto, Sota Oura","SAN-EN NEOPHOENIX|1,14,2,20,5",1,1.6,95.0,2,1,2,50.0,0,0,0,0,0,0,0,0,0,0,0,0,0,0,4,2.0,100.0,82.0,18.0,1.26,-2
SHIMANE SUSANOO MAGIC,"Taichi Nakamura, James Michael McAdoo, Ryosuke Shirahama, Fumiya Iio, Nick Kay","SHIMANE SUSANOO MAGIC|11,14,15,22,4",1,1.6,98.0,2,1,1,100.0,0,0,0,0,0,0,0,0,0,1,0,0,2,0,5,3.0,66.7,166.7,-100.0,1.22,-3
KYOTO HANNARYZ,"Charles Jackson, Satoru Maeta, Ryunosuke Watanabe, Leon Shibuta, Angelo Caloiaro","KYOTO HANNARYZ|10,13,16,3,32",1,1.6,98.0,2,1,2,50.0,0,1,0.0,0,0,0,0,0,0,0,0,0,0,0,5,2.0,100.0,128.9,-28.9,1.22,-3
SHIMANE SUSANOO MAGIC,"Taichi Nakamura, James Michael McAdoo, Ryosuke Shirahama, Nick Kay, Anthony Sho Sukegawa","SHIMANE SUSANOO MAGIC|11,14,15,4,7",1,1.6,98.0,5,2,3,66.7,0,0,0,1,2,50.0,0,0,0,0,0,0,0,0,2,3.9,128.9,100.0,28.9,3.06,3
SAGA BALLOONERS,"Toshiki Tomiyama, Tanner Groves, David Dudzinski, Ryota Inoue, Rui Todoroki","SAGA BALLOONERS|21,22,23,34,8",1,1.6,97.0,7,3,3,100.0,1,1,100.0,0,2,0.0,0,0,0,3,0,0,0,0,3,3.9,180.4,100.0,80.4,4.33,4
SAGA BALLOONERS,"Toshiki Tomiyama, Tanner Groves, David Dudzinski, Taiki Sumida, Rui Todoroki","SAGA BALLOONERS|21,22,23,25,8",1,1.6,95.0,5,1,2,50.0,1,2,50.0,2,2,100.0,0,0,0,1,0,0,0,0,0,2.9,173.6,0.0,173.6,3.16,5
ALVARK TOKYO,"Zack Baranski, Sebastian Saiz, Sota Okura, Chase Fieler, Shuto Ando","ALVARK TOKYO|10,11,2,60,9",1,1.6,99.0,4,1,2,50.0,0,1,0.0,2,2,100.0,0,0,0,2,0,0,0,0,0,2.9,138.9,0.0,138.9,2.42,4
ALVARK TOKYO,"Marcus Foster, Sota Okura, Ryan Rossiter, Chase Fieler, Shuto Ando","ALVARK TOKYO|17,2,22,60,9",1,1.6,94.0,2,1,2,50.0,0,0,0,0,0,0,0,0,0,1,0,0,0,0,0,2.0,100.0,0.0,100.0,1.28,2
OSAKA EVESSA,"Joji Takeuchi, Rei Goda, Tatsuya Suzuki, Matt Bonds, Hayato Maki","OSAKA EVESSA|15,20,35,5,88",1,1.6,96.0,0,0,1,0.0,0,1,0.0,0,0,0,0,0,0,1,0,0,2,0,1,3.0,0.0,41.0,-41.0,0.0,-1
KYOTO HANNARYZ,"Satoru Maeta, Hayato Kawashima, Angelo Caloiaro, Jordan Heath, Takatoshi Furukawa","KYOTO HANNARYZ|13,15,32,35,51",1,1.6,99.0,2,0,1,0.0,0,0,0,2,4,50.0,0,0,0,0,0,0,1,0,4,3.8,53.2,133.3,-80.1,1.21,-2
OSAKA EVESSA,"Ryan Luther, Cyril Nesmith II, Makoto Kinoshita, Kaisei Takahashi, Yoshiya Uematsu","OSAKA EVESSA|11,23,31,7,8",1,1.6,95.0,2,1,2,50.0,0,1,0.0,0,0,0,0,0,0,1,0,0,1,0,2,3.0,66.7,50.0,16.7,1.26,0
SAGA BALLOONERS,"Ryo Abe, Sori Uchio, Reynaldo Garcia, Tanner Groves, Rui Todoroki","SAGA BALLOONERS|13,18,2,22,8",1,1.6,98.0,0,0,4,0.0,0,1,0.0,0,0,0,0,0,0,0,0,0,1,0,2,5.0,0.0,50.0,-50.0,0.0,-2
ALVARK TOKYO,"Brandon Davies, Marcus Foster, Kohei Fukuzawa, Michael Ou, Shuto Ando","ALVARK TOKYO|0,17,25,35,9",1,1.6,95.0,1,0,3,0.0,0,1,0.0,1,2,50.0,0,0,0,0,0,0,0,0,0,3.9,25.8,0.0,25.8,0.63,1
SHIMANE SUSANOO MAGIC,"Taichi Nakamura, Yuto Nohmi, Fumiya Iio, Muusa Dama, Nick Kay","SHIMANE SUSANOO MAGIC|11,21,22,25,4",1,1.6,99.0,3,1,2,50.0,1,2,50.0,0,0,0,0,0,0,1,0,0,3,0,4,5.0,60.0,133.3,-73.3,1.82,-1
OSAKA EVESSA,"Rei Goda, Cyril Nesmith II, Matt Bonds, Seiga Sakamoto, Hayato Maki","OSAKA EVESSA|20,23,5,60,88",1,1.6,99.0,4,2,2,100.0,0,0,0,0,0,0,0,0,0,1,0,0,1,0,3,3.0,133.3,60.0,73.3,2.42,1
SHIMANE SUSANOO MAGIC,"Coty Clarke, Taichi Nakamura, Yuto Nohmi, Nick Kay, Shota Arai","SHIMANE SUSANOO MAGIC|1,11,21,4,5",1,1.6,98.0,5,2,3,66.7,1,1,100.0,0,0,0,0,0,0,1,0,0,0,0,2,3.0,166.7,100.0,66.7,3.06,3
AKITA NORTHERN HAPPINETS,"Yanni Wetzell, Taiyo Motoda, Yori Iwaya, Ali Mezher, Keanu Pinder","AKITA NORTHERN HAPPINETS|10,12,18,22,25",1,1.6,97.0,3,1,2,50.0,0,1,0.0,1,1,100.0,0,0,0,1,0,0,1,0,2,3.4,87.2,100.0,-12.8,1.86,1
KOSHIGAYA ALPHAS,"Jordan Ngatai, Kai Sugawara, Shuhei Kitagawa, Sekou Doumbouya, Shun Matsuyama","KOSHIGAYA ALPHAS|20,28,31,45,7",1,1.6,98.0,0,0,3,0.0,0,2,0.0,0,0,0,0,0,0,0,0,0,0,0,0,3.0,0.0,0.0,0.0,0.0,0
KOSHIGAYA ALPHAS,"Kai Sotto, Yuichi Ikeda, Yuya Kamata, Anthony Clemmons, Shun Matsuyama","KOSHIGAYA ALPHAS|11,12,18,5,7",2,1.6,94.0,3,1,2,50.0,1,2,50.0,0,0,0,0,0,0,1,0,0,0,0,2,2.0,150.0,50.0,100.0,1.91,1
YOKOHAMA B-CORSAIRS,"Kiefer Ravena, Kenta Morii, Kaleb Tarczewski, Seiya Ando, Damien Inglis","YOKOHAMA B-CORSAIRS|15,18,25,3,4",1,1.6,97.0,0,0,2,0.0,0,1,0.0,0,0,0,0,0,0,0,0,0,1,0,5,3.0,0.0,250.0,-250.0,0.0,-5
GUNMA CRANE THUNDERS,"Koh Flippin, AJ Edu, Kazuki Hosokawa, Johannes Thiemann, Trey Jones","GUNMA CRANE THUNDERS|1,15,29,32,4",1,1.6,98.0,3,1,2,50.0,1,1,100.0,0,0,0,0,0,0,1,0,0,0,0,3,2.0,150.0,100.0,50.0,1.84,0
CHIBA JETS,"Yuta Watanabe, Garrison Brooks, Yuki Togashi, Shuta Hara, Nassir Little","CHIBA JETS|1,15,2,31,8",1,1.6,93.0,5,1,2,50.0,1,1,100.0,2,2,100.0,0,0,0,1,0,0,0,0,3,2.9,173.6,150.0,23.6,3.23,2
RYUKYU GOLDEN KINGS,"Yoshiyuki Matsuwaki, Masahiro Waki, Damyean Dotson, Jack Cooley, Alex Kirk","RYUKYU GOLDEN KINGS|15,18,21,45,53",1,1.6,99.0,7,2,3,66.7,1,2,50.0,2,2,100.0,0,0,0,1,0,0,0,0,4,3.9,180.4,82.0,98.4,4.24,3
SHIGA LAKES,"Zach Auguste, Daichi Nomoto, Kohei Tsuneta, Ryan Kriener, Taiki Okada","SHIGA LAKES|0,16,17,4,6",2,1.6,96.0,4,2,3,66.7,0,0,0,0,0,0,0,0,0,1,0,0,0,0,3,3.0,133.3,75.0,58.3,2.5,1
FIGHTING EAGLES NAGOYA,"Jamorko Pickett, Tensho Sugimoto, Francis Lopez, Narito Namizato, Andrew Randall","FIGHTING EAGLES NAGOYA|0,10,20,3,33",1,1.6,95.0,6,3,5,60.0,0,1,0.0,0,0,0,0,0,0,0,0,0,1,0,3,6.0,100.0,300.0,-200.0,3.79,3
GUNMA CRANE THUNDERS,"AJ Edu, Kazuki Hosokawa, Johannes Thiemann, Trey Jones, Takuto Nakamura","GUNMA CRANE THUNDERS|15,29,32,4,6",1,1.6,97.0,0,0,1,0.0,0,0,0,0,0,0,0,0,0,0,0,0,1,0,5,2.0,0.0,112.6,-112.6,0.0,-5
SUNROCKERS SHIBUYA,"Reiya Nozaki, Keitaro Ohba, Thomas Welsh, Josh Hawkinson, Leo Vendrame","SUNROCKERS SHIBUYA|12,18,40,8,9",2,1.6,98.0,0,0,1,0.0,0,1,0.0,0,0,0,0,0,0,0,0,0,0,0,3,1.0,0.0,150.0,-150.0,0.0,-3
SHIGA LAKES,"Zach Auguste, Daichi Nomoto, Thomas Wimbush, Shintaro Ehara, Ai-Che Yu","SHIGA LAKES|0,16,20,25,7",1,1.6,94.0,0,0,2,0.0,0,1,0.0,0,0,0,0,0,0,1,0,0,0,0,0,2.0,0.0,0.0,0.0,0.0,0
HIROSHIMA DRAGONFLIES,"Toshiki Kamisawa, Kofi Cockburn, Nick Mayo, Ryo Yamazaki, Keijiro Mitani","HIROSHIMA DRAGONFLIES|10,23,24,30,34",1,1.6,93.0,2,1,1,100.0,0,0,0,0,0,0,0,0,0,2,0,0,1,0,9,2.0,100.0,169.2,-69.2,1.29,-7
RYUKYU GOLDEN KINGS,"Ryuichi Kishimoto, Masahiro Waki, Damyean Dotson, Jack Cooley, Alex Kirk","RYUKYU GOLDEN KINGS|14,18,21,45,53",1,1.6,94.0,3,0,2,0.0,0,1,0.0,3,4,75.0,0,0,0,0,0,0,1,0,0,4.8,63.0,0.0,63.0,1.91,3
ALVARK TOKYO,"Sebastian Saiz, Marcus Foster, Sota Okura, Ira Brown, Taiki Osakabe","ALVARK TOKYO|11,17,2,33,75",1,1.5,90.0,3,1,2,50.0,0,1,0.0,1,1,100.0,0,0,0,1,0,0,0,0,3,2.4,123.0,100.0,23.0,2.0,0
NAGOYA DIAMOND DOLPHINS,"Aaron Henry, Taketo Kato, Kyle Richardson, Hiyuu Ozawa, Scott Eatherton","NAGOYA DIAMOND DOLPHINS|11,3,34,4,43",2,1.5,91.0,0,0,1,0.0,0,0,0,0,0,0,0,0,0,0,0,0,1,0,4,2.0,0.0,138.9,-138.9,0.0,-4
RYUKYU GOLDEN KINGS,"Keve Aluma, Ryuichi Kishimoto, Masahiro Waki, Jack Cooley, Ryo Sadohara","RYUKYU GOLDEN KINGS|12,14,18,45,8",1,1.5,89.0,2,1,2,50.0,0,0,0,0,0,0,0,0,0,0,0,0,1,0,0,3.0,66.7,0.0,66.7,1.35,2
SAN-EN NEOPHOENIX,"Yante Maten, Hirotaka Yoshii, David Nwaba, Dai Nemoto, Junior Kodama","SAN-EN NEOPHOENIX|1,10,2,20,33",1,1.5,91.0,2,0,2,0.0,0,2,0.0,2,2,100.0,0,0,0,0,0,0,0,0,2,2.9,69.4,227.3,-157.8,1.32,0
IBARAKI ROBOTS,"Kohei Nakamura, Eric Jacobsen, Atsunobu Hirao, Tyler Cook, Jae-Min Yang","IBARAKI ROBOTS|13,21,25,8,9",1,1.5,89.0,0,0,3,0.0,0,1,0.0,0,0,0,0,0,0,0,0,0,0,0,2,3.0,0.0,100.0,-100.0,0.0,-2
SENDAI 89ERS,"Yusei Sugiura, Kazuma Okajima, Nathan Boothe, Soichiro Inoue, Jarrett Culver","SENDAI 89ERS|14,3,45,75,8",2,1.5,88.0,5,2,2,100.0,1,1,100.0,0,0,0,0,0,0,1,0,0,1,0,2,3.0,166.7,100.0,66.7,3.41,3
RYUKYU GOLDEN KINGS,"Hayate Arakawa, Ryuichi Kishimoto, Yoshiyuki Matsuwaki, Vic Law, Jack Cooley","RYUKYU GOLDEN KINGS|10,14,15,4,45",1,1.5,92.0,2,0,1,0.0,0,1,0.0,2,2,100.0,0,0,0,0,0,0,1,0,0,2.9,69.4,0.0,69.4,1.3,2
KYOTO HANNARYZ,"Charles Jackson, Asato Ogawa, Hayato Kawashima, Ira Brown, Takatoshi Furukawa","KYOTO HANNARYZ|10,12,15,33,51",1,1.5,92.0,0,0,2,0.0,0,1,0.0,0,0,0,0,0,0,0,0,0,2,0,2,4.0,0.0,50.0,-50.0,0.0,-2
ALVARK TOKYO,"Zack Baranski, Sebastian Saiz, Marcus Foster, Hiromu Nakamura, Shuto Ando","ALVARK TOKYO|10,11,17,5,9",2,1.5,92.0,3,1,2,50.0,1,2,50.0,0,0,0,0,0,0,0,0,0,0,0,2,2.0,150.0,66.7,83.3,1.96,1
IBARAKI ROBOTS,"Robert Franks, Kohei Nakamura, Eric Jacobsen, Noboru Hasegawa, Hayate Komasawa","IBARAKI ROBOTS|0,13,21,3,7",4,1.5,90.0,6,2,3,66.7,0,1,0.0,2,3,66.7,0,0,0,3,0,0,2,0,8,6.3,94.9,148.1,-53.2,4.0,-2
SHIGA LAKES,"Zach Auguste, Takanori Tahara, Higen Hasegawa, Ryan Kriener, Taiki Okada","SHIGA LAKES|0,21,34,4,6",1,1.5,89.0,0,0,0,0,0,0,0,0,0,0,0,0,0,0,0,0,2,0,2,2.0,0.0,66.7,-66.7,0.0,-2
CHIBA JETS,"Yuta Watanabe, Yuki Togashi, John Mooney, Michael Ou, Nassir Little","CHIBA JETS|1,2,33,7,8",2,1.5,89.0,0,0,2,0.0,0,1,0.0,0,0,0,0,0,0,0,0,0,0,0,5,2.0,0.0,91.9,-91.9,0.0,-5
NAGOYA DIAMOND DOLPHINS,"Aaron Henry, Keita Imamura, Kyle Richardson, Scott Eatherton, Isaiah Murphy","NAGOYA DIAMOND DOLPHINS|11,30,34,43,5",4,1.5,89.0,5,0,0,0,0,0,0,5,10,50.0,0,0,0,0,0,0,0,0,0,4.4,113.6,0.0,113.6,3.37,5
SAGA BALLOONERS,"Ryo Abe, Kosuke Kanamaru, Sori Uchio, Josh Harrellson, Chase Fieler","SAGA BALLOONERS|13,14,18,55,60",1,1.5,91.0,2,1,3,33.3,0,0,0,0,0,0,0,0,0,0,0,0,1,0,0,4.0,50.0,0.0,50.0,1.32,2
SHIMANE SUSANOO MAGIC,"Coty Clarke, Ryosuke Shirahama, Fumiya Iio, Nick Kay, Yuta Okada","SHIMANE SUSANOO MAGIC|1,15,22,4,77",2,1.5,92.0,2,1,1,100.0,0,0,0,0,0,0,0,0,0,1,0,0,1,0,0,2.0,100.0,0.0,100.0,1.3,2
NAGOYA DIAMOND DOLPHINS,"Takumi Saito, Keita Imamura, Hiyuu Ozawa, Scott Eatherton, Tenketsu Harimoto","NAGOYA DIAMOND DOLPHINS|2,30,4,43,8",1,1.5,91.0,0,0,1,0.0,0,1,0.0,0,0,0,0,0,0,0,0,0,1,0,7,2.0,0.0,233.3,-233.3,0.0,-7
SENDAI 89ERS,"Kazuma Okajima, Nathan Boothe, Seiya Funyu, Jarrett Culver, Sergio El Darwich","SENDAI 89ERS|3,45,7,8,9",2,1.5,90.0,2,1,1,100.0,0,0,0,0,0,0,0,0,0,0,0,0,0,0,5,1.0,200.0,166.7,33.3,1.33,-3
NAGASAKI VELCA,"Ko Kumagai, Kenshin Hoshikawa, Akil Mitchell, Hyunjung Lee, Jarrell Brantley","NAGASAKI VELCA|11,13,25,5,7",1,1.5,89.0,5,2,2,100.0,1,1,100.0,0,0,0,0,0,0,2,0,0,0,0,2,2.0,250.0,100.0,150.0,3.37,3
LEVANGA HOKKAIDO,"Kohei Sekino, Shuto Ichiba, Jahlil Okafor, Hiroto Kikuchi, Yu Kibayashi","LEVANGA HOKKAIDO|1,12,22,6,8",1,1.5,90.0,0,0,1,0.0,0,1,0.0,0,0,0,0,0,0,0,0,0,0,0,2,1.0,0.0,100.0,-100.0,0.0,-2
NAGOYA DIAMOND DOLPHINS,"Aaron Henry, Taito Nakahigashi, Takumi Saito, Scott Eatherton, Tenketsu Harimoto","NAGOYA DIAMOND DOLPHINS|11,12,2,43,8",1,1.5,88.0,8,3,3,100.0,1,1,100.0,1,2,50.0,0,0,0,1,0,0,2,0,0,5.9,136.1,0.0,136.1,5.45,8
FIGHTING EAGLES NAGOYA,"Jamorko Pickett, Francis Lopez, Takaya Sasayama, Narito Namizato, Sean O'mara","FIGHTING EAGLES NAGOYA|0,20,21,3,54",2,1.5,92.0,3,1,3,33.3,0,1,0.0,1,2,50.0,0,0,0,1,0,0,0,0,3,3.9,77.3,100.0,-22.7,1.96,0
KAWASAKI BRAVE THUNDERS,"Ryo Iida, Roy Hideki Igwe, Rosco Allen, Jaheru Ryuto Yamauchi, Ryusei Shinoyama","KAWASAKI BRAVE THUNDERS|17,2,25,45,7",1,1.5,88.0,0,0,2,0.0,0,1,0.0,0,0,0,0,0,0,0,0,0,1,0,3,3.0,0.0,104.2,-104.2,0.0,-3
AKITA NORTHERN HAPPINETS,"Takuya Nakayama, Tsubasa Kurihara, Kanji Takahira, Keanu Pinder, Angelo Chol","AKITA NORTHERN HAPPINETS|17,2,24,25,27",2,1.5,90.0,2,0,2,0.0,0,2,0.0,2,2,100.0,0,0,0,0,0,0,0,0,4,2.9,69.4,66.7,2.8,1.33,-2
SAN-EN NEOPHOENIX,"Yante Maten, Hayato Wakugawa, Tshilidzi Kawata, David Nwaba, Dai Nemoto","SAN-EN NEOPHOENIX|1,14,15,2,20",1,1.5,90.0,0,0,4,0.0,0,2,0.0,0,0,0,0,0,0,0,0,0,0,0,0,4.0,0.0,0.0,0.0,0.0,0
HIROSHIMA DRAGONFLIES,"Ryo Terashima, Kofi Cockburn, Nick Mayo, Ryo Yamazaki, Christopher Smith","HIROSHIMA DRAGONFLIES|0,23,24,30,8",1,1.5,89.0,1,0,1,0.0,0,1,0.0,1,2,50.0,0,0,0,1,0,0,0,0,0,1.9,53.2,0.0,53.2,0.67,1
SENDAI 89ERS,"Hirohide Araya, Shota Watanabe, Boubacar Toure, Nathan Boothe, Sergio El Darwich","SENDAI 89ERS|11,15,21,45,9",1,1.5,92.0,2,1,2,50.0,0,1,0.0,0,0,0,0,0,0,3,0,0,0,0,4,2.0,100.0,138.9,-38.9,1.3,-2
SAN-EN NEOPHOENIX,"Yante Maten, Hirotaka Yoshii, David Nwaba, Dai Nemoto, Ryusei Sasaki","SAN-EN NEOPHOENIX|1,10,2,20,24",1,1.5,89.0,1,0,1,0.0,0,0,0,1,1,100.0,0,0,0,0,0,0,2,0,0,3.4,29.1,0.0,29.1,0.67,1
LEVANGA HOKKAIDO,"Kyosuke Hoshino, Dwight Ramos, Jahlil Okafor, Kevin Jones, Hiroto Kikuchi","LEVANGA HOKKAIDO|14,2,22,5,6",1,1.5,91.0,0,0,1,0.0,0,0,0,0,0,0,0,0,0,0,0,0,1,0,6,2.0,0.0,180.7,-180.7,0.0,-6
LEVANGA HOKKAIDO,"Kohei Sekino, Ren Shimatani, Jahlil Okafor, Max Hisatake, Hiroto Kikuchi","LEVANGA HOKKAIDO|1,15,22,29,6",1,1.5,89.0,0,0,2,0.0,0,1,0.0,0,0,0,0,0,0,0,0,0,1,0,4,3.0,0.0,133.3,-133.3,0.0,-4
ALTIRI CHIBA,"Takaaki Kida, Yuta Osaki, Trey Porter, Kotetsu Kurokawa, Dererk Pardon","ALTIRI CHIBA|0,16,22,3,7",1,1.5,88.0,2,1,3,33.3,0,2,0.0,0,0,0,0,0,0,1,0,0,1,0,3,4.0,50.0,123.0,-73.0,1.36,-1
NAGASAKI VELCA,"Ko Kumagai, Stanley Johnson, Hyunjung Lee, Jarrell Brantley, Koya Kawamata","NAGASAKI VELCA|11,14,5,7,99",1,1.5,90.0,4,1,1,100.0,1,1,100.0,1,2,50.0,0,0,0,1,0,0,1,0,7,2.9,138.9,233.3,-94.4,2.67,-3
GUNMA CRANE THUNDERS,"AJ Edu, Kazuki Hosokawa, Johannes Thiemann, Takuto Nakamura, Naoto Tsuji","GUNMA CRANE THUNDERS|15,29,32,6,9",1,1.5,92.0,3,1,1,100.0,1,1,100.0,0,0,0,0,0,0,1,0,0,1,0,5,2.0,150.0,128.9,21.1,1.96,-2
GUNMA CRANE THUNDERS,"Yuma Fujii, AJ Edu, Kazuki Hosokawa, Takuto Nakamura, Naoto Tsuji","GUNMA CRANE THUNDERS|0,15,29,6,9",1,1.5,89.0,4,2,3,66.7,0,1,0.0,0,0,0,0,0,0,0,0,0,1,0,4,4.0,100.0,80.0,20.0,2.7,0
ALVARK TOKYO,"Brandon Davies, Marcus Foster, Ryan Rossiter, Hiromu Nakamura, Taiki Osakabe","ALVARK TOKYO|0,17,22,5,75",2,1.5,90.0,5,2,3,66.7,0,0,0,1,2,50.0,0,0,0,2,0,0,1,0,0,4.9,102.5,0.0,102.5,3.33,5
GUNMA CRANE THUNDERS,"Koh Flippin, AJ Edu, Kazuki Hosokawa, Kerry BlackshearJr, Naoto Tsuji","GUNMA CRANE THUNDERS|1,15,29,8,9",2,1.5,88.0,2,1,2,50.0,0,0,0,0,0,0,0,0,0,1,0,0,0,0,0,2.0,100.0,0.0,100.0,1.36,2
YOKOHAMA B-CORSAIRS,"Kenta Morii, Maik Kotsar, Seiya Ando, Gakuto Arai, Gary Clark","YOKOHAMA B-CORSAIRS|18,21,3,6,8",1,1.5,92.0,4,2,4,50.0,0,1,0.0,0,1,0.0,0,0,0,1,0,0,0,0,3,4.4,90.1,123.0,-32.9,2.61,1
SAN-EN NEOPHOENIX,"Yante Maten, Hayato Wakugawa, David Nwaba, Dai Nemoto, Ryusei Sasaki","SAN-EN NEOPHOENIX|1,14,2,20,24",1,1.5,91.0,8,3,5,60.0,2,2,100.0,0,0,0,0,0,0,3,0,0,0,0,5,5.0,160.0,145.3,14.7,5.27,3
FIGHTING EAGLES NAGOYA,"Jamorko Pickett, Katsuki Hiramatsu, Francis Lopez, Narito Namizato, Sean O'mara","FIGHTING EAGLES NAGOYA|0,12,20,3,54",1,1.4,81.0,2,1,3,33.3,0,0,0,0,0,0,0,0,0,0,0,0,0,0,2,3.0,66.7,50.0,16.7,1.48,0
KYOTO HANNARYZ,"Charles Jackson, Satoru Maeta, Ryunosuke Watanabe, Angelo Caloiaro, Mone Alex Hall","KYOTO HANNARYZ|10,13,16,32,39",1,1.4,87.0,7,3,5,60.0,1,2,50.0,0,0,0,0,0,0,0,0,0,0,0,0,5.0,140.0,0.0,140.0,4.83,7
KYOTO HANNARYZ,"Charles Jackson, Asato Ogawa, Satoru Maeta, Leon Shibuta, Angelo Caloiaro","KYOTO HANNARYZ|10,12,13,3,32",1,1.4,83.0,4,2,3,66.7,0,1,0.0,0,0,0,0,0,0,0,0,0,0,0,5,3.0,133.3,250.0,-116.7,2.89,-1
SAGA BALLOONERS,"Sori Uchio, Reynaldo Garcia, Tanner Groves, Ryota Inoue, Josh Harrellson","SAGA BALLOONERS|18,2,22,34,55",1,1.4,84.0,2,1,2,50.0,0,0,0,0,0,0,0,0,0,0,0,0,0,0,0,2.0,100.0,0.0,100.0,1.43,2
SHIGA LAKES,"Thomas Wimbush, Shintaro Ehara, Ryan Kriener, Taiki Okada, Ai-Che Yu","SHIGA LAKES|20,25,4,6,7",2,1.4,86.0,0,0,0,0,0,0,0,0,0,0,0,0,0,0,0,0,1,0,4,1.0,0.0,212.8,-212.8,0.0,-4
GUNMA CRANE THUNDERS,"Yuma Fujii, AJ Edu, Kazuki Hosokawa, Trey Jones, Takuto Nakamura","GUNMA CRANE THUNDERS|0,15,29,4,6",1,1.4,86.0,3,1,5,20.0,1,4,25.0,0,0,0,0,0,0,2,0,0,0,0,0,5.0,60.0,0.0,60.0,2.09,3
IBARAKI ROBOTS,"Ru Jingaoka, Kotaro Hisaoka, Eric Jacobsen, Keita Tsurumaki, Hayate Komasawa","IBARAKI ROBOTS|10,14,21,29,7",1,1.4,86.0,0,0,1,0.0,0,1,0.0,0,0,0,0,0,0,0,0,0,1,0,3,2.0,0.0,60.0,-60.0,0.0,-3
ALVARK TOKYO,"Zack Baranski, Sebastian Saiz, Marcus Foster, Kohei Fukuzawa, Shuto Ando","ALVARK TOKYO|10,11,17,25,9",1,1.4,82.0,3,1,2,50.0,1,1,100.0,0,0,0,0,0,0,1,0,0,0,0,3,2.0,150.0,208.3,-58.3,2.2,0
NAGOYA DIAMOND DOLPHINS,"Aaron Henry, Taketo Kato, Keita Imamura, Scott Eatherton, Isaiah Murphy","NAGOYA DIAMOND DOLPHINS|11,3,30,43,5",1,1.4,81.0,6,2,3,66.7,2,3,66.7,0,0,0,0,0,0,0,0,0,1,0,0,4.0,150.0,0.0,150.0,4.44,6
SAN-EN NEOPHOENIX,"Hirotaka Yoshii, Tshilidzi Kawata, David Nwaba, Kazuma Tsuya, Sota Oura","SAN-EN NEOPHOENIX|10,15,2,28,5",1,1.4,87.0,5,1,2,50.0,1,1,100.0,2,3,66.7,0,0,0,1,0,0,0,0,2,3.3,150.6,100.0,50.6,3.45,3
TOYAMA GROUSES,"Naoki Uto, Brock Motum, Nyika Williams, Kazuki Miyamoto, Trey Kell","TOYAMA GROUSES|11,12,6,7,8",2,1.4,85.0,3,0,0,0,0,0,0,3,4,75.0,0,0,0,0,0,0,0,0,3,1.8,170.5,100.0,70.5,2.12,0
UTSUNOMIYA BREX,"Kosuke Takeuchi, Seiji Ikaruga, DJ Newbill, Isaac Fotu, Makoto Hiejima","UTSUNOMIYA BREX|10,18,25,42,6",1,1.4,82.0,3,1,2,50.0,1,2,50.0,0,0,0,0,0,0,1,0,0,1,0,2,3.0,100.0,66.7,33.3,2.2,1
SHIGA LAKES,"Yosei Nishida, Thomas Wimbush, Higen Hasegawa, Ryan Kriener, Ai-Che Yu","SHIGA LAKES|14,20,34,4,7",1,1.4,87.0,0,0,1,0.0,0,1,0.0,0,0,0,0,0,0,0,0,0,1,0,3,2.0,0.0,300.0,-300.0,0.0,-3
IBARAKI ROBOTS,"Robert Franks, Genki Kojima, Kohei Nakamura, Tyler Cook, Jae-Min Yang","IBARAKI ROBOTS|0,1,13,8,9",1,1.4,82.0,3,1,2,50.0,0,0,0,1,2,50.0,0,0,0,1,0,0,0,0,3,2.9,104.2,123.0,-18.8,2.2,0
ALTIRI CHIBA,"Takaaki Kida, Kei Sugimoto, Luke Evans, Reo Maeda, Dererk Pardon","ALTIRI CHIBA|0,11,33,5,7",2,1.4,82.0,2,1,3,33.3,0,1,0.0,0,0,0,0,0,0,1,0,0,0,0,6,3.0,66.7,208.3,-141.7,1.46,-4
SAN-EN NEOPHOENIX,"Steve Zack, David Nwaba, Dai Nemoto, Kazuma Tsuya, Junior Kodama","SAN-EN NEOPHOENIX|00,2,20,28,33",1,1.4,83.0,0,0,2,0.0,0,2,0.0,0,0,0,0,0,0,1,0,0,0,0,2,2.0,0.0,66.7,-66.7,0.0,-2
KOSHIGAYA ALPHAS,"Yuichi Ikeda, Yuya Kamata, Shuhei Kitagawa, Sekou Doumbouya, Anthony Clemmons","KOSHIGAYA ALPHAS|12,18,31,45,5",1,1.4,81.0,0,0,1,0.0,0,0,0,0,0,0,0,0,0,0,0,0,2,0,2,3.0,0.0,66.7,-66.7,0.0,-2
OSAKA EVESSA,"Ray Parks Jr, Ryan Luther, Rei Goda, Matt Bonds, Seiga Sakamoto","OSAKA EVESSA|1,11,20,5,60",2,1.4,82.0,0,0,0,0,0,0,0,0,0,0,0,0,0,1,0,0,0,0,5,0.1,0.0,83.3,-83.3,0.0,-5
ALVARK TOKYO,"Sebastian Saiz, Marcus Foster, Ryan Rossiter, Hiromu Nakamura, Taiki Osakabe","ALVARK TOKYO|11,17,22,5,75",4,1.4,86.0,0,0,2,0.0,0,2,0.0,0,0,0,0,0,0,0,0,0,0,0,1,2.0,0.0,53.2,-53.2,0.0,-1
SHIMANE SUSANOO MAGIC,"Olufemi Olujobi, Taichi Nakamura, Fumiya Iio, Nick Kay, Yuta Okada","SHIMANE SUSANOO MAGIC|0,11,22,4,77",1,1.4,84.0,0,0,0,0,0,0,0,0,0,0,0,0,0,1,0,0,0,0,5,0.1,0.0,125.0,-125.0,0.0,-5
IBARAKI ROBOTS,"Robert Franks, Kohei Nakamura, Kotaro Hisaoka, Eric Jacobsen, Keita Tsurumaki","IBARAKI ROBOTS|0,13,14,21,29",2,1.4,85.0,4,1,1,100.0,1,1,100.0,1,3,33.3,0,0,0,0,0,0,1,0,0,3.3,120.5,0.0,120.5,2.82,4
KYOTO HANNARYZ,"Hayato Kawashima, Leon Shibuta, Ira Brown, Jordan Heath, Takatoshi Furukawa","KYOTO HANNARYZ|15,3,33,35,51",1,1.4,81.0,0,0,1,0.0,0,1,0.0,0,0,0,0,0,0,0,0,0,0,0,2,1.0,0.0,66.7,-66.7,0.0,-2
KAWASAKI BRAVE THUNDERS,"Kengo Nomoto, Ryo Iida, Rosco Allen, Emanuel Terry, Taiga Okada","KAWASAKI BRAVE THUNDERS|10,17,25,5,55",1,1.4,81.0,2,1,3,33.3,0,2,0.0,0,0,0,0,0,0,0,0,0,0,0,0,3.0,66.7,0.0,66.7,1.48,2
SAN-EN NEOPHOENIX,"Tshilidzi Kawata, David Nwaba, Dai Nemoto, Darius Days, Sota Oura","SAN-EN NEOPHOENIX|15,2,20,4,5",2,1.4,82.0,0,0,0,0,0,0,0,0,0,0,0,0,0,0,0,0,2,0,4,2.0,0.0,80.0,-80.0,0.0,-4
UTSUNOMIYA BREX,"Gavin Edwards, Isaac Fotu, Makoto Hiejima, Atsuya Ogawa, Yusuke Endo","UTSUNOMIYA BREX|33,42,6,7,9",1,1.4,87.0,4,2,3,66.7,0,0,0,0,0,0,0,0,0,1,0,0,0,0,2,3.0,133.3,106.4,27.0,2.76,2
KAWASAKI BRAVE THUNDERS,"Shota Tsuyama, Rosco Allen, Takumi Hasegawa, Emanuel Terry, Ryusei Shinoyama","KAWASAKI BRAVE THUNDERS|13,25,33,5,7",3,1.4,85.0,8,2,4,50.0,0,1,0.0,4,4,100.0,0,0,0,1,0,0,1,0,2,6.8,118.3,50.0,68.3,5.65,6
OSAKA EVESSA,"Ryan Luther, Rei Goda, Yasunori Aoki, Volodymyr Gerun, Hayato Maki","OSAKA EVESSA|11,20,4,52,88",2,1.4,85.0,5,2,2,100.0,1,1,100.0,0,0,0,0,0,0,2,0,0,0,0,2,2.0,250.0,100.0,150.0,3.53,3
OSAKA EVESSA,"Ryan Luther, Volodymyr Gerun, Seiga Sakamoto, Yoshiya Uematsu, Hayato Maki","OSAKA EVESSA|11,52,60,8,88",1,1.4,87.0,0,0,1,0.0,0,1,0.0,0,0,0,0,0,0,0,0,0,2,0,6,3.0,0.0,217.4,-217.4,0.0,-6
ALVARK TOKYO,"Marcus Foster, Ryan Rossiter, Hiromu Nakamura, Chase Fieler, Shuto Ando","ALVARK TOKYO|17,22,5,60,9",1,1.4,87.0,0,0,1,0.0,0,1,0.0,0,2,0.0,0,0,0,0,0,0,1,0,2,2.9,0.0,69.4,-69.4,0.0,-2
ALTIRI CHIBA,"Takaaki Kida, Olufemi Olujobi, Kotetsu Kurokawa, Reo Maeda, Dererk Pardon","ALTIRI CHIBA|0,15,3,5,7",1,1.4,87.0,2,1,2,50.0,0,1,0.0,0,0,0,0,0,0,0,0,0,0,0,5,2.0,100.0,173.6,-73.6,1.38,-3
NAGASAKI VELCA,"Ko Kumagai, Hayato Yamaguchi, Hyunjung Lee, Jarrell Brantley, Koya Kawamata","NAGASAKI VELCA|11,17,5,7,99",1,1.4,84.0,0,0,2,0.0,0,1,0.0,0,0,0,0,0,0,0,0,0,0,0,3,2.0,0.0,100.0,-100.0,0.0,-3
SAGA BALLOONERS,"Ryo Abe, Tanner Groves, David Dudzinski, Taiki Sumida, Rui Todoroki","SAGA BALLOONERS|13,22,23,25,8",2,1.4,86.0,2,1,2,50.0,0,1,0.0,0,0,0,0,0,0,1,0,0,0,0,0,2.0,100.0,0.0,100.0,1.4,2
NAGOYA DIAMOND DOLPHINS,"Takumi Saito, Keita Imamura, Kyle Richardson, Scott Eatherton, Isaiah Murphy","NAGOYA DIAMOND DOLPHINS|2,30,34,43,5",1,1.4,84.0,7,3,5,60.0,1,1,100.0,0,0,0,0,0,0,2,0,0,0,0,3,5.0,140.0,100.0,40.0,5.0,4
TOYAMA GROUSES,"Naoki Uto, Brock Motum, Matthew Aquino, Yannis Morin, Nyika Williams","TOYAMA GROUSES|11,12,13,24,6",2,1.4,87.0,0,0,2,0.0,0,1,0.0,0,0,0,0,0,0,1,0,0,0,0,4,2.0,0.0,103.1,-103.1,0.0,-4
KOSHIGAYA ALPHAS,"Jarell Martin, Kai Sotto, Kai Sugawara, Anthony Clemmons, Shun Matsuyama","KOSHIGAYA ALPHAS|1,11,28,5,7",1,1.4,85.0,0,0,1,0.0,0,1,0.0,0,0,0,0,0,0,1,0,0,0,0,2,1.0,0.0,34.0,-34.0,0.0,-2
KOSHIGAYA ALPHAS,"Jarell Martin, Kai Sotto, Takeru Oba, Anthony Clemmons, Shun Matsuyama","KOSHIGAYA ALPHAS|1,11,14,5,7",3,1.4,84.0,1,0,0,0,0,0,0,1,1,100.0,0,0,0,1,0,0,2,0,2,2.4,41.0,82.0,-41.0,0.71,-1
ALVARK TOKYO,"Zack Baranski, Ryan Rossiter, Kohei Fukuzawa, Chase Fieler, Shuto Ando","ALVARK TOKYO|10,22,25,60,9",1,1.4,84.0,2,1,3,33.3,0,0,0,0,0,0,0,0,0,0,0,0,1,0,2,4.0,50.0,200.0,-150.0,1.43,0
RYUKYU GOLDEN KINGS,"Koya Kobari, Shota Onodera, Vic Law, Jack Cooley, Alex Kirk","RYUKYU GOLDEN KINGS|2,34,4,45,53",1,1.4,83.0,0,0,1,0.0,0,0,0,0,0,0,0,0,0,0,0,0,1,0,5,2.0,0.0,166.7,-166.7,0.0,-5
KOSHIGAYA ALPHAS,"Kai Sotto, Takeru Oba, Yuya Kamata, Shun Matsuyama, Davon Reed","KOSHIGAYA ALPHAS|11,14,18,7,9",1,1.4,86.0,3,1,1,100.0,1,1,100.0,0,0,0,0,0,0,1,0,0,0,0,3,1.0,300.0,150.0,150.0,2.09,0
LEVANGA HOKKAIDO,"Kohei Sekino, Shuto Ichiba, Jordan Ngatai, Jahlil Okafor, Keisei Tominaga","LEVANGA HOKKAIDO|1,12,20,22,30",1,1.4,84.0,5,2,2,100.0,1,1,100.0,0,0,0,0,0,0,1,0,0,0,0,6,2.0,250.0,200.0,50.0,3.57,-1
AKITA NORTHERN HAPPINETS,"Yanni Wetzell, Eijiro Ogawa, Teru Sugawara, Takuya Nakayama, Keanu Pinder","AKITA NORTHERN HAPPINETS|10,13,14,17,25",1,1.4,81.0,3,1,2,50.0,0,0,0,1,2,50.0,0,0,0,2,0,0,0,0,2,2.9,104.2,66.7,37.5,2.22,1
AKITA NORTHERN HAPPINETS,"Takuya Nakayama, Tsubasa Kurihara, Kanji Takahira, Keanu Pinder, Alistair Tokio Tsuchiya","AKITA NORTHERN HAPPINETS|17,2,24,25,77",1,1.4,83.0,0,0,0,0,0,0,0,0,0,0,0,0,0,0,0,0,2,0,6,2.0,0.0,200.0,-200.0,0.0,-6
SAN-EN NEOPHOENIX,"Yante Maten, Tshilidzi Kawata, David Nwaba, Dai Nemoto, Sota Oura","SAN-EN NEOPHOENIX|1,15,2,20,5",1,1.4,85.0,0,0,2,0.0,0,1,0.0,0,0,0,0,0,0,0,0,0,0,0,2,2.0,0.0,69.4,-69.4,0.0,-2
SAGA BALLOONERS,"Sori Uchio, Atsuki Kishida, Tanner Groves, David Dudzinski, Taiki Sumida","SAGA BALLOONERS|18,20,22,23,25",1,1.4,81.0,0,0,1,0.0,0,1,0.0,0,0,0,0,0,0,0,0,0,1,0,5,2.0,0.0,102.5,-102.5,0.0,-5
KAWASAKI BRAVE THUNDERS,"Kengo Nomoto, Ryo Iida, Rosco Allen, Jaheru Ryuto Yamauchi, Ryusei Shinoyama","KAWASAKI BRAVE THUNDERS|10,17,25,45,7",1,1.4,81.0,4,2,3,66.7,0,1,0.0,0,0,0,0,0,0,1,0,0,0,0,0,3.0,133.3,0.0,133.3,2.96,4
ALVARK TOKYO,"Brandon Davies, Zack Baranski, Marcus Foster, Kai Toews, Shuto Ando","ALVARK TOKYO|0,10,17,3,9",2,1.4,87.0,2,1,2,50.0,0,1,0.0,0,0,0,0,0,0,0,0,0,0,0,3,2.0,100.0,123.0,-23.0,1.38,-1
SAN-EN NEOPHOENIX,"Yante Maten, Dai Nemoto, Ryusei Sasaki, Kazuma Tsuya, Cameron Jackson","SAN-EN NEOPHOENIX|1,20,24,28,7",1,1.4,85.0,4,1,1,100.0,1,1,100.0,1,2,50.0,0,0,0,0,0,0,0,0,0,1.9,212.8,0.0,212.8,2.82,4
KOSHIGAYA ALPHAS,"Yuichi Ikeda, Takeru Oba, Yuya Kamata, Jordan Ngatai, Kai Sugawara","KOSHIGAYA ALPHAS|12,14,18,20,28",1,1.4,85.0,4,2,2,100.0,0,0,0,0,0,0,0,0,0,1,0,0,0,0,0,2.0,200.0,0.0,200.0,2.82,4
SAN-EN NEOPHOENIX,"Yante Maten, Hirotaka Yoshii, Ryusei Sasaki, Sota Oura, Cameron Jackson","SAN-EN NEOPHOENIX|1,10,24,5,7",1,1.4,83.0,2,1,2,50.0,0,0,0,0,0,0,0,0,0,1,0,0,0,0,3,2.0,100.0,170.5,-70.5,1.45,-1
KOSHIGAYA ALPHAS,"Jordan Ngatai, Kai Sugawara, Anthony Clemmons, Shun Matsuyama, Joseph Diawara","KOSHIGAYA ALPHAS|20,28,5,7,8",1,1.4,84.0,2,0,1,0.0,0,1,0.0,2,2,100.0,0,0,0,0,0,0,0,0,1,1.9,106.4,53.2,53.2,1.43,1
LEVANGA HOKKAIDO,"Kyosuke Hoshino, Dwight Ramos, Jahlil Okafor, Kaito Morizane, Kevin Jones","LEVANGA HOKKAIDO|14,2,22,34,5",1,1.4,82.0,5,2,3,66.7,1,1,100.0,0,0,0,0,0,0,1,0,0,0,0,0,3.0,166.7,0.0,166.7,3.66,5
LEVANGA HOKKAIDO,"Kohei Sekino, Ren Shimatani, Jahlil Okafor, Kevin Jones, Hiroto Kikuchi","LEVANGA HOKKAIDO|1,15,22,5,6",1,1.4,85.0,0,0,3,0.0,0,1,0.0,0,0,0,0,0,0,0,0,0,0,0,5,3.0,0.0,250.0,-250.0,0.0,-5
OSAKA EVESSA,"Joji Takeuchi, Makoto Kinoshita, Tatsuya Suzuki, Matt Bonds, Volodymyr Gerun","OSAKA EVESSA|15,31,35,5,52",1,1.4,86.0,0,0,1,0.0,0,1,0.0,0,0,0,0,0,0,0,0,0,2,0,3,3.0,0.0,123.0,-123.0,0.0,-3
AKITA NORTHERN HAPPINETS,"Yanni Wetzell, Teru Sugawara, Takuya Nakayama, Kanji Takahira, Alistair Tokio Tsuchiya","AKITA NORTHERN HAPPINETS|10,14,17,24,77",1,1.4,84.0,2,1,2,50.0,0,0,0,0,0,0,0,0,0,1,0,0,2,0,2,4.0,50.0,100.0,-50.0,1.43,0
KYOTO HANNARYZ,"Leon Shibuta, Angelo Caloiaro, Ira Brown, Jordan Heath, Mone Alex Hall","KYOTO HANNARYZ|3,32,33,35,39",1,1.4,82.0,0,0,2,0.0,0,0,0,0,0,0,0,0,0,0,0,0,0,0,2,2.0,0.0,66.7,-66.7,0.0,-2
AKITA NORTHERN HAPPINETS,"Yanni Wetzell, Taiyo Motoda, Takuya Nakayama, Tsubasa Kurihara, Kanji Takahira","AKITA NORTHERN HAPPINETS|10,12,17,2,24",1,1.4,84.0,0,0,1,0.0,0,0,0,0,0,0,0,0,0,0,0,0,3,0,5,4.0,0.0,166.7,-166.7,0.0,-5
KYOTO HANNARYZ,"Charles Jackson, Satoru Maeta, Ryunosuke Watanabe, Jordan Heath, Takatoshi Furukawa","KYOTO HANNARYZ|10,13,16,35,51",1,1.4,86.0,0,0,1,0.0,0,1,0.0,0,0,0,0,0,0,0,0,0,2,0,4,3.0,0.0,100.0,-100.0,0.0,-4
CHIBA JETS,"Yuta Watanabe, Ren Kanechika, Yuki Togashi, John Mooney, Nassir Little","CHIBA JETS|1,12,2,33,8",2,1.3,77.0,0,0,3,0.0,0,1,0.0,0,0,0,0,0,0,0,0,0,0,0,5,3.0,0.0,266.0,-266.0,0.0,-5
KYOTO HANNARYZ,"Charles Jackson, Hayato Kawashima, Ryunosuke Watanabe, Jordan Heath, Takatoshi Furukawa","KYOTO HANNARYZ|10,15,16,35,51",1,1.3,76.0,0,0,0,0,0,0,0,0,0,0,0,0,0,1,0,0,1,0,2,1.0,0.0,66.7,-66.7,0.0,-2
SHIGA LAKES,"Zach Auguste, Kohei Tsuneta, Thomas Wimbush, Higen Hasegawa, Ai-Che Yu","SHIGA LAKES|0,17,20,34,7",2,1.3,79.0,0,0,1,0.0,0,0,0,0,0,0,0,0,0,0,0,0,1,0,5,2.0,0.0,125.0,-125.0,0.0,-5
SHIGA LAKES,"Daichi Nomoto, Kohei Tsuneta, Thomas Wimbush, Ryan Kriener, Ai-Che Yu","SHIGA LAKES|16,17,20,4,7",3,1.3,76.0,2,1,3,33.3,0,1,0.0,0,0,0,0,0,0,0,0,0,0,0,0,3.0,66.7,0.0,66.7,1.58,2
AKITA NORTHERN HAPPINETS,"Tanner Leissner, Takuya Nakayama, Ali Mezher, Keanu Pinder, Shigehiro Taguchi","AKITA NORTHERN HAPPINETS|15,17,22,25,5",1,1.3,79.0,2,1,2,50.0,0,1,0.0,0,0,0,0,0,0,0,0,0,0,0,6,2.0,100.0,300.0,-200.0,1.52,-4
UTSUNOMIYA BREX,"Kosuke Takeuchi, Seiji Ikaruga, DJ Newbill, Gavin Edwards, Yusuke Endo","UTSUNOMIYA BREX|10,18,25,33,9",2,1.3,77.0,0,0,2,0.0,0,1,0.0,0,0,0,0,0,0,0,0,0,0,0,3,2.0,0.0,150.0,-150.0,0.0,-3
IBARAKI ROBOTS,"Robert Franks, Genki Kojima, Keita Tsurumaki, Hayate Komasawa, Tyler Cook","IBARAKI ROBOTS|0,1,29,7,8",2,1.3,77.0,0,0,1,0.0,0,0,0,0,0,0,0,0,0,1,0,0,2,0,6,3.0,0.0,154.6,-154.6,0.0,-6
ALVARK TOKYO,"Zack Baranski, Sebastian Saiz, Marcus Foster, Kai Toews, Shuto Ando","ALVARK TOKYO|10,11,17,3,9",2,1.3,78.0,6,2,3,66.7,2,3,66.7,0,0,0,0,0,0,1,0,0,0,0,4,3.0,200.0,133.3,66.7,4.62,2
ALVARK TOKYO,"Sebastian Saiz, Sota Okura, Ryan Rossiter, Taiki Osakabe, Shuto Ando","ALVARK TOKYO|11,2,22,75,9",2,1.3,76.0,4,1,1,100.0,1,1,100.0,1,2,50.0,0,0,0,1,0,0,0,0,2,1.9,212.8,106.4,106.4,3.16,2
ALTIRI CHIBA,"Kei Sugimoto, Brandon Ashley, Yuto Otsuka, Naoya Kumagae, Dererk Pardon","ALTIRI CHIBA|11,21,24,27,7",1,1.3,79.0,5,2,3,66.7,1,2,50.0,0,0,0,0,0,0,2,0,0,0,0,0,3.0,166.7,0.0,166.7,3.8,5
GUNMA CRANE THUNDERS,"AJ Edu, Kazuki Hosokawa, Trey Jones, Daichi Taniguchi, Takuto Nakamura","GUNMA CRANE THUNDERS|15,29,4,55,6",1,1.3,79.0,0,0,1,0.0,0,0,0,0,0,0,0,0,0,0,0,0,1,0,5,2.0,0.0,166.7,-166.7,0.0,-5
SEAHORSES MIKAWA,"Jake Layman, Koyo Nishida, Ryogo Sumino, Aaron White, Avi Koki Schafer","SEAHORSES MIKAWA|10,16,18,30,32",1,1.3,76.0,0,0,0,0,0,0,0,0,0,0,0,0,0,0,0,0,2,0,2,2.0,0.0,66.7,-66.7,0.0,-2
SUNROCKERS SHIBUYA,"Daiki Tanaka, John Lawrence Harper Jr, Troy Murphy Jr, Thomas Welsh, Josh Hawkinson","SUNROCKERS SHIBUYA|13,3,4,40,8",1,1.3,78.0,4,1,1,100.0,0,0,0,2,2,100.0,0,0,0,1,0,0,0,0,2,1.9,212.8,100.0,112.8,3.08,2
OSAKA EVESSA,"Ray Parks Jr, Ryan Luther, Joji Takeuchi, Makoto Kinoshita, Seiga Sakamoto","OSAKA EVESSA|1,11,15,31,60",1,1.3,80.0,2,1,3,33.3,0,2,0.0,0,0,0,0,0,0,0,0,0,0,0,6,3.0,66.7,300.0,-233.3,1.5,-4
SAGA BALLOONERS,"Ryo Abe, Kosuke Kanamaru, Tanner Groves, Taiki Sumida, Chase Fieler","SAGA BALLOONERS|13,14,22,25,60",1,1.3,80.0,6,2,2,100.0,2,2,100.0,0,0,0,0,0,0,2,0,0,0,0,2,2.0,300.0,66.7,233.3,4.5,4
SEAHORSES MIKAWA,"Jake Layman, Ryogo Sumino, Yudai Nishida, Davante Gardner, Satoshi Nagano","SEAHORSES MIKAWA|10,18,19,54,7",1,1.3,77.0,2,1,3,33.3,0,0,0,0,0,0,0,0,0,0,0,0,0,0,3,3.0,66.7,150.0,-83.3,1.56,-1
AKITA NORTHERN HAPPINETS,"Yanni Wetzell, Taiyo Motoda, Ali Mezher, Keanu Pinder, Raita Akaho","AKITA NORTHERN HAPPINETS|10,12,22,25,6",1,1.3,77.0,4,2,2,100.0,0,0,0,0,0,0,0,0,0,0,0,0,0,0,3,2.0,200.0,100.0,100.0,3.12,1
RYUKYU GOLDEN KINGS,"Yoshiyuki Matsuwaki, Masahiro Waki, Damyean Dotson, Jack Cooley, Ryo Sadohara","RYUKYU GOLDEN KINGS|15,18,21,45,8",1,1.3,78.0,2,1,2,50.0,0,1,0.0,0,0,0,0,0,0,0,0,0,0,0,0,2.0,100.0,0.0,100.0,1.54,2
SAN-EN NEOPHOENIX,"Hirotaka Yoshii, David Nwaba, Kazuma Tsuya, Sota Oura, Cameron Jackson","SAN-EN NEOPHOENIX|10,2,28,5,7",1,1.3,79.0,0,0,3,0.0,0,2,0.0,0,0,0,0,0,0,0,0,0,0,0,3,3.0,0.0,150.0,-150.0,0.0,-3
ALVARK TOKYO,"Sota Okura, Gen Hiraiwa, Ryan Rossiter, Taiki Osakabe, Shuto Ando","ALVARK TOKYO|2,21,22,75,9",1,1.3,80.0,2,1,1,100.0,0,0,0,0,0,0,0,0,0,1,0,0,1,0,2,2.0,100.0,100.0,0.0,1.5,0
OSAKA EVESSA,"Ryan Luther, Makoto Kinoshita, Yasunori Aoki, Matt Bonds, Hayato Maki","OSAKA EVESSA|11,31,4,5,88",1,1.3,80.0,2,1,2,50.0,0,0,0,0,0,0,0,0,0,1,0,0,1,0,0,3.0,66.7,0.0,66.7,1.5,2
OSAKA EVESSA,"Ryan Luther, Joji Takeuchi, Yasunori Aoki, Matt Bonds, Hayato Maki","OSAKA EVESSA|11,15,4,5,88",2,1.3,79.0,4,1,2,50.0,0,1,0.0,2,2,100.0,0,0,0,0,0,0,0,0,0,2.9,138.9,0.0,138.9,3.04,4
ALTIRI CHIBA,"Kei Sugimoto, Trey Porter, Naoya Kumagae, Luke Evans, Reo Maeda","ALTIRI CHIBA|11,22,27,33,5",1,1.3,78.0,2,1,2,50.0,0,0,0,0,0,0,0,0,0,0,0,0,0,0,0,2.0,100.0,0.0,100.0,1.54,2
KYOTO HANNARYZ,"Asato Ogawa, Angelo Caloiaro, Jordan Heath, Mone Alex Hall, Takatoshi Furukawa","KYOTO HANNARYZ|12,32,35,39,51",1,1.3,77.0,4,2,3,66.7,0,0,0,0,0,0,0,0,0,0,0,0,0,0,3,3.0,133.3,77.3,56.0,3.12,1
KYOTO HANNARYZ,"Asato Ogawa, Leon Shibuta, Angelo Caloiaro, Jordan Heath, Takatoshi Furukawa","KYOTO HANNARYZ|12,3,32,35,51",1,1.3,79.0,5,1,1,100.0,1,1,100.0,2,2,100.0,0,0,0,1,0,0,1,0,5,2.9,173.6,250.0,-76.4,3.8,0
KAWASAKI BRAVE THUNDERS,"Omar Jamaleddine, Ryo Iida, Rosco Allen, Emanuel Terry, Taiga Okada","KAWASAKI BRAVE THUNDERS|1,17,25,5,55",1,1.3,77.0,0,0,2,0.0,0,0,0,0,0,0,0,0,0,0,0,0,0,0,2,2.0,0.0,69.4,-69.4,0.0,-2
CHIBA JETS,"Yuta Watanabe, DJ Hogg, Gaku Arao, Shuta Hara, Riku Segawa","CHIBA JETS|1,10,25,31,5",1,1.3,80.0,0,0,2,0.0,0,0,0,0,0,0,0,0,0,0,0,0,0,0,4,2.0,0.0,200.0,-200.0,0.0,-4
IBARAKI ROBOTS,"Robert Franks, Ru Jingaoka, Noboru Hasegawa, Hayate Komasawa, Tyler Cook","IBARAKI ROBOTS|0,10,3,7,8",1,1.3,80.0,1,0,1,0.0,0,0,0,1,2,50.0,0,0,0,0,0,0,1,0,0,2.9,34.7,0.0,34.7,0.75,1
GUNMA CRANE THUNDERS,"Yuma Fujii, Koh Flippin, Daichi Taniguchi, Kerry BlackshearJr, Naoto Tsuji","GUNMA CRANE THUNDERS|0,1,55,8,9",1,1.3,80.0,3,1,1,100.0,1,1,100.0,0,0,0,0,0,0,2,0,0,0,0,2,1.0,300.0,100.0,200.0,2.25,1
LEVANGA HOKKAIDO,"Ren Shimatani, Dwight Ramos, John Harrar, Keisei Tominaga, Yu Kibayashi","LEVANGA HOKKAIDO|15,2,21,30,8",1,1.3,80.0,2,1,2,50.0,0,1,0.0,0,0,0,0,0,0,1,0,0,0,0,3,2.0,100.0,300.0,-200.0,1.5,-1
GUNMA CRANE THUNDERS,"AJ Edu, Kazuki Hosokawa, Terrance Woodbury, Takuto Nakamura, Kerry BlackshearJr","GUNMA CRANE THUNDERS|15,29,30,6,8",1,1.3,79.0,0,0,1,0.0,0,1,0.0,0,0,0,0,0,0,0,0,0,0,0,3,1.0,0.0,100.0,-100.0,0.0,-3
SAGA BALLOONERS,"Sori Uchio, Reynaldo Garcia, David Dudzinski, Taiki Sumida, Rui Todoroki","SAGA BALLOONERS|18,2,23,25,8",2,1.3,79.0,2,1,3,33.3,0,1,0.0,0,0,0,0,0,0,1,0,0,0,0,4,3.0,66.7,138.9,-72.2,1.52,-2
LEVANGA HOKKAIDO,"Ren Shimatani, Dwight Ramos, John Harrar, Hiroto Kikuchi, Yu Kibayashi","LEVANGA HOKKAIDO|15,2,21,6,8",1,1.3,80.0,5,2,2,100.0,1,1,100.0,0,0,0,0,0,0,0,0,0,1,0,3,3.0,166.7,87.2,79.5,3.75,2
RYUKYU GOLDEN KINGS,"Masahiro Waki, Damyean Dotson, Jack Cooley, Alex Kirk, Ryo Sadohara","RYUKYU GOLDEN KINGS|18,21,45,53,8",1,1.3,76.0,0,0,0,0,0,0,0,0,0,0,0,0,0,0,0,0,1,0,0,1.0,0.0,0.0,0.0,0.0,0
KOSHIGAYA ALPHAS,"Jarell Martin, Takeru Oba, Yuya Kamata, Shun Matsuyama, Davon Reed","KOSHIGAYA ALPHAS|1,14,18,7,9",1,1.3,80.0,0,0,3,0.0,0,2,0.0,0,0,0,0,0,0,0,0,0,0,0,1,3.0,0.0,69.4,-69.4,0.0,-1
ALVARK TOKYO,"Marcus Foster, Sota Okura, Ryan Rossiter, Chase Fieler, Taiki Osakabe","ALVARK TOKYO|17,2,22,60,75",1,1.3,78.0,2,1,1,100.0,0,0,0,0,0,0,0,0,0,0,0,0,0,0,0,1.0,200.0,0.0,200.0,1.54,2
AKITA NORTHERN HAPPINETS,"Jamel Mclean, Yanni Wetzell, Teru Sugawara, Takuya Nakayama, Kanji Takahira","AKITA NORTHERN HAPPINETS|1,10,14,17,24",1,1.3,78.0,0,0,2,0.0,0,0,0,0,0,0,0,0,0,0,0,0,1,0,0,3.0,0.0,0.0,0.0,0.0,0
KYOTO HANNARYZ,"Charles Jackson, Asato Ogawa, Satoru Maeta, Jordan Heath, Mone Alex Hall","KYOTO HANNARYZ|10,12,13,35,39",1,1.3,79.0,0,0,1,0.0,0,1,0.0,0,0,0,0,0,0,1,0,0,0,0,0,1.0,0.0,0.0,0.0,0.0,0
SAGA BALLOONERS,"Ryo Abe, Reynaldo Garcia, Tanner Groves, Taiki Sumida, Ryota Inoue","SAGA BALLOONERS|13,2,22,25,34",1,1.3,80.0,3,1,2,50.0,1,1,100.0,0,0,0,0,0,0,2,0,0,0,0,2,2.0,150.0,66.7,83.3,2.25,1
SHIMANE SUSANOO MAGIC,"Fumiya Iio, Muusa Dama, Nick Kay, Shota Arai, Anthony Sho Sukegawa","SHIMANE SUSANOO MAGIC|22,25,4,5,7",2,1.3,76.0,0,0,1,0.0,0,0,0,0,1,0.0,0,0,0,1,0,0,0,0,5,1.4,0.0,173.6,-173.6,0.0,-5
TOYAMA GROUSES,"Brock Motum, Towa Izumi, Yuzo Okada, Kazuki Miyamoto, Trey Kell","TOYAMA GROUSES|12,14,3,7,8",1,1.3,78.0,6,2,3,66.7,0,1,0.0,2,2,100.0,0,0,0,3,0,0,0,0,7,3.9,154.6,186.2,-31.5,4.62,-1
KOSHIGAYA ALPHAS,"Kai Sotto, Yuichi Ikeda, Jordan Ngatai, Kai Sugawara, Anthony Clemmons","KOSHIGAYA ALPHAS|11,12,20,28,5",2,1.3,76.0,0,0,0,0,0,0,0,0,0,0,0,0,0,0,0,0,0,0,3,0.1,0.0,150.0,-150.0,0.0,-3
HIROSHIMA DRAGONFLIES,"Toshiki Kamisawa, Dwayne Evans II, Nick Mayo, Kaine Roberts, Christopher Smith","HIROSHIMA DRAGONFLIES|10,13,24,4,8",1,1.3,77.0,0,0,2,0.0,0,1,0.0,0,0,0,0,0,0,0,0,0,0,0,5,2.0,0.0,266.0,-266.0,0.0,-5
HIROSHIMA DRAGONFLIES,"Dwayne Evans II, Kofi Cockburn, Tatsuya Ito, Ryo Yamazaki, Kevin Hareyama","HIROSHIMA DRAGONFLIES|13,23,3,30,32",2,1.3,80.0,5,2,4,50.0,1,3,33.3,0,0,0,0,0,0,0,0,0,0,0,5,4.0,125.0,181.2,-56.2,3.75,0
OSAKA EVESSA,"Ray Parks Jr, Matt Bonds, Volodymyr Gerun, Seiga Sakamoto, Hayato Maki","OSAKA EVESSA|1,5,52,60,88",1,1.3,76.0,1,0,1,0.0,0,1,0.0,1,2,50.0,0,0,0,1,0,0,0,0,6,1.9,53.2,112.8,-59.6,0.79,-5
OSAKA EVESSA,"Ray Parks Jr, Ryan Luther, Joji Takeuchi, Tatsuya Suzuki, Matt Bonds","OSAKA EVESSA|1,11,15,35,5",1,1.3,77.0,2,1,2,50.0,0,1,0.0,0,0,0,0,0,0,0,0,0,0,0,2,2.0,100.0,200.0,-100.0,1.56,0
KAWASAKI BRAVE THUNDERS,"Shota Tsuyama, Dušan Ristić, Rosco Allen, Jaheru Ryuto Yamauchi, Ryusei Shinoyama","KAWASAKI BRAVE THUNDERS|13,14,25,45,7",1,1.3,78.0,2,0,0,0,0,0,0,2,2,100.0,0,0,0,1,0,0,1,0,0,1.9,106.4,0.0,106.4,1.54,2
SHIGA LAKES,"Zach Auguste, Yosei Nishida, Daichi Nomoto, Thomas Wimbush, Ai-Che Yu","SHIGA LAKES|0,14,16,20,7",1,1.3,79.0,4,2,2,100.0,0,0,0,0,0,0,0,0,0,1,0,0,0,0,0,2.0,200.0,0.0,200.0,3.04,4
LEVANGA HOKKAIDO,"Ren Shimatani, Dwight Ramos, Jahlil Okafor, Max Hisatake, Hiroto Kikuchi","LEVANGA HOKKAIDO|15,2,22,29,6",2,1.3,79.0,4,2,5,40.0,0,0,0,0,0,0,0,0,0,2,0,0,0,0,0,5.0,80.0,0.0,80.0,3.04,4
ALVARK TOKYO,"Brandon Davies, Zack Baranski, Marcus Foster, Ryan Rossiter, Kai Toews","ALVARK TOKYO|0,10,17,22,3",1,1.3,77.0,0,0,1,0.0,0,1,0.0,0,0,0,0,0,0,0,0,0,1,0,0,2.0,0.0,0.0,0.0,0.0,0
SHIMANE SUSANOO MAGIC,"Ryosuke Shirahama, Yuto Nohmi, Fumiya Iio, Muusa Dama, Nick Kay","SHIMANE SUSANOO MAGIC|15,21,22,25,4",1,1.3,76.0,2,1,2,50.0,0,1,0.0,0,0,0,0,0,0,1,0,0,0,0,0,2.0,100.0,0.0,100.0,1.58,2
TOYAMA GROUSES,"Brock Motum, Towa Izumi, Haruaki Tanaka, Kazuki Miyamoto, Trey Kell","TOYAMA GROUSES|12,14,17,7,8",1,1.3,79.0,4,2,2,100.0,0,0,0,0,0,0,0,0,0,1,0,0,0,0,6,2.0,200.0,154.6,45.4,3.04,-2
SUNROCKERS SHIBUYA,"Didi Louzada, Keitaro Ohba, Thomas Welsh, Josh Hawkinson, Leo Vendrame","SUNROCKERS SHIBUYA|0,18,40,8,9",1,1.3,78.0,2,0,0,0,0,0,0,2,2,100.0,0,0,0,0,0,0,1,0,2,1.9,106.4,66.7,39.7,1.54,0
KOSHIGAYA ALPHAS,"Kai Sotto, Takeru Oba, Sekou Doumbouya, Anthony Clemmons, Joseph Diawara","KOSHIGAYA ALPHAS|11,14,45,5,8",1,1.3,77.0,3,1,2,50.0,1,1,100.0,0,0,0,0,0,0,1,0,0,0,0,2,2.0,150.0,66.7,83.3,2.34,1
NAGOYA DIAMOND DOLPHINS,"Aaron Henry, Takumi Saito, Jake koki Holtz, Taketo Kato, Tenketsu Harimoto","NAGOYA DIAMOND DOLPHINS|11,2,23,3,8",1,1.3,79.0,0,0,3,0.0,0,2,0.0,0,0,0,0,0,0,0,0,0,0,0,5,3.0,0.0,166.7,-166.7,0.0,-5
ALVARK TOKYO,"Sebastian Saiz, Sota Okura, Ira Brown, Taiki Osakabe, Shuto Ando","ALVARK TOKYO|11,2,33,75,9",1,1.2,70.0,2,1,5,20.0,0,0,0,0,1,0.0,0,0,0,0,0,0,0,0,0,5.4,36.8,0.0,36.8,1.71,2
AKITA NORTHERN HAPPINETS,"Yanni Wetzell, Tanner Leissner, Takuya Nakayama, Ali Mezher, Kanji Takahira","AKITA NORTHERN HAPPINETS|10,15,17,22,24",1,1.2,71.0,2,1,2,50.0,0,0,0,0,0,0,0,0,0,1,0,0,1,0,3,3.0,66.7,150.0,-83.3,1.69,-1
LEVANGA HOKKAIDO,"Kohei Sekino, Kyosuke Hoshino, Dwight Ramos, John Harrar, Jahlil Okafor","LEVANGA HOKKAIDO|1,14,2,21,22",2,1.2,72.0,2,1,2,50.0,0,0,0,0,0,0,0,0,0,0,0,0,1,0,2,3.0,66.7,200.0,-133.3,1.67,0
LEVANGA HOKKAIDO,"Kohei Sekino, Kyosuke Hoshino, John Harrar, Jahlil Okafor, Keisei Tominaga","LEVANGA HOKKAIDO|1,14,21,22,30",2,1.2,71.0,0,0,0,0,0,0,0,0,0,0,0,0,0,0,0,0,2,0,2,2.0,0.0,100.0,-100.0,0.0,-2
LEVANGA HOKKAIDO,"Kohei Sekino, Ren Shimatani, John Harrar, Keisei Tominaga, Kevin Jones","LEVANGA HOKKAIDO|1,15,21,30,5",3,1.2,74.0,4,1,2,50.0,0,0,0,2,2,100.0,0,0,0,1,0,0,0,0,2,2.9,138.9,66.7,72.2,3.24,2
TOYAMA GROUSES,"Naoki Uto, Brock Motum, Yoshiaki Fujinaga, Nyika Williams, Trey Kell","TOYAMA GROUSES|11,12,2,6,8",2,1.2,70.0,0,0,1,0.0,0,0,0,0,0,0,0,0,0,0,0,0,1,0,9,2.0,0.0,300.0,-300.0,0.0,-9
SHIGA LAKES,"Zach Auguste, Shintaro Ehara, Ryan Kriener, Taiki Okada, Ai-Che Yu","SHIGA LAKES|0,25,4,6,7",1,1.2,70.0,3,1,3,33.3,1,1,100.0,0,0,0,0,0,0,1,0,0,0,0,2,3.0,100.0,69.4,30.6,2.57,1
GUNMA CRANE THUNDERS,"Yuma Fujii, Kazuki Hosokawa, Johannes Thiemann, Trey Jones, Naoto Tsuji","GUNMA CRANE THUNDERS|0,29,32,4,9",3,1.2,71.0,2,1,3,33.3,0,2,0.0,0,0,0,0,0,0,1,0,0,0,0,3,3.0,66.7,79.8,-13.1,1.69,-1
LEVANGA HOKKAIDO,"Shuto Ichiba, Ren Shimatani, Jahlil Okafor, Keisei Tominaga, Kevin Jones","LEVANGA HOKKAIDO|12,15,22,30,5",1,1.2,75.0,3,1,2,50.0,1,1,100.0,0,0,0,0,0,0,1,0,0,0,0,2,2.0,150.0,106.4,43.6,2.4,1
SENDAI 89ERS,"Ryota Hanzawa, Seiya Funyu, Soichiro Inoue, Jarrett Culver, Sergio El Darwich","SENDAI 89ERS|23,7,75,8,9",2,1.2,74.0,4,0,0,0,0,0,0,4,6,66.7,0,0,0,0,0,0,0,0,11,2.6,151.5,118.0,33.5,3.24,-7
GUNMA CRANE THUNDERS,"Yuma Fujii, AJ Edu, Kazuki Hosokawa, Johannes Thiemann, Naoto Tsuji","GUNMA CRANE THUNDERS|0,15,29,32,9",1,1.2,72.0,0,0,2,0.0,0,1,0.0,0,0,0,0,0,0,0,0,0,1,0,2,3.0,0.0,100.0,-100.0,0.0,-2
OSAKA EVESSA,"Ray Parks Jr, Joji Takeuchi, Yasunori Aoki, Matt Bonds, Volodymyr Gerun","OSAKA EVESSA|1,15,4,5,52",1,1.2,72.0,0,0,2,0.0,0,0,0,0,0,0,0,0,0,0,0,0,1,0,1,3.0,0.0,34.7,-34.7,0.0,-1
LEVANGA HOKKAIDO,"Kohei Sekino, Ren Shimatani, John Harrar, Kevin Jones, Hiroto Kikuchi","LEVANGA HOKKAIDO|1,15,21,5,6",2,1.2,72.0,1,0,0,0,0,0,0,1,2,50.0,0,0,0,0,0,0,0,0,3,0.9,113.6,300.0,-186.4,0.83,-2
KYOTO HANNARYZ,"Chehales Tapscott, Satoru Maeta, Hayato Kawashima, Ryunosuke Watanabe, Jordan Heath","KYOTO HANNARYZ|11,13,15,16,35",2,1.2,71.0,2,1,3,33.3,0,0,0,0,0,0,0,0,0,0,0,0,0,0,1,3.0,66.7,113.6,-47.0,1.69,1
GUNMA CRANE THUNDERS,"AJ Edu, Trey Jones, Takuto Nakamura, Kerry BlackshearJr, Naoto Tsuji","GUNMA CRANE THUNDERS|15,4,6,8,9",2,1.2,70.0,2,1,4,25.0,0,3,0.0,0,0,0,0,0,0,0,0,0,1,0,2,5.0,40.0,50.0,-10.0,1.71,0
IBARAKI ROBOTS,"Robert Franks, Kohei Nakamura, Kotaro Hisaoka, Keita Tsurumaki, Tyler Cook","IBARAKI ROBOTS|0,13,14,29,8",1,1.2,74.0,3,1,1,100.0,1,1,100.0,0,0,0,0,0,0,1,0,0,1,0,2,2.0,150.0,66.7,83.3,2.43,1
ALTIRI CHIBA,"Trey Porter, Naoya Kumagae, Kotetsu Kurokawa, Reo Maeda, Dererk Pardon","ALTIRI CHIBA|22,27,3,5,7",3,1.2,70.0,0,0,0,0,0,0,0,0,0,0,0,0,0,3,0,0,0,0,7,0.1,0.0,175.0,-175.0,0.0,-7
KAWASAKI BRAVE THUNDERS,"Shota Tsuyama, Dušan Ristić, Ryo Iida, Jaheru Ryuto Yamauchi, Ryusei Shinoyama","KAWASAKI BRAVE THUNDERS|13,14,17,45,7",2,1.2,74.0,0,0,2,0.0,0,1,0.0,0,0,0,0,0,0,1,0,0,0,0,6,2.0,0.0,217.4,-217.4,0.0,-6
TOYAMA GROUSES,"Naoki Uto, Brock Motum, Yuzo Okada, Nyika Williams, Kazuki Miyamoto","TOYAMA GROUSES|11,12,3,6,7",2,1.2,74.0,0,0,0,0,0,0,0,0,0,0,0,0,0,1,0,0,0,0,6,0.1,0.0,300.0,-300.0,0.0,-6
SUNROCKERS SHIBUYA,"Daiki Tanaka, Troy Murphy Jr, Thomas Welsh, Josh Hawkinson, Leo Vendrame","SUNROCKERS SHIBUYA|13,4,40,8,9",3,1.2,73.0,2,1,2,50.0,0,0,0,0,0,0,0,0,0,0,0,0,0,0,4,2.0,100.0,138.9,-38.9,1.64,-2
SAGA BALLOONERS,"Ryo Abe, Sori Uchio, David Dudzinski, Taiki Sumida, Chase Fieler","SAGA BALLOONERS|13,18,23,25,60",1,1.2,72.0,1,0,1,0.0,0,1,0.0,1,2,50.0,0,0,0,0,0,0,0,0,3,1.9,53.2,150.0,-96.8,0.83,-2
IBARAKI ROBOTS,"Ru Jingaoka, Kotaro Hisaoka, Eric Jacobsen, Hayate Komasawa, Tyler Cook","IBARAKI ROBOTS|10,14,21,7,8",2,1.2,71.0,0,0,2,0.0,0,0,0,0,0,0,0,0,0,0,0,0,1,0,0,3.0,0.0,0.0,0.0,0.0,0
OSAKA EVESSA,"Ray Parks Jr, Joji Takeuchi, Matt Bonds, Seiga Sakamoto, Yoshiya Uematsu","OSAKA EVESSA|1,15,5,60,8",1,1.2,74.0,6,2,3,66.7,2,3,66.7,0,0,0,0,0,0,1,0,0,0,0,0,3.0,200.0,0.0,200.0,4.86,6
FIGHTING EAGLES NAGOYA,"Katsuki Hiramatsu, Takaya Sasayama, Jeremy Jones, Ryuto Yasuoka, Sean O'mara","FIGHTING EAGLES NAGOYA|12,21,22,23,54",1,1.2,72.0,0,0,1,0.0,0,1,0.0,0,0,0,0,0,0,0,0,0,1,0,3,2.0,0.0,108.7,-108.7,0.0,-3
YOKOHAMA B-CORSAIRS,"Kiefer Ravena, Kenta Morii, Kaleb Tarczewski, Koya Sudo, Gary Clark","YOKOHAMA B-CORSAIRS|15,18,25,30,8",3,1.2,73.0,6,2,2,100.0,1,1,100.0,1,1,100.0,0,0,0,1,0,0,0,0,6,2.4,245.9,300.0,-54.1,4.93,0
AKITA NORTHERN HAPPINETS,"Jamel Mclean, Taiyo Motoda, Takuya Nakayama, Keanu Pinder, Raita Akaho","AKITA NORTHERN HAPPINETS|1,12,17,25,6",2,1.2,73.0,0,0,1,0.0,0,1,0.0,0,0,0,0,0,0,0,0,0,0,0,1,1.0,0.0,113.6,-113.6,0.0,-1
AKITA NORTHERN HAPPINETS,"Yanni Wetzell, Tsubasa Kurihara, Ali Mezher, Keanu Pinder, Raita Akaho","AKITA NORTHERN HAPPINETS|10,2,22,25,6",1,1.2,71.0,3,1,3,33.3,0,1,0.0,1,1,100.0,0,0,0,1,0,0,0,0,2,3.4,87.2,100.0,-12.8,2.54,1
CHIBA JETS,"Yuta Watanabe, DJ Hogg, Yuki Togashi, Michael Ou, Nassir Little","CHIBA JETS|1,10,2,7,8",1,1.2,72.0,2,1,1,100.0,0,0,0,0,0,0,0,0,0,2,0,0,0,0,2,1.0,200.0,100.0,100.0,1.67,0
GUNMA CRANE THUNDERS,"Kazuki Hosokawa, Terrance Woodbury, Daichi Taniguchi, Takuto Nakamura, Naoto Tsuji","GUNMA CRANE THUNDERS|29,30,55,6,9",1,1.2,73.0,0,0,0,0,0,0,0,0,0,0,0,0,0,0,0,0,2,0,1,2.0,0.0,22.5,-22.5,0.0,-1
GUNMA CRANE THUNDERS,"Yuma Fujii, Kenny Asano, Terrance Woodbury, Takuto Nakamura, Naoto Tsuji","GUNMA CRANE THUNDERS|0,16,30,6,9",1,1.2,74.0,0,0,2,0.0,0,2,0.0,0,0,0,0,0,0,0,0,0,0,0,2,2.0,0.0,50.0,-50.0,0.0,-2
SAN-EN NEOPHOENIX,"Hideya Asai, Dai Nemoto, Darius Days, Sota Oura, Cameron Jackson","SAN-EN NEOPHOENIX|11,20,4,5,7",1,1.2,71.0,3,1,1,100.0,1,1,100.0,0,0,0,0,0,0,1,0,0,0,0,4,1.0,300.0,200.0,100.0,2.54,-1
RYUKYU GOLDEN KINGS,"Yoshiyuki Matsuwaki, Masahiro Waki, Damyean Dotson, Alex Kirk, Ryo Sadohara","RYUKYU GOLDEN KINGS|15,18,21,53,8",1,1.2,75.0,7,3,3,100.0,1,1,100.0,0,1,0.0,0,0,0,2,0,0,0,0,3,3.4,203.5,123.0,80.5,5.6,4
SHIMANE SUSANOO MAGIC,"Taichi Nakamura, James Michael McAdoo, Nick Kay, Anthony Sho Sukegawa, Yuta Okada","SHIMANE SUSANOO MAGIC|11,14,4,7,77",1,1.2,70.0,2,1,1,100.0,0,0,0,0,0,0,0,0,0,2,0,0,0,0,5,1.0,200.0,125.0,75.0,1.71,-3
TOYAMA GROUSES,"Brock Motum, Haruaki Tanaka, Yannis Morin, Yuzo Okada, Nyika Williams","TOYAMA GROUSES|12,17,24,3,6",2,1.2,75.0,7,2,4,50.0,2,3,66.7,1,2,50.0,0,0,0,1,0,0,0,0,0,4.9,143.4,0.0,143.4,5.6,7
TOYAMA GROUSES,"Naoki Uto, Haruaki Tanaka, Yannis Morin, Yuzo Okada, Nyika Williams","TOYAMA GROUSES|11,17,24,3,6",1,1.2,73.0,2,0,1,0.0,0,0,0,2,3,66.7,0,0,0,0,0,0,0,0,5,2.3,86.2,100.0,-13.8,1.64,-3
LEVANGA HOKKAIDO,"Ren Shimatani, Dwight Ramos, Jahlil Okafor, Kevin Jones, Hiroto Kikuchi","LEVANGA HOKKAIDO|15,2,22,5,6",3,1.2,71.0,2,1,3,33.3,0,1,0.0,0,0,0,0,0,0,0,0,0,1,0,7,4.0,50.0,186.2,-136.2,1.69,-5
CHIBA JETS,"Yuta Watanabe, DJ Hogg, Yuki Togashi, Gaku Arao, Naoki Tashiro","CHIBA JETS|1,10,2,25,4",1,1.2,70.0,5,2,4,50.0,1,2,50.0,0,0,0,0,0,0,1,0,0,0,0,0,4.0,125.0,0.0,125.0,4.29,5
AKITA NORTHERN HAPPINETS,"Yanni Wetzell, Takuya Nakayama, Ali Mezher, Kanji Takahira, Keanu Pinder","AKITA NORTHERN HAPPINETS|10,17,22,24,25",1,1.2,74.0,5,1,1,100.0,1,1,100.0,2,2,100.0,0,0,0,2,0,0,1,0,4,2.9,173.6,103.1,70.5,4.05,1
SHIMANE SUSANOO MAGIC,"Coty Clarke, Taichi Nakamura, Fumiya Iio, Nick Kay, Yuta Okada","SHIMANE SUSANOO MAGIC|1,11,22,4,77",1,1.2,74.0,2,1,4,25.0,0,2,0.0,0,0,0,0,0,0,0,0,0,0,0,5,4.0,50.0,173.6,-123.6,1.62,-3
SENDAI 89ERS,"Hirohide Araya, Yusei Sugiura, Boubacar Toure, Kazuma Okajima, Jarrett Culver","SENDAI 89ERS|11,14,21,3,8",3,1.2,70.0,2,1,2,50.0,0,1,0.0,0,0,0,0,0,0,0,0,0,0,0,0,2.0,100.0,0.0,100.0,1.71,2
SAGA BALLOONERS,"Ryo Abe, Sori Uchio, Reynaldo Garcia, Tanner Groves, Taiki Sumida","SAGA BALLOONERS|13,18,2,22,25",1,1.2,72.0,2,0,0,0,0,0,0,2,2,100.0,0,0,0,0,0,0,0,0,0,0.9,227.3,0.0,227.3,1.67,2
ALVARK TOKYO,"Zack Baranski, Sebastian Saiz, Sota Okura, Chase Fieler, Taiki Osakabe","ALVARK TOKYO|10,11,2,60,75",1,1.2,70.0,2,1,2,50.0,0,0,0,0,0,0,0,0,0,0,0,0,0,0,0,2.0,100.0,0.0,100.0,1.71,2
HIROSHIMA DRAGONFLIES,"Kofi Cockburn, Ryo Yamazaki, Keijiro Mitani, Kaine Roberts, Christopher Smith","HIROSHIMA DRAGONFLIES|23,30,34,4,8",1,1.2,71.0,0,0,0,0,0,0,0,0,0,0,0,0,0,2,0,0,1,0,4,1.0,0.0,138.9,-138.9,0.0,-4
CHIBA JETS,"DJ Hogg, Shuta Hara, Naoki Tashiro, Quentin Millora-Brown, Nassir Little","CHIBA JETS|10,31,4,42,8",1,1.2,72.0,0,0,2,0.0,0,1,0.0,0,0,0,0,0,0,0,0,0,0,0,0,2.0,0.0,0.0,0.0,0.0,0
AKITA NORTHERN HAPPINETS,"Yanni Wetzell, Eijiro Ogawa, Takuya Nakayama, Ali Mezher, Alistair Tokio Tsuchiya","AKITA NORTHERN HAPPINETS|10,13,17,22,77",2,1.2,73.0,0,0,0,0,0,0,0,0,0,0,0,0,0,1,0,0,1,0,3,1.0,0.0,104.2,-104.2,0.0,-3
SHIMANE SUSANOO MAGIC,"Coty Clarke, Taichi Nakamura, Ryosuke Shirahama, Nick Kay, Yuta Okada","SHIMANE SUSANOO MAGIC|1,11,15,4,77",1,1.2,72.0,2,0,0,0,0,0,0,2,2,100.0,0,0,0,0,0,0,1,0,5,1.9,106.4,250.0,-143.6,1.67,-3
GUNMA CRANE THUNDERS,"Yuma Fujii, Kenny Asano, Kazuki Hosokawa, Johannes Thiemann, Kerry BlackshearJr","GUNMA CRANE THUNDERS|0,16,29,32,8",1,1.2,70.0,0,0,1,0.0,0,0,0,0,0,0,0,0,0,0,0,0,0,0,2,1.0,0.0,200.0,-200.0,0.0,-2
KOSHIGAYA ALPHAS,"Kai Sotto, Yuichi Ikeda, Kai Sugawara, Shun Matsuyama, Joseph Diawara","KOSHIGAYA ALPHAS|11,12,28,7,8",1,1.2,70.0,3,1,1,100.0,1,1,100.0,0,0,0,0,0,0,1,0,0,0,0,2,1.0,300.0,51.5,248.5,2.57,1
OSAKA EVESSA,"Ray Parks Jr, Ryan Luther, Rei Goda, Matt Bonds, Kaisei Takahashi","OSAKA EVESSA|1,11,20,5,7",1,1.2,72.0,5,2,4,50.0,1,2,50.0,0,0,0,0,0,0,0,0,0,0,0,0,4.0,125.0,0.0,125.0,4.17,5
AKITA NORTHERN HAPPINETS,"Yanni Wetzell, Taiyo Motoda, Yori Iwaya, Kanji Takahira, Keanu Pinder","AKITA NORTHERN HAPPINETS|10,12,18,24,25",2,1.2,70.0,1,0,0,0,0,0,0,1,3,33.3,0,0,0,1,0,0,0,0,0,1.3,75.8,0.0,75.8,0.86,1
CHIBA JETS,"DJ Hogg, Shuta Hara, Quentin Millora-Brown, Riku Segawa, Nassir Little","CHIBA JETS|10,31,42,5,8",1,1.2,75.0,0,0,1,0.0,0,0,0,0,0,0,0,0,0,0,0,0,1,0,5,2.0,0.0,166.7,-166.7,0.0,-5
OSAKA EVESSA,"Ryan Luther, Makoto Kinoshita, Matt Bonds, Seiga Sakamoto, Hayato Maki","OSAKA EVESSA|11,31,5,60,88",2,1.2,74.0,5,2,6,33.3,1,3,33.3,0,0,0,0,0,0,0,0,0,0,0,0,6.0,83.3,0.0,83.3,4.05,5
HIROSHIMA DRAGONFLIES,"Ryo Terashima, Dwayne Evans II, Nick Mayo, Ryo Yamazaki, Christopher Smith","HIROSHIMA DRAGONFLIES|0,13,24,30,8",1,1.2,75.0,2,1,2,50.0,0,1,0.0,0,0,0,0,0,0,1,0,0,1,0,0,3.0,66.7,0.0,66.7,1.6,2
YOKOHAMA B-CORSAIRS,"Kiefer Ravena, Kai King, Kaleb Tarczewski, Koya Sudo, Gary Clark","YOKOHAMA B-CORSAIRS|15,23,25,30,8",1,1.2,70.0,2,1,3,33.3,0,1,0.0,0,0,0,0,0,0,0,0,0,0,0,0,3.0,66.7,0.0,66.7,1.71,2
FIGHTING EAGLES NAGOYA,"Tensho Sugimoto, Francis Lopez, Narito Namizato, Andrew Randall, Sean O'mara","FIGHTING EAGLES NAGOYA|10,20,3,33,54",1,1.2,74.0,0,0,1,0.0,0,1,0.0,0,0,0,0,0,0,0,0,0,1,0,2,2.0,0.0,66.7,-66.7,0.0,-2
ALVARK TOKYO,"Brandon Davies, Marcus Foster, Sota Okura, Ryan Rossiter, Shuto Ando","ALVARK TOKYO|0,17,2,22,9",1,1.2,71.0,0,0,2,0.0,0,0,0,0,0,0,0,0,0,0,0,0,0,0,3,2.0,0.0,100.0,-100.0,0.0,-3
OSAKA EVESSA,"Ray Parks Jr, Ryan Luther, Makoto Kinoshita, Matt Bonds, Yoshiya Uematsu","OSAKA EVESSA|1,11,31,5,8",1,1.2,73.0,0,0,1,0.0,0,1,0.0,0,0,0,0,0,0,0,0,0,0,0,4,1.0,0.0,106.4,-106.4,0.0,-4
KYOTO HANNARYZ,"Charles Jackson, Ryunosuke Watanabe, Jordan Heath, Mone Alex Hall, Shuma Nishibe","KYOTO HANNARYZ|10,16,35,39,7",1,1.2,71.0,3,1,3,33.3,1,3,33.3,0,0,0,0,0,0,1,0,0,0,0,4,3.0,100.0,200.0,-100.0,2.54,-1
GUNMA CRANE THUNDERS,"Koh Flippin, Johannes Thiemann, Takuto Nakamura, Kerry BlackshearJr, Naoto Tsuji","GUNMA CRANE THUNDERS|1,32,6,8,9",1,1.2,72.0,2,0,3,0.0,0,0,0,2,2,100.0,0,0,0,0,0,0,0,0,0,3.9,51.5,0.0,51.5,1.67,2
KOSHIGAYA ALPHAS,"Takeru Oba, Sekou Doumbouya, Anthony Clemmons, Shun Matsuyama, Joseph Diawara","KOSHIGAYA ALPHAS|14,45,5,7,8",1,1.2,72.0,0,0,1,0.0,0,0,0,0,0,0,0,0,0,0,0,0,0,0,2,1.0,0.0,100.0,-100.0,0.0,-2
YOKOHAMA B-CORSAIRS,"Maik Kotsar, Kai King, Seiya Ando, Damien Inglis, Gakuto Arai","YOKOHAMA B-CORSAIRS|21,23,3,4,6",1,1.2,72.0,3,1,1,100.0,0,0,0,1,1,100.0,0,0,0,1,0,0,1,0,2,2.4,123.0,100.0,23.0,2.5,1
KYOTO HANNARYZ,"Charles Jackson, Ryunosuke Watanabe, Angelo Caloiaro, Mone Alex Hall, Takatoshi Furukawa","KYOTO HANNARYZ|10,16,32,39,51",1,1.2,70.0,0,0,2,0.0,0,1,0.0,0,0,0,0,0,0,1,0,0,0,0,2,2.0,0.0,100.0,-100.0,0.0,-2
NAGOYA DIAMOND DOLPHINS,"Aaron Henry, Taito Nakahigashi, Keita Imamura, Kyle Richardson, Tenketsu Harimoto","NAGOYA DIAMOND DOLPHINS|11,12,30,34,8",1,1.2,74.0,0,0,0,0,0,0,0,0,0,0,0,0,0,0,0,0,1,0,2,1.0,0.0,200.0,-200.0,0.0,-2
SUNROCKERS SHIBUYA,"Donte Grantham, Reiya Nozaki, Morihisa Yamauchi, Troy Murphy Jr, Thomas Welsh","SUNROCKERS SHIBUYA|1,12,32,4,40",1,1.2,75.0,4,2,4,50.0,0,2,0.0,0,0,0,0,0,0,1,0,0,0,0,0,4.0,100.0,0.0,100.0,3.2,4
SENDAI 89ERS,"Kazuma Okajima, Seiya Funyu, Soichiro Inoue, Jarrett Culver, Sergio El Darwich","SENDAI 89ERS|3,7,75,8,9",1,1.2,73.0,4,1,2,50.0,1,2,50.0,1,2,50.0,0,0,0,2,0,0,0,0,3,2.9,138.9,123.0,15.9,3.29,1
B.WHITE,"Zach Auguste, Daiki Tanaka, Yuki Togashi, Vic Law, Josh Hawkinson","B.WHITE|0,13,2,4,8",1,1.2,75.0,11,4,6,66.7,3,5,60.0,0,0,0,0,0,0,1,0,0,0,0,0,6.0,183.3,0.0,183.3,8.8,11
B.BLACK,"Sebastian Saiz, Keita Imamura, Keisei Tominaga, Makoto Hiejima, Christopher Smith","B.BLACK|11,14,30,6,8",1,1.2,75.0,0,0,2,0.0,0,2,0.0,0,0,0,0,0,0,1,0,0,0,0,6,2.0,0.0,120.0,-120.0,0.0,-6
B.LEAGUE U18 HELIOS,"Mirai Nagamine, Eita Wakano, Kanta Ogawa, Rowa Tanno, Kotaro Ando","B.LEAGUE U18 HELIOS|12,4,6,8,9",1,1.2,71.0,0,0,1,0.0,0,0,0,0,0,0,0,0,0,0,0,0,1,0,7,2.0,0.0,175.0,-175.0,0.0,-7
RYUKYU GOLDEN KINGS,"Masahiro Waki, Damyean Dotson, Shota Onodera, Jack Cooley, Alex Kirk","RYUKYU GOLDEN KINGS|18,21,34,45,53",2,1.2,74.0,4,2,3,66.7,0,1,0.0,0,0,0,0,0,0,0,0,0,0,0,1,3.0,133.3,69.4,63.9,3.24,3
HIROSHIMA DRAGONFLIES,"Dwayne Evans II, Kofi Cockburn, Tatsuya Ito, Kevin Hareyama, Ryosei Sato","HIROSHIMA DRAGONFLIES|13,23,3,32,88",1,1.1,66.0,7,3,3,100.0,1,1,100.0,0,0,0,0,0,0,1,0,0,0,0,0,3.0,233.3,0.0,233.3,6.36,7
NAGOYA DIAMOND DOLPHINS,"Alan Williams, Taketo Kato, Keita Imamura, Hiyuu Ozawa, Scott Eatherton","NAGOYA DIAMOND DOLPHINS|15,3,30,4,43",1,1.1,63.0,2,1,2,50.0,0,0,0,0,0,0,0,0,0,0,0,0,1,0,0,3.0,66.7,0.0,66.7,1.9,2
AKITA NORTHERN HAPPINETS,"Yanni Wetzell, Taiyo Motoda, Ali Mezher, Kanji Takahira, Keanu Pinder","AKITA NORTHERN HAPPINETS|10,12,22,24,25",1,1.1,63.0,5,2,2,100.0,1,1,100.0,0,0,0,0,0,0,2,0,0,0,0,2,2.0,250.0,100.0,150.0,4.76,3
KAWASAKI BRAVE THUNDERS,"Shota Tsuyama, Dušan Ristić, Kanta Mizuno, Jaheru Ryuto Yamauchi, Emanuel Terry","KAWASAKI BRAVE THUNDERS|13,14,3,45,5",1,1.1,69.0,3,1,3,33.3,1,3,33.3,0,0,0,0,0,0,0,0,0,1,0,0,4.0,75.0,0.0,75.0,2.61,3
YOKOHAMA B-CORSAIRS,"Kenta Morii, Kai King, Seiya Ando, Damien Inglis, Gary Clark","YOKOHAMA B-CORSAIRS|18,23,3,4,8",5,1.1,65.0,2,1,1,100.0,0,0,0,0,0,0,0,0,0,1,0,0,0,0,0,1.0,200.0,0.0,200.0,1.85,2
SHIGA LAKES,"Yosei Nishida, Daichi Nomoto, Thomas Wimbush, Shintaro Ehara, Ryan Kriener","SHIGA LAKES|14,16,20,25,4",1,1.1,63.0,2,1,2,50.0,0,0,0,0,0,0,0,0,0,0,0,0,0,0,0,2.0,100.0,0.0,100.0,1.9,2
TOYAMA GROUSES,"Naoki Uto, Yannis Morin, Yuzo Okada, Kazuki Miyamoto, Trey Kell","TOYAMA GROUSES|11,24,3,7,8",1,1.1,64.0,0,0,0,0,0,0,0,0,0,0,0,0,0,0,0,0,2,0,3,2.0,0.0,150.0,-150.0,0.0,-3
OSAKA EVESSA,"Makoto Kinoshita, Tatsuya Suzuki, Matt Bonds, Volodymyr Gerun, Yoshiya Uematsu","OSAKA EVESSA|31,35,5,52,8",1,1.1,66.0,0,0,3,0.0,0,2,0.0,0,0,0,0,0,0,0,0,0,0,0,0,3.0,0.0,0.0,0.0,0.0,0
SHIMANE SUSANOO MAGIC,"Coty Clarke, Taichi Nakamura, James Michael McAdoo, Fumiya Iio, Yuta Okada","SHIMANE SUSANOO MAGIC|1,11,14,22,77",1,1.1,67.0,2,1,2,50.0,0,1,0.0,0,0,0,0,0,0,0,0,0,1,0,0,3.0,66.7,0.0,66.7,1.79,2
YOKOHAMA B-CORSAIRS,"Kenta Morii, Hiroki Matsuzaki, Kaleb Tarczewski, Seiya Ando, Damien Inglis","YOKOHAMA B-CORSAIRS|18,24,25,3,4",1,1.1,64.0,2,1,2,50.0,0,1,0.0,0,0,0,0,0,0,0,0,0,0,0,0,2.0,100.0,0.0,100.0,1.88,2
KYOTO HANNARYZ,"Charles Jackson, Satoru Maeta, Hayato Kawashima, Jordan Heath, Mone Alex Hall","KYOTO HANNARYZ|10,13,15,35,39",1,1.1,69.0,1,0,1,0.0,0,1,0.0,1,1,100.0,0,0,0,0,0,0,0,0,0,1.4,69.4,0.0,69.4,0.87,1
FIGHTING EAGLES NAGOYA,"Jamorko Pickett, Tensho Sugimoto, Katsuki Hiramatsu, Jeremy Jones, Tyrell Taku Sudo","FIGHTING EAGLES NAGOYA|0,10,12,22,6",1,1.1,69.0,0,0,1,0.0,0,1,0.0,0,0,0,0,0,0,0,0,0,1,0,5,2.0,0.0,250.0,-250.0,0.0,-5
AKITA NORTHERN HAPPINETS,"Yanni Wetzell, Taiyo Motoda, Takuya Nakayama, Keanu Pinder, Shigehiro Taguchi","AKITA NORTHERN HAPPINETS|10,12,17,25,5",1,1.1,69.0,0,0,1,0.0,0,0,0,0,1,0.0,0,0,0,1,0,0,0,0,0,1.4,0.0,0.0,0.0,0.0,0
SAN-EN NEOPHOENIX,"Hirotaka Yoshii, Tshilidzi Kawata, David Nwaba, Jordan Dallas, Sota Oura","SAN-EN NEOPHOENIX|10,15,2,22,5",1,1.1,68.0,0,0,1,0.0,0,0,0,0,0,0,0,0,0,0,0,0,1,0,6,2.0,0.0,200.0,-200.0,0.0,-6
SAGA BALLOONERS,"Ryo Abe, Sori Uchio, Tanner Groves, Taiki Sumida, Josh Harrellson","SAGA BALLOONERS|13,18,22,25,55",2,1.1,64.0,0,0,1,0.0,0,0,0,0,0,0,0,0,0,0,0,0,0,0,0,1.0,0.0,0.0,0.0,0.0,0
OSAKA EVESSA,"Ray Parks Jr, Ryan Luther, Joji Takeuchi, Makoto Kinoshita, Yasunori Aoki","OSAKA EVESSA|1,11,15,31,4",1,1.1,66.0,1,0,1,0.0,0,1,0.0,1,1,100.0,0,0,0,1,0,0,1,0,6,2.4,41.0,150.0,-109.0,0.91,-5
TOYAMA GROUSES,"Brock Motum, Matthew Aquino, Yoshiaki Fujinaga, Yuzo Okada, Trey Kell","TOYAMA GROUSES|12,13,2,3,8",1,1.1,67.0,0,0,0,0,0,0,0,0,0,0,0,0,0,0,0,0,1,0,2,1.0,0.0,82.0,-82.0,0.0,-2
LEVANGA HOKKAIDO,"Kohei Sekino, Shuto Ichiba, John Harrar, Jahlil Okafor, Hiroto Kikuchi","LEVANGA HOKKAIDO|1,12,21,22,6",2,1.1,68.0,2,1,1,100.0,0,0,0,0,0,0,0,0,0,1,0,0,0,0,0,1.0,200.0,0.0,200.0,1.76,2
LEVANGA HOKKAIDO,"Ren Shimatani, Teruchika Naito, Dwight Ramos, John Harrar, Keisei Tominaga","LEVANGA HOKKAIDO|15,18,2,21,30",1,1.1,64.0,2,1,2,50.0,0,1,0.0,0,0,0,0,0,0,0,0,0,0,0,4,2.0,100.0,277.8,-177.8,1.88,-2
SAGA BALLOONERS,"Ryo Abe, Kosuke Kanamaru, Atsuki Kishida, David Dudzinski, Josh Harrellson","SAGA BALLOONERS|13,14,20,23,55",1,1.1,63.0,0,0,0,0,0,0,0,0,0,0,0,0,0,0,0,0,0,0,3,0.1,0.0,100.0,-100.0,0.0,-3
NAGOYA DIAMOND DOLPHINS,"Aaron Henry, Alan Williams, Taketo Kato, Keita Imamura, Isaiah Murphy","NAGOYA DIAMOND DOLPHINS|11,15,3,30,5",2,1.1,64.0,5,2,3,66.7,1,1,100.0,0,0,0,0,0,0,0,0,0,0,0,2,3.0,166.7,200.0,-33.3,4.69,3
NAGOYA DIAMOND DOLPHINS,"Aaron Henry, Alan Williams, Keita Imamura, Isaiah Murphy, Tenketsu Harimoto","NAGOYA DIAMOND DOLPHINS|11,15,30,5,8",1,1.1,68.0,0,0,2,0.0,0,1,0.0,0,0,0,0,0,0,0,0,0,0,0,2,2.0,0.0,69.4,-69.4,0.0,-2
NAGOYA DIAMOND DOLPHINS,"Aaron Henry, Taito Nakahigashi, Keita Imamura, Scott Eatherton, Isaiah Murphy","NAGOYA DIAMOND DOLPHINS|11,12,30,43,5",2,1.1,63.0,0,0,1,0.0,0,1,0.0,0,2,0.0,0,0,0,0,0,0,0,0,0,1.9,0.0,0.0,0.0,0.0,0
AKITA NORTHERN HAPPINETS,"Yanni Wetzell, Taiyo Motoda, Tsubasa Kurihara, Kanji Takahira, Keanu Pinder","AKITA NORTHERN HAPPINETS|10,12,2,24,25",1,1.1,63.0,0,0,1,0.0,0,0,0,0,0,0,0,0,0,0,0,0,1,0,0,2.0,0.0,0.0,0.0,0.0,0
NAGOYA DIAMOND DOLPHINS,"Aaron Henry, Taito Nakahigashi, Alan Williams, Kyle Richardson, Isaiah Murphy","NAGOYA DIAMOND DOLPHINS|11,12,15,34,5",1,1.1,66.0,3,1,4,25.0,0,2,0.0,1,1,100.0,0,0,0,0,0,0,0,0,0,4.4,67.6,0.0,67.6,2.73,3
KAWASAKI BRAVE THUNDERS,"Kengo Nomoto, Rosco Allen, Kanta Mizuno, Emanuel Terry, Taiga Okada","KAWASAKI BRAVE THUNDERS|10,25,3,5,55",1,1.1,69.0,0,0,0,0,0,0,0,0,0,0,0,0,0,0,0,0,1,0,5,1.0,0.0,250.0,-250.0,0.0,-5
TOYAMA GROUSES,"Naoki Uto, Yannis Morin, Daichi Kuzuhara, Yuzo Okada, Nyika Williams","TOYAMA GROUSES|11,24,25,3,6",1,1.1,67.0,4,1,2,50.0,0,0,0,2,4,50.0,0,0,0,0,0,0,0,0,5,3.8,106.4,125.0,-18.6,3.58,-1
SEAHORSES MIKAWA,"Thomas Kennedy, Jake Layman, Yoshiaki Kubota, Aaron White, Satoshi Nagano","SEAHORSES MIKAWA|1,10,11,30,7",1,1.1,68.0,3,1,2,50.0,1,1,100.0,0,0,0,0,0,0,0,0,0,0,0,3,2.0,150.0,123.0,27.0,2.65,0
AKITA NORTHERN HAPPINETS,"Yanni Wetzell, Taiyo Motoda, Takuya Nakayama, Tsubasa Kurihara, Keanu Pinder","AKITA NORTHERN HAPPINETS|10,12,17,2,25",1,1.1,68.0,3,1,2,50.0,1,2,50.0,0,1,0.0,0,0,0,1,0,0,0,0,3,2.4,123.0,150.0,-27.0,2.65,0
OSAKA EVESSA,"Joji Takeuchi, Rei Goda, Makoto Kinoshita, Volodymyr Gerun, Seiga Sakamoto","OSAKA EVESSA|15,20,31,52,60",1,1.1,63.0,2,1,1,100.0,0,0,0,0,0,0,0,0,0,0,0,0,0,0,1,1.0,200.0,113.6,86.4,1.9,1
ALTIRI CHIBA,"Takaaki Kida, Kotetsu Kurokawa, Luke Evans, Reo Maeda, Dererk Pardon","ALTIRI CHIBA|0,3,33,5,7",2,1.1,63.0,3,0,0,0,0,0,0,3,4,75.0,0,0,0,0,0,0,1,0,5,2.8,108.7,125.0,-16.3,2.86,-2
HIROSHIMA DRAGONFLIES,"Dwayne Evans II, Kofi Cockburn, Nick Mayo, Kaine Roberts, Ryosei Sato","HIROSHIMA DRAGONFLIES|13,23,24,4,88",1,1.1,69.0,8,3,3,100.0,2,2,100.0,0,0,0,0,0,0,0,0,0,1,0,0,4.0,200.0,0.0,200.0,6.96,8
NAGOYA DIAMOND DOLPHINS,"Taito Nakahigashi, Alan Williams, Takumi Saito, Keita Imamura, Kyle Richardson","NAGOYA DIAMOND DOLPHINS|12,15,2,30,34",1,1.1,68.0,2,1,1,100.0,0,0,0,0,0,0,0,0,0,1,0,0,0,0,3,1.0,200.0,104.2,95.8,1.76,-1
KOSHIGAYA ALPHAS,"Takeru Oba, Yuya Kamata, Anthony Clemmons, Hamiltongary Kotera, Shun Matsuyama","KOSHIGAYA ALPHAS|14,18,5,6,7",1,1.1,63.0,0,0,1,0.0,0,1,0.0,0,0,0,0,0,0,0,0,0,0,0,3,1.0,0.0,150.0,-150.0,0.0,-3
KOSHIGAYA ALPHAS,"Jarell Martin, Takeru Oba, Anthony Clemmons, Hamiltongary Kotera, Shun Matsuyama","KOSHIGAYA ALPHAS|1,14,5,6,7",1,1.1,67.0,0,0,1,0.0,0,1,0.0,0,0,0,0,0,0,0,0,0,2,0,6,3.0,0.0,138.9,-138.9,0.0,-6
OSAKA EVESSA,"Ryan Luther, Makoto Kinoshita, Joshua Smith, Yasunori Aoki, Hayato Maki","OSAKA EVESSA|11,31,34,4,88",1,1.1,66.0,0,0,0,0,0,0,0,0,0,0,0,0,0,0,0,0,2,0,0,2.0,0.0,0.0,0.0,0.0,0
SHIGA LAKES,"Zach Auguste, Daichi Nomoto, Thomas Wimbush, Takanori Tahara, Taiki Okada","SHIGA LAKES|0,16,20,21,6",1,1.1,65.0,3,1,2,50.0,1,1,100.0,0,0,0,0,0,0,0,0,0,0,0,4,2.0,150.0,100.0,50.0,2.77,-1
HIROSHIMA DRAGONFLIES,"Dwayne Evans II, Kofi Cockburn, Tatsuya Ito, Ryo Yamazaki, Kaine Roberts","HIROSHIMA DRAGONFLIES|13,23,3,30,4",1,1.1,67.0,0,0,3,0.0,0,3,0.0,0,0,0,0,0,0,0,0,0,0,0,3,3.0,0.0,300.0,-300.0,0.0,-3
CHIBA JETS,"DJ Hogg, Gaku Arao, Naoki Tashiro, Riku Segawa, Nassir Little","CHIBA JETS|10,25,4,5,8",1,1.1,67.0,0,0,1,0.0,0,1,0.0,0,0,0,0,0,0,0,0,0,0,0,8,1.0,0.0,277.8,-277.8,0.0,-8
LEVANGA HOKKAIDO,"Kohei Sekino, Shuto Ichiba, Ren Shimatani, John Harrar, Kevin Jones","LEVANGA HOKKAIDO|1,12,15,21,5",1,1.1,68.0,0,0,0,0,0,0,0,0,0,0,0,0,0,0,0,0,2,0,5,2.0,0.0,166.7,-166.7,0.0,-5
LEVANGA HOKKAIDO,"Shuto Ichiba, John Harrar, Keisei Tominaga, Kevin Jones, Hiroto Kikuchi","LEVANGA HOKKAIDO|12,21,30,5,6",2,1.1,64.0,0,0,2,0.0,0,1,0.0,0,0,0,0,0,0,0,0,0,0,0,3,2.0,0.0,123.0,-123.0,0.0,-3
HIROSHIMA DRAGONFLIES,"Kofi Cockburn, Tatsuya Ito, Kevin Hareyama, Keijiro Mitani, Christopher Smith","HIROSHIMA DRAGONFLIES|23,3,32,34,8",2,1.1,64.0,0,0,0,0,0,0,0,0,0,0,0,0,0,0,0,0,1,0,2,1.0,0.0,200.0,-200.0,0.0,-2
NAGOYA DIAMOND DOLPHINS,"Aaron Henry, Taito Nakahigashi, Alan Williams, Taketo Kato, Keita Imamura","NAGOYA DIAMOND DOLPHINS|11,12,15,3,30",1,1.1,65.0,5,2,3,66.7,1,1,100.0,0,0,0,0,0,0,1,0,0,1,0,0,4.0,125.0,0.0,125.0,4.62,5
TOYAMA GROUSES,"Yannis Morin, Yuzo Okada, Nyika Williams, Trey Kell, Takeshi Mito","TOYAMA GROUSES|24,3,6,8,9",1,1.1,65.0,0,0,1,0.0,0,1,0.0,0,0,0,0,0,0,0,0,0,1,0,5,2.0,0.0,125.0,-125.0,0.0,-5
KOSHIGAYA ALPHAS,"Jarell Martin, Yuichi Ikeda, Jeffrey Parmer, Kai Sugawara, Shun Matsuyama","KOSHIGAYA ALPHAS|1,12,21,28,7",1,1.1,65.0,2,1,3,33.3,0,0,0,0,0,0,0,0,0,0,0,0,0,0,5,3.0,66.7,166.7,-100.0,1.85,-3
AKITA NORTHERN HAPPINETS,"Jamel Mclean, Taiyo Motoda, Takuya Nakayama, Ali Mezher, Alistair Tokio Tsuchiya","AKITA NORTHERN HAPPINETS|1,12,17,22,77",1,1.1,67.0,2,1,1,100.0,0,0,0,0,0,0,0,0,0,1,0,0,0,0,4,1.0,200.0,138.9,61.1,1.79,-2
NAGOYA DIAMOND DOLPHINS,"Aaron Henry, Taito Nakahigashi, Taketo Kato, Kyle Richardson, Hiyuu Ozawa","NAGOYA DIAMOND DOLPHINS|11,12,3,34,4",1,1.1,66.0,0,0,2,0.0,0,0,0,0,0,0,0,0,0,0,0,0,0,0,2,2.0,0.0,200.0,-200.0,0.0,-2
YOKOHAMA B-CORSAIRS,"Kiefer Ravena, Kenta Morii, Kaleb Tarczewski, Hiroki Taniguchi, Gary Clark","YOKOHAMA B-CORSAIRS|15,18,25,7,8",1,1.1,66.0,4,2,2,100.0,0,0,0,0,0,0,0,0,0,1,0,0,0,0,0,2.0,200.0,0.0,200.0,3.64,4
KYOTO HANNARYZ,"Satoru Maeta, Hayato Kawashima, Leon Shibuta, Angelo Caloiaro, Ira Brown","KYOTO HANNARYZ|13,15,3,32,33",1,1.1,69.0,2,1,3,33.3,0,2,0.0,0,0,0,0,0,0,0,0,0,1,0,2,4.0,50.0,72.5,-22.5,1.74,0
NAGOYA DIAMOND DOLPHINS,"Alan Williams, Taketo Kato, Hiyuu Ozawa, Scott Eatherton, Isaiah Murphy","NAGOYA DIAMOND DOLPHINS|15,3,4,43,5",1,1.1,69.0,0,0,2,0.0,0,2,0.0,0,0,0,0,0,0,0,0,0,0,0,2,2.0,0.0,100.0,-100.0,0.0,-2
NAGOYA DIAMOND DOLPHINS,"Aaron Henry, Takumi Saito, Taketo Kato, Hiyuu Ozawa, Scott Eatherton","NAGOYA DIAMOND DOLPHINS|11,2,3,4,43",1,1.1,63.0,0,0,1,0.0,0,1,0.0,0,0,0,0,0,0,1,0,0,0,0,0,1.0,0.0,0.0,0.0,0.0,0
SUNROCKERS SHIBUYA,"Didi Louzada, Donte Grantham, Reiya Nozaki, Josh Hawkinson, Leo Vendrame","SUNROCKERS SHIBUYA|0,1,12,8,9",1,1.1,68.0,2,1,1,100.0,0,0,0,0,0,0,0,0,0,0,0,0,0,0,0,1.0,200.0,0.0,200.0,1.76,2
LEVANGA HOKKAIDO,"Shuto Ichiba, Dwight Ramos, John Harrar, Keisei Tominaga, Yu Kibayashi","LEVANGA HOKKAIDO|12,2,21,30,8",1,1.1,65.0,2,1,1,100.0,0,0,0,0,0,0,0,0,0,0,0,0,0,0,2,1.0,200.0,200.0,0.0,1.85,0
YOKOHAMA B-CORSAIRS,"Kai King, Kaleb Tarczewski, Seiya Ando, Koya Sudo, Damien Inglis","YOKOHAMA B-CORSAIRS|23,25,3,30,4",1,1.1,67.0,7,2,2,100.0,1,1,100.0,2,2,100.0,0,0,0,1,0,0,0,0,2,2.9,243.1,82.0,161.1,6.27,5
CHIBA JETS,"Yuta Watanabe, DJ Hogg, Ren Kanechika, Garrison Brooks, Yuki Togashi","CHIBA JETS|1,10,12,15,2",1,1.1,64.0,3,1,3,33.3,0,2,0.0,1,1,100.0,0,0,0,0,0,0,0,0,0,3.4,87.2,0.0,87.2,2.81,3
SAN-EN NEOPHOENIX,"Yante Maten, Hideya Asai, Dai Nemoto, Ryusei Sasaki, Cameron Jackson","SAN-EN NEOPHOENIX|1,11,20,24,7",1,1.1,63.0,4,1,2,50.0,0,0,0,2,2,100.0,0,0,0,1,0,0,0,0,5,2.9,138.9,266.0,-127.1,3.81,-1
KYOTO HANNARYZ,"Asato Ogawa, Satoru Maeta, Ryunosuke Watanabe, Angelo Caloiaro, Jordan Heath","KYOTO HANNARYZ|12,13,16,32,35",1,1.1,68.0,3,1,3,33.3,1,2,50.0,0,0,0,0,0,0,1,0,0,0,0,3,3.0,100.0,150.0,-50.0,2.65,0
ALVARK TOKYO,"Brandon Davies, Marcus Foster, Sota Okura, Gen Hiraiwa, Shuto Ando","ALVARK TOKYO|0,17,2,21,9",1,1.1,63.0,2,1,1,100.0,0,0,0,0,0,0,0,0,0,1,0,0,0,0,2,1.0,200.0,106.4,93.6,1.9,0
ALVARK TOKYO,"Brandon Davies, Marcus Foster, Hiromu Nakamura, Taiki Osakabe, Shuto Ando","ALVARK TOKYO|0,17,5,75,9",1,1.1,65.0,0,0,1,0.0,0,1,0.0,0,0,0,0,0,0,0,0,0,0,0,6,1.0,0.0,208.3,-208.3,0.0,-6
NAGOYA DIAMOND DOLPHINS,"Taito Nakahigashi, Takumi Saito, Taketo Kato, Scott Eatherton, Isaiah Murphy","NAGOYA DIAMOND DOLPHINS|12,2,3,43,5",1,1.1,65.0,2,0,0,0,0,0,0,2,2,100.0,0,0,0,1,0,0,1,0,2,1.9,106.4,100.0,6.4,1.85,0
SENDAI 89ERS,"Hirohide Araya, Kazuma Okajima, Nathan Boothe, Jarrett Culver, Sergio El Darwich","SENDAI 89ERS|11,3,45,8,9",1,1.1,64.0,0,0,1,0.0,0,1,0.0,0,0,0,0,0,0,0,0,0,0,0,3,1.0,0.0,100.0,-100.0,0.0,-3
HIROSHIMA DRAGONFLIES,"Ryo Terashima, Kofi Cockburn, Nick Mayo, Kaine Roberts, Christopher Smith","HIROSHIMA DRAGONFLIES|0,23,24,4,8",1,1.1,67.0,0,0,2,0.0,0,0,0,0,0,0,0,0,0,0,0,0,2,0,0,4.0,0.0,0.0,0.0,0.0,0
SAN-EN NEOPHOENIX,"Yante Maten, Hirotaka Yoshii, Dai Nemoto, Sota Oura, Cameron Jackson","SAN-EN NEOPHOENIX|1,10,20,5,7",1,1.1,67.0,6,2,4,50.0,1,2,50.0,1,2,50.0,0,0,0,1,0,0,0,0,2,4.9,123.0,200.0,-77.0,5.37,4
SAN-EN NEOPHOENIX,"Hirotaka Yoshii, David Nwaba, Dai Nemoto, Ryusei Sasaki, Cameron Jackson","SAN-EN NEOPHOENIX|10,2,20,24,7",1,1.1,68.0,2,1,2,50.0,0,1,0.0,0,0,0,0,0,0,1,0,0,0,0,0,2.0,100.0,0.0,100.0,1.76,2
SAN-EN NEOPHOENIX,"Yante Maten, Hirotaka Yoshii, Hideya Asai, David Nwaba, Ryusei Sasaki","SAN-EN NEOPHOENIX|1,10,11,2,24",1,1.1,67.0,1,0,0,0,0,0,0,1,2,50.0,0,0,0,0,0,0,0,0,2,0.9,113.6,40.0,73.6,0.9,-1
NAGOYA DIAMOND DOLPHINS,"Aaron Henry, Taito Nakahigashi, Alan Williams, Takumi Saito, Kyle Richardson","NAGOYA DIAMOND DOLPHINS|11,12,15,2,34",1,1.1,65.0,2,0,1,0.0,0,1,0.0,2,2,100.0,0,0,0,0,0,0,0,0,0,1.9,106.4,0.0,106.4,1.85,2
SUNROCKERS SHIBUYA,"Donte Grantham, Reiya Nozaki, John Lawrence Harper Jr, Thomas Welsh, Leo Vendrame","SUNROCKERS SHIBUYA|1,12,3,40,9",1,1.1,67.0,2,0,3,0.0,0,2,0.0,2,3,66.7,0,0,0,1,0,0,0,0,1,4.3,46.3,113.6,-67.3,1.79,1
SHIGA LAKES,"Yosei Nishida, Daichi Nomoto, Thomas Wimbush, Ryan Kriener, Taiki Okada","SHIGA LAKES|14,16,20,4,6",2,1.1,69.0,2,1,1,100.0,0,0,0,0,0,0,0,0,0,0,0,0,0,0,5,1.0,200.0,250.0,-50.0,1.74,-3
ALTIRI CHIBA,"Takaaki Kida, Marial Shayok, Yuta Osaki, Luke Evans, Dererk Pardon","ALTIRI CHIBA|0,1,16,33,7",1,1.1,64.0,0,0,2,0.0,0,0,0,0,0,0,0,0,0,0,0,0,0,0,0,2.0,0.0,0.0,0.0,0.0,0
ALVARK TOKYO,"Brandon Davies, Zack Baranski, Sebastian Saiz, Taiki Osakabe, Shuto Ando","ALVARK TOKYO|0,10,11,75,9",1,1.1,68.0,3,1,1,100.0,1,1,100.0,0,0,0,0,0,0,0,0,0,0,0,1,1.0,300.0,53.2,246.8,2.65,2
LEVANGA HOKKAIDO,"Kohei Sekino, Ren Shimatani, Max Hisatake, Kaito Morizane, Kevin Jones","LEVANGA HOKKAIDO|1,15,29,34,5",1,1.1,66.0,0,0,2,0.0,0,1,0.0,0,0,0,0,0,0,0,0,0,0,0,5,2.0,0.0,250.0,-250.0,0.0,-5
SAGA BALLOONERS,"Ryo Abe, Sori Uchio, David Dudzinski, Josh Harrellson, Davon Reed","SAGA BALLOONERS|13,18,23,55,9",1,1.1,67.0,0,0,1,0.0,0,1,0.0,0,0,0,0,0,0,0,0,0,0,0,0,1.0,0.0,0.0,0.0,0.0,0
ALVARK TOKYO,"Brandon Davies, Marcus Foster, Ryan Rossiter, Kohei Fukuzawa, Kai Toews","ALVARK TOKYO|0,17,22,25,3",1,1.1,68.0,9,3,3,100.0,3,3,100.0,0,0,0,0,0,0,1,0,0,0,0,2,3.0,300.0,82.0,218.0,7.94,7
YOKOHAMA B-CORSAIRS,"Kenta Morii, Maik Kotsar, Seiya Ando, Damien Inglis, Gakuto Arai","YOKOHAMA B-CORSAIRS|18,21,3,4,6",1,1.1,65.0,3,1,2,50.0,1,2,50.0,0,0,0,0,0,0,1,0,0,0,0,0,2.0,150.0,0.0,150.0,2.77,3
CHIBA JETS,"Yuta Watanabe, Ren Kanechika, Yuki Togashi, Naoki Tashiro, Nassir Little","CHIBA JETS|1,12,2,4,8",1,1.1,63.0,0,0,2,0.0,0,1,0.0,0,0,0,0,0,0,0,0,0,0,0,0,2.0,0.0,0.0,0.0,0.0,0
SHIGA LAKES,"Daichi Nomoto, Thomas Wimbush, Shintaro Ehara, Ryan Kriener, Taiki Okada","SHIGA LAKES|16,20,25,4,6",1,1.1,63.0,0,0,2,0.0,0,2,0.0,0,0,0,0,0,0,0,0,0,0,0,1,2.0,0.0,41.0,-41.0,0.0,-1
NAGOYA DIAMOND DOLPHINS,"Aaron Henry, Takuma Sato, Takumi Saito, Keita Imamura, Kyle Richardson","NAGOYA DIAMOND DOLPHINS|11,14,2,30,34",1,1.1,65.0,2,0,0,0,0,0,0,2,2,100.0,0,0,0,0,0,0,0,0,0,0.9,227.3,0.0,227.3,1.85,2
CHIBA JETS,"DJ Hogg, Ren Kanechika, Yuki Togashi, Shuta Hara, Nassir Little","CHIBA JETS|10,12,2,31,8",2,1.1,65.0,3,1,3,33.3,1,2,50.0,0,0,0,0,0,0,0,0,0,0,0,0,3.0,100.0,0.0,100.0,2.77,3
NAGASAKI VELCA,"Stanley Johnson, Hayato Yamaguchi, Yudai Baba, Masaya Karimata, Jarrell Brantley","NAGASAKI VELCA|14,17,18,4,7",2,1.0,60.0,3,1,2,50.0,1,2,50.0,0,0,0,0,0,0,1,0,0,0,0,0,2.0,150.0,0.0,150.0,3.0,3
ALVARK TOKYO,"Steve Zack, Zack Baranski, Marcus Foster, Kohei Fukuzawa, Taiki Osakabe","ALVARK TOKYO|00,10,17,25,75",1,1.0,58.0,0,0,1,0.0,0,0,0,0,0,0,0,0,0,0,0,0,0,0,0,1.0,0.0,0.0,0.0,0.0,0
KAWASAKI BRAVE THUNDERS,"Dušan Ristić, Ryo Iida, Kanta Mizuno, Jaheru Ryuto Yamauchi, Emanuel Terry","KAWASAKI BRAVE THUNDERS|14,17,3,45,5",2,1.0,59.0,0,0,0,0,0,0,0,0,0,0,0,0,0,0,0,0,1,0,0,1.0,0.0,0.0,0.0,0.0,0
YOKOHAMA B-CORSAIRS,"Cameron Jackson, Kiefer Ravena, Seiya Ando, Koya Sudo, Damien Inglis","YOKOHAMA B-CORSAIRS|11,15,3,30,4",2,1.0,61.0,3,1,3,33.3,0,0,0,1,2,50.0,0,0,0,1,0,0,0,0,0,3.9,77.3,0.0,77.3,2.95,3
YOKOHAMA B-CORSAIRS,"Kenta Morii, Hiroki Matsuzaki, Seiya Ando, Damien Inglis, Gary Clark","YOKOHAMA B-CORSAIRS|18,24,3,4,8",1,1.0,58.0,2,1,1,100.0,0,0,0,0,0,0,0,0,0,0,0,0,1,0,3,2.0,100.0,300.0,-200.0,2.07,-1
AKITA NORTHERN HAPPINETS,"Taiyo Motoda, Teru Sugawara, Tanner Leissner, Keanu Pinder, Shigehiro Taguchi","AKITA NORTHERN HAPPINETS|12,14,15,25,5",1,1.0,59.0,2,0,1,0.0,0,0,0,2,2,100.0,0,0,0,0,0,0,0,0,0,1.9,106.4,0.0,106.4,2.03,2
TOYAMA GROUSES,"Naoki Uto, Brock Motum, Yannis Morin, Nyika Williams, Takeshi Mito","TOYAMA GROUSES|11,12,24,6,9",2,1.0,62.0,0,0,0,0,0,0,0,0,0,0,0,0,0,0,0,0,1,0,3,1.0,0.0,129.3,-129.3,0.0,-3
SAN-EN NEOPHOENIX,"Steve Zack, David Nwaba, Dai Nemoto, Kazuma Tsuya, Sota Oura","SAN-EN NEOPHOENIX|00,2,20,28,5",1,1.0,61.0,1,0,1,0.0,0,0,0,1,4,25.0,0,0,0,1,0,0,0,0,0,2.8,36.2,0.0,36.2,0.98,1
KOSHIGAYA ALPHAS,"Jarell Martin, Yuichi Ikeda, Yuya Kamata, Kaito Shike, Sekou Doumbouya","KOSHIGAYA ALPHAS|1,12,18,4,45",1,1.0,59.0,2,1,1,100.0,0,0,0,0,0,0,0,0,0,1,0,0,0,0,0,1.0,200.0,0.0,200.0,2.03,2
CHIBA JETS,"DJ Hogg, Ren Kanechika, Naoki Tashiro, Riku Segawa, Michael Ou","CHIBA JETS|10,12,4,5,7",1,1.0,58.0,7,3,3,100.0,1,1,100.0,0,0,0,0,0,0,1,0,0,0,0,0,3.0,233.3,0.0,233.3,7.24,7
CHIBA JETS,"Yuta Watanabe, DJ Hogg, Ren Kanechika, John Mooney, Riku Segawa","CHIBA JETS|1,10,12,33,5",1,1.0,58.0,2,1,2,50.0,0,0,0,0,0,0,0,0,0,0,0,0,0,0,1,2.0,100.0,227.3,-127.3,2.07,1
SAN-EN NEOPHOENIX,"Hirotaka Yoshii, Tshilidzi Kawata, Dai Nemoto, Jordan Dallas, Kazuma Tsuya","SAN-EN NEOPHOENIX|10,15,20,22,28",1,1.0,59.0,0,0,1,0.0,0,1,0.0,0,0,0,0,0,0,0,0,0,1,0,0,2.0,0.0,0.0,0.0,0.0,0
SEAHORSES MIKAWA,"Thomas Kennedy, Kosuke Ishii, Aaron White, Davante Gardner, Satoshi Nagano","SEAHORSES MIKAWA|1,27,30,54,7",1,1.0,59.0,2,1,1,100.0,0,0,0,0,0,0,0,0,0,0,0,0,0,0,4,1.0,200.0,212.8,-12.8,2.03,-2
SHIMANE SUSANOO MAGIC,"James Michael McAdoo, Ryosuke Shirahama, Fumiya Iio, Nick Kay, Yuta Okada","SHIMANE SUSANOO MAGIC|14,15,22,4,77",1,1.0,60.0,3,1,1,100.0,0,0,0,1,2,50.0,0,0,0,0,0,0,0,0,2,1.9,159.6,100.0,59.6,3.0,1
SAN-EN NEOPHOENIX,"Hayato Wakugawa, David Nwaba, Dai Nemoto, Darius Days, Sota Oura","SAN-EN NEOPHOENIX|14,2,20,4,5",1,1.0,60.0,3,1,1,100.0,0,0,0,1,2,50.0,0,0,0,1,0,0,0,0,1,1.9,159.6,69.4,90.1,3.0,2
HIROSHIMA DRAGONFLIES,"Toshiki Kamisawa, Ryu Watanabe, Kofi Cockburn, Ryo Yamazaki, Christopher Smith","HIROSHIMA DRAGONFLIES|10,21,23,30,8",1,1.0,58.0,0,0,2,0.0,0,1,0.0,0,0,0,0,0,0,0,0,0,0,0,4,2.0,0.0,133.3,-133.3,0.0,-4
SAGA BALLOONERS,"Tanner Groves, Taiki Sumida, Ryota Inoue, Josh Harrellson, Chase Fieler","SAGA BALLOONERS|22,25,34,55,60",1,1.0,61.0,0,0,0,0,0,0,0,0,0,0,0,0,0,0,0,0,1,0,2,1.0,0.0,100.0,-100.0,0.0,-2
TOYAMA GROUSES,"Naoki Uto, Matthew Aquino, Yannis Morin, Yuzo Okada, Takeshi Mito","TOYAMA GROUSES|11,13,24,3,9",1,1.0,59.0,3,1,2,50.0,1,1,100.0,0,0,0,0,0,0,0,0,0,0,0,0,2.0,150.0,0.0,150.0,3.05,3
SHIMANE SUSANOO MAGIC,"Coty Clarke, James Michael McAdoo, Ryosuke Shirahama, Yuto Nohmi, Fumiya Iio","SHIMANE SUSANOO MAGIC|1,14,15,21,22",2,1.0,59.0,1,0,1,0.0,0,0,0,1,2,50.0,0,0,0,0,0,0,0,0,3,1.9,53.2,150.0,-96.8,1.02,-2
KAWASAKI BRAVE THUNDERS,"Omar Jamaleddine, Shota Tsuyama, Rosco Allen, Emanuel Terry, Taiga Okada","KAWASAKI BRAVE THUNDERS|1,13,25,5,55",1,1.0,58.0,3,1,3,33.3,1,3,33.3,0,0,0,0,0,0,2,0,0,0,0,2,3.0,100.0,106.4,-6.4,3.1,1
RYUKYU GOLDEN KINGS,"Hayate Arakawa, Masahiro Waki, Damyean Dotson, Jack Cooley, Alex Kirk","RYUKYU GOLDEN KINGS|10,18,21,45,53",1,1.0,59.0,0,0,1,0.0,0,1,0.0,0,0,0,0,0,0,0,0,0,1,0,3,2.0,0.0,300.0,-300.0,0.0,-3
KOSHIGAYA ALPHAS,"Jarell Martin, Takeru Oba, Yuya Kamata, Kai Sugawara, Shun Matsuyama","KOSHIGAYA ALPHAS|1,14,18,28,7",1,1.0,60.0,4,2,2,100.0,0,0,0,0,0,0,0,0,0,2,0,0,0,0,3,2.0,200.0,300.0,-100.0,4.0,1
SAGA BALLOONERS,"Ryo Abe, Reynaldo Garcia, David Dudzinski, Ryota Inoue, Josh Harrellson","SAGA BALLOONERS|13,2,23,34,55",2,1.0,61.0,3,1,1,100.0,1,1,100.0,0,0,0,0,0,0,0,0,0,0,0,1,1.0,300.0,41.0,259.0,2.95,2
KOSHIGAYA ALPHAS,"Jarell Martin, Yuichi Ikeda, Takeru Oba, Yuya Kamata, Anthony Clemmons","KOSHIGAYA ALPHAS|1,12,14,18,5",1,1.0,58.0,2,1,1,100.0,0,0,0,0,0,0,0,0,0,0,0,0,0,0,0,1.0,200.0,0.0,200.0,2.07,2
TOYAMA GROUSES,"Yoshiaki Fujinaga, Yannis Morin, Nyika Williams, Kazuki Miyamoto, Trey Kell","TOYAMA GROUSES|2,24,6,7,8",1,1.0,58.0,2,1,1,100.0,0,0,0,0,0,0,0,0,0,1,0,0,0,0,0,1.0,200.0,0.0,200.0,2.07,2
GUNMA CRANE THUNDERS,"Yuma Fujii, Koh Flippin, Johannes Thiemann, Kerry BlackshearJr, Naoto Tsuji","GUNMA CRANE THUNDERS|0,1,32,8,9",2,1.0,62.0,0,0,0,0,0,0,0,0,0,0,0,0,0,0,0,0,1,0,3,1.0,0.0,150.0,-150.0,0.0,-3
TOYAMA GROUSES,"Naoki Uto, Matthew Aquino, Yannis Morin, Nyika Williams, Trey Kell","TOYAMA GROUSES|11,13,24,6,8",1,1.0,60.0,0,0,1,0.0,0,1,0.0,0,0,0,0,0,0,0,0,0,1,0,2,2.0,0.0,100.0,-100.0,0.0,-2
SHIGA LAKES,"Yosei Nishida, Thomas Wimbush, Ryan Kriener, Taiki Okada, Ai-Che Yu","SHIGA LAKES|14,20,4,6,7",2,1.0,58.0,2,1,2,50.0,0,1,0.0,0,0,0,0,0,0,1,0,0,1,0,2,3.0,66.7,66.7,0.0,2.07,0
OSAKA EVESSA,"Ray Parks Jr, Joji Takeuchi, Makoto Kinoshita, Tatsuya Suzuki, Yoshiya Uematsu","OSAKA EVESSA|1,15,31,35,8",1,1.0,58.0,0,0,1,0.0,0,1,0.0,0,0,0,0,0,0,0,0,0,0,0,2,1.0,0.0,100.0,-100.0,0.0,-2
SAGA BALLOONERS,"Ryo Abe, Reynaldo Garcia, Taiki Sumida, Kosuke Hashimoto, Rui Todoroki","SAGA BALLOONERS|13,2,25,7,8",1,1.0,60.0,1,0,1,0.0,0,0,0,1,2,50.0,0,0,0,0,0,0,0,0,2,1.9,53.2,200.0,-146.8,1.0,-1
TOYAMA GROUSES,"Naoki Uto, Brock Motum, Matthew Aquino, Daichi Kuzuhara, Trey Kell","TOYAMA GROUSES|11,12,13,25,8",1,1.0,60.0,0,0,1,0.0,0,0,0,0,1,0.0,0,0,0,2,0,0,0,0,8,1.4,0.0,172.4,-172.4,0.0,-8
SUNROCKERS SHIBUYA,"Donte Grantham, Reiya Nozaki, Thomas Welsh, Josh Hawkinson, Leo Vendrame","SUNROCKERS SHIBUYA|1,12,40,8,9",1,1.0,62.0,5,2,3,66.7,0,1,0.0,1,1,100.0,0,0,0,0,0,0,0,0,3,3.4,145.3,150.0,-4.7,4.84,2
SENDAI 89ERS,"Yusei Sugiura, Shota Watanabe, Nathan Boothe, Seiya Funyu, Jarrett Culver","SENDAI 89ERS|14,15,45,7,8",2,1.0,58.0,2,0,0,0,0,0,0,2,2,100.0,0,0,0,2,0,0,0,0,2,0.9,227.3,200.0,27.3,2.07,0
TOYAMA GROUSES,"Brock Motum, Towa Izumi, Yuzo Okada, Nyika Williams, Trey Kell","TOYAMA GROUSES|12,14,3,6,8",1,1.0,62.0,2,1,1,100.0,0,0,0,0,0,0,0,0,0,1,0,0,1,0,2,2.0,100.0,100.0,0.0,1.94,0
FIGHTING EAGLES NAGOYA,"Jamorko Pickett, Tensho Sugimoto, Francis Lopez, Narito Namizato, Sean O'mara","FIGHTING EAGLES NAGOYA|0,10,20,3,54",2,1.0,62.0,2,1,3,33.3,0,1,0.0,0,0,0,0,0,0,0,0,0,1,0,9,4.0,50.0,169.2,-119.2,1.94,-7
OSAKA EVESSA,"Ray Parks Jr, Ryan Luther, Cyril Nesmith II, Makoto Kinoshita, Seiga Sakamoto","OSAKA EVESSA|1,11,23,31,60",1,1.0,62.0,1,0,0,0,0,0,0,1,1,100.0,0,0,0,1,0,0,1,0,3,1.4,69.4,100.0,-30.6,0.97,-2
YOKOHAMA B-CORSAIRS,"Kiefer Ravena, Kenta Morii, Kaleb Tarczewski, Gakuto Arai, Gary Clark","YOKOHAMA B-CORSAIRS|15,18,25,6,8",1,1.0,60.0,1,0,1,0.0,0,1,0.0,1,2,50.0,0,0,0,0,0,0,0,0,2,1.9,53.2,200.0,-146.8,1.0,-1
SHIMANE SUSANOO MAGIC,"Coty Clarke, James Michael McAdoo, Shunsuke Ueda, Fumiya Iio, Shota Arai","SHIMANE SUSANOO MAGIC|1,14,20,22,5",1,1.0,59.0,0,0,1,0.0,0,1,0.0,0,0,0,0,0,0,0,0,0,0,0,5,1.0,0.0,166.7,-166.7,0.0,-5
SHIMANE SUSANOO MAGIC,"Coty Clarke, Taichi Nakamura, James Michael McAdoo, Fumiya Iio, Shota Arai","SHIMANE SUSANOO MAGIC|1,11,14,22,5",1,1.0,62.0,6,2,2,100.0,2,2,100.0,0,0,0,0,0,0,2,0,0,0,0,2,2.0,300.0,200.0,100.0,5.81,4
KYOTO HANNARYZ,"Charles Jackson, Leon Shibuta, Angelo Caloiaro, Ira Brown, Takatoshi Furukawa","KYOTO HANNARYZ|10,3,32,33,51",1,1.0,59.0,2,1,3,33.3,0,1,0.0,0,0,0,0,0,0,0,0,0,0,0,2,3.0,66.7,106.4,-39.7,2.03,0
IBARAKI ROBOTS,"Robert Franks, Kotaro Hisaoka, Keita Tsurumaki, Tim Schneider, Hayate Komasawa","IBARAKI ROBOTS|0,14,29,30,7",2,1.0,62.0,1,0,0,0,0,0,0,1,2,50.0,0,0,0,0,0,0,0,0,2,0.9,113.6,100.0,13.6,0.97,-1
KOSHIGAYA ALPHAS,"Kai Sotto, Yuichi Ikeda, Jordan Ngatai, Kai Sugawara, Shun Matsuyama","KOSHIGAYA ALPHAS|11,12,20,28,7",1,1.0,62.0,2,1,3,33.3,0,2,0.0,0,0,0,0,0,0,0,0,0,0,0,3,3.0,66.7,300.0,-233.3,1.94,-1
SHIGA LAKES,"Zach Auguste, Yosei Nishida, Daichi Nomoto, Thomas Wimbush, Taiki Okada","SHIGA LAKES|0,14,16,20,6",1,1.0,58.0,0,0,1,0.0,0,0,0,0,0,0,0,0,0,0,0,0,0,0,2,1.0,0.0,100.0,-100.0,0.0,-2
FIGHTING EAGLES NAGOYA,"Jamorko Pickett, Hikaru Tsukioka, Francis Lopez, Ryuto Yasuoka, Sean O'mara","FIGHTING EAGLES NAGOYA|0,11,20,23,54",1,1.0,59.0,0,0,0,0,0,0,0,0,0,0,0,0,0,2,0,0,0,0,7,0.1,0.0,243.1,-243.1,0.0,-7
TOYAMA GROUSES,"Brock Motum, Haruaki Tanaka, Daichi Kuzuhara, Nyika Williams, Trey Kell","TOYAMA GROUSES|12,17,25,6,8",1,1.0,60.0,2,0,1,0.0,0,0,0,2,2,100.0,0,0,0,0,0,0,0,0,0,1.9,106.4,0.0,106.4,2.0,2
TOYAMA GROUSES,"Brock Motum, Haruaki Tanaka, Yannis Morin, Daichi Kuzuhara, Nyika Williams","TOYAMA GROUSES|12,17,24,25,6",1,1.0,58.0,2,0,0,0,0,0,0,2,2,100.0,0,0,0,0,0,0,0,0,2,0.9,227.3,69.4,157.8,2.07,0
YOKOHAMA B-CORSAIRS,"Kiefer Ravena, Maik Kotsar, Kai King, Seiya Ando, Damien Inglis","YOKOHAMA B-CORSAIRS|15,21,23,3,4",2,1.0,59.0,0,0,0,0,0,0,0,0,0,0,0,0,0,0,0,0,0,0,2,0.1,0.0,227.3,-227.3,0.0,-2
LEVANGA HOKKAIDO,"Ren Shimatani, Dwight Ramos, John Harrar, Kevin Jones, Hiroto Kikuchi","LEVANGA HOKKAIDO|15,2,21,5,6",1,1.0,58.0,0,0,2,0.0,0,1,0.0,0,0,0,0,0,0,0,0,0,0,0,5,2.0,0.0,125.0,-125.0,0.0,-5
GUNMA CRANE THUNDERS,"AJ Edu, Johannes Thiemann, Trey Jones, Takuto Nakamura, Naoto Tsuji","GUNMA CRANE THUNDERS|15,32,4,6,9",1,1.0,60.0,3,1,1,100.0,0,0,0,1,1,100.0,0,0,0,0,0,0,0,0,5,1.4,208.3,166.7,41.7,3.0,-2
KOSHIGAYA ALPHAS,"Kai Sotto, Yuichi Ikeda, Takeru Oba, Jordan Ngatai, Sekou Doumbouya","KOSHIGAYA ALPHAS|11,12,14,20,45",2,1.0,58.0,0,0,1,0.0,0,0,0,0,1,0.0,0,0,0,0,0,0,0,0,6,1.4,0.0,200.0,-200.0,0.0,-6
SENDAI 89ERS,"Yusei Sugiura, Shota Watanabe, Boubacar Toure, Jarrett Culver, Sergio El Darwich","SENDAI 89ERS|14,15,21,8,9",1,1.0,59.0,5,2,2,100.0,0,0,0,1,1,100.0,0,0,0,3,0,0,0,0,4,2.4,204.9,138.9,66.0,5.08,1
LEVANGA HOKKAIDO,"Shuto Ichiba, Dwight Ramos, John Harrar, Max Hisatake, Keisei Tominaga","LEVANGA HOKKAIDO|12,2,21,29,30",1,1.0,61.0,2,1,3,33.3,0,0,0,0,0,0,0,0,0,1,0,0,0,0,2,3.0,66.7,200.0,-133.3,1.97,0
SENDAI 89ERS,"Boubacar Toure, Kazuma Okajima, Seiya Funyu, Jarrett Culver, Sergio El Darwich","SENDAI 89ERS|21,3,7,8,9",1,1.0,59.0,2,1,1,100.0,0,0,0,0,0,0,0,0,0,1,0,0,0,0,0,1.0,200.0,0.0,200.0,2.03,2
RYUKYU GOLDEN KINGS,"Masahiro Waki, Shota Onodera, Vic Law, Jack Cooley, Ryo Sadohara","RYUKYU GOLDEN KINGS|18,34,4,45,8",2,1.0,59.0,0,0,2,0.0,0,1,0.0,0,0,0,0,0,0,0,0,0,0,0,0,2.0,0.0,0.0,0.0,0.0,0
FIGHTING EAGLES NAGOYA,"Katsuki Hiramatsu, Ryuto Yasuoka, Andrew Randall, Sean O'mara, Tyrell Taku Sudo","FIGHTING EAGLES NAGOYA|12,23,33,54,6",1,1.0,60.0,0,0,1,0.0,0,1,0.0,0,0,0,0,0,0,0,0,0,1,0,3,2.0,0.0,123.0,-123.0,0.0,-3
ALTIRI CHIBA,"Kei Sugimoto, Brandon Ashley, Naoya Kumagae, Reo Maeda, Dererk Pardon","ALTIRI CHIBA|11,21,27,5,7",1,0.9,52.0,1,0,0,0,0,0,0,1,2,50.0,0,0,0,0,0,0,1,0,2,1.9,53.2,50.0,3.2,1.15,-1
SAN-EN NEOPHOENIX,"Yante Maten, Hirotaka Yoshii, Kazuma Tsuya, Darius Days, Sota Oura","SAN-EN NEOPHOENIX|1,10,28,4,5",1,0.9,53.0,3,1,1,100.0,1,1,100.0,0,0,0,0,0,0,0,0,0,0,0,0,1.0,300.0,0.0,300.0,3.4,3
ALVARK TOKYO,"Steve Zack, Zack Baranski, Sota Okura, Taiki Osakabe, Shuto Ando","ALVARK TOKYO|00,10,2,75,9",1,0.9,55.0,0,0,1,0.0,0,1,0.0,0,0,0,0,0,0,1,0,0,0,0,2,1.0,0.0,66.7,-66.7,0.0,-2
RYUKYU GOLDEN KINGS,"Keve Aluma, Yoshiyuki Matsuwaki, Vic Law, Shogo Taira, Alex Kirk","RYUKYU GOLDEN KINGS|12,15,4,47,53",1,0.9,55.0,2,1,2,50.0,0,1,0.0,0,0,0,0,0,0,0,0,0,1,0,0,3.0,66.7,0.0,66.7,2.18,2
KAWASAKI BRAVE THUNDERS,"Shota Tsuyama, Rosco Allen, Jaheru Ryuto Yamauchi, Emanuel Terry, Ryusei Shinoyama","KAWASAKI BRAVE THUNDERS|13,25,45,5,7",2,0.9,53.0,2,1,2,50.0,0,1,0.0,0,0,0,0,0,0,0,0,0,0,0,0,2.0,100.0,0.0,100.0,2.26,2
CHIBA JETS,"DJ Hogg, Ren Kanechika, Yuki Togashi, Shuta Hara, John Mooney","CHIBA JETS|10,12,2,31,33",1,0.9,55.0,0,0,2,0.0,0,1,0.0,0,0,0,0,0,0,0,0,0,0,0,4,2.0,0.0,133.3,-133.3,0.0,-4
AKITA NORTHERN HAPPINETS,"Tanner Leissner, Takuya Nakayama, Ali Mezher, Kanji Takahira, Keanu Pinder","AKITA NORTHERN HAPPINETS|15,17,22,24,25",1,0.9,56.0,0,0,1,0.0,0,1,0.0,0,0,0,0,0,0,0,0,0,0,0,2,1.0,0.0,100.0,-100.0,0.0,-2
KYOTO HANNARYZ,"Charles Jackson, Chehales Tapscott, Asato Ogawa, Hayato Kawashima, Takatoshi Furukawa","KYOTO HANNARYZ|10,11,12,15,51",1,0.9,55.0,1,0,0,0,0,0,0,1,2,50.0,0,0,0,1,0,0,1,0,0,1.9,53.2,0.0,53.2,1.09,1
KYOTO HANNARYZ,"Charles Jackson, Chehales Tapscott, Asato Ogawa, Hayato Kawashima, Ryunosuke Watanabe","KYOTO HANNARYZ|10,11,12,15,16",1,0.9,55.0,2,0,1,0.0,0,0,0,2,2,100.0,0,0,0,1,0,0,0,0,0,1.9,106.4,0.0,106.4,2.18,2
GUNMA CRANE THUNDERS,"Yuma Fujii, AJ Edu, Kazuki Hosokawa, Johannes Thiemann, Takuto Nakamura","GUNMA CRANE THUNDERS|0,15,29,32,6",2,0.9,52.0,2,1,1,100.0,0,0,0,0,0,0,0,0,0,1,0,0,0,0,3,1.0,200.0,300.0,-100.0,2.31,-1
CHIBA JETS,"Yuta Watanabe, DJ Hogg, Shuta Hara, John Mooney, Riku Segawa","CHIBA JETS|1,10,31,33,5",1,0.9,56.0,3,1,1,100.0,1,1,100.0,0,0,0,0,0,0,0,0,0,0,0,0,1.0,300.0,0.0,300.0,3.21,3
LEVANGA HOKKAIDO,"Kohei Sekino, Kyosuke Hoshino, Jahlil Okafor, Keisei Tominaga, Yu Kibayashi","LEVANGA HOKKAIDO|1,14,22,30,8",1,0.9,56.0,0,0,1,0.0,0,1,0.0,0,0,0,0,0,0,0,0,0,1,0,6,2.0,0.0,245.9,-245.9,0.0,-6
SEAHORSES MIKAWA,"Thomas Kennedy, Ryogo Sumino, Yudai Nishida, Aaron White, Davante Gardner","SEAHORSES MIKAWA|1,18,19,30,54",1,0.9,54.0,3,1,2,50.0,0,0,0,1,1,100.0,0,0,0,0,0,0,0,0,0,2.4,123.0,0.0,123.0,3.33,3
SAN-EN NEOPHOENIX,"Steve Zack, Hirotaka Yoshii, Hayato Wakugawa, Dai Nemoto, Sota Oura","SAN-EN NEOPHOENIX|00,10,14,20,5",1,0.9,54.0,4,2,3,66.7,0,0,0,0,0,0,0,0,0,0,0,0,0,0,0,3.0,133.3,0.0,133.3,4.44,4
SAN-EN NEOPHOENIX,"Steve Zack, Dai Nemoto, Jordan Dallas, Kazuma Tsuya, Sota Oura","SAN-EN NEOPHOENIX|00,20,22,28,5",1,0.9,54.0,0,0,1,0.0,0,1,0.0,0,0,0,0,0,0,0,0,0,0,0,2,1.0,0.0,66.7,-66.7,0.0,-2
KAWASAKI BRAVE THUNDERS,"Kengo Nomoto, Ryo Iida, Roy Hideki Igwe, Jaheru Ryuto Yamauchi, Taiga Okada","KAWASAKI BRAVE THUNDERS|10,17,2,45,55",1,0.9,55.0,0,0,2,0.0,0,1,0.0,0,0,0,0,0,0,0,0,0,0,0,0,2.0,0.0,0.0,0.0,0.0,0
KAWASAKI BRAVE THUNDERS,"Dušan Ristić, Ryo Iida, Roy Hideki Igwe, Jaheru Ryuto Yamauchi, Taiga Okada","KAWASAKI BRAVE THUNDERS|14,17,2,45,55",1,0.9,52.0,0,0,2,0.0,0,1,0.0,0,0,0,0,0,0,0,0,0,0,0,0,2.0,0.0,0.0,0.0,0.0,0
TOYAMA GROUSES,"Brock Motum, Haruaki Tanaka, Yuzo Okada, Kazuki Miyamoto, Trey Kell","TOYAMA GROUSES|12,17,3,7,8",3,0.9,53.0,1,0,0,0,0,0,0,1,2,50.0,0,0,0,0,0,0,1,0,7,1.9,53.2,253.6,-200.4,1.13,-6
SAN-EN NEOPHOENIX,"Hideya Asai, David Nwaba, Junior Kodama, Sota Oura, Cameron Jackson","SAN-EN NEOPHOENIX|11,2,33,5,7",1,0.9,52.0,3,1,2,50.0,1,1,100.0,0,0,0,0,0,0,1,0,0,0,0,0,2.0,150.0,0.0,150.0,3.46,3
KAWASAKI BRAVE THUNDERS,"Kengo Nomoto, Dušan Ristić, Rosco Allen, Kanta Mizuno, Taiga Okada","KAWASAKI BRAVE THUNDERS|10,14,25,3,55",1,0.9,55.0,0,0,2,0.0,0,1,0.0,0,0,0,0,0,0,0,0,0,0,0,3,2.0,0.0,300.0,-300.0,0.0,-3
HIROSHIMA DRAGONFLIES,"Dwayne Evans II, Ryu Watanabe, Nick Mayo, Christopher Smith, Ryosei Sato","HIROSHIMA DRAGONFLIES|13,21,24,8,88",1,0.9,52.0,1,0,1,0.0,0,1,0.0,1,1,100.0,0,0,0,0,0,0,0,0,5,1.4,69.4,250.0,-180.6,1.15,-4
ALVARK TOKYO,"Marcus Foster, Ryan Rossiter, FRANK KAMINSKY, Hiromu Nakamura, Taiki Osakabe","ALVARK TOKYO|17,22,44,5,75",2,0.9,53.0,0,0,1,0.0,0,1,0.0,0,2,0.0,0,0,0,0,0,0,0,0,0,1.9,0.0,0.0,0.0,0.0,0
GUNMA CRANE THUNDERS,"Yuma Fujii, Kenny Lawson Jr, Takuto Nakamura, Kerry BlackshearJr, Naoto Tsuji","GUNMA CRANE THUNDERS|0,25,6,8,9",1,0.9,56.0,2,1,1,100.0,0,0,0,0,0,0,0,0,0,0,0,0,0,0,3,1.0,200.0,300.0,-100.0,2.14,-1
SAN-EN NEOPHOENIX,"Hideya Asai, Hayato Wakugawa, David Nwaba, Dai Nemoto, Cameron Jackson","SAN-EN NEOPHOENIX|11,14,2,20,7",1,0.9,52.0,0,0,2,0.0,0,1,0.0,0,0,0,0,0,0,0,0,0,0,0,2,2.0,0.0,100.0,-100.0,0.0,-2
SHIGA LAKES,"Zach Auguste, Kohei Tsuneta, Thomas Wimbush, Sean Ichioka, Ai-Che Yu","SHIGA LAKES|0,17,20,22,7",1,0.9,52.0,2,1,2,50.0,0,1,0.0,0,0,0,0,0,0,0,0,0,0,0,0,2.0,100.0,0.0,100.0,2.31,2
SAN-EN NEOPHOENIX,"Hayato Wakugawa, Tshilidzi Kawata, David Nwaba, Junior Kodama, Darius Days","SAN-EN NEOPHOENIX|14,15,2,33,4",1,0.9,56.0,5,0,1,0.0,0,0,0,5,5,100.0,0,0,0,0,0,0,0,0,1,3.2,156.2,22.5,133.7,5.36,4
OSAKA EVESSA,"Ryan Luther, Joji Takeuchi, Makoto Kinoshita, Tatsuya Suzuki, Yoshiya Uematsu","OSAKA EVESSA|11,15,31,35,8",2,0.9,57.0,2,1,1,100.0,0,0,0,0,0,0,0,0,0,1,0,0,0,0,1,1.0,200.0,113.6,86.4,2.11,1
RYUKYU GOLDEN KINGS,"Shuto Sakihama, Masahiro Waki, Damyean Dotson, Alex Kirk, Ryo Sadohara","RYUKYU GOLDEN KINGS|17,18,21,53,8",1,0.9,53.0,3,1,2,50.0,1,2,50.0,0,0,0,0,0,0,0,0,0,0,0,2,2.0,150.0,100.0,50.0,3.4,1
FIGHTING EAGLES NAGOYA,"Jamorko Pickett, Mylo Murphy, Francis Lopez, Takaya Sasayama, Jeremy Jones","FIGHTING EAGLES NAGOYA|0,15,20,21,22",1,0.9,56.0,0,0,1,0.0,0,1,0.0,0,0,0,0,0,0,0,0,0,1,0,0,2.0,0.0,0.0,0.0,0.0,0
NAGOYA DIAMOND DOLPHINS,"Aaron Henry, Taito Nakahigashi, Taketo Kato, Scott Eatherton, Isaiah Murphy","NAGOYA DIAMOND DOLPHINS|11,12,3,43,5",1,0.9,53.0,0,0,1,0.0,0,1,0.0,0,0,0,0,0,0,0,0,0,0,0,3,1.0,0.0,300.0,-300.0,0.0,-3
OSAKA EVESSA,"Ray Parks Jr, Ryan Luther, Joji Takeuchi, Tatsuya Suzuki, Hayato Maki","OSAKA EVESSA|1,11,15,35,88",1,0.9,52.0,2,1,2,50.0,0,1,0.0,0,0,0,0,0,0,1,0,0,0,0,3,2.0,100.0,300.0,-200.0,2.31,-1
OSAKA EVESSA,"Ray Parks Jr, Ryan Luther, Joji Takeuchi, Tatsuya Suzuki, Seiga Sakamoto","OSAKA EVESSA|1,11,15,35,60",1,0.9,52.0,2,1,3,33.3,0,0,0,0,0,0,0,0,0,0,0,0,0,0,0,3.0,66.7,0.0,66.7,2.31,2
KOSHIGAYA ALPHAS,"Jeffrey Parmer, Kai Sugawara, Kaito Shike, Anthony Clemmons, Hamiltongary Kotera","KOSHIGAYA ALPHAS|21,28,4,5,6",1,0.9,54.0,0,0,0,0,0,0,0,0,0,0,0,0,0,0,0,0,0,0,4,0.1,0.0,133.3,-133.3,0.0,-4
SAGA BALLOONERS,"Sori Uchio, Reynaldo Garcia, David Dudzinski, Taiki Sumida, Ryota Inoue","SAGA BALLOONERS|18,2,23,25,34",1,0.9,56.0,2,1,1,100.0,0,0,0,0,0,0,0,0,0,0,0,0,0,0,0,1.0,200.0,0.0,200.0,2.14,2
SAGA BALLOONERS,"Ryo Abe, Sori Uchio, Reynaldo Garcia, David Dudzinski, Josh Harrellson","SAGA BALLOONERS|13,18,2,23,55",1,0.9,54.0,0,0,1,0.0,0,1,0.0,0,0,0,0,0,0,0,0,0,0,0,0,1.0,0.0,0.0,0.0,0.0,0
HIROSHIMA DRAGONFLIES,"Toshiki Kamisawa, Dwayne Evans II, Ryu Watanabe, Kofi Cockburn, Keijiro Mitani","HIROSHIMA DRAGONFLIES|10,13,21,23,34",1,0.9,53.0,0,0,1,0.0,0,1,0.0,0,0,0,0,0,0,0,0,0,1,0,1,2.0,0.0,69.4,-69.4,0.0,-1
TOYAMA GROUSES,"Naoki Uto, Matthew Aquino, Haruaki Tanaka, Yannis Morin, Trey Kell","TOYAMA GROUSES|11,13,17,24,8",1,0.9,57.0,0,0,1,0.0,0,1,0.0,0,0,0,0,0,0,0,0,0,0,0,2,1.0,0.0,200.0,-200.0,0.0,-2
FIGHTING EAGLES NAGOYA,"Jamorko Pickett, Tensho Sugimoto, Francis Lopez, Takaya Sasayama, Sean O'mara","FIGHTING EAGLES NAGOYA|0,10,20,21,54",1,0.9,54.0,0,0,1,0.0,0,1,0.0,0,0,0,0,0,0,0,0,0,0,0,3,1.0,0.0,300.0,-300.0,0.0,-3
OSAKA EVESSA,"Ray Parks Jr, Joji Takeuchi, Yasunori Aoki, Matt Bonds, Hayato Maki","OSAKA EVESSA|1,15,4,5,88",1,0.9,54.0,0,0,1,0.0,0,0,0,0,0,0,0,0,0,1,0,0,0,0,4,1.0,0.0,133.3,-133.3,0.0,-4
AKITA NORTHERN HAPPINETS,"Yanni Wetzell, Takuya Nakayama, Ali Mezher, Kanji Takahira, Alistair Tokio Tsuchiya","AKITA NORTHERN HAPPINETS|10,17,22,24,77",1,0.9,52.0,0,0,0,0,0,0,0,0,0,0,0,0,0,0,0,0,1,0,3,1.0,0.0,300.0,-300.0,0.0,-3
RYUKYU GOLDEN KINGS,"Yoshiyuki Matsuwaki, Shuto Sakihama, Shota Onodera, Vic Law, Jack Cooley","RYUKYU GOLDEN KINGS|15,17,34,4,45",1,0.9,55.0,2,0,0,0,0,0,0,2,4,50.0,0,0,0,0,0,0,0,0,0,1.8,113.6,0.0,113.6,2.18,2
SAN-EN NEOPHOENIX,"David Nwaba, Ryusei Sasaki, Kazuma Tsuya, Sota Oura, Cameron Jackson","SAN-EN NEOPHOENIX|2,24,28,5,7",1,0.9,56.0,3,1,2,50.0,1,2,50.0,0,0,0,0,0,0,1,0,0,0,0,0,2.0,150.0,0.0,150.0,3.21,3
SENDAI 89ERS,"Hirohide Araya, Yusei Sugiura, Kazuma Okajima, Nathan Boothe, Jarrett Culver","SENDAI 89ERS|11,14,3,45,8",2,0.9,53.0,0,0,1,0.0,0,1,0.0,0,0,0,0,0,0,0,0,0,0,0,0,1.0,0.0,0.0,0.0,0.0,0
KOSHIGAYA ALPHAS,"Kai Sotto, Anthony Clemmons, Shun Matsuyama, Joseph Diawara, Davon Reed","KOSHIGAYA ALPHAS|11,5,7,8,9",1,0.9,55.0,0,0,1,0.0,0,0,0,0,2,0.0,0,0,0,1,0,0,0,0,5,1.9,0.0,250.0,-250.0,0.0,-5
KAWASAKI BRAVE THUNDERS,"Dušan Ristić, Ryo Iida, Rosco Allen, Taiga Okada, Shuntaro Buto","KAWASAKI BRAVE THUNDERS|14,17,25,55,60",1,0.9,52.0,0,0,0,0,0,0,0,0,0,0,0,0,0,2,0,0,0,0,7,0.1,0.0,233.3,-233.3,0.0,-7
FIGHTING EAGLES NAGOYA,"Jamorko Pickett, Takaya Sasayama, Jeremy Jones, Ryuto Yasuoka, Narito Namizato","FIGHTING EAGLES NAGOYA|0,21,22,23,3",1,0.9,52.0,2,1,1,100.0,0,0,0,0,0,0,0,0,0,1,0,0,1,0,0,2.0,100.0,0.0,100.0,2.31,2
OSAKA EVESSA,"Rei Goda, Cyril Nesmith II, Matt Bonds, Kaisei Takahashi, Hayato Maki","OSAKA EVESSA|20,23,5,7,88",1,0.9,56.0,2,1,1,100.0,0,0,0,0,0,0,0,0,0,0,0,0,0,0,0,1.0,200.0,0.0,200.0,2.14,2
SHIMANE SUSANOO MAGIC,"Yuto Nohmi, Fumiya Iio, Muusa Dama, Nick Kay, Anthony Sho Sukegawa","SHIMANE SUSANOO MAGIC|21,22,25,4,7",1,0.9,56.0,0,0,1,0.0,0,0,0,0,0,0,0,0,0,0,0,0,0,0,2,1.0,0.0,200.0,-200.0,0.0,-2
HIROSHIMA DRAGONFLIES,"Toshiki Kamisawa, Dwayne Evans II, Nick Mayo, Kevin Hareyama, Christopher Smith","HIROSHIMA DRAGONFLIES|10,13,24,32,8",1,0.9,54.0,2,1,2,50.0,0,1,0.0,0,0,0,0,0,0,0,0,0,0,0,0,2.0,100.0,0.0,100.0,2.22,2
HIROSHIMA DRAGONFLIES,"Toshiki Kamisawa, Dwayne Evans II, Kofi Cockburn, Kevin Hareyama, Kaine Roberts","HIROSHIMA DRAGONFLIES|10,13,23,32,4",1,0.9,54.0,0,0,2,0.0,0,2,0.0,0,0,0,0,0,0,0,0,0,0,0,2,2.0,0.0,200.0,-200.0,0.0,-2
SAGA BALLOONERS,"Ryo Abe, Sori Uchio, David Dudzinski, Taiki Sumida, Ryota Inoue","SAGA BALLOONERS|13,18,23,25,34",1,0.9,56.0,0,0,1,0.0,0,0,0,0,0,0,0,0,0,1,0,0,1,0,5,2.0,0.0,150.6,-150.6,0.0,-5
YOKOHAMA B-CORSAIRS,"Kai King, Kaleb Tarczewski, Seiya Ando, Gakuto Arai, Gary Clark","YOKOHAMA B-CORSAIRS|23,25,3,6,8",1,0.9,54.0,3,1,3,33.3,1,3,33.3,0,0,0,0,0,0,0,0,0,0,0,2,3.0,100.0,200.0,-100.0,3.33,1
SEAHORSES MIKAWA,"Thomas Kennedy, Yudai Nishida, Aaron White, Avi Koki Schafer, Davante Gardner","SEAHORSES MIKAWA|1,19,30,32,54",1,0.9,54.0,2,1,1,100.0,0,0,0,0,0,0,0,0,0,1,0,0,0,0,3,1.0,200.0,100.0,100.0,2.22,-1
KOSHIGAYA ALPHAS,"Kai Sotto, Yuichi Ikeda, Yuya Kamata, Jordan Ngatai, Kai Sugawara","KOSHIGAYA ALPHAS|11,12,18,20,28",1,0.9,57.0,0,0,1,0.0,0,0,0,0,0,0,0,0,0,0,0,0,0,0,3,1.0,0.0,150.0,-150.0,0.0,-3
SHIGA LAKES,"Zach Auguste, Yosei Nishida, Junpei Iwashita, Ryan Kriener, Taiki Okada","SHIGA LAKES|0,14,2,4,6",1,0.9,57.0,3,1,2,50.0,0,1,0.0,1,1,100.0,0,0,0,0,0,0,0,0,1,2.4,123.0,53.2,69.8,3.16,2
HIROSHIMA DRAGONFLIES,"Ryo Terashima, Dwayne Evans II, Kofi Cockburn, Nick Mayo, Ryo Yamazaki","HIROSHIMA DRAGONFLIES|0,13,23,24,30",1,0.9,53.0,3,0,1,0.0,0,0,0,3,3,100.0,0,0,0,0,0,0,1,0,0,3.3,90.4,0.0,90.4,3.4,3
SAGA BALLOONERS,"Ryo Abe, Atsuki Kishida, Tanner Groves, David Dudzinski, Taiki Sumida","SAGA BALLOONERS|13,20,22,23,25",2,0.9,55.0,2,1,2,50.0,0,0,0,0,0,0,0,0,0,0,0,0,0,0,2,2.0,100.0,200.0,-100.0,2.18,0
OSAKA EVESSA,"Ray Parks Jr, Ryan Luther, Makoto Kinoshita, Matt Bonds, Hayato Maki","OSAKA EVESSA|1,11,31,5,88",1,0.9,57.0,0,0,1,0.0,0,1,0.0,0,0,0,0,0,0,0,0,0,1,0,2,2.0,0.0,200.0,-200.0,0.0,-2
KOSHIGAYA ALPHAS,"Kai Sotto, Jordan Ngatai, Kai Sugawara, Anthony Clemmons, Shun Matsuyama","KOSHIGAYA ALPHAS|11,20,28,5,7",1,0.9,55.0,2,1,2,50.0,0,1,0.0,0,0,0,0,0,0,0,0,0,0,0,0,2.0,100.0,0.0,100.0,2.18,2
LEVANGA HOKKAIDO,"Ren Shimatani, Dwight Ramos, Max Hisatake, Kevin Jones, Hiroto Kikuchi","LEVANGA HOKKAIDO|15,2,29,5,6",2,0.9,55.0,0,0,1,0.0,0,0,0,0,0,0,0,0,0,0,0,0,0,0,3,1.0,0.0,227.3,-227.3,0.0,-3
LEVANGA HOKKAIDO,"Shuto Ichiba, Dwight Ramos, Jahlil Okafor, Kaito Morizane, Kevin Jones","LEVANGA HOKKAIDO|12,2,22,34,5",1,0.9,54.0,5,1,1,100.0,1,1,100.0,2,2,100.0,0,0,0,1,0,0,0,0,0,1.9,266.0,0.0,266.0,5.56,5
AKITA NORTHERN HAPPINETS,"Teru Sugawara, Tsubasa Kurihara, Kanji Takahira, Angelo Chol, Alistair Tokio Tsuchiya","AKITA NORTHERN HAPPINETS|14,2,24,27,77",1,0.9,56.0,0,0,0,0,0,0,0,0,0,0,0,0,0,0,0,0,0,0,5,0.1,0.0,145.3,-145.3,0.0,-5
TOYAMA GROUSES,"Brock Motum, Haruaki Tanaka, Nyika Williams, Kazuki Miyamoto, Trey Kell","TOYAMA GROUSES|12,17,6,7,8",2,0.9,54.0,7,2,3,66.7,1,1,100.0,2,2,100.0,0,0,0,1,0,0,1,0,5,4.9,143.4,215.5,-72.1,7.78,2
SENDAI 89ERS,"Yusei Sugiura, Kazuma Okajima, Nathan Boothe, Seiya Funyu, Jarrett Culver","SENDAI 89ERS|14,3,45,7,8",1,0.9,52.0,1,0,1,0.0,0,0,0,1,1,100.0,0,0,0,0,0,0,0,0,0,1.4,69.4,0.0,69.4,1.15,1
SUNROCKERS SHIBUYA,"Donte Grantham, Keitaro Ohba, Troy Murphy Jr, Thomas Welsh, Leo Vendrame","SUNROCKERS SHIBUYA|1,18,4,40,9",2,0.9,52.0,3,1,3,33.3,0,2,0.0,1,1,100.0,0,0,0,1,0,0,0,0,2,3.4,87.2,200.0,-112.8,3.46,1
KYOTO HANNARYZ,"Charles Jackson, Ryunosuke Watanabe, Ira Brown, Jordan Heath, Shuma Nishibe","KYOTO HANNARYZ|10,16,33,35,7",1,0.9,56.0,3,1,1,100.0,0,0,0,1,1,100.0,0,0,0,1,0,0,0,0,2,1.4,208.3,100.0,108.3,3.21,1
KYOTO HANNARYZ,"Ryunosuke Watanabe, Ira Brown, Jordan Heath, Takatoshi Furukawa, Shuma Nishibe","KYOTO HANNARYZ|16,33,35,51,7",1,0.9,55.0,0,0,1,0.0,0,0,0,0,0,0,0,0,0,0,0,0,0,0,3,1.0,0.0,150.0,-150.0,0.0,-3
IBARAKI ROBOTS,"Robert Franks, Kento Akama, Eric Jacobsen, Noboru Hasegawa, Hayate Komasawa","IBARAKI ROBOTS|0,12,21,3,7",1,0.9,52.0,3,1,1,100.0,1,1,100.0,0,0,0,0,0,0,0,0,0,1,0,3,2.0,150.0,159.6,-9.6,3.46,0
YOKOHAMA B-CORSAIRS,"Kiefer Ravena, Kenta Morii, Maik Kotsar, Seiya Ando, Damien Inglis","YOKOHAMA B-CORSAIRS|15,18,21,3,4",1,0.9,53.0,3,1,1,100.0,1,1,100.0,0,2,0.0,0,0,0,1,0,0,0,0,0,1.9,159.6,0.0,159.6,3.4,3
SHIMANE SUSANOO MAGIC,"Taichi Nakamura, Yuto Nohmi, Muusa Dama, Nick Kay, Anthony Sho Sukegawa","SHIMANE SUSANOO MAGIC|11,21,25,4,7",1,0.9,55.0,0,0,0,0,0,0,0,0,0,0,0,0,0,0,0,0,0,0,5,0.1,0.0,266.0,-266.0,0.0,-5
TOYAMA GROUSES,"Matthew Aquino, Towa Izumi, Yoshiaki Fujinaga, Yannis Morin, Trey Kell","TOYAMA GROUSES|13,14,2,24,8",1,0.9,54.0,2,1,1,100.0,0,0,0,0,0,0,0,0,0,0,0,0,1,0,6,2.0,100.0,154.6,-54.6,2.22,-4
SHIGA LAKES,"Kohei Tsuneta, Thomas Wimbush, Takanori Tahara, Shintaro Ehara, Ryan Kriener","SHIGA LAKES|17,20,21,25,4",1,0.9,57.0,2,1,2,50.0,0,0,0,0,0,0,0,0,0,0,0,0,0,0,4,2.0,100.0,133.3,-33.3,2.11,-2
TOYAMA GROUSES,"Brock Motum, Yannis Morin, Daichi Kuzuhara, Yuzo Okada, Kazuki Miyamoto","TOYAMA GROUSES|12,24,25,3,7",1,0.9,52.0,0,0,1,0.0,0,1,0.0,0,0,0,0,0,0,0,0,0,0,0,1,1.0,0.0,75.8,-75.8,0.0,-1
ALVARK TOKYO,"Brandon Davies, Sebastian Saiz, Sota Okura, Kohei Fukuzawa, Shuto Ando","ALVARK TOKYO|0,11,2,25,9",1,0.9,53.0,3,1,1,100.0,1,1,100.0,0,0,0,0,0,0,0,0,0,1,0,2,2.0,150.0,100.0,50.0,3.4,1
LEVANGA HOKKAIDO,"Kohei Sekino, Shuto Ichiba, Max Hisatake, Keisei Tominaga, Kevin Jones","LEVANGA HOKKAIDO|1,12,29,30,5",1,0.9,56.0,7,2,2,100.0,1,1,100.0,2,2,100.0,0,0,0,1,0,0,0,0,2,2.9,243.1,106.4,136.7,7.5,5
ALVARK TOKYO,"Brandon Davies, Zack Baranski, Sota Okura, Kohei Fukuzawa, Shuto Ando","ALVARK TOKYO|0,10,2,25,9",1,0.9,57.0,2,0,0,0,0,0,0,2,2,100.0,0,0,0,1,0,0,0,0,5,0.9,227.3,128.9,98.4,2.11,-3
LEVANGA HOKKAIDO,"Shuto Ichiba, Ren Shimatani, Dwight Ramos, John Harrar, Max Hisatake","LEVANGA HOKKAIDO|12,15,2,21,29",1,0.9,52.0,1,0,2,0.0,0,1,0.0,1,2,50.0,0,0,0,0,0,0,0,0,1,2.9,34.7,113.6,-78.9,1.15,0
OSAKA EVESSA,"Ray Parks Jr, Tatsuya Suzuki, Matt Bonds, Volodymyr Gerun, Yoshiya Uematsu","OSAKA EVESSA|1,35,5,52,8",1,0.9,52.0,0,0,0,0,0,0,0,0,0,0,0,0,0,0,0,0,2,0,0,2.0,0.0,0.0,0.0,0.0,0
GUNMA CRANE THUNDERS,"Yuma Fujii, Koh Flippin, AJ Edu, Kenny Asano, Kazuki Hosokawa","GUNMA CRANE THUNDERS|0,1,15,16,29",1,0.9,57.0,2,1,1,100.0,0,0,0,0,0,0,0,0,0,0,0,0,1,0,4,2.0,100.0,138.9,-38.9,2.11,-2
NAGASAKI VELCA,"Ko Kumagai, Hayato Yamaguchi, Akil Mitchell, Hyunjung Lee, Jarrell Brantley","NAGASAKI VELCA|11,17,25,5,7",1,0.9,52.0,2,1,2,50.0,0,0,0,0,0,0,0,0,0,0,0,0,0,0,4,2.0,100.0,82.0,18.0,2.31,-2
ALVARK TOKYO,"Sebastian Saiz, Marcus Foster, Kohei Fukuzawa, Ira Brown, Taiki Osakabe","ALVARK TOKYO|11,17,25,33,75",1,0.8,50.0,0,0,0,0,0,0,0,0,0,0,0,0,0,0,0,0,0,0,3,0.1,0.0,150.0,-150.0,0.0,-3
HIROSHIMA DRAGONFLIES,"Dwayne Evans II, Kofi Cockburn, Tatsuya Ito, Ryo Yamazaki, Ryosei Sato","HIROSHIMA DRAGONFLIES|13,23,3,30,88",1,0.8,51.0,0,0,2,0.0,0,2,0.0,0,0,0,0,0,0,0,0,0,0,0,3,2.0,0.0,300.0,-300.0,0.0,-3
SEAHORSES MIKAWA,"Jake Layman, Ryogo Sumino, Yudai Nishida, Aaron White, Satoshi Nagano","SEAHORSES MIKAWA|10,18,19,30,7",1,0.8,47.0,0,0,1,0.0,0,0,0,0,0,0,0,0,0,0,0,0,0,0,1,1.0,0.0,53.2,-53.2,0.0,-1
LEVANGA HOKKAIDO,"Kohei Sekino, Kyosuke Hoshino, Jahlil Okafor, Keisei Tominaga, Kevin Jones","LEVANGA HOKKAIDO|1,14,22,30,5",1,0.8,49.0,0,0,2,0.0,0,1,0.0,0,0,0,0,0,0,0,0,0,0,0,0,2.0,0.0,0.0,0.0,0.0,0
LEVANGA HOKKAIDO,"Kohei Sekino, Kyosuke Hoshino, John Harrar, Keisei Tominaga, Kevin Jones","LEVANGA HOKKAIDO|1,14,21,30,5",1,0.8,45.0,0,0,3,0.0,0,1,0.0,0,0,0,0,0,0,0,0,0,0,0,0,3.0,0.0,0.0,0.0,0.0,0
NAGOYA DIAMOND DOLPHINS,"Alan Williams, Taketo Kato, Keita Imamura, Scott Eatherton, Isaiah Murphy","NAGOYA DIAMOND DOLPHINS|15,3,30,43,5",1,0.8,46.0,3,1,2,50.0,0,1,0.0,1,2,50.0,0,0,0,0,0,0,0,0,0,2.9,104.2,0.0,104.2,3.91,3
NAGOYA DIAMOND DOLPHINS,"Aaron Henry, Alan Williams, Taketo Kato, Kyle Richardson, Hiyuu Ozawa","NAGOYA DIAMOND DOLPHINS|11,15,3,34,4",1,0.8,48.0,2,1,3,33.3,0,1,0.0,0,0,0,0,0,0,0,0,0,0,0,2,3.0,66.7,100.0,-33.3,2.5,0
RYUKYU GOLDEN KINGS,"Keve Aluma, Ryuichi Kishimoto, Yoshiyuki Matsuwaki, Vic Law, Alex Kirk","RYUKYU GOLDEN KINGS|12,14,15,4,53",2,0.8,51.0,6,2,3,66.7,0,1,0.0,2,3,66.7,0,0,0,1,0,0,0,0,2,4.3,138.9,72.5,66.4,7.06,4
RYUKYU GOLDEN KINGS,"Yoshiyuki Matsuwaki, Koya Kobari, Vic Law, Jack Cooley, Ryo Sadohara","RYUKYU GOLDEN KINGS|15,2,4,45,8",1,0.8,47.0,0,0,0,0,0,0,0,0,0,0,0,0,0,0,0,0,0,0,3,0.1,0.0,159.6,-159.6,0.0,-3
SENDAI 89ERS,"Hirohide Araya, Boubacar Toure, Ryota Hanzawa, Jarrett Culver, Sergio El Darwich","SENDAI 89ERS|11,21,23,8,9",2,0.8,48.0,0,0,0,0,0,0,0,0,0,0,0,0,0,0,0,0,0,0,2,0.1,0.0,69.4,-69.4,0.0,-2
YOKOHAMA B-CORSAIRS,"Kanta Maeno, Kiefer Ravena, Hiroki Matsuzaki, Seiya Ando, Damien Inglis","YOKOHAMA B-CORSAIRS|10,15,24,3,4",1,0.8,50.0,0,0,0,0,0,0,0,0,0,0,0,0,0,2,0,0,1,0,5,1.0,0.0,250.0,-250.0,0.0,-5
AKITA NORTHERN HAPPINETS,"Yanni Wetzell, Tanner Leissner, Takuya Nakayama, Ali Mezher, Raita Akaho","AKITA NORTHERN HAPPINETS|10,15,17,22,6",1,0.8,45.0,0,0,2,0.0,0,0,0,0,0,0,0,0,0,0,0,0,0,0,0,2.0,0.0,0.0,0.0,0.0,0
KYOTO HANNARYZ,"Charles Jackson, Chehales Tapscott, Asato Ogawa, Mone Alex Hall, Takatoshi Furukawa","KYOTO HANNARYZ|10,11,12,39,51",1,0.8,49.0,2,1,2,50.0,0,0,0,0,0,0,0,0,0,0,0,0,0,0,2,2.0,100.0,200.0,-100.0,2.45,0
GUNMA CRANE THUNDERS,"Yuma Fujii, AJ Edu, Johannes Thiemann, Trey Jones, Takuto Nakamura","GUNMA CRANE THUNDERS|0,15,32,4,6",1,0.8,47.0,0,0,0,0,0,0,0,0,0,0,0,0,0,0,0,0,0,0,0,0.1,0.0,0.0,0.0,0.0,0
SENDAI 89ERS,"Ryota Hanzawa, Kazuma Okajima, Nathan Boothe, Jarrett Culver, Sergio El Darwich","SENDAI 89ERS|23,3,45,8,9",1,0.8,51.0,3,1,1,100.0,1,1,100.0,0,0,0,0,0,0,1,0,0,1,0,3,2.0,150.0,300.0,-150.0,3.53,0
IBARAKI ROBOTS,"Robert Franks, Genki Kojima, Kohei Nakamura, Eric Jacobsen, Jae-Min Yang","IBARAKI ROBOTS|0,1,13,21,9",1,0.8,47.0,0,0,0,0,0,0,0,0,0,0,0,0,0,0,0,0,1,0,3,1.0,0.0,150.0,-150.0,0.0,-3
SAGA BALLOONERS,"Ryo Abe, Kosuke Kanamaru, Tanner Groves, Taiki Sumida, Josh Harrellson","SAGA BALLOONERS|13,14,22,25,55",1,0.8,45.0,2,1,2,50.0,0,1,0.0,0,0,0,0,0,0,0,0,0,0,0,0,2.0,100.0,0.0,100.0,2.67,2
SUNROCKERS SHIBUYA,"Donte Grantham, Reiya Nozaki, Daiki Tanaka, Morihisa Yamauchi, Josh Hawkinson","SUNROCKERS SHIBUYA|1,12,13,32,8",1,0.8,48.0,2,1,1,100.0,0,0,0,0,0,0,0,0,0,1,0,0,1,0,2,2.0,100.0,200.0,-100.0,2.5,0
GUNMA CRANE THUNDERS,"Kazuki Hosokawa, Trey Jones, Takuto Nakamura, Kerry BlackshearJr, Naoto Tsuji","GUNMA CRANE THUNDERS|29,4,6,8,9",1,0.8,51.0,0,0,1,0.0,0,1,0.0,0,0,0,0,0,0,0,0,0,0,0,1,1.0,0.0,69.4,-69.4,0.0,-1
SAGA BALLOONERS,"Ryo Abe, Sori Uchio, David Dudzinski, Josh Harrellson, Chase Fieler","SAGA BALLOONERS|13,18,23,55,60",1,0.8,51.0,0,0,1,0.0,0,1,0.0,0,0,0,0,0,0,0,0,0,0,0,2,1.0,0.0,100.0,-100.0,0.0,-2
IBARAKI ROBOTS,"Genki Kojima, Eric Jacobsen, Keita Tsurumaki, Hayate Komasawa, Tyler Cook","IBARAKI ROBOTS|1,21,29,7,8",2,0.8,51.0,1,0,0,0,0,0,0,1,2,50.0,0,0,0,0,0,0,0,0,3,0.9,113.6,150.0,-36.4,1.18,-2
CHIBA JETS,"Yuta Watanabe, Ren Kanechika, John Mooney, Riku Segawa, Michael Ou","CHIBA JETS|1,12,33,5,7",1,0.8,45.0,3,1,2,50.0,0,0,0,1,1,100.0,0,0,0,1,0,0,0,0,2,2.4,123.0,200.0,-77.0,4.0,1
IBARAKI ROBOTS,"Ru Jingaoka, Kohei Nakamura, Eric Jacobsen, Keita Tsurumaki, Tyler Cook","IBARAKI ROBOTS|10,13,21,29,8",1,0.8,46.0,1,0,0,0,0,0,0,1,2,50.0,0,0,0,0,0,0,0,0,5,0.9,113.6,100.0,13.6,1.3,-4
UTSUNOMIYA BREX,"Jamel Mclean, Seiji Ikaruga, Isaac Fotu, Makoto Hiejima, Yusuke Endo","UTSUNOMIYA BREX|1,18,42,6,9",1,0.8,47.0,0,0,3,0.0,0,2,0.0,0,0,0,0,0,0,0,0,0,0,0,2,3.0,0.0,200.0,-200.0,0.0,-2
OSAKA EVESSA,"Ryan Luther, Rei Goda, Tatsuya Suzuki, Matt Bonds, Yoshiya Uematsu","OSAKA EVESSA|11,20,35,5,8",1,0.8,49.0,4,2,3,66.7,0,0,0,0,0,0,0,0,0,1,0,0,0,0,0,3.0,133.3,0.0,133.3,4.9,4
CHIBA JETS,"DJ Hogg, Ren Kanechika, Kenny Lawson Jr, Shuta Hara, Riku Segawa","CHIBA JETS|10,12,21,31,5",1,0.8,49.0,0,0,1,0.0,0,1,0.0,0,0,0,0,0,0,0,0,0,0,0,3,1.0,0.0,300.0,-300.0,0.0,-3
KOSHIGAYA ALPHAS,"Jarell Martin, Kai Sugawara, Kaito Shike, Anthony Clemmons, Hamiltongary Kotera","KOSHIGAYA ALPHAS|1,28,4,5,6",1,0.8,50.0,0,0,1,0.0,0,0,0,0,0,0,0,0,0,0,0,0,0,0,2,1.0,0.0,200.0,-200.0,0.0,-2
SAN-EN NEOPHOENIX,"Steve Zack, Hirotaka Yoshii, Dai Nemoto, Junior Kodama, Sota Oura","SAN-EN NEOPHOENIX|00,10,20,33,5",1,0.8,45.0,2,1,1,100.0,0,0,0,0,0,0,0,0,0,1,0,0,0,0,1,1.0,200.0,69.4,130.6,2.67,1
KOSHIGAYA ALPHAS,"Yuichi Ikeda, Yuya Kamata, Kaito Shike, Sekou Doumbouya, Anthony Clemmons","KOSHIGAYA ALPHAS|12,18,4,45,5",1,0.8,47.0,2,1,1,100.0,0,0,0,0,0,0,0,0,0,0,0,0,0,0,0,1.0,200.0,0.0,200.0,2.55,2
SAN-EN NEOPHOENIX,"Hirotaka Yoshii, Tshilidzi Kawata, Dai Nemoto, Jordan Dallas, Sota Oura","SAN-EN NEOPHOENIX|10,15,20,22,5",1,0.8,47.0,0,0,0,0,0,0,0,0,0,0,0,0,0,0,0,0,0,0,2,0.1,0.0,200.0,-200.0,0.0,-2
OSAKA EVESSA,"Ray Parks Jr, Ryan Luther, Joji Takeuchi, Yasunori Aoki, Matt Bonds","OSAKA EVESSA|1,11,15,4,5",1,0.8,45.0,3,0,0,0,0,0,0,3,4,75.0,0,0,0,0,0,0,0,0,2,1.8,170.5,40.0,130.5,4.0,1
ALVARK TOKYO,"Sebastian Saiz, FRANK KAMINSKY, Hiromu Nakamura, Taiki Osakabe, Shuto Ando","ALVARK TOKYO|11,44,5,75,9",1,0.8,49.0,3,1,2,50.0,1,2,50.0,0,0,0,0,0,0,1,0,0,0,0,3,2.0,150.0,300.0,-150.0,3.67,0
SAGA BALLOONERS,"Ryo Abe, Kosuke Kanamaru, Tanner Groves, Josh Harrellson, Chase Fieler","SAGA BALLOONERS|13,14,22,55,60",1,0.8,51.0,1,0,1,0.0,0,1,0.0,1,2,50.0,0,0,0,1,0,0,0,0,2,1.9,53.2,100.0,-46.8,1.18,-1
SUNROCKERS SHIBUYA,"Daiki Tanaka, Toyoshige Kano, John Lawrence Harper Jr, Andrew Randall, Josh Hawkinson","SUNROCKERS SHIBUYA|13,14,3,7,8",2,0.8,51.0,1,0,0,0,0,0,0,1,2,50.0,0,0,0,0,0,0,0,0,4,0.9,113.6,200.0,-86.4,1.18,-3
RYUKYU GOLDEN KINGS,"Shuto Sakihama, Masahiro Waki, Damyean Dotson, Jack Cooley, Ryo Sadohara","RYUKYU GOLDEN KINGS|17,18,21,45,8",1,0.8,45.0,3,1,1,100.0,1,1,100.0,0,0,0,0,0,0,1,0,0,0,0,1,1.0,300.0,227.3,72.7,4.0,2
KOSHIGAYA ALPHAS,"Takeru Oba, Kaito Shike, Anthony Clemmons, Hamiltongary Kotera, Joseph Diawara","KOSHIGAYA ALPHAS|14,4,5,6,8",1,0.8,49.0,1,0,0,0,0,0,0,1,2,50.0,0,0,0,1,0,0,0,0,0,0.9,113.6,0.0,113.6,1.22,1
SHIGA LAKES,"Zach Auguste, Higen Hasegawa, Ryan Kriener, Taiki Okada, Ai-Che Yu","SHIGA LAKES|0,34,4,6,7",1,0.8,46.0,0,0,1,0.0,0,1,0.0,0,0,0,0,0,0,0,0,0,0,0,1,1.0,0.0,113.6,-113.6,0.0,-1
OSAKA EVESSA,"Joji Takeuchi, Rei Goda, Joshua Smith, Yasunori Aoki, Hayato Maki","OSAKA EVESSA|15,20,34,4,88",1,0.8,48.0,0,0,0,0,0,0,0,0,0,0,0,0,0,1,0,0,0,0,1,0.1,0.0,69.4,-69.4,0.0,-1
IBARAKI ROBOTS,"Robert Franks, Ru Jingaoka, Kotaro Hisaoka, Eric Jacobsen, Hayate Komasawa","IBARAKI ROBOTS|0,10,14,21,7",1,0.8,46.0,2,1,1,100.0,0,0,0,0,0,0,0,0,0,1,0,0,0,0,2,1.0,200.0,200.0,0.0,2.61,0
KOSHIGAYA ALPHAS,"Jeffrey Parmer, Shuhei Kitagawa, Kaito Shike, Anthony Clemmons, Hamiltongary Kotera","KOSHIGAYA ALPHAS|21,31,4,5,6",1,0.8,49.0,0,0,2,0.0,0,2,0.0,0,0,0,0,0,0,0,0,0,0,0,2,2.0,0.0,200.0,-200.0,0.0,-2
NAGOYA DIAMOND DOLPHINS,"Taito Nakahigashi, Takumi Saito, Keita Imamura, Scott Eatherton, Tenketsu Harimoto","NAGOYA DIAMOND DOLPHINS|12,2,30,43,8",1,0.8,48.0,0,0,0,0,0,0,0,0,0,0,0,0,0,0,0,0,1,0,0,1.0,0.0,0.0,0.0,0.0,0
KYOTO HANNARYZ,"Asato Ogawa, Faraz Rashid, Angelo Caloiaro, Mone Alex Hall, Takatoshi Furukawa","KYOTO HANNARYZ|12,24,32,39,51",1,0.8,51.0,0,0,0,0,0,0,0,0,0,0,0,0,0,0,0,0,0,0,2,0.1,0.0,200.0,-200.0,0.0,-2
TOYAMA GROUSES,"Brock Motum, Haruaki Tanaka, Nyika Williams, Trey Kell, Takeshi Mito","TOYAMA GROUSES|12,17,6,8,9",1,0.8,48.0,0,0,2,0.0,0,1,0.0,0,0,0,0,0,0,0,0,0,0,0,0,2.0,0.0,0.0,0.0,0.0,0
SHIGA LAKES,"Zach Auguste, Daichi Nomoto, Thomas Wimbush, Taiki Okada, Ai-Che Yu","SHIGA LAKES|0,16,20,6,7",2,0.8,49.0,4,1,1,100.0,0,0,0,2,4,50.0,0,0,0,0,0,0,0,0,2,2.8,144.9,66.7,78.3,4.9,2
TOYAMA GROUSES,"Naoki Uto, Brock Motum, Haruaki Tanaka, Yuzo Okada, Trey Kell","TOYAMA GROUSES|11,12,17,3,8",3,0.8,45.0,1,0,0,0,0,0,0,1,2,50.0,0,0,0,1,0,0,0,0,3,0.9,113.6,300.0,-186.4,1.33,-2
HIROSHIMA DRAGONFLIES,"Toshiki Kamisawa, Ryu Watanabe, Kofi Cockburn, Keijiro Mitani, Christopher Smith","HIROSHIMA DRAGONFLIES|10,21,23,34,8",1,0.8,50.0,2,1,1,100.0,0,0,0,0,0,0,0,0,0,0,0,0,1,0,0,2.0,100.0,0.0,100.0,2.4,2
KAWASAKI BRAVE THUNDERS,"Shota Tsuyama, Dušan Ristić, Ryo Iida, Rosco Allen, Taiga Okada","KAWASAKI BRAVE THUNDERS|13,14,17,25,55",1,0.8,45.0,0,0,0,0,0,0,0,0,0,0,0,0,0,0,0,0,1,0,2,1.0,0.0,69.4,-69.4,0.0,-2
KAWASAKI BRAVE THUNDERS,"Dušan Ristić, Ryo Iida, Kanta Mizuno, Emanuel Terry, Ryusei Shinoyama","KAWASAKI BRAVE THUNDERS|14,17,3,5,7",1,0.8,45.0,5,2,2,100.0,1,1,100.0,0,0,0,0,0,0,1,0,0,0,0,0,2.0,250.0,0.0,250.0,6.67,5
KOSHIGAYA ALPHAS,"Jarell Martin, Takeru Oba, Yuya Kamata, Anthony Clemmons, Joseph Diawara","KOSHIGAYA ALPHAS|1,14,18,5,8",1,0.8,45.0,0,0,0,0,0,0,0,0,0,0,0,0,0,0,0,0,1,0,1,1.0,0.0,113.6,-113.6,0.0,-1
ALTIRI CHIBA,"Marial Shayok, Kei Sugimoto, Trey Porter, Naoya Kumagae, Luke Evans","ALTIRI CHIBA|1,11,22,27,33",1,0.8,47.0,0,0,2,0.0,0,0,0,0,0,0,0,0,0,0,0,0,0,0,0,2.0,0.0,0.0,0.0,0.0,0
TOYAMA GROUSES,"Naoki Uto, Brock Motum, Matthew Aquino, Yannis Morin, Takeshi Mito","TOYAMA GROUSES|11,12,13,24,9",1,0.8,47.0,1,0,1,0.0,0,1,0.0,1,2,50.0,0,0,0,1,0,0,0,0,5,1.9,53.2,250.0,-196.8,1.28,-4
SHIMANE SUSANOO MAGIC,"Coty Clarke, James Michael McAdoo, Yuto Nohmi, Fumiya Iio, Anthony Sho Sukegawa","SHIMANE SUSANOO MAGIC|1,14,21,22,7",2,0.8,45.0,0,0,0,0,0,0,0,0,0,0,0,0,0,0,0,0,0,0,0,0.1,0.0,0.0,0.0,0.0,0
AKITA NORTHERN HAPPINETS,"Jamel Mclean, Takuya Nakayama, Ali Mezher, Kanji Takahira, Alistair Tokio Tsuchiya","AKITA NORTHERN HAPPINETS|1,17,22,24,77",1,0.8,46.0,3,1,1,100.0,1,1,100.0,0,0,0,0,0,0,0,0,0,0,0,2,1.0,300.0,106.4,193.6,3.91,1
RYUKYU GOLDEN KINGS,"Shuto Sakihama, Damyean Dotson, Shota Onodera, Vic Law, Alex Kirk","RYUKYU GOLDEN KINGS|17,21,34,4,53",1,0.8,49.0,2,1,1,100.0,0,0,0,0,0,0,0,0,0,0,0,0,0,0,3,1.0,200.0,150.0,50.0,2.45,-1
CHIBA JETS,"Yuta Watanabe, DJ Hogg, Quentin Millora-Brown, Riku Segawa, Nassir Little","CHIBA JETS|1,10,42,5,8",1,0.8,48.0,0,0,0,0,0,0,0,0,0,0,0,0,0,0,0,0,1,0,5,1.0,0.0,250.0,-250.0,0.0,-5
NAGOYA DIAMOND DOLPHINS,"Alan Williams, Takumi Saito, Hiyuu Ozawa, Scott Eatherton, Isaiah Murphy","NAGOYA DIAMOND DOLPHINS|15,2,4,43,5",1,0.8,48.0,0,0,2,0.0,0,1,0.0,0,0,0,0,0,0,0,0,0,0,0,2,2.0,0.0,100.0,-100.0,0.0,-2
OSAKA EVESSA,"Ray Parks Jr, Ryan Luther, Cyril Nesmith II, Makoto Kinoshita, Kaisei Takahashi","OSAKA EVESSA|1,11,23,31,7",1,0.8,45.0,0,0,1,0.0,0,1,0.0,0,0,0,0,0,0,0,0,0,0,0,0,1.0,0.0,0.0,0.0,0.0,0
OSAKA EVESSA,"Ray Parks Jr, Ryan Luther, Matt Bonds, Kaisei Takahashi, Yoshiya Uematsu","OSAKA EVESSA|1,11,5,7,8",1,0.8,51.0,0,0,0,0,0,0,0,0,0,0,0,0,0,0,0,0,1,0,2,1.0,0.0,100.0,-100.0,0.0,-2
YOKOHAMA B-CORSAIRS,"Kai King, Hiroki Matsuzaki, Seiya Ando, Damien Inglis, Gary Clark","YOKOHAMA B-CORSAIRS|23,24,3,4,8",1,0.8,48.0,0,0,2,0.0,0,1,0.0,0,0,0,0,0,0,0,0,0,0,0,0,2.0,0.0,0.0,0.0,0.0,0
SHIGA LAKES,"Daichi Nomoto, Junpei Iwashita, Thomas Wimbush, Ryan Kriener, Ai-Che Yu","SHIGA LAKES|16,2,20,4,7",1,0.8,45.0,1,0,1,0.0,0,1,0.0,1,2,50.0,0,0,0,0,0,0,0,0,2,1.9,53.2,100.0,-46.8,1.33,-1
YOKOHAMA B-CORSAIRS,"Kaleb Tarczewski, Seiya Ando, Koya Sudo, Damien Inglis, Gakuto Arai","YOKOHAMA B-CORSAIRS|25,3,30,4,6",2,0.8,47.0,4,1,1,100.0,1,1,100.0,1,2,50.0,0,0,0,0,0,0,0,0,0,1.9,212.8,0.0,212.8,5.11,4
HIROSHIMA DRAGONFLIES,"Ryo Terashima, Dwayne Evans II, Kofi Cockburn, Ryo Yamazaki, Kaine Roberts","HIROSHIMA DRAGONFLIES|0,13,23,30,4",1,0.8,48.0,2,1,1,100.0,0,0,0,0,0,0,0,0,0,0,0,0,0,0,2,1.0,200.0,106.4,93.6,2.5,0
OSAKA EVESSA,"Ray Parks Jr, Joji Takeuchi, Makoto Kinoshita, Tatsuya Suzuki, Matt Bonds","OSAKA EVESSA|1,15,31,35,5",1,0.8,47.0,0,0,0,0,0,0,0,0,0,0,0,0,0,0,0,0,1,0,1,1.0,0.0,69.4,-69.4,0.0,-1
HIROSHIMA DRAGONFLIES,"Toshiki Kamisawa, Dwayne Evans II, Kofi Cockburn, Nick Mayo, Ryo Yamazaki","HIROSHIMA DRAGONFLIES|10,13,23,24,30",3,0.8,50.0,1,0,0,0,0,0,0,1,1,100.0,0,0,0,0,0,0,1,0,4,1.4,69.4,103.1,-33.6,1.2,-3
SUNROCKERS SHIBUYA,"Donte Grantham, Morihisa Yamauchi, Troy Murphy Jr, Thomas Welsh, Leo Vendrame","SUNROCKERS SHIBUYA|1,32,4,40,9",1,0.8,48.0,3,1,1,100.0,0,0,0,1,2,50.0,0,0,0,1,0,0,0,0,0,1.9,159.6,0.0,159.6,3.75,3
LEVANGA HOKKAIDO,"Ren Shimatani, Dwight Ramos, Max Hisatake, Kaito Morizane, Kevin Jones","LEVANGA HOKKAIDO|15,2,29,34,5",1,0.8,45.0,3,1,1,100.0,1,1,100.0,0,0,0,0,0,0,1,0,0,0,0,2,1.0,300.0,100.0,200.0,4.0,1
OSAKA EVESSA,"Ray Parks Jr, Tatsuya Suzuki, Matt Bonds, Volodymyr Gerun, Seiga Sakamoto","OSAKA EVESSA|1,35,5,52,60",1,0.8,51.0,2,0,1,0.0,0,1,0.0,2,2,100.0,0,0,0,0,0,0,1,0,3,2.9,69.4,300.0,-230.6,2.35,-1
CHIBA JETS,"Yuta Watanabe, DJ Hogg, Ren Kanechika, Shuta Hara, Nassir Little","CHIBA JETS|1,10,12,31,8",1,0.8,50.0,0,0,1,0.0,0,1,0.0,0,0,0,0,0,0,0,0,0,0,0,5,1.0,0.0,266.0,-266.0,0.0,-5
IBARAKI ROBOTS,"Robert Franks, Ru Jingaoka, Noboru Hasegawa, Tim Schneider, Hayate Komasawa","IBARAKI ROBOTS|0,10,3,30,7",2,0.8,47.0,4,1,2,50.0,1,1,100.0,1,2,50.0,0,0,0,0,0,0,0,0,3,2.9,138.9,150.0,-11.1,5.11,1
SHIMANE SUSANOO MAGIC,"Ryosuke Shirahama, Yuto Nohmi, Nick Kay, Shota Arai, Anthony Sho Sukegawa","SHIMANE SUSANOO MAGIC|15,21,4,5,7",1,0.8,48.0,0,0,2,0.0,0,2,0.0,0,0,0,0,0,0,0,0,0,1,0,2,3.0,0.0,200.0,-200.0,0.0,-2
TOYAMA GROUSES,"Brock Motum, Towa Izumi, Yoshiaki Fujinaga, Nyika Williams, Trey Kell","TOYAMA GROUSES|12,14,2,6,8",1,0.8,51.0,0,0,0,0,0,0,0,0,0,0,0,0,0,0,0,0,1,0,3,1.0,0.0,123.0,-123.0,0.0,-3
HIROSHIMA DRAGONFLIES,"Nick Mayo, Tatsuya Ito, Keijiro Mitani, Kaine Roberts, Christopher Smith","HIROSHIMA DRAGONFLIES|24,3,34,4,8",1,0.8,47.0,0,0,1,0.0,0,1,0.0,0,0,0,0,0,0,0,0,0,0,0,0,1.0,0.0,0.0,0.0,0.0,0
SENDAI 89ERS,"Hirohide Araya, Yusei Sugiura, Boubacar Toure, Kazuma Okajima, Sergio El Darwich","SENDAI 89ERS|11,14,21,3,9",1,0.8,46.0,0,0,1,0.0,0,0,0,0,0,0,0,0,0,0,0,0,0,0,3,1.0,0.0,300.0,-300.0,0.0,-3
AKITA NORTHERN HAPPINETS,"Yanni Wetzell, Taiyo Motoda, Teru Sugawara, Kanji Takahira, Keanu Pinder","AKITA NORTHERN HAPPINETS|10,12,14,24,25",1,0.8,48.0,2,1,1,100.0,0,0,0,0,0,0,0,0,0,1,0,0,0,0,0,1.0,200.0,0.0,200.0,2.5,2
TOYAMA GROUSES,"Yannis Morin, Daichi Kuzuhara, Yuzo Okada, Nyika Williams, Trey Kell","TOYAMA GROUSES|24,25,3,6,8",1,0.8,48.0,0,0,1,0.0,0,0,0,0,0,0,0,0,0,0,0,0,0,0,2,1.0,0.0,200.0,-200.0,0.0,-2
ALTIRI CHIBA,"Kei Sugimoto, Yuto Otsuka, Kotetsu Kurokawa, Luke Evans, Dererk Pardon","ALTIRI CHIBA|11,24,3,33,7",1,0.8,45.0,0,0,0,0,0,0,0,0,0,0,0,0,0,2,0,0,0,0,5,0.1,0.0,266.0,-266.0,0.0,-5
YOKOHAMA B-CORSAIRS,"Kiefer Ravena, Kenta Morii, Maik Kotsar, Kai King, Gary Clark","YOKOHAMA B-CORSAIRS|15,18,21,23,8",1,0.8,46.0,0,0,1,0.0,0,1,0.0,0,0,0,0,0,0,0,0,0,0,0,0,1.0,0.0,0.0,0.0,0.0,0
SEAHORSES MIKAWA,"Thomas Kennedy, Jake Layman, Yudai Nishida, Avi Koki Schafer, Satoshi Nagano","SEAHORSES MIKAWA|1,10,19,32,7",1,0.8,45.0,0,0,2,0.0,0,1,0.0,0,0,0,0,0,0,0,0,0,0,0,0,2.0,0.0,0.0,0.0,0.0,0
FIGHTING EAGLES NAGOYA,"Jamorko Pickett, Katsuki Hiramatsu, Ryuto Yasuoka, Andrew Randall, Tyrell Taku Sudo","FIGHTING EAGLES NAGOYA|0,12,23,33,6",1,0.8,49.0,0,0,1,0.0,0,0,0,0,0,0,0,0,0,0,0,0,1,0,2,2.0,0.0,200.0,-200.0,0.0,-2
B.BLACK,"Kotetsu Kurokawa, Seiya Ando, Keisei Tominaga, Isaac Fotu, Naoto Tsuji","B.BLACK|24,3,30,42,9",1,0.8,48.0,0,0,1,0.0,0,1,0.0,0,0,0,0,0,0,0,0,0,1,0,7,2.0,0.0,233.3,-233.3,0.0,-7
B.WHITE,"Yuta Watanabe, Ryuichi Kishimoto, Yudai Nishida, Yuta Okada, Koya Kawamata","B.WHITE|1,14,19,77,99",1,0.8,48.0,7,3,3,100.0,1,1,100.0,0,0,0,0,0,0,0,0,0,0,0,0,3.0,233.3,0.0,233.3,8.75,7
B.BLACK,"Keita Imamura, Keisei Tominaga, Gavin Edwards, Ryusei Shinoyama, Christopher Smith","B.BLACK|14,30,33,7,8",1,0.8,51.0,0,0,1,0.0,0,0,0,0,0,0,0,0,0,1,0,0,0,0,8,1.0,0.0,266.7,-266.7,0.0,-8
B.WHITE,"Zach Auguste, Yuta Watanabe, Daiki Tanaka, Yudai Baba, Josh Hawkinson","B.WHITE|0,1,13,18,8",1,0.8,51.0,3,1,2,50.0,1,2,50.0,0,0,0,0,0,0,0,0,0,0,0,0,2.0,150.0,0.0,150.0,3.53,3
SEAHORSES MIKAWA,"Thomas Kennedy, Yoshiaki Kubota, Yudai Nishida, Avi Koki Schafer, Davante Gardner","SEAHORSES MIKAWA|1,11,19,32,54",1,0.8,47.0,1,0,1,0.0,0,1,0.0,1,1,100.0,0,0,0,0,0,0,0,0,2,1.4,69.4,100.0,-30.6,1.28,-1
SEAHORSES MIKAWA,"Thomas Kennedy, Yoshiaki Kubota, Yutaro Suda, Yudai Nishida, Davante Gardner","SEAHORSES MIKAWA|1,11,13,19,54",1,0.8,46.0,0,0,1,0.0,0,0,0,0,0,0,0,0,0,0,0,0,0,0,1,1.0,0.0,53.2,-53.2,0.0,-1
ALVARK TOKYO,"Zack Baranski, Sebastian Saiz, Marcus Foster, Kohei Fukuzawa, Taiki Osakabe","ALVARK TOKYO|10,11,17,25,75",1,0.7,43.0,3,1,1,100.0,1,1,100.0,0,0,0,0,0,0,0,0,0,0,0,0,1.0,300.0,0.0,300.0,4.19,3
SUNROCKERS SHIBUYA,"Donte Grantham, Reiya Nozaki, Daiki Tanaka, John Lawrence Harper Jr, Thomas Welsh","SUNROCKERS SHIBUYA|1,12,13,3,40",2,0.7,40.0,3,1,2,50.0,1,2,50.0,0,0,0,0,0,0,1,0,0,0,0,3,2.0,150.0,300.0,-150.0,4.5,0
SEAHORSES MIKAWA,"Jake Layman, Yutaro Suda, Yudai Nishida, Aaron White, Satoshi Nagano","SEAHORSES MIKAWA|10,13,19,30,7",1,0.7,39.0,0,0,1,0.0,0,1,0.0,0,0,0,0,0,0,1,0,0,0,0,3,1.0,0.0,123.0,-123.0,0.0,-3
GUNMA CRANE THUNDERS,"Yuma Fujii, Kazuki Hosokawa, Johannes Thiemann, Takuto Nakamura, Kerry BlackshearJr","GUNMA CRANE THUNDERS|0,29,32,6,8",2,0.7,40.0,2,1,2,50.0,0,0,0,0,0,0,0,0,0,0,0,0,0,0,0,2.0,100.0,0.0,100.0,3.0,2
KYOTO HANNARYZ,"Charles Jackson, Hayato Kawashima, Leon Shibuta, Angelo Caloiaro, Takatoshi Furukawa","KYOTO HANNARYZ|10,15,3,32,51",1,0.7,43.0,0,0,1,0.0,0,0,0,0,0,0,0,0,0,0,0,0,0,0,0,1.0,0.0,0.0,0.0,0.0,0
SHIGA LAKES,"Daichi Nomoto, Kohei Tsuneta, Thomas Wimbush, Ryan Kriener, Taiki Okada","SHIGA LAKES|16,17,20,4,6",2,0.7,44.0,0,0,1,0.0,0,0,0,0,0,0,0,0,0,0,0,0,1,0,0,2.0,0.0,0.0,0.0,0.0,0
YOKOHAMA B-CORSAIRS,"Cameron Jackson, Kiefer Ravena, Seiya Ando, Koya Sudo, Gary Clark","YOKOHAMA B-CORSAIRS|11,15,3,30,8",1,0.7,40.0,2,1,1,100.0,0,0,0,0,0,0,0,0,0,0,0,0,0,0,3,1.0,200.0,300.0,-100.0,3.0,-1
CHIBA JETS,"Ren Kanechika, Yuki Togashi, Shuta Hara, John Mooney, Nassir Little","CHIBA JETS|12,2,31,33,8",1,0.7,39.0,3,1,3,33.3,1,2,50.0,0,0,0,0,0,0,0,0,0,0,0,0,3.0,100.0,0.0,100.0,4.62,3
AKITA NORTHERN HAPPINETS,"Taiyo Motoda, Tanner Leissner, Ali Mezher, Kanji Takahira, Keanu Pinder","AKITA NORTHERN HAPPINETS|12,15,22,24,25",1,0.7,43.0,0,0,0,0,0,0,0,0,0,0,0,0,0,0,0,0,1,0,0,1.0,0.0,0.0,0.0,0.0,0
LEVANGA HOKKAIDO,"Shuto Ichiba, Teruchika Naito, John Harrar, Jahlil Okafor, Kaito Morizane","LEVANGA HOKKAIDO|12,18,21,22,34",1,0.7,40.0,2,1,2,50.0,0,0,0,0,0,0,0,0,0,0,0,0,0,0,0,2.0,100.0,0.0,100.0,3.0,2
RYUKYU GOLDEN KINGS,"Hayate Arakawa, Yoshiyuki Matsuwaki, Koya Kobari, Vic Law, Alex Kirk","RYUKYU GOLDEN KINGS|10,15,2,4,53",1,0.7,44.0,0,0,1,0.0,0,1,0.0,0,0,0,0,0,0,0,0,0,0,0,2,1.0,0.0,69.4,-69.4,0.0,-2
SAN-EN NEOPHOENIX,"Yante Maten, Hirotaka Yoshii, Hayato Wakugawa, Darius Days, Sota Oura","SAN-EN NEOPHOENIX|1,10,14,4,5",1,0.7,42.0,4,2,4,50.0,0,1,0.0,0,0,0,0,0,0,0,0,0,0,0,4,4.0,100.0,109.9,-9.9,5.71,0
SEAHORSES MIKAWA,"Ryogo Sumino, Aaron White, Avi Koki Schafer, Davante Gardner, Satoshi Nagano","SEAHORSES MIKAWA|18,30,32,54,7",2,0.7,41.0,2,1,1,100.0,0,0,0,0,0,0,0,0,0,0,0,0,0,0,2,1.0,200.0,227.3,-27.3,2.93,0
YOKOHAMA B-CORSAIRS,"Kiefer Ravena, Kai King, Kaleb Tarczewski, Seiya Ando, Tatsumi Yu","YOKOHAMA B-CORSAIRS|15,23,25,3,51",1,0.7,39.0,0,0,0,0,0,0,0,0,0,0,0,0,0,0,0,0,1,0,5,1.0,0.0,266.0,-266.0,0.0,-5
OSAKA EVESSA,"Joji Takeuchi, Rei Goda, Makoto Kinoshita, Matt Bonds, Seiga Sakamoto","OSAKA EVESSA|15,20,31,5,60",1,0.7,42.0,3,1,1,100.0,0,0,0,1,1,100.0,0,0,0,1,0,0,0,0,0,1.4,208.3,0.0,208.3,4.29,3
IBARAKI ROBOTS,"Robert Franks, Genki Kojima, Kohei Nakamura, Eric Jacobsen, Hayate Komasawa","IBARAKI ROBOTS|0,1,13,21,7",2,0.7,44.0,0,0,2,0.0,0,2,0.0,0,0,0,0,0,0,1,0,0,0,0,5,2.0,0.0,156.2,-156.2,0.0,-5
OSAKA EVESSA,"Ray Parks Jr, Makoto Kinoshita, Yasunori Aoki, Matt Bonds, Yoshiya Uematsu","OSAKA EVESSA|1,31,4,5,8",1,0.7,42.0,0,0,0,0,0,0,0,0,0,0,0,0,0,2,0,0,0,0,2,0.1,0.0,200.0,-200.0,0.0,-2
YOKOHAMA B-CORSAIRS,"Kenta Morii, Hiroki Matsuzaki, Kaleb Tarczewski, Damien Inglis, Hiroki Taniguchi","YOKOHAMA B-CORSAIRS|18,24,25,4,7",1,0.7,42.0,0,0,2,0.0,0,2,0.0,0,0,0,0,0,0,0,0,0,0,0,3,2.0,0.0,300.0,-300.0,0.0,-3
TOYAMA GROUSES,"Naoki Uto, Brock Motum, Matthew Aquino, Yoshiaki Fujinaga, Trey Kell","TOYAMA GROUSES|11,12,13,2,8",1,0.7,42.0,3,1,1,100.0,1,1,100.0,0,0,0,0,0,0,0,0,0,0,0,0,1.0,300.0,0.0,300.0,4.29,3
ALTIRI CHIBA,"Yuta Osaki, Trey Porter, Kotetsu Kurokawa, Leon Watanabe, Dererk Pardon","ALTIRI CHIBA|16,22,3,42,7",1,0.7,44.0,0,0,0,0,0,0,0,0,0,0,0,0,0,1,0,0,0,0,5,0.1,0.0,250.0,-250.0,0.0,-5
ALTIRI CHIBA,"Kei Sugimoto, Trey Porter, Naoya Kumagae, Kotetsu Kurokawa, Dererk Pardon","ALTIRI CHIBA|11,22,27,3,7",1,0.7,41.0,0,0,1,0.0,0,0,0,0,0,0,0,0,0,0,0,0,0,0,2,1.0,0.0,200.0,-200.0,0.0,-2
KAWASAKI BRAVE THUNDERS,"Shota Tsuyama, Dušan Ristić, Roy Hideki Igwe, Jaheru Ryuto Yamauchi, Taiga Okada","KAWASAKI BRAVE THUNDERS|13,14,2,45,55",1,0.7,40.0,2,1,1,100.0,0,0,0,0,0,0,0,0,0,1,0,0,0,0,2,1.0,200.0,227.3,-27.3,3.0,0
KAWASAKI BRAVE THUNDERS,"Shota Tsuyama, Dušan Ristić, Jaheru Ryuto Yamauchi, Emanuel Terry, Taiga Okada","KAWASAKI BRAVE THUNDERS|13,14,45,5,55",1,0.7,44.0,0,0,1,0.0,0,1,0.0,0,0,0,0,0,0,0,0,0,0,0,0,1.0,0.0,0.0,0.0,0.0,0
IBARAKI ROBOTS,"Robert Franks, Kotaro Hisaoka, Eric Jacobsen, Keita Tsurumaki, Noboru Hasegawa","IBARAKI ROBOTS|0,14,21,29,3",2,0.7,43.0,3,0,0,0,0,0,0,3,6,50.0,0,0,0,0,0,0,0,0,0,2.6,113.6,0.0,113.6,4.19,3
KAWASAKI BRAVE THUNDERS,"Kengo Nomoto, Ryo Iida, Jaheru Ryuto Yamauchi, Emanuel Terry, Ryusei Shinoyama","KAWASAKI BRAVE THUNDERS|10,17,45,5,7",1,0.7,39.0,3,0,1,0.0,0,0,0,3,3,100.0,0,0,0,0,0,0,0,0,2,2.3,129.3,106.4,22.9,4.62,1
SAN-EN NEOPHOENIX,"Hideya Asai, David Nwaba, Ryusei Sasaki, Kazuma Tsuya, Cameron Jackson","SAN-EN NEOPHOENIX|11,2,24,28,7",1,0.7,41.0,2,1,2,50.0,0,0,0,0,0,0,0,0,0,0,0,0,0,0,0,2.0,100.0,0.0,100.0,2.93,2
SAN-EN NEOPHOENIX,"Hideya Asai, Junior Kodama, Darius Days, Sota Oura, Cameron Jackson","SAN-EN NEOPHOENIX|11,33,4,5,7",1,0.7,39.0,1,0,0,0,0,0,0,1,2,50.0,0,0,0,0,0,0,0,0,0,0.9,113.6,0.0,113.6,1.54,1
SAN-EN NEOPHOENIX,"Hideya Asai, David Nwaba, Ryusei Sasaki, Kazuma Tsuya, Darius Days","SAN-EN NEOPHOENIX|11,2,24,28,4",1,0.7,44.0,2,1,1,100.0,0,0,0,0,0,0,0,0,0,1,0,0,0,0,3,1.0,200.0,159.6,40.4,2.73,-1
OSAKA EVESSA,"Ryan Luther, Rei Goda, Volodymyr Gerun, Seiga Sakamoto, Hayato Maki","OSAKA EVESSA|11,20,52,60,88",1,0.7,42.0,0,0,0,0,0,0,0,0,0,0,0,0,0,0,0,0,1,0,4,1.0,0.0,200.0,-200.0,0.0,-4
IBARAKI ROBOTS,"Ru Jingaoka, Eric Jacobsen, Keita Tsurumaki, Noboru Hasegawa, Jae-Min Yang","IBARAKI ROBOTS|10,21,29,3,9",2,0.7,43.0,3,1,3,33.3,0,2,0.0,1,1,100.0,0,0,0,0,0,0,0,0,0,3.4,87.2,0.0,87.2,4.19,3
KAWASAKI BRAVE THUNDERS,"Omar Jamaleddine, Dušan Ristić, Ryo Iida, Rosco Allen, Taiga Okada","KAWASAKI BRAVE THUNDERS|1,14,17,25,55",1,0.7,43.0,3,1,1,100.0,1,1,100.0,0,0,0,0,0,0,0,0,0,0,0,0,1.0,300.0,0.0,300.0,4.19,3
TOYAMA GROUSES,"Brock Motum, Matthew Aquino, Haruaki Tanaka, Yannis Morin, Yuzo Okada","TOYAMA GROUSES|12,13,17,24,3",1,0.7,42.0,2,1,1,100.0,0,0,0,0,0,0,0,0,0,1,0,0,0,0,5,1.0,200.0,173.6,26.4,2.86,-3
IBARAKI ROBOTS,"Ru Jingaoka, Kotaro Hisaoka, Eric Jacobsen, Keita Tsurumaki, Jae-Min Yang","IBARAKI ROBOTS|10,14,21,29,9",1,0.7,43.0,0,0,0,0,0,0,0,0,0,0,0,0,0,0,0,0,0,0,0,0.1,0.0,0.0,0.0,0.0,0
SHIMANE SUSANOO MAGIC,"Coty Clarke, Taichi Nakamura, Yuto Nohmi, Hiryu Okamoto, Nick Kay","SHIMANE SUSANOO MAGIC|1,11,21,24,4",1,0.7,44.0,2,1,2,50.0,0,0,0,0,0,0,0,0,0,0,0,0,0,0,0,2.0,100.0,0.0,100.0,2.73,2
NAGASAKI VELCA,"Kenji leon Matsumoto, Ko Kumagai, Stanley Johnson, Hyunjung Lee, Jarrell Brantley","NAGASAKI VELCA|1,11,14,5,7",1,0.7,44.0,0,0,1,0.0,0,0,0,0,0,0,0,0,0,0,0,0,0,0,2,1.0,0.0,100.0,-100.0,0.0,-2
SHIMANE SUSANOO MAGIC,"Coty Clarke, Taichi Nakamura, Hiryu Okamoto, Nick Kay, Yuta Okada","SHIMANE SUSANOO MAGIC|1,11,24,4,77",1,0.7,39.0,5,2,2,100.0,1,1,100.0,0,0,0,0,0,0,0,0,0,0,0,0,2.0,250.0,0.0,250.0,7.69,5
OSAKA EVESSA,"Ray Parks Jr, Ryan Luther, Joshua Smith, Seiga Sakamoto, Hayato Maki","OSAKA EVESSA|1,11,34,60,88",1,0.7,39.0,0,0,0,0,0,0,0,0,0,0,0,0,0,1,0,0,1,0,2,1.0,0.0,100.0,-100.0,0.0,-2
SHIGA LAKES,"Zach Auguste, Daichi Nomoto, Thomas Wimbush, Higen Hasegawa, Taiki Okada","SHIGA LAKES|0,16,20,34,6",1,0.7,43.0,0,0,1,0.0,0,1,0.0,0,0,0,0,0,0,0,0,0,0,0,1,1.0,0.0,113.6,-113.6,0.0,-1
SHIGA LAKES,"Zach Auguste, Thomas Wimbush, Takanori Tahara, Shintaro Ehara, Ai-Che Yu","SHIGA LAKES|0,20,21,25,7",1,0.7,41.0,0,0,1,0.0,0,1,0.0,0,0,0,0,0,0,0,0,0,0,0,6,1.0,0.0,300.0,-300.0,0.0,-6
NAGASAKI VELCA,"Kenji leon Matsumoto, Ko Kumagai, Stanley Johnson, Yudai Baba, Jarrell Brantley","NAGASAKI VELCA|1,11,14,18,7",2,0.7,41.0,0,0,0,0,0,0,0,0,0,0,0,0,0,0,0,0,0,0,0,0.1,0.0,0.0,0.0,0.0,0
KAWASAKI BRAVE THUNDERS,"Omar Jamaleddine, Dušan Ristić, Ryo Iida, Rosco Allen, Ryusei Shinoyama","KAWASAKI BRAVE THUNDERS|1,14,17,25,7",1,0.7,39.0,0,0,0,0,0,0,0,0,0,0,0,0,0,0,0,0,0,0,2,0.1,0.0,66.7,-66.7,0.0,-2
ALVARK TOKYO,"Zack Baranski, Sebastian Saiz, Kai Toews, Chase Fieler, Taiki Osakabe","ALVARK TOKYO|10,11,3,60,75",1,0.7,43.0,2,1,2,50.0,0,0,0,0,0,0,0,0,0,0,0,0,0,0,0,2.0,100.0,0.0,100.0,2.79,2
KOSHIGAYA ALPHAS,"Yuya Kamata, Jeffrey Parmer, Shuhei Kitagawa, Anthony Clemmons, Shun Matsuyama","KOSHIGAYA ALPHAS|18,21,31,5,7",1,0.7,40.0,0,0,1,0.0,0,1,0.0,0,0,0,0,0,0,0,0,0,0,0,1,1.0,0.0,69.4,-69.4,0.0,-1
ALVARK TOKYO,"Zack Baranski, Sebastian Saiz, Chase Fieler, Taiki Osakabe, Shuto Ando","ALVARK TOKYO|10,11,60,75,9",3,0.7,42.0,0,0,0,0,0,0,0,0,0,0,0,0,0,0,0,0,0,0,0,0.1,0.0,0.0,0.0,0.0,0
SAGA BALLOONERS,"Reynaldo Garcia, Toshiki Tomiyama, Tanner Groves, Taiki Sumida, Rui Todoroki","SAGA BALLOONERS|2,21,22,25,8",1,0.7,43.0,4,2,2,100.0,0,0,0,0,0,0,0,0,0,0,0,0,0,0,0,2.0,200.0,0.0,200.0,5.58,4
AKITA NORTHERN HAPPINETS,"Yanni Wetzell, Taiyo Motoda, Teru Sugawara, Takuya Nakayama, Alistair Tokio Tsuchiya","AKITA NORTHERN HAPPINETS|10,12,14,17,77",1,0.7,40.0,0,0,0,0,0,0,0,0,0,0,0,0,0,1,0,0,0,0,4,0.1,0.0,172.4,-172.4,0.0,-4
KOSHIGAYA ALPHAS,"Jarell Martin, Takeru Oba, Shun Matsuyama, Joseph Diawara, Davon Reed","KOSHIGAYA ALPHAS|1,14,7,8,9",1,0.7,42.0,0,0,0,0,0,0,0,0,0,0,0,0,0,0,0,0,0,0,2,0.1,0.0,100.0,-100.0,0.0,-2
SHIMANE SUSANOO MAGIC,"Coty Clarke, Ryosuke Shirahama, Yuto Nohmi, Nick Kay, Yuta Okada","SHIMANE SUSANOO MAGIC|1,15,21,4,77",1,0.7,43.0,0,0,1,0.0,0,1,0.0,0,0,0,0,0,0,0,0,0,0,0,0,1.0,0.0,0.0,0.0,0.0,0
AKITA NORTHERN HAPPINETS,"Haruki Naito, Eijiro Ogawa, Teru Sugawara, Kanji Takahira, Keanu Pinder","AKITA NORTHERN HAPPINETS|11,13,14,24,25",1,0.7,39.0,2,1,2,50.0,0,1,0.0,0,0,0,0,0,0,0,0,0,0,0,1,2.0,100.0,113.6,-13.6,3.08,1
SUNROCKERS SHIBUYA,"Donte Grantham, Daiki Tanaka, John Lawrence Harper Jr, Troy Murphy Jr, Thomas Welsh","SUNROCKERS SHIBUYA|1,13,3,4,40",1,0.7,43.0,2,1,2,50.0,0,1,0.0,0,0,0,0,0,0,0,0,0,0,0,0,2.0,100.0,0.0,100.0,2.79,2
SUNROCKERS SHIBUYA,"Didi Louzada, Daiki Tanaka, Toyoshige Kano, Josh Hawkinson, Leo Vendrame","SUNROCKERS SHIBUYA|0,13,14,8,9",1,0.7,42.0,3,1,2,50.0,1,2,50.0,0,0,0,0,0,0,0,0,0,0,0,2,2.0,150.0,66.7,83.3,4.29,1
KOSHIGAYA ALPHAS,"Kai Sotto, Yuichi Ikeda, Kai Sugawara, Anthony Clemmons, Joseph Diawara","KOSHIGAYA ALPHAS|11,12,28,5,8",1,0.7,43.0,2,1,1,100.0,0,0,0,0,0,0,0,0,0,0,0,0,1,0,0,2.0,100.0,0.0,100.0,2.79,2
KOSHIGAYA ALPHAS,"Kai Sotto, Yuichi Ikeda, Yuya Kamata, Kai Sugawara, Anthony Clemmons","KOSHIGAYA ALPHAS|11,12,18,28,5",1,0.7,42.0,3,1,2,50.0,1,2,50.0,0,0,0,0,0,0,0,0,0,0,0,1,2.0,150.0,41.0,109.0,4.29,2
SAN-EN NEOPHOENIX,"Yante Maten, Ryusei Sasaki, Kazuma Tsuya, Sota Oura, Cameron Jackson","SAN-EN NEOPHOENIX|1,24,28,5,7",1,0.7,43.0,2,1,1,100.0,0,0,0,0,0,0,0,0,0,1,0,0,0,0,0,1.0,200.0,0.0,200.0,2.79,2
AKITA NORTHERN HAPPINETS,"Yanni Wetzell, Teru Sugawara, Takuya Nakayama, Tsubasa Kurihara, Alistair Tokio Tsuchiya","AKITA NORTHERN HAPPINETS|10,14,17,2,77",1,0.7,43.0,0,0,1,0.0,0,1,0.0,0,0,0,0,0,0,0,0,0,0,0,2,1.0,0.0,100.0,-100.0,0.0,-2
ALTIRI CHIBA,"Kei Sugimoto, Yuta Osaki, Trey Porter, Luke Evans, Leon Watanabe","ALTIRI CHIBA|11,16,22,33,42",1,0.7,41.0,2,1,2,50.0,0,0,0,0,0,0,0,0,0,0,0,0,1,0,0,3.0,66.7,0.0,66.7,2.93,2
ALTIRI CHIBA,"Kei Sugimoto, Yuta Osaki, Luke Evans, Leon Watanabe, Dererk Pardon","ALTIRI CHIBA|11,16,33,42,7",1,0.7,41.0,4,1,1,100.0,1,1,100.0,1,1,100.0,0,0,0,0,0,0,0,0,0,1.4,277.8,0.0,277.8,5.85,4
SAGA BALLOONERS,"Sori Uchio, Atsuki Kishida, Tanner Groves, David Dudzinski, Ryota Inoue","SAGA BALLOONERS|18,20,22,23,34",1,0.7,41.0,0,0,0,0,0,0,0,0,0,0,0,0,0,1,0,0,0,0,3,0.1,0.0,150.0,-150.0,0.0,-3
SHIMANE SUSANOO MAGIC,"James Michael McAdoo, Yuto Nohmi, Fumiya Iio, Nick Kay, Shota Arai","SHIMANE SUSANOO MAGIC|14,21,22,4,5",1,0.7,44.0,0,0,1,0.0,0,0,0,0,0,0,0,0,0,0,0,0,0,0,4,1.0,0.0,133.3,-133.3,0.0,-4
RYUKYU GOLDEN KINGS,"Ryuichi Kishimoto, Shota Onodera, Vic Law, Jack Cooley, Alex Kirk","RYUKYU GOLDEN KINGS|14,34,4,45,53",2,0.7,43.0,2,1,2,50.0,0,0,0,0,0,0,0,0,0,0,0,0,2,0,5,4.0,50.0,189.4,-139.4,2.79,-3
SHIGA LAKES,"Zach Auguste, Daichi Nomoto, Kohei Tsuneta, Junpei Iwashita, Ryan Kriener","SHIGA LAKES|0,16,17,2,4",1,0.7,44.0,3,1,2,50.0,0,1,0.0,1,1,100.0,0,0,0,0,0,0,0,0,0,2.4,123.0,0.0,123.0,4.09,3
NAGOYA DIAMOND DOLPHINS,"Aaron Henry, Taito Nakahigashi, Takumi Saito, Scott Eatherton, Isaiah Murphy","NAGOYA DIAMOND DOLPHINS|11,12,2,43,5",2,0.7,39.0,0,0,1,0.0,0,1,0.0,0,0,0,0,0,0,0,0,0,0,0,7,1.0,0.0,128.7,-128.7,0.0,-7
ALTIRI CHIBA,"Marial Shayok, Yuta Osaki, Kotetsu Kurokawa, Luke Evans, Dererk Pardon","ALTIRI CHIBA|1,16,3,33,7",1,0.7,43.0,0,0,0,0,0,0,0,0,0,0,0,0,0,0,0,0,1,0,0,1.0,0.0,0.0,0.0,0.0,0
OSAKA EVESSA,"Joji Takeuchi, Tatsuya Suzuki, Matt Bonds, Volodymyr Gerun, Hayato Maki","OSAKA EVESSA|15,35,5,52,88",1,0.7,43.0,0,0,1,0.0,0,1,0.0,0,0,0,0,0,0,0,0,0,0,0,3,1.0,0.0,150.0,-150.0,0.0,-3
KOSHIGAYA ALPHAS,"Kai Sotto, Yuichi Ikeda, Kai Sugawara, Sekou Doumbouya, Anthony Clemmons","KOSHIGAYA ALPHAS|11,12,28,45,5",1,0.7,41.0,0,0,1,0.0,0,1,0.0,0,0,0,0,0,0,0,0,0,0,0,5,1.0,0.0,166.7,-166.7,0.0,-5
SHIMANE SUSANOO MAGIC,"Coty Clarke, Ryosuke Shirahama, Yuto Nohmi, Fumiya Iio, Muusa Dama","SHIMANE SUSANOO MAGIC|1,15,21,22,25",1,0.7,42.0,2,1,1,100.0,0,0,0,0,0,0,0,0,0,0,0,0,0,0,3,1.0,200.0,159.6,40.4,2.86,-1
TOYAMA GROUSES,"Haruaki Tanaka, Yannis Morin, Daichi Kuzuhara, Nyika Williams, Trey Kell","TOYAMA GROUSES|17,24,25,6,8",1,0.7,43.0,2,1,1,100.0,0,0,0,0,0,0,0,0,0,1,0,0,1,0,4,2.0,100.0,200.0,-100.0,2.79,-2
KYOTO HANNARYZ,"Charles Jackson, Asato Ogawa, Jordan Heath, Mone Alex Hall, Takatoshi Furukawa","KYOTO HANNARYZ|10,12,35,39,51",1,0.7,41.0,0,0,1,0.0,0,1,0.0,0,0,0,0,0,0,0,0,0,0,0,3,1.0,0.0,150.0,-150.0,0.0,-3
KAWASAKI BRAVE THUNDERS,"Dušan Ristić, Ryo Iida, Rosco Allen, Jaheru Ryuto Yamauchi, Taiga Okada","KAWASAKI BRAVE THUNDERS|14,17,25,45,55",1,0.7,41.0,0,0,0,0,0,0,0,0,0,0,0,0,0,0,0,0,1,0,0,1.0,0.0,0.0,0.0,0.0,0
KYOTO HANNARYZ,"Charles Jackson, Satoru Maeta, Ryunosuke Watanabe, Angelo Caloiaro, Takatoshi Furukawa","KYOTO HANNARYZ|10,13,16,32,51",1,0.7,40.0,2,1,1,100.0,0,0,0,0,0,0,0,0,0,1,0,0,0,0,0,1.0,200.0,0.0,200.0,3.0,2
ALVARK TOKYO,"Brandon Davies, Sota Okura, Gen Hiraiwa, Kohei Fukuzawa, Shuto Ando","ALVARK TOKYO|0,2,21,25,9",1,0.7,42.0,2,0,0,0,0,0,0,2,2,100.0,0,0,0,0,0,0,1,0,2,1.9,106.4,200.0,-93.6,2.86,0
LEVANGA HOKKAIDO,"Kohei Sekino, Ren Shimatani, Max Hisatake, Keisei Tominaga, Kevin Jones","LEVANGA HOKKAIDO|1,15,29,30,5",1,0.7,39.0,0,0,2,0.0,0,1,0.0,0,0,0,0,0,0,0,0,0,0,0,2,2.0,0.0,227.3,-227.3,0.0,-2
OSAKA EVESSA,"Ray Parks Jr, Makoto Kinoshita, Matt Bonds, Volodymyr Gerun, Yoshiya Uematsu","OSAKA EVESSA|1,31,5,52,8",1,0.7,44.0,2,1,1,100.0,0,0,0,0,0,0,0,0,0,0,0,0,0,0,0,1.0,200.0,0.0,200.0,2.73,2
OSAKA EVESSA,"Tatsuya Suzuki, Yasunori Aoki, Matt Bonds, Volodymyr Gerun, Yoshiya Uematsu","OSAKA EVESSA|35,4,5,52,8",1,0.7,41.0,2,0,0,0,0,0,0,2,2,100.0,0,0,0,0,0,0,0,0,3,0.9,227.3,150.0,77.3,2.93,-1
YOKOHAMA B-CORSAIRS,"Maik Kotsar, Hiroki Matsuzaki, Seiya Ando, Koya Sudo, Gary Clark","YOKOHAMA B-CORSAIRS|21,24,3,30,8",1,0.7,42.0,2,0,0,0,0,0,0,2,2,100.0,0,0,0,1,0,0,0,0,0,0.9,227.3,0.0,227.3,2.86,2
NAGOYA DIAMOND DOLPHINS,"Aaron Henry, Takuma Sato, Alan Williams, Takumi Saito, Keita Imamura","NAGOYA DIAMOND DOLPHINS|11,14,15,2,30",1,0.7,44.0,5,1,3,33.3,0,0,0,3,3,100.0,0,0,0,1,0,0,0,0,0,4.3,115.7,0.0,115.7,6.82,5
CHIBA JETS,"Yuta Watanabe, Garrison Brooks, Shuta Hara, Naoki Tashiro, Nassir Little","CHIBA JETS|1,15,31,4,8",1,0.7,41.0,1,0,0,0,0,0,0,1,1,100.0,0,0,0,1,0,0,1,0,2,1.4,69.4,100.0,-30.6,1.46,-1
SENDAI 89ERS,"Boubacar Toure, Ryota Hanzawa, Kazuma Okajima, Jarrett Culver, Sergio El Darwich","SENDAI 89ERS|21,23,3,8,9",1,0.6,33.0,0,0,0,0,0,0,0,0,0,0,0,0,0,0,0,0,1,0,2,1.0,0.0,200.0,-200.0,0.0,-2
CHIBA JETS,"Yuta Watanabe, DJ Hogg, Shuta Hara, John Mooney, Naoki Tashiro","CHIBA JETS|1,10,31,33,4",2,0.6,33.0,6,0,0,0,0,0,0,6,6,100.0,0,0,0,0,0,0,1,0,0,3.6,164.8,0.0,164.8,10.91,6
NAGOYA DIAMOND DOLPHINS,"Aaron Henry, Takumi Saito, Scott Eatherton, Isaiah Murphy, Tenketsu Harimoto","NAGOYA DIAMOND DOLPHINS|11,2,43,5,8",1,0.6,38.0,0,0,1,0.0,0,0,0,0,0,0,0,0,0,0,0,0,0,0,2,1.0,0.0,100.0,-100.0,0.0,-2
KYOTO HANNARYZ,"Charles Jackson, Hayato Kawashima, Ryunosuke Watanabe, Angelo Caloiaro, Takatoshi Furukawa","KYOTO HANNARYZ|10,15,16,32,51",1,0.6,38.0,0,0,1,0.0,0,1,0.0,0,0,0,0,0,0,0,0,0,0,0,2,1.0,0.0,200.0,-200.0,0.0,-2
KYOTO HANNARYZ,"Satoru Maeta, Hayato Kawashima, Leon Shibuta, Angelo Caloiaro, Jordan Heath","KYOTO HANNARYZ|13,15,3,32,35",1,0.6,34.0,0,0,0,0,0,0,0,0,0,0,0,0,0,0,0,0,0,0,3,0.1,0.0,150.0,-150.0,0.0,-3
GUNMA CRANE THUNDERS,"Koh Flippin, AJ Edu, Kazuki Hosokawa, Trey Jones, Naoto Tsuji","GUNMA CRANE THUNDERS|1,15,29,4,9",1,0.6,36.0,0,0,1,0.0,0,1,0.0,0,0,0,0,0,0,0,0,0,0,0,4,1.0,0.0,133.3,-133.3,0.0,-4
CHIBA JETS,"Ren Kanechika, John Mooney, Naoki Tashiro, Riku Segawa, Nassir Little","CHIBA JETS|12,33,4,5,8",1,0.6,36.0,0,0,1,0.0,0,1,0.0,0,0,0,0,0,0,0,0,0,0,0,1,1.0,0.0,227.3,-227.3,0.0,-1
SAN-EN NEOPHOENIX,"Hirotaka Yoshii, Tshilidzi Kawata, David Nwaba, Darius Days, Sota Oura","SAN-EN NEOPHOENIX|10,15,2,4,5",2,0.6,34.0,0,0,0,0,0,0,0,0,0,0,0,0,0,1,0,0,0,0,3,0.1,0.0,300.0,-300.0,0.0,-3
AKITA NORTHERN HAPPINETS,"Yanni Wetzell, Teru Sugawara, Keanu Pinder, Shigehiro Taguchi, Raita Akaho","AKITA NORTHERN HAPPINETS|10,14,25,5,6",1,0.6,35.0,0,0,0,0,0,0,0,0,0,0,0,0,0,0,0,0,1,0,2,1.0,0.0,100.0,-100.0,0.0,-2
SHIGA LAKES,"Daichi Nomoto, Kohei Tsuneta, Thomas Wimbush, Shintaro Ehara, Ryan Kriener","SHIGA LAKES|16,17,20,25,4",1,0.6,35.0,6,2,2,100.0,2,2,100.0,0,0,0,0,0,0,1,0,0,0,0,2,2.0,300.0,100.0,200.0,10.29,4
FIGHTING EAGLES NAGOYA,"Jamorko Pickett, Katsuki Hiramatsu, Francis Lopez, Jeremy Jones, Tyrell Taku Sudo","FIGHTING EAGLES NAGOYA|0,12,20,22,6",2,0.6,36.0,0,0,1,0.0,0,1,0.0,0,0,0,0,0,0,0,0,0,0,0,4,1.0,0.0,200.0,-200.0,0.0,-4
UTSUNOMIYA BREX,"Kosuke Takeuchi, DJ Newbill, Gavin Edwards, Isaac Fotu, Makoto Hiejima","UTSUNOMIYA BREX|10,25,33,42,6",1,0.6,38.0,3,1,2,50.0,1,1,100.0,0,0,0,0,0,0,0,0,0,1,0,0,3.0,100.0,0.0,100.0,4.74,3
LEVANGA HOKKAIDO,"Kohei Sekino, Shuto Ichiba, Dwight Ramos, Jahlil Okafor, Kevin Jones","LEVANGA HOKKAIDO|1,12,2,22,5",6,0.6,37.0,6,1,2,50.0,0,0,0,4,5,80.0,0,0,0,0,0,0,0,0,0,4.2,142.9,0.0,142.9,9.73,6
KOSHIGAYA ALPHAS,"Jarell Martin, Shuhei Kitagawa, Anthony Clemmons, Hamiltongary Kotera, Shun Matsuyama","KOSHIGAYA ALPHAS|1,31,5,6,7",1,0.6,35.0,0,0,0,0,0,0,0,0,0,0,0,0,0,0,0,0,1,0,2,1.0,0.0,200.0,-200.0,0.0,-2
SAGA BALLOONERS,"Ryo Abe, Kosuke Kanamaru, Sori Uchio, David Dudzinski, Chase Fieler","SAGA BALLOONERS|13,14,18,23,60",1,0.6,38.0,0,0,1,0.0,0,1,0.0,0,0,0,0,0,0,0,0,0,0,0,0,1.0,0.0,0.0,0.0,0.0,0
RYUKYU GOLDEN KINGS,"Hayate Arakawa, Ryuichi Kishimoto, Vic Law, Jack Cooley, Ryo Sadohara","RYUKYU GOLDEN KINGS|10,14,4,45,8",1,0.6,36.0,0,0,0,0,0,0,0,0,0,0,0,0,0,0,0,0,0,0,1,0.1,0.0,113.6,-113.6,0.0,-1
CHIBA JETS,"DJ Hogg, Ren Kanechika, Riku Segawa, Michael Ou, Nassir Little","CHIBA JETS|10,12,5,7,8",1,0.6,34.0,0,0,0,0,0,0,0,0,0,0,0,0,0,0,0,0,2,0,2,2.0,0.0,200.0,-200.0,0.0,-2
SAN-EN NEOPHOENIX,"Tshilidzi Kawata, David Nwaba, Jordan Dallas, Kazuma Tsuya, Junior Kodama","SAN-EN NEOPHOENIX|15,2,22,28,33",1,0.6,33.0,2,0,1,0.0,0,0,0,2,2,100.0,0,0,0,0,0,0,0,0,0,1.9,106.4,0.0,106.4,3.64,2
NAGASAKI VELCA,"Stanley Johnson, Hayato Yamaguchi, Masaya Karimata, Hyunjung Lee, Jarrell Brantley","NAGASAKI VELCA|14,17,4,5,7",1,0.6,38.0,4,2,2,100.0,0,0,0,0,0,0,0,0,0,0,0,0,0,0,1,2.0,200.0,69.4,130.6,6.32,3
KYOTO HANNARYZ,"Asato Ogawa, Satoru Maeta, Ira Brown, Jordan Heath, Takatoshi Furukawa","KYOTO HANNARYZ|12,13,33,35,51",1,0.6,34.0,2,1,1,100.0,0,0,0,0,0,0,0,0,0,0,0,0,0,0,0,1.0,200.0,0.0,200.0,3.53,2
OSAKA EVESSA,"Ryan Luther, Rei Goda, Tatsuya Suzuki, Yasunori Aoki, Yoshiya Uematsu","OSAKA EVESSA|11,20,35,4,8",1,0.6,38.0,0,0,0,0,0,0,0,0,0,0,0,0,0,0,0,0,0,0,0,0.1,0.0,0.0,0.0,0.0,0
OSAKA EVESSA,"Ray Parks Jr, Makoto Kinoshita, Matt Bonds, Seiga Sakamoto, Yoshiya Uematsu","OSAKA EVESSA|1,31,5,60,8",1,0.6,37.0,3,1,1,100.0,1,1,100.0,0,0,0,0,0,0,0,0,0,0,0,0,1.0,300.0,0.0,300.0,4.86,3
NAGOYA DIAMOND DOLPHINS,"Aaron Henry, Taito Nakahigashi, Alan Williams, Takumi Saito, Tenketsu Harimoto","NAGOYA DIAMOND DOLPHINS|11,12,15,2,8",1,0.6,33.0,0,0,1,0.0,0,1,0.0,0,0,0,0,0,0,0,0,0,0,0,0,1.0,0.0,0.0,0.0,0.0,0
NAGOYA DIAMOND DOLPHINS,"Aaron Henry, Taito Nakahigashi, Alan Williams, Isaiah Murphy, Tenketsu Harimoto","NAGOYA DIAMOND DOLPHINS|11,12,15,5,8",1,0.6,35.0,2,0,1,0.0,0,0,0,2,2,100.0,0,0,0,0,0,0,0,0,0,1.9,106.4,0.0,106.4,3.43,2
UTSUNOMIYA BREX,"Jamel Mclean, Kosuke Takeuchi, Shinji Takashima, DJ Newbill, Yusuke Endo","UTSUNOMIYA BREX|1,10,12,25,9",1,0.6,35.0,0,0,0,0,0,0,0,0,0,0,0,0,0,0,0,0,0,0,0,0.1,0.0,0.0,0.0,0.0,0
KOSHIGAYA ALPHAS,"Yuya Kamata, Kai Sugawara, Sekou Doumbouya, Anthony Clemmons, Shun Matsuyama","KOSHIGAYA ALPHAS|18,28,45,5,7",1,0.6,38.0,2,0,1,0.0,0,1,0.0,2,2,100.0,0,0,0,0,0,0,0,0,0,1.9,106.4,0.0,106.4,3.16,2
GUNMA CRANE THUNDERS,"Yuma Fujii, AJ Edu, Kazuki Hosokawa, Terrance Woodbury, Trey Jones","GUNMA CRANE THUNDERS|0,15,29,30,4",1,0.6,33.0,0,0,1,0.0,0,0,0,0,0,0,0,0,0,0,0,0,0,0,0,1.0,0.0,0.0,0.0,0.0,0
SHIGA LAKES,"Zach Auguste, Thomas Wimbush, Sean Ichioka, Shintaro Ehara, Ai-Che Yu","SHIGA LAKES|0,20,22,25,7",2,0.6,33.0,1,0,0,0,0,0,0,1,2,50.0,0,0,0,0,0,0,0,0,0,0.9,113.6,0.0,113.6,1.82,1
OSAKA EVESSA,"Ryan Luther, Joji Takeuchi, Rei Goda, Yasunori Aoki, Hayato Maki","OSAKA EVESSA|11,15,20,4,88",1,0.6,38.0,0,0,0,0,0,0,0,0,0,0,0,0,0,0,0,0,1,0,3,1.0,0.0,300.0,-300.0,0.0,-3
OSAKA EVESSA,"Ryan Luther, Joji Takeuchi, Rei Goda, Makoto Kinoshita, Tatsuya Suzuki","OSAKA EVESSA|11,15,20,31,35",1,0.6,34.0,2,1,1,100.0,0,0,0,0,0,0,0,0,0,1,0,0,0,0,0,1.0,200.0,0.0,200.0,3.53,2
IBARAKI ROBOTS,"Ru Jingaoka, Eric Jacobsen, Keita Tsurumaki, Noboru Hasegawa, Tyler Cook","IBARAKI ROBOTS|10,21,29,3,8",2,0.6,38.0,1,0,1,0.0,0,0,0,1,2,50.0,0,0,0,0,0,0,0,0,2,1.9,53.2,69.4,-16.3,1.58,-1
SHIMANE SUSANOO MAGIC,"Coty Clarke, James Michael McAdoo, Ryosuke Shirahama, Fumiya Iio, Yuta Okada","SHIMANE SUSANOO MAGIC|1,14,15,22,77",1,0.6,35.0,3,1,1,100.0,0,0,0,1,1,100.0,0,0,0,1,0,0,1,0,0,2.4,123.0,0.0,123.0,5.14,3
LEVANGA HOKKAIDO,"Shuto Ichiba, John Harrar, Jahlil Okafor, Keisei Tominaga, Hiroto Kikuchi","LEVANGA HOKKAIDO|12,21,22,30,6",1,0.6,35.0,2,1,1,100.0,0,0,0,0,0,0,0,0,0,1,0,0,0,0,0,1.0,200.0,0.0,200.0,3.43,2
KOSHIGAYA ALPHAS,"Jarell Martin, Takeru Oba, Kaito Shike, Anthony Clemmons, Joseph Diawara","KOSHIGAYA ALPHAS|1,14,4,5,8",1,0.6,34.0,0,0,0,0,0,0,0,0,0,0,0,0,0,0,0,0,0,0,2,0.1,0.0,200.0,-200.0,0.0,-2
ALTIRI CHIBA,"Kei Sugimoto, Olufemi Olujobi, Trey Porter, Naoya Kumagae, Reo Maeda","ALTIRI CHIBA|11,15,22,27,5",1,0.6,36.0,0,0,1,0.0,0,0,0,0,0,0,0,0,0,0,0,0,0,0,2,1.0,0.0,100.0,-100.0,0.0,-2
SHIGA LAKES,"Zach Auguste, Thomas Wimbush, Takanori Tahara, Higen Hasegawa, Taiki Okada","SHIGA LAKES|0,20,21,34,6",1,0.6,37.0,2,1,3,33.3,0,2,0.0,0,0,0,0,0,0,0,0,0,0,0,2,3.0,66.7,100.0,-33.3,3.24,0
NAGASAKI VELCA,"Ko Kumagai, Stanley Johnson, Yudai Baba, Hyunjung Lee, Koya Kawamata","NAGASAKI VELCA|11,14,18,5,99",1,0.6,36.0,0,0,0,0,0,0,0,0,0,0,0,0,0,0,0,0,1,0,2,1.0,0.0,200.0,-200.0,0.0,-2
SENDAI 89ERS,"Hirohide Araya, Yusei Sugiura, Boubacar Toure, Jarrett Culver, Sergio El Darwich","SENDAI 89ERS|11,14,21,8,9",2,0.6,33.0,4,1,1,100.0,1,1,100.0,1,1,100.0,0,0,0,0,0,0,0,0,0,1.4,277.8,0.0,277.8,7.27,4
AKITA NORTHERN HAPPINETS,"Yanni Wetzell, Teru Sugawara, Takuya Nakayama, Ali Mezher, Keanu Pinder","AKITA NORTHERN HAPPINETS|10,14,17,22,25",1,0.6,38.0,0,0,2,0.0,0,1,0.0,0,0,0,0,0,0,0,0,0,0,0,0,2.0,0.0,0.0,0.0,0.0,0
ALTIRI CHIBA,"Marial Shayok, Trey Porter, Naoya Kumagae, Luke Evans, Reo Maeda","ALTIRI CHIBA|1,22,27,33,5",1,0.6,34.0,0,0,2,0.0,0,1,0.0,0,0,0,0,0,0,2,0,0,0,0,5,2.0,0.0,137.4,-137.4,0.0,-5
SEAHORSES MIKAWA,"Thomas Kennedy, Yoshiaki Kubota, Ryogo Sumino, Aaron White, Davante Gardner","SEAHORSES MIKAWA|1,11,18,30,54",1,0.6,37.0,2,1,1,100.0,0,0,0,0,0,0,0,0,0,1,0,0,0,0,0,1.0,200.0,0.0,200.0,3.24,2
TOYAMA GROUSES,"Yoshiaki Fujinaga, Yannis Morin, Nyika Williams, Trey Kell, Takeshi Mito","TOYAMA GROUSES|2,24,6,8,9",1,0.6,36.0,0,0,1,0.0,0,1,0.0,0,0,0,0,0,0,0,0,0,1,0,0,2.0,0.0,0.0,0.0,0.0,0
TOYAMA GROUSES,"Yannis Morin, Yuzo Okada, Nyika Williams, Kazuki Miyamoto, Trey Kell","TOYAMA GROUSES|24,3,6,7,8",1,0.6,37.0,0,0,1,0.0,0,0,0,0,0,0,0,0,0,0,0,0,1,0,0,2.0,0.0,0.0,0.0,0.0,0
RYUKYU GOLDEN KINGS,"Koya Kobari, Damyean Dotson, Shota Onodera, Vic Law, Alex Kirk","RYUKYU GOLDEN KINGS|2,21,34,4,53",1,0.6,35.0,0,0,1,0.0,0,1,0.0,0,0,0,0,0,0,0,0,0,0,0,2,1.0,0.0,200.0,-200.0,0.0,-2
IBARAKI ROBOTS,"Robert Franks, Kento Akama, Kotaro Hisaoka, Eric Jacobsen, Keita Tsurumaki","IBARAKI ROBOTS|0,12,14,21,29",1,0.6,35.0,5,2,2,100.0,1,1,100.0,0,0,0,0,0,0,0,0,0,0,0,0,2.0,250.0,0.0,250.0,8.57,5
ALVARK TOKYO,"Zack Baranski, Sebastian Saiz, Marcus Foster, Sota Okura, Ryan Rossiter","ALVARK TOKYO|10,11,17,2,22",1,0.6,37.0,0,0,0,0,0,0,0,0,0,0,0,0,0,0,0,0,1,0,0,1.0,0.0,0.0,0.0,0.0,0
SENDAI 89ERS,"Yusei Sugiura, Shota Watanabe, Boubacar Toure, Seiya Funyu, Jarrett Culver","SENDAI 89ERS|14,15,21,7,8",1,0.6,33.0,0,0,0,0,0,0,0,0,0,0,0,0,0,0,0,0,1,0,2,1.0,0.0,100.0,-100.0,0.0,-2
AKITA NORTHERN HAPPINETS,"Jamel Mclean, Yanni Wetzell, Eijiro Ogawa, Takuya Nakayama, Ali Mezher","AKITA NORTHERN HAPPINETS|1,10,13,17,22",1,0.6,38.0,0,0,1,0.0,0,0,0,0,0,0,0,0,0,0,0,0,0,0,3,1.0,0.0,150.0,-150.0,0.0,-3
AKITA NORTHERN HAPPINETS,"Jamel Mclean, Eijiro Ogawa, Ali Mezher, Kanji Takahira, Alistair Tokio Tsuchiya","AKITA NORTHERN HAPPINETS|1,13,22,24,77",1,0.6,35.0,1,0,0,0,0,0,0,1,1,100.0,0,0,0,1,0,0,0,0,2,0.4,227.3,200.0,27.3,1.71,-1
KAWASAKI BRAVE THUNDERS,"Reoto Yonesu, Dušan Ristić, Ryo Iida, Takumi Hasegawa, Emanuel Terry","KAWASAKI BRAVE THUNDERS|11,14,17,33,5",1,0.6,38.0,0,0,0,0,0,0,0,0,0,0,0,0,0,0,0,0,0,0,2,0.1,0.0,200.0,-200.0,0.0,-2
OSAKA EVESSA,"Ray Parks Jr, Cyril Nesmith II, Matt Bonds, Seiga Sakamoto, Hayato Maki","OSAKA EVESSA|1,23,5,60,88",1,0.6,35.0,0,0,0,0,0,0,0,0,0,0,0,0,0,1,0,0,1,0,4,1.0,0.0,200.0,-200.0,0.0,-4
GUNMA CRANE THUNDERS,"Yuma Fujii, AJ Edu, Kenny Asano, Kazuki Hosokawa, Kerry BlackshearJr","GUNMA CRANE THUNDERS|0,15,16,29,8",1,0.6,37.0,0,0,0,0,0,0,0,0,0,0,0,0,0,0,0,0,1,0,2,1.0,0.0,106.4,-106.4,0.0,-2
SAN-EN NEOPHOENIX,"Yante Maten, Dai Nemoto, Kazuma Tsuya, Sota Oura, Cameron Jackson","SAN-EN NEOPHOENIX|1,20,28,5,7",1,0.6,34.0,0,0,1,0.0,0,0,0,0,0,0,0,0,0,0,0,0,0,0,0,1.0,0.0,0.0,0.0,0.0,0
HIROSHIMA DRAGONFLIES,"Ryo Terashima, Dwayne Evans II, Kofi Cockburn, Nick Mayo, Kaine Roberts","HIROSHIMA DRAGONFLIES|0,13,23,24,4",1,0.6,35.0,1,0,0,0,0,0,0,1,2,50.0,0,0,0,1,0,0,0,0,2,0.9,113.6,200.0,-86.4,1.71,-1
SAN-EN NEOPHOENIX,"Yante Maten, Hideya Asai, Ryusei Sasaki, Sota Oura, Cameron Jackson","SAN-EN NEOPHOENIX|1,11,24,5,7",1,0.6,38.0,2,1,2,50.0,0,0,0,0,0,0,0,0,0,0,0,0,0,0,0,2.0,100.0,0.0,100.0,3.16,2
FIGHTING EAGLES NAGOYA,"Jamorko Pickett, Tensho Sugimoto, Francis Lopez, Takaya Sasayama, Andrew Randall","FIGHTING EAGLES NAGOYA|0,10,20,21,33",1,0.6,36.0,0,0,1,0.0,0,0,0,0,0,0,0,0,0,0,0,0,0,0,4,1.0,0.0,200.0,-200.0,0.0,-4
OSAKA EVESSA,"Ray Parks Jr, Ryan Luther, Tatsuya Suzuki, Matt Bonds, Yoshiya Uematsu","OSAKA EVESSA|1,11,35,5,8",1,0.6,35.0,2,1,1,100.0,0,0,0,0,0,0,0,0,0,0,0,0,0,0,1,1.0,200.0,227.3,-27.3,3.43,1
ALVARK TOKYO,"Brandon Davies, Marcus Foster, Sota Okura, Taiki Osakabe, Shuto Ando","ALVARK TOKYO|0,17,2,75,9",1,0.6,38.0,0,0,0,0,0,0,0,0,0,0,0,0,0,0,0,0,0,0,0,0.1,0.0,0.0,0.0,0.0,0
TOYAMA GROUSES,"Brock Motum, Towa Izumi, Yoshiaki Fujinaga, Yuzo Okada, Nyika Williams","TOYAMA GROUSES|12,14,2,3,6",1,0.6,37.0,0,0,1,0.0,0,1,0.0,0,0,0,0,0,0,0,0,0,1,0,6,2.0,0.0,300.0,-300.0,0.0,-6
NAGOYA DIAMOND DOLPHINS,"Aaron Henry, Taito Nakahigashi, Scott Eatherton, Isaiah Murphy, Tenketsu Harimoto","NAGOYA DIAMOND DOLPHINS|11,12,43,5,8",1,0.6,37.0,0,0,0,0,0,0,0,0,0,0,0,0,0,0,0,0,1,0,0,1.0,0.0,0.0,0.0,0.0,0
OSAKA EVESSA,"Ryan Luther, Joji Takeuchi, Matt Bonds, Seiga Sakamoto, Hayato Maki","OSAKA EVESSA|11,15,5,60,88",1,0.6,38.0,3,0,0,0,0,0,0,3,4,75.0,0,0,0,1,0,0,0,0,3,1.8,170.5,75.0,95.5,4.74,0
KAWASAKI BRAVE THUNDERS,"Shota Tsuyama, Dušan Ristić, Jaheru Ryuto Yamauchi, Emanuel Terry, Ryusei Shinoyama","KAWASAKI BRAVE THUNDERS|13,14,45,5,7",1,0.6,36.0,0,0,1,0.0,0,1,0.0,0,0,0,0,0,0,0,0,0,0,0,0,1.0,0.0,0.0,0.0,0.0,0
KYOTO HANNARYZ,"Satoru Maeta, Leon Shibuta, Angelo Caloiaro, Ira Brown, Takatoshi Furukawa","KYOTO HANNARYZ|13,3,32,33,51",1,0.6,35.0,0,0,0,0,0,0,0,0,0,0,0,0,0,0,0,0,1,0,2,1.0,0.0,200.0,-200.0,0.0,-2
OSAKA EVESSA,"Makoto Kinoshita, Tatsuya Suzuki, Matt Bonds, Volodymyr Gerun, Hayato Maki","OSAKA EVESSA|31,35,5,52,88",1,0.6,37.0,2,1,3,33.3,0,2,0.0,0,0,0,0,0,0,0,0,0,0,0,4,3.0,66.7,227.3,-160.6,3.24,-2
LEVANGA HOKKAIDO,"Shuto Ichiba, Max Hisatake, Keisei Tominaga, Kevin Jones, Hiroto Kikuchi","LEVANGA HOKKAIDO|12,29,30,5,6",1,0.6,35.0,0,0,1,0.0,0,1,0.0,0,0,0,0,0,0,0,0,0,0,0,2,1.0,0.0,200.0,-200.0,0.0,-2
SHIMANE SUSANOO MAGIC,"Coty Clarke, Ryosuke Shirahama, Yuto Nohmi, Muusa Dama, Yuta Okada","SHIMANE SUSANOO MAGIC|1,15,21,25,77",1,0.6,37.0,2,1,1,100.0,0,0,0,0,0,0,0,0,0,1,0,0,0,0,4,1.0,200.0,200.0,0.0,3.24,-2
KYOTO HANNARYZ,"Asato Ogawa, Ira Brown, Jordan Heath, Mone Alex Hall, Shuma Nishibe","KYOTO HANNARYZ|12,33,35,39,7",1,0.6,34.0,1,0,1,0.0,0,0,0,1,1,100.0,0,0,0,0,0,0,1,0,0,2.4,41.0,0.0,41.0,1.76,1
KYOTO HANNARYZ,"Charles Jackson, Ryunosuke Watanabe, Jordan Heath, Takatoshi Furukawa, Shuma Nishibe","KYOTO HANNARYZ|10,16,35,51,7",1,0.6,34.0,0,0,0,0,0,0,0,0,0,0,0,0,0,0,0,0,1,0,0,1.0,0.0,0.0,0.0,0.0,0
KOSHIGAYA ALPHAS,"Kai Sotto, Yuichi Ikeda, Jordan Ngatai, Shuhei Kitagawa, Sekou Doumbouya","KOSHIGAYA ALPHAS|11,12,20,31,45",1,0.6,37.0,2,1,1,100.0,0,0,0,0,0,0,0,0,0,1,0,0,0,0,0,1.0,200.0,0.0,200.0,3.24,2
KOSHIGAYA ALPHAS,"Kai Sotto, Sekou Doumbouya, Anthony Clemmons, Shun Matsuyama, Joseph Diawara","KOSHIGAYA ALPHAS|11,45,5,7,8",1,0.6,34.0,1,0,1,0.0,0,1,0.0,1,1,100.0,0,0,0,0,0,0,0,0,0,1.4,69.4,0.0,69.4,1.76,1
SUNROCKERS SHIBUYA,"Reiya Nozaki, Morihisa Yamauchi, Thomas Welsh, Josh Hawkinson, Leo Vendrame","SUNROCKERS SHIBUYA|12,32,40,8,9",1,0.6,34.0,0,0,0,0,0,0,0,0,0,0,0,0,0,0,0,0,1,0,3,1.0,0.0,208.3,-208.3,0.0,-3
SHIGA LAKES,"Yosei Nishida, Kohei Tsuneta, Thomas Wimbush, Takanori Tahara, Ryan Kriener","SHIGA LAKES|14,17,20,21,4",1,0.6,37.0,0,0,2,0.0,0,1,0.0,0,0,0,0,0,0,0,0,0,0,0,0,2.0,0.0,0.0,0.0,0.0,0
SHIGA LAKES,"Zach Auguste, Kohei Tsuneta, Takanori Tahara, Ryan Kriener, Taiki Okada","SHIGA LAKES|0,17,21,4,6",1,0.6,38.0,0,0,1,0.0,0,1,0.0,0,0,0,0,0,0,0,0,0,0,0,0,1.0,0.0,0.0,0.0,0.0,0
ALTIRI CHIBA,"Takaaki Kida, Yuta Osaki, Kotetsu Kurokawa, Luke Evans, Dererk Pardon","ALTIRI CHIBA|0,16,3,33,7",1,0.6,38.0,0,0,2,0.0,0,1,0.0,0,0,0,0,0,0,0,0,0,0,0,0,2.0,0.0,0.0,0.0,0.0,0
LEVANGA HOKKAIDO,"Shuto Ichiba, Ren Shimatani, Dwight Ramos, John Harrar, Kevin Jones","LEVANGA HOKKAIDO|12,15,2,21,5",1,0.6,36.0,0,0,1,0.0,0,0,0,0,0,0,0,0,0,0,0,0,0,0,0,1.0,0.0,0.0,0.0,0.0,0
IBARAKI ROBOTS,"Kotaro Hisaoka, Eric Jacobsen, Noboru Hasegawa, Tim Schneider, Hayate Komasawa","IBARAKI ROBOTS|14,21,3,30,7",1,0.6,34.0,2,1,3,33.3,0,0,0,0,0,0,0,0,0,0,0,0,0,0,2,3.0,66.7,227.3,-160.6,3.53,0
GUNMA CRANE THUNDERS,"Yuma Fujii, AJ Edu, Kenny Asano, Kazuki Hosokawa, Takuto Nakamura","GUNMA CRANE THUNDERS|0,15,16,29,6",1,0.6,37.0,0,0,1,0.0,0,1,0.0,0,0,0,0,0,0,0,0,0,0,0,3,1.0,0.0,300.0,-300.0,0.0,-3
KAWASAKI BRAVE THUNDERS,"Reoto Yonesu, Ryo Iida, Rosco Allen, Emanuel Terry, Ryusei Shinoyama","KAWASAKI BRAVE THUNDERS|11,17,25,5,7",1,0.6,34.0,0,0,1,0.0,0,1,0.0,0,0,0,0,0,0,0,0,0,0,0,3,1.0,0.0,300.0,-300.0,0.0,-3
YOKOHAMA B-CORSAIRS,"Kiefer Ravena, Maik Kotsar, Seiya Ando, Gakuto Arai, Gary Clark","YOKOHAMA B-CORSAIRS|15,21,3,6,8",1,0.6,37.0,0,0,0,0,0,0,0,0,2,0.0,0,0,0,0,0,0,0,0,0,0.9,0.0,0.0,0.0,0.0,0
FIGHTING EAGLES NAGOYA,"Jamorko Pickett, Katsuki Hiramatsu, Ryuto Yasuoka, Sean O'mara, Tyrell Taku Sudo","FIGHTING EAGLES NAGOYA|0,12,23,54,6",1,0.6,37.0,0,0,1,0.0,0,1,0.0,0,0,0,0,0,0,0,0,0,0,0,4,1.0,0.0,212.8,-212.8,0.0,-4
KAWASAKI BRAVE THUNDERS,"Dušan Ristić, Ryo Iida, Rosco Allen, Kanta Mizuno, Jaheru Ryuto Yamauchi","KAWASAKI BRAVE THUNDERS|14,17,25,3,45",1,0.5,29.0,0,0,1,0.0,0,1,0.0,0,0,0,0,0,0,0,0,0,0,0,5,1.0,0.0,250.0,-250.0,0.0,-5
HIROSHIMA DRAGONFLIES,"Dwayne Evans II, Kofi Cockburn, Nick Mayo, Tatsuya Ito, Kevin Hareyama","HIROSHIMA DRAGONFLIES|13,23,24,3,32",1,0.5,30.0,0,0,1,0.0,0,0,0,0,0,0,0,0,0,0,0,0,0,0,2,1.0,0.0,100.0,-100.0,0.0,-2
SENDAI 89ERS,"Hirohide Araya, Kazuma Okajima, Nathan Boothe, Soichiro Inoue, Jarrett Culver","SENDAI 89ERS|11,3,45,75,8",2,0.5,27.0,0,0,0,0,0,0,0,0,0,0,0,0,0,0,0,0,0,0,0,0.1,0.0,0.0,0.0,0.0,0
SENDAI 89ERS,"Shota Watanabe, Boubacar Toure, Seiya Funyu, Soichiro Inoue, Jarrett Culver","SENDAI 89ERS|15,21,7,75,8",1,0.5,32.0,0,0,0,0,0,0,0,0,0,0,0,0,0,1,0,0,0,0,2,0.1,0.0,69.4,-69.4,0.0,-2
KOSHIGAYA ALPHAS,"Shuhei Kitagawa, Sekou Doumbouya, Anthony Clemmons, Hamiltongary Kotera, Shun Matsuyama","KOSHIGAYA ALPHAS|31,45,5,6,7",2,0.5,28.0,0,0,2,0.0,0,1,0.0,0,0,0,0,0,0,1,0,0,0,0,3,2.0,0.0,159.6,-159.6,0.0,-3
IBARAKI ROBOTS,"Kohei Nakamura, Eric Jacobsen, Noboru Hasegawa, Tyler Cook, Jae-Min Yang","IBARAKI ROBOTS|13,21,3,8,9",1,0.5,31.0,1,0,0,0,0,0,0,1,2,50.0,0,0,0,0,0,0,0,0,1,0.9,113.6,113.6,0.0,1.94,0
ALVARK TOKYO,"Steve Zack, Zack Baranski, Marcus Foster, Kai Toews, Taiki Osakabe","ALVARK TOKYO|00,10,17,3,75",1,0.5,27.0,0,0,0,0,0,0,0,0,0,0,0,0,0,0,0,0,1,0,0,1.0,0.0,0.0,0.0,0.0,0
IBARAKI ROBOTS,"Robert Franks, Genki Kojima, Ru Jingaoka, Eric Jacobsen, Keita Tsurumaki","IBARAKI ROBOTS|0,1,10,21,29",1,0.5,27.0,0,0,2,0.0,0,1,0.0,0,0,0,0,0,0,0,0,0,0,0,0,2.0,0.0,0.0,0.0,0.0,0
SHIGA LAKES,"Yosei Nishida, Daichi Nomoto, Thomas Wimbush, Sean Ichioka, Ryan Kriener","SHIGA LAKES|14,16,20,22,4",2,0.5,32.0,0,0,0,0,0,0,0,0,0,0,0,0,0,0,0,0,0,0,0,0.1,0.0,0.0,0.0,0.0,0
YOKOHAMA B-CORSAIRS,"Kenta Morii, Kaleb Tarczewski, Seiya Ando, Koya Sudo, Damien Inglis","YOKOHAMA B-CORSAIRS|18,25,3,30,4",4,0.5,30.0,3,0,1,0.0,0,1,0.0,3,4,75.0,0,0,0,0,0,0,0,0,2,2.8,108.7,86.2,22.5,6.0,1
SAGA BALLOONERS,"Kosuke Kanamaru, Sori Uchio, David Dudzinski, Taiki Sumida, Chase Fieler","SAGA BALLOONERS|14,18,23,25,60",1,0.5,27.0,2,1,1,100.0,0,0,0,0,0,0,0,0,0,0,0,0,0,0,0,1.0,200.0,0.0,200.0,4.44,2
KOSHIGAYA ALPHAS,"Jarell Martin, Yuichi Ikeda, Yuya Kamata, Kai Sugawara, Sekou Doumbouya","KOSHIGAYA ALPHAS|1,12,18,28,45",1,0.5,27.0,0,0,1,0.0,0,1,0.0,0,0,0,0,0,0,0,0,0,0,0,2,1.0,0.0,200.0,-200.0,0.0,-2
IBARAKI ROBOTS,"Robert Franks, Genki Kojima, Kohei Nakamura, Hayate Komasawa, Tyler Cook","IBARAKI ROBOTS|0,1,13,7,8",1,0.5,31.0,0,0,1,0.0,0,0,0,0,0,0,0,0,0,0,0,0,0,0,1,1.0,0.0,43.1,-43.1,0.0,-1
YOKOHAMA B-CORSAIRS,"Kenta Morii, Kaleb Tarczewski, Seiya Ando, Koya Sudo, Gary Clark","YOKOHAMA B-CORSAIRS|18,25,3,30,8",2,0.5,28.0,3,0,0,0,0,0,0,3,4,75.0,0,0,0,0,0,0,0,0,2,1.8,170.5,100.0,70.5,6.43,1
SHIMANE SUSANOO MAGIC,"James Michael McAdoo, Fumiya Iio, Nick Kay, Hiromu Kitagawa, Yuta Okada","SHIMANE SUSANOO MAGIC|14,22,4,6,77",1,0.5,28.0,4,2,2,100.0,0,0,0,0,0,0,0,0,0,0,0,0,0,0,0,2.0,200.0,0.0,200.0,8.57,4
NAGASAKI VELCA,"Stanley Johnson, Hayato Yamaguchi, Yudai Baba, Akil Mitchell, Masaya Karimata","NAGASAKI VELCA|14,17,18,25,4",1,0.5,28.0,2,1,2,50.0,0,0,0,0,0,0,0,0,0,0,0,0,0,0,0,2.0,100.0,0.0,100.0,4.29,2
SUNROCKERS SHIBUYA,"Donte Grantham, Troy Murphy Jr, Thomas Welsh, Josh Hawkinson, Leo Vendrame","SUNROCKERS SHIBUYA|1,4,40,8,9",1,0.5,30.0,1,0,0,0,0,0,0,1,1,100.0,0,0,0,0,0,0,0,0,2,0.4,227.3,200.0,27.3,2.0,-1
YOKOHAMA B-CORSAIRS,"Kiefer Ravena, Seiya Ando, Damien Inglis, Hiroki Taniguchi, Gary Clark","YOKOHAMA B-CORSAIRS|15,3,4,7,8",2,0.5,30.0,5,2,3,66.7,1,1,100.0,0,0,0,0,0,0,3,0,0,0,0,5,3.0,166.7,110.6,56.0,10.0,0
KYOTO HANNARYZ,"Charles Jackson, Satoru Maeta, Hayato Kawashima, Leon Shibuta, Ira Brown","KYOTO HANNARYZ|10,13,15,3,33",1,0.5,32.0,0,0,0,0,0,0,0,0,0,0,0,0,0,0,0,0,1,0,0,1.0,0.0,0.0,0.0,0.0,0
KYOTO HANNARYZ,"Chehales Tapscott, Asato Ogawa, Satoru Maeta, Jordan Heath, Takatoshi Furukawa","KYOTO HANNARYZ|11,12,13,35,51",1,0.5,30.0,2,0,0,0,0,0,0,2,2,100.0,0,0,0,0,0,0,0,0,1,0.9,227.3,113.6,113.6,4.0,1
SAN-EN NEOPHOENIX,"Steve Zack, Hirotaka Yoshii, Jordan Dallas, Junior Kodama, Sota Oura","SAN-EN NEOPHOENIX|00,10,22,33,5",1,0.5,31.0,0,0,0,0,0,0,0,0,0,0,0,0,0,0,0,0,0,0,2,0.1,0.0,227.3,-227.3,0.0,-2
KOSHIGAYA ALPHAS,"Jarell Martin, Kai Sugawara, Sekou Doumbouya, Anthony Clemmons, Hamiltongary Kotera","KOSHIGAYA ALPHAS|1,28,45,5,6",1,0.5,32.0,0,0,0,0,0,0,0,0,0,0,0,0,0,0,0,0,0,0,3,0.1,0.0,104.2,-104.2,0.0,-3
FIGHTING EAGLES NAGOYA,"Jamorko Pickett, Katsuki Hiramatsu, Francis Lopez, Takaya Sasayama, Sean O'mara","FIGHTING EAGLES NAGOYA|0,12,20,21,54",2,0.5,32.0,0,0,0,0,0,0,0,0,0,0,0,0,0,0,0,0,0,0,0,0.1,0.0,0.0,0.0,0.0,0
NAGOYA DIAMOND DOLPHINS,"Aaron Henry, Taito Nakahigashi, Keita Imamura, Kyle Richardson, Scott Eatherton","NAGOYA DIAMOND DOLPHINS|11,12,30,34,43",2,0.5,32.0,1,0,0,0,0,0,0,1,2,50.0,0,0,0,0,0,0,0,0,0,0.9,113.6,0.0,113.6,1.88,1
CHIBA JETS,"DJ Hogg, Shuta Hara, Naoki Tashiro, Riku Segawa, Nassir Little","CHIBA JETS|10,31,4,5,8",2,0.5,27.0,0,0,0,0,0,0,0,0,0,0,0,0,0,0,0,0,0,0,0,0.1,0.0,0.0,0.0,0.0,0
SUNROCKERS SHIBUYA,"Daiki Tanaka, John Lawrence Harper Jr, Thomas Welsh, Andrew Randall, Josh Hawkinson","SUNROCKERS SHIBUYA|13,3,40,7,8",1,0.5,29.0,2,0,0,0,0,0,0,2,2,100.0,0,0,0,1,0,0,0,0,0,0.9,227.3,0.0,227.3,4.14,2
SAGA BALLOONERS,"Kosuke Kanamaru, Taiki Sumida, Ryota Inoue, Josh Harrellson, Chase Fieler","SAGA BALLOONERS|14,25,34,55,60",1,0.5,30.0,0,0,1,0.0,0,1,0.0,0,0,0,0,0,0,0,0,0,0,0,1,1.0,0.0,227.3,-227.3,0.0,-1
SEAHORSES MIKAWA,"Thomas Kennedy, Jake Layman, Kosuke Ishii, Aaron White, Satoshi Nagano","SEAHORSES MIKAWA|1,10,27,30,7",1,0.5,28.0,3,1,1,100.0,1,1,100.0,0,0,0,0,0,0,0,0,0,0,0,0,1.0,300.0,0.0,300.0,6.43,3
KOSHIGAYA ALPHAS,"Jarell Martin, Yuichi Ikeda, Yuya Kamata, Anthony Clemmons, Shun Matsuyama","KOSHIGAYA ALPHAS|1,12,18,5,7",1,0.5,28.0,0,0,0,0,0,0,0,0,0,0,0,0,0,0,0,0,0,0,3,0.1,0.0,150.0,-150.0,0.0,-3
SAGA BALLOONERS,"Ryo Abe, Sori Uchio, Reynaldo Garcia, David Dudzinski, Ryota Inoue","SAGA BALLOONERS|13,18,2,23,34",1,0.5,30.0,5,2,2,100.0,1,1,100.0,0,0,0,0,0,0,0,0,0,0,0,0,2.0,250.0,0.0,250.0,10.0,5
SHIGA LAKES,"Zach Auguste, Daichi Nomoto, Higen Hasegawa, Ryan Kriener, Taiki Okada","SHIGA LAKES|0,16,34,4,6",1,0.5,27.0,2,1,1,100.0,0,0,0,0,0,0,0,0,0,1,0,0,0,0,3,1.0,200.0,150.0,50.0,4.44,-1
KAWASAKI BRAVE THUNDERS,"Omar Jamaleddine, Rosco Allen, Takumi Hasegawa, Emanuel Terry, Taiga Okada","KAWASAKI BRAVE THUNDERS|1,25,33,5,55",1,0.5,29.0,0,0,1,0.0,0,0,0,0,0,0,0,0,0,0,0,0,0,0,0,1.0,0.0,0.0,0.0,0.0,0
FIGHTING EAGLES NAGOYA,"Jamorko Pickett, Tensho Sugimoto, Francis Lopez, Ryuto Yasuoka, Narito Namizato","FIGHTING EAGLES NAGOYA|0,10,20,23,3",1,0.5,32.0,2,1,1,100.0,0,0,0,0,1,0.0,0,0,0,1,0,0,0,0,3,1.4,138.9,300.0,-161.1,3.75,-1
YOKOHAMA B-CORSAIRS,"Kiefer Ravena, Kaleb Tarczewski, Seiya Ando, Koya Sudo, Tatsumi Yu","YOKOHAMA B-CORSAIRS|15,25,3,30,51",1,0.5,28.0,0,0,0,0,0,0,0,0,0,0,0,0,0,0,0,0,0,0,0,0.1,0.0,0.0,0.0,0.0,0
AKITA NORTHERN HAPPINETS,"Jamel Mclean, Taiyo Motoda, Takuya Nakayama, Kanji Takahira, Keanu Pinder","AKITA NORTHERN HAPPINETS|1,12,17,24,25",1,0.5,30.0,0,0,0,0,0,0,0,0,0,0,0,0,0,0,0,0,0,0,3,0.1,0.0,300.0,-300.0,0.0,-3
KOSHIGAYA ALPHAS,"Jarell Martin, Yuichi Ikeda, Yuya Kamata, Anthony Clemmons, Joseph Diawara","KOSHIGAYA ALPHAS|1,12,18,5,8",1,0.5,28.0,0,0,0,0,0,0,0,0,2,0.0,0,0,0,0,0,0,0,0,0,0.9,0.0,0.0,0.0,0.0,0
NAGASAKI VELCA,"Hayato Yamaguchi, Yudai Baba, Akil Mitchell, Hyunjung Lee, Jarrell Brantley","NAGASAKI VELCA|17,18,25,5,7",1,0.5,31.0,0,0,1,0.0,0,1,0.0,0,0,0,0,0,0,0,0,0,0,0,2,1.0,0.0,100.0,-100.0,0.0,-2
KOSHIGAYA ALPHAS,"Kai Sotto, Takeru Oba, Jeffrey Parmer, Anthony Clemmons, Shun Matsuyama","KOSHIGAYA ALPHAS|11,14,21,5,7",1,0.5,28.0,2,1,2,50.0,0,1,0.0,0,0,0,0,0,0,0,0,0,0,0,0,2.0,100.0,0.0,100.0,4.29,2
LEVANGA HOKKAIDO,"Shuto Ichiba, Dwight Ramos, Jahlil Okafor, Keisei Tominaga, Kaito Morizane","LEVANGA HOKKAIDO|12,2,22,30,34",1,0.5,31.0,5,2,3,66.7,1,2,50.0,0,0,0,0,0,0,0,0,0,0,0,1,3.0,166.7,113.6,53.0,9.68,4
OSAKA EVESSA,"Ray Parks Jr, Makoto Kinoshita, Tatsuya Suzuki, Matt Bonds, Yoshiya Uematsu","OSAKA EVESSA|1,31,35,5,8",1,0.5,29.0,0,0,1,0.0,0,1,0.0,0,0,0,0,0,0,0,0,0,0,0,3,1.0,0.0,300.0,-300.0,0.0,-3
KOSHIGAYA ALPHAS,"Jarell Martin, Kai Sotto, Yuichi Ikeda, Takeru Oba, Davon Reed","KOSHIGAYA ALPHAS|1,11,12,14,9",1,0.5,32.0,3,1,1,100.0,1,1,100.0,0,0,0,0,0,0,1,0,0,0,0,0,1.0,300.0,0.0,300.0,5.62,3
RYUKYU GOLDEN KINGS,"Masahiro Waki, Damyean Dotson, Shota Onodera, Alex Kirk, Ryo Sadohara","RYUKYU GOLDEN KINGS|18,21,34,53,8",2,0.5,31.0,0,0,0,0,0,0,0,0,0,0,0,0,0,0,0,0,0,0,0,0.1,0.0,0.0,0.0,0.0,0
LEVANGA HOKKAIDO,"Shuto Ichiba, Dwight Ramos, Jordan Ngatai, John Harrar, Kaito Morizane","LEVANGA HOKKAIDO|12,2,20,21,34",1,0.5,29.0,5,1,1,100.0,1,1,100.0,2,2,100.0,0,0,0,0,0,0,0,0,0,1.9,266.0,0.0,266.0,10.34,5
AKITA NORTHERN HAPPINETS,"Jamel Mclean, Haruki Naito, Eijiro Ogawa, Kanji Takahira, Keanu Pinder","AKITA NORTHERN HAPPINETS|1,11,13,24,25",1,0.5,31.0,1,0,0,0,0,0,0,1,1,100.0,0,0,0,0,0,0,0,0,0,0.4,227.3,0.0,227.3,1.94,1
KOSHIGAYA ALPHAS,"Kai Sotto, Kai Sugawara, Anthony Clemmons, Shun Matsuyama, Joseph Diawara","KOSHIGAYA ALPHAS|11,28,5,7,8",1,0.5,30.0,4,1,1,100.0,1,1,100.0,1,1,100.0,0,0,0,0,0,0,0,0,0,1.4,277.8,0.0,277.8,8.0,4
SAN-EN NEOPHOENIX,"Yante Maten, Hideya Asai, David Nwaba, Ryusei Sasaki, Sota Oura","SAN-EN NEOPHOENIX|1,11,2,24,5",2,0.5,28.0,1,0,1,0.0,0,1,0.0,1,1,100.0,0,0,0,0,0,0,0,0,3,1.4,69.4,300.0,-230.6,2.14,-2
UTSUNOMIYA BREX,"DJ Newbill, Gavin Edwards, Isaac Fotu, Atsuya Ogawa, Yusuke Endo","UTSUNOMIYA BREX|25,33,42,7,9",1,0.5,29.0,0,0,0,0,0,0,0,0,0,0,0,0,0,2,0,0,0,0,5,0.1,0.0,250.0,-250.0,0.0,-5
SAGA BALLOONERS,"Ryo Abe, Atsuki Kishida, Tanner Groves, Ryota Inoue, Josh Harrellson","SAGA BALLOONERS|13,20,22,34,55",1,0.5,27.0,0,0,0,0,0,0,0,0,0,0,0,0,0,0,0,0,0,0,0,0.1,0.0,0.0,0.0,0.0,0
AKITA NORTHERN HAPPINETS,"Yanni Wetzell, Yori Iwaya, Ali Mezher, Kanji Takahira, Keanu Pinder","AKITA NORTHERN HAPPINETS|10,18,22,24,25",1,0.5,27.0,2,1,1,100.0,0,0,0,0,0,0,0,0,0,0,0,0,0,0,2,1.0,200.0,200.0,0.0,4.44,0
SEAHORSES MIKAWA,"Thomas Kennedy, Jake Layman, Yudai Nishida, Aaron White, Satoshi Nagano","SEAHORSES MIKAWA|1,10,19,30,7",1,0.5,32.0,0,0,1,0.0,0,0,0,0,0,0,0,0,0,0,0,0,0,0,5,1.0,0.0,173.6,-173.6,0.0,-5
FIGHTING EAGLES NAGOYA,"Jamorko Pickett, Tensho Sugimoto, Hikaru Tsukioka, Francis Lopez, Sean O'mara","FIGHTING EAGLES NAGOYA|0,10,11,20,54",1,0.5,29.0,0,0,0,0,0,0,0,0,0,0,0,0,0,1,0,0,0,0,6,0.1,0.0,300.0,-300.0,0.0,-6
LEVANGA HOKKAIDO,"Shuto Ichiba, Dwight Ramos, Max Hisatake, Kevin Jones, Hiroto Kikuchi","LEVANGA HOKKAIDO|12,2,29,5,6",1,0.5,32.0,0,0,1,0.0,0,0,0,0,0,0,0,0,0,0,0,0,0,0,2,1.0,0.0,200.0,-200.0,0.0,-2
LEVANGA HOKKAIDO,"Shuto Ichiba, Jahlil Okafor, Max Hisatake, Keisei Tominaga, Hiroto Kikuchi","LEVANGA HOKKAIDO|12,22,29,30,6",1,0.5,29.0,0,0,0,0,0,0,0,0,0,0,0,0,0,1,0,0,0,0,2,0.1,0.0,200.0,-200.0,0.0,-2
SHIMANE SUSANOO MAGIC,"Coty Clarke, Ryosuke Shirahama, Fumiya Iio, Muusa Dama, Shota Arai","SHIMANE SUSANOO MAGIC|1,15,22,25,5",1,0.5,29.0,0,0,1,0.0,0,0,0,0,0,0,0,0,0,0,0,0,1,0,2,2.0,0.0,200.0,-200.0,0.0,-2
SAN-EN NEOPHOENIX,"Hirotaka Yoshii, Hayato Wakugawa, David Nwaba, Ryusei Sasaki, Cameron Jackson","SAN-EN NEOPHOENIX|10,14,2,24,7",1,0.5,31.0,6,2,2,100.0,2,2,100.0,0,0,0,0,0,0,0,0,0,0,0,0,2.0,300.0,0.0,300.0,11.61,6
ALTIRI CHIBA,"Takaaki Kida, Yuta Osaki, Yuto Otsuka, Luke Evans, Dererk Pardon","ALTIRI CHIBA|0,16,24,33,7",1,0.5,32.0,0,0,3,0.0,0,1,0.0,0,0,0,0,0,0,0,0,0,0,0,2,3.0,0.0,200.0,-200.0,0.0,-2
ALTIRI CHIBA,"Takaaki Kida, Kei Sugimoto, Yuto Otsuka, Luke Evans, Dererk Pardon","ALTIRI CHIBA|0,11,24,33,7",1,0.5,28.0,0,0,0,0,0,0,0,0,0,0,0,0,0,0,0,0,0,0,3,0.1,0.0,150.0,-150.0,0.0,-3
AKITA NORTHERN HAPPINETS,"Yanni Wetzell, Teru Sugawara, Takuya Nakayama, Yori Iwaya, Kanji Takahira","AKITA NORTHERN HAPPINETS|10,14,17,18,24",1,0.5,28.0,3,1,2,50.0,1,2,50.0,0,0,0,0,0,0,0,0,0,0,0,0,2.0,150.0,0.0,150.0,6.43,3
SHIMANE SUSANOO MAGIC,"Yuto Nohmi, Muusa Dama, Nick Kay, Shota Arai, Anthony Sho Sukegawa","SHIMANE SUSANOO MAGIC|21,25,4,5,7",1,0.5,32.0,2,0,0,0,0,0,0,2,2,100.0,0,0,0,0,0,0,0,0,0,0.9,227.3,0.0,227.3,3.75,2
HIROSHIMA DRAGONFLIES,"Kofi Cockburn, Nick Mayo, Ryo Yamazaki, Kaine Roberts, Christopher Smith","HIROSHIMA DRAGONFLIES|23,24,30,4,8",1,0.5,27.0,0,0,0,0,0,0,0,0,0,0,0,0,0,0,0,0,0,0,0,0.1,0.0,0.0,0.0,0.0,0
KOSHIGAYA ALPHAS,"Yuichi Ikeda, Takeru Oba, Jordan Ngatai, Sekou Doumbouya, Shun Matsuyama","KOSHIGAYA ALPHAS|12,14,20,45,7",1,0.5,32.0,0,0,1,0.0,0,1,0.0,0,0,0,0,0,0,0,0,0,0,0,0,1.0,0.0,0.0,0.0,0.0,0
SAN-EN NEOPHOENIX,"Hideya Asai, David Nwaba, Yusuke Suzuki, Kazuma Tsuya, Sota Oura","SAN-EN NEOPHOENIX|11,2,21,28,5",1,0.5,27.0,0,0,0,0,0,0,0,0,0,0,0,0,0,0,0,0,0,0,0,0.1,0.0,0.0,0.0,0.0,0
FIGHTING EAGLES NAGOYA,"Jamorko Pickett, Francis Lopez, Takaya Sasayama, Ryuto Yasuoka, Andrew Randall","FIGHTING EAGLES NAGOYA|0,20,21,23,33",1,0.5,29.0,0,0,0,0,0,0,0,0,0,0,0,0,0,0,0,0,1,0,2,1.0,0.0,50.0,-50.0,0.0,-2
ALVARK TOKYO,"Brandon Davies, Marcus Foster, Sota Okura, Ryan Rossiter, Taiki Osakabe","ALVARK TOKYO|0,17,2,22,75",1,0.5,28.0,0,0,1,0.0,0,1,0.0,0,0,0,0,0,0,0,0,0,0,0,0,1.0,0.0,0.0,0.0,0.0,0
KAWASAKI BRAVE THUNDERS,"Reoto Yonesu, Shota Tsuyama, Dušan Ristić, Ryo Iida, Rosco Allen","KAWASAKI BRAVE THUNDERS|11,13,14,17,25",1,0.5,28.0,4,2,2,100.0,0,0,0,0,0,0,0,0,0,2,0,0,0,0,0,2.0,200.0,0.0,200.0,8.57,4
SEAHORSES MIKAWA,"Thomas Kennedy, Jake Layman, Yoshiaki Kubota, Kosuke Ishii, Avi Koki Schafer","SEAHORSES MIKAWA|1,10,11,27,32",1,0.5,28.0,0,0,1,0.0,0,0,0,0,0,0,0,0,0,0,0,0,0,0,3,1.0,0.0,300.0,-300.0,0.0,-3
NAGASAKI VELCA,"Stanley Johnson, Hayato Yamaguchi, Yudai Baba, Hyunjung Lee, Koya Kawamata","NAGASAKI VELCA|14,17,18,5,99",1,0.5,30.0,3,1,2,50.0,1,2,50.0,0,0,0,0,0,0,0,0,0,0,0,0,2.0,150.0,0.0,150.0,6.0,3
RYUKYU GOLDEN KINGS,"Ryuichi Kishimoto, Yoshiyuki Matsuwaki, Damyean Dotson, Jack Cooley, Alex Kirk","RYUKYU GOLDEN KINGS|14,15,21,45,53",1,0.5,27.0,3,1,1,100.0,1,1,100.0,0,0,0,0,0,0,0,0,0,0,0,0,1.0,300.0,0.0,300.0,6.67,3
ALVARK TOKYO,"Steve Zack, Zack Baranski, Marcus Foster, Kohei Fukuzawa, Shuto Ando","ALVARK TOKYO|00,10,17,25,9",1,0.4,23.0,0,0,2,0.0,0,2,0.0,0,0,0,0,0,0,0,0,0,0,0,0,2.0,0.0,0.0,0.0,0.0,0
HIROSHIMA DRAGONFLIES,"Kofi Cockburn, Tatsuya Ito, Ryo Yamazaki, Christopher Smith, Ryosei Sato","HIROSHIMA DRAGONFLIES|23,3,30,8,88",1,0.4,26.0,2,1,1,100.0,0,0,0,0,0,0,0,0,0,1,0,0,0,0,0,1.0,200.0,0.0,200.0,4.62,2
LEVANGA HOKKAIDO,"Kohei Sekino, Kyosuke Hoshino, Dwight Ramos, John Harrar, Kevin Jones","LEVANGA HOKKAIDO|1,14,2,21,5",1,0.4,25.0,0,0,0,0,0,0,0,0,0,0,0,0,0,0,0,0,0,0,0,0.1,0.0,0.0,0.0,0.0,0
IBARAKI ROBOTS,"Kohei Nakamura, Eric Jacobsen, Keita Tsurumaki, Hayate Komasawa, Jae-Min Yang","IBARAKI ROBOTS|13,21,29,7,9",1,0.4,25.0,0,0,1,0.0,0,0,0,0,0,0,0,0,0,0,0,0,0,0,0,1.0,0.0,0.0,0.0,0.0,0
SENDAI 89ERS,"Ryota Hanzawa, Kazuma Okajima, Nathan Boothe, Seiya Funyu, Jarrett Culver","SENDAI 89ERS|23,3,45,7,8",1,0.4,22.0,0,0,0,0,0,0,0,0,0,0,0,0,0,0,0,0,0,0,0,0.1,0.0,0.0,0.0,0.0,0
SAGA BALLOONERS,"Kosuke Kanamaru, Tanner Groves, David Dudzinski, Taiki Sumida, Ryota Inoue","SAGA BALLOONERS|14,22,23,25,34",1,0.4,23.0,2,1,1,100.0,0,0,0,0,0,0,0,0,0,0,0,0,0,0,0,1.0,200.0,0.0,200.0,5.22,2
SAN-EN NEOPHOENIX,"Yante Maten, Hirotaka Yoshii, Tshilidzi Kawata, Kazuma Tsuya, Sota Oura","SAN-EN NEOPHOENIX|1,10,15,28,5",1,0.4,26.0,0,0,0,0,0,0,0,0,0,0,0,0,0,0,0,0,0,0,0,0.1,0.0,0.0,0.0,0.0,0
KYOTO HANNARYZ,"Charles Jackson, Satoru Maeta, Jordan Heath, Mone Alex Hall, Takatoshi Furukawa","KYOTO HANNARYZ|10,13,35,39,51",2,0.4,23.0,3,1,1,100.0,0,0,0,1,2,50.0,0,0,0,0,0,0,0,0,0,1.9,159.6,0.0,159.6,7.83,3
SHIGA LAKES,"Yosei Nishida, Thomas Wimbush, Sean Ichioka, Ryan Kriener, Ai-Che Yu","SHIGA LAKES|14,20,22,4,7",1,0.4,23.0,0,0,0,0,0,0,0,0,0,0,0,0,0,1,0,0,0,0,4,0.1,0.0,163.9,-163.9,0.0,-4
SENDAI 89ERS,"Hirohide Araya, Ryota Hanzawa, Nathan Boothe, Jarrett Culver, Sergio El Darwich","SENDAI 89ERS|11,23,45,8,9",1,0.4,24.0,0,0,0,0,0,0,0,0,0,0,0,0,0,0,0,0,0,0,0,0.1,0.0,0.0,0.0,0.0,0
RYUKYU GOLDEN KINGS,"Ryuichi Kishimoto, Yoshiyuki Matsuwaki, Shota Onodera, Jack Cooley, Ryo Sadohara","RYUKYU GOLDEN KINGS|14,15,34,45,8",1,0.4,25.0,0,0,0,0,0,0,0,0,0,0,0,0,0,0,0,0,0,0,4,0.1,0.0,277.8,-277.8,0.0,-4
SEAHORSES MIKAWA,"Koyo Nishida, Ryogo Sumino, Aaron White, Avi Koki Schafer, Davante Gardner","SEAHORSES MIKAWA|16,18,30,32,54",1,0.4,22.0,0,0,0,0,0,0,0,0,0,0,0,0,0,0,0,0,0,0,0,0.1,0.0,0.0,0.0,0.0,0
OSAKA EVESSA,"Ray Parks Jr, Ryan Luther, Makoto Kinoshita, Yasunori Aoki, Matt Bonds","OSAKA EVESSA|1,11,31,4,5",1,0.4,25.0,2,0,1,0.0,0,1,0.0,2,3,66.7,0,0,0,1,0,0,0,0,4,2.3,86.2,144.9,-58.7,4.8,-2
RYUKYU GOLDEN KINGS,"Hayate Arakawa, Vic Law, Alex Kirk, Andrew Randall, Ryo Sadohara","RYUKYU GOLDEN KINGS|10,4,53,7,8",1,0.4,22.0,0,0,0,0,0,0,0,0,0,0,0,0,0,0,0,0,0,0,0,0.1,0.0,0.0,0.0,0.0,0
SUNROCKERS SHIBUYA,"Donte Grantham, John Lawrence Harper Jr, Troy Murphy Jr, Josh Hawkinson, Leo Vendrame","SUNROCKERS SHIBUYA|1,3,4,8,9",1,0.4,25.0,0,0,0,0,0,0,0,0,0,0,0,0,0,0,0,0,1,0,1,1.0,0.0,227.3,-227.3,0.0,-1
YOKOHAMA B-CORSAIRS,"Kiefer Ravena, Kaleb Tarczewski, Seiya Ando, Damien Inglis, Hiroki Taniguchi","YOKOHAMA B-CORSAIRS|15,25,3,4,7",1,0.4,22.0,0,0,0,0,0,0,0,0,0,0,0,0,0,1,0,0,0,0,2,0.1,0.0,200.0,-200.0,0.0,-2
SUNROCKERS SHIBUYA,"John Lawrence Harper Jr, Troy Murphy Jr, Thomas Welsh, Andrew Randall, Leo Vendrame","SUNROCKERS SHIBUYA|3,4,40,7,9",1,0.4,26.0,0,0,0,0,0,0,0,0,0,0,0,0,0,0,0,0,0,0,0,0.1,0.0,0.0,0.0,0.0,0
HIROSHIMA DRAGONFLIES,"Toshiki Kamisawa, Dwayne Evans II, Ryu Watanabe, Nick Mayo, Christopher Smith","HIROSHIMA DRAGONFLIES|10,13,21,24,8",1,0.4,23.0,2,1,1,100.0,0,0,0,0,0,0,0,0,0,0,0,0,0,0,0,1.0,200.0,0.0,200.0,5.22,2
AKITA NORTHERN HAPPINETS,"Yanni Wetzell, Taiyo Motoda, Takuya Nakayama, Raita Akaho, Alistair Tokio Tsuchiya","AKITA NORTHERN HAPPINETS|10,12,17,6,77",1,0.4,23.0,0,0,0,0,0,0,0,0,0,0,0,0,0,0,0,0,0,0,0,0.1,0.0,0.0,0.0,0.0,0
SEAHORSES MIKAWA,"Thomas Kennedy, Jake Layman, Ryogo Sumino, Davante Gardner, Satoshi Nagano","SEAHORSES MIKAWA|1,10,18,54,7",1,0.4,23.0,0,0,0,0,0,0,0,0,0,0,0,0,0,0,0,0,0,0,0,0.1,0.0,0.0,0.0,0.0,0
OSAKA EVESSA,"Joji Takeuchi, Makoto Kinoshita, Tatsuya Suzuki, Volodymyr Gerun, Seiga Sakamoto","OSAKA EVESSA|15,31,35,52,60",1,0.4,23.0,0,0,0,0,0,0,0,0,0,0,0,0,0,0,0,0,0,0,0,0.1,0.0,0.0,0.0,0.0,0
HIROSHIMA DRAGONFLIES,"Dwayne Evans II, Nick Mayo, Tatsuya Ito, Kaine Roberts, Christopher Smith","HIROSHIMA DRAGONFLIES|13,24,3,4,8",1,0.4,23.0,0,0,0,0,0,0,0,0,0,0,0,0,0,0,0,0,0,0,0,0.1,0.0,0.0,0.0,0.0,0
SHIMANE SUSANOO MAGIC,"Coty Clarke, James Michael McAdoo, Yuto Nohmi, Anthony Sho Sukegawa, Yuta Okada","SHIMANE SUSANOO MAGIC|1,14,21,7,77",2,0.4,26.0,0,0,0,0,0,0,0,0,0,0,0,0,0,0,0,0,0,0,0,0.1,0.0,0.0,0.0,0.0,0
FIGHTING EAGLES NAGOYA,"Jamorko Pickett, Mylo Murphy, Takaya Sasayama, Jeremy Jones, Ryuto Yasuoka","FIGHTING EAGLES NAGOYA|0,15,21,22,23",1,0.4,26.0,0,0,0,0,0,0,0,0,0,0,0,0,0,0,0,0,0,0,2,0.1,0.0,100.0,-100.0,0.0,-2
NAGOYA DIAMOND DOLPHINS,"Aaron Henry, Alan Williams, Takumi Saito, Keita Imamura, Hiyuu Ozawa","NAGOYA DIAMOND DOLPHINS|11,15,2,30,4",1,0.4,25.0,2,1,1,100.0,0,0,0,0,0,0,0,0,0,0,0,0,1,0,0,2.0,100.0,0.0,100.0,4.8,2
KOSHIGAYA ALPHAS,"Jarell Martin, Takeru Oba, Yuya Kamata, Kai Sugawara, Anthony Clemmons","KOSHIGAYA ALPHAS|1,14,18,28,5",1,0.4,22.0,1,0,0,0,0,0,0,1,1,100.0,0,0,0,0,0,0,0,0,0,0.4,227.3,0.0,227.3,2.73,1
KYOTO HANNARYZ,"Chehales Tapscott, Asato Ogawa, Leon Shibuta, Jordan Heath, Mone Alex Hall","KYOTO HANNARYZ|11,12,3,35,39",1,0.4,22.0,1,0,0,0,0,0,0,1,1,100.0,0,0,0,0,0,0,0,0,0,0.4,227.3,0.0,227.3,2.73,1
KYOTO HANNARYZ,"Chehales Tapscott, Asato Ogawa, Faraz Rashid, Mone Alex Hall, Takatoshi Furukawa","KYOTO HANNARYZ|11,12,24,39,51",1,0.4,26.0,0,0,0,0,0,0,0,0,0,0,0,0,0,0,0,0,0,0,0,0.1,0.0,0.0,0.0,0.0,0
KOSHIGAYA ALPHAS,"Jarell Martin, Takeru Oba, Yuya Kamata, Shun Matsuyama, Joseph Diawara","KOSHIGAYA ALPHAS|1,14,18,7,8",1,0.4,24.0,3,0,0,0,0,0,0,3,5,60.0,0,0,0,0,0,0,0,0,0,2.2,136.4,0.0,136.4,7.5,3
TOYAMA GROUSES,"Naoki Uto, Haruaki Tanaka, Yannis Morin, Kazuki Miyamoto, Trey Kell","TOYAMA GROUSES|11,17,24,7,8",1,0.4,23.0,2,1,3,33.3,0,2,0.0,0,0,0,0,0,0,0,0,0,0,0,0,3.0,66.7,0.0,66.7,5.22,2
KYOTO HANNARYZ,"Charles Jackson, Asato Ogawa, Hayato Kawashima, Leon Shibuta, Ira Brown","KYOTO HANNARYZ|10,12,15,3,33",1,0.4,22.0,1,0,0,0,0,0,0,1,1,100.0,0,0,0,0,0,0,0,0,0,0.4,227.3,0.0,227.3,2.73,1
SEAHORSES MIKAWA,"Thomas Kennedy, Jake Layman, Yutaro Suda, Yudai Nishida, Davante Gardner","SEAHORSES MIKAWA|1,10,13,19,54",1,0.4,24.0,0,0,2,0.0,0,0,0,0,0,0,0,0,0,0,0,0,0,0,4,2.0,0.0,200.0,-200.0,0.0,-4
GUNMA CRANE THUNDERS,"Kenny Asano, Kazuki Hosokawa, Terrance Woodbury, Takuto Nakamura, Kerry BlackshearJr","GUNMA CRANE THUNDERS|16,29,30,6,8",1,0.4,26.0,0,0,0,0,0,0,0,0,0,0,0,0,0,0,0,0,0,0,3,0.1,0.0,300.0,-300.0,0.0,-3
CHIBA JETS,"Yuta Watanabe, Ren Kanechika, Yuki Togashi, Jeff Gibbs, Nassir Little","CHIBA JETS|1,12,2,34,8",1,0.4,23.0,1,0,0,0,0,0,0,1,1,100.0,0,0,0,1,0,0,0,0,2,0.4,227.3,200.0,27.3,2.61,-1
CHIBA JETS,"Yuta Watanabe, DJ Hogg, Yuki Togashi, Shuta Hara, Jeff Gibbs","CHIBA JETS|1,10,2,31,34",1,0.4,25.0,1,0,0,0,0,0,0,1,1,100.0,0,0,0,0,0,0,0,0,0,0.4,227.3,0.0,227.3,2.4,1
SHIMANE SUSANOO MAGIC,"Coty Clarke, Taichi Nakamura, Ryosuke Shirahama, Hiryu Okamoto, Nick Kay","SHIMANE SUSANOO MAGIC|1,11,15,24,4",1,0.4,23.0,2,1,1,100.0,0,0,0,0,0,0,0,0,0,0,0,0,0,0,0,1.0,200.0,0.0,200.0,5.22,2
IBARAKI ROBOTS,"Kento Akama, Eric Jacobsen, Keita Tsurumaki, Noboru Hasegawa, Tyler Cook","IBARAKI ROBOTS|12,21,29,3,8",1,0.4,22.0,2,1,1,100.0,0,0,0,0,0,0,0,0,0,0,0,0,0,0,0,1.0,200.0,0.0,200.0,5.45,2
KAWASAKI BRAVE THUNDERS,"Kengo Nomoto, Reoto Yonesu, Dušan Ristić, Rosco Allen, Shuntaro Buto","KAWASAKI BRAVE THUNDERS|10,11,14,25,60",1,0.4,23.0,0,0,0,0,0,0,0,0,0,0,0,0,0,0,0,0,0,0,3,0.1,0.0,300.0,-300.0,0.0,-3
KOSHIGAYA ALPHAS,"Kai Sotto, Takeru Oba, Yuya Kamata, Anthony Clemmons, Davon Reed","KOSHIGAYA ALPHAS|11,14,18,5,9",1,0.4,22.0,0,0,0,0,0,0,0,0,0,0,0,0,0,0,0,0,0,0,0,0.1,0.0,0.0,0.0,0.0,0
SUNROCKERS SHIBUYA,"Reiya Nozaki, Thomas Welsh, Andrew Randall, Josh Hawkinson, Leo Vendrame","SUNROCKERS SHIBUYA|12,40,7,8,9",1,0.4,22.0,0,0,0,0,0,0,0,0,0,0,0,0,0,0,0,0,0,0,0,0.1,0.0,0.0,0.0,0.0,0
LEVANGA HOKKAIDO,"Kohei Sekino, Ren Shimatani, Jordan Ngatai, Jahlil Okafor, Keisei Tominaga","LEVANGA HOKKAIDO|1,15,20,22,30",1,0.4,25.0,3,1,2,50.0,0,0,0,1,1,100.0,0,0,0,1,0,0,0,0,1,2.4,123.0,227.3,-104.3,7.2,2
TOYAMA GROUSES,"Naoki Uto, Brock Motum, Matthew Aquino, Kazuki Miyamoto, Trey Kell","TOYAMA GROUSES|11,12,13,7,8",1,0.4,23.0,0,0,0,0,0,0,0,0,0,0,0,0,0,0,0,0,0,0,3,0.1,0.0,300.0,-300.0,0.0,-3
OSAKA EVESSA,"Joji Takeuchi, Tatsuya Suzuki, Matt Bonds, Seiga Sakamoto, Hayato Maki","OSAKA EVESSA|15,35,5,60,88",1,0.4,26.0,0,0,0,0,0,0,0,0,0,0,0,0,0,1,0,0,0,0,0,0.1,0.0,0.0,0.0,0.0,0
GUNMA CRANE THUNDERS,"Koh Flippin, AJ Edu, Trey Jones, Kerry BlackshearJr, Naoto Tsuji","GUNMA CRANE THUNDERS|1,15,4,8,9",1,0.4,22.0,0,0,1,0.0,0,1,0.0,0,0,0,0,0,0,0,0,0,0,0,2,1.0,0.0,200.0,-200.0,0.0,-2
OSAKA EVESSA,"Ryan Luther, Cyril Nesmith II, Makoto Kinoshita, Seiga Sakamoto, Hayato Maki","OSAKA EVESSA|11,23,31,60,88",1,0.4,24.0,0,0,0,0,0,0,0,0,0,0,0,0,0,0,0,0,1,0,5,1.0,0.0,250.0,-250.0,0.0,-5
SHIMANE SUSANOO MAGIC,"James Michael McAdoo, Yuto Nohmi, Nick Kay, Anthony Sho Sukegawa, Yuta Okada","SHIMANE SUSANOO MAGIC|14,21,4,7,77",1,0.4,25.0,0,0,0,0,0,0,0,0,0,0,0,0,0,1,0,0,0,0,2,0.1,0.0,200.0,-200.0,0.0,-2
RYUKYU GOLDEN KINGS,"Hayate Arakawa, Koya Kobari, Damyean Dotson, Jack Cooley, Ryo Sadohara","RYUKYU GOLDEN KINGS|10,2,21,45,8",1,0.4,25.0,2,1,1,100.0,0,0,0,0,0,0,0,0,0,0,0,0,0,0,0,1.0,200.0,0.0,200.0,4.8,2
SHIGA LAKES,"Zach Auguste, Daichi Nomoto, Junpei Iwashita, Ryan Kriener, Taiki Okada","SHIGA LAKES|0,16,2,4,6",1,0.4,24.0,3,1,1,100.0,1,1,100.0,0,0,0,0,0,0,1,0,0,0,0,0,1.0,300.0,0.0,300.0,7.5,3
SHIMANE SUSANOO MAGIC,"Taichi Nakamura, James Michael McAdoo, Yuto Nohmi, Nick Kay, Shota Arai","SHIMANE SUSANOO MAGIC|11,14,21,4,5",1,0.4,24.0,0,0,0,0,0,0,0,0,0,0,0,0,0,1,0,0,0,0,5,0.1,0.0,166.7,-166.7,0.0,-5
OSAKA EVESSA,"Ray Parks Jr, Joji Takeuchi, Tatsuya Suzuki, Matt Bonds, Hayato Maki","OSAKA EVESSA|1,15,35,5,88",1,0.4,25.0,0,0,0,0,0,0,0,0,0,0,0,0,0,0,0,0,0,0,3,0.1,0.0,123.0,-123.0,0.0,-3
SHIMANE SUSANOO MAGIC,"Taichi Nakamura, James Michael McAdoo, Yuto Nohmi, Nick Kay, Anthony Sho Sukegawa","SHIMANE SUSANOO MAGIC|11,14,21,4,7",1,0.4,22.0,0,0,1,0.0,0,1,0.0,0,0,0,0,0,0,0,0,0,0,0,2,1.0,0.0,200.0,-200.0,0.0,-2
SAGA BALLOONERS,"Ryo Abe, Atsuki Kishida, Tanner Groves, David Dudzinski, Ryota Inoue","SAGA BALLOONERS|13,20,22,23,34",1,0.4,25.0,0,0,0,0,0,0,0,0,0,0,0,0,0,0,0,0,0,0,2,0.1,0.0,200.0,-200.0,0.0,-2
ALTIRI CHIBA,"Kei Sugimoto, Yuta Osaki, Trey Porter, Naoya Kumagae, Dererk Pardon","ALTIRI CHIBA|11,16,22,27,7",1,0.4,24.0,0,0,1,0.0,0,1,0.0,0,0,0,0,0,0,0,0,0,0,0,3,1.0,0.0,300.0,-300.0,0.0,-3
NAGASAKI VELCA,"Ko Kumagai, Stanley Johnson, Hayato Yamaguchi, Mitchell Lightfoot, Hyunjung Lee","NAGASAKI VELCA|11,14,17,44,5",1,0.4,22.0,3,1,1,100.0,1,1,100.0,0,0,0,0,0,0,0,0,0,0,0,0,1.0,300.0,0.0,300.0,8.18,3
AKITA NORTHERN HAPPINETS,"Takuya Nakayama, Yori Iwaya, Kanji Takahira, Keanu Pinder, Angelo Chol","AKITA NORTHERN HAPPINETS|17,18,24,25,27",2,0.4,26.0,2,1,1,100.0,0,0,0,0,0,0,0,0,0,0,0,0,0,0,7,1.0,200.0,210.8,-10.8,4.62,-5
SAGA BALLOONERS,"Atsuki Kishida, Tanner Groves, David Dudzinski, Taiki Sumida, Ryota Inoue","SAGA BALLOONERS|20,22,23,25,34",1,0.4,25.0,2,1,1,100.0,0,0,0,0,0,0,0,0,0,0,0,0,0,0,0,1.0,200.0,0.0,200.0,4.8,2
KYOTO HANNARYZ,"Ryunosuke Watanabe, Angelo Caloiaro, Ira Brown, Jordan Heath, Takatoshi Furukawa","KYOTO HANNARYZ|16,32,33,35,51",2,0.4,26.0,0,0,0,0,0,0,0,0,0,0,0,0,0,0,0,0,0,0,0,0.1,0.0,0.0,0.0,0.0,0
OSAKA EVESSA,"Ray Parks Jr, Ryan Luther, Joji Takeuchi, Rei Goda, Matt Bonds","OSAKA EVESSA|1,11,15,20,5",1,0.4,26.0,7,0,0,0,0,0,0,7,8,87.5,0,0,0,1,0,0,0,0,0,3.5,198.9,0.0,198.9,16.15,7
SUNROCKERS SHIBUYA,"Donte Grantham, Toyoshige Kano, Troy Murphy Jr, Josh Hawkinson, Leo Vendrame","SUNROCKERS SHIBUYA|1,14,4,8,9",1,0.4,22.0,0,0,0,0,0,0,0,0,0,0,0,0,0,0,0,0,0,0,0,0.1,0.0,0.0,0.0,0.0,0
FIGHTING EAGLES NAGOYA,"Jamorko Pickett, Tensho Sugimoto, Ryuto Yasuoka, Narito Namizato, Andrew Randall","FIGHTING EAGLES NAGOYA|0,10,23,3,33",1,0.4,24.0,0,0,0,0,0,0,0,0,0,0,0,0,0,1,0,0,0,0,0,0.1,0.0,0.0,0.0,0.0,0
NAGASAKI VELCA,"Stanley Johnson, Hayato Yamaguchi, Yudai Baba, Mitchell Lightfoot, Hyunjung Lee","NAGASAKI VELCA|14,17,18,44,5",1,0.4,24.0,0,0,0,0,0,0,0,0,0,0,0,0,0,0,0,0,0,0,0,0.1,0.0,0.0,0.0,0.0,0
SAN-EN NEOPHOENIX,"Yante Maten, Hirotaka Yoshii, David Nwaba, Ryusei Sasaki, Kazuma Tsuya","SAN-EN NEOPHOENIX|1,10,2,24,28",1,0.4,23.0,2,1,2,50.0,0,0,0,0,0,0,0,0,0,0,0,0,0,0,0,2.0,100.0,0.0,100.0,5.22,2
OSAKA EVESSA,"Tatsuya Suzuki, Matt Bonds, Volodymyr Gerun, Yoshiya Uematsu, Hayato Maki","OSAKA EVESSA|35,5,52,8,88",1,0.4,25.0,0,0,1,0.0,0,1,0.0,0,0,0,0,0,0,0,0,0,0,0,0,1.0,0.0,0.0,0.0,0.0,0
YOKOHAMA B-CORSAIRS,"Kiefer Ravena, Kenta Morii, Maik Kotsar, Damien Inglis, Gakuto Arai","YOKOHAMA B-CORSAIRS|15,18,21,4,6",2,0.4,22.0,0,0,0,0,0,0,0,0,0,0,0,0,0,0,0,0,0,0,0,0.1,0.0,0.0,0.0,0.0,0
SENDAI 89ERS,"Shota Watanabe, Kazuma Okajima, Nathan Boothe, Seiya Funyu, Jarrett Culver","SENDAI 89ERS|15,3,45,7,8",1,0.4,23.0,0,0,0,0,0,0,0,0,0,0,0,0,0,1,0,0,0,0,2,0.1,0.0,200.0,-200.0,0.0,-2
LEVANGA HOKKAIDO,"Kohei Sekino, Ren Shimatani, Kaito Morizane, Kevin Jones, Yu Kibayashi","LEVANGA HOKKAIDO|1,15,34,5,8",1,0.4,22.0,0,0,0,0,0,0,0,0,0,0,0,0,0,0,0,0,0,0,0,0.1,0.0,0.0,0.0,0.0,0
ALTIRI CHIBA,"Kei Sugimoto, Trey Porter, Yuto Otsuka, Kotetsu Kurokawa, Luke Evans","ALTIRI CHIBA|11,22,24,3,33",1,0.4,22.0,0,0,0,0,0,0,0,0,0,0,0,0,0,0,0,0,0,0,0,0.1,0.0,0.0,0.0,0.0,0
LEVANGA HOKKAIDO,"Kohei Sekino, Ren Shimatani, Dwight Ramos, Max Hisatake, Kevin Jones","LEVANGA HOKKAIDO|1,15,2,29,5",1,0.4,23.0,0,0,0,0,0,0,0,0,0,0,0,0,0,0,0,0,1,0,0,1.0,0.0,0.0,0.0,0.0,0
YOKOHAMA B-CORSAIRS,"Kenta Morii, Maik Kotsar, Seiya Ando, Koya Sudo, Damien Inglis","YOKOHAMA B-CORSAIRS|18,21,3,30,4",1,0.4,23.0,0,0,0,0,0,0,0,0,0,0,0,0,0,0,0,0,0,0,0,0.1,0.0,0.0,0.0,0.0,0
GUNMA CRANE THUNDERS,"Koh Flippin, AJ Edu, Kazuki Hosokawa, Johannes Thiemann, Naoto Tsuji","GUNMA CRANE THUNDERS|1,15,29,32,9",1,0.4,26.0,0,0,0,0,0,0,0,0,0,0,0,0,0,0,0,0,0,0,0,0.1,0.0,0.0,0.0,0.0,0
GUNMA CRANE THUNDERS,"Yuma Fujii, Koh Flippin, Kazuki Hosokawa, Johannes Thiemann, Kerry BlackshearJr","GUNMA CRANE THUNDERS|0,1,29,32,8",1,0.4,25.0,0,0,1,0.0,0,1,0.0,0,0,0,0,0,0,0,0,0,0,0,0,1.0,0.0,0.0,0.0,0.0,0
SUNROCKERS SHIBUYA,"Donte Grantham, Reiya Nozaki, Keitaro Ohba, Josh Hawkinson, Leo Vendrame","SUNROCKERS SHIBUYA|1,12,18,8,9",1,0.4,25.0,0,0,1,0.0,0,0,0,0,0,0,0,0,0,0,0,0,0,0,0,1.0,0.0,0.0,0.0,0.0,0
SHIMANE SUSANOO MAGIC,"Coty Clarke, Ryosuke Shirahama, Fumiya Iio, Nick Kay, Shota Arai","SHIMANE SUSANOO MAGIC|1,15,22,4,5",1,0.4,25.0,0,0,0,0,0,0,0,0,0,0,0,0,0,0,0,0,0,0,2,0.1,0.0,200.0,-200.0,0.0,-2
SAGA BALLOONERS,"Sori Uchio, Reynaldo Garcia, Tanner Groves, Taiki Sumida, Josh Harrellson","SAGA BALLOONERS|18,2,22,25,55",1,0.4,23.0,3,1,1,100.0,1,1,100.0,0,0,0,0,0,0,0,0,0,0,0,0,1.0,300.0,0.0,300.0,7.83,3
SUNROCKERS SHIBUYA,"Donte Grantham, John Lawrence Harper Jr, Thomas Welsh, Josh Hawkinson, Leo Vendrame","SUNROCKERS SHIBUYA|1,3,40,8,9",1,0.4,25.0,0,0,1,0.0,0,1,0.0,0,0,0,0,0,0,0,0,0,0,0,2,1.0,0.0,138.9,-138.9,0.0,-2
TOYAMA GROUSES,"Haruaki Tanaka, Yannis Morin, Daichi Kuzuhara, Yuzo Okada, Trey Kell","TOYAMA GROUSES|17,24,25,3,8",1,0.4,25.0,6,2,2,100.0,1,1,100.0,1,1,100.0,0,0,0,0,0,0,0,0,2,2.4,245.9,200.0,45.9,14.4,4
YOKOHAMA B-CORSAIRS,"Maik Kotsar, Hiroki Matsuzaki, Seiya Ando, Gakuto Arai, Gary Clark","YOKOHAMA B-CORSAIRS|21,24,3,6,8",1,0.4,24.0,0,0,1,0.0,0,1,0.0,0,0,0,0,0,0,0,0,0,0,0,2,1.0,0.0,100.0,-100.0,0.0,-2
KOSHIGAYA ALPHAS,"Yuichi Ikeda, Yuya Kamata, Sekou Doumbouya, Anthony Clemmons, Shun Matsuyama","KOSHIGAYA ALPHAS|12,18,45,5,7",1,0.4,24.0,0,0,1,0.0,0,1,0.0,0,0,0,0,0,0,0,0,0,0,0,0,1.0,0.0,0.0,0.0,0.0,0
SUNROCKERS SHIBUYA,"Didi Louzada, Donte Grantham, Morihisa Yamauchi, Josh Hawkinson, Leo Vendrame","SUNROCKERS SHIBUYA|0,1,32,8,9",1,0.4,25.0,1,0,0,0,0,0,0,1,2,50.0,0,0,0,0,0,0,0,0,3,0.9,113.6,227.3,-113.6,2.4,-2
HIROSHIMA DRAGONFLIES,"Kofi Cockburn, Nick Mayo, Tatsuya Ito, Kevin Hareyama, Keijiro Mitani","HIROSHIMA DRAGONFLIES|23,24,3,32,34",1,0.4,26.0,0,0,0,0,0,0,0,0,0,0,0,0,0,1,0,0,0,0,0,0.1,0.0,0.0,0.0,0.0,0
TOYAMA GROUSES,"Brock Motum, Towa Izumi, Haruaki Tanaka, Yannis Morin, Kazuki Miyamoto","TOYAMA GROUSES|12,14,17,24,7",1,0.4,26.0,0,0,1,0.0,0,0,0,0,0,0,0,0,0,0,0,0,0,0,0,1.0,0.0,0.0,0.0,0.0,0
B.BLACK,"Keita Imamura, Kotetsu Kurokawa, Keisei Tominaga, Ryusei Shinoyama, Christopher Smith","B.BLACK|14,24,30,7,8",1,0.4,24.0,0,0,0,0,0,0,0,0,0,0,0,0,0,1,0,0,0,0,0,0.1,0.0,0.0,0.0,0.0,0
B.WHITE,"Zach Auguste, Yuta Watanabe, Ryuichi Kishimoto, Vic Law, Josh Hawkinson","B.WHITE|0,1,14,4,8",1,0.4,24.0,0,0,0,0,0,0,0,0,0,0,0,0,0,0,0,0,0,0,0,0.1,0.0,0.0,0.0,0.0,0
AKITA NORTHERN HAPPINETS,"Tanner Leissner, Kanji Takahira, Keanu Pinder, Shigehiro Taguchi, Raita Akaho","AKITA NORTHERN HAPPINETS|15,24,25,5,6",1,0.3,19.0,0,0,0,0,0,0,0,0,0,0,0,0,0,0,0,0,0,0,0,0.1,0.0,0.0,0.0,0.0,0
TOYAMA GROUSES,"Naoki Uto, Haruaki Tanaka, Yannis Morin, Yuzo Okada, Trey Kell","TOYAMA GROUSES|11,17,24,3,8",1,0.3,21.0,0,0,1,0.0,0,1,0.0,0,0,0,0,0,0,0,0,0,0,0,2,1.0,0.0,200.0,-200.0,0.0,-2
KYOTO HANNARYZ,"Charles Jackson, Asato Ogawa, Satoru Maeta, Hayato Kawashima, Jordan Heath","KYOTO HANNARYZ|10,12,13,15,35",2,0.3,18.0,0,0,1,0.0,0,1,0.0,0,0,0,0,0,0,0,0,0,0,0,3,1.0,0.0,159.6,-159.6,0.0,-3
GUNMA CRANE THUNDERS,"AJ Edu, Kazuki Hosokawa, Johannes Thiemann, Trey Jones, Naoto Tsuji","GUNMA CRANE THUNDERS|15,29,32,4,9",1,0.3,21.0,0,0,1,0.0,0,0,0,0,0,0,0,0,0,0,0,0,0,0,2,1.0,0.0,200.0,-200.0,0.0,-2
IBARAKI ROBOTS,"Genki Kojima, Ru Jingaoka, Kohei Nakamura, Hayate Komasawa, Jae-Min Yang","IBARAKI ROBOTS|1,10,13,7,9",1,0.3,21.0,2,1,1,100.0,0,0,0,0,0,0,0,0,0,0,0,0,0,0,0,1.0,200.0,0.0,200.0,5.71,2
IBARAKI ROBOTS,"Genki Kojima, Ru Jingaoka, Eric Jacobsen, Hayate Komasawa, Tyler Cook","IBARAKI ROBOTS|1,10,21,7,8",1,0.3,17.0,0,0,0,0,0,0,0,0,0,0,0,0,0,0,0,0,0,0,0,0.1,0.0,0.0,0.0,0.0,0
SUNROCKERS SHIBUYA,"Didi Louzada, John Lawrence Harper Jr, Thomas Welsh, Josh Hawkinson, Leo Vendrame","SUNROCKERS SHIBUYA|0,3,40,8,9",1,0.3,17.0,0,0,0,0,0,0,0,0,0,0,0,0,0,0,0,0,0,0,0,0.1,0.0,0.0,0.0,0.0,0
SENDAI 89ERS,"Hirohide Araya, Boubacar Toure, Ryota Hanzawa, Nathan Boothe, Sergio El Darwich","SENDAI 89ERS|11,21,23,45,9",1,0.3,20.0,0,0,0,0,0,0,0,0,0,0,0,0,0,1,0,0,0,0,3,0.1,0.0,300.0,-300.0,0.0,-3
KAWASAKI BRAVE THUNDERS,"Shota Tsuyama, Rosco Allen, Kanta Mizuno, Jaheru Ryuto Yamauchi, Emanuel Terry","KAWASAKI BRAVE THUNDERS|13,25,3,45,5",1,0.3,20.0,3,1,1,100.0,1,1,100.0,0,0,0,0,0,0,0,0,0,0,0,0,1.0,300.0,0.0,300.0,9.0,3
SAN-EN NEOPHOENIX,"Yante Maten, Hirotaka Yoshii, Hayato Wakugawa, David Nwaba, Kazuma Tsuya","SAN-EN NEOPHOENIX|1,10,14,2,28",2,0.3,21.0,3,1,1,100.0,0,0,0,1,2,50.0,0,0,0,0,0,0,0,0,0,1.9,159.6,0.0,159.6,8.57,3
ALTIRI CHIBA,"Takaaki Kida, Brandon Ashley, Luke Evans, Reo Maeda, Dererk Pardon","ALTIRI CHIBA|0,21,33,5,7",1,0.3,16.0,0,0,0,0,0,0,0,0,0,0,0,0,0,0,0,0,0,0,0,0.1,0.0,0.0,0.0,0.0,0
ALTIRI CHIBA,"Takaaki Kida, Kei Sugimoto, Brandon Ashley, Kotetsu Kurokawa, Dererk Pardon","ALTIRI CHIBA|0,11,21,3,7",1,0.3,20.0,0,0,0,0,0,0,0,0,0,0,0,0,0,0,0,0,0,0,2,0.1,0.0,227.3,-227.3,0.0,-2
AKITA NORTHERN HAPPINETS,"Tanner Leissner, Takuya Nakayama, Ali Mezher, Keanu Pinder, Raita Akaho","AKITA NORTHERN HAPPINETS|15,17,22,25,6",1,0.3,21.0,0,0,0,0,0,0,0,0,0,0,0,0,0,0,0,0,0,0,0,0.1,0.0,0.0,0.0,0.0,0
KYOTO HANNARYZ,"Chehales Tapscott, Ryunosuke Watanabe, Ira Brown, Mone Alex Hall, Takatoshi Furukawa","KYOTO HANNARYZ|11,16,33,39,51",1,0.3,16.0,0,0,0,0,0,0,0,0,0,0,0,0,0,0,0,0,0,0,0,0.1,0.0,0.0,0.0,0.0,0
ALVARK TOKYO,"Marcus Foster, Sota Okura, Gen Hiraiwa, Ryan Rossiter, Taiki Osakabe","ALVARK TOKYO|17,2,21,22,75",1,0.3,17.0,0,0,0,0,0,0,0,0,0,0,0,0,0,0,0,0,0,0,2,0.1,0.0,200.0,-200.0,0.0,-2
KYOTO HANNARYZ,"Chehales Tapscott, Satoru Maeta, Hayato Kawashima, Jordan Heath, Mone Alex Hall","KYOTO HANNARYZ|11,13,15,35,39",1,0.3,16.0,3,1,1,100.0,1,1,100.0,0,0,0,0,0,0,1,0,0,0,0,3,1.0,300.0,300.0,0.0,11.25,0
OSAKA EVESSA,"Ray Parks Jr, Makoto Kinoshita, Matt Bonds, Volodymyr Gerun, Seiga Sakamoto","OSAKA EVESSA|1,31,5,52,60",1,0.3,18.0,2,1,2,50.0,0,1,0.0,0,0,0,0,0,0,0,0,0,0,0,3,2.0,100.0,170.5,-70.5,6.67,-1
SAN-EN NEOPHOENIX,"Steve Zack, Hirotaka Yoshii, David Nwaba, Dai Nemoto, Sota Oura","SAN-EN NEOPHOENIX|00,10,2,20,5",1,0.3,21.0,0,0,0,0,0,0,0,0,0,0,0,0,0,0,0,0,0,0,3,0.1,0.0,150.0,-150.0,0.0,-3
SHIMANE SUSANOO MAGIC,"Taichi Nakamura, James Michael McAdoo, Seishin Yokochi, Yuto Nohmi, Yuta Okada","SHIMANE SUSANOO MAGIC|11,14,17,21,77",1,0.3,16.0,0,0,0,0,0,0,0,0,0,0,0,0,0,0,0,0,0,0,0,0.1,0.0,0.0,0.0,0.0,0
SENDAI 89ERS,"Yusei Sugiura, Ryota Hanzawa, Nathan Boothe, Seiya Funyu, Soichiro Inoue","SENDAI 89ERS|14,23,45,7,75",1,0.3,17.0,0,0,0,0,0,0,0,0,0,0,0,0,0,0,0,0,0,0,0,0.1,0.0,0.0,0.0,0.0,0
YOKOHAMA B-CORSAIRS,"Kenta Morii, Kai King, Kaleb Tarczewski, Damien Inglis, Tatsumi Yu","YOKOHAMA B-CORSAIRS|18,23,25,4,51",1,0.3,20.0,0,0,0,0,0,0,0,0,0,0,0,0,0,0,0,0,0,0,0,0.1,0.0,0.0,0.0,0.0,0
YOKOHAMA B-CORSAIRS,"Kai King, Seiya Ando, Damien Inglis, Tatsumi Yu, Gary Clark","YOKOHAMA B-CORSAIRS|23,3,4,51,8",1,0.3,17.0,1,0,0,0,0,0,0,1,1,100.0,0,0,0,0,0,0,0,0,0,0.4,227.3,0.0,227.3,3.53,1
CHIBA JETS,"Yuta Watanabe, Ren Kanechika, Naoki Tashiro, Riku Segawa, Michael Ou","CHIBA JETS|1,12,4,5,7",1,0.3,19.0,0,0,0,0,0,0,0,0,0,0,0,0,0,0,0,0,0,0,0,0.1,0.0,0.0,0.0,0.0,0
SAN-EN NEOPHOENIX,"Tshilidzi Kawata, David Nwaba, Jordan Dallas, Kazuma Tsuya, Sota Oura","SAN-EN NEOPHOENIX|15,2,22,28,5",1,0.3,21.0,0,0,1,0.0,0,1,0.0,0,0,0,0,0,0,0,0,0,0,0,0,1.0,0.0,0.0,0.0,0.0,0
KYOTO HANNARYZ,"Chehales Tapscott, Satoru Maeta, Jordan Heath, Mone Alex Hall, Takatoshi Furukawa","KYOTO HANNARYZ|11,13,35,39,51",1,0.3,17.0,0,0,0,0,0,0,0,0,0,0,0,0,0,0,0,0,0,0,0,0.1,0.0,0.0,0.0,0.0,0
CHIBA JETS,"Yuta Watanabe, DJ Hogg, Ren Kanechika, Riku Segawa, Michael Ou","CHIBA JETS|1,10,12,5,7",1,0.3,21.0,3,1,1,100.0,1,1,100.0,0,0,0,0,0,0,0,0,0,0,0,0,1.0,300.0,0.0,300.0,8.57,3
SAN-EN NEOPHOENIX,"Steve Zack, Hirotaka Yoshii, Hayato Wakugawa, David Nwaba, Dai Nemoto","SAN-EN NEOPHOENIX|00,10,14,2,20",1,0.3,20.0,3,1,1,100.0,1,1,100.0,0,0,0,0,0,0,0,0,0,0,0,0,1.0,300.0,0.0,300.0,9.0,3
UTSUNOMIYA BREX,"Jamel Mclean, Shinji Takashima, Seiji Ikaruga, Isaac Fotu, Yusuke Endo","UTSUNOMIYA BREX|1,12,18,42,9",1,0.3,16.0,0,0,0,0,0,0,0,0,0,0,0,0,0,0,0,0,0,0,0,0.1,0.0,0.0,0.0,0.0,0
SENDAI 89ERS,"Boubacar Toure, Ryota Hanzawa, Kazuma Okajima, Nathan Boothe, Seiya Funyu","SENDAI 89ERS|21,23,3,45,7",1,0.3,21.0,3,1,1,100.0,1,1,100.0,0,0,0,0,0,0,0,0,0,0,0,0,1.0,300.0,0.0,300.0,8.57,3
CHIBA JETS,"DJ Hogg, Ren Kanechika, Kenny Lawson Jr, Naoki Tashiro, Riku Segawa","CHIBA JETS|10,12,21,4,5",1,0.3,20.0,0,0,0,0,0,0,0,0,0,0,0,0,0,1,0,0,0,0,5,0.1,0.0,166.7,-166.7,0.0,-5
HIROSHIMA DRAGONFLIES,"Dwayne Evans II, Tatsuya Ito, Kevin Hareyama, Keijiro Mitani, Christopher Smith","HIROSHIMA DRAGONFLIES|13,3,32,34,8",1,0.3,20.0,0,0,1,0.0,0,1,0.0,0,0,0,0,0,0,0,0,0,0,0,2,1.0,0.0,200.0,-200.0,0.0,-2
SEAHORSES MIKAWA,"Jake Layman, Yoshiaki Kubota, Ryogo Sumino, Avi Koki Schafer, Davante Gardner","SEAHORSES MIKAWA|10,11,18,32,54",1,0.3,21.0,0,0,0,0,0,0,0,0,0,0,0,0,0,0,0,0,0,0,2,0.1,0.0,200.0,-200.0,0.0,-2
CHIBA JETS,"Ren Kanechika, Yuki Togashi, John Mooney, Riku Segawa, Michael Ou","CHIBA JETS|12,2,33,5,7",1,0.3,16.0,0,0,0,0,0,0,0,0,0,0,0,0,0,0,0,0,0,0,2,0.1,0.0,200.0,-200.0,0.0,-2
KOSHIGAYA ALPHAS,"Jarell Martin, Yuichi Ikeda, Kai Sugawara, Sekou Doumbouya, Hamiltongary Kotera","KOSHIGAYA ALPHAS|1,12,28,45,6",1,0.3,19.0,0,0,0,0,0,0,0,0,0,0,0,0,0,0,0,0,1,0,0,1.0,0.0,0.0,0.0,0.0,0
ALTIRI CHIBA,"Yuta Osaki, Trey Porter, Naoya Kumagae, Kotetsu Kurokawa, Dererk Pardon","ALTIRI CHIBA|16,22,27,3,7",1,0.3,16.0,0,0,0,0,0,0,0,0,0,0,0,0,0,0,0,0,0,0,0,0.1,0.0,0.0,0.0,0.0,0
ALTIRI CHIBA,"Kei Sugimoto, Brandon Ashley, Naoya Kumagae, Kotetsu Kurokawa, Dererk Pardon","ALTIRI CHIBA|11,21,27,3,7",1,0.3,17.0,0,0,0,0,0,0,0,0,0,0,0,0,0,0,0,0,0,0,2,0.1,0.0,200.0,-200.0,0.0,-2
SUNROCKERS SHIBUYA,"Donte Grantham, Daiki Tanaka, Toyoshige Kano, Josh Hawkinson, Leo Vendrame","SUNROCKERS SHIBUYA|1,13,14,8,9",1,0.3,20.0,0,0,0,0,0,0,0,0,0,0,0,0,0,1,0,0,0,0,3,0.1,0.0,300.0,-300.0,0.0,-3
IBARAKI ROBOTS,"Robert Franks, Kotaro Hisaoka, Keita Tsurumaki, Tyler Cook, Jae-Min Yang","IBARAKI ROBOTS|0,14,29,8,9",1,0.3,17.0,0,0,0,0,0,0,0,0,0,0,0,0,0,0,0,0,0,0,0,0.1,0.0,0.0,0.0,0.0,0
YOKOHAMA B-CORSAIRS,"Kiefer Ravena, Kenta Morii, Damien Inglis, Hiroki Taniguchi, Gary Clark","YOKOHAMA B-CORSAIRS|15,18,4,7,8",1,0.3,16.0,0,0,0,0,0,0,0,0,0,0,0,0,0,0,0,0,0,0,0,0.1,0.0,0.0,0.0,0.0,0
SHIGA LAKES,"Thomas Wimbush, Sean Ichioka, Shintaro Ehara, Ryan Kriener, Ai-Che Yu","SHIGA LAKES|20,22,25,4,7",1,0.3,16.0,0,0,0,0,0,0,0,0,0,0,0,0,0,0,0,0,0,0,0,0.1,0.0,0.0,0.0,0.0,0
OSAKA EVESSA,"Ray Parks Jr, Joji Takeuchi, Yasunori Aoki, Matt Bonds, Yoshiya Uematsu","OSAKA EVESSA|1,15,4,5,8",2,0.3,18.0,0,0,0,0,0,0,0,0,0,0,0,0,0,0,0,0,1,0,0,1.0,0.0,0.0,0.0,0.0,0
YOKOHAMA B-CORSAIRS,"Kenta Morii, Kai King, Seiya Ando, Damien Inglis, Tatsumi Yu","YOKOHAMA B-CORSAIRS|18,23,3,4,51",1,0.3,19.0,0,0,0,0,0,0,0,0,0,0,0,0,0,0,0,0,0,0,0,0.1,0.0,0.0,0.0,0.0,0
YOKOHAMA B-CORSAIRS,"Kai King, Seiya Ando, Damien Inglis, Hiroki Taniguchi, Gary Clark","YOKOHAMA B-CORSAIRS|23,3,4,7,8",1,0.3,20.0,1,0,0,0,0,0,0,1,1,100.0,0,0,0,0,0,0,0,0,0,0.4,227.3,0.0,227.3,3.0,1
AKITA NORTHERN HAPPINETS,"Jamel Mclean, Takuya Nakayama, Ali Mezher, Keanu Pinder, Raita Akaho","AKITA NORTHERN HAPPINETS|1,17,22,25,6",1,0.3,19.0,0,0,0,0,0,0,0,0,0,0,0,0,0,0,0,0,0,0,0,0.1,0.0,0.0,0.0,0.0,0
NAGOYA DIAMOND DOLPHINS,"Taito Nakahigashi, Taketo Kato, Kyle Richardson, Scott Eatherton, Isaiah Murphy","NAGOYA DIAMOND DOLPHINS|12,3,34,43,5",1,0.3,16.0,0,0,0,0,0,0,0,0,0,0,0,0,0,0,0,0,0,0,0,0.1,0.0,0.0,0.0,0.0,0
NAGOYA DIAMOND DOLPHINS,"Taito Nakahigashi, Takumi Saito, Kyle Richardson, Scott Eatherton, Isaiah Murphy","NAGOYA DIAMOND DOLPHINS|12,2,34,43,5",2,0.3,18.0,0,0,0,0,0,0,0,0,0,0,0,0,0,0,0,0,0,0,0,0.1,0.0,0.0,0.0,0.0,0
GUNMA CRANE THUNDERS,"Yuma Fujii, Kenny Asano, Kazuki Hosokawa, Terrance Woodbury, Daichi Taniguchi","GUNMA CRANE THUNDERS|0,16,29,30,55",1,0.3,21.0,0,0,0,0,0,0,0,0,0,0,0,0,0,0,0,0,0,0,0,0.1,0.0,0.0,0.0,0.0,0
SAN-EN NEOPHOENIX,"David Nwaba, Ryusei Sasaki, Kazuma Tsuya, Darius Days, Sota Oura","SAN-EN NEOPHOENIX|2,24,28,4,5",1,0.3,19.0,5,1,2,50.0,1,2,50.0,2,2,100.0,0,0,0,1,0,0,0,0,3,2.9,173.6,108.7,64.9,15.79,2
KAWASAKI BRAVE THUNDERS,"Dušan Ristić, Rosco Allen, Kanta Mizuno, Takumi Hasegawa, Taiga Okada","KAWASAKI BRAVE THUNDERS|14,25,3,33,55",1,0.3,17.0,0,0,0,0,0,0,0,0,0,0,0,0,0,1,0,0,0,0,2,0.1,0.0,200.0,-200.0,0.0,-2
KAWASAKI BRAVE THUNDERS,"Shota Tsuyama, Dušan Ristić, Rosco Allen, Takumi Hasegawa, Taiga Okada","KAWASAKI BRAVE THUNDERS|13,14,25,33,55",1,0.3,20.0,0,0,0,0,0,0,0,0,0,0,0,0,0,1,0,0,0,0,2,0.1,0.0,200.0,-200.0,0.0,-2
HIROSHIMA DRAGONFLIES,"Ryu Watanabe, Kofi Cockburn, Ryo Yamazaki, Keijiro Mitani, Christopher Smith","HIROSHIMA DRAGONFLIES|21,23,30,34,8",1,0.3,20.0,0,0,0,0,0,0,0,0,0,0,0,0,0,0,0,0,0,0,0,0.1,0.0,0.0,0.0,0.0,0
ALVARK TOKYO,"Marcus Foster, Sota Okura, Ryan Rossiter, FRANK KAMINSKY, Shuto Ando","ALVARK TOKYO|17,2,22,44,9",1,0.3,19.0,0,0,1,0.0,0,0,0,0,0,0,0,0,0,0,0,0,0,0,0,1.0,0.0,0.0,0.0,0.0,0
ALVARK TOKYO,"Marcus Foster, Sota Okura, Ryan Rossiter, FRANK KAMINSKY, Taiki Osakabe","ALVARK TOKYO|17,2,22,44,75",1,0.3,19.0,3,1,1,100.0,1,1,100.0,0,0,0,0,0,0,0,0,0,0,0,0,1.0,300.0,0.0,300.0,9.47,3
AKITA NORTHERN HAPPINETS,"Yanni Wetzell, Takuya Nakayama, Keanu Pinder, Raita Akaho, Alistair Tokio Tsuchiya","AKITA NORTHERN HAPPINETS|10,17,25,6,77",1,0.3,18.0,0,0,0,0,0,0,0,0,0,0,0,0,0,0,0,0,0,0,0,0.1,0.0,0.0,0.0,0.0,0
ALTIRI CHIBA,"Naoya Kumagae, Kotetsu Kurokawa, Luke Evans, Reo Maeda, Dererk Pardon","ALTIRI CHIBA|27,3,33,5,7",1,0.3,17.0,2,1,1,100.0,0,0,0,0,0,0,0,0,0,0,0,0,0,0,0,1.0,200.0,0.0,200.0,7.06,2
HIROSHIMA DRAGONFLIES,"Dwayne Evans II, Ryo Yamazaki, Keijiro Mitani, Christopher Smith, Ryosei Sato","HIROSHIMA DRAGONFLIES|13,30,34,8,88",1,0.3,16.0,0,0,0,0,0,0,0,0,0,0,0,0,0,0,0,0,0,0,0,0.1,0.0,0.0,0.0,0.0,0
TOYAMA GROUSES,"Naoki Uto, Haruaki Tanaka, Yannis Morin, Nyika Williams, Takeshi Mito","TOYAMA GROUSES|11,17,24,6,9",1,0.3,20.0,0,0,0,0,0,0,0,0,0,0,0,0,0,0,0,0,0,0,0,0.1,0.0,0.0,0.0,0.0,0
KOSHIGAYA ALPHAS,"Jarell Martin, Takeru Oba, Yuya Kamata, Kaito Shike, Anthony Clemmons","KOSHIGAYA ALPHAS|1,14,18,4,5",1,0.3,20.0,0,0,1,0.0,0,0,0,0,0,0,0,0,0,0,0,0,0,0,0,1.0,0.0,0.0,0.0,0.0,0
OSAKA EVESSA,"Ray Parks Jr, Makoto Kinoshita, Joshua Smith, Tatsuya Suzuki, Seiga Sakamoto","OSAKA EVESSA|1,31,34,35,60",1,0.3,20.0,0,0,0,0,0,0,0,0,0,0,0,0,0,0,0,0,0,0,0,0.1,0.0,0.0,0.0,0.0,0
SENDAI 89ERS,"Hirohide Araya, Boubacar Toure, Kazuma Okajima, Soichiro Inoue, Jarrett Culver","SENDAI 89ERS|11,21,3,75,8",1,0.3,20.0,0,0,0,0,0,0,0,0,0,0,0,0,0,0,0,0,0,0,0,0.1,0.0,0.0,0.0,0.0,0
OSAKA EVESSA,"Ryan Luther, Joji Takeuchi, Makoto Kinoshita, Yasunori Aoki, Hayato Maki","OSAKA EVESSA|11,15,31,4,88",1,0.3,19.0,0,0,0,0,0,0,0,0,0,0,0,0,0,0,0,0,0,0,0,0.1,0.0,0.0,0.0,0.0,0
SHIMANE SUSANOO MAGIC,"Taichi Nakamura, Yuto Nohmi, Hiryu Okamoto, Nick Kay, Yuta Okada","SHIMANE SUSANOO MAGIC|11,21,24,4,77",1,0.3,19.0,2,0,1,0.0,0,0,0,2,2,100.0,0,0,0,0,0,0,0,0,1,1.9,106.4,227.3,-120.9,6.32,1
SHIMANE SUSANOO MAGIC,"Coty Clarke, Taichi Nakamura, Yuto Nohmi, Fumiya Iio, Anthony Sho Sukegawa","SHIMANE SUSANOO MAGIC|1,11,21,22,7",1,0.3,21.0,0,0,0,0,0,0,0,0,0,0,0,0,0,0,0,0,0,0,0,0.1,0.0,0.0,0.0,0.0,0
NAGOYA DIAMOND DOLPHINS,"Taito Nakahigashi, Taketo Kato, Hiyuu Ozawa, Scott Eatherton, Isaiah Murphy","NAGOYA DIAMOND DOLPHINS|12,3,4,43,5",1,0.3,21.0,0,0,0,0,0,0,0,0,0,0,0,0,0,0,0,0,0,0,0,0.1,0.0,0.0,0.0,0.0,0
SHIMANE SUSANOO MAGIC,"Taichi Nakamura, Yuto Nohmi, Nick Kay, Anthony Sho Sukegawa, Yuta Okada","SHIMANE SUSANOO MAGIC|11,21,4,7,77",1,0.3,18.0,2,1,1,100.0,0,0,0,0,0,0,0,0,0,0,0,0,0,0,0,1.0,200.0,0.0,200.0,6.67,2
SUNROCKERS SHIBUYA,"Donte Grantham, Toyoshige Kano, John Lawrence Harper Jr, Andrew Randall, Kouei Omori","SUNROCKERS SHIBUYA|1,14,3,7,77",1,0.3,19.0,0,0,0,0,0,0,0,0,0,0,0,0,0,0,0,0,0,0,0,0.1,0.0,0.0,0.0,0.0,0
KAWASAKI BRAVE THUNDERS,"Shota Tsuyama, Ryo Iida, Rosco Allen, Kanta Mizuno, Emanuel Terry","KAWASAKI BRAVE THUNDERS|13,17,25,3,5",1,0.3,19.0,0,0,0,0,0,0,0,0,0,0,0,0,0,0,0,0,0,0,0,0.1,0.0,0.0,0.0,0.0,0
IBARAKI ROBOTS,"Robert Franks, Keita Tsurumaki, Noboru Hasegawa, Hayate Komasawa, Tyler Cook","IBARAKI ROBOTS|0,29,3,7,8",1,0.3,21.0,0,0,1,0.0,0,1,0.0,0,0,0,0,0,0,0,0,0,0,0,0,1.0,0.0,0.0,0.0,0.0,0
IBARAKI ROBOTS,"Kohei Nakamura, Eric Jacobsen, Noboru Hasegawa, Hayate Komasawa, Tyler Cook","IBARAKI ROBOTS|13,21,3,7,8",1,0.3,20.0,0,0,1,0.0,0,0,0,0,0,0,0,0,0,0,0,0,0,0,0,1.0,0.0,0.0,0.0,0.0,0
GUNMA CRANE THUNDERS,"Yuma Fujii, AJ Edu, Kenny Asano, Terrance Woodbury, Naoto Tsuji","GUNMA CRANE THUNDERS|0,15,16,30,9",1,0.3,16.0,0,0,0,0,0,0,0,0,0,0,0,0,0,0,0,0,0,0,0,0.1,0.0,0.0,0.0,0.0,0
NAGASAKI VELCA,"Ko Kumagai, Stanley Johnson, Yudai Baba, Akil Mitchell, Koya Kawamata","NAGASAKI VELCA|11,14,18,25,99",1,0.3,17.0,0,0,0,0,0,0,0,0,0,0,0,0,0,0,0,0,0,0,0,0.1,0.0,0.0,0.0,0.0,0
NAGOYA DIAMOND DOLPHINS,"Taito Nakahigashi, Alan Williams, Taketo Kato, Keita Imamura, Scott Eatherton","NAGOYA DIAMOND DOLPHINS|12,15,3,30,43",1,0.3,20.0,3,1,1,100.0,1,1,100.0,0,0,0,0,0,0,1,0,0,0,0,0,1.0,300.0,0.0,300.0,9.0,3
OSAKA EVESSA,"Ryan Luther, Rei Goda, Yasunori Aoki, Matt Bonds, Hayato Maki","OSAKA EVESSA|11,20,4,5,88",1,0.3,18.0,0,0,0,0,0,0,0,0,0,0,0,0,0,1,0,0,0,0,2,0.1,0.0,227.3,-227.3,0.0,-2
YOKOHAMA B-CORSAIRS,"Kiefer Ravena, Kenta Morii, Kaleb Tarczewski, Damien Inglis, Hiroki Taniguchi","YOKOHAMA B-CORSAIRS|15,18,25,4,7",1,0.3,18.0,0,0,0,0,0,0,0,0,0,0,0,0,0,0,0,0,0,0,0,0.1,0.0,0.0,0.0,0.0,0
IBARAKI ROBOTS,"Robert Franks, Ru Jingaoka, Kohei Nakamura, Kotaro Hisaoka, Eric Jacobsen","IBARAKI ROBOTS|0,10,13,14,21",1,0.3,21.0,0,0,0,0,0,0,0,0,0,0,0,0,0,1,0,0,0,0,2,0.1,0.0,200.0,-200.0,0.0,-2
FIGHTING EAGLES NAGOYA,"Tensho Sugimoto, Katsuki Hiramatsu, Jeremy Jones, Sean O'mara, Tyrell Taku Sudo","FIGHTING EAGLES NAGOYA|10,12,22,54,6",1,0.3,16.0,0,0,0,0,0,0,0,0,0,0,0,0,0,0,0,0,0,0,0,0.1,0.0,0.0,0.0,0.0,0
GUNMA CRANE THUNDERS,"Koh Flippin, AJ Edu, Kazuki Hosokawa, Terrance Woodbury, Naoto Tsuji","GUNMA CRANE THUNDERS|1,15,29,30,9",1,0.3,16.0,0,0,0,0,0,0,0,0,0,0,0,0,0,0,0,0,0,0,0,0.1,0.0,0.0,0.0,0.0,0
OSAKA EVESSA,"Ray Parks Jr, Joji Takeuchi, Makoto Kinoshita, Kaisei Takahashi, Yoshiya Uematsu","OSAKA EVESSA|1,15,31,7,8",1,0.3,16.0,0,0,0,0,0,0,0,0,0,0,0,0,0,0,0,0,0,0,0,0.1,0.0,0.0,0.0,0.0,0
CHIBA JETS,"Yuta Watanabe, Ren Kanechika, Jeff Gibbs, Riku Segawa, Nassir Little","CHIBA JETS|1,12,34,5,8",1,0.3,17.0,0,0,0,0,0,0,0,0,0,0,0,0,0,0,0,0,0,0,0,0.1,0.0,0.0,0.0,0.0,0
YOKOHAMA B-CORSAIRS,"Kiefer Ravena, Kenta Morii, Hiroki Matsuzaki, Kaleb Tarczewski, Gary Clark","YOKOHAMA B-CORSAIRS|15,18,24,25,8",1,0.3,17.0,0,0,0,0,0,0,0,0,0,0,0,0,0,1,0,0,0,0,0,0.1,0.0,0.0,0.0,0.0,0
SAN-EN NEOPHOENIX,"Tshilidzi Kawata, David Nwaba, Dai Nemoto, Sota Oura, Cameron Jackson","SAN-EN NEOPHOENIX|15,2,20,5,7",1,0.3,17.0,1,0,0,0,0,0,0,1,1,100.0,0,0,0,0,0,0,0,0,0,0.4,227.3,0.0,227.3,3.53,1
SUNROCKERS SHIBUYA,"Donte Grantham, Toyoshige Kano, John Lawrence Harper Jr, Morihisa Yamauchi, Andrew Randall","SUNROCKERS SHIBUYA|1,14,3,32,7",1,0.3,21.0,0,0,0,0,0,0,0,0,0,0,0,0,0,0,0,0,0,0,3,0.1,0.0,300.0,-300.0,0.0,-3
HIROSHIMA DRAGONFLIES,"Ryo Terashima, Dwayne Evans II, Ryo Yamazaki, Keijiro Mitani, Christopher Smith","HIROSHIMA DRAGONFLIES|0,13,30,34,8",2,0.3,17.0,2,1,1,100.0,0,0,0,0,0,0,0,0,0,0,0,0,0,0,2,1.0,200.0,200.0,0.0,7.06,0
NAGOYA DIAMOND DOLPHINS,"Aaron Henry, Taito Nakahigashi, Alan Williams, Taketo Kato, Hiyuu Ozawa","NAGOYA DIAMOND DOLPHINS|11,12,15,3,4",2,0.3,21.0,0,0,0,0,0,0,0,0,0,0,0,0,0,0,0,0,0,0,0,0.1,0.0,0.0,0.0,0.0,0
IBARAKI ROBOTS,"Robert Franks, Kento Akama, Kotaro Hisaoka, Keita Tsurumaki, Tyler Cook","IBARAKI ROBOTS|0,12,14,29,8",1,0.3,16.0,0,0,0,0,0,0,0,0,0,0,0,0,0,0,0,0,0,0,0,0.1,0.0,0.0,0.0,0.0,0
KOSHIGAYA ALPHAS,"Kai Sotto, Yuya Kamata, Anthony Clemmons, Shun Matsuyama, Davon Reed","KOSHIGAYA ALPHAS|11,18,5,7,9",1,0.3,16.0,0,0,0,0,0,0,0,0,0,0,0,0,0,0,0,0,0,0,0,0.1,0.0,0.0,0.0,0.0,0
LEVANGA HOKKAIDO,"Shuto Ichiba, Dwight Ramos, Jordan Ngatai, Jahlil Okafor, Kaito Morizane","LEVANGA HOKKAIDO|12,2,20,22,34",1,0.3,21.0,3,1,1,100.0,1,1,100.0,0,0,0,0,0,0,0,0,0,0,0,0,1.0,300.0,0.0,300.0,8.57,3
YOKOHAMA B-CORSAIRS,"Kiefer Ravena, Kenta Morii, Hiroki Matsuzaki, Kaleb Tarczewski, Damien Inglis","YOKOHAMA B-CORSAIRS|15,18,24,25,4",1,0.3,20.0,0,0,0,0,0,0,0,0,0,0,0,0,0,0,0,0,0,0,0,0.1,0.0,0.0,0.0,0.0,0
HIROSHIMA DRAGONFLIES,"Ryo Terashima, Dwayne Evans II, Kevin Hareyama, Keijiro Mitani, Christopher Smith","HIROSHIMA DRAGONFLIES|0,13,32,34,8",1,0.3,18.0,1,0,0,0,0,0,0,1,2,50.0,0,0,0,0,0,0,0,0,0,0.9,113.6,0.0,113.6,3.33,1
SHIMANE SUSANOO MAGIC,"Coty Clarke, Taichi Nakamura, James Michael McAdoo, Ryosuke Shirahama, Anthony Sho Sukegawa","SHIMANE SUSANOO MAGIC|1,11,14,15,7",1,0.3,17.0,0,0,0,0,0,0,0,0,0,0,0,0,0,0,0,0,0,0,0,0.1,0.0,0.0,0.0,0.0,0
LEVANGA HOKKAIDO,"Shuto Ichiba, Dwight Ramos, John Harrar, Hiroto Kikuchi, Yu Kibayashi","LEVANGA HOKKAIDO|12,2,21,6,8",1,0.3,16.0,0,0,0,0,0,0,0,0,0,0,0,0,0,0,0,0,0,0,0,0.1,0.0,0.0,0.0,0.0,0
IBARAKI ROBOTS,"Robert Franks, Kohei Nakamura, Keita Tsurumaki, Tim Schneider, Hayate Komasawa","IBARAKI ROBOTS|0,13,29,30,7",1,0.3,16.0,0,0,0,0,0,0,0,0,0,0,0,0,0,0,0,0,0,0,0,0.1,0.0,0.0,0.0,0.0,0
TOYAMA GROUSES,"Naoki Uto, Brock Motum, Yannis Morin, Daichi Kuzuhara, Kazuki Miyamoto","TOYAMA GROUSES|11,12,24,25,7",1,0.3,17.0,0,0,0,0,0,0,0,0,0,0,0,0,0,0,0,0,0,0,0,0.1,0.0,0.0,0.0,0.0,0
CHIBA JETS,"DJ Hogg, Gaku Arao, Shuta Hara, Riku Segawa, Nassir Little","CHIBA JETS|10,25,31,5,8",1,0.3,19.0,0,0,0,0,0,0,0,0,0,0,0,0,0,0,0,0,0,0,0,0.1,0.0,0.0,0.0,0.0,0
CHIBA JETS,"Ren Kanechika, Garrison Brooks, Shuta Hara, Riku Segawa, Nassir Little","CHIBA JETS|12,15,31,5,8",1,0.3,19.0,0,0,0,0,0,0,0,0,0,0,0,0,0,1,0,0,0,0,3,0.1,0.0,300.0,-300.0,0.0,-3
ALVARK TOKYO,"Sebastian Saiz, Marcus Foster, Hiromu Nakamura, Taiki Osakabe, Shuto Ando","ALVARK TOKYO|11,17,5,75,9",1,0.3,20.0,0,0,0,0,0,0,0,0,0,0,0,0,0,0,0,0,0,0,0,0.1,0.0,0.0,0.0,0.0,0
KOSHIGAYA ALPHAS,"Kai Sotto, Yuichi Ikeda, Yuya Kamata, Jordan Ngatai, Shun Matsuyama","KOSHIGAYA ALPHAS|11,12,18,20,7",1,0.3,19.0,1,0,0,0,0,0,0,1,2,50.0,0,0,0,0,0,0,0,0,0,0.9,113.6,0.0,113.6,3.16,1
SHIGA LAKES,"Zach Auguste, Yosei Nishida, Daichi Nomoto, Junpei Iwashita, Shintaro Ehara","SHIGA LAKES|0,14,16,2,25",1,0.3,18.0,0,0,0,0,0,0,0,0,0,0,0,0,0,0,0,0,0,0,1,0.1,0.0,227.3,-227.3,0.0,-1
FIGHTING EAGLES NAGOYA,"Jamorko Pickett, Francis Lopez, Takaya Sasayama, Narito Namizato, Andrew Randall","FIGHTING EAGLES NAGOYA|0,20,21,3,33",2,0.3,20.0,2,1,1,100.0,0,0,0,0,0,0,0,0,0,2,0,0,0,0,2,1.0,200.0,100.0,100.0,6.0,0
HIROSHIMA DRAGONFLIES,"Ryo Terashima, Dwayne Evans II, Kofi Cockburn, Ryo Yamazaki, Kevin Hareyama","HIROSHIMA DRAGONFLIES|0,13,23,30,32",1,0.3,19.0,2,1,1,100.0,0,0,0,0,0,0,0,0,0,1,0,0,0,0,0,1.0,200.0,0.0,200.0,6.32,2
SAN-EN NEOPHOENIX,"Yante Maten, Hideya Asai, Tshilidzi Kawata, Dai Nemoto, Ryusei Sasaki","SAN-EN NEOPHOENIX|1,11,15,20,24",1,0.3,17.0,0,0,0,0,0,0,0,0,0,0,0,0,0,0,0,0,0,0,0,0.1,0.0,0.0,0.0,0.0,0
AKITA NORTHERN HAPPINETS,"Yanni Wetzell, Takuya Nakayama, Yori Iwaya, Tsubasa Kurihara, Angelo Chol","AKITA NORTHERN HAPPINETS|10,17,18,2,27",1,0.3,17.0,0,0,0,0,0,0,0,0,0,0,0,0,0,0,0,0,0,0,2,0.1,0.0,100.0,-100.0,0.0,-2
FIGHTING EAGLES NAGOYA,"Jamorko Pickett, Ryuto Yasuoka, Narito Namizato, Andrew Randall, Tyrell Taku Sudo","FIGHTING EAGLES NAGOYA|0,23,3,33,6",2,0.3,19.0,0,0,0,0,0,0,0,0,0,0,0,0,0,0,0,0,0,0,3,0.1,0.0,300.0,-300.0,0.0,-3
SHIMANE SUSANOO MAGIC,"Coty Clarke, Taichi Nakamura, Yuto Nohmi, Fumiya Iio, Muusa Dama","SHIMANE SUSANOO MAGIC|1,11,21,22,25",1,0.3,17.0,0,0,0,0,0,0,0,0,0,0,0,0,0,1,0,0,0,0,0,0.1,0.0,0.0,0.0,0.0,0
KOSHIGAYA ALPHAS,"Kai Sotto, Takeru Oba, Anthony Clemmons, Shun Matsuyama, Joseph Diawara","KOSHIGAYA ALPHAS|11,14,5,7,8",1,0.3,17.0,0,0,2,0.0,0,2,0.0,0,0,0,0,0,0,0,0,0,0,0,4,2.0,0.0,227.3,-227.3,0.0,-4
SUNROCKERS SHIBUYA,"Donte Grantham, Troy Murphy Jr, Thomas Welsh, Yuya Nagayoshi, Leo Vendrame","SUNROCKERS SHIBUYA|1,4,40,43,9",1,0.3,17.0,0,0,0,0,0,0,0,0,0,0,0,0,0,0,0,0,0,0,0,0.1,0.0,0.0,0.0,0.0,0
SEAHORSES MIKAWA,"Thomas Kennedy, Yutaro Suda, Aaron White, Davante Gardner, Satoshi Nagano","SEAHORSES MIKAWA|1,13,30,54,7",1,0.3,17.0,0,0,0,0,0,0,0,0,0,0,0,0,0,0,0,0,0,0,0,0.1,0.0,0.0,0.0,0.0,0
KAWASAKI BRAVE THUNDERS,"Dušan Ristić, Takumi Hasegawa, Emanuel Terry, Taiga Okada, Ryusei Shinoyama","KAWASAKI BRAVE THUNDERS|14,33,5,55,7",1,0.3,20.0,0,0,0,0,0,0,0,0,0,0,0,0,0,0,0,0,0,0,0,0.1,0.0,0.0,0.0,0.0,0
LEVANGA HOKKAIDO,"Kyosuke Hoshino, Dwight Ramos, Jahlil Okafor, Max Hisatake, Kaito Morizane","LEVANGA HOKKAIDO|14,2,22,29,34",1,0.3,17.0,0,0,0,0,0,0,0,0,0,0,0,0,0,0,0,0,0,0,0,0.1,0.0,0.0,0.0,0.0,0
NAGASAKI VELCA,"Kenshin Hoshikawa, Stanley Johnson, Hayato Yamaguchi, Hyunjung Lee, Koya Kawamata","NAGASAKI VELCA|13,14,17,5,99",1,0.3,19.0,0,0,0,0,0,0,0,0,0,0,0,0,0,0,0,0,0,0,0,0.1,0.0,0.0,0.0,0.0,0
SAN-EN NEOPHOENIX,"Yante Maten, Hayato Wakugawa, Dai Nemoto, Kazuma Tsuya, Cameron Jackson","SAN-EN NEOPHOENIX|1,14,20,28,7",1,0.3,19.0,0,0,0,0,0,0,0,0,0,0,0,0,0,0,0,0,0,0,0,0.1,0.0,0.0,0.0,0.0,0
OSAKA EVESSA,"Ryan Luther, Matt Bonds, Seiga Sakamoto, Yoshiya Uematsu, Hayato Maki","OSAKA EVESSA|11,5,60,8,88",1,0.3,20.0,0,0,0,0,0,0,0,0,0,0,0,0,0,0,0,0,0,0,0,0.1,0.0,0.0,0.0,0.0,0
AKITA NORTHERN HAPPINETS,"Yanni Wetzell, Teru Sugawara, Kanji Takahira, Angelo Chol, Naohide Hotta","AKITA NORTHERN HAPPINETS|10,14,24,27,7",1,0.3,16.0,0,0,0,0,0,0,0,0,0,0,0,0,0,0,0,0,0,0,0,0.1,0.0,0.0,0.0,0.0,0
KOSHIGAYA ALPHAS,"Yuichi Ikeda, Jordan Ngatai, Kai Sugawara, Sekou Doumbouya, Shun Matsuyama","KOSHIGAYA ALPHAS|12,20,28,45,7",1,0.3,16.0,0,0,0,0,0,0,0,0,0,0,0,0,0,0,0,0,0,0,0,0.1,0.0,0.0,0.0,0.0,0
AKITA NORTHERN HAPPINETS,"Yanni Wetzell, Takuya Nakayama, Kanji Takahira, Angelo Chol, Naohide Hotta","AKITA NORTHERN HAPPINETS|10,17,24,27,7",1,0.3,19.0,2,1,1,100.0,0,0,0,0,0,0,0,0,0,1,0,0,0,0,2,1.0,200.0,227.3,-27.3,6.32,0
AKITA NORTHERN HAPPINETS,"Yanni Wetzell, Takuya Nakayama, Kanji Takahira, Angelo Chol, Alistair Tokio Tsuchiya","AKITA NORTHERN HAPPINETS|10,17,24,27,77",1,0.3,16.0,0,0,0,0,0,0,0,0,0,0,0,0,0,0,0,0,0,0,0,0.1,0.0,0.0,0.0,0.0,0
SHIMANE SUSANOO MAGIC,"Shunsuke Ueda, Fumiya Iio, Muusa Dama, Nick Kay, Shota Arai","SHIMANE SUSANOO MAGIC|20,22,25,4,5",1,0.3,18.0,0,0,0,0,0,0,0,0,0,0,0,0,0,0,0,0,0,0,0,0.1,0.0,0.0,0.0,0.0,0
SHIMANE SUSANOO MAGIC,"Coty Clarke, Yuto Nohmi, Muusa Dama, Anthony Sho Sukegawa, Yuta Okada","SHIMANE SUSANOO MAGIC|1,21,25,7,77",1,0.3,21.0,0,0,0,0,0,0,0,0,0,0,0,0,0,0,0,0,0,0,0,0.1,0.0,0.0,0.0,0.0,0
SENDAI 89ERS,"Yusei Sugiura, Boubacar Toure, Kazuma Okajima, Nathan Boothe, Seiya Funyu","SENDAI 89ERS|14,21,3,45,7",1,0.3,17.0,0,0,4,0.0,0,3,0.0,0,0,0,0,0,0,1,0,0,1,0,3,5.0,0.0,159.6,-159.6,0.0,-3
ALVARK TOKYO,"Brandon Davies, Zack Baranski, Marcus Foster, Kohei Fukuzawa, Kai Toews","ALVARK TOKYO|0,10,17,25,3",1,0.3,17.0,0,0,0,0,0,0,0,0,0,0,0,0,0,0,0,0,1,0,0,1.0,0.0,0.0,0.0,0.0,0
ALVARK TOKYO,"Sebastian Saiz, Marcus Foster, Ryan Rossiter, Kohei Fukuzawa, Kai Toews","ALVARK TOKYO|11,17,22,25,3",1,0.3,16.0,3,1,1,100.0,1,1,100.0,0,0,0,0,0,0,0,0,0,0,0,0,1.0,300.0,0.0,300.0,11.25,3
SUNROCKERS SHIBUYA,"Donte Grantham, Reiya Nozaki, John Lawrence Harper Jr, Josh Hawkinson, Leo Vendrame","SUNROCKERS SHIBUYA|1,12,3,8,9",1,0.3,17.0,0,0,0,0,0,0,0,0,0,0,0,0,0,0,0,0,0,0,0,0.1,0.0,0.0,0.0,0.0,0
KYOTO HANNARYZ,"Ryunosuke Watanabe, Angelo Caloiaro, Ira Brown, Jordan Heath, Mone Alex Hall","KYOTO HANNARYZ|16,32,33,35,39",1,0.3,17.0,0,0,0,0,0,0,0,0,0,0,0,0,0,0,0,0,0,0,0,0.1,0.0,0.0,0.0,0.0,0
SHIMANE SUSANOO MAGIC,"Coty Clarke, Taichi Nakamura, Shunsuke Ueda, Shota Arai, Anthony Sho Sukegawa","SHIMANE SUSANOO MAGIC|1,11,20,5,7",1,0.3,17.0,0,0,0,0,0,0,0,0,0,0,0,0,0,0,0,0,0,0,0,0.1,0.0,0.0,0.0,0.0,0
ALTIRI CHIBA,"Takaaki Kida, Kei Sugimoto, Luke Evans, Leon Watanabe, Dererk Pardon","ALTIRI CHIBA|0,11,33,42,7",1,0.3,17.0,0,0,0,0,0,0,0,0,0,0,0,0,0,0,0,0,0,0,0,0.1,0.0,0.0,0.0,0.0,0
TOYAMA GROUSES,"Brock Motum, Haruaki Tanaka, Daichi Kuzuhara, Kazuki Miyamoto, Trey Kell","TOYAMA GROUSES|12,17,25,7,8",1,0.3,21.0,0,0,1,0.0,0,0,0,0,0,0,0,0,0,0,0,0,0,0,3,1.0,0.0,170.5,-170.5,0.0,-3
KAWASAKI BRAVE THUNDERS,"Kengo Nomoto, Shota Tsuyama, Rosco Allen, Emanuel Terry, Taiga Okada","KAWASAKI BRAVE THUNDERS|10,13,25,5,55",1,0.3,17.0,0,0,0,0,0,0,0,0,0,0,0,0,0,0,0,0,0,0,0,0.1,0.0,0.0,0.0,0.0,0
KOSHIGAYA ALPHAS,"Kai Sotto, Yuichi Ikeda, Takeru Oba, Sekou Doumbouya, Shun Matsuyama","KOSHIGAYA ALPHAS|11,12,14,45,7",1,0.3,20.0,0,0,1,0.0,0,0,0,0,0,0,0,0,0,0,0,0,0,0,0,1.0,0.0,0.0,0.0,0.0,0
ALTIRI CHIBA,"Takaaki Kida, Kei Sugimoto, Trey Porter, Luke Evans, Leon Watanabe","ALTIRI CHIBA|0,11,22,33,42",1,0.3,16.0,0,0,0,0,0,0,0,0,0,0,0,0,0,0,0,0,0,0,0,0.1,0.0,0.0,0.0,0.0,0
AKITA NORTHERN HAPPINETS,"Teru Sugawara, Takuya Nakayama, Kanji Takahira, Keanu Pinder, Angelo Chol","AKITA NORTHERN HAPPINETS|14,17,24,25,27",1,0.3,20.0,0,0,0,0,0,0,0,0,0,0,0,0,0,1,0,0,0,0,0,0.1,0.0,0.0,0.0,0.0,0
OSAKA EVESSA,"Ray Parks Jr, Yasunori Aoki, Matt Bonds, Volodymyr Gerun, Yoshiya Uematsu","OSAKA EVESSA|1,4,5,52,8",1,0.3,21.0,0,0,0,0,0,0,0,0,2,0.0,0,0,0,0,0,0,0,0,0,0.9,0.0,0.0,0.0,0.0,0
RYUKYU GOLDEN KINGS,"Ryuichi Kishimoto, Damyean Dotson, Shota Onodera, Vic Law, Alex Kirk","RYUKYU GOLDEN KINGS|14,21,34,4,53",1,0.3,19.0,0,0,0,0,0,0,0,0,0,0,0,0,0,0,0,0,0,0,0,0.1,0.0,0.0,0.0,0.0,0
UTSUNOMIYA BREX,"Kosuke Takeuchi, DJ Newbill, Grant Jerrett, Makoto Hiejima, Yusuke Endo","UTSUNOMIYA BREX|10,25,34,6,9",1,0.3,17.0,0,0,0,0,0,0,0,0,0,0,0,0,0,1,0,0,0,0,0,0.1,0.0,0.0,0.0,0.0,0
GUNMA CRANE THUNDERS,"Yuma Fujii, Koh Flippin, AJ Edu, Takuto Nakamura, Kerry BlackshearJr","GUNMA CRANE THUNDERS|0,1,15,6,8",1,0.3,17.0,0,0,0,0,0,0,0,0,1,0.0,0,0,0,0,0,0,0,0,0,0.4,0.0,0.0,0.0,0.0,0
CHIBA JETS,"Yuta Watanabe, DJ Hogg, Garrison Brooks, Yuki Togashi, Shuta Hara","CHIBA JETS|1,10,15,2,31",1,0.3,21.0,0,0,0,0,0,0,0,0,0,0,0,0,0,0,0,0,0,0,0,0.1,0.0,0.0,0.0,0.0,0
YOKOHAMA B-CORSAIRS,"Kanta Maeno, Kiefer Ravena, Kenta Morii, Maik Kotsar, Kai King","YOKOHAMA B-CORSAIRS|10,15,18,21,23",1,0.3,17.0,0,0,0,0,0,0,0,0,0,0,0,0,0,0,0,0,0,0,0,0.1,0.0,0.0,0.0,0.0,0
KAWASAKI BRAVE THUNDERS,"Reoto Yonesu, Shota Tsuyama, Dušan Ristić, Ryo Iida, Emanuel Terry","KAWASAKI BRAVE THUNDERS|11,13,14,17,5",1,0.3,17.0,0,0,0,0,0,0,0,0,0,0,0,0,0,0,0,0,0,0,0,0.1,0.0,0.0,0.0,0.0,0
B.LEAGUE U18 JADE,"Yuito Haruta, Ayuki Kawabe, Sena Platt, Masato Abe, Yuma Nishimura","B.LEAGUE U18 JADE|11,12,14,4,5",1,0.3,17.0,0,0,0,0,0,0,0,0,0,0,0,0,0,0,0,0,0,0,0,0.1,0.0,0.0,0.0,0.0,0
SEAHORSES MIKAWA,"Thomas Kennedy, Jake Layman, Yoshiaki Kubota, Yudai Nishida, Avi Koki Schafer","SEAHORSES MIKAWA|1,10,11,19,32",1,0.3,16.0,0,0,0,0,0,0,0,0,0,0,0,0,0,0,0,0,0,0,0,0.1,0.0,0.0,0.0,0.0,0
GUNMA CRANE THUNDERS,"Yuma Fujii, Koh Flippin, Kenny Asano, Trey Jones, Naoto Tsuji","GUNMA CRANE THUNDERS|0,1,16,4,9",1,0.3,17.0,0,0,0,0,0,0,0,0,0,0,0,0,0,0,0,0,0,0,0,0.1,0.0,0.0,0.0,0.0,0
IBARAKI ROBOTS,"Kohei Nakamura, Kotaro Hisaoka, Eric Jacobsen, Hayate Komasawa, Tyler Cook","IBARAKI ROBOTS|13,14,21,7,8",1,0.2,13.0,0,0,0,0,0,0,0,0,0,0,0,0,0,0,0,0,0,0,0,0.1,0.0,0.0,0.0,0.0,0
KAWASAKI BRAVE THUNDERS,"Omar Jamaleddine, Shota Tsuyama, Ryo Iida, Kanta Mizuno, Emanuel Terry","KAWASAKI BRAVE THUNDERS|1,13,17,3,5",1,0.2,12.0,0,0,0,0,0,0,0,0,0,0,0,0,0,0,0,0,0,0,1,0.1,0.0,69.4,-69.4,0.0,-1
FIGHTING EAGLES NAGOYA,"Jamorko Pickett, Francis Lopez, Jeremy Jones, Ryuto Yasuoka, Riku Utsunomiya","FIGHTING EAGLES NAGOYA|0,20,22,23,9",1,0.2,12.0,0,0,0,0,0,0,0,0,0,0,0,0,0,0,0,0,0,0,0,0.1,0.0,0.0,0.0,0.0,0
CHIBA JETS,"Yuki Togashi, Gaku Arao, Shuta Hara, Riku Segawa, Nassir Little","CHIBA JETS|2,25,31,5,8",1,0.2,12.0,0,0,0,0,0,0,0,0,0,0,0,0,0,0,0,0,0,0,0,0.1,0.0,0.0,0.0,0.0,0
KYOTO HANNARYZ,"Leon Shibuta, Angelo Caloiaro, Jordan Heath, Mone Alex Hall, Takatoshi Furukawa","KYOTO HANNARYZ|3,32,35,39,51",1,0.2,12.0,0,0,0,0,0,0,0,0,0,0,0,0,0,0,0,0,0,0,0,0.1,0.0,0.0,0.0,0.0,0
KYOTO HANNARYZ,"Charles Jackson, Asato Ogawa, Leon Shibuta, Angelo Caloiaro, Takatoshi Furukawa","KYOTO HANNARYZ|10,12,3,32,51",1,0.2,10.0,0,0,0,0,0,0,0,0,0,0,0,0,0,0,0,0,0,0,2,0.1,0.0,200.0,-200.0,0.0,-2
SHIGA LAKES,"Zach Auguste, Daichi Nomoto, Kohei Tsuneta, Thomas Wimbush, Shintaro Ehara","SHIGA LAKES|0,16,17,20,25",1,0.2,12.0,0,0,0,0,0,0,0,0,0,0,0,0,0,0,0,0,0,0,0,0.1,0.0,0.0,0.0,0.0,0
RYUKYU GOLDEN KINGS,"Keve Aluma, Masahiro Waki, Koya Kobari, Vic Law, Alex Kirk","RYUKYU GOLDEN KINGS|12,18,2,4,53",1,0.2,14.0,0,0,0,0,0,0,0,0,0,0,0,0,0,0,0,0,0,0,0,0.1,0.0,0.0,0.0,0.0,0
YOKOHAMA B-CORSAIRS,"Kiefer Ravena, Hiroki Matsuzaki, Damien Inglis, Hiroki Taniguchi, Gary Clark","YOKOHAMA B-CORSAIRS|15,24,4,7,8",1,0.2,13.0,0,0,0,0,0,0,0,0,0,0,0,0,0,0,0,0,0,0,3,0.1,0.0,300.0,-300.0,0.0,-3
SUNROCKERS SHIBUYA,"Didi Louzada, Reiya Nozaki, Daiki Tanaka, Thomas Welsh, Josh Hawkinson","SUNROCKERS SHIBUYA|0,12,13,40,8",1,0.2,13.0,0,0,0,0,0,0,0,0,0,0,0,0,0,0,0,0,0,0,0,0.1,0.0,0.0,0.0,0.0,0
SAN-EN NEOPHOENIX,"Yante Maten, Hideya Asai, David Nwaba, Kazuma Tsuya, Sota Oura","SAN-EN NEOPHOENIX|1,11,2,28,5",1,0.2,13.0,0,0,0,0,0,0,0,0,0,0,0,0,0,0,0,0,0,0,1,0.1,0.0,113.6,-113.6,0.0,-1
HIROSHIMA DRAGONFLIES,"Toshiki Kamisawa, Dwayne Evans II, Kofi Cockburn, Kevin Hareyama, Keijiro Mitani","HIROSHIMA DRAGONFLIES|10,13,23,32,34",1,0.2,10.0,0,0,0,0,0,0,0,0,0,0,0,0,0,0,0,0,0,0,0,0.1,0.0,0.0,0.0,0.0,0
YOKOHAMA B-CORSAIRS,"Kiefer Ravena, Hiroki Matsuzaki, Seiya Ando, Koya Sudo, Gary Clark","YOKOHAMA B-CORSAIRS|15,24,3,30,8",1,0.2,11.0,0,0,1,0.0,0,0,0,0,0,0,0,0,0,0,0,0,1,0,0,2.0,0.0,0.0,0.0,0.0,0
TOYAMA GROUSES,"Naoki Uto, Brock Motum, Matthew Aquino, Trey Kell, Takeshi Mito","TOYAMA GROUSES|11,12,13,8,9",1,0.2,12.0,0,0,0,0,0,0,0,0,0,0,0,0,0,0,0,0,0,0,0,0.1,0.0,0.0,0.0,0.0,0
SAN-EN NEOPHOENIX,"Yante Maten, Tshilidzi Kawata, David Nwaba, Kazuma Tsuya, Sota Oura","SAN-EN NEOPHOENIX|1,15,2,28,5",1,0.2,10.0,2,0,0,0,0,0,0,2,2,100.0,0,0,0,0,0,0,0,0,0,0.9,227.3,0.0,227.3,12.0,2
SENDAI 89ERS,"Hirohide Araya, Boubacar Toure, Seiya Funyu, Jarrett Culver, Sergio El Darwich","SENDAI 89ERS|11,21,7,8,9",1,0.2,12.0,2,1,1,100.0,0,0,0,0,0,0,0,0,0,1,0,0,0,0,0,1.0,200.0,0.0,200.0,10.0,2
ALVARK TOKYO,"Marcus Foster, Sota Okura, Kai Toews, Taiki Osakabe, Shuto Ando","ALVARK TOKYO|17,2,3,75,9",1,0.2,13.0,2,1,2,50.0,0,0,0,0,0,0,0,0,0,0,0,0,0,0,2,2.0,100.0,113.6,-13.6,9.23,0
IBARAKI ROBOTS,"Robert Franks, Ru Jingaoka, Eric Jacobsen, Keita Tsurumaki, Jae-Min Yang","IBARAKI ROBOTS|0,10,21,29,9",1,0.2,11.0,1,0,0,0,0,0,0,1,2,50.0,0,0,0,0,0,0,0,0,2,0.9,113.6,100.0,13.6,5.45,-1
UTSUNOMIYA BREX,"Shinji Takashima, Seiji Ikaruga, Gavin Edwards, Isaac Fotu, Yusuke Endo","UTSUNOMIYA BREX|12,18,33,42,9",1,0.2,11.0,0,0,0,0,0,0,0,0,0,0,0,0,0,0,0,0,0,0,0,0.1,0.0,0.0,0.0,0.0,0
AKITA NORTHERN HAPPINETS,"Yanni Wetzell, Taiyo Motoda, Teru Sugawara, Tanner Leissner, Shigehiro Taguchi","AKITA NORTHERN HAPPINETS|10,12,14,15,5",1,0.2,14.0,0,0,0,0,0,0,0,0,0,0,0,0,0,0,0,0,0,0,0,0.1,0.0,0.0,0.0,0.0,0
AKITA NORTHERN HAPPINETS,"Yanni Wetzell, Takuya Nakayama, Ali Mezher, Keanu Pinder, Shigehiro Taguchi","AKITA NORTHERN HAPPINETS|10,17,22,25,5",1,0.2,11.0,0,0,0,0,0,0,0,0,0,0,0,0,0,0,0,0,1,0,3,1.0,0.0,300.0,-300.0,0.0,-3
SENDAI 89ERS,"Boubacar Toure, Ryota Hanzawa, Nathan Boothe, Seiya Funyu, Sergio El Darwich","SENDAI 89ERS|21,23,45,7,9",1,0.2,13.0,0,0,0,0,0,0,0,0,0,0,0,0,0,0,0,0,0,0,0,0.1,0.0,0.0,0.0,0.0,0
ALTIRI CHIBA,"Takaaki Kida, Kei Sugimoto, Brandon Ashley, Naoya Kumagae, Dererk Pardon","ALTIRI CHIBA|0,11,21,27,7",1,0.2,12.0,0,0,0,0,0,0,0,0,0,0,0,0,0,0,0,0,0,0,0,0.1,0.0,0.0,0.0,0.0,0
UTSUNOMIYA BREX,"Kosuke Takeuchi, Shinji Takashima, Seiji Ikaruga, DJ Newbill, Gavin Edwards","UTSUNOMIYA BREX|10,12,18,25,33",1,0.2,14.0,0,0,0,0,0,0,0,0,0,0,0,0,0,0,0,0,0,0,0,0.1,0.0,0.0,0.0,0.0,0
FIGHTING EAGLES NAGOYA,"Jamorko Pickett, Tensho Sugimoto, Katsuki Hiramatsu, Sean O'mara, Tyrell Taku Sudo","FIGHTING EAGLES NAGOYA|0,10,12,54,6",1,0.2,14.0,0,0,0,0,0,0,0,0,0,0,0,0,0,0,0,0,0,0,0,0.1,0.0,0.0,0.0,0.0,0
KOSHIGAYA ALPHAS,"Jarell Martin, Yuichi Ikeda, Yuya Kamata, Kai Sugawara, Anthony Clemmons","KOSHIGAYA ALPHAS|1,12,18,28,5",1,0.2,14.0,0,0,0,0,0,0,0,0,0,0,0,0,0,0,0,0,0,0,0,0.1,0.0,0.0,0.0,0.0,0
SAN-EN NEOPHOENIX,"Steve Zack, Hirotaka Yoshii, Tshilidzi Kawata, David Nwaba, Kazuma Tsuya","SAN-EN NEOPHOENIX|00,10,15,2,28",1,0.2,15.0,0,0,0,0,0,0,0,0,0,0,0,0,0,0,0,0,0,0,0,0.1,0.0,0.0,0.0,0.0,0
OSAKA EVESSA,"Rei Goda, Makoto Kinoshita, Matt Bonds, Volodymyr Gerun, Seiga Sakamoto","OSAKA EVESSA|20,31,5,52,60",1,0.2,11.0,0,0,0,0,0,0,0,0,0,0,0,0,0,0,0,0,0,0,0,0.1,0.0,0.0,0.0,0.0,0
OSAKA EVESSA,"Joji Takeuchi, Rei Goda, Makoto Kinoshita, Yasunori Aoki, Matt Bonds","OSAKA EVESSA|15,20,31,4,5",1,0.2,14.0,3,1,1,100.0,1,1,100.0,0,0,0,0,0,0,0,0,0,0,0,0,1.0,300.0,0.0,300.0,12.86,3
LEVANGA HOKKAIDO,"Kohei Sekino, Ren Shimatani, Dwight Ramos, Jahlil Okafor, Kevin Jones","LEVANGA HOKKAIDO|1,15,2,22,5",2,0.2,10.0,2,0,0,0,0,0,0,2,2,100.0,0,0,0,0,0,0,0,0,0,0.9,227.3,0.0,227.3,12.0,2
KYOTO HANNARYZ,"Chehales Tapscott, Ira Brown, Jordan Heath, Mone Alex Hall, Takatoshi Furukawa","KYOTO HANNARYZ|11,33,35,39,51",1,0.2,11.0,2,1,2,50.0,0,1,0.0,0,0,0,0,0,0,0,0,0,0,0,0,2.0,100.0,0.0,100.0,10.91,2
SAGA BALLOONERS,"Ryo Abe, Sori Uchio, Atsuki Kishida, David Dudzinski, Josh Harrellson","SAGA BALLOONERS|13,18,20,23,55",1,0.2,11.0,0,0,1,0.0,0,1,0.0,0,0,0,0,0,0,0,0,0,0,0,2,1.0,0.0,200.0,-200.0,0.0,-2
SHIGA LAKES,"Zach Auguste, Kohei Tsuneta, Shintaro Ehara, Ryan Kriener, Ai-Che Yu","SHIGA LAKES|0,17,25,4,7",1,0.2,15.0,0,0,0,0,0,0,0,0,2,0.0,0,0,0,0,0,0,0,0,3,0.9,0.0,300.0,-300.0,0.0,-3
CHIBA JETS,"DJ Hogg, Ren Kanechika, Yuki Togashi, Kenny Lawson Jr, Riku Segawa","CHIBA JETS|10,12,2,21,5",1,0.2,11.0,0,0,0,0,0,0,0,0,0,0,0,0,0,0,0,0,0,0,0,0.1,0.0,0.0,0.0,0.0,0
SHIMANE SUSANOO MAGIC,"Olufemi Olujobi, James Michael McAdoo, Fumiya Iio, Hiromu Kitagawa, Yuta Okada","SHIMANE SUSANOO MAGIC|0,14,22,6,77",1,0.2,11.0,0,0,0,0,0,0,0,0,0,0,0,0,0,0,0,0,0,0,0,0.1,0.0,0.0,0.0,0.0,0
KYOTO HANNARYZ,"Charles Jackson, Satoru Maeta, Ira Brown, Jordan Heath, Takatoshi Furukawa","KYOTO HANNARYZ|10,13,33,35,51",1,0.2,15.0,0,0,0,0,0,0,0,0,0,0,0,0,0,0,0,0,0,0,0,0.1,0.0,0.0,0.0,0.0,0
NAGASAKI VELCA,"Kenshin Hoshikawa, Yudai Baba, Akil Mitchell, Masaya Karimata, Jarrell Brantley","NAGASAKI VELCA|13,18,25,4,7",1,0.2,12.0,0,0,0,0,0,0,0,0,0,0,0,0,0,0,0,0,0,0,0,0.1,0.0,0.0,0.0,0.0,0
NAGOYA DIAMOND DOLPHINS,"Aaron Henry, Taito Nakahigashi, Alan Williams, Taketo Kato, Isaiah Murphy","NAGOYA DIAMOND DOLPHINS|11,12,15,3,5",1,0.2,12.0,0,0,0,0,0,0,0,0,0,0,0,0,0,0,0,0,0,0,0,0.1,0.0,0.0,0.0,0.0,0
LEVANGA HOKKAIDO,"Kohei Sekino, Shuto Ichiba, Dwight Ramos, John Harrar, Jahlil Okafor","LEVANGA HOKKAIDO|1,12,2,21,22",2,0.2,12.0,0,0,0,0,0,0,0,0,0,0,0,0,0,0,0,0,0,0,0,0.1,0.0,0.0,0.0,0.0,0
OSAKA EVESSA,"Ray Parks Jr, Ryan Luther, Rei Goda, Makoto Kinoshita, Matt Bonds","OSAKA EVESSA|1,11,20,31,5",1,0.2,13.0,0,0,0,0,0,0,0,0,0,0,0,0,0,0,0,0,0,0,1,0.1,0.0,69.4,-69.4,0.0,-1
HIROSHIMA DRAGONFLIES,"Toshiki Kamisawa, Dwayne Evans II, Kevin Hareyama, Keijiro Mitani, Christopher Smith","HIROSHIMA DRAGONFLIES|10,13,32,34,8",1,0.2,10.0,0,0,0,0,0,0,0,0,0,0,0,0,0,0,0,0,0,0,0,0.1,0.0,0.0,0.0,0.0,0
HIROSHIMA DRAGONFLIES,"Kofi Cockburn, Nick Mayo, Tatsuya Ito, Kevin Hareyama, Christopher Smith","HIROSHIMA DRAGONFLIES|23,24,3,32,8",1,0.2,10.0,3,1,1,100.0,1,1,100.0,0,0,0,0,0,0,1,0,0,0,0,0,1.0,300.0,0.0,300.0,18.0,3
SEAHORSES MIKAWA,"Thomas Kennedy, Yoshiaki Kubota, Aaron White, Davante Gardner, Satoshi Nagano","SEAHORSES MIKAWA|1,11,30,54,7",2,0.2,15.0,2,0,1,0.0,0,1,0.0,2,2,100.0,0,0,0,0,0,0,0,0,2,1.9,106.4,151.5,-45.1,8.0,0
SAN-EN NEOPHOENIX,"Hirotaka Yoshii, Tshilidzi Kawata, Jordan Dallas, Kazuma Tsuya, Sota Oura","SAN-EN NEOPHOENIX|10,15,22,28,5",1,0.2,11.0,0,0,0,0,0,0,0,0,0,0,0,0,0,0,0,0,0,0,1,0.1,0.0,113.6,-113.6,0.0,-1
AKITA NORTHERN HAPPINETS,"Jamel Mclean, Takuya Nakayama, Tsubasa Kurihara, Keanu Pinder, Raita Akaho","AKITA NORTHERN HAPPINETS|1,17,2,25,6",1,0.2,13.0,0,0,1,0.0,0,0,0,0,0,0,0,0,0,0,0,0,0,0,2,1.0,0.0,200.0,-200.0,0.0,-2
AKITA NORTHERN HAPPINETS,"Yanni Wetzell, Taiyo Motoda, Takuya Nakayama, Keanu Pinder, Raita Akaho","AKITA NORTHERN HAPPINETS|10,12,17,25,6",1,0.2,14.0,0,0,0,0,0,0,0,0,0,0,0,0,0,0,0,0,0,0,0,0.1,0.0,0.0,0.0,0.0,0
KYOTO HANNARYZ,"Chehales Tapscott, Satoru Maeta, Hayato Kawashima, Jordan Heath, Takatoshi Furukawa","KYOTO HANNARYZ|11,13,15,35,51",1,0.2,13.0,3,1,1,100.0,1,1,100.0,0,0,0,0,0,0,0,0,0,0,0,0,1.0,300.0,0.0,300.0,13.85,3
KYOTO HANNARYZ,"Chehales Tapscott, Asato Ogawa, Satoru Maeta, Leon Shibuta, Jordan Heath","KYOTO HANNARYZ|11,12,13,3,35",1,0.2,15.0,2,1,2,50.0,0,1,0.0,0,1,0.0,0,0,0,0,0,0,0,0,3,2.4,82.0,170.5,-88.5,8.0,-1
SAGA BALLOONERS,"Ryo Abe, Sori Uchio, Taiki Sumida, Josh Harrellson, Chase Fieler","SAGA BALLOONERS|13,18,25,55,60",1,0.2,12.0,0,0,0,0,0,0,0,0,0,0,0,0,0,0,0,0,0,0,0,0.1,0.0,0.0,0.0,0.0,0
YOKOHAMA B-CORSAIRS,"Kenta Morii, Seiya Ando, Damien Inglis, Tatsumi Yu, Gary Clark","YOKOHAMA B-CORSAIRS|18,3,4,51,8",1,0.2,10.0,0,0,0,0,0,0,0,0,0,0,0,0,0,0,0,0,0,0,0,0.1,0.0,0.0,0.0,0.0,0
ALVARK TOKYO,"Ryan Rossiter, FRANK KAMINSKY, Hiromu Nakamura, Taiki Osakabe, Shuto Ando","ALVARK TOKYO|22,44,5,75,9",1,0.2,15.0,3,1,1,100.0,0,0,0,1,1,100.0,0,0,0,0,0,0,0,0,0,1.4,208.3,0.0,208.3,12.0,3
SAN-EN NEOPHOENIX,"Hideya Asai, Hayato Wakugawa, Kazuma Tsuya, Darius Days, Cameron Jackson","SAN-EN NEOPHOENIX|11,14,28,4,7",1,0.2,14.0,0,0,0,0,0,0,0,0,0,0,0,0,0,0,0,0,0,0,0,0.1,0.0,0.0,0.0,0.0,0
FIGHTING EAGLES NAGOYA,"Jamorko Pickett, Francis Lopez, Takaya Sasayama, Ryuto Yasuoka, Narito Namizato","FIGHTING EAGLES NAGOYA|0,20,21,23,3",1,0.2,15.0,0,0,0,0,0,0,0,0,0,0,0,0,0,0,0,0,0,0,0,0.1,0.0,0.0,0.0,0.0,0
SAN-EN NEOPHOENIX,"Hayato Wakugawa, Dai Nemoto, Kazuma Tsuya, Darius Days, Cameron Jackson","SAN-EN NEOPHOENIX|14,20,28,4,7",1,0.2,11.0,0,0,0,0,0,0,0,0,0,0,0,0,0,0,0,0,0,0,0,0.1,0.0,0.0,0.0,0.0,0
SAN-EN NEOPHOENIX,"Hirotaka Yoshii, Hayato Wakugawa, David Nwaba, Dai Nemoto, Cameron Jackson","SAN-EN NEOPHOENIX|10,14,2,20,7",1,0.2,14.0,0,0,0,0,0,0,0,0,0,0,0,0,0,1,0,0,0,0,2,0.1,0.0,227.3,-227.3,0.0,-2
YOKOHAMA B-CORSAIRS,"Kai King, Hiroki Matsuzaki, Kaleb Tarczewski, Seiya Ando, Gary Clark","YOKOHAMA B-CORSAIRS|23,24,25,3,8",1,0.2,13.0,0,0,0,0,0,0,0,0,0,0,0,0,0,0,0,0,0,0,0,0.1,0.0,0.0,0.0,0.0,0
OSAKA EVESSA,"Ryan Luther, Makoto Kinoshita, Tatsuya Suzuki, Volodymyr Gerun, Hayato Maki","OSAKA EVESSA|11,31,35,52,88",1,0.2,13.0,0,0,0,0,0,0,0,0,0,0,0,0,0,0,0,0,0,0,0,0.1,0.0,0.0,0.0,0.0,0
NAGOYA DIAMOND DOLPHINS,"Taito Nakahigashi, Alan Williams, Taketo Kato, Scott Eatherton, Isaiah Murphy","NAGOYA DIAMOND DOLPHINS|12,15,3,43,5",1,0.2,14.0,0,0,0,0,0,0,0,0,0,0,0,0,0,0,0,0,0,0,0,0.1,0.0,0.0,0.0,0.0,0
HIROSHIMA DRAGONFLIES,"Toshiki Kamisawa, Nick Mayo, Keijiro Mitani, Christopher Smith, Ryosei Sato","HIROSHIMA DRAGONFLIES|10,24,34,8,88",1,0.2,10.0,0,0,0,0,0,0,0,0,0,0,0,0,0,0,0,0,0,0,0,0.1,0.0,0.0,0.0,0.0,0
SHIGA LAKES,"Zach Auguste, Thomas Wimbush, Takanori Tahara, Higen Hasegawa, Ai-Che Yu","SHIGA LAKES|0,20,21,34,7",1,0.2,11.0,0,0,0,0,0,0,0,0,0,0,0,0,0,0,0,0,0,0,0,0.1,0.0,0.0,0.0,0.0,0
OSAKA EVESSA,"Ryan Luther, Makoto Kinoshita, Joshua Smith, Tatsuya Suzuki, Yoshiya Uematsu","OSAKA EVESSA|11,31,34,35,8",1,0.2,10.0,0,0,0,0,0,0,0,0,0,0,0,0,0,0,0,0,0,0,0,0.1,0.0,0.0,0.0,0.0,0
OSAKA EVESSA,"Ray Parks Jr, Ryan Luther, Joji Takeuchi, Seiga Sakamoto, Hayato Maki","OSAKA EVESSA|1,11,15,60,88",1,0.2,12.0,0,0,0,0,0,0,0,0,0,0,0,0,0,0,0,0,0,0,2,0.1,0.0,100.0,-100.0,0.0,-2
HIROSHIMA DRAGONFLIES,"Dwayne Evans II, Keijiro Mitani, Kaine Roberts, Christopher Smith, Ryosei Sato","HIROSHIMA DRAGONFLIES|13,34,4,8,88",1,0.2,15.0,0,0,0,0,0,0,0,0,0,0,0,0,0,0,0,0,0,0,0,0.1,0.0,0.0,0.0,0.0,0
SHIGA LAKES,"Zach Auguste, Kohei Tsuneta, Sean Ichioka, Higen Hasegawa, Ryan Kriener","SHIGA LAKES|0,17,22,34,4",1,0.2,15.0,0,0,0,0,0,0,0,0,0,0,0,0,0,0,0,0,0,0,0,0.1,0.0,0.0,0.0,0.0,0
RYUKYU GOLDEN KINGS,"Hayate Arakawa, Ryuichi Kishimoto, Damyean Dotson, Jack Cooley, Ryo Sadohara","RYUKYU GOLDEN KINGS|10,14,21,45,8",1,0.2,11.0,0,0,0,0,0,0,0,0,0,0,0,0,0,0,0,0,0,0,5,0.1,0.0,227.3,-227.3,0.0,-5
KAWASAKI BRAVE THUNDERS,"Omar Jamaleddine, Dušan Ristić, Takumi Hasegawa, Emanuel Terry, Taiga Okada","KAWASAKI BRAVE THUNDERS|1,14,33,5,55",1,0.2,14.0,0,0,0,0,0,0,0,0,0,0,0,0,0,0,0,0,0,0,0,0.1,0.0,0.0,0.0,0.0,0
SAGA BALLOONERS,"Ryo Abe, Kosuke Kanamaru, Reynaldo Garcia, Ryota Inoue, Josh Harrellson","SAGA BALLOONERS|13,14,2,34,55",1,0.2,14.0,0,0,0,0,0,0,0,0,0,0,0,0,0,0,0,0,0,0,0,0.1,0.0,0.0,0.0,0.0,0
SAGA BALLOONERS,"Ryo Abe, Kosuke Kanamaru, Reynaldo Garcia, David Dudzinski, Taiki Sumida","SAGA BALLOONERS|13,14,2,23,25",1,0.2,10.0,0,0,0,0,0,0,0,0,0,0,0,0,0,0,0,0,0,0,3,0.1,0.0,300.0,-300.0,0.0,-3
NAGASAKI VELCA,"Kenji leon Matsumoto, Ko Kumagai, Stanley Johnson, Hayato Yamaguchi, Yudai Baba","NAGASAKI VELCA|1,11,14,17,18",1,0.2,11.0,0,0,0,0,0,0,0,0,0,0,0,0,0,0,0,0,0,0,0,0.1,0.0,0.0,0.0,0.0,0
ALVARK TOKYO,"Zack Baranski, Sebastian Saiz, Marcus Foster, Ryan Rossiter, Kohei Fukuzawa","ALVARK TOKYO|10,11,17,22,25",1,0.2,15.0,0,0,0,0,0,0,0,0,0,0,0,0,0,0,0,0,0,0,0,0.1,0.0,0.0,0.0,0.0,0
KAWASAKI BRAVE THUNDERS,"Dušan Ristić, Ryo Iida, Rosco Allen, Kanta Mizuno, Ryusei Shinoyama","KAWASAKI BRAVE THUNDERS|14,17,25,3,7",1,0.2,14.0,0,0,1,0.0,0,1,0.0,0,0,0,0,0,0,0,0,0,0,0,0,1.0,0.0,0.0,0.0,0.0,0
KAWASAKI BRAVE THUNDERS,"Omar Jamaleddine, Dušan Ristić, Ryo Iida, Emanuel Terry, Taiga Okada","KAWASAKI BRAVE THUNDERS|1,14,17,5,55",1,0.2,10.0,0,0,0,0,0,0,0,0,0,0,0,0,0,0,0,0,0,0,0,0.1,0.0,0.0,0.0,0.0,0
KOSHIGAYA ALPHAS,"Yuichi Ikeda, Takeru Oba, Yuya Kamata, Jeffrey Parmer, Shun Matsuyama","KOSHIGAYA ALPHAS|12,14,18,21,7",1,0.2,10.0,2,0,0,0,0,0,0,2,2,100.0,0,0,0,0,0,0,0,0,0,0.9,227.3,0.0,227.3,12.0,2
KOSHIGAYA ALPHAS,"Jarell Martin, Takeru Oba, Anthony Clemmons, Shun Matsuyama, Joseph Diawara","KOSHIGAYA ALPHAS|1,14,5,7,8",1,0.2,13.0,2,1,1,100.0,0,0,0,0,0,0,0,0,0,0,0,0,0,0,1,1.0,200.0,53.2,146.8,9.23,1
IBARAKI ROBOTS,"Keita Tsurumaki, Noboru Hasegawa, Hayate Komasawa, Tyler Cook, Jae-Min Yang","IBARAKI ROBOTS|29,3,7,8,9",1,0.2,10.0,0,0,0,0,0,0,0,0,0,0,0,0,0,1,0,0,0,0,2,0.1,0.0,227.3,-227.3,0.0,-2
IBARAKI ROBOTS,"Kohei Nakamura, Noboru Hasegawa, Hayate Komasawa, Tyler Cook, Jae-Min Yang","IBARAKI ROBOTS|13,3,7,8,9",1,0.2,15.0,0,0,1,0.0,0,1,0.0,0,1,0.0,0,0,0,1,0,0,0,0,1,1.4,0.0,75.8,-75.8,0.0,-1
ALTIRI CHIBA,"Marial Shayok, Kei Sugimoto, Naoya Kumagae, Luke Evans, Dererk Pardon","ALTIRI CHIBA|1,11,27,33,7",1,0.2,15.0,0,0,1,0.0,0,1,0.0,0,0,0,0,0,0,0,0,0,0,0,0,1.0,0.0,0.0,0.0,0.0,0
HIROSHIMA DRAGONFLIES,"Ryo Terashima, Hamiltongary Kotera, Dwayne Evans II, Keijiro Mitani, Christopher Smith","HIROSHIMA DRAGONFLIES|0,00,13,34,8",1,0.2,12.0,0,0,0,0,0,0,0,0,0,0,0,0,0,0,0,0,0,0,0,0.1,0.0,0.0,0.0,0.0,0
KYOTO HANNARYZ,"Hayato Kawashima, Ryunosuke Watanabe, Ira Brown, Jordan Heath, Mone Alex Hall","KYOTO HANNARYZ|15,16,33,35,39",1,0.2,14.0,0,0,0,0,0,0,0,0,0,0,0,0,0,0,0,0,0,0,0,0.1,0.0,0.0,0.0,0.0,0
YOKOHAMA B-CORSAIRS,"Kenta Morii, Seiya Ando, Koya Sudo, Damien Inglis, Hiroki Taniguchi","YOKOHAMA B-CORSAIRS|18,3,30,4,7",1,0.2,14.0,0,0,0,0,0,0,0,0,0,0,0,0,0,0,0,0,0,0,0,0.1,0.0,0.0,0.0,0.0,0
SENDAI 89ERS,"Yusei Sugiura, Ryota Hanzawa, Nathan Boothe, Jarrett Culver, Sergio El Darwich","SENDAI 89ERS|14,23,45,8,9",2,0.2,11.0,5,1,1,100.0,0,0,0,3,4,75.0,0,0,0,0,0,0,0,0,0,2.8,181.2,0.0,181.2,27.27,5
KOSHIGAYA ALPHAS,"Jarell Martin, Kai Sotto, Yuichi Ikeda, Kai Sugawara, Shun Matsuyama","KOSHIGAYA ALPHAS|1,11,12,28,7",1,0.2,13.0,0,0,0,0,0,0,0,0,0,0,0,0,0,1,0,0,0,0,0,0.1,0.0,0.0,0.0,0.0,0
LEVANGA HOKKAIDO,"Ren Shimatani, Dwight Ramos, Jahlil Okafor, Keisei Tominaga, Yu Kibayashi","LEVANGA HOKKAIDO|15,2,22,30,8",1,0.2,13.0,2,1,1,100.0,0,0,0,0,0,0,0,0,0,0,0,0,0,0,0,1.0,200.0,0.0,200.0,9.23,2
KOSHIGAYA ALPHAS,"Kai Sotto, Yuichi Ikeda, Jeffrey Parmer, Kai Sugawara, Shun Matsuyama","KOSHIGAYA ALPHAS|11,12,21,28,7",1,0.2,15.0,1,0,0,0,0,0,0,1,1,100.0,0,0,0,1,0,0,0,0,2,0.4,227.3,200.0,27.3,4.0,-1
LEVANGA HOKKAIDO,"Shuto Ichiba, Ren Shimatani, John Harrar, Jahlil Okafor, Hiroto Kikuchi","LEVANGA HOKKAIDO|12,15,21,22,6",1,0.2,14.0,0,0,0,0,0,0,0,0,0,0,0,0,0,0,0,0,0,0,0,0.1,0.0,0.0,0.0,0.0,0
GUNMA CRANE THUNDERS,"Kenny Asano, Kazuki Hosokawa, Terrance Woodbury, Johannes Thiemann, Takuto Nakamura","GUNMA CRANE THUNDERS|16,29,30,32,6",1,0.2,12.0,0,0,0,0,0,0,0,0,0,0,0,0,0,0,0,0,0,0,0,0.1,0.0,0.0,0.0,0.0,0
SEAHORSES MIKAWA,"Yutaro Suda, Yudai Nishida, Aaron White, Davante Gardner, Satoshi Nagano","SEAHORSES MIKAWA|13,19,30,54,7",1,0.2,15.0,0,0,0,0,0,0,0,0,0,0,0,0,0,0,0,0,0,0,0,0.1,0.0,0.0,0.0,0.0,0
NAGASAKI VELCA,"Kenji leon Matsumoto, Ko Kumagai, Stanley Johnson, Hayato Yamaguchi, Akil Mitchell","NAGASAKI VELCA|1,11,14,17,25",1,0.2,12.0,0,0,0,0,0,0,0,0,0,0,0,0,0,0,0,0,0,0,0,0.1,0.0,0.0,0.0,0.0,0
SENDAI 89ERS,"Hirohide Araya, Boubacar Toure, Kazuma Okajima, Nathan Boothe, Soichiro Inoue","SENDAI 89ERS|11,21,3,45,75",1,0.2,11.0,0,0,0,0,0,0,0,0,0,0,0,0,0,0,0,0,0,0,0,0.1,0.0,0.0,0.0,0.0,0
NAGOYA DIAMOND DOLPHINS,"Aaron Henry, Taito Nakahigashi, Alan Williams, Takumi Saito, Isaiah Murphy","NAGOYA DIAMOND DOLPHINS|11,12,15,2,5",1,0.2,12.0,2,1,1,100.0,0,0,0,0,0,0,0,0,0,0,0,0,0,0,0,1.0,200.0,0.0,200.0,10.0,2
SUNROCKERS SHIBUYA,"Donte Grantham, Toyoshige Kano, Morihisa Yamauchi, Andrew Randall, Leo Vendrame","SUNROCKERS SHIBUYA|1,14,32,7,9",1,0.2,12.0,0,0,0,0,0,0,0,0,0,0,0,0,0,0,0,0,0,0,2,0.1,0.0,200.0,-200.0,0.0,-2
AKITA NORTHERN HAPPINETS,"Yanni Wetzell, Eijiro Ogawa, Takuya Nakayama, Ali Mezher, Kanji Takahira","AKITA NORTHERN HAPPINETS|10,13,17,22,24",1,0.2,10.0,0,0,0,0,0,0,0,0,0,0,0,0,0,0,0,0,0,0,2,0.1,0.0,200.0,-200.0,0.0,-2
KAWASAKI BRAVE THUNDERS,"Dušan Ristić, Ryo Iida, Takumi Hasegawa, Emanuel Terry, Ryusei Shinoyama","KAWASAKI BRAVE THUNDERS|14,17,33,5,7",1,0.2,13.0,0,0,1,0.0,0,1,0.0,0,0,0,0,0,0,0,0,0,0,0,0,1.0,0.0,0.0,0.0,0.0,0
LEVANGA HOKKAIDO,"Kohei Sekino, Ren Shimatani, Jahlil Okafor, Keisei Tominaga, Yu Kibayashi","LEVANGA HOKKAIDO|1,15,22,30,8",1,0.2,13.0,0,0,0,0,0,0,0,0,0,0,0,0,0,0,0,0,0,0,0,0.1,0.0,0.0,0.0,0.0,0
LEVANGA HOKKAIDO,"Shuto Ichiba, Dwight Ramos, Jordan Ngatai, Jahlil Okafor, Keisei Tominaga","LEVANGA HOKKAIDO|12,2,20,22,30",1,0.2,11.0,1,0,0,0,0,0,0,1,2,50.0,0,0,0,0,0,0,0,0,0,0.9,113.6,0.0,113.6,5.45,1
KYOTO HANNARYZ,"Charles Jackson, Satoru Maeta, Ryunosuke Watanabe, Ira Brown, Takatoshi Furukawa","KYOTO HANNARYZ|10,13,16,33,51",1,0.2,14.0,0,0,0,0,0,0,0,0,0,0,0,0,0,0,0,0,0,0,0,0.1,0.0,0.0,0.0,0.0,0
AKITA NORTHERN HAPPINETS,"Jamel Mclean, Teru Sugawara, Takuya Nakayama, Kanji Takahira, Keanu Pinder","AKITA NORTHERN HAPPINETS|1,14,17,24,25",1,0.2,12.0,0,0,1,0.0,0,1,0.0,0,0,0,0,0,0,0,0,0,0,0,0,1.0,0.0,0.0,0.0,0.0,0
SENDAI 89ERS,"Yusei Sugiura, Boubacar Toure, Kazuma Okajima, Seiya Funyu, Jarrett Culver","SENDAI 89ERS|14,21,3,7,8",1,0.2,15.0,0,0,0,0,0,0,0,0,0,0,0,0,0,0,0,0,0,0,0,0.1,0.0,0.0,0.0,0.0,0
SAGA BALLOONERS,"Ryo Abe, Sori Uchio, Reynaldo Garcia, David Dudzinski, Rui Todoroki","SAGA BALLOONERS|13,18,2,23,8",1,0.2,12.0,0,0,0,0,0,0,0,0,0,0,0,0,0,0,0,0,0,0,2,0.1,0.0,100.0,-100.0,0.0,-2
FIGHTING EAGLES NAGOYA,"Jamorko Pickett, Hikaru Tsukioka, Takaya Sasayama, Sean O'mara, Tyrell Taku Sudo","FIGHTING EAGLES NAGOYA|0,11,21,54,6",1,0.2,13.0,0,0,0,0,0,0,0,0,0,0,0,0,0,0,0,0,0,0,0,0.1,0.0,0.0,0.0,0.0,0
SHIMANE SUSANOO MAGIC,"Coty Clarke, Fumiya Iio, Muusa Dama, Nick Kay, Shota Arai","SHIMANE SUSANOO MAGIC|1,22,25,4,5",1,0.2,12.0,0,0,0,0,0,0,0,0,0,0,0,0,0,0,0,0,0,0,0,0.1,0.0,0.0,0.0,0.0,0
OSAKA EVESSA,"Ryan Luther, Rei Goda, Matt Bonds, Kaisei Takahashi, Hayato Maki","OSAKA EVESSA|11,20,5,7,88",1,0.2,14.0,0,0,0,0,0,0,0,0,0,0,0,0,0,1,0,0,0,0,0,0.1,0.0,0.0,0.0,0.0,0
HIROSHIMA DRAGONFLIES,"Dwayne Evans II, Nick Mayo, Kevin Hareyama, Kaine Roberts, Christopher Smith","HIROSHIMA DRAGONFLIES|13,24,32,4,8",1,0.2,13.0,0,0,0,0,0,0,0,0,0,0,0,0,0,0,0,0,0,0,0,0.1,0.0,0.0,0.0,0.0,0
KAWASAKI BRAVE THUNDERS,"Dušan Ristić, Ryo Iida, Rosco Allen, Takumi Hasegawa, Ryusei Shinoyama","KAWASAKI BRAVE THUNDERS|14,17,25,33,7",1,0.2,12.0,0,0,0,0,0,0,0,0,0,0,0,0,0,0,0,0,0,0,0,0.1,0.0,0.0,0.0,0.0,0
SHIGA LAKES,"Zach Auguste, Daichi Nomoto, Thomas Wimbush, Sean Ichioka, Ai-Che Yu","SHIGA LAKES|0,16,20,22,7",2,0.2,10.0,0,0,0,0,0,0,0,0,0,0,0,0,0,0,0,0,0,0,0,0.1,0.0,0.0,0.0,0.0,0
SHIGA LAKES,"Zach Auguste, Daichi Nomoto, Ryan Kriener, Taiki Okada, Ai-Che Yu","SHIGA LAKES|0,16,4,6,7",1,0.2,10.0,0,0,1,0.0,0,1,0.0,0,0,0,0,0,0,1,0,0,0,0,3,1.0,0.0,170.5,-170.5,0.0,-3
OSAKA EVESSA,"Ray Parks Jr, Joji Takeuchi, Matt Bonds, Kaisei Takahashi, Hayato Maki","OSAKA EVESSA|1,15,5,7,88",1,0.2,15.0,2,0,0,0,0,0,0,2,2,100.0,0,0,0,0,0,0,0,0,2,0.9,227.3,200.0,27.3,8.0,0
KYOTO HANNARYZ,"Asato Ogawa, Angelo Caloiaro, Ira Brown, Jordan Heath, Takatoshi Furukawa","KYOTO HANNARYZ|12,32,33,35,51",2,0.2,11.0,0,0,0,0,0,0,0,0,0,0,0,0,0,1,0,0,1,0,3,1.0,0.0,227.3,-227.3,0.0,-3
ALVARK TOKYO,"Brandon Davies, Marcus Foster, Kai Toews, Taiki Osakabe, Shuto Ando","ALVARK TOKYO|0,17,3,75,9",1,0.2,10.0,0,0,0,0,0,0,0,0,0,0,0,0,0,1,0,0,0,0,1,0.1,0.0,227.3,-227.3,0.0,-1
SAN-EN NEOPHOENIX,"Yante Maten, Hirotaka Yoshii, Hideya Asai, David Nwaba, Dai Nemoto","SAN-EN NEOPHOENIX|1,10,11,2,20",1,0.2,10.0,1,0,0,0,0,0,0,1,1,100.0,0,0,0,0,0,0,0,0,0,0.4,227.3,0.0,227.3,6.0,1
SUNROCKERS SHIBUYA,"Donte Grantham, Reiya Nozaki, Troy Murphy Jr, Josh Hawkinson, Leo Vendrame","SUNROCKERS SHIBUYA|1,12,4,8,9",1,0.2,14.0,0,0,0,0,0,0,0,0,0,0,0,0,0,0,0,0,0,0,0,0.1,0.0,0.0,0.0,0.0,0
SUNROCKERS SHIBUYA,"Didi Louzada, Donte Grantham, Daiki Tanaka, Keitaro Ohba, Josh Hawkinson","SUNROCKERS SHIBUYA|0,1,13,18,8",1,0.2,13.0,0,0,0,0,0,0,0,0,0,0,0,0,0,1,0,0,1,0,2,1.0,0.0,151.5,-151.5,0.0,-2
KOSHIGAYA ALPHAS,"Kai Sotto, Kai Sugawara, Shuhei Kitagawa, Sekou Doumbouya, Anthony Clemmons","KOSHIGAYA ALPHAS|11,28,31,45,5",1,0.2,12.0,0,0,1,0.0,0,0,0,0,0,0,0,0,0,0,0,0,0,0,3,1.0,0.0,300.0,-300.0,0.0,-3
SHIMANE SUSANOO MAGIC,"Coty Clarke, Yuto Nohmi, Muusa Dama, Shota Arai, Anthony Sho Sukegawa","SHIMANE SUSANOO MAGIC|1,21,25,5,7",1,0.2,14.0,0,0,0,0,0,0,0,0,0,0,0,0,0,0,0,0,0,0,0,0.1,0.0,0.0,0.0,0.0,0
NAGOYA DIAMOND DOLPHINS,"Aaron Henry, Hiyuu Ozawa, Scott Eatherton, Isaiah Murphy, Tenketsu Harimoto","NAGOYA DIAMOND DOLPHINS|11,4,43,5,8",1,0.2,14.0,0,0,0,0,0,0,0,0,0,0,0,0,0,0,0,0,0,0,0,0.1,0.0,0.0,0.0,0.0,0
KYOTO HANNARYZ,"Satoru Maeta, Hayato Kawashima, Ira Brown, Jordan Heath, Takatoshi Furukawa","KYOTO HANNARYZ|13,15,33,35,51",1,0.2,10.0,0,0,0,0,0,0,0,0,0,0,0,0,0,0,0,0,0,0,0,0.1,0.0,0.0,0.0,0.0,0
FIGHTING EAGLES NAGOYA,"Jamorko Pickett, Takaya Sasayama, Ryuto Yasuoka, Andrew Randall, Tyrell Taku Sudo","FIGHTING EAGLES NAGOYA|0,21,23,33,6",1,0.2,10.0,0,0,0,0,0,0,0,0,0,0,0,0,0,0,0,0,0,0,0,0.1,0.0,0.0,0.0,0.0,0
SHIMANE SUSANOO MAGIC,"Coty Clarke, Fumiya Iio, Muusa Dama, Shota Arai, Anthony Sho Sukegawa","SHIMANE SUSANOO MAGIC|1,22,25,5,7",1,0.2,15.0,0,0,0,0,0,0,0,0,0,0,0,0,0,0,0,0,0,0,0,0.1,0.0,0.0,0.0,0.0,0
GUNMA CRANE THUNDERS,"Koh Flippin, AJ Edu, Johannes Thiemann, Trey Jones, Naoto Tsuji","GUNMA CRANE THUNDERS|1,15,32,4,9",1,0.2,15.0,0,0,0,0,0,0,0,0,0,0,0,0,0,0,0,0,0,0,0,0.1,0.0,0.0,0.0,0.0,0
NAGASAKI VELCA,"Ko Kumagai, Hayato Yamaguchi, Yudai Baba, Hyunjung Lee, Jarrell Brantley","NAGASAKI VELCA|11,17,18,5,7",1,0.2,13.0,0,0,0,0,0,0,0,0,0,0,0,0,0,0,0,0,0,0,0,0.1,0.0,0.0,0.0,0.0,0
NAGASAKI VELCA,"Kenshin Hoshikawa, Stanley Johnson, Hayato Yamaguchi, Yudai Baba, Jarrell Brantley","NAGASAKI VELCA|13,14,17,18,7",1,0.2,10.0,0,0,0,0,0,0,0,0,0,0,0,0,0,0,0,0,0,0,0,0.1,0.0,0.0,0.0,0.0,0
HIROSHIMA DRAGONFLIES,"Kofi Cockburn, Tatsuya Ito, Ryo Yamazaki, Kevin Hareyama, Christopher Smith","HIROSHIMA DRAGONFLIES|23,3,30,32,8",1,0.2,13.0,0,0,0,0,0,0,0,0,0,0,0,0,0,0,0,0,0,0,0,0.1,0.0,0.0,0.0,0.0,0
SAGA BALLOONERS,"Ryo Abe, Tanner Groves, Ryota Inoue, Josh Harrellson, Davon Reed","SAGA BALLOONERS|13,22,34,55,9",1,0.2,12.0,0,0,0,0,0,0,0,0,0,0,0,0,0,0,0,0,0,0,0,0.1,0.0,0.0,0.0,0.0,0
KYOTO HANNARYZ,"Charles Jackson, Ira Brown, Jordan Heath, Mone Alex Hall, Takatoshi Furukawa","KYOTO HANNARYZ|10,33,35,39,51",1,0.2,10.0,1,0,0,0,0,0,0,1,2,50.0,0,0,0,0,0,0,0,0,0,0.9,113.6,0.0,113.6,6.0,1
OSAKA EVESSA,"Ray Parks Jr, Joji Takeuchi, Makoto Kinoshita, Matt Bonds, Volodymyr Gerun","OSAKA EVESSA|1,15,31,5,52",1,0.2,15.0,0,0,1,0.0,0,1,0.0,0,0,0,0,0,0,0,0,0,0,0,2,1.0,0.0,227.3,-227.3,0.0,-2
RYUKYU GOLDEN KINGS,"Ryuichi Kishimoto, Damyean Dotson, Vic Law, Alex Kirk, Ryo Sadohara","RYUKYU GOLDEN KINGS|14,21,4,53,8",1,0.2,10.0,0,0,0,0,0,0,0,0,0,0,0,0,0,0,0,0,0,0,0,0.1,0.0,0.0,0.0,0.0,0
SAN-EN NEOPHOENIX,"Hayato Wakugawa, David Nwaba, Kazuma Tsuya, Junior Kodama, Cameron Jackson","SAN-EN NEOPHOENIX|14,2,28,33,7",1,0.2,15.0,2,1,2,50.0,0,1,0.0,0,0,0,0,0,0,0,0,0,0,0,0,2.0,100.0,0.0,100.0,8.0,2
SHIMANE SUSANOO MAGIC,"Coty Clarke, Taichi Nakamura, Yuto Nohmi, Muusa Dama, Shota Arai","SHIMANE SUSANOO MAGIC|1,11,21,25,5",1,0.2,13.0,0,0,0,0,0,0,0,0,0,0,0,0,0,0,0,0,0,0,0,0.1,0.0,0.0,0.0,0.0,0
KYOTO HANNARYZ,"Asato Ogawa, Ira Brown, Jordan Heath, Takatoshi Furukawa, Shuma Nishibe","KYOTO HANNARYZ|12,33,35,51,7",1,0.2,13.0,0,0,0,0,0,0,0,0,0,0,0,0,0,0,0,0,0,0,0,0.1,0.0,0.0,0.0,0.0,0
IBARAKI ROBOTS,"Kento Akama, Eric Jacobsen, Noboru Hasegawa, Tim Schneider, Hayate Komasawa","IBARAKI ROBOTS|12,21,3,30,7",1,0.2,13.0,0,0,0,0,0,0,0,0,0,0,0,0,0,0,0,0,0,0,1,0.1,0.0,113.6,-113.6,0.0,-1
KOSHIGAYA ALPHAS,"Yuichi Ikeda, Yuya Kamata, Jordan Ngatai, Shuhei Kitagawa, Sekou Doumbouya","KOSHIGAYA ALPHAS|12,18,20,31,45",1,0.2,12.0,0,0,0,0,0,0,0,0,0,0,0,0,0,0,0,0,0,0,0,0.1,0.0,0.0,0.0,0.0,0
ALVARK TOKYO,"Brandon Davies, Zack Baranski, Marcus Foster, Kohei Fukuzawa, Taiki Osakabe","ALVARK TOKYO|0,10,17,25,75",1,0.2,12.0,0,0,0,0,0,0,0,0,0,0,0,0,0,0,0,0,0,0,0,0.1,0.0,0.0,0.0,0.0,0
ALTIRI CHIBA,"Takaaki Kida, Yuto Otsuka, Kotetsu Kurokawa, Luke Evans, Dererk Pardon","ALTIRI CHIBA|0,24,3,33,7",1,0.2,14.0,0,0,0,0,0,0,0,0,0,0,0,0,0,0,0,0,0,0,2,0.1,0.0,200.0,-200.0,0.0,-2
AKITA NORTHERN HAPPINETS,"Takuya Nakayama, Yori Iwaya, Tsubasa Kurihara, Kanji Takahira, Alistair Tokio Tsuchiya","AKITA NORTHERN HAPPINETS|17,18,2,24,77",1,0.2,14.0,2,1,1,100.0,0,0,0,0,0,0,0,0,0,0,0,0,0,0,0,1.0,200.0,0.0,200.0,8.57,2
TOYAMA GROUSES,"Brock Motum, Matthew Aquino, Towa Izumi, Yoshiaki Fujinaga, Yannis Morin","TOYAMA GROUSES|12,13,14,2,24",1,0.2,15.0,0,0,0,0,0,0,0,0,0,0,0,0,0,0,0,0,0,0,0,0.1,0.0,0.0,0.0,0.0,0
OSAKA EVESSA,"Ryan Luther, Yasunori Aoki, Volodymyr Gerun, Seiga Sakamoto, Yoshiya Uematsu","OSAKA EVESSA|11,4,52,60,8",1,0.2,13.0,0,0,0,0,0,0,0,0,0,0,0,0,0,0,0,0,0,0,0,0.1,0.0,0.0,0.0,0.0,0
LEVANGA HOKKAIDO,"Kohei Sekino, Ren Shimatani, Max Hisatake, Kevin Jones, Hiroto Kikuchi","LEVANGA HOKKAIDO|1,15,29,5,6",1,0.2,10.0,0,0,0,0,0,0,0,0,0,0,0,0,0,0,0,0,0,0,0,0.1,0.0,0.0,0.0,0.0,0
ALVARK TOKYO,"Brandon Davies, Zack Baranski, Kohei Fukuzawa, Kai Toews, Shuto Ando","ALVARK TOKYO|0,10,25,3,9",1,0.2,10.0,0,0,0,0,0,0,0,0,0,0,0,0,0,0,0,0,0,0,0,0.1,0.0,0.0,0.0,0.0,0
ALVARK TOKYO,"Brandon Davies, Gen Hiraiwa, Kohei Fukuzawa, Kai Toews, Shuto Ando","ALVARK TOKYO|0,21,25,3,9",1,0.2,13.0,0,0,0,0,0,0,0,0,0,0,0,0,0,0,0,0,0,0,0,0.1,0.0,0.0,0.0,0.0,0
GUNMA CRANE THUNDERS,"Yuma Fujii, Koh Flippin, AJ Edu, Kenny Asano, Kerry BlackshearJr","GUNMA CRANE THUNDERS|0,1,15,16,8",1,0.2,15.0,0,0,0,0,0,0,0,0,0,0,0,0,0,0,0,0,0,0,0,0.1,0.0,0.0,0.0,0.0,0
SENDAI 89ERS,"Yusei Sugiura, Ryota Hanzawa, Kazuma Okajima, Seiya Funyu, Jarrett Culver","SENDAI 89ERS|14,23,3,7,8",1,0.2,15.0,0,0,0,0,0,0,0,0,0,0,0,0,0,0,0,0,0,0,0,0.1,0.0,0.0,0.0,0.0,0
KAWASAKI BRAVE THUNDERS,"Shota Tsuyama, Ryo Iida, Roy Hideki Igwe, Emanuel Terry, Ryusei Shinoyama","KAWASAKI BRAVE THUNDERS|13,17,2,5,7",1,0.2,13.0,0,0,0,0,0,0,0,0,0,0,0,0,0,0,0,0,0,0,0,0.1,0.0,0.0,0.0,0.0,0
KAWASAKI BRAVE THUNDERS,"Reoto Yonesu, Rosco Allen, Takumi Hasegawa, Jaheru Ryuto Yamauchi, Emanuel Terry","KAWASAKI BRAVE THUNDERS|11,25,33,45,5",1,0.2,11.0,0,0,0,0,0,0,0,0,0,0,0,0,0,0,0,0,0,0,3,0.1,0.0,300.0,-300.0,0.0,-3
KOSHIGAYA ALPHAS,"Takeru Oba, Yuya Kamata, Sekou Doumbouya, Anthony Clemmons, Shun Matsuyama","KOSHIGAYA ALPHAS|14,18,45,5,7",1,0.2,13.0,0,0,0,0,0,0,0,0,0,0,0,0,0,0,0,0,0,0,0,0.1,0.0,0.0,0.0,0.0,0
SEAHORSES MIKAWA,"Thomas Kennedy, Jake Layman, Yoshiaki Kubota, Avi Koki Schafer, Satoshi Nagano","SEAHORSES MIKAWA|1,10,11,32,7",1,0.2,10.0,0,0,0,0,0,0,0,0,0,0,0,0,0,0,0,0,1,0,0,1.0,0.0,0.0,0.0,0.0,0
KYOTO HANNARYZ,"Asato Ogawa, Satoru Maeta, Ira Brown, Jordan Heath, Mone Alex Hall","KYOTO HANNARYZ|12,13,33,35,39",1,0.2,14.0,0,0,0,0,0,0,0,0,0,0,0,0,0,0,0,0,0,0,1,0.1,0.0,113.6,-113.6,0.0,-1
NAGASAKI VELCA,"Stanley Johnson, Yudai Baba, Hyunjung Lee, Jarrell Brantley, Koya Kawamata","NAGASAKI VELCA|14,18,5,7,99",1,0.2,10.0,2,1,1,100.0,0,0,0,0,0,0,0,0,0,0,0,0,0,0,0,1.0,200.0,0.0,200.0,12.0,2
NAGOYA DIAMOND DOLPHINS,"Alan Williams, Takumi Saito, Taketo Kato, Kyle Richardson, Isaiah Murphy","NAGOYA DIAMOND DOLPHINS|15,2,3,34,5",1,0.2,13.0,0,0,0,0,0,0,0,0,0,0,0,0,0,0,0,0,0,0,0,0.1,0.0,0.0,0.0,0.0,0
RYUKYU GOLDEN KINGS,"Ryuichi Kishimoto, Shota Onodera, Vic Law, Alex Kirk, Ryo Sadohara","RYUKYU GOLDEN KINGS|14,34,4,53,8",1,0.2,11.0,0,0,0,0,0,0,0,0,0,0,0,0,0,0,0,0,0,0,0,0.1,0.0,0.0,0.0,0.0,0
HIROSHIMA DRAGONFLIES,"Dwayne Evans II, Nick Mayo, Tatsuya Ito, Ryo Yamazaki, Christopher Smith","HIROSHIMA DRAGONFLIES|13,24,3,30,8",1,0.1,6.0,0,0,0,0,0,0,0,0,0,0,0,0,0,0,0,0,0,0,0,0.1,0.0,0.0,0.0,0.0,0
LEVANGA HOKKAIDO,"Kohei Sekino, Dwight Ramos, Jahlil Okafor, Keisei Tominaga, Kevin Jones","LEVANGA HOKKAIDO|1,2,22,30,5",1,0.1,4.0,2,0,0,0,0,0,0,2,2,100.0,0,0,0,0,0,0,0,0,0,0.9,227.3,0.0,227.3,30.0,2
TOYAMA GROUSES,"Naoki Uto, Brock Motum, Haruaki Tanaka, Yannis Morin, Nyika Williams","TOYAMA GROUSES|11,12,17,24,6",1,0.1,5.0,2,0,0,0,0,0,0,2,2,100.0,0,0,0,0,0,0,0,0,0,0.9,227.3,0.0,227.3,24.0,2
TOYAMA GROUSES,"Naoki Uto, Matthew Aquino, Yannis Morin, Trey Kell, Takeshi Mito","TOYAMA GROUSES|11,13,24,8,9",1,0.1,6.0,0,0,0,0,0,0,0,0,0,0,0,0,0,0,0,0,0,0,0,0.1,0.0,0.0,0.0,0.0,0
NAGOYA DIAMOND DOLPHINS,"Aaron Henry, Taketo Kato, Hiyuu Ozawa, Scott Eatherton, Isaiah Murphy","NAGOYA DIAMOND DOLPHINS|11,3,4,43,5",1,0.1,6.0,0,0,0,0,0,0,0,0,0,0,0,0,0,0,0,0,0,0,0,0.1,0.0,0.0,0.0,0.0,0
SHIGA LAKES,"Daichi Nomoto, Thomas Wimbush, Shintaro Ehara, Ryan Kriener, Ai-Che Yu","SHIGA LAKES|16,20,25,4,7",1,0.1,7.0,2,0,0,0,0,0,0,2,2,100.0,0,0,0,0,0,0,0,0,0,0.9,227.3,0.0,227.3,17.14,2
SENDAI 89ERS,"Hirohide Araya, Boubacar Toure, Soichiro Inoue, Jarrett Culver, Sergio El Darwich","SENDAI 89ERS|11,21,75,8,9",1,0.1,6.0,0,0,0,0,0,0,0,0,0,0,0,0,0,0,0,0,0,0,2,0.1,0.0,227.3,-227.3,0.0,-2
ALTIRI CHIBA,"Takaaki Kida, Trey Porter, Yuto Otsuka, Reo Maeda, Dererk Pardon","ALTIRI CHIBA|0,22,24,5,7",1,0.1,3.0,0,0,1,0.0,0,0,0,0,0,0,0,0,0,0,0,0,0,0,1,1.0,0.0,227.3,-227.3,0.0,-1
IBARAKI ROBOTS,"Robert Franks, Ru Jingaoka, Eric Jacobsen, Atsunobu Hirao, Jae-Min Yang","IBARAKI ROBOTS|0,10,21,25,9",1,0.1,7.0,0,0,0,0,0,0,0,0,0,0,0,0,0,0,0,0,0,0,0,0.1,0.0,0.0,0.0,0.0,0
IBARAKI ROBOTS,"Robert Franks, Ru Jingaoka, Kohei Nakamura, Eric Jacobsen, Keita Tsurumaki","IBARAKI ROBOTS|0,10,13,21,29",1,0.1,7.0,1,0,0,0,0,0,0,1,2,50.0,0,0,0,0,0,0,0,0,0,0.9,113.6,0.0,113.6,8.57,1
SEAHORSES MIKAWA,"Jake Layman, Yoshiaki Kubota, Yutaro Suda, Yudai Nishida, Aaron White","SEAHORSES MIKAWA|10,11,13,19,30",1,0.1,3.0,0,0,0,0,0,0,0,0,1,0.0,0,0,0,1,0,0,0,0,4,0.4,0.0,227.3,-227.3,0.0,-4
OSAKA EVESSA,"Ryan Luther, Joji Takeuchi, Makoto Kinoshita, Yasunori Aoki, Matt Bonds","OSAKA EVESSA|11,15,31,4,5",1,0.1,9.0,0,0,0,0,0,0,0,0,0,0,0,0,0,0,0,0,0,0,0,0.1,0.0,0.0,0.0,0.0,0
SENDAI 89ERS,"Yusei Sugiura, Ryota Hanzawa, Seiya Funyu, Jarrett Culver, Sergio El Darwich","SENDAI 89ERS|14,23,7,8,9",1,0.1,4.0,0,0,0,0,0,0,0,0,0,0,0,0,0,0,0,0,0,0,0,0.1,0.0,0.0,0.0,0.0,0
SEAHORSES MIKAWA,"Thomas Kennedy, Jake Layman, Koyo Nishida, Yudai Nishida, Davante Gardner","SEAHORSES MIKAWA|1,10,16,19,54",1,0.1,3.0,1,0,0,0,0,0,0,1,2,50.0,0,0,0,0,0,0,0,0,0,0.9,113.6,0.0,113.6,20.0,1
SEAHORSES MIKAWA,"Jake Layman, Yutaro Suda, Koyo Nishida, Yudai Nishida, Davante Gardner","SEAHORSES MIKAWA|10,13,16,19,54",1,0.1,4.0,0,0,0,0,0,0,0,0,0,0,0,0,0,0,0,0,0,0,0,0.1,0.0,0.0,0.0,0.0,0
SENDAI 89ERS,"Shota Watanabe, Ryota Hanzawa, Nathan Boothe, Jarrett Culver, Sergio El Darwich","SENDAI 89ERS|15,23,45,8,9",1,0.1,9.0,0,0,1,0.0,0,1,0.0,0,0,0,0,0,0,0,0,0,0,0,0,1.0,0.0,0.0,0.0,0.0,0
UTSUNOMIYA BREX,"Kosuke Takeuchi, Seiji Ikaruga, Isaac Fotu, Makoto Hiejima, Yusuke Endo","UTSUNOMIYA BREX|10,18,42,6,9",1,0.1,6.0,0,0,0,0,0,0,0,0,0,0,0,0,0,0,0,0,0,0,0,0.1,0.0,0.0,0.0,0.0,0
IBARAKI ROBOTS,"Robert Franks, Eric Jacobsen, Keita Tsurumaki, Noboru Hasegawa, Jae-Min Yang","IBARAKI ROBOTS|0,21,29,3,9",1,0.1,4.0,0,0,0,0,0,0,0,0,0,0,0,0,0,0,0,0,0,0,1,0.1,0.0,227.3,-227.3,0.0,-1
RYUKYU GOLDEN KINGS,"Hayate Arakawa, Yoshiyuki Matsuwaki, Vic Law, Jack Cooley, Ryo Sadohara","RYUKYU GOLDEN KINGS|10,15,4,45,8",1,0.1,4.0,0,0,0,0,0,0,0,0,0,0,0,0,0,0,0,0,0,0,0,0.1,0.0,0.0,0.0,0.0,0
SHIGA LAKES,"Yosei Nishida, Thomas Wimbush, Shintaro Ehara, Ryan Kriener, Ai-Che Yu","SHIGA LAKES|14,20,25,4,7",1,0.1,6.0,2,1,1,100.0,0,0,0,0,0,0,0,0,0,0,0,0,0,0,0,1.0,200.0,0.0,200.0,20.0,2
CHIBA JETS,"Yuta Watanabe, DJ Hogg, Shuta Hara, Naoki Tashiro, Riku Segawa","CHIBA JETS|1,10,31,4,5",1,0.1,9.0,0,0,0,0,0,0,0,0,0,0,0,0,0,0,0,0,0,0,0,0.1,0.0,0.0,0.0,0.0,0
KYOTO HANNARYZ,"Charles Jackson, Asato Ogawa, Hayato Kawashima, Mone Alex Hall, Takatoshi Furukawa","KYOTO HANNARYZ|10,12,15,39,51",1,0.1,9.0,0,0,0,0,0,0,0,0,0,0,0,0,0,0,0,0,0,0,0,0.1,0.0,0.0,0.0,0.0,0
KYOTO HANNARYZ,"Charles Jackson, Satoru Maeta, Hayato Kawashima, Ryunosuke Watanabe, Ira Brown","KYOTO HANNARYZ|10,13,15,16,33",1,0.1,8.0,0,0,0,0,0,0,0,0,0,0,0,0,0,0,0,0,0,0,4,0.1,0.0,277.8,-277.8,0.0,-4
KYOTO HANNARYZ,"Asato Ogawa, Satoru Maeta, Hayato Kawashima, Jordan Heath, Mone Alex Hall","KYOTO HANNARYZ|12,13,15,35,39",1,0.1,4.0,1,0,0,0,0,0,0,1,2,50.0,0,0,0,0,0,0,0,0,0,0.9,113.6,0.0,113.6,15.0,1
SAGA BALLOONERS,"Ryo Abe, Kosuke Kanamaru, Toshiki Tomiyama, David Dudzinski, Taiki Sumida","SAGA BALLOONERS|13,14,21,23,25",1,0.1,7.0,0,0,0,0,0,0,0,0,0,0,0,0,0,1,0,0,0,0,3,0.1,0.0,170.5,-170.5,0.0,-3
SHIGA LAKES,"Zach Auguste, Shintaro Ehara, Higen Hasegawa, Ryan Kriener, Ai-Che Yu","SHIGA LAKES|0,25,34,4,7",1,0.1,6.0,0,0,0,0,0,0,0,0,0,0,0,0,0,0,0,0,0,0,0,0.1,0.0,0.0,0.0,0.0,0
TOYAMA GROUSES,"Brock Motum, Yuzo Okada, Nyika Williams, Trey Kell, Takeshi Mito","TOYAMA GROUSES|12,3,6,8,9",1,0.1,4.0,1,0,0,0,0,0,0,1,4,25.0,0,0,0,0,0,0,0,0,0,1.8,56.8,0.0,56.8,15.0,1
SAN-EN NEOPHOENIX,"Steve Zack, Hirotaka Yoshii, Tshilidzi Kawata, David Nwaba, Sota Oura","SAN-EN NEOPHOENIX|00,10,15,2,5",1,0.1,3.0,0,0,0,0,0,0,0,0,0,0,0,0,0,0,0,0,0,0,1,0.1,0.0,113.6,-113.6,0.0,-1
SAGA BALLOONERS,"Ryo Abe, Kosuke Kanamaru, Atsuki Kishida, Tanner Groves, David Dudzinski","SAGA BALLOONERS|13,14,20,22,23",1,0.1,7.0,0,0,0,0,0,0,0,0,0,0,0,0,0,0,0,0,0,0,0,0.1,0.0,0.0,0.0,0.0,0
NAGASAKI VELCA,"Stanley Johnson, Yudai Baba, Masaya Karimata, Hyunjung Lee, Jarrell Brantley","NAGASAKI VELCA|14,18,4,5,7",1,0.1,9.0,0,0,0,0,0,0,0,0,0,0,0,0,0,0,0,0,0,0,0,0.1,0.0,0.0,0.0,0.0,0
KOSHIGAYA ALPHAS,"Jarell Martin, Yuya Kamata, Kai Sugawara, Shuhei Kitagawa, Anthony Clemmons","KOSHIGAYA ALPHAS|1,18,28,31,5",1,0.1,6.0,2,1,3,33.3,0,2,0.0,0,0,0,0,0,0,0,0,0,0,0,0,3.0,66.7,0.0,66.7,20.0,2
CHIBA JETS,"Yuta Watanabe, DJ Hogg, Ren Kanechika, John Mooney, Naoki Tashiro","CHIBA JETS|1,10,12,33,4",1,0.1,6.0,0,0,0,0,0,0,0,0,0,0,0,0,0,0,0,0,0,0,2,0.1,0.0,66.7,-66.7,0.0,-2
SEAHORSES MIKAWA,"Thomas Kennedy, Yoshiaki Kubota, Yudai Nishida, Davante Gardner, Satoshi Nagano","SEAHORSES MIKAWA|1,11,19,54,7",2,0.1,8.0,3,1,1,100.0,0,0,0,1,1,100.0,0,0,0,1,0,0,0,0,0,1.4,208.3,0.0,208.3,22.5,3
SAN-EN NEOPHOENIX,"Steve Zack, Hirotaka Yoshii, Dai Nemoto, Jordan Dallas, Sota Oura","SAN-EN NEOPHOENIX|00,10,20,22,5",1,0.1,6.0,0,0,0,0,0,0,0,0,2,0.0,0,0,0,0,0,0,0,0,0,0.9,0.0,0.0,0.0,0.0,0
ALTIRI CHIBA,"Kei Sugimoto, Brandon Ashley, Trey Porter, Naoya Kumagae, Kotetsu Kurokawa","ALTIRI CHIBA|11,21,22,27,3",1,0.1,3.0,0,0,0,0,0,0,0,0,0,0,0,0,0,0,0,0,0,0,2,0.1,0.0,227.3,-227.3,0.0,-2
SEAHORSES MIKAWA,"Thomas Kennedy, Yutaro Suda, Yudai Nishida, Kosuke Ishii, Davante Gardner","SEAHORSES MIKAWA|1,13,19,27,54",1,0.1,3.0,2,0,0,0,0,0,0,2,2,100.0,0,0,0,0,0,0,0,0,0,0.9,227.3,0.0,227.3,40.0,2
ALTIRI CHIBA,"Kei Sugimoto, Brandon Ashley, Trey Porter, Yuto Otsuka, Kotetsu Kurokawa","ALTIRI CHIBA|11,21,22,24,3",1,0.1,3.0,2,1,2,50.0,0,1,0.0,0,0,0,0,0,0,0,0,0,0,0,0,2.0,100.0,0.0,100.0,40.0,2
SEAHORSES MIKAWA,"Jake Layman, Yutaro Suda, Yudai Nishida, Kosuke Ishii, Aaron White","SEAHORSES MIKAWA|10,13,19,27,30",1,0.1,3.0,0,0,0,0,0,0,0,0,0,0,0,0,0,0,0,0,0,0,2,0.1,0.0,100.0,-100.0,0.0,-2
ALTIRI CHIBA,"Kei Sugimoto, Trey Porter, Naoya Kumagae, Luke Evans, Dererk Pardon","ALTIRI CHIBA|11,22,27,33,7",1,0.1,3.0,0,0,0,0,0,0,0,0,0,0,0,0,0,0,0,0,0,0,2,0.1,0.0,200.0,-200.0,0.0,-2
SEAHORSES MIKAWA,"Thomas Kennedy, Jake Layman, Yudai Nishida, Kosuke Ishii, Davante Gardner","SEAHORSES MIKAWA|1,10,19,27,54",3,0.1,8.0,1,0,0,0,0,0,0,1,2,50.0,0,0,0,1,0,0,0,0,1,0.9,113.6,29.1,84.6,7.5,0
SENDAI 89ERS,"Hirohide Araya, Boubacar Toure, Ryota Hanzawa, Kazuma Okajima, Jarrett Culver","SENDAI 89ERS|11,21,23,3,8",1,0.1,9.0,0,0,0,0,0,0,0,0,0,0,0,0,0,0,0,0,0,0,0,0.1,0.0,0.0,0.0,0.0,0
AKITA NORTHERN HAPPINETS,"Jamel Mclean, Yanni Wetzell, Taiyo Motoda, Tsubasa Kurihara, Kanji Takahira","AKITA NORTHERN HAPPINETS|1,10,12,2,24",1,0.1,8.0,0,0,0,0,0,0,0,0,0,0,0,0,0,0,0,0,0,0,0,0.1,0.0,0.0,0.0,0.0,0
AKITA NORTHERN HAPPINETS,"Yanni Wetzell, Taiyo Motoda, Takuya Nakayama, Kanji Takahira, Keanu Pinder","AKITA NORTHERN HAPPINETS|10,12,17,24,25",1,0.1,5.0,0,0,0,0,0,0,0,0,0,0,0,0,0,0,0,0,0,0,0,0.1,0.0,0.0,0.0,0.0,0
CHIBA JETS,"Yuta Watanabe, DJ Hogg, Yuki Togashi, John Mooney, Michael Ou","CHIBA JETS|1,10,2,33,7",1,0.1,7.0,0,0,0,0,0,0,0,0,0,0,0,0,0,0,0,0,1,0,2,1.0,0.0,200.0,-200.0,0.0,-2
NAGOYA DIAMOND DOLPHINS,"Aaron Henry, Takumi Saito, Keita Imamura, Hiyuu Ozawa, Scott Eatherton","NAGOYA DIAMOND DOLPHINS|11,2,30,4,43",2,0.1,5.0,2,1,3,33.3,0,1,0.0,0,0,0,0,0,0,0,0,0,0,0,1,3.0,66.7,113.6,-47.0,24.0,1
SAN-EN NEOPHOENIX,"Hideya Asai, David Nwaba, Dai Nemoto, Kazuma Tsuya, Darius Days","SAN-EN NEOPHOENIX|11,2,20,28,4",1,0.1,9.0,0,0,0,0,0,0,0,0,0,0,0,0,0,0,0,0,0,0,0,0.1,0.0,0.0,0.0,0.0,0
SHIMANE SUSANOO MAGIC,"Coty Clarke, Taichi Nakamura, James Michael McAdoo, Yuto Nohmi, Yuta Okada","SHIMANE SUSANOO MAGIC|1,11,14,21,77",1,0.1,9.0,0,0,0,0,0,0,0,0,0,0,0,0,0,0,0,0,0,0,0,0.1,0.0,0.0,0.0,0.0,0
OSAKA EVESSA,"Joji Takeuchi, Makoto Kinoshita, Matt Bonds, Seiga Sakamoto, Yoshiya Uematsu","OSAKA EVESSA|15,31,5,60,8",1,0.1,5.0,0,0,0,0,0,0,0,0,0,0,0,0,0,0,0,0,0,0,0,0.1,0.0,0.0,0.0,0.0,0
OSAKA EVESSA,"Ray Parks Jr, Ryan Luther, Joji Takeuchi, Matt Bonds, Hayato Maki","OSAKA EVESSA|1,11,15,5,88",1,0.1,4.0,0,0,0,0,0,0,0,0,0,0,0,0,0,0,0,0,0,0,0,0.1,0.0,0.0,0.0,0.0,0
GUNMA CRANE THUNDERS,"Kenny Lawson Jr, Daichi Taniguchi, Takuto Nakamura, Kerry BlackshearJr, Naoto Tsuji","GUNMA CRANE THUNDERS|25,55,6,8,9",1,0.1,9.0,0,0,0,0,0,0,0,0,0,0,0,0,0,0,0,0,0,0,0,0.1,0.0,0.0,0.0,0.0,0
SUNROCKERS SHIBUYA,"Toyoshige Kano, John Lawrence Harper Jr, Troy Murphy Jr, Thomas Welsh, Andrew Randall","SUNROCKERS SHIBUYA|14,3,4,40,7",1,0.1,9.0,0,0,0,0,0,0,0,0,0,0,0,0,0,0,0,0,0,0,0,0.1,0.0,0.0,0.0,0.0,0
SUNROCKERS SHIBUYA,"Donte Grantham, Troy Murphy Jr, Andrew Randall, Josh Hawkinson, Leo Vendrame","SUNROCKERS SHIBUYA|1,4,7,8,9",1,0.1,6.0,0,0,0,0,0,0,0,0,0,0,0,0,0,0,0,0,0,0,3,0.1,0.0,150.0,-150.0,0.0,-3
TOYAMA GROUSES,"Naoki Uto, Matthew Aquino, Yannis Morin, Daichi Kuzuhara, Kazuki Miyamoto","TOYAMA GROUSES|11,13,24,25,7",1,0.1,9.0,0,0,0,0,0,0,0,0,0,0,0,0,0,0,0,0,0,0,0,0.1,0.0,0.0,0.0,0.0,0
UTSUNOMIYA BREX,"Seiji Ikaruga, Gavin Edwards, Isaac Fotu, Makoto Hiejima, Atsuya Ogawa","UTSUNOMIYA BREX|18,33,42,6,7",1,0.1,5.0,2,0,0,0,0,0,0,2,2,100.0,0,0,0,0,0,0,0,0,0,0.9,227.3,0.0,227.3,24.0,2
SAN-EN NEOPHOENIX,"Hirotaka Yoshii, Hayato Wakugawa, Dai Nemoto, Kazuma Tsuya, Cameron Jackson","SAN-EN NEOPHOENIX|10,14,20,28,7",1,0.1,3.0,0,0,1,0.0,0,0,0,0,0,0,0,0,0,0,0,0,0,0,0,1.0,0.0,0.0,0.0,0.0,0
YOKOHAMA B-CORSAIRS,"Seiya Ando, Koya Sudo, Damien Inglis, Hiroki Taniguchi, Gary Clark","YOKOHAMA B-CORSAIRS|3,30,4,7,8",1,0.1,9.0,0,0,1,0.0,0,1,0.0,0,0,0,0,0,0,0,0,0,0,0,2,1.0,0.0,200.0,-200.0,0.0,-2
ALVARK TOKYO,"Zack Baranski, Sebastian Saiz, Ryan Rossiter, Kohei Fukuzawa, Taiki Osakabe","ALVARK TOKYO|10,11,22,25,75",1,0.1,8.0,0,0,0,0,0,0,0,0,0,0,0,0,0,0,0,0,0,0,0,0.1,0.0,0.0,0.0,0.0,0
LEVANGA HOKKAIDO,"Dwight Ramos, Jahlil Okafor, Keisei Tominaga, Kevin Jones, Hiroto Kikuchi","LEVANGA HOKKAIDO|2,22,30,5,6",2,0.1,8.0,3,1,2,50.0,0,1,0.0,1,3,33.3,0,0,0,1,0,0,0,0,3,3.3,90.4,170.5,-80.1,22.5,0
SAN-EN NEOPHOENIX,"Hirotaka Yoshii, Kazuma Tsuya, Darius Days, Sota Oura, Cameron Jackson","SAN-EN NEOPHOENIX|10,28,4,5,7",1,0.1,9.0,0,0,0,0,0,0,0,0,0,0,0,0,0,0,0,0,0,0,0,0.1,0.0,0.0,0.0,0.0,0
FIGHTING EAGLES NAGOYA,"Mylo Murphy, Takaya Sasayama, Jeremy Jones, Ryuto Yasuoka, Sean O'mara","FIGHTING EAGLES NAGOYA|15,21,22,23,54",1,0.1,4.0,1,0,0,0,0,0,0,1,2,50.0,0,0,0,1,0,0,0,0,2,0.9,113.6,200.0,-86.4,15.0,-1
OSAKA EVESSA,"Joji Takeuchi, Rei Goda, Joshua Smith, Seiga Sakamoto, Hayato Maki","OSAKA EVESSA|15,20,34,60,88",1,0.1,9.0,0,0,0,0,0,0,0,0,0,0,0,0,0,0,0,0,1,0,0,1.0,0.0,0.0,0.0,0.0,0
SHIMANE SUSANOO MAGIC,"Taichi Nakamura, Shunsuke Ueda, Yuto Nohmi, Nick Kay, Yuta Okada","SHIMANE SUSANOO MAGIC|11,20,21,4,77",1,0.1,7.0,1,0,0,0,0,0,0,1,1,100.0,0,0,0,0,0,0,0,0,0,0.4,227.3,0.0,227.3,8.57,1
SEAHORSES MIKAWA,"Thomas Kennedy, Jake Layman, Yoshiaki Kubota, Yutaro Suda, Davante Gardner","SEAHORSES MIKAWA|1,10,11,13,54",1,0.1,7.0,2,0,0,0,0,0,0,2,2,100.0,0,0,0,0,0,0,0,0,2,0.9,227.3,113.6,113.6,17.14,0
NAGOYA DIAMOND DOLPHINS,"Alan Williams, Takumi Saito, Keita Imamura, Hiyuu Ozawa, Isaiah Murphy","NAGOYA DIAMOND DOLPHINS|15,2,30,4,5",1,0.1,7.0,0,0,0,0,0,0,0,0,0,0,0,0,0,1,0,0,0,0,1,0.1,0.0,227.3,-227.3,0.0,-1
KOSHIGAYA ALPHAS,"Yuichi Ikeda, Takeru Oba, Jeffrey Parmer, Anthony Clemmons, Joseph Diawara","KOSHIGAYA ALPHAS|12,14,21,5,8",1,0.1,8.0,2,1,1,100.0,0,0,0,0,0,0,0,0,0,1,0,0,0,0,0,1.0,200.0,0.0,200.0,15.0,2
TOYAMA GROUSES,"Naoki Uto, Brock Motum, Haruaki Tanaka, Kazuki Miyamoto, Trey Kell","TOYAMA GROUSES|11,12,17,7,8",1,0.1,6.0,0,0,0,0,0,0,0,0,0,0,0,0,0,0,0,0,1,0,0,1.0,0.0,0.0,0.0,0.0,0
SEAHORSES MIKAWA,"Thomas Kennedy, Jake Layman, Yudai Nishida, Avi Koki Schafer, Davante Gardner","SEAHORSES MIKAWA|1,10,19,32,54",1,0.1,3.0,1,0,0,0,0,0,0,1,1,100.0,0,0,0,0,0,0,0,0,0,0.4,227.3,0.0,227.3,20.0,1
OSAKA EVESSA,"Ray Parks Jr, Ryan Luther, Joji Takeuchi, Seiga Sakamoto, Yoshiya Uematsu","OSAKA EVESSA|1,11,15,60,8",1,0.1,9.0,0,0,0,0,0,0,0,0,0,0,0,0,0,0,0,0,0,0,0,0.1,0.0,0.0,0.0,0.0,0
ALVARK TOKYO,"Zack Baranski, Sebastian Saiz, Marcus Foster, Ryan Rossiter, Kai Toews","ALVARK TOKYO|10,11,17,22,3",1,0.1,9.0,0,0,0,0,0,0,0,0,0,0,0,0,0,0,0,0,0,0,0,0.1,0.0,0.0,0.0,0.0,0
NAGOYA DIAMOND DOLPHINS,"Taito Nakahigashi, Alan Williams, Taketo Kato, Scott Eatherton, Tenketsu Harimoto","NAGOYA DIAMOND DOLPHINS|12,15,3,43,8",1,0.1,8.0,0,0,0,0,0,0,0,0,0,0,0,0,0,0,0,0,0,0,0,0.1,0.0,0.0,0.0,0.0,0
NAGOYA DIAMOND DOLPHINS,"Taito Nakahigashi, Takumi Saito, Keita Imamura, Kyle Richardson, Scott Eatherton","NAGOYA DIAMOND DOLPHINS|12,2,30,34,43",2,0.1,5.0,1,0,0,0,0,0,0,1,3,33.3,0,0,0,0,0,0,0,0,3,1.3,75.8,300.0,-224.2,12.0,-2
FIGHTING EAGLES NAGOYA,"Jamorko Pickett, Tensho Sugimoto, Francis Lopez, Takaya Sasayama, Jeremy Jones","FIGHTING EAGLES NAGOYA|0,10,20,21,22",1,0.1,5.0,0,0,0,0,0,0,0,0,0,0,0,0,0,0,0,0,0,0,0,0.1,0.0,0.0,0.0,0.0,0
GUNMA CRANE THUNDERS,"Yuma Fujii, Kazuki Hosokawa, Terrance Woodbury, Johannes Thiemann, Takuto Nakamura","GUNMA CRANE THUNDERS|0,29,30,32,6",1,0.1,5.0,0,0,0,0,0,0,0,0,0,0,0,0,0,0,0,0,0,0,0,0.1,0.0,0.0,0.0,0.0,0
KAWASAKI BRAVE THUNDERS,"Shota Tsuyama, Ryo Iida, Rosco Allen, Takumi Hasegawa, Emanuel Terry","KAWASAKI BRAVE THUNDERS|13,17,25,33,5",2,0.1,8.0,2,0,0,0,0,0,0,2,3,66.7,0,0,0,0,0,0,0,0,0,1.3,151.5,0.0,151.5,15.0,2
SAN-EN NEOPHOENIX,"Yante Maten, Hayato Wakugawa, Dai Nemoto, Sota Oura, Cameron Jackson","SAN-EN NEOPHOENIX|1,14,20,5,7",1,0.1,8.0,0,0,0,0,0,0,0,0,0,0,0,0,0,0,0,0,0,0,0,0.1,0.0,0.0,0.0,0.0,0
SAN-EN NEOPHOENIX,"Hayato Wakugawa, David Nwaba, Ryusei Sasaki, Sota Oura, Cameron Jackson","SAN-EN NEOPHOENIX|14,2,24,5,7",1,0.1,6.0,0,0,0,0,0,0,0,0,0,0,0,0,0,0,0,0,0,0,0,0.1,0.0,0.0,0.0,0.0,0
LEVANGA HOKKAIDO,"Kohei Sekino, Shuto Ichiba, Dwight Ramos, Jahlil Okafor, Hiroto Kikuchi","LEVANGA HOKKAIDO|1,12,2,22,6",1,0.1,7.0,0,0,0,0,0,0,0,0,0,0,0,0,0,0,0,0,1,0,7,1.0,0.0,233.3,-233.3,0.0,-7
SEAHORSES MIKAWA,"Jake Layman, Yoshiaki Kubota, Yutaro Suda, Davante Gardner, Satoshi Nagano","SEAHORSES MIKAWA|10,11,13,54,7",1,0.1,3.0,0,0,0,0,0,0,0,0,0,0,0,0,0,0,0,0,0,0,2,0.1,0.0,100.0,-100.0,0.0,-2
KOSHIGAYA ALPHAS,"Jarell Martin, Kai Sotto, Yuichi Ikeda, Joseph Diawara, Davon Reed","KOSHIGAYA ALPHAS|1,11,12,8,9",1,0.1,7.0,1,0,0,0,0,0,0,1,1,100.0,0,0,0,0,0,0,0,0,0,0.4,227.3,0.0,227.3,8.57,1
GUNMA CRANE THUNDERS,"Koh Flippin, Kenny Asano, Terrance Woodbury, Kerry BlackshearJr, Naoto Tsuji","GUNMA CRANE THUNDERS|1,16,30,8,9",1,0.1,8.0,0,0,1,0.0,0,1,0.0,0,0,0,0,0,0,0,0,0,0,0,2,1.0,0.0,227.3,-227.3,0.0,-2
ALTIRI CHIBA,"Marial Shayok, Kei Sugimoto, Trey Porter, Naoya Kumagae, Reo Maeda","ALTIRI CHIBA|1,11,22,27,5",1,0.1,3.0,2,1,1,100.0,0,0,0,0,0,0,0,0,0,1,0,0,1,0,0,2.0,100.0,0.0,100.0,40.0,2
RYUKYU GOLDEN KINGS,"Shota Onodera, Vic Law, Jack Cooley, Alex Kirk, Ryo Sadohara","RYUKYU GOLDEN KINGS|34,4,45,53,8",1,0.1,3.0,0,0,0,0,0,0,0,0,0,0,0,0,0,0,0,0,0,0,2,0.1,0.0,200.0,-200.0,0.0,-2
TOYAMA GROUSES,"Brock Motum, Towa Izumi, Haruaki Tanaka, Yannis Morin, Yuzo Okada","TOYAMA GROUSES|12,14,17,24,3",1,0.1,8.0,0,0,1,0.0,0,0,0,0,0,0,0,0,0,0,0,0,0,0,2,1.0,0.0,200.0,-200.0,0.0,-2
LEVANGA HOKKAIDO,"Shuto Ichiba, Dwight Ramos, Jordan Ngatai, John Harrar, Keisei Tominaga","LEVANGA HOKKAIDO|12,2,20,21,30",1,0.1,8.0,2,1,1,100.0,0,0,0,0,0,0,0,0,0,0,0,0,0,0,0,1.0,200.0,0.0,200.0,15.0,2
TOYAMA GROUSES,"Naoki Uto, Brock Motum, Towa Izumi, Nyika Williams, Trey Kell","TOYAMA GROUSES|11,12,14,6,8",1,0.1,6.0,0,0,0,0,0,0,0,0,0,0,0,0,0,0,0,0,0,0,0,0.1,0.0,0.0,0.0,0.0,0
IBARAKI ROBOTS,"Ru Jingaoka, Kento Akama, Kohei Nakamura, Eric Jacobsen, Noboru Hasegawa","IBARAKI ROBOTS|10,12,13,21,3",1,0.1,6.0,0,0,1,0.0,0,1,0.0,0,0,0,0,0,0,0,0,0,0,0,0,1.0,0.0,0.0,0.0,0.0,0
TOYAMA GROUSES,"Brock Motum, Towa Izumi, Nyika Williams, Trey Kell, Takeshi Mito","TOYAMA GROUSES|12,14,6,8,9",1,0.1,5.0,0,0,0,0,0,0,0,0,0,0,0,0,0,0,0,0,0,0,0,0.1,0.0,0.0,0.0,0.0,0
UTSUNOMIYA BREX,"Hironori Watanabe, Gavin Edwards, Grant Jerrett, Isaac Fotu, Atsuya Ogawa","UTSUNOMIYA BREX|13,33,34,42,7",1,0.1,8.0,0,0,0,0,0,0,0,0,0,0,0,0,0,0,0,0,0,0,0,0.1,0.0,0.0,0.0,0.0,0
IBARAKI ROBOTS,"Kento Akama, Eric Jacobsen, Keita Tsurumaki, Tim Schneider, Hayate Komasawa","IBARAKI ROBOTS|12,21,29,30,7",1,0.1,8.0,0,0,0,0,0,0,0,0,0,0,0,0,0,0,0,0,0,0,0,0.1,0.0,0.0,0.0,0.0,0
UTSUNOMIYA BREX,"Gavin Edwards, Grant Jerrett, Isaac Fotu, Atsuya Ogawa, Yusuke Endo","UTSUNOMIYA BREX|33,34,42,7,9",1,0.1,6.0,3,1,1,100.0,1,1,100.0,0,0,0,0,0,0,0,0,0,0,0,0,1.0,300.0,0.0,300.0,30.0,3
KOSHIGAYA ALPHAS,"Kai Sotto, Yuichi Ikeda, Jordan Ngatai, Shun Matsuyama, Joseph Diawara","KOSHIGAYA ALPHAS|11,12,20,7,8",1,0.1,6.0,0,0,0,0,0,0,0,0,0,0,0,0,0,0,0,0,0,0,0,0.1,0.0,0.0,0.0,0.0,0
SHIGA LAKES,"Zach Auguste, Junpei Iwashita, Ryan Kriener, Taiki Okada, Ai-Che Yu","SHIGA LAKES|0,2,4,6,7",1,0.1,7.0,0,0,0,0,0,0,0,0,0,0,0,0,0,0,0,0,1,0,4,1.0,0.0,227.3,-227.3,0.0,-4
SAN-EN NEOPHOENIX,"Hideya Asai, David Nwaba, Dai Nemoto, Ryusei Sasaki, Cameron Jackson","SAN-EN NEOPHOENIX|11,2,20,24,7",1,0.1,5.0,0,0,1,0.0,0,1,0.0,0,0,0,0,0,0,0,0,0,0,0,0,1.0,0.0,0.0,0.0,0.0,0
SAGA BALLOONERS,"Ryo Abe, Sori Uchio, Atsuki Kishida, David Dudzinski, Taiki Sumida","SAGA BALLOONERS|13,18,20,23,25",1,0.1,5.0,0,0,0,0,0,0,0,0,0,0,0,0,0,0,0,0,0,0,0,0.1,0.0,0.0,0.0,0.0,0
SEAHORSES MIKAWA,"Thomas Kennedy, Jake Layman, Yudai Nishida, Kosuke Ishii, Aaron White","SEAHORSES MIKAWA|1,10,19,27,30",1,0.1,4.0,0,0,0,0,0,0,0,0,0,0,0,0,0,0,0,0,0,0,0,0.1,0.0,0.0,0.0,0.0,0
SHIGA LAKES,"Daichi Nomoto, Thomas Wimbush, Sean Ichioka, Ryan Kriener, Ai-Che Yu","SHIGA LAKES|16,20,22,4,7",1,0.1,3.0,2,0,0,0,0,0,0,2,4,50.0,0,0,0,0,0,0,0,0,0,1.8,113.6,0.0,113.6,40.0,2
OSAKA EVESSA,"Ray Parks Jr, Joji Takeuchi, Matt Bonds, Yoshiya Uematsu, Hayato Maki","OSAKA EVESSA|1,15,5,8,88",1,0.1,3.0,1,0,0,0,0,0,0,1,2,50.0,0,0,0,0,0,0,0,0,0,0.9,113.6,0.0,113.6,20.0,1
CHIBA JETS,"Ren Kanechika, Shuta Hara, Naoki Tashiro, Quentin Millora-Brown, Nassir Little","CHIBA JETS|12,31,4,42,8",1,0.1,4.0,0,0,0,0,0,0,0,0,0,0,0,0,0,0,0,0,0,0,2,0.1,0.0,100.0,-100.0,0.0,-2
SAN-EN NEOPHOENIX,"Yante Maten, Hirotaka Yoshii, Hideya Asai, David Nwaba, Kazuma Tsuya","SAN-EN NEOPHOENIX|1,10,11,2,28",1,0.1,5.0,0,0,0,0,0,0,0,0,0,0,0,0,0,0,0,0,0,0,2,0.1,0.0,200.0,-200.0,0.0,-2
SAN-EN NEOPHOENIX,"Yante Maten, Tshilidzi Kawata, David Nwaba, Dai Nemoto, Ryusei Sasaki","SAN-EN NEOPHOENIX|1,15,2,20,24",1,0.1,4.0,1,0,0,0,0,0,0,1,2,50.0,0,0,0,0,0,0,0,0,0,0.9,113.6,0.0,113.6,15.0,1
TOYAMA GROUSES,"Naoki Uto, Brock Motum, Towa Izumi, Haruaki Tanaka, Nyika Williams","TOYAMA GROUSES|11,12,14,17,6",1,0.1,3.0,0,0,0,0,0,0,0,0,0,0,0,0,0,1,0,0,0,0,1,0.1,0.0,227.3,-227.3,0.0,-1
GUNMA CRANE THUNDERS,"Yuma Fujii, Kenny Asano, Johannes Thiemann, Kerry BlackshearJr, Naoto Tsuji","GUNMA CRANE THUNDERS|0,16,32,8,9",1,0.1,6.0,0,0,0,0,0,0,0,0,0,0,0,0,0,0,0,0,0,0,0,0.1,0.0,0.0,0.0,0.0,0
NAGOYA DIAMOND DOLPHINS,"Taito Nakahigashi, Alan Williams, Keita Imamura, Scott Eatherton, Isaiah Murphy","NAGOYA DIAMOND DOLPHINS|12,15,30,43,5",1,0.1,8.0,0,0,0,0,0,0,0,0,0,0,0,0,0,0,0,0,0,0,0,0.1,0.0,0.0,0.0,0.0,0
HIROSHIMA DRAGONFLIES,"Toshiki Kamisawa, Dwayne Evans II, Kofi Cockburn, Ryo Yamazaki, Kaine Roberts","HIROSHIMA DRAGONFLIES|10,13,23,30,4",1,0.1,5.0,0,0,0,0,0,0,0,0,0,0,0,0,0,0,0,0,1,0,0,1.0,0.0,0.0,0.0,0.0,0
NAGASAKI VELCA,"Kenji leon Matsumoto, Kenshin Hoshikawa, Stanley Johnson, Hayato Yamaguchi, Mitchell Lightfoot","NAGASAKI VELCA|1,13,14,17,44",1,0.1,8.0,0,0,0,0,0,0,0,0,0,0,0,0,0,0,0,0,0,0,0,0.1,0.0,0.0,0.0,0.0,0
AKITA NORTHERN HAPPINETS,"Yanni Wetzell, Takuya Nakayama, Yori Iwaya, Kanji Takahira, Angelo Chol","AKITA NORTHERN HAPPINETS|10,17,18,24,27",1,0.1,6.0,0,0,0,0,0,0,0,0,0,0,0,0,0,0,0,0,0,0,2,0.1,0.0,100.0,-100.0,0.0,-2
AKITA NORTHERN HAPPINETS,"Yanni Wetzell, Taiyo Motoda, Takuya Nakayama, Yori Iwaya, Keanu Pinder","AKITA NORTHERN HAPPINETS|10,12,17,18,25",1,0.1,3.0,0,0,0,0,0,0,0,0,0,0,0,0,0,0,0,0,0,0,0,0.1,0.0,0.0,0.0,0.0,0
IBARAKI ROBOTS,"Robert Franks, Ru Jingaoka, Kento Akama, Kotaro Hisaoka, Tim Schneider","IBARAKI ROBOTS|0,10,12,14,30",1,0.1,7.0,0,0,0,0,0,0,0,0,0,0,0,0,0,0,0,0,0,0,0,0.1,0.0,0.0,0.0,0.0,0
KOSHIGAYA ALPHAS,"Kai Sotto, Yuichi Ikeda, Takeru Oba, Anthony Clemmons, Joseph Diawara","KOSHIGAYA ALPHAS|11,12,14,5,8",1,0.1,3.0,0,0,0,0,0,0,0,0,2,0.0,0,0,0,0,0,0,0,0,0,0.9,0.0,0.0,0.0,0.0,0
KOSHIGAYA ALPHAS,"Kai Sotto, Takeru Oba, Kai Sugawara, Anthony Clemmons, Shun Matsuyama","KOSHIGAYA ALPHAS|11,14,28,5,7",1,0.1,9.0,0,0,0,0,0,0,0,0,0,0,0,0,0,0,0,0,1,0,2,1.0,0.0,227.3,-227.3,0.0,-2
KYOTO HANNARYZ,"Charles Jackson, Asato Ogawa, Ryunosuke Watanabe, Ira Brown, Takatoshi Furukawa","KYOTO HANNARYZ|10,12,16,33,51",1,0.1,9.0,0,0,0,0,0,0,0,0,0,0,0,0,0,0,0,0,0,0,0,0.1,0.0,0.0,0.0,0.0,0
SAN-EN NEOPHOENIX,"Yante Maten, Hirotaka Yoshii, Hayato Wakugawa, David Nwaba, Dai Nemoto","SAN-EN NEOPHOENIX|1,10,14,2,20",1,0.1,3.0,2,1,2,50.0,0,0,0,0,0,0,0,0,0,0,0,0,0,0,0,2.0,100.0,0.0,100.0,40.0,2
OSAKA EVESSA,"Ryan Luther, Tatsuya Suzuki, Matt Bonds, Yoshiya Uematsu, Hayato Maki","OSAKA EVESSA|11,35,5,8,88",1,0.1,4.0,0,0,1,0.0,0,0,0,0,0,0,0,0,0,0,0,0,0,0,0,1.0,0.0,0.0,0.0,0.0,0
SHIMANE SUSANOO MAGIC,"Yuto Nohmi, Fumiya Iio, Nick Kay, Anthony Sho Sukegawa, Yuta Okada","SHIMANE SUSANOO MAGIC|21,22,4,7,77",1,0.1,3.0,0,0,0,0,0,0,0,0,0,0,0,0,0,0,0,0,0,0,1,0.1,0.0,113.6,-113.6,0.0,-1
SAGA BALLOONERS,"Ryo Abe, Sori Uchio, Taiki Sumida, Josh Harrellson, Davon Reed","SAGA BALLOONERS|13,18,25,55,9",1,0.1,7.0,0,0,1,0.0,0,0,0,0,0,0,0,0,0,0,0,0,0,0,0,1.0,0.0,0.0,0.0,0.0,0
UTSUNOMIYA BREX,"Kosuke Takeuchi, Seiji Ikaruga, DJ Newbill, Grant Jerrett, Makoto Hiejima","UTSUNOMIYA BREX|10,18,25,34,6",1,0.1,9.0,0,0,0,0,0,0,0,0,0,0,0,0,0,0,0,0,0,0,0,0.1,0.0,0.0,0.0,0.0,0
OSAKA EVESSA,"Ray Parks Jr, Ryan Luther, Makoto Kinoshita, Volodymyr Gerun, Yoshiya Uematsu","OSAKA EVESSA|1,11,31,52,8",1,0.1,9.0,0,0,0,0,0,0,0,0,0,0,0,0,0,0,0,0,0,0,0,0.1,0.0,0.0,0.0,0.0,0
OSAKA EVESSA,"Ray Parks Jr, Ryan Luther, Joji Takeuchi, Makoto Kinoshita, Matt Bonds","OSAKA EVESSA|1,11,15,31,5",1,0.1,3.0,0,0,0,0,0,0,0,0,0,0,0,0,0,0,0,0,0,0,0,0.1,0.0,0.0,0.0,0.0,0
IBARAKI ROBOTS,"Robert Franks, Ru Jingaoka, Kento Akama, Eric Jacobsen, Noboru Hasegawa","IBARAKI ROBOTS|0,10,12,21,3",1,0.1,5.0,0,0,0,0,0,0,0,0,0,0,0,0,0,0,0,0,1,0,0,1.0,0.0,0.0,0.0,0.0,0
SENDAI 89ERS,"Yusei Sugiura, Shota Watanabe, Soichiro Inoue, Jarrett Culver, Sergio El Darwich","SENDAI 89ERS|14,15,75,8,9",1,0.1,3.0,0,0,0,0,0,0,0,0,0,0,0,0,0,0,0,0,0,0,0,0.1,0.0,0.0,0.0,0.0,0
FIGHTING EAGLES NAGOYA,"Jamorko Pickett, Francis Lopez, Ryuto Yasuoka, Narito Namizato, Andrew Randall","FIGHTING EAGLES NAGOYA|0,20,23,3,33",1,0.1,8.0,0,0,0,0,0,0,0,0,0,0,0,0,0,0,0,0,0,0,3,0.1,0.0,150.0,-150.0,0.0,-3
SHIMANE SUSANOO MAGIC,"Coty Clarke, Ryosuke Shirahama, Nick Kay, Shota Arai, Anthony Sho Sukegawa","SHIMANE SUSANOO MAGIC|1,15,4,5,7",1,0.1,9.0,0,0,0,0,0,0,0,0,0,0,0,0,0,0,0,0,0,0,3,0.1,0.0,300.0,-300.0,0.0,-3
SHIMANE SUSANOO MAGIC,"Coty Clarke, Ryosuke Shirahama, Fumiya Iio, Nick Kay, Anthony Sho Sukegawa","SHIMANE SUSANOO MAGIC|1,15,22,4,7",1,0.1,4.0,0,0,0,0,0,0,0,0,0,0,0,0,0,0,0,0,0,0,0,0.1,0.0,0.0,0.0,0.0,0
SENDAI 89ERS,"Shota Watanabe, Ryota Hanzawa, Seiya Funyu, Jarrett Culver, Sergio El Darwich","SENDAI 89ERS|15,23,7,8,9",1,0.1,3.0,0,0,0,0,0,0,0,0,0,0,0,0,0,0,0,0,0,0,0,0.1,0.0,0.0,0.0,0.0,0
TOYAMA GROUSES,"Brock Motum, Haruaki Tanaka, Yannis Morin, Daichi Kuzuhara, Yuzo Okada","TOYAMA GROUSES|12,17,24,25,3",1,0.1,9.0,0,0,0,0,0,0,0,0,0,0,0,0,0,0,0,0,0,0,0,0.1,0.0,0.0,0.0,0.0,0
ALVARK TOKYO,"Zack Baranski, Sebastian Saiz, Marcus Foster, Hiromu Nakamura, Taiki Osakabe","ALVARK TOKYO|10,11,17,5,75",1,0.1,3.0,0,0,0,0,0,0,0,0,0,0,0,0,0,0,0,0,0,0,0,0.1,0.0,0.0,0.0,0.0,0
SENDAI 89ERS,"Yusei Sugiura, Seiya Funyu, Soichiro Inoue, Jarrett Culver, Sergio El Darwich","SENDAI 89ERS|14,7,75,8,9",1,0.1,5.0,0,0,2,0.0,0,0,0,0,0,0,0,0,0,0,0,0,0,0,0,2.0,0.0,0.0,0.0,0.0,0
GUNMA CRANE THUNDERS,"Yuma Fujii, Koh Flippin, Takuto Nakamura, Kerry BlackshearJr, Naoto Tsuji","GUNMA CRANE THUNDERS|0,1,6,8,9",1,0.1,9.0,2,0,0,0,0,0,0,2,2,100.0,0,0,0,0,0,0,0,0,0,0.9,227.3,0.0,227.3,13.33,2
SEAHORSES MIKAWA,"Jake Layman, Yutaro Suda, Ryogo Sumino, Yudai Nishida, Aaron White","SEAHORSES MIKAWA|10,13,18,19,30",1,0.0,2.0,0,0,0,0,0,0,0,0,0,0,0,0,0,0,0,0,0,0,2,0.1,0.0,200.0,-200.0,0.0,-2
AKITA NORTHERN HAPPINETS,"Yanni Wetzell, Taiyo Motoda, Keanu Pinder, Shigehiro Taguchi, Raita Akaho","AKITA NORTHERN HAPPINETS|10,12,25,5,6",1,0.0,1.0,0,0,0,0,0,0,0,0,0,0,0,0,0,0,0,0,0,0,0,0.1,0.0,0.0,0.0,0.0,0
IBARAKI ROBOTS,"Robert Franks, Ru Jingaoka, Keita Tsurumaki, Hayate Komasawa, Tyler Cook","IBARAKI ROBOTS|0,10,29,7,8",1,0.0,2.0,0,0,1,0.0,0,1,0.0,0,0,0,0,0,0,0,0,0,0,0,2,1.0,0.0,200.0,-200.0,0.0,-2
KOSHIGAYA ALPHAS,"Kai Sugawara, Shuhei Kitagawa, Sekou Doumbouya, Anthony Clemmons, Shun Matsuyama","KOSHIGAYA ALPHAS|28,31,45,5,7",1,0.0,2.0,0,0,0,0,0,0,0,0,0,0,0,0,0,0,0,0,0,0,0,0.1,0.0,0.0,0.0,0.0,0
IBARAKI ROBOTS,"Robert Franks, Kohei Nakamura, Eric Jacobsen, Keita Tsurumaki, Jae-Min Yang","IBARAKI ROBOTS|0,13,21,29,9",1,0.0,1.0,2,0,0,0,0,0,0,2,2,100.0,0,0,0,0,0,0,0,0,0,0.9,227.3,0.0,227.3,120.0,2
KOSHIGAYA ALPHAS,"Shuhei Kitagawa, Kaito Shike, Sekou Doumbouya, Anthony Clemmons, Hamiltongary Kotera","KOSHIGAYA ALPHAS|31,4,45,5,6",1,0.0,1.0,0,0,0,0,0,0,0,0,0,0,0,0,0,0,0,0,0,0,0,0.1,0.0,0.0,0.0,0.0,0
IBARAKI ROBOTS,"Robert Franks, Genki Kojima, Eric Jacobsen, Noboru Hasegawa, Hayate Komasawa","IBARAKI ROBOTS|0,1,21,3,7",1,0.0,1.0,2,0,0,0,0,0,0,2,2,100.0,0,0,0,0,0,0,0,0,0,0.9,227.3,0.0,227.3,120.0,2
NAGOYA DIAMOND DOLPHINS,"Aaron Henry, Keita Imamura, Scott Eatherton, Isaiah Murphy, Tenketsu Harimoto","NAGOYA DIAMOND DOLPHINS|11,30,43,5,8",1,0.0,1.0,0,0,0,0,0,0,0,0,0,0,0,0,0,0,0,0,0,0,3,0.1,0.0,300.0,-300.0,0.0,-3
TOYAMA GROUSES,"Naoki Uto, Yannis Morin, Yuzo Okada, Nyika Williams, Takeshi Mito","TOYAMA GROUSES|11,24,3,6,9",1,0.0,1.0,0,0,1,0.0,0,0,0,0,0,0,0,0,0,0,0,0,0,0,0,1.0,0.0,0.0,0.0,0.0,0
HIROSHIMA DRAGONFLIES,"Dwayne Evans II, Ryu Watanabe, Nick Mayo, Keijiro Mitani, Christopher Smith","HIROSHIMA DRAGONFLIES|13,21,24,34,8",1,0.0,1.0,0,0,0,0,0,0,0,0,0,0,0,0,0,0,0,0,0,0,0,0.1,0.0,0.0,0.0,0.0,0
SHIMANE SUSANOO MAGIC,"Coty Clarke, Ryosuke Shirahama, Nick Kay, Anthony Sho Sukegawa, Yuta Okada","SHIMANE SUSANOO MAGIC|1,15,4,7,77",1,0.0,1.0,1,0,0,0,0,0,0,1,1,100.0,0,0,0,0,0,0,0,0,0,0.4,227.3,0.0,227.3,60.0,1
KOSHIGAYA ALPHAS,"Jarell Martin, Takeru Oba, Shuhei Kitagawa, Anthony Clemmons, Shun Matsuyama","KOSHIGAYA ALPHAS|1,14,31,5,7",1,0.0,2.0,0,0,1,0.0,0,1,0.0,0,0,0,0,0,0,0,0,0,0,0,0,1.0,0.0,0.0,0.0,0.0,0
GUNMA CRANE THUNDERS,"Yuma Fujii, Kenny Lawson Jr, Kazuki Hosokawa, Terrance Woodbury, Naoto Tsuji","GUNMA CRANE THUNDERS|0,25,29,30,9",1,0.0,2.0,0,0,0,0,0,0,0,0,0,0,0,0,0,0,0,0,0,0,0,0.1,0.0,0.0,0.0,0.0,0
KAWASAKI BRAVE THUNDERS,"Omar Jamaleddine, Shota Tsuyama, Dušan Ristić, Takumi Hasegawa, Emanuel Terry","KAWASAKI BRAVE THUNDERS|1,13,14,33,5",1,0.0,1.0,0,0,0,0,0,0,0,0,0,0,0,0,0,0,0,0,0,0,0,0.1,0.0,0.0,0.0,0.0,0
SUNROCKERS SHIBUYA,"Daiki Tanaka, Toyoshige Kano, Andrew Randall, Josh Hawkinson, Leo Vendrame","SUNROCKERS SHIBUYA|13,14,7,8,9",1,0.0,2.0,0,0,1,0.0,0,0,0,0,0,0,0,0,0,0,0,0,0,0,0,1.0,0.0,0.0,0.0,0.0,0
GUNMA CRANE THUNDERS,"Yuma Fujii, Koh Flippin, AJ Edu, Kazuki Hosokawa, Takuto Nakamura","GUNMA CRANE THUNDERS|0,1,15,29,6",1,0.0,2.0,0,0,0,0,0,0,0,0,0,0,0,0,0,0,0,0,0,0,0,0.1,0.0,0.0,0.0,0.0,0
KYOTO HANNARYZ,"Satoru Maeta, Hayato Kawashima, Ryunosuke Watanabe, Angelo Caloiaro, Ira Brown","KYOTO HANNARYZ|13,15,16,32,33",1,0.0,2.0,0,0,0,0,0,0,0,0,0,0,0,0,0,0,0,0,0,0,2,0.1,0.0,200.0,-200.0,0.0,-2
KYOTO HANNARYZ,"Asato Ogawa, Satoru Maeta, Hayato Kawashima, Leon Shibuta, Angelo Caloiaro","KYOTO HANNARYZ|12,13,15,3,32",1,0.0,1.0,0,0,1,0.0,0,1,0.0,0,0,0,0,0,0,0,0,0,0,0,0,1.0,0.0,0.0,0.0,0.0,0
AKITA NORTHERN HAPPINETS,"Jamel Mclean, Eijiro Ogawa, Teru Sugawara, Takuya Nakayama, Alistair Tokio Tsuchiya","AKITA NORTHERN HAPPINETS|1,13,14,17,77",1,0.0,1.0,0,0,1,0.0,0,1,0.0,0,0,0,0,0,0,0,0,0,0,0,0,1.0,0.0,0.0,0.0,0.0,0
YOKOHAMA B-CORSAIRS,"Kiefer Ravena, Kai King, Koya Sudo, Damien Inglis, Gary Clark","YOKOHAMA B-CORSAIRS|15,23,30,4,8",1,0.0,2.0,2,0,0,0,0,0,0,2,3,66.7,0,0,0,1,0,0,0,0,0,1.3,151.5,0.0,151.5,60.0,2
KOSHIGAYA ALPHAS,"Jarell Martin, Kai Sotto, Takeru Oba, Sekou Doumbouya, Shun Matsuyama","KOSHIGAYA ALPHAS|1,11,14,45,7",1,0.0,2.0,0,0,0,0,0,0,0,0,2,0.0,0,0,0,0,0,0,0,0,0,0.9,0.0,0.0,0.0,0.0,0
HIROSHIMA DRAGONFLIES,"Ryo Terashima, Hamiltongary Kotera, Dwayne Evans II, Kofi Cockburn, Keijiro Mitani","HIROSHIMA DRAGONFLIES|0,00,13,23,34",1,0.0,2.0,0,0,0,0,0,0,0,0,0,0,0,0,0,0,0,0,0,0,0,0.1,0.0,0.0,0.0,0.0,0
TOYAMA GROUSES,"Naoki Uto, Matthew Aquino, Towa Izumi, Haruaki Tanaka, Yannis Morin","TOYAMA GROUSES|11,13,14,17,24",1,0.0,1.0,0,0,0,0,0,0,0,0,0,0,0,0,0,0,0,0,0,0,0,0.1,0.0,0.0,0.0,0.0,0
FIGHTING EAGLES NAGOYA,"Francis Lopez, Takaya Sasayama, Ryuto Yasuoka, Andrew Randall, Sean O'mara","FIGHTING EAGLES NAGOYA|20,21,23,33,54",1,0.0,1.0,0,0,0,0,0,0,0,0,0,0,0,0,0,0,0,0,0,0,0,0.1,0.0,0.0,0.0,0.0,0
OSAKA EVESSA,"Ray Parks Jr, Makoto Kinoshita, Matt Bonds, Volodymyr Gerun, Hayato Maki","OSAKA EVESSA|1,31,5,52,88",1,0.0,1.0,0,0,0,0,0,0,0,0,0,0,0,0,0,0,0,0,0,0,2,0.1,0.0,227.3,-227.3,0.0,-2
ALTIRI CHIBA,"Takaaki Kida, Trey Porter, Kotetsu Kurokawa, Luke Evans, Dererk Pardon","ALTIRI CHIBA|0,22,3,33,7",1,0.0,1.0,0,0,0,0,0,0,0,0,1,0.0,0,0,0,0,0,0,0,0,0,0.4,0.0,0.0,0.0,0.0,0
SENDAI 89ERS,"Yusei Sugiura, Ryota Hanzawa, Nathan Boothe, Seiya Funyu, Jarrett Culver","SENDAI 89ERS|14,23,45,7,8",1,0.0,2.0,2,0,0,0,0,0,0,2,2,100.0,0,0,0,0,0,0,0,0,0,0.9,227.3,0.0,227.3,60.0,2
LEVANGA HOKKAIDO,"Kohei Sekino, Shuto Ichiba, Dwight Ramos, Max Hisatake, Kevin Jones","LEVANGA HOKKAIDO|1,12,2,29,5",1,0.0,2.0,0,0,0,0,0,0,0,0,0,0,0,0,0,0,0,0,0,0,0,0.1,0.0,0.0,0.0,0.0,0
RYUKYU GOLDEN KINGS,"Ryuichi Kishimoto, Shota Onodera, Jack Cooley, Alex Kirk, Ryo Sadohara","RYUKYU GOLDEN KINGS|14,34,45,53,8",1,0.0,1.0,0,0,0,0,0,0,0,0,0,0,0,0,0,0,0,0,0,0,1,0.1,0.0,113.6,-113.6,0.0,-1
B.BLACK,"Sebastian Saiz, Kotetsu Kurokawa, Seiya Ando, Keisei Tominaga, Naoto Tsuji","B.BLACK|11,24,3,30,9",1,0.0,1.0,0,0,0,0,0,0,0,0,0,0,0,0,0,0,0,0,0,0,0,0.1,0.0,0.0,0.0,0.0,0
B.WHITE,"Zach Auguste, Yudai Nishida, Yuki Togashi, Vic Law, Kosuke Kanamaru","B.WHITE|0,19,2,4,9",1,0.0,1.0,0,0,0,0,0,0,0,0,0,0,0,0,0,0,0,0,0,0,0,0.1,0.0,0.0,0.0,0.0,0
UTSUNOMIYA BREX,"Shinji Takashima, Seiji Ikaruga, DJ Newbill, Grant Jerrett, Makoto Hiejima","UTSUNOMIYA BREX|12,18,25,34,6",1,0.0,1.0,0,0,0,0,0,0,0,0,0,0,0,0,0,0,0,0,0,0,1,0.1,0.0,227.3,-227.3,0.0,-1
