Team,Player_Number,Player_Name,Conference,Games,MPG,MIN,PTS,PPG,FGM,FGA,FG%,3PM,3PA,3P%,FTM,FTA,FT%,OREB,DREB,REB,AST,STL,BLK,TOV,PF,eFG%,TS%,USG%,ORtg,PTS/100,3PA/100,ORB%,DRB%,TRB%,AST%,STL%,BLK%,TOV%,FTr,BPM,OBPM,DBPM,RIM_ATT,RIM_MADE,RIM%,OTD_2PT_ATT,OTD_2PT_MADE,OTD_2PT%,OTD_3PT_ATT,OTD_3PT_MADE,OTD_3PT%,PASS_TO,DRIBBLE_TO,DEFENSE_TO,MISC_TO,RIM_ATT_VS,RIM_MADE_VS,RIM%_VS,OTD_2PT_ATT_VS,OTD_2PT_MADE_VS,OTD_2PT%_VS,OTD_3PT_ATT_VS,OTD_3PT_MADE_VS,OTD_3PT%_VS,PASS_TO_VS,DRIBBLE_TO_VS,DEFENSE_TO_VS,MISC_TO_VS
B.LEAGUE U18 JADE,9,Koshiro Asai,,1,27.4,27.4,21,21.0,9,10,90.0,3,4,75.0,0,0,0,0,5,5,2,0,0,1,0,105.0,105.0,18.0,190.9,27.6,5.3,0.0,16.6,8.8,15.5,0.0,0.0,9.1,0.0,20.24,11.39,8.84,0,0,0,6,6,100,4,3,75,0,0,0,1,0,0,0,0,0,0,0,0,0,0,0,0,0
B.LEAGUE U18 JADE,4,Masato Abe,,1,36.0,36.0,19,19.0,7,17,41.2,2,7,28.6,3,5,60.0,2,9,11,6,2,2,2,0,47.1,49.5,26.4,89.6,25.0,9.2,5.7,22.7,14.7,27.5,2.9,5.8,9.4,0.29,19.04,8.25,10.79,4,2,50,6,3,50,7,2,28.6,0,0,0,2,0,0,0,0,0,0,0,0,0,0,0,0,0
B.WHITE,13,Daiki Tanaka,,1,17.5,17.5,29,29.0,10,18,55.6,9,16,56.2,0,0,0,0,2,2,2,0,0,0,0,80.6,80.6,35.5,161.1,29.7,16.4,0.0,9.7,5.0,15.1,0.0,0.0,0.0,0.0,16.13,18.28,-2.15,2,1,50,0,0,0,16,9,56.2,0,0,0,0,0,0,0,0,0,0,0,0,0,0,0,0,0
B.WHITE,0,Zach Auguste,,1,20.1,20.1,18,18.0,9,13,69.2,0,3,0.0,0,0,0,5,4,9,8,1,0,0,0,69.2,69.2,22.4,138.5,18.4,3.1,22.2,17.0,19.5,45.5,2.1,0.0,0.0,0.0,15.79,15.61,0.18,9,8,88.9,1,1,100,3,0,0,0,0,0,0,0,0,0,0,0,0,0,0,0,0,0,0,0
GUNMA CRANE THUNDERS,8,Kerry BlackshearJr,,62,26.0,1609.8,987,15.9,340,571,59.5,46,100,46.0,261,304,85.9,160,305,465,264,67,34,91,161,63.6,70.0,24.7,124.0,22.8,2.3,13.2,24.6,19.0,31.1,2.4,2.5,11.4,0.53,14.96,8.79,6.16,67,59,88.1,404,235,58.2,100,46,46,0,0,0,63,0,0,0,0,0,0,0,0,0,0,0,0,0
NAGASAKI VELCA,5,Hyunjung Lee,,66,29.1,1923.5,1128,17.1,367,662,55.4,204,435,46.9,190,224,84.8,84,280,364,163,71,32,63,127,70.8,74.2,19.6,137.0,22.0,8.5,5.4,18.0,11.7,14.0,1.9,1.8,7.6,0.34,14.22,8.48,5.75,95,74,77.9,132,89,67.4,435,204,46.9,0,0,0,54,0,0,0,0,0,0,0,0,0,0,0,0,0
B.LEAGUE U18 JADE,11,Yuito Haruta,,1,20.2,20.2,17,17.0,5,10,50.0,5,9,55.6,2,2,100.0,1,3,4,1,0,0,1,2,75.0,78.1,26.3,143.1,22.4,11.8,5.1,13.5,9.5,8.9,0.0,0.0,8.4,0.2,13.97,7.84,6.13,0,0,0,1,0,0,9,5,55.6,0,0,0,1,0,0,0,0,0,0,0,0,0,0,0,0,0
B.LEAGUE U18 JADE,12,Ayuki Kawabe,,1,32.2,32.2,8,8.0,3,7,42.9,2,4,50.0,0,0,0,0,5,5,7,2,0,3,0,57.1,57.1,13.9,80.0,10.5,5.3,0.0,14.1,7.5,30.7,3.2,0.0,30.0,0.0,13.85,4.04,9.82,1,0,0,2,1,50,4,2,50,0,0,0,3,0,0,0,0,0,0,0,0,0,0,0,0,0
UTSUNOMIYA BREX,25,DJ Newbill,,61,31.2,1901.7,1162,19.0,387,781,49.6,192,489,39.3,196,264,74.2,38,272,310,386,75,14,159,121,61.8,64.8,26.7,110.0,26.2,11.0,2.5,17.0,9.9,36.7,2.2,0.8,15.1,0.34,13.72,9.18,4.54,163,125,76.7,129,70,54.3,489,192,39.3,0,0,0,156,0,0,0,0,0,0,0,0,0,0,0,0,0
SAN-EN NEOPHOENIX,2,David Nwaba,,56,31.8,1779.0,1161,20.7,413,750,55.1,64,199,32.2,271,381,71.1,107,323,430,215,104,72,125,123,59.3,63.3,27.3,111.4,27.9,4.8,7.6,23.7,15.5,23.2,3.1,4.3,12.0,0.51,13.28,7.77,5.52,166,132,79.5,385,217,56.4,199,64,32.2,0,0,0,116,0,0,0,0,0,0,0,0,0,0,0,0,0
CHIBA JETS,33,John Mooney,,28,27.1,759.6,401,14.3,158,259,61.0,5,13,38.5,80,98,81.6,89,226,315,92,20,12,32,39,62.0,66.4,21.0,120.0,19.9,0.6,14.4,31.6,23.6,21.7,1.5,1.6,9.6,0.38,12.27,7.11,5.16,71,62,87.3,175,91,52,13,5,38.5,0,0,0,29,0,0,0,0,0,0,0,0,0,0,0,0,0
SHIMANE SUSANOO MAGIC,4,Nick Kay,,60,31.1,1867.5,975,16.2,360,625,57.6,60,156,38.5,195,230,84.8,166,373,539,209,90,41,71,84,62.4,67.1,20.6,122.3,21.9,3.5,11.0,24.0,17.6,21.0,2.6,2.3,8.9,0.37,12.26,6.98,5.28,89,78,87.6,380,222,58.4,156,60,38.5,0,0,0,67,0,0,0,0,0,0,0,0,0,0,0,0,0
NAGOYA DIAMOND DOLPHINS,11,Aaron Henry,,63,30.9,1944.5,1064,16.9,406,940,43.2,112,320,35.0,140,189,74.1,72,304,376,260,124,69,154,129,49.1,52.0,26.6,90.4,22.3,6.7,4.0,18.3,10.8,24.7,3.4,3.7,13.1,0.2,12.2,4.78,7.42,113,77,68.1,507,217,42.8,320,112,35,0,0,0,145,0,0,0,0,0,0,0,0,0,0,0,0,0
SENDAI 89ERS,8,Jarrett Culver,,60,31.3,1880.1,1591,26.5,534,1148,46.5,152,463,32.8,371,445,83.4,62,299,361,193,100,30,165,122,53.1,59.2,37.8,105.4,36.0,10.5,3.9,19.1,11.4,22.5,2.9,1.8,10.9,0.39,12.18,7.84,4.34,213,171,80.3,472,211,44.7,463,152,32.8,0,0,0,160,0,0,0,0,0,0,0,0,0,0,0,0,0
KYOTO HANNARYZ,32,Angelo Caloiaro,,37,27.7,1024.7,678,18.3,217,369,58.8,30,83,36.1,214,237,90.3,70,157,227,179,46,7,77,41,62.9,71.6,25.6,123.2,25.2,3.1,8.8,19.7,14.2,35.1,2.5,0.8,14.0,0.64,12.1,7.36,4.74,55,46,83.6,231,141,61,83,30,36.1,0,0,0,76,0,0,0,0,0,0,0,0,0,0,0,0,0
NAGOYA DIAMOND DOLPHINS,2,Takumi Saito,,64,24.9,1595.7,799,12.5,270,608,44.4,143,346,41.3,116,144,80.6,43,89,132,348,92,3,121,100,56.2,59.5,21.9,100.8,16.5,7.1,2.9,6.5,4.6,37.6,3.1,0.2,15.3,0.24,11.97,5.39,6.58,78,51,65.4,184,76,41.3,346,143,41.3,0,0,0,119,0,0,0,0,0,0,0,0,0,0,0,0,0
RYUKYU GOLDEN KINGS,45,Jack Cooley,,67,25.9,1732.2,883,13.2,325,575,56.5,2,7,28.6,231,299,77.3,300,350,650,125,49,48,68,142,56.7,62.5,21.2,114.0,19.0,0.2,21.4,24.3,22.9,13.3,1.6,3.2,8.8,0.52,11.72,7.51,4.21,28,20,71.4,540,303,56.1,7,2,28.6,0,0,0,39,0,0,0,0,0,0,0,0,0,0,0,0,0
RYUKYU GOLDEN KINGS,4,Vic Law,,57,28.3,1615.1,930,16.3,335,720,46.5,94,254,37.0,166,213,77.9,85,305,390,210,45,19,101,98,53.1,57.1,26.9,101.7,23.5,6.4,6.6,22.4,14.7,24.9,1.6,1.4,11.0,0.3,11.61,7.18,4.43,61,44,72.1,405,197,48.6,254,94,37,0,0,0,90,0,0,0,0,0,0,0,0,0,0,0,0,0
CHIBA JETS,10,DJ Hogg,,62,27.6,1709.2,1011,16.3,359,759,47.3,153,407,37.6,140,178,78.7,96,282,378,220,70,62,121,131,57.4,60.4,26.7,105.5,22.4,9.0,6.9,18.0,12.8,23.7,2.3,3.7,12.6,0.23,11.46,6.6,4.85,114,82,71.9,238,124,52.1,407,153,37.6,0,0,0,113,0,0,0,0,0,0,0,0,0,0,0,0,0
B.BLACK,11,Sebastian Saiz,,1,23.9,23.9,18,18.0,9,14,64.3,0,2,0.0,0,0,0,5,8,13,7,2,0,0,0,64.3,64.3,22.1,128.6,18.6,2.1,17.8,29.7,23.6,34.5,3.4,0.0,0.0,0.0,11.39,12.58,-1.19,10,7,70,2,2,100,2,0,0,0,0,0,0,0,0,0,0,0,0,0,0,0,0,0,0,0
B.WHITE,18,Yudai Baba,,1,15.6,15.6,8,8.0,3,5,60.0,2,3,66.7,0,0,0,1,3,4,7,1,0,1,0,80.0,80.0,13.3,133.3,8.2,3.1,5.7,16.3,11.1,39.6,2.6,0.0,16.7,0.0,11.25,11.45,-0.2,1,1,100,1,0,0,3,2,66.7,0,0,0,1,0,0,0,0,0,0,0,0,0,0,0,0,0
SEAHORSES MIKAWA,10,Jake Layman,,61,27.8,1695.1,959,15.7,345,647,53.3,139,343,40.5,130,177,73.4,76,325,401,117,79,44,91,136,64.1,66.1,23.7,117.5,21.9,7.8,6.0,23.6,15.1,12.7,2.6,2.9,11.2,0.27,11.03,6.84,4.19,122,108,88.5,182,98,53.8,343,139,40.5,0,0,0,85,0,0,0,0,0,0,0,0,0,0,0,0,0
B.BLACK,30,Keisei Tominaga,,1,25.2,25.2,31,31.0,11,24,45.8,9,21,42.9,0,0,0,0,1,1,5,1,0,0,2,64.6,64.6,35.9,129.2,32.1,21.7,0.0,3.5,1.7,25.1,1.6,0.0,0.0,0.0,10.9,14.87,-3.97,0,0,0,3,2,66.7,21,9,42.9,0,0,0,0,0,0,0,0,0,0,0,0,0,0,0,0,0
B.WHITE,77,Yuta Okada,,1,16.5,16.5,10,10.0,3,5,60.0,2,4,50.0,2,2,100.0,0,0,0,5,1,0,0,0,80.0,85.0,12.3,170.1,10.2,4.1,0.0,0.0,0.0,26.6,2.5,0.0,0.0,0.4,10.71,11.46,-0.76,1,1,100,0,0,0,4,2,50,0,0,0,0,0,0,0,0,0,0,0,0,0,0,0,0,0
TOYAMA GROUSES,8,Trey Kell,,48,28.8,1383.9,1101,22.9,328,723,45.4,102,297,34.3,343,394,87.1,40,273,313,215,77,11,115,85,52.4,61.4,32.5,108.9,29.4,7.9,3.4,22.6,13.1,30.0,2.9,0.9,11.4,0.54,10.65,6.8,3.86,69,55,79.7,357,171,47.9,297,102,34.3,0,0,0,109,0,0,0,0,0,0,0,0,0,0,0,0,0
HIROSHIMA DRAGONFLIES,8,Christopher Smith,,59,27.2,1604.7,1152,19.5,357,737,48.4,155,423,36.6,283,360,78.6,54,225,279,180,61,23,101,129,59.0,64.3,28.6,115.6,26.2,9.6,4.0,16.4,10.3,21.2,2.1,1.5,10.1,0.49,10.58,7.69,2.89,116,92,79.3,198,110,55.6,423,155,36.6,0,0,0,87,0,0,0,0,0,0,0,0,0,0,0,0,0
NAGASAKI VELCA,14,Stanley Johnson,,66,28.3,1866.2,1439,21.8,487,1106,44.0,166,525,31.6,299,370,80.8,76,338,414,247,123,25,197,163,51.5,56.7,35.9,98.2,28.1,10.2,5.0,22.4,13.7,24.7,3.4,1.4,13.4,0.33,10.55,5.3,5.25,176,135,76.7,405,186,45.9,525,166,31.6,0,0,0,183,0,0,0,0,0,0,0,0,0,0,0,0,0
NAGASAKI VELCA,18,Yudai Baba,,67,28.1,1881.0,812,12.1,291,560,52.0,107,269,39.8,123,149,82.6,84,175,259,212,109,31,106,166,61.5,64.9,17.8,111.0,15.6,5.2,5.5,11.5,8.5,17.6,3.0,1.8,14.5,0.27,10.52,4.83,5.68,116,89,76.7,175,95,54.3,269,107,39.8,0,0,0,102,0,0,0,0,0,0,0,0,0,0,0,0,0
NAGASAKI VELCA,7,Jarrell Brantley,,67,28.9,1934.2,1082,16.1,407,881,46.2,121,357,33.9,147,200,73.5,77,271,348,311,107,47,161,191,53.1,55.8,26.7,95.8,20.8,6.9,4.9,17.3,11.1,27.5,2.9,2.6,14.2,0.23,10.37,4.63,5.74,150,107,71.3,374,179,47.9,357,121,33.9,0,0,0,144,0,0,0,0,0,0,0,0,0,0,0,0,0
SEAHORSES MIKAWA,54,Davante Gardner,,62,30.3,1877.2,1053,17.0,387,734,52.7,94,230,40.9,185,211,87.7,89,315,404,198,40,28,102,147,59.1,63.7,24.4,113.4,23.7,5.2,6.3,20.6,13.7,19.5,1.2,1.7,11.0,0.29,10.23,6.75,3.48,29,24,82.8,475,269,56.6,230,94,40.9,0,0,0,82,0,0,0,0,0,0,0,0,0,0,0,0,0
NAGOYA DIAMOND DOLPHINS,43,Scott Eatherton,,51,25.2,1283.1,614,12.0,251,423,59.3,14,62,22.6,98,132,74.2,163,242,405,114,30,26,49,112,61.0,63.8,18.1,115.8,15.8,1.6,13.6,21.3,17.4,15.6,1.2,2.1,9.2,0.31,10.15,4.57,5.57,93,79,84.9,268,158,59,62,14,22.6,0,0,0,33,0,0,0,0,0,0,0,0,0,0,0,0,0
CHIBA JETS,8,Nassir Little,,58,26.5,1538.9,976,16.8,337,676,49.9,84,249,33.7,218,270,80.7,109,330,439,122,59,40,90,106,56.1,61.4,27.3,110.3,22.9,5.8,8.8,23.5,16.6,15.0,2.1,2.6,10.2,0.4,10.11,5.84,4.28,106,85,80.2,321,168,52.3,249,84,33.7,0,0,0,79,0,0,0,0,0,0,0,0,0,0,0,0,0
GUNMA CRANE THUNDERS,32,Johannes Thiemann,,36,21.8,785.7,409,11.4,151,262,57.6,27,61,44.3,80,106,75.5,67,149,216,97,27,11,50,47,62.8,66.3,22.7,114.0,16.3,2.4,11.3,24.9,18.1,23.0,2.0,1.7,13.9,0.4,10.11,5.92,4.19,63,47,74.6,138,77,55.8,61,27,44.3,0,0,0,43,0,0,0,0,0,0,0,0,0,0,0,0,0
SAGA BALLOONERS,2,Reynaldo Garcia,,28,24.9,696.7,433,15.5,147,268,54.9,18,51,35.3,121,164,73.8,46,115,161,109,52,8,38,88,58.2,63.6,25.8,114.5,21.1,2.5,7.9,21.0,14.2,29.2,4.1,1.3,10.0,0.61,9.91,4.95,4.96,88,62,70.5,129,67,51.9,51,18,35.3,0,0,0,30,0,0,0,0,0,0,0,0,0,0,0,0,0
GUNMA CRANE THUNDERS,4,Trey Jones,,41,24.6,1009.3,542,13.2,188,410,45.9,84,197,42.6,82,98,83.7,25,133,158,152,36,13,72,84,56.1,59.8,25.9,103.2,19.0,6.9,3.2,17.0,10.1,27.5,2.1,1.5,13.7,0.24,9.83,5.6,4.23,75,53,70.7,138,51,37,197,84,42.6,0,0,0,62,0,0,0,0,0,0,0,0,0,0,0,0,0
SENDAI 89ERS,45,Nathan Boothe,,57,25.0,1423.2,670,11.8,246,473,52.0,112,237,47.3,66,70,94.3,123,195,318,154,52,54,74,131,63.8,66.5,19.1,116.0,16.0,5.7,10.2,16.4,13.3,19.2,2.0,4.3,12.8,0.15,9.77,5.81,3.96,34,27,79.4,202,107,53,237,112,47.3,0,0,0,58,0,0,0,0,0,0,0,0,0,0,0,0,0
ALVARK TOKYO,22,Ryan Rossiter,,47,27.0,1268.3,362,7.7,127,258,49.2,22,64,34.4,86,128,67.2,130,356,486,248,41,28,70,65,53.5,57.6,14.8,94.2,10.5,1.9,13.3,33.3,23.8,30.8,1.8,2.2,18.2,0.5,9.74,4.45,5.29,29,24,82.8,165,81,49.1,64,22,34.4,0,0,0,68,0,0,0,0,0,0,0,0,0,0,0,0,0
OSAKA EVESSA,5,Matt Bonds,,52,32.1,1670.8,1057,20.3,379,801,47.3,91,291,31.3,208,264,78.8,120,302,422,195,63,12,119,114,53.0,57.6,28.6,102.0,27.3,7.5,8.5,22.6,15.3,22.9,2.0,0.7,11.5,0.33,9.55,6.28,3.26,148,113,76.4,362,175,48.3,291,91,31.3,0,0,0,114,0,0,0,0,0,0,0,0,0,0,0,0,0
SAN-EN NEOPHOENIX,1,Yante Maten,,37,30.3,1119.8,721,19.5,251,458,54.8,13,56,23.2,206,311,66.2,115,168,283,99,33,38,66,76,56.2,60.6,27.3,109.1,25.9,2.0,13.1,19.8,16.4,16.6,1.6,3.5,10.0,0.68,9.52,6.53,2.99,81,61,75.3,321,177,55.1,56,13,23.2,0,0,0,49,0,0,0,0,0,0,0,0,0,0,0,0,0
RYUKYU GOLDEN KINGS,53,Alex Kirk,,67,22.7,1519.2,703,10.5,291,465,62.6,1,10,10.0,120,165,72.7,168,273,441,100,20,58,56,85,62.7,65.4,18.6,118.4,15.1,0.2,13.7,21.6,17.7,12.2,0.7,4.4,9.4,0.35,9.49,5.79,3.7,77,69,89.6,378,221,58.5,10,1,10,0,0,0,44,0,0,0,0,0,0,0,0,0,0,0,0,0
HIROSHIMA DRAGONFLIES,13,Dwayne Evans II,,53,27.3,1445.9,832,15.7,295,606,48.7,59,185,31.9,183,269,68.0,98,303,401,243,50,42,122,82,53.5,57.4,26.9,98.3,21.1,4.7,8.1,24.3,16.3,30.1,1.9,3.0,14.4,0.44,9.45,6.19,3.26,111,80,72.1,310,156,50.3,185,59,31.9,0,0,0,110,0,0,0,0,0,0,0,0,0,0,0,0,0
SUNROCKERS SHIBUYA,8,Josh Hawkinson,,60,30.2,1814.3,945,15.8,340,690,49.3,97,244,39.8,168,193,87.0,110,330,440,150,33,58,81,88,56.3,61.0,22.7,110.4,22.2,5.7,7.2,23.0,14.8,16.2,1.0,3.3,9.5,0.28,9.1,5.98,3.12,40,35,87.5,406,208,51.2,244,97,39.8,0,0,0,77,0,0,0,0,0,0,0,0,0,0,0,0,0
SENDAI 89ERS,9,Sergio El Darwich,,56,26.7,1494.6,672,12.0,267,552,48.4,64,191,33.5,74,114,64.9,48,227,275,314,89,12,133,136,54.2,55.8,23.2,91.4,16.3,4.6,3.8,18.2,11.0,37.1,3.2,0.9,18.1,0.21,8.8,3.86,4.94,175,120,68.6,186,83,44.6,191,64,33.5,0,0,0,129,0,0,0,0,0,0,0,0,0,0,0,0,0
B.WHITE,8,Josh Hawkinson,,1,17.6,17.6,11,11.0,4,5,80.0,3,4,75.0,0,0,0,0,4,4,2,0,0,1,0,110.0,110.0,11.8,183.3,11.2,4.1,0.0,19.3,9.9,10.3,0.0,0.0,16.7,0.0,8.69,10.59,-1.9,1,1,100,0,0,0,4,3,75,0,0,0,1,0,0,0,0,0,0,0,0,0,0,0,0,0
RYUKYU GOLDEN KINGS,7,Andrew Randall,,8,23.2,185.6,86,10.8,26,57,45.6,2,16,12.5,32,42,76.2,7,23,30,19,9,1,7,8,47.4,57.0,21.0,104.3,15.3,2.9,4.7,15.0,9.9,17.4,2.7,0.6,8.5,0.74,8.6,4.58,4.02,6,5,83.3,35,19,54.3,16,2,12.5,0,0,0,7,0,0,0,0,0,0,0,0,0,0,0,0,0
YOKOHAMA B-CORSAIRS,21,Maik Kotsar,,10,31.8,317.9,124,12.4,45,81,55.6,0,1,0.0,34,56,60.7,31,62,93,42,10,9,13,20,55.6,58.7,18.3,104.5,17.1,0.1,11.9,24.8,18.2,22.1,1.8,3.0,11.0,0.69,8.54,4.83,3.72,16,12,75,64,33,51.6,1,0,0,0,0,0,12,0,0,0,0,0,0,0,0,0,0,0,0,0
B.LEAGUE U18 JADE,10,Isa Ehara,,1,10.2,10.2,5,5.0,2,6,33.3,1,1,100.0,0,0,0,2,0,2,1,2,0,0,0,41.7,41.7,26.3,83.3,6.6,1.3,20.0,0.0,9.4,16.2,10.2,0.0,0.0,0.0,8.43,2.13,6.3,1,1,100,4,0,0,1,1,100,0,0,0,0,0,0,0,0,0,0,0,0,0,0,0,0,0
ALVARK TOKYO,11,Sebastian Saiz,,62,26.6,1646.3,1037,16.7,399,697,57.2,26,79,32.9,213,285,74.7,148,294,442,86,41,60,78,140,59.1,63.0,26.8,115.2,22.8,1.7,11.7,21.3,16.7,10.8,1.4,3.7,8.7,0.41,8.17,4.58,3.6,81,66,81.5,537,307,57.2,79,26,32.9,0,0,0,60,0,0,0,0,0,0,0,0,0,0,0,0,0
OSAKA EVESSA,11,Ryan Luther,,56,26.3,1475.2,898,16.0,334,692,48.3,93,261,35.6,137,173,79.2,109,257,366,171,55,41,107,140,55.0,58.5,27.4,102.6,21.7,6.3,8.8,21.3,14.9,22.7,2.0,2.8,12.2,0.25,8.02,4.9,3.13,88,66,75,343,175,51,261,93,35.6,0,0,0,93,0,0,0,0,0,0,0,0,0,0,0,0,0
UTSUNOMIYA BREX,42,Isaac Fotu,,53,24.7,1311.4,776,14.6,317,517,61.3,23,84,27.4,119,188,63.3,144,198,342,113,28,6,53,100,63.5,64.7,23.7,118.9,20.0,2.2,13.6,18.2,15.9,16.5,1.2,0.5,8.1,0.36,8.02,6.16,1.86,102,84,82.4,331,210,63.4,84,23,27.4,0,0,0,42,0,0,0,0,0,0,0,0,0,0,0,0,0
GUNMA CRANE THUNDERS,15,AJ Edu,,58,22.5,1307.0,396,6.8,149,271,55.0,0,1,0.0,98,120,81.7,120,255,375,106,43,60,61,109,55.0,61.1,14.7,102.9,9.8,0.0,12.4,25.4,19.0,13.0,1.9,5.5,15.9,0.44,8.01,3.63,4.38,78,64,82.1,192,85,44.3,1,0,0,0,0,0,51,0,0,0,0,0,0,0,0,0,0,0,0,0
HIROSHIMA DRAGONFLIES,24,Nick Mayo,,49,30.8,1510.9,566,11.6,210,453,46.4,85,230,37.0,61,82,74.4,66,239,305,158,38,22,57,68,55.7,57.9,16.7,103.6,15.5,6.3,5.2,18.7,11.9,17.1,1.4,1.5,10.4,0.18,7.8,5.37,2.42,57,46,80.7,166,79,47.6,230,85,37,0,0,0,55,0,0,0,0,0,0,0,0,0,0,0,0,0
IBARAKI ROBOTS,0,Robert Franks,,55,30.6,1683.8,908,16.5,319,648,49.2,112,278,40.3,158,210,75.2,66,300,366,185,54,44,129,114,57.9,61.3,25.1,104.4,22.5,6.9,4.9,20.9,13.2,21.8,1.8,2.9,14.8,0.32,7.79,4.03,3.76,98,77,78.6,272,130,47.8,278,112,40.3,0,0,0,121,0,0,0,0,0,0,0,0,0,0,0,0,0
RYUKYU GOLDEN KINGS,21,Damyean Dotson,,46,22.0,1014.0,548,11.9,185,425,43.5,78,210,37.1,100,119,84.0,18,150,168,81,33,5,51,63,52.7,57.4,24.9,103.7,17.2,6.6,2.2,17.7,10.0,14.6,1.9,0.6,9.7,0.28,7.77,4.61,3.16,60,44,73.3,155,63,40.6,210,78,37.1,0,0,0,50,0,0,0,0,0,0,0,0,0,0,0,0,0
LEVANGA HOKKAIDO,22,Jahlil Okafor,,52,29.0,1508.5,801,15.4,328,521,63.0,8,28,28.6,137,196,69.9,132,275,407,160,13,15,100,64,63.7,66.0,21.8,113.3,20.7,0.7,10.9,22.2,16.6,18.0,0.5,1.0,14.1,0.38,7.76,6.58,1.18,79,74,93.7,414,246,59.4,28,8,28.6,0,0,0,90,0,0,0,0,0,0,0,0,0,0,0,0,0
SAGA BALLOONERS,22,Tanner Groves,,51,26.5,1351.4,918,18.0,341,583,58.5,65,141,46.1,171,217,78.8,115,327,442,80,32,20,98,149,64.1,67.7,27.1,118.2,24.3,3.7,10.2,30.6,20.1,12.3,1.3,1.7,12.6,0.37,7.69,4.8,2.89,77,64,83.1,365,212,58.1,141,65,46.1,0,0,0,79,0,0,0,0,0,0,0,0,0,0,0,0,0
CHIBA JETS,1,Yuta Watanabe,,63,27.2,1715.2,859,13.6,293,666,44.0,102,294,34.7,171,228,75.0,55,252,307,144,51,42,96,54,51.7,56.0,23.9,99.6,18.6,6.4,4.0,16.2,10.4,14.4,1.6,2.5,11.1,0.34,7.62,4.3,3.31,94,74,78.7,278,117,42.1,294,102,34.7,0,0,0,96,0,0,0,0,0,0,0,0,0,0,0,0,0
UTSUNOMIYA BREX,33,Gavin Edwards,,57,27.5,1569.8,704,12.4,239,469,51.0,95,244,38.9,131,193,67.9,124,255,379,93,42,52,85,145,61.1,63.5,19.6,110.2,17.0,5.9,9.8,19.1,14.6,9.8,1.5,3.4,13.3,0.41,7.59,5.12,2.46,55,46,83.6,170,98,57.6,244,95,38.9,0,0,0,66,0,0,0,0,0,0,0,0,0,0,0,0,0
LEVANGA HOKKAIDO,5,Kevin Jones,,53,28.3,1502.4,649,12.2,264,512,51.6,72,183,39.3,49,66,74.2,95,239,334,112,42,41,43,86,58.6,60.0,18.0,111.1,16.4,4.6,7.8,19.5,13.7,11.5,1.5,2.9,7.4,0.13,7.5,5.93,1.57,29,27,93.1,300,165,55,183,72,39.3,0,0,0,39,0,0,0,0,0,0,0,0,0,0,0,0,0
SAGA BALLOONERS,23,David Dudzinski,,60,29.8,1789.0,889,14.8,330,649,50.8,72,210,34.3,157,191,82.2,93,235,328,139,50,18,41,113,56.4,60.6,20.5,114.9,20.1,4.7,6.2,16.7,11.3,14.1,1.5,1.1,5.3,0.29,7.38,4.72,2.66,69,57,82.6,370,201,54.3,210,72,34.3,0,0,0,35,0,0,0,0,0,0,0,0,0,0,0,0,0
HIROSHIMA DRAGONFLIES,23,Kofi Cockburn,,56,27.6,1543.4,964,17.2,395,652,60.6,0,0,0,174,290,60.0,228,317,545,115,23,25,133,95,60.6,61.8,27.2,105.6,23.1,0.0,17.8,24.0,20.9,14.9,0.8,1.7,14.6,0.44,7.29,5.94,1.35,66,53,80.3,586,342,58.4,0,0,0,0,0,0,109,0,0,0,0,0,0,0,0,0,0,0,0,0
B.WHITE,4,Vic Law,,1,18.7,18.7,14,14.0,6,12,50.0,2,6,33.3,0,0,0,0,6,6,3,1,0,1,0,58.3,58.3,24.0,107.7,14.3,6.1,0.0,27.3,13.9,16.0,2.2,0.0,7.7,0.0,7.11,8.84,-1.73,5,3,60,1,1,100,6,2,33.3,0,0,0,1,0,0,0,0,0,0,0,0,0,0,0,0,0
UTSUNOMIYA BREX,6,Makoto Hiejima,,60,25.8,1551.0,679,11.3,225,496,45.4,101,273,37.0,128,181,70.7,54,95,149,255,58,10,111,150,55.5,59.0,21.3,98.9,15.6,6.3,4.3,7.2,5.8,26.9,2.1,0.7,16.2,0.36,7.03,4.52,2.51,55,36,65.5,168,88,52.4,273,101,37,0,0,0,109,0,0,0,0,0,0,0,0,0,0,0,0,0
GUNMA CRANE THUNDERS,25,Kenny Lawson Jr,,10,17.8,177.5,64,6.4,24,49,49.0,6,23,26.1,10,12,83.3,10,30,40,20,4,3,4,12,55.1,59.0,16.8,109.8,9.4,3.4,8.3,20.9,15.2,18.1,1.3,2.2,6.9,0.24,7.01,3.75,3.26,4,4,100,22,14,63.6,23,6,26.1,0,0,0,4,0,0,0,0,0,0,0,0,0,0,0,0,0
SAN-EN NEOPHOENIX,24,Ryusei Sasaki,,28,20.0,560.5,247,8.8,86,208,41.3,47,142,33.1,28,35,80.0,10,36,46,144,31,1,34,55,52.6,55.3,21.2,96.0,11.7,6.7,2.3,8.4,5.3,41.3,2.9,0.2,13.2,0.17,6.95,3.93,3.02,47,37,78.7,19,2,10.5,142,47,33.1,0,0,0,34,0,0,0,0,0,0,0,0,0,0,0,0,0
FIGHTING EAGLES NAGOYA,54,Sean O'mara,,57,30.3,1724.3,816,14.3,326,555,58.7,0,0,0,164,229,71.6,204,390,594,143,49,44,112,134,58.7,62.2,20.4,106.3,18.9,0.0,13.8,26.6,20.2,15.4,1.5,2.6,14.6,0.41,6.93,3.65,3.28,115,105,91.3,440,221,50.2,0,0,0,0,0,0,88,0,0,0,0,0,0,0,0,0,0,0,0,0
UTSUNOMIYA BREX,34,Grant Jerrett,,46,26.2,1207.2,581,12.6,224,503,44.5,80,236,33.9,53,66,80.3,59,197,256,109,32,27,41,86,52.5,54.6,22.9,101.4,17.4,7.1,6.2,19.3,13.0,16.0,1.5,2.3,7.2,0.13,6.81,4.8,2.01,26,24,92.3,241,120,49.8,236,80,33.9,0,0,0,36,0,0,0,0,0,0,0,0,0,0,0,0,0
LEVANGA HOKKAIDO,21,John Harrar,,49,22.2,1088.2,533,10.9,208,353,58.9,0,0,0,117,169,69.2,165,252,417,113,39,27,63,107,58.9,62.4,20.6,108.7,14.5,0.0,18.7,28.5,23.6,16.4,1.9,2.6,12.8,0.48,6.78,5.21,1.56,83,77,92.8,270,131,48.5,0,0,0,0,0,0,54,0,0,0,0,0,0,0,0,0,0,0,0,0
YOKOHAMA B-CORSAIRS,4,Damien Inglis,,57,28.3,1612.5,926,16.2,371,748,49.6,40,127,31.5,144,191,75.4,58,406,464,269,79,26,150,156,52.3,55.6,30.0,94.3,22.4,3.1,4.6,31.7,18.3,33.4,2.8,1.8,15.3,0.26,6.73,2.84,3.89,102,73,71.6,519,258,49.7,127,40,31.5,0,0,0,141,0,0,0,0,0,0,0,0,0,0,0,0,0
SUNROCKERS SHIBUYA,1,Donte Grantham,,59,28.1,1656.7,783,13.3,289,589,49.1,65,187,34.8,140,179,78.2,123,290,413,180,46,21,109,109,54.6,58.6,22.6,100.8,18.8,4.5,8.8,22.0,15.2,20.8,1.6,1.3,14.0,0.3,6.72,4.04,2.69,96,84,87.5,306,140,45.8,187,65,34.8,0,0,0,104,0,0,0,0,0,0,0,0,0,0,0,0,0
NAGASAKI VELCA,25,Akil Mitchell,,54,19.5,1055.5,383,7.1,158,289,54.7,10,31,32.3,57,96,59.4,96,192,288,136,54,12,73,112,56.4,57.8,17.4,94.7,9.1,0.7,11.0,22.5,16.6,19.9,2.7,1.2,18.1,0.33,6.68,2.27,4.42,59,40,67.8,199,108,54.3,31,10,32.3,0,0,0,58,0,0,0,0,0,0,0,0,0,0,0,0,0
B.LEAGUE U18 JADE,5,Yuma Nishimura,,1,34.4,34.4,10,10.0,4,8,50.0,0,2,0.0,2,7,28.6,3,4,7,2,1,0,1,3,50.0,45.1,15.8,82.8,13.2,2.6,9.0,10.6,9.8,8.5,1.5,0.0,8.3,0.88,6.68,0.72,5.96,3,3,100,3,1,33.3,2,0,0,0,0,0,1,0,0,0,0,0,0,0,0,0,0,0,0,0
RYUKYU GOLDEN KINGS,14,Ryuichi Kishimoto,,65,24.2,1570.0,735,11.3,235,664,35.4,128,416,30.8,137,158,86.7,25,115,140,202,57,2,96,135,45.0,50.1,25.1,88.6,16.2,9.2,2.0,8.8,5.4,22.1,2.1,0.1,11.6,0.24,6.67,3.75,2.93,109,58,53.2,139,49,35.3,416,128,30.8,0,0,0,92,0,0,0,0,0,0,0,0,0,0,0,0,0
KOSHIGAYA ALPHAS,5,Anthony Clemmons,,60,28.7,1723.4,852,14.2,296,650,45.5,125,330,37.9,135,191,70.7,37,205,242,239,86,19,111,133,55.2,58.0,24.3,100.8,19.3,7.5,2.7,15.1,8.8,27.6,2.7,1.2,13.1,0.29,6.51,2.59,3.93,74,54,73,246,117,47.6,330,125,37.9,0,0,0,105,0,0,0,0,0,0,0,0,0,0,0,0,0
ALVARK TOKYO,0,Brandon Davies,,26,21.2,550.6,336,12.9,126,222,56.8,10,40,25.0,74,117,63.2,25,97,122,46,34,22,43,57,59.0,61.4,28.3,106.2,17.5,2.1,6.3,21.2,14.3,16.3,3.4,4.1,13.6,0.53,6.41,2.23,4.18,44,36,81.8,138,80,58,40,10,25,0,0,0,41,0,0,0,0,0,0,0,0,0,0,0,0,0
SHIMANE SUSANOO MAGIC,1,Coty Clarke,,51,24.7,1260.8,768,15.1,268,556,48.2,80,211,37.9,152,181,84.0,47,248,295,165,49,7,92,121,55.4,60.4,27.8,105.5,20.2,5.6,4.6,23.3,14.2,25.3,2.1,0.6,12.6,0.33,6.38,3.06,3.32,19,16,84.2,326,172,52.8,211,80,37.9,0,0,0,79,0,0,0,0,0,0,0,0,0,0,0,0,0
LEVANGA HOKKAIDO,30,Keisei Tominaga,,60,26.4,1586.7,1168,19.5,420,901,46.6,140,393,35.6,188,223,84.3,24,125,149,147,57,3,112,104,54.4,58.5,32.3,105.1,26.0,8.8,1.9,9.7,5.8,16.8,1.9,0.2,10.1,0.25,6.33,5.92,0.41,133,97,72.9,375,183,48.8,393,140,35.6,0,0,0,98,0,0,0,0,0,0,0,0,0,0,0,0,0
GUNMA CRANE THUNDERS,6,Takuto Nakamura,,56,23.2,1301.8,536,9.6,212,479,44.3,48,166,28.9,64,87,73.6,25,68,93,167,75,9,87,110,49.3,51.8,23.2,88.7,13.7,4.3,2.6,6.8,4.7,22.4,3.3,0.8,14.4,0.18,6.32,2.66,3.65,106,85,80.2,207,79,38.2,166,48,28.9,0,0,0,83,0,0,0,0,0,0,0,0,0,0,0,0,0
NAGASAKI VELCA,11,Ko Kumagai,,64,25.4,1623.9,335,5.2,121,315,38.4,63,188,33.5,30,42,71.4,40,95,135,269,71,7,90,191,48.4,50.2,11.9,79.1,6.7,3.8,3.0,7.2,5.1,23.0,2.3,0.5,21.3,0.13,6.31,1.61,4.69,41,25,61,86,33,38.4,188,63,33.5,0,0,0,84,0,0,0,0,0,0,0,0,0,0,0,0,0
GUNMA CRANE THUNDERS,9,Naoto Tsuji,,62,20.1,1246.8,486,7.8,158,399,39.6,122,333,36.6,48,56,85.7,20,70,90,132,23,2,42,77,54.9,57.4,18.6,104.4,11.2,7.7,2.1,7.3,4.7,17.4,1.1,0.2,9.0,0.14,6.29,3.96,2.34,15,14,93.3,51,22,43.1,333,122,36.6,0,0,0,40,0,0,0,0,0,0,0,0,0,0,0,0,0
ALTIRI CHIBA,7,Dererk Pardon,,60,31.3,1880.1,731,12.2,276,437,63.2,2,10,20.0,177,255,69.4,181,385,566,199,34,41,142,108,63.4,66.6,17.0,105.8,16.5,0.2,11.9,23.7,17.9,17.9,1.0,2.3,20.5,0.58,6.2,3.55,2.66,102,89,87.3,325,185,56.9,10,2,20,0,0,0,120,0,0,0,0,0,0,0,0,0,0,0,0,0
IBARAKI ROBOTS,21,Eric Jacobsen,,60,29.0,1739.7,781,13.0,298,502,59.4,11,46,23.9,174,263,66.2,175,371,546,169,47,31,115,133,60.5,63.2,20.6,106.6,17.7,1.0,12.6,25.1,19.0,18.8,1.5,2.0,15.7,0.52,6.16,2.85,3.31,88,74,84.1,368,213,57.9,46,11,23.9,0,0,0,80,0,0,0,0,0,0,0,0,0,0,0,0,0
GUNMA CRANE THUNDERS,30,Terrance Woodbury,,26,24.9,647.8,333,12.8,134,265,50.6,39,105,37.1,26,38,68.4,10,102,112,53,10,4,51,44,57.9,59.1,25.7,100.1,18.3,5.8,2.1,19.8,11.4,15.1,0.9,0.7,15.3,0.14,6.14,3.44,2.7,21,18,85.7,139,77,55.4,105,39,37.1,0,0,0,44,0,0,0,0,0,0,0,0,0,0,0,0,0
ALVARK TOKYO,17,Marcus Foster,,61,26.4,1612.4,952,15.6,343,726,47.2,140,351,39.9,126,206,61.2,27,152,179,195,36,12,129,119,56.9,58.3,28.7,100.7,21.3,7.8,2.2,11.2,6.9,23.7,1.2,0.8,13.6,0.28,6.05,3.49,2.56,82,59,72,293,144,49.1,351,140,39.9,0,0,0,119,0,0,0,0,0,0,0,0,0,0,0,0,0
KYOTO HANNARYZ,10,Charles Jackson,,48,26.7,1279.4,650,13.5,262,432,60.6,1,6,16.7,125,233,53.6,167,280,447,130,55,25,104,120,60.8,60.8,23.9,101.8,18.7,0.2,16.4,28.0,22.1,21.1,2.4,2.2,16.3,0.54,6.02,2.83,3.19,67,59,88.1,359,202,56.3,6,1,16.7,0,0,0,76,0,0,0,0,0,0,0,0,0,0,0,0,0
TOYAMA GROUSES,12,Brock Motum,,58,27.3,1584.4,975,16.8,376,740,50.8,95,255,37.3,128,169,75.7,76,258,334,174,60,22,124,126,57.2,59.9,26.3,103.9,21.6,5.7,5.6,18.7,12.2,21.9,2.0,1.6,13.2,0.23,5.98,3.75,2.22,82,66,80.5,403,215,53.3,255,95,37.3,0,0,0,115,0,0,0,0,0,0,0,0,0,0,0,0,0
LEVANGA HOKKAIDO,2,Dwight Ramos,,60,26.0,1558.5,734,12.2,273,585,46.7,84,230,36.5,104,145,71.7,62,146,208,161,68,29,80,119,53.8,56.6,21.6,100.7,16.4,5.1,4.9,11.5,8.2,16.1,2.3,2.0,11.0,0.25,5.94,4.62,1.32,103,70,68,252,119,47.2,230,84,36.5,0,0,0,77,0,0,0,0,0,0,0,0,0,0,0,0,0
SEAHORSES MIKAWA,19,Yudai Nishida,,61,23.9,1459.0,679,11.1,266,577,46.1,58,203,28.6,89,116,76.7,55,101,156,190,46,13,74,122,51.1,54.1,23.7,96.7,15.5,4.6,5.0,8.5,6.8,23.0,1.8,1.0,10.5,0.2,5.88,3.72,2.16,134,96,71.6,240,112,46.7,203,58,28.6,0,0,0,69,0,0,0,0,0,0,0,0,0,0,0,0,0
CHIBA JETS,15,Garrison Brooks,,25,21.2,530.3,160,6.4,65,108,60.2,4,10,40.0,26,43,60.5,45,101,146,47,16,18,23,60,62.0,63.0,13.3,106.7,8.6,0.5,10.5,21.6,16.3,13.8,1.6,3.7,15.3,0.4,5.79,2.07,3.71,36,32,88.9,62,29,46.8,10,4,40,0,0,0,18,0,0,0,0,0,0,0,0,0,0,0,0,0
B.WHITE,1,Yuta Watanabe,,1,19.6,19.6,14,14.0,6,11,54.5,0,3,0.0,2,2,100.0,1,11,12,2,1,0,2,0,54.5,58.9,24.5,100.9,14.3,3.1,4.5,47.8,26.6,10.0,2.1,0.0,14.4,0.18,5.77,7.2,-1.43,8,6,75,0,0,0,3,0,0,0,0,0,2,0,0,0,0,0,0,0,0,0,0,0,0,0
NAGOYA DIAMOND DOLPHINS,30,Keita Imamura,,64,23.2,1481.7,591,9.2,211,599,35.2,117,377,31.0,52,73,71.2,57,102,159,153,52,11,68,107,45.0,46.8,20.8,84.5,12.2,7.8,4.1,8.1,6.0,17.0,1.9,0.8,9.7,0.12,5.75,1.73,4.02,63,35,55.6,159,59,37.1,377,117,31,0,0,0,64,0,0,0,0,0,0,0,0,0,0,0,0,0
SHIGA LAKES,7,Ai-Che Yu,,57,26.9,1530.8,413,7.2,171,397,43.1,49,177,27.7,22,33,66.7,56,121,177,366,98,10,107,144,49.2,50.2,15.5,79.6,9.5,4.1,4.3,9.5,6.9,38.6,3.4,0.7,20.6,0.08,5.72,1.73,3.99,79,56,70.9,141,66,46.8,177,49,27.7,0,0,0,102,0,0,0,0,0,0,0,0,0,0,0,0,0
GUNMA CRANE THUNDERS,0,Yuma Fujii,,63,22.9,1443.8,531,8.4,160,449,35.6,117,356,32.9,94,115,81.7,35,74,109,167,52,2,79,162,48.7,53.1,20.0,91.8,12.1,8.1,3.2,6.6,5.0,18.5,2.1,0.2,13.7,0.26,5.69,2.84,2.86,12,9,75,81,34,42,356,117,32.9,0,0,0,69,0,0,0,0,0,0,0,0,0,0,0,0,0
B.LEAGUE U18 JADE,14,Sena Platt,,1,7.2,7.2,0,0.0,0,0,0,0,0,0,0,0,0,2,2,4,0,0,1,0,0,0,0,0.0,0,0.0,0.0,28.7,25.4,27.0,0.0,0.0,14.7,0,0,5.68,0.38,5.3,0,0,0,0,0,0,0,0,0,0,0,0,0,0,0,0,0,0,0,0,0,0,0,0,0,0
SHIMANE SUSANOO MAGIC,77,Yuta Okada,,42,29.8,1250.5,631,15.0,224,510,43.9,88,258,34.1,95,118,80.5,11,85,96,202,40,8,108,97,52.5,56.1,25.7,94.2,20.2,8.2,1.1,8.1,4.7,28.9,1.7,0.7,16.1,0.23,5.54,2.66,2.88,74,54,73,178,82,46.1,258,88,34.1,0,0,0,99,0,0,0,0,0,0,0,0,0,0,0,0,0
NAGOYA DIAMOND DOLPHINS,15,Alan Williams,,59,18.2,1075.5,540,9.2,197,447,44.1,4,7,57.1,142,219,64.8,145,235,380,100,43,30,74,158,44.5,49.7,25.2,87.5,12.1,0.2,14.5,25.2,19.7,16.2,2.1,2.9,12.0,0.49,5.49,0.92,4.57,9,5,55.6,431,188,43.6,7,4,57.1,0,0,0,44,0,0,0,0,0,0,0,0,0,0,0,0,0
CHIBA JETS,2,Yuki Togashi,,65,25.7,1669.7,626,9.6,201,568,35.4,132,392,33.7,92,104,88.5,13,74,87,292,28,0,118,76,47.0,51.0,20.8,85.5,13.2,8.2,1.0,4.9,3.0,27.8,0.9,0.0,16.1,0.18,5.49,3.08,2.41,47,30,63.8,129,39,30.2,392,132,33.7,0,0,0,117,0,0,0,0,0,0,0,0,0,0,0,0,0
SEAHORSES MIKAWA,30,Aaron White,,56,20.4,1144.3,363,6.5,116,270,43.0,44,129,34.1,87,127,68.5,71,244,315,92,36,25,40,83,51.1,55.7,15.7,99.2,9.0,3.2,8.2,25.9,17.4,12.5,1.8,2.5,10.9,0.47,5.48,3.01,2.46,50,40,80,91,32,35.2,129,44,34.1,0,0,0,35,0,0,0,0,0,0,0,0,0,0,0,0,0
SAN-EN NEOPHOENIX,5,Sota Oura,,60,23.3,1400.5,463,7.7,153,431,35.5,82,282,29.1,75,91,82.4,27,111,138,333,53,4,102,115,45.0,49.1,19.0,80.8,10.3,6.3,2.4,10.3,6.3,37.1,2.0,0.3,17.8,0.21,5.45,2.8,2.65,60,36,60,89,35,39.3,282,82,29.1,0,0,0,98,0,0,0,0,0,0,0,0,0,0,0,0,0
RYUKYU GOLDEN KINGS,12,Keve Aluma,,7,19.9,139.6,77,11.0,27,60,45.0,9,30,30.0,14,18,77.8,8,21,29,9,5,3,14,16,52.5,56.7,26.6,94.0,15.0,5.8,7.1,17.8,12.6,12.1,1.9,2.4,17.1,0.3,5.44,2.72,2.72,8,7,87.5,22,11,50,30,9,30,0,0,0,12,0,0,0,0,0,0,0,0,0,0,0,0,0
SHIGA LAKES,4,Ryan Kriener,,57,28.5,1624.8,862,15.1,320,619,51.7,82,208,39.4,140,180,77.8,126,213,339,136,51,40,127,173,58.3,61.7,23.2,104.5,19.8,4.8,9.2,15.9,12.5,15.5,1.7,2.6,15.4,0.29,5.41,3.06,2.35,63,56,88.9,348,182,52.3,208,82,39.4,0,0,0,99,0,0,0,0,0,0,0,0,0,0,0,0,0
GUNMA CRANE THUNDERS,29,Kazuki Hosokawa,,63,23.3,1470.5,467,7.4,163,401,40.6,131,335,39.1,10,12,83.3,30,86,116,69,31,3,31,118,57.0,57.5,14.8,106.8,10.6,7.6,2.7,7.6,5.2,7.5,1.2,0.2,7.1,0.03,5.38,3.2,2.18,12,9,75,54,23,42.6,335,131,39.1,0,0,0,30,0,0,0,0,0,0,0,0,0,0,0,0,0
YOKOHAMA B-CORSAIRS,8,Gary Clark,,54,26.4,1425.3,670,12.4,247,573,43.1,115,318,36.2,61,84,72.6,69,260,329,103,71,36,71,106,53.1,54.9,23.6,98.4,17.1,8.1,6.2,23.1,14.7,13.1,2.8,2.9,10.4,0.15,5.31,2.97,2.34,43,35,81.4,212,97,45.8,318,115,36.2,0,0,0,65,0,0,0,0,0,0,0,0,0,0,0,0,0
SHIMANE SUSANOO MAGIC,14,James Michael McAdoo,,46,23.2,1067.7,556,12.1,233,420,55.5,5,17,29.4,85,145,58.6,107,235,342,85,63,17,55,101,56.1,57.5,24.0,103.2,16.2,0.5,12.3,26.1,19.3,15.2,3.2,1.7,10.2,0.35,5.29,1.95,3.34,89,72,80.9,314,156,49.7,17,5,29.4,0,0,0,40,0,0,0,0,0,0,0,0,0,0,0,0,0
SAN-EN NEOPHOENIX,4,Darius Days,,19,22.0,417.8,242,12.7,80,179,44.7,47,121,38.8,35,41,85.4,36,58,94,15,13,1,19,47,57.8,61.4,23.9,112.0,17.1,8.6,10.8,18.3,14.4,6.3,1.7,0.3,8.8,0.23,5.27,4.16,1.11,7,6,85.7,51,27,52.9,121,47,38.8,0,0,0,18,0,0,0,0,0,0,0,0,0,0,0,0,0
SAGA BALLOONERS,25,Taiki Sumida,,60,29.0,1737.5,660,11.0,235,632,37.2,115,392,29.3,75,97,77.3,46,128,174,355,67,7,143,137,46.3,48.9,22.3,80.7,14.9,8.9,3.2,9.4,6.2,33.9,2.1,0.5,17.5,0.15,5.26,2.53,2.73,103,68,66,137,52,38,392,115,29.3,0,0,0,138,0,0,0,0,0,0,0,0,0,0,0,0,0
SHIGA LAKES,0,Zach Auguste,,58,27.4,1591.3,1053,18.2,417,785,53.1,50,177,28.2,169,336,50.3,134,345,479,140,88,37,175,174,56.3,56.4,31.9,95.0,23.8,4.0,10.0,26.4,18.1,18.8,2.9,2.4,15.8,0.43,5.23,2.33,2.9,212,170,80.2,396,197,49.7,177,50,28.2,0,0,0,146,0,0,0,0,0,0,0,0,0,0,0,0,0
OSAKA EVESSA,52,Volodymyr Gerun,,42,19.6,824.0,380,9.0,149,268,55.6,3,14,21.4,79,138,57.2,124,167,291,69,27,35,46,73,56.2,57.8,21.0,101.4,12.3,0.5,17.9,24.8,21.3,15.3,1.8,4.4,12.3,0.51,5.01,2.84,2.17,49,36,73.5,205,110,53.7,14,3,21.4,0,0,0,30,0,0,0,0,0,0,0,0,0,0,0,0,0
SEAHORSES MIKAWA,11,Yoshiaki Kubota,,49,19.0,929.3,374,7.6,134,330,40.6,54,177,30.5,52,69,75.4,26,65,91,178,21,2,57,77,48.8,51.9,22.0,89.6,10.6,5.0,3.6,8.6,6.2,31.4,1.3,0.2,13.7,0.21,4.9,3.11,1.79,27,21,77.8,126,59,46.8,177,54,30.5,0,0,0,54,0,0,0,0,0,0,0,0,0,0,0,0,0
B.LEAGUE U18 HELIOS,9,Kotaro Ando,,1,33.8,33.8,12,12.0,5,11,45.5,0,0,0,2,2,100.0,6,7,13,3,0,1,1,2,45.5,50.5,16.9,93.2,15.7,0.0,16.1,21.2,18.5,18.6,0.0,3.4,7.8,0.18,4.89,2.66,2.23,4,1,25,7,4,57.1,0,0,0,0,0,0,1,0,0,0,0,0,0,0,0,0,0,0,0,0
KAWASAKI BRAVE THUNDERS,5,Emanuel Terry,,57,26.3,1498.2,613,10.8,265,414,64.0,20,57,35.1,63,100,63.0,120,261,381,114,50,26,67,106,66.4,66.9,16.9,116.8,14.7,1.4,9.5,22.4,15.6,14.6,1.8,1.9,12.8,0.24,4.81,2.47,2.33,127,117,92.1,230,128,55.7,57,20,35.1,0,0,0,58,0,0,0,0,0,0,0,0,0,0,0,0,0
AKITA NORTHERN HAPPINETS,10,Yanni Wetzell,,56,29.5,1650.8,886,15.8,348,687,50.7,40,118,33.9,150,221,67.9,117,354,471,166,51,42,105,130,53.6,56.5,25.8,99.6,21.4,2.9,8.2,27.5,17.3,22.3,1.7,2.7,11.8,0.32,4.78,2.27,2.51,141,107,75.9,428,201,47,118,40,33.9,0,0,0,92,0,0,0,0,0,0,0,0,0,0,0,0,0
SENDAI 89ERS,21,Boubacar Toure,,58,22.1,1282.7,484,8.3,201,344,58.4,0,0,0,82,176,46.6,178,286,464,65,50,40,90,127,58.4,57.4,18.7,94.6,11.3,0.0,16.3,26.7,21.5,8.6,2.1,3.5,17.6,0.51,4.73,1.99,2.74,120,107,89.2,224,94,42,0,0,0,0,0,0,80,0,0,0,0,0,0,0,0,0,0,0,0,0
SEAHORSES MIKAWA,7,Satoshi Nagano,,62,21.7,1344.4,381,6.1,124,316,39.2,51,193,26.4,82,94,87.2,24,80,104,287,48,3,127,159,47.3,53.3,17.7,78.7,8.6,4.3,2.4,7.3,4.9,32.6,2.0,0.3,26.2,0.3,4.7,1.96,2.75,46,33,71.7,77,40,51.9,193,51,26.4,0,0,0,113,0,0,0,0,0,0,0,0,0,0,0,0,0
ALVARK TOKYO,60,Chase Fieler,,16,20.3,325.4,115,7.2,43,84,51.2,6,23,26.1,23,30,76.7,26,53,79,35,5,14,11,44,54.8,59.2,15.9,106.3,9.8,2.0,10.1,18.7,14.6,17.4,0.8,4.3,10.2,0.36,4.69,1.54,3.16,9,9,100,52,28,53.8,23,6,26.1,0,0,0,9,0,0,0,0,0,0,0,0,0,0,0,0,0
KOSHIGAYA ALPHAS,45,Sekou Doumbouya,,39,27.8,1085.4,732,18.8,271,575,47.1,53,186,28.5,137,184,74.5,35,245,280,92,42,14,91,70,51.7,55.8,33.9,98.0,25.2,6.4,4.0,28.4,16.2,20.1,2.1,1.4,12.2,0.32,4.68,1.75,2.93,105,82,78.1,284,136,47.9,186,53,28.5,0,0,0,84,0,0,0,0,0,0,0,0,0,0,0,0,0
IBARAKI ROBOTS,30,Tim Schneider,,21,20.5,429.9,233,11.1,86,164,52.4,37,83,44.6,24,45,53.3,43,108,151,22,14,10,17,51,63.7,63.4,22.4,116.0,14.8,5.3,12.3,29.0,20.9,10.4,1.8,2.6,8.5,0.27,4.63,2.3,2.32,15,13,86.7,66,36,54.5,83,37,44.6,0,0,0,14,0,0,0,0,0,0,0,0,0,0,0,0,0
ALTIRI CHIBA,22,Trey Porter,,59,22.6,1331.9,677,11.5,271,446,60.8,17,48,35.4,118,180,65.6,162,294,456,83,30,64,85,143,62.7,64.5,21.3,110.9,15.5,1.1,15.0,25.5,20.5,11.7,1.2,5.1,13.9,0.4,4.62,2.64,1.98,117,104,88.9,281,150,53.4,48,17,35.4,0,0,0,70,0,0,0,0,0,0,0,0,0,0,0,0,0
KAWASAKI BRAVE THUNDERS,14,Dušan Ristić,,60,23.8,1429.0,787,13.1,323,604,53.5,71,182,39.0,70,100,70.0,131,369,500,100,25,36,76,111,59.4,60.7,24.4,108.7,17.9,4.1,10.8,33.0,21.5,14.7,1.0,2.8,10.5,0.17,4.57,2.95,1.62,29,27,93.1,393,225,57.3,182,71,39,0,0,0,70,0,0,0,0,0,0,0,0,0,0,0,0,0
NAGASAKI VELCA,44,Mitchell Lightfoot,,11,13.3,145.9,65,5.9,28,42,66.7,0,1,0.0,9,17,52.9,22,14,36,8,3,4,8,26,66.7,65.7,18.1,113.1,7.5,0.1,19.9,11.9,15.8,8.7,1.0,3.0,13.9,0.4,4.52,1.63,2.89,9,9,100,32,19,59.4,1,0,0,0,0,0,5,0,0,0,0,0,0,0,0,0,0,0,0,0
SAGA BALLOONERS,9,Davon Reed,,9,22.7,204.4,95,10.6,31,79,39.2,13,34,38.2,20,23,87.0,10,28,38,31,6,4,17,11,47.5,53.3,24.4,89.5,14.4,5.1,5.7,17.0,11.2,25.8,1.6,2.3,16.0,0.29,4.51,2.54,1.97,11,6,54.5,34,12,35.3,34,13,38.2,0,0,0,17,0,0,0,0,0,0,0,0,0,0,0,0,0
NAGOYA DIAMOND DOLPHINS,12,Taito Nakahigashi,,51,16.2,828.3,231,4.5,86,238,36.1,43,132,32.6,16,20,80.0,35,103,138,79,38,10,33,56,45.2,46.8,15.0,82.6,6.0,3.4,4.5,14.9,9.4,15.0,2.4,1.3,11.8,0.08,4.42,0.25,4.17,48,19,39.6,58,24,41.4,132,43,32.6,0,0,0,33,0,0,0,0,0,0,0,0,0,0,0,0,0
KOSHIGAYA ALPHAS,11,Kai Sotto,,29,27.1,784.6,366,12.6,141,271,52.0,2,10,20.0,82,121,67.8,65,197,262,83,13,28,55,55,52.4,56.4,24.0,96.5,17.1,0.5,10.7,31.3,21.2,20.3,0.9,4.0,14.5,0.45,4.38,1.2,3.17,55,51,92.7,206,88,42.7,10,2,20,0,0,0,47,0,0,0,0,0,0,0,0,0,0,0,0,0
NAGOYA DIAMOND DOLPHINS,34,Kyle Richardson,,64,22.2,1423.9,446,7.0,158,346,45.7,16,64,25.0,114,169,67.5,168,241,409,65,62,9,100,173,48.0,53.0,16.1,85.7,9.2,1.3,12.6,19.8,16.1,7.2,2.3,0.7,19.2,0.49,4.37,0.03,4.34,41,28,68.3,241,114,47.3,64,16,25,0,0,0,66,0,0,0,0,0,0,0,0,0,0,0,0,0
KAWASAKI BRAVE THUNDERS,25,Rosco Allen,,54,28.1,1518.9,835,15.5,265,604,43.9,63,216,29.2,242,319,75.9,98,259,357,109,48,17,84,93,49.1,56.1,26.2,100.8,21.1,5.4,7.7,21.6,14.4,13.5,1.7,1.2,10.1,0.53,4.3,2.82,1.47,123,97,78.9,265,105,39.6,216,63,29.2,0,0,0,76,0,0,0,0,0,0,0,0,0,0,0,0,0
NAGASAKI VELCA,17,Hayato Yamaguchi,,67,20.0,1339.9,331,4.9,115,278,41.4,68,185,36.8,33,49,67.3,45,111,156,65,44,8,44,124,53.6,55.2,11.7,96.3,6.4,3.6,4.1,10.3,7.2,6.8,1.7,0.6,12.8,0.18,4.28,1.16,3.12,32,19,59.4,61,28,45.9,185,68,36.8,0,0,0,39,0,0,0,0,0,0,0,0,0,0,0,0,0
SENDAI 89ERS,15,Shota Watanabe,,60,21.4,1281.4,400,6.7,133,339,39.2,95,251,37.8,39,50,78.0,31,76,107,114,43,3,28,95,53.2,55.4,14.3,102.8,9.1,5.7,2.9,7.1,5.0,14.0,1.8,0.3,7.2,0.15,4.26,2.22,2.04,39,24,61.5,49,14,28.6,251,95,37.8,0,0,0,27,0,0,0,0,0,0,0,0,0,0,0,0,0
FIGHTING EAGLES NAGOYA,22,Jeremy Jones,,36,26.7,962.9,333,9.2,110,265,41.5,60,165,36.4,53,69,76.8,38,139,177,85,52,7,47,77,52.8,56.4,16.5,97.3,12.2,6.0,4.8,16.6,10.9,14.5,2.9,0.8,13.7,0.26,4.23,1.42,2.81,26,15,57.7,74,35,47.3,165,60,36.4,0,0,0,42,0,0,0,0,0,0,0,0,0,0,0,0,0
SUNROCKERS SHIBUYA,40,Thomas Welsh,,51,21.4,1089.0,399,7.8,182,333,54.7,0,3,0.0,35,66,53.0,171,244,415,60,18,38,29,69,54.7,55.1,17.3,102.0,11.1,0.1,18.6,28.5,23.4,10.2,0.9,3.6,7.4,0.2,4.21,2.63,1.58,38,31,81.6,292,151,51.7,3,0,0,0,0,0,27,0,0,0,0,0,0,0,0,0,0,0,0,0
ALVARK TOKYO,9,Shuto Ando,,59,23.9,1409.2,605,10.3,197,474,41.6,141,365,38.6,70,90,77.8,16,130,146,94,43,3,59,141,56.4,58.9,20.0,105.7,14.0,8.4,1.5,11.0,6.4,11.5,1.7,0.2,10.3,0.19,4.21,1.88,2.33,50,33,66,59,23,39,365,141,38.6,0,0,0,53,0,0,0,0,0,0,0,0,0,0,0,0,0
SAN-EN NEOPHOENIX,7,Cameron Jackson,,39,18.5,721.0,384,9.8,149,280,53.2,3,24,12.5,83,125,66.4,54,134,188,75,42,17,48,120,53.8,57.3,24.7,100.3,13.2,0.8,9.7,24.7,17.1,18.3,3.1,2.5,12.5,0.45,4.15,1.57,2.59,44,33,75,212,113,53.3,24,3,12.5,0,0,0,40,0,0,0,0,0,0,0,0,0,0,0,0,0
SAGA BALLOONERS,14,Kosuke Kanamaru,,30,22.5,675.0,315,10.5,105,228,46.1,70,148,47.3,35,40,87.5,15,32,47,27,12,5,18,29,61.4,64.1,18.6,119.5,14.2,6.7,2.7,6.1,4.3,6.9,1.0,0.8,6.8,0.18,4.14,3.27,0.87,13,11,84.6,67,24,35.8,148,70,47.3,0,0,0,15,0,0,0,0,0,0,0,0,0,0,0,0,0
RYUKYU GOLDEN KINGS,8,Ryo Sadohara,,67,18.2,1222.0,412,6.1,152,346,43.9,49,156,31.4,59,83,71.1,63,99,162,80,28,17,55,143,51.0,53.9,17.0,94.2,8.8,3.3,6.4,9.7,8.1,10.8,1.3,1.6,12.6,0.24,4.1,1.83,2.27,48,30,62.5,142,73,51.4,156,49,31.4,0,0,0,44,0,0,0,0,0,0,0,0,0,0,0,0,0
GUNMA CRANE THUNDERS,1,Koh Flippin,,45,13.9,626.7,187,4.2,82,190,43.2,2,19,10.5,21,37,56.8,32,68,100,110,32,4,40,78,43.7,45.3,19.4,75.9,5.9,0.6,6.6,14.1,10.4,29.2,2.9,0.8,16.2,0.19,4.09,1.2,2.89,32,21,65.6,139,59,42.4,19,2,10.5,0,0,0,37,0,0,0,0,0,0,0,0,0,0,0,0,0
LEVANGA HOKKAIDO,20,Jordan Ngatai,,2,20.1,40.3,12,6.0,5,10,50.0,2,6,33.3,0,0,0,1,4,5,10,1,0,2,9,60.0,60.0,12.1,100.0,7.3,3.7,2.9,11.4,7.2,38.2,1.2,0.0,16.7,0.0,4.04,2.49,1.54,2,2,100,2,1,50,6,2,33.3,0,0,0,2,0,0,0,0,0,0,0,0,0,0,0,0,0
YOKOHAMA B-CORSAIRS,25,Kaleb Tarczewski,,43,26.2,1126.7,387,9.0,143,228,62.7,0,0,0,101,129,78.3,132,230,362,76,18,12,47,112,62.7,68.0,14.5,116.7,12.5,0.0,15.4,25.6,20.6,11.2,0.9,1.3,14.2,0.57,4.02,2.29,1.73,60,50,83.3,168,93,55.4,0,0,0,0,0,0,32,0,0,0,0,0,0,0,0,0,0,0,0,0
KAWASAKI BRAVE THUNDERS,11,Reoto Yonesu,,23,19.9,458.4,155,6.7,52,126,41.3,38,102,37.3,13,13,100.0,12,27,39,99,27,0,26,45,56.3,58.8,16.5,98.3,9.3,6.1,3.0,7.7,5.2,36.4,3.3,0.0,16.5,0.1,4.02,1.68,2.34,3,3,100,21,11,52.4,102,38,37.3,0,0,0,26,0,0,0,0,0,0,0,0,0,0,0,0,0
SEAHORSES MIKAWA,1,Thomas Kennedy,,62,17.1,1059.6,490,7.9,179,369,48.5,74,198,37.4,58,70,82.9,45,100,145,27,34,8,33,108,58.5,61.3,20.1,113.2,11.0,4.5,5.6,11.6,8.7,4.4,1.8,0.9,7.6,0.19,3.97,2.68,1.28,22,15,68.2,149,90,60.4,198,74,37.4,0,0,0,28,0,0,0,0,0,0,0,0,0,0,0,0,0
SAGA BALLOONERS,8,Rui Todoroki,,13,20.4,265.7,107,8.2,36,88,40.9,17,50,34.0,18,20,90.0,5,8,13,40,6,1,9,12,50.6,55.3,19.2,101.1,11.3,5.3,2.2,3.9,3.0,27.0,1.2,0.4,8.5,0.23,3.92,2.52,1.41,14,9,64.3,24,10,41.7,50,17,34,0,0,0,9,0,0,0,0,0,0,0,0,0,0,0,0,0
KOSHIGAYA ALPHAS,7,Shun Matsuyama,,53,24.8,1313.8,731,13.8,239,511,46.8,147,334,44.0,106,127,83.5,22,87,109,133,30,2,95,147,61.2,64.5,25.0,110.4,18.7,8.6,2.1,8.5,5.2,20.7,1.2,0.2,14.4,0.25,3.91,1.87,2.04,54,37,68.5,123,55,44.7,334,147,44,0,0,0,91,0,0,0,0,0,0,0,0,0,0,0,0,0
CHIBA JETS,12,Ren Kanechika,,52,18.4,958.8,321,6.2,119,275,43.3,69,189,36.5,14,21,66.7,23,80,103,61,17,19,24,84,55.8,56.5,15.2,104.1,8.5,5.0,2.9,9.3,6.3,10.3,1.0,2.0,7.8,0.08,3.81,1.68,2.13,34,26,76.5,52,24,46.2,189,69,36.5,0,0,0,22,0,0,0,0,0,0,0,0,0,0,0,0,0
FIGHTING EAGLES NAGOYA,0,Jamorko Pickett,,59,24.7,1456.4,788,13.4,261,589,44.3,86,245,35.1,180,224,80.4,76,192,268,108,58,33,122,117,51.6,57.3,25.5,97.3,17.6,5.5,6.1,15.5,10.8,13.6,2.1,2.3,15.1,0.38,3.78,1.8,1.99,97,69,71.1,247,106,42.9,245,86,35.1,0,0,0,113,0,0,0,0,0,0,0,0,0,0,0,0,0
ALVARK TOKYO,3,Kai Toews,,32,21.1,674.7,244,7.6,91,232,39.2,34,106,32.1,28,42,66.7,4,46,50,152,18,4,50,69,46.6,48.7,21.8,81.2,10.3,4.5,0.8,8.2,4.7,36.5,1.5,0.6,16.6,0.18,3.77,0.92,2.85,38,26,68.4,88,31,35.2,106,34,32.1,0,0,0,48,0,0,0,0,0,0,0,0,0,0,0,0,0
OSAKA EVESSA,1,Ray Parks Jr,,55,26.0,1427.6,690,12.5,219,550,39.8,105,336,31.2,147,176,83.5,49,138,187,114,48,7,91,132,49.4,55.0,23.2,96.0,16.9,8.2,4.1,11.9,7.9,13.8,1.8,0.5,12.7,0.32,3.74,2.21,1.54,60,41,68.3,154,73,47.4,336,105,31.2,0,0,0,84,0,0,0,0,0,0,0,0,0,0,0,0,0
TOYAMA GROUSES,24,Yannis Morin,,55,24.4,1339.4,806,14.7,321,642,50.0,28,97,28.9,136,213,63.8,137,271,408,92,68,45,119,130,52.2,54.8,28.4,94.3,18.9,2.3,11.9,23.1,17.6,13.9,2.6,3.8,13.9,0.33,3.74,1.9,1.84,93,74,79.6,452,219,48.5,97,28,28.9,0,0,0,111,0,0,0,0,0,0,0,0,0,0,0,0,0
UTSUNOMIYA BREX,12,Shinji Takashima,,57,21.3,1212.3,356,6.2,127,304,41.8,87,240,36.2,15,17,88.2,32,123,155,53,48,10,21,130,56.1,57.1,13.2,107.1,8.6,5.8,3.3,12.1,7.8,6.7,2.2,0.9,6.3,0.06,3.7,2.22,1.48,39,27,69.2,25,13,52,240,87,36.2,0,0,0,21,0,0,0,0,0,0,0,0,0,0,0,0,0
SENDAI 89ERS,7,Seiya Funyu,,55,21.0,1156.0,289,5.3,99,213,46.5,51,127,40.2,40,48,83.3,35,81,116,78,55,4,32,123,58.5,61.7,10.8,108.6,7.1,3.1,3.6,8.4,6.0,10.2,2.6,0.4,12.0,0.23,3.7,1.13,2.56,40,28,70,46,20,43.5,127,51,40.2,0,0,0,31,0,0,0,0,0,0,0,0,0,0,0,0,0
ALTIRI CHIBA,21,Brandon Ashley,,18,28.2,508.5,242,13.4,89,191,46.6,10,38,26.3,54,67,80.6,49,79,128,54,18,9,40,61,49.2,54.9,23.5,92.9,18.0,2.8,12.3,17.3,15.0,18.6,1.9,1.9,15.4,0.35,3.7,1.82,1.88,26,16,61.5,127,63,49.6,38,10,26.3,0,0,0,28,0,0,0,0,0,0,0,0,0,0,0,0,0
RYUKYU GOLDEN KINGS,15,Yoshiyuki Matsuwaki,,65,20.3,1320.2,344,5.3,118,358,33.0,93,287,32.4,15,21,71.4,28,73,101,81,50,6,53,123,45.9,46.8,15.1,81.9,7.6,6.4,2.6,6.6,4.6,9.6,2.1,0.5,12.6,0.06,3.69,1.45,2.24,21,12,57.1,50,13,26,287,93,32.4,0,0,0,51,0,0,0,0,0,0,0,0,0,0,0,0,0
SUNROCKERS SHIBUYA,13,Daiki Tanaka,,51,26.4,1348.4,474,9.3,190,427,44.5,63,168,37.5,31,34,91.2,21,50,71,134,52,5,51,88,51.9,53.6,17.6,96.2,13.1,4.7,1.9,4.7,3.2,17.9,2.2,0.4,10.3,0.08,3.67,1.77,1.9,73,47,64.4,186,80,43,168,63,37.5,0,0,0,50,0,0,0,0,0,0,0,0,0,0,0,0,0
NAGOYA DIAMOND DOLPHINS,5,Isaiah Murphy,,59,17.8,1052.1,316,5.4,117,317,36.9,52,183,28.4,30,40,75.0,44,87,131,48,45,22,37,105,45.1,47.2,15.5,85.0,7.1,4.1,4.5,9.6,6.9,7.1,2.3,2.2,10.0,0.13,3.67,-0.25,3.92,42,31,73.8,92,34,37,183,52,28.4,0,0,0,31,0,0,0,0,0,0,0,0,0,0,0,0,0
YOKOHAMA B-CORSAIRS,3,Seiya Ando,,60,29.6,1776.8,862,14.4,306,731,41.9,142,412,34.5,108,122,88.5,17,104,121,188,41,0,115,74,51.6,54.9,24.9,95.8,19.8,9.5,1.2,7.4,4.3,19.0,1.3,0.0,12.8,0.17,3.65,2.97,0.68,76,51,67.1,243,113,46.5,412,142,34.5,0,0,0,108,0,0,0,0,0,0,0,0,0,0,0,0,0
KYOTO HANNARYZ,35,Jordan Heath,,56,25.4,1422.1,498,8.9,184,418,44.0,93,263,35.4,37,87,42.5,89,262,351,87,39,61,65,101,55.1,54.6,17.6,95.5,12.4,6.6,7.7,24.0,15.6,11.2,1.5,4.8,12.5,0.21,3.64,1.4,2.23,47,40,85.1,108,51,47.2,263,93,35.4,0,0,0,53,0,0,0,0,0,0,0,0,0,0,0,0,0
LEVANGA HOKKAIDO,29,Max Hisatake,,16,20.5,327.5,137,8.6,53,103,51.5,0,4,0.0,31,62,50.0,39,85,124,25,26,5,29,43,51.5,52.6,22.4,86.0,11.4,0.3,14.5,33.3,23.7,11.2,4.2,1.7,18.2,0.6,3.57,1.95,1.62,41,32,78,58,21,36.2,4,0,0,0,0,0,25,0,0,0,0,0,0,0,0,0,0,0,0,0
SAGA BALLOONERS,55,Josh Harrellson,,48,22.6,1086.7,313,6.5,119,319,37.3,61,211,28.9,14,28,50.0,87,218,305,82,40,29,36,59,46.9,47.2,16.0,85.2,8.8,6.0,9.6,25.5,17.3,12.0,2.0,3.0,9.8,0.09,3.56,1.65,1.92,9,7,77.8,99,51,51.5,211,61,28.9,0,0,0,32,0,0,0,0,0,0,0,0,0,0,0,0,0
SUNROCKERS SHIBUYA,0,Didi Louzada,,27,24.7,667.9,378,14.0,136,326,41.7,57,156,36.5,49,62,79.0,31,80,111,58,17,6,53,59,50.5,53.5,29.2,93.0,19.6,8.1,5.6,15.1,10.2,16.7,1.4,1.0,13.0,0.19,3.56,2.47,1.09,35,25,71.4,135,54,40,156,57,36.5,0,0,0,52,0,0,0,0,0,0,0,0,0,0,0,0,0
SUNROCKERS SHIBUYA,3,John Lawrence Harper Jr,,58,21.7,1257.8,382,6.6,131,355,36.9,76,237,32.1,44,63,69.8,43,100,143,229,63,24,101,145,47.6,49.9,18.5,79.0,9.3,5.8,4.1,10.0,6.9,30.6,2.8,2.0,20.9,0.18,3.52,0.87,2.66,55,45,81.8,63,10,15.9,237,76,32.1,0,0,0,94,0,0,0,0,0,0,0,0,0,0,0,0,0
ALTIRI CHIBA,3,Kotetsu Kurokawa,,60,22.0,1317.2,644,10.7,245,574,42.7,100,262,38.2,54,63,85.7,28,84,112,277,48,4,112,133,51.4,53.5,25.1,90.2,14.5,5.9,2.6,7.4,5.1,38.0,2.0,0.3,15.7,0.11,3.51,1.95,1.56,97,58,59.8,215,87,40.5,262,100,38.2,0,0,0,110,0,0,0,0,0,0,0,0,0,0,0,0,0
YOKOHAMA B-CORSAIRS,15,Kiefer Ravena,,60,22.3,1339.7,716,11.9,251,558,45.0,94,252,37.3,120,144,83.3,19,91,110,194,47,5,96,134,53.4,57.6,26.3,99.8,16.5,5.8,1.8,8.6,5.2,26.8,2.0,0.4,13.4,0.26,3.51,2.07,1.44,148,96,64.9,158,61,38.6,252,94,37.3,0,0,0,86,0,0,0,0,0,0,0,0,0,0,0,0,0
B.WHITE,9,Kosuke Kanamaru,,1,6.6,6.6,6,6.0,2,4,50.0,2,4,50.0,0,0,0,0,0,0,0,0,0,0,0,75.0,75.0,20.9,150.0,6.1,4.1,0.0,0.0,0.0,0.0,0.0,0.0,0.0,0.0,3.5,7.34,-3.84,0,0,0,0,0,0,4,2,50,0,0,0,0,0,0,0,0,0,0,0,0,0,0,0,0,0
SEAHORSES MIKAWA,13,Yutaro Suda,,58,16.2,939.2,300,5.2,103,247,41.7,70,194,36.1,24,29,82.8,34,65,99,50,22,9,18,83,55.9,57.7,14.6,108.0,7.2,4.7,4.8,8.5,6.8,8.2,1.3,1.1,6.5,0.12,3.44,2.33,1.12,21,14,66.7,32,19,59.4,194,70,36.1,0,0,0,17,0,0,0,0,0,0,0,0,0,0,0,0,0
LEVANGA HOKKAIDO,15,Ren Shimatani,,60,19.1,1146.8,304,5.1,106,233,45.5,37,90,41.1,55,65,84.6,25,75,100,198,47,1,54,156,53.4,58.1,12.7,96.3,6.8,2.0,2.7,8.0,5.4,23.8,2.2,0.1,17.1,0.28,3.44,2.29,1.14,56,39,69.6,87,30,34.5,90,37,41.1,0,0,0,53,0,0,0,0,0,0,0,0,0,0,0,0,0
SAN-EN NEOPHOENIX,28,Kazuma Tsuya,,60,22.2,1334.7,444,7.4,145,338,42.9,130,311,41.8,24,43,55.8,33,62,95,71,23,3,27,124,62.1,62.2,13.4,115.6,9.9,6.9,3.1,6.1,4.6,8.3,0.9,0.2,7.0,0.13,3.43,2.57,0.86,5,4,80,22,11,50,311,130,41.8,0,0,0,25,0,0,0,0,0,0,0,0,0,0,0,0,0
ALVARK TOKYO,75,Taiki Osakabe,,60,24.4,1461.5,407,6.8,139,340,40.9,62,192,32.3,67,88,76.1,17,114,131,177,38,3,48,154,50.0,53.7,14.3,95.4,9.2,4.4,1.5,9.3,5.6,19.1,1.4,0.2,11.2,0.26,3.43,0.66,2.77,57,33,57.9,91,44,48.4,192,62,32.3,0,0,0,41,0,0,0,0,0,0,0,0,0,0,0,0,0
RYUKYU GOLDEN KINGS,34,Shota Onodera,,67,14.2,952.1,194,2.9,66,193,34.2,47,143,32.9,15,16,93.8,31,56,87,87,29,4,23,108,46.4,48.5,11.1,87.0,4.2,3.1,4.0,7.1,5.6,13.8,1.7,0.5,10.3,0.08,3.4,1.22,2.18,17,8,47.1,33,11,33.3,143,47,32.9,0,0,0,20,0,0,0,0,0,0,0,0,0,0,0,0,0
CHIBA JETS,31,Shuta Hara,,64,22.9,1465.2,393,6.1,162,350,46.3,37,110,33.6,32,53,60.4,42,102,144,166,24,6,74,116,51.6,52.6,14.5,87.9,8.4,2.3,3.5,7.7,5.7,17.8,0.9,0.4,16.5,0.15,3.34,1.03,2.31,80,51,63.7,160,74,46.2,110,37,33.6,0,0,0,69,0,0,0,0,0,0,0,0,0,0,0,0,0
NAGOYA DIAMOND DOLPHINS,3,Taketo Kato,,64,12.8,818.6,246,3.8,85,246,34.6,39,149,26.2,37,50,74.0,37,60,97,121,48,4,70,87,42.5,45.9,18.2,72.8,5.1,3.1,4.8,8.6,6.6,22.9,3.1,0.5,20.7,0.2,3.33,-0.6,3.93,41,29,70.7,56,17,30.4,149,39,26.2,0,0,0,68,0,0,0,0,0,0,0,0,0,0,0,0,0
FIGHTING EAGLES NAGOYA,23,Ryuto Yasuoka,,57,29.2,1666.8,648,11.4,225,540,41.7,122,345,35.4,76,94,80.9,48,156,204,113,55,6,68,144,53.0,55.7,17.9,99.8,15.0,8.0,3.4,11.0,7.2,11.6,1.8,0.4,10.5,0.17,3.31,1.56,1.76,39,28,71.8,156,75,48.1,345,122,35.4,0,0,0,65,0,0,0,0,0,0,0,0,0,0,0,0,0
IBARAKI ROBOTS,3,Noboru Hasegawa,,60,22.0,1318.8,620,10.3,214,545,39.3,95,268,35.4,97,126,77.0,26,77,103,199,76,2,77,126,48.0,51.6,25.1,91.5,14.1,6.1,2.5,6.9,4.7,28.7,3.2,0.2,11.4,0.23,3.27,0.92,2.34,100,54,54,177,65,36.7,268,95,35.4,0,0,0,68,0,0,0,0,0,0,0,0,0,0,0,0,0
SHIGA LAKES,20,Thomas Wimbush,,58,24.7,1432.4,903,15.6,265,629,42.1,100,305,32.8,273,327,83.5,74,223,297,68,38,17,109,121,50.1,58.4,28.2,102.4,20.4,6.9,6.1,18.9,12.4,8.7,1.4,1.2,12.4,0.52,3.25,2.15,1.09,81,58,71.6,243,107,44,305,100,32.8,0,0,0,97,0,0,0,0,0,0,0,0,0,0,0,0,0
B.WHITE,99,Koya Kawamata,,1,14.8,14.8,8,8.0,4,7,57.1,0,3,0.0,0,0,0,1,2,3,2,0,0,1,0,57.1,57.1,18.7,100.0,8.2,3.1,6.0,11.5,8.8,12.8,0.0,0.0,12.5,0.0,3.2,6.71,-3.51,4,4,100,0,0,0,3,0,0,0,0,0,1,0,0,0,0,0,0,0,0,0,0,0,0,0
YOKOHAMA B-CORSAIRS,11,Cameron Jackson,,5,19.9,99.6,52,10.4,20,37,54.1,0,2,0.0,12,18,66.7,8,23,31,6,9,1,6,14,54.1,57.9,24.6,102.1,13.6,0.5,9.3,31.9,19.6,12.2,5.0,1.1,11.8,0.49,3.12,0.53,2.59,8,6,75,27,14,51.9,2,0,0,0,0,0,3,0,0,0,0,0,0,0,0,0,0,0,0,0
SAGA BALLOONERS,13,Ryo Abe,,60,25.2,1514.7,478,8.0,174,481,36.2,44,192,22.9,86,112,76.8,37,105,142,292,85,7,126,147,40.7,45.1,20.5,72.8,10.8,4.3,2.9,8.8,5.8,31.0,3.0,0.5,19.2,0.23,3.09,0.32,2.77,88,54,61.4,201,76,37.8,192,44,22.9,0,0,0,124,0,0,0,0,0,0,0,0,0,0,0,0,0
SAN-EN NEOPHOENIX,10,Hirotaka Yoshii,,43,21.6,927.6,359,8.3,126,294,42.9,51,151,33.8,56,82,68.3,35,71,106,54,38,3,23,101,51.5,54.4,17.7,101.7,11.2,4.7,4.7,10.0,7.3,9.8,2.2,0.4,6.5,0.28,3.08,1.71,1.36,26,22,84.6,117,53,45.3,151,51,33.8,0,0,0,22,0,0,0,0,0,0,0,0,0,0,0,0,0
CHIBA JETS,34,Jeff Gibbs,,9,16.5,148.3,40,4.4,15,30,50.0,3,5,60.0,7,8,87.5,12,26,38,12,6,2,12,19,55.0,59.7,14.6,87.9,6.2,0.8,10.0,20.5,15.4,14.4,2.2,1.4,26.4,0.27,3.06,0.35,2.71,4,2,50,21,10,47.6,5,3,60,0,0,0,10,0,0,0,0,0,0,0,0,0,0,0,0,0
RYUKYU GOLDEN KINGS,18,Masahiro Waki,,55,17.1,939.3,237,4.3,89,222,40.1,7,42,16.7,52,93,55.9,53,92,145,106,38,11,68,135,41.7,45.1,16.8,71.6,6.2,1.1,6.9,11.8,9.4,17.7,2.3,1.4,20.5,0.42,3.05,0.37,2.68,81,46,56.8,99,36,36.4,42,7,16.7,0,0,0,64,0,0,0,0,0,0,0,0,0,0,0,0,0
SUNROCKERS SHIBUYA,7,Andrew Randall,,21,20.3,425.3,159,7.6,42,119,35.3,10,47,21.3,65,77,84.4,28,50,78,48,15,2,20,22,39.5,52.0,19.7,92.0,10.8,3.2,7.8,14.9,11.2,19.5,2.0,0.5,11.6,0.65,2.94,1.47,1.47,6,5,83.3,66,27,40.9,47,10,21.3,0,0,0,18,0,0,0,0,0,0,0,0,0,0,0,0,0
FIGHTING EAGLES NAGOYA,33,Andrew Randall,,18,28.7,515.7,202,11.2,69,171,40.4,14,61,23.0,50,70,71.4,28,70,98,79,14,0,44,34,44.4,50.0,21.7,82.2,14.8,4.5,6.1,16.6,11.1,26.3,1.4,0.0,17.9,0.41,2.92,1.03,1.89,21,14,66.7,89,41,46.1,61,14,23,0,0,0,41,0,0,0,0,0,0,0,0,0,0,0,0,0
B.LEAGUE U18 HELIOS,12,Mirai Nagamine,,1,19.6,19.6,5,5.0,1,3,33.3,1,1,100.0,2,2,100.0,0,1,1,2,3,0,0,2,50.0,64.4,8.8,128.9,6.5,1.3,0.0,5.2,2.5,17.8,8.1,0.0,0.0,0.67,2.86,-2.0,4.85,1,0,0,1,0,0,1,1,100,0,0,0,0,0,0,0,0,0,0,0,0,0,0,0,0,0
GUNMA CRANE THUNDERS,16,Kenny Asano,,63,10.1,639.3,153,2.4,58,133,43.6,27,69,39.1,10,13,76.9,32,49,81,24,13,6,18,62,53.8,55.1,12.2,97.6,3.5,1.6,6.7,9.9,8.3,5.8,1.2,1.1,11.5,0.1,2.72,1.09,1.63,3,0,0,61,31,50.8,69,27,39.1,0,0,0,16,0,0,0,0,0,0,0,0,0,0,0,0,0
AKITA NORTHERN HAPPINETS,25,Keanu Pinder,,49,24.5,1199.5,733,15.0,261,631,41.4,78,239,32.6,133,196,67.9,77,248,325,88,77,41,101,119,47.5,51.1,32.6,89.6,20.1,6.6,7.4,27.0,16.6,16.5,3.5,3.7,12.3,0.31,2.68,0.65,2.02,107,72,67.3,285,111,38.9,239,78,32.6,0,0,0,92,0,0,0,0,0,0,0,0,0,0,0,0,0
NAGASAKI VELCA,6,Yuji Morita,,63,2.8,179.1,71,1.1,22,49,44.9,14,33,42.4,13,19,68.4,4,10,14,36,7,1,17,41,59.2,61.9,19.0,95.5,1.5,0.7,2.8,6.9,4.8,30.0,2.0,0.6,22.9,0.39,2.58,0.27,2.3,5,5,100,11,3,27.3,33,14,42.4,0,0,0,17,0,0,0,0,0,0,0,0,0,0,0,0,0
CHIBA JETS,42,Quentin Millora-Brown,,21,12.6,263.6,72,3.4,28,45,62.2,0,1,0.0,16,19,84.2,21,33,54,19,5,6,12,37,62.2,67.5,11.7,110.2,4.7,0.1,9.8,14.1,12.0,12.3,1.0,2.4,18.4,0.42,2.57,0.43,2.15,9,8,88.9,35,20,57.1,1,0,0,0,0,0,10,0,0,0,0,0,0,0,0,0,0,0,0,0
NAGASAKI VELCA,99,Koya Kawamata,,60,4.9,291.2,136,2.3,48,79,60.8,0,1,0.0,40,47,85.1,25,33,58,4,3,9,19,53,60.8,68.2,18.8,114.6,2.9,0.0,10.6,13.9,12.3,2.2,0.5,3.3,16.0,0.59,2.56,0.32,2.24,15,14,93.3,63,34,54,1,0,0,0,0,0,12,0,0,0,0,0,0,0,0,0,0,0,0,0
B.LEAGUE U18 JADE,6,Takato Hayashi,,1,19.3,19.3,5,5.0,2,8,25.0,1,5,20.0,0,0,0,1,2,3,1,1,0,1,2,31.2,31.2,20.9,55.6,6.6,6.6,5.3,9.4,7.5,7.4,2.7,0.0,11.1,0.0,2.54,-2.18,4.72,0,0,0,3,1,33.3,5,1,20,0,0,0,1,0,0,0,0,0,0,0,0,0,0,0,0,0
OSAKA EVESSA,35,Tatsuya Suzuki,,60,14.6,876.8,267,4.5,90,209,43.1,57,135,42.2,30,52,57.7,18,44,62,175,37,2,58,97,56.7,57.6,15.4,92.1,6.0,3.1,2.5,6.2,4.3,31.8,2.3,0.2,20.0,0.25,2.52,0.82,1.7,25,18,72,49,15,30.6,135,57,42.2,0,0,0,57,0,0,0,0,0,0,0,0,0,0,0,0,0
GUNMA CRANE THUNDERS,55,Daichi Taniguchi,,63,5.2,329.3,122,1.9,42,94,44.7,31,79,39.2,7,9,77.8,4,30,34,14,5,6,10,47,61.2,62.3,16.3,113.0,2.8,1.8,1.6,11.8,6.8,7.0,0.9,2.2,9.3,0.1,2.5,0.98,1.52,3,2,66.7,12,9,75,79,31,39.2,0,0,0,9,0,0,0,0,0,0,0,0,0,0,0,0,0
NAGOYA DIAMOND DOLPHINS,14,Takuma Sato,,25,6.3,158.0,58,2.3,19,39,48.7,13,28,46.4,7,7,100.0,1,9,10,12,1,1,3,15,65.4,68.9,12.7,128.7,3.1,1.5,0.7,7.2,3.7,12.5,0.3,0.7,6.7,0.18,2.47,-0.56,3.02,1,1,100,10,5,50,28,13,46.4,0,0,0,3,0,0,0,0,0,0,0,0,0,0,0,0,0
B.LEAGUE U18 HELIOS,6,Kanta Ogawa,,1,35.6,35.6,11,11.0,4,10,40.0,1,2,50.0,2,4,50.0,0,5,5,3,3,0,2,3,45.0,46.8,17.1,79.9,14.4,2.6,0.0,14.4,6.8,16.4,4.4,0.0,14.5,0.4,2.46,-2.62,5.07,4,2,50,4,1,25,2,1,50,0,0,0,2,0,0,0,0,0,0,0,0,0,0,0,0,0
KOSHIGAYA ALPHAS,9,Davon Reed,,4,22.1,88.3,40,10.0,13,33,39.4,6,13,46.2,8,9,88.9,5,15,20,4,2,1,2,6,48.5,54.1,22.3,102.7,14.6,4.8,7.2,18.0,13.1,8.3,1.3,1.3,5.1,0.27,2.46,0.88,1.58,2,1,50,18,6,33.3,13,6,46.2,0,0,0,2,0,0,0,0,0,0,0,0,0,0,0,0,0
UTSUNOMIYA BREX,9,Yusuke Endo,,60,17.1,1026.4,293,4.9,101,256,39.5,83,226,36.7,8,14,57.1,16,62,78,77,27,0,34,93,55.7,55.9,13.8,98.9,6.7,5.2,1.9,7.1,4.6,11.3,1.5,0.0,11.5,0.05,2.45,1.79,0.66,12,7,58.3,18,11,61.1,226,83,36.7,0,0,0,33,0,0,0,0,0,0,0,0,0,0,0,0,0
NAGASAKI VELCA,1,Kenji leon Matsumoto,,54,7.7,416.5,84,1.6,32,52,61.5,1,6,16.7,19,26,73.1,17,26,43,17,6,2,10,70,62.5,66.2,8.1,114.4,2.0,0.1,5.0,7.7,6.3,5.7,0.7,0.5,13.6,0.5,2.41,0.04,2.37,10,8,80,36,23,63.9,6,1,16.7,0,0,0,10,0,0,0,0,0,0,0,0,0,0,0,0,0
NAGASAKI VELCA,13,Kenshin Hoshikawa,,60,5.6,334.8,81,1.4,28,78,35.9,21,60,35.0,4,6,66.7,8,18,26,19,11,3,13,50,49.4,50.2,12.7,86.5,1.7,1.3,2.9,6.6,4.8,7.8,1.7,1.0,13.9,0.08,2.35,0.11,2.24,8,4,50,10,3,30,60,21,35,0,0,0,11,0,0,0,0,0,0,0,0,0,0,0,0,0
B.LEAGUE U18 JADE,8,Yudai Fukuchi,,1,5.3,5.3,0,0.0,0,2,0.0,0,2,0.0,0,0,0,1,0,1,0,0,1,0,1,0.0,0.0,17.0,0.0,0.0,2.6,19.5,0.0,9.1,0.0,0.0,20.0,0.0,0.0,2.32,-2.05,4.37,0,0,0,0,0,0,2,0,0,0,0,0,0,0,0,0,0,0,0,0,0,0,0,0,0,0
SAN-EN NEOPHOENIX,14,Hayato Wakugawa,,60,17.8,1068.1,355,5.9,120,277,43.3,51,132,38.6,64,84,76.2,54,102,156,119,47,4,76,164,52.5,56.5,17.0,91.0,7.9,2.9,6.4,12.4,9.4,17.5,2.3,0.4,19.5,0.3,2.27,0.69,1.58,66,41,62.1,79,28,35.4,132,51,38.6,0,0,0,72,0,0,0,0,0,0,0,0,0,0,0,0,0
HIROSHIMA DRAGONFLIES,34,Keijiro Mitani,,55,24.8,1362.7,439,8.0,153,419,36.5,96,293,32.8,37,53,69.8,65,93,158,48,44,20,48,131,48.0,49.6,16.6,89.5,10.7,7.1,5.7,8.0,6.9,5.5,1.7,1.5,9.8,0.13,2.25,1.79,0.46,44,28,63.6,82,29,35.4,293,96,32.8,0,0,0,47,0,0,0,0,0,0,0,0,0,0,0,0,0
SHIMANE SUSANOO MAGIC,21,Yuto Nohmi,,59,22.2,1311.1,376,6.4,129,352,36.6,81,235,34.5,37,44,84.1,22,86,108,233,46,0,109,98,48.2,50.6,17.7,78.3,8.6,5.4,2.1,7.9,5.0,28.2,1.9,0.0,22.7,0.12,2.21,0.09,2.11,44,23,52.3,73,25,34.2,235,81,34.5,0,0,0,103,0,0,0,0,0,0,0,0,0,0,0,0,0
B.BLACK,8,Christopher Smith,,1,21.1,21.1,17,17.0,7,14,50.0,3,9,33.3,0,0,0,0,2,2,2,2,0,2,1,60.7,60.7,28.7,106.2,17.6,9.3,0.0,8.4,4.1,10.6,3.9,0.0,12.5,0.0,2.19,6.38,-4.19,5,4,80,0,0,0,9,3,33.3,0,0,0,2,0,0,0,0,0,0,0,0,0,0,0,0,0
NAGASAKI VELCA,32,Lucas Tanaka,,10,2.3,23.1,2,0.2,1,4,25.0,0,2,0.0,0,0,0,1,4,5,2,1,0,0,3,25.0,25.0,8.3,50.0,0.3,0.3,5.1,24.2,13.8,13.3,2.3,0.0,0.0,0.0,2.14,-0.01,2.15,0,0,0,2,1,50,2,0,0,0,0,0,0,0,0,0,0,0,0,0,0,0,0,0,0,0
SENDAI 89ERS,3,Kazuma Okajima,,58,16.5,956.3,228,3.9,80,252,31.7,45,150,30.0,23,32,71.9,18,56,74,123,40,0,41,51,40.7,42.8,15.1,74.2,5.3,3.5,2.2,7.0,4.6,19.6,2.3,0.0,13.4,0.13,2.13,0.51,1.62,32,16,50,70,19,27.1,150,45,30,0,0,0,41,0,0,0,0,0,0,0,0,0,0,0,0,0
RYUKYU GOLDEN KINGS,17,Shuto Sakihama,,42,9.3,389.3,72,1.7,25,73,34.2,7,28,25.0,15,21,71.4,16,24,40,50,17,1,20,76,39.0,43.8,12.4,70.4,2.4,0.9,5.0,7.5,6.2,19.2,2.5,0.3,19.6,0.29,2.12,0.08,2.04,17,10,58.8,28,8,28.6,28,7,25,0,0,0,20,0,0,0,0,0,0,0,0,0,0,0,0,0
NAGASAKI VELCA,4,Masaya Karimata,,67,5.9,397.9,90,1.3,30,101,29.7,27,93,29.0,3,4,75.0,3,18,21,25,9,1,9,63,43.1,43.8,12.9,80.5,1.7,1.8,0.9,5.6,3.2,8.7,1.2,0.3,8.1,0.04,2.1,-0.03,2.13,3,1,33.3,5,2,40,93,27,29,0,0,0,8,0,0,0,0,0,0,0,0,0,0,0,0,0
SEAHORSES MIKAWA,32,Avi Koki Schafer,,55,13.3,733.9,136,2.5,56,97,57.7,3,9,33.3,21,29,72.4,43,73,116,23,13,5,15,45,59.3,62.0,8.4,109.0,3.5,0.2,7.8,12.2,10.1,4.7,1.0,0.8,12.0,0.3,2.1,1.2,0.9,12,9,75,76,44,57.9,9,3,33.3,0,0,0,13,0,0,0,0,0,0,0,0,0,0,0,0,0
RYUKYU GOLDEN KINGS,10,Hayate Arakawa,,67,7.5,500.4,161,2.4,58,181,32.0,34,143,23.8,11,14,78.6,10,27,37,48,19,2,23,51,41.4,43.0,20.0,76.6,3.5,3.1,2.5,6.5,4.5,15.6,2.2,0.5,10.9,0.08,2.09,0.63,1.46,16,12,75,22,12,54.5,143,34,23.8,0,0,0,21,0,0,0,0,0,0,0,0,0,0,0,0,0
SAN-EN NEOPHOENIX,00,Steve Zack,,11,27.9,307.3,101,9.2,41,82,50.0,1,5,20.0,18,35,51.4,30,60,90,31,5,2,29,35,50.6,51.8,19.4,79.9,12.5,0.6,11.4,24.2,17.6,18.6,0.9,0.7,22.9,0.43,2.05,0.6,1.46,5,4,80,72,36,50,5,1,20,0,0,0,22,0,0,0,0,0,0,0,0,0,0,0,0,0
HIROSHIMA DRAGONFLIES,88,Ryosei Sato,,25,19.5,487.8,153,6.1,54,135,40.0,29,91,31.9,16,26,61.5,13,35,48,67,14,0,29,78,50.7,52.2,16.5,87.2,8.2,4.9,3.1,8.2,5.7,20.7,1.5,0.0,16.5,0.19,2.05,1.03,1.01,18,12,66.7,26,13,50,91,29,31.9,0,0,0,23,0,0,0,0,0,0,0,0,0,0,0,0,0
CHIBA JETS,21,Kenny Lawson Jr,,5,10.9,54.5,20,4.0,8,19,42.1,4,8,50.0,0,1,0.0,6,6,12,2,1,1,2,6,52.6,51.4,18.8,93.3,5.5,2.2,13.3,12.7,13.0,5.9,1.0,2.0,9.3,0.05,2.04,0.81,1.23,1,1,100,10,3,30,8,4,50,0,0,0,2,0,0,0,0,0,0,0,0,0,0,0,0,0
SAGA BALLOONERS,60,Chase Fieler,,15,14.7,219.8,81,5.4,32,66,48.5,4,24,16.7,13,15,86.7,5,35,40,29,10,5,13,21,51.5,55.8,18.6,94.6,7.3,2.2,2.7,19.9,11.2,23.2,2.5,2.6,15.2,0.23,2.02,0.11,1.91,13,11,84.6,29,17,58.6,24,4,16.7,0,0,0,11,0,0,0,0,0,0,0,0,0,0,0,0,0
B.WHITE,2,Yuki Togashi,,1,14.6,14.6,8,8.0,3,11,27.3,2,9,22.2,0,0,0,2,0,2,3,0,0,0,1,36.4,36.4,26.1,72.7,8.2,9.2,12.2,0.0,6.0,18.4,0.0,0.0,0.0,0.0,2.01,6.81,-4.8,1,0,0,1,1,100,9,2,22.2,0,0,0,0,0,0,0,0,0,0,0,0,0,0,0,0,0
OSAKA EVESSA,60,Seiga Sakamoto,,60,16.7,1003.8,260,4.3,98,244,40.2,34,101,33.7,30,45,66.7,47,66,113,151,59,9,64,122,47.1,49.3,15.2,79.3,5.9,2.3,5.6,8.2,6.8,23.8,3.2,0.9,19.5,0.18,1.95,0.05,1.89,39,25,64.1,104,39,37.5,101,34,33.7,0,0,0,58,0,0,0,0,0,0,0,0,0,0,0,0,0
NAGASAKI VELCA,21,Shota Kanno,,16,1.8,28.5,13,0.8,4,13,30.8,4,12,33.3,1,2,50.0,0,3,3,1,2,0,4,6,46.2,46.8,28.0,72.7,1.0,1.0,0.0,12.8,6.4,5.1,3.6,0.0,22.4,0.15,1.89,-0.11,2.0,0,0,0,1,0,0,12,4,33.3,0,0,0,4,0,0,0,0,0,0,0,0,0,0,0,0,0
SEAHORSES MIKAWA,18,Ryogo Sumino,,62,11.0,679.7,286,4.6,102,266,38.3,53,169,31.4,29,38,76.3,15,46,61,29,20,4,28,32,48.3,50.6,22.5,92.0,6.4,3.8,2.9,8.3,5.7,7.1,1.7,0.7,9.0,0.14,1.84,1.41,0.43,32,21,65.6,65,28,43.1,169,53,31.4,0,0,0,27,0,0,0,0,0,0,0,0,0,0,0,0,0
SAN-EN NEOPHOENIX,20,Dai Nemoto,,55,15.6,860.2,307,5.6,107,228,46.9,63,142,44.4,30,37,81.1,19,48,67,82,26,7,69,111,60.7,62.8,16.9,98.0,7.4,3.4,2.8,7.2,4.9,15.3,1.6,0.9,22.0,0.16,1.84,0.8,1.03,33,21,63.6,53,23,43.4,142,63,44.4,0,0,0,67,0,0,0,0,0,0,0,0,0,0,0,0,0
CHIBA JETS,4,Naoki Tashiro,,63,14.3,902.6,164,2.6,60,139,43.2,28,71,39.4,16,23,69.6,45,63,108,59,22,2,26,110,53.2,55.0,9.2,93.7,3.6,1.5,6.1,7.7,7.0,9.6,1.3,0.2,14.8,0.17,1.84,0.03,1.8,20,11,55,48,21,43.8,71,28,39.4,0,0,0,26,0,0,0,0,0,0,0,0,0,0,0,0,0
IBARAKI ROBOTS,8,Tyler Cook,,37,20.4,755.5,426,11.5,163,294,55.4,0,1,0.0,100,178,56.2,47,178,225,90,19,11,93,56,55.4,57.2,30.3,91.5,15.8,0.0,7.9,28.2,18.3,25.3,1.4,1.6,20.0,0.61,1.82,-0.11,1.94,103,86,83.5,190,77,40.5,1,0,0,0,0,0,93,0,0,0,0,0,0,0,0,0,0,0,0,0
NAGOYA DIAMOND DOLPHINS,4,Hiyuu Ozawa,,61,7.3,444.4,166,2.7,58,183,31.7,31,117,26.5,19,24,79.2,25,20,45,24,16,4,12,49,40.2,42.9,20.3,80.8,3.6,2.5,6.0,5.3,5.6,8.7,1.9,0.9,5.8,0.13,1.79,-1.01,2.8,19,11,57.9,47,16,34,117,31,26.5,0,0,0,11,0,0,0,0,0,0,0,0,0,0,0,0,0
SHIMANE SUSANOO MAGIC,0,Olufemi Olujobi,,8,20.0,160.3,83,10.4,25,64,39.1,10,30,33.3,23,32,71.9,10,24,34,10,4,2,11,11,46.9,53.2,26.7,93.2,14.3,5.2,7.3,19.4,13.1,11.1,1.4,1.2,12.3,0.5,1.78,0.71,1.08,4,3,75,30,12,40,30,10,33.3,0,0,0,9,0,0,0,0,0,0,0,0,0,0,0,0,0
SEAHORSES MIKAWA,27,Kosuke Ishii,,62,7.0,434.0,128,2.1,40,113,35.4,27,93,29.0,21,25,84.0,20,33,53,48,19,2,16,59,47.3,51.6,15.9,91.4,2.9,2.1,6.1,9.3,7.8,16.9,2.5,0.5,11.4,0.22,1.77,0.94,0.83,11,8,72.7,9,5,55.6,93,27,29,0,0,0,14,0,0,0,0,0,0,0,0,0,0,0,0,0
CHIBA JETS,5,Riku Segawa,,63,11.1,697.4,258,4.1,89,230,38.7,18,63,28.6,62,88,70.5,33,38,71,107,25,14,68,91,42.6,48.0,23.0,76.6,5.6,1.4,5.8,6.0,5.9,24.7,2.0,2.0,20.2,0.38,1.72,-0.1,1.82,43,22,51.2,124,49,39.5,63,18,28.6,0,0,0,61,0,0,0,0,0,0,0,0,0,0,0,0,0
CHIBA JETS,7,Michael Ou,,27,9.9,267.1,82,3.0,36,57,63.2,0,0,0,10,18,55.6,27,31,58,7,2,7,7,41,63.2,63.2,12.8,114.0,4.2,0.0,12.4,12.3,12.4,4.1,0.4,2.6,9.7,0.32,1.71,0.18,1.53,11,10,90.9,46,26,56.5,0,0,0,0,0,0,2,0,0,0,0,0,0,0,0,0,0,0,0,0
B.BLACK,14,Keita Imamura,,1,18.0,18.0,9,9.0,3,8,37.5,3,8,37.5,0,0,0,1,0,1,4,0,0,0,1,56.2,56.2,16.8,112.5,9.3,8.3,4.7,0.0,2.4,21.0,0.0,0.0,0.0,0.0,1.71,7.24,-5.53,0,0,0,0,0,0,8,3,37.5,0,0,0,0,0,0,0,0,0,0,0,0,0,0,0,0,0
UTSUNOMIYA BREX,7,Atsuya Ogawa,,44,16.6,729.9,225,5.1,85,230,37.0,23,99,23.2,32,40,80.0,18,46,64,113,27,5,59,74,42.0,45.4,20.3,73.4,7.1,3.1,3.2,7.5,5.4,24.2,2.1,0.7,19.2,0.17,1.7,0.75,0.95,68,39,57.4,63,23,36.5,99,23,23.2,0,0,0,53,0,0,0,0,0,0,0,0,0,0,0,0,0
AKITA NORTHERN HAPPINETS,13,Eijiro Ogawa,,9,16.0,144.4,90,10.0,33,61,54.1,18,39,46.2,6,11,54.5,4,16,20,6,7,1,2,17,68.9,68.3,21.6,132.7,13.0,5.7,3.1,15.2,8.6,8.7,2.6,0.8,2.9,0.18,1.59,0.78,0.82,5,5,100,17,10,58.8,39,18,46.2,0,0,0,1,0,0,0,0,0,0,0,0,0,0,0,0,0
KOSHIGAYA ALPHAS,6,Hamiltongary Kotera,,30,23.2,694.9,74,2.5,35,69,50.7,0,2,0.0,4,15,26.7,46,143,189,100,24,13,49,47,50.7,48.9,8.9,59.4,3.4,0.1,8.0,26.6,17.0,24.1,1.9,2.0,39.3,0.22,1.54,-1.61,3.15,7,6,85.7,60,29,48.3,2,0,0,0,0,0,45,0,0,0,0,0,0,0,0,0,0,0,0,0
HIROSHIMA DRAGONFLIES,3,Tatsuya Ito,,44,15.8,693.2,143,3.2,56,144,38.9,13,43,30.2,18,29,62.1,30,53,83,130,34,0,58,106,43.4,45.6,14.2,66.6,4.3,1.3,5.3,8.8,7.1,27.1,2.6,0.0,27.0,0.2,1.52,0.25,1.27,21,12,57.1,80,31,38.8,43,13,30.2,0,0,0,52,0,0,0,0,0,0,0,0,0,0,0,0,0
UTSUNOMIYA BREX,18,Seiji Ikaruga,,60,10.5,632.2,159,2.6,58,156,37.2,26,91,28.6,17,30,56.7,19,58,77,106,19,9,47,70,45.5,47.0,16.5,73.5,3.7,2.1,3.8,10.8,7.4,25.1,1.7,1.5,21.7,0.19,1.5,0.79,0.71,20,11,55,45,21,46.7,91,26,28.6,0,0,0,44,0,0,0,0,0,0,0,0,0,0,0,0,0
OSAKA EVESSA,31,Makoto Kinoshita,,59,15.8,935.0,355,6.0,129,326,39.6,69,204,33.8,28,40,70.0,16,47,63,114,37,9,55,110,50.2,51.7,19.8,89.1,8.2,4.7,2.1,6.2,4.1,20.6,2.1,1.0,13.8,0.12,1.48,0.33,1.16,51,32,62.7,71,28,39.4,204,69,33.8,0,0,0,55,0,0,0,0,0,0,0,0,0,0,0,0,0
NAGOYA DIAMOND DOLPHINS,21,Makoto Kamata,,19,0.9,17.2,8,0.4,2,5,40.0,1,2,50.0,3,4,75.0,0,2,2,4,4,0,1,2,50.0,59.2,19.7,103.1,0.6,0.1,0.0,12.9,6.4,35.9,12.2,0.0,12.9,0.8,1.47,-1.45,2.92,0,0,0,3,1,33.3,2,1,50,0,0,0,1,0,0,0,0,0,0,0,0,0,0,0,0,0
HIROSHIMA DRAGONFLIES,00,Hamiltongary Kotera,,11,9.2,100.7,6,0.5,3,6,50.0,0,0,0,0,0,0,5,15,20,22,4,6,10,15,50.0,50.0,7.3,37.5,0.7,0.0,6.3,16.7,11.9,29.5,2.1,6.0,62.5,0.0,1.44,0.24,1.19,0,0,0,6,3,50,0,0,0,0,0,0,9,0,0,0,0,0,0,0,0,0,0,0,0,0
GUNMA CRANE THUNDERS,14,Makoto Sato,,52,1.0,52.1,6,0.1,3,15,20.0,0,11,0.0,0,0,0,0,1,1,2,3,0,4,5,20.0,20.0,18.2,31.6,0.2,0.3,0.0,2.5,1.3,5.7,3.4,0.0,21.1,0.0,1.4,0.25,1.15,1,1,100,3,2,66.7,11,0,0,0,0,0,4,0,0,0,0,0,0,0,0,0,0,0,0,0
SHIMANE SUSANOO MAGIC,5,Shota Arai,,21,18.2,382.1,137,6.5,50,120,41.7,20,58,34.5,17,18,94.4,3,22,25,58,13,0,28,33,50.0,53.5,20.2,87.9,8.9,3.8,1.0,7.1,4.1,27.2,1.9,0.0,18.0,0.15,1.38,-0.31,1.69,18,14,77.8,44,16,36.4,58,20,34.5,0,0,0,27,0,0,0,0,0,0,0,0,0,0,0,0,0
NAGOYA DIAMOND DOLPHINS,23,Jake koki Holtz,,53,3.2,167.4,62,1.2,27,62,43.5,3,14,21.4,5,11,45.5,20,12,32,13,10,4,12,28,46.0,46.4,20.8,78.6,1.5,0.3,12.8,8.4,10.7,13.3,3.2,2.5,15.2,0.18,1.38,-1.45,2.84,3,2,66.7,45,22,48.9,14,3,21.4,0,0,0,9,0,0,0,0,0,0,0,0,0,0,0,0,0
ALTIRI CHIBA,1,Marial Shayok,,20,14.2,284.1,166,8.3,59,131,45.0,26,60,43.3,22,28,78.6,13,31,44,31,13,2,24,27,55.0,57.9,27.0,99.2,11.3,4.1,5.4,12.8,9.1,21.4,2.5,0.7,14.3,0.21,1.3,0.8,0.49,13,10,76.9,58,23,39.7,60,26,43.3,0,0,0,21,0,0,0,0,0,0,0,0,0,0,0,0,0
ALTIRI CHIBA,11,Kei Sugimoto,,60,23.7,1422.5,369,6.2,142,329,43.2,45,130,34.6,40,55,72.7,40,108,148,243,52,5,121,144,50.0,52.2,15.5,77.8,8.3,2.9,3.5,8.8,6.2,26.7,2.0,0.4,25.5,0.17,1.29,-0.3,1.59,56,34,60.7,143,63,44.1,130,45,34.6,0,0,0,115,0,0,0,0,0,0,0,0,0,0,0,0,0
B.WHITE,5,Riku Segawa,,1,9.4,9.4,3,3.0,1,3,33.3,1,2,50.0,0,0,0,0,2,2,0,0,0,0,1,50.0,50.0,11.0,100.0,3.1,2.0,0.0,18.1,9.3,0.0,0.0,0.0,0.0,0.0,1.28,5.09,-3.81,1,0,0,0,0,0,2,1,50,0,0,0,0,0,0,0,0,0,0,0,0,0,0,0,0,0
NAGOYA DIAMOND DOLPHINS,8,Tenketsu Harimoto,,64,8.1,520.2,121,1.9,33,103,32.0,21,64,32.8,34,43,79.1,22,49,71,17,6,8,27,66,42.2,49.6,12.6,81.3,2.5,1.3,4.5,11.0,7.6,4.8,0.6,1.6,18.1,0.42,1.28,-1.57,2.84,10,5,50,29,7,24.1,64,21,32.8,0,0,0,23,0,0,0,0,0,0,0,0,0,0,0,0,0
B.LEAGUE U18 HELIOS,5,Yuma Kajiwara,,1,30.9,30.9,13,13.0,4,11,36.4,2,8,25.0,3,4,75.0,2,1,3,1,1,0,1,2,45.5,50.9,19.8,94.5,17.0,10.5,5.9,3.3,4.7,6.5,1.7,0.0,7.3,0.36,1.24,0.18,1.05,2,2,100,1,0,0,8,2,25,0,0,0,1,0,0,0,0,0,0,0,0,0,0,0,0,0
RYUKYU GOLDEN KINGS,47,Shogo Taira,,48,2.7,129.0,29,0.6,11,34,32.4,6,21,28.6,1,2,50.0,3,3,6,14,7,1,11,35,41.2,41.6,16.9,63.2,0.9,0.6,2.9,2.8,2.9,17.1,3.1,0.9,24.0,0.06,1.2,-0.1,1.3,5,2,40,8,3,37.5,21,6,28.6,0,0,0,10,0,0,0,0,0,0,0,0,0,0,0,0,0
HIROSHIMA DRAGONFLIES,21,Ryu Watanabe,,12,13.3,160.0,58,4.8,20,49,40.8,13,35,37.1,5,5,100.0,4,3,7,11,4,0,8,15,54.1,56.6,17.4,98.0,6.6,4.0,2.9,2.3,2.6,11.8,1.4,0.0,13.5,0.1,1.2,1.26,-0.07,7,3,42.9,7,4,57.1,35,13,37.1,0,0,0,8,0,0,0,0,0,0,0,0,0,0,0,0,0
LEVANGA HOKKAIDO,12,Shuto Ichiba,,60,15.6,938.9,382,6.4,117,292,40.1,55,138,39.9,93,127,73.2,36,62,98,106,20,7,60,160,49.5,54.9,20.1,93.7,8.5,3.1,4.7,8.1,6.4,16.3,1.1,0.8,14.7,0.43,1.19,1.51,-0.31,27,18,66.7,127,44,34.6,138,55,39.9,0,0,0,54,0,0,0,0,0,0,0,0,0,0,0,0,0
FIGHTING EAGLES NAGOYA,3,Narito Namizato,,58,20.5,1189.4,434,7.5,166,451,36.8,39,158,24.7,63,78,80.8,22,91,113,275,35,3,111,106,41.1,44.7,23.1,72.8,9.9,3.6,2.2,9.0,5.6,39.4,1.6,0.3,18.6,0.17,1.17,-0.4,1.57,81,45,55.6,212,82,38.7,158,39,24.7,0,0,0,102,0,0,0,0,0,0,0,0,0,0,0,0,0
RYUKYU GOLDEN KINGS,77,Ryunosuke Satori,,22,0.2,4.5,2,0.1,1,4,25.0,0,1,0.0,0,0,0,1,2,3,0,1,0,1,1,25.0,25.0,53.7,40.0,0.1,0.1,28.3,54.3,41.5,0.0,12.7,0.0,20.0,0.0,1.15,0.09,1.06,0,0,0,3,1,33.3,1,0,0,0,0,0,1,0,0,0,0,0,0,0,0,0,0,0,0,0
HIROSHIMA DRAGONFLIES,0,Ryo Terashima,,26,18.9,490.4,157,6.0,52,150,34.7,13,63,20.6,40,51,78.4,17,36,53,66,22,1,36,69,39.0,45.5,19.4,75.3,8.1,3.3,4.2,8.7,6.5,20.6,2.4,0.2,17.3,0.34,1.15,0.21,0.94,27,16,59.3,60,23,38.3,63,13,20.6,0,0,0,36,0,0,0,0,0,0,0,0,0,0,0,0,0
RYUKYU GOLDEN KINGS,2,Koya Kobari,,57,3.2,184.5,49,0.9,17,48,35.4,9,28,32.1,6,8,75.0,4,9,13,15,2,0,16,33,44.8,47.6,17.4,72.6,1.2,0.7,2.7,5.8,4.3,12.7,0.6,0.0,23.7,0.17,1.12,0.0,1.12,5,4,80,15,4,26.7,28,9,32.1,0,0,0,16,0,0,0,0,0,0,0,0,0,0,0,0,0
OSAKA EVESSA,4,Yasunori Aoki,,49,16.6,814.1,234,4.8,83,208,39.9,32,89,36.0,36,41,87.8,14,36,50,124,30,0,51,110,47.6,51.8,15.8,84.5,6.5,2.5,2.1,5.5,3.7,24.1,2.0,0.0,18.4,0.2,1.1,-0.3,1.39,36,19,52.8,83,32,38.6,89,32,36,0,0,0,47,0,0,0,0,0,0,0,0,0,0,0,0,0
ALVARK TOKYO,10,Zack Baranski,,62,17.1,1060.1,290,4.7,107,294,36.4,54,195,27.7,22,31,71.0,28,110,138,77,44,8,41,139,45.6,47.1,16.1,83.2,6.4,4.3,3.4,12.4,8.1,11.6,2.3,0.8,11.8,0.11,1.1,-0.88,1.98,35,19,54.3,64,34,53.1,195,54,27.7,0,0,0,36,0,0,0,0,0,0,0,0,0,0,0,0,0
UTSUNOMIYA BREX,10,Kosuke Takeuchi,,59,11.5,678.8,127,2.2,44,114,38.6,10,46,21.7,29,39,74.4,48,118,166,23,6,12,12,45,43.0,48.4,10.1,88.7,3.0,1.1,8.8,20.4,14.7,4.9,0.5,1.8,8.4,0.34,1.09,0.85,0.24,10,6,60,58,28,48.3,46,10,21.7,0,0,0,12,0,0,0,0,0,0,0,0,0,0,0,0,0
SENDAI 89ERS,11,Hirohide Araya,,58,14.3,829.5,255,4.4,98,250,39.2,38,133,28.6,21,34,61.8,35,67,102,75,28,7,59,81,46.8,48.1,18.3,78.7,6.0,3.1,5.0,9.7,7.3,14.6,1.8,1.0,18.2,0.14,1.09,-0.12,1.21,48,26,54.2,69,34,49.3,133,38,28.6,0,0,0,55,0,0,0,0,0,0,0,0,0,0,0,0,0
OSAKA EVESSA,88,Hayato Maki,,36,19.8,712.5,207,5.8,84,187,44.9,32,101,31.7,7,14,50.0,20,33,53,67,19,7,40,83,53.5,53.6,15.3,88.8,7.9,3.8,3.4,5.9,4.6,15.8,1.4,1.1,17.2,0.07,1.06,-0.07,1.14,24,14,58.3,62,38,61.3,101,32,31.7,0,0,0,40,0,0,0,0,0,0,0,0,0,0,0,0,0
AKITA NORTHERN HAPPINETS,17,Takuya Nakayama,,58,29.4,1707.2,513,8.8,169,486,34.8,90,305,29.5,85,110,77.3,85,170,255,195,70,9,95,124,44.0,48.0,17.6,81.5,12.0,7.1,5.8,12.7,9.1,20.2,2.2,0.6,15.1,0.23,1.02,-0.28,1.3,43,26,60.5,138,53,38.4,305,90,29.5,0,0,0,89,0,0,0,0,0,0,0,0,0,0,0,0,0
GUNMA CRANE THUNDERS,12,Shori Togaeri,,10,2.8,27.8,5,0.5,1,10,10.0,0,5,0.0,3,3,100.0,0,1,1,1,1,1,1,4,10.0,22.1,22.0,40.6,0.7,0.7,0.0,4.5,2.4,5.2,2.0,4.4,8.1,0.3,1.01,-0.12,1.13,0,0,0,5,1,20,5,0,0,0,0,0,1,0,0,0,0,0,0,0,0,0,0,0,0,0
NAGASAKI VELCA,10,Noriyuki Sugasawa,,2,4.5,8.9,0,0.0,0,2,0.0,0,2,0.0,0,0,0,0,1,1,0,0,0,0,0,0.0,0.0,10.5,0.0,0.0,1.3,0.0,18.7,7.9,0.0,0.0,0.0,0.0,0.0,0.98,-0.64,1.61,0,0,0,0,0,0,2,0,0,0,0,0,0,0,0,0,0,0,0,0,0,0,0,0,0,0
NAGOYA DIAMOND DOLPHINS,7,Yuto Imanishi,,64,0.6,39.5,14,0.2,5,12,41.7,2,3,66.7,2,5,40.0,4,3,7,3,5,0,7,4,50.0,49.3,23.7,66.0,0.3,0.1,10.9,8.9,9.9,12.2,6.7,0.0,33.0,0.42,0.95,-1.67,2.62,6,2,33.3,3,1,33.3,3,2,66.7,0,0,0,7,0,0,0,0,0,0,0,0,0,0,0,0,0
B.LEAGUE U18 HELIOS,4,Eita Wakano,,1,36.3,36.3,16,16.0,6,16,37.5,4,12,33.3,0,0,0,0,10,10,4,0,0,5,1,50.0,50.0,25.7,76.2,20.9,15.7,0.0,28.2,13.3,24.0,0.0,0.0,23.8,0.0,0.93,-0.71,1.64,2,1,50,2,1,50,12,4,33.3,0,0,0,5,0,0,0,0,0,0,0,0,0,0,0,0,0
RYUKYU GOLDEN KINGS,27,Kenta Whitaker,,16,0.5,8.1,0,0.0,0,3,0.0,0,1,0.0,0,0,0,0,1,1,0,0,0,1,2,0.0,0.0,23.6,0.0,0.0,0.1,0.0,15.4,7.6,0.0,0.0,0.0,25.0,0.0,0.85,-0.12,0.97,0,0,0,2,0,0,1,0,0,0,0,0,1,0,0,0,0,0,0,0,0,0,0,0,0,0
SUNROCKERS SHIBUYA,9,Leo Vendrame,,60,21.4,1286.9,490,8.2,168,490,34.3,56,210,26.7,98,123,79.7,33,60,93,181,51,1,95,129,40.0,45.0,23.9,76.7,11.5,4.9,3.0,5.9,4.4,24.9,2.2,0.1,14.9,0.25,0.84,-0.25,1.09,74,41,55.4,206,71,34.5,210,56,26.7,0,0,0,92,0,0,0,0,0,0,0,0,0,0,0,0,0
FIGHTING EAGLES NAGOYA,20,Francis Lopez,,60,18.5,1110.2,441,7.3,172,338,50.9,15,54,27.8,82,121,67.8,71,159,230,51,42,37,70,135,53.1,56.4,19.1,95.6,9.7,1.2,7.5,16.9,12.2,8.1,2.0,3.4,15.2,0.36,0.73,-0.78,1.51,97,75,77.3,187,82,43.9,54,15,27.8,0,0,0,64,0,0,0,0,0,0,0,0,0,0,0,0,0
SHIGA LAKES,16,Daichi Nomoto,,52,19.3,1004.1,378,7.3,137,339,40.4,35,149,23.5,69,93,74.2,24,53,77,167,51,8,93,119,45.6,49.7,21.5,79.9,9.5,3.7,2.8,6.3,4.5,28.3,2.7,0.8,19.7,0.27,0.73,-0.79,1.51,112,72,64.3,78,30,38.5,149,35,23.5,0,0,0,87,0,0,0,0,0,0,0,0,0,0,0,0,0
B.BLACK,9,Naoto Tsuji,,1,14.8,14.8,9,9.0,3,6,50.0,3,6,50.0,0,0,0,0,2,2,2,0,0,1,1,75.0,75.0,17.9,128.6,9.3,6.2,0.0,12.0,5.9,13.3,0.0,0.0,14.3,0.0,0.72,6.06,-5.34,0,0,0,0,0,0,6,3,50,0,0,0,1,0,0,0,0,0,0,0,0,0,0,0,0,0
KOSHIGAYA ALPHAS,1,Jarell Martin,,40,22.9,914.6,434,10.8,165,383,43.1,34,106,32.1,70,103,68.0,58,176,234,74,23,13,64,98,47.5,50.7,26.8,88.2,14.9,3.6,7.8,24.3,15.9,16.7,1.4,1.5,13.0,0.27,0.71,-0.94,1.65,29,17,58.6,248,114,46,106,34,32.1,0,0,0,55,0,0,0,0,0,0,0,0,0,0,0,0,0
ALVARK TOKYO,5,Hiromu Nakamura,,41,13.6,555.9,152,3.7,52,127,40.9,19,57,33.3,29,38,76.3,13,19,32,61,23,1,38,78,48.4,52.9,16.2,83.6,5.1,1.9,3.1,4.1,3.6,17.5,2.3,0.2,20.9,0.3,0.68,-1.08,1.76,28,14,50,42,19,45.2,57,19,33.3,0,0,0,34,0,0,0,0,0,0,0,0,0,0,0,0,0
TOYAMA GROUSES,3,Yuzo Okada,,58,24.4,1413.1,370,6.4,129,362,35.6,55,195,28.2,57,87,65.5,38,99,137,231,56,5,94,180,43.2,46.2,15.5,74.9,8.2,4.3,3.1,8.1,5.6,25.1,2.0,0.4,19.0,0.24,0.66,-0.75,1.42,82,46,56.1,85,28,32.9,195,55,28.2,0,0,0,88,0,0,0,0,0,0,0,0,0,0,0,0,0
HIROSHIMA DRAGONFLIES,10,Toshiki Kamisawa,,59,10.6,624.7,177,3.0,57,143,39.9,47,120,39.2,16,20,80.0,16,35,51,73,12,0,36,106,56.3,58.3,13.9,94.2,4.0,2.7,3.1,6.6,4.8,17.7,1.0,0.0,19.2,0.14,0.66,0.51,0.15,6,4,66.7,17,6,35.3,120,47,39.2,0,0,0,35,0,0,0,0,0,0,0,0,0,0,0,0,0
KOSHIGAYA ALPHAS,20,Jordan Ngatai,,19,23.4,444.1,123,6.5,46,109,42.2,17,49,34.7,14,18,77.8,17,34,51,57,13,7,33,49,50.0,52.6,16.6,82.0,8.6,3.4,5.0,9.8,7.4,21.5,1.6,1.8,22.0,0.17,0.6,-1.5,2.1,16,8,50,44,21,47.7,49,17,34.7,0,0,0,29,0,0,0,0,0,0,0,0,0,0,0,0,0
KYOTO HANNARYZ,13,Satoru Maeta,,52,24.9,1296.1,458,8.8,162,424,38.2,79,243,32.5,55,76,72.4,26,74,100,85,56,3,60,114,47.5,50.1,19.1,88.5,12.2,6.5,2.4,7.3,4.8,12.1,2.4,0.3,11.6,0.18,0.55,-0.59,1.14,35,19,54.3,146,64,43.8,243,79,32.5,0,0,0,57,0,0,0,0,0,0,0,0,0,0,0,0,0
KAWASAKI BRAVE THUNDERS,7,Ryusei Shinoyama,,60,19.0,1142.5,374,6.2,132,314,42.0,66,181,36.5,44,55,80.0,14,61,75,262,42,1,131,157,52.5,55.3,19.8,79.7,8.5,4.1,1.4,6.8,4.0,39.2,2.0,0.1,27.9,0.18,0.54,-0.85,1.38,32,19,59.4,101,47,46.5,181,66,36.5,0,0,0,128,0,0,0,0,0,0,0,0,0,0,0,0,0
LEVANGA HOKKAIDO,6,Hiroto Kikuchi,,60,10.8,650.7,246,4.1,75,190,39.5,48,130,36.9,48,58,82.8,9,21,30,50,17,2,20,122,52.1,57.1,16.7,104.4,5.5,2.9,1.7,4.0,2.8,10.9,1.4,0.3,8.5,0.31,0.51,1.13,-0.62,12,8,66.7,48,19,39.6,130,48,36.9,0,0,0,18,0,0,0,0,0,0,0,0,0,0,0,0,0
IBARAKI ROBOTS,13,Kohei Nakamura,,42,21.1,886.2,297,7.1,102,287,35.5,69,208,33.2,24,31,77.4,14,44,58,95,24,0,32,100,47.6,49.4,18.5,89.3,9.7,6.8,2.0,5.9,4.0,18.6,1.5,0.0,9.6,0.11,0.49,-0.6,1.09,30,17,56.7,49,16,32.7,208,69,33.2,0,0,0,29,0,0,0,0,0,0,0,0,0,0,0,0,0
LEVANGA HOKKAIDO,1,Kohei Sekino,,60,12.8,768.7,143,2.4,46,133,34.6,32,93,34.4,19,26,73.1,9,49,58,63,22,2,27,66,46.6,49.5,10.3,83.4,3.2,2.1,1.4,7.8,4.7,10.8,1.5,0.3,15.7,0.2,0.44,0.96,-0.52,16,9,56.2,24,5,20.8,93,32,34.4,0,0,0,25,0,0,0,0,0,0,0,0,0,0,0,0,0
SAN-EN NEOPHOENIX,11,Hideya Asai,,38,9.5,360.7,83,2.2,30,66,45.5,23,54,42.6,0,0,0,4,27,31,17,9,5,8,63,62.9,62.9,9.6,112.2,2.9,1.9,1.4,10.0,5.7,6.7,1.3,1.5,10.8,0.0,0.43,-0.17,0.6,3,1,33.3,9,6,66.7,54,23,42.6,0,0,0,7,0,0,0,0,0,0,0,0,0,0,0,0,0
KYOTO HANNARYZ,51,Takatoshi Furukawa,,53,20.4,1079.5,460,8.7,164,368,44.6,75,191,39.3,57,75,76.0,19,57,76,69,18,1,57,61,54.8,57.4,20.4,100.4,12.1,5.0,2.2,6.8,4.4,12.1,0.9,0.1,12.4,0.2,0.43,0.12,0.31,27,18,66.7,150,71,47.3,191,75,39.3,0,0,0,56,0,0,0,0,0,0,0,0,0,0,0,0,0
YOKOHAMA B-CORSAIRS,30,Koya Sudo,,56,20.0,1122.3,321,5.7,110,242,45.5,55,138,39.9,46,57,80.7,37,40,77,73,28,5,34,137,56.8,60.1,13.2,106.6,7.9,3.4,4.2,4.5,4.4,10.4,1.4,0.5,11.3,0.24,0.41,-0.09,0.5,25,17,68,79,38,48.1,138,55,39.9,0,0,0,29,0,0,0,0,0,0,0,0,0,0,0,0,0
SEAHORSES MIKAWA,9,Toshiya Taira,,44,0.5,24.0,12,0.3,5,10,50.0,1,3,33.3,1,1,100.0,1,0,1,2,1,0,5,7,55.0,57.5,31.5,77.7,0.4,0.1,5.4,0.0,2.6,15.6,2.3,0.0,32.4,0.1,0.39,0.22,0.17,2,1,50,5,3,60,3,1,33.3,0,0,0,5,0,0,0,0,0,0,0,0,0,0,0,0,0
CHIBA JETS,9,Hikaru Futagami,,33,2.4,80.0,16,0.5,6,17,35.3,0,4,0.0,4,5,80.0,2,6,8,6,1,2,3,8,35.3,41.7,13.1,72.1,0.7,0.2,3.1,8.8,6.0,11.0,0.7,2.7,13.5,0.29,0.39,-0.63,1.02,4,2,50,9,4,44.4,4,0,0,0,0,0,3,0,0,0,0,0,0,0,0,0,0,0,0,0
CHIBA JETS,25,Gaku Arao,,59,2.1,126.2,4,0.1,2,6,33.3,0,0,0,0,2,0.0,4,11,15,10,2,1,1,22,33.3,29.1,3.0,50.8,0.1,0.0,3.9,9.6,7.0,10.6,0.9,0.8,12.7,0.33,0.37,-0.69,1.06,0,0,0,6,2,33.3,0,0,0,0,0,0,1,0,0,0,0,0,0,0,0,0,0,0,0,0
CHIBA JETS,13,Kotaro Fukami,,11,0.7,7.9,4,0.4,1,3,33.3,1,2,50.0,1,2,50.0,1,0,1,0,1,0,1,2,50.0,51.5,29.7,82.0,0.5,0.3,15.1,0.0,7.2,0.0,7.1,0.0,20.5,0.67,0.37,-0.59,0.96,0,0,0,1,0,0,2,1,50,0,0,0,1,0,0,0,0,0,0,0,0,0,0,0,0,0
ALVARK TOKYO,2,Sota Okura,,55,14.5,799.4,224,4.1,75,190,39.5,43,115,37.4,31,40,77.5,12,44,56,102,13,1,66,121,50.8,53.9,16.8,81.9,5.6,2.9,2.0,6.6,4.4,20.5,0.9,0.1,24.1,0.21,0.36,-1.14,1.5,18,10,55.6,57,22,38.6,115,43,37.4,0,0,0,52,0,0,0,0,0,0,0,0,0,0,0,0,0
B.BLACK,33,Gavin Edwards,,1,13.9,13.9,6,6.0,3,3,100.0,0,0,0,0,0,0,0,4,4,1,0,0,0,0,100.0,100.0,8.2,200.0,6.2,0.0,0.0,25.6,12.5,7.1,0.0,0.0,0.0,0.0,0.36,5.07,-4.71,1,1,100,2,2,100,0,0,0,0,0,0,0,0,0,0,0,0,0,0,0,0,0,0,0,0
CHIBA JETS,11,Fumio Nishimura,,62,1.8,114.5,39,0.6,14,49,28.6,9,39,23.1,2,3,66.7,3,5,8,13,3,0,5,19,37.8,38.8,22.9,70.5,0.9,0.9,3.2,4.8,4.1,18.0,1.4,0.0,9.0,0.06,0.32,-0.61,0.93,1,1,100,9,4,44.4,39,9,23.1,0,0,0,5,0,0,0,0,0,0,0,0,0,0,0,0,0
CHIBA JETS,44,Daniel Kato,,13,1.2,16.0,6,0.5,2,4,50.0,1,2,50.0,1,2,50.0,0,1,1,0,0,1,0,7,62.5,61.5,14.7,123.0,0.6,0.2,0.0,6.5,3.6,0.0,0.0,6.2,0.0,0.5,0.31,-0.71,1.02,0,0,0,2,1,50,2,1,50,0,0,0,0,0,0,0,0,0,0,0,0,0,0,0,0,0
UTSUNOMIYA BREX,17,Kaisei Hoshikawa,,30,7.5,224.1,92,3.1,32,79,40.5,15,37,40.5,13,17,76.5,10,9,19,9,2,2,10,33,50.0,53.2,20.5,95.4,4.2,1.7,5.4,4.8,5.1,6.4,0.5,0.9,10.4,0.22,0.3,0.56,-0.26,15,8,53.3,27,9,33.3,37,15,40.5,0,0,0,7,0,0,0,0,0,0,0,0,0,0,0,0,0
TOYAMA GROUSES,6,Nyika Williams,,59,21.9,1291.8,518,8.8,220,391,56.3,0,1,0.0,78,149,52.3,185,174,359,34,37,27,82,185,56.3,56.7,18.6,96.2,11.3,0.0,16.7,15.5,16.1,4.6,1.5,2.4,15.2,0.38,0.28,-0.1,0.37,66,54,81.8,324,166,51.2,1,0,0,0,0,0,61,0,0,0,0,0,0,0,0,0,0,0,0,0
SENDAI 89ERS,14,Yusei Sugiura,,58,14.1,818.1,206,3.6,67,214,31.3,52,175,29.7,20,27,74.1,27,41,68,21,18,5,19,90,43.5,45.6,14.1,84.1,4.8,4.1,3.9,6.0,5.0,3.9,1.2,0.7,7.8,0.13,0.25,-0.4,0.65,12,5,41.7,27,10,37,175,52,29.7,0,0,0,17,0,0,0,0,0,0,0,0,0,0,0,0,0
ALVARK TOKYO,33,Ira Brown,,5,13.4,66.8,5,1.0,2,7,28.6,1,4,25.0,0,1,0.0,2,7,9,5,1,4,3,9,35.7,33.6,7.8,47.9,1.4,1.1,3.5,12.8,8.1,12.7,0.8,7.1,28.7,0.14,0.21,-1.72,1.92,1,0,0,2,1,50,4,1,25,0,0,0,3,0,0,0,0,0,0,0,0,0,0,0,0,0
UTSUNOMIYA BREX,0,Yuta Tabuse,,20,0.9,19.0,9,0.5,4,5,80.0,1,2,50.0,0,0,0,0,1,1,0,2,0,1,2,90.0,90.0,15.5,150.0,0.6,0.1,0.0,6.1,3.2,0.0,6.0,0.0,16.7,0.0,0.2,0.34,-0.14,2,2,100,1,1,100,2,1,50,0,0,0,1,0,0,0,0,0,0,0,0,0,0,0,0,0
SAGA BALLOONERS,34,Ryota Inoue,,51,15.6,794.2,194,3.8,67,159,42.1,46,128,35.9,14,17,82.4,11,34,45,59,21,3,27,107,56.6,58.3,11.5,100.3,5.1,3.4,1.6,5.6,3.5,11.4,1.4,0.4,14.0,0.11,0.18,-0.68,0.86,10,8,80,21,13,61.9,128,46,35.9,0,0,0,24,0,0,0,0,0,0,0,0,0,0,0,0,0
SEAHORSES MIKAWA,16,Koyo Nishida,,37,3.2,116.8,13,0.4,5,19,26.3,1,8,12.5,2,3,66.7,3,3,6,12,3,0,11,18,28.9,32.0,13.2,41.5,0.5,0.3,3.4,3.1,3.3,14.4,1.4,0.0,35.1,0.16,0.18,-0.08,0.25,3,2,66.7,8,2,25,8,1,12.5,0,0,0,11,0,0,0,0,0,0,0,0,0,0,0,0,0
SEAHORSES MIKAWA,5,Sei Motozawa,,38,0.4,13.5,0,0.0,0,6,0.0,0,5,0.0,0,0,0,1,4,5,0,0,0,3,2,0.0,0.0,33.2,0.0,0.0,0.2,10.0,36.4,23.9,0.0,0.0,0.0,33.3,0.0,0.17,0.09,0.09,1,0,0,0,0,0,5,0,0,0,0,0,3,0,0,0,0,0,0,0,0,0,0,0,0,0
YOKOHAMA B-CORSAIRS,18,Kenta Morii,,56,18.2,1020.8,117,2.1,39,107,36.4,26,75,34.7,13,24,54.2,31,50,81,156,41,3,55,129,48.6,49.8,8.3,67.8,2.9,1.8,3.9,6.2,5.0,22.2,2.3,0.3,31.9,0.22,0.17,-1.08,1.25,21,10,47.6,11,3,27.3,75,26,34.7,0,0,0,53,0,0,0,0,0,0,0,0,0,0,0,0,0
UTSUNOMIYA BREX,1,Jamel Mclean,,6,13.7,82.4,27,4.5,10,32,31.2,0,5,0.0,7,13,53.8,10,14,24,4,7,1,6,11,31.2,35.8,25.6,61.8,6.3,1.2,13.7,19.9,16.8,7.8,4.7,1.2,13.7,0.41,0.15,-0.47,0.62,6,5,83.3,21,5,23.8,5,0,0,0,0,0,5,0,0,0,0,0,0,0,0,0,0,0,0,0
SENDAI 89ERS,75,Soichiro Inoue,,60,7.7,464.3,110,1.8,34,109,31.2,22,82,26.8,20,26,76.9,19,45,64,18,11,9,11,65,41.3,45.7,13.3,83.7,2.5,1.9,4.8,11.6,8.2,5.8,1.3,2.2,8.4,0.24,0.11,-0.67,0.78,0,0,0,27,12,44.4,82,22,26.8,0,0,0,8,0,0,0,0,0,0,0,0,0,0,0,0,0
OSAKA EVESSA,15,Joji Takeuchi,,60,13.5,810.0,196,3.3,65,158,41.1,9,42,21.4,57,83,68.7,57,121,178,60,16,26,46,100,44.0,50.4,13.8,81.5,4.4,0.9,8.4,18.5,13.4,11.4,1.1,3.3,19.1,0.53,0.08,-0.8,0.88,29,20,69,87,36,41.4,42,9,21.4,0,0,0,40,0,0,0,0,0,0,0,0,0,0,0,0,0
HIROSHIMA DRAGONFLIES,32,Kevin Hareyama,,54,10.7,578.2,132,2.4,42,141,29.8,35,125,28.0,13,14,92.9,30,44,74,23,13,3,9,70,42.2,44.8,12.5,84.5,3.3,3.1,6.2,9.0,7.6,5.8,1.2,0.5,5.8,0.1,0.05,0.32,-0.26,3,3,100,13,4,30.8,125,35,28,0,0,0,8,0,0,0,0,0,0,0,0,0,0,0,0,0
KYOTO HANNARYZ,12,Asato Ogawa,,60,22.0,1319.5,531,8.8,192,556,34.5,90,288,31.2,57,74,77.0,20,85,105,208,54,7,135,111,42.6,45.1,26.3,73.4,12.3,6.7,1.8,8.4,5.0,29.8,2.3,0.6,18.7,0.13,0.04,-1.02,1.06,67,37,55.2,201,65,32.3,288,90,31.2,0,0,0,133,0,0,0,0,0,0,0,0,0,0,0,0,0
SHIGA LAKES,6,Taiki Okada,,59,14.2,835.7,357,6.1,125,317,39.4,77,227,33.9,30,38,78.9,25,52,77,64,27,3,31,86,51.6,53.5,20.0,97.9,7.9,5.0,3.5,7.5,5.5,13.2,1.7,0.4,8.5,0.12,0.04,-0.26,0.3,30,24,80,60,24,40,227,77,33.9,0,0,0,26,0,0,0,0,0,0,0,0,0,0,0,0,0
KYOTO HANNARYZ,11,Chehales Tapscott,,25,18.1,452.7,132,5.3,54,141,38.3,16,40,40.0,8,18,44.4,29,50,79,70,19,6,40,38,44.0,44.3,20.1,69.9,7.4,2.3,7.2,14.8,10.7,30.3,2.4,1.5,21.2,0.13,0.03,-1.2,1.22,19,10,52.6,82,28,34.1,40,16,40,0,0,0,31,0,0,0,0,0,0,0,0,0,0,0,0,0
NAGOYA DIAMOND DOLPHINS,17,Eita Wakano,,19,0,0.0,0,0,0,0,0,0,0,0,0,0,0,0,0,0,0,0,0,0,0,0,0,0,0,0,0,0,0,0,0,0,0,0,0,0,0,0,0,0,0,0,0,0,0,0,0,0,0,0,0,0,0,0,0,0,0,0,0,0,0,0,0,0
NAGOYA DIAMOND DOLPHINS,27,Yuito Haruta,,14,0,0.0,0,0,0,0,0,0,0,0,0,0,0,0,0,0,0,0,0,0,0,0,0,0,0,0,0,0,0,0,0,0,0,0,0,0,0,0,0,0,0,0,0,0,0,0,0,0,0,0,0,0,0,0,0,0,0,0,0,0,0,0,0,0
SAGA BALLOONERS,6,Kenta Fukunaga,,8,0,0.0,0,0,0,0,0,0,0,0,0,0,0,0,0,0,0,0,0,0,0,0,0,0,0,0,0,0,0,0,0,0,0,0,0,0,0,0,0,0,0,0,0,0,0,0,0,0,0,0,0,0,0,0,0,0,0,0,0,0,0,0,0,0
SAGA BALLOONERS,17,Sorata Oishi,,8,0,0.0,0,0,0,0,0,0,0,0,0,0,0,0,0,0,0,0,0,0,0,0,0,0,0,0,0,0,0,0,0,0,0,0,0,0,0,0,0,0,0,0,0,0,0,0,0,0,0,0,0,0,0,0,0,0,0,0,0,0,0,0,0,0
B.LEAGUE U18 JADE,7,Syunsuke Miyazato,,1,0,0.0,0,0,0,0,0,0,0,0,0,0,0,0,0,0,0,0,0,0,0,0,0,0,0,0,0,0,0,0,0,0,0,0,0,0,0,0,0,0,0,0,0,0,0,0,0,0,0,0,0,0,0,0,0,0,0,0,0,0,0,0,0,0
ALVARK TOKYO,25,Kohei Fukuzawa,,56,9.9,555.1,182,3.2,64,160,40.0,44,114,38.6,10,14,71.4,2,29,31,41,15,3,35,96,53.8,54.8,17.7,90.5,4.4,2.8,0.5,6.2,3.4,12.2,1.5,0.5,17.4,0.09,-0.03,-1.24,1.22,5,4,80,41,16,39,114,44,38.6,0,0,0,35,0,0,0,0,0,0,0,0,0,0,0,0,0
UTSUNOMIYA BREX,13,Hironori Watanabe,,62,2.4,148.0,46,0.7,14,43,32.6,10,33,30.3,8,8,100.0,3,3,6,12,0,0,6,17,44.2,49.4,17.1,87.6,1.0,0.7,2.5,2.4,2.5,12.2,0.0,0.0,11.4,0.19,-0.03,0.29,-0.32,2,2,100,8,2,25,33,10,30.3,0,0,0,6,0,0,0,0,0,0,0,0,0,0,0,0,0
B.LEAGUE U18 JADE,13,Keita Nakagawa,,1,7.8,7.8,0,0.0,0,4,0.0,0,3,0.0,0,0,0,0,2,2,0,2,0,2,0,0.0,0.0,34.7,0.0,0.0,3.9,0.0,23.5,12.4,0.0,13.5,0.0,33.3,0.0,-0.03,-5.2,5.17,0,0,0,1,0,0,3,0,0,0,0,0,2,0,0,0,0,0,0,0,0,0,0,0,0,0
ALTIRI CHIBA,33,Luke Evans,,58,21.5,1246.6,485,8.4,187,450,41.6,56,177,31.6,55,122,45.1,72,208,280,97,32,22,79,142,47.8,48.1,21.7,83.2,11.3,4.1,7.0,19.3,13.3,13.3,1.4,1.9,13.6,0.27,-0.04,-0.53,0.48,46,33,71.7,227,98,43.2,177,56,31.6,0,0,0,70,0,0,0,0,0,0,0,0,0,0,0,0,0
FIGHTING EAGLES NAGOYA,10,Tensho Sugimoto,,57,16.3,926.7,338,5.9,125,319,39.2,58,185,31.4,30,44,68.2,47,70,117,39,26,3,18,61,48.3,49.9,17.7,94.8,7.8,4.3,5.9,8.9,7.4,7.2,1.5,0.3,5.1,0.14,-0.05,-0.3,0.25,13,8,61.5,121,59,48.8,185,58,31.4,0,0,0,18,0,0,0,0,0,0,0,0,0,0,0,0,0
B.BLACK,7,Ryusei Shinoyama,,1,15.3,15.3,9,9.0,4,10,40.0,1,5,20.0,0,0,0,2,1,3,3,2,0,1,2,45.0,45.0,27.1,81.8,9.3,5.2,11.1,5.8,8.5,20.3,5.3,0.0,9.1,0.0,-0.06,4.46,-4.52,4,2,50,1,1,100,5,1,20,0,0,0,1,0,0,0,0,0,0,0,0,0,0,0,0,0
FIGHTING EAGLES NAGOYA,6,Tyrell Taku Sudo,,45,16.2,730.5,283,6.3,109,241,45.2,36,109,33.0,29,38,76.3,38,43,81,53,30,5,48,90,52.7,54.9,19.2,92.6,8.3,3.2,6.1,6.9,6.5,12.5,2.2,0.7,15.7,0.16,-0.08,-0.88,0.8,53,32,60.4,79,41,51.9,109,36,33,0,0,0,47,0,0,0,0,0,0,0,0,0,0,0,0,0
SAGA BALLOONERS,18,Sori Uchio,,57,18.1,1032.0,214,3.8,77,200,38.5,34,106,32.1,26,40,65.0,37,47,84,83,34,6,37,151,47.0,49.2,11.7,84.1,5.1,2.5,4.3,5.8,5.0,12.2,1.8,0.7,14.5,0.2,-0.09,-1.13,1.05,40,21,52.5,54,22,40.7,106,34,32.1,0,0,0,32,0,0,0,0,0,0,0,0,0,0,0,0,0
SAN-EN NEOPHOENIX,15,Tshilidzi Kawata,,46,14.1,650.0,152,3.3,55,116,47.4,0,0,0,42,69,60.9,51,78,129,19,15,20,42,103,47.4,51.9,13.4,80.7,4.4,0.0,9.7,15.4,12.5,4.4,1.2,3.3,22.3,0.59,-0.1,-0.77,0.67,15,14,93.3,101,41,40.6,0,0,0,0,0,0,24,0,0,0,0,0,0,0,0,0,0,0,0,0
UTSUNOMIYA BREX,11,Blake Aoki,,50,1.0,48.5,15,0.3,7,8,87.5,0,1,0.0,1,2,50.0,3,8,11,0,0,1,6,5,87.5,84.5,14.8,100.8,0.4,0.0,7.7,19.3,13.6,0.0,0.0,2.1,40.3,0.25,-0.1,0.18,-0.28,0,0,0,7,7,100,1,0,0,0,0,0,5,0,0,0,0,0,0,0,0,0,0,0,0,0
FIGHTING EAGLES NAGOYA,21,Takaya Sasayama,,43,16.1,694.2,244,5.7,89,260,34.2,52,173,30.1,14,25,56.0,18,35,53,117,25,2,54,85,44.2,45.0,21.4,75.1,7.5,5.3,3.0,6.0,4.4,28.5,1.9,0.3,16.6,0.1,-0.17,-0.99,0.82,10,6,60,77,31,40.3,173,52,30.1,0,0,0,52,0,0,0,0,0,0,0,0,0,0,0,0,0
IBARAKI ROBOTS,1,Genki Kojima,,30,12.4,372.0,121,4.0,39,98,39.8,16,48,33.3,27,30,90.0,11,16,27,68,4,0,24,22,48.0,54.4,17.9,89.5,5.6,2.2,3.7,5.1,4.4,30.8,0.6,0.0,17.8,0.31,-0.17,-0.86,0.69,7,4,57.1,43,19,44.2,48,16,33.3,0,0,0,24,0,0,0,0,0,0,0,0,0,0,0,0,0
ALVARK TOKYO,44,FRANK KAMINSKY,,3,18.2,54.7,21,7.0,7,21,33.3,6,13,46.2,1,2,50.0,2,8,10,2,0,0,4,4,47.6,48.0,22.4,81.1,9.6,5.9,4.2,21.7,11.8,7.2,0.0,0.0,15.5,0.1,-0.18,-0.42,0.24,0,0,0,8,1,12.5,13,6,46.2,0,0,0,4,0,0,0,0,0,0,0,0,0,0,0,0,0
B.WHITE,19,Yudai Nishida,,1,12.8,12.8,2,2.0,1,8,12.5,0,5,0.0,0,0,0,3,0,3,4,0,0,0,1,12.5,12.5,21.6,25.0,2.0,5.1,20.8,0.0,10.2,25.0,0.0,0.0,0.0,0.0,-0.19,4.78,-4.97,0,0,0,3,1,33.3,5,0,0,0,0,0,0,0,0,0,0,0,0,0,0,0,0,0,0,0
SAN-EN NEOPHOENIX,22,Jordan Dallas,,8,11.3,90.2,12,1.5,3,14,21.4,2,9,22.2,4,4,100.0,5,15,20,3,0,3,2,9,28.6,38.1,9.2,67.6,2.0,1.5,6.6,20.9,13.6,5.2,0.0,3.9,11.3,0.29,-0.19,-0.46,0.27,0,0,0,5,1,20,9,2,22.2,0,0,0,2,0,0,0,0,0,0,0,0,0,0,0,0,0
ALTIRI CHIBA,15,Olufemi Olujobi,,12,16.7,199.9,113,9.4,41,85,48.2,7,24,29.2,24,27,88.9,12,30,42,10,3,2,18,19,52.4,58.3,26.9,98.4,12.7,2.7,7.5,17.7,12.7,9.6,0.8,1.0,15.7,0.32,-0.2,-0.08,-0.12,5,5,100,56,29,51.8,24,7,29.2,0,0,0,15,0,0,0,0,0,0,0,0,0,0,0,0,0
SHIMANE SUSANOO MAGIC,22,Fumiya Iio,,56,22.1,1235.3,401,7.2,161,402,40.0,67,202,33.2,12,21,57.1,29,76,105,108,30,8,78,141,48.4,48.8,19.1,82.0,9.7,4.9,2.9,7.4,5.2,14.6,1.3,0.7,15.9,0.05,-0.22,-1.29,1.07,77,50,64.9,123,44,35.8,202,67,33.2,0,0,0,77,0,0,0,0,0,0,0,0,0,0,0,0,0
ALVARK TOKYO,35,Michael Ou,,10,4.5,45.1,13,1.3,6,10,60.0,0,0,0,1,2,50.0,2,7,9,0,0,1,0,3,60.0,59.7,11.9,119.5,1.7,0.0,6.1,18.7,12.8,0.0,0.0,2.4,0.0,0.2,-0.25,-1.09,0.83,1,1,100,9,5,55.6,0,0,0,0,0,0,0,0,0,0,0,0,0,0,0,0,0,0,0,0
HIROSHIMA DRAGONFLIES,4,Kaine Roberts,,57,8.2,470.0,149,2.6,55,140,39.3,26,81,32.1,13,23,56.5,11,27,38,23,15,4,24,70,48.6,49.6,17.0,85.6,3.5,1.9,2.8,6.8,4.8,7.6,1.7,0.9,13.8,0.16,-0.28,-0.06,-0.21,33,21,63.6,26,8,30.8,81,26,32.1,0,0,0,23,0,0,0,0,0,0,0,0,0,0,0,0,0
ALVARK TOKYO,4,Jeffrey Parmer,,5,1.3,6.7,5,1.0,2,4,50.0,1,3,33.3,0,0,0,0,2,2,0,0,0,0,0,62.5,62.5,30.5,125.0,1.4,0.8,0.0,33.7,17.5,0.0,0.0,0.0,0.0,0.0,-0.33,-1.02,0.69,0,0,0,1,1,100,3,1,33.3,0,0,0,0,0,0,0,0,0,0,0,0,0,0,0,0,0
ALVARK TOKYO,00,Steve Zack,,7,14.0,97.7,17,2.4,6,15,40.0,0,0,0,5,16,31.2,6,8,14,11,5,0,5,23,40.0,38.6,13.7,62.9,3.3,0.0,7.5,9.8,8.7,19.0,2.8,0.0,18.5,1.07,-0.37,-2.35,1.98,4,3,75,11,3,27.3,0,0,0,0,0,0,2,0,0,0,0,0,0,0,0,0,0,0,0,0
HIROSHIMA DRAGONFLIES,30,Ryo Yamazaki,,60,15.3,919.6,203,3.4,64,192,33.3,55,161,34.2,20,25,80.0,28,31,59,35,6,2,21,143,47.7,50.0,11.2,90.6,4.5,3.6,3.6,3.9,3.8,5.6,0.4,0.2,9.4,0.13,-0.38,-0.01,-0.37,8,3,37.5,23,6,26.1,161,55,34.2,0,0,0,20,0,0,0,0,0,0,0,0,0,0,0,0,0
SENDAI 89ERS,23,Ryota Hanzawa,,60,6.1,368.4,41,0.7,14,49,28.6,8,27,29.6,5,6,83.3,13,32,45,12,8,4,14,37,36.7,39.7,8.4,62.5,0.9,0.6,4.2,10.4,7.3,4.6,1.2,1.2,21.3,0.12,-0.39,-1.0,0.61,10,2,20,12,4,33.3,27,8,29.6,0,0,0,12,0,0,0,0,0,0,0,0,0,0,0,0,0
UTSUNOMIYA BREX,32,Justin Harper,,5,8.5,42.6,7,1.4,3,15,20.0,1,7,14.3,0,0,0,4,4,8,1,3,0,0,5,23.3,23.3,16.2,46.7,1.9,1.9,11.2,12.2,11.7,3.3,3.8,0.0,0.0,0.0,-0.44,-0.3,-0.13,0,0,0,8,2,25,7,1,14.3,0,0,0,0,0,0,0,0,0,0,0,0,0,0,0,0,0
AKITA NORTHERN HAPPINETS,15,Tanner Leissner,,13,23.5,305.6,116,8.9,41,88,46.6,12,31,38.7,22,30,73.3,20,28,48,16,4,0,10,18,53.4,57.3,17.4,104.3,12.1,3.2,7.3,12.0,9.4,9.9,0.7,0.0,9.0,0.34,-0.47,-0.2,-0.27,16,11,68.8,41,18,43.9,31,12,38.7,0,0,0,7,0,0,0,0,0,0,0,0,0,0,0,0,0
KAWASAKI BRAVE THUNDERS,13,Shota Tsuyama,,60,23.8,1430.9,552,9.2,194,553,35.1,117,361,32.4,47,64,73.4,17,38,55,103,40,1,66,78,45.7,47.5,21.8,85.3,12.6,8.2,1.4,3.4,2.4,12.7,1.5,0.1,10.2,0.12,-0.51,-0.12,-0.38,35,20,57.1,157,57,36.3,361,117,32.4,0,0,0,65,0,0,0,0,0,0,0,0,0,0,0,0,0
TOYAMA GROUSES,11,Naoki Uto,,59,19.3,1136.4,381,6.5,148,340,43.5,3,22,13.6,82,121,67.8,52,87,139,194,34,1,107,121,44.0,48.4,19.6,76.2,8.3,0.5,5.3,8.8,7.1,28.1,1.5,0.1,21.4,0.36,-0.54,-1.12,0.58,95,52,54.7,223,93,41.7,22,3,13.6,0,0,0,98,0,0,0,0,0,0,0,0,0,0,0,0,0
OSAKA EVESSA,7,Kaisei Takahashi,,18,7.9,141.7,24,1.3,8,36,22.2,3,22,13.6,5,6,83.3,5,9,14,31,13,0,12,26,26.4,31.1,16.8,47.4,1.8,1.7,4.3,8.8,6.4,33.6,4.9,0.0,23.7,0.17,-0.54,-1.55,1.01,4,4,100,10,1,10,22,3,13.6,0,0,0,12,0,0,0,0,0,0,0,0,0,0,0,0,0
KOSHIGAYA ALPHAS,12,Yuichi Ikeda,,60,20.1,1207.9,279,4.7,100,256,39.1,29,110,26.4,50,74,67.6,18,96,114,181,43,2,86,144,44.7,48.3,15.4,74.5,6.3,2.5,1.9,10.1,5.9,25.3,1.9,0.2,23.0,0.29,-0.54,-2.55,2.01,69,44,63.8,77,27,35.1,110,29,26.4,0,0,0,79,0,0,0,0,0,0,0,0,0,0,0,0,0
ALVARK TOKYO,13,Shohei Kikuchi,,48,1.0,50.1,18,0.4,7,14,50.0,3,8,37.5,1,2,50.0,0,8,8,4,3,0,2,2,60.7,60.5,16.4,106.6,0.5,0.2,0.0,18.8,9.8,13.6,3.3,0.0,11.8,0.14,-0.54,-1.29,0.75,3,2,66.7,3,2,66.7,8,3,37.5,0,0,0,2,0,0,0,0,0,0,0,0,0,0,0,0,0
SUNROCKERS SHIBUYA,12,Reiya Nozaki,,56,14.2,796.3,199,3.6,67,182,36.8,32,99,32.3,33,38,86.8,9,41,50,59,31,5,32,87,45.6,50.1,14.0,86.3,5.0,2.5,1.3,6.5,3.9,12.1,2.2,0.7,13.9,0.21,-0.55,-1.26,0.71,24,15,62.5,59,20,33.9,99,32,32.3,0,0,0,31,0,0,0,0,0,0,0,0,0,0,0,0,0
SENDAI 89ERS,96,Masato Abe,,47,0.2,8.1,2,0.0,1,4,25.0,0,3,0.0,0,4,0.0,1,1,2,0,0,0,0,1,25.0,17.4,33.8,34.7,0.1,0.1,14.8,15.2,15.0,0.0,0.0,0.0,0.0,1.0,-0.57,-0.89,0.32,1,1,100,0,0,0,3,0,0,0,0,0,0,0,0,0,0,0,0,0,0,0,0,0,0,0
SENDAI 89ERS,77,Rowa Tanno,,9,0.2,1.4,0,0.0,0,1,0.0,0,1,0.0,0,0,0,0,0,0,0,0,0,0,0,0.0,0.0,33.8,0.0,0.0,0.2,0.0,0.0,0.0,0.0,0.0,0.0,0.0,0.0,-0.61,-0.92,0.31,0,0,0,0,0,0,1,0,0,0,0,0,0,0,0,0,0,0,0,0,0,0,0,0,0,0
UTSUNOMIYA BREX,15,Yudai Ishikawa,,50,1.2,60.8,20,0.4,8,26,30.8,3,15,20.0,1,1,100.0,1,2,3,4,1,0,16,11,36.5,37.8,33.8,47.1,0.6,0.4,2.0,3.8,3.0,10.7,0.9,0.0,37.7,0.04,-0.63,-0.19,-0.43,6,2,33.3,5,3,60,15,3,20,0,0,0,16,0,0,0,0,0,0,0,0,0,0,0,0,0
KYOTO HANNARYZ,15,Hayato Kawashima,,41,18.7,767.5,163,4.0,55,184,29.9,33,122,27.0,20,30,66.7,12,27,39,90,52,5,42,89,38.9,41.3,14.9,68.1,5.6,4.2,1.8,4.7,3.1,20.4,3.8,0.7,17.6,0.16,-0.65,-2.23,1.58,7,3,42.9,55,19,34.5,122,33,27,0,0,0,42,0,0,0,0,0,0,0,0,0,0,0,0,0
OSAKA EVESSA,8,Yoshiya Uematsu,,58,11.1,641.7,166,2.9,66,161,41.0,26,100,26.0,8,10,80.0,31,33,64,19,20,14,19,97,49.1,50.2,13.4,90.0,3.9,2.3,5.8,6.4,6.1,4.7,1.7,2.2,10.3,0.06,-0.65,-1.06,0.41,15,12,80,46,28,60.9,100,26,26,0,0,0,19,0,0,0,0,0,0,0,0,0,0,0,0,0
SENDAI 89ERS,24,Kosei Niinuma,,60,1.0,60.9,19,0.3,5,28,17.9,2,20,10.0,7,11,63.6,4,7,11,3,2,2,6,8,21.4,28.9,30.1,48.9,0.4,0.5,7.8,13.8,10.8,7.5,1.8,3.7,15.4,0.39,-0.66,-0.99,0.33,3,2,66.7,5,1,20,20,2,10,0,0,0,6,0,0,0,0,0,0,0,0,0,0,0,0,0
SHIMANE SUSANOO MAGIC,25,Muusa Dama,,24,9.3,222.7,72,3.0,27,43,62.8,0,0,0,18,35,51.4,13,29,42,12,9,4,14,28,62.8,61.6,15.9,99.4,4.1,0.0,7.2,15.8,11.6,9.6,2.2,2.0,19.3,0.81,-0.67,-1.69,1.02,6,4,66.7,37,23,62.2,0,0,0,0,0,0,12,0,0,0,0,0,0,0,0,0,0,0,0,0
LEVANGA HOKKAIDO,34,Kaito Morizane,,57,2.8,162.0,39,0.7,14,46,30.4,10,28,35.7,1,1,100.0,7,6,13,22,4,0,12,19,41.3,42.0,16.6,66.7,0.9,0.7,5.3,4.5,4.9,18.6,1.3,0.0,20.5,0.02,-0.68,0.55,-1.23,1,0,0,17,4,23.5,28,10,35.7,0,0,0,12,0,0,0,0,0,0,0,0,0,0,0,0,0
B.WHITE,14,Ryuichi Kishimoto,,1,16.2,16.2,2,2.0,1,5,20.0,0,3,0.0,0,0,0,1,5,6,1,0,0,1,0,20.0,20.0,12.8,33.3,2.0,3.1,5.5,26.2,16.1,4.9,0.0,0.0,16.7,0.0,-0.69,3.59,-4.27,1,1,100,1,0,0,3,0,0,0,0,0,1,0,0,0,0,0,0,0,0,0,0,0,0,0
SAN-EN NEOPHOENIX,33,Junior Kodama,,60,6.5,389.6,118,2.0,42,144,29.2,16,77,20.8,18,27,66.7,18,20,38,44,22,1,28,79,34.7,37.8,21.9,64.2,2.6,1.7,5.8,6.7,6.2,17.6,3.0,0.3,15.2,0.19,-0.7,-0.88,0.18,28,13,46.4,39,13,33.3,77,16,20.8,0,0,0,27,0,0,0,0,0,0,0,0,0,0,0,0,0
SAGA BALLOONERS,20,Atsuki Kishida,,44,6.6,288.2,148,3.4,46,110,41.8,19,64,29.7,37,40,92.5,14,22,36,33,5,0,22,56,50.5,58.0,24.5,98.9,4.5,2.0,5.8,9.8,7.7,20.0,0.9,0.0,14.7,0.36,-0.73,-0.9,0.17,16,13,81.2,30,14,46.7,64,19,29.7,0,0,0,21,0,0,0,0,0,0,0,0,0,0,0,0,0
IBARAKI ROBOTS,10,Ru Jingaoka,,60,20.0,1199.0,234,3.9,96,239,40.2,22,88,25.0,20,38,52.6,45,86,131,92,47,7,45,119,44.8,45.8,12.2,77.8,5.3,2.0,4.7,8.4,6.6,12.6,2.2,0.7,15.0,0.16,-0.78,-2.08,1.3,47,28,59.6,104,46,44.2,88,22,25,0,0,0,43,0,0,0,0,0,0,0,0,0,0,0,0,0
SAN-EN NEOPHOENIX,21,Yusuke Suzuki,,57,0.7,38.2,3,0.1,1,5,20.0,0,1,0.0,1,2,50.0,3,2,5,2,1,0,3,12,20.0,25.5,10.8,33.8,0.1,0.0,9.9,6.8,8.4,7.2,1.4,0.0,33.8,0.4,-0.81,-0.63,-0.18,0,0,0,4,1,25,1,0,0,0,0,0,3,0,0,0,0,0,0,0,0,0,0,0,0,0
SHIMANE SUSANOO MAGIC,11,Taichi Nakamura,,60,21.8,1307.2,391,6.5,138,390,35.4,74,244,30.3,41,51,80.4,13,69,82,87,30,8,65,150,44.9,47.4,17.6,81.9,8.8,5.5,1.2,6.3,3.8,10.7,1.3,0.6,13.6,0.13,-0.85,-1.71,0.86,44,25,56.8,102,39,38.2,244,74,30.3,0,0,0,59,0,0,0,0,0,0,0,0,0,0,0,0,0
ALVARK TOKYO,21,Gen Hiraiwa,,59,4.4,260.0,40,0.7,20,40,50.0,0,1,0.0,0,7,0.0,20,35,55,7,7,2,9,59,50.0,46.4,9.8,76.8,0.9,0.0,10.0,16.0,13.1,4.2,1.5,0.8,17.3,0.17,-0.85,-1.75,0.9,9,7,77.8,30,13,43.3,1,0,0,0,0,0,6,0,0,0,0,0,0,0,0,0,0,0,0,0
LEVANGA HOKKAIDO,19,Kotaro Ando,,7,0.0,0.3,0,0.0,0,0,0,0,0,0,0,0,0,0,0,0,0,0,0,0,0,0,0,0.0,0,0.0,0.0,0.0,0.0,0.0,0.0,0.0,0.0,0,0,-0.86,0.48,-1.34,0,0,0,0,0,0,0,0,0,0,0,0,0,0,0,0,0,0,0,0,0,0,0,0,0,0
KYOTO HANNARYZ,39,Mone Alex Hall,,60,13.5,812.1,273,4.5,103,249,41.4,38,114,33.3,29,44,65.9,49,61,110,65,58,12,62,112,49.0,50.9,19.5,82.6,6.3,2.6,7.3,9.8,8.5,14.6,4.0,1.7,18.8,0.18,-0.86,-1.9,1.04,43,24,55.8,92,41,44.6,114,38,33.3,0,0,0,54,0,0,0,0,0,0,0,0,0,0,0,0,0
HIROSHIMA DRAGONFLIES,1,Masato Ichikawa,,43,1.8,75.5,19,0.4,6,17,35.3,4,12,33.3,3,4,75.0,2,3,5,2,1,0,6,17,47.1,50.6,15.1,76.7,0.6,0.4,3.1,4.6,3.9,4.0,0.7,0.0,24.2,0.24,-0.9,-0.31,-0.59,1,1,100,4,1,25,12,4,33.3,0,0,0,4,0,0,0,0,0,0,0,0,0,0,0,0,0
HIROSHIMA DRAGONFLIES,14,Ryusei Sako,,21,1.3,26.7,10,0.5,4,10,40.0,0,4,0.0,2,5,40.0,1,3,4,3,1,0,3,8,40.0,41.0,26.4,65.8,0.6,0.3,4.5,13.6,9.1,18.8,2.1,0.0,19.7,0.5,-0.9,-0.36,-0.54,4,4,100,2,0,0,4,0,0,0,0,0,3,0,0,0,0,0,0,0,0,0,0,0,0,0
IBARAKI ROBOTS,7,Hayate Komasawa,,60,19.2,1152.4,403,6.7,153,405,37.8,69,213,32.4,28,31,90.3,14,96,110,119,23,7,82,107,46.3,48.1,21.2,80.5,9.1,4.8,1.5,9.8,5.8,18.6,1.1,0.7,16.4,0.08,-0.91,-1.61,0.7,51,30,58.8,141,54,38.3,213,69,32.4,0,0,0,79,0,0,0,0,0,0,0,0,0,0,0,0,0
AKITA NORTHERN HAPPINETS,1,Jamel Mclean,,25,20.6,514.4,177,7.1,55,106,51.9,0,10,0.0,67,104,64.4,35,75,110,46,18,8,35,55,51.9,58.3,17.4,94.8,9.5,0.5,8.1,19.2,13.4,15.7,1.9,1.7,18.7,0.98,-0.91,-1.88,0.96,22,21,95.5,74,34,45.9,10,0,0,0,0,0,28,0,0,0,0,0,0,0,0,0,0,0,0,0
HIROSHIMA DRAGONFLIES,5,Ryugo Matsumura,,11,0.5,5.7,0,0.0,0,2,0.0,0,1,0.0,0,0,0,1,1,2,0,0,0,0,1,0.0,0.0,16.1,0.0,0.0,0.1,21.1,20.7,20.9,0.0,0.0,0.0,0.0,0.0,-0.92,-0.25,-0.67,0,0,0,1,0,0,1,0,0,0,0,0,0,0,0,0,0,0,0,0,0,0,0,0,0,0
LEVANGA HOKKAIDO,18,Teruchika Naito,,59,1.7,102.1,21,0.4,8,31,25.8,3,11,27.3,2,2,100.0,4,9,13,5,5,0,1,22,30.6,32.9,14.9,63.9,0.5,0.2,4.8,10.8,7.8,6.6,2.6,0.0,3.0,0.06,-0.92,0.33,-1.25,1,1,100,19,4,21.1,11,3,27.3,0,0,0,1,0,0,0,0,0,0,0,0,0,0,0,0,0
ALTIRI CHIBA,0,Takaaki Kida,,41,18.5,758.9,282,6.9,101,275,36.7,52,146,35.6,28,37,75.7,10,32,42,53,23,2,37,63,46.2,48.4,20.1,85.9,9.3,4.8,1.6,4.9,3.3,11.3,1.6,0.3,11.3,0.13,-0.93,-0.69,-0.24,18,8,44.4,111,41,36.9,146,52,35.6,0,0,0,34,0,0,0,0,0,0,0,0,0,0,0,0,0
ALTIRI CHIBA,5,Reo Maeda,,43,21.9,939.7,321,7.5,115,319,36.1,45,154,29.2,46,67,68.7,20,68,88,136,24,6,86,118,43.1,46.1,21.5,73.9,10.0,4.8,2.7,8.2,5.6,23.6,1.4,0.7,19.8,0.21,-0.96,-1.36,0.4,67,34,50.7,98,36,36.7,154,45,29.2,0,0,0,77,0,0,0,0,0,0,0,0,0,0,0,0,0
KAWASAKI BRAVE THUNDERS,55,Taiga Okada,,58,13.1,760.4,238,4.1,96,220,43.6,6,33,18.2,40,55,72.7,21,33,54,198,31,2,88,90,45.0,48.7,21.1,71.6,5.6,0.8,3.3,5.5,4.4,45.5,2.2,0.3,26.5,0.25,-0.97,-1.66,0.69,57,36,63.2,130,54,41.5,33,6,18.2,0,0,0,85,0,0,0,0,0,0,0,0,0,0,0,0,0
LEVANGA HOKKAIDO,8,Yu Kibayashi,,54,5.2,278.6,69,1.3,27,64,42.2,3,9,33.3,12,18,66.7,13,21,34,13,5,5,17,59,44.5,48.0,14.7,77.6,1.7,0.2,5.7,9.2,7.5,6.5,1.0,1.9,19.1,0.28,-1.0,0.11,-1.11,10,6,60,45,18,40,9,3,33.3,0,0,0,17,0,0,0,0,0,0,0,0,0,0,0,0,0
B.LEAGUE U18 HELIOS,10,Ryota Komatsu,,1,6.2,6.2,5,5.0,2,2,100.0,1,1,100.0,0,0,0,1,1,2,0,0,0,0,0,125.0,125.0,14.3,250.0,6.5,1.3,14.7,16.5,15.5,0.0,0.0,0.0,0.0,0.0,-1.01,-1.52,0.5,0,0,0,1,1,100,1,1,100,0,0,0,0,0,0,0,0,0,0,0,0,0,0,0,0,0
B.BLACK,15,Joji Takeuchi,,1,10.6,10.6,4,4.0,2,2,100.0,0,0,0,0,0,0,0,3,3,1,0,0,0,1,100.0,100.0,7.1,200.0,4.1,0.0,0.0,25.1,12.3,9.1,0.0,0.0,0.0,0.0,-1.07,3.92,-4.99,2,2,100,0,0,0,0,0,0,0,0,0,0,0,0,0,0,0,0,0,0,0,0,0,0,0
SUNROCKERS SHIBUYA,4,Troy Murphy Jr,,50,14.9,744.3,169,3.4,64,197,32.5,29,109,26.6,12,19,63.2,26,82,108,45,21,11,27,82,39.8,41.1,15.1,72.7,4.8,3.1,4.1,14.1,8.9,9.9,1.6,1.5,11.6,0.1,-1.14,-1.59,0.45,19,13,68.4,69,22,31.9,109,29,26.6,0,0,0,24,0,0,0,0,0,0,0,0,0,0,0,0,0
LEVANGA HOKKAIDO,14,Kyosuke Hoshino,,60,6.0,359.3,60,1.0,21,70,30.0,5,23,21.7,13,19,68.4,5,10,15,36,7,0,22,65,33.6,38.3,12.9,59.8,1.3,0.5,1.7,3.4,2.6,13.2,1.0,0.0,21.9,0.27,-1.17,-0.05,-1.12,15,8,53.3,32,8,25,23,5,21.7,0,0,0,19,0,0,0,0,0,0,0,0,0,0,0,0,0
LEVANGA HOKKAIDO,40,Yuma Nishimura,,13,0.4,5.5,0,0.0,0,3,0.0,0,1,0.0,0,0,0,0,0,0,0,0,0,0,2,0.0,0.0,25.6,0.0,0.0,0.1,0.0,0.0,0.0,0.0,0.0,0.0,0.0,0.0,-1.18,0.23,-1.42,0,0,0,2,0,0,1,0,0,0,0,0,0,0,0,0,0,0,0,0,0,0,0,0,0,0
OSAKA EVESSA,23,Cyril Nesmith II,,9,9.2,82.4,28,3.1,12,22,54.5,0,0,0,4,4,100.0,6,10,16,1,1,3,6,16,54.5,58.9,17.1,94.1,4.2,0.0,8.9,16.5,12.5,2.3,0.6,3.8,20.2,0.18,-1.18,-1.49,0.31,8,6,75,14,6,42.9,0,0,0,0,0,0,5,0,0,0,0,0,0,0,0,0,0,0,0,0
OSAKA EVESSA,20,Rei Goda,,50,11.0,548.0,83,1.7,33,91,36.3,12,63,19.0,5,11,45.5,21,32,53,22,23,0,13,85,42.9,43.3,9.3,76.3,2.2,1.7,4.6,7.2,5.9,6.1,2.3,0.0,11.9,0.12,-1.21,-1.66,0.45,16,14,87.5,12,7,58.3,63,12,19,0,0,0,13,0,0,0,0,0,0,0,0,0,0,0,0,0
YOKOHAMA B-CORSAIRS,6,Gakuto Arai,,21,12.8,268.5,91,4.3,36,69,52.2,11,25,44.0,8,15,53.3,5,9,14,7,2,4,9,22,60.1,60.2,15.5,107.6,5.9,1.6,2.4,4.2,3.3,4.3,0.4,1.6,10.6,0.22,-1.22,-0.79,-0.42,20,14,70,24,11,45.8,25,11,44,0,0,0,9,0,0,0,0,0,0,0,0,0,0,0,0,0
SHIGA LAKES,2,Junpei Iwashita,,11,18.5,203.9,66,6.0,24,77,31.2,15,50,30.0,3,4,75.0,6,21,27,21,6,0,13,21,40.9,41.9,20.7,71.9,8.0,6.0,3.5,12.1,7.8,16.1,1.6,0.0,14.2,0.05,-1.27,-1.44,0.17,8,5,62.5,19,4,21.1,50,15,30,0,0,0,13,0,0,0,0,0,0,0,0,0,0,0,0,0
B.BLACK,3,Seiya Ando,,1,15.9,15.9,6,6.0,2,6,33.3,2,6,33.3,0,0,0,0,3,3,3,0,0,1,1,50.0,50.0,16.6,85.7,6.2,6.2,0.0,16.8,8.2,17.2,0.0,0.0,14.3,0.0,-1.36,4.18,-5.54,0,0,0,0,0,0,6,2,33.3,0,0,0,1,0,0,0,0,0,0,0,0,0,0,0,0,0
AKITA NORTHERN HAPPINETS,27,Angelo Chol,,16,16.8,269.0,100,6.2,40,75,53.3,0,1,0.0,20,32,62.5,25,45,70,14,4,12,11,27,53.3,56.1,17.8,99.9,8.4,0.1,10.8,19.7,15.2,10.0,0.8,4.3,11.0,0.43,-1.4,-1.69,0.29,13,11,84.6,61,29,47.5,1,0,0,0,0,0,10,0,0,0,0,0,0,0,0,0,0,0,0,0
SHIMANE SUSANOO MAGIC,7,Anthony Sho Sukegawa,,60,12.4,745.1,189,3.1,65,162,40.1,19,68,27.9,40,66,60.6,27,70,97,38,18,15,34,120,46.0,49.5,14.6,84.0,4.2,1.5,4.5,11.3,7.9,8.0,1.3,2.1,15.1,0.41,-1.43,-2.28,0.85,14,12,85.7,80,34,42.5,68,19,27.9,0,0,0,32,0,0,0,0,0,0,0,0,0,0,0,0,0
KYOTO HANNARYZ,3,Leon Shibuta,,54,16.2,874.3,336,6.2,126,340,37.1,54,175,30.9,30,40,75.0,8,42,50,120,23,1,70,101,45.0,47.0,23.5,78.6,8.6,4.5,1.1,6.2,3.6,26.0,1.5,0.1,16.4,0.12,-1.46,-1.83,0.37,35,17,48.6,130,55,42.3,175,54,30.9,0,0,0,67,0,0,0,0,0,0,0,0,0,0,0,0,0
SHIGA LAKES,14,Yosei Nishida,,56,17.5,977.8,233,4.2,81,231,35.1,47,154,30.5,24,33,72.7,30,79,109,49,22,6,41,86,45.2,47.5,13.4,81.3,5.5,3.6,3.6,9.8,6.7,7.8,1.2,0.6,14.3,0.14,-1.48,-1.59,0.11,33,16,48.5,44,18,40.9,154,47,30.5,0,0,0,41,0,0,0,0,0,0,0,0,0,0,0,0,0
SAGA BALLOONERS,5,Yasuhiro Yamashita,,31,0.8,25.1,12,0.4,4,12,33.3,2,6,33.3,2,4,50.0,1,3,4,3,1,0,0,0,41.7,43.6,26.0,87.2,0.5,0.3,4.9,15.3,9.9,19.9,2.2,0.0,0.0,0.33,-1.62,-1.4,-0.22,1,0,0,5,2,40,6,2,33.3,0,0,0,0,0,0,0,0,0,0,0,0,0,0,0,0,0
KOSHIGAYA ALPHAS,14,Takeru Oba,,59,14.4,850.8,282,4.8,103,282,36.5,71,196,36.2,5,6,83.3,17,32,49,38,20,2,26,78,49.1,49.5,18.1,90.8,6.5,4.5,2.5,4.8,3.6,8.0,1.3,0.3,8.4,0.02,-1.62,-2.02,0.4,15,8,53.3,71,24,33.8,196,71,36.2,0,0,0,24,0,0,0,0,0,0,0,0,0,0,0,0,0
SHIGA LAKES,22,Sean Ichioka,,59,8.7,515.8,41,0.7,18,34,52.9,0,1,0.0,5,12,41.7,43,81,124,55,24,12,34,81,52.9,52.2,6.5,55.9,0.9,0.0,9.8,18.9,14.3,15.3,2.5,2.4,46.4,0.35,-1.62,-2.19,0.57,3,3,100,30,15,50,1,0,0,0,0,0,30,0,0,0,0,0,0,0,0,0,0,0,0,0
KYOTO HANNARYZ,16,Ryunosuke Watanabe,,55,13.2,724.2,61,1.1,24,78,30.8,6,29,20.7,7,14,50.0,59,71,130,99,38,9,44,115,34.6,36.2,8.4,47.6,1.5,0.7,9.9,12.8,11.3,21.0,2.9,1.4,34.3,0.18,-1.62,-2.71,1.09,13,5,38.5,36,13,36.1,29,6,20.7,0,0,0,38,0,0,0,0,0,0,0,0,0,0,0,0,0
UTSUNOMIYA BREX,21,Shin Matsumoto,,3,1.3,4.0,0,0.0,0,3,0.0,0,2,0.0,0,0,0,0,1,1,0,0,0,1,0,0.0,0.0,46.0,0.0,0.0,0.9,0.0,26.5,13.3,0.0,0.0,0.0,25.0,0.0,-1.63,-0.84,-0.79,0,0,0,1,0,0,2,0,0,0,0,0,1,0,0,0,0,0,0,0,0,0,0,0,0,0
FIGHTING EAGLES NAGOYA,12,Katsuki Hiramatsu,,57,10.5,597.6,148,2.6,57,160,35.6,21,78,26.9,13,16,81.2,18,38,56,96,29,0,60,84,42.2,44.3,17.5,65.2,3.4,1.8,3.5,7.5,5.5,25.6,2.6,0.0,26.4,0.1,-1.71,-2.29,0.58,35,20,57.1,47,16,34,78,21,26.9,0,0,0,58,0,0,0,0,0,0,0,0,0,0,0,0,0
ALTIRI CHIBA,24,Yuto Otsuka,,57,8.6,491.6,222,3.9,75,185,40.5,61,158,38.6,11,15,73.3,5,19,24,18,4,1,18,52,57.0,57.9,19.8,105.9,5.3,3.8,1.2,4.5,2.9,6.3,0.4,0.2,8.6,0.08,-1.72,-0.91,-0.8,1,1,100,26,13,50,158,61,38.6,0,0,0,15,0,0,0,0,0,0,0,0,0,0,0,0,0
ALTIRI CHIBA,16,Yuta Osaki,,57,11.5,654.7,174,3.1,68,186,36.6,34,100,34.0,4,4,100.0,20,50,70,92,16,2,44,84,45.7,46.3,16.4,75.1,4.1,2.4,3.7,8.9,6.3,22.2,1.3,0.3,19.0,0.02,-1.72,-1.56,-0.16,23,10,43.5,63,24,38.1,100,34,34,0,0,0,42,0,0,0,0,0,0,0,0,0,0,0,0,0
SAGA BALLOONERS,21,Toshiki Tomiyama,,60,3.9,232.6,65,1.1,20,73,27.4,12,50,24.0,13,16,81.2,16,19,35,12,13,3,17,48,35.6,40.6,19.8,67.0,1.5,1.1,8.3,10.4,9.3,7.9,3.0,1.5,17.5,0.22,-1.78,-1.75,-0.03,4,3,75,19,5,26.3,50,12,24,0,0,0,15,0,0,0,0,0,0,0,0,0,0,0,0,0
YOKOHAMA B-CORSAIRS,23,Kai King,,60,14.6,875.6,253,4.2,103,235,43.8,25,84,29.8,22,36,61.1,35,33,68,44,16,5,27,127,49.1,50.4,15.6,91.1,5.8,1.9,5.1,4.8,4.9,8.2,1.0,0.7,9.7,0.15,-1.79,-1.5,-0.3,43,31,72.1,108,47,43.5,84,25,29.8,0,0,0,26,0,0,0,0,0,0,0,0,0,0,0,0,0
SAGA BALLOONERS,7,Kosuke Hashimoto,,58,1.3,75.9,16,0.3,5,17,29.4,4,16,25.0,2,4,50.0,1,3,4,4,1,0,1,11,41.2,42.6,12.3,81.0,0.4,0.4,1.6,5.0,3.3,7.9,0.7,0.0,5.1,0.24,-1.8,-1.57,-0.23,0,0,0,1,1,100,16,4,25,0,0,0,1,0,0,0,0,0,0,0,0,0,0,0,0,0
SHIGA LAKES,17,Kohei Tsuneta,,58,17.1,990.6,181,3.1,68,188,36.2,41,135,30.4,4,7,57.1,19,46,65,62,25,3,25,154,47.1,47.4,10.0,83.8,4.1,3.1,2.3,5.6,3.9,9.5,1.3,0.3,11.6,0.04,-1.86,-2.24,0.38,15,10,66.7,38,17,44.7,135,41,30.4,0,0,0,23,0,0,0,0,0,0,0,0,0,0,0,0,0
SHIGA LAKES,25,Shintaro Ehara,,58,9.6,557.8,119,2.1,42,118,35.6,32,94,34.0,3,5,60.0,19,44,63,23,15,4,14,58,49.2,49.5,11.0,88.7,2.7,2.1,4.0,9.6,6.7,6.3,1.4,0.7,10.4,0.04,-1.88,-1.79,-0.09,0,0,0,24,10,41.7,94,32,34,0,0,0,9,0,0,0,0,0,0,0,0,0,0,0,0,0
IBARAKI ROBOTS,29,Keita Tsurumaki,,60,17.2,1032.5,144,2.4,57,165,34.5,15,75,20.0,15,26,57.7,21,89,110,82,25,12,42,100,39.1,40.8,10.3,65.9,3.3,1.7,2.5,10.1,6.5,12.5,1.3,1.3,19.2,0.16,-1.9,-2.8,0.89,41,24,58.5,49,18,36.7,75,15,20,0,0,0,40,0,0,0,0,0,0,0,0,0,0,0,0,0
SHIMANE SUSANOO MAGIC,2,Hayate Kanayama,,4,0.2,0.7,2,0.5,1,1,100.0,0,0,0,0,0,0,0,0,0,0,0,0,0,0,100.0,100.0,73.0,200.0,0.7,0.0,0.0,0.0,0.0,0,0.0,0.0,0.0,0.0,-1.91,-2.0,0.09,0,0,0,1,1,100,0,0,0,0,0,0,0,0,0,0,0,0,0,0,0,0,0,0,0,0
OSAKA EVESSA,51,Koshiro Asai,,5,0.5,2.4,0,0.0,0,1,0.0,0,0,0,0,0,0,0,0,0,0,0,0,0,0,0.0,0.0,19.3,0.0,0.0,0.0,0.0,0.0,0.0,0.0,0.0,0.0,0.0,0.0,-1.91,-1.55,-0.36,0,0,0,1,0,0,0,0,0,0,0,0,0,0,0,0,0,0,0,0,0,0,0,0,0,0
KOSHIGAYA ALPHAS,21,Jeffrey Parmer,,10,14.9,148.7,41,4.1,14,45,31.1,3,19,15.8,10,11,90.9,10,14,24,14,11,3,16,20,34.4,41.1,22.4,62.3,5.6,2.6,8.4,12.3,10.3,16.7,4.0,2.2,24.3,0.24,-1.92,-3.45,1.53,4,2,50,22,9,40.9,19,3,15.8,0,0,0,13,0,0,0,0,0,0,0,0,0,0,0,0,0
KAWASAKI BRAVE THUNDERS,17,Ryo Iida,,60,16.7,1004.1,292,4.9,97,285,34.0,83,241,34.4,15,22,68.2,13,43,56,54,31,4,26,148,48.6,49.5,15.4,91.1,6.6,5.5,1.5,5.5,3.4,8.9,1.7,0.4,8.1,0.08,-1.93,-1.81,-0.12,18,9,50,26,5,19.2,241,83,34.4,0,0,0,20,0,0,0,0,0,0,0,0,0,0,0,0,0
KAWASAKI BRAVE THUNDERS,60,Shuntaro Buto,,4,9.0,35.9,10,2.5,4,5,80.0,1,2,50.0,1,2,50.0,0,3,3,1,2,0,1,5,90.0,85.0,9.3,145.3,3.4,0.7,0.0,11.6,5.4,4.5,3.0,0.0,14.5,0.4,-1.96,-2.12,0.16,0,0,0,3,3,100,2,1,50,0,0,0,1,0,0,0,0,0,0,0,0,0,0,0,0,0
SAGA BALLOONERS,11,Futa Takedomi,,17,0.7,11.2,0,0.0,0,3,0.0,0,3,0.0,0,0,0,0,0,0,2,0,0,1,0,0.0,0.0,16.7,0.0,0.0,0.2,0.0,0.0,0.0,23.4,0.0,0.0,25.0,0.0,-1.96,-1.66,-0.3,0,0,0,0,0,0,3,0,0,0,0,0,1,0,0,0,0,0,0,0,0,0,0,0,0,0
KOSHIGAYA ALPHAS,31,Shuhei Kitagawa,,57,9.6,547.1,159,2.8,53,115,46.1,33,72,45.8,20,25,80.0,8,40,48,19,14,0,20,69,60.4,63.1,13.3,108.9,3.8,1.7,1.8,9.3,5.5,6.0,1.4,0.0,13.7,0.22,-1.99,-2.61,0.62,6,5,83.3,37,15,40.5,72,33,45.8,0,0,0,19,0,0,0,0,0,0,0,0,0,0,0,0,0
OSAKA EVESSA,34,Joshua Smith,,7,8.4,59.1,23,3.3,7,16,43.8,0,1,0.0,9,14,64.3,2,17,19,4,3,0,10,14,43.8,51.9,26.6,71.5,4.7,0.2,4.5,34.0,20.1,11.9,2.9,0.0,31.1,0.88,-2.02,-2.69,0.66,0,0,0,15,7,46.7,1,0,0,0,0,0,7,0,0,0,0,0,0,0,0,0,0,0,0,0
SHIGA LAKES,21,Takanori Tahara,,52,6.4,333.3,105,2.0,36,100,36.0,16,62,25.8,17,21,81.0,8,18,26,30,12,2,18,26,44.0,48.1,17.5,82.5,2.6,1.6,2.8,6.5,4.6,14.6,1.9,0.6,14.1,0.21,-2.03,-1.83,-0.2,26,14,53.8,12,6,50,62,16,25.8,0,0,0,18,0,0,0,0,0,0,0,0,0,0,0,0,0
SHIMANE SUSANOO MAGIC,17,Seishin Yokochi,,14,9.5,132.4,23,1.6,9,24,37.5,3,13,23.1,2,5,40.0,4,12,16,6,1,2,6,13,43.8,43.9,11.8,71.4,2.2,1.3,3.6,10.9,7.3,6.5,0.4,1.6,18.6,0.21,-2.05,-2.35,0.3,5,2,40,6,4,66.7,13,3,23.1,0,0,0,6,0,0,0,0,0,0,0,0,0,0,0,0,0
KYOTO HANNARYZ,7,Shuma Nishibe,,20,7.4,148.0,57,2.9,20,54,37.0,13,38,34.2,4,8,50.0,3,11,14,4,8,0,2,12,49.1,49.5,19.6,95.8,4.0,2.6,2.8,9.3,6.2,4.6,3.0,0.0,3.4,0.15,-2.06,-1.98,-0.07,5,2,40,11,5,45.5,38,13,34.2,0,0,0,2,0,0,0,0,0,0,0,0,0,0,0,0,0
SUNROCKERS SHIBUYA,32,Morihisa Yamauchi,,55,5.9,326.1,62,1.1,20,64,31.2,12,41,29.3,10,14,71.4,10,13,23,45,6,0,20,57,40.6,44.2,13.3,68.8,1.6,1.1,3.7,5.0,4.3,21.6,1.0,0.0,22.2,0.22,-2.06,-1.97,-0.08,3,3,100,20,5,25,41,12,29.3,0,0,0,20,0,0,0,0,0,0,0,0,0,0,0,0,0
TOYAMA GROUSES,7,Kazuki Miyamoto,,60,15.4,923.5,217,3.6,70,218,32.1,57,180,31.7,20,35,57.1,20,80,100,41,26,4,25,122,45.2,46.5,12.5,84.0,4.7,3.9,2.5,10.0,6.3,6.7,1.5,0.5,9.7,0.16,-2.06,-1.85,-0.21,15,8,53.3,23,5,21.7,180,57,31.7,0,0,0,22,0,0,0,0,0,0,0,0,0,0,0,0,0
IBARAKI ROBOTS,12,Kento Akama,,25,13.8,345.6,164,6.6,56,165,33.9,34,104,32.7,18,20,90.0,7,20,27,14,6,2,24,29,44.2,47.2,27.5,82.9,8.8,5.6,2.5,6.6,4.6,7.7,0.9,0.6,12.1,0.12,-2.11,-1.77,-0.33,21,10,47.6,40,12,30,104,34,32.7,0,0,0,21,0,0,0,0,0,0,0,0,0,0,0,0,0
SHIMANE SUSANOO MAGIC,6,Hiromu Kitagawa,,35,7.0,244.0,46,1.3,16,57,28.1,11,41,26.8,3,4,75.0,3,16,19,22,5,0,11,41,37.7,39.1,13.6,65.9,1.8,1.6,1.5,7.8,4.7,13.1,1.1,0.0,15.8,0.07,-2.2,-2.52,0.32,4,1,25,12,4,33.3,41,11,26.8,0,0,0,11,0,0,0,0,0,0,0,0,0,0,0,0,0
AKITA NORTHERN HAPPINETS,22,Ali Mezher,,44,14.8,651.3,223,5.1,93,214,43.5,16,53,30.2,21,26,80.8,16,60,76,140,27,0,83,44,47.2,49.5,22.7,72.3,6.9,1.6,2.9,11.9,7.1,40.8,2.3,0.0,26.9,0.12,-2.21,-2.56,0.36,60,39,65,101,38,37.6,53,16,30.2,0,0,0,81,0,0,0,0,0,0,0,0,0,0,0,0,0
IBARAKI ROBOTS,14,Kotaro Hisaoka,,60,11.1,665.6,111,1.9,39,122,32.0,20,68,29.4,13,26,50.0,5,24,29,90,8,0,35,57,40.2,41.6,12.3,65.9,2.5,1.5,0.9,4.2,2.6,21.5,0.7,0.0,20.8,0.21,-2.22,-2.51,0.29,11,5,45.5,43,14,32.6,68,20,29.4,0,0,0,32,0,0,0,0,0,0,0,0,0,0,0,0,0
B.BLACK,24,Kotetsu Kurokawa,,1,13.2,13.2,8,8.0,3,6,50.0,2,5,40.0,0,0,0,0,2,2,0,0,0,1,1,66.7,66.7,20.1,114.3,8.3,5.2,0.0,13.5,6.6,0.0,0.0,0.0,14.3,0.0,-2.24,3.96,-6.2,0,0,0,1,1,100,5,2,40,0,0,0,1,0,0,0,0,0,0,0,0,0,0,0,0,0
SHIMANE SUSANOO MAGIC,20,Shunsuke Ueda,,38,4.8,181.8,45,1.2,16,47,34.0,5,24,20.8,8,11,72.7,3,17,20,12,3,1,8,33,39.4,43.4,15.9,75.2,1.6,0.8,2.1,11.2,6.7,10.7,0.9,0.6,13.4,0.23,-2.25,-2.48,0.23,11,8,72.7,12,3,25,24,5,20.8,0,0,0,6,0,0,0,0,0,0,0,0,0,0,0,0,0
B.BLACK,6,Makoto Hiejima,,1,15.2,15.2,3,3.0,1,4,25.0,1,4,25.0,0,0,0,0,2,2,2,0,0,0,0,37.5,37.5,9.9,75.0,3.1,4.1,0.0,11.7,5.7,11.4,0.0,0.0,0.0,0.0,-2.27,3.64,-5.9,0,0,0,0,0,0,4,1,25,0,0,0,0,0,0,0,0,0,0,0,0,0,0,0,0,0
FIGHTING EAGLES NAGOYA,1,Mark Burton,,7,2.9,20.5,13,1.9,6,9,66.7,1,2,50.0,0,0,0,0,2,2,2,0,0,1,8,72.2,72.2,23.5,130.0,2.5,0.4,0.0,11.0,5.7,24.7,0.0,0.0,10.0,0.0,-2.27,-2.23,-0.04,2,2,100,5,3,60,2,1,50,0,0,0,1,0,0,0,0,0,0,0,0,0,0,0,0,0
IBARAKI ROBOTS,9,Jae-Min Yang,,44,11.1,486.8,113,2.6,45,114,39.5,13,58,22.4,10,22,45.5,14,54,68,25,20,7,25,71,45.2,45.7,15.0,76.0,3.5,1.8,3.6,13.0,8.5,8.6,2.3,1.6,16.8,0.19,-2.29,-2.94,0.65,16,12,75,40,20,50,58,13,22.4,0,0,0,23,0,0,0,0,0,0,0,0,0,0,0,0,0
SHIMANE SUSANOO MAGIC,24,Hiryu Okamoto,,47,3.2,149.1,6,0.1,1,13,7.7,1,9,11.1,3,6,50.0,2,6,8,8,5,1,5,23,11.5,19.2,6.7,29.1,0.2,0.3,1.7,4.8,3.3,7.6,1.8,0.7,24.2,0.46,-2.35,-2.55,0.19,0,0,0,4,0,0,9,1,11.1,0,0,0,5,0,0,0,0,0,0,0,0,0,0,0,0,0
SHIMANE SUSANOO MAGIC,15,Ryosuke Shirahama,,46,12.1,556.6,69,1.5,31,81,38.3,2,30,6.7,5,8,62.5,17,36,53,25,15,3,20,93,39.5,40.8,9.1,66.0,2.0,0.9,3.8,7.7,5.8,6.6,1.5,0.6,19.1,0.1,-2.36,-3.03,0.67,9,6,66.7,42,23,54.8,30,2,6.7,0,0,0,18,0,0,0,0,0,0,0,0,0,0,0,0,0
TOYAMA GROUSES,17,Haruaki Tanaka,,51,16.3,830.0,156,3.1,56,183,30.6,18,87,20.7,26,35,74.3,28,38,66,90,17,2,33,108,35.5,39.3,12.5,67.4,4.0,2.2,3.9,5.3,4.6,16.0,1.1,0.3,14.3,0.19,-2.37,-2.15,-0.21,24,14,58.3,72,24,33.3,87,18,20.7,0,0,0,32,0,0,0,0,0,0,0,0,0,0,0,0,0
KAWASAKI BRAVE THUNDERS,45,Jaheru Ryuto Yamauchi,,44,16.9,743.0,235,5.3,85,244,34.8,30,113,26.5,35,70,50.0,32,56,88,49,32,11,40,101,41.0,42.8,20.2,74.7,7.2,3.5,5.0,9.7,7.2,11.2,2.3,1.6,12.7,0.29,-2.41,-2.39,-0.01,62,31,50,69,24,34.8,113,30,26.5,0,0,0,38,0,0,0,0,0,0,0,0,0,0,0,0,0
IBARAKI ROBOTS,25,Atsunobu Hirao,,11,2.9,32.2,14,1.3,6,11,54.5,2,3,66.7,0,0,0,1,0,1,2,1,0,1,5,63.6,63.6,18.3,116.7,1.7,0.4,3.8,0.0,1.9,11.9,1.7,0.0,8.3,0.0,-2.44,-2.4,-0.03,2,1,50,6,3,50,3,2,66.7,0,0,0,1,0,0,0,0,0,0,0,0,0,0,0,0,0
KOSHIGAYA ALPHAS,28,Kai Sugawara,,55,13.0,717.6,130,2.4,45,132,34.1,28,95,29.5,12,18,66.7,12,35,47,44,21,1,26,88,44.7,46.5,11.5,78.4,3.2,2.3,2.1,6.2,4.1,10.0,1.6,0.2,15.7,0.14,-2.45,-3.16,0.72,11,5,45.5,26,12,46.2,95,28,29.5,0,0,0,23,0,0,0,0,0,0,0,0,0,0,0,0,0
SUNROCKERS SHIBUYA,14,Toyoshige Kano,,59,4.6,271.5,53,0.9,22,54,40.7,0,0,0,9,19,47.4,23,29,52,6,6,10,18,48,40.7,42.5,14.3,66.0,1.3,0.0,10.1,13.5,11.7,3.6,1.2,3.8,22.4,0.35,-2.45,-2.22,-0.23,13,8,61.5,41,14,34.1,0,0,0,0,0,0,10,0,0,0,0,0,0,0,0,0,0,0,0,0
YOKOHAMA B-CORSAIRS,51,Tatsumi Yu,,40,5.5,220.4,41,1.0,16,50,32.0,4,20,20.0,5,9,55.6,13,20,33,11,11,1,8,32,36.0,38.0,13.9,66.2,1.4,0.7,7.6,11.5,9.6,7.6,2.8,0.5,12.9,0.18,-2.47,-1.99,-0.48,3,2,66.7,27,10,37,20,4,20,0,0,0,8,0,0,0,0,0,0,0,0,0,0,0,0,0
YOKOHAMA B-CORSAIRS,7,Hiroki Taniguchi,,52,4.2,218.8,94,1.8,34,88,38.6,24,71,33.8,2,2,100.0,5,8,13,4,5,0,12,39,52.3,52.9,22.7,93.2,2.5,1.9,2.9,4.7,3.8,3.2,1.3,0.0,11.9,0.02,-2.49,-1.7,-0.79,6,5,83.3,11,5,45.5,71,24,33.8,0,0,0,12,0,0,0,0,0,0,0,0,0,0,0,0,0
YOKOHAMA B-CORSAIRS,77,Isa Ehara,,15,0.1,1.2,3,0.2,1,1,100.0,1,1,100.0,0,0,0,0,0,0,0,0,0,0,0,150.0,150.0,40.4,300.0,0.3,0.1,0.0,0.0,0.0,0,0.0,0.0,0.0,0.0,-2.51,-1.7,-0.81,0,0,0,0,0,0,1,1,100,0,0,0,0,0,0,0,0,0,0,0,0,0,0,0,0,0
KYOTO HANNARYZ,33,Ira Brown,,52,11.6,604.8,120,2.3,44,131,33.6,7,40,17.5,25,41,61.0,48,77,125,37,24,11,35,69,36.3,40.3,14.6,65.2,3.2,1.1,9.6,16.7,13.0,10.2,2.2,2.1,19.0,0.31,-2.52,-2.78,0.26,20,13,65,71,24,33.8,40,7,17.5,0,0,0,31,0,0,0,0,0,0,0,0,0,0,0,0,0
SUNROCKERS SHIBUYA,77,Kouei Omori,,60,1.0,62.3,21,0.3,6,13,46.2,2,3,66.7,7,12,58.3,0,5,5,0,1,0,7,7,53.8,57.4,19.6,83.1,0.5,0.1,0.0,10.1,4.9,0.0,0.9,0.0,27.7,0.92,-2.52,-2.05,-0.47,1,1,100,9,3,33.3,3,2,66.7,0,0,0,7,0,0,0,0,0,0,0,0,0,0,0,0,0
AKITA NORTHERN HAPPINETS,6,Raita Akaho,,24,21.3,510.7,143,6.0,47,141,33.3,28,88,31.8,21,29,72.4,19,20,39,26,18,6,16,54,43.3,46.5,16.2,84.2,8.2,5.1,4.3,5.3,4.7,9.3,2.0,1.4,9.4,0.21,-2.54,-2.42,-0.12,10,5,50,43,14,32.6,88,28,31.8,0,0,0,15,0,0,0,0,0,0,0,0,0,0,0,0,0
FIGHTING EAGLES NAGOYA,11,Hikaru Tsukioka,,20,7.9,157.5,32,1.6,9,30,30.0,2,11,18.2,12,14,85.7,0,13,13,24,8,0,17,32,33.3,44.2,15.2,60.2,2.1,0.7,0.0,9.9,4.8,23.2,2.7,0.0,32.0,0.47,-2.55,-3.02,0.47,7,5,71.4,12,2,16.7,11,2,18.2,0,0,0,16,0,0,0,0,0,0,0,0,0,0,0,0,0
TOYAMA GROUSES,2,Yoshiaki Fujinaga,,58,8.4,489.5,67,1.2,26,87,29.9,12,56,21.4,3,6,50.0,10,33,43,64,22,1,30,66,36.8,37.4,10.9,56.0,1.5,1.2,2.4,7.7,5.1,19.3,2.3,0.2,25.1,0.07,-2.6,-2.36,-0.23,11,7,63.6,20,7,35,56,12,21.4,0,0,0,26,0,0,0,0,0,0,0,0,0,0,0,0,0
SUNROCKERS SHIBUYA,43,Yuya Nagayoshi,,45,2.2,101.0,16,0.4,3,13,23.1,2,4,50.0,8,10,80.0,1,5,6,4,0,1,8,12,30.8,46.0,12.1,63.0,0.5,0.1,1.2,6.2,3.6,5.9,0.0,1.0,31.5,0.77,-2.63,-2.16,-0.47,1,0,0,8,1,12.5,4,2,50,0,0,0,6,0,0,0,0,0,0,0,0,0,0,0,0,0
SHIGA LAKES,34,Higen Hasegawa,,60,6.6,398.1,105,1.8,48,116,41.4,4,34,11.8,5,12,41.7,25,42,67,14,11,8,20,52,43.1,43.3,16.2,74.3,2.3,0.7,7.4,12.8,10.0,5.8,1.5,2.1,14.2,0.1,-2.64,-2.34,-0.29,15,11,73.3,67,33,49.3,34,4,11.8,0,0,0,19,0,0,0,0,0,0,0,0,0,0,0,0,0
YOKOHAMA B-CORSAIRS,10,Kanta Maeno,,60,2.8,165.6,15,0.2,6,15,40.0,2,2,100.0,1,4,25.0,8,17,25,5,3,1,4,23,46.7,44.7,6.2,72.3,0.3,0.0,6.2,13.0,9.6,4.4,1.0,0.7,19.3,0.27,-2.65,-1.94,-0.71,0,0,0,13,4,30.8,2,2,100,0,0,0,4,0,0,0,0,0,0,0,0,0,0,0,0,0
ALTIRI CHIBA,27,Naoya Kumagae,,47,9.8,458.8,125,2.7,51,132,38.6,22,67,32.8,1,2,50.0,15,29,44,20,7,8,27,45,47.0,47.0,16.1,78.2,3.6,1.9,4.1,7.2,5.7,7.0,0.8,1.8,16.9,0.02,-2.66,-1.93,-0.73,13,9,69.2,52,20,38.5,67,22,32.8,0,0,0,26,0,0,0,0,0,0,0,0,0,0,0,0,0
YOKOHAMA B-CORSAIRS,24,Hiroki Matsuzaki,,60,8.8,527.9,89,1.5,37,102,36.3,10,52,19.2,5,10,50.0,17,23,40,20,10,3,15,66,41.2,41.8,11.3,73.3,2.0,1.2,4.1,5.5,4.8,5.8,1.1,0.6,12.4,0.1,-2.69,-2.08,-0.6,20,15,75,30,12,40,52,10,19.2,0,0,0,14,0,0,0,0,0,0,0,0,0,0,0,0,0
KOSHIGAYA ALPHAS,18,Yuya Kamata,,60,11.6,698.8,77,1.3,27,72,37.5,14,41,34.1,9,14,64.3,18,45,63,30,9,8,21,72,47.2,49.3,7.0,77.7,1.7,0.9,3.2,8.2,5.7,6.7,0.7,1.3,21.2,0.19,-2.69,-3.24,0.55,2,2,100,29,11,37.9,41,14,34.1,0,0,0,17,0,0,0,0,0,0,0,0,0,0,0,0,0
AKITA NORTHERN HAPPINETS,5,Shigehiro Taguchi,,12,17.5,210.6,72,6.0,25,63,39.7,15,47,31.9,7,11,63.6,2,12,14,9,7,1,10,16,51.6,53.1,17.9,92.5,8.2,5.3,1.1,7.6,4.1,7.8,1.8,0.5,12.8,0.17,-2.7,-2.34,-0.36,4,4,100,12,6,50,47,15,31.9,0,0,0,10,0,0,0,0,0,0,0,0,0,0,0,0,0
SUNROCKERS SHIBUYA,21,Jordan Dallas,,7,1.0,7.2,0,0.0,0,2,0.0,0,2,0.0,0,0,0,0,2,2,0,0,0,0,0,0.0,0.0,13.7,0.0,0.0,0.4,0.0,31.6,16.8,0.0,0.0,0.0,0.0,0.0,-2.71,-2.17,-0.54,0,0,0,0,0,0,2,0,0,0,0,0,0,0,0,0,0,0,0,0,0,0,0,0,0,0
FIGHTING EAGLES NAGOYA,17,Soichiro Kanda,,51,3.1,159.4,29,0.6,11,35,31.4,6,27,22.2,1,2,50.0,3,9,12,4,6,3,6,21,40.0,40.4,12.1,69.2,0.8,0.7,2.2,6.8,4.5,3.8,2.0,1.9,14.3,0.06,-2.76,-2.51,-0.25,3,3,100,5,2,40,27,6,22.2,0,0,0,6,0,0,0,0,0,0,0,0,0,0,0,0,0
KOSHIGAYA ALPHAS,8,Joseph Diawara,,55,8.9,489.7,136,2.5,57,116,49.1,7,22,31.8,15,28,53.6,30,49,79,17,15,7,25,106,52.2,53.0,15.5,88.7,3.4,0.5,7.7,12.6,10.2,6.2,1.7,1.6,16.3,0.24,-2.78,-3.43,0.65,13,8,61.5,81,42,51.9,22,7,31.8,0,0,0,15,0,0,0,0,0,0,0,0,0,0,0,0,0
FIGHTING EAGLES NAGOYA,7,Haruki Ito,,50,1.5,75.0,14,0.3,6,18,33.3,1,9,11.1,1,4,25.0,8,6,14,0,4,0,3,7,36.1,35.4,14.0,61.5,0.4,0.2,12.6,9.4,11.0,0.0,2.9,0.0,13.2,0.22,-2.82,-2.44,-0.38,2,2,100,7,3,42.9,9,1,11.1,0,0,0,3,0,0,0,0,0,0,0,0,0,0,0,0,0
ALTIRI CHIBA,8,Tomoya Hasegawa,,46,1.7,79.0,39,0.8,13,37,35.1,12,31,38.7,1,2,50.0,4,4,8,5,1,0,3,12,51.4,51.5,23.9,95.4,1.1,0.9,6.2,5.8,6.0,11.0,0.7,0.0,7.3,0.05,-2.86,-1.9,-0.96,1,0,0,5,1,20,31,12,38.7,0,0,0,3,0,0,0,0,0,0,0,0,0,0,0,0,0
KAWASAKI BRAVE THUNDERS,1,Omar Jamaleddine,,38,14.1,535.4,175,4.6,64,208,30.8,16,78,20.5,31,54,57.4,34,73,107,65,23,6,46,68,34.6,37.8,24.7,63.0,6.2,2.7,7.5,17.4,12.3,20.4,2.3,1.2,16.6,0.26,-2.87,-2.67,-0.2,53,24,45.3,77,24,31.2,78,16,20.5,0,0,0,41,0,0,0,0,0,0,0,0,0,0,0,0,0
YOKOHAMA B-CORSAIRS,11,Nagi Sato,,8,0.7,5.5,2,0.2,1,5,20.0,0,1,0.0,0,0,0,0,1,1,0,1,0,0,1,20.0,20.0,44.3,40.0,0.3,0.2,0.0,22.0,11.2,0.0,10.3,0.0,0.0,0.0,-2.91,-2.1,-0.82,1,0,0,3,1,33.3,1,0,0,0,0,0,0,0,0,0,0,0,0,0,0,0,0,0,0,0
FIGHTING EAGLES NAGOYA,5,Daichi Harima,,12,7.9,94.5,30,2.5,13,32,40.6,4,16,25.0,0,0,0,4,4,8,3,2,0,4,21,46.9,46.9,17.4,83.3,3.3,1.8,4.8,5.3,5.0,5.4,1.1,0.0,11.1,0.0,-2.92,-2.69,-0.23,4,3,75,12,6,50,16,4,25,0,0,0,4,0,0,0,0,0,0,0,0,0,0,0,0,0
KOSHIGAYA ALPHAS,4,Kaito Shike,,42,6.4,269.0,64,1.5,19,58,32.8,13,31,41.9,13,19,68.4,2,13,15,29,10,0,18,63,44.0,48.2,15.5,75.9,2.1,1.0,0.9,6.3,3.5,18.1,2.0,0.0,21.3,0.33,-2.97,-3.52,0.55,8,4,50,19,2,10.5,31,13,41.9,0,0,0,15,0,0,0,0,0,0,0,0,0,0,0,0,0
SHIGA LAKES,15,Yuma Kajiwara,,20,0.0,0.7,0,0.0,0,0,0,0,0,0,0,0,0,0,0,0,0,0,0,1,0,0,0,61.9,0.0,0.0,0.0,0.0,0.0,0.0,0.0,0.0,0.0,100.0,0,-2.97,-2.36,-0.61,0,0,0,0,0,0,0,0,0,0,0,0,1,0,0,0,0,0,0,0,0,0,0,0,0,0
SHIGA LAKES,11,Louieseandrey Sato,,12,0.0,0.2,0,0.0,0,1,0.0,0,1,0.0,0,0,0,0,0,0,0,0,0,0,0,0.0,0.0,208.8,0.0,0.0,0.1,0.0,0.0,0.0,0.0,0.0,0.0,0.0,0.0,-2.99,-2.36,-0.63,0,0,0,0,0,0,1,0,0,0,0,0,0,0,0,0,0,0,0,0,0,0,0,0,0,0
SUNROCKERS SHIBUYA,18,Keitaro Ohba,,42,4.6,195.1,59,1.4,18,64,28.1,7,30,23.3,16,24,66.7,4,7,11,18,2,0,19,46,33.6,39.6,23.3,63.1,2.0,1.0,2.5,4.5,3.5,15.3,0.6,0.0,20.3,0.38,-3.02,-2.56,-0.47,11,9,81.8,23,2,8.7,30,7,23.3,0,0,0,19,0,0,0,0,0,0,0,0,0,0,0,0,0
AKITA NORTHERN HAPPINETS,7,Naohide Hotta,,19,9.6,183.3,83,4.4,28,77,36.4,26,71,36.6,1,2,50.0,0,8,8,11,6,0,4,17,53.2,53.3,21.5,101.4,5.9,5.0,0.0,5.1,2.5,11.8,1.8,0.0,4.9,0.03,-3.03,-2.23,-0.8,0,0,0,6,2,33.3,71,26,36.6,0,0,0,4,0,0,0,0,0,0,0,0,0,0,0,0,0
KAWASAKI BRAVE THUNDERS,33,Takumi Hasegawa,,58,10.3,596.0,75,1.3,24,61,39.3,16,43,37.2,11,11,100.0,12,32,44,25,24,4,19,85,52.5,57.0,6.9,88.4,1.8,1.0,2.4,6.8,4.5,6.3,2.2,0.7,22.4,0.18,-3.03,-2.83,-0.2,4,3,75,14,5,35.7,43,16,37.2,0,0,0,17,0,0,0,0,0,0,0,0,0,0,0,0,0
KYOTO HANNARYZ,24,Faraz Rashid,,38,3.2,123.1,39,1.0,16,26,61.5,2,4,50.0,5,6,83.3,15,11,26,4,1,2,6,20,65.4,68.1,13.6,112.6,1.4,0.1,15.0,11.7,13.4,5.9,0.5,1.9,17.3,0.23,-3.04,-2.62,-0.42,6,5,83.3,16,9,56.2,4,2,50,0,0,0,4,0,0,0,0,0,0,0,0,0,0,0,0,0
TOYAMA GROUSES,25,Daichi Kuzuhara,,46,9.5,438.7,84,1.8,28,66,42.4,8,27,29.6,20,33,60.6,15,25,40,20,14,1,15,102,48.5,52.2,9.8,87.9,2.4,0.8,4.0,6.7,5.4,6.6,1.7,0.3,15.7,0.5,-3.06,-2.74,-0.32,28,19,67.9,11,1,9.1,27,8,29.6,0,0,0,12,0,0,0,0,0,0,0,0,0,0,0,0,0
KOSHIGAYA ALPHAS,10,Kazuya Mitsui,,32,2.5,79.7,16,0.5,6,14,42.9,4,11,36.4,0,0,0,2,4,6,3,3,0,7,7,57.1,57.1,13.1,76.2,0.7,0.5,3.2,6.3,4.7,6.2,2.0,0.0,33.3,0.0,-3.09,-3.21,0.12,1,1,100,2,1,50,11,4,36.4,0,0,0,7,0,0,0,0,0,0,0,0,0,0,0,0,0
AKITA NORTHERN HAPPINETS,2,Tsubasa Kurihara,,48,14.6,698.8,276,5.8,101,222,45.5,20,72,27.8,54,71,76.1,18,45,63,123,12,4,85,93,50.0,54.5,23.2,81.6,7.8,2.0,3.0,8.1,5.5,33.6,0.9,0.6,25.1,0.32,-3.09,-2.97,-0.12,83,51,61.4,67,30,44.8,72,20,27.8,0,0,0,79,0,0,0,0,0,0,0,0,0,0,0,0,0
ALTIRI CHIBA,42,Leon Watanabe,,56,9.0,501.8,146,2.6,51,153,33.3,18,75,24.0,26,39,66.7,26,44,70,8,9,4,18,65,39.2,42.9,17.4,77.6,3.5,1.8,6.4,10.2,8.3,2.5,1.0,0.8,9.6,0.25,-3.09,-2.2,-0.89,11,7,63.6,67,26,38.8,75,18,24,0,0,0,16,0,0,0,0,0,0,0,0,0,0,0,0,0
SHIGA LAKES,13,Leo Sakai,,19,1.1,20.9,2,0.1,1,7,14.3,0,1,0.0,0,0,0,0,1,1,0,0,0,0,2,14.3,14.3,15.4,28.6,0.1,0.1,0.0,6.0,2.9,0.0,0.0,0.0,0.0,0.0,-3.18,-2.5,-0.68,1,0,0,5,1,20,1,0,0,0,0,0,0,0,0,0,0,0,0,0,0,0,0,0,0,0
AKITA NORTHERN HAPPINETS,24,Kanji Takahira,,60,16.0,957.8,235,3.9,86,218,39.4,45,138,32.6,18,24,75.0,15,62,77,57,28,7,21,112,49.8,51.4,12.5,94.2,5.3,3.1,1.8,8.2,4.9,10.3,1.6,0.8,8.4,0.11,-3.21,-3.02,-0.18,35,26,74.3,45,15,33.3,138,45,32.6,0,0,0,19,0,0,0,0,0,0,0,0,0,0,0,0,0
AKITA NORTHERN HAPPINETS,14,Teru Sugawara,,59,13.5,797.8,204,3.5,75,223,33.6,29,99,29.3,25,30,83.3,13,53,66,144,22,2,49,94,40.1,43.2,17.1,71.5,4.7,2.3,1.9,8.5,5.1,31.4,1.5,0.3,17.2,0.13,-3.23,-3.12,-0.11,36,21,58.3,88,25,28.4,99,29,29.3,0,0,0,48,0,0,0,0,0,0,0,0,0,0,0,0,0
TOYAMA GROUSES,9,Takeshi Mito,,48,6.1,294.9,50,1.0,14,47,29.8,7,31,22.6,15,19,78.9,8,10,18,12,1,0,7,37,37.2,45.2,9.5,80.2,1.3,0.8,3.1,3.9,3.5,6.0,0.2,0.0,11.2,0.4,-3.28,-2.35,-0.93,1,1,100,15,6,40,31,7,22.6,0,0,0,6,0,0,0,0,0,0,0,0,0,0,0,0,0
IBARAKI ROBOTS,92,Keisuke Murakoshi,,37,1.3,49.9,3,0.1,1,14,7.1,0,10,0.0,1,2,50.0,2,6,8,4,2,1,5,3,7.1,10.1,19.4,15.1,0.1,0.4,5.1,13.9,9.7,11.9,2.2,2.3,25.2,0.14,-3.29,-3.03,-0.26,1,0,0,3,1,33.3,10,0,0,0,0,0,3,0,0,0,0,0,0,0,0,0,0,0,0,0
KYOTO HANNARYZ,0,Ryumo Ono,,48,2.4,116.9,17,0.4,5,20,25.0,4,16,25.0,3,6,50.0,5,6,11,10,3,0,3,8,35.0,37.5,10.5,66.3,0.5,0.5,5.1,6.7,5.9,13.5,1.4,0.0,11.7,0.3,-3.33,-2.83,-0.49,0,0,0,4,1,25,16,4,25,0,0,0,3,0,0,0,0,0,0,0,0,0,0,0,0,0
TOYAMA GROUSES,13,Matthew Aquino,,60,8.7,524.9,110,1.8,37,123,30.1,30,103,29.1,6,10,60.0,20,44,64,11,12,6,26,94,42.3,43.2,13.0,71.7,2.4,2.2,4.4,9.7,7.1,3.1,1.2,1.3,16.9,0.08,-3.35,-2.62,-0.73,2,2,100,18,5,27.8,103,30,29.1,0,0,0,14,0,0,0,0,0,0,0,0,0,0,0,0,0
KOSHIGAYA ALPHAS,23,Kanta Inada,,10,0.7,6.7,2,0.2,1,4,25.0,0,1,0.0,0,0,0,0,1,1,1,0,0,1,0,25.0,25.0,36.9,40.0,0.3,0.1,0.0,17.4,9.2,27.3,0.0,0.0,20.0,0.0,-3.39,-3.34,-0.05,1,0,0,2,1,50,1,0,0,0,0,0,1,0,0,0,0,0,0,0,0,0,0,0,0,0
KAWASAKI BRAVE THUNDERS,2,Roy Hideki Igwe,,47,3.5,166.5,73,1.6,33,64,51.6,1,3,33.3,6,10,60.0,12,13,25,3,8,10,15,36,52.3,53.4,24.2,87.5,2.1,0.1,8.4,9.9,9.1,3.6,2.6,6.5,18.0,0.16,-3.44,-2.75,-0.69,15,11,73.3,46,21,45.7,3,1,33.3,0,0,0,14,0,0,0,0,0,0,0,0,0,0,0,0,0
KAWASAKI BRAVE THUNDERS,10,Kengo Nomoto,,51,5.3,267.8,68,1.3,26,63,41.3,4,18,22.2,12,17,70.6,10,29,39,23,9,2,18,45,44.4,48.2,16.1,76.9,1.8,0.5,4.5,13.9,9.0,14.5,1.9,0.8,20.3,0.27,-3.48,-2.84,-0.63,12,7,58.3,33,15,45.5,18,4,22.2,0,0,0,16,0,0,0,0,0,0,0,0,0,0,0,0,0
AKITA NORTHERN HAPPINETS,18,Yori Iwaya,,21,9.5,199.5,97,4.6,34,86,39.5,16,45,35.6,13,18,72.2,4,26,30,18,9,1,18,24,48.8,51.6,26.8,86.7,6.2,2.9,2.3,15.9,8.9,18.3,2.4,0.5,16.1,0.21,-3.57,-3.05,-0.52,10,4,40,31,14,45.2,45,16,35.6,0,0,0,18,0,0,0,0,0,0,0,0,0,0,0,0,0
TOYAMA GROUSES,14,Towa Izumi,,21,15.0,314.6,67,3.2,24,92,26.1,9,52,17.3,10,18,55.6,3,26,29,30,9,2,23,35,31.0,33.5,17.6,54.5,4.1,3.2,1.1,9.7,5.4,13.8,1.5,0.8,18.7,0.2,-3.59,-3.09,-0.5,16,9,56.2,24,6,25,52,9,17.3,0,0,0,22,0,0,0,0,0,0,0,0,0,0,0,0,0
KYOTO HANNARYZ,9,Jamie Malonzo,,5,6.0,30.2,6,1.2,2,7,28.6,0,2,0.0,2,4,50.0,1,4,5,2,2,0,2,7,28.6,34.2,16.3,55.8,1.6,0.5,3.9,15.9,9.8,10.3,3.5,0.0,18.6,0.57,-3.75,-3.72,-0.03,0,0,0,5,2,40,2,0,0,0,0,0,2,0,0,0,0,0,0,0,0,0,0,0,0,0
KAWASAKI BRAVE THUNDERS,3,Kanta Mizuno,,36,12.9,463.0,72,2.0,30,91,33.0,6,29,20.7,6,15,40.0,7,28,35,63,19,3,47,80,36.3,36.9,15.1,49.8,2.7,1.1,1.8,7.6,4.6,21.5,2.2,0.7,32.5,0.16,-3.8,-3.8,0.0,30,17,56.7,32,7,21.9,29,6,20.7,0,0,0,44,0,0,0,0,0,0,0,0,0,0,0,0,0
TOYAMA GROUSES,21,Hayato Kamata,,26,2.3,59.9,6,0.2,2,16,12.5,2,10,20.0,0,0,0,7,2,9,1,0,0,1,23,18.8,18.8,12.5,35.3,0.3,0.5,13.5,3.8,8.6,2.4,0.0,0.0,5.9,0.0,-3.85,-2.74,-1.1,0,0,0,6,0,0,10,2,20,0,0,0,1,0,0,0,0,0,0,0,0,0,0,0,0,0
KOSHIGAYA ALPHAS,13,Haruki Hori,,11,3.2,35.2,5,0.5,2,8,25.0,0,3,0.0,1,3,33.3,1,4,5,1,0,0,3,8,25.0,26.8,17.4,40.6,0.6,0.4,3.6,14.7,9.1,4.5,0.0,0.0,24.4,0.38,-4.05,-3.96,-0.09,1,0,0,4,2,50,3,0,0,0,0,0,3,0,0,0,0,0,0,0,0,0,0,0,0,0
SHIGA LAKES,18,Keitaro Ohba,,3,2.3,6.9,1,0.3,0,1,0.0,0,0,0,1,2,50.0,0,1,1,1,1,0,4,1,0.0,26.6,39.3,17.0,0.4,0.0,0.0,17.6,8.9,18.9,7.8,0.0,68.0,2.0,-4.06,-3.59,-0.47,0,0,0,1,0,0,0,0,0,0,0,0,3,0,0,0,0,0,0,0,0,0,0,0,0,0
B.BLACK,10,Hirotaka Yoshii,,1,0.1,0.1,0,0.0,0,0,0,0,0,0,0,0,0,0,0,0,0,0,0,0,1,0,0,0.0,0,0.0,0.0,0.0,0.0,0.0,0.0,0.0,0.0,0,0,-4.14,2.05,-6.19,0,0,0,0,0,0,0,0,0,0,0,0,0,0,0,0,0,0,0,0,0,0,0,0,0,0
B.BLACK,42,Isaac Fotu,,1,12.9,12.9,2,2.0,1,3,33.3,0,2,0.0,0,0,0,0,3,3,0,0,0,0,0,33.3,33.3,8.8,66.7,2.1,2.1,0.0,20.6,10.1,0.0,0.0,0.0,0.0,0.0,-4.19,2.08,-6.27,0,0,0,1,1,100,2,0,0,0,0,0,0,0,0,0,0,0,0,0,0,0,0,0,0,0
FIGHTING EAGLES NAGOYA,15,Mylo Murphy,,9,3.6,32.5,7,0.8,3,12,25.0,0,1,0.0,1,2,50.0,2,0,2,1,0,0,6,9,25.0,27.2,26.1,37.1,1.0,0.1,6.4,0.0,3.4,4.8,0.0,0.0,31.8,0.17,-4.42,-3.63,-0.79,2,1,50,9,2,22.2,1,0,0,0,0,0,4,0,0,0,0,0,0,0,0,0,0,0,0,0
AKITA NORTHERN HAPPINETS,12,Taiyo Motoda,,60,19.6,1177.7,257,4.3,88,304,28.9,53,187,28.3,28,40,70.0,36,46,82,64,26,4,42,130,37.7,40.0,14.8,70.7,5.8,4.2,3.6,5.0,4.2,9.2,1.2,0.4,11.6,0.13,-4.62,-3.75,-0.87,23,11,47.8,94,24,25.5,187,53,28.3,0,0,0,40,0,0,0,0,0,0,0,0,0,0,0,0,0
B.LEAGUE U18 HELIOS,13,Kanta Mikami,,1,3.7,3.7,2,2.0,0,2,0.0,0,1,0.0,2,2,100.0,0,0,0,0,1,0,0,0,0.0,34.7,34.5,69.4,2.6,1.3,0.0,0.0,0.0,0.0,14.2,0.0,0.0,1.0,-4.72,-5.26,0.54,0,0,0,1,0,0,1,0,0,0,0,0,0,0,0,0,0,0,0,0,0,0,0,0,0,0
AKITA NORTHERN HAPPINETS,77,Alistair Tokio Tsuchiya,,60,13.4,802.2,155,2.6,75,152,49.3,0,0,0,5,8,62.5,38,44,82,31,12,11,36,104,49.3,49.8,11.4,80.9,3.5,0.0,5.5,7.0,6.2,6.7,0.8,1.5,18.8,0.05,-4.95,-4.15,-0.8,32,21,65.6,120,54,45,0,0,0,0,0,0,25,0,0,0,0,0,0,0,0,0,0,0,0,0
AKITA NORTHERN HAPPINETS,11,Haruki Naito,,9,7.4,66.8,21,2.3,7,26,26.9,1,11,9.1,6,9,66.7,0,1,1,11,1,0,5,3,28.8,35.0,24.1,60.1,3.0,1.6,0.0,2.1,0.9,27.3,0.8,0.0,14.3,0.35,-5.21,-3.94,-1.28,5,4,80,10,2,20,11,1,9.1,0,0,0,5,0,0,0,0,0,0,0,0,0,0,0,0,0
FIGHTING EAGLES NAGOYA,9,Riku Utsunomiya,,2,5.6,11.1,0,0.0,0,0,0,0,0,0,0,0,0,0,1,1,1,0,0,4,4,0,0,16.5,0.0,0.0,0.0,0.0,10.0,5.4,13.1,0.0,0.0,100.0,0,-5.73,-5.2,-0.52,0,0,0,0,0,0,0,0,0,0,0,0,4,0,0,0,0,0,0,0,0,0,0,0,0,0
AKITA NORTHERN HAPPINETS,36,AlexanderGaku Aihara,,18,2.9,52.8,15,0.8,6,21,28.6,2,12,16.7,1,3,33.3,1,6,7,2,2,0,10,9,33.3,33.6,29.7,46.4,1.1,0.9,2.2,14.8,8.2,7.1,2.1,0.0,30.9,0.14,-6.24,-4.78,-1.46,2,2,100,7,2,28.6,12,2,16.7,0,0,0,9,0,0,0,0,0,0,0,0,0,0,0,0,0
B.LEAGUE U18 HELIOS,14,Adam Elmasri,,1,3.7,3.7,0,0.0,0,0,0,0,0,0,0,0,0,0,1,1,0,0,0,0,1,0,0,0.0,0,0.0,0.0,0.0,27.8,13.1,0.0,0.0,0.0,0,0,-6.63,-6.46,-0.17,0,0,0,0,0,0,0,0,0,0,0,0,0,0,0,0,0,0,0,0,0,0,0,0,0,0
B.LEAGUE U18 HELIOS,7,Shusei Takahashi,,1,18.3,18.3,4,4.0,2,11,18.2,0,7,0.0,0,0,0,2,1,3,2,1,0,1,2,18.2,18.2,29.1,33.3,5.2,9.2,9.9,5.6,7.9,21.2,2.9,0.0,8.3,0.0,-7.51,-6.79,-0.73,2,2,100,2,0,0,7,0,0,0,0,0,1,0,0,0,0,0,0,0,0,0,0,0,0,0
B.LEAGUE U18 HELIOS,8,Rowa Tanno,,1,11.9,11.9,2,2.0,1,6,16.7,0,2,0.0,0,0,0,1,0,1,0,0,0,2,3,16.7,16.7,29.7,25.0,2.6,2.6,7.6,0.0,4.0,0.0,0.0,0.0,25.0,0.0,-12.09,-9.91,-2.18,1,1,100,3,0,0,2,0,0,0,0,0,2,0,0,0,0,0,0,0,0,0,0,0,0,0
